request_id,ejecucion_id,escenario,estado_circuito_fin,estado_circuito_inicio,event_type,fuente_respuesta,hit_miss,latencia_proveedor_ms,latencia_total_ms,level,logger,proveedor_invocado,resultado,tiempo_conmutacion_ms,timestamp_deteccion,timestamp_fin,timestamp_inicio,timestamp_respuesta_cache,tipo_error,ts_wall
ced79765-23d7-4c30-807c-9e6c6eb9cec2,run1_rep3,E,CLOSED,CLOSED,request,PROVIDER,N/A,,112.62029200042889,INFO,adaptador.request,true,exitoso,,,9816.171036979,9816.058416687,,,2026-09-05T00:11:59.371102Z
9186961e-ff28-4220-b12f-9f39f6c1ba34,run1_rep3,E,CLOSED,CLOSED,request,PROVIDER,N/A,,173.33766699994158,INFO,adaptador.request,true,exitoso,,,9816.232642604,9816.059304937,,,2026-09-05T00:11:59.432732Z
5403005d-0352-48db-ad3a-8eff38181430,run1_rep3,E,CLOSED,CLOSED,request,PROVIDER,N/A,,86.21024999956717,INFO,adaptador.request,true,exitoso,,,9816.563126396,9816.476916146,,,2026-09-05T00:11:59.763160Z
73ba68f0-0773-4411-aef2-856eb9c2927c,run1_rep3,E,CLOSED,CLOSED,request,PROVIDER,N/A,,66.45662500159233,INFO,adaptador.request,true,exitoso,,,9816.751026604,9816.684569979,,,2026-09-05T00:11:59.951077Z
6d60486f-d703-4702-b5a4-011e62069844,run1_rep3,E,CLOSED,CLOSED,request,PROVIDER,N/A,,92.37616700011131,INFO,adaptador.request,true,exitoso,,,9816.870760521,9816.778384354,,,2026-09-05T00:12:00.070796Z
da2d53b8-ec63-45a6-a6d7-6136e52c9cc2,run1_rep3,E,CLOSED,CLOSED,request,PROVIDER,N/A,,100.81541700128582,INFO,adaptador.request,true,exitoso,,,9817.097342396,9816.996526979,,,2026-09-05T00:12:00.297414Z
32f5109d-f79a-4c7f-99d5-db0a98a4ede4,run1_rep3,E,CLOSED,CLOSED,request,PROVIDER,N/A,,104.00662499887403,INFO,adaptador.request,true,exitoso,,,9817.320594563,9817.216587938,,,2026-09-05T00:12:00.520666Z
981363c5-bdd6-4a7c-88db-50efe29034af,run1_rep3,E,CLOSED,CLOSED,request,PROVIDER,N/A,,79.27870799903758,INFO,adaptador.request,true,exitoso,,,9817.427815979,9817.348537271,,,2026-09-05T00:12:00.627893Z
83422eb1-6636-4ba1-96ca-9ffbb325dd7a,run1_rep3,E,CLOSED,CLOSED,request,PROVIDER,N/A,,74.95162499981234,INFO,adaptador.request,true,exitoso,,,9817.773413813,9817.698462188,,,2026-09-05T00:12:00.973455Z
a3123711-0c5d-4082-ba32-f97c2f506ca6,run1_rep3,E,CLOSED,CLOSED,request,PROVIDER,N/A,,100.87770900099713,INFO,adaptador.request,true,exitoso,,,9817.84026348,9817.739385771,,,2026-09-05T00:12:01.040339Z
c427dab8-2afc-4278-8aa1-9d7783af15a1,run1_rep3,E,CLOSED,CLOSED,request,PROVIDER,N/A,,88.82891700159234,INFO,adaptador.request,true,exitoso,,,9818.15894898,9818.070120063,,,2026-09-05T00:12:01.359027Z
5b98f5fa-2197-4d4a-a328-4668503bbe0a,run1_rep3,E,CLOSED,CLOSED,request,PROVIDER,N/A,,77.58654099961859,INFO,adaptador.request,true,exitoso,,,9818.248482021,9818.17089548,,,2026-09-05T00:12:01.448556Z
f787f07f-7a51-4610-b2e6-3f59611bdde3,run1_rep3,E,CLOSED,CLOSED,request,PROVIDER,N/A,,79.24841699968965,INFO,adaptador.request,true,exitoso,,,9818.456632522,9818.377384105,,,2026-09-05T00:12:01.656674Z
7e5edcee-79d5-45a3-bfdd-ebd3e0ac1179,run1_rep3,E,CLOSED,CLOSED,request,PROVIDER,N/A,,102.95383299853711,INFO,adaptador.request,true,exitoso,,,9818.653478563,9818.55052473,,,2026-09-05T00:12:01.853532Z
ae3df3b2-e4cf-4768-bd7e-cb4d66265a75,run1_rep3,E,CLOSED,CLOSED,request,PROVIDER,N/A,,77.17766700079665,INFO,adaptador.request,true,exitoso,,,9819.021949772,9818.944772105,,,2026-09-05T00:12:02.222016Z
482f318b-2692-4c74-b172-2fb036d6b4d8,run1_rep3,E,CLOSED,CLOSED,request,PROVIDER,N/A,,74.588457999198,INFO,adaptador.request,true,exitoso,,,9819.20424548,9819.129657022,,,2026-09-05T00:12:02.404274Z
6fe8cbdf-950c-4496-8b26-4a09f4774597,run1_rep3,E,CLOSED,CLOSED,request,PROVIDER,N/A,,106.72308299945144,INFO,adaptador.request,true,exitoso,,,9819.50599448,9819.399271397,,,2026-09-05T00:12:02.706060Z
ca0d457f-4f3c-4e02-bc48-d79296e79537,run1_rep3,E,CLOSED,CLOSED,request,PROVIDER,N/A,,70.81758300046204,INFO,adaptador.request,true,exitoso,,,9819.633508272,9819.562690689,,,2026-09-05T00:12:02.833550Z
666b0abb-fb00-4a39-8b8c-bc2eea457f83,run1_rep3,E,CLOSED,CLOSED,request,PROVIDER,N/A,,90.09945899924787,INFO,adaptador.request,true,exitoso,,,9819.934095981,9819.843996522,,,2026-09-05T00:12:03.134113Z
dce9bf27-1681-4f4c-8d37-164b5a540be1,run1_rep3,E,CLOSED,CLOSED,request,PROVIDER,N/A,,58.275917001083144,INFO,adaptador.request,true,exitoso,,,9820.067593731,9820.009317814,,,2026-09-05T00:12:03.267600Z
1ae72585-24ee-44d7-9893-017869a92203,run1_rep3,E,CLOSED,CLOSED,request,PROVIDER,N/A,,97.28350000114006,INFO,adaptador.request,true,exitoso,,,9820.312514564,9820.215231064,,,2026-09-05T00:12:03.512608Z
4c2c222d-e07f-4815-af92-fa6a81bad0a7,run1_rep3,E,CLOSED,CLOSED,request,PROVIDER,N/A,,131.13375000102678,INFO,adaptador.request,true,exitoso,,,9820.410118939,9820.278985189,,,2026-09-05T00:12:03.610150Z
7b71b0b5-3ec2-4444-b25c-37162a2b7fce,run1_rep3,E,CLOSED,CLOSED,request,PROVIDER,N/A,,108.7255410002399,INFO,adaptador.request,true,exitoso,,,9820.678831189,9820.570105648,,,2026-09-05T00:12:03.878854Z
ffd07c63-5f49-4ecb-b9c4-7e016350c56a,run1_rep3,E,CLOSED,CLOSED,request,PROVIDER,N/A,,76.59666699873924,INFO,adaptador.request,true,exitoso,,,9820.998874148,9820.922277481,,,2026-09-05T00:12:04.198921Z
802b5538-dbd8-449b-8dd4-ca9b0bfbc1e5,run1_rep3,E,CLOSED,CLOSED,request,PROVIDER,N/A,,74.47391700043227,INFO,adaptador.request,true,exitoso,,,9821.255330315,9821.180856398,,,2026-09-05T00:12:04.455363Z
86f32f91-7913-4c21-b3ba-1a744cd32adb,run1_rep3,E,CLOSED,CLOSED,request,PROVIDER,N/A,,107.50654199910059,INFO,adaptador.request,true,exitoso,,,9821.361169065,9821.253662523,,,2026-09-05T00:12:04.561261Z
f065f710-6ef3-49de-967e-c3243e5376e2,run1_rep3,E,CLOSED,CLOSED,request,PROVIDER,N/A,,83.01408300030744,INFO,adaptador.request,true,exitoso,,,9821.810955023,9821.72794094,,,2026-09-05T00:12:05.011102Z
3daafed7-e428-46cd-a5bb-678a4e1bf304,run1_rep3,E,CLOSED,CLOSED,request,PROVIDER,N/A,,105.9791249990667,INFO,adaptador.request,true,exitoso,,,9821.93062894,9821.824649815,,,2026-09-05T00:12:05.130663Z
a587c979-a2fd-42fa-9595-08c3f7e3feb3,run1_rep3,E,CLOSED,CLOSED,request,PROVIDER,N/A,,67.07033400016371,INFO,adaptador.request,true,exitoso,,,9822.253713982,9822.186643648,,,2026-09-05T00:12:05.453756Z
44953acf-670e-4bf4-83df-5db866c7fb62,run1_rep3,E,CLOSED,CLOSED,request,PROVIDER,N/A,,74.18379199953051,INFO,adaptador.request,true,exitoso,,,9822.315996357,9822.241812565,,,2026-09-05T00:12:05.516107Z
881257fc-8662-4b6f-91d6-86e13852ad77,run1_rep3,E,CLOSED,CLOSED,request,PROVIDER,N/A,,71.60437499987893,INFO,adaptador.request,true,exitoso,,,9822.752121565,9822.68051719,,,2026-09-05T00:12:05.952177Z
ab4c452e-d0eb-4844-ba5e-e33080ff7395,run1_rep3,E,CLOSED,CLOSED,request,PROVIDER,N/A,,90.9555830003228,INFO,adaptador.request,true,exitoso,,,9822.81177944,9822.720823857,,,2026-09-05T00:12:06.011820Z
a494fecc-34a8-4658-bc07-d1964bff9ee7,run1_rep3,E,CLOSED,CLOSED,request,PROVIDER,N/A,,96.26695800034213,INFO,adaptador.request,true,exitoso,,,9823.296551232,9823.200284274,,,2026-09-05T00:12:06.496599Z
8f826974-befd-418a-85d5-0e42ad0d054f,run1_rep3,E,CLOSED,CLOSED,request,PROVIDER,N/A,,171.66308400010166,INFO,adaptador.request,true,exitoso,,,9823.373081066,9823.201417982,,,2026-09-05T00:12:06.573113Z
7d51f181-0ad4-467c-a012-8594d4ed019d,run1_rep3,E,CLOSED,CLOSED,request,PROVIDER,N/A,,79.15500000126485,INFO,adaptador.request,true,exitoso,,,9823.501636941,9823.422481941,,,2026-09-05T00:12:06.701693Z
11095b41-c89f-4a99-bea6-cf31ae820e01,run1_rep3,E,CLOSED,CLOSED,request,PROVIDER,N/A,,102.05000000132713,INFO,adaptador.request,true,exitoso,,,9823.730695607,9823.628645607,,,2026-09-05T00:12:06.930729Z
24acd319-07b4-47f7-849d-d8f0559999a4,run1_rep3,E,CLOSED,CLOSED,request,PROVIDER,N/A,,91.14245800083154,INFO,adaptador.request,true,exitoso,,,9823.828456024,9823.737313566,,,2026-09-05T00:12:07.028513Z
25af622c-0907-4a85-8f34-dc21b1dd0746,run1_rep3,E,CLOSED,CLOSED,request,PROVIDER,N/A,,99.02812499967695,INFO,adaptador.request,true,exitoso,,,9824.207625983,9824.108597858,,,2026-09-05T00:12:07.407682Z
704af941-4159-48af-8c71-4bfc0c14f3ca,run1_rep3,E,CLOSED,CLOSED,request,PROVIDER,N/A,,143.09495900124602,INFO,adaptador.request,true,exitoso,,,9824.291203983,9824.148109024,,,2026-09-05T00:12:07.491229Z
4f9aa4a2-a863-4657-9a04-a033822fd66b,run1_rep3,E,CLOSED,CLOSED,request,PROVIDER,N/A,,91.39520799908496,INFO,adaptador.request,true,exitoso,,,9824.553360524,9824.461965316,,,2026-09-05T00:12:07.753413Z
1d052ad1-2510-478d-8799-1a17eff06e6e,run1_rep3,E,CLOSED,CLOSED,request,PROVIDER,N/A,,99.75770900018688,INFO,adaptador.request,true,exitoso,,,9824.6150774,9824.515319691,,,2026-09-05T00:12:07.815091Z
dd763e9b-fb60-4211-be98-52e88568c994,run1_rep3,E,CLOSED,CLOSED,request,PROVIDER,N/A,,92.90225000040664,INFO,adaptador.request,true,exitoso,,,9824.761210191,9824.668307941,,,2026-09-05T00:12:07.961302Z
ebb946e5-cded-4f26-a38b-5f62b05fd02a,run1_rep3,E,CLOSED,CLOSED,request,PROVIDER,N/A,,72.45516600050905,INFO,adaptador.request,true,exitoso,,,9825.072938566,9825.0004834,,,2026-09-05T00:12:08.273084Z
b53fa18a-ad93-45de-a6b1-f81102f0bfc5,run1_rep3,E,CLOSED,CLOSED,request,PROVIDER,N/A,,95.3805419994751,INFO,adaptador.request,true,exitoso,,,9825.2868989,9825.191518358,,,2026-09-05T00:12:08.486961Z
69f6584a-b853-4681-bbf0-36ea193c2c9e,run1_rep3,E,CLOSED,CLOSED,request,PROVIDER,N/A,,76.27433299967379,INFO,adaptador.request,true,exitoso,,,9825.367812608,9825.291538275,,,2026-09-05T00:12:08.567844Z
1b1b7286-39a5-40e3-9e63-767f60a3e7cb,run1_rep3,E,CLOSED,CLOSED,request,PROVIDER,N/A,,103.18133300097543,INFO,adaptador.request,true,exitoso,,,9825.534445358,9825.431264025,,,2026-09-05T00:12:08.734533Z
34320b93-fa28-4e5d-a260-03efa2a0336f,run1_rep3,E,CLOSED,CLOSED,request,PROVIDER,N/A,,97.66512499845703,INFO,adaptador.request,true,exitoso,,,9825.714820942,9825.617155817,,,2026-09-05T00:12:08.914901Z
1d35a636-6cb8-4ffc-b36d-c28fd92de349,run1_rep3,E,CLOSED,CLOSED,request,PROVIDER,N/A,,92.46999999959371,INFO,adaptador.request,true,exitoso,,,9825.909958275,9825.817488275,,,2026-09-05T00:12:09.110016Z
local-bac30105-b454-4e78-b141-86e27834a027,run1_rep3,E,OPEN,CLOSED,request,CACHE,HIT,37.90508300153306,38.7220000011439,INFO,adaptador.request,true,degradado,0.6200419993547257,9826.098856525,9826.099673442,9826.060951442,9826.099476567,CIRCUIT_OPEN,2026-09-05T00:12:09.299734Z
48fbbdba-b667-4043-9bdb-063188de6b46,run1_rep3,E,OPEN,OPEN,request,CACHE,HIT,0.06074999873817433,1.209709000249859,INFO,adaptador.request,false,degradado,1.0451670004840707,9826.2586564,9826.259805359,9826.25859565,9826.259701567,CIRCUIT_OPEN,2026-09-05T00:12:09.459819Z
3c5c061d-1cae-48d1-8e89-bd014fa64765,run1_rep3,E,OPEN,OPEN,request,CACHE,HIT,0.016457999663543887,1.5063329992699437,INFO,adaptador.request,false,degradado,1.4241669996408746,9826.2591589,9826.260648775,9826.259142442,9826.260583067,CIRCUIT_OPEN,2026-09-05T00:12:09.460916Z
b8ce10f7-ffc3-4726-afec-2fdfefd7a6aa,run1_rep3,E,OPEN,OPEN,request,CACHE,HIT,0.04137500036449637,0.7036250008241041,INFO,adaptador.request,false,degradado,0.5880419994355179,9826.372777442,9826.373439692,9826.372736067,9826.373365484,CIRCUIT_OPEN,2026-09-05T00:12:09.573456Z
83ab15e9-3c08-431b-9e42-3674902a8d1c,run1_rep3,E,OPEN,OPEN,request,CACHE,HIT,0.03216599907318596,0.5396249998739222,INFO,adaptador.request,false,degradado,0.45087500075169373,9826.386760775,9826.387268234,9826.386728609,9826.38721165,CIRCUIT_OPEN,2026-09-05T00:12:09.587270Z
182844ad-5ce6-4336-ac59-bada889e6b21,run1_rep3,E,OPEN,OPEN,request,CACHE,HIT,0.061374999859253876,0.9146249994955724,INFO,adaptador.request,false,degradado,0.7488749997719424,9826.799294484,9826.800147734,9826.799233109,9826.800043359,CIRCUIT_OPEN,2026-09-05T00:12:10.000190Z
6e283647-f8ed-458b-b4d0-e5e93cbe6518,run1_rep3,E,OPEN,OPEN,request,CACHE,HIT,0.048541998694418,0.758916999984649,INFO,adaptador.request,false,degradado,0.6195420010044472,9826.815527484,9826.816237859,9826.815478942,9826.816147026,CIRCUIT_OPEN,2026-09-05T00:12:10.016264Z
c2993c71-68f9-4620-b19f-5aec86fd7c26,run1_rep3,E,OPEN,OPEN,request,CACHE,HIT,0.033709000490489416,0.6125420004536863,INFO,adaptador.request,false,degradado,0.4954999985784525,9827.106237276,9827.106816109,9827.106203567,9827.106732776,CIRCUIT_OPEN,2026-09-05T00:12:10.306851Z
457d9b63-17a6-42a3-befe-c386576f1c9d,run1_rep3,E,OPEN,OPEN,request,CACHE,HIT,0.03133300015178975,0.8832080002321163,INFO,adaptador.request,false,degradado,0.7825829998182599,9827.260956859,9827.261808734,9827.260925526,9827.261739442,CIRCUIT_OPEN,2026-09-05T00:12:10.461839Z
877080d5-db2e-445c-84a0-4b28a657c700,run1_rep3,E,OPEN,OPEN,request,CACHE,HIT,0.019999999494757503,1.070041998900706,INFO,adaptador.request,false,degradado,0.9897500003717141,9827.261398609,9827.262448651,9827.261378609,9827.262388359,CIRCUIT_OPEN,2026-09-05T00:12:10.462469Z
ffcf5e7b-ed6a-4d1d-91bf-cba057f6957e,run1_rep3,E,OPEN,OPEN,request,CACHE,HIT,0.03383299917913973,0.9997910001402488,INFO,adaptador.request,false,degradado,0.8701250008016359,9827.303119109,9827.304085067,9827.303085276,9827.303989234,CIRCUIT_OPEN,2026-09-05T00:12:10.504091Z
d2fef74b-1dc5-4b75-8ca1-dbc700ac126c,run1_rep3,E,OPEN,OPEN,request,CACHE,HIT,0.05966599928797223,1.2979160001123091,INFO,adaptador.request,false,degradado,1.1367500010237563,9827.490566109,9827.491804359,9827.490506443,9827.491702859,CIRCUIT_OPEN,2026-09-05T00:12:10.692123Z
ba69113d-b164-4847-a4cf-6a7710edb0b5,run1_rep3,E,OPEN,OPEN,request,CACHE,HIT,0.023874999897088856,0.9826660007092869,INFO,adaptador.request,false,degradado,0.9130830003414303,9827.491145818,9827.492104609,9827.491121943,9827.492058901,CIRCUIT_OPEN,2026-09-05T00:12:10.692424Z
11686a0f-0ff9-48dd-bb61-b75165df187a,run1_rep3,E,OPEN,OPEN,request,CACHE,HIT,0.03216699951735791,0.64570900030958,INFO,adaptador.request,false,degradado,0.5352500011213124,9827.497565151,9827.498178693,9827.497532984,9827.498100401,CIRCUIT_OPEN,2026-09-05T00:12:10.698209Z
db55f742-7b1b-41e5-8922-0cda5ce60e19,run1_rep3,E,OPEN,OPEN,request,CACHE,HIT,0.054332998843165115,0.8528329999535345,INFO,adaptador.request,false,degradado,0.7074170007399516,9827.552941151,9827.553739651,9827.552886818,9827.553648568,CIRCUIT_OPEN,2026-09-05T00:12:10.753771Z
f81ee27f-3217-47ca-95df-2fc8132402a3,run1_rep3,E,OPEN,OPEN,request,CACHE,HIT,0.0502500006405171,0.8168330004991731,INFO,adaptador.request,false,degradado,0.6652920001215534,9827.725888526,9827.726655109,9827.725838276,9827.726553818,CIRCUIT_OPEN,2026-09-05T00:12:10.926691Z
7eba6484-ae05-41b3-ab86-b399fdb60761,run1_rep3,E,OPEN,OPEN,request,CACHE,HIT,0.04041700049128849,0.7252499999594875,INFO,adaptador.request,false,degradado,0.5931249997956911,9827.761393526,9827.762078359,9827.761353109,9827.761986651,CIRCUIT_OPEN,2026-09-05T00:12:10.962099Z
e41ac77e-eaf2-4431-938f-36fdc33b782e,run1_rep3,E,OPEN,OPEN,request,CACHE,HIT,0.04916699981549755,0.9912500008795178,INFO,adaptador.request,false,degradado,0.8536250006727641,9827.849869818,9827.850811901,9827.849820651,9827.850723443,CIRCUIT_OPEN,2026-09-05T00:12:11.050844Z
6ef4bb51-79d3-49e7-b3c6-f708b411a50c,run1_rep3,E,OPEN,OPEN,request,CACHE,HIT,0.024333001420018263,1.0492080000403803,INFO,adaptador.request,false,degradado,0.9417499986739131,9827.850640484,9827.851665359,9827.850616151,9827.851582234,CIRCUIT_OPEN,2026-09-05T00:12:11.052114Z
e6565fac-ceaf-4087-9e08-0ae19dd013c7,run1_rep3,E,OPEN,OPEN,request,CACHE,HIT,0.03925000055460259,0.6134590003057383,INFO,adaptador.request,false,degradado,0.5014999987906776,9827.944290609,9827.944864818,9827.944251359,9827.944792109,CIRCUIT_OPEN,2026-09-05T00:12:11.144879Z
99f55227-fe34-4fd9-b505-1faaa80999db,run1_rep3,E,OPEN,OPEN,request,CACHE,HIT,0.036749999708263204,0.6061250005586771,INFO,adaptador.request,false,degradado,0.4819170007976936,9828.060517651,9828.061087026,9828.060480901,9828.060999568,CIRCUIT_OPEN,2026-09-05T00:12:11.261117Z
496e3fc8-53f0-4703-9a57-fbcdc1baeb27,run1_rep3,E,OPEN,OPEN,request,CACHE,HIT,0.03216699951735791,0.578582999878563,INFO,adaptador.request,false,degradado,0.4699580003943993,9828.144560235,9828.145106651,9828.144528068,9828.145030193,CIRCUIT_OPEN,2026-09-05T00:12:11.345144Z
3b78011e-e2e7-4c55-840f-be064084911a,run1_rep3,E,OPEN,OPEN,request,CACHE,HIT,0.033499998608022,0.5809999984194292,INFO,adaptador.request,false,degradado,0.4672499999287538,9828.161226068,9828.161773568,9828.161192568,9828.161693318,CIRCUIT_OPEN,2026-09-05T00:12:11.361799Z
a22164c0-1d13-4a59-adc4-ce1e5219fd1b,run1_rep3,E,OPEN,OPEN,request,CACHE,HIT,0.03045899939024821,1.0095419984281762,INFO,adaptador.request,false,degradado,0.8884580001904396,9828.26364361,9828.264622693,9828.263613151,9828.264532068,CIRCUIT_OPEN,2026-09-05T00:12:11.464911Z
81aea2b7-1f70-48bd-bbbc-fd7d54439edb,run1_rep3,E,OPEN,OPEN,request,CACHE,HIT,0.024041999495238997,0.8268329984275624,INFO,adaptador.request,false,degradado,0.7564999996247934,9828.26408986,9828.264892651,9828.264065818,9828.26484636,CIRCUIT_OPEN,2026-09-05T00:12:11.465207Z
a4a74d39-5c19-46d8-9e92-aa8c026bd323,run1_rep3,E,OPEN,OPEN,request,CACHE,HIT,0.03483299951767549,0.6080410003050929,INFO,adaptador.request,false,degradado,0.49500000022817403,9828.364386443,9828.364959651,9828.36435161,9828.364881443,CIRCUIT_OPEN,2026-09-05T00:12:11.565018Z
cb49727f-4bfa-4836-a4a4-6cbf42dbbe09,run1_rep3,E,OPEN,OPEN,request,CACHE,HIT,0.04762500066135544,0.7606660001329146,INFO,adaptador.request,false,degradado,0.6162909994600341,9828.465708985,9828.466422026,9828.46566136,9828.466325276,CIRCUIT_OPEN,2026-09-05T00:12:11.666465Z
a8c1611a-ef6f-41ac-897f-d504ad32aec5,run1_rep3,E,OPEN,OPEN,request,CACHE,HIT,0.03325000034237746,0.5579580010817153,INFO,adaptador.request,false,degradado,0.45775000035064295,9828.476658943,9828.477183651,9828.476625693,9828.477116693,CIRCUIT_OPEN,2026-09-05T00:12:11.677200Z
b4309f5c-5a94-402b-836e-caeaf11d15d2,run1_rep3,E,OPEN,OPEN,request,CACHE,HIT,0.03491600000415929,0.9974160002457211,INFO,adaptador.request,false,degradado,0.8848750003380701,9828.610435151,9828.611397651,9828.610400235,9828.611320026,CIRCUIT_OPEN,2026-09-05T00:12:11.811434Z
c2a92e8c-60e1-4512-b7ef-68539e5867ee,run1_rep3,E,OPEN,OPEN,request,CACHE,HIT,0.02391700036241673,0.8472500012430828,INFO,adaptador.request,false,degradado,0.74858300104097,9828.611197818,9828.612021151,9828.611173901,9828.611946401,CIRCUIT_OPEN,2026-09-05T00:12:11.812206Z
e43b1518-07d1-48ab-8411-57458ca1f316,run1_rep3,E,OPEN,OPEN,request,CACHE,HIT,0.034083001082763076,0.5057079997641267,INFO,adaptador.request,false,degradado,0.40099999932863284,9828.663512151,9828.663983776,9828.663478068,9828.663913151,CIRCUIT_OPEN,2026-09-05T00:12:11.864006Z
dbb38248-9000-4c67-b41c-2419618d2238,run1_rep3,E,OPEN,OPEN,request,CACHE,HIT,0.03000000106112566,0.5205830002523726,INFO,adaptador.request,false,degradado,0.4203749995213002,9828.722924735,9828.723415318,9828.722894735,9828.72334511,CIRCUIT_OPEN,2026-09-05T00:12:11.923437Z
d538d8eb-68d0-4325-991c-6c7de5b198ee,run1_rep3,E,OPEN,OPEN,request,CACHE,HIT,0.03320799987704959,0.5652079998981208,INFO,adaptador.request,false,degradado,0.45766699986415915,9828.781345443,9828.781877443,9828.781312235,9828.78180311,CIRCUIT_OPEN,2026-09-05T00:12:11.981893Z
53b6e630-3546-415d-8e6d-e2f3adf0e5be,run1_rep3,E,OPEN,OPEN,request,CACHE,HIT,0.025249999453080818,0.465832999907434,INFO,adaptador.request,false,degradado,0.381583000489627,9828.805538235,9828.805978818,9828.805512985,9828.805919818,CIRCUIT_OPEN,2026-09-05T00:12:12.006012Z
539c390b-697e-4478-aedd-682e904ad15b,run1_rep3,E,OPEN,OPEN,request,CACHE,HIT,0.04074999924341682,0.6081249994167592,INFO,adaptador.request,false,degradado,0.48741700084065087,9828.980123235,9828.98069061,9828.980082485,9828.980610652,CIRCUIT_OPEN,2026-09-05T00:12:12.180723Z
1af75578-5bcf-49f5-b698-53beeddbf3d8,run1_rep3,E,OPEN,OPEN,request,CACHE,HIT,0.029708000511163846,0.533667000127025,INFO,adaptador.request,false,degradado,0.43037499926867895,9829.022325693,9829.022829652,9829.022295985,9829.022756068,CIRCUIT_OPEN,2026-09-05T00:12:12.222848Z
5076e597-6fce-4a36-9876-2c6d1e722994,run1_rep3,E,OPEN,OPEN,request,CACHE,HIT,0.03312499939056579,0.602374999289168,INFO,adaptador.request,false,degradado,0.49687499995343387,9829.041588193,9829.042157443,9829.041555068,9829.042085068,CIRCUIT_OPEN,2026-09-05T00:12:12.242187Z
6de0f15f-a9ab-4ca4-b999-ed985f3f97e4,run1_rep3,E,OPEN,OPEN,request,CACHE,HIT,0.02991700057464186,0.49566699999559205,INFO,adaptador.request,false,degradado,0.40462499964633025,9829.087280027,9829.087745777,9829.08725011,9829.087684652,CIRCUIT_OPEN,2026-09-05T00:12:12.287769Z
f5bfdb28-5579-41c8-99f2-34aa5af1a5fe,run1_rep3,E,OPEN,OPEN,request,CACHE,HIT,0.02779100032057613,0.4587500006891787,INFO,adaptador.request,false,degradado,0.3805840005952632,9829.092431318,9829.092862277,9829.092403527,9829.092811902,CIRCUIT_OPEN,2026-09-05T00:12:12.292860Z
9ade1d24-acb8-4805-a0fa-94c779d2b636,run1_rep3,E,OPEN,OPEN,request,CACHE,HIT,0.028667000151472166,0.5178339997655712,INFO,adaptador.request,false,degradado,0.42379199840070214,9829.128063485,9829.128552652,9829.128034818,9829.128487277,CIRCUIT_OPEN,2026-09-05T00:12:12.328567Z
57d3b978-c5c2-4f16-a4b0-d5cf7ffd84b9,run1_rep3,E,OPEN,OPEN,request,CACHE,HIT,0.029749999157502316,0.8894999991753139,INFO,adaptador.request,false,degradado,0.7724999995843973,9829.207183277,9829.208043027,9829.207153527,9829.207955777,CIRCUIT_OPEN,2026-09-05T00:12:12.408061Z
7c1c6fc0-f86b-45a8-87de-2aaf2a44b6fd,run1_rep3,E,OPEN,OPEN,request,CACHE,HIT,0.021583000489044935,0.8663749995321268,INFO,adaptador.request,false,degradado,0.783208999564522,9829.207849443,9829.208694235,9829.20782786,9829.208632652,CIRCUIT_OPEN,2026-09-05T00:12:12.408879Z
10cb1564-81f4-42c5-898e-cf3f6cdff3ff,run1_rep3,E,OPEN,OPEN,request,CACHE,HIT,0.037833999158465303,0.5202089996600989,INFO,adaptador.request,false,degradado,0.4136660008953186,9829.248327152,9829.248809527,9829.248289318,9829.248740818,CIRCUIT_OPEN,2026-09-05T00:12:12.448828Z
00b83a71-f17b-4ff8-bbda-bcabf4dca3ee,run1_rep3,E,OPEN,OPEN,request,CACHE,HIT,0.019499999325489625,0.5851250007253839,INFO,adaptador.request,false,degradado,0.5067920010333182,9829.264901943,9829.265467568,9829.264882443,9829.265408735,CIRCUIT_OPEN,2026-09-05T00:12:12.465742Z
24575006-131e-42e7-b4c4-88859e3757be,run1_rep3,E,OPEN,OPEN,request,CACHE,HIT,0.027166001018485986,1.2405000015860423,INFO,adaptador.request,false,degradado,1.1613339993346017,9829.264499318,9829.265712652,9829.264472152,9829.265660652,CIRCUIT_OPEN,2026-09-05T00:12:12.466043Z
b31dc200-fcbc-4725-b421-890b32a7e2ca,run1_rep3,E,OPEN,OPEN,request,CACHE,HIT,0.03937499968742486,0.7135409996408271,INFO,adaptador.request,false,degradado,0.5961250008112984,9829.334089027,9829.334763193,9829.334049652,9829.334685152,CIRCUIT_OPEN,2026-09-05T00:12:12.534790Z
b4d6d7e1-b0f5-4cdc-abaf-fffffd19167e,run1_rep3,E,OPEN,OPEN,request,CACHE,HIT,0.04712499867309816,0.5914169996685814,INFO,adaptador.request,false,degradado,0.47412500134669244,9829.365029235,9829.365573527,9829.36498211,9829.36550336,CIRCUIT_OPEN,2026-09-05T00:12:12.565595Z
6b14ddb2-6788-417d-acc1-50b01c4e64b0,run1_rep3,E,OPEN,OPEN,request,CACHE,HIT,0.032875001124921255,0.6034590005583595,INFO,adaptador.request,false,degradado,0.49612499969953205,9829.431235943,9829.431806527,9829.431203068,9829.431732068,CIRCUIT_OPEN,2026-09-05T00:12:12.631840Z
ac0c6c22-5201-4b98-8c42-6f86b6b367e6,run1_rep3,E,OPEN,OPEN,request,CACHE,HIT,0.03554199975042138,0.6366249999700813,INFO,adaptador.request,false,degradado,0.5350419996830169,9829.446793485,9829.447394568,9829.446757943,9829.447328527,CIRCUIT_OPEN,2026-09-05T00:12:12.647402Z
0d166a51-a821-4f65-a27f-1cde644aa324,run1_rep3,E,OPEN,OPEN,request,CACHE,HIT,0.026499999876250513,0.4868750002060551,INFO,adaptador.request,false,degradado,0.41208299990103114,9829.450059277,9829.450519652,9829.450032777,9829.45047136,CIRCUIT_OPEN,2026-09-05T00:12:12.650513Z
a721a1d3-64f1-4779-9781-04d0a1e5e247,run1_rep3,E,OPEN,OPEN,request,CACHE,HIT,0.035166000088793226,0.6202080003276933,INFO,adaptador.request,false,degradado,0.4886250007984927,9829.58748611,9829.588071152,9829.587450944,9829.587974735,CIRCUIT_OPEN,2026-09-05T00:12:12.788091Z
82b5c425-4855-4740-88d1-b0e925796819,run1_rep3,E,OPEN,OPEN,request,CACHE,HIT,0.03779200051212683,0.6656250006926712,INFO,adaptador.request,false,degradado,0.5372920004447224,9829.655128527,9829.65575636,9829.655090735,9829.655665819,CIRCUIT_OPEN,2026-09-05T00:12:12.855796Z
544905bd-4cfd-405d-aec1-df89e19e8d59,run1_rep3,E,OPEN,OPEN,request,CACHE,HIT,0.031416000638273545,0.5957909997960087,INFO,adaptador.request,false,degradado,0.49029199908545706,9829.671379985,9829.67194436,9829.671348569,9829.671870277,CIRCUIT_OPEN,2026-09-05T00:12:12.871975Z
c95e429f-602e-4646-a1f0-7a8bb19d4101,run1_rep3,E,OPEN,OPEN,request,CACHE,HIT,0.04679199992096983,0.7260000002133893,INFO,adaptador.request,false,degradado,0.606166000579833,9829.700871694,9829.701550902,9829.700824902,9829.70147786,CIRCUIT_OPEN,2026-09-05T00:12:12.901560Z
77d08816-2668-4754-a94c-c483cedb82c8,run1_rep3,E,OPEN,OPEN,request,CACHE,HIT,0.0384579998353729,0.7032499997876585,INFO,adaptador.request,false,degradado,0.5970000001980225,9829.741779902,9829.742444694,9829.741741444,9829.742376902,CIRCUIT_OPEN,2026-09-05T00:12:12.942466Z
97e4febd-78de-4097-907c-92ab82bae05e,run1_rep3,E,OPEN,OPEN,request,CACHE,HIT,0.04029099909530487,0.7582079997519031,INFO,adaptador.request,false,degradado,0.6207090009411331,9829.810437985,9829.811155902,9829.810397694,9829.811058694,CIRCUIT_OPEN,2026-09-05T00:12:13.011186Z
1c78b640-9d35-4f64-9823-4379f7fb5249,run1_rep3,E,OPEN,OPEN,request,CACHE,HIT,0.04945799992128741,0.9590420013410039,INFO,adaptador.request,false,degradado,0.8267500015790574,9829.829797485,9829.830707069,9829.829748027,9829.830624235,CIRCUIT_OPEN,2026-09-05T00:12:13.030710Z
4e5668fd-a191-47a6-9ebb-73a5130ad506,run1_rep3,E,OPEN,OPEN,request,CACHE,HIT,0.04545900083030574,0.7969170001160819,INFO,adaptador.request,false,degradado,0.6522080002469011,9829.845154819,9829.845906277,9829.84510936,9829.845807027,CIRCUIT_OPEN,2026-09-05T00:12:13.045974Z
43f9689d-fc12-4053-a91a-0fe1d0c56c17,run1_rep3,E,OPEN,OPEN,request,CACHE,HIT,0.014709001334267668,0.6773340010113316,INFO,adaptador.request,false,degradado,0.611415998719167,9829.850531194,9829.851193819,9829.850516485,9829.85114261,CIRCUIT_OPEN,2026-09-05T00:12:13.051190Z
2e4eda0f-a9fe-42a0-8a0d-ba9c6f08fe05,run1_rep3,E,OPEN,OPEN,request,CACHE,HIT,0.03887499951815698,0.94758399973216,INFO,adaptador.request,false,degradado,0.8622499990451615,9829.850029985,9829.850938694,9829.84999111,9829.850892235,CIRCUIT_OPEN,2026-09-05T00:12:13.051433Z
a4340482-7fd8-4051-a137-5e9474da6754,run1_rep3,E,OPEN,OPEN,request,CACHE,HIT,0.01716699989628978,0.35512500107870437,INFO,adaptador.request,false,degradado,0.2892499996960396,9829.865203402,9829.86554136,9829.865186235,9829.865492652,CIRCUIT_OPEN,2026-09-05T00:12:13.065536Z
397c6683-a8bc-49b7-b87a-04e76c2c19e3,run1_rep3,E,OPEN,OPEN,request,CACHE,HIT,0.016125000911415555,0.3584160003811121,INFO,adaptador.request,false,degradado,0.296499998512445,9829.902491569,9829.90283386,9829.902475444,9829.902788069,CIRCUIT_OPEN,2026-09-05T00:12:13.102827Z
73327b2a-51dd-4299-bf8a-560d112184b3,run1_rep3,E,OPEN,OPEN,request,CACHE,HIT,0.06795900117140263,0.9124170010181842,INFO,adaptador.request,false,degradado,0.7316249993891688,9830.095431694,9830.096276152,9830.095363735,9830.096163319,CIRCUIT_OPEN,2026-09-05T00:12:13.296311Z
f9b0ef9a-13cb-43c7-809e-28d421452477,run1_rep3,E,OPEN,OPEN,request,CACHE,HIT,0.034333001167397015,0.6782079999538837,INFO,adaptador.request,false,degradado,0.5795420001959428,9830.110584652,9830.111228527,9830.110550319,9830.111164194,CIRCUIT_OPEN,2026-09-05T00:12:13.311234Z
36d5e21f-e056-4aa8-93d3-ed958cfed42d,run1_rep3,E,OPEN,OPEN,request,CACHE,HIT,0.03858399941236712,0.4713340003945632,INFO,adaptador.request,false,degradado,0.38270799996098503,9830.117033694,9830.117466444,9830.11699511,9830.117416402,CIRCUIT_OPEN,2026-09-05T00:12:13.317464Z
fe9701ba-a63b-4b76-827b-509d350bf623,run1_rep3,E,OPEN,OPEN,request,CACHE,HIT,0.018999999156221747,0.4134579994570231,INFO,adaptador.request,false,degradado,0.35179200131096877,9830.146054402,9830.14644886,9830.146035402,9830.146406194,CIRCUIT_OPEN,2026-09-05T00:12:13.346433Z
694080ae-8ec2-48dd-8479-30892ec16c05,run1_rep3,E,OPEN,OPEN,request,CACHE,HIT,0.041040999349206686,0.7583329988847254,INFO,adaptador.request,false,degradado,0.6259590008994564,9830.194827652,9830.195544944,9830.194786611,9830.195453611,CIRCUIT_OPEN,2026-09-05T00:12:13.395588Z
9ced9922-4538-423d-b756-8b2deece3885,run1_rep3,E,OPEN,OPEN,request,CACHE,HIT,0.04437499956111424,1.5759169982629828,INFO,adaptador.request,false,degradado,1.4463749994320096,9830.270344819,9830.271876361,9830.270300444,9830.271791194,CIRCUIT_OPEN,2026-09-05T00:12:13.472432Z
e4affcc8-1a82-4b6f-9b50-0c465b3abbcb,run1_rep3,E,OPEN,OPEN,request,CACHE,HIT,0.014375000318977982,1.45491600051173,INFO,adaptador.request,false,degradado,1.374540999677265,9830.270886986,9830.272327527,9830.270872611,9830.272261527,CIRCUIT_OPEN,2026-09-05T00:12:13.472797Z
11166263-e288-450f-8b07-2253048bc70d,run1_rep3,E,OPEN,OPEN,request,CACHE,HIT,0.023249998776009306,0.5170409986021696,INFO,adaptador.request,false,degradado,0.40625000110594556,9830.275627861,9830.276121652,9830.275604611,9830.276034111,CIRCUIT_OPEN,2026-09-05T00:12:13.476172Z
dca7a20f-176b-40cc-b112-d85f8fef98a4,run1_rep3,E,OPEN,OPEN,request,CACHE,HIT,0.016957999832811765,0.3758330003620358,INFO,adaptador.request,false,degradado,0.30245900052250363,9830.284863527,9830.285222402,9830.284846569,9830.285165986,CIRCUIT_OPEN,2026-09-05T00:12:13.485220Z
9f1613ca-43ea-4e11-b842-50bf0abe9e88,run1_rep3,E,OPEN,OPEN,request,CACHE,HIT,0.028375001420499757,0.5332500004442409,INFO,adaptador.request,false,degradado,0.4366670000308659,9830.304489194,9830.304994069,9830.304460819,9830.304925861,CIRCUIT_OPEN,2026-09-05T00:12:13.505014Z
9005d2fc-7bc4-48b1-b7fb-feded86fa630,run1_rep3,E,OPEN,OPEN,request,CACHE,HIT,0.027457999749458395,0.47529199946438894,INFO,adaptador.request,false,degradado,0.40016700040723663,9830.315629777,9830.316077611,9830.315602319,9830.316029944,CIRCUIT_OPEN,2026-09-05T00:12:13.516066Z
61b34273-2a7d-4f38-8465-56ba99675198,run1_rep3,E,OPEN,OPEN,request,CACHE,HIT,0.027750000299420208,0.479042000733898,INFO,adaptador.request,false,degradado,0.40433300091535784,9830.334311694,9830.334762986,9830.334283944,9830.334716027,CIRCUIT_OPEN,2026-09-05T00:12:13.534751Z
27d6ef6b-59c9-41e8-9f10-7ac05276af4f,run1_rep3,E,OPEN,OPEN,request,CACHE,HIT,0.01658300061535556,0.42962500083376653,INFO,adaptador.request,false,degradado,0.36541699955705553,9830.352978527,9830.353391569,9830.352961944,9830.353343944,CIRCUIT_OPEN,2026-09-05T00:12:13.553399Z
27e9d998-891d-46f9-872d-bd3ef21426a9,run1_rep3,E,OPEN,OPEN,request,CACHE,HIT,0.013749999197898433,0.3709579996211687,INFO,adaptador.request,false,degradado,0.3179160012223292,9830.358155736,9830.358512944,9830.358141986,9830.358473652,CIRCUIT_OPEN,2026-09-05T00:12:13.558519Z
13a24071-5c44-4d11-9821-9f4aae3fdde3,run1_rep3,E,OPEN,OPEN,request,CACHE,HIT,0.04895900019619148,0.8018339995032875,INFO,adaptador.request,false,degradado,0.654499999654945,9830.464984111,9830.465736986,9830.464935152,9830.465638611,CIRCUIT_OPEN,2026-09-05T00:12:13.665770Z
b66128d8-975a-4c40-97e5-55a50dc51502,run1_rep3,E,OPEN,OPEN,request,CACHE,HIT,0.038500000300700776,0.6522080002469011,INFO,adaptador.request,false,degradado,0.5211669995333068,9830.526623569,9830.527237277,9830.526585069,9830.527144736,CIRCUIT_OPEN,2026-09-05T00:12:13.727261Z
080763b9-1fbc-45d2-914b-2ff45df4cc62,run1_rep3,E,OPEN,OPEN,request,CACHE,HIT,0.042583000322338194,0.8817910002107965,INFO,adaptador.request,false,degradado,0.7354169993050164,9830.610200569,9830.611039777,9830.610157986,9830.610935986,CIRCUIT_OPEN,2026-09-05T00:12:13.811093Z
83869c0c-d6d6-494d-b051-646e2f4655d5,run1_rep3,E,OPEN,OPEN,request,CACHE,HIT,0.022791999072069302,1.4316249998955755,INFO,adaptador.request,false,degradado,1.2979160001123091,9830.610858986,9830.612267819,9830.610836194,9830.612156902,CIRCUIT_OPEN,2026-09-05T00:12:13.812584Z
4bf26c30-f3e9-4e74-accc-0eea3ff917d9,run1_rep3,E,OPEN,OPEN,request,CACHE,HIT,0.03216699951735791,0.8405419994232943,INFO,adaptador.request,false,degradado,0.7462499997927807,9830.618553569,9830.619361944,9830.618521402,9830.619299819,CIRCUIT_OPEN,2026-09-05T00:12:13.819368Z
274db98e-4fd1-4ead-aaa7-8084a68c7107,run1_rep3,E,OPEN,OPEN,request,CACHE,HIT,0.020874998881481588,0.7058749997668201,INFO,adaptador.request,false,degradado,0.638333000097191,9830.619207486,9830.619892486,9830.619186611,9830.619845819,CIRCUIT_OPEN,2026-09-05T00:12:13.820055Z
3ad90c9f-4e14-4224-82d8-02d746b29164,run1_rep3,E,OPEN,OPEN,request,CACHE,HIT,0.028083000870537944,0.6162909994600341,INFO,adaptador.request,false,degradado,0.532500000190339,9830.630598944,9830.631187152,9830.630570861,9830.631131444,CIRCUIT_OPEN,2026-09-05T00:12:13.831183Z
b7db15a7-6756-48d3-a6a5-075a28229794,run1_rep3,E,OPEN,OPEN,request,CACHE,HIT,0.04229099977237638,0.6902500008436618,INFO,adaptador.request,false,degradado,0.5661670002155006,9830.708517402,9830.709165361,9830.708475111,9830.709083569,CIRCUIT_OPEN,2026-09-05T00:12:13.909187Z
f407081b-c74c-49d8-9152-d6b06d5a9217,run1_rep3,E,OPEN,OPEN,request,CACHE,HIT,0.03199999991920777,0.5379579997679684,INFO,adaptador.request,false,degradado,0.4461250009626383,9830.721124819,9830.721630777,9830.721092819,9830.721570944,CIRCUIT_OPEN,2026-09-05T00:12:13.921636Z
6905a35c-7001-4124-a242-6595c6d8a883,run1_rep3,E,OPEN,OPEN,request,CACHE,HIT,0.03245799962314777,0.5713329992431682,INFO,adaptador.request,false,degradado,0.4709999993792735,9830.741998902,9830.742537777,9830.741966444,9830.742469902,CIRCUIT_OPEN,2026-09-05T00:12:13.942552Z
35014a7f-61f3-4610-891f-85ba89e52e7f,run1_rep3,E,OPEN,OPEN,request,CACHE,HIT,0.0428749990533106,0.7058749997668201,INFO,adaptador.request,false,degradado,0.5732080007874174,9830.799730236,9830.800393236,9830.799687361,9830.800303444,CIRCUIT_OPEN,2026-09-05T00:12:14.000406Z
193a8339-177f-4d77-b558-9517463ada2a,run1_rep3,E,OPEN,OPEN,request,CACHE,HIT,0.037542000427492894,0.6041670003469335,INFO,adaptador.request,false,degradado,0.4872499994235113,9830.843262819,9830.843829444,9830.843225277,9830.843750069,CIRCUIT_OPEN,2026-09-05T00:12:14.043856Z
3178547d-0592-4525-ab79-470a8095c4f8,run1_rep3,E,OPEN,OPEN,request,CACHE,HIT,0.03325000034237746,0.6200419993547257,INFO,adaptador.request,false,degradado,0.5182919994695112,9830.859375444,9830.859962236,9830.859342194,9830.859893736,CIRCUIT_OPEN,2026-09-05T00:12:14.059989Z
2d7ce671-3658-4dd6-822c-f624099417e9,run1_rep3,E,OPEN,OPEN,request,CACHE,HIT,0.03141699926345609,0.5794579992652871,INFO,adaptador.request,false,degradado,0.47908300075505394,9830.866810278,9830.867358319,9830.866778861,9830.867289361,CIRCUIT_OPEN,2026-09-05T00:12:14.067382Z
0698f5b2-406b-4fed-88ff-70b48fc5df00,run1_rep3,E,OPEN,OPEN,request,CACHE,HIT,0.07329199979722034,0.6689999991067452,INFO,adaptador.request,false,degradado,0.5328749994077953,9830.896053778,9830.896649486,9830.895980486,9830.896586653,CIRCUIT_OPEN,2026-09-05T00:12:14.096665Z
87edbe94-a653-4794-9acd-100d44baa941,run1_rep3,E,OPEN,OPEN,request,CACHE,HIT,0.055334001444862224,0.7160000004660105,INFO,adaptador.request,false,degradado,0.580624999201973,9830.931052153,9830.931712819,9830.930996819,9830.931632778,CIRCUIT_OPEN,2026-09-05T00:12:14.131743Z
21cdc68e-303d-4855-bd5c-ca794ef169e8,run1_rep3,E,OPEN,OPEN,request,CACHE,HIT,0.024791999749140814,0.5005000002711313,INFO,adaptador.request,false,degradado,0.3977920005127089,9830.932548986,9830.933024694,9830.932524194,9830.932946778,CIRCUIT_OPEN,2026-09-05T00:12:14.133049Z
6e1cb49a-6806-4c0b-826a-5d46a6f08918,run1_rep3,E,OPEN,OPEN,request,CACHE,HIT,0.04850000004807953,1.1861670009238878,INFO,adaptador.request,false,degradado,1.0336250015825499,9831.013217986,9831.014355653,9831.013169486,9831.014251611,CIRCUIT_OPEN,2026-09-05T00:12:14.214393Z
c2b04ce2-d94c-4c65-9c77-dff7a2d12eb6,run1_rep3,E,OPEN,OPEN,request,CACHE,HIT,0.039542001104564406,0.6127500000729924,INFO,adaptador.request,false,degradado,0.4907080001430586,9831.057234403,9831.057807611,9831.057194861,9831.057725111,CIRCUIT_OPEN,2026-09-05T00:12:14.257834Z
93f0b7d7-4bb8-44d0-ad92-472dcab76f8f,run1_rep3,E,OPEN,OPEN,request,CACHE,HIT,0.027041000066674314,0.7173750000220025,INFO,adaptador.request,false,degradado,0.5416670010163216,9831.061636694,9831.062327028,9831.061609653,9831.062178361,CIRCUIT_OPEN,2026-09-05T00:12:14.262435Z
b6b60e03-3944-42e9-9460-b09841876481,run1_rep3,E,OPEN,OPEN,request,CACHE,HIT,0.032500000088475645,0.8720830010133795,INFO,adaptador.request,false,degradado,0.6931670013727853,9831.083665486,9831.084505069,9831.083632986,9831.084358653,CIRCUIT_OPEN,2026-09-05T00:12:14.284588Z
e10d55d1-b796-4245-9c70-de1e90f6fb5a,run1_rep3,E,OPEN,OPEN,request,CACHE,HIT,0.042875000872300006,0.7995409996510716,INFO,adaptador.request,false,degradado,0.6677499986835755,9831.132987528,9831.133744194,9831.132944653,9831.133655278,CIRCUIT_OPEN,2026-09-05T00:12:14.333778Z
3c96374c-81ae-4190-9951-92a3aca2696d,run1_rep3,E,OPEN,OPEN,request,CACHE,HIT,0.033042000723071396,0.5165000002307352,INFO,adaptador.request,false,degradado,0.4183330001978902,9831.135808903,9831.136292361,9831.135775861,9831.136227236,CIRCUIT_OPEN,2026-09-05T00:12:14.336303Z
18ef8769-baf8-426c-9e12-28c4107d2314,run1_rep3,E,OPEN,OPEN,request,CACHE,HIT,0.035958000808022916,0.630000000455766,INFO,adaptador.request,false,degradado,0.5229170001257444,9831.208327819,9831.208921861,9831.208291861,9831.208850736,CIRCUIT_OPEN,2026-09-05T00:12:14.408958Z
c04ec4a8-5a5d-4cc6-921b-04ebd1c97206,run1_rep3,E,OPEN,OPEN,request,CACHE,HIT,0.036666999221779406,1.0022499991464429,INFO,adaptador.request,false,degradado,0.8852920000208542,9831.252492111,9831.253457694,9831.252455444,9831.253377403,CIRCUIT_OPEN,2026-09-05T00:12:14.453767Z
ccd75d8e-6063-45f8-bdfd-5e82b3f9235e,run1_rep3,E,OPEN,OPEN,request,CACHE,HIT,0.015792000340297818,0.7894999998825369,INFO,adaptador.request,false,degradado,0.7179579988587648,9831.252967361,9831.253741069,9831.252951569,9831.253685319,CIRCUIT_OPEN,2026-09-05T00:12:14.454082Z
f1dabdbb-aab9-4e36-9a1d-cc407f28002e,run1_rep3,E,OPEN,OPEN,request,CACHE,HIT,0.04704200000560377,0.737583999580238,INFO,adaptador.request,false,degradado,0.6018749991199002,9831.303838111,9831.304528653,9831.303791069,9831.304439986,CIRCUIT_OPEN,2026-09-05T00:12:14.504550Z
d6364e86-b02a-4700-8799-8182b55f8172,run1_rep3,E,OPEN,OPEN,request,CACHE,HIT,0.03691700112540275,0.6233340009202948,INFO,adaptador.request,false,degradado,0.5149999997229315,9831.328987986,9831.329574403,9831.328951069,9831.329502986,CIRCUIT_OPEN,2026-09-05T00:12:14.529591Z
8d829e81-bb2e-4f2a-8244-4f61de86b530,run1_rep3,E,OPEN,OPEN,request,CACHE,HIT,0.05083399992145132,0.6187500002852175,INFO,adaptador.request,false,degradado,0.49487500109535176,9831.372598278,9831.373166194,9831.372547444,9831.373093153,CIRCUIT_OPEN,2026-09-05T00:12:14.573189Z
c56f3525-dc79-42d1-84bb-9fc10b5ddda2,run1_rep3,E,OPEN,OPEN,request,CACHE,HIT,0.032458001442137174,0.5640409999614349,INFO,adaptador.request,false,degradado,0.46016699889150914,9831.401654986,9831.402186569,9831.401622528,9831.402115153,CIRCUIT_OPEN,2026-09-05T00:12:14.602199Z
3c60a303-b77e-45f3-bdf7-14799dd39c0e,run1_rep3,E,OPEN,OPEN,request,CACHE,HIT,0.03108400051132776,0.6078750011511147,INFO,adaptador.request,false,degradado,0.5134160001034616,9831.427519903,9831.428096694,9831.427488819,9831.428033319,CIRCUIT_OPEN,2026-09-05T00:12:14.628107Z
12af920b-bc2c-4de7-b855-b6780a43a8aa,run1_rep3,E,OPEN,OPEN,request,CACHE,HIT,0.048042000344139524,1.239375000295695,INFO,adaptador.request,false,degradado,1.0809169998537982,9831.517861111,9831.519052444,9831.517813069,9831.518942028,CIRCUIT_OPEN,2026-09-05T00:12:14.719355Z
83c1ac1d-64cd-4e5d-8fe5-f1b3f8d5cc72,run1_rep3,E,OPEN,OPEN,request,CACHE,HIT,0.020666999262175523,0.9562089999235468,INFO,adaptador.request,false,degradado,0.8810420004010666,9831.518391986,9831.519327528,9831.518371319,9831.519273028,CIRCUIT_OPEN,2026-09-05T00:12:14.719641Z
84bb835f-ede1-468b-be00-fae2cdb531b9,run1_rep3,E,OPEN,OPEN,request,CACHE,HIT,0.026875000912696123,0.9328750002168817,INFO,adaptador.request,false,degradado,0.8474579990433995,9831.525706778,9831.526612778,9831.525679903,9831.526554236,CIRCUIT_OPEN,2026-09-05T00:12:14.726613Z
b8cab4a8-17a6-4dfe-bf75-eff0e8a0029f,run1_rep3,E,OPEN,OPEN,request,CACHE,HIT,0.033958000130951405,0.5840829999215202,INFO,adaptador.request,false,degradado,0.48012499973992817,9831.579742861,9831.580292986,9831.579708903,9831.580222986,CIRCUIT_OPEN,2026-09-05T00:12:14.780301Z
7492188c-0181-479d-9459-2dec2f6cd66a,run1_rep3,E,OPEN,OPEN,request,CACHE,HIT,0.01595899993844796,0.32862499938346446,INFO,adaptador.request,false,degradado,0.2622499996505212,9831.60722482,9831.607537486,9831.607208861,9831.60748707,CIRCUIT_OPEN,2026-09-05T00:12:14.807522Z
e8f46f2a-b3b0-4683-9be2-4c2002e69fdf,run1_rep3,E,OPEN,OPEN,request,CACHE,HIT,0.02166599915653933,0.4632500003936002,INFO,adaptador.request,false,degradado,0.37641699964297004,9831.615275486,9831.61571707,9831.61525382,9831.615651903,CIRCUIT_OPEN,2026-09-05T00:12:14.815741Z
3d62a256-5778-494e-9e78-299d2981c7f6,run1_rep3,E,OPEN,OPEN,request,CACHE,HIT,0.018916000044555403,0.7005829993431689,INFO,adaptador.request,false,degradado,0.6047089991625398,9831.666083861,9831.666765528,9831.666064945,9831.66668857,CIRCUIT_OPEN,2026-09-05T00:12:14.867021Z
08bd5937-a690-4401-bc34-8810a55070b5,run1_rep3,E,OPEN,OPEN,request,CACHE,HIT,0.04958300087309908,1.4032079998287372,INFO,adaptador.request,false,degradado,1.3181249996705446,9831.665645028,9831.666998653,9831.665595445,9831.666963153,CIRCUIT_OPEN,2026-09-05T00:12:14.867305Z
e1d8bf19-2f9f-4d00-9173-b230c748d287,run1_rep3,E,OPEN,OPEN,request,CACHE,HIT,0.038084001062088646,0.5717500007449416,INFO,adaptador.request,false,degradado,0.4777079993800726,9831.741153945,9831.741687611,9831.741115861,9831.741631653,CIRCUIT_OPEN,2026-09-05T00:12:14.941690Z
179df655-25f6-4fe8-8a6f-685468be89a6,run1_rep3,E,OPEN,OPEN,request,CACHE,HIT,0.0507910008309409,0.8085829995252425,INFO,adaptador.request,false,degradado,0.6884589984110789,9831.818387986,9831.819145778,9831.818337195,9831.819076445,CIRCUIT_OPEN,2026-09-05T00:12:15.019143Z
5bc8ee2f-f126-4e74-8219-00f7c1d6deab,run1_rep3,E,OPEN,OPEN,request,CACHE,HIT,0.05608399987977464,0.8276249991467921,INFO,adaptador.request,false,degradado,0.6764579993614461,9831.916128695,9831.916900236,9831.916072611,9831.916805153,CIRCUIT_OPEN,2026-09-05T00:12:15.116946Z
5b185e8a-d875-434b-8e88-3e7270baaa5d,run1_rep3,E,OPEN,OPEN,request,CACHE,HIT,0.048459000026923604,1.0118749996763654,INFO,adaptador.request,false,degradado,0.8697079992998624,9831.960247445,9831.961210861,9831.960198986,9831.961117153,CIRCUIT_OPEN,2026-09-05T00:12:15.161245Z
9ec56d07-826f-4006-a92c-66107a9cef81,run1_rep3,E,OPEN,OPEN,request,CACHE,HIT,0.02262499947391916,0.9208749997924315,INFO,adaptador.request,false,degradado,0.8481250006298069,9831.960975445,9831.961873695,9831.96095282,9831.96182357,CIRCUIT_OPEN,2026-09-05T00:12:15.162068Z
5e7ffd53-fd1c-423c-b9f1-83fc7147c510,run1_rep3,E,OPEN,OPEN,request,CACHE,HIT,0.031292000130633824,0.6405419990187511,INFO,adaptador.request,false,degradado,0.5120000005263137,9831.966427903,9831.967037153,9831.966396611,9831.966939903,CIRCUIT_OPEN,2026-09-05T00:12:15.167077Z
9b4802cf-a0a0-47e9-9ef2-077e1140e64d,run1_rep3,E,OPEN,OPEN,request,CACHE,HIT,0.020916000721626915,0.523541000802652,INFO,adaptador.request,false,degradado,0.4283340003894409,9831.972048361,9831.972550986,9831.972027445,9831.972476695,CIRCUIT_OPEN,2026-09-05T00:12:15.172582Z
45dccad3-0e60-4cff-83f4-6a8330ae0fc6,run1_rep3,E,OPEN,OPEN,request,CACHE,HIT,0.02045900146185886,0.38783400123065803,INFO,adaptador.request,false,degradado,0.3194579985574819,9832.000138695,9832.00050607,9832.000118236,9832.000458153,CIRCUIT_OPEN,2026-09-05T00:12:15.200499Z
384f50d6-8bc1-4872-b384-596220928d85,run1_rep3,E,OPEN,OPEN,request,CACHE,HIT,0.016332998711732216,0.3366250002727611,INFO,adaptador.request,false,degradado,0.2761250016192207,9832.012280361,9832.012600653,9832.012264028,9832.012556486,CIRCUIT_OPEN,2026-09-05T00:12:15.212588Z
673a04c3-d500-4226-99dd-5f7900aba1b0,run1_rep3,E,OPEN,OPEN,request,CACHE,HIT,0.012125001376261935,0.26691700077208225,INFO,adaptador.request,false,degradado,0.21808400015288498,9832.020379236,9832.020634028,9832.020367111,9832.02059732,CIRCUIT_OPEN,2026-09-05T00:12:15.220618Z
d17bd0b4-06f8-498f-b756-ff696b572b09,run1_rep3,E,OPEN,OPEN,request,CACHE,HIT,0.02487500023562461,0.3952080005547032,INFO,adaptador.request,false,degradado,0.3365829998074332,9832.033013528,9832.033383861,9832.032988653,9832.033350111,CIRCUIT_OPEN,2026-09-05T00:12:15.233364Z
16674010-f86b-4a90-bb6d-b50a4ccd8fb1,run1_rep3,E,OPEN,OPEN,request,CACHE,HIT,0.01887500002339948,0.3653330004453892,INFO,adaptador.request,false,degradado,0.30258299921115395,9832.12229832,9832.122644778,9832.122279445,9832.122600903,CIRCUIT_OPEN,2026-09-05T00:12:15.322625Z
8aa175ac-25ff-4acd-a145-d5bdf1101163,run1_rep3,E,OPEN,OPEN,request,CACHE,HIT,0.023708000298938714,0.48233300003630575,INFO,adaptador.request,false,degradado,0.39900000047055073,9832.136451736,9832.136910361,9832.136428028,9832.136850736,CIRCUIT_OPEN,2026-09-05T00:12:15.336952Z
bd8368cf-2b76-4df0-bfff-24db9dfe53d4,run1_rep3,E,OPEN,OPEN,request,CACHE,HIT,0.011833999451482669,0.21791700055473484,INFO,adaptador.request,false,degradado,0.17870800002128817,9832.14075807,9832.140964153,9832.140746236,9832.140936778,CIRCUIT_OPEN,2026-09-05T00:12:15.340939Z
cfd219da-55d5-40e6-8df6-4b2e738da8d1,run1_rep3,E,OPEN,OPEN,request,CACHE,HIT,0.018667000404093415,0.41199999941454735,INFO,adaptador.request,false,degradado,0.3289579999545822,9832.160928445,9832.161321778,9832.160909778,9832.161257403,CIRCUIT_OPEN,2026-09-05T00:12:15.361341Z
dd3bf30b-a6d2-45d2-9db5-d1e6d82475e5,run1_rep3,E,OPEN,OPEN,request,CACHE,HIT,0.08899999920686241,0.9597499993105885,INFO,adaptador.request,false,degradado,0.7617080009367783,9832.211086778,9832.211957528,9832.210997778,9832.211848486,CIRCUIT_OPEN,2026-09-05T00:12:15.412009Z
4503d0ec-db12-464f-b549-ebbb6a82ebbb,run1_rep3,E,OPEN,OPEN,request,CACHE,HIT,0.05741600034525618,0.8836249999149004,INFO,adaptador.request,false,degradado,0.7238750004034955,9832.278943153,9832.279769362,9832.278885737,9832.279667028,CIRCUIT_OPEN,2026-09-05T00:12:15.479782Z
8a26b309-3401-4036-bf8c-19b30f73c4f0,run1_rep3,E,OPEN,OPEN,request,CACHE,HIT,0.04920900028082542,0.8309170007123612,INFO,adaptador.request,false,degradado,0.6844580002507428,9832.385816237,9832.386597945,9832.385767028,9832.386500695,CIRCUIT_OPEN,2026-09-05T00:12:15.586639Z
eabc6766-bfea-4ccc-99d4-0589178b5e41,run1_rep3,E,OPEN,OPEN,request,CACHE,HIT,0.03483399996184744,0.6437920001189923,INFO,adaptador.request,false,degradado,0.5306660004862351,9832.405703237,9832.406312195,9832.405668403,9832.406233903,CIRCUIT_OPEN,2026-09-05T00:12:15.606341Z
080db1f2-fd39-42d7-9383-8d3e658de24f,run1_rep3,E,OPEN,OPEN,request,CACHE,HIT,0.0335000004270114,0.6130000001576263,INFO,adaptador.request,false,degradado,0.5155420003575273,9832.435912945,9832.436492445,9832.435879445,9832.436428487,CIRCUIT_OPEN,2026-09-05T00:12:15.636502Z
c41a1f33-997b-4361-b32e-7223eecdc188,run1_rep3,E,OPEN,OPEN,request,CACHE,HIT,0.03124999966530595,0.6146249997982522,INFO,adaptador.request,false,degradado,0.5072080002719304,9832.468968612,9832.469551987,9832.468937362,9832.46947582,CIRCUIT_OPEN,2026-09-05T00:12:15.669574Z
a1e44582-62dd-49c7-9d18-e27f9574cfde,run1_rep3,E,OPEN,OPEN,request,CACHE,HIT,0.029708000511163846,0.6167500014271354,INFO,adaptador.request,false,degradado,0.5129170003783656,9832.478368945,9832.478955987,9832.478339237,9832.478881862,CIRCUIT_OPEN,2026-09-05T00:12:15.679003Z
384f2ee9-0bdd-4e96-ac6d-227bda75caae,run1_rep3,E,OPEN,OPEN,request,CACHE,HIT,0.034208000215585344,1.4817499995842809,INFO,adaptador.request,false,degradado,1.3718329992116196,9832.519200195,9832.520647737,9832.519165987,9832.520572028,CIRCUIT_OPEN,2026-09-05T00:12:15.720745Z
364968ee-104a-4fd3-a315-9f3a945739f2,run1_rep3,E,OPEN,OPEN,request,CACHE,HIT,0.03270799970778171,1.2927079988003243,INFO,adaptador.request,false,degradado,1.1980839990428649,9832.520405653,9832.521665653,9832.520372945,9832.521603737,CIRCUIT_OPEN,2026-09-05T00:12:15.721942Z
3ee41b70-e38c-4e38-990c-23f0a83986cf,run1_rep3,E,OPEN,OPEN,request,CACHE,HIT,0.029791000997647643,2.1019160012656357,INFO,adaptador.request,false,degradado,1.9655420001072343,9832.522904153,9832.524976278,9832.522874362,9832.524869695,CIRCUIT_OPEN,2026-09-05T00:12:15.725036Z
b72c8184-16db-49ee-a16c-ad4f3a39024f,run1_rep3,E,OPEN,OPEN,request,CACHE,HIT,0.024667000616318546,1.3024170002609026,INFO,adaptador.request,false,degradado,1.2273749998712447,9832.524569612,9832.525847362,9832.524544945,9832.525796987,CIRCUIT_OPEN,2026-09-05T00:12:15.725853Z
78e25c32-55ac-4d3d-846f-38ca1a7ce2cb,run1_rep3,E,OPEN,OPEN,request,CACHE,HIT,0.02058300015050918,0.5774579985882156,INFO,adaptador.request,false,degradado,0.5206669993640389,9832.602081278,9832.602638153,9832.602060695,9832.602601945,CIRCUIT_OPEN,2026-09-05T00:12:15.802623Z
e9db281b-788b-49e7-b8b5-d574d7d6f8de,run1_rep3,E,OPEN,OPEN,request,CACHE,HIT,0.01133299883804284,0.8307919997605495,INFO,adaptador.request,false,degradado,0.7898750009189826,9832.602541903,9832.603361362,9832.60253057,9832.603331778,CIRCUIT_OPEN,2026-09-05T00:12:15.803615Z
35a12c64-a7fa-4f64-b428-047a8cd0d016,run1_rep3,E,OPEN,OPEN,request,CACHE,HIT,0.011250000170548446,0.5010000004403992,INFO,adaptador.request,false,degradado,0.4652500010706717,9832.603147778,9832.603637528,9832.603136528,9832.603613028,CIRCUIT_OPEN,2026-09-05T00:12:15.803841Z
234f74ae-aba0-4ab0-845b-ba8850d4e082,run1_rep3,E,OPEN,OPEN,request,CACHE,HIT,0.011500000255182385,0.2817919994413387,INFO,adaptador.request,false,degradado,0.23237499954120722,9832.626970028,9832.62724032,9832.626958528,9832.627202403,CIRCUIT_OPEN,2026-09-05T00:12:15.827223Z
6234a2ec-2574-487d-9dc5-a82395f066aa,run1_rep3,E,OPEN,OPEN,request,CACHE,HIT,0.009542000043438748,0.22658299894828815,INFO,adaptador.request,false,degradado,0.1912079987960169,9832.638256362,9832.638473403,9832.63824682,9832.63844757,CIRCUIT_OPEN,2026-09-05T00:12:15.838442Z
54d2c530-3008-4c71-99e4-99b3b085d81e,run1_rep3,E,OPEN,OPEN,request,CACHE,HIT,0.012916001651319675,0.2651660015544621,INFO,adaptador.request,false,degradado,0.22399999943445437,9832.669296403,9832.669548653,9832.669283487,9832.669520403,CIRCUIT_OPEN,2026-09-05T00:12:15.869516Z
d4ffa58a-655b-4036-8b62-d0b115a722d3,run1_rep3,E,OPEN,OPEN,request,CACHE,HIT,0.02137500086973887,0.4715409995696973,INFO,adaptador.request,false,degradado,0.3909579991159262,9832.729354737,9832.729804903,9832.729333362,9832.729745695,CIRCUIT_OPEN,2026-09-05T00:12:15.929813Z
7183b26c-126a-4ee7-a217-af2a5a27db45,run1_rep3,E,OPEN,OPEN,request,CACHE,HIT,0.016250000044237822,0.4452499997569248,INFO,adaptador.request,false,degradado,0.37933299972792156,9832.735565445,9832.735994445,9832.735549195,9832.735944778,CIRCUIT_OPEN,2026-09-05T00:12:15.935999Z
8be684cb-5653-43f6-a7bf-9af3319f095f,run1_rep3,E,OPEN,OPEN,request,CACHE,HIT,0.01799999881768599,0.6325419999484438,INFO,adaptador.request,false,degradado,0.5415420000645099,9832.77679382,9832.777408362,9832.77677582,9832.777335362,CIRCUIT_OPEN,2026-09-05T00:12:15.977395Z
e26c91ec-617a-4dd1-8f25-919f5d57dc9a,run1_rep3,E,OPEN,OPEN,request,CACHE,HIT,0.01024999983201269,0.6566249994648388,INFO,adaptador.request,false,degradado,0.616790999629302,9832.777286487,9832.777932862,9832.777276237,9832.777903278,CIRCUIT_OPEN,2026-09-05T00:12:15.977894Z
63379787-46ed-4f95-b049-816efa9751f2,run1_rep3,E,OPEN,OPEN,request,CACHE,HIT,0.018040998838841915,0.3409999990253709,INFO,adaptador.request,false,degradado,0.2817920012603281,9832.807956653,9832.808279612,9832.807938612,9832.808238445,CIRCUIT_OPEN,2026-09-05T00:12:16.008262Z
b5268dcd-86e3-45e8-b5b2-01b378e2ae28,run1_rep3,E,OPEN,OPEN,request,CACHE,HIT,0.04724999962490983,0.7358749990089564,INFO,adaptador.request,false,degradado,0.6089589987823274,9832.908493028,9832.909181653,9832.908445778,9832.909101987,CIRCUIT_OPEN,2026-09-05T00:12:16.109194Z
32f61634-7b11-4c67-9e13-2d0d0f981a74,run1_rep3,E,OPEN,OPEN,request,CACHE,HIT,0.03474999903119169,1.4487079988612095,INFO,adaptador.request,false,degradado,1.3368750005611219,9832.963642362,9832.96505632,9832.963607612,9832.964979237,CIRCUIT_OPEN,2026-09-05T00:12:16.165410Z
08710817-b8ec-4948-b910-2b8e52506a3e,run1_rep3,E,OPEN,OPEN,request,CACHE,HIT,0.0195419997908175,1.2910420009575319,INFO,adaptador.request,false,degradado,1.2277500009076903,9832.964122737,9832.965394237,9832.964103195,9832.965350487,CIRCUIT_OPEN,2026-09-05T00:12:16.165877Z
5a454be6-7f90-4cc3-8385-68853f371303,run1_rep3,E,OPEN,OPEN,request,CACHE,HIT,0.018333999832975678,0.9497499995632097,INFO,adaptador.request,false,degradado,0.8888329994078958,9832.964933779,9832.965865195,9832.964915445,9832.965822612,CIRCUIT_OPEN,2026-09-05T00:12:16.166202Z
ba6dfb99-ee34-48fb-a516-2e29620d58ff,run1_rep3,E,OPEN,OPEN,request,CACHE,HIT,0.032500000088475645,0.608874999670661,INFO,adaptador.request,false,degradado,0.5085829998279223,9832.997904987,9832.998481362,9832.997872487,9832.99841357,CIRCUIT_OPEN,2026-09-05T00:12:16.198499Z
c20775de-717b-485f-955e-89d3851ac369,run1_rep3,E,OPEN,OPEN,request,CACHE,HIT,0.03408299926377367,0.5299999993439997,INFO,adaptador.request,false,degradado,0.4297089999454329,9833.02615982,9833.026655737,9833.026125737,9833.026589529,CIRCUIT_OPEN,2026-09-05T00:12:16.226666Z
8dee93e8-1b04-4324-a989-69bfd55d4e26,run1_rep3,E,OPEN,OPEN,request,CACHE,HIT,0.02725000013015233,0.5284580001898576,INFO,adaptador.request,false,degradado,0.44220800009497907,9833.034579279,9833.035080487,9833.034552029,9833.035021487,CIRCUIT_OPEN,2026-09-05T00:12:16.235080Z
01573b99-f323-4f98-b92a-9414ae614589,run1_rep3,E,OPEN,OPEN,request,CACHE,HIT,0.030791999961365946,0.9257500005332986,INFO,adaptador.request,false,degradado,0.825166000140598,9833.122533779,9833.123428737,9833.122502987,9833.123358945,CIRCUIT_OPEN,2026-09-05T00:12:16.323459Z
835e4aa4-294a-431f-9fd4-65a838efa3fb,run1_rep3,E,OPEN,OPEN,request,CACHE,HIT,0.023082999177859165,0.8379579994652886,INFO,adaptador.request,false,degradado,0.7456670009560185,9833.123238612,9833.124053487,9833.123215529,9833.123984279,CIRCUIT_OPEN,2026-09-05T00:12:16.324225Z
0c8c4063-bb5b-4ad0-bf6b-ea71c429d2c8,run1_rep3,E,OPEN,OPEN,request,CACHE,HIT,0.027333999241818674,0.546417000805377,INFO,adaptador.request,false,degradado,0.45454100109054707,9833.135781279,9833.136300362,9833.135753945,9833.13623582,CIRCUIT_OPEN,2026-09-05T00:12:16.336320Z
5c8e09cc-e2f7-4079-a23b-f63fbc0639d1,run1_rep3,E,OPEN,OPEN,request,CACHE,HIT,0.043000000005122274,1.168457998574013,INFO,adaptador.request,false,degradado,1.0319579996576067,9833.175448612,9833.17657407,9833.175405612,9833.17648057,CIRCUIT_OPEN,2026-09-05T00:12:16.376867Z
99bb6936-bc2e-4cbb-a65b-b4dca76a03bc,run1_rep3,E,OPEN,OPEN,request,CACHE,HIT,0.021457999537233263,0.8882499987521442,INFO,adaptador.request,false,degradado,0.818208000055165,9833.175980737,9833.176847529,9833.175959279,9833.176798945,CIRCUIT_OPEN,2026-09-05T00:12:16.377165Z
9d13aeca-af30-407c-84e7-b8c30b67fb2c,run1_rep3,E,OPEN,OPEN,request,CACHE,HIT,0.034209000659757294,0.5976669999654405,INFO,adaptador.request,false,degradado,0.480665999930352,9833.217097279,9833.217660737,9833.21706307,9833.217577945,CIRCUIT_OPEN,2026-09-05T00:12:16.417705Z
180e73c6-259d-41e1-963b-c640c56560d3,run1_rep3,E,OPEN,OPEN,request,CACHE,HIT,0.026916000933852047,0.44795800022257026,INFO,adaptador.request,false,degradado,0.3651669994724216,9833.22141007,9833.221831112,9833.221383154,9833.221775237,CIRCUIT_OPEN,2026-09-05T00:12:16.421834Z
f748961c-207a-4139-936f-ed5b5144a0da,run1_rep3,E,OPEN,OPEN,request,CACHE,HIT,0.027666001187753864,0.5276660012896173,INFO,adaptador.request,false,degradado,0.43112499952258077,9833.268176445,9833.268676445,9833.268148779,9833.26860757,CIRCUIT_OPEN,2026-09-05T00:12:16.468684Z
6c8eaba1-fe5f-48e5-abb3-f381f6b02cb2,run1_rep3,E,OPEN,OPEN,request,CACHE,HIT,0.031208999644150026,0.6432919999497244,INFO,adaptador.request,false,degradado,0.4917499991279328,9833.274982154,9833.275594237,9833.274950945,9833.275473904,CIRCUIT_OPEN,2026-09-05T00:12:16.475677Z
5e680dd5-036e-4785-818b-5ff613d06670,run1_rep3,E,OPEN,OPEN,request,CACHE,HIT,0.03120800101896748,0.5940000010014046,INFO,adaptador.request,false,degradado,0.5024999991292134,9833.32474132,9833.325304112,9833.324710112,9833.32524382,CIRCUIT_OPEN,2026-09-05T00:12:16.525306Z
215c5c20-6453-405e-ad1c-5e48c863c971,run1_rep3,E,OPEN,OPEN,request,CACHE,HIT,0.04162500044913031,1.0312089998478768,INFO,adaptador.request,false,degradado,0.9147919990937226,9833.37359407,9833.374583654,9833.373552445,9833.374508862,CIRCUIT_OPEN,2026-09-05T00:12:16.574899Z
c5f805ea-a8e5-4856-97a7-f750066d3c26,run1_rep3,E,OPEN,OPEN,request,CACHE,HIT,0.038790998587501235,0.8680829996592365,INFO,adaptador.request,false,degradado,0.7615840004291385,9833.374038695,9833.374867987,9833.373999904,9833.374800279,CIRCUIT_OPEN,2026-09-05T00:12:16.575215Z
05e57fac-c34d-4fde-8a2c-e44bbded71a9,run1_rep3,E,OPEN,OPEN,request,CACHE,HIT,0.034624999898369424,0.6413749997591367,INFO,adaptador.request,false,degradado,0.5374169995775446,9833.435957737,9833.436564487,9833.435923112,9833.436495154,CIRCUIT_OPEN,2026-09-05T00:12:16.636601Z
f944f4bf-3115-476f-8994-9632a1d7a5d0,run1_rep3,E,OPEN,OPEN,request,CACHE,HIT,0.031040999601827934,0.5405409992818022,INFO,adaptador.request,false,degradado,0.4456250007933704,9833.45266782,9833.45317732,9833.452636779,9833.453113445,CIRCUIT_OPEN,2026-09-05T00:12:16.653196Z
eb082836-590d-4caa-a539-e9c63a214185,run1_rep3,E,OPEN,OPEN,request,CACHE,HIT,0.025291999918408692,0.5010000004403992,INFO,adaptador.request,false,degradado,0.40300000000570435,9833.464263029,9833.464738737,9833.464237737,9833.464666029,CIRCUIT_OPEN,2026-09-05T00:12:16.664760Z
d4e41793-55db-4d43-ac11-1d72b0bb40bd,run1_rep3,E,OPEN,OPEN,request,CACHE,HIT,0.04624999928637408,0.8438749991910299,INFO,adaptador.request,false,degradado,0.7328749998123385,9833.523096154,9833.523893779,9833.523049904,9833.523829029,CIRCUIT_OPEN,2026-09-05T00:12:16.724195Z
3f585134-e900-4fc1-9030-40d061273def,run1_rep3,E,OPEN,OPEN,request,CACHE,HIT,0.01491699913458433,0.7286669988388894,INFO,adaptador.request,false,degradado,0.6641250001848675,9833.523466404,9833.524180154,9833.523451487,9833.524130529,CIRCUIT_OPEN,2026-09-05T00:12:16.724467Z
b4b0f051-bd48-4c9e-baa0-3e3b4ffc4426,run1_rep3,E,OPEN,OPEN,request,CACHE,HIT,0.027624999347608536,0.526916999660898,INFO,adaptador.request,false,degradado,0.42941700121446047,9833.57638107,9833.576880362,9833.576353445,9833.576810487,CIRCUIT_OPEN,2026-09-05T00:12:16.776897Z
04807033-0d45-48a1-be72-558de62072b9,run1_rep3,E,OPEN,OPEN,request,CACHE,HIT,0.04375000025902409,0.767040999562596,INFO,adaptador.request,false,degradado,0.6304159996943781,9833.613595404,9833.614318695,9833.613551654,9833.61422582,CIRCUIT_OPEN,2026-09-05T00:12:16.814373Z
c8bfcda4-d804-4a0a-81ac-5382a82f6bb5,run1_rep3,E,OPEN,OPEN,request,CACHE,HIT,0.026125000658794306,0.465375000203494,INFO,adaptador.request,false,degradado,0.3710000000864966,9833.629187237,9833.629626487,9833.629161112,9833.629558237,CIRCUIT_OPEN,2026-09-05T00:12:16.829645Z
0bc588de-c0d2-4a08-8395-886592a2cfb1,run1_rep3,E,OPEN,OPEN,request,CACHE,HIT,0.029458000426529907,1.3450409987854073,INFO,adaptador.request,false,degradado,1.2526249993243255,9833.725355529,9833.726671112,9833.725326071,9833.726608154,CIRCUIT_OPEN,2026-09-05T00:12:16.927024Z
ceefcb77-6a05-40a9-97c5-48fc047c805e,run1_rep3,E,OPEN,OPEN,request,CACHE,HIT,0.02137500086973887,1.2877919998572906,INFO,adaptador.request,false,degradado,1.2119169987272471,9833.725704029,9833.726970446,9833.725682654,9833.726915946,CIRCUIT_OPEN,2026-09-05T00:12:16.927467Z
d8cfb261-6b12-48a6-9f24-4dcd1716d9e4,run1_rep3,E,OPEN,OPEN,request,CACHE,HIT,0.015999999959603883,1.9714579993888037,INFO,adaptador.request,false,degradado,1.8907499998022104,9833.726101946,9833.728057404,9833.726085946,9833.727992696,CIRCUIT_OPEN,2026-09-05T00:12:16.928286Z
da99dfcd-1b11-42b1-808f-64eaa0778863,run1_rep3,E,OPEN,OPEN,request,CACHE,HIT,0.02516699896659702,0.5559170003834879,INFO,adaptador.request,false,degradado,0.46149999980116263,9833.732834571,9833.733365321,9833.732809404,9833.733296071,CIRCUIT_OPEN,2026-09-05T00:12:16.933392Z
a3551338-8525-40fd-896a-317829ffb6e9,run1_rep3,E,OPEN,OPEN,request,CACHE,HIT,0.029082999390084296,0.5502499989233911,INFO,adaptador.request,false,degradado,0.4547499993350357,9833.787913987,9833.788435154,9833.787884904,9833.788368737,CIRCUIT_OPEN,2026-09-05T00:12:16.988459Z
37d28cd1-c47e-45ce-8f69-b5443a74d548,run1_rep3,E,OPEN,OPEN,request,CACHE,HIT,0.031458999728783965,0.5900420001125894,INFO,adaptador.request,false,degradado,0.4989160006516613,9833.816684321,9833.817242904,9833.816652862,9833.817183237,CIRCUIT_OPEN,2026-09-05T00:12:17.017259Z
030287b5-5acb-4d3c-ab65-25b52cf05ac0,run1_rep3,E,OPEN,OPEN,request,CACHE,HIT,0.0547500003449386,0.7414580013573868,INFO,adaptador.request,false,degradado,0.6030830008967314,9833.857773196,9833.858459904,9833.857718446,9833.858376279,CIRCUIT_OPEN,2026-09-05T00:12:17.058482Z
f698c19c-9612-4654-9af7-79776c80c0da,run1_rep3,E,OPEN,OPEN,request,CACHE,HIT,0.031833000321057625,0.5886250000912696,INFO,adaptador.request,false,degradado,0.49766699885367416,9833.859538237,9833.860095029,9833.859506404,9833.860035904,CIRCUIT_OPEN,2026-09-05T00:12:17.060110Z
a5b362dc-0336-4172-9a58-bb9113fcc0e9,run1_rep3,E,OPEN,OPEN,request,CACHE,HIT,0.029083999834256247,0.4497089994401904,INFO,adaptador.request,false,degradado,0.3702079993672669,9833.860968571,9833.861389196,9833.860939487,9833.861338779,CIRCUIT_OPEN,2026-09-05T00:12:17.061403Z
f7794292-e9b5-443e-bcf7-ae34af6b24ec,run1_rep3,E,OPEN,OPEN,request,CACHE,HIT,0.03699999979289714,0.6487919999926817,INFO,adaptador.request,false,degradado,0.5299580006976612,9833.904633904,9833.905245696,9833.904596904,9833.905163862,CIRCUIT_OPEN,2026-09-05T00:12:17.105269Z
c5e21ec8-5dc4-4028-9e12-5f0d13332345,run1_rep3,E,OPEN,OPEN,request,CACHE,HIT,0.036124998587183654,0.6329169991659,INFO,adaptador.request,false,degradado,0.5287090007186634,9833.987844987,9833.988441779,9833.987808862,9833.988373696,CIRCUIT_OPEN,2026-09-05T00:12:17.188454Z
4079da40-6e18-49f6-93a4-5f8fc60e1b34,run1_rep3,E,OPEN,OPEN,request,CACHE,HIT,0.034124999729101546,0.6067079993954394,INFO,adaptador.request,false,degradado,0.49862500054587144,9834.059746654,9834.060319237,9834.059712529,9834.060245279,CIRCUIT_OPEN,2026-09-05T00:12:17.260358Z
0da0299a-4a01-448e-991d-14377a8ed389,run1_rep3,E,OPEN,OPEN,request,CACHE,HIT,0.023958000383572653,0.509166000483674,INFO,adaptador.request,false,degradado,0.42058299914060626,9834.061191154,9834.061676362,9834.061167196,9834.061611737,CIRCUIT_OPEN,2026-09-05T00:12:17.261697Z
87442c9f-d207-4ca6-8a0f-06c0b80e87d9,run1_rep3,E,OPEN,OPEN,request,CACHE,HIT,0.049875001423060894,0.5330000003596069,INFO,adaptador.request,false,degradado,0.4240419984853361,9834.075027987,9834.075511112,9834.074978112,9834.075452029,CIRCUIT_OPEN,2026-09-05T00:12:17.275510Z
06c1774b-5498-447d-8479-41910f5489d5,run1_rep3,E,OPEN,OPEN,request,CACHE,HIT,0.031417001082445495,1.006417000098736,INFO,adaptador.request,false,degradado,0.8374999997613486,9834.083098696,9834.084073696,9834.083067279,9834.083936196,CIRCUIT_OPEN,2026-09-05T00:12:17.284101Z
4483fb1f-7552-470c-83b6-6f0d44bbed5b,run1_rep3,E,OPEN,OPEN,request,CACHE,HIT,0.03395899875613395,0.5861669997102581,INFO,adaptador.request,false,degradado,0.47954100045899395,9834.119599446,9834.120151654,9834.119565487,9834.120078987,CIRCUIT_OPEN,2026-09-05T00:12:17.320177Z
fffe813e-56f3-4be3-ac4d-f570d9d91d69,run1_rep3,E,OPEN,OPEN,request,CACHE,HIT,0.04358300066087395,0.6928750008228235,INFO,adaptador.request,false,degradado,0.5614170004264452,9834.205664154,9834.206313446,9834.205620571,9834.206225571,CIRCUIT_OPEN,2026-09-05T00:12:17.406347Z
ade770e1-22c8-4495-9707-33aaffff44c2,run1_rep3,E,OPEN,OPEN,request,CACHE,HIT,0.03216699951735791,0.9854170002654428,INFO,adaptador.request,false,degradado,0.8722919992578682,9834.213790279,9834.214743529,9834.213758112,9834.214662571,CIRCUIT_OPEN,2026-09-05T00:12:17.414763Z
57fb241a-3dd0-4466-b530-53c81d900a4f,run1_rep3,E,OPEN,OPEN,request,CACHE,HIT,0.028250000468688086,0.4902079999737907,INFO,adaptador.request,false,degradado,0.390791999961948,9834.222257529,9834.222719487,9834.222229279,9834.222648321,CIRCUIT_OPEN,2026-09-05T00:12:17.422731Z
4d02d4fe-7582-4afe-b997-66d37b9ae49e,run1_rep3,E,OPEN,OPEN,request,CACHE,HIT,0.031042000045999885,0.5414590013970155,INFO,adaptador.request,false,degradado,0.43862500024260953,9834.251665904,9834.252176321,9834.251634862,9834.252104529,CIRCUIT_OPEN,2026-09-05T00:12:17.452199Z
f3245439-4d39-487e-91cd-d439e412674a,run1_rep3,E,OPEN,OPEN,request,CACHE,HIT,0.026792000426212326,0.4644170003302861,INFO,adaptador.request,false,degradado,0.3860420001728926,9834.255638029,9834.256075654,9834.255611237,9834.256024071,CIRCUIT_OPEN,2026-09-05T00:12:17.456073Z
ac4ab4e5-7d4a-4815-b1ab-bc19575f9590,run1_rep3,E,OPEN,OPEN,request,CACHE,HIT,0.03387500146345701,0.5557920012506656,INFO,adaptador.request,false,degradado,0.45358399984252173,9834.316280237,9834.316802154,9834.316246362,9834.316733821,CIRCUIT_OPEN,2026-09-05T00:12:17.516802Z
b36f4a7d-c0d5-4bbb-9772-20ec53891e1f,run1_rep3,E,OPEN,OPEN,request,CACHE,HIT,0.034208000215585344,1.0050000000774162,INFO,adaptador.request,false,degradado,0.8730000008654315,9834.355747279,9834.356718071,9834.355713071,9834.356620279,CIRCUIT_OPEN,2026-09-05T00:12:17.556770Z
3d78070f-8f31-4706-a29c-da6c2149a980,run1_rep3,E,OPEN,OPEN,request,CACHE,HIT,0.040625000110594556,0.6181669996294659,INFO,adaptador.request,false,degradado,0.5074580003565643,9834.376140696,9834.376718238,9834.376100071,9834.376648154,CIRCUIT_OPEN,2026-09-05T00:12:17.576731Z
b37e90e2-4b14-4455-b639-68dd17f2360e,run1_rep3,E,OPEN,OPEN,request,CACHE,HIT,0.043833999370690435,0.7282500009750947,INFO,adaptador.request,false,degradado,0.5923330008954508,9834.452869488,9834.453553904,9834.452825654,9834.453461821,CIRCUIT_OPEN,2026-09-05T00:12:17.653593Z
e05e10a2-1f06-49b2-a159-4c60a1975064,run1_rep3,E,OPEN,OPEN,request,CACHE,HIT,0.05212500036577694,0.6684590007353108,INFO,adaptador.request,false,degradado,0.5402090009738458,9834.533311279,9834.533927613,9834.533259154,9834.533851488,CIRCUIT_OPEN,2026-09-05T00:12:17.733979Z
a0410382-f90b-4947-8f79-7937a2b3c95b,run1_rep3,E,OPEN,OPEN,request,CACHE,HIT,0.05204200169828255,0.9047500007000053,INFO,adaptador.request,false,degradado,0.739624998459476,9834.573375821,9834.574228529,9834.573323779,9834.574115446,CIRCUIT_OPEN,2026-09-05T00:12:17.774256Z
f7c97aae-5590-4a90-8f53-2c42fc3880e7,run1_rep3,E,OPEN,OPEN,request,CACHE,HIT,0.06458399911934976,1.385791998472996,INFO,adaptador.request,false,degradado,1.1901660000148695,9834.609656613,9834.610977821,9834.609592029,9834.610846779,CIRCUIT_OPEN,2026-09-05T00:12:17.811037Z
aa98a034-be52-4531-aa7e-d0273b2ed461,run1_rep3,E,OPEN,OPEN,request,CACHE,HIT,0.025207998987752944,0.5030409993196372,INFO,adaptador.request,false,degradado,0.42545799988147337,9834.611832321,9834.612310154,9834.611807113,9834.612257779,CIRCUIT_OPEN,2026-09-05T00:12:17.812313Z
426a2833-a7fd-4eb9-aa86-4585674fbfb0,run1_rep3,E,OPEN,OPEN,request,CACHE,HIT,0.027709000278264284,0.5934589989919914,INFO,adaptador.request,false,degradado,0.4774999997607665,9834.617462988,9834.618028738,9834.617435279,9834.617940488,CIRCUIT_OPEN,2026-09-05T00:12:17.818058Z
c91224cb-1830-447f-b020-1a4d9b6b9e0d,run1_rep3,E,OPEN,OPEN,request,CACHE,HIT,0.023334001525654458,0.4627920006896602,INFO,adaptador.request,false,degradado,0.39570799890498165,9834.647974863,9834.648414321,9834.647951529,9834.648370571,CIRCUIT_OPEN,2026-09-05T00:12:17.848410Z
066da8cb-4e9d-4a75-8240-5971e1e570d9,run1_rep3,E,OPEN,OPEN,request,CACHE,HIT,0.01716699989628978,0.4510420003498439,INFO,adaptador.request,false,degradado,0.3787500008911593,9834.653350821,9834.653784696,9834.653333654,9834.653729571,CIRCUIT_OPEN,2026-09-05T00:12:17.853793Z
8a3cbff3-2e83-4a00-8d45-2e27f55104f5,run1_rep3,E,OPEN,OPEN,request,CACHE,HIT,0.014541999917128123,0.3819169996859273,INFO,adaptador.request,false,degradado,0.2929579986812314,9834.673699696,9834.674067071,9834.673685154,9834.673992654,CIRCUIT_OPEN,2026-09-05T00:12:17.874079Z
074849a6-c657-4e24-bf5b-f3d2256fa4f6,run1_rep3,E,OPEN,OPEN,request,CACHE,HIT,0.019332999727339484,0.49087499974120874,INFO,adaptador.request,false,degradado,0.4263339997123694,9834.675510154,9834.675981696,9834.675490821,9834.675936488,CIRCUIT_OPEN,2026-09-05T00:12:17.875988Z
99c241b0-a2c9-4ba7-af50-96c3fa15696b,run1_rep3,E,OPEN,OPEN,request,CACHE,HIT,0.06541699985973537,0.9566669996274868,INFO,adaptador.request,false,degradado,0.759374999688589,9834.780188071,9834.781079321,9834.780122654,9834.780947446,CIRCUIT_OPEN,2026-09-05T00:12:17.981126Z
2056ba10-a73c-4aae-9356-d7bc7d0358d5,run1_rep3,E,OPEN,OPEN,request,CACHE,HIT,0.05729199983761646,0.8421669990639202,INFO,adaptador.request,false,degradado,0.6888749994686805,9834.824091946,9834.824876821,9834.824034654,9834.824780821,CIRCUIT_OPEN,2026-09-05T00:12:18.024910Z
1fb1eb8e-cc20-456f-8aae-b042a1e05d07,run1_rep3,E,OPEN,OPEN,request,CACHE,HIT,0.01741699998092372,0.6712499998684507,INFO,adaptador.request,false,degradado,0.568916000702302,9834.871228613,9834.871882446,9834.871211196,9834.871797529,CIRCUIT_OPEN,2026-09-05T00:12:18.072217Z
dece8ba6-2720-4587-9b3f-0e1ae04c4779,run1_rep3,E,OPEN,OPEN,request,CACHE,HIT,0.05129199962539133,1.4607499997509876,INFO,adaptador.request,false,degradado,1.35437499920954,9834.870785363,9834.872194821,9834.870734071,9834.872139738,CIRCUIT_OPEN,2026-09-05T00:12:18.072512Z
9f395ff6-646f-4cc8-bd5a-5c4a582174dd,run1_rep3,E,OPEN,OPEN,request,CACHE,HIT,0.03579199983505532,0.5544169998756843,INFO,adaptador.request,false,degradado,0.4493750002438901,9834.894330613,9834.894849238,9834.894294821,9834.894779988,CIRCUIT_OPEN,2026-09-05T00:12:18.094857Z
02815548-90d1-4198-98bc-d50cdb806d53,run1_rep3,E,OPEN,OPEN,request,CACHE,HIT,0.03391700010979548,0.5376669996621786,INFO,adaptador.request,false,degradado,0.4398750006657792,9834.930291113,9834.930794863,9834.930257196,9834.930730988,CIRCUIT_OPEN,2026-09-05T00:12:18.130810Z
b2e43059-f1da-4d48-abf2-bb9b08dfc493,run1_rep3,E,OPEN,OPEN,request,CACHE,HIT,0.036375000490807,1.146791000792291,INFO,adaptador.request,false,degradado,1.0394159999123076,9835.011492238,9835.012602654,9835.011455863,9835.012531654,CIRCUIT_OPEN,2026-09-05T00:12:18.212896Z
25a46c36-eb67-484f-9615-11534fc36abc,run1_rep3,E,OPEN,OPEN,request,CACHE,HIT,0.02283300091221463,0.7797079997544643,INFO,adaptador.request,false,degradado,0.7059589988784865,9835.012124904,9835.012881779,9835.012102071,9835.012830863,CIRCUIT_OPEN,2026-09-05T00:12:18.213174Z
c9ff8879-2c4c-4c40-aee1-5a616bf60f2f,run1_rep3,E,OPEN,OPEN,request,CACHE,HIT,0.03283299884060398,0.5969999983790331,INFO,adaptador.request,false,degradado,0.4892920005659107,9835.037100946,9835.037665113,9835.037068113,9835.037590238,CIRCUIT_OPEN,2026-09-05T00:12:18.237693Z
e55465ef-275c-47c2-9c1a-aa6de857bca2,run1_rep3,E,OPEN,OPEN,request,CACHE,HIT,0.02541699905123096,0.8134170002449537,INFO,adaptador.request,false,degradado,0.6923750006535556,9835.042438571,9835.043226571,9835.042413154,9835.043130946,CIRCUIT_OPEN,2026-09-05T00:12:18.243266Z
eea1a7f1-72bc-4147-8bb6-565ea2feaf4d,run1_rep3,E,OPEN,OPEN,request,CACHE,HIT,0.03779100006795488,0.6398749992513331,INFO,adaptador.request,false,degradado,0.5266669995762641,9835.090994446,9835.09159653,9835.090956655,9835.091521113,CIRCUIT_OPEN,2026-09-05T00:12:18.291618Z
d0729c2f-0550-4709-8130-b679981d7cd4,run1_rep3,E,OPEN,OPEN,request,CACHE,HIT,0.0362920000043232,0.6440830002247822,INFO,adaptador.request,false,degradado,0.532750000274973,9835.131817905,9835.132425696,9835.131781613,9835.132350655,CIRCUIT_OPEN,2026-09-05T00:12:18.332447Z
225ddb4c-f878-470d-a505-ea67d28ea3f1,run1_rep3,E,OPEN,OPEN,request,CACHE,HIT,0.04683299994212575,0.6640419996983837,INFO,adaptador.request,false,degradado,0.5456669987324858,9835.152190196,9835.152807405,9835.152143363,9835.152735863,CIRCUIT_OPEN,2026-09-05T00:12:18.352825Z
cc1dd9ca-d68c-48a9-9aee-35872d60ee6b,run1_rep3,E,OPEN,OPEN,request,CACHE,HIT,0.05654199958371464,1.336833000095794,INFO,adaptador.request,false,degradado,1.1646660004771547,9835.21114303,9835.212423321,9835.211086488,9835.212307696,CIRCUIT_OPEN,2026-09-05T00:12:18.412475Z
1e5ca015-52b6-4e81-a6fe-7b5c9c3ffa4c,run1_rep3,E,OPEN,OPEN,request,CACHE,HIT,0.030375000278581865,0.7086670011631213,INFO,adaptador.request,false,degradado,0.5747499999415595,9835.213380988,9835.21405928,9835.213350613,9835.213955738,CIRCUIT_OPEN,2026-09-05T00:12:18.414069Z
fe84e896-e6f3-44a0-9852-73b8ab2a71a6,run1_rep3,E,OPEN,OPEN,request,CACHE,HIT,0.03508299960230943,0.8061669996095588,INFO,adaptador.request,false,degradado,0.6678339996142313,9835.231375821,9835.232146905,9835.231340738,9835.232043655,CIRCUIT_OPEN,2026-09-05T00:12:18.432182Z
629e9a23-9a75-4dde-bfce-b0b8cc90830c,run1_rep3,E,OPEN,OPEN,request,CACHE,HIT,0.06629199924645945,1.4654170008725487,INFO,adaptador.request,false,degradado,1.3004580014239764,9835.287216488,9835.288615613,9835.287150196,9835.288516946,CIRCUIT_OPEN,2026-09-05T00:12:18.488620Z
47fefa62-ad2a-4dd3-a9d4-75968359e994,run1_rep3,E,OPEN,OPEN,request,CACHE,HIT,0.028417000066838227,1.47383399962564,INFO,adaptador.request,false,degradado,1.3790829998470144,9835.287798988,9835.289244405,9835.287770571,9835.289178071,CIRCUIT_OPEN,2026-09-05T00:12:18.489269Z
998a9a87-ad70-4bc5-a9b2-ba529036fb69,run1_rep3,E,OPEN,OPEN,request,CACHE,HIT,0.0569160001759883,1.2041250010952353,INFO,adaptador.request,false,degradado,1.0341670003981562,9835.333683821,9835.33483103,9835.333626905,9835.334717988,CIRCUIT_OPEN,2026-09-05T00:12:18.534859Z
8e93077a-79fd-4fa8-baef-93ca8e79c8b3,run1_rep3,E,OPEN,OPEN,request,CACHE,HIT,0.017791999198379926,1.3327920005394844,INFO,adaptador.request,false,degradado,1.244291001057718,9835.334130655,9835.335445655,9835.334112863,9835.335374946,CIRCUIT_OPEN,2026-09-05T00:12:18.535465Z
af382888-86f7-4683-be97-2055922f8377,run1_rep3,E,OPEN,OPEN,request,CACHE,HIT,0.0307080008496996,0.6562500002473826,INFO,adaptador.request,false,degradado,0.550958999156137,9835.349575446,9835.350200988,9835.349544738,9835.350126405,CIRCUIT_OPEN,2026-09-05T00:12:18.550230Z
0c2aa575-5a1e-4c28-b97c-f37afd190ecc,run1_rep3,E,OPEN,OPEN,request,CACHE,HIT,0.052999999752501026,0.8578340002713958,INFO,adaptador.request,false,degradado,0.7061670003167819,9835.411968446,9835.41277328,9835.411915446,9835.412674613,CIRCUIT_OPEN,2026-09-05T00:12:18.612812Z
a550d372-48d0-4125-a0af-f66d3f3470df,run1_rep3,E,OPEN,OPEN,request,CACHE,HIT,0.04308300049160607,1.168583001344814,INFO,adaptador.request,false,degradado,1.0362079992773943,9835.466650863,9835.467776363,9835.46660778,9835.467687071,CIRCUIT_OPEN,2026-09-05T00:12:18.668093Z
aad6d605-4922-4222-9f35-6130c15e1e81,run1_rep3,E,OPEN,OPEN,request,CACHE,HIT,0.020375000531203113,0.9450420002394821,INFO,adaptador.request,false,degradado,0.8759169995755656,9835.467162696,9835.468087363,9835.467142321,9835.468038613,CIRCUIT_OPEN,2026-09-05T00:12:18.668368Z
977a8753-e4d3-4eff-be22-6a852edae6f4,run1_rep3,E,OPEN,OPEN,request,CACHE,HIT,0.029625000024680048,0.585083000260056,INFO,adaptador.request,false,degradado,0.48683299974072725,9835.476761155,9835.477316613,9835.47673153,9835.477247988,CIRCUIT_OPEN,2026-09-05T00:12:18.677347Z
1cc4f68b-5113-4d6c-bc2c-97172efe1909,run1_rep3,E,OPEN,OPEN,request,CACHE,HIT,0.03325000034237746,0.6407500004570466,INFO,adaptador.request,false,degradado,0.5090409995318623,9835.538467155,9835.539074655,9835.538433905,9835.538976196,CIRCUIT_OPEN,2026-09-05T00:12:18.739083Z
3129df58-b1b7-45b2-8ce8-6f8655691a02,run1_rep3,E,OPEN,OPEN,request,CACHE,HIT,0.03345900040585548,0.5745840007875813,INFO,adaptador.request,false,degradado,0.4846659994655056,9835.552077405,9835.55261853,9835.552043946,9835.552562071,CIRCUIT_OPEN,2026-09-05T00:12:18.752621Z
0ed57230-e85a-4d74-9973-01f74572939d,run1_rep3,E,OPEN,OPEN,request,CACHE,HIT,0.031583000236423686,0.5939580005360767,INFO,adaptador.request,false,degradado,0.49358399883203674,9835.572761821,9835.573324196,9835.572730238,9835.573255405,CIRCUIT_OPEN,2026-09-05T00:12:18.773341Z
4e257078-f199-46d5-a2fc-292807cf5e51,run1_rep3,E,OPEN,OPEN,request,CACHE,HIT,0.03470800038485322,1.59495799925935,INFO,adaptador.request,false,degradado,1.4931249988876516,9835.580140238,9835.581700488,9835.58010553,9835.581633363,CIRCUIT_OPEN,2026-09-05T00:12:18.782153Z
475377f2-b7fc-4b77-bdb6-aaba9d5854e6,run1_rep3,E,OPEN,OPEN,request,CACHE,HIT,0.0195419997908175,1.4174999996612314,INFO,adaptador.request,false,degradado,1.3398329992924118,9835.580726988,9835.582124946,9835.580707446,9835.582066821,CIRCUIT_OPEN,2026-09-05T00:12:18.782677Z
cf8b7d3e-9e6e-401e-93d7-f6783e0e745e,run1_rep3,E,OPEN,OPEN,request,CACHE,HIT,0.014375000318977982,1.1312919996271376,INFO,adaptador.request,false,degradado,1.0786669990920927,9835.581547488,9835.582664405,9835.581533113,9835.582626155,CIRCUIT_OPEN,2026-09-05T00:12:18.783206Z
f19b5176-a76b-4a88-8390-0eb0e71f42c0,run1_rep3,E,OPEN,OPEN,request,CACHE,HIT,0.022125001123640686,0.4409590001159813,INFO,adaptador.request,false,degradado,0.34987499930139165,9835.608525821,9835.608944655,9835.608503696,9835.608875696,CIRCUIT_OPEN,2026-09-05T00:12:18.808960Z
b1ab85bb-624f-453b-b55e-32ab2e9cc238,run1_rep3,E,OPEN,OPEN,request,CACHE,HIT,0.05854200026078615,0.8277090000774479,INFO,adaptador.request,false,degradado,0.6498330003523733,9835.675177488,9835.675946655,9835.675118946,9835.675827321,CIRCUIT_OPEN,2026-09-05T00:12:18.876057Z
3eddaa2b-5c98-4685-bea2-a0dee4664ddc,run1_rep3,E,OPEN,OPEN,request,CACHE,HIT,0.06120899888628628,0.8145840001816396,INFO,adaptador.request,false,degradado,0.6324160003714496,9835.732294405,9835.73304778,9835.732233196,9835.732926821,CIRCUIT_OPEN,2026-09-05T00:12:18.933098Z
7fc9569e-677f-4748-984a-cbbf28fbb2ff,run1_rep3,E,OPEN,OPEN,request,CACHE,HIT,0.0268340008915402,0.5071670002507744,INFO,adaptador.request,false,degradado,0.41695799882290885,9835.733964405,9835.734444738,9835.733937571,9835.734381363,CIRCUIT_OPEN,2026-09-05T00:12:18.934455Z
de76f9e9-550f-4616-b258-ce3ff1c52b20,run1_rep3,E,OPEN,OPEN,request,CACHE,HIT,0.03491700044833124,0.612667001405498,INFO,adaptador.request,false,degradado,0.5171249995328253,9835.77268853,9835.77326628,9835.772653613,9835.773205655,CIRCUIT_OPEN,2026-09-05T00:12:18.973267Z
331aa3a8-db40-4299-8516-a44e8bb33ce7,run1_rep3,E,OPEN,OPEN,request,CACHE,HIT,0.03570800072338898,0.624165999397519,INFO,adaptador.request,false,degradado,0.5265419986244524,9835.859646905,9835.860235363,9835.859611197,9835.860173447,CIRCUIT_OPEN,2026-09-05T00:12:19.060249Z
9e7ad19b-1b0c-46d1-884b-c0cf035c0c68,run1_rep3,E,OPEN,OPEN,request,CACHE,HIT,0.02454100103932433,0.4735410002467688,INFO,adaptador.request,false,degradado,0.38520899943250697,9835.865925238,9835.866374238,9835.865900697,9835.866310447,CIRCUIT_OPEN,2026-09-05T00:12:19.066382Z
8ae1fa7c-1b71-46dd-ae4b-c42a9cd7191d,run1_rep3,E,OPEN,OPEN,request,CACHE,HIT,0.027833000785904005,0.9420000005775364,INFO,adaptador.request,false,degradado,0.858666999192792,9835.893244155,9835.894158322,9835.893216322,9835.894102822,CIRCUIT_OPEN,2026-09-05T00:12:19.094402Z
901ddc34-6d28-4632-b578-97efd13dd441,run1_rep3,E,OPEN,OPEN,request,CACHE,HIT,0.01795900061551947,0.7463750007445924,INFO,adaptador.request,false,degradado,0.6937500002095476,9835.893675697,9835.894404113,9835.893657738,9835.894369447,CIRCUIT_OPEN,2026-09-05T00:12:19.094658Z
c14013c3-421b-4ad7-9386-3745ea1ca7bb,run1_rep3,E,OPEN,OPEN,request,CACHE,HIT,0.02491599843779113,0.8731660000194097,INFO,adaptador.request,false,degradado,0.7885840004746569,9835.904912113,9835.905760363,9835.904887197,9835.905700697,CIRCUIT_OPEN,2026-09-05T00:12:19.106040Z
d9bcf2f0-8528-492a-b40e-c5a273377e66,run1_rep3,E,OPEN,OPEN,request,CACHE,HIT,0.018124999769497663,0.6702910013700603,INFO,adaptador.request,false,degradado,0.5905409998376854,9835.905363572,9835.906015738,9835.905345447,9835.905954113,CIRCUIT_OPEN,2026-09-05T00:12:19.106352Z
5c73d30e-a7ce-4ccd-ae7e-bc0310f5bef5,run1_rep3,E,OPEN,OPEN,request,CACHE,HIT,0.031125000532483682,0.6107919998612488,INFO,adaptador.request,false,degradado,0.4911249998258427,9835.923464738,9835.924044405,9835.923433613,9835.923955863,CIRCUIT_OPEN,2026-09-05T00:12:19.124079Z
bf45d99a-cdb8-4098-9abe-6c9c7130de11,run1_rep3,E,OPEN,OPEN,request,CACHE,HIT,0.033333999454043806,0.662791999275214,INFO,adaptador.request,false,degradado,0.5515409993677167,9835.978264947,9835.978894405,9835.978231613,9835.978816488,CIRCUIT_OPEN,2026-09-05T00:12:19.178924Z
6b64987e-e719-4103-b09e-aadff843132a,run1_rep3,E,OPEN,OPEN,request,CACHE,HIT,0.03491600000415929,1.2398749986459734,INFO,adaptador.request,false,degradado,1.1025419989891816,9836.049764613,9836.050969572,9836.049729697,9836.050867155,CIRCUIT_OPEN,2026-09-05T00:12:19.251022Z
786833b1-3871-480f-a5cd-e0ceef0fe171,run1_rep3,E,OPEN,OPEN,request,CACHE,HIT,0.023082999177859165,1.299292000112473,INFO,adaptador.request,false,degradado,1.2133750005887123,9836.050289988,9836.051566197,9836.050266905,9836.051503363,CIRCUIT_OPEN,2026-09-05T00:12:19.251578Z
a0d85e6c-d539-4769-b311-7d698cab0d29,run1_rep3,E,OPEN,OPEN,request,CACHE,HIT,0.030415998480748385,0.4910829993605148,INFO,adaptador.request,false,degradado,0.3946250017179409,9836.053883988,9836.054344655,9836.053853572,9836.054278613,CIRCUIT_OPEN,2026-09-05T00:12:19.254349Z
2afbeaa7-c448-4f6c-9716-6dd7c0baabe4,run1_rep3,E,CLOSED,OPEN,request,PROVIDER,N/A,,98.59799999867391,INFO,adaptador.request,false,exitoso,,,9836.214190738,9836.115592738,,,2026-09-05T00:12:19.414272Z
03b73a34-1db7-4c25-bfb7-afc7f05755ec,run1_rep3,E,CLOSED,HALF_OPEN,request,PROVIDER,N/A,,172.50254200007475,INFO,adaptador.request,true,exitoso,,,9836.29086553,9836.118362988,,,2026-09-05T00:12:19.490978Z
53a33b83-78a2-406e-8490-399d62ebf782,run1_rep3,E,CLOSED,HALF_OPEN,request,PROVIDER,N/A,,169.5307909994881,INFO,adaptador.request,true,exitoso,,,9836.350689238,9836.181158447,,,2026-09-05T00:12:19.550724Z
948ce2dc-f033-4ec3-a2bc-d57c08564ba5,run1_rep3,E,CLOSED,CLOSED,request,PROVIDER,N/A,,197.3675839999487,INFO,adaptador.request,true,exitoso,,,9836.412190197,9836.214822613,,,2026-09-05T00:12:19.612259Z
fc699813-fefa-46bc-ae7e-67bff5e4cf6b,run1_rep3,E,CLOSED,CLOSED,request,PROVIDER,N/A,,227.7031249996071,INFO,adaptador.request,true,exitoso,,,9836.495094697,9836.267391572,,,2026-09-05T00:12:19.695123Z
6f969272-fbe0-4871-b20f-7e8eb74c5279,run1_rep3,E,CLOSED,CLOSED,request,PROVIDER,N/A,,323.6712499983696,INFO,adaptador.request,true,exitoso,,,9836.591734822,9836.268063572,,,2026-09-05T00:12:19.791864Z
5dc75174-5f07-44d0-9ddf-865b2ac34f8e,run1_rep3,E,CLOSED,CLOSED,request,PROVIDER,N/A,,413.4555420005199,INFO,adaptador.request,true,exitoso,,,9836.692694822,9836.27923928,,,2026-09-05T00:12:19.892787Z
45ee3ad9-dc95-47a0-9753-96a2e37bb41c,run1_rep3,E,CLOSED,CLOSED,request,PROVIDER,N/A,,345.7445009989897,INFO,adaptador.request,true,exitoso,,,9836.749635114,9836.403890613,,,2026-09-05T00:12:19.949657Z
b0991183-9407-4e00-ac07-41308874f5a4,run1_rep3,E,CLOSED,CLOSED,request,PROVIDER,N/A,,425.7716669999354,INFO,adaptador.request,true,exitoso,,,9836.840619364,9836.414847697,,,2026-09-05T00:12:20.040642Z
ad171b6c-954e-46e7-81ab-8639c680fae4,run1_rep3,E,CLOSED,CLOSED,request,PROVIDER,N/A,,462.94462500009104,INFO,adaptador.request,true,exitoso,,,9836.919510822,9836.456566197,,,2026-09-05T00:12:20.119534Z
52d0587b-9581-4b43-8f79-f510ea8dad30,run1_rep3,E,CLOSED,CLOSED,request,PROVIDER,N/A,,494.9189170001773,INFO,adaptador.request,true,exitoso,,,9836.984672989,9836.489754072,,,2026-09-05T00:12:20.184715Z
b7c8c868-4e30-48c0-8e54-802acf08258c,run1_rep3,E,CLOSED,CLOSED,request,PROVIDER,N/A,,531.6538330007461,INFO,adaptador.request,true,exitoso,,,9837.082994905,9836.551341072,,,2026-09-05T00:12:20.283046Z
1889b075-c140-44e8-8661-b9871179ec27,run1_rep3,E,CLOSED,CLOSED,request,PROVIDER,N/A,,603.6133329998847,INFO,adaptador.request,true,exitoso,,,9837.160278447,9836.556665114,,,2026-09-05T00:12:20.360343Z
49ce48e8-0f11-424f-b26d-dbe75b3f2614,run1_rep3,E,CLOSED,CLOSED,request,PROVIDER,N/A,,600.4824169995118,INFO,adaptador.request,true,exitoso,,,9837.223629072,9836.623146655,,,2026-09-05T00:12:20.423682Z
d514ee05-f33a-4b67-9363-e5f8fed737a8,run1_rep3,E,CLOSED,CLOSED,request,PROVIDER,N/A,,394.7276670005522,INFO,adaptador.request,true,exitoso,,,9837.312452447,9836.91772478,,,2026-09-05T00:12:20.512516Z
2f694b36-5319-4f81-a83f-9134d72ecf23,run1_rep3,E,CLOSED,CLOSED,request,PROVIDER,N/A,,435.6341259990586,INFO,adaptador.request,true,exitoso,,,9837.396552531,9836.960918405,,,2026-09-05T00:12:20.596595Z
51fe9f97-ceb2-4c1a-be18-0cbcd63ff31a,run1_rep3,E,CLOSED,CLOSED,request,PROVIDER,N/A,,468.86675099995045,INFO,adaptador.request,true,exitoso,,,9837.484205781,9837.01533903,,,2026-09-05T00:12:20.684255Z
1aaec90c-591f-49c9-bd24-1492922f045c,run1_rep3,E,CLOSED,CLOSED,request,PROVIDER,N/A,,458.15425099863205,INFO,adaptador.request,true,exitoso,,,9837.581781406,9837.123627155,,,2026-09-05T00:12:20.781813Z
869d07fa-66f6-4da1-84be-852fa2a454d2,run1_rep3,E,CLOSED,CLOSED,request,PROVIDER,N/A,,458.8807079999242,INFO,adaptador.request,true,exitoso,,,9837.682317239,9837.223436531,,,2026-09-05T00:12:20.882401Z
92d8c9e3-ee04-4802-93bf-736319570279,run1_rep3,E,CLOSED,CLOSED,request,PROVIDER,N/A,,529.1419999994105,INFO,adaptador.request,true,exitoso,,,9837.755247031,9837.226105031,,,2026-09-05T00:12:20.955266Z
695b8453-44aa-46b1-8966-105dbb379763,run1_rep3,E,CLOSED,CLOSED,request,PROVIDER,N/A,,563.9814589994785,INFO,adaptador.request,true,exitoso,,,9837.858021031,9837.294039572,,,2026-09-05T00:12:21.058045Z
7b3e5c42-e28f-4542-9988-c053e37c8464,run1_rep3,E,CLOSED,CLOSED,request,PROVIDER,N/A,,526.9899590002751,INFO,adaptador.request,true,exitoso,,,9837.925616781,9837.398626822,,,2026-09-05T00:12:21.125677Z
e31550e8-624a-4763-8f8e-09eed43a759c,run1_rep3,E,CLOSED,CLOSED,request,PROVIDER,N/A,,562.8013750010723,INFO,adaptador.request,true,exitoso,,,9838.010363031,9837.447561656,,,2026-09-05T00:12:21.210409Z
75732de5-7ef2-47e2-b81f-fa09884b69b7,run1_rep3,E,CLOSED,CLOSED,request,PROVIDER,N/A,,405.59829199992237,INFO,adaptador.request,true,exitoso,,,9838.073923448,9837.668325156,,,2026-09-05T00:12:21.273965Z
261a1e88-029f-4042-aec7-505a5cb17021,run1_rep3,E,CLOSED,CLOSED,request,PROVIDER,N/A,,371.4150420000806,INFO,adaptador.request,true,exitoso,,,9838.130704198,9837.759289156,,,2026-09-05T00:12:21.330732Z
77f8d1f6-a7e5-42f0-9543-687f8f366fb9,run1_rep3,E,CLOSED,CLOSED,request,PROVIDER,N/A,,428.3787919994211,INFO,adaptador.request,true,exitoso,,,9838.224411239,9837.796032447,,,2026-09-05T00:12:21.424515Z
a99bf4a1-fcbc-449f-9d48-edf302a4c191,run1_rep3,E,CLOSED,CLOSED,request,PROVIDER,N/A,,507.21016699935717,INFO,adaptador.request,true,exitoso,,,9838.315654614,9837.808444447,,,2026-09-05T00:12:21.515694Z
863d41df-d3d2-469e-ba9c-1a228940a449,run1_rep3,E,CLOSED,CLOSED,request,PROVIDER,N/A,,512.5291670010483,INFO,adaptador.request,true,exitoso,,,9838.377911198,9837.865382031,,,2026-09-05T00:12:21.577975Z
b10b4ab5-f1d7-48af-b6fb-e889baba9083,run1_rep3,E,CLOSED,CLOSED,request,PROVIDER,N/A,,547.5697080000828,INFO,adaptador.request,true,exitoso,,,9838.446651781,9837.899082073,,,2026-09-05T00:12:21.646679Z
bae0581a-4651-4a77-8a9c-a6e7b8c69742,run1_rep3,E,CLOSED,CLOSED,request,PROVIDER,N/A,,460.89949999986857,INFO,adaptador.request,true,exitoso,,,9838.516626531,9838.055727031,,,2026-09-05T00:12:21.716731Z
fef3ee40-4c75-42fa-adac-22426df72f6f,run1_rep3,E,CLOSED,CLOSED,request,PROVIDER,N/A,,502.59687500147265,INFO,adaptador.request,true,exitoso,,,9838.574740698,9838.072143823,,,2026-09-05T00:12:21.774820Z
4d25c7de-d110-41c4-894c-819a73412438,run1_rep3,E,CLOSED,CLOSED,request,PROVIDER,N/A,,516.4609169987671,INFO,adaptador.request,true,exitoso,,,9838.652175865,9838.135714948,,,2026-09-05T00:12:21.852209Z
ccc241b6-7a11-44c0-9016-3cf3abe5fe3c,run1_rep3,E,CLOSED,CLOSED,request,PROVIDER,N/A,,590.9600840004714,INFO,adaptador.request,true,exitoso,,,9838.757201615,9838.166241531,,,2026-09-05T00:12:21.957262Z
195f70f4-da39-4c03-aa91-35b96d2b8e75,run1_rep3,E,CLOSED,CLOSED,request,PROVIDER,N/A,,605.4457499994896,INFO,adaptador.request,true,exitoso,,,9838.815853156,9838.210407406,,,2026-09-05T00:12:22.015901Z
f6cb94af-491c-4733-9286-8894263565ea,run1_rep3,E,CLOSED,CLOSED,request,PROVIDER,N/A,,510.07620800010045,INFO,adaptador.request,true,exitoso,,,9838.883705031,9838.373628823,,,2026-09-05T00:12:22.083824Z
466648de-2415-4a1e-bb4d-643a50e22d72,run1_rep3,E,CLOSED,CLOSED,request,PROVIDER,N/A,,601.7284580011619,INFO,adaptador.request,true,exitoso,,,9838.987882281,9838.386153823,,,2026-09-05T00:12:22.187947Z
e9cb0ed2-8e7f-4ce1-8876-6af6dc8a9227,run1_rep3,E,CLOSED,CLOSED,request,PROVIDER,N/A,,473.0947500011098,INFO,adaptador.request,true,exitoso,,,9839.058656781,9838.585562031,,,2026-09-05T00:12:22.258694Z
d593202e-62f4-4995-830d-e6c9c6e62a63,run1_rep3,E,CLOSED,CLOSED,request,PROVIDER,N/A,,558.5583749998477,INFO,adaptador.request,true,exitoso,,,9839.152925823,9838.594367448,,,2026-09-05T00:12:22.352978Z
21f86ebc-4fe2-464b-a516-a7c854befe9e,run1_rep3,E,CLOSED,CLOSED,request,PROVIDER,N/A,,598.0622910010425,INFO,adaptador.request,true,exitoso,,,9839.245330281,9838.64726799,,,2026-09-05T00:12:22.445366Z
ab271c33-ed19-401e-bf36-5cdd021a02bc,run1_rep3,E,CLOSED,CLOSED,request,PROVIDER,N/A,,622.656083000038,INFO,adaptador.request,true,exitoso,,,9839.318962948,9838.696306865,,,2026-09-05T00:12:22.519017Z
ee470493-9e21-4e36-a9b5-30640b7d1ad6,run1_rep3,E,CLOSED,CLOSED,request,PROVIDER,N/A,,707.3730840002099,INFO,adaptador.request,true,exitoso,,,9839.410311782,9838.702938698,,,2026-09-05T00:12:22.610371Z
a23609d1-ac71-4ead-828e-05040642a5ff,run1_rep3,E,CLOSED,CLOSED,request,PROVIDER,N/A,,626.5828750001674,INFO,adaptador.request,true,exitoso,,,9839.48927149,9838.862688615,,,2026-09-05T00:12:22.689305Z
19fd501d-14eb-4acc-82a5-0c290f7d1045,run1_rep3,E,CLOSED,CLOSED,request,PROVIDER,N/A,,438.2136669992178,INFO,adaptador.request,true,exitoso,,,9839.591746907,9839.15353324,,,2026-09-05T00:12:22.791817Z
49db498e-1dfe-40b8-95ec-8afde4af305e,run1_rep3,E,CLOSED,CLOSED,request,PROVIDER,N/A,,531.906333999359,INFO,adaptador.request,true,exitoso,,,9839.69536874,9839.163462406,,,2026-09-05T00:12:22.895439Z
04107bff-eaca-4bc4-a8dd-9a5d6d57e0cc,run1_rep3,E,CLOSED,CLOSED,request,PROVIDER,N/A,,524.020582999583,INFO,adaptador.request,true,exitoso,,,9839.77876899,9839.254748407,,,2026-09-05T00:12:22.978842Z
d4b78128-75d9-4a9c-831e-dbbaee633fd7,run1_rep3,E,CLOSED,CLOSED,request,PROVIDER,N/A,,574.9828749994776,INFO,adaptador.request,true,exitoso,,,9839.869631282,9839.294648407,,,2026-09-05T00:12:23.069668Z
4b143003-fb3b-478a-ab57-d76240ba9c28,run1_rep3,E,CLOSED,CLOSED,request,PROVIDER,N/A,,643.1567919989902,INFO,adaptador.request,true,exitoso,,,9839.96804199,9839.324885198,,,2026-09-05T00:12:23.168130Z
6027aa7b-2606-4b75-84e3-943de577644d,run1_rep3,E,CLOSED,CLOSED,request,PROVIDER,N/A,,655.5467090001912,INFO,adaptador.request,true,exitoso,,,9840.063789074,9839.408242365,,,2026-09-05T00:12:23.263773Z
a7af5969-fbf4-4756-819c-47acddbd397c,run1_rep3,E,CLOSED,CLOSED,request,PROVIDER,N/A,,642.4300830003631,INFO,adaptador.request,true,exitoso,,,9840.151824365,9839.509394282,,,2026-09-05T00:12:23.351890Z
1ca6f3bc-3f0c-4dc2-bf64-817332174936,run1_rep3,E,CLOSED,CLOSED,request,PROVIDER,N/A,,693.1060839997372,INFO,adaptador.request,true,exitoso,,,9840.257548782,9839.564442698,,,2026-09-05T00:12:23.457622Z
fd8df883-c1ec-4c71-a0ea-dc31ac0f6276,run1_rep3,E,CLOSED,CLOSED,request,PROVIDER,N/A,,577.3852079983044,INFO,adaptador.request,true,exitoso,,,9840.35379224,9839.776407032,,,2026-09-05T00:12:23.553872Z
b7d3a3ea-ec63-4e20-a2d1-9cf3af648fb8,run1_rep3,E,CLOSED,CLOSED,request,PROVIDER,N/A,,611.5652919997956,INFO,adaptador.request,true,exitoso,,,9840.413241532,9839.80167624,,,2026-09-05T00:12:23.613282Z
83102748-75ed-41ea-ac42-c84a4f778f0b,run1_rep3,E,CLOSED,CLOSED,request,PROVIDER,N/A,,669.5670419994713,INFO,adaptador.request,true,exitoso,,,9840.471874407,9839.802307365,,,2026-09-05T00:12:23.672034Z
53729e34-1f94-4897-a456-eee4e87ab960,run1_rep3,E,CLOSED,CLOSED,request,PROVIDER,N/A,,700.1902089996292,INFO,adaptador.request,true,exitoso,,,9840.559808282,9839.859618073,,,2026-09-05T00:12:23.759904Z
62a5e462-68b9-44e0-8371-0aff4e6fec37,run1_rep3,E,CLOSED,CLOSED,request,PROVIDER,N/A,,657.3267920011858,INFO,adaptador.request,true,exitoso,,,9840.661958074,9840.004631282,,,2026-09-05T00:12:23.862043Z
09dff579-19e8-4d4d-a16f-cefb5f15a1d2,run1_rep3,E,CLOSED,CLOSED,request,PROVIDER,N/A,,628.2195419989876,INFO,adaptador.request,true,exitoso,,,9840.745660866,9840.117441324,,,2026-09-05T00:12:23.945744Z
acb2c550-903e-43e0-ba5b-30aacf365cda,run1_rep3,E,CLOSED,CLOSED,request,PROVIDER,N/A,,507.47587499972724,INFO,adaptador.request,true,exitoso,,,9840.840901782,9840.333425907,,,2026-09-05T00:12:24.040985Z
8963edaa-98ab-4b7c-b575-09c1608e3ee9,run1_rep3,E,CLOSED,CLOSED,request,PROVIDER,N/A,,557.8246250006487,INFO,adaptador.request,true,exitoso,,,9840.914380782,9840.356556157,,,2026-09-05T00:12:24.114447Z
3effba44-ec3c-4408-92a3-eff75dd077a0,run1_rep3,E,CLOSED,CLOSED,request,PROVIDER,N/A,,528.2680009986507,INFO,adaptador.request,true,exitoso,,,9840.980210241,9840.45194224,,,2026-09-05T00:12:24.180265Z
6a7e26d5-b72c-479b-a568-6745078290ca,run1_rep3,E,CLOSED,CLOSED,request,PROVIDER,N/A,,434.96937599957164,INFO,adaptador.request,true,exitoso,,,9841.078808616,9840.64383924,,,2026-09-05T00:12:24.278886Z
e61888ab-4576-404d-90c2-edd13cb790f0,run1_rep3,E,CLOSED,CLOSED,request,PROVIDER,N/A,,505.80416599950695,INFO,adaptador.request,true,exitoso,,,9841.180885282,9840.675081116,,,2026-09-05T00:12:24.380944Z
d4503159-5602-437b-b851-bca6e800e775,run1_rep3,E,CLOSED,CLOSED,request,PROVIDER,N/A,,465.7428330010589,INFO,adaptador.request,true,exitoso,,,9841.257766782,9840.792023949,,,2026-09-05T00:12:24.457806Z
d5ec9d7b-9901-43a7-b76b-831b5d5d127c,run1_rep3,E,CLOSED,CLOSED,request,PROVIDER,N/A,,532.7665839995461,INFO,adaptador.request,true,exitoso,,,9841.329397491,9840.796630907,,,2026-09-05T00:12:24.529429Z
70b6e474-eec4-4f42-9916-ed78f4422afe,run1_rep3,E,CLOSED,CLOSED,request,PROVIDER,N/A,,546.8824589988799,INFO,adaptador.request,true,exitoso,,,9841.403508491,9840.856626032,,,2026-09-05T00:12:24.603573Z
d796574e-e717-4415-85f9-06d833da6177,run1_rep3,E,CLOSED,CLOSED,request,PROVIDER,N/A,,457.8662509993592,INFO,adaptador.request,true,exitoso,,,9841.488462033,9841.030595782,,,2026-09-05T00:12:24.688449Z
d2e2aa50-19de-49d1-ac77-7dc779345e89,run1_rep3,E,CLOSED,CLOSED,request,PROVIDER,N/A,,478.783292001026,INFO,adaptador.request,true,exitoso,,,9841.588276283,9841.109492991,,,2026-09-05T00:12:24.788315Z
5173964f-9093-4f5c-8c6d-ee35d6c90048,run1_rep3,E,CLOSED,CLOSED,request,PROVIDER,N/A,,513.9332500002638,INFO,adaptador.request,true,exitoso,,,9841.658482491,9841.144549241,,,2026-09-05T00:12:24.858595Z
d6f50278-a5fc-49e3-be45-a1d67c3fda64,run1_rep3,E,CLOSED,CLOSED,request,PROVIDER,N/A,,556.6328750010143,INFO,adaptador.request,true,exitoso,,,9841.719146366,9841.162513491,,,2026-09-05T00:12:24.919190Z
8cad1090-a4eb-4ebd-a3ab-748a6ed3081d,run1_rep3,E,CLOSED,CLOSED,request,PROVIDER,N/A,,506.23745799930475,INFO,adaptador.request,true,exitoso,,,9841.775638574,9841.269401116,,,2026-09-05T00:12:24.975727Z
c4f1284e-668d-42af-bd61-0faa86a60477,run1_rep3,E,CLOSED,CLOSED,request,PROVIDER,N/A,,433.2541250005306,INFO,adaptador.request,true,exitoso,,,9841.864970033,9841.431715908,,,2026-09-05T00:12:25.065074Z
b37ebbcf-4985-4c42-a28e-af7b736fd954,run1_rep3,E,CLOSED,CLOSED,request,PROVIDER,N/A,,462.30683400062844,INFO,adaptador.request,true,exitoso,,,9841.924139283,9841.461832449,,,2026-09-05T00:12:25.124197Z
4aea9b94-f8f7-4aae-aaf5-6c2a61c72253,run1_rep3,E,CLOSED,CLOSED,request,PROVIDER,N/A,,423.51562499970896,INFO,adaptador.request,true,exitoso,,,9842.030546824,9841.607031199,,,2026-09-05T00:12:25.231163Z
7c2bd69f-c674-40d2-9c07-763988e9b702,run1_rep3,E,CLOSED,CLOSED,request,PROVIDER,N/A,,497.67187500037835,INFO,adaptador.request,true,exitoso,,,9842.105067949,9841.607396074,,,2026-09-05T00:12:25.305667Z
48494b29-8564-458a-a95d-817a39d85f2f,run1_rep3,E,CLOSED,CLOSED,request,PROVIDER,N/A,,472.6007909994223,INFO,adaptador.request,true,exitoso,,,9842.166440699,9841.693839908,,,2026-09-05T00:12:25.367098Z
4e455cba-bf46-4f40-9cf0-5696b5149991,run1_rep3,E,CLOSED,CLOSED,request,PROVIDER,N/A,,419.2151669994928,INFO,adaptador.request,true,exitoso,,,9842.253585741,9841.834370574,,,2026-09-05T00:12:25.454257Z
7dc55b14-0736-4fb2-b017-50df2b94506e,run1_rep3,E,CLOSED,CLOSED,request,PROVIDER,N/A,,434.28545799906715,INFO,adaptador.request,true,exitoso,,,9842.308230366,9841.873944908,,,2026-09-05T00:12:25.508879Z
e189e2d3-f243-48d0-b4f6-78d003711a4d,run1_rep3,E,CLOSED,CLOSED,request,PROVIDER,N/A,,424.53104200103553,INFO,adaptador.request,true,exitoso,,,9842.413131866,9841.988600824,,,2026-09-05T00:12:25.613788Z
a1ec5142-168a-48de-8e3a-74c68878c10c,run1_rep3,E,CLOSED,CLOSED,request,PROVIDER,N/A,,439.002041999629,INFO,adaptador.request,true,exitoso,,,9842.470543324,9842.031541282,,,2026-09-05T00:12:25.671200Z
2ff7e46f-30dd-4d94-9c2f-7ce266b9b3f9,run1_rep3,E,CLOSED,CLOSED,request,PROVIDER,N/A,,411.62412499943457,INFO,adaptador.request,true,exitoso,,,9842.542288157,9842.130664032,,,2026-09-05T00:12:25.742960Z
7bc89b27-7c14-463d-aa91-630a797ceb7e,run1_rep3,E,CLOSED,CLOSED,request,PROVIDER,N/A,,439.15820800066285,INFO,adaptador.request,true,exitoso,,,9842.600750657,9842.161592449,,,2026-09-05T00:12:25.801352Z
8c5dd9c3-514b-4515-b500-22d5e3b8a431,run1_rep3,E,CLOSED,CLOSED,request,PROVIDER,N/A,,387.3440839997784,INFO,adaptador.request,true,exitoso,,,9842.685691616,9842.298347532,,,2026-09-05T00:12:25.886295Z
70481408-8b1c-4512-ad15-408a330ddb0a,run1_rep3,E,CLOSED,CLOSED,request,PROVIDER,N/A,,468.0300839991105,INFO,adaptador.request,true,exitoso,,,9842.774119908,9842.306089824,,,2026-09-05T00:12:25.974756Z
a2239812-7ca2-4b71-a4e5-c71304c1ffb4,run1_rep3,E,CLOSED,CLOSED,request,PROVIDER,N/A,,510.1373759989656,INFO,adaptador.request,true,exitoso,,,9842.830806908,9842.320669532,,,2026-09-05T00:12:26.031476Z
cca134a5-4cf1-4f11-98ee-ff1a14771f01,run1_rep3,E,CLOSED,CLOSED,request,PROVIDER,N/A,,436.56737499986775,INFO,adaptador.request,true,exitoso,,,9842.894803574,9842.458236199,,,2026-09-05T00:12:26.095474Z
50b543b4-88da-430b-b9f1-abd35390ef8b,run1_rep3,E,CLOSED,CLOSED,request,PROVIDER,N/A,,437.0360419998178,INFO,adaptador.request,true,exitoso,,,9842.996393449,9842.559357407,,,2026-09-05T00:12:26.197039Z
b1d8c09e-512f-4eff-bb75-083e3c7fe8ae,run1_rep3,E,CLOSED,CLOSED,request,PROVIDER,N/A,,476.30983400085825,INFO,adaptador.request,true,exitoso,,,9843.074363866,9842.598054032,,,2026-09-05T00:12:26.275022Z
4b022406-fa9c-452d-92bb-e789dc0c8225,run1_rep3,E,CLOSED,CLOSED,request,PROVIDER,N/A,,571.5450420011621,INFO,adaptador.request,true,exitoso,,,9843.172662491,9842.601117449,,,2026-09-05T00:12:26.373313Z
9607ee04-cf78-41ce-a326-ecfbbfd21e97,run1_rep3,E,CLOSED,CLOSED,request,PROVIDER,N/A,,396.1228749994916,INFO,adaptador.request,true,exitoso,,,9843.241776366,9842.845653491,,,2026-09-05T00:12:26.442437Z
f3c2f318-9b71-49fc-b185-e4c23bc49a92,run1_rep3,E,CLOSED,CLOSED,request,PROVIDER,N/A,,401.1487080006191,INFO,adaptador.request,true,exitoso,,,9843.302747866,9842.901599158,,,2026-09-05T00:12:26.503404Z
5e5b3764-c4f2-40a7-b43a-dcf9cbd17999,run1_rep3,E,CLOSED,CLOSED,request,PROVIDER,N/A,,445.75816599899554,INFO,adaptador.request,true,exitoso,,,9843.377801199,9842.932043033,,,2026-09-05T00:12:26.578474Z
61bddcfe-8bde-4715-9224-d3c7ba142114,run1_rep3,E,CLOSED,CLOSED,request,PROVIDER,N/A,,374.0573340000992,INFO,adaptador.request,true,exitoso,,,9843.470479575,9843.096422241,,,2026-09-05T00:12:26.671134Z
f846726a-0462-48d4-8652-c1abe5683456,run1_rep3,E,CLOSED,CLOSED,request,PROVIDER,N/A,,477.98545899968303,INFO,adaptador.request,true,exitoso,,,9843.574829075,9843.096843616,,,2026-09-05T00:12:26.775465Z
653613c4-f066-4ad0-bc71-72510235c39c,run1_rep3,E,CLOSED,CLOSED,request,PROVIDER,N/A,,464.40495800015924,INFO,adaptador.request,true,exitoso,,,9843.645592491,9843.181187533,,,2026-09-05T00:12:26.846251Z
c49b6b36-ff09-4fef-b80a-c87d46e66871,run1_rep3,E,CLOSED,CLOSED,request,PROVIDER,N/A,,569.7077920012816,INFO,adaptador.request,true,exitoso,,,9843.751224616,9843.181516824,,,2026-09-05T00:12:26.951929Z
01fc6f54-b8ee-4a39-a742-611878f2a510,run1_rep3,E,CLOSED,CLOSED,request,PROVIDER,N/A,,424.31779200160236,INFO,adaptador.request,true,exitoso,,,9843.848790825,9843.424473033,,,2026-09-05T00:12:27.049436Z
46467b44-f311-4d75-8aa0-73e56a0090f3,run1_rep3,E,CLOSED,CLOSED,request,PROVIDER,N/A,,486.2589160002244,INFO,adaptador.request,true,exitoso,,,9843.951159741,9843.464900825,,,2026-09-05T00:12:27.151830Z
91f73ae9-7d60-450b-830b-86552af6f114,run1_rep3,E,CLOSED,CLOSED,request,PROVIDER,N/A,,589.1765840005974,INFO,adaptador.request,true,exitoso,,,9844.0544572,9843.465280616,,,2026-09-05T00:12:27.255166Z
7d945089-9812-4b21-bd1b-9ebdb89edd0f,run1_rep3,E,CLOSED,CLOSED,request,PROVIDER,N/A,,487.9798750007467,INFO,adaptador.request,true,exitoso,,,9844.117383408,9843.629403533,,,2026-09-05T00:12:27.318011Z
98844c60-7c4d-45ca-9457-77a9d5cc794a,run1_rep3,E,CLOSED,CLOSED,request,PROVIDER,N/A,,508.96770899998955,INFO,adaptador.request,true,exitoso,,,9844.178569242,9843.669601533,,,2026-09-05T00:12:27.379216Z
a4d8b337-38df-4fe6-a699-318c529227a3,run1_rep3,E,CLOSED,CLOSED,request,PROVIDER,N/A,,419.95362600027875,INFO,adaptador.request,true,exitoso,,,9844.244252492,9843.824298866,,,2026-09-05T00:12:27.444948Z
d6fe0392-57f7-4c85-b2bd-b8955ffb17e0,run1_rep3,E,CLOSED,CLOSED,request,PROVIDER,N/A,,498.11945900000865,INFO,adaptador.request,true,exitoso,,,9844.333910325,9843.835790866,,,2026-09-05T00:12:27.534567Z
70a6668f-3358-4cc4-9bca-0e4832ac31f8,run1_rep3,E,CLOSED,CLOSED,request,PROVIDER,N/A,,548.634458999004,INFO,adaptador.request,true,exitoso,,,9844.39533695,9843.846702491,,,2026-09-05T00:12:27.595990Z
4dff7edc-824a-4142-8619-e90c0ce64330,run1_rep3,E,CLOSED,CLOSED,request,PROVIDER,N/A,,624.5455419993959,INFO,adaptador.request,true,exitoso,,,9844.486955117,9843.862409575,,,2026-09-05T00:12:27.687645Z
e9a09606-eeb8-493b-a672-219dd52e353b,run1_rep3,E,CLOSED,CLOSED,request,PROVIDER,N/A,,587.0112089996837,INFO,adaptador.request,true,exitoso,,,9844.54830345,9843.961292241,,,2026-09-05T00:12:27.748975Z
359deec9-303d-4934-85e0-f4960446d0bc,run1_rep3,E,CLOSED,CLOSED,request,PROVIDER,N/A,,612.3251249991881,INFO,adaptador.request,true,exitoso,,,9844.619716283,9844.007391158,,,2026-09-05T00:12:27.820352Z
398b74ef-9d98-439e-821b-21f6f734bfeb,run1_rep3,E,CLOSED,CLOSED,request,PROVIDER,N/A,,452.4674160002178,INFO,adaptador.request,true,exitoso,,,9844.701897908,9844.249430492,,,2026-09-05T00:12:27.902570Z
8e54fc7d-fae4-450b-94b6-9332bdaa6304,run1_rep3,E,CLOSED,CLOSED,request,PROVIDER,N/A,,454.1820419999567,INFO,adaptador.request,true,exitoso,,,9844.761458492,9844.30727645,,,2026-09-05T00:12:27.962112Z
796f4510-9690-4d6d-be4e-94a9eca5d8b7,run1_rep3,E,CLOSED,CLOSED,request,PROVIDER,N/A,,415.4048750006041,INFO,adaptador.request,true,exitoso,,,9844.843560867,9844.428155992,,,2026-09-05T00:12:28.044217Z
69b321db-3dcf-4eb0-ace0-6f98f18978dd,run1_rep3,E,CLOSED,CLOSED,request,PROVIDER,N/A,,502.6043750003737,INFO,adaptador.request,true,exitoso,,,9844.931175325,9844.42857095,,,2026-09-05T00:12:28.131845Z
535fbead-60c3-4b43-a371-35daa8254ca1,run1_rep3,E,CLOSED,CLOSED,request,PROVIDER,N/A,,460.8562079993135,INFO,adaptador.request,true,exitoso,,,9845.0134237,9844.552567492,,,2026-09-05T00:12:28.214078Z
66e0fb03-4837-4bab-bb55-cbe29fa5fccc,run1_rep3,E,CLOSED,CLOSED,request,PROVIDER,N/A,,538.2933339988085,INFO,adaptador.request,true,exitoso,,,9845.112202367,9844.573909033,,,2026-09-05T00:12:28.312884Z
284d0ee8-6c0f-4b77-b8f6-3933bd40b21f,run1_rep3,E,CLOSED,CLOSED,request,PROVIDER,N/A,,598.8974170013535,INFO,adaptador.request,true,exitoso,,,9845.216861659,9844.617964242,,,2026-09-05T00:12:28.417528Z
2bfa48be-180f-4293-a5f0-44fc12cd06b5,run1_rep3,E,CLOSED,CLOSED,request,PROVIDER,N/A,,505.14516700059175,INFO,adaptador.request,true,exitoso,,,9845.283078992,9844.777933825,,,2026-09-05T00:12:28.483727Z
5e86b796-7066-4cd3-8429-9b71739f61c4,run1_rep3,E,CLOSED,CLOSED,request,PROVIDER,N/A,,564.1074169998319,INFO,adaptador.request,true,exitoso,,,9845.364729367,9844.80062195,,,2026-09-05T00:12:28.565380Z
06dcff48-d370-410c-8a88-ee39f72a17f2,run1_rep3,E,CLOSED,CLOSED,request,PROVIDER,N/A,,531.1543749994598,INFO,adaptador.request,true,exitoso,,,9845.433918534,9844.902764159,,,2026-09-05T00:12:28.634668Z
cee105b8-b977-40ab-a3db-3ea66de0eb6c,run1_rep3,E,CLOSED,CLOSED,request,PROVIDER,N/A,,486.1291670003993,INFO,adaptador.request,true,exitoso,,,9845.526796284,9845.040667117,,,2026-09-05T00:12:28.727481Z
4e560879-d452-4091-9f6e-bf199b2d424a,run1_rep3,E,CLOSED,CLOSED,request,PROVIDER,N/A,,548.2902080002532,INFO,adaptador.request,true,exitoso,,,9845.620816242,9845.072526034,,,2026-09-05T00:12:28.821470Z
9db25d49-b261-4827-82d9-37e325b3ff83,run1_rep3,E,CLOSED,CLOSED,request,PROVIDER,N/A,,590.1559169997199,INFO,adaptador.request,true,exitoso,,,9845.682540909,9845.092384992,,,2026-09-05T00:12:28.883199Z
b6bbd017-6241-427a-ad13-666b52f1fb86,run1_rep3,E,CLOSED,CLOSED,request,PROVIDER,N/A,,617.64362500071,INFO,adaptador.request,true,exitoso,,,9845.783701242,9845.166057617,,,2026-09-05T00:12:28.984361Z
f37d35de-c267-4eda-ac61-7c5ff5b8b9e4,run1_rep3,E,CLOSED,CLOSED,request,PROVIDER,N/A,,617.4342079993949,INFO,adaptador.request,true,exitoso,,,9845.840812867,9845.223378659,,,2026-09-05T00:12:29.041462Z
cb3a5d7d-595b-46a9-9bfa-93efb9fee8c9,run1_rep3,E,CLOSED,CLOSED,request,PROVIDER,N/A,,459.6040840006026,INFO,adaptador.request,true,exitoso,,,9845.925808659,9845.466204575,,,2026-09-05T00:12:29.126458Z
a860ca6f-0e42-42d1-ab28-3b08bc36ac04,run1_rep3,E,CLOSED,CLOSED,request,PROVIDER,N/A,,424.91558300025645,INFO,adaptador.request,true,exitoso,,,9846.017714367,9845.592798784,,,2026-09-05T00:12:29.218370Z
811af5d1-b99c-4186-8e4f-98a8e7d4fd33,run1_rep3,E,CLOSED,CLOSED,request,PROVIDER,N/A,,479.82012499960547,INFO,adaptador.request,true,exitoso,,,9846.113671742,9845.633851617,,,2026-09-05T00:12:29.314330Z
4d0f7f04-b828-4c84-a3bf-a91277e7acb3,run1_rep3,E,CLOSED,CLOSED,request,PROVIDER,N/A,,550.8186259994545,INFO,adaptador.request,true,exitoso,,,9846.220355618,9845.669536992,,,2026-09-05T00:12:29.421017Z
72b04c50-5a70-447f-9bb5-c55f5e13aa23,run1_rep3,E,CLOSED,CLOSED,request,PROVIDER,N/A,,598.2780000013008,INFO,adaptador.request,true,exitoso,,,9846.322508159,9845.724230159,,,2026-09-05T00:12:29.523180Z
bfea0535-b932-44cc-8563-9f365f848e0f,run1_rep3,E,CLOSED,CLOSED,request,PROVIDER,N/A,,589.6247920009046,INFO,adaptador.request,true,exitoso,,,9846.420324868,9845.830700076,,,2026-09-05T00:12:29.620992Z
1b4d7575-325d-4d55-a7bf-36d14c3e52da,run1_rep3,E,CLOSED,CLOSED,request,PROVIDER,N/A,,642.6332920000277,INFO,adaptador.request,true,exitoso,,,9846.512631409,9845.869998117,,,2026-09-05T00:12:29.713281Z
26bac525-3cb7-4437-99fb-d6b5f333fc72,run1_rep3,E,CLOSED,CLOSED,request,PROVIDER,N/A,,650.9176250001474,INFO,adaptador.request,true,exitoso,,,9846.601208534,9845.950290909,,,2026-09-05T00:12:29.801850Z
8c5da459-1e91-4a39-a1f8-5d29a690e4f3,run1_rep3,E,CLOSED,CLOSED,request,PROVIDER,N/A,,696.0051669993845,INFO,adaptador.request,true,exitoso,,,9846.690091784,9845.994086617,,,2026-09-05T00:12:29.890772Z
410e4618-d1e7-4d0d-bb7e-2407efc18a16,run1_rep3,E,CLOSED,CLOSED,request,PROVIDER,N/A,,725.5825009997352,INFO,adaptador.request,true,exitoso,,,9846.772177243,9846.046594742,,,2026-09-05T00:12:29.972833Z
fd875911-1e67-41a2-a5be-a120bcefaac4,run1_rep3,E,CLOSED,CLOSED,request,PROVIDER,N/A,,738.992333999704,INFO,adaptador.request,true,exitoso,,,9846.853417368,9846.114425034,,,2026-09-05T00:12:30.054122Z
ed936a9b-646d-4fc2-b0ee-e5e76fa53785,run1_rep3,E,CLOSED,CLOSED,request,PROVIDER,N/A,,579.5371250005701,INFO,adaptador.request,true,exitoso,,,9846.952418743,9846.372881618,,,2026-09-05T00:12:30.153068Z
87953e9c-1fcb-42be-b4dd-2e48acb13ff0,run1_rep3,E,CLOSED,CLOSED,request,PROVIDER,N/A,,608.9862089993403,INFO,adaptador.request,true,exitoso,,,9847.03071016,9846.421723951,,,2026-09-05T00:12:30.231372Z
ecdd9b35-2def-480e-97a5-ff57575b5095,run1_rep3,E,CLOSED,CLOSED,request,PROVIDER,N/A,,510.121250001248,INFO,adaptador.request,true,exitoso,,,9847.096277618,9846.586156368,,,2026-09-05T00:12:30.296932Z
b30e4359-7dc0-4fda-a1ab-d81494c223ed,run1_rep3,E,CLOSED,CLOSED,request,PROVIDER,N/A,,514.3142090000765,INFO,adaptador.request,true,exitoso,,,9847.16056091,9846.646246701,,,2026-09-05T00:12:30.361246Z
f6e4fa26-98bb-422f-9907-3cabc7543f31,run1_rep3,E,CLOSED,CLOSED,request,PROVIDER,N/A,,522.8714589993615,INFO,adaptador.request,true,exitoso,,,9847.217864535,9846.694993076,,,2026-09-05T00:12:30.418499Z
5aadc7f0-6264-433b-b53b-ec2751a20818,run1_rep3,E,CLOSED,CLOSED,request,PROVIDER,N/A,,499.7900419984944,INFO,adaptador.request,true,exitoso,,,9847.290212326,9846.790422284,,,2026-09-05T00:12:30.490830Z
af317d44-44a3-4a9f-9555-8f40da9d5d4a,run1_rep3,E,CLOSED,CLOSED,request,PROVIDER,N/A,,432.3123329995724,INFO,adaptador.request,true,exitoso,,,9847.387500326,9846.955187993,,,2026-09-05T00:12:30.588162Z
ca0b043e-3949-4e6a-a7a3-3c53b838198d,run1_rep3,E,CLOSED,CLOSED,request,PROVIDER,N/A,,510.93629200113355,INFO,adaptador.request,true,exitoso,,,9847.47138891,9846.960452618,,,2026-09-05T00:12:30.672083Z
b9c7c771-cad0-4e55-8b26-67e60091a8e9,run1_rep3,E,CLOSED,CLOSED,request,PROVIDER,N/A,,571.6056669989484,INFO,adaptador.request,true,exitoso,,,9847.549732868,9846.978127201,,,2026-09-05T00:12:30.750414Z
151c6ce1-6424-423f-a7fe-7b06c979aa5a,run1_rep3,E,CLOSED,CLOSED,request,PROVIDER,N/A,,453.83637600025395,INFO,adaptador.request,true,exitoso,,,9847.631684077,9847.177847701,,,2026-09-05T00:12:30.832331Z
d960db6b-7424-4bc9-9c2b-7ecf921d9991,run1_rep3,E,CLOSED,CLOSED,request,PROVIDER,N/A,,523.9366670011805,INFO,adaptador.request,true,exitoso,,,9847.724284952,9847.200348285,,,2026-09-05T00:12:30.924931Z
496ea633-9435-4abe-a2ff-f9eb490b5253,run1_rep3,E,CLOSED,CLOSED,request,PROVIDER,N/A,,540.780500999972,INFO,adaptador.request,true,exitoso,,,9847.796277952,9847.255497451,,,2026-09-05T00:12:30.996928Z
80cc04c0-c9ab-4e2a-b808-d8a9f2a44b60,run1_rep3,E,CLOSED,CLOSED,request,PROVIDER,N/A,,586.935084000288,INFO,adaptador.request,true,exitoso,,,9847.857220035,9847.270284951,,,2026-09-05T00:12:31.057873Z
9c6feb95-e7fa-4c32-bd22-daf63eaaf58a,run1_rep3,E,CLOSED,CLOSED,request,PROVIDER,N/A,,463.4692500003439,INFO,adaptador.request,true,exitoso,,,9847.95305666,9847.48958741,,,2026-09-05T00:12:31.153722Z
df3c0a88-56a4-47b8-b328-c06d01fde12e,run1_rep3,E,CLOSED,CLOSED,request,PROVIDER,N/A,,458.30758400006744,INFO,adaptador.request,true,exitoso,,,9848.03659241,9847.578284826,,,2026-09-05T00:12:31.237244Z
70751879-2045-499a-abf9-41ba46cd352b,run1_rep3,E,CLOSED,CLOSED,request,PROVIDER,N/A,,533.3087090002664,INFO,adaptador.request,true,exitoso,,,9848.119705327,9847.586396618,,,2026-09-05T00:12:31.320343Z
47715dd9-52fb-4863-825e-6bb90181e755,run1_rep3,E,CLOSED,CLOSED,request,PROVIDER,N/A,,431.2068340004771,INFO,adaptador.request,true,exitoso,,,9848.208904577,9847.777697743,,,2026-09-05T00:12:31.409577Z
73bef431-a0b4-42d6-b587-fdefc8f1b371,run1_rep3,E,CLOSED,CLOSED,request,PROVIDER,N/A,,491.88770900036616,INFO,adaptador.request,true,exitoso,,,9848.284456119,9847.79256841,,,2026-09-05T00:12:31.485145Z
7038e91d-a833-4c31-b431-896443bd841c,run1_rep3,E,CLOSED,CLOSED,request,PROVIDER,N/A,,569.5188760000747,INFO,adaptador.request,true,exitoso,,,9848.386910869,9847.817391993,,,2026-09-05T00:12:31.587656Z
58e75608-157d-4449-9b62-707c5e5f7162,run1_rep3,E,CLOSED,CLOSED,request,PROVIDER,N/A,,423.9009590000933,INFO,adaptador.request,true,exitoso,,,9848.466504577,9848.042603618,,,2026-09-05T00:12:31.667153Z
73fdcd26-ab79-48ce-93d3-a5444bd02387,run1_rep3,E,CLOSED,CLOSED,request,PROVIDER,N/A,,453.88679200004844,INFO,adaptador.request,true,exitoso,,,9848.553936035,9848.100049243,,,2026-09-05T00:12:31.754621Z
cd9a7779-e74d-4744-8018-de6b2eddffd4,run1_rep3,E,CLOSED,CLOSED,request,PROVIDER,N/A,,450.65795899972727,INFO,adaptador.request,true,exitoso,,,9848.629565952,9848.178907993,,,2026-09-05T00:12:31.830230Z
425dfd38-de39-4dba-966d-0af8e116ab18,run1_rep3,E,CLOSED,CLOSED,request,PROVIDER,N/A,,404.54270800000813,INFO,adaptador.request,true,exitoso,,,9848.690450202,9848.285907494,,,2026-09-05T00:12:31.891116Z
ecebf39b-6d84-4fa1-b581-85737930734c,run1_rep3,E,CLOSED,CLOSED,request,PROVIDER,N/A,,464.9582920010289,INFO,adaptador.request,true,exitoso,,,9848.792296744,9848.327338452,,,2026-09-05T00:12:31.992949Z
c409433b-36e4-4a8c-833b-c4519fce1f76,run1_rep3,E,CLOSED,CLOSED,request,PROVIDER,N/A,,481.52933299934375,INFO,adaptador.request,true,exitoso,,,9848.870987702,9848.389458369,,,2026-09-05T00:12:32.071681Z
689be450-3d92-46b6-9de3-231a93319057,run1_rep3,E,CLOSED,CLOSED,request,PROVIDER,N/A,,406.9859589999396,INFO,adaptador.request,true,exitoso,,,9848.939102994,9848.532117035,,,2026-09-05T00:12:32.139763Z
4e8747c2-1e92-4ca6-9d84-6bb47450cd7a,run1_rep3,E,CLOSED,CLOSED,request,PROVIDER,N/A,,463.9739169997483,INFO,adaptador.request,true,exitoso,,,9849.011324994,9848.547351077,,,2026-09-05T00:12:32.211982Z
f6883cf6-5a19-4c45-b6a4-f21b08644478,run1_rep3,E,CLOSED,CLOSED,request,PROVIDER,N/A,,481.89470899887965,INFO,adaptador.request,true,exitoso,,,9849.117294286,9848.635399577,,,2026-09-05T00:12:32.317967Z
af532988-a9c7-42e0-b976-96c5243baabd,run1_rep3,E,CLOSED,CLOSED,request,PROVIDER,N/A,,553.8282920006168,INFO,adaptador.request,true,exitoso,,,9849.221630536,9848.667802244,,,2026-09-05T00:12:32.422284Z
f255ebf9-cf18-4076-b018-944b82b51615,run1_rep3,E,CLOSED,CLOSED,request,PROVIDER,N/A,,519.7595000008732,INFO,adaptador.request,true,exitoso,,,9849.315216827,9848.795457327,,,2026-09-05T00:12:32.515876Z
121e1e36-6851-4a8f-8dc9-8d51705a5e47,run1_rep3,E,CLOSED,CLOSED,request,PROVIDER,N/A,,578.1834589997743,INFO,adaptador.request,true,exitoso,,,9849.376759911,9848.798576452,,,2026-09-05T00:12:32.577412Z
f0c64ac5-4753-45a2-876d-e3cf82912408,run1_rep3,E,CLOSED,CLOSED,request,PROVIDER,N/A,,515.1105000004463,INFO,adaptador.request,true,exitoso,,,9849.452264369,9848.937153869,,,2026-09-05T00:12:32.652904Z
d23fa8db-cc1b-4ab7-a305-95eb0cab08f0,run1_rep3,E,CLOSED,CLOSED,request,PROVIDER,N/A,,591.8491669999639,INFO,adaptador.request,true,exitoso,,,9849.557568411,9848.965719244,,,2026-09-05T00:12:32.758198Z
00785329-8a55-4a40-8d9b-c1fad7d6f7a8,run1_rep3,E,CLOSED,CLOSED,request,PROVIDER,N/A,,537.3951669989765,INFO,adaptador.request,true,exitoso,,,9849.625150536,9849.087755369,,,2026-09-05T00:12:32.825825Z
3501ba84-9492-4991-a152-4ffd8de8a830,run1_rep3,E,CLOSED,CLOSED,request,PROVIDER,N/A,,541.2236250012938,INFO,adaptador.request,true,exitoso,,,9849.701244411,9849.160020786,,,2026-09-05T00:12:32.901977Z
174d827f-d44a-41d1-9bd1-ae6f76398bd6,run1_rep3,E,CLOSED,CLOSED,request,PROVIDER,N/A,,541.1284590009018,INFO,adaptador.request,true,exitoso,,,9849.768582953,9849.227454494,,,2026-09-05T00:12:32.969270Z
70150273-6957-452b-af9e-210ddac75dfa,run1_rep3,E,CLOSED,CLOSED,request,PROVIDER,N/A,,471.3322090010479,INFO,adaptador.request,true,exitoso,,,9849.833582453,9849.362250244,,,2026-09-05T00:12:33.034250Z
10e27e7b-a5fe-473a-9add-f665fd020d38,run1_rep3,E,CLOSED,CLOSED,request,PROVIDER,N/A,,418.36700000021665,INFO,adaptador.request,true,exitoso,,,9849.895301619,9849.476934619,,,2026-09-05T00:12:33.095957Z
903b2096-dd46-4f5a-823e-fa69173bb3da,run1_rep3,E,CLOSED,CLOSED,request,PROVIDER,N/A,,403.69354199901863,INFO,adaptador.request,true,exitoso,,,9849.959333661,9849.555640119,,,2026-09-05T00:12:33.159946Z
ce174f98-f5e4-4d53-8928-7e5a13263ea7,run1_rep3,E,CLOSED,CLOSED,request,PROVIDER,N/A,,480.37345800003095,INFO,adaptador.request,true,exitoso,,,9850.055858994,9849.575485536,,,2026-09-05T00:12:33.256495Z
177ccebe-ca75-4611-9477-9530fed886a4,run1_rep3,E,CLOSED,CLOSED,request,PROVIDER,N/A,,506.5699589995347,INFO,adaptador.request,true,exitoso,,,9850.157697953,9849.651127994,,,2026-09-05T00:12:33.358361Z
126a4160-022b-4372-823a-b05a31d0b624,run1_rep3,E,CLOSED,CLOSED,request,PROVIDER,N/A,,514.8218340000312,INFO,adaptador.request,true,exitoso,,,9850.219954453,9849.705132619,,,2026-09-05T00:12:33.420649Z
a43f6412-3589-4c23-9606-3d246ba72a00,run1_rep3,E,CLOSED,CLOSED,request,PROVIDER,N/A,,547.4794170004316,INFO,adaptador.request,true,exitoso,,,9850.285309453,9849.737830036,,,2026-09-05T00:12:33.485982Z
0ff4313d-7afc-4cd3-9ebd-51821f173f14,run1_rep3,E,CLOSED,CLOSED,request,PROVIDER,N/A,,363.7227500003064,INFO,adaptador.request,true,exitoso,,,9850.345154619,9849.981431869,,,2026-09-05T00:12:33.545839Z
d1e096e4-bc45-4c4f-a1a8-a396f7409bd9,run1_rep3,E,CLOSED,CLOSED,request,PROVIDER,N/A,,376.40687599923695,INFO,adaptador.request,true,exitoso,,,9850.448741495,9850.072334619,,,2026-09-05T00:12:33.649406Z
80280023-47ac-4deb-826b-961f426e06f1,run1_rep3,E,CLOSED,CLOSED,request,PROVIDER,N/A,,448.8404999992781,INFO,adaptador.request,true,exitoso,,,9850.525265703,9850.076425203,,,2026-09-05T00:12:33.725923Z
008398ba-1732-427d-97a7-e381be2120f7,run1_rep3,E,CLOSED,CLOSED,request,PROVIDER,N/A,,508.19537499955914,INFO,adaptador.request,true,exitoso,,,9850.629660453,9850.121465078,,,2026-09-05T00:12:33.830339Z
afac9256-9457-46f2-bb1f-5cd4fbe4c227,run1_rep3,E,CLOSED,CLOSED,request,PROVIDER,N/A,,519.5523749989661,INFO,adaptador.request,true,exitoso,,,9850.718885036,9850.199332661,,,2026-09-05T00:12:33.919601Z
ace85c91-9c34-4144-ac8d-7fc957ea2a65,run1_rep3,E,CLOSED,CLOSED,request,PROVIDER,N/A,,547.0582920006564,INFO,adaptador.request,true,exitoso,,,9850.80063962,9850.253581328,,,2026-09-05T00:12:34.001317Z
29f87c9f-768b-4d1c-99be-77f0a39eeb9f,run1_rep3,E,CLOSED,CLOSED,request,PROVIDER,N/A,,547.5888749988371,INFO,adaptador.request,true,exitoso,,,9850.902789786,9850.355200911,,,2026-09-05T00:12:34.103447Z
a6485cd1-f8d0-401d-af0e-b5e988e713c8,run1_rep3,E,CLOSED,CLOSED,request,PROVIDER,N/A,,474.3409579987201,INFO,adaptador.request,true,exitoso,,,9850.993528078,9850.51918712,,,2026-09-05T00:12:34.194161Z
bf5f8ae9-4fbf-49e1-9b9f-d42e20354f5e,run1_rep3,E,CLOSED,CLOSED,request,PROVIDER,N/A,,435.5491659989639,INFO,adaptador.request,true,exitoso,,,9851.067774411,9850.632225245,,,2026-09-05T00:12:34.268448Z
06de137f-fceb-4c85-a4a9-6cba306964d3,run1_rep3,E,CLOSED,CLOSED,request,PROVIDER,N/A,,378.10333400011586,INFO,adaptador.request,true,exitoso,,,9851.131879245,9850.753775911,,,2026-09-05T00:12:34.332560Z
d8ec92bf-e344-49e9-a799-cc08ba85febd,run1_rep3,E,CLOSED,CLOSED,request,PROVIDER,N/A,,453.6917920013366,INFO,adaptador.request,true,exitoso,,,9851.211401037,9850.757709245,,,2026-09-05T00:12:34.412074Z
5a5b6700-7510-400c-852b-e9520ea04479,run1_rep3,E,CLOSED,CLOSED,request,PROVIDER,N/A,,518.5280839996267,INFO,adaptador.request,true,exitoso,,,9851.294047745,9850.775519661,,,2026-09-05T00:12:34.494724Z
0067ee8e-8837-4e7b-abcd-e3aa58f8dafb,run1_rep3,E,CLOSED,CLOSED,request,PROVIDER,N/A,,534.7577089996776,INFO,adaptador.request,true,exitoso,,,9851.38313787,9850.848380161,,,2026-09-05T00:12:34.583795Z
315296ba-3f74-4764-a4bb-6674173a59fe,run1_rep3,E,CLOSED,CLOSED,request,PROVIDER,N/A,,488.5127920006198,INFO,adaptador.request,true,exitoso,,,9851.468293328,9850.979780536,,,2026-09-05T00:12:34.668955Z
c1194eeb-fc67-42f6-a94e-0abd304633da,run1_rep3,E,CLOSED,CLOSED,request,PROVIDER,N/A,,550.9739170011017,INFO,adaptador.request,true,exitoso,,,9851.575753495,9851.024779578,,,2026-09-05T00:12:34.776415Z
2601538b-7691-4a87-b1b1-9f549ec0b249,run1_rep3,E,CLOSED,CLOSED,request,PROVIDER,N/A,,524.5164999996632,INFO,adaptador.request,true,exitoso,,,9851.665705328,9851.141188828,,,2026-09-05T00:12:34.866401Z
b5fa69f5-b109-426c-86af-fe6c4b1507d5,run1_rep3,E,CLOSED,CLOSED,request,PROVIDER,N/A,,575.8855000003678,INFO,adaptador.request,true,exitoso,,,9851.756409537,9851.180524037,,,2026-09-05T00:12:34.957072Z
34a0ed14-dfbc-4ac0-8033-40ad173bc645,run1_rep3,E,CLOSED,CLOSED,request,PROVIDER,N/A,,583.0938760009303,INFO,adaptador.request,true,exitoso,,,9851.842060454,9851.258966578,,,2026-09-05T00:12:35.042733Z
68ac67d8-7e37-415c-a503-3e296c960e9b,run1_rep3,E,CLOSED,CLOSED,request,PROVIDER,N/A,,541.7945839999447,INFO,adaptador.request,true,exitoso,,,9851.915588787,9851.373794203,,,2026-09-05T00:12:35.116253Z
462a3d92-0fda-4fc4-9cad-fddd6ca16a31,run1_rep3,E,CLOSED,CLOSED,request,PROVIDER,N/A,,584.0645419993962,INFO,adaptador.request,true,exitoso,,,9852.008434745,9851.424370203,,,2026-09-05T00:12:35.209053Z
a6735fbd-3089-427a-96ff-61a3d40f7dc6,run1_rep3,E,CLOSED,CLOSED,request,PROVIDER,N/A,,487.108667000939,INFO,adaptador.request,true,exitoso,,,9852.078044079,9851.590935412,,,2026-09-05T00:12:35.278628Z
85a19464-83aa-4d00-9502-db3bf3de6710,run1_rep3,E,CLOSED,CLOSED,request,PROVIDER,N/A,,439.8943340002006,INFO,adaptador.request,true,exitoso,,,9852.143142912,9851.703248578,,,2026-09-05T00:12:35.343769Z
988e4c5f-c198-4158-8fb2-dad7b7c4c83e,run1_rep3,E,CLOSED,CLOSED,request,PROVIDER,N/A,,462.47691699863935,INFO,adaptador.request,true,exitoso,,,9852.209077954,9851.746601037,,,2026-09-05T00:12:35.409689Z
6b8698ff-525a-4df5-a615-7c1cc3ef3ef7,run1_rep3,E,CLOSED,CLOSED,request,PROVIDER,N/A,,563.7389589992381,INFO,adaptador.request,true,exitoso,,,9852.310758787,9851.747019828,,,2026-09-05T00:12:35.511454Z
d5d9bfd4-2540-4600-838d-1c83d2b2dbc5,run1_rep3,E,CLOSED,CLOSED,request,PROVIDER,N/A,,467.2027920005348,INFO,adaptador.request,true,exitoso,,,9852.394797912,9851.92759512,,,2026-09-05T00:12:35.595490Z
f98d1127-062a-406b-9d73-3be46cfc11c3,run1_rep3,E,CLOSED,CLOSED,request,PROVIDER,N/A,,482.72158299914736,INFO,adaptador.request,true,exitoso,,,9852.500187037,9852.017465454,,,2026-09-05T00:12:35.700844Z
d09fb9dd-5aa5-4d10-90d5-84523a857ae9,run1_rep3,E,CLOSED,CLOSED,request,PROVIDER,N/A,,495.2955419994396,INFO,adaptador.request,true,exitoso,,,9852.578829746,9852.083534204,,,2026-09-05T00:12:35.779480Z
5fdc1dec-9323-4a45-9e39-ea0fd1c02916,run1_rep3,E,CLOSED,CLOSED,request,PROVIDER,N/A,,498.91487499917275,INFO,adaptador.request,true,exitoso,,,9852.663075412,9852.164160537,,,2026-09-05T00:12:35.863735Z
f28aac2e-7a32-4348-a520-5321105919cc,run1_rep3,E,CLOSED,CLOSED,request,PROVIDER,N/A,,502.7378750000935,INFO,adaptador.request,true,exitoso,,,9852.732454579,9852.229716704,,,2026-09-05T00:12:35.933120Z
f0f81dd7-47bf-43e3-ab2a-9eee99b6145a,run1_rep3,E,CLOSED,CLOSED,request,PROVIDER,N/A,,584.5200000003388,INFO,adaptador.request,true,exitoso,,,9852.823960829,9852.239440829,,,2026-09-05T00:12:36.024630Z
e46c443a-7472-4bf3-bd0f-ff0ff20a22bd,run1_rep3,E,CLOSED,CLOSED,request,PROVIDER,N/A,,635.1432499996008,INFO,adaptador.request,true,exitoso,,,9852.884642079,9852.249498829,,,2026-09-05T00:12:36.085315Z
905532ad-0825-4c1c-907f-495e478724a4,run1_rep3,E,CLOSED,CLOSED,request,PROVIDER,N/A,,564.4980830002169,INFO,adaptador.request,true,exitoso,,,9852.981384412,9852.416886329,,,2026-09-05T00:12:36.182089Z
6d25c4d9-0ea5-4288-9935-b645c8c26cea,run1_rep3,E,CLOSED,CLOSED,request,PROVIDER,N/A,,542.8322499992646,INFO,adaptador.request,true,exitoso,,,9853.055122537,9852.512290287,,,2026-09-05T00:12:36.255794Z
8954bced-720f-4e9f-a1db-f6464939b97e,run1_rep3,E,CLOSED,CLOSED,request,PROVIDER,N/A,,514.0403329987748,INFO,adaptador.request,true,exitoso,,,9853.137947537,9852.623907204,,,2026-09-05T00:12:36.338620Z
0395fe1b-1f0c-41bc-bfc7-8773997970d2,run1_rep3,E,CLOSED,CLOSED,request,PROVIDER,N/A,,546.3863749992015,INFO,adaptador.request,true,exitoso,,,9853.225902621,9852.679516246,,,2026-09-05T00:12:36.426570Z
0388b574-7c9d-4516-9c14-401fcb5d4fc4,run1_rep3,E,CLOSED,CLOSED,request,PROVIDER,N/A,,590.2131670009112,INFO,adaptador.request,true,exitoso,,,9853.329433163,9852.739219996,,,2026-09-05T00:12:36.530104Z
29c8e736-20ee-4a56-9350-9e2773e7f693,run1_rep3,E,CLOSED,CLOSED,request,PROVIDER,N/A,,623.9412920003815,INFO,adaptador.request,true,exitoso,,,9853.404046246,9852.780104954,,,2026-09-05T00:12:36.604700Z
9f0a6315-be06-4aeb-a4c6-d44f3bf13b23,run1_rep3,E,CLOSED,CLOSED,request,PROVIDER,N/A,,538.4002499995404,INFO,adaptador.request,true,exitoso,,,9853.478617829,9852.940217579,,,2026-09-05T00:12:36.679286Z
1a1d9e2b-6e2a-473f-8d81-3bf27ddbf904,run1_rep3,E,CLOSED,CLOSED,request,PROVIDER,N/A,,576.1256249988946,INFO,adaptador.request,true,exitoso,,,9853.578518371,9853.002392746,,,2026-09-05T00:12:36.779186Z
1591671f-66f0-423f-bb43-40eadb569f20,run1_rep3,E,CLOSED,CLOSED,request,PROVIDER,N/A,,526.8066669996188,INFO,adaptador.request,true,exitoso,,,9853.640564788,9853.113758121,,,2026-09-05T00:12:36.841219Z
19dd4a8d-3778-459e-93e5-68905998abed,run1_rep3,E,CLOSED,CLOSED,request,PROVIDER,N/A,,610.4095000009693,INFO,adaptador.request,true,exitoso,,,9853.732676871,9853.122267371,,,2026-09-05T00:12:36.933337Z
3ee460ce-2a5d-47db-ad57-67248348a807,run1_rep3,E,CLOSED,CLOSED,request,PROVIDER,N/A,,673.5762510015775,INFO,adaptador.request,true,exitoso,,,9853.798044163,9853.124467912,,,2026-09-05T00:12:36.998725Z
899035e8-cb88-4eff-8976-18ab1bb998ed,run1_rep3,E,CLOSED,CLOSED,request,PROVIDER,N/A,,667.6845829988451,INFO,adaptador.request,true,exitoso,,,9853.857437121,9853.189752538,,,2026-09-05T00:12:37.058099Z
d11d5c34-9b41-4d6a-98b9-f98ed55babba,run1_rep3,E,CLOSED,CLOSED,request,PROVIDER,N/A,,521.5834589998849,INFO,adaptador.request,true,exitoso,,,9853.951105163,9853.429521704,,,2026-09-05T00:12:37.151785Z
d1742679-3fed-44f3-b74d-43599639b236,run1_rep3,E,CLOSED,CLOSED,request,PROVIDER,N/A,,405.11829200113425,INFO,adaptador.request,true,exitoso,,,9854.028323955,9853.623205663,,,2026-09-05T00:12:37.229011Z
ee725a5c-4529-42a8-adb2-eebe94339086,run1_rep3,E,CLOSED,CLOSED,request,PROVIDER,N/A,,426.15508400012914,INFO,adaptador.request,true,exitoso,,,9854.122480413,9853.696325329,,,2026-09-05T00:12:37.323140Z
a35f0a63-676c-4f4e-b5a1-429fb25eab19,run1_rep3,E,CLOSED,CLOSED,request,PROVIDER,N/A,,433.06637500063516,INFO,adaptador.request,true,exitoso,,,9854.216977746,9853.783911371,,,2026-09-05T00:12:37.417693Z
b8106c20-6746-4903-9397-52eb43994e0b,run1_rep3,E,CLOSED,CLOSED,request,PROVIDER,N/A,,524.5442510004068,INFO,adaptador.request,true,exitoso,,,9854.30887233,9853.784328079,,,2026-09-05T00:12:37.509558Z
4ac2e640-9dec-48f4-9b41-2a5796b19b2c,run1_rep3,E,CLOSED,CLOSED,request,PROVIDER,N/A,,607.1357509990776,INFO,adaptador.request,true,exitoso,,,9854.41434933,9853.807213579,,,2026-09-05T00:12:37.615040Z
83a65c1b-414f-4f0e-b0d5-fe13ad98596f,run1_rep3,E,CLOSED,CLOSED,request,PROVIDER,N/A,,472.79683299893804,INFO,adaptador.request,true,exitoso,,,9854.479582621,9854.006785788,,,2026-09-05T00:12:37.680253Z
d42e820d-6450-4d6c-8491-112d003dfcb4,run1_rep3,E,CLOSED,CLOSED,request,PROVIDER,N/A,,543.8983750009356,INFO,adaptador.request,true,exitoso,,,9854.554292163,9854.010393788,,,2026-09-05T00:12:37.754982Z
90b0a652-a469-4990-99bf-5f8cd1f8abcf,run1_rep3,E,CLOSED,CLOSED,request,PROVIDER,N/A,,639.0407089984365,INFO,adaptador.request,true,exitoso,,,9854.65165633,9854.012615621,,,2026-09-05T00:12:37.852340Z
88eb609a-feb5-4004-8bf5-c571a7f1c38a,run1_rep3,E,CLOSED,CLOSED,request,PROVIDER,N/A,,608.1840839997312,INFO,adaptador.request,true,exitoso,,,9854.743088997,9854.134904913,,,2026-09-05T00:12:37.943776Z
ec114842-0d64-4826-b77d-4d4ec4f893e2,run1_rep3,E,CLOSED,CLOSED,request,PROVIDER,N/A,,558.4714590004296,INFO,adaptador.request,true,exitoso,,,9854.82437433,9854.265902871,,,2026-09-05T00:12:38.024984Z
5e94b9a0-6e82-4138-9685-f29aecda88bb,run1_rep3,E,CLOSED,CLOSED,request,PROVIDER,N/A,,560.6226260006224,INFO,adaptador.request,true,exitoso,,,9854.913163372,9854.352540746,,,2026-09-05T00:12:38.113781Z
47d465f5-36c5-4199-b153-1ed9f4dfe31a,run1_rep3,E,CLOSED,CLOSED,request,PROVIDER,N/A,,634.6895000006043,INFO,adaptador.request,true,exitoso,,,9855.01374133,9854.37905183,,,2026-09-05T00:12:38.214432Z
13a4e880-8ace-4cad-94f6-135b2eae3956,run1_rep3,E,CLOSED,CLOSED,request,PROVIDER,N/A,,659.5957089994045,INFO,adaptador.request,true,exitoso,,,9855.098016705,9854.438420996,,,2026-09-05T00:12:38.298731Z
6f84f967-7f3e-496d-8a58-8c73a31ec85b,run1_rep3,E,CLOSED,CLOSED,request,PROVIDER,N/A,,491.4173329998448,INFO,adaptador.request,true,exitoso,,,9855.161852038,9854.670434705,,,2026-09-05T00:12:38.362527Z
cdf4dc8c-5bd9-4e14-be45-3ddcfb9d38c9,run1_rep3,E,CLOSED,CLOSED,request,PROVIDER,N/A,,487.0251250013098,INFO,adaptador.request,true,exitoso,,,9855.23894683,9854.751921705,,,2026-09-05T00:12:38.439654Z
ca7b15a8-7396-43a2-8773-9b4f39bd745c,run1_rep3,E,CLOSED,CLOSED,request,PROVIDER,N/A,,561.7343339999934,INFO,adaptador.request,true,exitoso,,,9855.327232539,9854.765498205,,,2026-09-05T00:12:38.527905Z
8551d9e4-5866-4a5a-b74b-f8b0fbcdafbe,run1_rep3,E,CLOSED,CLOSED,request,PROVIDER,N/A,,666.939791999539,INFO,adaptador.request,true,exitoso,,,9855.435507455,9854.768567663,,,2026-09-05T00:12:38.636189Z
bf4ef2cb-7da5-48c4-b694-eda5ca239293,run1_rep3,E,CLOSED,CLOSED,request,PROVIDER,N/A,,555.1701250005863,INFO,adaptador.request,true,exitoso,,,9855.511802497,9854.956632372,,,2026-09-05T00:12:38.712487Z
10d93666-f6d6-40d4-a266-f0226e9d0e3b,run1_rep3,E,CLOSED,CLOSED,request,PROVIDER,N/A,,502.48062500031665,INFO,adaptador.request,true,exitoso,,,9855.574759705,9855.07227908,,,2026-09-05T00:12:38.775464Z
9969ae93-27b0-40a0-b0fb-e61e39c71269,run1_rep3,E,CLOSED,CLOSED,request,PROVIDER,N/A,,540.2162090013007,INFO,adaptador.request,true,exitoso,,,9855.662654747,9855.122438538,,,2026-09-05T00:12:38.863321Z
26745b82-1a60-48c6-a3bf-3bcf63910fca,run1_rep3,E,CLOSED,CLOSED,request,PROVIDER,N/A,,598.947958998906,INFO,adaptador.request,true,exitoso,,,9855.772448164,9855.173500205,,,2026-09-05T00:12:38.973108Z
1ac4bfb7-5267-4154-9d6f-5c5ccddc627c,run1_rep3,E,CLOSED,CLOSED,request,PROVIDER,N/A,,560.4213330007042,INFO,adaptador.request,true,exitoso,,,9855.869091455,9855.308670122,,,2026-09-05T00:12:39.069758Z
b1ef8e19-9b17-4e37-bd9c-4bf3ee0d6acf,run1_rep3,E,CLOSED,CLOSED,request,PROVIDER,N/A,,336.64445800059184,INFO,adaptador.request,true,exitoso,,,9855.941025455,9855.604380997,,,2026-09-05T00:12:39.141701Z
9ddab9d1-a4eb-4a55-889e-7d068c3a2df4,run1_rep3,E,CLOSED,CLOSED,request,PROVIDER,N/A,,404.44545799982734,INFO,adaptador.request,true,exitoso,,,9856.034816747,9855.630371289,,,2026-09-05T00:12:39.235482Z
edd7bea2-35f0-4ea9-bd9d-287f89eb8859,run1_rep3,E,CLOSED,CLOSED,request,PROVIDER,N/A,,471.21187599987024,INFO,adaptador.request,true,exitoso,,,9856.142389331,9855.671177455,,,2026-09-05T00:12:39.343055Z
22e4163d-9593-49e2-9f85-36851da45f6d,run1_rep3,E,CLOSED,CLOSED,request,PROVIDER,N/A,,515.9971250013768,INFO,adaptador.request,true,exitoso,,,9856.252348247,9855.736351122,,,2026-09-05T00:12:39.453003Z
ae715a61-40cf-4162-ba1b-c34a91c41cf4,run1_rep3,E,CLOSED,CLOSED,request,PROVIDER,N/A,,510.48720899962063,INFO,adaptador.request,true,exitoso,,,9856.327280831,9855.816793622,,,2026-09-05T00:12:39.527943Z
9d91d007-2c34-4236-ab45-cd1ae0d9a05e,run1_rep3,E,CLOSED,CLOSED,request,PROVIDER,N/A,,476.5995830002794,INFO,adaptador.request,true,exitoso,,,9856.384943622,9855.908344039,,,2026-09-05T00:12:39.585700Z
f4a7ccb7-8047-4182-b68e-a66e8b362c5f,run1_rep3,E,CLOSED,CLOSED,request,PROVIDER,N/A,,522.1973340012482,INFO,adaptador.request,true,exitoso,,,9856.448984831,9855.926787497,,,2026-09-05T00:12:39.649726Z
33cf629a-a7de-4207-a5a7-28e8373fac86,run1_rep3,E,CLOSED,CLOSED,request,PROVIDER,N/A,,624.8276670012274,INFO,adaptador.request,true,exitoso,,,9856.555909622,9855.931081955,,,2026-09-05T00:12:39.756603Z
b0eaf810-46ac-4df8-904a-a865f52b1a16,run1_rep3,E,CLOSED,CLOSED,request,PROVIDER,N/A,,656.0310420009046,INFO,adaptador.request,true,exitoso,,,9856.643694206,9855.987663164,,,2026-09-05T00:12:39.844382Z
b66b67f1-3064-4d1f-babc-04bfbfc8c7ef,run1_rep3,E,CLOSED,CLOSED,request,PROVIDER,N/A,,556.6827919992647,INFO,adaptador.request,true,exitoso,,,9856.739077498,9856.182394706,,,2026-09-05T00:12:39.939750Z
0ac2c93b-9c91-49e2-95c5-74d68c920dcf,run1_rep3,E,CLOSED,CLOSED,request,PROVIDER,N/A,,609.7692090006603,INFO,adaptador.request,true,exitoso,,,9856.817802873,9856.208033664,,,2026-09-05T00:12:40.018467Z
d616f87a-a546-418f-bb58-1a0c47f519dc,run1_rep3,E,CLOSED,CLOSED,request,PROVIDER,N/A,,569.693166999059,INFO,adaptador.request,true,exitoso,,,9856.903645998,9856.333952831,,,2026-09-05T00:12:40.104312Z
5fc27521-bc4a-41f6-8633-d10d98acf003,run1_rep3,E,CLOSED,CLOSED,request,PROVIDER,N/A,,601.2334590013779,INFO,adaptador.request,true,exitoso,,,9856.994167373,9856.392933914,,,2026-09-05T00:12:40.194826Z
1f17f553-1daf-404b-ab60-1d02a52dbd46,run1_rep3,E,CLOSED,CLOSED,request,PROVIDER,N/A,,489.74050099968736,INFO,adaptador.request,true,exitoso,,,9857.097767748,9856.608027247,,,2026-09-05T00:12:40.298440Z
95b35c4d-158f-40c4-a6f7-abd816b7460e,run1_rep3,E,CLOSED,CLOSED,request,PROVIDER,N/A,,527.4255000003905,INFO,adaptador.request,true,exitoso,,,9857.198945164,9856.671519664,,,2026-09-05T00:12:40.399655Z
6e9b9bc0-9175-402b-949b-c98e21deba58,run1_rep3,E,CLOSED,CLOSED,request,PROVIDER,N/A,,587.7838750002411,INFO,adaptador.request,true,exitoso,,,9857.259687581,9856.671903706,,,2026-09-05T00:12:40.460341Z
7c5d2a8f-761d-490f-93e7-9ed88f4494ae,run1_rep3,E,CLOSED,CLOSED,request,PROVIDER,N/A,,674.4234170000709,INFO,adaptador.request,true,exitoso,,,9857.358934748,9856.684511331,,,2026-09-05T00:12:40.559593Z
4e67ddd0-f946-4b10-b6f3-3d6347378fb7,run1_rep3,E,CLOSED,CLOSED,request,PROVIDER,N/A,,631.531458999234,INFO,adaptador.request,true,exitoso,,,9857.44622479,9856.814693331,,,2026-09-05T00:12:40.646874Z
af86ef9b-00e3-48bb-a337-6c2f4ac334d6,run1_rep3,E,CLOSED,CLOSED,request,PROVIDER,N/A,,628.559791999578,INFO,adaptador.request,true,exitoso,,,9857.524055415,9856.895495623,,,2026-09-05T00:12:40.724727Z
5ccade83-2a3b-4e25-86c9-a7ced4ce6e69,run1_rep3,E,CLOSED,CLOSED,request,PROVIDER,N/A,,500.9044170001289,INFO,adaptador.request,true,exitoso,,,9857.584500665,9857.083596248,,,2026-09-05T00:12:40.785147Z
10af058a-491f-4ae0-8b2a-228788f04dff,run1_rep3,E,CLOSED,CLOSED,request,PROVIDER,N/A,,442.62775000061083,INFO,adaptador.request,true,exitoso,,,9857.648714998,9857.206087248,,,2026-09-05T00:12:40.849397Z
717ebc9d-8660-4f64-aa11-5cd9cd9c5ff9,run1_rep3,E,CLOSED,CLOSED,request,PROVIDER,N/A,,496.35258299895213,INFO,adaptador.request,true,exitoso,,,9857.712828581,9857.216475998,,,2026-09-05T00:12:40.913480Z
13eae06f-5b6e-4963-ba59-aab5eb863b4c,run1_rep3,E,CLOSED,CLOSED,request,PROVIDER,N/A,,566.5232920000562,INFO,adaptador.request,true,exitoso,,,9857.80280604,9857.236282748,,,2026-09-05T00:12:41.003470Z
5912aaed-b417-4d1d-bbde-4b7bd85ff69f,run1_rep3,E,CLOSED,CLOSED,request,PROVIDER,N/A,,340.5313750008645,INFO,adaptador.request,true,exitoso,,,9857.862744373,9857.522212998,,,2026-09-05T00:12:41.063407Z
021adc92-0114-4bab-9f90-f27bfd691493,run1_rep3,E,CLOSED,CLOSED,request,PROVIDER,N/A,,379.87512499967124,INFO,adaptador.request,true,exitoso,,,9857.926076748,9857.546201623,,,2026-09-05T00:12:41.126734Z
8dbd0bf4-70dc-47f8-92c0-6f891551e9a0,run1_rep3,E,CLOSED,CLOSED,request,PROVIDER,N/A,,439.08358400040015,INFO,adaptador.request,true,exitoso,,,9858.00698304,9857.567899456,,,2026-09-05T00:12:41.207644Z
8ee39c9a-f983-48a7-ae54-da428705ef31,run1_rep3,E,CLOSED,CLOSED,request,PROVIDER,N/A,,438.3896259987523,INFO,adaptador.request,true,exitoso,,,9858.094953957,9857.656564331,,,2026-09-05T00:12:41.295648Z
523277eb-b81b-4f25-8af8-d85717297915,run1_rep3,E,CLOSED,CLOSED,request,PROVIDER,N/A,,497.1329589989182,INFO,adaptador.request,true,exitoso,,,9858.202920957,9857.705787998,,,2026-09-05T00:12:41.403616Z
e1ff8c47-f469-45ed-a5a4-dd3ba7826643,run1_rep3,E,CLOSED,CLOSED,request,PROVIDER,N/A,,431.7676669998036,INFO,adaptador.request,true,exitoso,,,9858.301331665,9857.869563998,,,2026-09-05T00:12:41.502022Z
9d147fcb-666b-4849-8a3c-c08bee5f9a6a,run1_rep3,E,CLOSED,CLOSED,request,PROVIDER,N/A,,459.60016699973494,INFO,adaptador.request,true,exitoso,,,9858.403889457,9857.94428929,,,2026-09-05T00:12:41.604551Z
27612611-0070-492d-a453-d382b728ce43,run1_rep3,E,CLOSED,CLOSED,request,PROVIDER,N/A,,481.65562600115663,INFO,adaptador.request,true,exitoso,,,9858.510138457,9858.028482831,,,2026-09-05T00:12:41.710802Z
b9a51392-ca96-42b2-8d9e-5717c0332abc,run1_rep3,E,CLOSED,CLOSED,request,PROVIDER,N/A,,564.3079580004269,INFO,adaptador.request,true,exitoso,,,9858.593223873,9858.028915915,,,2026-09-05T00:12:41.793891Z
2eebbc0e-a992-44c0-b620-65a5c5fe09e0,run1_rep3,E,CLOSED,CLOSED,request,PROVIDER,N/A,,650.9215840014804,INFO,adaptador.request,true,exitoso,,,9858.695190165,9858.044268581,,,2026-09-05T00:12:41.895853Z
241660b6-f061-4d66-b16a-d401b957f5f0,run1_rep3,E,CLOSED,CLOSED,request,PROVIDER,N/A,,728.078333000667,INFO,adaptador.request,true,exitoso,,,9858.79337804,9858.065299707,,,2026-09-05T00:12:41.994061Z
74bc9ff7-9f75-4878-ba26-e2733be5ecdb,run1_rep3,E,CLOSED,CLOSED,request,PROVIDER,N/A,,776.3499579996278,INFO,adaptador.request,true,exitoso,,,9858.87814604,9858.101796082,,,2026-09-05T00:12:42.078808Z
510331f4-689e-424d-b6f9-7f22c8ce7565,run1_rep3,E,CLOSED,CLOSED,request,PROVIDER,N/A,,491.2991670007614,INFO,adaptador.request,true,exitoso,,,9858.94383704,9858.452537873,,,2026-09-05T00:12:42.144499Z
4441b241-0e95-4614-b7ac-e81234e25ec5,run1_rep3,E,CLOSED,CLOSED,request,PROVIDER,N/A,,487.649209000665,INFO,adaptador.request,true,exitoso,,,9859.005894832,9858.518245623,,,2026-09-05T00:12:42.206608Z
99b6a79a-e179-432a-81a3-eb7bf9e166ca,run1_rep3,E,CLOSED,CLOSED,request,PROVIDER,N/A,,530.5656260006799,INFO,adaptador.request,true,exitoso,,,9859.070722249,9858.540156623,,,2026-09-05T00:12:42.271372Z
bf9708ac-460e-416d-a6e1-58b0cd17cf0b,run1_rep3,E,CLOSED,CLOSED,request,PROVIDER,N/A,,553.1657920000725,INFO,adaptador.request,true,exitoso,,,9859.152842624,9858.599676832,,,2026-09-05T00:12:42.353488Z
9e1a8552-4e26-413f-b220-73daff4bb61b,run1_rep3,E,CLOSED,CLOSED,request,PROVIDER,N/A,,430.9094170002936,INFO,adaptador.request,true,exitoso,,,9859.225505249,9858.794595832,,,2026-09-05T00:12:42.426229Z
0f207736-6340-4b09-ad21-fb44119a1e92,run1_rep3,E,CLOSED,CLOSED,request,PROVIDER,N/A,,504.4649589999608,INFO,adaptador.request,true,exitoso,,,9859.320576249,9858.81611129,,,2026-09-05T00:12:42.521233Z
c7672e32-23bc-4be3-b7d4-daffe969b614,run1_rep3,E,CLOSED,CLOSED,request,PROVIDER,N/A,,602.4797499994747,INFO,adaptador.request,true,exitoso,,,9859.421979665,9858.819499915,,,2026-09-05T00:12:42.622659Z
bb392cce-9b20-4e72-9763-59b9b4217e45,run1_rep3,E,CLOSED,CLOSED,request,PROVIDER,N/A,,627.2787920006522,INFO,adaptador.request,true,exitoso,,,9859.509816124,9858.882537332,,,2026-09-05T00:12:42.710498Z
2724ef83-84b7-4107-a889-2270aa9bd923,run1_rep3,E,CLOSED,CLOSED,request,PROVIDER,N/A,,553.8854589995026,INFO,adaptador.request,true,exitoso,,,9859.618515291,9859.064629832,,,2026-09-05T00:12:42.819201Z
9d1524d8-9f91-46bf-a9f6-36601ce6bb28,run1_rep3,E,CLOSED,CLOSED,request,PROVIDER,N/A,,430.35770899950876,INFO,adaptador.request,true,exitoso,,,9859.692963499,9859.26260579,,,2026-09-05T00:12:42.893648Z
8b053ecc-4e5d-4744-ba11-9f2826cdc7da,run1_rep3,E,CLOSED,CLOSED,request,PROVIDER,N/A,,497.45245899976,INFO,adaptador.request,true,exitoso,,,9859.784879624,9859.287427165,,,2026-09-05T00:12:42.985536Z
a23c6ccd-78e3-4f0b-8b01-7361bb7ae8a4,run1_rep3,E,CLOSED,CLOSED,request,PROVIDER,N/A,,469.9056669996935,INFO,adaptador.request,true,exitoso,,,9859.888193624,9859.418287957,,,2026-09-05T00:12:43.088839Z
0e8b9e3d-ae23-4aba-aedc-f21ee159ab77,run1_rep3,E,CLOSED,CLOSED,request,PROVIDER,N/A,,485.7858750001469,INFO,adaptador.request,true,exitoso,,,9859.971631207,9859.485845332,,,2026-09-05T00:12:43.172233Z
0379623f-bd1f-4b88-8d31-fbb10d7c0c1f,run1_rep3,E,CLOSED,CLOSED,request,PROVIDER,N/A,,531.2950419993285,INFO,adaptador.request,true,exitoso,,,9860.048453041,9859.517157999,,,2026-09-05T00:12:43.249057Z
ab25c0a8-7119-4550-9bd4-f2286ee51ef0,run1_rep3,E,CLOSED,CLOSED,request,PROVIDER,N/A,,575.6720419994963,INFO,adaptador.request,true,exitoso,,,9860.120446124,9859.544774082,,,2026-09-05T00:12:43.321109Z
a7208a4a-e353-4ee0-bc2c-d24e5667ccd3,run1_rep3,E,CLOSED,CLOSED,request,PROVIDER,N/A,,645.7806250000431,INFO,adaptador.request,true,exitoso,,,9860.201530916,9859.555750291,,,2026-09-05T00:12:43.402190Z
f6f734ca-efb2-4941-bd42-c83360793f71,run1_rep3,E,CLOSED,CLOSED,request,PROVIDER,N/A,,615.4124999993655,INFO,adaptador.request,true,exitoso,,,9860.281902374,9859.666489874,,,2026-09-05T00:12:43.482572Z
ccd083de-ba58-418b-bc1e-abdd6915b231,run1_rep3,E,CLOSED,CLOSED,request,PROVIDER,N/A,,466.2800839996635,INFO,adaptador.request,true,exitoso,,,9860.350790833,9859.884510749,,,2026-09-05T00:12:43.551468Z
cc56da7a-503c-48ed-8603-cf99a26ed7c1,run1_rep3,E,CLOSED,CLOSED,request,PROVIDER,N/A,,527.8690420000203,INFO,adaptador.request,true,exitoso,,,9860.437694291,9859.909825249,,,2026-09-05T00:12:43.638434Z
4b9aabd3-bd94-4941-9ad5-1f82a365ad2a,run1_rep3,E,CLOSED,CLOSED,request,PROVIDER,N/A,,539.845626000897,INFO,adaptador.request,true,exitoso,,,9860.511350958,9859.971505332,,,2026-09-05T00:12:43.712006Z
82b49e2e-e1ff-4c26-982b-2d3762bdbd69,run1_rep3,E,CLOSED,CLOSED,request,PROVIDER,N/A,,494.5052080001915,INFO,adaptador.request,true,exitoso,,,9860.615696999,9860.121191791,,,2026-09-05T00:12:43.816363Z
90bfeb12-1665-451b-9e4b-4c24bda0136a,run1_rep3,E,CLOSED,CLOSED,request,PROVIDER,N/A,,513.2365409990598,INFO,adaptador.request,true,exitoso,,,9860.692710374,9860.179473833,,,2026-09-05T00:12:43.893366Z
7c29ce78-f7f1-4865-bbad-165d1af2aed4,run1_rep3,E,CLOSED,CLOSED,request,PROVIDER,N/A,,491.76358400109166,INFO,adaptador.request,true,exitoso,,,9860.781890583,9860.290126999,,,2026-09-05T00:12:43.982600Z
fde7525f-d0dd-4879-9cb0-9f87b03b6b7a,run1_rep3,E,CLOSED,CLOSED,request,PROVIDER,N/A,,514.247291999709,INFO,adaptador.request,true,exitoso,,,9860.849741083,9860.335493791,,,2026-09-05T00:12:44.050400Z
f01480ed-ecbb-4925-82e6-48f913aa86a0,run1_rep3,E,CLOSED,CLOSED,request,PROVIDER,N/A,,533.5097500010306,INFO,adaptador.request,true,exitoso,,,9860.945692208,9860.412182458,,,2026-09-05T00:12:44.146364Z
7c084c65-f311-4d01-9c0f-57dbedaeecbc,run1_rep3,E,CLOSED,CLOSED,request,PROVIDER,N/A,,545.8070839995344,INFO,adaptador.request,true,exitoso,,,9861.031520375,9860.485713291,,,2026-09-05T00:12:44.232182Z
cb1711af-191a-4c9f-83ac-4c40532f0c18,run1_rep3,E,CLOSED,CLOSED,request,PROVIDER,N/A,,549.7207089993026,INFO,adaptador.request,true,exitoso,,,9861.1315955,9860.581874791,,,2026-09-05T00:12:44.332279Z
00809ef7-2720-4ed9-b6ce-ea04f6d3ec88,run1_rep3,E,CLOSED,CLOSED,request,PROVIDER,N/A,,582.1967920001043,INFO,adaptador.request,true,exitoso,,,9861.214680583,9860.632483791,,,2026-09-05T00:12:44.415367Z
588a403d-dfb7-45d0-a969-e21a024621d6,run1_rep3,E,CLOSED,CLOSED,request,PROVIDER,N/A,,626.9331669991516,INFO,adaptador.request,true,exitoso,,,9861.276931458,9860.649998291,,,2026-09-05T00:12:44.477600Z
decb14fc-5dbb-4b71-86d4-2beea0fa287e,run1_rep3,E,CLOSED,CLOSED,request,PROVIDER,N/A,,511.2220419996447,INFO,adaptador.request,true,exitoso,,,9861.366904166,9860.855682124,,,2026-09-05T00:12:44.567561Z
9c8336b9-926d-4072-adec-583d5bfb83fd,run1_rep3,E,CLOSED,CLOSED,request,PROVIDER,N/A,,446.09345800017763,INFO,adaptador.request,true,exitoso,,,9861.438317458,9860.992224,,,2026-09-05T00:12:44.638971Z
e3b8fc75-d922-4883-9106-548588bbcfc2,run1_rep3,E,CLOSED,CLOSED,request,PROVIDER,N/A,,501.5449999991688,INFO,adaptador.request,true,exitoso,,,9861.515465666,9861.013920666,,,2026-09-05T00:12:44.716150Z
3724af18-e9b0-4c4a-8559-0a724c7227fa,run1_rep3,E,CLOSED,CLOSED,request,PROVIDER,N/A,,583.6907500015514,INFO,adaptador.request,true,exitoso,,,9861.604196583,9861.020505833,,,2026-09-05T00:12:44.804859Z
d7ed6fb2-18ee-4cac-ab33-592a0ec10a60,run1_rep3,E,CLOSED,CLOSED,request,PROVIDER,N/A,,539.2791249996662,INFO,adaptador.request,true,exitoso,,,9861.701248375,9861.16196925,,,2026-09-05T00:12:44.901895Z
e8a940be-00db-43f2-8a40-a6fc523cd648,run1_rep3,E,CLOSED,CLOSED,request,PROVIDER,N/A,,449.35679199988954,INFO,adaptador.request,true,exitoso,,,9861.809848958,9861.360492166,,,2026-09-05T00:12:45.010510Z
b47264c3-6547-49b0-83c6-0cbbee00af04,run1_rep3,E,CLOSED,CLOSED,request,PROVIDER,N/A,,456.50216700050805,INFO,adaptador.request,true,exitoso,,,9861.878300417,9861.42179825,,,2026-09-05T00:12:45.078965Z
0d7615f6-bfbc-42be-a67c-8949048e9495,run1_rep3,E,CLOSED,CLOSED,request,PROVIDER,N/A,,514.5431260007172,INFO,adaptador.request,true,exitoso,,,9861.936802667,9861.422259541,,,2026-09-05T00:12:45.137454Z
7382f61f-3a11-4487-b086-4fc30f723017,run1_rep3,E,CLOSED,CLOSED,request,PROVIDER,N/A,,539.2678749994957,INFO,adaptador.request,true,exitoso,,,9861.99866775,9861.459399875,,,2026-09-05T00:12:45.199394Z
aadbb5a4-ae1c-4f6d-b5bf-24da24aaa853,run1_rep3,E,CLOSED,CLOSED,request,PROVIDER,N/A,,566.9972920004511,INFO,adaptador.request,true,exitoso,,,9862.058847458,9861.491850166,,,2026-09-05T00:12:45.259437Z
2b1ea6b8-24d2-459c-aaf7-836fbaea7359,run1_rep3,E,CLOSED,CLOSED,request,PROVIDER,N/A,,574.1386670015345,INFO,adaptador.request,true,exitoso,,,9862.154667,9861.580528333,,,2026-09-05T00:12:45.355278Z
d9170a86-3bea-4430-8218-a169d49af81c,run1_rep3,E,CLOSED,CLOSED,request,PROVIDER,N/A,,520.2947090001544,INFO,adaptador.request,true,exitoso,,,9862.249210542,9861.728915833,,,2026-09-05T00:12:45.449869Z
172a7a22-a47e-4515-a726-c86fb3a0afc1,run1_rep3,E,CLOSED,CLOSED,request,PROVIDER,N/A,,499.90950000028533,INFO,adaptador.request,true,exitoso,,,9862.3142325,9861.814323,,,2026-09-05T00:12:45.514899Z
835c8ceb-b2e0-4aa8-a8a0-18230e379e45,run1_rep3,E,CLOSED,CLOSED,request,PROVIDER,N/A,,394.3597500001488,INFO,adaptador.request,true,exitoso,,,9862.388586167,9861.994226417,,,2026-09-05T00:12:45.589274Z
b085df64-7fad-4e13-a38c-c4ccd8f0aba4,run1_rep3,E,CLOSED,CLOSED,request,PROVIDER,N/A,,487.2355420011445,INFO,adaptador.request,true,exitoso,,,9862.490071792,9862.00283625,,,2026-09-05T00:12:45.690767Z
c6994472-c232-4443-9c52-a9cf9e4fbfdd,run1_rep3,E,CLOSED,CLOSED,request,PROVIDER,N/A,,437.45545799902175,INFO,adaptador.request,true,exitoso,,,9862.550740125,9862.113284667,,,2026-09-05T00:12:45.751381Z
f64d507f-1f39-41d4-bc86-4828c93fcbdf,run1_rep3,E,CLOSED,CLOSED,request,PROVIDER,N/A,,526.9937920002121,INFO,adaptador.request,true,exitoso,,,9862.652951917,9862.125958125,,,2026-09-05T00:12:45.853643Z
67813e69-099d-471a-8bd6-77bc6dae0aad,run1_rep3,E,CLOSED,CLOSED,request,PROVIDER,N/A,,576.1792499997682,INFO,adaptador.request,true,exitoso,,,9862.737870125,9862.161690875,,,2026-09-05T00:12:45.938517Z
203770aa-8d44-4ff3-a0a0-333ac49e23ee,run1_rep3,E,CLOSED,CLOSED,request,PROVIDER,N/A,,588.6622500001977,INFO,adaptador.request,true,exitoso,,,9862.820949625,9862.232287375,,,2026-09-05T00:12:46.021598Z
60d52d0b-8955-4fcd-9dc7-d8ee1e4efb81,run1_rep3,E,CLOSED,CLOSED,request,PROVIDER,N/A,,384.9533330012491,INFO,adaptador.request,true,exitoso,,,9862.913322042,9862.528368709,,,2026-09-05T00:12:46.113986Z
56c36098-b775-4ed6-a70b-e40670b3998b,run1_rep3,E,CLOSED,CLOSED,request,PROVIDER,N/A,,458.52883299994573,INFO,adaptador.request,true,exitoso,,,9863.009817417,9862.551288584,,,2026-09-05T00:12:46.210487Z
10ee0e4f-971e-4d25-b01a-ae204f66113e,run1_rep3,E,CLOSED,CLOSED,request,PROVIDER,N/A,,358.9842499986844,INFO,adaptador.request,true,exitoso,,,9863.094965084,9862.735980834,,,2026-09-05T00:12:46.295647Z
c4043171-fc73-4c5f-877a-29bd8253ec1a,run1_rep3,E,CLOSED,CLOSED,request,PROVIDER,N/A,,341.51837500030524,INFO,adaptador.request,true,exitoso,,,9863.167518209,9862.825999834,,,2026-09-05T00:12:46.368187Z
0c9de63d-3b68-47fe-a871-e177f31efacb,run1_rep3,E,CLOSED,CLOSED,request,PROVIDER,N/A,,395.67933400030597,INFO,adaptador.request,true,exitoso,,,9863.239704834,9862.8440255,,,2026-09-05T00:12:46.440349Z
9a381b0f-007a-4cf8-bc93-d827144b2801,run1_rep3,E,CLOSED,CLOSED,request,PROVIDER,N/A,,480.84550099883927,INFO,adaptador.request,true,exitoso,,,9863.334773001,9862.8539275,,,2026-09-05T00:12:46.535429Z
acf942ad-b88f-4d19-8fe7-536f1a72dd8e,run1_rep3,E,CLOSED,CLOSED,request,PROVIDER,N/A,,535.2846249988943,INFO,adaptador.request,true,exitoso,,,9863.391141417,9862.855856792,,,2026-09-05T00:12:46.591796Z
a01d050a-5208-486b-93ee-842fab450cdd,run1_rep3,E,CLOSED,CLOSED,request,PROVIDER,N/A,,564.7906250014785,INFO,adaptador.request,true,exitoso,,,9863.483921667,9862.919131042,,,2026-09-05T00:12:46.684598Z
5e5b41ec-7f09-43ad-8c68-654986a5e1b8,run1_rep3,E,CLOSED,CLOSED,request,PROVIDER,N/A,,646.1387079998531,INFO,adaptador.request,true,exitoso,,,9863.575081292,9862.928942584,,,2026-09-05T00:12:46.775738Z
03b49c46-ddb3-4f32-beef-4fd77ff161d2,run1_rep3,E,CLOSED,CLOSED,request,PROVIDER,N/A,,654.3285830011882,INFO,adaptador.request,true,exitoso,,,9863.684672584,9863.030344001,,,2026-09-05T00:12:46.885338Z
9c8ece56-154b-4e97-9fe6-d32fe0b87ebb,run1_rep3,E,CLOSED,CLOSED,request,PROVIDER,N/A,,437.83224999970116,INFO,adaptador.request,true,exitoso,,,9863.741863751,9863.304031501,,,2026-09-05T00:12:46.942535Z
847c8505-4e82-4e4d-bd46-3b9a011079e8,run1_rep3,E,CLOSED,CLOSED,request,PROVIDER,N/A,,453.69250099975034,INFO,adaptador.request,true,exitoso,,,9863.824787293,9863.371094792,,,2026-09-05T00:12:47.025442Z
784e07a1-6bed-491c-bf14-63e0ca57f1aa,run1_rep3,E,CLOSED,CLOSED,request,PROVIDER,N/A,,447.09429199974693,INFO,adaptador.request,true,exitoso,,,9863.882686126,9863.435591834,,,2026-09-05T00:12:47.083348Z
58ab0b8f-dcf8-4ce0-b2a7-13bff9642492,run1_rep3,E,CLOSED,CLOSED,request,PROVIDER,N/A,,472.55562499958614,INFO,adaptador.request,true,exitoso,,,9863.946104626,9863.473549001,,,2026-09-05T00:12:47.146774Z
f2a5549c-655c-4af3-9235-f9ea0ac7f5e5,run1_rep3,E,CLOSED,CLOSED,request,PROVIDER,N/A,,491.7409170011524,INFO,adaptador.request,true,exitoso,,,9864.011986334,9863.520245417,,,2026-09-05T00:12:47.212657Z
88cf9de7-0f6b-4d60-b22e-6f653c6facb5,run1_rep3,E,CLOSED,CLOSED,request,PROVIDER,N/A,,471.34433400060516,INFO,adaptador.request,true,exitoso,,,9864.104396418,9863.633052084,,,2026-09-05T00:12:47.305055Z
952051bf-3253-4288-abac-cac4623e9b66,run1_rep3,E,CLOSED,CLOSED,request,PROVIDER,N/A,,492.2062919995369,INFO,adaptador.request,true,exitoso,,,9864.194770418,9863.702564126,,,2026-09-05T00:12:47.395440Z
6877e3fd-ab7f-4636-a38c-4ab7f0dbad27,run1_rep3,E,CLOSED,CLOSED,request,PROVIDER,N/A,,491.93533299876435,INFO,adaptador.request,true,exitoso,,,9864.283014251,9863.791078918,,,2026-09-05T00:12:47.483670Z
ae7be7a7-2fe1-45b2-a27b-f2153a867dc5,run1_rep3,E,CLOSED,CLOSED,request,PROVIDER,N/A,,415.9295010013011,INFO,adaptador.request,true,exitoso,,,9864.36665121,9863.950721709,,,2026-09-05T00:12:47.567325Z
5f065873-696d-49ed-a8b6-caf8b5ae09d9,run1_rep3,E,CLOSED,CLOSED,request,PROVIDER,N/A,,453.8257499989413,INFO,adaptador.request,true,exitoso,,,9864.445512126,9863.991686376,,,2026-09-05T00:12:47.646188Z
80d7012f-43ad-457d-a9c0-4643d34eb0d0,run1_rep3,E,CLOSED,CLOSED,request,PROVIDER,N/A,,435.78983299994434,INFO,adaptador.request,true,exitoso,,,9864.540828251,9864.105038418,,,2026-09-05T00:12:47.741472Z
e7b0d520-3173-4345-a2a3-e45e64f598a1,run1_rep3,E,CLOSED,CLOSED,request,PROVIDER,N/A,,492.54958300116414,INFO,adaptador.request,true,exitoso,,,9864.617261376,9864.124711793,,,2026-09-05T00:12:47.817958Z
6c02687b-eaa3-4704-a5a5-43d07c584e63,run1_rep3,E,CLOSED,CLOSED,request,PROVIDER,N/A,,520.8006670000032,INFO,adaptador.request,true,exitoso,,,9864.690597835,9864.169797168,,,2026-09-05T00:12:47.891311Z
1ab19fd9-7a29-4bea-96ca-ce8cccec4bcb,run1_rep3,E,CLOSED,CLOSED,request,PROVIDER,N/A,,492.4946259998251,INFO,adaptador.request,true,exitoso,,,9864.77388371,9864.281389084,,,2026-09-05T00:12:47.974553Z
618286e9-d6a5-4de3-af27-6d54cc5e2b8e,run1_rep3,E,CLOSED,CLOSED,request,PROVIDER,N/A,,567.6854579996871,INFO,adaptador.request,true,exitoso,,,9864.856903001,9864.289217543,,,2026-09-05T00:12:48.057592Z
c9937194-fde1-4ab5-881c-bb7ee9c523bf,run1_rep3,E,CLOSED,CLOSED,request,PROVIDER,N/A,,518.3623749999242,INFO,adaptador.request,true,exitoso,,,9864.937314626,9864.418952251,,,2026-09-05T00:12:48.137965Z
d75c0fea-82ba-4311-8fa2-9d2a0b47aa18,run1_rep3,E,CLOSED,CLOSED,request,PROVIDER,N/A,,582.3435000002064,INFO,adaptador.request,true,exitoso,,,9865.037161793,9864.454818293,,,2026-09-05T00:12:48.237810Z
f0de41f4-f7be-403b-96c2-852353fd79df,run1_rep3,E,CLOSED,CLOSED,request,PROVIDER,N/A,,523.067500000252,INFO,adaptador.request,true,exitoso,,,9865.103742293,9864.580674793,,,2026-09-05T00:12:48.304400Z
2865880e-df0c-46b4-8286-e1fa3d7b16de,run1_rep3,E,CLOSED,CLOSED,request,PROVIDER,N/A,,539.7343749991705,INFO,adaptador.request,true,exitoso,,,9865.159413835,9864.61967946,,,2026-09-05T00:12:48.360091Z
e424cc4b-999b-41fe-b73f-983aef097e13,run1_rep3,E,CLOSED,CLOSED,request,PROVIDER,N/A,,466.0561670007155,INFO,adaptador.request,true,exitoso,,,9865.224523293,9864.758467126,,,2026-09-05T00:12:48.425160Z
7f6edb4c-8baf-43a4-b157-e7e77f524e3e,run1_rep3,E,CLOSED,CLOSED,request,PROVIDER,N/A,,501.6608340010862,INFO,adaptador.request,true,exitoso,,,9865.320857377,9864.819196543,,,2026-09-05T00:12:48.521519Z
67a9e261-3e63-43fc-b999-4ff091f8d401,run1_rep3,E,CLOSED,CLOSED,request,PROVIDER,N/A,,485.76608400071564,INFO,adaptador.request,true,exitoso,,,9865.387356335,9864.901590251,,,2026-09-05T00:12:48.588089Z
811db703-3275-474a-9231-34ad2fcf9d19,run1_rep3,E,CLOSED,CLOSED,request,PROVIDER,N/A,,509.1655420001189,INFO,adaptador.request,true,exitoso,,,9865.490682293,9864.981516751,,,2026-09-05T00:12:48.691373Z
8138d6b7-6203-4c8e-8e11-fcc408a42caa,run1_rep3,E,CLOSED,CLOSED,request,PROVIDER,N/A,,554.7452499995416,INFO,adaptador.request,true,exitoso,,,9865.589411793,9865.034666543,,,2026-09-05T00:12:48.790072Z
301e32b7-2c4a-4d01-828f-42fbef2c258f,run1_rep3,E,CLOSED,CLOSED,request,PROVIDER,N/A,,573.1198329995095,INFO,adaptador.request,true,exitoso,,,9865.649987543,9865.07686771,,,2026-09-05T00:12:48.850722Z
17d2a276-6c7f-4695-8e10-2514035d3950,run1_rep3,E,CLOSED,CLOSED,request,PROVIDER,N/A,,673.2565420006722,INFO,adaptador.request,true,exitoso,,,9865.750887585,9865.077631043,,,2026-09-05T00:12:48.951621Z
717bf3b7-ae17-4a8d-b5e3-a4b402bee0d2,run1_rep3,E,CLOSED,CLOSED,request,PROVIDER,N/A,,401.1879170011525,INFO,adaptador.request,true,exitoso,,,9865.84663096,9865.445443043,,,2026-09-05T00:12:49.047355Z
2e09eceb-154a-4f50-8f00-3ac67b199add,run1_rep3,E,CLOSED,CLOSED,request,PROVIDER,N/A,,462.19658399968466,INFO,adaptador.request,true,exitoso,,,9865.953857669,9865.491661085,,,2026-09-05T00:12:49.154584Z
ec7103c5-9121-47af-9bb1-395c5ea607f2,run1_rep3,E,CLOSED,CLOSED,request,PROVIDER,N/A,,544.1868750003778,INFO,adaptador.request,true,exitoso,,,9866.05006596,9865.505879085,,,2026-09-05T00:12:49.250714Z
215ce0d3-ea57-4821-b8ae-7d80430ca49e,run1_rep3,E,CLOSED,CLOSED,request,PROVIDER,N/A,,528.8896669990208,INFO,adaptador.request,true,exitoso,,,9866.111931794,9865.583042127,,,2026-09-05T00:12:49.312627Z
8e1da715-e0de-4406-bbea-9c2a82d66820,run1_rep3,E,CLOSED,CLOSED,request,PROVIDER,N/A,,462.6827919983043,INFO,adaptador.request,true,exitoso,,,9866.214308169,9865.751625377,,,2026-09-05T00:12:49.414965Z
7a52b27e-6324-467c-8b92-0879c3b47feb,run1_rep3,E,CLOSED,CLOSED,request,PROVIDER,N/A,,516.4031250005792,INFO,adaptador.request,true,exitoso,,,9866.306123419,9865.789720294,,,2026-09-05T00:12:49.506786Z
e1f9a30f-90a1-401d-9b0c-50234986cbc1,run1_rep3,E,CLOSED,CLOSED,request,PROVIDER,N/A,,560.287000000244,INFO,adaptador.request,true,exitoso,,,9866.386731627,9865.826444627,,,2026-09-05T00:12:49.587381Z
a6ecc7dc-adee-4b17-93fd-2fce0c46f580,run1_rep3,E,CLOSED,CLOSED,request,PROVIDER,N/A,,588.3867500015185,INFO,adaptador.request,true,exitoso,,,9866.455748419,9865.867361669,,,2026-09-05T00:12:49.656400Z
4440b36c-6477-471a-a7c8-b4d6fc6c9adf,run1_rep3,E,CLOSED,CLOSED,request,PROVIDER,N/A,,661.7565419983293,INFO,adaptador.request,true,exitoso,,,9866.554728086,9865.892971544,,,2026-09-05T00:12:49.755385Z
da3dcc63-88ed-4aa1-ae3c-6a9641e71425,run1_rep3,E,CLOSED,CLOSED,request,PROVIDER,N/A,,575.7349169998633,INFO,adaptador.request,true,exitoso,,,9866.641497127,9866.06576221,,,2026-09-05T00:12:49.842209Z
9af08257-da01-40ca-b8ef-b74223302cac,run1_rep3,E,CLOSED,CLOSED,request,PROVIDER,N/A,,638.1832499992015,INFO,adaptador.request,true,exitoso,,,9866.716961252,9866.078778002,,,2026-09-05T00:12:49.917663Z
ad2fa4b3-ee03-4fbe-be3b-645291b47e63,run1_rep3,E,CLOSED,CLOSED,request,PROVIDER,N/A,,733.1533749984374,INFO,adaptador.request,true,exitoso,,,9866.812347377,9866.079194002,,,2026-09-05T00:12:50.013045Z
28687350-2feb-4dbc-af97-a206e2826611,run1_rep3,E,CLOSED,CLOSED,request,PROVIDER,N/A,,646.9756249989587,INFO,adaptador.request,true,exitoso,,,9866.874717419,9866.227741794,,,2026-09-05T00:12:50.075414Z
c1e818d0-561c-414b-a334-20445492a92d,run1_rep3,E,CLOSED,CLOSED,request,PROVIDER,N/A,,479.8513749992708,INFO,adaptador.request,true,exitoso,,,9866.937069169,9866.457217794,,,2026-09-05T00:12:50.137782Z
0e311a5c-711b-4599-bc13-97f7de6c1457,run1_rep3,E,CLOSED,CLOSED,request,PROVIDER,N/A,,448.70341699970595,INFO,adaptador.request,true,exitoso,,,9866.994629461,9866.545926044,,,2026-09-05T00:12:50.195258Z
6aa10708-b58b-4554-9cd5-54f6d747a443,run1_rep3,E,CLOSED,CLOSED,request,PROVIDER,N/A,,487.19354099921475,INFO,adaptador.request,true,exitoso,,,9867.070249252,9866.583055711,,,2026-09-05T00:12:50.270926Z
f114515b-3cd4-4a12-babc-1f4595054026,run1_rep3,E,CLOSED,CLOSED,request,PROVIDER,N/A,,490.82670800089545,INFO,adaptador.request,true,exitoso,,,9867.160658544,9866.669831836,,,2026-09-05T00:12:50.361307Z
b28bbd40-36b7-4385-a8cd-4d7435503a25,run1_rep3,E,CLOSED,CLOSED,request,PROVIDER,N/A,,571.3174579996121,INFO,adaptador.request,true,exitoso,,,9867.267688794,9866.696371336,,,2026-09-05T00:12:50.468374Z
0b1cede8-2287-4f77-a38b-25217ba445a4,run1_rep3,E,CLOSED,CLOSED,request,PROVIDER,N/A,,624.4202919988311,INFO,adaptador.request,true,exitoso,,,9867.346012253,9866.721591961,,,2026-09-05T00:12:50.546681Z
e5a901a5-edef-4b4e-8cd5-39c2654d03dd,run1_rep3,E,CLOSED,CLOSED,request,PROVIDER,N/A,,631.8363760001375,INFO,adaptador.request,true,exitoso,,,9867.428569753,9866.796733377,,,2026-09-05T00:12:50.629222Z
5558eece-74c6-4bc7-a2a9-e4ec84aff142,run1_rep3,E,CLOSED,CLOSED,request,PROVIDER,N/A,,540.7225839990133,INFO,adaptador.request,true,exitoso,,,9867.534841211,9866.994118627,,,2026-09-05T00:12:50.735506Z
0cba87c1-d7d9-4c30-ada8-be2d8a5fd801,run1_rep3,E,CLOSED,CLOSED,request,PROVIDER,N/A,,441.9312499994703,INFO,adaptador.request,true,exitoso,,,9867.602061503,9867.160130253,,,2026-09-05T00:12:50.802710Z
7415dec4-5eca-4311-8844-f30ac1e01725,run1_rep3,E,CLOSED,CLOSED,request,PROVIDER,N/A,,502.86495799991826,INFO,adaptador.request,true,exitoso,,,9867.665647044,9867.162782086,,,2026-09-05T00:12:50.866275Z
4cfdf000-a4cf-465c-ad62-34d7bae2a404,run1_rep3,E,CLOSED,CLOSED,request,PROVIDER,N/A,,569.7962089998327,INFO,adaptador.request,true,exitoso,,,9867.771365003,9867.201568794,,,2026-09-05T00:12:50.972013Z
b4955aee-fdce-455b-a908-bd9fa790afaf,run1_rep3,E,CLOSED,CLOSED,request,PROVIDER,N/A,,508.77495799977623,INFO,adaptador.request,true,exitoso,,,9867.827941086,9867.319166128,,,2026-09-05T00:12:51.028602Z
e176a35d-2e92-43a0-a0fa-672a053ec5e2,run1_rep3,E,CLOSED,CLOSED,request,PROVIDER,N/A,,416.64679199857346,INFO,adaptador.request,true,exitoso,,,9867.904477711,9867.487830919,,,2026-09-05T00:12:51.105142Z
5736a7ef-3660-49bf-a5f3-dd5ab63357ef,run1_rep3,E,CLOSED,CLOSED,request,PROVIDER,N/A,,462.4580830004561,INFO,adaptador.request,true,exitoso,,,9867.965727461,9867.503269378,,,2026-09-05T00:12:51.166383Z
565d344a-7ec5-4192-8154-4f13db2d0f33,run1_rep3,E,CLOSED,CLOSED,request,PROVIDER,N/A,,468.7355000005482,INFO,adaptador.request,true,exitoso,,,9868.035100628,9867.566365128,,,2026-09-05T00:12:51.235780Z
73b43d66-bddf-4ccb-8380-d89c2253a030,run1_rep3,E,CLOSED,CLOSED,request,PROVIDER,N/A,,422.63608400025987,INFO,adaptador.request,true,exitoso,,,9868.133030045,9867.710393961,,,2026-09-05T00:12:51.333694Z
58165017-3ef4-44bc-8564-f5d842a0a996,run1_rep3,E,CLOSED,CLOSED,request,PROVIDER,N/A,,408.38041700044414,INFO,adaptador.request,true,exitoso,,,9868.222230836,9867.813850419,,,2026-09-05T00:12:51.422866Z
03ef748f-0670-4210-907a-9bdd97fab74f,run1_rep3,E,CLOSED,CLOSED,request,PROVIDER,N/A,,460.9576669990929,INFO,adaptador.request,true,exitoso,,,9868.297760836,9867.836803169,,,2026-09-05T00:12:51.498426Z
e989bfa1-fb40-4a1d-8269-928cb25c1253,run1_rep3,E,CLOSED,CLOSED,request,PROVIDER,N/A,,547.3793750006735,INFO,adaptador.request,true,exitoso,,,9868.404585045,9867.85720567,,,2026-09-05T00:12:51.605206Z
76bce66c-9523-49e3-b028-1aefd202fc28,run1_rep3,E,CLOSED,CLOSED,request,PROVIDER,N/A,,524.2120000002615,INFO,adaptador.request,true,exitoso,,,9868.490755211,9867.966543211,,,2026-09-05T00:12:51.691406Z
bc16b1d4-0b8c-45ca-ad41-9597e0c86576,run1_rep3,E,CLOSED,CLOSED,request,PROVIDER,N/A,,428.5146669990354,INFO,adaptador.request,true,exitoso,,,9868.56222817,9868.133713503,,,2026-09-05T00:12:51.762858Z
ec2651d7-e2ce-4719-bba7-0b346449804b,run1_rep3,E,CLOSED,CLOSED,request,PROVIDER,N/A,,438.29504199857183,INFO,adaptador.request,true,exitoso,,,9868.657940295,9868.219645253,,,2026-09-05T00:12:51.858705Z
0a070e27-5b02-4128-9e65-b810df37aa41,run1_rep3,E,CLOSED,CLOSED,request,PROVIDER,N/A,,500.0795839987404,INFO,adaptador.request,true,exitoso,,,9868.745619962,9868.245540378,,,2026-09-05T00:12:51.946259Z
9554c260-d234-48cc-aa77-80c5ca6af361,run1_rep3,E,CLOSED,CLOSED,request,PROVIDER,N/A,,528.725874999509,INFO,adaptador.request,true,exitoso,,,9868.846258795,9868.31753292,,,2026-09-05T00:12:52.046944Z
52486739-9d0b-4a12-90f5-51bb5b97a0f7,run1_rep3,E,CLOSED,CLOSED,request,PROVIDER,N/A,,479.94220799955656,INFO,adaptador.request,true,exitoso,,,9868.945789128,9868.46584692,,,2026-09-05T00:12:52.146469Z
885c648a-5983-41f4-9430-2fd808441806,run1_rep3,E,CLOSED,CLOSED,request,PROVIDER,N/A,,554.3367090012907,INFO,adaptador.request,true,exitoso,,,9869.04469892,9868.490362211,,,2026-09-05T00:12:52.245369Z
c18cf92a-f3fb-41ab-8d9d-d904b2be7431,run1_rep3,E,CLOSED,CLOSED,request,PROVIDER,N/A,,569.3951670000388,INFO,adaptador.request,true,exitoso,,,9869.112323628,9868.542928461,,,2026-09-05T00:12:52.312974Z
5b001e3d-4ae2-4731-881f-8e54dbc8db76,run1_rep3,E,CLOSED,CLOSED,request,PROVIDER,N/A,,574.5922919995792,INFO,adaptador.request,true,exitoso,,,9869.19218367,9868.617591378,,,2026-09-05T00:12:52.392896Z
87045b0b-2c72-4965-b1bd-2bd0e018eaa0,run1_rep3,E,CLOSED,CLOSED,request,PROVIDER,N/A,,601.8116249997547,INFO,adaptador.request,true,exitoso,,,9869.29931042,9868.697498795,,,2026-09-05T00:12:52.499950Z
9d683421-f690-4943-8c49-10ed9af4e849,run1_rep3,E,CLOSED,CLOSED,request,PROVIDER,N/A,,688.8867920006305,INFO,adaptador.request,true,exitoso,,,9869.386760337,9868.697873545,,,2026-09-05T00:12:52.587396Z
9916108b-1bf1-4915-a747-2a6405fe66e9,run1_rep3,E,CLOSED,CLOSED,request,PROVIDER,N/A,,695.8102080006938,INFO,adaptador.request,true,exitoso,,,9869.46864017,9868.772829962,,,2026-09-05T00:12:52.669322Z
fbb4c0d5-9d3e-49d8-8f6d-adb26c392069,run1_rep3,E,CLOSED,CLOSED,request,PROVIDER,N/A,,510.6948749998992,INFO,adaptador.request,true,exitoso,,,9869.559373837,9869.048678962,,,2026-09-05T00:12:52.760018Z
9d41ca7b-6640-4dd0-ace5-d2651ce46160,run1_rep3,E,CLOSED,CLOSED,request,PROVIDER,N/A,,464.4935840005928,INFO,adaptador.request,true,exitoso,,,9869.616883462,9869.152389878,,,2026-09-05T00:12:52.817605Z
427b2731-61d6-4367-b469-903f95fecf60,run1_rep3,E,CLOSED,CLOSED,request,PROVIDER,N/A,,441.1742920001416,INFO,adaptador.request,true,exitoso,,,9869.673814545,9869.232640253,,,2026-09-05T00:12:52.874447Z
63d11295-047f-43ef-a423-25510f021d15,run1_rep3,E,CLOSED,CLOSED,request,PROVIDER,N/A,,476.78358299890533,INFO,adaptador.request,true,exitoso,,,9869.739196837,9869.262413254,,,2026-09-05T00:12:52.939997Z
5a9ea6cb-6d43-4a3a-b659-9c8834b23245,run1_rep3,E,CLOSED,CLOSED,request,PROVIDER,N/A,,520.2384580006765,INFO,adaptador.request,true,exitoso,,,9869.84121692,9869.320978462,,,2026-09-05T00:12:53.041910Z
f68ea85c-3115-47b2-a8ba-1e971e0947d7,run1_rep3,E,CLOSED,CLOSED,request,PROVIDER,N/A,,579.2465829999855,INFO,adaptador.request,true,exitoso,,,9869.942198462,9869.362951879,,,2026-09-05T00:12:53.142884Z
6f7155db-11de-4d82-b457-d1d8f1507799,run1_rep3,E,CLOSED,CLOSED,request,PROVIDER,N/A,,521.5838330004772,INFO,adaptador.request,true,exitoso,,,9870.009792462,9869.488208629,,,2026-09-05T00:12:53.210400Z
1fe1622f-aad4-4c07-8f22-9678c6f3a9a8,run1_rep3,E,CLOSED,CLOSED,request,PROVIDER,N/A,,347.528209000302,INFO,adaptador.request,true,exitoso,,,9870.089810796,9869.742282587,,,2026-09-05T00:12:53.290426Z
679929bd-e26e-4975-aded-e469a77dd1b9,run1_rep3,E,CLOSED,CLOSED,request,PROVIDER,N/A,,388.07441700009804,INFO,adaptador.request,true,exitoso,,,9870.177039879,9869.788965462,,,2026-09-05T00:12:53.377733Z
e66540e3-8c6b-4863-a218-a471cba57aae,run1_rep3,E,CLOSED,CLOSED,request,PROVIDER,N/A,,481.96816699964984,INFO,adaptador.request,true,exitoso,,,9870.277450254,9869.795482087,,,2026-09-05T00:12:53.478131Z
1d238a4e-746e-45e5-af98-a5527250fb82,run1_rep3,E,CLOSED,CLOSED,request,PROVIDER,N/A,,530.169207999279,INFO,adaptador.request,true,exitoso,,,9870.375517337,9869.845348129,,,2026-09-05T00:12:53.576227Z
a44e72cc-46b8-4073-a0b5-8b779a602bb6,run1_rep3,E,CLOSED,CLOSED,request,PROVIDER,N/A,,572.7264590004779,INFO,adaptador.request,true,exitoso,,,9870.469403296,9869.896676837,,,2026-09-05T00:12:53.670059Z
fea50d1e-f7f0-4ea0-8dc5-5f2459c5529a,run1_rep3,E,CLOSED,CLOSED,request,PROVIDER,N/A,,551.0445410000102,INFO,adaptador.request,true,exitoso,,,9870.534316837,9869.983272296,,,2026-09-05T00:12:53.734953Z
b1fe9583-4887-4ee3-bc45-6ea8827b837d,run1_rep3,E,CLOSED,CLOSED,request,PROVIDER,N/A,,566.3645420008834,INFO,adaptador.request,true,exitoso,,,9870.598931171,9870.032566629,,,2026-09-05T00:12:53.799578Z
7537a564-840b-4f5d-b53e-6e8de30ff59c,run1_rep3,E,CLOSED,CLOSED,request,PROVIDER,N/A,,547.9198330012878,INFO,adaptador.request,true,exitoso,,,9870.696636004,9870.148716171,,,2026-09-05T00:12:53.897344Z
bc02ae79-4b92-43bc-9b46-ac3471017235,run1_rep3,E,CLOSED,CLOSED,request,PROVIDER,N/A,,568.1973340015247,INFO,adaptador.request,true,exitoso,,,9870.799913213,9870.231715879,,,2026-09-05T00:12:54.000670Z
9d7807ec-e761-4d71-b1f5-70c9b664a28c,run1_rep3,E,CLOSED,CLOSED,request,PROVIDER,N/A,,623.5883749995992,INFO,adaptador.request,true,exitoso,,,9870.892362171,9870.268773796,,,2026-09-05T00:12:54.093014Z
a165f9cf-3e5e-47a3-8097-48e2d6658dd5,run1_rep3,E,CLOSED,CLOSED,request,PROVIDER,N/A,,509.56000100086385,INFO,adaptador.request,true,exitoso,,,9870.971785588,9870.462225587,,,2026-09-05T00:12:54.172438Z
c28facf9-3ab8-4df6-986e-1acae8902484,run1_rep3,E,CLOSED,CLOSED,request,PROVIDER,N/A,,534.9994999996852,INFO,adaptador.request,true,exitoso,,,9871.074866546,9870.539867046,,,2026-09-05T00:12:54.275519Z
458bcd07-7270-4306-8708-ae539ef22b91,run1_rep3,E,CLOSED,CLOSED,request,PROVIDER,N/A,,577.7398749996792,INFO,adaptador.request,true,exitoso,,,9871.167511546,9870.589771671,,,2026-09-05T00:12:54.368216Z
86d07e5e-179d-402b-9b56-26ffbc62ef20,run1_rep3,E,CLOSED,CLOSED,request,PROVIDER,N/A,,541.5370410009928,INFO,adaptador.request,true,exitoso,,,9871.264103629,9870.722566588,,,2026-09-05T00:12:54.464761Z
34d7118a-24c8-40f0-96ec-c61690472024,run1_rep3,E,CLOSED,CLOSED,request,PROVIDER,N/A,,543.7172919992008,INFO,adaptador.request,true,exitoso,,,9871.329836796,9870.786119504,,,2026-09-05T00:12:54.530620Z
2f7df9b6-75ee-4ff7-81ec-51029cb43ff7,run1_rep3,E,CLOSED,CLOSED,request,PROVIDER,N/A,,546.4852500008419,INFO,adaptador.request,true,exitoso,,,9871.405312463,9870.858827213,,,2026-09-05T00:12:54.605987Z
2bca9518-e0c5-479e-90c6-ce21ea25eab1,run1_rep3,E,CLOSED,CLOSED,request,PROVIDER,N/A,,525.4333759985457,INFO,adaptador.request,true,exitoso,,,9871.46689038,9870.941457004,,,2026-09-05T00:12:54.667507Z
18863235-b01d-488c-8200-f8b188977aad,run1_rep3,E,CLOSED,CLOSED,request,PROVIDER,N/A,,568.987709000794,INFO,adaptador.request,true,exitoso,,,9871.52678788,9870.957800171,,,2026-09-05T00:12:54.727444Z
9706a547-cefe-48e6-b701-01e2996f20fe,run1_rep3,E,CLOSED,CLOSED,request,PROVIDER,N/A,,549.5719580012519,INFO,adaptador.request,true,exitoso,,,9871.604391671,9871.054819713,,,2026-09-05T00:12:54.805059Z
0ab65dac-7190-4668-8312-6c74b6151daf,run1_rep3,E,CLOSED,CLOSED,request,PROVIDER,N/A,,509.2842499998369,INFO,adaptador.request,true,exitoso,,,9871.695369463,9871.186085213,,,2026-09-05T00:12:54.896019Z
8b65d996-419f-4a48-bb7a-8d614d108bca,run1_rep3,E,CLOSED,CLOSED,request,PROVIDER,N/A,,563.5620000011841,INFO,adaptador.request,true,exitoso,,,9871.755598796,9871.192036796,,,2026-09-05T00:12:54.956256Z
483e7801-a186-451f-a2a3-f45a776f708f,run1_rep3,E,CLOSED,CLOSED,request,PROVIDER,N/A,,435.6551250002667,INFO,adaptador.request,true,exitoso,,,9871.830335671,9871.394680546,,,2026-09-05T00:12:55.030993Z
a3607945-927f-44bf-9091-0dc4c913569f,run1_rep3,E,CLOSED,CLOSED,request,PROVIDER,N/A,,474.52454199992644,INFO,adaptador.request,true,exitoso,,,9871.90825013,9871.433725588,,,2026-09-05T00:12:55.108888Z
bee9f934-dc1e-4836-bfd8-462ac6b60b91,run1_rep3,E,CLOSED,CLOSED,request,PROVIDER,N/A,,392.8638330016838,INFO,adaptador.request,true,exitoso,,,9871.998605504,9871.605741671,,,2026-09-05T00:12:55.199860Z
058da3d3-3f65-4c18-8255-1ed3d2d66fea,run1_rep3,E,CLOSED,CLOSED,request,PROVIDER,N/A,,391.5964579991851,INFO,adaptador.request,true,exitoso,,,9872.054538129,9871.662941671,,,2026-09-05T00:12:55.255644Z
0e49417d-1465-4cd0-9d73-aaaea5fd064f,run1_rep3,E,CLOSED,CLOSED,request,PROVIDER,N/A,,416.3228750003327,INFO,adaptador.request,true,exitoso,,,9872.129133213,9871.712810338,,,2026-09-05T00:12:55.330245Z
43321d27-d9a8-41fd-a18a-dc3122424977,run1_rep3,E,CLOSED,CLOSED,request,PROVIDER,N/A,,498.1587080001191,INFO,adaptador.request,true,exitoso,,,9872.234482088,9871.73632338,,,2026-09-05T00:12:55.435670Z
9b843f80-5b4f-4fdf-af1f-b7350b1634c9,run1_rep3,E,CLOSED,CLOSED,request,PROVIDER,N/A,,553.8976669995463,INFO,adaptador.request,true,exitoso,,,9872.309331588,9871.755433921,,,2026-09-05T00:12:55.510524Z
8e054f55-f38f-40ac-942a-40e108417a63,run1_rep3,E,CLOSED,CLOSED,request,PROVIDER,N/A,,495.70987499828334,INFO,adaptador.request,true,exitoso,,,9872.380894588,9871.885184713,,,2026-09-05T00:12:55.582118Z
0a7c3683-5b41-4d7b-b2bb-d6c39ca59a8a,run1_rep3,E,CLOSED,CLOSED,request,PROVIDER,N/A,,535.2589159992931,INFO,adaptador.request,true,exitoso,,,9872.441662004,9871.906403088,,,2026-09-05T00:12:55.642876Z
ef80b8a9-1ca8-4d17-a4fb-8a6e7987b2b9,run1_rep3,E,CLOSED,CLOSED,request,PROVIDER,N/A,,586.9260420004139,INFO,adaptador.request,true,exitoso,,,9872.527893963,9871.940967921,,,2026-09-05T00:12:55.729112Z
234f7e13-3d56-4434-a3a1-a65e56357324,run1_rep3,E,CLOSED,CLOSED,request,PROVIDER,N/A,,466.1401670000487,INFO,adaptador.request,true,exitoso,,,9872.597371963,9872.131231796,,,2026-09-05T00:12:55.798562Z
45c4f2c2-94f8-4571-8c42-a94a85e5de26,run1_rep3,E,CLOSED,CLOSED,request,PROVIDER,N/A,,510.337208999772,INFO,adaptador.request,true,exitoso,,,9872.69320313,9872.182865921,,,2026-09-05T00:12:55.894439Z
a02c8e90-402a-489e-aac2-eb6a64cf3885,run1_rep3,E,CLOSED,CLOSED,request,PROVIDER,N/A,,574.7289169994474,INFO,adaptador.request,true,exitoso,,,9872.784643838,9872.209914921,,,2026-09-05T00:12:55.985905Z
24d10194-5ef1-45a5-bdb8-eb2e0cb0825e,run1_rep3,E,CLOSED,CLOSED,request,PROVIDER,N/A,,597.2599170017929,INFO,adaptador.request,true,exitoso,,,9872.846153255,9872.248893338,,,2026-09-05T00:12:56.047366Z
e79c724c-0b9b-4b20-b40a-7431262f51da,run1_rep3,E,CLOSED,CLOSED,request,PROVIDER,N/A,,516.177958001208,INFO,adaptador.request,true,exitoso,,,9872.934320546,9872.418142588,,,2026-09-05T00:12:56.135525Z
8777b437-eb4b-4269-93e0-436c92c9f060,run1_rep3,E,CLOSED,CLOSED,request,PROVIDER,N/A,,554.393958998844,INFO,adaptador.request,true,exitoso,,,9873.041675838,9872.487281879,,,2026-09-05T00:12:56.242868Z
35497bb1-da1c-4852-a612-6c99f19e6e68,run1_rep3,E,CLOSED,CLOSED,request,PROVIDER,N/A,,587.6040420007484,INFO,adaptador.request,true,exitoso,,,9873.109178463,9872.521574421,,,2026-09-05T00:12:56.310409Z
c9a0598a-4881-4e36-b496-f630f490b434,run1_rep3,E,CLOSED,CLOSED,request,PROVIDER,N/A,,505.94645899946045,INFO,adaptador.request,true,exitoso,,,9873.20428788,9872.698341421,,,2026-09-05T00:12:56.405513Z
7f591e19-0f3b-43e9-a8d6-062d57d37232,run1_rep3,E,CLOSED,CLOSED,request,PROVIDER,N/A,,561.5846250002505,INFO,adaptador.request,true,exitoso,,,9873.306865588,9872.745280963,,,2026-09-05T00:12:56.508057Z
09325de8-579c-468f-822a-7cc8ea7da0f3,run1_rep3,E,CLOSED,CLOSED,request,PROVIDER,N/A,,567.3568340007478,INFO,adaptador.request,true,exitoso,,,9873.37175713,9872.804400296,,,2026-09-05T00:12:56.572947Z
f548effd-4d1d-4035-a407-b3b633595115,run1_rep3,E,CLOSED,CLOSED,request,PROVIDER,N/A,,575.8852499984641,INFO,adaptador.request,true,exitoso,,,9873.467978255,9872.892093005,,,2026-09-05T00:12:56.669192Z
c641a193-e0b9-43f7-b9d8-db34d6147a6b,run1_rep3,E,CLOSED,CLOSED,request,PROVIDER,N/A,,624.5948329997191,INFO,adaptador.request,true,exitoso,,,9873.573826463,9872.94923163,,,2026-09-05T00:12:56.775028Z
fffdf4f3-5df6-410d-8b68-4765589e39b9,run1_rep3,E,CLOSED,CLOSED,request,PROVIDER,N/A,,516.210666999541,INFO,adaptador.request,true,exitoso,,,9873.662018297,9873.14580763,,,2026-09-05T00:12:56.863224Z
954e24c7-8d21-488a-8919-026d0320a3af,run1_rep3,E,CLOSED,CLOSED,request,PROVIDER,N/A,,570.0634579989128,INFO,adaptador.request,true,exitoso,,,9873.758519963,9873.188456505,,,2026-09-05T00:12:56.959712Z
536c64f3-746c-4eb4-a2bc-cb4b91d4cabf,run1_rep3,E,CLOSED,CLOSED,request,PROVIDER,N/A,,639.0411669999594,INFO,adaptador.request,true,exitoso,,,9873.853766172,9873.214725005,,,2026-09-05T00:12:57.054989Z
9673af5d-9a4c-40e3-8dd1-45d70ddf9656,run1_rep3,E,CLOSED,CLOSED,request,PROVIDER,N/A,,666.3618340007815,INFO,adaptador.request,true,exitoso,,,9873.915609755,9873.249247921,,,2026-09-05T00:12:57.116802Z
72c686a3-845a-48db-accc-e76cd096eeb6,run1_rep3,E,CLOSED,CLOSED,request,PROVIDER,N/A,,604.2381250008475,INFO,adaptador.request,true,exitoso,,,9873.985735213,9873.381497088,,,2026-09-05T00:12:57.186939Z
e6694509-8fe3-4245-85b3-e8781338f06f,run1_rep3,E,CLOSED,CLOSED,request,PROVIDER,N/A,,451.7964580008993,INFO,adaptador.request,true,exitoso,,,9874.058260255,9873.606463797,,,2026-09-05T00:12:57.259446Z
3ec96255-af9f-4b32-a604-2ed57ae44693,run1_rep3,E,CLOSED,CLOSED,request,PROVIDER,N/A,,467.20995899886475,INFO,adaptador.request,true,exitoso,,,9874.130568964,9873.663359005,,,2026-09-05T00:12:57.331785Z
c6932049-bfb5-47b7-96d6-58e73a1efa46,run1_rep3,E,CLOSED,CLOSED,request,PROVIDER,N/A,,384.87849999910395,INFO,adaptador.request,true,exitoso,,,9874.196105755,9873.811227255,,,2026-09-05T00:12:57.397320Z
8eb7c259-608a-4172-8999-24a005d50ea6,run1_rep3,E,CLOSED,CLOSED,request,PROVIDER,N/A,,360.24520799946913,INFO,adaptador.request,true,exitoso,,,9874.29097038,9873.930725172,,,2026-09-05T00:12:57.492185Z
f37e69df-a385-4120-8b3c-2f202bebae29,run1_rep3,E,CLOSED,CLOSED,request,PROVIDER,N/A,,381.41100099892356,INFO,adaptador.request,true,exitoso,,,9874.364887839,9873.983476838,,,2026-09-05T00:12:57.566117Z
763d84d3-269b-42aa-a417-936f15c5c716,run1_rep3,E,CLOSED,CLOSED,request,PROVIDER,N/A,,417.34379199988325,INFO,adaptador.request,true,exitoso,,,9874.450774755,9874.033430963,,,2026-09-05T00:12:57.651941Z
8d108185-81f2-4964-8a3f-423d8a447c57,run1_rep3,E,CLOSED,CLOSED,request,PROVIDER,N/A,,477.76283399980457,INFO,adaptador.request,true,exitoso,,,9874.544501672,9874.066738838,,,2026-09-05T00:12:57.745698Z
c387d1f8-9c1a-46d2-b5ea-e5cbba9288da,run1_rep3,E,CLOSED,CLOSED,request,PROVIDER,N/A,,473.1792080001469,INFO,adaptador.request,true,exitoso,,,9874.60889913,9874.135719922,,,2026-09-05T00:12:57.810127Z
55185b0b-ae4f-4baf-8ea5-856f413cd269,run1_rep3,E,CLOSED,CLOSED,request,PROVIDER,N/A,,505.34337499993853,INFO,adaptador.request,true,exitoso,,,9874.704778297,9874.199434922,,,2026-09-05T00:12:57.905974Z
75dc0896-ce67-4123-a93e-855ff59bd430,run1_rep3,E,CLOSED,CLOSED,request,PROVIDER,N/A,,391.7112500002986,INFO,adaptador.request,true,exitoso,,,9874.767534922,9874.375823672,,,2026-09-05T00:12:57.968720Z
6405b924-5515-4892-baaa-6c0ed0d1e471,run1_rep3,E,CLOSED,CLOSED,request,PROVIDER,N/A,,415.86083299989696,INFO,adaptador.request,true,exitoso,,,9874.853692422,9874.437831589,,,2026-09-05T00:12:58.054876Z
ff2229dc-c36a-4c27-96d8-f56523d03a6f,run1_rep3,E,CLOSED,CLOSED,request,PROVIDER,N/A,,500.68129200008116,INFO,adaptador.request,true,exitoso,,,9874.938855381,9874.438174089,,,2026-09-05T00:12:58.140046Z
0776631d-6838-45e7-8f2f-7546581db818,run1_rep3,E,CLOSED,CLOSED,request,PROVIDER,N/A,,561.9015419997595,INFO,adaptador.request,true,exitoso,,,9875.023099256,9874.461197714,,,2026-09-05T00:12:58.224307Z
b54eda09-c044-4583-bea7-2b47a37c6719,run1_rep3,E,CLOSED,CLOSED,request,PROVIDER,N/A,,610.5789169996569,INFO,adaptador.request,true,exitoso,,,9875.121421172,9874.510842255,,,2026-09-05T00:12:58.322670Z
5fc90a73-5bbb-4058-8592-3872d4d7bca4,run1_rep3,E,CLOSED,CLOSED,request,PROVIDER,N/A,,530.328417000419,INFO,adaptador.request,true,exitoso,,,9875.180782797,9874.65045438,,,2026-09-05T00:12:58.381973Z
d87bc8b7-25ec-451e-bd45-eedcba0bb3f0,run1_rep3,E,CLOSED,CLOSED,request,PROVIDER,N/A,,534.5738750002056,INFO,adaptador.request,true,exitoso,,,9875.272735047,9874.738161172,,,2026-09-05T00:12:58.473892Z
c58e4eb1-14cc-4e28-ae29-9afab5d8e2e7,run1_rep3,E,CLOSED,CLOSED,request,PROVIDER,N/A,,503.4533750003902,INFO,adaptador.request,true,exitoso,,,9875.350030214,9874.846576839,,,2026-09-05T00:12:58.551223Z
f28188e8-e870-46aa-bdb6-e31d470b8016,run1_rep3,E,CLOSED,CLOSED,request,PROVIDER,N/A,,583.4798750001937,INFO,adaptador.request,true,exitoso,,,9875.457737922,9874.874258047,,,2026-09-05T00:12:58.658963Z
ec013d61-74cc-4acc-8e62-fa8b8bc389e1,run1_rep3,E,CLOSED,CLOSED,request,PROVIDER,N/A,,491.59687500105065,INFO,adaptador.request,true,exitoso,,,9875.563832506,9875.072235631,,,2026-09-05T00:12:58.765009Z
fb92af1f-038b-485d-be6a-0f5f73868a75,run1_rep3,E,CLOSED,CLOSED,request,PROVIDER,N/A,,416.6832920000161,INFO,adaptador.request,true,exitoso,,,9875.648957089,9875.232273797,,,2026-09-05T00:12:58.850173Z
f808e9f1-6767-49eb-852b-f881700f0a33,run1_rep3,E,CLOSED,CLOSED,request,PROVIDER,N/A,,500.7372510008281,INFO,adaptador.request,true,exitoso,,,9875.746824923,9875.246087672,,,2026-09-05T00:12:58.948027Z
1a3dfbd3-def7-499a-ad24-2dc0226f1ac0,run1_rep3,E,CLOSED,CLOSED,request,PROVIDER,N/A,,566.1711669999931,INFO,adaptador.request,true,exitoso,,,9875.817161339,9875.250990172,,,2026-09-05T00:12:59.018379Z
224c2816-13bd-4610-a4d3-41d4c41aff6e,run1_rep3,E,CLOSED,CLOSED,request,PROVIDER,N/A,,620.3187920000346,INFO,adaptador.request,true,exitoso,,,9875.894388464,9875.274069672,,,2026-09-05T00:12:59.095590Z
5453614c-7b42-45d3-9b8b-00748fd2f8d5,run1_rep3,E,CLOSED,CLOSED,request,PROVIDER,N/A,,525.6863340000564,INFO,adaptador.request,true,exitoso,,,9875.955453798,9875.429767464,,,2026-09-05T00:12:59.156653Z
6368d9cf-e6c7-4d68-a2aa-02bddf67bf1e,run1_rep3,E,CLOSED,CLOSED,request,PROVIDER,N/A,,411.6784160014504,INFO,adaptador.request,true,exitoso,,,9876.035539214,9875.623860798,,,2026-09-05T00:12:59.236723Z
4708b686-0fe8-4f0a-955a-b57a55b95846,run1_rep3,E,CLOSED,CLOSED,request,PROVIDER,N/A,,489.57908400007,INFO,adaptador.request,true,exitoso,,,9876.118861548,9875.629282464,,,2026-09-05T00:12:59.320045Z
2a86d8da-cea8-43f0-ad18-8dc0aed84f9b,run1_rep3,E,CLOSED,CLOSED,request,PROVIDER,N/A,,566.5204169999924,INFO,adaptador.request,true,exitoso,,,9876.216867506,9875.650347089,,,2026-09-05T00:12:59.418087Z
5c00a9b4-c602-45ae-bca3-e5b922063ac1,run1_rep3,E,CLOSED,CLOSED,request,PROVIDER,N/A,,476.10816699852876,INFO,adaptador.request,true,exitoso,,,9876.282278673,9875.806170506,,,2026-09-05T00:12:59.483457Z
25393d02-4724-4b19-9f04-26d5cc5a6d8f,run1_rep3,E,CLOSED,CLOSED,request,PROVIDER,N/A,,385.7741249994433,INFO,adaptador.request,true,exitoso,,,9876.361799048,9875.976024923,,,2026-09-05T00:12:59.562989Z
6f786741-cc0f-4576-ae9a-3139dbb4d176,run1_rep3,E,CLOSED,CLOSED,request,PROVIDER,N/A,,481.1052919994836,INFO,adaptador.request,true,exitoso,,,9876.45772859,9875.976623298,,,2026-09-05T00:12:59.658918Z
9496cb64-bb88-4e35-9176-17fb8188578d,run1_rep3,E,CLOSED,CLOSED,request,PROVIDER,N/A,,584.4649999999092,INFO,adaptador.request,true,exitoso,,,9876.561383548,9875.976918548,,,2026-09-05T00:12:59.762550Z
78e8ec9d-0312-4ded-9005-f9821827caad,run1_rep3,E,CLOSED,CLOSED,request,PROVIDER,N/A,,553.4487919994717,INFO,adaptador.request,true,exitoso,,,9876.657074506,9876.103625714,,,2026-09-05T00:12:59.858274Z
cbe7bafd-7969-4fbd-8882-4de8d1afb807,run1_rep3,E,CLOSED,CLOSED,request,PROVIDER,N/A,,531.4623750000464,INFO,adaptador.request,true,exitoso,,,9876.738607465,9876.20714509,,,2026-09-05T00:12:59.939792Z
8cdd7078-d312-458b-8aaa-2cd0deed69b2,run1_rep3,E,CLOSED,CLOSED,request,PROVIDER,N/A,,411.0628749986063,INFO,adaptador.request,true,exitoso,,,9876.842638756,9876.431575881,,,2026-09-05T00:13:00.043828Z
8417a135-8238-4a61-a2a0-7779d4f1e94a,run1_rep3,E,CLOSED,CLOSED,request,PROVIDER,N/A,,478.74158400009037,INFO,adaptador.request,true,exitoso,,,9876.94256034,9876.463818756,,,2026-09-05T00:13:00.143749Z
b15af0df-50a7-4e48-898f-89d2c2814a50,run1_rep3,E,CLOSED,CLOSED,request,PROVIDER,N/A,,583.8145420002547,INFO,adaptador.request,true,exitoso,,,9877.048097715,9876.464283173,,,2026-09-05T00:13:00.249309Z
1433813a-b567-4ff4-88a9-6e7473a97937,run1_rep3,E,CLOSED,CLOSED,request,PROVIDER,N/A,,635.4517089985166,INFO,adaptador.request,true,exitoso,,,9877.141609465,9876.506157756,,,2026-09-05T00:13:00.342799Z
635c2799-e36d-410c-8f41-0d39dd48fb65,run1_rep3,E,CLOSED,CLOSED,request,PROVIDER,N/A,,735.3967090002698,INFO,adaptador.request,true,exitoso,,,9877.24206784,9876.506671131,,,2026-09-05T00:13:00.443290Z
ffa25dfb-a2a5-479f-89ee-ef87c9eb47c3,run1_rep3,E,CLOSED,CLOSED,request,PROVIDER,N/A,,745.5737090003822,INFO,adaptador.request,true,exitoso,,,9877.347129382,9876.601555673,,,2026-09-05T00:13:00.548365Z
4116db2f-ac8e-460b-a401-da37146a705f,run1_rep3,E,CLOSED,CLOSED,request,PROVIDER,N/A,,654.0488330010703,INFO,adaptador.request,true,exitoso,,,9877.422344548,9876.768295715,,,2026-09-05T00:13:00.623545Z
fab72cb6-f2c4-4c50-9fe6-6b8f7ee8ea14,run1_rep3,E,CLOSED,CLOSED,request,PROVIDER,N/A,,659.0135829992505,INFO,adaptador.request,true,exitoso,,,9877.508218673,9876.84920509,,,2026-09-05T00:13:00.709430Z
97adacf5-b411-4e57-8d1e-935011fbb2eb,run1_rep3,E,CLOSED,CLOSED,request,PROVIDER,N/A,,682.0477500004927,INFO,adaptador.request,true,exitoso,,,9877.580896632,9876.898848882,,,2026-09-05T00:13:00.782199Z
6f7cca70-fbc1-4246-9a6f-98138d545298,run1_rep3,E,CLOSED,CLOSED,request,PROVIDER,N/A,,727.1223339994322,INFO,adaptador.request,true,exitoso,,,9877.682796674,9876.95567434,,,2026-09-05T00:13:00.883987Z
1b016e04-e827-4a18-a379-71a3a3e9414f,run1_rep3,E,CLOSED,CLOSED,request,PROVIDER,N/A,,605.555750998974,INFO,adaptador.request,true,exitoso,,,9877.763247174,9877.157691423,,,2026-09-05T00:13:00.964426Z
f27b39f6-a962-4559-9984-8ca0d1ed2463,run1_rep3,E,CLOSED,CLOSED,request,PROVIDER,N/A,,509.75675100016815,INFO,adaptador.request,true,exitoso,,,9877.848294924,9877.338538173,,,2026-09-05T00:13:01.049474Z
cbaf8d49-247a-48f7-9ccb-47f9c7e404b8,run1_rep3,E,CLOSED,CLOSED,request,PROVIDER,N/A,,525.6092510007875,INFO,adaptador.request,true,exitoso,,,9877.903378049,9877.377768798,,,2026-09-05T00:13:01.104564Z
9cfc791b-564a-4590-9e06-d0fe7224f8fa,run1_rep3,E,CLOSED,CLOSED,request,PROVIDER,N/A,,518.2749169998715,INFO,adaptador.request,true,exitoso,,,9878.012702507,9877.49442759,,,2026-09-05T00:13:01.213894Z
c91070ff-1dd3-4053-bf01-a3ea15a44cc2,run1_rep3,E,CLOSED,CLOSED,request,PROVIDER,N/A,,583.0038749991218,INFO,adaptador.request,true,exitoso,,,9878.077863257,9877.494859382,,,2026-09-05T00:13:01.279046Z
1a9ea1d8-53f7-4f6e-a20d-980c6bd92522,run1_rep3,E,CLOSED,CLOSED,request,PROVIDER,N/A,,570.6762919999164,INFO,adaptador.request,true,exitoso,,,9878.147861049,9877.577184757,,,2026-09-05T00:13:01.349052Z
a2c25323-3467-4646-973a-edfabfc333d2,run1_rep3,E,CLOSED,CLOSED,request,PROVIDER,N/A,,625.5011659995944,INFO,adaptador.request,true,exitoso,,,9878.214170715,9877.588669549,,,2026-09-05T00:13:01.415352Z
2d77066c-53e6-470e-b1a8-53210fefc659,run1_rep3,E,CLOSED,CLOSED,request,PROVIDER,N/A,,463.8128330007021,INFO,adaptador.request,true,exitoso,,,9878.27571759,9877.811904757,,,2026-09-05T00:13:01.476896Z
39ac73c1-32b1-4448-8a78-d6306a1954cc,run1_rep3,E,CLOSED,CLOSED,request,PROVIDER,N/A,,472.2715829993831,INFO,adaptador.request,true,exitoso,,,9878.376982132,9877.904710549,,,2026-09-05T00:13:01.578162Z
8163d180-0b09-4244-a042-f9f28cc95e1f,run1_rep3,E,CLOSED,CLOSED,request,PROVIDER,N/A,,444.54783400033193,INFO,adaptador.request,true,exitoso,,,9878.458354716,9878.013806882,,,2026-09-05T00:13:01.659539Z
3ba4b623-a4dc-4d4f-a08f-9f835686a21f,run1_rep3,E,CLOSED,CLOSED,request,PROVIDER,N/A,,507.8542920000473,INFO,adaptador.request,true,exitoso,,,9878.541380507,9878.033526215,,,2026-09-05T00:13:01.742582Z
8f9f2c3d-3192-411d-ad1e-c21f3fc64421,run1_rep3,E,CLOSED,CLOSED,request,PROVIDER,N/A,,585.3073339985713,INFO,adaptador.request,true,exitoso,,,9878.619253091,9878.033945757,,,2026-09-05T00:13:01.820418Z
52bd9cce-ec84-4dba-bbe3-25413be57636,run1_rep3,E,CLOSED,CLOSED,request,PROVIDER,N/A,,635.7039579997945,INFO,adaptador.request,true,exitoso,,,9878.711447757,9878.075743799,,,2026-09-05T00:13:01.912648Z
0f06d319-8256-46d6-b0c4-5ecd27d05366,run1_rep3,E,CLOSED,CLOSED,request,PROVIDER,N/A,,446.9730000000709,INFO,adaptador.request,true,exitoso,,,9878.814775132,9878.367802132,,,2026-09-05T00:13:02.015955Z
37e21401-d1a5-463d-9e6a-df0a132ccb95,run1_rep3,E,CLOSED,CLOSED,request,PROVIDER,N/A,,514.5359999987704,INFO,adaptador.request,true,exitoso,,,9878.884818174,9878.370282174,,,2026-09-05T00:13:02.086060Z
50d02089-fb53-4638-a62b-73e471005081,run1_rep3,E,CLOSED,CLOSED,request,PROVIDER,N/A,,609.5491249998304,INFO,adaptador.request,true,exitoso,,,9878.989878549,9878.380329424,,,2026-09-05T00:13:02.191058Z
4efbe493-c475-4bc3-873f-6d5b78351b7d,run1_rep3,E,CLOSED,CLOSED,request,PROVIDER,N/A,,470.121708998704,INFO,adaptador.request,true,exitoso,,,9879.067491716,9878.597370007,,,2026-09-05T00:13:02.268696Z
9c1d4050-c8ba-40a5-950d-df60a3a038b9,run1_rep3,E,CLOSED,CLOSED,request,PROVIDER,N/A,,529.4650840005488,INFO,adaptador.request,true,exitoso,,,9879.160306883,9878.630841799,,,2026-09-05T00:13:02.361505Z
f608afcc-442b-42a1-b73f-be23d4082efd,run1_rep3,E,CLOSED,CLOSED,request,PROVIDER,N/A,,555.0628750006581,INFO,adaptador.request,true,exitoso,,,9879.220766341,9878.665703466,,,2026-09-05T00:13:02.421957Z
b35524d4-8dd2-4b2e-bbf6-05bfda2d9f73,run1_rep3,E,CLOSED,CLOSED,request,PROVIDER,N/A,,597.2637920003763,INFO,adaptador.request,true,exitoso,,,9879.309686133,9878.712422341,,,2026-09-05T00:13:02.510877Z
777781c9-dfac-4e3c-8ea7-09534a4cb0c4,run1_rep3,E,CLOSED,CLOSED,request,PROVIDER,N/A,,530.6780840001011,INFO,adaptador.request,true,exitoso,,,9879.396485216,9878.865807132,,,2026-09-05T00:13:02.597701Z
feb23b01-4b8c-4c5c-ab11-0847faa11937,run1_rep3,E,CLOSED,CLOSED,request,PROVIDER,N/A,,613.9988329996413,INFO,adaptador.request,true,exitoso,,,9879.499841924,9878.885843091,,,2026-09-05T00:13:02.701015Z
eb0dba63-6909-479f-90f8-ed52993b0271,run1_rep3,E,CLOSED,CLOSED,request,PROVIDER,N/A,,606.7237919996842,INFO,adaptador.request,true,exitoso,,,9879.602412466,9878.995688674,,,2026-09-05T00:13:02.803595Z
6f2c0f7f-d69d-4b00-9969-9d90b9ca1b76,run1_rep3,E,CLOSED,CLOSED,request,PROVIDER,N/A,,593.564917000549,INFO,adaptador.request,true,exitoso,,,9879.661954716,9879.068389799,,,2026-09-05T00:13:02.863165Z
c053d677-6316-486b-b95c-50b8c77d8ab1,run1_rep3,E,CLOSED,CLOSED,request,PROVIDER,N/A,,639.7787090008933,INFO,adaptador.request,true,exitoso,,,9879.75331455,9879.113535841,,,2026-09-05T00:13:02.954507Z
91831da8-3f04-4834-9586-83713c2c87ef,run1_rep3,E,CLOSED,CLOSED,request,PROVIDER,N/A,,609.7907089988439,INFO,adaptador.request,true,exitoso,,,9879.824696675,9879.214905966,,,2026-09-05T00:13:03.025888Z
3305fb5d-dc11-4b4b-9fef-479350d835f4,run1_rep3,E,CLOSED,CLOSED,request,PROVIDER,N/A,,511.0005420010566,INFO,adaptador.request,true,exitoso,,,9879.912637133,9879.401636591,,,2026-09-05T00:13:03.113834Z
63118584-c7c2-495c-af57-ed5eafc1e10e,run1_rep3,E,CLOSED,CLOSED,request,PROVIDER,N/A,,517.0590839989018,INFO,adaptador.request,true,exitoso,,,9879.989273508,9879.472214424,,,2026-09-05T00:13:03.190411Z
7ea1ba5c-610f-44e8-9701-956e4122a0d2,run1_rep3,E,CLOSED,CLOSED,request,PROVIDER,N/A,,410.0052499998128,INFO,adaptador.request,true,exitoso,,,9880.052353383,9879.642348133,,,2026-09-05T00:13:03.253498Z
3974ccce-d536-46bb-846f-fadf34fc79bc,run1_rep3,E,CLOSED,CLOSED,request,PROVIDER,N/A,,476.50537499976053,INFO,adaptador.request,true,exitoso,,,9880.135753591,9879.659248216,,,2026-09-05T00:13:03.336938Z
558d6f9e-0ea2-4bea-9ef8-e206ab8edac2,run1_rep3,E,CLOSED,CLOSED,request,PROVIDER,N/A,,454.26537500134145,INFO,adaptador.request,true,exitoso,,,9880.207333341,9879.753067966,,,2026-09-05T00:13:03.408519Z
d8f6d3b3-0d01-45d1-b62e-d0b6f8ab20dd,run1_rep3,E,CLOSED,CLOSED,request,PROVIDER,N/A,,482.85787499844446,INFO,adaptador.request,true,exitoso,,,9880.26925355,9879.786395675,,,2026-09-05T00:13:03.470428Z
e359bfc2-5eb1-4b72-aec0-7ae338254478,run1_rep3,E,CLOSED,CLOSED,request,PROVIDER,N/A,,441.4267079991987,INFO,adaptador.request,true,exitoso,,,9880.338801758,9879.89737505,,,2026-09-05T00:13:03.539990Z
639c9af1-c3cc-48b5-ab5f-e633fcf61199,run1_rep3,E,CLOSED,CLOSED,request,PROVIDER,N/A,,377.3182919994724,INFO,adaptador.request,true,exitoso,,,9880.43417605,9880.056857758,,,2026-09-05T00:13:03.636082Z
abc40695-7a44-4fde-a5d1-ccdc55fd0fb0,run1_rep3,E,CLOSED,CLOSED,request,PROVIDER,N/A,,327.7288339995721,INFO,adaptador.request,true,exitoso,,,9880.489229925,9880.161501091,,,2026-09-05T00:13:03.690403Z
a300c5d7-6dae-45ee-b984-0e6f52852a2d,run1_rep3,E,CLOSED,CLOSED,request,PROVIDER,N/A,,423.010084001362,INFO,adaptador.request,true,exitoso,,,9880.584905842,9880.161895758,,,2026-09-05T00:13:03.786140Z
d95360e9-2bc3-45c3-99a9-d4de59893e2d,run1_rep3,E,CLOSED,CLOSED,request,PROVIDER,N/A,,419.2754169998807,INFO,adaptador.request,true,exitoso,,,9880.670713675,9880.251438258,,,2026-09-05T00:13:03.871907Z
3caba26e-d698-4f35-96ae-ab527d237407,run1_rep3,E,CLOSED,CLOSED,request,PROVIDER,N/A,,418.37487500015413,INFO,adaptador.request,true,exitoso,,,9880.750986133,9880.332611258,,,2026-09-05T00:13:03.952203Z
a384de79-b74a-44d1-ba48-9af81fb13c66,run1_rep3,E,CLOSED,CLOSED,request,PROVIDER,N/A,,412.4199170000793,INFO,adaptador.request,true,exitoso,,,9880.847346425,9880.434926508,,,2026-09-05T00:13:04.048591Z
9d7247c1-c430-4b1b-8b48-be25f0f0a090,run1_rep3,E,CLOSED,CLOSED,request,PROVIDER,N/A,,369.9170410000079,INFO,adaptador.request,true,exitoso,,,9880.920739508,9880.550822467,,,2026-09-05T00:13:04.121921Z
266474f6-14f9-436f-864a-e813dd5e3c5d,run1_rep3,E,CLOSED,CLOSED,request,PROVIDER,N/A,,405.97437500036904,INFO,adaptador.request,true,exitoso,,,9881.002565842,9880.596591467,,,2026-09-05T00:13:04.203782Z
fd74508a-8868-4c40-a9aa-71b6daa4d12f,run1_rep3,E,CLOSED,CLOSED,request,PROVIDER,N/A,,466.1397920008312,INFO,adaptador.request,true,exitoso,,,9881.107927884,9880.641788092,,,2026-09-05T00:13:04.309119Z
41fc70ac-a8a4-4516-a1d9-d6db60f3778b,run1_rep3,E,CLOSED,CLOSED,request,PROVIDER,N/A,,533.5954169986508,INFO,adaptador.request,true,exitoso,,,9881.205902425,9880.672307008,,,2026-09-05T00:13:04.407105Z
c7f20126-181c-4d3d-8d40-3b0951aecda8,run1_rep3,E,CLOSED,CLOSED,request,PROVIDER,N/A,,613.4565420015861,INFO,adaptador.request,true,exitoso,,,9881.309250509,9880.695793967,,,2026-09-05T00:13:04.510439Z
736e3df9-9bc0-46c8-b2a7-d47ac664b501,run1_rep3,E,CLOSED,CLOSED,request,PROVIDER,N/A,,571.135875001346,INFO,adaptador.request,true,exitoso,,,9881.4041173,9880.832981425,,,2026-09-05T00:13:04.605309Z
b1b16567-cf51-4593-960f-b2672fda9e14,run1_rep3,E,CLOSED,CLOSED,request,PROVIDER,N/A,,511.9677499988029,INFO,adaptador.request,true,exitoso,,,9881.466532842,9880.954565092,,,2026-09-05T00:13:04.667698Z
2954bc28-3fcc-4a54-b5b7-8b8d2ecd56a3,run1_rep3,E,CLOSED,CLOSED,request,PROVIDER,N/A,,488.38208400047733,INFO,adaptador.request,true,exitoso,,,9881.563365634,9881.07498355,,,2026-09-05T00:13:04.764524Z
8d99fc81-43e0-43e3-af67-7adac8029209,run1_rep3,E,CLOSED,CLOSED,request,PROVIDER,N/A,,478.0211249999411,INFO,adaptador.request,true,exitoso,,,9881.647896259,9881.169875134,,,2026-09-05T00:13:04.849050Z
6bf5c8e3-6845-48ee-b8b7-dbc87023d46f,run1_rep3,E,CLOSED,CLOSED,request,PROVIDER,N/A,,498.8210840001557,INFO,adaptador.request,true,exitoso,,,9881.714311509,9881.215490425,,,2026-09-05T00:13:04.915483Z
35a60749-1de6-4c2c-b997-532b77a5ff4d,run1_rep3,E,CLOSED,CLOSED,request,PROVIDER,N/A,,530.9407919994555,INFO,adaptador.request,true,exitoso,,,9881.788843426,9881.257902634,,,2026-09-05T00:13:04.990002Z
5d7dfa71-252a-4037-b5e6-763ed9f37483,run1_rep3,E,CLOSED,CLOSED,request,PROVIDER,N/A,,464.1627500004688,INFO,adaptador.request,true,exitoso,,,9881.850152134,9881.385989384,,,2026-09-05T00:13:05.051370Z
9ac0d59e-3f14-40b8-a709-db90f61afbb5,run1_rep3,E,CLOSED,CLOSED,request,PROVIDER,N/A,,534.9152079998021,INFO,adaptador.request,true,exitoso,,,9881.929289092,9881.394373884,,,2026-09-05T00:13:05.130493Z
6dd0f079-5773-4fa9-b906-889653522314,run1_rep3,E,CLOSED,CLOSED,request,PROVIDER,N/A,,582.2678330005147,INFO,adaptador.request,true,exitoso,,,9882.024605717,9881.442337884,,,2026-09-05T00:13:05.225723Z
2d7d150b-ebcd-4c71-93cd-2909bfe7df8d,run1_rep3,E,CLOSED,CLOSED,request,PROVIDER,N/A,,568.9275829990947,INFO,adaptador.request,true,exitoso,,,9882.097095467,9881.528167884,,,2026-09-05T00:13:05.298236Z
976d8019-e096-4945-b7a4-3b2b377a80af,run1_rep3,E,CLOSED,CLOSED,request,PROVIDER,N/A,,621.8589170002815,INFO,adaptador.request,true,exitoso,,,9882.189247884,9881.567388967,,,2026-09-05T00:13:05.390404Z
fae0d8db-da9c-4480-80cf-b85228ba8770,run1_rep3,E,CLOSED,CLOSED,request,PROVIDER,N/A,,554.5856669996283,INFO,adaptador.request,true,exitoso,,,9882.254272967,9881.6996873,,,2026-09-05T00:13:05.455476Z
b15a2986-37bf-4ac2-af18-73334fff2400,run1_rep3,E,CLOSED,CLOSED,request,PROVIDER,N/A,,478.81012499965436,INFO,adaptador.request,true,exitoso,,,9882.337184009,9881.858373884,,,2026-09-05T00:13:05.538375Z
f245050e-8068-42fb-ad33-f7b0e90b13bd,run1_rep3,E,CLOSED,CLOSED,request,PROVIDER,N/A,,405.205458000637,INFO,adaptador.request,true,exitoso,,,9882.397293467,9881.992088009,,,2026-09-05T00:13:05.598484Z
1078c319-99af-412b-90df-716a3789dbad,run1_rep3,E,CLOSED,CLOSED,request,PROVIDER,N/A,,462.83374999984517,INFO,adaptador.request,true,exitoso,,,9882.455525467,9881.992691717,,,2026-09-05T00:13:05.656687Z
9c8c00a4-7886-43c1-85b7-f93c54500843,run1_rep3,E,CLOSED,CLOSED,request,PROVIDER,N/A,,501.6761669994594,INFO,adaptador.request,true,exitoso,,,9882.534723634,9882.033047467,,,2026-09-05T00:13:05.735909Z
4fffce6e-b025-497d-8839-0b9bf468005d,run1_rep3,E,CLOSED,CLOSED,request,PROVIDER,N/A,,474.85025099922495,INFO,adaptador.request,true,exitoso,,,9882.625994093,9882.151143842,,,2026-09-05T00:13:05.827258Z
3ca5e0a2-546c-4958-a1f5-2da144924b99,run1_rep3,E,CLOSED,CLOSED,request,PROVIDER,N/A,,527.4699589990632,INFO,adaptador.request,true,exitoso,,,9882.714781801,9882.187311842,,,2026-09-05T00:13:05.915983Z
9e5aaae9-3e5b-495d-a4c6-a47052c73c47,run1_rep3,E,CLOSED,CLOSED,request,PROVIDER,N/A,,528.0751259997487,INFO,adaptador.request,true,exitoso,,,9882.811358218,9882.283283092,,,2026-09-05T00:13:06.012601Z
f3708a2e-fb56-4473-8e11-d899445da898,run1_rep3,E,CLOSED,CLOSED,request,PROVIDER,N/A,,559.8894169997948,INFO,adaptador.request,true,exitoso,,,9882.890761301,9882.330871884,,,2026-09-05T00:13:06.091970Z
77643f0f-64ba-49f6-9d54-28cf002d2107,run1_rep3,E,CLOSED,CLOSED,request,PROVIDER,N/A,,468.932040999789,INFO,adaptador.request,true,exitoso,,,9882.981275509,9882.512343468,,,2026-09-05T00:13:06.182530Z
8c938305-9510-45a6-8d7b-163fbad1e957,run1_rep3,E,CLOSED,CLOSED,request,PROVIDER,N/A,,477.79254099987156,INFO,adaptador.request,true,exitoso,,,9883.086103884,9882.608311343,,,2026-09-05T00:13:06.287290Z
ea259cfa-33eb-4fcf-a650-9f030d6062dd,run1_rep3,E,CLOSED,CLOSED,request,PROVIDER,N/A,,577.8771249988495,INFO,adaptador.request,true,exitoso,,,9883.190294801,9882.612417676,,,2026-09-05T00:13:06.391467Z
ef20dc4d-49da-4d82-b79b-c13d574380b5,run1_rep3,E,CLOSED,CLOSED,request,PROVIDER,N/A,,553.9802919993235,INFO,adaptador.request,true,exitoso,,,9883.291500635,9882.737520343,,,2026-09-05T00:13:06.492722Z
efdbf855-207a-44da-8398-9f23f37be807,run1_rep3,E,CLOSED,CLOSED,request,PROVIDER,N/A,,553.3848750001198,INFO,adaptador.request,true,exitoso,,,9883.368545093,9882.815160218,,,2026-09-05T00:13:06.569746Z
97b78c23-7a07-49de-b68a-e1b0e815e9bd,run1_rep3,E,CLOSED,CLOSED,request,PROVIDER,N/A,,536.9720830003644,INFO,adaptador.request,true,exitoso,,,9883.454498301,9882.917526218,,,2026-09-05T00:13:06.655723Z
197e4c7d-c9e6-4c5f-bdac-e8f6d95fe92e,run1_rep3,E,CLOSED,CLOSED,request,PROVIDER,N/A,,529.368916999374,INFO,adaptador.request,true,exitoso,,,9883.560706551,9883.031337634,,,2026-09-05T00:13:06.763220Z
1b9b8895-ef6e-4d79-888b-be6e1ee77a4b,run1_rep3,E,CLOSED,CLOSED,request,PROVIDER,N/A,,508.41337499878136,INFO,adaptador.request,true,exitoso,,,9883.621624176,9883.113210801,,,2026-09-05T00:13:06.822791Z
5f230510-279c-4265-9895-661358835939,run1_rep3,E,CLOSED,CLOSED,request,PROVIDER,N/A,,590.4919169988716,INFO,adaptador.request,true,exitoso,,,9883.704106385,9883.113614468,,,2026-09-05T00:13:06.905288Z
c858d2ae-d3a2-45b8-9eeb-564f90503bd1,run1_rep3,E,CLOSED,CLOSED,request,PROVIDER,N/A,,534.1459160008526,INFO,adaptador.request,true,exitoso,,,9883.786162426,9883.25201651,,,2026-09-05T00:13:06.987344Z
dc04c985-e3f3-4741-9676-d1da52f3366d,run1_rep3,E,CLOSED,CLOSED,request,PROVIDER,N/A,,557.2560830005386,INFO,adaptador.request,true,exitoso,,,9883.856486176,9883.299230093,,,2026-09-05T00:13:07.057673Z
124d96ac-a5fc-4a3b-9950-308c406d4b4a,run1_rep3,E,CLOSED,CLOSED,request,PROVIDER,N/A,,629.8308339992218,INFO,adaptador.request,true,exitoso,,,9883.92941601,9883.299585176,,,2026-09-05T00:13:07.131014Z
c90d8bb6-997b-4ab8-93e8-4d8d3d641954,run1_rep3,E,CLOSED,CLOSED,request,PROVIDER,N/A,,517.7912499984814,INFO,adaptador.request,true,exitoso,,,9884.008454218,9883.490662968,,,2026-09-05T00:13:07.209628Z
78d1b70d-7dbc-485b-af01-e5b25a1c8931,run1_rep3,E,CLOSED,CLOSED,request,PROVIDER,N/A,,583.6551669999608,INFO,adaptador.request,true,exitoso,,,9884.08514876,9883.501493593,,,2026-09-05T00:13:07.286356Z
fdf104be-a819-477b-83dd-365e6c9eb27d,run1_rep3,E,CLOSED,CLOSED,request,PROVIDER,N/A,,569.0606259995548,INFO,adaptador.request,true,exitoso,,,9884.190173177,9883.621112551,,,2026-09-05T00:13:07.391346Z
f5e02327-2edb-4514-b562-6fe9369e1fd0,run1_rep3,E,CLOSED,CLOSED,request,PROVIDER,N/A,,543.6375839999528,INFO,adaptador.request,true,exitoso,,,9884.281987552,9883.738349968,,,2026-09-05T00:13:07.483216Z
50819f6e-7cf5-475b-8503-780abcb08656,run1_rep3,E,CLOSED,CLOSED,request,PROVIDER,N/A,,568.7606249994133,INFO,adaptador.request,true,exitoso,,,9884.36326576,9883.794505135,,,2026-09-05T00:13:07.564450Z
087ab27e-ce41-43ad-ac9a-c625b611b3ac,run1_rep3,E,CLOSED,CLOSED,request,PROVIDER,N/A,,600.744000999839,INFO,adaptador.request,true,exitoso,,,9884.433093552,9883.832349551,,,2026-09-05T00:13:07.634307Z
11693a83-9ac2-416d-8dbc-84f23bab027f,run1_rep3,E,CLOSED,CLOSED,request,PROVIDER,N/A,,502.20529199941666,INFO,adaptador.request,true,exitoso,,,9884.514057552,9884.01185226,,,2026-09-05T00:13:07.715255Z
9448a7ce-cd40-4c2b-9f66-fec7d82f8547,run1_rep3,E,CLOSED,CLOSED,request,PROVIDER,N/A,,538.4071259995835,INFO,adaptador.request,true,exitoso,,,9884.576731844,9884.038324718,,,2026-09-05T00:13:07.777950Z
b7ffb76f-0bab-4d97-94da-50293f8a6a70,run1_rep3,E,CLOSED,CLOSED,request,PROVIDER,N/A,,555.718749999869,INFO,adaptador.request,true,exitoso,,,9884.680280552,9884.124561802,,,2026-09-05T00:13:07.881469Z
385b7a56-5ad7-4413-8ae3-ef4d32d62640,run1_rep3,E,CLOSED,CLOSED,request,PROVIDER,N/A,,490.74533299972245,INFO,adaptador.request,true,exitoso,,,9884.748603885,9884.257858552,,,2026-09-05T00:13:07.949779Z
cceb0311-6324-4dc5-a780-1bbf3fa7cfe5,run1_rep3,E,CLOSED,CLOSED,request,PROVIDER,N/A,,506.761667000319,INFO,adaptador.request,true,exitoso,,,9884.814225927,9884.30746426,,,2026-09-05T00:13:08.015443Z
b40e473f-b7a8-4a55-8448-798109954c64,run1_rep3,E,CLOSED,CLOSED,request,PROVIDER,N/A,,480.63987500063377,INFO,adaptador.request,true,exitoso,,,9884.89625451,9884.415614635,,,2026-09-05T00:13:08.097430Z
a9bb030b-ac9c-449b-9052-8a8787085232,run1_rep3,E,CLOSED,CLOSED,request,PROVIDER,N/A,,501.5732089996163,INFO,adaptador.request,true,exitoso,,,9884.956531594,9884.454958385,,,2026-09-05T00:13:08.157724Z
dd3d78a4-b0cc-427e-9900-de2d5bc5cd48,run1_rep3,E,CLOSED,CLOSED,request,PROVIDER,N/A,,431.48116700103856,INFO,adaptador.request,true,exitoso,,,9885.035355927,9884.60387476,,,2026-09-05T00:13:08.236542Z
19baaaae-84ce-4eae-baa8-fd225ade1e59,run1_rep3,E,CLOSED,CLOSED,request,PROVIDER,N/A,,514.4209170011891,INFO,adaptador.request,true,exitoso,,,9885.130447969,9884.616027052,,,2026-09-05T00:13:08.331638Z
824ccd9e-78f4-40fc-ac32-59de5e3ce35c,run1_rep3,E,CLOSED,CLOSED,request,PROVIDER,N/A,,592.3055830007797,INFO,adaptador.request,true,exitoso,,,9885.208837427,9884.616531844,,,2026-09-05T00:13:08.410012Z
8afce1e5-1028-4729-94c4-878e7c06f09f,run1_rep3,E,CLOSED,CLOSED,request,PROVIDER,N/A,,568.8005420015543,INFO,adaptador.request,true,exitoso,,,9885.317267386,9884.748466844,,,2026-09-05T00:13:08.518472Z
9a490dbf-f3a6-4c09-a3c1-85c9e3691638,run1_rep3,E,CLOSED,CLOSED,request,PROVIDER,N/A,,566.9151669990242,INFO,adaptador.request,true,exitoso,,,9885.401969969,9884.835054802,,,2026-09-05T00:13:08.603220Z
f4ac8ca8-e581-4b06-8dbe-65ceb1c7b46f,run1_rep3,E,CLOSED,CLOSED,request,PROVIDER,N/A,,548.8149170014367,INFO,adaptador.request,true,exitoso,,,9885.489786886,9884.940971969,,,2026-09-05T00:13:08.690974Z
4df1f4ee-11fa-46b8-b193-d946de29cf1a,run1_rep3,E,CLOSED,CLOSED,request,PROVIDER,N/A,,513.2922920001874,INFO,adaptador.request,true,exitoso,,,9885.598171761,9885.084879469,,,2026-09-05T00:13:08.799354Z
afa7ba51-d492-456c-9e5c-b6efbb8c915a,run1_rep3,E,CLOSED,CLOSED,request,PROVIDER,N/A,,522.6383750014065,INFO,adaptador.request,true,exitoso,,,9885.657278094,9885.134639719,,,2026-09-05T00:13:08.858486Z
8c077f9f-ba31-4faa-b5bc-bed7071630b2,run1_rep3,E,CLOSED,CLOSED,request,PROVIDER,N/A,,616.8065839992778,INFO,adaptador.request,true,exitoso,,,9885.751891511,9885.135084927,,,2026-09-05T00:13:08.953118Z
e4674669-d3da-4fc7-ba90-471679646e77,run1_rep3,E,CLOSED,CLOSED,request,PROVIDER,N/A,,661.932707998858,INFO,adaptador.request,true,exitoso,,,9885.858230052,9885.196297344,,,2026-09-05T00:13:09.059452Z
d93086b7-98d7-43e1-b17e-399a00f3cc28,run1_rep3,E,CLOSED,CLOSED,request,PROVIDER,N/A,,525.5450419990666,INFO,adaptador.request,true,exitoso,,,9885.938766844,9885.413221802,,,2026-09-05T00:13:09.139969Z
0f5c5b3b-54b8-4a65-96a4-db98b731c202,run1_rep3,E,CLOSED,CLOSED,request,PROVIDER,N/A,,607.2774170006596,INFO,adaptador.request,true,exitoso,,,9886.037945178,9885.430667761,,,2026-09-05T00:13:09.239157Z
33c6fba1-d13d-44d9-ba47-2494965c30fd,run1_rep3,E,CLOSED,CLOSED,request,PROVIDER,N/A,,573.5265000002983,INFO,adaptador.request,true,exitoso,,,9886.106435844,9885.532909344,,,2026-09-05T00:13:09.307645Z
a6aaf9cc-9baa-4a04-a710-1e46d84572bd,run1_rep3,E,CLOSED,CLOSED,request,PROVIDER,N/A,,505.96758399842656,INFO,adaptador.request,true,exitoso,,,9886.177543011,9885.671575427,,,2026-09-05T00:13:09.378745Z
91978a25-6969-43ca-bb15-53ee881eeac9,run1_rep3,E,CLOSED,CLOSED,request,PROVIDER,N/A,,542.4101249991509,INFO,adaptador.request,true,exitoso,,,9886.250621636,9885.708211511,,,2026-09-05T00:13:09.451818Z
d2bb0820-4abe-4bd4-b994-26268f173a40,run1_rep3,E,CLOSED,CLOSED,request,PROVIDER,N/A,,578.9221670002007,INFO,adaptador.request,true,exitoso,,,9886.314252136,9885.735329969,,,2026-09-05T00:13:09.515425Z
1f308eff-2083-46f0-8ae4-ca222db6e491,run1_rep3,E,CLOSED,CLOSED,request,PROVIDER,N/A,,647.7341669997259,INFO,adaptador.request,true,exitoso,,,9886.405518344,9885.757784177,,,2026-09-05T00:13:09.606632Z
bb0faf6a-1c9e-4643-a7d4-ccea5c252fe3,run1_rep3,E,CLOSED,CLOSED,request,PROVIDER,N/A,,680.6355419994361,INFO,adaptador.request,true,exitoso,,,9886.465958011,9885.785322469,,,2026-09-05T00:13:09.667076Z
1c4019bd-9120-497b-8019-259ee4e37093,run1_rep3,E,CLOSED,CLOSED,request,PROVIDER,N/A,,595.5002509999758,INFO,adaptador.request,true,exitoso,,,9886.564692053,9885.969191802,,,2026-09-05T00:13:09.765828Z
33e8a94c-c6a3-4ea4-a7de-12f4f035a7ab,run1_rep3,E,CLOSED,CLOSED,request,PROVIDER,N/A,,506.4375010006188,INFO,adaptador.request,true,exitoso,,,9886.671325595,9886.164888094,,,2026-09-05T00:13:09.872449Z
a59343fa-962e-4818-ac9d-032b037965cf,run1_rep3,E,CLOSED,CLOSED,request,PROVIDER,N/A,,573.1358749999345,INFO,adaptador.request,true,exitoso,,,9886.738440011,9886.165304136,,,2026-09-05T00:13:09.939602Z
