request_id,ejecucion_id,escenario,estado_circuito_fin,estado_circuito_inicio,event_type,fuente_respuesta,hit_miss,latencia_proveedor_ms,latencia_total_ms,level,logger,proveedor_invocado,resultado,tiempo_conmutacion_ms,timestamp_deteccion,timestamp_fin,timestamp_inicio,timestamp_respuesta_cache,tipo_error,ts_wall
4ce642b0-b6e2-4b25-aa63-4d7dbbf8487a,run1_rep2,E,CLOSED,CLOSED,request,PROVIDER,N/A,,88.4942909997335,INFO,adaptador.request,true,exitoso,,,9741.908947237,9741.820452946,,,2026-09-05T00:10:45.108159Z
15c1f7b9-6c30-4215-977e-a8aceb9f2f17,run1_rep2,E,CLOSED,CLOSED,request,PROVIDER,N/A,,167.30674999962503,INFO,adaptador.request,true,exitoso,,,9741.988752404,9741.821445654,,,2026-09-05T00:10:45.187900Z
662dc7a4-dbe4-4c5e-938c-91dd2c29a8b5,run1_rep2,E,CLOSED,CLOSED,request,PROVIDER,N/A,,82.36012500128709,INFO,adaptador.request,true,exitoso,,,9742.396244154,9742.313884029,,,2026-09-05T00:10:45.595443Z
2a1daa29-c411-4221-b1ad-0325acaa9d97,run1_rep2,E,CLOSED,CLOSED,request,PROVIDER,N/A,,73.749624998527,INFO,adaptador.request,true,exitoso,,,9742.472873488,9742.399123863,,,2026-09-05T00:10:45.672050Z
930a7843-00e4-4080-9f16-03d5853cea1b,run1_rep2,E,CLOSED,CLOSED,request,PROVIDER,N/A,,98.09545800089836,INFO,adaptador.request,true,exitoso,,,9742.852517904,9742.754422446,,,2026-09-05T00:10:46.051842Z
f8ab8bd3-e0e0-421b-b943-d49522ba2a91,run1_rep2,E,CLOSED,CLOSED,request,PROVIDER,N/A,,182.66429199866252,INFO,adaptador.request,true,exitoso,,,9742.938466196,9742.755801904,,,2026-09-05T00:10:46.137677Z
a06d4003-41ae-42ff-97e8-05a6a3fbd9b5,run1_rep2,E,CLOSED,CLOSED,request,PROVIDER,N/A,,94.44720900137327,INFO,adaptador.request,true,exitoso,,,9743.16614178,9743.071694571,,,2026-09-05T00:10:46.365343Z
061ec4e8-6b5a-40fb-a87c-66b5b1e5dcfe,run1_rep2,E,CLOSED,CLOSED,request,PROVIDER,N/A,,73.28379099999438,INFO,adaptador.request,true,exitoso,,,9743.231965696,9743.158681905,,,2026-09-05T00:10:46.431238Z
79b0084e-0aba-4b67-9e30-c93643f2c671,run1_rep2,E,CLOSED,CLOSED,request,PROVIDER,N/A,,79.49487499899988,INFO,adaptador.request,true,exitoso,,,9743.606075405,9743.52658053,,,2026-09-05T00:10:46.805279Z
cb0a9355-d7f9-4be5-b095-be1561006943,run1_rep2,E,CLOSED,CLOSED,request,PROVIDER,N/A,,84.64066700071271,INFO,adaptador.request,true,exitoso,,,9743.80885578,9743.724215113,,,2026-09-05T00:10:47.008125Z
01f27fd5-2487-4fcc-88b3-07b93ca7faaa,run1_rep2,E,CLOSED,CLOSED,request,PROVIDER,N/A,,89.98954100025003,INFO,adaptador.request,true,exitoso,,,9743.959103613,9743.869114072,,,2026-09-05T00:10:47.158324Z
ba258bdb-7814-404c-b625-d3555583e31f,run1_rep2,E,CLOSED,CLOSED,request,PROVIDER,N/A,,69.21729100031371,INFO,adaptador.request,true,exitoso,,,9744.156997863,9744.087780572,,,2026-09-05T00:10:47.356171Z
bb4ecc81-bda6-4534-92cd-f31bbe2dcc24,run1_rep2,E,CLOSED,CLOSED,request,PROVIDER,N/A,,107.2381249996397,INFO,adaptador.request,true,exitoso,,,9744.257807572,9744.150569447,,,2026-09-05T00:10:47.457009Z
3400bb1d-254e-46c3-84cd-b2bc83f2b216,run1_rep2,E,CLOSED,CLOSED,request,PROVIDER,N/A,,68.56687500112457,INFO,adaptador.request,true,exitoso,,,9744.398350572,9744.329783697,,,2026-09-05T00:10:47.597535Z
3bb3e26c-09ad-4b54-84a5-eb7cb9f029eb,run1_rep2,E,CLOSED,CLOSED,request,PROVIDER,N/A,,71.36558400088688,INFO,adaptador.request,true,exitoso,,,9744.556606864,9744.48524128,,,2026-09-05T00:10:47.755852Z
fb87f196-cf2e-4b67-9f5c-41fd923fc88a,run1_rep2,E,CLOSED,CLOSED,request,PROVIDER,N/A,,67.77108300047985,INFO,adaptador.request,true,exitoso,,,9744.771388947,9744.703617864,,,2026-09-05T00:10:47.970634Z
899e770e-4993-4b61-bd44-071be2bc6555,run1_rep2,E,CLOSED,CLOSED,request,PROVIDER,N/A,,85.60866699917824,INFO,adaptador.request,true,exitoso,,,9744.968134489,9744.882525822,,,2026-09-05T00:10:48.167342Z
bb15e56f-e3fb-4226-bbca-1eca82a1cfad,run1_rep2,E,CLOSED,CLOSED,request,PROVIDER,N/A,,93.78483300133666,INFO,adaptador.request,true,exitoso,,,9745.153602947,9745.059818114,,,2026-09-05T00:10:48.352775Z
19a2dbbe-670b-44e0-b032-7f04bc105810,run1_rep2,E,CLOSED,CLOSED,request,PROVIDER,N/A,,80.28812500015192,INFO,adaptador.request,true,exitoso,,,9745.355971572,9745.275683447,,,2026-09-05T00:10:48.555322Z
b611f864-a600-4a70-a81f-052105a004f4,run1_rep2,E,CLOSED,CLOSED,request,PROVIDER,N/A,,102.72966699994868,INFO,adaptador.request,true,exitoso,,,9745.721214031,9745.618484364,,,2026-09-05T00:10:48.920403Z
9395adfa-2e67-46d9-b471-c371636d10be,run1_rep2,E,CLOSED,CLOSED,request,PROVIDER,N/A,,159.84691699850373,INFO,adaptador.request,true,exitoso,,,9745.779834406,9745.619987489,,,2026-09-05T00:10:48.979031Z
ae123708-ae84-4885-8a61-a9c1e0539bd1,run1_rep2,E,CLOSED,CLOSED,request,PROVIDER,N/A,,96.96633400017163,INFO,adaptador.request,true,exitoso,,,9746.014818323,9745.917851989,,,2026-09-05T00:10:49.213999Z
512281d8-bbc9-445c-be9c-69729f5ed961,run1_rep2,E,CLOSED,CLOSED,request,PROVIDER,N/A,,69.98129099883954,INFO,adaptador.request,true,exitoso,,,9746.260802489,9746.190821198,,,2026-09-05T00:10:49.459995Z
b4f4504c-f3a5-4b71-b3b4-2b3fa24c46b5,run1_rep2,E,CLOSED,CLOSED,request,PROVIDER,N/A,,102.67187499994179,INFO,adaptador.request,true,exitoso,,,9746.442533073,9746.339861198,,,2026-09-05T00:10:49.641718Z
60e84da9-91c4-4ced-9fb9-820b5ef19e10,run1_rep2,E,CLOSED,CLOSED,request,PROVIDER,N/A,,73.79862499874434,INFO,adaptador.request,true,exitoso,,,9746.78162099,9746.707822365,,,2026-09-05T00:10:49.980777Z
205c75bd-3f17-4607-8ba5-5796148f4ed6,run1_rep2,E,CLOSED,CLOSED,request,PROVIDER,N/A,,76.55829200120934,INFO,adaptador.request,true,exitoso,,,9746.983708198,9746.907149906,,,2026-09-05T00:10:50.182889Z
d7b2768f-cad7-48f5-9fbe-53a1a2235a06,run1_rep2,E,CLOSED,CLOSED,request,PROVIDER,N/A,,68.55520899989642,INFO,adaptador.request,true,exitoso,,,9747.285383532,9747.216828323,,,2026-09-05T00:10:50.484665Z
3f9f6a13-211e-45e5-b28a-d265ac6de8df,run1_rep2,E,CLOSED,CLOSED,request,PROVIDER,N/A,,103.02841699922283,INFO,adaptador.request,true,exitoso,,,9747.39270424,9747.289675823,,,2026-09-05T00:10:50.591925Z
7ad5f491-2977-42ff-86d1-735fdb835440,run1_rep2,E,CLOSED,CLOSED,request,PROVIDER,N/A,,60.77245800042874,INFO,adaptador.request,true,exitoso,,,9747.669164073,9747.608391615,,,2026-09-05T00:10:50.868383Z
27a04c39-4de3-49ce-9274-1a68284d21c4,run1_rep2,E,CLOSED,CLOSED,request,PROVIDER,N/A,,90.22970799924224,INFO,adaptador.request,true,exitoso,,,9747.946291532,9747.856061824,,,2026-09-05T00:10:51.145463Z
3328fe8b-2690-477a-bbc7-9358d30c37f0,run1_rep2,E,CLOSED,CLOSED,request,PROVIDER,N/A,,107.94087500107707,INFO,adaptador.request,true,exitoso,,,9748.203541949,9748.095601074,,,2026-09-05T00:10:51.402730Z
34774f09-7602-4193-9c95-eea9f2d78638,run1_rep2,E,CLOSED,CLOSED,request,PROVIDER,N/A,,162.98900000037975,INFO,adaptador.request,true,exitoso,,,9748.302501407,9748.139512407,,,2026-09-05T00:10:51.501690Z
6907650a-f53a-460d-945c-6c3a9f30cbeb,run1_rep2,E,CLOSED,CLOSED,request,PROVIDER,N/A,,63.522000000375556,INFO,adaptador.request,true,exitoso,,,9748.402497282,9748.338975282,,,2026-09-05T00:10:51.601675Z
598b1eee-fb30-4fc5-98f0-1c5d424a550c,run1_rep2,E,CLOSED,CLOSED,request,PROVIDER,N/A,,78.58995900096488,INFO,adaptador.request,true,exitoso,,,9748.756867366,9748.678277407,,,2026-09-05T00:10:51.956115Z
6ec38f3f-b7c6-4bd5-af63-e4d6c18b843c,run1_rep2,E,CLOSED,CLOSED,request,PROVIDER,N/A,,125.29325000105018,INFO,adaptador.request,true,exitoso,,,9748.858246116,9748.732952866,,,2026-09-05T00:10:52.057455Z
7aaee53a-edda-40b5-bfd5-abeec2a31bd0,run1_rep2,E,CLOSED,CLOSED,request,PROVIDER,N/A,,87.0145839999168,INFO,adaptador.request,true,exitoso,,,9749.244152866,9749.157138282,,,2026-09-05T00:10:52.443337Z
7ff8444d-fc13-4537-b795-f6503a6a6bb6,run1_rep2,E,CLOSED,CLOSED,request,PROVIDER,N/A,,65.16625000040221,INFO,adaptador.request,true,exitoso,,,9749.345601658,9749.280435408,,,2026-09-05T00:10:52.544777Z
50c1dd42-f9ef-43bd-88b5-8f9343624385,run1_rep2,E,CLOSED,CLOSED,request,PROVIDER,N/A,,85.8756670004368,INFO,adaptador.request,true,exitoso,,,9749.509637241,9749.423761574,,,2026-09-05T00:10:52.708856Z
04d15828-70c4-4307-a23d-917152b63724,run1_rep2,E,CLOSED,CLOSED,request,PROVIDER,N/A,,89.14937500048836,INFO,adaptador.request,true,exitoso,,,9749.719340074,9749.630190699,,,2026-09-05T00:10:52.918536Z
559fa111-4e30-427e-ba71-4214b9ebd569,run1_rep2,E,CLOSED,CLOSED,request,PROVIDER,N/A,,85.09158400011074,INFO,adaptador.request,true,exitoso,,,9749.864117533,9749.779025949,,,2026-09-05T00:10:53.063310Z
dc91885e-dc75-4cb1-a626-d40a30eaf55b,run1_rep2,E,CLOSED,CLOSED,request,PROVIDER,N/A,,70.2367920002871,INFO,adaptador.request,true,exitoso,,,9750.1654877,9750.095250908,,,2026-09-05T00:10:53.364672Z
fb55971e-351b-40e3-b988-728b1b60c3b9,run1_rep2,E,CLOSED,CLOSED,request,PROVIDER,N/A,,164.4922499999666,INFO,adaptador.request,true,exitoso,,,9750.26330895,9750.0988167,,,2026-09-05T00:10:53.462578Z
2f3511fa-bcdb-4ff5-8e6a-6aa8f724dd6c,run1_rep2,E,CLOSED,CLOSED,request,PROVIDER,N/A,,72.9172909996123,INFO,adaptador.request,true,exitoso,,,9750.388858491,9750.3159412,,,2026-09-05T00:10:53.588018Z
66ad2aa4-bf74-4a62-8e0f-0244bcea4018,run1_rep2,E,CLOSED,CLOSED,request,PROVIDER,N/A,,82.00995799961674,INFO,adaptador.request,true,exitoso,,,9750.618859283,9750.536849325,,,2026-09-05T00:10:53.818098Z
8e8cb400-e693-4cc9-8de6-3c9f68cf80e4,run1_rep2,E,CLOSED,CLOSED,request,PROVIDER,N/A,,63.47816699963005,INFO,adaptador.request,true,exitoso,,,9750.703266575,9750.639788408,,,2026-09-05T00:10:53.902442Z
1266f4a8-7c44-4c0c-8908-b68ef64c0c2e,run1_rep2,E,CLOSED,CLOSED,request,PROVIDER,N/A,,104.04716700031713,INFO,adaptador.request,true,exitoso,,,9750.953804825,9750.849757658,,,2026-09-05T00:10:54.153009Z
a5549d14-1834-4426-9a4e-d349c18037c0,run1_rep2,E,CLOSED,CLOSED,request,PROVIDER,N/A,,93.2825830004731,INFO,adaptador.request,true,exitoso,,,9751.165783283,9751.0725007,,,2026-09-05T00:10:54.364986Z
7a9a1baa-64c1-4df4-897d-8d4228dc32a2,run1_rep2,E,CLOSED,CLOSED,request,PROVIDER,N/A,,63.41354100004537,INFO,adaptador.request,true,exitoso,,,9751.271849908,9751.208436367,,,2026-09-05T00:10:54.471116Z
67328f64-fe3f-4d68-b632-25f2c5936aaf,run1_rep2,E,CLOSED,CLOSED,request,PROVIDER,N/A,,93.67858299992804,INFO,adaptador.request,true,exitoso,,,9751.6380427,9751.544364117,,,2026-09-05T00:10:54.837210Z
local-70daec02-11ef-4bd6-9af3-97e9938f3f84,run1_rep2,E,OPEN,CLOSED,request,CACHE,HIT,18.89804200072831,19.49179199982609,INFO,adaptador.request,true,degradado,0.4040000003442401,9751.789287534,9751.789881284,9751.770389492,9751.789691534,CIRCUIT_OPEN,2026-09-05T00:10:54.989097Z
9d447636-98b4-4d08-bcfd-dd61783790fb,run1_rep2,E,OPEN,OPEN,request,CACHE,HIT,0.019834000340779312,0.5548339995584683,INFO,adaptador.request,false,degradado,0.4931249986839248,9752.036376825,9752.036911825,9752.036356991,9752.03686995,CIRCUIT_OPEN,2026-09-05T00:10:55.237373Z
7db19c5a-8523-493a-85b3-288bf6ffea8f,run1_rep2,E,OPEN,OPEN,request,CACHE,HIT,0.007333999747061171,0.9452919985051267,INFO,adaptador.request,false,degradado,0.9002499991765944,9752.0365822,9752.037520158,9752.036574866,9752.03748245,CIRCUIT_OPEN,2026-09-05T00:10:55.237976Z
0a376974-82f0-431b-9df6-bca5c0e2c366,run1_rep2,E,OPEN,OPEN,request,CACHE,HIT,0.11812500088126399,1.4242090001062024,INFO,adaptador.request,false,degradado,1.0265839991916437,9752.317432866,9752.31873895,9752.317314741,9752.31845945,CIRCUIT_OPEN,2026-09-05T00:10:55.519297Z
e9bc7c91-1b6f-4b06-8946-7b61237595fd,run1_rep2,E,OPEN,OPEN,request,CACHE,HIT,0.056999999287654646,1.3811669996357523,INFO,adaptador.request,false,degradado,1.2075829999957932,9752.514761158,9752.516085325,9752.514704158,9752.515968741,CIRCUIT_OPEN,2026-09-05T00:10:55.716835Z
96a7c1d5-efed-4264-946d-6b6c56de09ac,run1_rep2,E,OPEN,OPEN,request,CACHE,HIT,0.02249999852210749,1.05312499908905,INFO,adaptador.request,false,degradado,0.9772080011316575,9752.5153227,9752.516353325,9752.5153002,9752.516299908,CIRCUIT_OPEN,2026-09-05T00:10:55.717126Z
fb5ec494-470a-494b-9757-924b1def6c1d,run1_rep2,E,OPEN,OPEN,request,CACHE,HIT,0.06066599962650798,0.9000409991131164,INFO,adaptador.request,false,degradado,0.7175840000854805,9752.655232366,9752.656071741,9752.6551717,9752.65594995,CIRCUIT_OPEN,2026-09-05T00:10:55.856555Z
5201f343-0c25-451b-b777-15055c6e4275,run1_rep2,E,OPEN,OPEN,request,CACHE,HIT,0.03562500023690518,0.6046250000508735,INFO,adaptador.request,false,degradado,0.4827089996979339,9752.951088533,9752.951657533,9752.951052908,9752.951571242,CIRCUIT_OPEN,2026-09-05T00:10:56.152164Z
f331893d-16ab-48e8-8211-bbcf8bfdf7c2,run1_rep2,E,OPEN,OPEN,request,CACHE,HIT,0.04050000097777229,1.8928330009657657,INFO,adaptador.request,false,degradado,1.6749169990362134,9753.032529075,9753.034381408,9753.032488575,9753.034203992,CIRCUIT_OPEN,2026-09-05T00:10:56.234930Z
63c2e7fd-de9a-4800-a0f2-30fe8aba8c67,run1_rep2,E,OPEN,OPEN,request,CACHE,HIT,0.014416998965316452,0.5082919997221325,INFO,adaptador.request,false,degradado,0.4428749998623971,9753.04007245,9753.040566325,9753.040058033,9753.040515325,CIRCUIT_OPEN,2026-09-05T00:10:56.241235Z
c9f8d2b6-c537-4490-a7d4-46a7e92e9f37,run1_rep2,E,OPEN,OPEN,request,CACHE,HIT,0.021249999917927198,1.1056249986722833,INFO,adaptador.request,false,degradado,1.0545829991315259,9753.039689617,9753.040773992,9753.039668367,9753.0407442,CIRCUIT_OPEN,2026-09-05T00:10:56.241497Z
7f6f833a-1172-44c2-be20-58c2db267aad,run1_rep2,E,OPEN,OPEN,request,CACHE,HIT,0.024666998797329143,0.5862919988430804,INFO,adaptador.request,false,degradado,0.4526250013441313,9753.081959742,9753.082521367,9753.081935075,9753.082412367,CIRCUIT_OPEN,2026-09-05T00:10:56.283049Z
c83bcf8f-facb-44a6-9404-1d646ec3c414,run1_rep2,E,OPEN,OPEN,request,CACHE,HIT,0.039667000237386674,0.8051670010900125,INFO,adaptador.request,false,degradado,0.6465000005846377,9753.24833495,9753.24910045,9753.248295283,9753.24898145,CIRCUIT_OPEN,2026-09-05T00:10:56.449601Z
629f3e40-a732-4c9d-a0d8-e01093d96aa7,run1_rep2,E,OPEN,OPEN,request,CACHE,HIT,0.04066600013175048,0.7178750001912704,INFO,adaptador.request,false,degradado,0.586874999498832,9753.270146908,9753.270824117,9753.270106242,9753.270733783,CIRCUIT_OPEN,2026-09-05T00:10:56.471319Z
804b4e31-31e0-4103-8446-8a0c212e0beb,run1_rep2,E,OPEN,OPEN,request,CACHE,HIT,0.058166000599157996,0.9086660011234926,INFO,adaptador.request,false,degradado,0.7464169993909309,9753.339635908,9753.340486408,9753.339577742,9753.340382325,CIRCUIT_OPEN,2026-09-05T00:10:56.540988Z
5e4b979e-9c87-4c3c-9b10-745175e0c4ce,run1_rep2,E,OPEN,OPEN,request,CACHE,HIT,0.06179200136102736,0.9045420010806993,INFO,adaptador.request,false,degradado,0.7281669986696215,9753.434406992,9753.435249742,9753.4343452,9753.435135159,CIRCUIT_OPEN,2026-09-05T00:10:56.635760Z
a6ae2ddf-4e80-476b-a1fa-dc79d5feba62,run1_rep2,E,OPEN,OPEN,request,CACHE,HIT,0.05508399954123888,0.8349590007128427,INFO,adaptador.request,false,degradado,0.6774160010536434,9753.493111409,9753.493891284,9753.493056325,9753.493788825,CIRCUIT_OPEN,2026-09-05T00:10:56.694389Z
98b7b21b-58fa-45d2-b0b0-8d96712433c1,run1_rep2,E,OPEN,OPEN,request,CACHE,HIT,0.08366600013687275,0.9934160007105675,INFO,adaptador.request,false,degradado,0.7763749999867287,9753.6191122,9753.62002195,9753.619028534,9753.619888575,CIRCUIT_OPEN,2026-09-05T00:10:56.820530Z
69329199-319c-4b80-b83f-80f15f7283a9,run1_rep2,E,OPEN,OPEN,request,CACHE,HIT,0.05587499981629662,0.8476659986627055,INFO,adaptador.request,false,degradado,0.6997500004217727,9753.756799409,9753.7575912,9753.756743534,9753.757499159,CIRCUIT_OPEN,2026-09-05T00:10:56.958075Z
a69d54fd-bace-4a7a-bb90-f50c0688b38b,run1_rep2,E,OPEN,OPEN,request,CACHE,HIT,0.05700000110664405,1.0396249999757856,INFO,adaptador.request,false,degradado,0.8544169995730044,9753.826565367,9753.827547992,9753.826508367,9753.827419784,CIRCUIT_OPEN,2026-09-05T00:10:57.028077Z
fd8828ba-2b69-404e-bcf9-d8ac2e87c4d1,run1_rep2,E,OPEN,OPEN,request,CACHE,HIT,0.059374999182182364,1.23354199968162,INFO,adaptador.request,false,degradado,0.9106670004257467,9753.895709575,9753.896883742,9753.8956502,9753.896620242,CIRCUIT_OPEN,2026-09-05T00:10:57.097538Z
802017ce-2913-4b5d-a178-439c7a5e3894,run1_rep2,E,OPEN,OPEN,request,CACHE,HIT,0.04199999966658652,0.6332499997370178,INFO,adaptador.request,false,degradado,0.5075839999335585,9753.901532325,9753.902123575,9753.901490325,9753.902039909,CIRCUIT_OPEN,2026-09-05T00:10:57.102619Z
a9466b4c-f40a-4adc-b550-64f3a0b9d613,run1_rep2,E,OPEN,OPEN,request,CACHE,HIT,0.03787500099861063,0.6384170010278467,INFO,adaptador.request,false,degradado,0.5202920001465827,9753.981689492,9753.982290034,9753.981651617,9753.982209784,CIRCUIT_OPEN,2026-09-05T00:10:57.182787Z
db937e26-fe1d-4c9d-8cfc-0acf67def3bc,run1_rep2,E,OPEN,OPEN,request,CACHE,HIT,0.11370900028850883,1.7144170014944393,INFO,adaptador.request,false,degradado,1.4824999998381827,9754.044661409,9754.046262117,9754.0445477,9754.046143909,CIRCUIT_OPEN,2026-09-05T00:10:57.247146Z
d1169035-c44f-4302-bb3a-36c4e66b7df5,run1_rep2,E,OPEN,OPEN,request,CACHE,HIT,0.02779200076474808,1.2387919996399432,INFO,adaptador.request,false,degradado,1.1134579999634298,9754.045424742,9754.046635742,9754.04539695,9754.0465382,CIRCUIT_OPEN,2026-09-05T00:10:57.247572Z
e5702ab0-2ae6-48b3-97b1-dfd64ab892f4,run1_rep2,E,OPEN,OPEN,request,CACHE,HIT,0.026582998543744907,1.7846249993453966,INFO,adaptador.request,false,degradado,1.6524590009794338,9754.048187825,9754.049945867,9754.048161242,9754.049840284,CIRCUIT_OPEN,2026-09-05T00:10:57.250483Z
22f54459-6aff-4c38-adbc-347e8f7f2d19,run1_rep2,E,OPEN,OPEN,request,CACHE,HIT,0.06279100125539117,0.8973750009317882,INFO,adaptador.request,false,degradado,0.7240840004669735,9754.114988117,9754.115822701,9754.114925326,9754.115712201,CIRCUIT_OPEN,2026-09-05T00:10:57.316321Z
da89bddc-626a-425d-9911-57b8ca9583e6,run1_rep2,E,OPEN,OPEN,request,CACHE,HIT,0.03508300142129883,0.6877499999973224,INFO,adaptador.request,false,degradado,0.5827499990118667,9754.210868284,9754.211520951,9754.210833201,9754.211451034,CIRCUIT_OPEN,2026-09-05T00:10:57.412002Z
0847bc65-8545-46ad-b199-b137675ae4d9,run1_rep2,E,OPEN,OPEN,request,CACHE,HIT,0.15729100050521083,0.8447079999314155,INFO,adaptador.request,false,degradado,0.6126249991211807,9754.258220992,9754.258908409,9754.258063701,9754.258833617,CIRCUIT_OPEN,2026-09-05T00:10:57.459394Z
da90e0dc-e386-4231-b569-515d9df70c46,run1_rep2,E,OPEN,OPEN,request,CACHE,HIT,0.04824999996344559,0.8110830003715819,INFO,adaptador.request,false,degradado,0.6730000004608883,9754.312359701,9754.313122534,9754.312311451,9754.313032701,CIRCUIT_OPEN,2026-09-05T00:10:57.513610Z
c381eb7a-9b6e-403a-90c9-198a73e96d3c,run1_rep2,E,OPEN,OPEN,request,CACHE,HIT,0.03691700112540275,0.7933340002637124,INFO,adaptador.request,false,degradado,0.6576249998033745,9754.350962909,9754.351719326,9754.350925992,9754.351620534,CIRCUIT_OPEN,2026-09-05T00:10:57.552212Z
5f013861-8cbd-40d2-8200-68a73ebb656b,run1_rep2,E,OPEN,OPEN,request,CACHE,HIT,0.05608399987977464,0.9062919998541474,INFO,adaptador.request,false,degradado,0.7512499996664701,9754.419425701,9754.420275909,9754.419369617,9754.420176951,CIRCUIT_OPEN,2026-09-05T00:10:57.620777Z
4acdb90d-6b61-4fd5-8353-75e3a2173b11,run1_rep2,E,OPEN,OPEN,request,CACHE,HIT,0.042583000322338194,0.7032909998088144,INFO,adaptador.request,false,degradado,0.5712919992220122,9754.470818034,9754.471478742,9754.470775451,9754.471389326,CIRCUIT_OPEN,2026-09-05T00:10:57.671969Z
7882cec0-4adf-47ef-bb0e-de3bd5e0aa1d,run1_rep2,E,OPEN,OPEN,request,CACHE,HIT,0.09229200077243149,1.185875000373926,INFO,adaptador.request,false,degradado,0.9202500004903413,9754.657229909,9754.658323492,9754.657137617,9754.658150159,CIRCUIT_OPEN,2026-09-05T00:10:57.858851Z
0df08ee6-67df-45cb-8ed7-122968d99142,run1_rep2,E,OPEN,OPEN,request,CACHE,HIT,0.057916999139706604,1.0501669985387707,INFO,adaptador.request,false,degradado,0.8540409999113763,9754.706764826,9754.707757076,9754.706706909,9754.707618867,CIRCUIT_OPEN,2026-09-05T00:10:57.908292Z
943f3d37-bfd5-4193-9ef2-c866cff4af87,run1_rep2,E,OPEN,OPEN,request,CACHE,HIT,0.054957999964244664,1.3626670006487984,INFO,adaptador.request,false,degradado,1.1977089998254087,9754.730748492,9754.732056201,9754.730693534,9754.731946201,CIRCUIT_OPEN,2026-09-05T00:10:57.932891Z
b6d9efe0-b2b3-4ea2-9b40-d64d0643466f,run1_rep2,E,OPEN,OPEN,request,CACHE,HIT,0.019916999008273706,1.0910830005741445,INFO,adaptador.request,false,degradado,1.003500001388602,9754.731304701,9754.732375867,9754.731284784,9754.732308201,CIRCUIT_OPEN,2026-09-05T00:10:57.933226Z
a2ca91ff-ee25-4fa9-9822-9b54ab47808e,run1_rep2,E,OPEN,OPEN,request,CACHE,HIT,0.03716600076586474,0.608000000283937,INFO,adaptador.request,false,degradado,0.4971669986844063,9754.763797617,9754.764368451,9754.763760451,9754.764294784,CIRCUIT_OPEN,2026-09-05T00:10:57.964857Z
07be147d-9a77-485b-a8fb-735fcfa12f97,run1_rep2,E,OPEN,OPEN,request,CACHE,HIT,0.05245800093689468,0.8986660013761139,INFO,adaptador.request,false,degradado,0.7396670007437933,9754.810337326,9754.811183534,9754.810284868,9754.811076993,CIRCUIT_OPEN,2026-09-05T00:10:58.011693Z
7e65a824-07a7-49a5-839e-86522b967519,run1_rep2,E,OPEN,OPEN,request,CACHE,HIT,0.0562919994990807,0.9840419988904614,INFO,adaptador.request,false,degradado,0.8117500001389999,9754.937746743,9754.938674493,9754.937690451,9754.938558493,CIRCUIT_OPEN,2026-09-05T00:10:58.139177Z
6b26205b-b37d-4509-8301-e51c63c45ca4,run1_rep2,E,OPEN,OPEN,request,CACHE,HIT,0.039542001104564406,0.7005420011410024,INFO,adaptador.request,false,degradado,0.5703329989046324,9754.949963826,9754.950624826,9754.949924284,9754.950534159,CIRCUIT_OPEN,2026-09-05T00:10:58.151106Z
ac681688-4aef-47ef-8aa4-a0aaf4f93d5a,run1_rep2,E,OPEN,OPEN,request,CACHE,HIT,0.03033400025742594,0.5594169997493736,INFO,adaptador.request,false,degradado,0.457500000266009,9754.992824243,9754.993353326,9754.992793909,9754.993281743,CIRCUIT_OPEN,2026-09-05T00:10:58.193833Z
f84de92c-cd92-436e-a4e1-67d8765b2efc,run1_rep2,E,OPEN,OPEN,request,CACHE,HIT,0.01729199902911205,0.7597919993713731,INFO,adaptador.request,false,degradado,0.7067500009725336,9755.042395076,9755.043137576,9755.042377784,9755.043101826,CIRCUIT_OPEN,2026-09-05T00:10:58.243611Z
f6621392-46b8-45d4-ba51-40db6ba1faca,run1_rep2,E,OPEN,OPEN,request,CACHE,HIT,0.0547500003449386,0.9540829996694811,INFO,adaptador.request,false,degradado,0.8341249995282851,9755.041952451,9755.042851784,9755.041897701,9755.042786576,CIRCUIT_OPEN,2026-09-05T00:10:58.243898Z
69dc2f4e-c6ce-42e8-973f-a3955104d416,run1_rep2,E,OPEN,OPEN,request,CACHE,HIT,0.030125000193947926,0.5240000009507639,INFO,adaptador.request,false,degradado,0.43162499969184864,9755.087347326,9755.087841201,9755.087317201,9755.087778951,CIRCUIT_OPEN,2026-09-05T00:10:58.288314Z
b276bb76-44d9-4d69-af29-a37c55f06768,run1_rep2,E,OPEN,OPEN,request,CACHE,HIT,0.028250000468688086,0.6872920002933824,INFO,adaptador.request,false,degradado,0.5844169991178205,9755.114998576,9755.115657618,9755.114970326,9755.115582993,CIRCUIT_OPEN,2026-09-05T00:10:58.316132Z
db2a9eb9-b3b7-46c2-9810-17ab6e666643,run1_rep2,E,OPEN,OPEN,request,CACHE,HIT,0.035041999581153505,0.7760419994156109,INFO,adaptador.request,false,degradado,0.6444999999075662,9755.166602243,9755.167343243,9755.166567201,9755.167246743,CIRCUIT_OPEN,2026-09-05T00:10:58.367836Z
2f07aafe-742b-409e-b3b0-c25a2b84b601,run1_rep2,E,OPEN,OPEN,request,CACHE,HIT,0.029165999876568094,0.5442080000648275,INFO,adaptador.request,false,degradado,0.41450000026088674,9755.185716659,9755.186231701,9755.185687493,9755.186131159,CIRCUIT_OPEN,2026-09-05T00:10:58.386856Z
a506c2a4-3d1b-45b5-875d-a9ee96d2532a,run1_rep2,E,OPEN,OPEN,request,CACHE,HIT,0.03425000068091322,0.6482919998234138,INFO,adaptador.request,false,degradado,0.5513340001925826,9755.227698159,9755.228312201,9755.227663909,9755.228249493,CIRCUIT_OPEN,2026-09-05T00:10:58.428790Z
ef3204eb-21c5-4570-a183-a2d7a81a133b,run1_rep2,E,OPEN,OPEN,request,CACHE,HIT,0.03945800017390866,0.9377499991387594,INFO,adaptador.request,false,degradado,0.8155839987011859,9755.258342409,9755.259240701,9755.258302951,9755.259157993,CIRCUIT_OPEN,2026-09-05T00:10:58.459733Z
bcf47dcf-a317-4f23-b085-5e037f1e344d,run1_rep2,E,OPEN,OPEN,request,CACHE,HIT,0.09629099986341316,0.9162080004898598,INFO,adaptador.request,false,degradado,0.726084001144045,9755.390078284,9755.390898201,9755.389981993,9755.390804368,CIRCUIT_OPEN,2026-09-05T00:10:58.591379Z
01459858-c65a-4a96-b198-af2c79dea844,run1_rep2,E,OPEN,OPEN,request,CACHE,HIT,0.09837499965215102,0.8749999997235136,INFO,adaptador.request,false,degradado,0.7080420000420418,9755.438067701,9755.438844326,9755.437969326,9755.438775743,CIRCUIT_OPEN,2026-09-05T00:10:58.639310Z
9c4ca921-e8fe-4a1e-94ab-d7953c4be033,run1_rep2,E,OPEN,OPEN,request,CACHE,HIT,0.08225000055972487,0.9409579997736728,INFO,adaptador.request,false,degradado,0.7281250000232831,9755.500080035,9755.500938743,9755.499997785,9755.50080816,CIRCUIT_OPEN,2026-09-05T00:10:58.701463Z
b745a4ec-4e54-414c-b8a2-34c687a4d356,run1_rep2,E,OPEN,OPEN,request,CACHE,HIT,0.03204099994036369,0.6716660009260522,INFO,adaptador.request,false,degradado,0.5745420003222534,9755.505086951,9755.505726576,9755.50505491,9755.505661493,CIRCUIT_OPEN,2026-09-05T00:10:58.706193Z
10f16014-2a60-4520-b48d-c17f4619d75d,run1_rep2,E,OPEN,OPEN,request,CACHE,HIT,0.03254100010963157,0.5333749995770631,INFO,adaptador.request,false,degradado,0.43104199903609697,9755.510389076,9755.51088991,9755.510356535,9755.510820118,CIRCUIT_OPEN,2026-09-05T00:10:58.711353Z
1016100d-db59-440b-a72f-310178ecca02,run1_rep2,E,OPEN,OPEN,request,CACHE,HIT,0.05395900006988086,1.0099169994646218,INFO,adaptador.request,false,degradado,0.863375000335509,9755.560198285,9755.561154243,9755.560144326,9755.56106166,CIRCUIT_OPEN,2026-09-05T00:10:58.761640Z
6ce221b9-baad-4650-ab4f-458456ca5443,run1_rep2,E,OPEN,OPEN,request,CACHE,HIT,0.07425000148941763,1.2396660004014848,INFO,adaptador.request,false,degradado,1.0754999984783353,9755.60702916,9755.608194576,9755.60695491,9755.60810466,CIRCUIT_OPEN,2026-09-05T00:10:58.808669Z
6ed45907-ef97-49cd-8251-2ebcb0d4e55a,run1_rep2,E,OPEN,OPEN,request,CACHE,HIT,0.057625000408734195,0.8744999995542457,INFO,adaptador.request,false,degradado,0.7203330005722819,9755.690749993,9755.691566868,9755.690692368,9755.691470326,CIRCUIT_OPEN,2026-09-05T00:10:58.892069Z
e7077137-78e3-4c1a-bfdc-0443f6e354a1,run1_rep2,E,OPEN,OPEN,request,CACHE,HIT,0.05720899935113266,0.8534999997209525,INFO,adaptador.request,false,degradado,0.6994160012254724,9755.744854035,9755.745650326,9755.744796826,9755.745553451,CIRCUIT_OPEN,2026-09-05T00:10:58.946137Z
c5ae423f-ec39-490f-93db-36533c294c70,run1_rep2,E,OPEN,OPEN,request,CACHE,HIT,0.04179200004728045,0.9556670011079405,INFO,adaptador.request,false,degradado,0.8258329999080161,9755.76193691,9755.762850785,9755.761895118,9755.762762743,CIRCUIT_OPEN,2026-09-05T00:10:58.963458Z
6a7b9c7c-cf86-462f-884a-33adfad0aefe,run1_rep2,E,OPEN,OPEN,request,CACHE,HIT,0.07962500058056321,0.906916000531055,INFO,adaptador.request,false,degradado,0.7347499995375983,9755.869072285,9755.869899576,9755.86899266,9755.869807035,CIRCUIT_OPEN,2026-09-05T00:10:59.070394Z
c67d876d-f1c5-4983-9f56-dd69c79f2778,run1_rep2,E,OPEN,OPEN,request,CACHE,HIT,0.054083999202703126,0.8652920005260967,INFO,adaptador.request,false,degradado,0.6937079997442197,9755.931649285,9755.932460493,9755.931595201,9755.932342993,CIRCUIT_OPEN,2026-09-05T00:10:59.132983Z
0b41d045-7a42-4886-9434-6558ab8d4d6d,run1_rep2,E,OPEN,OPEN,request,CACHE,HIT,0.04375000025902409,0.9847500004980247,INFO,adaptador.request,false,degradado,0.8674580003571464,9755.939238118,9755.940179118,9755.939194368,9755.940105576,CIRCUIT_OPEN,2026-09-05T00:10:59.140677Z
334914df-7ae5-4a01-a3dd-c6fceeba77c1,run1_rep2,E,OPEN,OPEN,request,CACHE,HIT,0.012667000191868283,0.885583000126644,INFO,adaptador.request,false,degradado,0.8255829998233821,9755.939973035,9755.940845951,9755.939960368,9755.940798618,CIRCUIT_OPEN,2026-09-05T00:10:59.141516Z
08a26cc9-9876-4b4c-9428-b6510ed03717,run1_rep2,E,OPEN,OPEN,request,CACHE,HIT,0.04774999979417771,0.48420900020573754,INFO,adaptador.request,false,degradado,0.38662499900965486,9755.954028451,9755.95446491,9755.953980701,9755.954415076,CIRCUIT_OPEN,2026-09-05T00:10:59.154924Z
130a1ebb-0416-4a3f-b8d3-341edf206b59,run1_rep2,E,OPEN,OPEN,request,CACHE,HIT,0.04108299981453456,0.7009159999142867,INFO,adaptador.request,false,degradado,0.5150420001882594,9755.993479618,9755.994139451,9755.993438535,9755.99399466,CIRCUIT_OPEN,2026-09-05T00:10:59.194623Z
8732f961-f354-45c6-8f29-b3d83cbc6555,run1_rep2,E,OPEN,OPEN,request,CACHE,HIT,0.0228749995585531,0.46958299935795367,INFO,adaptador.request,false,degradado,0.3636660003394354,9755.999598285,9756.000044993,9755.99957541,9755.999961951,CIRCUIT_OPEN,2026-09-05T00:10:59.200526Z
2689bb74-dc82-43b9-a617-56621f36419c,run1_rep2,E,OPEN,OPEN,request,CACHE,HIT,0.06062500142434146,1.964542001587688,INFO,adaptador.request,false,degradado,1.7842500001279404,9756.050151576,9756.052055493,9756.050090951,9756.051935826,CIRCUIT_OPEN,2026-09-05T00:10:59.252937Z
685882bf-ad72-478a-a44c-df446b8b7909,run1_rep2,E,OPEN,OPEN,request,CACHE,HIT,0.015999999959603883,1.8145840003853664,INFO,adaptador.request,false,degradado,1.7449170009058435,9756.050661951,9756.052460535,9756.050645951,9756.052406868,CIRCUIT_OPEN,2026-09-05T00:10:59.253606Z
55d58f1d-244e-46b7-ad86-c41ea353a044,run1_rep2,E,OPEN,OPEN,request,CACHE,HIT,0.027583000701270066,1.4818330000707647,INFO,adaptador.request,false,degradado,1.390749999700347,9756.051645243,9756.053099493,9756.05161766,9756.053035993,CIRCUIT_OPEN,2026-09-05T00:10:59.254524Z
be785d2e-4663-4ebb-bf46-8ef3fd00ac85,run1_rep2,E,OPEN,OPEN,request,CACHE,HIT,0.030082999728620052,0.5766670001321472,INFO,adaptador.request,false,degradado,0.4672920003940817,9756.083660576,9756.08420716,9756.083630493,9756.084127868,CIRCUIT_OPEN,2026-09-05T00:10:59.284692Z
1b25494d-2f3c-43b8-acd3-a3aa379637dd,run1_rep2,E,OPEN,OPEN,request,CACHE,HIT,0.07175000064307824,1.1936250011785887,INFO,adaptador.request,false,degradado,0.998334000541945,9756.169432826,9756.170554701,9756.169361076,9756.17043116,CIRCUIT_OPEN,2026-09-05T00:10:59.371070Z
1781cc0a-9a02-4b6a-925d-269c090b9499,run1_rep2,E,OPEN,OPEN,request,CACHE,HIT,0.037166999391047284,0.7206249993032543,INFO,adaptador.request,false,degradado,0.6028749994584359,9756.177789452,9756.17847291,9756.177752285,9756.178392327,CIRCUIT_OPEN,2026-09-05T00:10:59.378977Z
9d718daf-0043-4bdd-ad66-370ecd864f0f,run1_rep2,E,OPEN,OPEN,request,CACHE,HIT,0.05479200081026647,1.4714999997522682,INFO,adaptador.request,false,degradado,1.2635419989237562,9756.297427785,9756.298844493,9756.297372993,9756.298691327,CIRCUIT_OPEN,2026-09-05T00:10:59.499893Z
3a293038-24d1-41b2-9690-46d3e1276cf5,run1_rep2,E,OPEN,OPEN,request,CACHE,HIT,0.0284590005321661,1.374125000438653,INFO,adaptador.request,false,degradado,1.2746249994961545,9756.298060952,9756.299406618,9756.298032493,9756.299335577,CIRCUIT_OPEN,2026-09-05T00:10:59.500213Z
dd3c0ae6-3c64-4dbe-9aa3-7d57843754ef,run1_rep2,E,OPEN,OPEN,request,CACHE,HIT,0.029875000109313987,0.5288749998726416,INFO,adaptador.request,false,degradado,0.4336660003900761,9756.331842577,9756.332341577,9756.331812702,9756.332276243,CIRCUIT_OPEN,2026-09-05T00:10:59.532816Z
a0f21f23-2d6b-4178-8728-6ab6355fd40e,run1_rep2,E,OPEN,OPEN,request,CACHE,HIT,0.02204100019298494,0.44187499952386133,INFO,adaptador.request,false,degradado,0.3631250001490116,9756.336879118,9756.337298952,9756.336857077,9756.337242243,CIRCUIT_OPEN,2026-09-05T00:10:59.537755Z
1c45819e-5757-46dd-8892-5d5dec39c74a,run1_rep2,E,OPEN,OPEN,request,CACHE,HIT,0.0323329986713361,0.5582079993473599,INFO,adaptador.request,false,degradado,0.4652500010706717,9756.353861618,9756.354387493,9756.353829285,9756.354326868,CIRCUIT_OPEN,2026-09-05T00:10:59.554885Z
017508bc-56e1-48c2-ba26-602810c997f4,run1_rep2,E,OPEN,OPEN,request,CACHE,HIT,0.048207999498117715,0.7946249988890486,INFO,adaptador.request,false,degradado,0.6664169995929115,9756.379521035,9756.380267452,9756.379472827,9756.380187452,CIRCUIT_OPEN,2026-09-05T00:10:59.580739Z
5f1159a2-dbd4-4193-8392-5e6ee06f2b57,run1_rep2,E,OPEN,OPEN,request,CACHE,HIT,0.0562919994990807,1.0151250007766066,INFO,adaptador.request,false,degradado,0.8705830005055759,9756.385017202,9756.385976035,9756.38496091,9756.385887785,CIRCUIT_OPEN,2026-09-05T00:10:59.586458Z
676bf3ef-2154-4311-91e8-b4136393e621,run1_rep2,E,OPEN,OPEN,request,CACHE,HIT,0.030249999326770194,0.5260419984551845,INFO,adaptador.request,false,degradado,0.4412500002217712,9756.421066785,9756.421562577,9756.421036535,9756.421508035,CIRCUIT_OPEN,2026-09-05T00:10:59.622011Z
24195d4d-19bf-401a-b796-a7af14aa7633,run1_rep2,E,OPEN,OPEN,request,CACHE,HIT,0.023959000827744603,0.5145420000189915,INFO,adaptador.request,false,degradado,0.44516599882626906,9756.424687077,9756.42517766,9756.424663118,9756.425132243,CIRCUIT_OPEN,2026-09-05T00:10:59.625632Z
9b8cd5da-ab51-4c42-beb1-4c2b7b96ad12,run1_rep2,E,OPEN,OPEN,request,CACHE,HIT,0.026333998903282918,0.4734169997391291,INFO,adaptador.request,false,degradado,0.39900000047055073,9756.449521202,9756.449968285,9756.449494868,9756.449920202,CIRCUIT_OPEN,2026-09-05T00:10:59.650423Z
8190fe5b-e6f2-4a7f-8311-eb23b80017dd,run1_rep2,E,OPEN,OPEN,request,CACHE,HIT,0.01570899985381402,0.332416999299312,INFO,adaptador.request,false,degradado,0.2774579988908954,9756.453531327,9756.453848035,9756.453515618,9756.453808785,CIRCUIT_OPEN,2026-09-05T00:10:59.654291Z
f26ae99c-73aa-49da-a69a-7c2fa2746c9a,run1_rep2,E,OPEN,OPEN,request,CACHE,HIT,0.022500000341096893,0.4109170004085172,INFO,adaptador.request,false,degradado,0.34245899951201864,9756.490994868,9756.491383285,9756.490972368,9756.491337327,CIRCUIT_OPEN,2026-09-05T00:10:59.691846Z
35684646-bd6e-4f15-b597-0b2805c6a219,run1_rep2,E,OPEN,OPEN,request,CACHE,HIT,0.02074999974865932,0.3758749990083743,INFO,adaptador.request,false,degradado,0.31362499976239633,9756.502406202,9756.502761327,9756.502385452,9756.502719827,CIRCUIT_OPEN,2026-09-05T00:10:59.703211Z
5030785d-099e-44b4-b9f2-d316f1a10ff9,run1_rep2,E,OPEN,OPEN,request,CACHE,HIT,0.0441249994764803,0.8312079989991616,INFO,adaptador.request,false,degradado,0.682333000440849,9756.633122202,9756.633909285,9756.633078077,9756.633804535,CIRCUIT_OPEN,2026-09-05T00:10:59.834425Z
f04d3aab-55ab-41b5-90f8-b81515ea2e6e,run1_rep2,E,OPEN,OPEN,request,CACHE,HIT,0.05491699994308874,0.8167500000126893,INFO,adaptador.request,false,degradado,0.6842910006525926,9756.675973452,9756.676735285,9756.675918535,9756.676657743,CIRCUIT_OPEN,2026-09-05T00:10:59.877200Z
c6c9c701-9f94-47dc-bdef-a899f1b40480,run1_rep2,E,OPEN,OPEN,request,CACHE,HIT,0.05495899858942721,0.8225839992519468,INFO,adaptador.request,false,degradado,0.6761660006304737,9756.720226327,9756.720993952,9756.720171368,9756.720902493,CIRCUIT_OPEN,2026-09-05T00:10:59.921522Z
18fc1533-29ae-4678-af1a-777338a10093,run1_rep2,E,OPEN,OPEN,request,CACHE,HIT,0.04799999987881165,1.2073750003764872,INFO,adaptador.request,false,degradado,0.9391670009790687,9756.800979118,9756.802138493,9756.800931118,9756.801918285,CIRCUIT_OPEN,2026-09-05T00:11:00.002864Z
d49bb94c-e974-4e0e-b1f9-bce881b9fd21,run1_rep2,E,OPEN,OPEN,request,CACHE,HIT,0.01766700006555766,0.7892079993325751,INFO,adaptador.request,false,degradado,0.7234160002553836,9756.834714577,9756.835486118,9756.83469691,9756.835437993,CIRCUIT_OPEN,2026-09-05T00:11:00.035952Z
6bd8e547-ec1f-45f5-b2dd-ce9fb87fed11,run1_rep2,E,OPEN,OPEN,request,CACHE,HIT,0.02562500048952643,0.9433330014871899,INFO,adaptador.request,false,degradado,0.811249999969732,9756.83429216,9756.835209868,9756.834266535,9756.83510341,CIRCUIT_OPEN,2026-09-05T00:11:00.036226Z
4a4a1801-a8a5-44f2-a68b-f72ebe554702,run1_rep2,E,OPEN,OPEN,request,CACHE,HIT,0.01912500010803342,0.3958750003221212,INFO,adaptador.request,false,degradado,0.33312500090687536,9756.839333577,9756.839710327,9756.839314452,9756.839666702,CIRCUIT_OPEN,2026-09-05T00:11:00.040165Z
bed70034-2bd6-49f0-b296-873cb6443e15,run1_rep2,E,OPEN,OPEN,request,CACHE,HIT,0.01650000012887176,0.42245900112902746,INFO,adaptador.request,false,degradado,0.3553750011633383,9756.848548118,9756.848954077,9756.848531618,9756.848903493,CIRCUIT_OPEN,2026-09-05T00:11:00.049431Z
d4b49013-c618-4223-93c8-102a5f4f8da9,run1_rep2,E,OPEN,OPEN,request,CACHE,HIT,0.019708000763785094,0.3332500000396976,INFO,adaptador.request,false,degradado,0.26649999927030876,9756.852161868,9756.85247541,9756.85214216,9756.852428368,CIRCUIT_OPEN,2026-09-05T00:11:00.052932Z
ecd10954-cc47-475c-93fa-d056e4bb9d1b,run1_rep2,E,OPEN,OPEN,request,CACHE,HIT,0.022582999008591287,0.3612079999584239,INFO,adaptador.request,false,degradado,0.29283299954840913,9756.86519891,9756.865537535,9756.865176327,9756.865491743,CIRCUIT_OPEN,2026-09-05T00:11:00.065995Z
b1f0e232-9534-4e77-a8eb-058a3a0b4155,run1_rep2,E,OPEN,OPEN,request,CACHE,HIT,0.022707999960402958,0.37129100019228645,INFO,adaptador.request,false,degradado,0.3003750007337658,9756.880596452,9756.880945035,9756.880573744,9756.880896827,CIRCUIT_OPEN,2026-09-05T00:11:00.081392Z
3ded29ce-707e-4a38-a0ad-d5c6d4c1a069,run1_rep2,E,OPEN,OPEN,request,CACHE,HIT,0.0262079993262887,0.4840830006287433,INFO,adaptador.request,false,degradado,0.4133750007895287,9756.902666035,9756.90312391,9756.902639827,9756.90307941,CIRCUIT_OPEN,2026-09-05T00:11:00.103577Z
8870905b-d011-4d51-9cc2-0645b161faec,run1_rep2,E,OPEN,OPEN,request,CACHE,HIT,0.0547500003449386,0.8758750009292271,INFO,adaptador.request,false,degradado,0.7337499991990626,9757.021430785,9757.02225191,9757.021376035,9757.022164535,CIRCUIT_OPEN,2026-09-05T00:11:00.222738Z
6dd84bc9-6aeb-470c-b4e0-4f1657fb8932,run1_rep2,E,OPEN,OPEN,request,CACHE,HIT,0.039833999835536815,0.6292089983617188,INFO,adaptador.request,false,degradado,0.49658299940347206,9757.073142994,9757.073732369,9757.07310316,9757.073639577,CIRCUIT_OPEN,2026-09-05T00:11:00.274218Z
bdd37925-9a33-4100-beb2-66f64365fce5,run1_rep2,E,OPEN,OPEN,request,CACHE,HIT,0.03749999996216502,0.9935830003087176,INFO,adaptador.request,false,degradado,0.8883749997039558,9757.112151202,9757.113107285,9757.112113702,9757.113039577,CIRCUIT_OPEN,2026-09-05T00:11:00.313855Z
e4305208-b43e-462d-8022-97ce47c90b3a,run1_rep2,E,OPEN,OPEN,request,CACHE,HIT,0.015583000276819803,0.8517500009475043,INFO,adaptador.request,false,degradado,0.7860000005166512,9757.112535035,9757.113371202,9757.112519452,9757.113321035,CIRCUIT_OPEN,2026-09-05T00:11:00.314225Z
76005f88-b501-40b6-8fac-d7047062c61b,run1_rep2,E,OPEN,OPEN,request,CACHE,HIT,0.02070800110232085,0.322541000059573,INFO,adaptador.request,false,degradado,0.2569999996921979,9757.118068452,9757.118370285,9757.118047744,9757.118325452,CIRCUIT_OPEN,2026-09-05T00:11:00.318821Z
f0c735a7-9f1b-4391-815b-3e6c11559bf4,run1_rep2,E,OPEN,OPEN,request,CACHE,HIT,0.03237500095565338,1.1516670001583407,INFO,adaptador.request,false,degradado,1.0260839990223758,9757.14914166,9757.150260952,9757.149109285,9757.150167744,CIRCUIT_OPEN,2026-09-05T00:11:00.350744Z
53cd7548-6e05-4e36-8f25-e620ab9ad28f,run1_rep2,E,OPEN,OPEN,request,CACHE,HIT,0.03154099977109581,0.6373750002239831,INFO,adaptador.request,false,degradado,0.5292919995554257,9757.18784316,9757.188448994,9757.187811619,9757.188372452,CIRCUIT_OPEN,2026-09-05T00:11:00.388943Z
668b5276-100c-4f82-ba4b-a0ca610e98c3,run1_rep2,E,OPEN,OPEN,request,CACHE,HIT,0.05529199916054495,1.2139579994254746,INFO,adaptador.request,false,degradado,1.0485410002729623,9757.250621619,9757.251780285,9757.250566327,9757.25167016,CIRCUIT_OPEN,2026-09-05T00:11:00.452296Z
f60696ee-3480-467c-9e04-2a9c15d5478c,run1_rep2,E,OPEN,OPEN,request,CACHE,HIT,0.035291999665787444,0.6797079986426979,INFO,adaptador.request,false,degradado,0.5697079996025423,9757.257257494,9757.25790191,9757.257222202,9757.257827202,CIRCUIT_OPEN,2026-09-05T00:11:00.458390Z
e62030c6-5a5f-4e4e-9f78-3b65ce4ee81f,run1_rep2,E,OPEN,OPEN,request,CACHE,HIT,0.0625000011496013,0.9010000012494856,INFO,adaptador.request,false,degradado,0.7266669999808073,9757.30968516,9757.31052366,9757.30962266,9757.310411827,CIRCUIT_OPEN,2026-09-05T00:11:00.511024Z
1b869c74-255b-4b75-a8bc-40a17f31117f,run1_rep2,E,OPEN,OPEN,request,CACHE,HIT,0.12733299990941305,1.2820829997508554,INFO,adaptador.request,false,degradado,1.0089580009662313,9757.372896202,9757.374050952,9757.372768869,9757.37390516,CIRCUIT_OPEN,2026-09-05T00:11:00.574557Z
da899c39-b3de-4b59-a127-e1b1bdd2dddd,run1_rep2,E,OPEN,OPEN,request,CACHE,HIT,0.03429200114624109,1.0941670007014181,INFO,adaptador.request,false,degradado,0.9328750002168817,9757.375584494,9757.376644369,9757.375550202,9757.376517369,CIRCUIT_OPEN,2026-09-05T00:11:00.577147Z
6f8f1adc-b09c-4878-a657-74a95c6668b8,run1_rep2,E,OPEN,OPEN,request,CACHE,HIT,0.053249999837134965,0.7745410002826247,INFO,adaptador.request,false,degradado,0.6191659995238297,9757.411212744,9757.411934035,9757.411159494,9757.41183191,CIRCUIT_OPEN,2026-09-05T00:11:00.612451Z
9c6d5cdb-12b2-496c-9e26-36a2aa870ead,run1_rep2,E,OPEN,OPEN,request,CACHE,HIT,0.05604200123343617,1.1265420016570715,INFO,adaptador.request,false,degradado,0.9269999991374789,9757.426162202,9757.427232702,9757.42610616,9757.427089202,CIRCUIT_OPEN,2026-09-05T00:11:00.627744Z
a3b0d9a7-3007-4882-9cee-b8e9992b05aa,run1_rep2,E,OPEN,OPEN,request,CACHE,HIT,0.016709000192349777,1.3448339996102732,INFO,adaptador.request,false,degradado,1.2589999987540068,9757.426918494,9757.428246619,9757.426901785,9757.428177494,CIRCUIT_OPEN,2026-09-05T00:11:00.628938Z
a1fb18aa-acfb-432d-a2c8-a6d9aa2947e0,run1_rep2,E,OPEN,OPEN,request,CACHE,HIT,0.024000000848900527,0.7693749994359678,INFO,adaptador.request,false,degradado,0.6066669993742835,9757.42980191,9757.430547285,9757.42977791,9757.430408577,CIRCUIT_OPEN,2026-09-05T00:11:00.631048Z
9cf7321a-83f4-4228-b768-a500b996baa3,run1_rep2,E,OPEN,OPEN,request,CACHE,HIT,0.06075000055716373,0.9103749998757849,INFO,adaptador.request,false,degradado,0.7150409983296413,9757.516253244,9757.517102869,9757.516192494,9757.516968285,CIRCUIT_OPEN,2026-09-05T00:11:00.717607Z
04a2211a-824e-480b-9e13-7615cecfcfa7,run1_rep2,E,OPEN,OPEN,request,CACHE,HIT,0.04491599975153804,0.7258330006152391,INFO,adaptador.request,false,degradado,0.6023340010870015,9757.573990202,9757.574671119,9757.573945286,9757.574592536,CIRCUIT_OPEN,2026-09-05T00:11:00.775148Z
5078889b-40a6-43a5-8d06-18dedfb07a05,run1_rep2,E,OPEN,OPEN,request,CACHE,HIT,0.030250001145759597,0.5215000001044245,INFO,adaptador.request,false,degradado,0.43679199916368816,9757.596801244,9757.597292494,9757.596770994,9757.597238036,CIRCUIT_OPEN,2026-09-05T00:11:00.797760Z
bee5dccf-7082-4184-8887-99f08b5649ff,run1_rep2,E,OPEN,OPEN,request,CACHE,HIT,0.04237500070303213,0.7359589999396121,INFO,adaptador.request,false,degradado,0.6158750002214219,9757.627737327,9757.628430911,9757.627694952,9757.628353202,CIRCUIT_OPEN,2026-09-05T00:11:00.828926Z
4c4e7f80-8941-41ee-a7c2-67ebdfe620c6,run1_rep2,E,OPEN,OPEN,request,CACHE,HIT,0.03604099947551731,0.5884999991394579,INFO,adaptador.request,false,degradado,0.48012499973992817,9757.633359202,9757.633911661,9757.633323161,9757.633839327,CIRCUIT_OPEN,2026-09-05T00:11:00.834386Z
f2d3dbb0-d2c5-4302-94fe-770af6d3c055,run1_rep2,E,OPEN,OPEN,request,CACHE,HIT,0.023750000764266588,0.45649999992747325,INFO,adaptador.request,false,degradado,0.36683399957837537,9757.654080327,9757.654513077,9757.654056577,9757.654447161,CIRCUIT_OPEN,2026-09-05T00:11:00.854999Z
9a997000-1d52-47b9-afd9-aa6fd74bc83e,run1_rep2,E,OPEN,OPEN,request,CACHE,HIT,0.018582999473437667,0.8689169990248047,INFO,adaptador.request,false,degradado,0.8003749990166398,9757.661458077,9757.662308411,9757.661439494,9757.662258452,CIRCUIT_OPEN,2026-09-05T00:11:00.863016Z
3aeed080-1a5f-473f-bdb7-84e3ea2e6a68,run1_rep2,E,OPEN,OPEN,request,CACHE,HIT,0.01345899909210857,0.6727499985572649,INFO,adaptador.request,false,degradado,0.6175830003485316,9757.661881286,9757.662540577,9757.661867827,9757.662498869,CIRCUIT_OPEN,2026-09-05T00:11:00.863276Z
3532ae1b-e17a-4938-9418-30b18ddab62a,run1_rep2,E,OPEN,OPEN,request,CACHE,HIT,0.0167500002135057,0.3485409997665556,INFO,adaptador.request,false,degradado,0.2762080002867151,9757.677525161,9757.677856952,9757.677508411,9757.677801369,CIRCUIT_OPEN,2026-09-05T00:11:00.878326Z
807c59bf-7f7c-4ef4-a896-bc2d4c0fd186,run1_rep2,E,OPEN,OPEN,request,CACHE,HIT,0.014083001588005573,0.35291600033815484,INFO,adaptador.request,false,degradado,0.2807499986374751,9757.714682244,9757.715021077,9757.714668161,9757.714962994,CIRCUIT_OPEN,2026-09-05T00:11:00.915482Z
a6e7d72a-6575-4cb6-bf3c-26d1f2d419b5,run1_rep2,E,OPEN,OPEN,request,CACHE,HIT,0.07858400022087153,1.6537090014026035,INFO,adaptador.request,false,degradado,1.4592910010833293,9757.777198286,9757.778773411,9757.777119702,9757.778657577,CIRCUIT_OPEN,2026-09-05T00:11:00.979646Z
4044dd6c-b465-41af-a571-d17e4c13a943,run1_rep2,E,OPEN,OPEN,request,CACHE,HIT,0.037166999391047284,1.0352499994041864,INFO,adaptador.request,false,degradado,0.9317919993918622,9757.778155119,9757.779153202,9757.778117952,9757.779086911,CIRCUIT_OPEN,2026-09-05T00:11:00.980039Z
1c5ad3fa-31e1-459d-b40b-f14ca6cafb42,run1_rep2,E,OPEN,OPEN,request,CACHE,HIT,0.043416999687906355,0.7625420003023464,INFO,adaptador.request,false,degradado,0.6387910016201204,9757.905416036,9757.906135161,9757.905372619,9757.906054827,CIRCUIT_OPEN,2026-09-05T00:11:01.106649Z
d496f8ab-d86c-4a3e-8451-5bc9c705c71d,run1_rep2,E,OPEN,OPEN,request,CACHE,HIT,0.05170900112716481,0.7681250008317875,INFO,adaptador.request,false,degradado,0.6302499987214105,9757.939839786,9757.940556202,9757.939788077,9757.940470036,CIRCUIT_OPEN,2026-09-05T00:11:01.141043Z
e2f8772d-9782-438e-a34c-d41771a5ae29,run1_rep2,E,OPEN,OPEN,request,CACHE,HIT,0.05783300002804026,0.9564170013618423,INFO,adaptador.request,false,degradado,0.7905000002210727,9758.029529577,9758.030428161,9758.029471744,9758.030320077,CIRCUIT_OPEN,2026-09-05T00:11:01.230936Z
b7fde21b-791d-4267-bd2e-7973ea129818,run1_rep2,E,OPEN,OPEN,request,CACHE,HIT,0.03495799865049776,0.9197919989674119,INFO,adaptador.request,false,degradado,0.7451250003214227,9758.032512327,9758.033397161,9758.032477369,9758.033257452,CIRCUIT_OPEN,2026-09-05T00:11:01.233980Z
73db1ee3-f68b-4eaa-8cf2-80316f908343,run1_rep2,E,OPEN,OPEN,request,CACHE,HIT,0.029083999834256247,0.5608339997706935,INFO,adaptador.request,false,degradado,0.4679160010709893,9758.044667286,9758.045199036,9758.044638202,9758.045135202,CIRCUIT_OPEN,2026-09-05T00:11:01.245673Z
ec376f7c-a21f-4c41-aba1-dc8a7e0a76bf,run1_rep2,E,OPEN,OPEN,request,CACHE,HIT,0.021040999854449183,0.4080830003658775,INFO,adaptador.request,false,degradado,0.33958399944822304,9758.062704577,9758.063091619,9758.062683536,9758.063044161,CIRCUIT_OPEN,2026-09-05T00:11:01.263549Z
3c20d1ac-5141-4f5d-9089-48cd573d3cf1,run1_rep2,E,OPEN,OPEN,request,CACHE,HIT,0.0535829985892633,0.7994999996299157,INFO,adaptador.request,false,degradado,0.6450840010074899,9758.113602827,9758.114348744,9758.113549244,9758.114247911,CIRCUIT_OPEN,2026-09-05T00:11:01.314840Z
4eaf067f-1bfc-40fc-8452-3a2ef6eb0b6a,run1_rep2,E,OPEN,OPEN,request,CACHE,HIT,0.056708000556682236,1.0013749997597188,INFO,adaptador.request,false,degradado,0.8527919999323785,9758.162408369,9758.163353036,9758.162351661,9758.163261161,CIRCUIT_OPEN,2026-09-05T00:11:01.363860Z
41c5acde-dfa5-4028-8359-e8efd79e0316,run1_rep2,E,OPEN,OPEN,request,CACHE,HIT,0.01799999881768599,0.7945409997773822,INFO,adaptador.request,false,degradado,0.7269160014402587,9758.163182911,9758.163959452,9758.163164911,9758.163909827,CIRCUIT_OPEN,2026-09-05T00:11:01.364625Z
b4a5a3a7-c86f-4aec-8e6b-8314284d5c7a,run1_rep2,E,OPEN,OPEN,request,CACHE,HIT,0.05395900006988086,0.7313749993045349,INFO,adaptador.request,false,degradado,0.6055829999240814,9758.181107036,9758.181784452,9758.181053077,9758.181712619,CIRCUIT_OPEN,2026-09-05T00:11:01.382269Z
cbf8f201-941b-4e24-aef5-528eb72d95e7,run1_rep2,E,OPEN,OPEN,request,CACHE,HIT,0.02700000004551839,0.48783400052343495,INFO,adaptador.request,false,degradado,0.3932090003218036,9758.211269827,9758.211730661,9758.211242827,9758.211663036,CIRCUIT_OPEN,2026-09-05T00:11:01.412218Z
7400e510-3173-470d-9704-281792586dfb,run1_rep2,E,OPEN,OPEN,request,CACHE,HIT,0.05270800102152862,1.4760419999220176,INFO,adaptador.request,false,degradado,1.361124999675667,9758.283365994,9758.284789328,9758.283313286,9758.284727119,CIRCUIT_OPEN,2026-09-05T00:11:01.485565Z
583a16f9-860b-4aeb-a7ec-076c81b6f46f,run1_rep2,E,OPEN,OPEN,request,CACHE,HIT,0.027334001060808077,1.1004170009982772,INFO,adaptador.request,false,degradado,1.0232079985144082,9758.283998078,9758.285071161,9758.283970744,9758.285021286,CIRCUIT_OPEN,2026-09-05T00:11:01.485851Z
ec8079ee-6148-478e-bbc1-d95f3d8eb53a,run1_rep2,E,OPEN,OPEN,request,CACHE,HIT,0.022415999410441145,0.48312499893654604,INFO,adaptador.request,false,degradado,0.39395900057570543,9758.309703994,9758.310164703,9758.309681578,9758.310097953,CIRCUIT_OPEN,2026-09-05T00:11:01.510649Z
c3a5ff86-e3a6-41c1-9617-cc85bee8d9fc,run1_rep2,E,OPEN,OPEN,request,CACHE,HIT,0.022083000658312812,0.4498329999478301,INFO,adaptador.request,false,degradado,0.3664999985630857,9758.313122244,9758.313549994,9758.313100161,9758.313488744,CIRCUIT_OPEN,2026-09-05T00:11:01.514033Z
4bb80c27-1fd7-47b6-89d3-0e4c6323138b,run1_rep2,E,OPEN,OPEN,request,CACHE,HIT,0.06312499863270205,1.0104589982802281,INFO,adaptador.request,false,degradado,0.8395000004384201,9758.366731744,9758.367679078,9758.366668619,9758.367571244,CIRCUIT_OPEN,2026-09-05T00:11:01.568177Z
1cdebe52-f20f-449f-812d-1cba228f8969,run1_rep2,E,OPEN,OPEN,request,CACHE,HIT,0.034624999898369424,0.5429169996205019,INFO,adaptador.request,false,degradado,0.43920899952354375,9758.380288619,9758.380796911,9758.380253994,9758.380727828,CIRCUIT_OPEN,2026-09-05T00:11:01.581277Z
7ef4aee5-3631-4056-91e0-2426fc7b49b6,run1_rep2,E,OPEN,OPEN,request,CACHE,HIT,0.05545799831452314,0.8613749996584374,INFO,adaptador.request,false,degradado,0.7250000016938429,9758.432956869,9758.433762786,9758.432901411,9758.433681869,CIRCUIT_OPEN,2026-09-05T00:11:01.634249Z
b5895879-d55a-4c47-b76d-f0f0c97bddc7,run1_rep2,E,OPEN,OPEN,request,CACHE,HIT,0.05383300049288664,0.8677500009071082,INFO,adaptador.request,false,degradado,0.7110000005923212,9758.483395869,9758.484209786,9758.483342036,9758.484106869,CIRCUIT_OPEN,2026-09-05T00:11:01.684705Z
92ae5ebc-b3c7-46d6-a104-c6ecfd979502,run1_rep2,E,OPEN,OPEN,request,CACHE,HIT,0.049917000069399364,0.8742919999349397,INFO,adaptador.request,false,degradado,0.7046249993436504,9758.516171286,9758.516995661,9758.516121369,9758.516875911,CIRCUIT_OPEN,2026-09-05T00:11:01.717514Z
f02ab1d8-f118-44dc-ae6f-b2bc2e9bcb32,run1_rep2,E,OPEN,OPEN,request,CACHE,HIT,0.034624999898369424,0.5891250002605375,INFO,adaptador.request,false,degradado,0.4820419999305159,9758.540826994,9758.541381494,9758.540792369,9758.541309036,CIRCUIT_OPEN,2026-09-05T00:11:01.741877Z
ee0dd7d2-7f86-4295-8940-b34b9a711b6f,run1_rep2,E,OPEN,OPEN,request,CACHE,HIT,0.022792000891058706,0.3897080005117459,INFO,adaptador.request,false,degradado,0.32420800016552676,9758.543260578,9758.543627494,9758.543237786,9758.543584786,CIRCUIT_OPEN,2026-09-05T00:11:01.744113Z
7aa1d9a0-e2d9-447e-96ec-8f70125aa1ad,run1_rep2,E,OPEN,OPEN,request,CACHE,HIT,0.017500000467407517,0.3815420004684711,INFO,adaptador.request,false,degradado,0.30574999982491136,9758.573926786,9758.574290828,9758.573909286,9758.574232536,CIRCUIT_OPEN,2026-09-05T00:11:01.774767Z
ab69400f-8dc8-4c70-afbc-7c6f12862dde,run1_rep2,E,OPEN,OPEN,request,CACHE,HIT,0.05541599966818467,0.9598750002624001,INFO,adaptador.request,false,degradado,0.7442919995810371,9758.625690744,9758.626595203,9758.625635328,9758.626435036,CIRCUIT_OPEN,2026-09-05T00:11:01.827143Z
2651e340-a333-4957-9580-e7d38a1e290c,run1_rep2,E,OPEN,OPEN,request,CACHE,HIT,0.03733300036401488,0.692249999701744,INFO,adaptador.request,false,degradado,0.5920000003243331,9758.629526036,9758.630180953,9758.629488703,9758.630118036,CIRCUIT_OPEN,2026-09-05T00:11:01.830663Z
6f598cfd-630b-4335-be4f-bd9046f305df,run1_rep2,E,OPEN,OPEN,request,CACHE,HIT,0.018791999536915682,0.5005000002711313,INFO,adaptador.request,false,degradado,0.4313750014262041,9758.636140661,9758.636622369,9758.636121869,9758.636572036,CIRCUIT_OPEN,2026-09-05T00:11:01.837082Z
43295442-5993-4b4a-9fcc-fe9f66a1658a,run1_rep2,E,OPEN,OPEN,request,CACHE,HIT,0.022500000341096893,0.4207090005365899,INFO,adaptador.request,false,degradado,0.34808400050678756,9758.639368744,9758.639766953,9758.639346244,9758.639716828,CIRCUIT_OPEN,2026-09-05T00:11:01.840248Z
52041812-8b97-4590-b873-7e1145e002be,run1_rep2,E,OPEN,OPEN,request,CACHE,HIT,0.056292001318070106,1.0132500010513468,INFO,adaptador.request,false,degradado,0.8291670001199236,9758.744822786,9758.745779744,9758.744766494,9758.745651953,CIRCUIT_OPEN,2026-09-05T00:11:01.946285Z
0b0745af-7539-4efc-8263-7a5d4a1b4cf0,run1_rep2,E,OPEN,OPEN,request,CACHE,HIT,0.06404200030374341,0.9601250003470341,INFO,adaptador.request,false,degradado,0.7956659992487403,9758.779233703,9758.780129786,9758.779169661,9758.780029369,CIRCUIT_OPEN,2026-09-05T00:11:01.980614Z
04c992cb-939c-4c2e-8ef1-b3bd581fdc1c,run1_rep2,E,OPEN,OPEN,request,CACHE,HIT,0.02787500125123188,0.9229999996023253,INFO,adaptador.request,false,degradado,0.8369579991267528,9758.786293786,9758.787188911,9758.786265911,9758.787130744,CIRCUIT_OPEN,2026-09-05T00:11:01.987648Z
fa247375-611c-48fd-99a7-dcfc2c129212,run1_rep2,E,OPEN,OPEN,request,CACHE,HIT,0.051540999265853316,0.8900409993657377,INFO,adaptador.request,false,degradado,0.7518340007663937,9758.854849119,9758.855687619,9758.854797578,9758.855600953,CIRCUIT_OPEN,2026-09-05T00:11:02.056175Z
ac0f3dc2-739c-414e-b73c-f36c360f80b1,run1_rep2,E,OPEN,OPEN,request,CACHE,HIT,0.021500000002561137,0.3835420011455426,INFO,adaptador.request,false,degradado,0.31895800020720344,9758.862348661,9758.862710703,9758.862327161,9758.862667619,CIRCUIT_OPEN,2026-09-05T00:11:02.063175Z
33029e82-826a-489d-bdbc-17a2ea2a6f83,run1_rep2,E,OPEN,OPEN,request,CACHE,HIT,0.019999999494757503,0.7692079998378176,INFO,adaptador.request,false,degradado,0.7071660002111457,9758.885887453,9758.886636661,9758.885867453,9758.886594619,CIRCUIT_OPEN,2026-09-05T00:11:02.087356Z
c9764403-39f2-4ac5-937c-d98257c13893,run1_rep2,E,OPEN,OPEN,request,CACHE,HIT,0.012582999261212535,0.6141249996289844,INFO,adaptador.request,false,degradado,0.5587499999819556,9758.886280411,9758.886881953,9758.886267828,9758.886839161,CIRCUIT_OPEN,2026-09-05T00:11:02.087616Z
e156c449-daf1-4b8a-9119-6fbbbc4a5513,run1_rep2,E,OPEN,OPEN,request,CACHE,HIT,0.052833000154350884,0.6490000014309771,INFO,adaptador.request,false,degradado,0.5290420012897812,9758.920824161,9758.921420328,9758.920771328,9758.921353203,CIRCUIT_OPEN,2026-09-05T00:11:02.121889Z
3cc113c8-1397-4edb-a374-9ef3587570ea,run1_rep2,E,OPEN,OPEN,request,CACHE,HIT,0.018708000425249338,0.3848329997708788,INFO,adaptador.request,false,degradado,0.3103750004811445,9758.926859911,9758.927226036,9758.926841203,9758.927170286,CIRCUIT_OPEN,2026-09-05T00:11:02.127695Z
b623fe4d-174d-4214-8972-788a3a52c197,run1_rep2,E,OPEN,OPEN,request,CACHE,HIT,0.05270899964671116,0.8554169999115402,INFO,adaptador.request,false,degradado,0.6996660013101064,9758.990758245,9758.991560953,9758.990705536,9758.991457911,CIRCUIT_OPEN,2026-09-05T00:11:02.192063Z
2eabde17-2001-4f6e-b18b-e8a6b875ff1e,run1_rep2,E,OPEN,OPEN,request,CACHE,HIT,0.10129099973710254,1.1585829997784458,INFO,adaptador.request,false,degradado,0.9057090010173852,9759.047630161,9759.048687453,9759.04752887,9759.04853587,CIRCUIT_OPEN,2026-09-05T00:11:02.249233Z
52e7c95b-6729-4c29-96e4-d0fe5f87eb21,run1_rep2,E,OPEN,OPEN,request,CACHE,HIT,0.03133300015178975,0.4735000002256129,INFO,adaptador.request,false,degradado,0.38654200034216046,9759.073948411,9759.074390578,9759.073917078,9759.074334953,CIRCUIT_OPEN,2026-09-05T00:11:02.274857Z
53bdf5bb-e917-49bb-b9c4-7c8da3464234,run1_rep2,E,OPEN,OPEN,request,CACHE,HIT,0.017875001503853127,0.48429200069222134,INFO,adaptador.request,false,degradado,0.420667000071262,9759.075119536,9759.075585953,9759.075101661,9759.075540203,CIRCUIT_OPEN,2026-09-05T00:11:02.276052Z
bf7a2e28-cb3a-4b65-acf0-457af1e15b2c,run1_rep2,E,OPEN,OPEN,request,CACHE,HIT,0.053875000958214514,0.6882080015202519,INFO,adaptador.request,false,degradado,0.5847920001542661,9759.120788078,9759.121422411,9759.120734203,9759.12137287,CIRCUIT_OPEN,2026-09-05T00:11:02.321886Z
027b4aa2-b0c4-46c2-87fd-6f222892557d,run1_rep2,E,OPEN,OPEN,request,CACHE,HIT,0.030790999517193995,0.5814159994770307,INFO,adaptador.request,false,degradado,0.4605000012816163,9759.159507911,9759.160058536,9759.15947712,9759.159968411,CIRCUIT_OPEN,2026-09-05T00:11:02.360552Z
d0c3c7ab-21a4-441b-a20d-46e1d7f10071,run1_rep2,E,OPEN,OPEN,request,CACHE,HIT,0.05491699994308874,0.9714999996504048,INFO,adaptador.request,false,degradado,0.8516660000168486,9759.18903612,9759.189952703,9759.188981203,9759.189887786,CIRCUIT_OPEN,2026-09-05T00:11:02.390714Z
cc0bf2ee-fcfe-417b-aa2f-3a0f80962d91,run1_rep2,E,OPEN,OPEN,request,CACHE,HIT,0.01995799902942963,0.7484159996238304,INFO,adaptador.request,false,degradado,0.674667000566842,9759.189490578,9759.190219036,9759.18947062,9759.190165245,CIRCUIT_OPEN,2026-09-05T00:11:02.391014Z
59c5b389-86bb-41db-a455-bfe249b94f97,run1_rep2,E,OPEN,OPEN,request,CACHE,HIT,0.016749998394516297,0.3534579991537612,INFO,adaptador.request,false,degradado,0.29941600041638594,9759.19440087,9759.194737578,9759.19438412,9759.194700286,CIRCUIT_OPEN,2026-09-05T00:11:02.395178Z
e4d6dbcc-313e-498f-86f4-4e2becf36580,run1_rep2,E,OPEN,OPEN,request,CACHE,HIT,0.013958999261376448,0.27312499878462404,INFO,adaptador.request,false,degradado,0.22449999960372224,9759.19914662,9759.199405786,9759.199132661,9759.19937112,CIRCUIT_OPEN,2026-09-05T00:11:02.399843Z
6bb4e3b4-41e8-4bca-a6a9-13c6bbd9c5fc,run1_rep2,E,OPEN,OPEN,request,CACHE,HIT,0.03033400025742594,0.7045000002108281,INFO,adaptador.request,false,degradado,0.5878749998373678,9759.229266745,9759.229940911,9759.229236411,9759.22985462,CIRCUIT_OPEN,2026-09-05T00:11:02.430443Z
8116c554-f15f-4a44-963d-6eac383d7adc,run1_rep2,E,OPEN,OPEN,request,CACHE,HIT,0.05608300125459209,0.9516660011286149,INFO,adaptador.request,false,degradado,0.7882079989940394,9759.339243578,9759.340139161,9759.339187495,9759.340031786,CIRCUIT_OPEN,2026-09-05T00:11:02.540633Z
850bee91-573a-4935-93d6-2b0230d72dc0,run1_rep2,E,OPEN,OPEN,request,CACHE,HIT,0.051917000746470876,0.862000000779517,INFO,adaptador.request,false,degradado,0.7116659999155672,9759.38838362,9759.389193703,9759.388331703,9759.389095286,CIRCUIT_OPEN,2026-09-05T00:11:02.589698Z
8c52bdec-1d56-4a03-925d-cd2564dd4fff,run1_rep2,E,OPEN,OPEN,request,CACHE,HIT,0.05729199983761646,0.9961670002667233,INFO,adaptador.request,false,degradado,0.6859580007585464,9759.417281995,9759.41822087,9759.417224703,9759.417967953,CIRCUIT_OPEN,2026-09-05T00:11:02.618761Z
38e81e0b-e8a2-4de0-8d17-9b73b29143a9,run1_rep2,E,OPEN,OPEN,request,CACHE,HIT,0.041416000385652296,0.6550409998453688,INFO,adaptador.request,false,degradado,0.5284589988150401,9759.423282161,9759.423895786,9759.423240745,9759.42381062,CIRCUIT_OPEN,2026-09-05T00:11:02.624383Z
4278c28a-d8e1-41aa-8c68-4089574cee0d,run1_rep2,E,OPEN,OPEN,request,CACHE,HIT,0.04945799992128741,0.9408330006408505,INFO,adaptador.request,false,degradado,0.8087920014077099,9759.458307328,9759.459198703,9759.45825787,9759.45911612,CIRCUIT_OPEN,2026-09-05T00:11:02.659693Z
4eeccc9e-e4f0-45f1-99eb-57577024a4bb,run1_rep2,E,OPEN,OPEN,request,CACHE,HIT,0.03229200046916958,0.8134170002449537,INFO,adaptador.request,false,degradado,0.7270829992194194,9759.45902837,9759.459809495,9759.458996078,9759.459755453,CIRCUIT_OPEN,2026-09-05T00:11:02.660540Z
63d68b70-4d12-488c-9399-1aa0aa2bdf8e,run1_rep2,E,OPEN,OPEN,request,CACHE,HIT,0.043833999370690435,0.5774589990323875,INFO,adaptador.request,false,degradado,0.4792500003532041,9759.49481862,9759.495352245,9759.494774786,9759.49529787,CIRCUIT_OPEN,2026-09-05T00:11:02.695813Z
df3ea078-9830-4307-a60a-25fe3291eda9,run1_rep2,E,OPEN,OPEN,request,CACHE,HIT,0.05504200089490041,0.8277079996332759,INFO,adaptador.request,false,degradado,0.6865409995953087,9759.570175245,9759.570947911,9759.570120203,9759.570861786,CIRCUIT_OPEN,2026-09-05T00:11:02.771462Z
ea06f2a0-c81c-49ae-b381-6b1483863c52,run1_rep2,E,OPEN,OPEN,request,CACHE,HIT,0.041291999878012575,0.7704590007051593,INFO,adaptador.request,false,degradado,0.6482080007117474,9759.586073953,9759.58680312,9759.586032661,9759.586722161,CIRCUIT_OPEN,2026-09-05T00:11:02.787274Z
5509b219-d806-4fca-9b96-e6b1b122c403,run1_rep2,E,OPEN,OPEN,request,CACHE,HIT,0.035000000934815034,0.6364580003719311,INFO,adaptador.request,false,degradado,0.5320000000210712,9759.592964703,9759.593566161,9759.592929703,9759.593496703,CIRCUIT_OPEN,2026-09-05T00:11:02.794047Z
c022668f-878c-469a-84e9-f8370ec0a94f,run1_rep2,E,OPEN,OPEN,request,CACHE,HIT,0.03295799979241565,0.5950419999862788,INFO,adaptador.request,false,degradado,0.48349999997299165,9759.615362536,9759.61592462,9759.615329578,9759.615846036,CIRCUIT_OPEN,2026-09-05T00:11:02.816441Z
09faab36-3ef8-461e-a2be-5fb8fa65c518,run1_rep2,E,OPEN,OPEN,request,CACHE,HIT,0.02579200008767657,0.9842500003287569,INFO,adaptador.request,false,degradado,0.8944580004026648,9759.653620953,9759.654579411,9759.653595161,9759.654515411,CIRCUIT_OPEN,2026-09-05T00:11:02.855311Z
aa838825-9470-4ca1-979e-8d90a388b622,run1_rep2,E,OPEN,OPEN,request,CACHE,HIT,0.013500000932253897,0.7560420017398428,INFO,adaptador.request,false,degradado,0.7037920004222542,9759.654090078,9759.65483262,9759.654076578,9759.65479387,CIRCUIT_OPEN,2026-09-05T00:11:02.855645Z
bfb7c863-0378-4bc8-b82d-e44857e2b184,run1_rep2,E,OPEN,OPEN,request,CACHE,HIT,0.023292001060326584,0.44912500015925616,INFO,adaptador.request,false,degradado,0.3717500003403984,9759.685836745,9759.686262578,9759.685813453,9759.686208495,CIRCUIT_OPEN,2026-09-05T00:11:02.886731Z
eee5a587-c1d0-430e-a638-b2c30c7e240b,run1_rep2,E,OPEN,OPEN,request,CACHE,HIT,0.053792000471730717,0.9678329988673795,INFO,adaptador.request,false,degradado,0.8057909999479307,9759.768069162,9759.768983203,9759.76801537,9759.768874953,CIRCUIT_OPEN,2026-09-05T00:11:02.969521Z
5ff70d2d-db54-4b3a-ae84-920f865418e4,run1_rep2,E,OPEN,OPEN,request,CACHE,HIT,0.04108400025870651,0.8216670012188843,INFO,adaptador.request,false,degradado,0.7030409997241804,9759.776744162,9759.777524745,9759.776703078,9759.777447203,CIRCUIT_OPEN,2026-09-05T00:11:02.978007Z
a81e07db-3dc2-4efc-847a-fffaa4e791ba,run1_rep2,E,OPEN,OPEN,request,CACHE,HIT,0.02791699989757035,0.49079200107371435,INFO,adaptador.request,false,degradado,0.3992910005763406,9759.781162537,9759.781625412,9759.78113462,9759.781561828,CIRCUIT_OPEN,2026-09-05T00:11:02.982103Z
df75a2c7-977a-4f11-a121-ba5240a5bcc7,run1_rep2,E,OPEN,OPEN,request,CACHE,HIT,0.05520900049305055,0.6651250005234033,INFO,adaptador.request,false,degradado,0.5434579998109257,9759.824045787,9759.824655703,9759.823990578,9759.824589245,CIRCUIT_OPEN,2026-09-05T00:11:03.025118Z
c675d0b3-4f9b-429d-8d4b-e6828c082e35,run1_rep2,E,OPEN,OPEN,request,CACHE,HIT,0.03579199983505532,0.8319169992319075,INFO,adaptador.request,false,degradado,0.7399169990094379,9759.83772662,9759.838522745,9759.837690828,9759.838466537,CIRCUIT_OPEN,2026-09-05T00:11:03.038993Z
7272e6e3-ebc1-4809-87c5-ac62abb82f3a,run1_rep2,E,OPEN,OPEN,request,CACHE,HIT,0.018207998436992057,0.7507909995183581,INFO,adaptador.request,false,degradado,0.6889579999551643,9759.83837837,9759.839110953,9759.838360162,9759.839067328,CIRCUIT_OPEN,2026-09-05T00:11:03.039748Z
8d502384-0136-4653-8007-fd5c89088838,run1_rep2,E,OPEN,OPEN,request,CACHE,HIT,0.043583999286056496,0.6767919985577464,INFO,adaptador.request,false,degradado,0.5607910006801831,9759.879338162,9759.87997137,9759.879294578,9759.879898953,CIRCUIT_OPEN,2026-09-05T00:11:03.080474Z
1012cb6c-335b-4c7e-8e8c-e175eebe29be,run1_rep2,E,OPEN,OPEN,request,CACHE,HIT,0.06670900074823294,0.6146670002635801,INFO,adaptador.request,false,degradado,0.4882499997620471,9759.929227787,9759.929775745,9759.929161078,9759.929716037,CIRCUIT_OPEN,2026-09-05T00:11:03.130232Z
5c4cbe7b-e522-411d-ac87-cfe0124e0d6b,run1_rep2,E,OPEN,OPEN,request,CACHE,HIT,0.024124999981722794,0.4816669988940703,INFO,adaptador.request,false,degradado,0.3876249993481906,9759.947223703,9759.947681245,9759.947199578,9759.947611328,CIRCUIT_OPEN,2026-09-05T00:11:03.148146Z
1a8128a7-40f2-489a-b49e-713ca9a70828,run1_rep2,E,OPEN,OPEN,request,CACHE,HIT,0.020958999812137336,0.8035840000957251,INFO,adaptador.request,false,degradado,0.6993750012043165,9759.954547287,9759.955329912,9759.954526328,9759.955246662,CIRCUIT_OPEN,2026-09-05T00:11:03.155811Z
3f8ca132-c99c-4be6-b8ca-6401000b972b,run1_rep2,E,OPEN,OPEN,request,CACHE,HIT,0.020833000235143118,0.6423329996323446,INFO,adaptador.request,false,degradado,0.5760420008300571,9759.977636828,9759.978258328,9759.977615995,9759.97821287,CIRCUIT_OPEN,2026-09-05T00:11:03.178925Z
d8ad3333-8164-4388-996e-c872f91b0a1b,run1_rep2,E,OPEN,OPEN,request,CACHE,HIT,0.008834000254864804,0.5672090010193642,INFO,adaptador.request,false,degradado,0.527374999364838,9759.977897912,9759.978456287,9759.977889078,9759.978425287,CIRCUIT_OPEN,2026-09-05T00:11:03.179156Z
85d37dba-9f23-4b7b-b620-bb25bdc15956,run1_rep2,E,OPEN,OPEN,request,CACHE,HIT,0.02258300082758069,0.4090830007044133,INFO,adaptador.request,false,degradado,0.34087499989254866,9760.01925837,9760.01964487,9760.019235787,9760.019599245,CIRCUIT_OPEN,2026-09-05T00:11:03.220096Z
08f6749d-639b-4832-8974-f16c037ae0b6,run1_rep2,E,OPEN,OPEN,request,CACHE,HIT,0.026249999791616574,0.44220800009497907,INFO,adaptador.request,false,degradado,0.36558300053002313,9760.089513287,9760.089929245,9760.089487037,9760.08987887,CIRCUIT_OPEN,2026-09-05T00:11:03.290388Z
42f20c71-2d8d-40aa-8797-62953c2eecbd,run1_rep2,E,OPEN,OPEN,request,CACHE,HIT,0.0396249997720588,1.3639999997394625,INFO,adaptador.request,false,degradado,1.2349579992587678,9760.143435537,9760.144759912,9760.143395912,9760.144670495,CIRCUIT_OPEN,2026-09-05T00:11:03.345533Z
07277e62-34fc-45d8-b9b0-64340e225daf,run1_rep2,E,OPEN,OPEN,request,CACHE,HIT,0.011791998986154795,1.2700419993052492,INFO,adaptador.request,false,degradado,1.2137499998061685,9760.143806245,9760.145064495,9760.143794453,9760.145019995,CIRCUIT_OPEN,2026-09-05T00:11:03.345823Z
6a2273ff-acc6-49a6-9424-469383fda2d9,run1_rep2,E,OPEN,OPEN,request,CACHE,HIT,0.029417000405373983,0.5574580009124475,INFO,adaptador.request,false,degradado,0.4279160002624849,9760.182922537,9760.183450578,9760.18289312,9760.183350453,CIRCUIT_OPEN,2026-09-05T00:11:03.383910Z
0bd79d86-608a-4ab8-9902-95a626d83e8e,run1_rep2,E,OPEN,OPEN,request,CACHE,HIT,0.05862500074726995,0.8103750005830079,INFO,adaptador.request,false,degradado,0.6526659999508411,9760.247726662,9760.248478412,9760.247668037,9760.248379328,CIRCUIT_OPEN,2026-09-05T00:11:03.448979Z
8930e858-d313-4f68-9945-6fafd40c7565,run1_rep2,E,OPEN,OPEN,request,CACHE,HIT,0.033916001484612934,0.749708000512328,INFO,adaptador.request,false,degradado,0.6380839986377396,9760.262182578,9760.26289837,9760.262148662,9760.262820662,CIRCUIT_OPEN,2026-09-05T00:11:03.463378Z
80b62154-e480-489e-90d5-002fafe9ee08,run1_rep2,E,OPEN,OPEN,request,CACHE,HIT,0.054707999879610725,0.8558329991501523,INFO,adaptador.request,false,degradado,0.7163329992181389,9760.29643487,9760.297235995,9760.296380162,9760.297151203,CIRCUIT_OPEN,2026-09-05T00:11:03.497717Z
a0f8dba6-778f-4e6e-bc67-456fbe783a2f,run1_rep2,E,OPEN,OPEN,request,CACHE,HIT,0.04279200038581621,0.6767920003767358,INFO,adaptador.request,false,degradado,0.5586669994954718,9760.32330487,9760.32393887,9760.323262078,9760.323863537,CIRCUIT_OPEN,2026-09-05T00:11:03.524439Z
53744e66-027b-459b-8a42-7a9d4b045eaf,run1_rep2,E,OPEN,OPEN,request,CACHE,HIT,0.04533399987849407,0.7507499994972022,INFO,adaptador.request,false,degradado,0.6242500003281748,9760.367773079,9760.368478495,9760.367727745,9760.368397329,CIRCUIT_OPEN,2026-09-05T00:11:03.568967Z
b6a8d11b-8099-4e17-a141-839074dfd1d6,run1_rep2,E,OPEN,OPEN,request,CACHE,HIT,0.03195799945387989,0.6998329990892671,INFO,adaptador.request,false,degradado,0.5222500003583264,9760.43418212,9760.434849995,9760.434150162,9760.43470437,CIRCUIT_OPEN,2026-09-05T00:11:03.635363Z
4818c539-61aa-4f45-b418-b4417f0cc1a1,run1_rep2,E,OPEN,OPEN,request,CACHE,HIT,0.025082999854930677,0.6124159990577027,INFO,adaptador.request,false,degradado,0.5250419999356382,9760.436818037,9760.43740537,9760.436792954,9760.437343079,CIRCUIT_OPEN,2026-09-05T00:11:03.637937Z
ab497136-adaa-493e-9bec-20f9a307f139,run1_rep2,E,OPEN,OPEN,request,CACHE,HIT,0.02091699934680946,1.1934579997614492,INFO,adaptador.request,false,degradado,1.1289579997537658,9760.438127954,9760.439300495,9760.438107037,9760.439256912,CIRCUIT_OPEN,2026-09-05T00:11:03.639769Z
d0b980db-9040-47af-bbf2-9424d708204b,run1_rep2,E,OPEN,OPEN,request,CACHE,HIT,0.01383299968438223,0.6410000005416805,INFO,adaptador.request,false,degradado,0.5815830008941703,9760.439148287,9760.439775454,9760.439134454,9760.43972987,CIRCUIT_OPEN,2026-09-05T00:11:03.640455Z
b52663e4-3ad8-4189-9a80-aef7ccb8d96f,run1_rep2,E,OPEN,OPEN,request,CACHE,HIT,0.03908299913746305,0.5984159997751703,INFO,adaptador.request,false,degradado,0.48387500100943726,9760.469186662,9760.469745995,9760.469147579,9760.469670537,CIRCUIT_OPEN,2026-09-05T00:11:03.670220Z
82ec5e0d-af6c-49f2-9521-3570f408091a,run1_rep2,E,OPEN,OPEN,request,CACHE,HIT,0.05912500091653783,0.7189999996626284,INFO,adaptador.request,false,degradado,0.5597079998551635,9760.529561912,9760.530221787,9760.529502787,9760.53012162,CIRCUIT_OPEN,2026-09-05T00:11:03.730715Z
fe24b309-cfe3-4506-bb8d-79150a51d3f9,run1_rep2,E,OPEN,OPEN,request,CACHE,HIT,0.037542000427492894,0.5526250006369082,INFO,adaptador.request,false,degradado,0.4631669999071164,9760.588560287,9760.58907537,9760.588522745,9760.589023454,CIRCUIT_OPEN,2026-09-05T00:11:03.789539Z
8712972f-9511-4adf-a809-6286363e55f4,run1_rep2,E,OPEN,OPEN,request,CACHE,HIT,0.04629199975170195,0.7582920006825589,INFO,adaptador.request,false,degradado,0.6335830003081355,9760.641623287,9760.642335287,9760.641576995,9760.64225687,CIRCUIT_OPEN,2026-09-05T00:11:03.842825Z
056a1b85-0dc8-4cf2-b292-018b953edc22,run1_rep2,E,OPEN,OPEN,request,CACHE,HIT,0.030625000363215804,0.5144579990883358,INFO,adaptador.request,false,degradado,0.43379099952289835,9760.646353579,9760.646837412,9760.646322954,9760.64678737,CIRCUIT_OPEN,2026-09-05T00:11:03.847303Z
480ea5b7-274c-4ff5-8f0c-bfb65ba803a2,run1_rep2,E,OPEN,OPEN,request,CACHE,HIT,0.0490830007038312,1.1115410015918314,INFO,adaptador.request,false,degradado,0.9663750006438931,9760.694659162,9760.69572162,9760.694610079,9760.695625537,CIRCUIT_OPEN,2026-09-05T00:11:03.896234Z
27e34400-f9e1-4357-af97-76204ccbe46f,run1_rep2,E,OPEN,OPEN,request,CACHE,HIT,0.026666000849218108,0.9245410001312848,INFO,adaptador.request,false,degradado,0.8432089998677839,9760.695502995,9760.69640087,9760.695476329,9760.696346204,CIRCUIT_OPEN,2026-09-05T00:11:03.897076Z
1ae03d68-cc67-4e2f-98a8-1fde83ba48b3,run1_rep2,E,OPEN,OPEN,request,CACHE,HIT,0.0289999989036005,0.4689580000558635,INFO,adaptador.request,false,degradado,0.3901670006598579,9760.716186037,9760.716625995,9760.716157037,9760.716576204,CIRCUIT_OPEN,2026-09-05T00:11:03.917085Z
ebabbc31-4489-40a2-9a1a-b5780aa8f0d1,run1_rep2,E,OPEN,OPEN,request,CACHE,HIT,0.03712499892571941,0.6465829992521321,INFO,adaptador.request,false,degradado,0.5516250002983725,9760.747949579,9760.748559037,9760.747912454,9760.748501204,CIRCUIT_OPEN,2026-09-05T00:11:03.949023Z
01cb80e2-066e-4d14-9bea-588f0b5877a1,run1_rep2,E,OPEN,OPEN,request,CACHE,HIT,0.05362499905459117,0.8286659995064838,INFO,adaptador.request,false,degradado,0.6695829997624969,9760.790385204,9760.791160245,9760.790331579,9760.791054787,CIRCUIT_OPEN,2026-09-05T00:11:03.991705Z
dd7b74df-df29-4d88-88e0-215b7b13feaf,run1_rep2,E,OPEN,OPEN,request,CACHE,HIT,0.030791999961365946,0.5719169985241024,INFO,adaptador.request,false,degradado,0.4668749988923082,9760.801879037,9760.802420162,9760.801848245,9760.802345912,CIRCUIT_OPEN,2026-09-05T00:11:04.002902Z
e7234836-b625-434e-80d3-df00be1989f2,run1_rep2,E,OPEN,OPEN,request,CACHE,HIT,0.017750000552041456,0.4427500007295748,INFO,adaptador.request,false,degradado,0.3766249992622761,9760.820815662,9760.821240662,9760.820797912,9760.821192287,CIRCUIT_OPEN,2026-09-05T00:11:04.021703Z
70d36bc5-d811-44ad-a1d9-14eb86d7d07b,run1_rep2,E,OPEN,OPEN,request,CACHE,HIT,0.015874999007792212,0.36929099951521493,INFO,adaptador.request,false,degradado,0.2936250002676388,9760.832614829,9760.832968245,9760.832598954,9760.832908454,CIRCUIT_OPEN,2026-09-05T00:11:04.033463Z
adb8b221-5e1c-4232-90a5-3aa5ef950939,run1_rep2,E,OPEN,OPEN,request,CACHE,HIT,0.04787500074598938,0.8631670007162029,INFO,adaptador.request,false,degradado,0.7157499985623872,9760.89334462,9760.894159912,9760.893296745,9760.89406037,CIRCUIT_OPEN,2026-09-05T00:11:04.094649Z
ba8d1a68-2d58-4f1f-8226-5b5a42192145,run1_rep2,E,OPEN,OPEN,request,CACHE,HIT,0.054457999794976786,1.3978749993839301,INFO,adaptador.request,false,degradado,1.2463749990274664,9760.934777995,9760.936121412,9760.934723537,9760.93602437,CIRCUIT_OPEN,2026-09-05T00:11:04.136892Z
e591f921-5828-402c-84e9-4ba6dc1730a7,run1_rep2,E,OPEN,OPEN,request,CACHE,HIT,0.02937499994004611,1.0411250004835892,INFO,adaptador.request,false,degradado,0.9551250004733447,9760.935395912,9760.936407662,9760.935366537,9760.936351037,CIRCUIT_OPEN,2026-09-05T00:11:04.137236Z
3bd4cd91-f1d4-42a6-b4c2-fe9511d0d506,run1_rep2,E,OPEN,OPEN,request,CACHE,HIT,0.034791999496519566,0.6384999996953411,INFO,adaptador.request,false,degradado,0.532291000126861,9760.993699204,9760.994302912,9760.993664412,9760.994231495,CIRCUIT_OPEN,2026-09-05T00:11:04.194794Z
d7ef4940-ed9b-4782-a9b4-8af083ea07dc,run1_rep2,E,OPEN,OPEN,request,CACHE,HIT,0.02554200000304263,0.47183400056383107,INFO,adaptador.request,false,degradado,0.3852499994536629,9760.995906287,9760.996352579,9760.995880745,9760.996291537,CIRCUIT_OPEN,2026-09-05T00:11:04.196861Z
5ab22922-bf7f-4ff2-9a33-d171d2cd4297,run1_rep2,E,OPEN,OPEN,request,CACHE,HIT,0.029208000341895968,0.7340410011238419,INFO,adaptador.request,false,degradado,0.6159580007079057,9761.030100287,9761.03080512,9761.030071079,9761.030716245,CIRCUIT_OPEN,2026-09-05T00:11:04.231296Z
5e0cf1fd-9e6d-4da4-b114-5ebd67c9acbc,run1_rep2,E,OPEN,OPEN,request,CACHE,HIT,0.03883399949700106,0.67874999876949,INFO,adaptador.request,false,degradado,0.5398749999585561,9761.092089246,9761.092729162,9761.092050412,9761.092629121,CIRCUIT_OPEN,2026-09-05T00:11:04.293225Z
fee724e9-ed73-49b7-8da8-737cf4894631,run1_rep2,E,OPEN,OPEN,request,CACHE,HIT,0.03045899939024821,0.5359589995350689,INFO,adaptador.request,false,degradado,0.4458330004126765,9761.097386246,9761.097891746,9761.097355787,9761.097832079,CIRCUIT_OPEN,2026-09-05T00:11:04.298360Z
0ae416ac-eb40-4511-ab11-2df28a7d4286,run1_rep2,E,OPEN,OPEN,request,CACHE,HIT,0.026291998437955044,0.49987499915005174,INFO,adaptador.request,false,degradado,0.39554200156999286,9761.111539454,9761.112013037,9761.111513162,9761.111934996,CIRCUIT_OPEN,2026-09-05T00:11:04.312514Z
18610b84-5e20-497a-8823-0415c3583fcd,run1_rep2,E,OPEN,OPEN,request,CACHE,HIT,0.02433299960102886,0.5374579995987006,INFO,adaptador.request,false,degradado,0.44820899893238675,9761.126994037,9761.127507162,9761.126969704,9761.127442246,CIRCUIT_OPEN,2026-09-05T00:11:04.328051Z
5dec0771-3dec-4654-8719-ddf2a84baeb8,run1_rep2,E,OPEN,OPEN,request,CACHE,HIT,0.04133400034334045,0.617416999375564,INFO,adaptador.request,false,degradado,0.4965409989381442,9761.163437621,9761.164013704,9761.163396287,9761.163934162,CIRCUIT_OPEN,2026-09-05T00:11:04.364489Z
e6f9b80c-37b3-4bef-ac52-06d4ac18a9b0,run1_rep2,E,OPEN,OPEN,request,CACHE,HIT,0.044624999645748176,0.5161669996596174,INFO,adaptador.request,false,degradado,0.41075000081036706,9761.169027204,9761.169498746,9761.168982579,9761.169437954,CIRCUIT_OPEN,2026-09-05T00:11:04.369972Z
b8a92bb7-b736-4a66-8620-7d4e5049e7e2,run1_rep2,E,OPEN,OPEN,request,CACHE,HIT,0.021416000890894793,0.43658300091919955,INFO,adaptador.request,false,degradado,0.35799999932351056,9761.181847787,9761.182262954,9761.181826371,9761.182205787,CIRCUIT_OPEN,2026-09-05T00:11:04.382734Z
b7c4458b-433f-4269-a643-ac8fd09b3eef,run1_rep2,E,OPEN,OPEN,request,CACHE,HIT,0.030499999411404133,0.7022499994491227,INFO,adaptador.request,false,degradado,0.5891670007258654,9761.251903162,9761.252574912,9761.251872662,9761.252492329,CIRCUIT_OPEN,2026-09-05T00:11:04.453082Z
ddafa7c9-9473-427b-b785-7dd51bb6d7f1,run1_rep2,E,OPEN,OPEN,request,CACHE,HIT,0.06316600047284737,0.9016250005515758,INFO,adaptador.request,false,degradado,0.7481249995180406,9761.294714412,9761.295552871,9761.294651246,9761.295462537,CIRCUIT_OPEN,2026-09-05T00:11:04.496055Z
7b0c9bd9-44a4-4ff4-86b9-b638919e3936,run1_rep2,E,OPEN,OPEN,request,CACHE,HIT,0.05199999941396527,0.9537499990983633,INFO,adaptador.request,false,degradado,0.7910839995020069,9761.390798662,9761.391700412,9761.390746662,9761.391589746,CIRCUIT_OPEN,2026-09-05T00:11:04.592305Z
84bf2d95-4c3e-4e3e-b4f4-2380037065bc,run1_rep2,E,OPEN,OPEN,request,CACHE,HIT,0.05454200072563253,0.8752920002734754,INFO,adaptador.request,false,degradado,0.714249999873573,9761.432999871,9761.433820621,9761.432945329,9761.433714121,CIRCUIT_OPEN,2026-09-05T00:11:04.634326Z
54b1009d-f8da-498b-a4ba-dad586dae0b4,run1_rep2,E,OPEN,OPEN,request,CACHE,HIT,0.06824999945820309,0.7794169996486744,INFO,adaptador.request,false,degradado,0.6146249997982522,9761.481458704,9761.482169871,9761.481390454,9761.482073329,CIRCUIT_OPEN,2026-09-05T00:11:04.682670Z
17c7bea4-d0d9-4589-901d-3bbd6cbd4d59,run1_rep2,E,OPEN,OPEN,request,CACHE,HIT,0.052416000471566804,1.021500000206288,INFO,adaptador.request,false,degradado,0.8531250005034963,9761.496958037,9761.497927121,9761.496905621,9761.497811162,CIRCUIT_OPEN,2026-09-05T00:11:04.698535Z
35bf6265-303a-40c6-961a-7a1b2856be47,run1_rep2,E,OPEN,OPEN,request,CACHE,HIT,0.05491699994308874,0.9794170000532176,INFO,adaptador.request,false,degradado,0.825416000225232,9761.537819621,9761.538744121,9761.537764704,9761.538645037,CIRCUIT_OPEN,2026-09-05T00:11:04.739224Z
5e595de9-36df-4241-a914-d1c6bc2fded3,run1_rep2,E,OPEN,OPEN,request,CACHE,HIT,0.01316700036113616,0.29545899997174274,INFO,adaptador.request,false,degradado,0.24579199998697732,9761.548254204,9761.548536496,9761.548241037,9761.548499996,CIRCUIT_OPEN,2026-09-05T00:11:04.748974Z
bd6dcacc-0940-415a-9fd1-d243ba855705,run1_rep2,E,OPEN,OPEN,request,CACHE,HIT,0.030707999030710198,0.47487499978160486,INFO,adaptador.request,false,degradado,0.3909170009137597,9761.580939954,9761.581384121,9761.580909246,9761.581330871,CIRCUIT_OPEN,2026-09-05T00:11:04.781830Z
f783aecf-db4e-4868-9f23-572005f5428e,run1_rep2,E,OPEN,OPEN,request,CACHE,HIT,0.027207999664824456,0.5010000004403992,INFO,adaptador.request,false,degradado,0.4085830005351454,9761.598143954,9761.598617746,9761.598116746,9761.598552537,CIRCUIT_OPEN,2026-09-05T00:11:04.799099Z
212427b8-5114-448a-95ac-42d5b8afa4c5,run1_rep2,E,OPEN,OPEN,request,CACHE,HIT,0.02954199953819625,0.5602090004686033,INFO,adaptador.request,false,degradado,0.4716670009656809,9761.609787704,9761.610318371,9761.609758162,9761.610259371,CIRCUIT_OPEN,2026-09-05T00:11:04.810792Z
b5c74f0c-9211-4521-825b-3ac20da7dbc4,run1_rep2,E,OPEN,OPEN,request,CACHE,HIT,0.03670799924293533,0.5463329998747213,INFO,adaptador.request,false,degradado,0.43229199945926666,9761.627671704,9761.628181329,9761.627634996,9761.628103996,CIRCUIT_OPEN,2026-09-05T00:11:04.828676Z
7d707b1d-cf84-4320-a81b-c282d9ca31de,run1_rep2,E,OPEN,OPEN,request,CACHE,HIT,0.02300000051036477,0.4342499996710103,INFO,adaptador.request,false,degradado,0.353749999703723,9761.631633871,9761.632045121,9761.631610871,9761.631987621,CIRCUIT_OPEN,2026-09-05T00:11:04.832481Z
7ad5d414-503c-4b70-b2b6-bcb23f174559,run1_rep2,E,OPEN,OPEN,request,CACHE,HIT,0.033041000278899446,1.060832999428385,INFO,adaptador.request,false,degradado,0.9552920000714948,9761.699164787,9761.700192579,9761.699131746,9761.700120079,CIRCUIT_OPEN,2026-09-05T00:11:04.900693Z
34d716b4-3cd3-453c-9daf-66f768df943a,run1_rep2,E,OPEN,OPEN,request,CACHE,HIT,0.023167000108514912,1.162958000350045,INFO,adaptador.request,false,degradado,1.089332999981707,9761.699988871,9761.701128662,9761.699965704,9761.701078204,CIRCUIT_OPEN,2026-09-05T00:11:04.901598Z
c6ebb81c-bcfb-45ad-998e-abcb38285085,run1_rep2,E,OPEN,OPEN,request,CACHE,HIT,0.015166000594035722,0.7887500014476245,INFO,adaptador.request,false,degradado,0.7228750000649597,9761.700991787,9761.701765371,9761.700976621,9761.701714662,CIRCUIT_OPEN,2026-09-05T00:11:04.902446Z
9cb8c6d9-fd75-456e-94ec-4156e5f41a29,run1_rep2,E,OPEN,OPEN,request,CACHE,HIT,0.047790999815333635,1.0466660005477024,INFO,adaptador.request,false,degradado,0.8989590005512582,9761.787047454,9761.788046329,9761.786999663,9761.787946413,CIRCUIT_OPEN,2026-09-05T00:11:04.988804Z
0311e60a-6729-4ba6-b643-b0f2182d11d8,run1_rep2,E,OPEN,OPEN,request,CACHE,HIT,0.01620799957890995,0.8752909998293035,INFO,adaptador.request,false,degradado,0.8189170002879109,9761.787459871,9761.788318954,9761.787443663,9761.788278788,CIRCUIT_OPEN,2026-09-05T00:11:04.989102Z
13800341-3eac-41b9-90fd-2abff0ec1aa8,run1_rep2,E,CLOSED,OPEN,request,PROVIDER,N/A,,110.46754200106079,INFO,adaptador.request,false,exitoso,,,9761.916568663,9761.806101121,,,2026-09-05T00:11:05.117128Z
b8817c25-16a2-4f95-99a5-0797c2faf2f6,run1_rep2,E,CLOSED,CLOSED,request,PROVIDER,N/A,,83.52258299964888,INFO,adaptador.request,true,exitoso,,,9762.004084496,9761.920561913,,,2026-09-05T00:11:05.204542Z
347f314c-425b-4cb4-a69e-eae1c8f30ee9,run1_rep2,E,CLOSED,CLOSED,request,PROVIDER,N/A,,186.48804200165614,INFO,adaptador.request,true,exitoso,,,9762.108211496,9761.921723454,,,2026-09-05T00:11:05.308674Z
bacddd3f-61d6-4f42-8cb6-3b5f4d0e1c88,run1_rep2,E,CLOSED,CLOSED,request,PROVIDER,N/A,,210.9750420004275,INFO,adaptador.request,true,exitoso,,,9762.175767496,9761.964792454,,,2026-09-05T00:11:05.376237Z
5087b84b-c7c8-49f4-b271-117a6ceca5da,run1_rep2,E,CLOSED,CLOSED,request,PROVIDER,N/A,,266.14183299898286,INFO,adaptador.request,true,exitoso,,,9762.268901996,9762.002760163,,,2026-09-05T00:11:05.469509Z
1b165c56-4bab-4d76-a2b8-490b84e37972,run1_rep2,E,CLOSED,CLOSED,request,PROVIDER,N/A,,347.54633299962734,INFO,adaptador.request,true,exitoso,,,9762.351031829,9762.003485496,,,2026-09-05T00:11:05.551567Z
2ca23d94-a094-43a6-8360-50154c182381,run1_rep2,E,CLOSED,CLOSED,request,PROVIDER,N/A,,388.2914999994682,INFO,adaptador.request,true,exitoso,,,9762.429587413,9762.041295913,,,2026-09-05T00:11:05.630124Z
9533ba30-9cbc-4948-99d0-70c1a147152c,run1_rep2,E,CLOSED,CLOSED,request,PROVIDER,N/A,,453.35166699987894,INFO,adaptador.request,true,exitoso,,,9762.49486783,9762.041516163,,,2026-09-05T00:11:05.695393Z
24984693-7774-45b1-9114-6e9513212561,run1_rep2,E,CLOSED,CLOSED,request,PROVIDER,N/A,,501.3967919985589,INFO,adaptador.request,true,exitoso,,,9762.56517633,9762.063779538,,,2026-09-05T00:11:05.765720Z
5ccf9b7a-553e-4164-90ef-d37f21c6c9a7,run1_rep2,E,CLOSED,CLOSED,request,PROVIDER,N/A,,550.960832999408,INFO,adaptador.request,true,exitoso,,,9762.633117246,9762.082156413,,,2026-09-05T00:11:05.833643Z
8e7855a2-e103-4436-884a-e4460a85ae60,run1_rep2,E,CLOSED,CLOSED,request,PROVIDER,N/A,,594.0007089993742,INFO,adaptador.request,true,exitoso,,,9762.73955133,9762.145550621,,,2026-09-05T00:11:05.940084Z
9f38d1c1-7ce1-45d7-b9de-e35e73fc8a59,run1_rep2,E,CLOSED,CLOSED,request,PROVIDER,N/A,,538.1267920001847,INFO,adaptador.request,true,exitoso,,,9762.810433163,9762.272306371,,,2026-09-05T00:11:06.010934Z
6be78e25-762e-44ee-b9eb-27f2f3950889,run1_rep2,E,CLOSED,CLOSED,request,PROVIDER,N/A,,425.01516600168543,INFO,adaptador.request,true,exitoso,,,9762.914089121,9762.489073955,,,2026-09-05T00:11:06.114674Z
9a1ad128-4982-4e54-8b8e-0eecd5861e6f,run1_rep2,E,CLOSED,CLOSED,request,PROVIDER,N/A,,477.1049999999377,INFO,adaptador.request,true,exitoso,,,9762.975818371,9762.498713371,,,2026-09-05T00:11:06.176372Z
56fce369-77e9-4981-abcd-8a4590da7aa5,run1_rep2,E,CLOSED,CLOSED,request,PROVIDER,N/A,,487.07158300021547,INFO,adaptador.request,true,exitoso,,,9763.079487788,9762.592416205,,,2026-09-05T00:11:06.280004Z
88231da4-785e-496a-bbcb-8ae8f9e78814,run1_rep2,E,CLOSED,CLOSED,request,PROVIDER,N/A,,512.1102089997294,INFO,adaptador.request,true,exitoso,,,9763.172784122,9762.660673913,,,2026-09-05T00:11:06.373313Z
ed507881-5629-43ad-a3ac-973cc91c6f5f,run1_rep2,E,CLOSED,CLOSED,request,PROVIDER,N/A,,460.87987499959127,INFO,adaptador.request,true,exitoso,,,9763.239806288,9762.778926413,,,2026-09-05T00:11:06.440332Z
661f2dee-930b-4c31-86cd-2f66c1eeb643,run1_rep2,E,CLOSED,CLOSED,request,PROVIDER,N/A,,548.9398340014304,INFO,adaptador.request,true,exitoso,,,9763.32830158,9762.779361746,,,2026-09-05T00:11:06.528786Z
b3f09408-487a-402d-b925-7621f57c5a6f,run1_rep2,E,CLOSED,CLOSED,request,PROVIDER,N/A,,599.2261670016887,INFO,adaptador.request,true,exitoso,,,9763.409429163,9762.810202996,,,2026-09-05T00:11:06.610235Z
055b7be8-6c8b-4951-9e73-bbc7bbd495b4,run1_rep2,E,CLOSED,CLOSED,request,PROVIDER,N/A,,574.8098330004723,INFO,adaptador.request,true,exitoso,,,9763.500790788,9762.925980955,,,2026-09-05T00:11:06.701306Z
829824c0-cdda-4309-b3dd-98c809dc04f9,run1_rep2,E,CLOSED,CLOSED,request,PROVIDER,N/A,,631.1422919989127,INFO,adaptador.request,true,exitoso,,,9763.584210247,9762.953067955,,,2026-09-05T00:11:06.784719Z
7e3d6b54-3fe8-4960-bbbb-a868caaed3d4,run1_rep2,E,CLOSED,CLOSED,request,PROVIDER,N/A,,358.43095800009905,INFO,adaptador.request,true,exitoso,,,9763.679304288,9763.32087333,,,2026-09-05T00:11:06.879855Z
6beedaa8-978a-4311-aacd-fcc1fb5c69ad,run1_rep2,E,CLOSED,CLOSED,request,PROVIDER,N/A,,417.4922919992241,INFO,adaptador.request,true,exitoso,,,9763.738760372,9763.32126808,,,2026-09-05T00:11:06.939299Z
476d3a58-6a99-4ca6-8c26-cfc1b08e8a21,run1_rep2,E,CLOSED,CLOSED,request,PROVIDER,N/A,,516.9584169998416,INFO,adaptador.request,true,exitoso,,,9763.839162455,9763.322204038,,,2026-09-05T00:11:07.039688Z
192c8162-1db4-4f70-874d-48ab4cba1d8f,run1_rep2,E,CLOSED,CLOSED,request,PROVIDER,N/A,,509.4238759993459,INFO,adaptador.request,true,exitoso,,,9763.904594414,9763.395170538,,,2026-09-05T00:11:07.105179Z
bc095d1d-d751-4555-ad0a-e3c6e10f6c11,run1_rep2,E,CLOSED,CLOSED,request,PROVIDER,N/A,,613.4684169992397,INFO,adaptador.request,true,exitoso,,,9764.009048539,9763.395580122,,,2026-09-05T00:11:07.209581Z
9cc9d21a-66b1-4d00-bddc-37a8283ca0df,run1_rep2,E,CLOSED,CLOSED,request,PROVIDER,N/A,,505.67933399906906,INFO,adaptador.request,true,exitoso,,,9764.096944914,9763.59126558,,,2026-09-05T00:11:07.297495Z
ccfbb437-60f5-4981-a925-802a0af9290d,run1_rep2,E,CLOSED,CLOSED,request,PROVIDER,N/A,,568.6882919999334,INFO,adaptador.request,true,exitoso,,,9764.162073247,9763.593384955,,,2026-09-05T00:11:07.362586Z
1849db17-03f9-4b46-97da-1b408d17d68b,run1_rep2,E,CLOSED,CLOSED,request,PROVIDER,N/A,,556.8327920009324,INFO,adaptador.request,true,exitoso,,,9764.226052747,9763.669219955,,,2026-09-05T00:11:07.426576Z
dcdb8c34-98be-4855-b7eb-67ced4ab5a56,run1_rep2,E,CLOSED,CLOSED,request,PROVIDER,N/A,,507.09666700095113,INFO,adaptador.request,true,exitoso,,,9764.31602958,9763.808932913,,,2026-09-05T00:11:07.516565Z
cb0fb67d-8b73-4cfd-85b9-f95bbd370f8f,run1_rep2,E,CLOSED,CLOSED,request,PROVIDER,N/A,,569.699749999927,INFO,adaptador.request,true,exitoso,,,9764.379155497,9763.809455747,,,2026-09-05T00:11:07.579732Z
abbe1694-cf9e-49da-b7cb-a3842ffcfdea,run1_rep2,E,CLOSED,CLOSED,request,PROVIDER,N/A,,652.3959169990121,INFO,adaptador.request,true,exitoso,,,9764.462332705,9763.809936788,,,2026-09-05T00:11:07.662859Z
8359d5ba-11fd-4937-a956-a2170f2abacb,run1_rep2,E,CLOSED,CLOSED,request,PROVIDER,N/A,,461.6116670003976,INFO,adaptador.request,true,exitoso,,,9764.570886914,9764.109275247,,,2026-09-05T00:11:07.771434Z
201f7f59-3302-482d-bcc1-22d52b5b7475,run1_rep2,E,CLOSED,CLOSED,request,PROVIDER,N/A,,477.59837600096944,INFO,adaptador.request,true,exitoso,,,9764.656707706,9764.17910933,,,2026-09-05T00:11:07.857247Z
5b8283ef-f094-445d-9b61-6efcf3def27c,run1_rep2,E,CLOSED,CLOSED,request,PROVIDER,N/A,,427.1989589997247,INFO,adaptador.request,true,exitoso,,,9764.726883831,9764.299684872,,,2026-09-05T00:11:07.927539Z
34cd15a1-c201-4ae0-a22b-86eb3fbc4fd6,run1_rep2,E,CLOSED,CLOSED,request,PROVIDER,N/A,,444.3041260001337,INFO,adaptador.request,true,exitoso,,,9764.789639706,9764.34533558,,,2026-09-05T00:11:07.990190Z
d97c4d39-1c3c-467c-95a3-5fcd8cc96378,run1_rep2,E,CLOSED,CLOSED,request,PROVIDER,N/A,,350.1756669993483,INFO,adaptador.request,true,exitoso,,,9764.856095664,9764.505919997,,,2026-09-05T00:11:08.056616Z
41f9947e-048f-490f-ae50-fbd7368af0fd,run1_rep2,E,CLOSED,CLOSED,request,PROVIDER,N/A,,383.7737920002837,INFO,adaptador.request,true,exitoso,,,9764.929886206,9764.546112414,,,2026-09-05T00:11:08.130431Z
27967116-3d32-4649-ba50-c0bacc8c24b4,run1_rep2,E,CLOSED,CLOSED,request,PROVIDER,N/A,,402.1990410001308,INFO,adaptador.request,true,exitoso,,,9764.989713997,9764.587514956,,,2026-09-05T00:11:08.190228Z
b3ccc888-0611-4626-a115-72563f52233e,run1_rep2,E,CLOSED,CLOSED,request,PROVIDER,N/A,,408.75245800089033,INFO,adaptador.request,true,exitoso,,,9765.071924039,9764.663171581,,,2026-09-05T00:11:08.272453Z
9628490d-d6c8-4128-a159-a31627844f53,run1_rep2,E,CLOSED,CLOSED,request,PROVIDER,N/A,,412.6991659995838,INFO,adaptador.request,true,exitoso,,,9765.143111747,9764.730412581,,,2026-09-05T00:11:08.343626Z
e6d8e577-59e2-4d40-8bf1-1f9d6ba9e833,run1_rep2,E,CLOSED,CLOSED,request,PROVIDER,N/A,,460.46758299962676,INFO,adaptador.request,true,exitoso,,,9765.221901414,9764.761433831,,,2026-09-05T00:11:08.422451Z
bf860947-2896-4ecf-976a-60b37d46eddf,run1_rep2,E,CLOSED,CLOSED,request,PROVIDER,N/A,,430.911458999617,INFO,adaptador.request,true,exitoso,,,9765.297619873,9764.866708414,,,2026-09-05T00:11:08.498153Z
ae5f8bc5-f196-485f-b1f6-754b8b89e924,run1_rep2,E,CLOSED,CLOSED,request,PROVIDER,N/A,,519.7096669999155,INFO,adaptador.request,true,exitoso,,,9765.401551289,9764.881841622,,,2026-09-05T00:11:08.602055Z
62c4e057-d615-4bdd-9382-8a13fc253b44,run1_rep2,E,CLOSED,CLOSED,request,PROVIDER,N/A,,516.5009590000409,INFO,adaptador.request,true,exitoso,,,9765.486674123,9764.970173164,,,2026-09-05T00:11:08.687244Z
ea0642b7-9273-4700-9883-7129748756cc,run1_rep2,E,CLOSED,CLOSED,request,PROVIDER,N/A,,522.1434169998247,INFO,adaptador.request,true,exitoso,,,9765.545634456,9765.023491039,,,2026-09-05T00:11:08.746134Z
41463a9b-d289-46d3-a5e8-c002392cf5ae,run1_rep2,E,CLOSED,CLOSED,request,PROVIDER,N/A,,522.8347920001397,INFO,adaptador.request,true,exitoso,,,9765.610442581,9765.087607789,,,2026-09-05T00:11:08.810985Z
5672e476-792b-418f-9908-bd317721e8c1,run1_rep2,E,CLOSED,CLOSED,request,PROVIDER,N/A,,523.8473340014025,INFO,adaptador.request,true,exitoso,,,9765.716270581,9765.192423247,,,2026-09-05T00:11:08.916768Z
f90b2944-b7a8-446c-afc8-d7a0f49c6e56,run1_rep2,E,CLOSED,CLOSED,request,PROVIDER,N/A,,531.744832998811,INFO,adaptador.request,true,exitoso,,,9765.791848414,9765.260103581,,,2026-09-05T00:11:08.992376Z
df26fbfb-c233-4fa0-ac35-30cd82b3e67b,run1_rep2,E,CLOSED,CLOSED,request,PROVIDER,N/A,,575.2044590008154,INFO,adaptador.request,true,exitoso,,,9765.881456748,9765.306252289,,,2026-09-05T00:11:09.081957Z
cdceb962-12a1-40f7-a2b2-2786e43b5680,run1_rep2,E,CLOSED,CLOSED,request,PROVIDER,N/A,,480.4293749984936,INFO,adaptador.request,true,exitoso,,,9765.949083581,9765.468654206,,,2026-09-05T00:11:09.149609Z
06c1fa70-c2a4-4b9d-a9f9-b7b4eed99f6d,run1_rep2,E,CLOSED,CLOSED,request,PROVIDER,N/A,,509.68250099867873,INFO,adaptador.request,true,exitoso,,,9766.042825915,9765.533143414,,,2026-09-05T00:11:09.243343Z
4ce05d5e-cdb6-475c-81a7-7b751acf9ef7,run1_rep2,E,CLOSED,CLOSED,request,PROVIDER,N/A,,549.2871250007738,INFO,adaptador.request,true,exitoso,,,9766.130114498,9765.580827373,,,2026-09-05T00:11:09.330621Z
ff4ce63f-8ec1-4cfe-be67-bc0e344e9420,run1_rep2,E,CLOSED,CLOSED,request,PROVIDER,N/A,,599.1056259990728,INFO,adaptador.request,true,exitoso,,,9766.221224915,9765.622119289,,,2026-09-05T00:11:09.421737Z
0c0ca033-83d2-43fa-8695-1ebabfb86705,run1_rep2,E,CLOSED,CLOSED,request,PROVIDER,N/A,,623.0306260003999,INFO,adaptador.request,true,exitoso,,,9766.30806979,9765.685039164,,,2026-09-05T00:11:09.508595Z
6f6a7b66-f8ae-48e1-8d37-8c40b90d6f92,run1_rep2,E,CLOSED,CLOSED,request,PROVIDER,N/A,,617.198833000657,INFO,adaptador.request,true,exitoso,,,9766.396067956,9765.778869123,,,2026-09-05T00:11:09.596596Z
929cb866-4a4f-422c-abe2-3916a52a7fe7,run1_rep2,E,CLOSED,CLOSED,request,PROVIDER,N/A,,647.8372089986806,INFO,adaptador.request,true,exitoso,,,9766.499895623,9765.852058414,,,2026-09-05T00:11:09.700438Z
b8124731-2324-48ac-a7a3-49ceab2dc1ef,run1_rep2,E,CLOSED,CLOSED,request,PROVIDER,N/A,,686.7727080007171,INFO,adaptador.request,true,exitoso,,,9766.566295081,9765.879522373,,,2026-09-05T00:11:09.766847Z
86e3ad6c-3652-48eb-9d37-7a94b33c7044,run1_rep2,E,CLOSED,CLOSED,request,PROVIDER,N/A,,648.5825419986213,INFO,adaptador.request,true,exitoso,,,9766.619791623,9765.971209081,,,2026-09-05T00:11:09.820326Z
0d5fc1f9-190b-4bad-98c3-e5a879ecd4ec,run1_rep2,E,CLOSED,CLOSED,request,PROVIDER,N/A,,608.480791999682,INFO,adaptador.request,true,exitoso,,,9766.724269582,9766.11578879,,,2026-09-05T00:11:09.924771Z
a0f9060f-aa8e-4418-89ab-621f75843283,run1_rep2,E,CLOSED,CLOSED,request,PROVIDER,N/A,,540.8164170003147,INFO,adaptador.request,true,exitoso,,,9766.810275415,9766.269458998,,,2026-09-05T00:11:10.010785Z
2558df55-0f45-4113-86ae-0dde648fdcc5,run1_rep2,E,CLOSED,CLOSED,request,PROVIDER,N/A,,503.87504199898103,INFO,adaptador.request,true,exitoso,,,9766.867271332,9766.36339629,,,2026-09-05T00:11:10.067782Z
76aab22c-9425-4ed4-a106-b46548902780,run1_rep2,E,CLOSED,CLOSED,request,PROVIDER,N/A,,565.0649999988673,INFO,adaptador.request,true,exitoso,,,9766.945691915,9766.380626915,,,2026-09-05T00:11:10.146212Z
7f5b0010-c307-494a-843d-5db79268b74b,run1_rep2,E,CLOSED,CLOSED,request,PROVIDER,N/A,,414.5053749998624,INFO,adaptador.request,true,exitoso,,,9767.021149915,9766.60664454,,,2026-09-05T00:11:10.221671Z
4d346de3-5e67-479d-b211-ec2a4ab75240,run1_rep2,E,CLOSED,CLOSED,request,PROVIDER,N/A,,377.0477910002228,INFO,adaptador.request,true,exitoso,,,9767.081095373,9766.704047582,,,2026-09-05T00:11:10.281669Z
01de0574-60d4-4b2f-a676-4f851b00d4c9,run1_rep2,E,CLOSED,CLOSED,request,PROVIDER,N/A,,431.75179199897684,INFO,adaptador.request,true,exitoso,,,9767.173423957,9766.741672165,,,2026-09-05T00:11:10.373985Z
96566f9b-67ca-44d3-b28e-e18b199140d1,run1_rep2,E,CLOSED,CLOSED,request,PROVIDER,N/A,,510.72437499897205,INFO,adaptador.request,true,exitoso,,,9767.255405707,9766.744681332,,,2026-09-05T00:11:10.455943Z
a848742c-1bfa-47a3-a532-0d35ab63c21b,run1_rep2,E,CLOSED,CLOSED,request,PROVIDER,N/A,,452.9236660000606,INFO,adaptador.request,true,exitoso,,,9767.314354373,9766.861430707,,,2026-09-05T00:11:10.514882Z
ae5381b2-b2c6-4944-9fa0-a90675cf1861,run1_rep2,E,CLOSED,CLOSED,request,PROVIDER,N/A,,537.3777509994397,INFO,adaptador.request,true,exitoso,,,9767.409730124,9766.872352373,,,2026-09-05T00:11:10.610259Z
574c1f9a-09a4-4121-81ee-f08993877c51,run1_rep2,E,CLOSED,CLOSED,request,PROVIDER,N/A,,400.81583299979684,INFO,adaptador.request,true,exitoso,,,9767.503723165,9767.102907332,,,2026-09-05T00:11:10.704235Z
9037d6dc-ff75-444a-b776-710ab39dc7db,run1_rep2,E,CLOSED,CLOSED,request,PROVIDER,N/A,,427.9742090002401,INFO,adaptador.request,true,exitoso,,,9767.563380624,9767.135406415,,,2026-09-05T00:11:10.763866Z
567d7706-5664-4f7a-808d-f0ad843cfb26,run1_rep2,E,CLOSED,CLOSED,request,PROVIDER,N/A,,495.02483399919583,INFO,adaptador.request,true,exitoso,,,9767.642733457,9767.147708623,,,2026-09-05T00:11:10.843288Z
d0308408-735c-44ba-ac1c-8eba4977d02b,run1_rep2,E,CLOSED,CLOSED,request,PROVIDER,N/A,,452.39158299955307,INFO,adaptador.request,true,exitoso,,,9767.70994904,9767.257557457,,,2026-09-05T00:11:10.910574Z
3d1667f5-f4ed-4a2b-a1be-cdfb63f44842,run1_rep2,E,CLOSED,CLOSED,request,PROVIDER,N/A,,526.242583999192,INFO,adaptador.request,true,exitoso,,,9767.800417207,9767.274174623,,,2026-09-05T00:11:11.000922Z
038f829f-ce74-4623-b2e4-3b02714de20e,run1_rep2,E,CLOSED,CLOSED,request,PROVIDER,N/A,,555.2096259998507,INFO,adaptador.request,true,exitoso,,,9767.857969999,9767.302760373,,,2026-09-05T00:11:11.058520Z
21255b8e-b732-412b-8a1d-d9344d5f672a,run1_rep2,E,CLOSED,CLOSED,request,PROVIDER,N/A,,498.81174999973155,INFO,adaptador.request,true,exitoso,,,9767.956481457,9767.457669707,,,2026-09-05T00:11:11.157073Z
81a74ea0-0820-4f86-95b4-78c24026efb0,run1_rep2,E,CLOSED,CLOSED,request,PROVIDER,N/A,,534.0556659994036,INFO,adaptador.request,true,exitoso,,,9768.05254454,9767.518488874,,,2026-09-05T00:11:11.253053Z
dffa5526-a859-4449-88f5-f0cb15d9f58d,run1_rep2,E,CLOSED,CLOSED,request,PROVIDER,N/A,,473.694083000737,INFO,adaptador.request,true,exitoso,,,9768.120090332,9767.646396249,,,2026-09-05T00:11:11.320578Z
c5d65ad8-ea42-44c0-ab30-a756c1a49892,run1_rep2,E,CLOSED,CLOSED,request,PROVIDER,N/A,,452.0909169987135,INFO,adaptador.request,true,exitoso,,,9768.192687624,9767.740596707,,,2026-09-05T00:11:11.393266Z
482b3125-a599-40e3-95d1-a09cbebe1d0c,run1_rep2,E,CLOSED,CLOSED,request,PROVIDER,N/A,,533.1219580002653,INFO,adaptador.request,true,exitoso,,,9768.274105707,9767.740983749,,,2026-09-05T00:11:11.474614Z
96911813-ddbc-42e3-9409-ebbf26a33278,run1_rep2,E,CLOSED,CLOSED,request,PROVIDER,N/A,,610.8691249992262,INFO,adaptador.request,true,exitoso,,,9768.353346707,9767.742477582,,,2026-09-05T00:11:11.553864Z
6d259e0c-679e-4da1-8744-2f897d8f0369,run1_rep2,E,CLOSED,CLOSED,request,PROVIDER,N/A,,467.6878749996831,INFO,adaptador.request,true,exitoso,,,9768.427273207,9767.959585332,,,2026-09-05T00:11:11.627807Z
b0c52744-a17d-4628-ba0b-8516d2f89a02,run1_rep2,E,CLOSED,CLOSED,request,PROVIDER,N/A,,495.93191700114403,INFO,adaptador.request,true,exitoso,,,9768.508884332,9768.012952415,,,2026-09-05T00:11:11.709412Z
c3ed9a22-185b-4dbd-b2ef-523d8b762b7e,run1_rep2,E,CLOSED,CLOSED,request,PROVIDER,N/A,,430.79641700023785,INFO,adaptador.request,true,exitoso,,,9768.590165999,9768.159369582,,,2026-09-05T00:11:11.790672Z
fc41b0be-8545-4c29-81b2-8aec8c2aa908,run1_rep2,E,CLOSED,CLOSED,request,PROVIDER,N/A,,421.2314159995003,INFO,adaptador.request,true,exitoso,,,9768.653313457,9768.232082041,,,2026-09-05T00:11:11.853870Z
e21ee8c3-25f7-4640-85ad-7df22879cf89,run1_rep2,E,CLOSED,CLOSED,request,PROVIDER,N/A,,453.91695799844456,INFO,adaptador.request,true,exitoso,,,9768.752810207,9768.298893249,,,2026-09-05T00:11:11.953308Z
8b613dc9-039b-4339-8770-560cece4bdec,run1_rep2,E,CLOSED,CLOSED,request,PROVIDER,N/A,,478.3944170012546,INFO,adaptador.request,true,exitoso,,,9768.831349874,9768.352955457,,,2026-09-05T00:11:12.031875Z
5e4c8fec-5136-46f1-8e6f-b8b9feb5333e,run1_rep2,E,CLOSED,CLOSED,request,PROVIDER,N/A,,490.8411670003261,INFO,adaptador.request,true,exitoso,,,9768.893280708,9768.402439541,,,2026-09-05T00:11:12.093825Z
bc71e647-0349-4460-97bd-3ae994e77588,run1_rep2,E,CLOSED,CLOSED,request,PROVIDER,N/A,,461.1325419991772,INFO,adaptador.request,true,exitoso,,,9768.952168291,9768.491035749,,,2026-09-05T00:11:12.152678Z
4f16d887-2142-45a8-be3d-aa3c8f84f5a8,run1_rep2,E,CLOSED,CLOSED,request,PROVIDER,N/A,,387.06112500040035,INFO,adaptador.request,true,exitoso,,,9769.059776124,9768.672714999,,,2026-09-05T00:11:12.260326Z
e94cf6e0-abbb-44d3-b406-2327a314475a,run1_rep2,E,CLOSED,CLOSED,request,PROVIDER,N/A,,364.50429200158396,INFO,adaptador.request,true,exitoso,,,9769.130857583,9768.766353291,,,2026-09-05T00:11:12.331360Z
76462952-16cc-41f6-b940-1d6bf0fd7b78,run1_rep2,E,CLOSED,CLOSED,request,PROVIDER,N/A,,336.8170829999144,INFO,adaptador.request,true,exitoso,,,9769.235298374,9768.898481291,,,2026-09-05T00:11:12.435856Z
ba0ada62-2c73-4696-8650-13f87a67bab3,run1_rep2,E,CLOSED,CLOSED,request,PROVIDER,N/A,,421.6030829993542,INFO,adaptador.request,true,exitoso,,,9769.320394916,9768.898791833,,,2026-09-05T00:11:12.520900Z
c26b0be7-166a-4ee7-adad-17afa48523a2,run1_rep2,E,CLOSED,CLOSED,request,PROVIDER,N/A,,488.64891700031876,INFO,adaptador.request,true,exitoso,,,9769.395379666,9768.906730749,,,2026-09-05T00:11:12.595873Z
127ff9e7-0358-49a1-af53-3fdd86655302,run1_rep2,E,CLOSED,CLOSED,request,PROVIDER,N/A,,583.0906670016702,INFO,adaptador.request,true,exitoso,,,9769.500369208,9768.917278541,,,2026-09-05T00:11:12.700852Z
c10acbd0-4d2a-4d48-94fd-d78abe14654b,run1_rep2,E,CLOSED,CLOSED,request,PROVIDER,N/A,,638.9724590007972,INFO,adaptador.request,true,exitoso,,,9769.566260083,9768.927287624,,,2026-09-05T00:11:12.766758Z
de4429f6-88a7-458c-bbf7-8c623b454f28,run1_rep2,E,CLOSED,CLOSED,request,PROVIDER,N/A,,583.0442509995919,INFO,adaptador.request,true,exitoso,,,9769.6473895,9769.064345249,,,2026-09-05T00:11:12.847885Z
f5792928-6063-4fce-a32b-491b6284a4c7,run1_rep2,E,CLOSED,CLOSED,request,PROVIDER,N/A,,586.1961250011518,INFO,adaptador.request,true,exitoso,,,9769.725679416,9769.139483291,,,2026-09-05T00:11:12.926200Z
f1aae94b-8356-4ea8-b7ca-05c065987157,run1_rep2,E,CLOSED,CLOSED,request,PROVIDER,N/A,,635.0398340000538,INFO,adaptador.request,true,exitoso,,,9769.787095208,9769.152055374,,,2026-09-05T00:11:12.987671Z
0398f059-3a7f-4838-a5c4-931714b8b93d,run1_rep2,E,CLOSED,CLOSED,request,PROVIDER,N/A,,562.6522090005892,INFO,adaptador.request,true,exitoso,,,9769.881042875,9769.318390666,,,2026-09-05T00:11:13.081574Z
56b707fc-fbcf-4705-9a47-6b9fb6c20b44,run1_rep2,E,CLOSED,CLOSED,request,PROVIDER,N/A,,381.6215840015502,INFO,adaptador.request,true,exitoso,,,9769.94428325,9769.562661666,,,2026-09-05T00:11:13.144819Z
6fa1058b-7ead-49bb-93dd-4825d1b44f89,run1_rep2,E,CLOSED,CLOSED,request,PROVIDER,N/A,,342.3342499991122,INFO,adaptador.request,true,exitoso,,,9770.004442541,9769.662108291,,,2026-09-05T00:11:13.204919Z
c98d250f-52e2-4b06-a52c-009f2b3fdc7b,run1_rep2,E,CLOSED,CLOSED,request,PROVIDER,N/A,,291.51195799931884,INFO,adaptador.request,true,exitoso,,,9770.083051458,9769.7915395,,,2026-09-05T00:11:13.283532Z
40383a3c-51f8-4d88-a35b-4cff31fc4c49,run1_rep2,E,CLOSED,CLOSED,request,PROVIDER,N/A,,334.65237600103137,INFO,adaptador.request,true,exitoso,,,9770.159423167,9769.824770791,,,2026-09-05T00:11:13.359953Z
ac07ceb1-bd62-45d5-b4cf-fe6a4c5aedad,run1_rep2,E,CLOSED,CLOSED,request,PROVIDER,N/A,,368.64108400004625,INFO,adaptador.request,true,exitoso,,,9770.236940625,9769.868299541,,,2026-09-05T00:11:13.437498Z
5e6558a5-a912-4c98-b107-d616f23411c6,run1_rep2,E,CLOSED,CLOSED,request,PROVIDER,N/A,,362.5205839998671,INFO,adaptador.request,true,exitoso,,,9770.299626917,9769.937106333,,,2026-09-05T00:11:13.500135Z
f2d73ebd-9c6a-4db8-8210-f355d27d944b,run1_rep2,E,CLOSED,CLOSED,request,PROVIDER,N/A,,327.99599999998463,INFO,adaptador.request,true,exitoso,,,9770.363926,9770.03593,,,2026-09-05T00:11:13.564476Z
ba5be4d4-1074-4a35-b321-669f5f7f8b2c,run1_rep2,E,CLOSED,CLOSED,request,PROVIDER,N/A,,397.8515420003532,INFO,adaptador.request,true,exitoso,,,9770.463589292,9770.06573775,,,2026-09-05T00:11:13.664138Z
43864993-6acf-498b-824c-f36aed58e4b4,run1_rep2,E,CLOSED,CLOSED,request,PROVIDER,N/A,,363.0700829999114,INFO,adaptador.request,true,exitoso,,,9770.5377485,9770.174678417,,,2026-09-05T00:11:13.738280Z
d4ca2e47-8f3e-45b8-a5b7-6f39346814bf,run1_rep2,E,CLOSED,CLOSED,request,PROVIDER,N/A,,358.37883400017745,INFO,adaptador.request,true,exitoso,,,9770.643944167,9770.285565333,,,2026-09-05T00:11:13.844480Z
6910b350-4a00-4f44-b4db-7601c12b561d,run1_rep2,E,CLOSED,CLOSED,request,PROVIDER,N/A,,458.26825000040117,INFO,adaptador.request,true,exitoso,,,9770.744724333,9770.286456083,,,2026-09-05T00:11:13.945248Z
89ad9744-601d-4e76-abbe-f3d49d062e5d,run1_rep2,E,CLOSED,CLOSED,request,PROVIDER,N/A,,510.34537499981525,INFO,adaptador.request,true,exitoso,,,9770.8168055,9770.306460125,,,2026-09-05T00:11:14.017325Z
4621a052-a5ce-4876-97c4-4674673bc582,run1_rep2,E,CLOSED,CLOSED,request,PROVIDER,N/A,,514.2812089998188,INFO,adaptador.request,true,exitoso,,,9770.919619167,9770.405337958,,,2026-09-05T00:11:14.120147Z
88967a4e-8aa5-4c73-a330-3332774ace2a,run1_rep2,E,CLOSED,CLOSED,request,PROVIDER,N/A,,581.4305419989978,INFO,adaptador.request,true,exitoso,,,9770.987146667,9770.405716125,,,2026-09-05T00:11:14.187652Z
86604f42-3ed4-420f-b847-3ad876be6256,run1_rep2,E,CLOSED,CLOSED,request,PROVIDER,N/A,,622.4175419993117,INFO,adaptador.request,true,exitoso,,,9771.06367575,9770.441258208,,,2026-09-05T00:11:14.264217Z
5a010c31-15fc-412c-aeb9-8e0a3aaa5f6f,run1_rep2,E,CLOSED,CLOSED,request,PROVIDER,N/A,,615.9642090005946,INFO,adaptador.request,true,exitoso,,,9771.137644834,9770.521680625,,,2026-09-05T00:11:14.338171Z
a2c935e6-1196-4f87-93ca-1ac57adef429,run1_rep2,E,CLOSED,CLOSED,request,PROVIDER,N/A,,674.4971259995509,INFO,adaptador.request,true,exitoso,,,9771.213251334,9770.538754208,,,2026-09-05T00:11:14.413786Z
04eddc91-18ab-4d78-a41d-34a68f0bc693,run1_rep2,E,CLOSED,CLOSED,request,PROVIDER,N/A,,742.2787499999686,INFO,adaptador.request,true,exitoso,,,9771.3226955,9770.58041675,,,2026-09-05T00:11:14.523219Z
6967b0ed-783e-440a-8728-3a0b6508ad52,run1_rep2,E,CLOSED,CLOSED,request,PROVIDER,N/A,,434.60049999885086,INFO,adaptador.request,true,exitoso,,,9771.382037209,9770.947436709,,,2026-09-05T00:11:14.582574Z
bc564ab4-3879-4d30-a7a0-bbe79e3964c9,run1_rep2,E,CLOSED,CLOSED,request,PROVIDER,N/A,,465.60308299922326,INFO,adaptador.request,true,exitoso,,,9771.445975042,9770.980371959,,,2026-09-05T00:11:14.646507Z
3f111ccf-4007-48a7-81ac-5f047c3f52f7,run1_rep2,E,CLOSED,CLOSED,request,PROVIDER,N/A,,463.4254580014385,INFO,adaptador.request,true,exitoso,,,9771.528357167,9771.064931709,,,2026-09-05T00:11:14.728909Z
57e7a62c-a634-4764-bde7-ffd39d88d2b3,run1_rep2,E,CLOSED,CLOSED,request,PROVIDER,N/A,,536.0057919988321,INFO,adaptador.request,true,exitoso,,,9771.612848792,9771.076843,,,2026-09-05T00:11:14.813362Z
a5ac6564-84b0-41be-a30c-3625da081b7b,run1_rep2,E,CLOSED,CLOSED,request,PROVIDER,N/A,,568.9500000007683,INFO,adaptador.request,true,exitoso,,,9771.675453459,9771.106503459,,,2026-09-05T00:11:14.875915Z
5887ea51-4b91-42c5-9f23-cc85fc812705,run1_rep2,E,CLOSED,CLOSED,request,PROVIDER,N/A,,437.56300000131887,INFO,adaptador.request,true,exitoso,,,9771.774872792,9771.337309792,,,2026-09-05T00:11:14.975420Z
b851e01d-4fc3-477d-92d4-a817f122b982,run1_rep2,E,CLOSED,CLOSED,request,PROVIDER,N/A,,524.9404170008347,INFO,adaptador.request,true,exitoso,,,9771.863870167,9771.33892975,,,2026-09-05T00:11:15.064385Z
71ecd672-f98c-49c6-8a44-ab123d23e1c4,run1_rep2,E,CLOSED,CLOSED,request,PROVIDER,N/A,,471.548667001116,INFO,adaptador.request,true,exitoso,,,9771.967417292,9771.495868625,,,2026-09-05T00:11:15.167946Z
d5c2b8e6-874c-4523-a385-ea2f09c7dd1b,run1_rep2,E,CLOSED,CLOSED,request,PROVIDER,N/A,,513.426667001113,INFO,adaptador.request,true,exitoso,,,9772.046839959,9771.533413292,,,2026-09-05T00:11:15.247333Z
043aead5-5a5a-4364-a9f4-c7bc841a8070,run1_rep2,E,CLOSED,CLOSED,request,PROVIDER,N/A,,484.17133299881243,INFO,adaptador.request,true,exitoso,,,9772.138773042,9771.654601709,,,2026-09-05T00:11:15.339247Z
4a04dc8a-6028-4385-8773-43c342309aba,run1_rep2,E,CLOSED,CLOSED,request,PROVIDER,N/A,,502.3634999997739,INFO,adaptador.request,true,exitoso,,,9772.215835709,9771.713472209,,,2026-09-05T00:11:15.416330Z
0cb00be6-32ab-45fa-9bf2-b9eab83c3d83,run1_rep2,E,CLOSED,CLOSED,request,PROVIDER,N/A,,580.4796669999632,INFO,adaptador.request,true,exitoso,,,9772.315857834,9771.735378167,,,2026-09-05T00:11:15.516412Z
d160826b-7f09-4fe6-9fa4-163acc940bd2,run1_rep2,E,CLOSED,CLOSED,request,PROVIDER,N/A,,490.29191699992225,INFO,adaptador.request,true,exitoso,,,9772.401083751,9771.910791834,,,2026-09-05T00:11:15.601623Z
0199eeb9-eeec-43bf-a544-025cb4427fea,run1_rep2,E,CLOSED,CLOSED,request,PROVIDER,N/A,,553.4419169998728,INFO,adaptador.request,true,exitoso,,,9772.494512543,9771.941070626,,,2026-09-05T00:11:15.695037Z
0f07f901-7cb6-491c-b5f4-f9c9c5ec2896,run1_rep2,E,CLOSED,CLOSED,request,PROVIDER,N/A,,565.7462090002809,INFO,adaptador.request,true,exitoso,,,9772.597964876,9772.032218667,,,2026-09-05T00:11:15.798556Z
6e6d344f-4983-4ffc-9c01-85e77d276db5,run1_rep2,E,CLOSED,CLOSED,request,PROVIDER,N/A,,628.4232500001963,INFO,adaptador.request,true,exitoso,,,9772.704991876,9772.076568626,,,2026-09-05T00:11:15.905543Z
308012ed-79b8-40fc-9c4a-e74f9df4215c,run1_rep2,E,CLOSED,CLOSED,request,PROVIDER,N/A,,492.99766599870054,INFO,adaptador.request,true,exitoso,,,9772.765073084,9772.272075418,,,2026-09-05T00:11:15.965596Z
142ef082-73c0-4333-9d4b-8117139fa20d,run1_rep2,E,CLOSED,CLOSED,request,PROVIDER,N/A,,531.2959169987153,INFO,adaptador.request,true,exitoso,,,9772.847954918,9772.316659001,,,2026-09-05T00:11:16.048479Z
eb420ad0-25ec-410e-8081-b7c8bbab70ba,run1_rep2,E,CLOSED,CLOSED,request,PROVIDER,N/A,,611.4095830016595,INFO,adaptador.request,true,exitoso,,,9772.945704584,9772.334295001,,,2026-09-05T00:11:16.146234Z
02658e40-8d95-4323-98a6-7a6bf17a49bf,run1_rep2,E,CLOSED,CLOSED,request,PROVIDER,N/A,,524.3068749987287,INFO,adaptador.request,true,exitoso,,,9773.030528168,9772.506221293,,,2026-09-05T00:11:16.231076Z
de0a44f6-02af-43bb-9152-a459eb20d02a,run1_rep2,E,CLOSED,CLOSED,request,PROVIDER,N/A,,569.0388759994676,INFO,adaptador.request,true,exitoso,,,9773.113491335,9772.544452459,,,2026-09-05T00:11:16.314013Z
6c8cb827-a310-4fe8-9630-611dbb59278d,run1_rep2,E,CLOSED,CLOSED,request,PROVIDER,N/A,,483.9692499990633,INFO,adaptador.request,true,exitoso,,,9773.188763376,9772.704794126,,,2026-09-05T00:11:16.389302Z
221f8e11-d1f5-428a-a1be-12bb93c43e15,run1_rep2,E,CLOSED,CLOSED,request,PROVIDER,N/A,,452.71504199990886,INFO,adaptador.request,true,exitoso,,,9773.263950168,9772.811235126,,,2026-09-05T00:11:16.464468Z
8f7f05a3-bdc6-4190-9b75-ac8db792a50d,run1_rep2,E,CLOSED,CLOSED,request,PROVIDER,N/A,,512.1565000008559,INFO,adaptador.request,true,exitoso,,,9773.351872626,9772.839716126,,,2026-09-05T00:11:16.552461Z
4f5aefea-a8cc-4481-976f-f12315c48e5f,run1_rep2,E,CLOSED,CLOSED,request,PROVIDER,N/A,,432.3706659997697,INFO,adaptador.request,true,exitoso,,,9773.427779876,9772.99540921,,,2026-09-05T00:11:16.628290Z
81245512-48e1-4ffd-b64c-872277ac3f2f,run1_rep2,E,CLOSED,CLOSED,request,PROVIDER,N/A,,480.2837080005702,INFO,adaptador.request,true,exitoso,,,9773.525716126,9773.045432418,,,2026-09-05T00:11:16.726243Z
53b69293-3bc1-48f0-9354-bc56840ec033,run1_rep2,E,CLOSED,CLOSED,request,PROVIDER,N/A,,391.6273329996329,INFO,adaptador.request,true,exitoso,,,9773.616851293,9773.22522396,,,2026-09-05T00:11:16.817392Z
a5543b1c-3263-4305-b7c3-f0087c5673c3,run1_rep2,E,CLOSED,CLOSED,request,PROVIDER,N/A,,424.12958400018397,INFO,adaptador.request,true,exitoso,,,9773.687934252,9773.263804668,,,2026-09-05T00:11:16.888480Z
143aa5ff-c4a9-4843-9925-0be13eacc92f,run1_rep2,E,CLOSED,CLOSED,request,PROVIDER,N/A,,477.2788339996623,INFO,adaptador.request,true,exitoso,,,9773.74793371,9773.270654876,,,2026-09-05T00:11:16.948469Z
6eee28ed-c67f-480b-a0b0-75a2bd2d8d1f,run1_rep2,E,CLOSED,CLOSED,request,PROVIDER,N/A,,521.9907919999969,INFO,adaptador.request,true,exitoso,,,9773.815280752,9773.29328996,,,2026-09-05T00:11:17.015790Z
ceac8382-db7f-4f4c-933f-47d25ddd1d74,run1_rep2,E,CLOSED,CLOSED,request,PROVIDER,N/A,,604.081583000152,INFO,adaptador.request,true,exitoso,,,9773.899479168,9773.295397585,,,2026-09-05T00:11:17.099990Z
4e881115-c0ae-40ff-897c-d03257e6e18e,run1_rep2,E,CLOSED,CLOSED,request,PROVIDER,N/A,,653.3723339998687,INFO,adaptador.request,true,exitoso,,,9773.97112096,9773.317748626,,,2026-09-05T00:11:17.171663Z
e28496b7-39e8-4e35-8a92-950fce57877a,run1_rep2,E,CLOSED,CLOSED,request,PROVIDER,N/A,,454.4727499996952,INFO,adaptador.request,true,exitoso,,,9774.076126585,9773.621653835,,,2026-09-05T00:11:17.276650Z
b9e62178-3964-4224-85bb-ccf1da020249,run1_rep2,E,CLOSED,CLOSED,request,PROVIDER,N/A,,394.1301670001849,INFO,adaptador.request,true,exitoso,,,9774.148494752,9773.754364585,,,2026-09-05T00:11:17.349003Z
e268c9f8-92ba-4506-83c3-e184ec634ebc,run1_rep2,E,CLOSED,CLOSED,request,PROVIDER,N/A,,410.08945900102844,INFO,adaptador.request,true,exitoso,,,9774.212849002,9773.802759543,,,2026-09-05T00:11:17.413429Z
71f3f5a2-1e07-4921-89a7-fd67df29269d,run1_rep2,E,CLOSED,CLOSED,request,PROVIDER,N/A,,401.7674580009043,INFO,adaptador.request,true,exitoso,,,9774.284180168,9773.88241271,,,2026-09-05T00:11:17.484705Z
e8526257-459d-411e-a627-168739572d1d,run1_rep2,E,CLOSED,CLOSED,request,PROVIDER,N/A,,364.1172090010514,INFO,adaptador.request,true,exitoso,,,9774.369230669,9774.00511346,,,2026-09-05T00:11:17.569795Z
c5e68324-c48a-4781-9597-719cb3898b35,run1_rep2,E,CLOSED,CLOSED,request,PROVIDER,N/A,,296.74529200019606,INFO,adaptador.request,true,exitoso,,,9774.44458821,9774.147842918,,,2026-09-05T00:11:17.645099Z
8ec733be-c049-4a14-8f75-154458b7e435,run1_rep2,E,CLOSED,CLOSED,request,PROVIDER,N/A,,319.6891259995027,INFO,adaptador.request,true,exitoso,,,9774.501478544,9774.181789418,,,2026-09-05T00:11:17.702015Z
9c1e53a3-1257-4ddc-a9b5-603a43963ca9,run1_rep2,E,CLOSED,CLOSED,request,PROVIDER,N/A,,381.11516699973436,INFO,adaptador.request,true,exitoso,,,9774.574099419,9774.192984252,,,2026-09-05T00:11:17.774635Z
ba24d482-c413-4f74-adce-d56facd4f536,run1_rep2,E,CLOSED,CLOSED,request,PROVIDER,N/A,,443.2121249992633,INFO,adaptador.request,true,exitoso,,,9774.659876835,9774.21666471,,,2026-09-05T00:11:17.860473Z
a0e7e5fa-5886-4736-b1ed-aaa3937949cc,run1_rep2,E,CLOSED,CLOSED,request,PROVIDER,N/A,,456.2694169999304,INFO,adaptador.request,true,exitoso,,,9774.736049544,9774.279780127,,,2026-09-05T00:11:17.936584Z
7fc14a03-b9ba-4d5a-af9d-438cfe03cd77,run1_rep2,E,CLOSED,CLOSED,request,PROVIDER,N/A,,432.3819999990519,INFO,adaptador.request,true,exitoso,,,9774.83015446,9774.39777246,,,2026-09-05T00:11:18.030684Z
cf32b274-1772-4ec0-825b-7e87fe2d70ad,run1_rep2,E,CLOSED,CLOSED,request,PROVIDER,N/A,,530.4794999992737,INFO,adaptador.request,true,exitoso,,,9774.928683294,9774.398203794,,,2026-09-05T00:11:18.129183Z
5534c923-275d-4c4e-9628-a35e7a705496,run1_rep2,E,CLOSED,CLOSED,request,PROVIDER,N/A,,517.4342499994964,INFO,adaptador.request,true,exitoso,,,9775.013203085,9774.495768835,,,2026-09-05T00:11:18.213724Z
a90b2ac3-099a-42ea-8fd3-ec20d7a7d37c,run1_rep2,E,CLOSED,CLOSED,request,PROVIDER,N/A,,534.1813340000954,INFO,adaptador.request,true,exitoso,,,9775.079064836,9774.544883502,,,2026-09-05T00:11:18.279641Z
42b19b6a-410e-434e-8b94-d962484d992e,run1_rep2,E,CLOSED,CLOSED,request,PROVIDER,N/A,,426.59049999929266,INFO,adaptador.request,true,exitoso,,,9775.169327377,9774.742736877,,,2026-09-05T00:11:18.369870Z
0e623449-8119-450b-9987-b5921aad7d02,run1_rep2,E,CLOSED,CLOSED,request,PROVIDER,N/A,,428.8643339987175,INFO,adaptador.request,true,exitoso,,,9775.236971919,9774.808107585,,,2026-09-05T00:11:18.437501Z
361405e3-5c4d-4f30-8be5-a12bad6fe072,run1_rep2,E,CLOSED,CLOSED,request,PROVIDER,N/A,,515.9117510011129,INFO,adaptador.request,true,exitoso,,,9775.324422461,9774.80851071,,,2026-09-05T00:11:18.524962Z
6ed0c4d2-f562-4e6f-8521-84b62f5ab992,run1_rep2,E,CLOSED,CLOSED,request,PROVIDER,N/A,,604.628834000323,INFO,adaptador.request,true,exitoso,,,9775.424944336,9774.820315502,,,2026-09-05T00:11:18.625503Z
c8d9b076-9318-40bd-bb9d-ce572b34b7f4,run1_rep2,E,CLOSED,CLOSED,request,PROVIDER,N/A,,663.3502920012688,INFO,adaptador.request,true,exitoso,,,9775.528733544,9774.865383252,,,2026-09-05T00:11:18.729237Z
c0aa5418-0d4c-48b2-b61e-0fbbe2108509,run1_rep2,E,CLOSED,CLOSED,request,PROVIDER,N/A,,648.6267090003821,INFO,adaptador.request,true,exitoso,,,9775.606833669,9774.95820696,,,2026-09-05T00:11:18.807440Z
da1a3796-0279-437b-bd22-a449095c9013,run1_rep2,E,CLOSED,CLOSED,request,PROVIDER,N/A,,502.6660420007829,INFO,adaptador.request,true,exitoso,,,9775.692919794,9775.190253752,,,2026-09-05T00:11:18.893461Z
666f669f-30f4-4844-ba8c-9d4bb2ee96e8,run1_rep2,E,CLOSED,CLOSED,request,PROVIDER,N/A,,435.9443760004069,INFO,adaptador.request,true,exitoso,,,9775.787336253,9775.351391877,,,2026-09-05T00:11:18.987795Z
205a3455-eca1-4695-949c-f073a19a990b,run1_rep2,E,CLOSED,CLOSED,request,PROVIDER,N/A,,486.4192090008146,INFO,adaptador.request,true,exitoso,,,9775.861588628,9775.375169419,,,2026-09-05T00:11:19.062105Z
f38541d7-1312-42ba-8307-e18b4bf5c71a,run1_rep2,E,CLOSED,CLOSED,request,PROVIDER,N/A,,450.2971250003611,INFO,adaptador.request,true,exitoso,,,9775.924557836,9775.474260711,,,2026-09-05T00:11:19.125079Z
a57fd99f-f8ef-4237-8ecd-7d155cac4965,run1_rep2,E,CLOSED,CLOSED,request,PROVIDER,N/A,,453.98745900092763,INFO,adaptador.request,true,exitoso,,,9776.025590211,9775.571602752,,,2026-09-05T00:11:19.226091Z
5cf97540-794b-4f9d-b7b1-6d0151e33eb4,run1_rep2,E,CLOSED,CLOSED,request,PROVIDER,N/A,,550.3706670006068,INFO,adaptador.request,true,exitoso,,,9776.122358836,9775.571988169,,,2026-09-05T00:11:19.322881Z
ea194ffd-2c77-4269-a753-24142fdde377,run1_rep2,E,CLOSED,CLOSED,request,PROVIDER,N/A,,586.4188340001419,INFO,adaptador.request,true,exitoso,,,9776.196861503,9775.610442669,,,2026-09-05T00:11:19.397384Z
f5069b5b-21a9-4b4b-b0ad-d9cdb00e6b0c,run1_rep2,E,CLOSED,CLOSED,request,PROVIDER,N/A,,653.8707510007953,INFO,adaptador.request,true,exitoso,,,9776.302478628,9775.648607877,,,2026-09-05T00:11:19.503020Z
ac0155e6-478e-45b7-965a-1f4f2f1e01ff,run1_rep2,E,CLOSED,CLOSED,request,PROVIDER,N/A,,614.5734999990964,INFO,adaptador.request,true,exitoso,,,9776.407288628,9775.792715128,,,2026-09-05T00:11:19.607807Z
ee3f48c6-439e-4052-a9c2-9490fc299f9a,run1_rep2,E,CLOSED,CLOSED,request,PROVIDER,N/A,,624.4540420011617,INFO,adaptador.request,true,exitoso,,,9776.480796461,9775.856342419,,,2026-09-05T00:11:19.681316Z
7451b35f-967e-44f7-a250-6ede6cacaf8a,run1_rep2,E,CLOSED,CLOSED,request,PROVIDER,N/A,,633.254833999672,INFO,adaptador.request,true,exitoso,,,9776.551829753,9775.918574919,,,2026-09-05T00:11:19.752360Z
76c0f749-42e4-4acd-8b7b-4803839f4d1d,run1_rep2,E,CLOSED,CLOSED,request,PROVIDER,N/A,,587.5514170002134,INFO,adaptador.request,true,exitoso,,,9776.627338586,9776.039787169,,,2026-09-05T00:11:19.827892Z
653208c1-2c00-4f1c-89aa-e348fccf7d1f,run1_rep2,E,CLOSED,CLOSED,request,PROVIDER,N/A,,652.4101669983793,INFO,adaptador.request,true,exitoso,,,9776.72285017,9776.070440003,,,2026-09-05T00:11:19.923388Z
6128dd25-4e7a-47f8-a145-41befd02d674,run1_rep2,E,CLOSED,CLOSED,request,PROVIDER,N/A,,732.5304170008167,INFO,adaptador.request,true,exitoso,,,9776.822284295,9776.089753878,,,2026-09-05T00:11:20.022816Z
283fd2b8-0104-4afc-9a08-63e0010c3ac8,run1_rep2,E,CLOSED,CLOSED,request,PROVIDER,N/A,,549.4083339999634,INFO,adaptador.request,true,exitoso,,,9776.93044742,9776.381039086,,,2026-09-05T00:11:20.130974Z
a4d48634-1e1e-4095-a62e-4122ff325851,run1_rep2,E,CLOSED,CLOSED,request,PROVIDER,N/A,,510.6458330010355,INFO,adaptador.request,true,exitoso,,,9777.031338003,9776.52069217,,,2026-09-05T00:11:20.231874Z
9df0a842-abdb-4523-b561-a4239535c48a,run1_rep2,E,CLOSED,CLOSED,request,PROVIDER,N/A,,585.363750000397,INFO,adaptador.request,true,exitoso,,,9777.106523336,9776.521159586,,,2026-09-05T00:11:20.307051Z
c537b8b9-8f0c-4747-bc6b-a1101e8a43b5,run1_rep2,E,CLOSED,CLOSED,request,PROVIDER,N/A,,602.1430009986943,INFO,adaptador.request,true,exitoso,,,9777.178174587,9776.576031586,,,2026-09-05T00:11:20.378723Z
44a817d2-03fe-4158-9bb4-6bad26ed18cc,run1_rep2,E,CLOSED,CLOSED,request,PROVIDER,N/A,,648.4873749996041,INFO,adaptador.request,true,exitoso,,,9777.278525003,9776.630037628,,,2026-09-05T00:11:20.479076Z
2d1f4236-bd53-4962-ba82-e5356de02de3,run1_rep2,E,CLOSED,CLOSED,request,PROVIDER,N/A,,657.2035419994791,INFO,adaptador.request,true,exitoso,,,9777.35122767,9776.694024128,,,2026-09-05T00:11:20.551755Z
d76a5d61-fc52-4916-b7e5-a4f0959c5ab6,run1_rep2,E,CLOSED,CLOSED,request,PROVIDER,N/A,,586.5834999985964,INFO,adaptador.request,true,exitoso,,,9777.447074253,9776.860490753,,,2026-09-05T00:11:20.647643Z
c633f4e2-6dc5-495b-b62e-102586128484,run1_rep2,E,CLOSED,CLOSED,request,PROVIDER,N/A,,529.7091249994992,INFO,adaptador.request,true,exitoso,,,9777.52806992,9776.998360795,,,2026-09-05T00:11:20.728602Z
66bb47d7-f1ec-4f64-aa5a-5455a409ccd0,run1_rep2,E,CLOSED,CLOSED,request,PROVIDER,N/A,,567.6620839985844,INFO,adaptador.request,true,exitoso,,,9777.60868792,9777.041025836,,,2026-09-05T00:11:20.809210Z
ea132aeb-b089-4fae-a20c-030630e8c8ff,run1_rep2,E,CLOSED,CLOSED,request,PROVIDER,N/A,,455.5348329995468,INFO,adaptador.request,true,exitoso,,,9777.678672545,9777.223137712,,,2026-09-05T00:11:20.879295Z
b4aefc90-ef1b-4ee1-99e4-80ca83cd0726,run1_rep2,E,CLOSED,CLOSED,request,PROVIDER,N/A,,482.74612500063085,INFO,adaptador.request,true,exitoso,,,9777.769912628,9777.287166503,,,2026-09-05T00:11:20.970478Z
a5af81a2-9579-4504-9668-47d2808e1c1f,run1_rep2,E,CLOSED,CLOSED,request,PROVIDER,N/A,,445.7692510004563,INFO,adaptador.request,true,exitoso,,,9777.872510129,9777.426740878,,,2026-09-05T00:11:21.073006Z
e5ba54b4-696a-48c6-89be-b00f6f85b98a,run1_rep2,E,CLOSED,CLOSED,request,PROVIDER,N/A,,494.87841699919954,INFO,adaptador.request,true,exitoso,,,9777.94176717,9777.446888753,,,2026-09-05T00:11:21.142306Z
74b5cc99-cff5-454a-ae59-db1b69062480,run1_rep2,E,CLOSED,CLOSED,request,PROVIDER,N/A,,503.8462089996756,INFO,adaptador.request,true,exitoso,,,9778.046481837,9777.542635628,,,2026-09-05T00:11:21.247031Z
33fbe767-3d1c-4141-bab7-be392548cc42,run1_rep2,E,CLOSED,CLOSED,request,PROVIDER,N/A,,533.0408339996211,INFO,adaptador.request,true,exitoso,,,9778.146685712,9777.613644878,,,2026-09-05T00:11:21.347225Z
8e0cc794-c16d-4dde-b751-aafae75fae7b,run1_rep2,E,CLOSED,CLOSED,request,PROVIDER,N/A,,523.2154589994025,INFO,adaptador.request,true,exitoso,,,9778.216443962,9777.693228503,,,2026-09-05T00:11:21.416961Z
90376dc5-798f-48ab-a4ce-0da4de478d92,run1_rep2,E,CLOSED,CLOSED,request,PROVIDER,N/A,,585.8346669992898,INFO,adaptador.request,true,exitoso,,,9778.279432587,9777.69359792,,,2026-09-05T00:11:21.479994Z
b0d01684-cf4c-41ef-b4b8-db50674462aa,run1_rep2,E,CLOSED,CLOSED,request,PROVIDER,N/A,,592.829957999129,INFO,adaptador.request,true,exitoso,,,9778.36528117,9777.772451212,,,2026-09-05T00:11:21.565777Z
6b2e4cb0-e68c-467e-b963-5147c3aa37cd,run1_rep2,E,CLOSED,CLOSED,request,PROVIDER,N/A,,621.1320839993277,INFO,adaptador.request,true,exitoso,,,9778.430314004,9777.80918192,,,2026-09-05T00:11:21.630841Z
8def167b-6f82-408f-8864-5dffbd2cb1d4,run1_rep2,E,CLOSED,CLOSED,request,PROVIDER,N/A,,592.355167000278,INFO,adaptador.request,true,exitoso,,,9778.516692379,9777.924337212,,,2026-09-05T00:11:21.717211Z
15ad448e-3a2f-48d6-85b8-f8bb2b787247,run1_rep2,E,CLOSED,CLOSED,request,PROVIDER,N/A,,468.8212499986548,INFO,adaptador.request,true,exitoso,,,9778.602484087,9778.133662837,,,2026-09-05T00:11:21.803003Z
e86d94f0-2071-4eee-8a26-177284ac0fbb,run1_rep2,E,CLOSED,CLOSED,request,PROVIDER,N/A,,466.2608340004226,INFO,adaptador.request,true,exitoso,,,9778.692772504,9778.22651167,,,2026-09-05T00:11:21.893288Z
9a73abca-5912-4e66-8534-619c1e1bb49b,run1_rep2,E,CLOSED,CLOSED,request,PROVIDER,N/A,,471.469750000324,INFO,adaptador.request,true,exitoso,,,9778.754144712,9778.282674962,,,2026-09-05T00:11:21.954669Z
883ccb92-c9f8-4b9d-8646-ce8505cddcb4,run1_rep2,E,CLOSED,CLOSED,request,PROVIDER,N/A,,483.3863330004533,INFO,adaptador.request,true,exitoso,,,9778.842957962,9778.359571629,,,2026-09-05T00:11:22.043523Z
f1f2deb9-c13d-46c4-b4a8-ed08b397b993,run1_rep2,E,CLOSED,CLOSED,request,PROVIDER,N/A,,539.8182919998362,INFO,adaptador.request,true,exitoso,,,9778.938702296,9778.398884004,,,2026-09-05T00:11:22.139237Z
ff657cc5-a700-4bbb-b7b2-0f1559458aed,run1_rep2,E,CLOSED,CLOSED,request,PROVIDER,N/A,,465.19841700137476,INFO,adaptador.request,true,exitoso,,,9779.019149379,9778.553950962,,,2026-09-05T00:11:22.219661Z
49110549-ef46-4ec7-afc1-9bd8ad7980b4,run1_rep2,E,CLOSED,CLOSED,request,PROVIDER,N/A,,438.96229100027995,INFO,adaptador.request,true,exitoso,,,9779.088417337,9778.649455046,,,2026-09-05T00:11:22.288927Z
0aa3f7fc-1c56-4b10-9f63-829382c3ec2d,run1_rep2,E,CLOSED,CLOSED,request,PROVIDER,N/A,,541.5858329997718,INFO,adaptador.request,true,exitoso,,,9779.198764129,9778.657178296,,,2026-09-05T00:11:22.399291Z
8b7cd3b5-a2d2-4091-9a25-e66b9588a356,run1_rep2,E,CLOSED,CLOSED,request,PROVIDER,N/A,,588.1544169988047,INFO,adaptador.request,true,exitoso,,,9779.272898254,9778.684743837,,,2026-09-05T00:11:22.473428Z
6eb07b75-7f35-402c-9908-c8d775e6d4b8,run1_rep2,E,CLOSED,CLOSED,request,PROVIDER,N/A,,582.215083999472,INFO,adaptador.request,true,exitoso,,,9779.336974046,9778.754758962,,,2026-09-05T00:11:22.537509Z
06faf961-4159-44a8-8170-8715db0553bf,run1_rep2,E,CLOSED,CLOSED,request,PROVIDER,N/A,,589.0246670005581,INFO,adaptador.request,true,exitoso,,,9779.399308463,9778.810283796,,,2026-09-05T00:11:22.599851Z
6be6f28f-e7c0-45df-a281-b82272f67574,run1_rep2,E,CLOSED,CLOSED,request,PROVIDER,N/A,,502.66075099898444,INFO,adaptador.request,true,exitoso,,,9779.506410338,9779.003749587,,,2026-09-05T00:11:22.706962Z
1ad275b9-fd60-49d4-86d4-989852cee650,run1_rep2,E,CLOSED,CLOSED,request,PROVIDER,N/A,,575.023916999271,INFO,adaptador.request,true,exitoso,,,9779.588442671,9779.013418754,,,2026-09-05T00:11:22.788980Z
445464d2-8893-4773-aa02-8e0e0da26e51,run1_rep2,E,CLOSED,CLOSED,request,PROVIDER,N/A,,532.6234579988522,INFO,adaptador.request,true,exitoso,,,9779.654328129,9779.121704671,,,2026-09-05T00:11:22.854843Z
56d8ae09-94a2-4045-845c-12f0361a8889,run1_rep2,E,CLOSED,CLOSED,request,PROVIDER,N/A,,578.5134580000886,INFO,adaptador.request,true,exitoso,,,9779.748805004,9779.170291546,,,2026-09-05T00:11:22.949335Z
306004bb-b858-48f4-acaa-3098383961b3,run1_rep2,E,CLOSED,CLOSED,request,PROVIDER,N/A,,551.8366249998508,INFO,adaptador.request,true,exitoso,,,9779.809828921,9779.257992296,,,2026-09-05T00:11:23.010345Z
9d17d08f-c723-46dd-bfa3-ff6a3a5588a1,run1_rep2,E,CLOSED,CLOSED,request,PROVIDER,N/A,,508.87754100040183,INFO,adaptador.request,true,exitoso,,,9779.916557629,9779.407680088,,,2026-09-05T00:11:23.117073Z
46c3fe79-ec01-4149-9c7b-6e2707e496ac,run1_rep2,E,CLOSED,CLOSED,request,PROVIDER,N/A,,538.5288750003383,INFO,adaptador.request,true,exitoso,,,9779.974225046,9779.435696171,,,2026-09-05T00:11:23.174697Z
64f66444-f73a-49cd-982e-7d02ee8cc9d3,run1_rep2,E,CLOSED,CLOSED,request,PROVIDER,N/A,,583.8204580013553,INFO,adaptador.request,true,exitoso,,,9780.053374921,9779.469554463,,,2026-09-05T00:11:23.253862Z
6b008075-3b52-4ae2-9c2c-bce2dd577b5f,run1_rep2,E,CLOSED,CLOSED,request,PROVIDER,N/A,,647.0521669998561,INFO,adaptador.request,true,exitoso,,,9780.156471463,9779.509419296,,,2026-09-05T00:11:23.356994Z
abf9961b-79ce-4f3c-9003-0dce5ed6974f,run1_rep2,E,CLOSED,CLOSED,request,PROVIDER,N/A,,416.83854199982306,INFO,adaptador.request,true,exitoso,,,9780.23628238,9779.819443838,,,2026-09-05T00:11:23.436809Z
9493501b-cf00-46f3-a009-fbab9bbb6047,run1_rep2,E,CLOSED,CLOSED,request,PROVIDER,N/A,,473.89470799862465,INFO,adaptador.request,true,exitoso,,,9780.338389546,9779.864494838,,,2026-09-05T00:11:23.539019Z
c17f80e4-6983-47e7-9125-0172e99e02a7,run1_rep2,E,CLOSED,CLOSED,request,PROVIDER,N/A,,538.5263340012898,INFO,adaptador.request,true,exitoso,,,9780.403374588,9779.864848254,,,2026-09-05T00:11:23.603893Z
b779f75b-c6bf-432c-bc4e-fad9e54c5641,run1_rep2,E,CLOSED,CLOSED,request,PROVIDER,N/A,,511.7836659992463,INFO,adaptador.request,true,exitoso,,,9780.464713671,9779.952930005,,,2026-09-05T00:11:23.665269Z
495ba3a5-bf85-402c-b947-48a6036f5149,run1_rep2,E,CLOSED,CLOSED,request,PROVIDER,N/A,,546.2970829994447,INFO,adaptador.request,true,exitoso,,,9780.542522213,9779.99622513,,,2026-09-05T00:11:23.743050Z
58901c09-0668-41ed-80aa-e5ad2a8bdd6c,run1_rep2,E,CLOSED,CLOSED,request,PROVIDER,N/A,,479.663291000179,INFO,adaptador.request,true,exitoso,,,9780.629753421,9780.15009013,,,2026-09-05T00:11:23.830280Z
d4249cfd-6c03-4a6c-a8d8-80b9c4047bdb,run1_rep2,E,CLOSED,CLOSED,request,PROVIDER,N/A,,533.7655839994113,INFO,adaptador.request,true,exitoso,,,9780.701389672,9780.167624088,,,2026-09-05T00:11:23.901890Z
28d193fd-7c8b-4ab0-8bd3-330ca9decbb0,run1_rep2,E,CLOSED,CLOSED,request,PROVIDER,N/A,,580.2384589987923,INFO,adaptador.request,true,exitoso,,,9780.806300297,9780.226061838,,,2026-09-05T00:11:24.006831Z
03c4b114-c790-4281-a0da-2fc762c8e7cc,run1_rep2,E,CLOSED,CLOSED,request,PROVIDER,N/A,,502.5520420003886,INFO,adaptador.request,true,exitoso,,,9780.905716297,9780.403164255,,,2026-09-05T00:11:24.106247Z
dafccaa7-df9b-4634-a0f7-8f79ca3775e4,run1_rep2,E,CLOSED,CLOSED,request,PROVIDER,N/A,,505.321708998963,INFO,adaptador.request,true,exitoso,,,9780.969757255,9780.464435546,,,2026-09-05T00:11:24.170240Z
b3a09079-41cc-4435-ac94-523fffb95fdd,run1_rep2,E,CLOSED,CLOSED,request,PROVIDER,N/A,,576.6617499994027,INFO,adaptador.request,true,exitoso,,,9781.068252213,9780.491590463,,,2026-09-05T00:11:24.268774Z
e7255633-973f-4004-8034-961c37d97403,run1_rep2,E,CLOSED,CLOSED,request,PROVIDER,N/A,,664.9414999992587,INFO,adaptador.request,true,exitoso,,,9781.16161338,9780.49667188,,,2026-09-05T00:11:24.362147Z
46c3d184-751a-4bb8-9631-368093af3279,run1_rep2,E,CLOSED,CLOSED,request,PROVIDER,N/A,,580.0349999990431,INFO,adaptador.request,true,exitoso,,,9781.265081963,9780.685046963,,,2026-09-05T00:11:24.465625Z
cd3b8c21-72f4-4e1b-b4ca-7ea8fe020fdd,run1_rep2,E,CLOSED,CLOSED,request,PROVIDER,N/A,,523.7451250013692,INFO,adaptador.request,true,exitoso,,,9781.338956547,9780.815211422,,,2026-09-05T00:11:24.539658Z
cae9c3c9-4fed-4017-9379-5255159a23a8,run1_rep2,E,CLOSED,CLOSED,request,PROVIDER,N/A,,469.9575829999958,INFO,adaptador.request,true,exitoso,,,9781.39901938,9780.929061797,,,2026-09-05T00:11:24.599561Z
ed678933-fe2e-4aa2-b273-0db6042e4f62,run1_rep2,E,CLOSED,CLOSED,request,PROVIDER,N/A,,538.2648750000953,INFO,adaptador.request,true,exitoso,,,9781.494609422,9780.956344547,,,2026-09-05T00:11:24.695133Z
f499a32a-2f24-414f-bdb7-2490f7f351a0,run1_rep2,E,CLOSED,CLOSED,request,PROVIDER,N/A,,583.4114999997837,INFO,adaptador.request,true,exitoso,,,9781.588175505,9781.004764005,,,2026-09-05T00:11:24.788698Z
afc1483d-a2b9-4deb-8ba7-8baee7c705ac,run1_rep2,E,CLOSED,CLOSED,request,PROVIDER,N/A,,485.3775419996964,INFO,adaptador.request,true,exitoso,,,9781.648267464,9781.162889922,,,2026-09-05T00:11:24.848808Z
c6ea422c-d013-4dd4-aa7a-34cfcd0ff599,run1_rep2,E,CLOSED,CLOSED,request,PROVIDER,N/A,,537.7375420011958,INFO,adaptador.request,true,exitoso,,,9781.724821047,9781.187083505,,,2026-09-05T00:11:24.925322Z
1be004b5-0ceb-4a7e-a59a-b50aaf10ae69,run1_rep2,E,CLOSED,CLOSED,request,PROVIDER,N/A,,483.80195800018555,INFO,adaptador.request,true,exitoso,,,9781.828128922,9781.344326964,,,2026-09-05T00:11:25.028616Z
20f9bfc1-47c6-49d9-8e9f-a6e9793f65bb,run1_rep2,E,CLOSED,CLOSED,request,PROVIDER,N/A,,551.7955840005015,INFO,adaptador.request,true,exitoso,,,9781.926829839,9781.375034255,,,2026-09-05T00:11:25.127365Z
9b8c9599-88f8-475d-b24e-dad1366e6e04,run1_rep2,E,CLOSED,CLOSED,request,PROVIDER,N/A,,526.2706659996184,INFO,adaptador.request,true,exitoso,,,9782.015162005,9781.488891339,,,2026-09-05T00:11:25.215921Z
0349fedd-f7ce-4d58-9c18-d7ca70dcb6d7,run1_rep2,E,CLOSED,CLOSED,request,PROVIDER,N/A,,428.51866599994537,INFO,adaptador.request,true,exitoso,,,9782.119685796,9781.69116713,,,2026-09-05T00:11:25.320455Z
9eb086bd-e3e6-4c5e-9a26-7f4ccab6177f,run1_rep2,E,CLOSED,CLOSED,request,PROVIDER,N/A,,477.52179100098147,INFO,adaptador.request,true,exitoso,,,9782.201711588,9781.724189797,,,2026-09-05T00:11:25.402516Z
0c978a56-4632-4abe-83da-df1641750aa6,run1_rep2,E,CLOSED,CLOSED,request,PROVIDER,N/A,,489.3099990003975,INFO,adaptador.request,true,exitoso,,,9782.273790588,9781.784480589,,,2026-09-05T00:11:25.474638Z
3856b4e4-51ef-441d-bb48-4599d258146c,run1_rep2,E,CLOSED,CLOSED,request,PROVIDER,N/A,,490.92333200133,INFO,adaptador.request,true,exitoso,,,9782.372098796,9781.881175464,,,2026-09-05T00:11:25.572906Z
a5f22f85-f790-4ec2-8292-0ee04dcf0b7a,run1_rep2,E,CLOSED,CLOSED,request,PROVIDER,N/A,,483.7241659988649,INFO,adaptador.request,true,exitoso,,,9782.453813588,9781.970089422,,,2026-09-05T00:11:25.654615Z
a036b197-b294-4dde-bc68-0cd4cae0ba19,run1_rep2,E,CLOSED,CLOSED,request,PROVIDER,N/A,,544.1384590012603,INFO,adaptador.request,true,exitoso,,,9782.528789255,9781.984650796,,,2026-09-05T00:11:25.729585Z
042dc30b-ac79-40a5-9db6-8348f876e22e,run1_rep2,E,CLOSED,CLOSED,request,PROVIDER,N/A,,603.4177909987193,INFO,adaptador.request,true,exitoso,,,9782.622036796,9782.018619005,,,2026-09-05T00:11:25.822836Z
d5f72a9e-2174-4c5d-852f-23ba29fc8aa1,run1_rep2,E,CLOSED,CLOSED,request,PROVIDER,N/A,,508.73704200057546,INFO,adaptador.request,true,exitoso,,,9782.715880547,9782.207143505,,,2026-09-05T00:11:25.916730Z
4ebf39df-fb20-414c-be3b-590e0ae02734,run1_rep2,E,CLOSED,CLOSED,request,PROVIDER,N/A,,407.68012600165093,INFO,adaptador.request,true,exitoso,,,9782.811849797,9782.404169671,,,2026-09-05T00:11:26.012642Z
2dc6f919-9b18-4fce-9523-ffc71cfd2082,run1_rep2,E,CLOSED,CLOSED,request,PROVIDER,N/A,,448.02579199858883,INFO,adaptador.request,true,exitoso,,,9782.879963422,9782.43193763,,,2026-09-05T00:11:26.080783Z
3fcb90e9-e82e-4eea-ab72-d643d5009c70,run1_rep2,E,CLOSED,CLOSED,request,PROVIDER,N/A,,483.4642920013721,INFO,adaptador.request,true,exitoso,,,9782.950351588,9782.466887296,,,2026-09-05T00:11:26.151140Z
266fa7c3-11b2-47a5-9103-7f8ea1fa001f,run1_rep2,E,CLOSED,CLOSED,request,PROVIDER,N/A,,547.9871260013169,INFO,adaptador.request,true,exitoso,,,9783.034607297,9782.486620171,,,2026-09-05T00:11:26.235417Z
9096ef2a-877a-4f3a-9f1c-3b46cae9288c,run1_rep2,E,CLOSED,CLOSED,request,PROVIDER,N/A,,607.885499999611,INFO,adaptador.request,true,exitoso,,,9783.098128213,9782.490242713,,,2026-09-05T00:11:26.298949Z
9cfa4844-6523-40cb-b2cd-e6ea6a845c7c,run1_rep2,E,CLOSED,CLOSED,request,PROVIDER,N/A,,619.8382920010772,INFO,adaptador.request,true,exitoso,,,9783.156261963,9782.536423671,,,2026-09-05T00:11:26.357065Z
5890b13e-d435-4a13-8d3d-383c2c8c94ff,run1_rep2,E,CLOSED,CLOSED,request,PROVIDER,N/A,,586.0063340005581,INFO,adaptador.request,true,exitoso,,,9783.244554797,9782.658548463,,,2026-09-05T00:11:26.445358Z
c5a9e779-05ea-447a-bed8-d68f83aed25f,run1_rep2,E,CLOSED,CLOSED,request,PROVIDER,N/A,,602.9830000006768,INFO,adaptador.request,true,exitoso,,,9783.311559755,9782.708576755,,,2026-09-05T00:11:26.512361Z
fae1b945-7d41-4341-b15f-2c042a2d052e,run1_rep2,E,CLOSED,CLOSED,request,PROVIDER,N/A,,574.1905419999966,INFO,adaptador.request,true,exitoso,,,9783.384612547,9782.810422005,,,2026-09-05T00:11:26.585565Z
162938fc-c3bd-409f-b04b-4b613d16da9e,run1_rep2,E,CLOSED,CLOSED,request,PROVIDER,N/A,,419.3307920013467,INFO,adaptador.request,true,exitoso,,,9783.470155172,9783.05082438,,,2026-09-05T00:11:26.671033Z
390121bd-0222-4d76-88d0-d263224efd7b,run1_rep2,E,CLOSED,CLOSED,request,PROVIDER,N/A,,496.3867089991254,INFO,adaptador.request,true,exitoso,,,9783.570079422,9783.073692713,,,2026-09-05T00:11:26.770896Z
b944e589-32d7-406f-88e4-e3dc8776bfd6,run1_rep2,E,CLOSED,CLOSED,request,PROVIDER,N/A,,533.8887090001663,INFO,adaptador.request,true,exitoso,,,9783.643752214,9783.109863505,,,2026-09-05T00:11:26.844562Z
96beb9c2-f3af-49bb-8cdf-283d4b5aa36e,run1_rep2,E,CLOSED,CLOSED,request,PROVIDER,N/A,,565.5903339993529,INFO,adaptador.request,true,exitoso,,,9783.740401422,9783.174811088,,,2026-09-05T00:11:26.941207Z
d37af2ef-ec46-48cf-bd79-42a419f8d393,run1_rep2,E,CLOSED,CLOSED,request,PROVIDER,N/A,,562.9537500008155,INFO,adaptador.request,true,exitoso,,,9783.81756388,9783.25461013,,,2026-09-05T00:11:27.018370Z
a7af492a-387e-433d-ade6-8cf6eeadc32b,run1_rep2,E,CLOSED,CLOSED,request,PROVIDER,N/A,,536.4722499998607,INFO,adaptador.request,true,exitoso,,,9783.92322838,9783.38675613,,,2026-09-05T00:11:27.124021Z
0e5825aa-ffcb-4a61-bcee-ddc1b29f99c5,run1_rep2,E,CLOSED,CLOSED,request,PROVIDER,N/A,,520.2810829996452,INFO,adaptador.request,true,exitoso,,,9783.993871505,9783.473590422,,,2026-09-05T00:11:27.194670Z
77cb78ee-d5d5-4aeb-bf92-eef8fa4aa19d,run1_rep2,E,CLOSED,CLOSED,request,PROVIDER,N/A,,563.6099589992227,INFO,adaptador.request,true,exitoso,,,9784.066598714,9783.502988755,,,2026-09-05T00:11:27.267406Z
caeb9913-5670-426a-b562-0bb4c7f48016,run1_rep2,E,CLOSED,CLOSED,request,PROVIDER,N/A,,636.2120840003627,INFO,adaptador.request,true,exitoso,,,9784.143410256,9783.507198172,,,2026-09-05T00:11:27.344243Z
98457468-ed76-471c-81c1-beb0da4fe738,run1_rep2,E,CLOSED,CLOSED,request,PROVIDER,N/A,,685.5057920001855,INFO,adaptador.request,true,exitoso,,,9784.247278297,9783.561772505,,,2026-09-05T00:11:27.448086Z
74782b40-7fdd-4504-a335-ede2185f54d2,run1_rep2,E,CLOSED,CLOSED,request,PROVIDER,N/A,,567.90354199984,INFO,adaptador.request,true,exitoso,,,9784.320708714,9783.752805172,,,2026-09-05T00:11:27.521529Z
cdf79f73-cbad-42bd-a198-88b96838e023,run1_rep2,E,CLOSED,CLOSED,request,PROVIDER,N/A,,421.99654199976067,INFO,adaptador.request,true,exitoso,,,9784.423939881,9784.001943339,,,2026-09-05T00:11:27.624733Z
cc1dce2c-d67b-4b49-a1d5-541a28b8938e,run1_rep2,E,CLOSED,CLOSED,request,PROVIDER,N/A,,479.3614169993816,INFO,adaptador.request,true,exitoso,,,9784.521553297,9784.04219188,,,2026-09-05T00:11:27.722379Z
eb025bf8-cf45-4c09-94e8-a738cb7c34e1,run1_rep2,E,CLOSED,CLOSED,request,PROVIDER,N/A,,553.2850839990715,INFO,adaptador.request,true,exitoso,,,9784.615036631,9784.061751547,,,2026-09-05T00:11:27.815892Z
262f9f20-63ed-43b7-b0eb-5698ab838c40,run1_rep2,E,CLOSED,CLOSED,request,PROVIDER,N/A,,475.7906249997177,INFO,adaptador.request,true,exitoso,,,9784.675036547,9784.199245922,,,2026-09-05T00:11:27.875837Z
6dfae752-6494-4fbc-8750-c8cfca99fb12,run1_rep2,E,CLOSED,CLOSED,request,PROVIDER,N/A,,525.3399169996555,INFO,adaptador.request,true,exitoso,,,9784.779431714,9784.254091797,,,2026-09-05T00:11:27.980249Z
47724517-b566-4206-93e9-b3f12ec737bc,run1_rep2,E,CLOSED,CLOSED,request,PROVIDER,N/A,,435.426791998907,INFO,adaptador.request,true,exitoso,,,9784.853219714,9784.417792922,,,2026-09-05T00:11:28.054047Z
4056320d-c1a6-4a95-8268-899bfe5b1fac,run1_rep2,E,CLOSED,CLOSED,request,PROVIDER,N/A,,458.14316700125346,INFO,adaptador.request,true,exitoso,,,9784.950477423,9784.492334256,,,2026-09-05T00:11:28.151276Z
4c417726-931b-4776-9706-a59dc75bac9e,run1_rep2,E,CLOSED,CLOSED,request,PROVIDER,N/A,,429.03162500078906,INFO,adaptador.request,true,exitoso,,,9785.041608714,9784.612577089,,,2026-09-05T00:11:28.242398Z
95ba4a5c-3d70-47fc-8b7d-42d854993cca,run1_rep2,E,CLOSED,CLOSED,request,PROVIDER,N/A,,444.85850000091887,INFO,adaptador.request,true,exitoso,,,9785.102576964,9784.657718464,,,2026-09-05T00:11:28.303403Z
81a3a14b-fa37-431e-9946-02b41314cec6,run1_rep2,E,CLOSED,CLOSED,request,PROVIDER,N/A,,491.2486249995709,INFO,adaptador.request,true,exitoso,,,9785.209057756,9784.717809131,,,2026-09-05T00:11:28.409881Z
d2343e08-2ffc-4ebf-8a65-09eceece23cb,run1_rep2,E,CLOSED,CLOSED,request,PROVIDER,N/A,,550.0061250004364,INFO,adaptador.request,true,exitoso,,,9785.277168089,9784.727161964,,,2026-09-05T00:11:28.477959Z
357411f9-da56-4645-a57a-1e4337db498e,run1_rep2,E,CLOSED,CLOSED,request,PROVIDER,N/A,,529.4352079999953,INFO,adaptador.request,true,exitoso,,,9785.352904881,9784.823469673,,,2026-09-05T00:11:28.553735Z
4ed5e99c-4ff3-4145-babd-9054b5ee3c0e,run1_rep2,E,CLOSED,CLOSED,request,PROVIDER,N/A,,505.62708399957046,INFO,adaptador.request,true,exitoso,,,9785.422256673,9784.916629589,,,2026-09-05T00:11:28.623048Z
2a699ebe-a5b2-444e-969a-f543a9252134,run1_rep2,E,CLOSED,CLOSED,request,PROVIDER,N/A,,588.8874170013878,INFO,adaptador.request,true,exitoso,,,9785.506018423,9784.917131006,,,2026-09-05T00:11:28.706842Z
54c56caf-77f0-484c-b72d-ce6b3077e24b,run1_rep2,E,CLOSED,CLOSED,request,PROVIDER,N/A,,504.0372509993176,INFO,adaptador.request,true,exitoso,,,9785.57396409,9785.069926839,,,2026-09-05T00:11:28.774782Z
a7fd5a36-be14-4caf-ba64-f6bc734435fb,run1_rep2,E,CLOSED,CLOSED,request,PROVIDER,N/A,,516.5942080002424,INFO,adaptador.request,true,exitoso,,,9785.659284256,9785.142690048,,,2026-09-05T00:11:28.860087Z
f95d9d58-a2a5-4f46-9724-093f343da244,run1_rep2,E,CLOSED,CLOSED,request,PROVIDER,N/A,,487.2328330002347,INFO,adaptador.request,true,exitoso,,,9785.746899131,9785.259666298,,,2026-09-05T00:11:28.947720Z
6ae13019-b9cc-4d4e-b49c-89cea2a02315,run1_rep2,E,CLOSED,CLOSED,request,PROVIDER,N/A,,536.0111669997423,INFO,adaptador.request,true,exitoso,,,9785.821122465,9785.285111298,,,2026-09-05T00:11:29.021902Z
3d661e69-6448-45f2-bf29-7e31d6b21d48,run1_rep2,E,CLOSED,CLOSED,request,PROVIDER,N/A,,525.3235840009438,INFO,adaptador.request,true,exitoso,,,9785.90563409,9785.380310506,,,2026-09-05T00:11:29.106454Z
2edaa2a2-92ec-4361-8fbb-eabf20e06416,run1_rep2,E,CLOSED,CLOSED,request,PROVIDER,N/A,,569.8754589993769,INFO,adaptador.request,true,exitoso,,,9785.967490965,9785.397615506,,,2026-09-05T00:11:29.168358Z
24c62247-f251-4c16-8a4f-004277a783e7,run1_rep2,E,CLOSED,CLOSED,request,PROVIDER,N/A,,671.0088760009967,INFO,adaptador.request,true,exitoso,,,9786.069300465,9785.398291589,,,2026-09-05T00:11:29.270100Z
38fca77a-e9e8-4183-b9c0-66e1d79e1f01,run1_rep2,E,CLOSED,CLOSED,request,PROVIDER,N/A,,613.3120829999825,INFO,adaptador.request,true,exitoso,,,9786.169432381,9785.556120298,,,2026-09-05T00:11:29.370217Z
98d96e60-e894-48e0-b38a-63339cd0eb93,run1_rep2,E,CLOSED,CLOSED,request,PROVIDER,N/A,,487.8282499994384,INFO,adaptador.request,true,exitoso,,,9786.241119923,9785.753291673,,,2026-09-05T00:11:29.441903Z
cfd54277-3f94-476a-ac56-40a2fdb32959,run1_rep2,E,CLOSED,CLOSED,request,PROVIDER,N/A,,491.8234169999778,INFO,adaptador.request,true,exitoso,,,9786.31122184,9785.819398423,,,2026-09-05T00:11:29.512037Z
a598639d-6732-4606-834d-e995c132f8fd,run1_rep2,E,CLOSED,CLOSED,request,PROVIDER,N/A,,528.9135000002716,INFO,adaptador.request,true,exitoso,,,9786.368481215,9785.839567715,,,2026-09-05T00:11:29.569289Z
e457ddd1-2953-4d64-bd6f-98fad45b25a3,run1_rep2,E,CLOSED,CLOSED,request,PROVIDER,N/A,,604.602834000616,INFO,adaptador.request,true,exitoso,,,9786.459580965,9785.854978131,,,2026-09-05T00:11:29.660379Z
18007658-f314-4b18-b16c-7d093122a988,run1_rep2,E,CLOSED,CLOSED,request,PROVIDER,N/A,,457.90333399963856,INFO,adaptador.request,true,exitoso,,,9786.547497507,9786.089594173,,,2026-09-05T00:11:29.748357Z
2d78f58a-118e-43a3-8592-af2f19a4b265,run1_rep2,E,CLOSED,CLOSED,request,PROVIDER,N/A,,518.0615000008402,INFO,adaptador.request,true,exitoso,,,9786.646107048,9786.128045548,,,2026-09-05T00:11:29.846904Z
c44c96cd-40dc-4a9d-bc22-c14640c64cc6,run1_rep2,E,CLOSED,CLOSED,request,PROVIDER,N/A,,527.1368749999965,INFO,adaptador.request,true,exitoso,,,9786.744603048,9786.217466173,,,2026-09-05T00:11:29.945456Z
fc946c96-cb8a-4f8d-a952-de94e780fe83,run1_rep2,E,CLOSED,CLOSED,request,PROVIDER,N/A,,556.4432499995746,INFO,adaptador.request,true,exitoso,,,9786.849240507,9786.292797257,,,2026-09-05T00:11:30.050061Z
ffc3b954-1002-405f-8edf-770c67c78f63,run1_rep2,E,CLOSED,CLOSED,request,PROVIDER,N/A,,483.03887600013695,INFO,adaptador.request,true,exitoso,,,9786.940669799,9786.457630923,,,2026-09-05T00:11:30.141478Z
14d08e45-0be5-4c06-ac1b-b598b53e7d90,run1_rep2,E,CLOSED,CLOSED,request,PROVIDER,N/A,,561.9100420008181,INFO,adaptador.request,true,exitoso,,,9787.041609132,9786.47969909,,,2026-09-05T00:11:30.242438Z
00287fbf-a5dd-4b69-a9f6-30261b50fad5,run1_rep2,E,CLOSED,CLOSED,request,PROVIDER,N/A,,509.9203749996377,INFO,adaptador.request,true,exitoso,,,9787.132509465,9786.62258909,,,2026-09-05T00:11:30.333333Z
926498b2-b09f-4243-9f91-e460988578e8,run1_rep2,E,CLOSED,CLOSED,request,PROVIDER,N/A,,562.3780419991817,INFO,adaptador.request,true,exitoso,,,9787.229832549,9786.667454507,,,2026-09-05T00:11:30.430620Z
a75b5949-26bb-487e-9508-994499370759,run1_rep2,E,CLOSED,CLOSED,request,PROVIDER,N/A,,627.3131669986469,INFO,adaptador.request,true,exitoso,,,9787.309499549,9786.682186382,,,2026-09-05T00:11:30.510291Z
0fb31425-6b91-4623-b940-037a77f06c87,run1_rep2,E,CLOSED,CLOSED,request,PROVIDER,N/A,,678.4875829998782,INFO,adaptador.request,true,exitoso,,,9787.405248965,9786.726761382,,,2026-09-05T00:11:30.606046Z
18c77d79-f16c-4ea9-94fc-d54921212020,run1_rep2,E,CLOSED,CLOSED,request,PROVIDER,N/A,,717.2767509982805,INFO,adaptador.request,true,exitoso,,,9787.465486299,9786.748209548,,,2026-09-05T00:11:30.666292Z
20faf550-4425-41e6-817c-8cb7f404e962,run1_rep2,E,CLOSED,CLOSED,request,PROVIDER,N/A,,602.8472500001953,INFO,adaptador.request,true,exitoso,,,9787.567416174,9786.964568924,,,2026-09-05T00:11:30.768202Z
4bcb2416-3a72-4b3e-bbd8-fb2865739893,run1_rep2,E,CLOSED,CLOSED,request,PROVIDER,N/A,,522.122958998807,INFO,adaptador.request,true,exitoso,,,9787.655779174,9787.133656215,,,2026-09-05T00:11:30.856581Z
0832be16-b722-4bd2-8999-cf01086226d7,run1_rep2,E,CLOSED,CLOSED,request,PROVIDER,N/A,,605.0584579988936,INFO,adaptador.request,true,exitoso,,,9787.747495257,9787.142436799,,,2026-09-05T00:11:30.948302Z
6d48c1c0-4d56-4722-94f3-752261ec2b50,run1_rep2,E,CLOSED,CLOSED,request,PROVIDER,N/A,,583.0316249994212,INFO,adaptador.request,true,exitoso,,,9787.807727632,9787.224696007,,,2026-09-05T00:11:31.008537Z
0a846dd6-4407-40dc-9821-d96c20945634,run1_rep2,E,CLOSED,CLOSED,request,PROVIDER,N/A,,645.750458999828,INFO,adaptador.request,true,exitoso,,,9787.909058841,9787.263308382,,,2026-09-05T00:11:31.109894Z
10f3bd35-bd30-4cf3-8f40-2eff3d085626,run1_rep2,E,CLOSED,CLOSED,request,PROVIDER,N/A,,602.5419589986996,INFO,adaptador.request,true,exitoso,,,9787.968040466,9787.365498507,,,2026-09-05T00:11:31.168796Z
b511df44-b18a-4f3a-a447-9e578789cf54,run1_rep2,E,CLOSED,CLOSED,request,PROVIDER,N/A,,457.8377500001807,INFO,adaptador.request,true,exitoso,,,9788.031998424,9787.574160674,,,2026-09-05T00:11:31.232828Z
6d5c6f58-42a5-4660-a730-a753b4c882e8,run1_rep2,E,CLOSED,CLOSED,request,PROVIDER,N/A,,462.68133299963665,INFO,adaptador.request,true,exitoso,,,9788.095455007,9787.632773674,,,2026-09-05T00:11:31.296278Z
915e9f56-89c5-49f6-b752-a70f9dd8fe43,run1_rep2,E,CLOSED,CLOSED,request,PROVIDER,N/A,,487.0487909993244,INFO,adaptador.request,true,exitoso,,,9788.182160007,9787.695111216,,,2026-09-05T00:11:31.382940Z
dee72b61-d870-41e9-b841-c5365fe22b79,run1_rep2,E,CLOSED,CLOSED,request,PROVIDER,N/A,,419.39587500019115,INFO,adaptador.request,true,exitoso,,,9788.248781174,9787.829385299,,,2026-09-05T00:11:31.449584Z
2b7a7923-c80a-42ea-8196-0124311471e7,run1_rep2,E,CLOSED,CLOSED,request,PROVIDER,N/A,,466.02562600128294,INFO,adaptador.request,true,exitoso,,,9788.330520883,9787.864495257,,,2026-09-05T00:11:31.531335Z
a9654b7c-8c7a-4e4e-b212-8a0cf8c594f3,run1_rep2,E,CLOSED,CLOSED,request,PROVIDER,N/A,,342.75474999958533,INFO,adaptador.request,true,exitoso,,,9788.415636841,9788.072882091,,,2026-09-05T00:11:31.616617Z
27d9fc04-0e31-4e4d-befa-50a256c7272f,run1_rep2,E,CLOSED,CLOSED,request,PROVIDER,N/A,,399.21595899977547,INFO,adaptador.request,true,exitoso,,,9788.492875591,9788.093659632,,,2026-09-05T00:11:31.693710Z
d3ffe01d-806d-459e-aedc-40d53aa5051d,run1_rep2,E,CLOSED,CLOSED,request,PROVIDER,N/A,,461.22241700140876,INFO,adaptador.request,true,exitoso,,,9788.595113883,9788.133891466,,,2026-09-05T00:11:31.795875Z
6eeeea20-b733-4771-b0f4-c142600d0106,run1_rep2,E,CLOSED,CLOSED,request,PROVIDER,N/A,,490.1384999993752,INFO,adaptador.request,true,exitoso,,,9788.663693174,9788.173554674,,,2026-09-05T00:11:31.864476Z
4811cdbf-bbe5-43d2-9b56-746d38071ff1,run1_rep2,E,CLOSED,CLOSED,request,PROVIDER,N/A,,493.8997089993791,INFO,adaptador.request,true,exitoso,,,9788.734830841,9788.240931132,,,2026-09-05T00:11:31.935713Z
e7ac561d-0bef-4e76-bd0a-fee7d26f3637,run1_rep2,E,CLOSED,CLOSED,request,PROVIDER,N/A,,455.08554200023354,INFO,adaptador.request,true,exitoso,,,9788.791859841,9788.336774299,,,2026-09-05T00:11:31.992655Z
86503a71-e020-4e12-82ef-f3937a40a328,run1_rep2,E,CLOSED,CLOSED,request,PROVIDER,N/A,,437.8298330011603,INFO,adaptador.request,true,exitoso,,,9788.854472216,9788.416642383,,,2026-09-05T00:11:32.055301Z
fd87dada-2c12-4bce-93a6-1e9218b3660b,run1_rep2,E,CLOSED,CLOSED,request,PROVIDER,N/A,,368.5097079996922,INFO,adaptador.request,true,exitoso,,,9788.925930174,9788.557420466,,,2026-09-05T00:11:32.126750Z
3a471780-76e5-49a8-92b7-bdfff4cf5b5a,run1_rep2,E,CLOSED,CLOSED,request,PROVIDER,N/A,,247.27962500037393,INFO,adaptador.request,true,exitoso,,,9789.000032591,9788.752752966,,,2026-09-05T00:11:32.200885Z
83a74d46-7053-4391-b923-e09b369f0b79,run1_rep2,E,CLOSED,CLOSED,request,PROVIDER,N/A,,295.71779199977755,INFO,adaptador.request,true,exitoso,,,9789.081088466,9788.785370674,,,2026-09-05T00:11:32.281952Z
d4c5cbd8-ae37-4db1-8a6e-41d05f011d23,run1_rep2,E,CLOSED,CLOSED,request,PROVIDER,N/A,,379.5265830012795,INFO,adaptador.request,true,exitoso,,,9789.173315341,9788.793788758,,,2026-09-05T00:11:32.374117Z
8dd627e5-c368-4099-832c-3c911a10b700,run1_rep2,E,CLOSED,CLOSED,request,PROVIDER,N/A,,367.70445900037885,INFO,adaptador.request,true,exitoso,,,9789.253931425,9788.886226966,,,2026-09-05T00:11:32.454755Z
73342fb1-6118-4307-9ae8-519475d633ce,run1_rep2,E,CLOSED,CLOSED,request,PROVIDER,N/A,,384.6267090011679,INFO,adaptador.request,true,exitoso,,,9789.3083963,9788.923769591,,,2026-09-05T00:11:32.509197Z
e7d6fdda-8aa6-4de1-a93e-9b9a23a140b4,run1_rep2,E,CLOSED,CLOSED,request,PROVIDER,N/A,,342.0794579997164,INFO,adaptador.request,true,exitoso,,,9789.366622091,9789.024542633,,,2026-09-05T00:11:32.567496Z
f4f47e1b-7d84-4251-9d80-a30b7f524e3c,run1_rep2,E,CLOSED,CLOSED,request,PROVIDER,N/A,,363.8590419996035,INFO,adaptador.request,true,exitoso,,,9789.430467675,9789.066608633,,,2026-09-05T00:11:32.631270Z
557e2456-8909-481e-b49e-f358219cb217,run1_rep2,E,CLOSED,CLOSED,request,PROVIDER,N/A,,443.54516599923954,INFO,adaptador.request,true,exitoso,,,9789.526328716,9789.08278355,,,2026-09-05T00:11:32.727129Z
85e08ef2-8994-4f6a-82e9-cac655acb1e6,run1_rep2,E,CLOSED,CLOSED,request,PROVIDER,N/A,,544.0635830000247,INFO,adaptador.request,true,exitoso,,,9789.628538383,9789.0844748,,,2026-09-05T00:11:32.829326Z
c8f7a849-b608-4c43-80c0-8cab0fb60f50,run1_rep2,E,CLOSED,CLOSED,request,PROVIDER,N/A,,592.964542000118,INFO,adaptador.request,true,exitoso,,,9789.721421508,9789.128456966,,,2026-09-05T00:11:32.922230Z
23b86c45-c1ca-488d-8894-174474ca082c,run1_rep2,E,CLOSED,CLOSED,request,PROVIDER,N/A,,626.8088329998136,INFO,adaptador.request,true,exitoso,,,9789.785337883,9789.15852905,,,2026-09-05T00:11:32.986185Z
a26d1337-b0e4-4f1d-b356-1a4c7c541bf5,run1_rep2,E,CLOSED,CLOSED,request,PROVIDER,N/A,,668.1578330008051,INFO,adaptador.request,true,exitoso,,,9789.865965133,9789.1978073,,,2026-09-05T00:11:33.066711Z
789afeda-fd82-4126-b843-0c3fa99079fa,run1_rep2,E,CLOSED,CLOSED,request,PROVIDER,N/A,,377.43979200058675,INFO,adaptador.request,true,exitoso,,,9789.924783675,9789.547343883,,,2026-09-05T00:11:33.125627Z
3a524291-245e-4396-a7b9-dea176ee97fb,run1_rep2,E,CLOSED,CLOSED,request,PROVIDER,N/A,,440.0596260002203,INFO,adaptador.request,true,exitoso,,,9790.006347592,9789.566287966,,,2026-09-05T00:11:33.207114Z
6bba5738-e0f8-4890-ba4b-65f6b90e15cf,run1_rep2,E,CLOSED,CLOSED,request,PROVIDER,N/A,,520.7307510008832,INFO,adaptador.request,true,exitoso,,,9790.116433592,9789.595702841,,,2026-09-05T00:11:33.317217Z
f41aaea0-dd27-4893-af28-f9243047b543,run1_rep2,E,CLOSED,CLOSED,request,PROVIDER,N/A,,586.7261250004958,INFO,adaptador.request,true,exitoso,,,9790.187938633,9789.601212508,,,2026-09-05T00:11:33.388722Z
404bdfa5-fa91-486d-94a0-7ec2a677d148,run1_rep2,E,CLOSED,CLOSED,request,PROVIDER,N/A,,633.8536259991088,INFO,adaptador.request,true,exitoso,,,9790.287195592,9789.653341966,,,2026-09-05T00:11:33.487979Z
9b796277-8604-43f9-9d3e-08af624a8af8,run1_rep2,E,CLOSED,CLOSED,request,PROVIDER,N/A,,520.8315840009163,INFO,adaptador.request,true,exitoso,,,9790.381172842,9789.860341258,,,2026-09-05T00:11:33.581974Z
1df2b4d4-16b1-4a18-93b1-23404bdccd32,run1_rep2,E,CLOSED,CLOSED,request,PROVIDER,N/A,,354.04812500019034,INFO,adaptador.request,true,exitoso,,,9790.4779013,9790.123853175,,,2026-09-05T00:11:33.678780Z
71bf2cbd-d4ca-4e82-88ab-61b76881e92e,run1_rep2,E,CLOSED,CLOSED,request,PROVIDER,N/A,,425.4284580001695,INFO,adaptador.request,true,exitoso,,,9790.5563098,9790.130881342,,,2026-09-05T00:11:33.757145Z
81674870-7230-4f90-a20f-27c975a05b6b,run1_rep2,E,CLOSED,CLOSED,request,PROVIDER,N/A,,502.89875000089523,INFO,adaptador.request,true,exitoso,,,9790.64224155,9790.1393428,,,2026-09-05T00:11:33.843044Z
00db9365-2b1c-455d-bfae-22c19bc8ee28,run1_rep2,E,CLOSED,CLOSED,request,PROVIDER,N/A,,530.4586260008364,INFO,adaptador.request,true,exitoso,,,9790.704622384,9790.174163758,,,2026-09-05T00:11:33.905431Z
e6af22dc-b479-4208-a5eb-42c738bedd77,run1_rep2,E,CLOSED,CLOSED,request,PROVIDER,N/A,,634.6867920001387,INFO,adaptador.request,true,exitoso,,,9790.809248259,9790.174561467,,,2026-09-05T00:11:34.010062Z
a7faad94-ac7c-4bba-ad0a-bf20d09c023e,run1_rep2,E,CLOSED,CLOSED,request,PROVIDER,N/A,,716.3505829994392,INFO,adaptador.request,true,exitoso,,,9790.8937943,9790.177443717,,,2026-09-05T00:11:34.094610Z
39fc3c13-d206-4bf5-b882-502dc7b1163f,run1_rep2,E,CLOSED,CLOSED,request,PROVIDER,N/A,,525.1654170006077,INFO,adaptador.request,true,exitoso,,,9790.957281217,9790.4321158,,,2026-09-05T00:11:34.158093Z
13967720-2a43-41b6-9f0a-3623f1b118fe,run1_rep2,E,CLOSED,CLOSED,request,PROVIDER,N/A,,457.49112500016054,INFO,adaptador.request,true,exitoso,,,9791.025440259,9790.567949134,,,2026-09-05T00:11:34.226226Z
62d5f286-62a8-44d0-bf27-ccfc3405adb8,run1_rep2,E,CLOSED,CLOSED,request,PROVIDER,N/A,,447.1227499998349,INFO,adaptador.request,true,exitoso,,,9791.110664842,9790.663542092,,,2026-09-05T00:11:34.311567Z
9e0eb5cf-50eb-43f1-826d-e78679b5781e,run1_rep2,E,CLOSED,CLOSED,request,PROVIDER,N/A,,496.23595899902284,INFO,adaptador.request,true,exitoso,,,9791.195692676,9790.699456717,,,2026-09-05T00:11:34.396490Z
26b98347-711a-49fc-aae6-4c3d540ae085,run1_rep2,E,CLOSED,CLOSED,request,PROVIDER,N/A,,574.08016699992,INFO,adaptador.request,true,exitoso,,,9791.274125176,9790.700045009,,,2026-09-05T00:11:34.474928Z
0bf2aa9c-79eb-461a-af7b-850b89e19e40,run1_rep2,E,CLOSED,CLOSED,request,PROVIDER,N/A,,343.230541999219,INFO,adaptador.request,true,exitoso,,,9791.358741301,9791.015510759,,,2026-09-05T00:11:34.559552Z
4863af5e-e071-450f-b5e3-b8e307aa972b,run1_rep2,E,CLOSED,CLOSED,request,PROVIDER,N/A,,410.70220800065727,INFO,adaptador.request,true,exitoso,,,9791.428911217,9791.018209009,,,2026-09-05T00:11:34.629699Z
d52afaf3-fece-4387-b0d3-fac4e7fe5a7e,run1_rep2,E,CLOSED,CLOSED,request,PROVIDER,N/A,,445.7660419993772,INFO,adaptador.request,true,exitoso,,,9791.498668884,9791.052902842,,,2026-09-05T00:11:34.699535Z
82cbfc75-7ff0-408a-baf6-369202d9719e,run1_rep2,E,CLOSED,CLOSED,request,PROVIDER,N/A,,513.0047920010838,INFO,adaptador.request,true,exitoso,,,9791.605054759,9791.092049967,,,2026-09-05T00:11:34.805881Z
e4944137-7c0a-43ee-9912-d3e6244263b8,run1_rep2,E,CLOSED,CLOSED,request,PROVIDER,N/A,,558.6461250004504,INFO,adaptador.request,true,exitoso,,,9791.700094259,9791.141448134,,,2026-09-05T00:11:34.900929Z
73224ef4-f596-4800-b990-665bdec09f8c,run1_rep2,E,CLOSED,CLOSED,request,PROVIDER,N/A,,363.8611669994134,INFO,adaptador.request,true,exitoso,,,9791.790574593,9791.426713426,,,2026-09-05T00:11:34.991390Z
c941244e-b9eb-439f-abf9-7cf04511e1e1,run1_rep2,E,CLOSED,CLOSED,request,PROVIDER,N/A,,453.56483399882563,INFO,adaptador.request,true,exitoso,,,9791.883039968,9791.429475134,,,2026-09-05T00:11:35.083843Z
110746ab-e737-4d24-869d-baa61604010e,run1_rep2,E,CLOSED,CLOSED,request,PROVIDER,N/A,,495.01504199906776,INFO,adaptador.request,true,exitoso,,,9791.953088301,9791.458073259,,,2026-09-05T00:11:35.154239Z
bac42e1a-a1ec-43b7-bd85-59d0b88d8312,run1_rep2,E,CLOSED,CLOSED,request,PROVIDER,N/A,,526.3144170003216,INFO,adaptador.request,true,exitoso,,,9792.025659093,9791.499344676,,,2026-09-05T00:11:35.226398Z
b9d910c8-eed4-4a2f-9bc6-a7a6dbbacca5,run1_rep2,E,CLOSED,CLOSED,request,PROVIDER,N/A,,549.9687089995859,INFO,adaptador.request,true,exitoso,,,9792.084196968,9791.534228259,,,2026-09-05T00:11:35.284946Z
edc647ce-065c-457e-ad9d-f801d7322faf,run1_rep2,E,CLOSED,CLOSED,request,PROVIDER,N/A,,619.0017920016544,INFO,adaptador.request,true,exitoso,,,9792.179818009,9791.560816217,,,2026-09-05T00:11:35.380572Z
fed5dfe7-105e-433e-b627-a5e90dbe5508,run1_rep2,E,CLOSED,CLOSED,request,PROVIDER,N/A,,559.9306669992075,INFO,adaptador.request,true,exitoso,,,9792.270165843,9791.710235176,,,2026-09-05T00:11:35.471048Z
74cb0718-8afc-41a4-abca-2d8d7fc2d031,run1_rep2,E,CLOSED,CLOSED,request,PROVIDER,N/A,,565.5442080005741,INFO,adaptador.request,true,exitoso,,,9792.360753634,9791.795209426,,,2026-09-05T00:11:35.561560Z
d1ab0e52-9d56-4546-97ef-0a3730270996,run1_rep2,E,CLOSED,CLOSED,request,PROVIDER,N/A,,492.1547920002922,INFO,adaptador.request,true,exitoso,,,9792.424255843,9791.932101051,,,2026-09-05T00:11:35.625062Z
16c79535-aa61-43e6-9fa2-50ec955e6ea3,run1_rep2,E,CLOSED,CLOSED,request,PROVIDER,N/A,,566.3568750005652,INFO,adaptador.request,true,exitoso,,,9792.524637593,9791.958280718,,,2026-09-05T00:11:35.725454Z
8939a019-e310-4be2-a7a8-a9fa8ec82970,run1_rep2,E,CLOSED,CLOSED,request,PROVIDER,N/A,,625.2657919994817,INFO,adaptador.request,true,exitoso,,,9792.588380426,9791.963114634,,,2026-09-05T00:11:35.789188Z
7a98a296-908a-463d-ad87-47ce24c2c931,run1_rep2,E,CLOSED,CLOSED,request,PROVIDER,N/A,,525.6746249997377,INFO,adaptador.request,true,exitoso,,,9792.690028051,9792.164353426,,,2026-09-05T00:11:35.890844Z
975a4821-b78c-4cd6-a124-f7360b3ced6a,run1_rep2,E,CLOSED,CLOSED,request,PROVIDER,N/A,,601.9277509985841,INFO,adaptador.request,true,exitoso,,,9792.76923676,9792.167309009,,,2026-09-05T00:11:35.970038Z
85c6d223-35e9-4d5b-85e4-957ca986218f,run1_rep2,E,CLOSED,CLOSED,request,PROVIDER,N/A,,545.2287919997616,INFO,adaptador.request,true,exitoso,,,9792.832812468,9792.287583676,,,2026-09-05T00:11:36.033611Z
b2704633-5799-47c2-bf31-18789d393b76,run1_rep2,E,CLOSED,CLOSED,request,PROVIDER,N/A,,478.2454169999255,INFO,adaptador.request,true,exitoso,,,9792.921572385,9792.443326968,,,2026-09-05T00:11:36.122384Z
999b2d13-1956-4b55-976a-8f0fce6a2383,run1_rep2,E,CLOSED,CLOSED,request,PROVIDER,N/A,,537.2779589997663,INFO,adaptador.request,true,exitoso,,,9792.999798718,9792.462520759,,,2026-09-05T00:11:36.200593Z
68d83ce2-82f4-4b19-9ea0-249f62b6de3c,run1_rep2,E,CLOSED,CLOSED,request,PROVIDER,N/A,,522.4280410002393,INFO,adaptador.request,true,exitoso,,,9793.056376426,9792.533948385,,,2026-09-05T00:11:36.257215Z
10dcfe4a-6eb5-4387-bf69-33a5c2684bda,run1_rep2,E,CLOSED,CLOSED,request,PROVIDER,N/A,,460.83283400002983,INFO,adaptador.request,true,exitoso,,,9793.148042635,9792.687209801,,,2026-09-05T00:11:36.348887Z
5b360b64-e9b5-48a0-ad53-a0c3c568683a,run1_rep2,E,CLOSED,CLOSED,request,PROVIDER,N/A,,522.5237499998912,INFO,adaptador.request,true,exitoso,,,9793.239928593,9792.717404843,,,2026-09-05T00:11:36.440779Z
aa4637af-e008-408d-a950-75a9e8cef764,run1_rep2,E,CLOSED,CLOSED,request,PROVIDER,N/A,,597.4836249988584,INFO,adaptador.request,true,exitoso,,,9793.33581426,9792.738330635,,,2026-09-05T00:11:36.536614Z
b5d5033c-7aa1-4d02-b543-bba423cf8c0f,run1_rep2,E,CLOSED,CLOSED,request,PROVIDER,N/A,,616.5775009994832,INFO,adaptador.request,true,exitoso,,,9793.430959427,9792.814381926,,,2026-09-05T00:11:36.631841Z
bbaf7586-fbc6-4158-bece-357b59ddc657,run1_rep2,E,CLOSED,CLOSED,request,PROVIDER,N/A,,532.2534170009021,INFO,adaptador.request,true,exitoso,,,9793.516723552,9792.984470135,,,2026-09-05T00:11:36.717500Z
2343274b-a535-44fd-a1fa-ddc1fea6c96e,run1_rep2,E,CLOSED,CLOSED,request,PROVIDER,N/A,,618.3407080006873,INFO,adaptador.request,true,exitoso,,,9793.606989218,9792.98864851,,,2026-09-05T00:11:36.807798Z
e2dec713-106b-42a5-8513-f889da64bd1a,run1_rep2,E,CLOSED,CLOSED,request,PROVIDER,N/A,,641.7814169999474,INFO,adaptador.request,true,exitoso,,,9793.686226135,9793.044444718,,,2026-09-05T00:11:36.887026Z
b39cf48c-c5c7-499d-970a-801a8c40b212,run1_rep2,E,CLOSED,CLOSED,request,PROVIDER,N/A,,605.2291260002676,INFO,adaptador.request,true,exitoso,,,9793.754407552,9793.149178426,,,2026-09-05T00:11:36.955208Z
8c5c53ee-b540-4b1b-9096-2e1f18c25638,run1_rep2,E,CLOSED,CLOSED,request,PROVIDER,N/A,,651.6813330017612,INFO,adaptador.request,true,exitoso,,,9793.856308468,9793.204627135,,,2026-09-05T00:11:37.057163Z
90758e16-1fa5-49a9-b41d-29a76368f309,run1_rep2,E,CLOSED,CLOSED,request,PROVIDER,N/A,,616.7635829988285,INFO,adaptador.request,true,exitoso,,,9793.91930726,9793.302543677,,,2026-09-05T00:11:37.120114Z
6210b881-f2d9-4f77-8a44-9679a41544ad,run1_rep2,E,CLOSED,CLOSED,request,PROVIDER,N/A,,622.1535000004224,INFO,adaptador.request,true,exitoso,,,9794.023244427,9793.401090927,,,2026-09-05T00:11:37.224066Z
09ee0783-03bd-4858-9d9a-adec4e77ffab,run1_rep2,E,CLOSED,CLOSED,request,PROVIDER,N/A,,649.0720829988277,INFO,adaptador.request,true,exitoso,,,9794.109969635,9793.460897552,,,2026-09-05T00:11:37.310797Z
b7767e82-d032-451b-971b-dfb3d3988c00,run1_rep2,E,CLOSED,CLOSED,request,PROVIDER,N/A,,690.6804999998712,INFO,adaptador.request,true,exitoso,,,9794.185524802,9793.494844302,,,2026-09-05T00:11:37.386342Z
e097ec68-1447-4ba3-9c67-7fc4c2060844,run1_rep2,E,CLOSED,CLOSED,request,PROVIDER,N/A,,524.894250998841,INFO,adaptador.request,true,exitoso,,,9794.279128969,9793.754234718,,,2026-09-05T00:11:37.479923Z
33543c67-59c5-4b27-a7a6-c2945af2286b,run1_rep2,E,CLOSED,CLOSED,request,PROVIDER,N/A,,569.1582079998625,INFO,adaptador.request,true,exitoso,,,9794.368877135,9793.799718927,,,2026-09-05T00:11:37.569705Z
bcb1417a-d70f-440e-a6be-fbc42cc036c2,run1_rep2,E,CLOSED,CLOSED,request,PROVIDER,N/A,,639.7470419997262,INFO,adaptador.request,true,exitoso,,,9794.462715094,9793.822968052,,,2026-09-05T00:11:37.663492Z
624b0d9d-ed1c-4005-8ae6-3fbdff881dd8,run1_rep2,E,CLOSED,CLOSED,request,PROVIDER,N/A,,577.9307080010767,INFO,adaptador.request,true,exitoso,,,9794.535475135,9793.957544427,,,2026-09-05T00:11:37.736291Z
6e42cd29-9a44-42b2-9645-22d81f05eaa2,run1_rep2,E,CLOSED,CLOSED,request,PROVIDER,N/A,,638.0919590010308,INFO,adaptador.request,true,exitoso,,,9794.629286511,9793.991194552,,,2026-09-05T00:11:37.830086Z
655d1707-64c9-41bf-bc94-a64e0f1dd49d,run1_rep2,E,CLOSED,CLOSED,request,PROVIDER,N/A,,454.49816700056545,INFO,adaptador.request,true,exitoso,,,9794.708963927,9794.25446576,,,2026-09-05T00:11:37.909765Z
1383d1fe-815b-4854-96ed-df54389f4f11,run1_rep2,E,CLOSED,CLOSED,request,PROVIDER,N/A,,530.0220839999383,INFO,adaptador.request,true,exitoso,,,9794.791442719,9794.261420635,,,2026-09-05T00:11:37.992176Z
18a093c0-2145-490a-b1c5-77db1dcd4a8b,run1_rep2,E,CLOSED,CLOSED,request,PROVIDER,N/A,,566.6384169999219,INFO,adaptador.request,true,exitoso,,,9794.894623094,9794.327984677,,,2026-09-05T00:11:38.095399Z
d36b3bf2-9cca-4973-b466-0b541e37cf44,run1_rep2,E,CLOSED,CLOSED,request,PROVIDER,N/A,,630.9919579998677,INFO,adaptador.request,true,exitoso,,,9794.964969677,9794.333977719,,,2026-09-05T00:11:38.165753Z
d9955ce2-8d9a-4645-862c-0375631ba1be,run1_rep2,E,CLOSED,CLOSED,request,PROVIDER,N/A,,630.9395830012363,INFO,adaptador.request,true,exitoso,,,9795.053796427,9794.422856844,,,2026-09-05T00:11:38.254601Z
ac458423-6d6b-406f-af5c-a225bae187df,run1_rep2,E,CLOSED,CLOSED,request,PROVIDER,N/A,,638.7488340005802,INFO,adaptador.request,true,exitoso,,,9795.148322011,9794.509573177,,,2026-09-05T00:11:38.349105Z
0d2da96c-446d-4dd7-9a2b-866365115d40,run1_rep2,E,CLOSED,CLOSED,request,PROVIDER,N/A,,597.697415998482,INFO,adaptador.request,true,exitoso,,,9795.253037927,9794.655340511,,,2026-09-05T00:11:38.453807Z
7b92c937-de04-4e0c-8a21-c769d8292911,run1_rep2,E,CLOSED,CLOSED,request,PROVIDER,N/A,,534.359792000032,INFO,adaptador.request,true,exitoso,,,9795.350729261,9794.816369469,,,2026-09-05T00:11:38.551494Z
752316b9-d3c7-4493-ab15-36bf73f58f6f,run1_rep2,E,CLOSED,CLOSED,request,PROVIDER,N/A,,571.4612920000945,INFO,adaptador.request,true,exitoso,,,9795.415784094,9794.844322802,,,2026-09-05T00:11:38.616558Z
398dd7f5-72a4-4d94-b7c7-e774f0378f97,run1_rep2,E,CLOSED,CLOSED,request,PROVIDER,N/A,,566.2196250013949,INFO,adaptador.request,true,exitoso,,,9795.483239761,9794.917020136,,,2026-09-05T00:11:38.684009Z
bd4aa195-6524-4cb1-9502-04f461873cdf,run1_rep2,E,CLOSED,CLOSED,request,PROVIDER,N/A,,615.6078330004675,INFO,adaptador.request,true,exitoso,,,9795.583139594,9794.967531761,,,2026-09-05T00:11:38.783913Z
adecc5a6-1e24-4e9a-a96c-85765337fb0e,run1_rep2,E,CLOSED,CLOSED,request,PROVIDER,N/A,,641.813166999782,INFO,adaptador.request,true,exitoso,,,9795.659404511,9795.017591344,,,2026-09-05T00:11:38.860182Z
6e990618-baa6-431f-b925-e86b2b262855,run1_rep2,E,CLOSED,CLOSED,request,PROVIDER,N/A,,420.79487500086543,INFO,adaptador.request,true,exitoso,,,9795.727388511,9795.306593636,,,2026-09-05T00:11:38.928196Z
c7a9ed8e-8e73-4518-8e51-0416ec552e5e,run1_rep2,E,CLOSED,CLOSED,request,PROVIDER,N/A,,512.5307079997583,INFO,adaptador.request,true,exitoso,,,9795.833800094,9795.321269386,,,2026-09-05T00:11:39.034571Z
203c8ac1-3d0b-443d-83ae-f541226dfc87,run1_rep2,E,CLOSED,CLOSED,request,PROVIDER,N/A,,453.2043330000306,INFO,adaptador.request,true,exitoso,,,9795.937252511,9795.484048178,,,2026-09-05T00:11:39.138042Z
25b264ad-e256-41ba-b06b-f306b4c870d6,run1_rep2,E,CLOSED,CLOSED,request,PROVIDER,N/A,,501.5761670001666,INFO,adaptador.request,true,exitoso,,,9796.033516928,9795.531940761,,,2026-09-05T00:11:39.234280Z
f1b071aa-1087-4861-b520-a660a0023526,run1_rep2,E,CLOSED,CLOSED,request,PROVIDER,N/A,,445.4478759998892,INFO,adaptador.request,true,exitoso,,,9796.102850095,9795.657402219,,,2026-09-05T00:11:39.303613Z
957832a7-2940-453d-b4d2-cdd9717b2627,run1_rep2,E,CLOSED,CLOSED,request,PROVIDER,N/A,,498.0100009997841,INFO,adaptador.request,true,exitoso,,,9796.169457845,9795.671447844,,,2026-09-05T00:11:39.370235Z
8247f4cc-8ae7-4cef-9a9f-d12125871234,run1_rep2,E,CLOSED,CLOSED,request,PROVIDER,N/A,,548.4137090006698,INFO,adaptador.request,true,exitoso,,,9796.239740678,9795.691326969,,,2026-09-05T00:11:39.440538Z
2a25e977-5ba7-4500-8287-db278751d05a,run1_rep2,E,CLOSED,CLOSED,request,PROVIDER,N/A,,551.7593340009626,INFO,adaptador.request,true,exitoso,,,9796.328690595,9795.776931261,,,2026-09-05T00:11:39.529463Z
76c99477-cc87-4f49-87f4-ccb634267f78,run1_rep2,E,CLOSED,CLOSED,request,PROVIDER,N/A,,544.544374999532,INFO,adaptador.request,true,exitoso,,,9796.399244261,9795.854699886,,,2026-09-05T00:11:39.600012Z
83a77f57-44a2-442b-a64f-a74ff4d7eb80,run1_rep2,E,CLOSED,CLOSED,request,PROVIDER,N/A,,538.0930840001383,INFO,adaptador.request,true,exitoso,,,9796.467943053,9795.929849969,,,2026-09-05T00:11:39.668745Z
75e5c79e-12ea-47e4-817d-5f3d8ca22a0c,run1_rep2,E,CLOSED,CLOSED,request,PROVIDER,N/A,,605.9541670001636,INFO,adaptador.request,true,exitoso,,,9796.545265303,9795.939311136,,,2026-09-05T00:11:39.746098Z
1873a28d-ff81-4897-b916-dd3c99f87475,run1_rep2,E,CLOSED,CLOSED,request,PROVIDER,N/A,,598.8000420002209,INFO,adaptador.request,true,exitoso,,,9796.62878072,9796.029980678,,,2026-09-05T00:11:39.829571Z
22fb42a8-53c4-41ba-b192-e3971743f93c,run1_rep2,E,CLOSED,CLOSED,request,PROVIDER,N/A,,398.37262499895587,INFO,adaptador.request,true,exitoso,,,9796.716856595,9796.31848397,,,2026-09-05T00:11:39.917641Z
2cf3f3f2-1bee-40b6-b65c-f8ee79c90b5e,run1_rep2,E,CLOSED,CLOSED,request,PROVIDER,N/A,,341.44791700055066,INFO,adaptador.request,true,exitoso,,,9796.785773928,9796.444326011,,,2026-09-05T00:11:39.986539Z
8fa615ad-1ce0-40da-a434-1417545b2ce4,run1_rep2,E,CLOSED,CLOSED,request,PROVIDER,N/A,,339.7070840001106,INFO,adaptador.request,true,exitoso,,,9796.870674845,9796.530967761,,,2026-09-05T00:11:40.071445Z
1fd0ea1a-e0a5-4847-a14e-e50e5ec846bd,run1_rep2,E,CLOSED,CLOSED,request,PROVIDER,N/A,,380.76162500146893,INFO,adaptador.request,true,exitoso,,,9796.930705303,9796.549943678,,,2026-09-05T00:11:40.131465Z
d4a2c03e-b041-403c-a4d4-f7faeffc3f10,run1_rep2,E,CLOSED,CLOSED,request,PROVIDER,N/A,,436.47704199975124,INFO,adaptador.request,true,exitoso,,,9796.98867797,9796.552200928,,,2026-09-05T00:11:40.189454Z
ebc3ee92-1066-4b4b-98ce-da7d22003d1c,run1_rep2,E,CLOSED,CLOSED,request,PROVIDER,N/A,,445.56766700043227,INFO,adaptador.request,true,exitoso,,,9797.058819303,9796.613251636,,,2026-09-05T00:11:40.259588Z
ef7e9398-ad69-40ae-b549-c23f13d19faa,run1_rep2,E,CLOSED,CLOSED,request,PROVIDER,N/A,,485.79166699892085,INFO,adaptador.request,true,exitoso,,,9797.148242262,9796.662450595,,,2026-09-05T00:11:40.349012Z
a46915af-0f13-4fa8-a722-0fb97dc6533a,run1_rep2,E,CLOSED,CLOSED,request,PROVIDER,N/A,,528.7092909984494,INFO,adaptador.request,true,exitoso,,,9797.224572303,9796.695863012,,,2026-09-05T00:11:40.425343Z
11c23831-8ff5-440f-9865-1854afd43645,run1_rep2,E,CLOSED,CLOSED,request,PROVIDER,N/A,,559.7516249999899,INFO,adaptador.request,true,exitoso,,,9797.327735428,9796.767983803,,,2026-09-05T00:11:40.528515Z
886f5553-97ef-49ad-9f1d-7c5b7f335a82,run1_rep2,E,CLOSED,CLOSED,request,PROVIDER,N/A,,393.9000840000517,INFO,adaptador.request,true,exitoso,,,9797.411669637,9797.017769553,,,2026-09-05T00:11:40.612445Z
024258a5-aa0a-4f6c-98a0-f354bf7d46bf,run1_rep2,E,CLOSED,CLOSED,request,PROVIDER,N/A,,470.88137499849836,INFO,adaptador.request,true,exitoso,,,9797.50772597,9797.036844595,,,2026-09-05T00:11:40.708502Z
fa59440c-0384-486d-84f5-cbb73d1ac8f1,run1_rep2,E,CLOSED,CLOSED,request,PROVIDER,N/A,,487.67508400123916,INFO,adaptador.request,true,exitoso,,,9797.602939054,9797.11526397,,,2026-09-05T00:11:40.803715Z
bf7ecf30-03cf-403f-a485-cee071beef32,run1_rep2,E,CLOSED,CLOSED,request,PROVIDER,N/A,,495.0098760000401,INFO,adaptador.request,true,exitoso,,,9797.668159804,9797.173149928,,,2026-09-05T00:11:40.868946Z
5e11f913-57e4-4088-9a8e-002241177de2,run1_rep2,E,CLOSED,CLOSED,request,PROVIDER,N/A,,523.1072919996222,INFO,adaptador.request,true,exitoso,,,9797.771727554,9797.248620262,,,2026-09-05T00:11:40.972503Z
cedd5398-c30e-4ece-82e2-1fef02c357b2,run1_rep2,E,CLOSED,CLOSED,request,PROVIDER,N/A,,544.3959579988586,INFO,adaptador.request,true,exitoso,,,9797.838353095,9797.293957137,,,2026-09-05T00:11:41.039138Z
c64e8916-5b3a-4d39-8708-7b97302b5f0d,run1_rep2,E,CLOSED,CLOSED,request,PROVIDER,N/A,,557.2703750003711,INFO,adaptador.request,true,exitoso,,,9797.919666095,9797.36239572,,,2026-09-05T00:11:41.120481Z
76171995-e184-45e6-a091-b047c7161ba3,run1_rep2,E,CLOSED,CLOSED,request,PROVIDER,N/A,,650.4100000001927,INFO,adaptador.request,true,exitoso,,,9798.013161429,9797.362751429,,,2026-09-05T00:11:41.213924Z
c5dff649-adf9-4d93-b24b-75655e1a9085,run1_rep2,E,CLOSED,CLOSED,request,PROVIDER,N/A,,669.4161260002147,INFO,adaptador.request,true,exitoso,,,9798.085718346,9797.41630222,,,2026-09-05T00:11:41.286486Z
a311b2a6-633c-4307-896f-328938c3c1a5,run1_rep2,E,CLOSED,CLOSED,request,PROVIDER,N/A,,640.5447090000962,INFO,adaptador.request,true,exitoso,,,9798.192666846,9797.552122137,,,2026-09-05T00:11:41.393445Z
388d9c63-2046-410e-86c9-2823cb2170db,run1_rep2,E,CLOSED,CLOSED,request,PROVIDER,N/A,,726.2690000006842,INFO,adaptador.request,true,exitoso,,,9798.284909054,9797.558640054,,,2026-09-05T00:11:41.485691Z
39086e37-0cfc-4b1c-88be-5b6be82e9f1a,run1_rep2,E,CLOSED,CLOSED,request,PROVIDER,N/A,,683.2437920002121,INFO,adaptador.request,true,exitoso,,,9798.374105512,9797.69086172,,,2026-09-05T00:11:41.574888Z
cb6f1d57-1755-4f3f-9ba9-35ccd8d112d9,run1_rep2,E,CLOSED,CLOSED,request,PROVIDER,N/A,,645.1723760001187,INFO,adaptador.request,true,exitoso,,,9798.469899721,9797.824727345,,,2026-09-05T00:11:41.670694Z
f0a9f4db-a2cf-44b9-9dce-5b98f648a6ea,run1_rep2,E,CLOSED,CLOSED,request,PROVIDER,N/A,,628.1902919999993,INFO,adaptador.request,true,exitoso,,,9798.546029804,9797.917839512,,,2026-09-05T00:11:41.746817Z
2db3e946-b468-4ffc-8d80-ffcb610af408,run1_rep2,E,CLOSED,CLOSED,request,PROVIDER,N/A,,576.0573339994153,INFO,adaptador.request,true,exitoso,,,9798.611692596,9798.035635262,,,2026-09-05T00:11:41.812491Z
f04a7ad0-d26f-45b0-97e5-a6758bfeca73,run1_rep2,E,CLOSED,CLOSED,request,PROVIDER,N/A,,450.770041999931,INFO,adaptador.request,true,exitoso,,,9798.705537346,9798.254767304,,,2026-09-05T00:11:41.906318Z
c2c4c0f7-53d9-4585-a79e-6a9f9a263d7e,run1_rep2,E,CLOSED,CLOSED,request,PROVIDER,N/A,,490.88837599992985,INFO,adaptador.request,true,exitoso,,,9798.784720513,9798.293832137,,,2026-09-05T00:11:41.985538Z
d3ac8cb0-aae0-4d7a-8868-63c3ed7c8f9e,run1_rep2,E,CLOSED,CLOSED,request,PROVIDER,N/A,,542.7677919997222,INFO,adaptador.request,true,exitoso,,,9798.884631929,9798.341864137,,,2026-09-05T00:11:42.085416Z
32e034eb-3a93-49fa-9681-61e305a9564d,run1_rep2,E,CLOSED,CLOSED,request,PROVIDER,N/A,,522.908417000508,INFO,adaptador.request,true,exitoso,,,9798.975455721,9798.452547304,,,2026-09-05T00:11:42.176374Z
1331b01c-7c47-417e-a130-61749cd9525f,run1_rep2,E,CLOSED,CLOSED,request,PROVIDER,N/A,,527.5740420001966,INFO,adaptador.request,true,exitoso,,,9799.048515888,9798.520941846,,,2026-09-05T00:11:42.249317Z
376e81cf-1549-4cc2-96cc-8c1b3c453cc3,run1_rep2,E,CLOSED,CLOSED,request,PROVIDER,N/A,,552.0725419992232,INFO,adaptador.request,true,exitoso,,,9799.107372429,9798.555299887,,,2026-09-05T00:11:42.308145Z
1972b232-864d-40a5-ba34-86ee67f0304d,run1_rep2,E,CLOSED,CLOSED,request,PROVIDER,N/A,,435.0452499984385,INFO,adaptador.request,true,exitoso,,,9799.165464179,9798.730418929,,,2026-09-05T00:11:42.366244Z
2d1487bb-322f-4d6f-8384-c2f2937956a9,run1_rep2,E,CLOSED,CLOSED,request,PROVIDER,N/A,,466.697165998994,INFO,adaptador.request,true,exitoso,,,9799.255846679,9798.789149513,,,2026-09-05T00:11:42.456623Z
7870349e-8e8e-4360-9a72-93c05310dd1d,run1_rep2,E,CLOSED,CLOSED,request,PROVIDER,N/A,,549.8440840001422,INFO,adaptador.request,true,exitoso,,,9799.356750888,9798.806906804,,,2026-09-05T00:11:42.557580Z
d674e683-fe3e-4520-875d-4579d2b9f556,run1_rep2,E,CLOSED,CLOSED,request,PROVIDER,N/A,,553.705042000729,INFO,adaptador.request,true,exitoso,,,9799.412929096,9798.859224054,,,2026-09-05T00:11:42.613722Z
479ad285-914c-4232-b974-75cc251b84f1,run1_rep2,E,CLOSED,CLOSED,request,PROVIDER,N/A,,544.5228749995294,INFO,adaptador.request,true,exitoso,,,9799.475727763,9798.931204888,,,2026-09-05T00:11:42.676498Z
f2544f93-9415-4cfa-8a02-761c389e9819,run1_rep2,E,CLOSED,CLOSED,request,PROVIDER,N/A,,452.71366700035287,INFO,adaptador.request,true,exitoso,,,9799.559927971,9799.107214304,,,2026-09-05T00:11:42.760726Z
f52cf659-8f22-492b-aadc-8fea8e9d761b,run1_rep2,E,CLOSED,CLOSED,request,PROVIDER,N/A,,473.63741700064566,INFO,adaptador.request,true,exitoso,,,9799.614075763,9799.140438346,,,2026-09-05T00:11:42.814857Z
608f2d9b-34ed-4d07-b726-1ad3c0ba950a,run1_rep2,E,CLOSED,CLOSED,request,PROVIDER,N/A,,331.7613339986565,INFO,adaptador.request,true,exitoso,,,9799.68938918,9799.357627846,,,2026-09-05T00:11:42.890175Z
bf8839fd-1234-4820-9e66-f4cfb00295be,run1_rep2,E,CLOSED,CLOSED,request,PROVIDER,N/A,,346.0550419986248,INFO,adaptador.request,true,exitoso,,,9799.74926218,9799.403207138,,,2026-09-05T00:11:42.950090Z
3b2a23d5-c4d1-4f90-b088-26773fd8baf3,run1_rep2,E,CLOSED,CLOSED,request,PROVIDER,N/A,,378.7162079988775,INFO,adaptador.request,true,exitoso,,,9799.807185221,9799.428469013,,,2026-09-05T00:11:43.007959Z
22253ff0-0ad6-4eb6-9f8a-23f75814f851,run1_rep2,E,CLOSED,CLOSED,request,PROVIDER,N/A,,458.8972920009837,INFO,adaptador.request,true,exitoso,,,9799.914578971,9799.455681679,,,2026-09-05T00:11:43.115356Z
83504cdd-48f6-4865-ba6a-0cd61a99b36c,run1_rep2,E,CLOSED,CLOSED,request,PROVIDER,N/A,,414.971082998818,INFO,adaptador.request,true,exitoso,,,9799.997332763,9799.58236168,,,2026-09-05T00:11:43.198057Z
bd9b409d-ef99-4cf3-a63c-a6ef820a3764,run1_rep2,E,CLOSED,CLOSED,request,PROVIDER,N/A,,417.24450000037905,INFO,adaptador.request,true,exitoso,,,9800.065759055,9799.648514555,,,2026-09-05T00:11:43.266530Z
25439c1d-d7f0-4985-aef2-8eb599638830,run1_rep2,E,CLOSED,CLOSED,request,PROVIDER,N/A,,363.8995839992276,INFO,adaptador.request,true,exitoso,,,9800.129161555,9799.765261971,,,2026-09-05T00:11:43.329947Z
d3aa5a81-b135-456c-beef-7cb86f076617,run1_rep2,E,CLOSED,CLOSED,request,PROVIDER,N/A,,316.09258400021645,INFO,adaptador.request,true,exitoso,,,9800.205514097,9799.889421513,,,2026-09-05T00:11:43.406272Z
841b429c-4391-44d4-a9b5-e553e739e042,run1_rep2,E,CLOSED,CLOSED,request,PROVIDER,N/A,,380.76654200085613,INFO,adaptador.request,true,exitoso,,,9800.309901597,9799.929135055,,,2026-09-05T00:11:43.510678Z
1d995c97-6343-44ee-a379-ee59183df37c,run1_rep2,E,CLOSED,CLOSED,request,PROVIDER,N/A,,346.9742090001091,INFO,adaptador.request,true,exitoso,,,9800.412298347,9800.065324138,,,2026-09-05T00:11:43.613058Z
baaf92b8-6137-4e8e-a67c-7d9a2fc45036,run1_rep2,E,CLOSED,CLOSED,request,PROVIDER,N/A,,385.1937920007913,INFO,adaptador.request,true,exitoso,,,9800.495889805,9800.110696013,,,2026-09-05T00:11:43.696676Z
3a93082f-12a4-4c8a-97f9-47b79b1e46a1,run1_rep2,E,CLOSED,CLOSED,request,PROVIDER,N/A,,413.7305419990298,INFO,adaptador.request,true,exitoso,,,9800.556024263,9800.142293721,,,2026-09-05T00:11:43.756781Z
13ddeca1-21eb-4fda-befe-45a40cb799cf,run1_rep2,E,CLOSED,CLOSED,request,PROVIDER,N/A,,424.6805420007149,INFO,adaptador.request,true,exitoso,,,9800.614708097,9800.190027555,,,2026-09-05T00:11:43.815491Z
d7bf028b-75db-4097-a97d-528ad162867a,run1_rep2,E,CLOSED,CLOSED,request,PROVIDER,N/A,,462.6114580005378,INFO,adaptador.request,true,exitoso,,,9800.710930638,9800.24831918,,,2026-09-05T00:11:43.911731Z
77f68a22-7c62-448d-9330-1f890e116d74,run1_rep2,E,CLOSED,CLOSED,request,PROVIDER,N/A,,516.2584579993563,INFO,adaptador.request,true,exitoso,,,9800.779589888,9800.26333143,,,2026-09-05T00:11:43.980360Z
2eb4c204-c714-4951-a56a-174549019c7c,run1_rep2,E,CLOSED,CLOSED,request,PROVIDER,N/A,,508.4260830008134,INFO,adaptador.request,true,exitoso,,,9800.861685305,9800.353259222,,,2026-09-05T00:11:44.062469Z
cbf8f399-e863-4e6f-a6af-1ff6da1a1bd2,run1_rep2,E,CLOSED,CLOSED,request,PROVIDER,N/A,,567.5944579998031,INFO,adaptador.request,true,exitoso,,,9800.953740555,9800.386146097,,,2026-09-05T00:11:44.154507Z
31ffbef0-588d-4aa2-9038-bf4c95fc5425,run1_rep2,E,CLOSED,CLOSED,request,PROVIDER,N/A,,480.19837499850837,INFO,adaptador.request,true,exitoso,,,9801.05117218,9800.570973805,,,2026-09-05T00:11:44.251986Z
45a1ec25-3446-4e01-8991-f81e422a6e6a,run1_rep2,E,CLOSED,CLOSED,request,PROVIDER,N/A,,386.1872920006135,INFO,adaptador.request,true,exitoso,,,9801.111459055,9800.725271763,,,2026-09-05T00:11:44.312240Z
556f013d-e201-4c9d-a782-62af06d86c32,run1_rep2,E,CLOSED,CLOSED,request,PROVIDER,N/A,,414.53550000005635,INFO,adaptador.request,true,exitoso,,,9801.176711805,9800.762176305,,,2026-09-05T00:11:44.377526Z
967a4868-93c2-4996-ba5c-9767f7788c93,run1_rep2,E,CLOSED,CLOSED,request,PROVIDER,N/A,,481.77450000002864,INFO,adaptador.request,true,exitoso,,,9801.265457555,9800.783683055,,,2026-09-05T00:11:44.466245Z
18d3d83c-eab2-4689-8a83-26c25abf29f8,run1_rep2,E,CLOSED,CLOSED,request,PROVIDER,N/A,,322.1871669993561,INFO,adaptador.request,true,exitoso,,,9801.339517764,9801.017330597,,,2026-09-05T00:11:44.540293Z
533e24a0-d792-401b-b990-64e30eddcfad,run1_rep2,E,CLOSED,CLOSED,request,PROVIDER,N/A,,385.23129199893447,INFO,adaptador.request,true,exitoso,,,9801.402954139,9801.017722847,,,2026-09-05T00:11:44.603781Z
f13ff97d-2555-4a3a-8a45-b952bbb6e14c,run1_rep2,E,CLOSED,CLOSED,request,PROVIDER,N/A,,445.3031249995547,INFO,adaptador.request,true,exitoso,,,9801.464911055,9801.01960793,,,2026-09-05T00:11:44.665671Z
d397855a-119c-4b62-987e-bfccca769f51,run1_rep2,E,CLOSED,CLOSED,request,PROVIDER,N/A,,350.473915999828,INFO,adaptador.request,true,exitoso,,,9801.535256805,9801.184782889,,,2026-09-05T00:11:44.736034Z
34f65b6b-5653-453b-b1d6-37415546593d,run1_rep2,E,CLOSED,CLOSED,request,PROVIDER,N/A,,423.38637500142795,INFO,adaptador.request,true,exitoso,,,9801.638654472,9801.215268097,,,2026-09-05T00:11:44.839451Z
4423cd5f-e772-42ad-81e0-62252ec52b35,run1_rep2,E,CLOSED,CLOSED,request,PROVIDER,N/A,,467.1067919989582,INFO,adaptador.request,true,exitoso,,,9801.695377306,9801.228270514,,,2026-09-05T00:11:44.896151Z
c9ed0d82-6707-4b12-9eb3-d7438ede697b,run1_rep2,E,CLOSED,CLOSED,request,PROVIDER,N/A,,462.8973750004661,INFO,adaptador.request,true,exitoso,,,9801.775980389,9801.313083014,,,2026-09-05T00:11:44.976767Z
d74e4189-b00f-46a2-ad71-587bfd9eace5,run1_rep2,E,CLOSED,CLOSED,request,PROVIDER,N/A,,413.8387919992965,INFO,adaptador.request,true,exitoso,,,9801.855569014,9801.441730222,,,2026-09-05T00:11:45.056340Z
4fb2552f-c538-4649-9184-8ab39c12cb3a,run1_rep2,E,CLOSED,CLOSED,request,PROVIDER,N/A,,386.3302919999114,INFO,adaptador.request,true,exitoso,,,9801.920754639,9801.534424347,,,2026-09-05T00:11:45.121516Z
3ec1d703-c0b5-4fd2-b0d0-19985068dc78,run1_rep2,E,CLOSED,CLOSED,request,PROVIDER,N/A,,426.61179099923174,INFO,adaptador.request,true,exitoso,,,9802.023124222,9801.596512431,,,2026-09-05T00:11:45.223857Z
a862c596-d1d8-4674-a2a5-cf09c87fa19a,run1_rep2,E,CLOSED,CLOSED,request,PROVIDER,N/A,,440.15500000023167,INFO,adaptador.request,true,exitoso,,,9802.077198389,9801.637043389,,,2026-09-05T00:11:45.277921Z
28b740a6-4a17-4813-9a06-a3c413f73e46,run1_rep2,E,CLOSED,CLOSED,request,PROVIDER,N/A,,469.50866599945584,INFO,adaptador.request,true,exitoso,,,9802.130678722,9801.661170056,,,2026-09-05T00:11:45.331403Z
85b8d5e3-85f6-41f4-8f60-8a7d7ca325f8,run1_rep2,E,CLOSED,CLOSED,request,PROVIDER,N/A,,534.9045839993778,INFO,adaptador.request,true,exitoso,,,9802.207490931,9801.672586347,,,2026-09-05T00:11:45.408284Z
fc06475e-4fcb-4826-ba3f-cd517b4d2f52,run1_rep2,E,CLOSED,CLOSED,request,PROVIDER,N/A,,598.6187920007069,INFO,adaptador.request,true,exitoso,,,9802.271553056,9801.672934264,,,2026-09-05T00:11:45.472342Z
d87be168-da85-4d20-b302-6b3fe98a97a9,run1_rep2,E,CLOSED,CLOSED,request,PROVIDER,N/A,,430.41370900027687,INFO,adaptador.request,true,exitoso,,,9802.357482973,9801.927069264,,,2026-09-05T00:11:45.558291Z
c439d975-b856-46a2-b0be-621aeea10664,run1_rep2,E,CLOSED,CLOSED,request,PROVIDER,N/A,,437.625417000163,INFO,adaptador.request,true,exitoso,,,9802.437275973,9801.999650556,,,2026-09-05T00:11:45.638074Z
cc63b891-a5a6-413a-8ff9-e564f6d6354c,run1_rep2,E,CLOSED,CLOSED,request,PROVIDER,N/A,,425.54104200098664,INFO,adaptador.request,true,exitoso,,,9802.503401223,9802.077860181,,,2026-09-05T00:11:45.704201Z
f2810713-cad7-4a74-a1eb-3474f35da1f3,run1_rep2,E,CLOSED,CLOSED,request,PROVIDER,N/A,,502.5740829987626,INFO,adaptador.request,true,exitoso,,,9802.602668139,9802.100094056,,,2026-09-05T00:11:45.803445Z
4622581c-c8a2-4cc4-87b5-c9d839738122,run1_rep2,E,CLOSED,CLOSED,request,PROVIDER,N/A,,536.7844590000459,INFO,adaptador.request,true,exitoso,,,9802.706347181,9802.169562722,,,2026-09-05T00:11:45.907127Z
d8f475b4-2789-4483-a173-bf4344781e1e,run1_rep2,E,CLOSED,CLOSED,request,PROVIDER,N/A,,435.8043340016593,INFO,adaptador.request,true,exitoso,,,9802.795128973,9802.359324639,,,2026-09-05T00:11:45.995917Z
4027f9c1-c6d6-45a9-9c58-91274e7697eb,run1_rep2,E,CLOSED,CLOSED,request,PROVIDER,N/A,,473.9137500000652,INFO,adaptador.request,true,exitoso,,,9802.882111431,9802.408197681,,,2026-09-05T00:11:46.082903Z
1dd8686e-15b5-4f98-a6fd-a100d3184d24,run1_rep2,E,CLOSED,CLOSED,request,PROVIDER,N/A,,537.4906249999185,INFO,adaptador.request,true,exitoso,,,9802.974630556,9802.437139931,,,2026-09-05T00:11:46.175427Z
4aaa8eaa-ce5a-429b-833b-8fce5211a348,run1_rep2,E,CLOSED,CLOSED,request,PROVIDER,N/A,,460.11491699937324,INFO,adaptador.request,true,exitoso,,,9803.034443973,9802.574329056,,,2026-09-05T00:11:46.235235Z
0325576a-c69f-47e5-b774-4d7ba3272ffe,run1_rep2,E,CLOSED,CLOSED,request,PROVIDER,N/A,,508.259750000434,INFO,adaptador.request,true,exitoso,,,9803.111777806,9802.603518056,,,2026-09-05T00:11:46.312592Z
fb21e2a0-0910-4994-9400-2fc94329e79d,run1_rep2,E,CLOSED,CLOSED,request,PROVIDER,N/A,,522.5771249988611,INFO,adaptador.request,true,exitoso,,,9803.180204056,9802.657626931,,,2026-09-05T00:11:46.380969Z
77e0e2c3-a0dc-4694-b33d-2931974ff537,run1_rep2,E,CLOSED,CLOSED,request,PROVIDER,N/A,,495.7094170003984,INFO,adaptador.request,true,exitoso,,,9803.251931515,9802.756222098,,,2026-09-05T00:11:46.452733Z
7d24df18-8e0d-4b47-a294-95d784af2426,run1_rep2,E,CLOSED,CLOSED,request,PROVIDER,N/A,,485.4459580001276,INFO,adaptador.request,true,exitoso,,,9803.317264556,9802.831818598,,,2026-09-05T00:11:46.518056Z
ba5724fd-9b49-4e4f-a8ff-0590991f2f88,run1_rep2,E,CLOSED,CLOSED,request,PROVIDER,N/A,,498.31558400001086,INFO,adaptador.request,true,exitoso,,,9803.41667214,9802.918356556,,,2026-09-05T00:11:46.617463Z
2f6c5602-b9bf-43cf-b336-1836ec133217,run1_rep2,E,CLOSED,CLOSED,request,PROVIDER,N/A,,566.302542001722,INFO,adaptador.request,true,exitoso,,,9803.513066306,9802.946763764,,,2026-09-05T00:11:46.713852Z
fc3785a3-b05b-4b77-854a-d82f6fadcb17,run1_rep2,E,CLOSED,CLOSED,request,PROVIDER,N/A,,592.4109589996078,INFO,adaptador.request,true,exitoso,,,9803.56836464,9802.975953681,,,2026-09-05T00:11:46.769143Z
3e9cf714-f6c9-4df1-8581-324721d6e154,run1_rep2,E,CLOSED,CLOSED,request,PROVIDER,N/A,,273.0902090006566,INFO,adaptador.request,true,exitoso,,,9803.63978689,9803.366696681,,,2026-09-05T00:11:46.840556Z
f5bc8ceb-2173-4d1a-bb86-2b3b905b7c1a,run1_rep2,E,CLOSED,CLOSED,request,PROVIDER,N/A,,364.66016700069304,INFO,adaptador.request,true,exitoso,,,9803.745615557,9803.38095539,,,2026-09-05T00:11:46.946431Z
71329b46-d5af-4db4-8edd-44bc693bb964,run1_rep2,E,CLOSED,CLOSED,request,PROVIDER,N/A,,409.44275000038033,INFO,adaptador.request,true,exitoso,,,9803.808227473,9803.398784723,,,2026-09-05T00:11:47.009067Z
966bd4a3-45a1-4341-9c5e-e1bdfe837b72,run1_rep2,E,CLOSED,CLOSED,request,PROVIDER,N/A,,425.7328330004384,INFO,adaptador.request,true,exitoso,,,9803.886605348,9803.460872515,,,2026-09-05T00:11:47.087415Z
15cd008f-e7d6-400c-b3d1-a01d606a6e6d,run1_rep2,E,CLOSED,CLOSED,request,PROVIDER,N/A,,391.94620800117264,INFO,adaptador.request,true,exitoso,,,9803.958607598,9803.56666139,,,2026-09-05T00:11:47.159402Z
759cc5f8-e92d-41c5-9c02-fee1c8c176b0,run1_rep2,E,CLOSED,CLOSED,request,PROVIDER,N/A,,349.0386249995936,INFO,adaptador.request,true,exitoso,,,9804.026839723,9803.677801098,,,2026-09-05T00:11:47.227704Z
21d537a3-2b9d-46e5-b52b-1a55fe728636,run1_rep2,E,CLOSED,CLOSED,request,PROVIDER,N/A,,407.5654999996914,INFO,adaptador.request,true,exitoso,,,9804.085736848,9803.678171348,,,2026-09-05T00:11:47.286547Z
a76aa970-ba38-4194-aa23-3039ddee4545,run1_rep2,E,CLOSED,CLOSED,request,PROVIDER,N/A,,437.5570409993088,INFO,adaptador.request,true,exitoso,,,9804.187382473,9803.749825432,,,2026-09-05T00:11:47.388156Z
93678066-c007-439a-bba1-9e2cce668255,run1_rep2,E,CLOSED,CLOSED,request,PROVIDER,N/A,,452.44149999962247,INFO,adaptador.request,true,exitoso,,,9804.263953307,9803.811511807,,,2026-09-05T00:11:47.464822Z
d2ab2d7b-1a23-4d69-b212-b5821437dfa0,run1_rep2,E,CLOSED,CLOSED,request,PROVIDER,N/A,,464.2909169997438,INFO,adaptador.request,true,exitoso,,,9804.36278714,9803.898496223,,,2026-09-05T00:11:47.563574Z
70154905-7b41-473b-bd9f-727521f18e2d,run1_rep2,E,CLOSED,CLOSED,request,PROVIDER,N/A,,503.79370900009235,INFO,adaptador.request,true,exitoso,,,9804.445572807,9803.941779098,,,2026-09-05T00:11:47.646372Z
c825664b-3605-451b-93a9-770ea7f3ebcc,run1_rep2,E,CLOSED,CLOSED,request,PROVIDER,N/A,,533.8783340012014,INFO,adaptador.request,true,exitoso,,,9804.511815599,9803.977937265,,,2026-09-05T00:11:47.712592Z
b037380f-b8aa-45ec-8133-53cbb6138dbe,run1_rep2,E,CLOSED,CLOSED,request,PROVIDER,N/A,,470.2635420017032,INFO,adaptador.request,true,exitoso,,,9804.610852932,9804.14058939,,,2026-09-05T00:11:47.811643Z
03c3adc6-29ff-4986-b51b-5b25cf1f4150,run1_rep2,E,CLOSED,CLOSED,request,PROVIDER,N/A,,462.0845419995021,INFO,adaptador.request,true,exitoso,,,9804.698830682,9804.23674614,,,2026-09-05T00:11:47.899612Z
600df24e-0cef-45e8-b519-ae4b7d078418,run1_rep2,E,CLOSED,CLOSED,request,PROVIDER,N/A,,509.2763760003436,INFO,adaptador.request,true,exitoso,,,9804.791154724,9804.281878348,,,2026-09-05T00:11:47.991955Z
9ad02fbf-3e8f-4e08-8301-750b05b710c4,run1_rep2,E,CLOSED,CLOSED,request,PROVIDER,N/A,,490.2197920000617,INFO,adaptador.request,true,exitoso,,,9804.858933849,9804.368714057,,,2026-09-05T00:11:48.059753Z
de7414b0-60f9-4979-a7f6-27f9d4d0daec,run1_rep2,E,CLOSED,CLOSED,request,PROVIDER,N/A,,586.8573330008076,INFO,adaptador.request,true,exitoso,,,9804.958377057,9804.371519724,,,2026-09-05T00:11:48.159170Z
e11ef590-e165-4e93-ae5a-01b5493a9f95,run1_rep2,E,CLOSED,CLOSED,request,PROVIDER,N/A,,602.1503749998374,INFO,adaptador.request,true,exitoso,,,9805.031915557,9804.429765182,,,2026-09-05T00:11:48.232794Z
337a2158-2ef8-4055-9a74-bfa73540e82e,run1_rep2,E,CLOSED,CLOSED,request,PROVIDER,N/A,,488.1485010009783,INFO,adaptador.request,true,exitoso,,,9805.137032516,9804.648884015,,,2026-09-05T00:11:48.337818Z
7dc10d59-daaa-411d-a6af-1cda3ecd4541,run1_rep2,E,CLOSED,CLOSED,request,PROVIDER,N/A,,513.5064169990073,INFO,adaptador.request,true,exitoso,,,9805.199373099,9804.685866682,,,2026-09-05T00:11:48.400165Z
cb10a1cd-f05f-4c6a-b46f-ee21196e6b7c,run1_rep2,E,CLOSED,CLOSED,request,PROVIDER,N/A,,545.6163750004634,INFO,adaptador.request,true,exitoso,,,9805.299755349,9804.754138974,,,2026-09-05T00:11:48.500542Z
768970c7-4d8e-47b2-9b79-5c701163d553,run1_rep2,E,CLOSED,CLOSED,request,PROVIDER,N/A,,553.8464999990538,INFO,adaptador.request,true,exitoso,,,9805.377292849,9804.823446349,,,2026-09-05T00:11:48.578083Z
a5970926-6c95-4425-b2ae-6b85e4197c63,run1_rep2,E,CLOSED,CLOSED,request,PROVIDER,N/A,,607.646583001042,INFO,adaptador.request,true,exitoso,,,9805.473595682,9804.865949099,,,2026-09-05T00:11:48.674374Z
df80217b-a2e0-4d70-bc16-eb7507114291,run1_rep2,E,CLOSED,CLOSED,request,PROVIDER,N/A,,624.5438339992688,INFO,adaptador.request,true,exitoso,,,9805.566658974,9804.94211514,,,2026-09-05T00:11:48.767520Z
d6c642ed-574b-4bbb-a019-32b0de123ba3,run1_rep2,E,CLOSED,CLOSED,request,PROVIDER,N/A,,595.0330830000894,INFO,adaptador.request,true,exitoso,,,9805.663635099,9805.068602016,,,2026-09-05T00:11:48.864464Z
461f713b-2b12-47ca-8f17-b4f8d455b761,run1_rep2,E,CLOSED,CLOSED,request,PROVIDER,N/A,,598.3264170008624,INFO,adaptador.request,true,exitoso,,,9805.763079849,9805.164753432,,,2026-09-05T00:11:48.963886Z
7e769853-9706-4445-8591-c91c6eaacdaa,run1_rep2,E,CLOSED,CLOSED,request,PROVIDER,N/A,,570.0306670005375,INFO,adaptador.request,true,exitoso,,,9805.831586516,9805.261555849,,,2026-09-05T00:11:49.032429Z
0b004249-abd2-4cd9-bfe7-3ea34d34d4cc,run1_rep2,E,CLOSED,CLOSED,request,PROVIDER,N/A,,523.9750830005505,INFO,adaptador.request,true,exitoso,,,9805.937616974,9805.413641891,,,2026-09-05T00:11:49.138404Z
0e905608-530e-461f-851c-16048dcd1d5c,run1_rep2,E,CLOSED,CLOSED,request,PROVIDER,N/A,,551.2367080009426,INFO,adaptador.request,true,exitoso,,,9806.001118349,9805.449881641,,,2026-09-05T00:11:49.201923Z
e33f984d-aa12-4ab9-b90f-cce0335d0984,run1_rep2,E,CLOSED,CLOSED,request,PROVIDER,N/A,,615.0994169984187,INFO,adaptador.request,true,exitoso,,,9806.108649224,9805.493549807,,,2026-09-05T00:11:49.309510Z
a72ef531-74a0-41a4-b97e-374a8da75b95,run1_rep2,E,CLOSED,CLOSED,request,PROVIDER,N/A,,660.8792499991978,INFO,adaptador.request,true,exitoso,,,9806.194065974,9805.533186724,,,2026-09-05T00:11:49.394839Z
22c97052-5b5b-4989-b2a8-bb8f05ed8725,run1_rep2,E,CLOSED,CLOSED,request,PROVIDER,N/A,,637.2488340002747,INFO,adaptador.request,true,exitoso,,,9806.262604308,9805.625355474,,,2026-09-05T00:11:49.463434Z
f3470c78-6ab8-405b-805f-618be5e0a72a,run1_rep2,E,CLOSED,CLOSED,request,PROVIDER,N/A,,511.8954579993442,INFO,adaptador.request,true,exitoso,,,9806.323773516,9805.811878058,,,2026-09-05T00:11:49.524548Z
918b5d59-accc-4366-9a9f-f591b1424c5d,run1_rep2,E,CLOSED,CLOSED,request,PROVIDER,N/A,,416.3437920014985,INFO,adaptador.request,true,exitoso,,,9806.427495641,9806.011151849,,,2026-09-05T00:11:49.628276Z
3129412c-b74b-4742-808c-326a3edc4f03,run1_rep2,E,CLOSED,CLOSED,request,PROVIDER,N/A,,441.29075099954207,INFO,adaptador.request,true,exitoso,,,9806.520643225,9806.079352474,,,2026-09-05T00:11:49.721422Z
e4f8f990-3ec6-420a-8bfd-2f32078db56a,run1_rep2,E,CLOSED,CLOSED,request,PROVIDER,N/A,,441.74341699908837,INFO,adaptador.request,true,exitoso,,,9806.594882766,9806.153139349,,,2026-09-05T00:11:49.795660Z
43d157f0-a0df-4b8e-99f6-fbb31fe318b7,run1_rep2,E,CLOSED,CLOSED,request,PROVIDER,N/A,,422.14212599901657,INFO,adaptador.request,true,exitoso,,,9806.6883086,9806.266166474,,,2026-09-05T00:11:49.889152Z
d00bcbcb-60de-4885-bd06-1b73fba23698,run1_rep2,E,CLOSED,CLOSED,request,PROVIDER,N/A,,492.8898339985608,INFO,adaptador.request,true,exitoso,,,9806.771845725,9806.278955891,,,2026-09-05T00:11:49.972657Z
273bc3ac-790f-422a-afce-aae5e39c0450,run1_rep2,E,CLOSED,CLOSED,request,PROVIDER,N/A,,547.1437510004762,INFO,adaptador.request,true,exitoso,,,9806.8688886,9806.321744849,,,2026-09-05T00:11:50.069672Z
3ebc2352-070b-4c27-b7aa-50f3971a4c03,run1_rep2,E,CLOSED,CLOSED,request,PROVIDER,N/A,,570.130459000211,INFO,adaptador.request,true,exitoso,,,9806.9724826,9806.402352141,,,2026-09-05T00:11:50.173280Z
f4f37e11-a8e1-49d3-8459-534ba8d4d874,run1_rep2,E,CLOSED,CLOSED,request,PROVIDER,N/A,,578.9404589995684,INFO,adaptador.request,true,exitoso,,,9807.051339725,9806.472399266,,,2026-09-05T00:11:50.252141Z
7c7f6d26-d9dc-408c-a076-1f56cc2c2cc5,run1_rep2,E,CLOSED,CLOSED,request,PROVIDER,N/A,,600.0322090003465,INFO,adaptador.request,true,exitoso,,,9807.140931225,9806.540899016,,,2026-09-05T00:11:50.341734Z
dd4d75b1-f977-445b-8528-2eb1d461e0cf,run1_rep2,E,CLOSED,CLOSED,request,PROVIDER,N/A,,452.2605839993048,INFO,adaptador.request,true,exitoso,,,9807.2069006,9806.754640016,,,2026-09-05T00:11:50.407676Z
cc82f704-8f26-4609-b2e4-6ec8d493fc7d,run1_rep2,E,CLOSED,CLOSED,request,PROVIDER,N/A,,548.3600419993309,INFO,adaptador.request,true,exitoso,,,9807.303350725,9806.754990683,,,2026-09-05T00:11:50.504134Z
d401a577-ab47-4be0-9288-81242bcc0188,run1_rep2,E,CLOSED,CLOSED,request,PROVIDER,N/A,,534.4911669999419,INFO,adaptador.request,true,exitoso,,,9807.378475267,9806.8439841,,,2026-09-05T00:11:50.579288Z
a631e1c4-90af-45a0-933b-50352351f33d,run1_rep2,E,CLOSED,CLOSED,request,PROVIDER,N/A,,497.0028749994526,INFO,adaptador.request,true,exitoso,,,9807.44945585,9806.952452975,,,2026-09-05T00:11:50.650257Z
543fd25c-c6c6-4cec-863a-12f86326155b,run1_rep2,E,CLOSED,CLOSED,request,PROVIDER,N/A,,401.4868340000248,INFO,adaptador.request,true,exitoso,,,9807.547098892,9807.145612058,,,2026-09-05T00:11:50.747921Z
fed06bd4-1933-40c1-973e-3e7b8129ac9b,run1_rep2,E,CLOSED,CLOSED,request,PROVIDER,N/A,,435.51887499961595,INFO,adaptador.request,true,exitoso,,,9807.644439767,9807.208920892,,,2026-09-05T00:11:50.845235Z
a5b82dc6-0e38-4424-9832-7c520bc1a0a7,run1_rep2,E,CLOSED,CLOSED,request,PROVIDER,N/A,,483.33679200004553,INFO,adaptador.request,true,exitoso,,,9807.718902475,9807.235565683,,,2026-09-05T00:11:50.919718Z
c9c17b7c-2646-4c05-b7de-368fd23c48e4,run1_rep2,E,CLOSED,CLOSED,request,PROVIDER,N/A,,592.1747080010391,INFO,adaptador.request,true,exitoso,,,9807.828061975,9807.235887267,,,2026-09-05T00:11:51.028850Z
4c9e831c-6fbf-4f29-99b7-79c9612e668b,run1_rep2,E,CLOSED,CLOSED,request,PROVIDER,N/A,,616.3727920011297,INFO,adaptador.request,true,exitoso,,,9807.90885485,9807.292482058,,,2026-09-05T00:11:51.109670Z
9245745c-724c-4fd9-87b5-e24dbcd7e91e,run1_rep2,E,CLOSED,CLOSED,request,PROVIDER,N/A,,654.4162080008391,INFO,adaptador.request,true,exitoso,,,9808.00902585,9807.354609642,,,2026-09-05T00:11:51.209898Z
d9b5c48b-4c60-4475-9149-992c1cfdc05c,run1_rep2,E,CLOSED,CLOSED,request,PROVIDER,N/A,,576.064957998824,INFO,adaptador.request,true,exitoso,,,9808.111775475,9807.535710517,,,2026-09-05T00:11:51.312612Z
52295e6c-008b-4df3-8a13-a7bdd13ee363,run1_rep2,E,CLOSED,CLOSED,request,PROVIDER,N/A,,654.8792920002597,INFO,adaptador.request,true,exitoso,,,9808.20318985,9807.548310558,,,2026-09-05T00:11:51.403985Z
ee1b5328-9725-4675-877a-3788274a58a8,run1_rep2,E,CLOSED,CLOSED,request,PROVIDER,N/A,,622.7809590000106,INFO,adaptador.request,true,exitoso,,,9808.283651767,9807.660870808,,,2026-09-05T00:11:51.484458Z
1d88d8c5-b18c-4620-ac28-8f655dd2bf7b,run1_rep2,E,CLOSED,CLOSED,request,PROVIDER,N/A,,705.750082999657,INFO,adaptador.request,true,exitoso,,,9808.378717475,9807.672967392,,,2026-09-05T00:11:51.579539Z
ec08012d-1d1b-479e-99b9-6e03d080e257,run1_rep2,E,CLOSED,CLOSED,request,PROVIDER,N/A,,743.5418339991884,INFO,adaptador.request,true,exitoso,,,9808.449317517,9807.705775683,,,2026-09-05T00:11:51.650154Z
62020bcf-6044-4afe-ac2c-ae82466a85a8,run1_rep2,E,CLOSED,CLOSED,request,PROVIDER,N/A,,596.6822919999686,INFO,adaptador.request,true,exitoso,,,9808.550347726,9807.953665434,,,2026-09-05T00:11:51.751168Z
f5b07adb-2ea0-4fda-83b5-e54906c113db,run1_rep2,E,CLOSED,CLOSED,request,PROVIDER,N/A,,625.7604590009578,INFO,adaptador.request,true,exitoso,,,9808.610677684,9807.984917225,,,2026-09-05T00:11:51.811495Z
0be848c4-80f4-4f02-a29c-d83dc9435546,run1_rep2,E,CLOSED,CLOSED,request,PROVIDER,N/A,,615.108166999562,INFO,adaptador.request,true,exitoso,,,9808.668571892,9808.053463725,,,2026-09-05T00:11:51.869380Z
83961bf1-930f-4ef8-be79-abc69f787db9,run1_rep2,E,CLOSED,CLOSED,request,PROVIDER,N/A,,561.5530840004794,INFO,adaptador.request,true,exitoso,,,9808.764623101,9808.203070017,,,2026-09-05T00:11:51.965418Z
a65bea6f-e728-462d-81b3-9533ecdd7080,run1_rep2,E,CLOSED,CLOSED,request,PROVIDER,N/A,,460.50675100013905,INFO,adaptador.request,true,exitoso,,,9808.827491726,9808.366984975,,,2026-09-05T00:11:52.028311Z
cfca7430-1530-45fd-88ca-a6016b4c30bb,run1_rep2,E,CLOSED,CLOSED,request,PROVIDER,N/A,,364.3008339986409,INFO,adaptador.request,true,exitoso,,,9808.886693976,9808.522393142,,,2026-09-05T00:11:52.087507Z
5b5855a1-d935-4e6b-873c-79675c5de59e,run1_rep2,E,CLOSED,CLOSED,request,PROVIDER,N/A,,312.3284169996623,INFO,adaptador.request,true,exitoso,,,9808.947437351,9808.635108934,,,2026-09-05T00:11:52.148238Z
324fd4fb-746b-4248-9162-507bb7139751,run1_rep2,E,CLOSED,CLOSED,request,PROVIDER,N/A,,403.44987500066054,INFO,adaptador.request,true,exitoso,,,9809.053432642,9808.649982767,,,2026-09-05T00:11:52.254252Z
4027e863-1dcf-4af6-8aa1-67dd30e8e6df,run1_rep2,E,CLOSED,CLOSED,request,PROVIDER,N/A,,447.44662499942933,INFO,adaptador.request,true,exitoso,,,9809.121814142,9808.674367517,,,2026-09-05T00:11:52.322627Z
2e094f0a-0e74-407b-8803-739fb5eb3dcf,run1_rep2,E,CLOSED,CLOSED,request,PROVIDER,N/A,,482.4562909998349,INFO,adaptador.request,true,exitoso,,,9809.208329517,9808.725873226,,,2026-09-05T00:11:52.409114Z
a70307db-be29-47fc-8c34-01e90c671d9b,run1_rep2,E,CLOSED,CLOSED,request,PROVIDER,N/A,,453.5990000003949,INFO,adaptador.request,true,exitoso,,,9809.289596101,9808.835997101,,,2026-09-05T00:11:52.490422Z
d7d44804-5e70-4986-b186-d2fc0e4116ed,run1_rep2,E,CLOSED,CLOSED,request,PROVIDER,N/A,,417.55300000113493,INFO,adaptador.request,true,exitoso,,,9809.391472559,9808.973919559,,,2026-09-05T00:11:52.592277Z
8f9f6205-63a5-4581-96eb-60580907f2ef,run1_rep2,E,CLOSED,CLOSED,request,PROVIDER,N/A,,473.20125000078406,INFO,adaptador.request,true,exitoso,,,9809.452272601,9808.979071351,,,2026-09-05T00:11:52.653086Z
b833834b-cd0b-4791-b1bd-beb305abe76a,run1_rep2,E,CLOSED,CLOSED,request,PROVIDER,N/A,,551.0404590004327,INFO,adaptador.request,true,exitoso,,,9809.541214643,9808.990174184,,,2026-09-05T00:11:52.742001Z
96aab641-7fbb-435e-93bf-2bf6f26ef867,run1_rep2,E,CLOSED,CLOSED,request,PROVIDER,N/A,,586.6396670007816,INFO,adaptador.request,true,exitoso,,,9809.600661184,9809.014021517,,,2026-09-05T00:11:52.801455Z
ec85595a-33ba-4df9-b81e-1fd97c885591,run1_rep2,E,CLOSED,CLOSED,request,PROVIDER,N/A,,501.29679199926613,INFO,adaptador.request,true,exitoso,,,9809.672248059,9809.170951267,,,2026-09-05T00:11:52.873061Z
646e217e-b5cf-4a44-9729-e48bf5a229d3,run1_rep2,E,CLOSED,CLOSED,request,PROVIDER,N/A,,377.1262079990265,INFO,adaptador.request,true,exitoso,,,9809.745565726,9809.368439518,,,2026-09-05T00:11:52.946410Z
d276a07d-27d9-43f2-9fac-fce027c3b3d9,run1_rep2,E,CLOSED,CLOSED,request,PROVIDER,N/A,,431.9342910002888,INFO,adaptador.request,true,exitoso,,,9809.802311559,9809.370377268,,,2026-09-05T00:11:53.003090Z
3fdc0108-91b6-4a4a-adea-7d158173e939,run1_rep2,E,CLOSED,CLOSED,request,PROVIDER,N/A,,491.25570800060814,INFO,adaptador.request,true,exitoso,,,9809.889844851,9809.398589143,,,2026-09-05T00:11:53.090644Z
21955b77-64da-4518-af7c-dc9f8680920c,run1_rep2,E,CLOSED,CLOSED,request,PROVIDER,N/A,,413.6648329986201,INFO,adaptador.request,true,exitoso,,,9809.946107601,9809.532442768,,,2026-09-05T00:11:53.146885Z
4ad123f8-0885-4673-ac05-5d383218a621,run1_rep2,E,CLOSED,CLOSED,request,PROVIDER,N/A,,503.2822090015543,INFO,adaptador.request,true,exitoso,,,9810.036182518,9809.532900309,,,2026-09-05T00:11:53.236964Z
f8800928-5305-4f42-85f1-5e7ceb284683,run1_rep2,E,CLOSED,CLOSED,request,PROVIDER,N/A,,427.55420899993624,INFO,adaptador.request,true,exitoso,,,9810.099645143,9809.672090934,,,2026-09-05T00:11:53.300423Z
185418c2-f798-4d11-ac6a-b7b2d0892671,run1_rep2,E,CLOSED,CLOSED,request,PROVIDER,N/A,,470.38391699970816,INFO,adaptador.request,true,exitoso,,,9810.183698768,9809.713314851,,,2026-09-05T00:11:53.384487Z
4fb1cb78-9e22-4240-b55b-fb3efe3f5e47,run1_rep2,E,CLOSED,CLOSED,request,PROVIDER,N/A,,484.923042000446,INFO,adaptador.request,true,exitoso,,,9810.262292768,9809.777369726,,,2026-09-05T00:11:53.463087Z
86bb0026-b694-43cf-844c-352ab4cde7e5,run1_rep2,E,CLOSED,CLOSED,request,PROVIDER,N/A,,475.5690419988241,INFO,adaptador.request,true,exitoso,,,9810.34465881,9809.869089768,,,2026-09-05T00:11:53.545454Z
e13f0033-da68-4ab2-aca2-c8ba8c493085,run1_rep2,E,CLOSED,CLOSED,request,PROVIDER,N/A,,555.5420420005248,INFO,adaptador.request,true,exitoso,,,9810.439026185,9809.883484143,,,2026-09-05T00:11:53.639831Z
d00f5cd6-3d84-49ce-9459-14d0c2e835d6,run1_rep2,E,CLOSED,CLOSED,request,PROVIDER,N/A,,591.4224580010341,INFO,adaptador.request,true,exitoso,,,9810.511559226,9809.920136768,,,2026-09-05T00:11:53.712367Z
9c3baaf4-eee5-468a-82fd-a18d6c42032b,run1_rep2,E,CLOSED,CLOSED,request,PROVIDER,N/A,,512.7110840003297,INFO,adaptador.request,true,exitoso,,,9810.60068731,9810.087976226,,,2026-09-05T00:11:53.801508Z
af886f7b-9752-4f0c-9b8a-7e5532e81f15,run1_rep2,E,CLOSED,CLOSED,request,PROVIDER,N/A,,471.31604199967114,INFO,adaptador.request,true,exitoso,,,9810.684755393,9810.213439351,,,2026-09-05T00:11:53.885530Z
e23a743b-58ca-4a8b-b546-e9e4df98f5ff,run1_rep2,E,CLOSED,CLOSED,request,PROVIDER,N/A,,538.5694590004277,INFO,adaptador.request,true,exitoso,,,9810.757567602,9810.218998143,,,2026-09-05T00:11:53.958374Z
2e005aa8-e4bd-44ad-bcd2-c4977ec40875,run1_rep2,E,CLOSED,CLOSED,request,PROVIDER,N/A,,603.6699579999549,INFO,adaptador.request,true,exitoso,,,9810.831325768,9810.22765581,,,2026-09-05T00:11:54.032179Z
9bd3e670-72c5-4690-9581-7042cbd49e1b,run1_rep2,E,CLOSED,CLOSED,request,PROVIDER,N/A,,599.5848340007797,INFO,adaptador.request,true,exitoso,,,9810.89831581,9810.298730976,,,2026-09-05T00:11:54.099110Z
e8cac9a4-ef12-4c6a-8228-dbd71f0efa74,run1_rep2,E,CLOSED,CLOSED,request,PROVIDER,N/A,,594.3207500004064,INFO,adaptador.request,true,exitoso,,,9810.969717143,9810.375396393,,,2026-09-05T00:11:54.170540Z
3bd3e67b-20d9-4614-aecc-22fc98661b70,run1_rep2,E,CLOSED,CLOSED,request,PROVIDER,N/A,,639.6010009993915,INFO,adaptador.request,true,exitoso,,,9811.056863602,9810.417262601,,,2026-09-05T00:11:54.257649Z
4c168d40-6393-4cba-9dfa-50839b247ec0,run1_rep2,E,CLOSED,CLOSED,request,PROVIDER,N/A,,503.20570900112216,INFO,adaptador.request,true,exitoso,,,9811.155711727,9810.652506018,,,2026-09-05T00:11:54.356527Z
7be152d5-f88d-45e8-83a6-d10a17b5ed98,run1_rep2,E,CLOSED,CLOSED,request,PROVIDER,N/A,,545.5261659990356,INFO,adaptador.request,true,exitoso,,,9811.252789518,9810.707263352,,,2026-09-05T00:11:54.453593Z
771ebebc-053e-4a9b-aee5-44f3d28750cc,run1_rep2,E,CLOSED,CLOSED,request,PROVIDER,N/A,,616.7033759993501,INFO,adaptador.request,true,exitoso,,,9811.342143269,9810.725439893,,,2026-09-05T00:11:54.542928Z
485d240f-6a88-40ff-ad08-26e2e2aad43f,run1_rep2,E,CLOSED,CLOSED,request,PROVIDER,N/A,,516.4637920006498,INFO,adaptador.request,true,exitoso,,,9811.438193394,9810.921729602,,,2026-09-05T00:11:54.639026Z
9fa25776-3a38-4bf2-a604-c31cef6fbfc6,run1_rep2,E,CLOSED,CLOSED,request,PROVIDER,N/A,,515.8208749999176,INFO,adaptador.request,true,exitoso,,,9811.492770352,9810.976949477,,,2026-09-05T00:11:54.693563Z
b9b8b675-32f8-4bdf-8570-b9fd27e4493f,run1_rep2,E,CLOSED,CLOSED,request,PROVIDER,N/A,,437.75649999952293,INFO,adaptador.request,true,exitoso,,,9811.580848852,9811.143092352,,,2026-09-05T00:11:54.781657Z
1c268a68-684f-4cf4-bad5-bcc2b4b3bbca,run1_rep2,E,CLOSED,CLOSED,request,PROVIDER,N/A,,478.8631669998722,INFO,adaptador.request,true,exitoso,,,9811.641278519,9811.162415352,,,2026-09-05T00:11:54.842085Z
956462bb-4c2b-4d61-af3e-f4e92d4ea885,run1_rep2,E,CLOSED,CLOSED,request,PROVIDER,N/A,,510.08816700050374,INFO,adaptador.request,true,exitoso,,,9811.743713144,9811.233624977,,,2026-09-05T00:11:54.944512Z
ad5dfdfd-80ab-4bac-9c86-7531e7cdc9d9,run1_rep2,E,CLOSED,CLOSED,request,PROVIDER,N/A,,554.4699170004606,INFO,adaptador.request,true,exitoso,,,9811.852577185,9811.298107268,,,2026-09-05T00:11:55.053443Z
fc9b7cd3-84c6-4324-b9a8-6f1483c42353,run1_rep2,E,CLOSED,CLOSED,request,PROVIDER,N/A,,603.2063339989691,INFO,adaptador.request,true,exitoso,,,9811.924617727,9811.321411393,,,2026-09-05T00:11:55.125389Z
a5796b70-de84-4439-be8d-25b90f2ad35a,run1_rep2,E,CLOSED,CLOSED,request,PROVIDER,N/A,,614.232500000071,INFO,adaptador.request,true,exitoso,,,9812.013102602,9811.398870102,,,2026-09-05T00:11:55.213138Z
38ad8e0f-bc72-4ed5-9ec0-830044d14b7a,run1_rep2,E,CLOSED,CLOSED,request,PROVIDER,N/A,,605.9427500003949,INFO,adaptador.request,true,exitoso,,,9812.064762102,9811.458819352,,,2026-09-05T00:11:55.264739Z
f081d531-3ee9-490c-9e5f-dcd678bed792,run1_rep2,E,CLOSED,CLOSED,request,PROVIDER,N/A,,610.9473329997854,INFO,adaptador.request,true,exitoso,,,9812.150398435,9811.539451102,,,2026-09-05T00:11:55.350388Z
2ffea67d-b842-4154-8a2d-9a9aff826d6b,run1_rep2,E,CLOSED,CLOSED,request,PROVIDER,N/A,,425.4504579985223,INFO,adaptador.request,true,exitoso,,,9812.229676185,9811.804225727,,,2026-09-05T00:11:55.429653Z
