request_id,ejecucion_id,escenario,estado_circuito_fin,estado_circuito_inicio,event_type,fuente_respuesta,hit_miss,latencia_proveedor_ms,latencia_total_ms,level,logger,proveedor_invocado,resultado,tiempo_conmutacion_ms,timestamp_deteccion,timestamp_fin,timestamp_inicio,timestamp_respuesta_cache,tipo_error,ts_wall
59096d71-f5af-401f-bf06-af1a0d029f81,run1_rep1,E,CLOSED,CLOSED,request,PROVIDER,N/A,,83.26470900101413,INFO,adaptador.request,true,exitoso,,,9667.529067162,9667.445802453,,,2026-09-05T00:09:30.729177Z
3f3582d5-342d-4479-964e-275a1aa46003,run1_rep1,E,CLOSED,CLOSED,request,PROVIDER,N/A,,158.98295800070628,INFO,adaptador.request,true,exitoso,,,9667.60557437,9667.446591412,,,2026-09-05T00:09:30.805673Z
0ad284e4-2d53-4ddc-9a80-4e4a01710bd8,run1_rep1,E,CLOSED,CLOSED,request,PROVIDER,N/A,,65.60533400079294,INFO,adaptador.request,true,exitoso,,,9668.044904204,9667.97929887,,,2026-09-05T00:09:31.245027Z
61a63236-b52a-4a04-811b-5b9a47b23e2d,run1_rep1,E,CLOSED,CLOSED,request,PROVIDER,N/A,,129.4582080008695,INFO,adaptador.request,true,exitoso,,,9668.115727745,9667.986269537,,,2026-09-05T00:09:31.315850Z
6cefdba8-800d-40b3-a4b4-39737aca28b5,run1_rep1,E,CLOSED,CLOSED,request,PROVIDER,N/A,,62.67733299864631,INFO,adaptador.request,true,exitoso,,,9668.431961829,9668.369284496,,,2026-09-05T00:09:31.632132Z
1c0c3dcc-228c-4d80-9ec2-ac0a8b942dcc,run1_rep1,E,CLOSED,CLOSED,request,PROVIDER,N/A,,126.47874999856867,INFO,adaptador.request,true,exitoso,,,9668.527516121,9668.401037371,,,2026-09-05T00:09:31.727665Z
b3eba550-57bf-422e-b377-b404c37e0707,run1_rep1,E,CLOSED,CLOSED,request,PROVIDER,N/A,,78.06820899895683,INFO,adaptador.request,true,exitoso,,,9668.738271371,9668.660203162,,,2026-09-05T00:09:31.938354Z
35acb229-e884-4dd2-9ea0-aeb68cb1ac4d,run1_rep1,E,CLOSED,CLOSED,request,PROVIDER,N/A,,108.22633299903828,INFO,adaptador.request,true,exitoso,,,9668.938642537,9668.830416204,,,2026-09-05T00:09:32.138741Z
80b587d3-09e6-4d69-bc09-9afebf24a67a,run1_rep1,E,CLOSED,CLOSED,request,PROVIDER,N/A,,61.537540999779594,INFO,adaptador.request,true,exitoso,,,9669.131061204,9669.069523663,,,2026-09-05T00:09:32.331167Z
27fc84d3-7146-47c1-9feb-c848941b6619,run1_rep1,E,CLOSED,CLOSED,request,PROVIDER,N/A,,96.17866600092384,INFO,adaptador.request,true,exitoso,,,9669.292110454,9669.195931788,,,2026-09-05T00:09:32.492261Z
841797b9-7bb5-4da2-9891-d697b3b48f5f,run1_rep1,E,CLOSED,CLOSED,request,PROVIDER,N/A,,75.8644590005133,INFO,adaptador.request,true,exitoso,,,9669.703152663,9669.627288204,,,2026-09-05T00:09:32.903249Z
906f3f0c-e0e3-4bfd-b139-c79678cddeba,run1_rep1,E,CLOSED,CLOSED,request,PROVIDER,N/A,,80.5067080000299,INFO,adaptador.request,true,exitoso,,,9669.854182163,9669.773675455,,,2026-09-05T00:09:33.054268Z
6d07b7c5-86d6-4020-a468-dba954410461,run1_rep1,E,CLOSED,CLOSED,request,PROVIDER,N/A,,90.75704099996074,INFO,adaptador.request,true,exitoso,,,9670.291376371,9670.20061933,,,2026-09-05T00:09:33.491469Z
e0655761-5fd9-4ef3-86bb-348b0cb31f0e,run1_rep1,E,CLOSED,CLOSED,request,PROVIDER,N/A,,147.4569160000101,INFO,adaptador.request,true,exitoso,,,9670.352887996,9670.20543108,,,2026-09-05T00:09:33.552981Z
8f82be53-cdd1-4a8a-b805-5bf98899fbae,run1_rep1,E,CLOSED,CLOSED,request,PROVIDER,N/A,,99.53770900028758,INFO,adaptador.request,true,exitoso,,,9670.585993872,9670.486456163,,,2026-09-05T00:09:33.786172Z
c2de9431-e146-4349-b6a1-bcc46faddac6,run1_rep1,E,CLOSED,CLOSED,request,PROVIDER,N/A,,89.75529099916457,INFO,adaptador.request,true,exitoso,,,9670.682944913,9670.593189622,,,2026-09-05T00:09:33.883051Z
b82aeb9f-cb0e-4dfa-8a47-d924bc6020a8,run1_rep1,E,CLOSED,CLOSED,request,PROVIDER,N/A,,93.36658299980627,INFO,adaptador.request,true,exitoso,,,9670.897032413,9670.80366583,,,2026-09-05T00:09:34.097146Z
8fbe810c-fbd1-4603-9b70-13b133c43d93,run1_rep1,E,CLOSED,CLOSED,request,PROVIDER,N/A,,155.50824999991164,INFO,adaptador.request,true,exitoso,,,9671.00137508,9670.84586683,,,2026-09-05T00:09:34.201458Z
2701660c-4c8d-4dee-96fb-29cdd0a2fce0,run1_rep1,E,CLOSED,CLOSED,request,PROVIDER,N/A,,101.28287500083388,INFO,adaptador.request,true,exitoso,,,9671.312177497,9671.210894622,,,2026-09-05T00:09:34.512295Z
975760c3-3fca-4a50-a9a5-c47a577ca14f,run1_rep1,E,CLOSED,CLOSED,request,PROVIDER,N/A,,84.12570899963612,INFO,adaptador.request,true,exitoso,,,9671.387971164,9671.303845455,,,2026-09-05T00:09:34.588095Z
6d4c13d6-7b33-492e-ae87-531025660d33,run1_rep1,E,CLOSED,CLOSED,request,PROVIDER,N/A,,106.53641699900618,INFO,adaptador.request,true,exitoso,,,9671.640030039,9671.533493622,,,2026-09-05T00:09:34.840123Z
e2146d5d-0ba7-4fee-9d23-9248718c4c1a,run1_rep1,E,CLOSED,CLOSED,request,PROVIDER,N/A,,93.84129099998972,INFO,adaptador.request,true,exitoso,,,9671.877935747,9671.784094456,,,2026-09-05T00:09:35.078078Z
c92ab6f8-c71e-4651-a1a8-8274de3c0033,run1_rep1,E,CLOSED,CLOSED,request,PROVIDER,N/A,,129.32775000081165,INFO,adaptador.request,true,exitoso,,,9671.936914414,9671.807586664,,,2026-09-05T00:09:35.137038Z
9c9784c5-d9c4-4c26-b458-9beb5e7731d7,run1_rep1,E,CLOSED,CLOSED,request,PROVIDER,N/A,,76.5741249997518,INFO,adaptador.request,true,exitoso,,,9672.240198997,9672.163624872,,,2026-09-05T00:09:35.440291Z
54f1a6eb-cd7c-4f44-91c5-2dfe2ccaa7ed,run1_rep1,E,CLOSED,CLOSED,request,PROVIDER,N/A,,61.33337499886693,INFO,adaptador.request,true,exitoso,,,9672.442802372,9672.381468997,,,2026-09-05T00:09:35.642975Z
f667c610-dd7a-419f-a6fe-9016d40a6bdd,run1_rep1,E,CLOSED,CLOSED,request,PROVIDER,N/A,,88.48500099884404,INFO,adaptador.request,true,exitoso,,,9672.505081373,9672.416596372,,,2026-09-05T00:09:35.705176Z
e9320d3d-dcd0-4425-aa4a-a3fe2d387e3b,run1_rep1,E,CLOSED,CLOSED,request,PROVIDER,N/A,,84.73408300051233,INFO,adaptador.request,true,exitoso,,,9672.898143206,9672.813409123,,,2026-09-05T00:09:36.098301Z
64492c3f-52e1-4aa3-a0f9-f8ab5cbce2c0,run1_rep1,E,CLOSED,CLOSED,request,PROVIDER,N/A,,68.34720900042157,INFO,adaptador.request,true,exitoso,,,9673.046624248,9672.978277039,,,2026-09-05T00:09:36.246706Z
be8b3a7a-c14b-47fb-9f04-7cc083b00656,run1_rep1,E,CLOSED,CLOSED,request,PROVIDER,N/A,,69.89866599906236,INFO,adaptador.request,true,exitoso,,,9673.113793289,9673.043894623,,,2026-09-05T00:09:36.313922Z
d4eb3101-d45f-47e2-a98f-70995b16c53f,run1_rep1,E,CLOSED,CLOSED,request,PROVIDER,N/A,,74.06312499915657,INFO,adaptador.request,true,exitoso,,,9673.576392206,9673.502329081,,,2026-09-05T00:09:36.776555Z
d3dcb9d2-9ab4-40e9-9a79-f08a6c353d97,run1_rep1,E,CLOSED,CLOSED,request,PROVIDER,N/A,,82.19220799946925,INFO,adaptador.request,true,exitoso,,,9673.670172081,9673.587979873,,,2026-09-05T00:09:36.870337Z
a0d45f9a-57cb-4018-801c-fe64c40c9767,run1_rep1,E,CLOSED,CLOSED,request,PROVIDER,N/A,,64.2592500007595,INFO,adaptador.request,true,exitoso,,,9673.947814207,9673.883554957,,,2026-09-05T00:09:37.147960Z
29ccdb6a-82d8-4b1d-8e2e-4100b7113991,run1_rep1,E,CLOSED,CLOSED,request,PROVIDER,N/A,,94.53949999988254,INFO,adaptador.request,true,exitoso,,,9674.183798665,9674.089259165,,,2026-09-05T00:09:37.383900Z
152cea4f-7a24-4aa3-8248-05dc1ec9a466,run1_rep1,E,CLOSED,CLOSED,request,PROVIDER,N/A,,95.83804199974111,INFO,adaptador.request,true,exitoso,,,9674.386480165,9674.290642123,,,2026-09-05T00:09:37.586604Z
cff7a8be-7d99-443a-98ed-82f61ff133bf,run1_rep1,E,CLOSED,CLOSED,request,PROVIDER,N/A,,78.26658400153974,INFO,adaptador.request,true,exitoso,,,9674.600339582,9674.522072998,,,2026-09-05T00:09:37.800455Z
13757912-70c1-4bfd-ab3d-b52bc2183758,run1_rep1,E,CLOSED,CLOSED,request,PROVIDER,N/A,,80.50091699988116,INFO,adaptador.request,true,exitoso,,,9674.802518624,9674.722017707,,,2026-09-05T00:09:38.002603Z
8d5a07b8-8ff1-4263-953c-031a34756ead,run1_rep1,E,CLOSED,CLOSED,request,PROVIDER,N/A,,85.02045800014457,INFO,adaptador.request,true,exitoso,,,9674.86896629,9674.783945832,,,2026-09-05T00:09:38.069126Z
ccb46986-6cf4-4cfe-b048-92b66736639c,run1_rep1,E,CLOSED,CLOSED,request,PROVIDER,N/A,,61.71229099891207,INFO,adaptador.request,true,exitoso,,,9675.199634915,9675.137922624,,,2026-09-05T00:09:38.399720Z
cf8ab10b-38a6-4b3e-bbf8-68a89c03fe55,run1_rep1,E,CLOSED,CLOSED,request,PROVIDER,N/A,,104.91816600006132,INFO,adaptador.request,true,exitoso,,,9675.387604582,9675.282686416,,,2026-09-05T00:09:38.587711Z
a61e24bb-5319-4c86-8199-ad8dc8a2a51d,run1_rep1,E,CLOSED,CLOSED,request,PROVIDER,N/A,,63.03083400052856,INFO,adaptador.request,true,exitoso,,,9675.462881166,9675.399850332,,,2026-09-05T00:09:38.662984Z
c89dc49c-55e8-4e27-b5cc-c613848d2a8f,run1_rep1,E,CLOSED,CLOSED,request,PROVIDER,N/A,,97.81541699885565,INFO,adaptador.request,true,exitoso,,,9675.689170749,9675.591355332,,,2026-09-05T00:09:38.889265Z
4d33a801-1eab-40d1-a621-6055fbfec307,run1_rep1,E,CLOSED,CLOSED,request,PROVIDER,N/A,,94.19050100041204,INFO,adaptador.request,true,exitoso,,,9676.000291208,9675.906100707,,,2026-09-05T00:09:39.200387Z
72cac71f-1059-45fa-9c6d-499ddc872bdb,run1_rep1,E,CLOSED,CLOSED,request,PROVIDER,N/A,,98.08083300049475,INFO,adaptador.request,true,exitoso,,,9676.170547624,9676.072466791,,,2026-09-05T00:09:39.370638Z
90ba6293-258d-469b-b983-3ff4ae9ec0ab,run1_rep1,E,CLOSED,CLOSED,request,PROVIDER,N/A,,115.66470799880335,INFO,adaptador.request,true,exitoso,,,9676.237727749,9676.122063041,,,2026-09-05T00:09:39.437847Z
af5ba7bd-56fd-480a-b041-e54f771e79b3,run1_rep1,E,CLOSED,CLOSED,request,PROVIDER,N/A,,69.9247499997,INFO,adaptador.request,true,exitoso,,,9676.455668041,9676.385743291,,,2026-09-05T00:09:39.655840Z
e75de4c9-5941-4aeb-8807-87b8d19631c5,run1_rep1,E,CLOSED,CLOSED,request,PROVIDER,N/A,,80.14749999892956,INFO,adaptador.request,true,exitoso,,,9676.589853041,9676.509705541,,,2026-09-05T00:09:39.789959Z
5ee9e563-8760-42e5-9a73-6a2b9aba9176,run1_rep1,E,CLOSED,CLOSED,request,PROVIDER,N/A,,82.35979200071597,INFO,adaptador.request,true,exitoso,,,9676.673349208,9676.590989416,,,2026-09-05T00:09:39.873484Z
4f05efba-8953-4b23-9900-157a24af4f37,run1_rep1,E,CLOSED,CLOSED,request,PROVIDER,N/A,,65.78395799988357,INFO,adaptador.request,true,exitoso,,,9677.112708166,9677.046924208,,,2026-09-05T00:09:40.312786Z
61a37a50-04f5-4dff-b6e0-20a1599d1e2d,run1_rep1,E,CLOSED,CLOSED,request,PROVIDER,N/A,,62.093750000713044,INFO,adaptador.request,true,exitoso,,,9677.213487833,9677.151394083,,,2026-09-05T00:09:40.413580Z
9b646af7-4473-4311-8bf7-a039a98eabe8,run1_rep1,E,CLOSED,CLOSED,request,PROVIDER,N/A,,100.48791700137372,INFO,adaptador.request,true,exitoso,,,9677.406732875,9677.306244958,,,2026-09-05T00:09:40.606841Z
local-0da34928-ef58-4d9a-bf4d-930e96bb7b19,run1_rep1,E,OPEN,CLOSED,request,CACHE,HIT,30.733625000721077,31.44212500046706,INFO,adaptador.request,true,degradado,0.5724999991798541,9677.472180625,9677.472889125,9677.441447,9677.472753125,CIRCUIT_OPEN,2026-09-05T00:09:40.672976Z
b7074a74-c94f-4e33-ba59-cf9b5695a07f,run1_rep1,E,OPEN,OPEN,request,CACHE,HIT,0.06037499952071812,0.9647089991631219,INFO,adaptador.request,false,degradado,0.81191699973715,9677.626671458,9677.627575792,9677.626611083,9677.627483375,CIRCUIT_OPEN,2026-09-05T00:09:40.827667Z
9b394c64-b717-44e0-ba67-82c5f8f434a1,run1_rep1,E,OPEN,OPEN,request,CACHE,HIT,0.021916999685345218,1.1215419999643927,INFO,adaptador.request,false,degradado,1.0483330006536562,9677.62741325,9677.628512875,9677.627391333,9677.628461583,CIRCUIT_OPEN,2026-09-05T00:09:40.828579Z
b7a23d80-df6f-4c0c-879e-e6b133db747d,run1_rep1,E,OPEN,OPEN,request,CACHE,HIT,0.05387499913922511,0.878167000337271,INFO,adaptador.request,false,degradado,0.7308750009542564,9677.923707708,9677.924532,9677.923653833,9677.924438583,CIRCUIT_OPEN,2026-09-05T00:09:41.124607Z
9ef6defe-8b99-4ddc-a887-cf8793a891ec,run1_rep1,E,OPEN,OPEN,request,CACHE,HIT,0.05104200135974679,0.7776250004098983,INFO,adaptador.request,false,degradado,0.6478750001406297,9678.055936209,9678.056662792,9678.055885167,9678.056584084,CIRCUIT_OPEN,2026-09-05T00:09:41.256729Z
884ad9b3-1417-4e97-84c1-8c2a2536a865,run1_rep1,E,OPEN,OPEN,request,CACHE,HIT,0.05454199890664313,0.8351249998668209,INFO,adaptador.request,false,degradado,0.672875001328066,9678.222268417,9678.223049,9678.222213875,9678.222941292,CIRCUIT_OPEN,2026-09-05T00:09:41.423131Z
dba6f544-c187-45f1-bbb1-c72c087e71e9,run1_rep1,E,OPEN,OPEN,request,CACHE,HIT,0.05166700066183694,0.804291999884299,INFO,adaptador.request,false,degradado,0.6867499996587867,9678.408797917,9678.409550542,9678.40874625,9678.409484667,CIRCUIT_OPEN,2026-09-05T00:09:41.609630Z
43bfe1af-4c43-42b7-80bb-eba14e92eadc,run1_rep1,E,OPEN,OPEN,request,CACHE,HIT,0.06837500041001476,0.7797500002197921,INFO,adaptador.request,false,degradado,0.6320829998003319,9678.460031709,9678.460743084,9678.459963334,9678.460663792,CIRCUIT_OPEN,2026-09-05T00:09:41.660819Z
bc8d0a65-d03e-4792-a5ed-8db576c7fa86,run1_rep1,E,OPEN,OPEN,request,CACHE,HIT,0.05245800093689468,1.227166001626756,INFO,adaptador.request,false,degradado,1.0507919996598503,9678.626903667,9678.628078375,9678.626851209,9678.627954459,CIRCUIT_OPEN,2026-09-05T00:09:41.828178Z
f48ecd60-24a7-4fd1-937e-2b98e1785935,run1_rep1,E,OPEN,OPEN,request,CACHE,HIT,0.020041999960085377,1.505083999290946,INFO,adaptador.request,false,degradado,1.4415419991564704,9678.627412042,9678.628897084,9678.627392,9678.628853584,CIRCUIT_OPEN,2026-09-05T00:09:41.828943Z
018be8d6-c25b-489c-8381-75100b84a44d,run1_rep1,E,OPEN,OPEN,request,CACHE,HIT,0.034791999496519566,0.5976669999654405,INFO,adaptador.request,false,degradado,0.49374999980500434,9678.663678792,9678.664241667,9678.663644,9678.664172542,CIRCUIT_OPEN,2026-09-05T00:09:41.864310Z
956b7dc5-3b93-4859-9909-66a79c7253bf,run1_rep1,E,OPEN,OPEN,request,CACHE,HIT,0.02312499964318704,0.45362499986367766,INFO,adaptador.request,false,degradado,0.3569999989849748,9678.686405917,9678.686836417,9678.686382792,9678.686762917,CIRCUIT_OPEN,2026-09-05T00:09:41.886922Z
4fc562e3-ac9a-4425-9fc7-e50a3eb111e1,run1_rep1,E,OPEN,OPEN,request,CACHE,HIT,0.057790999562712386,0.8170000000973232,INFO,adaptador.request,false,degradado,0.6628750015806872,9678.935091667,9678.935850876,9678.935033876,9678.935754542,CIRCUIT_OPEN,2026-09-05T00:09:42.135941Z
35d0ce43-ec7c-444d-8cd9-c439bff1be0d,run1_rep1,E,OPEN,OPEN,request,CACHE,HIT,0.051500001063686796,0.7608329997310648,INFO,adaptador.request,false,degradado,0.6039580002834555,9678.982364584,9678.983073917,9678.982313084,9678.982968542,CIRCUIT_OPEN,2026-09-05T00:09:42.183159Z
d32b1237-1862-43a0-8cd9-316aa3526012,run1_rep1,E,OPEN,OPEN,request,CACHE,HIT,0.03662499875645153,0.6357080001180293,INFO,adaptador.request,false,degradado,0.4899579998891568,9679.020435751,9679.021034834,9679.020399126,9679.020925709,CIRCUIT_OPEN,2026-09-05T00:09:42.221132Z
fbb3d9a1-891c-4d6f-98df-65ab2270fed8,run1_rep1,E,OPEN,OPEN,request,CACHE,HIT,0.037666000935132615,0.6280830002651783,INFO,adaptador.request,false,degradado,0.51299999904586,9679.081560667,9679.082151084,9679.081523001,9679.082073667,CIRCUIT_OPEN,2026-09-05T00:09:42.282239Z
56b09bf5-de8d-47a8-b8fb-b7c972150e9d,run1_rep1,E,OPEN,OPEN,request,CACHE,HIT,0.04237500070303213,0.954999999521533,INFO,adaptador.request,false,degradado,0.8087089991022367,9679.275151292,9679.276063917,9679.275108917,9679.275960001,CIRCUIT_OPEN,2026-09-05T00:09:42.476136Z
932f426b-77cd-47a3-bdda-60b70da44bf9,run1_rep1,E,OPEN,OPEN,request,CACHE,HIT,0.04895900019619148,0.7687500001338776,INFO,adaptador.request,false,degradado,0.6372910011123167,9679.329666626,9679.330386417,9679.329617667,9679.330303917,CIRCUIT_OPEN,2026-09-05T00:09:42.530476Z
77a40792-2b80-4776-b756-eb1bb7f0d362,run1_rep1,E,OPEN,OPEN,request,CACHE,HIT,0.050959000873262994,0.880208999660681,INFO,adaptador.request,false,degradado,0.6754159985575825,9679.432769376,9679.433598626,9679.432718417,9679.433444792,CIRCUIT_OPEN,2026-09-05T00:09:42.633722Z
af81fb4a-da99-4892-9c2b-cbca2ed6e6d0,run1_rep1,E,OPEN,OPEN,request,CACHE,HIT,0.033292000807705335,0.6614169997192221,INFO,adaptador.request,false,degradado,0.5525420001504244,9679.437997834,9679.438625959,9679.437964542,9679.438550376,CIRCUIT_OPEN,2026-09-05T00:09:42.638715Z
5dc35750-c079-4355-9e6d-13c2329afcf8,run1_rep1,E,OPEN,OPEN,request,CACHE,HIT,0.04016700040665455,0.5999999993946403,INFO,adaptador.request,false,degradado,0.48795799921208527,9679.526176043,9679.526735876,9679.526135876,9679.526664001,CIRCUIT_OPEN,2026-09-05T00:09:42.726820Z
d3df4236-39bf-4d92-89cd-6a901e1cc6c2,run1_rep1,E,OPEN,OPEN,request,CACHE,HIT,0.031624998882762156,0.5833340001117904,INFO,adaptador.request,false,degradado,0.47795899990887847,9679.565882709,9679.566434418,9679.565851084,9679.566360668,CIRCUIT_OPEN,2026-09-05T00:09:42.766519Z
88628237-5826-49ad-b9cb-39f3f149e00f,run1_rep1,E,OPEN,OPEN,request,CACHE,HIT,0.04625000110536348,0.959458000579616,INFO,adaptador.request,false,degradado,0.8296249998238636,9679.631510376,9679.632423584,9679.631464126,9679.632340001,CIRCUIT_OPEN,2026-09-05T00:09:42.832513Z
ef4b55d0-b132-484c-8359-b752dff1c3f4,run1_rep1,E,OPEN,OPEN,request,CACHE,HIT,0.027541000235942192,0.85570800001733,INFO,adaptador.request,false,degradado,0.7799590002832701,9679.632255584,9679.633083751,9679.632228043,9679.633035543,CIRCUIT_OPEN,2026-09-05T00:09:42.833299Z
8d434177-db53-4f74-afdd-381bfcf59849,run1_rep1,E,OPEN,OPEN,request,CACHE,HIT,0.05041700023866724,0.5465419999381993,INFO,adaptador.request,false,degradado,0.429666999480105,9679.656043501,9679.656539626,9679.655993084,9679.656473168,CIRCUIT_OPEN,2026-09-05T00:09:42.856611Z
ca2ef9ad-491c-40f3-a349-314777f6ebaa,run1_rep1,E,OPEN,OPEN,request,CACHE,HIT,0.030250001145759597,0.6700419999106089,INFO,adaptador.request,false,degradado,0.5672919996868586,9679.667949709,9679.668589501,9679.667919459,9679.668517001,CIRCUIT_OPEN,2026-09-05T00:09:42.868678Z
74a3fd9c-3ce5-4600-b947-229199902e46,run1_rep1,E,OPEN,OPEN,request,CACHE,HIT,0.058416000683791935,1.065915999788558,INFO,adaptador.request,false,degradado,0.8074590004980564,9679.914554584,9679.915562084,9679.914496168,9679.915362043,CIRCUIT_OPEN,2026-09-05T00:09:43.115740Z
60d12eab-ddba-488f-b15d-e72769d6eab2,run1_rep1,E,OPEN,OPEN,request,CACHE,HIT,0.020457999198697507,0.39358299909508787,INFO,adaptador.request,false,degradado,0.3182500004186295,9679.957680959,9679.958054084,9679.957660501,9679.957999209,CIRCUIT_OPEN,2026-09-05T00:09:43.158102Z
075ebbe2-572a-484a-8a7a-5bb8d139ff2f,run1_rep1,E,OPEN,OPEN,request,CACHE,HIT,0.013582999599748291,0.300292000247282,INFO,adaptador.request,false,degradado,0.24125000163621735,9679.985581459,9679.985868168,9679.985567876,9679.985822709,CIRCUIT_OPEN,2026-09-05T00:09:43.185921Z
31bd4531-6b31-4b6f-a80f-3ea00963e464,run1_rep1,E,OPEN,OPEN,request,CACHE,HIT,0.0178339996637078,0.45595899973704945,INFO,adaptador.request,false,degradado,0.3931659994123038,9680.062978168,9680.063416293,9680.062960334,9680.063371334,CIRCUIT_OPEN,2026-09-05T00:09:43.263472Z
9ce2fbba-1f38-4797-b679-cd5bbf7dd771,run1_rep1,E,OPEN,OPEN,request,CACHE,HIT,0.021208001271588728,0.4225829998176778,INFO,adaptador.request,false,degradado,0.34058299934258685,9680.067315501,9680.067716876,9680.067294293,9680.067656084,CIRCUIT_OPEN,2026-09-05T00:09:43.267790Z
20a684ae-51fc-4577-9988-1914e7aa5b65,run1_rep1,E,OPEN,OPEN,request,CACHE,HIT,0.028250000468688086,0.8690419999766164,INFO,adaptador.request,false,degradado,0.7715840001765173,9680.101543334,9680.102384126,9680.101515084,9680.102314918,CIRCUIT_OPEN,2026-09-05T00:09:43.302459Z
cc6430ab-38f8-4dff-907b-8ec4a7338163,run1_rep1,E,OPEN,OPEN,request,CACHE,HIT,0.04920799983665347,0.8240000006480841,INFO,adaptador.request,false,degradado,0.6727920008415822,9680.205803251,9680.206578043,9680.205754043,9680.206476043,CIRCUIT_OPEN,2026-09-05T00:09:43.406674Z
ae499593-43e3-4e40-8253-90cfb5954eb1,run1_rep1,E,OPEN,OPEN,request,CACHE,HIT,0.050459000703995116,0.7079169990902301,INFO,adaptador.request,false,degradado,0.5782499993074453,9680.253098835,9680.253756293,9680.253048376,9680.253677085,CIRCUIT_OPEN,2026-09-05T00:09:43.453842Z
5108c2ec-cc8c-49a7-bd2e-c2854abeb6a2,run1_rep1,E,OPEN,OPEN,request,CACHE,HIT,0.06774999928893521,0.8931249994930113,INFO,adaptador.request,false,degradado,0.6927920003363397,9680.314261168,9680.315086543,9680.314193418,9680.31495396,CIRCUIT_OPEN,2026-09-05T00:09:43.515171Z
f6081637-6780-4643-b0f9-b4dfabc99c44,run1_rep1,E,OPEN,OPEN,request,CACHE,HIT,0.027209000108996406,0.5737920000683516,INFO,adaptador.request,false,degradado,0.47524999899906106,9680.336763585,9680.337310168,9680.336736376,9680.337238835,CIRCUIT_OPEN,2026-09-05T00:09:43.537395Z
b744d365-9966-4db5-a04f-3bb0c60ed489,run1_rep1,E,OPEN,OPEN,request,CACHE,HIT,0.05429199882200919,0.8130419992085081,INFO,adaptador.request,false,degradado,0.6732080000801943,9680.394985918,9680.395744668,9680.394931626,9680.395659126,CIRCUIT_OPEN,2026-09-05T00:09:43.595834Z
85bc3b9c-77b1-4062-84a4-c77a5d46e270,run1_rep1,E,OPEN,OPEN,request,CACHE,HIT,0.03708400072355289,0.5791250005131587,INFO,adaptador.request,false,degradado,0.4936659988743486,9680.402168585,9680.402710626,9680.402131501,9680.402662251,CIRCUIT_OPEN,2026-09-05T00:09:43.602780Z
0e6cdec6-3dca-4f62-8537-1eb01b410116,run1_rep1,E,OPEN,OPEN,request,CACHE,HIT,0.03308399936940987,0.47850000009930227,INFO,adaptador.request,false,degradado,0.38029099960112944,9680.413503835,9680.413949251,9680.413470751,9680.413884126,CIRCUIT_OPEN,2026-09-05T00:09:43.614020Z
57a52368-c134-40b4-bcaa-971a3d09d9c8,run1_rep1,E,OPEN,OPEN,request,CACHE,HIT,0.051083001380902715,0.6813330001023132,INFO,adaptador.request,false,degradado,0.5686249987775227,9680.476032668,9680.476662918,9680.475981585,9680.476601293,CIRCUIT_OPEN,2026-09-05T00:09:43.676731Z
6b1e58d7-1e9b-4ad8-80ca-8e8ce59b3934,run1_rep1,E,OPEN,OPEN,request,CACHE,HIT,0.05274999966786709,0.8009590001165634,INFO,adaptador.request,false,degradado,0.6595419999939622,9680.595096501,9680.59584471,9680.595043751,9680.595756043,CIRCUIT_OPEN,2026-09-05T00:09:43.795928Z
f94aa680-ca4b-4aea-a2f3-72ee8474f01d,run1_rep1,E,OPEN,OPEN,request,CACHE,HIT,0.04904100023850333,1.022207999994862,INFO,adaptador.request,false,degradado,0.894333999895025,9680.634448251,9680.635421418,9680.63439921,9680.635342585,CIRCUIT_OPEN,2026-09-05T00:09:43.835491Z
b477cabf-f242-4b90-8289-3b9c281bdcf0,run1_rep1,E,OPEN,OPEN,request,CACHE,HIT,0.02391599991824478,0.7645829991815845,INFO,adaptador.request,false,degradado,0.6917499995324761,9680.635215876,9680.635956543,9680.63519196,9680.635907626,CIRCUIT_OPEN,2026-09-05T00:09:43.836030Z
0a101710-c3ed-463b-a19a-82240cd6f219,run1_rep1,E,OPEN,OPEN,request,CACHE,HIT,0.05041700023866724,0.7745840011921246,INFO,adaptador.request,false,degradado,0.633166999250534,9680.724772918,9680.725497085,9680.724722501,9680.725406085,CIRCUIT_OPEN,2026-09-05T00:09:43.925580Z
e85225d2-0349-47a7-bc5f-d7d288c7966e,run1_rep1,E,OPEN,OPEN,request,CACHE,HIT,0.05345799945644103,0.8174169997801073,INFO,adaptador.request,false,degradado,0.6820839989813976,9680.766629251,9680.76739321,9680.766575793,9680.767311335,CIRCUIT_OPEN,2026-09-05T00:09:43.967471Z
3c66f6b3-6895-4ac4-ae73-7847f7c9705b,run1_rep1,E,OPEN,OPEN,request,CACHE,HIT,0.02954199953819625,1.0737499997048872,INFO,adaptador.request,false,degradado,0.9715830001368886,9680.799765835,9680.800810043,9680.799736293,9680.800737418,CIRCUIT_OPEN,2026-09-05T00:09:44.001153Z
4cad011f-fae6-4a2c-8f39-f393c99160dd,run1_rep1,E,OPEN,OPEN,request,CACHE,HIT,0.014417000784305856,0.9072920001926832,INFO,adaptador.request,false,degradado,0.8454580001853174,9680.800179168,9680.801072043,9680.800164751,9680.801024626,CIRCUIT_OPEN,2026-09-05T00:09:44.001412Z
85c85dfb-d3d2-4cbb-90aa-903e0fb813ae,run1_rep1,E,OPEN,OPEN,request,CACHE,HIT,0.03495900091365911,0.6089590006013168,INFO,adaptador.request,false,degradado,0.5185409991099732,9680.82569021,9680.82626421,9680.825655251,9680.826208751,CIRCUIT_OPEN,2026-09-05T00:09:44.026320Z
776f7476-eb21-4bb1-86ab-19f894be693b,run1_rep1,E,OPEN,OPEN,request,CACHE,HIT,0.029083999834256247,0.5024999991292134,INFO,adaptador.request,false,degradado,0.42679099897213746,9680.83199821,9680.832471626,9680.831969126,9680.832425001,CIRCUIT_OPEN,2026-09-05T00:09:44.032519Z
ece4bbcc-8042-47ee-b57d-b2088a2e76da,run1_rep1,E,OPEN,OPEN,request,CACHE,HIT,0.049124999350169674,0.7797500002197921,INFO,adaptador.request,false,degradado,0.6526659999508411,9680.860940252,9680.861670877,9680.860891127,9680.861592918,CIRCUIT_OPEN,2026-09-05T00:09:44.061730Z
d1b3ba5d-8b28-4c9d-af44-e878b4179ea8,run1_rep1,E,OPEN,OPEN,request,CACHE,HIT,0.038084001062088646,0.7898750009189826,INFO,adaptador.request,false,degradado,0.648915998681332,9680.876992752,9680.877744543,9680.876954668,9680.877641668,CIRCUIT_OPEN,2026-09-05T00:09:44.077823Z
e7e18c8d-d4b6-41bc-b62d-b3f6dd1fe7e0,run1_rep1,E,OPEN,OPEN,request,CACHE,HIT,0.04920799983665347,0.7425829990097554,INFO,adaptador.request,false,degradado,0.6207499991432996,9680.93912296,9680.939816335,9680.939073752,9680.93974371,CIRCUIT_OPEN,2026-09-05T00:09:44.139882Z
56162d9a-81fc-4ccc-8cfb-67e36ef9ded8,run1_rep1,E,OPEN,OPEN,request,CACHE,HIT,0.04204200013191439,0.8545420005248161,INFO,adaptador.request,false,degradado,0.7401250004477333,9680.956146502,9680.956959002,9680.95610446,9680.956886627,CIRCUIT_OPEN,2026-09-05T00:09:44.157071Z
ea6273c4-94bf-404f-8acb-2373fab3e2de,run1_rep1,E,OPEN,OPEN,request,CACHE,HIT,0.03124999966530595,0.5496670000866288,INFO,adaptador.request,false,degradado,0.45483400026569143,9680.995365293,9680.99588371,9680.995334043,9680.995820127,CIRCUIT_OPEN,2026-09-05T00:09:44.195953Z
a482cbfc-92af-4122-970c-f7ab039ce605,run1_rep1,E,OPEN,OPEN,request,CACHE,HIT,0.05716700070479419,0.8156670010066591,INFO,adaptador.request,false,degradado,0.6772079996153479,9681.048136002,9681.048894502,9681.048078835,9681.04881321,CIRCUIT_OPEN,2026-09-05T00:09:44.248962Z
41f6eecc-fe4a-47a9-a60a-3b90459f177c,run1_rep1,E,OPEN,OPEN,request,CACHE,HIT,0.0412499994126847,0.7033750007394701,INFO,adaptador.request,false,degradado,0.5828749999636784,9681.083636127,9681.084298252,9681.083594877,9681.084219002,CIRCUIT_OPEN,2026-09-05T00:09:44.284368Z
66975e99-70a7-4a2c-a0ca-d8e07efe6c9b,run1_rep1,E,OPEN,OPEN,request,CACHE,HIT,0.02808299905154854,0.5351660001906566,INFO,adaptador.request,false,degradado,0.4337919999670703,9681.08641196,9681.086919043,9681.086383877,9681.086845752,CIRCUIT_OPEN,2026-09-05T00:09:44.287001Z
05758431-99ba-4282-958c-e2ad524067e7,run1_rep1,E,OPEN,OPEN,request,CACHE,HIT,0.04454200097825378,0.7013329995970707,INFO,adaptador.request,false,degradado,0.5761249994975515,9681.253446377,9681.254103168,9681.253401835,9681.254022502,CIRCUIT_OPEN,2026-09-05T00:09:44.454195Z
75a76a43-0205-4960-b0e6-6463d71fe155,run1_rep1,E,OPEN,OPEN,request,CACHE,HIT,0.02929099900939036,0.5407499993452802,INFO,adaptador.request,false,degradado,0.4407920005178312,9681.260602293,9681.261113752,9681.260573002,9681.261043085,CIRCUIT_OPEN,2026-09-05T00:09:44.461207Z
6aa90d20-359b-4c92-b348-efa6396ed959,run1_rep1,E,OPEN,OPEN,request,CACHE,HIT,0.04433299909578636,0.6353329990815837,INFO,adaptador.request,false,degradado,0.5151669993210817,9681.30826471,9681.30885571,9681.308220377,9681.308779877,CIRCUIT_OPEN,2026-09-05T00:09:44.508925Z
35df869b-09e8-4197-85da-9920aba409de,run1_rep1,E,OPEN,OPEN,request,CACHE,HIT,0.03491700044833124,1.1078340012318222,INFO,adaptador.request,false,degradado,0.9885830004350282,9681.367548335,9681.368621252,9681.367513418,9681.368536918,CIRCUIT_OPEN,2026-09-05T00:09:44.568714Z
43bcaa1b-9ffc-440d-90e3-eb7259f9ca23,run1_rep1,E,OPEN,OPEN,request,CACHE,HIT,0.014708000890095718,0.9055830014403909,INFO,adaptador.request,false,degradado,0.8462919995508855,9681.368998918,9681.369889793,9681.36898421,9681.36984521,CIRCUIT_OPEN,2026-09-05T00:09:44.570525Z
b08f4715-e5df-4c77-ae0d-068f3faed3af,run1_rep1,E,OPEN,OPEN,request,CACHE,HIT,0.0200829999812413,2.4729999986448092,INFO,adaptador.request,false,degradado,2.3991250000108266,9681.367938543,9681.37039146,9681.36791846,9681.370337668,CIRCUIT_OPEN,2026-09-05T00:09:44.570946Z
878e4ef8-6725-4bc0-ab95-2194452e25fa,run1_rep1,E,OPEN,OPEN,request,CACHE,HIT,0.02033300006587524,0.748333000956336,INFO,adaptador.request,false,degradado,0.6845420011813985,9681.376379168,9681.377107168,9681.376358835,9681.37706371,CIRCUIT_OPEN,2026-09-05T00:09:44.577362Z
a5ac6107-3806-491a-88c2-a316fa836f0e,run1_rep1,E,OPEN,OPEN,request,CACHE,HIT,0.011625001206994057,0.6002500012982637,INFO,adaptador.request,false,degradado,0.5537500001082662,9681.376720668,9681.377309293,9681.376709043,9681.377274418,CIRCUIT_OPEN,2026-09-05T00:09:44.577580Z
10529dae-137c-45b2-a88f-40c30beb3e58,run1_rep1,E,OPEN,OPEN,request,CACHE,HIT,0.012583999705384485,0.3108750006504124,INFO,adaptador.request,false,degradado,0.253333000728162,9681.394524877,9681.394823168,9681.394512293,9681.39477821,CIRCUIT_OPEN,2026-09-05T00:09:44.594874Z
6e6180e9-6db3-45e5-8968-dfee503d7841,run1_rep1,E,OPEN,OPEN,request,CACHE,HIT,0.07416600055876188,1.6468750000058208,INFO,adaptador.request,false,degradado,1.4860840001347242,9681.63705071,9681.638623419,9681.636976544,9681.638536794,CIRCUIT_OPEN,2026-09-05T00:09:44.839318Z
313e0280-2cb9-4c5c-9411-c5f64cc0f9bd,run1_rep1,E,OPEN,OPEN,request,CACHE,HIT,0.021583000489044935,1.5904579995549284,INFO,adaptador.request,false,degradado,1.4487089993053814,9681.637544585,9681.63911346,9681.637523002,9681.638993294,CIRCUIT_OPEN,2026-09-05T00:09:44.839983Z
d88763b6-93ba-4a7e-ad03-4f89bc2989d0,run1_rep1,E,OPEN,OPEN,request,CACHE,HIT,0.01941600021382328,1.6319580008712364,INFO,adaptador.request,false,degradado,1.5149589999055024,9681.63827621,9681.639888752,9681.638256794,9681.639791169,CIRCUIT_OPEN,2026-09-05T00:09:44.840594Z
3a24ec11-49ab-47fa-9d2d-3994111e228a,run1_rep1,E,OPEN,OPEN,request,CACHE,HIT,0.029167000320740044,0.5790830000478309,INFO,adaptador.request,false,degradado,0.4852500005654292,9681.647241294,9681.64779121,9681.647212127,9681.647726544,CIRCUIT_OPEN,2026-09-05T00:09:44.847872Z
698aab62-61e4-485d-b43b-738093eb3e28,run1_rep1,E,OPEN,OPEN,request,CACHE,HIT,0.02099999983329326,0.43000000005122274,INFO,adaptador.request,false,degradado,0.3472080006758915,9681.653971044,9681.654380044,9681.653950044,9681.654318252,CIRCUIT_OPEN,2026-09-05T00:09:44.854452Z
f84b664e-027d-469d-b050-b125b6d0130e,run1_rep1,E,OPEN,OPEN,request,CACHE,HIT,0.04370900023786817,1.160541998615372,INFO,adaptador.request,false,degradado,1.0261659990646876,9681.742959544,9681.744076377,9681.742915835,9681.74398571,CIRCUIT_OPEN,2026-09-05T00:09:44.944391Z
a0cd0b82-9da1-4246-b41a-59dd227d56ee,run1_rep1,E,OPEN,OPEN,request,CACHE,HIT,0.018957998690893874,0.8766249993641395,INFO,adaptador.request,false,degradado,0.8001670012163231,9681.743459127,9681.744316794,9681.743440169,9681.744259294,CIRCUIT_OPEN,2026-09-05T00:09:44.944669Z
6585e427-b8f5-4763-8702-dd3ad27d2d35,run1_rep1,E,OPEN,OPEN,request,CACHE,HIT,0.04733300011139363,0.7795410001563141,INFO,adaptador.request,false,degradado,0.6409580000763526,9681.802483877,9681.803216085,9681.802436544,9681.803124835,CIRCUIT_OPEN,2026-09-05T00:09:45.003288Z
5108322a-1cb4-4b56-aa0b-b15b28c71f81,run1_rep1,E,OPEN,OPEN,request,CACHE,HIT,0.04158400042797439,1.1021669997717254,INFO,adaptador.request,false,degradado,0.9810409992496716,9681.842094169,9681.843154752,9681.842052585,9681.84307521,CIRCUIT_OPEN,2026-09-05T00:09:45.043537Z
6055f3db-d1d8-4493-8594-677d14564926,run1_rep1,E,OPEN,OPEN,request,CACHE,HIT,0.020416999177541584,0.8993329993245425,INFO,adaptador.request,false,degradado,0.8285000003525056,9681.842578794,9681.84345771,9681.842558377,9681.843407294,CIRCUIT_OPEN,2026-09-05T00:09:45.043852Z
7abcafbc-4824-479a-b46d-a66b876501e6,run1_rep1,E,OPEN,OPEN,request,CACHE,HIT,0.039000000469968654,1.3327910000953125,INFO,adaptador.request,false,degradado,1.1883329989359481,9681.867554794,9681.868848585,9681.867515794,9681.868743127,CIRCUIT_OPEN,2026-09-05T00:09:45.069380Z
717eb7fa-8581-40af-8e51-ec85e6e7a77f,run1_rep1,E,OPEN,OPEN,request,CACHE,HIT,0.014541999917128123,1.3849590013705892,INFO,adaptador.request,false,degradado,1.3132920012139948,9681.867919002,9681.869289419,9681.86790446,9681.869232294,CIRCUIT_OPEN,2026-09-05T00:09:45.069748Z
2393e5fd-b74d-4dc2-873f-4d2eb6546547,run1_rep1,E,OPEN,OPEN,request,CACHE,HIT,0.04695799907494802,0.6626670001423918,INFO,adaptador.request,false,degradado,0.5441670000436716,9681.91785271,9681.918468419,9681.917805752,9681.918396877,CIRCUIT_OPEN,2026-09-05T00:09:45.118552Z
57912c4e-3f3d-4127-8256-86fa7289d413,run1_rep1,E,OPEN,OPEN,request,CACHE,HIT,0.05529199916054495,0.7824169988452923,INFO,adaptador.request,false,degradado,0.6274999996094266,9681.935224252,9681.935951377,9681.93516896,9681.935851752,CIRCUIT_OPEN,2026-09-05T00:09:45.136066Z
0d319910-26ef-4ba4-8410-8c043c75609e,run1_rep1,E,OPEN,OPEN,request,CACHE,HIT,0.022750000425730832,0.43687500146916136,INFO,adaptador.request,false,degradado,0.3689580007630866,9682.018772627,9682.019186752,9682.018749877,9682.019141585,CIRCUIT_OPEN,2026-09-05T00:09:45.219240Z
83187a0e-5a35-4f99-a8fb-5b57a86d5320,run1_rep1,E,OPEN,OPEN,request,CACHE,HIT,0.018332999388803728,0.32987499980663415,INFO,adaptador.request,false,degradado,0.2699169999687001,9682.027269085,9682.027580627,9682.027250752,9682.027539002,CIRCUIT_OPEN,2026-09-05T00:09:45.227615Z
26639c71-48b3-4c3e-8a63-d24b75da8143,run1_rep1,E,OPEN,OPEN,request,CACHE,HIT,0.014291999832494184,0.30912500005797483,INFO,adaptador.request,false,degradado,0.24783300068520475,9682.029696877,9682.02999171,9682.029682585,9682.02994471,CIRCUIT_OPEN,2026-09-05T00:09:45.230054Z
b6bd2aa1-4a25-4fad-a67a-8bcf3b0ea130,run1_rep1,E,OPEN,OPEN,request,CACHE,HIT,0.019958000848419033,0.3987079999205889,INFO,adaptador.request,false,degradado,0.3288749994680984,9682.081131835,9682.081510585,9682.081111877,9682.08146071,CIRCUIT_OPEN,2026-09-05T00:09:45.281565Z
a9dd85e6-98f4-467f-9807-d0b103668001,run1_rep1,E,OPEN,OPEN,request,CACHE,HIT,0.013374999980442226,0.3397090004000347,INFO,adaptador.request,false,degradado,0.2802920007525245,9682.096737085,9682.097063419,9682.09672371,9682.097017377,CIRCUIT_OPEN,2026-09-05T00:09:45.297120Z
1dd3aaf0-4c3d-4e07-80a7-9eb60de20812,run1_rep1,E,OPEN,OPEN,request,CACHE,HIT,0.01424999936716631,0.3607499984354945,INFO,adaptador.request,false,degradado,0.30383299963432364,9682.130294044,9682.130640544,9682.130279794,9682.130597877,CIRCUIT_OPEN,2026-09-05T00:09:45.330694Z
324b2ef4-f42e-4802-8d33-c1192d4ef130,run1_rep1,E,OPEN,OPEN,request,CACHE,HIT,0.03362499955983367,0.9782919987628702,INFO,adaptador.request,false,degradado,0.8481669992761454,9682.168366377,9682.169311044,9682.168332752,9682.169214544,CIRCUIT_OPEN,2026-09-05T00:09:45.369417Z
8e2689b0-d64d-47c7-9369-a47a0fe03748,run1_rep1,E,OPEN,OPEN,request,CACHE,HIT,0.03870799992000684,0.7560000012745149,INFO,adaptador.request,false,degradado,0.6274170009419322,9682.22483446,9682.225551752,9682.224795752,9682.225461877,CIRCUIT_OPEN,2026-09-05T00:09:45.425652Z
43603313-1c2d-4a5e-afb3-a9ba7852c920,run1_rep1,E,OPEN,OPEN,request,CACHE,HIT,0.03112499871349428,0.5622079988825135,INFO,adaptador.request,false,degradado,0.44766600149159785,9682.249527711,9682.250058794,9682.249496586,9682.249975377,CIRCUIT_OPEN,2026-09-05T00:09:45.450135Z
334310eb-a674-45f3-80b8-b28af7235a50,run1_rep1,E,OPEN,OPEN,request,CACHE,HIT,0.03937499968742486,0.8154159986588638,INFO,adaptador.request,false,degradado,0.7083330001478316,9682.304118836,9682.304894877,9682.304079461,9682.304827169,CIRCUIT_OPEN,2026-09-05T00:09:45.504978Z
fa542dc8-cea1-4178-b921-95fa164f1438,run1_rep1,E,OPEN,OPEN,request,CACHE,HIT,0.020667001081164926,0.7820000009814976,INFO,adaptador.request,false,degradado,0.7060409989207983,9682.304729211,9682.305490544,9682.304708544,9682.305435252,CIRCUIT_OPEN,2026-09-05T00:09:45.505710Z
e5ecf71b-8e89-4174-a4e8-090b14fd5485,run1_rep1,E,OPEN,OPEN,request,CACHE,HIT,0.051417000577203,0.7967080000526039,INFO,adaptador.request,false,degradado,0.6589160002477001,9682.350444336,9682.351189627,9682.350392919,9682.351103252,CIRCUIT_OPEN,2026-09-05T00:09:45.551274Z
b87a29d3-c0fa-480c-b16d-d438361e5a8f,run1_rep1,E,OPEN,OPEN,request,CACHE,HIT,0.03587500032153912,0.6688330013275845,INFO,adaptador.request,false,degradado,0.5622500011668308,9682.370492544,9682.371125502,9682.370456669,9682.371054794,CIRCUIT_OPEN,2026-09-05T00:09:45.571196Z
e406961b-b5e0-424d-b5a0-92bcdb26ee20,run1_rep1,E,OPEN,OPEN,request,CACHE,HIT,0.04162499863014091,0.6193749995873077,INFO,adaptador.request,false,degradado,0.5197090013098205,9682.378170502,9682.378748252,9682.378128877,9682.378690211,CIRCUIT_OPEN,2026-09-05T00:09:45.578807Z
ba4fb264-4f19-4194-b188-44e1723968ca,run1_rep1,E,OPEN,OPEN,request,CACHE,HIT,0.028040998586220667,0.7424999985232716,INFO,adaptador.request,false,degradado,0.6547499997395789,9682.418268127,9682.418982586,9682.418240086,9682.418922877,CIRCUIT_OPEN,2026-09-05T00:09:45.619085Z
d2170562-415d-4de5-88ad-0fc36fb1db64,run1_rep1,E,OPEN,OPEN,request,CACHE,HIT,0.015999999959603883,0.8457910007564351,INFO,adaptador.request,false,degradado,0.7750000004307367,9682.418823086,9682.419652877,9682.418807086,9682.419598086,CIRCUIT_OPEN,2026-09-05T00:09:45.619915Z
2996659c-3f85-49b4-914f-d0aadbab18a4,run1_rep1,E,OPEN,OPEN,request,CACHE,HIT,0.05212500036577694,0.7783750006638002,INFO,adaptador.request,false,degradado,0.64412500069011,9682.525194377,9682.525920627,9682.525142252,9682.525838502,CIRCUIT_OPEN,2026-09-05T00:09:45.726011Z
0fd5e742-6cbd-4be4-8caf-aeedbdb273b4,run1_rep1,E,OPEN,OPEN,request,CACHE,HIT,0.03408299926377367,0.5880829994566739,INFO,adaptador.request,false,degradado,0.49487499927636236,9682.535067752,9682.535621752,9682.535033669,9682.535562627,CIRCUIT_OPEN,2026-09-05T00:09:45.735678Z
72d00afe-f28b-4ebf-87a4-d87219d5bd94,run1_rep1,E,OPEN,OPEN,request,CACHE,HIT,0.021915999241173267,0.5492499985848553,INFO,adaptador.request,false,degradado,0.4097090004506754,9682.545572002,9682.546099336,9682.545550086,9682.545981711,CIRCUIT_OPEN,2026-09-05T00:09:45.746179Z
3a20f43d-3a47-4a9b-bd75-94f993c02aea,run1_rep1,E,OPEN,OPEN,request,CACHE,HIT,0.017500000467407517,0.3589169991755625,INFO,adaptador.request,false,degradado,0.27341699933458585,9682.547722502,9682.548063919,9682.547705002,9682.547995919,CIRCUIT_OPEN,2026-09-05T00:09:45.748153Z
b2dd224c-baee-418c-88bc-ac233a28f33e,run1_rep1,E,OPEN,OPEN,request,CACHE,HIT,0.021666000975528732,0.38154100002429914,INFO,adaptador.request,false,degradado,0.3126249994238606,9682.656108252,9682.656468127,9682.656086586,9682.656420877,CIRCUIT_OPEN,2026-09-05T00:09:45.856520Z
2c845e2f-fc40-4ca7-b29a-489627718783,run1_rep1,E,OPEN,OPEN,request,CACHE,HIT,0.012041999070788734,0.278499999694759,INFO,adaptador.request,false,degradado,0.2300830001331633,9682.659448919,9682.659715377,9682.659436877,9682.659679002,CIRCUIT_OPEN,2026-09-05T00:09:45.859750Z
0da472e5-332b-4be9-965b-ce9b4eb194a7,run1_rep1,E,OPEN,OPEN,request,CACHE,HIT,0.010083000233862549,0.24079200011328794,INFO,adaptador.request,false,degradado,0.19458399947325233,9682.668458127,9682.668688836,9682.668448044,9682.668652711,CIRCUIT_OPEN,2026-09-05T00:09:45.868723Z
caad8fe6-53fd-4045-85db-5251d81cfc03,run1_rep1,E,OPEN,OPEN,request,CACHE,HIT,0.012166001397417858,0.29691600138903596,INFO,adaptador.request,false,degradado,0.2482089985278435,9682.731559002,9682.731843752,9682.731546836,9682.731807211,CIRCUIT_OPEN,2026-09-05T00:09:45.931886Z
fcea66c7-bb44-4dbc-8f08-55b338c57475,run1_rep1,E,OPEN,OPEN,request,CACHE,HIT,0.01945799886016175,0.7632079996255925,INFO,adaptador.request,false,degradado,0.6915829999343259,9682.765586794,9682.766330544,9682.765567336,9682.766278377,CIRCUIT_OPEN,2026-09-05T00:09:45.966394Z
32629cf8-6a88-4dde-8e1e-94524855eaf5,run1_rep1,E,OPEN,OPEN,request,CACHE,HIT,0.018665999959921464,0.7326249997277046,INFO,adaptador.request,false,degradado,0.6813749987486517,9682.766169377,9682.766883336,9682.766150711,9682.766850752,CIRCUIT_OPEN,2026-09-05T00:09:45.967076Z
3dbad90d-7a4d-4300-a7c6-430a4744565f,run1_rep1,E,OPEN,OPEN,request,CACHE,HIT,0.015833000361453742,0.43870800072909333,INFO,adaptador.request,false,degradado,0.37104199873283505,9682.773926669,9682.774349544,9682.773910836,9682.774297711,CIRCUIT_OPEN,2026-09-05T00:09:45.974417Z
6035b19b-eb99-4299-a3e4-e35ca2ad7159,run1_rep1,E,OPEN,OPEN,request,CACHE,HIT,0.01529200017102994,0.35154199940734543,INFO,adaptador.request,false,degradado,0.2790830003505107,9682.787283169,9682.787619419,9682.787267877,9682.787562252,CIRCUIT_OPEN,2026-09-05T00:09:45.987687Z
8509cfb6-b8a7-4c95-bf25-1b2220f0c43e,run1_rep1,E,OPEN,OPEN,request,CACHE,HIT,0.0439589985035127,0.7711250000284053,INFO,adaptador.request,false,degradado,0.6406250013242243,9682.858888836,9682.859616002,9682.858844877,9682.859529461,CIRCUIT_OPEN,2026-09-05T00:09:46.059704Z
173e5bd0-c87c-48b5-b85a-21462aaed412,run1_rep1,E,OPEN,OPEN,request,CACHE,HIT,0.06070900053600781,0.8265840006060898,INFO,adaptador.request,false,degradado,0.6662499999947613,9682.953224878,9682.953990753,9682.953164169,9682.953891128,CIRCUIT_OPEN,2026-09-05T00:09:46.154103Z
4897f949-2119-47eb-b186-efb485aa19ba,run1_rep1,E,OPEN,OPEN,request,CACHE,HIT,0.04216699926473666,0.7466249990102369,INFO,adaptador.request,false,degradado,0.620333001279505,9683.025761628,9683.026466086,9683.025719461,9683.026381961,CIRCUIT_OPEN,2026-09-05T00:09:46.226547Z
8589e653-9a60-4cc4-b3ce-21c708d0c279,run1_rep1,E,OPEN,OPEN,request,CACHE,HIT,0.03545800063875504,0.817083000583807,INFO,adaptador.request,false,degradado,0.7209169998532161,9683.040781711,9683.041563336,9683.040746253,9683.041502628,CIRCUIT_OPEN,2026-09-05T00:09:46.241637Z
082e2d49-7b74-46d0-96b5-683c2f97270f,run1_rep1,E,OPEN,OPEN,request,CACHE,HIT,0.01941700065799523,0.7189169991761446,INFO,adaptador.request,false,degradado,0.6594579990633065,9683.041431961,9683.042131461,9683.041412544,9683.042091419,CIRCUIT_OPEN,2026-09-05T00:09:46.242351Z
5280ed7a-93f9-428b-9078-f7cf15fb684b,run1_rep1,E,OPEN,OPEN,request,CACHE,HIT,0.029125001674401574,0.581208001676714,INFO,adaptador.request,false,degradado,0.488957999550621,9683.049960378,9683.050512461,9683.049931253,9683.050449336,CIRCUIT_OPEN,2026-09-05T00:09:46.250572Z
3c033608-e5b0-420b-8309-22bcad8512b8,run1_rep1,E,OPEN,OPEN,request,CACHE,HIT,0.028166999982204288,0.528958998984308,INFO,adaptador.request,false,degradado,0.446082998678321,9683.076590336,9683.077091128,9683.076562169,9683.077036419,CIRCUIT_OPEN,2026-09-05T00:09:46.277400Z
a9a509b1-b4a0-4eb7-b6ca-cd0ed8ea875e,run1_rep1,E,OPEN,OPEN,request,CACHE,HIT,0.04329100011091214,0.7712080005148891,INFO,adaptador.request,false,degradado,0.6435840004996862,9683.122857919,9683.123585836,9683.122814628,9683.123501503,CIRCUIT_OPEN,2026-09-05T00:09:46.323671Z
30f74b96-1223-49df-ab47-72e36e54cd74,run1_rep1,E,OPEN,OPEN,request,CACHE,HIT,0.031666000722907484,0.55429100029869,INFO,adaptador.request,false,degradado,0.4484999990381766,9683.128496294,9683.129018919,9683.128464628,9683.128944794,CIRCUIT_OPEN,2026-09-05T00:09:46.329088Z
d544e79a-5c2f-4f37-ba19-9e4a4f725e82,run1_rep1,E,OPEN,OPEN,request,CACHE,HIT,0.030875000447849743,0.794375000623404,INFO,adaptador.request,false,degradado,0.700332999258535,9683.157635711,9683.158399211,9683.157604836,9683.158336044,CIRCUIT_OPEN,2026-09-05T00:09:46.358473Z
6d7d4f36-ba5e-4dc5-b394-2239d3625e8f,run1_rep1,E,OPEN,OPEN,request,CACHE,HIT,0.02020899955823552,1.305542000409332,INFO,adaptador.request,false,degradado,1.2056659998052055,9683.158245628,9683.159530961,9683.158225419,9683.159451294,CIRCUIT_OPEN,2026-09-05T00:09:46.359834Z
2531059d-6e9b-4dd7-b2b4-45e50a4df5bf,run1_rep1,E,OPEN,OPEN,request,CACHE,HIT,0.04595800055540167,0.7077080008457415,INFO,adaptador.request,false,degradado,0.577875000089989,9683.205561711,9683.206223461,9683.205515753,9683.206139586,CIRCUIT_OPEN,2026-09-05T00:09:46.406300Z
ff515d4b-7829-4527-8efa-b4bf9f335d72,run1_rep1,E,OPEN,OPEN,request,CACHE,HIT,0.03720800123119261,0.651791000564117,INFO,adaptador.request,false,degradado,0.5356250003387686,9683.274865711,9683.275480294,9683.274828503,9683.275401336,CIRCUIT_OPEN,2026-09-05T00:09:46.475543Z
96e419f7-4fd0-4c94-94c2-553ae9468faa,run1_rep1,E,OPEN,OPEN,request,CACHE,HIT,0.030125000193947926,0.4926250003336463,INFO,adaptador.request,false,degradado,0.3962920000049053,9683.279525961,9683.279988461,9683.279495836,9683.279922253,CIRCUIT_OPEN,2026-09-05T00:09:46.480081Z
65d6a881-d136-4cc0-9d47-cb87c2e18c15,run1_rep1,E,OPEN,OPEN,request,CACHE,HIT,0.03312499939056579,0.6116669992479729,INFO,adaptador.request,false,degradado,0.5006669998692814,9683.294535919,9683.295114461,9683.294502794,9683.295036586,CIRCUIT_OPEN,2026-09-05T00:09:46.495205Z
2a32fc08-7266-4065-9f37-9ba13dd0d3bf,run1_rep1,E,OPEN,OPEN,request,CACHE,HIT,0.019167000573361292,0.5128749999130378,INFO,adaptador.request,false,degradado,0.4365420008980436,9683.317913461,9683.318407169,9683.317894294,9683.318350003,CIRCUIT_OPEN,2026-09-05T00:09:46.518474Z
1f5b3902-1b03-4068-b9fe-b42e5093c532,run1_rep1,E,OPEN,OPEN,request,CACHE,HIT,0.06112500159360934,0.9348340008727973,INFO,adaptador.request,false,degradado,0.7721249985479517,9683.384532919,9683.385406628,9683.384471794,9683.385305044,CIRCUIT_OPEN,2026-09-05T00:09:46.585498Z
9f173d30-838c-4cee-b87c-fcfc36594ad9,run1_rep1,E,OPEN,OPEN,request,CACHE,HIT,0.03320799987704959,1.0132909992535133,INFO,adaptador.request,false,degradado,0.894832999620121,9683.387687586,9683.388667669,9683.387654378,9683.388582419,CIRCUIT_OPEN,2026-09-05T00:09:46.588738Z
1025905a-ca27-45ec-98ff-db092d4959c3,run1_rep1,E,OPEN,OPEN,request,CACHE,HIT,0.040458000512444414,0.8347500006493647,INFO,adaptador.request,false,degradado,0.7099169997673016,9683.407483544,9683.408277836,9683.407443086,9683.408193461,CIRCUIT_OPEN,2026-09-05T00:09:46.608368Z
b3dca477-4234-4808-9fd4-05e2fb0f537f,run1_rep1,E,OPEN,OPEN,request,CACHE,HIT,0.04570900091493968,0.7691669998166617,INFO,adaptador.request,false,degradado,0.6348749993776437,9683.466931503,9683.467654961,9683.466885794,9683.467566378,CIRCUIT_OPEN,2026-09-05T00:09:46.667740Z
eabc7a37-2858-4e47-b966-a30267964a5a,run1_rep1,E,OPEN,OPEN,request,CACHE,HIT,0.03445899892540183,1.107541998862871,INFO,adaptador.request,false,degradado,0.9901659996103263,9683.493271128,9683.494344211,9683.493236669,9683.494261294,CIRCUIT_OPEN,2026-09-05T00:09:46.694696Z
818d4aff-beba-4301-a50e-6f6e078dc3a7,run1_rep1,E,OPEN,OPEN,request,CACHE,HIT,0.015458001143997535,0.8385410001210403,INFO,adaptador.request,false,degradado,0.7673330001125578,9683.493788211,9683.494611294,9683.493772753,9683.494555544,CIRCUIT_OPEN,2026-09-05T00:09:46.694980Z
070e4c03-9270-4a81-a1a4-e7d02f258942,run1_rep1,E,OPEN,OPEN,request,CACHE,HIT,0.030291999792098068,0.6029590003890917,INFO,adaptador.request,false,degradado,0.5024580004828749,9683.511993711,9683.512566378,9683.511963419,9683.512496169,CIRCUIT_OPEN,2026-09-05T00:09:46.712651Z
a45247ef-522a-45ee-9bfe-d4621c08516e,run1_rep1,E,OPEN,OPEN,request,CACHE,HIT,0.030125000193947926,0.5707910004275618,INFO,adaptador.request,false,degradado,0.4596660000970587,9683.521501878,9683.522042544,9683.521471753,9683.521961544,CIRCUIT_OPEN,2026-09-05T00:09:46.722116Z
c1bca395-b0d3-4e1b-b5d7-d3efa35081e8,run1_rep1,E,OPEN,OPEN,request,CACHE,HIT,0.04650000118999742,0.6008750006003538,INFO,adaptador.request,false,degradado,0.4867919997195713,9683.568115169,9683.568669544,9683.568068669,9683.568601961,CIRCUIT_OPEN,2026-09-05T00:09:46.768735Z
5f653b96-2fe9-499d-9575-389e7d5480c6,run1_rep1,E,OPEN,OPEN,request,CACHE,HIT,0.04054199962411076,0.7242920000862796,INFO,adaptador.request,false,degradado,0.5996250001771841,9683.614593086,9683.615276836,9683.614552544,9683.615192711,CIRCUIT_OPEN,2026-09-05T00:09:46.815366Z
81a1871c-ccc3-44e4-8cbc-119bebcff116,run1_rep1,E,OPEN,OPEN,request,CACHE,HIT,0.0323330004903255,0.5699169996660203,INFO,adaptador.request,false,degradado,0.47395899855473544,9683.642454336,9683.64299192,9683.642422003,9683.642928295,CIRCUIT_OPEN,2026-09-05T00:09:46.843119Z
bc789a5f-922a-4870-b5ca-3ae91195333c,run1_rep1,E,OPEN,OPEN,request,CACHE,HIT,0.02804200084938202,0.5729170006816275,INFO,adaptador.request,false,degradado,0.4673749990615761,9683.654344253,9683.654889128,9683.654316211,9683.654811628,CIRCUIT_OPEN,2026-09-05T00:09:46.854973Z
cbd31307-98cb-49b6-afb4-ad2e13e385f2,run1_rep1,E,OPEN,OPEN,request,CACHE,HIT,0.019375000192667358,0.38516600034199655,INFO,adaptador.request,false,degradado,0.3080000005866168,9683.658399795,9683.658765586,9683.65838042,9683.658707795,CIRCUIT_OPEN,2026-09-05T00:09:46.858831Z
919c9c07-873d-4a61-8e56-5983ead789a2,run1_rep1,E,OPEN,OPEN,request,CACHE,HIT,0.02979199962283019,0.5408750002970919,INFO,adaptador.request,false,degradado,0.44883299960929435,9683.712233253,9683.712744336,9683.712203461,9683.712682086,CIRCUIT_OPEN,2026-09-05T00:09:46.912808Z
c1a61f1d-8b49-45ab-9356-70a7195537fb,run1_rep1,E,OPEN,OPEN,request,CACHE,HIT,0.029707998692174442,0.6289579996519024,INFO,adaptador.request,false,degradado,0.5257090015220456,9683.725176711,9683.725775961,9683.725147003,9683.72570242,CIRCUIT_OPEN,2026-09-05T00:09:46.925862Z
97812dd5-ea07-40b2-b4aa-4bedf1e2d022,run1_rep1,E,OPEN,OPEN,request,CACHE,HIT,0.029916998755652457,0.5532920004043262,INFO,adaptador.request,false,degradado,0.4616250007529743,9683.758594795,9683.75911817,9683.758564878,9683.75905642,CIRCUIT_OPEN,2026-09-05T00:09:46.959193Z
347a0401-e379-4850-b5db-82ecb2ad3466,run1_rep1,E,OPEN,OPEN,request,CACHE,HIT,0.0428749990533106,0.6821249990025535,INFO,adaptador.request,false,degradado,0.5595000002358574,9683.825089503,9683.825728753,9683.825046628,9683.825649003,CIRCUIT_OPEN,2026-09-05T00:09:47.025814Z
b627017b-1f99-48f0-9c76-0056ed4c7477,run1_rep1,E,OPEN,OPEN,request,CACHE,HIT,0.040208000427810475,0.5949160004092846,INFO,adaptador.request,false,degradado,0.4856670002482133,9683.849345253,9683.849899961,9683.849305045,9683.84983092,CIRCUIT_OPEN,2026-09-05T00:09:47.049984Z
1e1e95f3-e7d0-4db3-b643-da8d8a670f2c,run1_rep1,E,OPEN,OPEN,request,CACHE,HIT,0.030916000469005667,0.6121660007920582,INFO,adaptador.request,false,degradado,0.4802090006705839,9683.858496961,9683.859078211,9683.858466045,9683.85897717,CIRCUIT_OPEN,2026-09-05T00:09:47.059162Z
44961074-78c7-42a1-9cdb-c24d6534084e,run1_rep1,E,OPEN,OPEN,request,CACHE,HIT,0.026124998839804903,0.4661250004573958,INFO,adaptador.request,false,degradado,0.36583300061465707,9683.86367367,9683.86411367,9683.863647545,9683.864039503,CIRCUIT_OPEN,2026-09-05T00:09:47.064178Z
7c83e729-614c-4ac4-b6e1-024cb8ae2fb9,run1_rep1,E,OPEN,OPEN,request,CACHE,HIT,0.03108400051132776,0.5434170016087592,INFO,adaptador.request,false,degradado,0.450333000117098,9683.87807542,9683.878587753,9683.878044336,9683.878525753,CIRCUIT_OPEN,2026-09-05T00:09:47.078648Z
9664a917-5d6e-4369-8729-8d70185ca68f,run1_rep1,E,OPEN,OPEN,request,CACHE,HIT,0.03925000055460259,0.6909160001669079,INFO,adaptador.request,false,degradado,0.5708329990739003,9683.91566892,9683.916320586,9683.91562967,9683.916239753,CIRCUIT_OPEN,2026-09-05T00:09:47.116394Z
69669549-447d-4e60-9fba-b820ddc85dbd,run1_rep1,E,OPEN,OPEN,request,CACHE,HIT,0.030958999559516087,0.5188750001252629,INFO,adaptador.request,false,degradado,0.42424999992363155,9683.922635795,9683.923123711,9683.922604836,9683.923060045,CIRCUIT_OPEN,2026-09-05T00:09:47.123190Z
f478a039-bb7e-4461-a4f3-8d7fbe2688a1,run1_rep1,E,OPEN,OPEN,request,CACHE,HIT,0.029749999157502316,0.6367909991240595,INFO,adaptador.request,false,degradado,0.5440830009320052,9683.93083417,9683.931441211,9683.93080442,9683.931378253,CIRCUIT_OPEN,2026-09-05T00:09:47.131524Z
55c3fa03-5983-4f02-803a-4131d5f72fe1,run1_rep1,E,OPEN,OPEN,request,CACHE,HIT,0.028541999199660495,0.6862499994895188,INFO,adaptador.request,false,degradado,0.5852079993928783,9683.970841503,9683.971499211,9683.970812961,9683.971426711,CIRCUIT_OPEN,2026-09-05T00:09:47.171587Z
e39b3008-3137-4851-9a2b-6353539fcaa9,run1_rep1,E,OPEN,OPEN,request,CACHE,HIT,0.021082998500787653,0.43904099948122166,INFO,adaptador.request,false,degradado,0.36745800025528297,9683.986918128,9683.987336086,9683.986897045,9683.987285586,CIRCUIT_OPEN,2026-09-05T00:09:47.187396Z
aaec8f2c-92dc-4304-a11a-5f9d5f45f127,run1_rep1,E,OPEN,OPEN,request,CACHE,HIT,0.017250000382773578,0.3759160008485196,INFO,adaptador.request,false,degradado,0.3032080003322335,9684.002583045,9684.002941711,9684.002565795,9684.002886253,CIRCUIT_OPEN,2026-09-05T00:09:47.203033Z
f4d2fd08-b535-41d5-a5ed-99ccc9187b9a,run1_rep1,E,OPEN,OPEN,request,CACHE,HIT,0.04245799937052652,0.7118749999790452,INFO,adaptador.request,false,degradado,0.5825000007462222,9684.092255753,9684.09292517,9684.092213295,9684.092838253,CIRCUIT_OPEN,2026-09-05T00:09:47.293035Z
37f47e9f-5aac-416e-8a2b-b65d6dac1f65,run1_rep1,E,OPEN,OPEN,request,CACHE,HIT,0.07612500121467747,1.4352910002344288,INFO,adaptador.request,false,degradado,1.2145410000812262,9684.147530795,9684.148889961,9684.14745467,9684.148745336,CIRCUIT_OPEN,2026-09-05T00:09:47.349048Z
c59c95c9-33bf-4854-ba93-a182477adf85,run1_rep1,E,OPEN,OPEN,request,CACHE,HIT,0.03124999966530595,0.5812920007883804,INFO,adaptador.request,false,degradado,0.47525000081805047,9684.157279378,9684.15782942,9684.157248128,9684.157754628,CIRCUIT_OPEN,2026-09-05T00:09:47.357919Z
1194d2fc-3f89-40fc-ae7b-b8934b22c268,run1_rep1,E,OPEN,OPEN,request,CACHE,HIT,0.03149999974993989,0.7713750001130393,INFO,adaptador.request,false,degradado,0.6638750001002336,9684.188114753,9684.188854628,9684.188083253,9684.188778628,CIRCUIT_OPEN,2026-09-05T00:09:47.388941Z
148a33fe-f110-4905-9066-84ade3822f53,run1_rep1,E,OPEN,OPEN,request,CACHE,HIT,0.02937499994004611,1.1327499996696133,INFO,adaptador.request,false,degradado,0.9559579993947409,9684.207318503,9684.208421878,9684.207289128,9684.208274461,CIRCUIT_OPEN,2026-09-05T00:09:47.408569Z
2d6078e4-6fe6-4ef6-90d4-77031a5bad74,run1_rep1,E,OPEN,OPEN,request,CACHE,HIT,0.025624998670537025,0.5480829986481695,INFO,adaptador.request,false,degradado,0.4363750012998935,9684.21888567,9684.219408128,9684.218860045,9684.219322045,CIRCUIT_OPEN,2026-09-05T00:09:47.419492Z
8d3ed4a9-96e6-4d65-ae7b-15b3d4a63e96,run1_rep1,E,OPEN,OPEN,request,CACHE,HIT,0.03679200017359108,0.652459000775707,INFO,adaptador.request,false,degradado,0.5395000007410999,9684.253269128,9684.253884795,9684.253232336,9684.253808628,CIRCUIT_OPEN,2026-09-05T00:09:47.453972Z
be6f46d5-261f-46e9-a45a-b3fad5d367a3,run1_rep1,E,OPEN,OPEN,request,CACHE,HIT,0.035958000808022916,0.6532919996971032,INFO,adaptador.request,false,degradado,0.5331669999577571,9684.298791461,9684.299408795,9684.298755503,9684.299324628,CIRCUIT_OPEN,2026-09-05T00:09:47.499499Z
4bb8666b-8650-419b-a460-112d5ef6f1f4,run1_rep1,E,OPEN,OPEN,request,CACHE,HIT,0.04224999975122046,0.6830419988546055,INFO,adaptador.request,false,degradado,0.5629999996017432,9684.313100628,9684.31374142,9684.313058378,9684.313663628,CIRCUIT_OPEN,2026-09-05T00:09:47.513825Z
591fd287-1529-4ad1-ab26-8faa1c7afab9,run1_rep1,E,OPEN,OPEN,request,CACHE,HIT,0.04879199877905194,0.8170839992089896,INFO,adaptador.request,false,degradado,0.6787920010538073,9684.34778167,9684.348549962,9684.347732878,9684.348460462,CIRCUIT_OPEN,2026-09-05T00:09:47.548637Z
170be4f8-f1f5-4419-9213-b527423f9cdf,run1_rep1,E,OPEN,OPEN,request,CACHE,HIT,0.036124998587183654,0.9282499995606486,INFO,adaptador.request,false,degradado,0.7949999999254942,9684.355907545,9684.35679967,9684.35587142,9684.356702545,CIRCUIT_OPEN,2026-09-05T00:09:47.556897Z
9f5885e8-52f9-4c93-a568-f8cc93313dc9,run1_rep1,E,OPEN,OPEN,request,CACHE,HIT,0.05279200013319496,0.7918330011307262,INFO,adaptador.request,false,degradado,0.6449160009651678,9684.413452587,9684.414191628,9684.413399795,9684.414097503,CIRCUIT_OPEN,2026-09-05T00:09:47.614288Z
bc9ad6d3-1ff9-4568-8ae2-f8124f0641c4,run1_rep1,E,OPEN,OPEN,request,CACHE,HIT,0.029875000109313987,0.910541999473935,INFO,adaptador.request,false,degradado,0.8134170002449537,9684.47079592,9684.471676587,9684.470766045,9684.471609337,CIRCUIT_OPEN,2026-09-05T00:09:47.672470Z
8f2e9c77-eed3-4fa6-b456-5fb6379d0798,run1_rep1,E,OPEN,OPEN,request,CACHE,HIT,0.011916999937966466,1.1790419994213153,INFO,adaptador.request,false,degradado,1.0927919993264368,9684.471153795,9684.47232092,9684.471141878,9684.472246587,CIRCUIT_OPEN,2026-09-05T00:09:47.673445Z
f24e89ff-3538-4c5b-8fd1-0de7cdf1be6c,run1_rep1,E,OPEN,OPEN,request,CACHE,HIT,0.01849999898695387,1.3284579999890411,INFO,adaptador.request,false,degradado,1.2517499999376014,9684.471988337,9684.473298295,9684.471969837,9684.473240087,CIRCUIT_OPEN,2026-09-05T00:09:47.674012Z
da6aef80-7c9b-4e00-bbe1-dd9968f712d8,run1_rep1,E,OPEN,OPEN,request,CACHE,HIT,0.022666999939247034,0.41324999983771704,INFO,adaptador.request,false,degradado,0.3349580001668073,9684.477902587,9684.47829317,9684.47787992,9684.478237545,CIRCUIT_OPEN,2026-09-05T00:09:47.678356Z
a8f78732-92b3-4704-9d93-d27bd87888b9,run1_rep1,E,OPEN,OPEN,request,CACHE,HIT,0.016041998605942354,0.3323339988128282,INFO,adaptador.request,false,degradado,0.2618329999677371,9684.482718045,9684.483034337,9684.482702003,9684.482979878,CIRCUIT_OPEN,2026-09-05T00:09:47.683082Z
fad33aff-a28b-47e0-921a-6648f8fdd432,run1_rep1,E,OPEN,OPEN,request,CACHE,HIT,0.036625000575440936,0.5335830010153586,INFO,adaptador.request,false,degradado,0.4440829998202389,9684.523362045,9684.523859003,9684.52332542,9684.523806128,CIRCUIT_OPEN,2026-09-05T00:09:47.723913Z
a5028183-297f-4b4e-82ca-1c3f23ac54a7,run1_rep1,E,OPEN,OPEN,request,CACHE,HIT,0.04962499951943755,1.0170000005018665,INFO,adaptador.request,false,degradado,0.8777500006544869,9684.606658087,9684.607625462,9684.606608462,9684.607535837,CIRCUIT_OPEN,2026-09-05T00:09:47.807722Z
a5143b1e-fc11-49d2-b603-bec4d8db32a7,run1_rep1,E,OPEN,OPEN,request,CACHE,HIT,0.022750000425730832,0.8497500002704328,INFO,adaptador.request,false,degradado,0.7845000000088476,9684.607439628,9684.608266628,9684.607416878,9684.608224128,CIRCUIT_OPEN,2026-09-05T00:09:47.808485Z
25c6ccfd-d67f-4836-a3d2-b150cf51e907,run1_rep1,E,OPEN,OPEN,request,CACHE,HIT,0.03487499998300336,0.6600409997190582,INFO,adaptador.request,false,degradado,0.5591660010395572,9684.632362212,9684.632987378,9684.632327337,9684.632921378,CIRCUIT_OPEN,2026-09-05T00:09:47.833076Z
7112013a-8631-4c25-a2bb-3278e911c74e,run1_rep1,E,OPEN,OPEN,request,CACHE,HIT,0.05520900049305055,0.6575839997822186,INFO,adaptador.request,false,degradado,0.5352079988369951,9684.686025712,9684.686628087,9684.685970503,9684.68656092,CIRCUIT_OPEN,2026-09-05T00:09:47.886708Z
447b4d5c-c7f0-4a5b-84c0-d2f881698982,run1_rep1,E,OPEN,OPEN,request,CACHE,HIT,0.03404199924261775,0.5784999993920792,INFO,adaptador.request,false,degradado,0.4740410004160367,9684.720248087,9684.720792545,9684.720214045,9684.720722128,CIRCUIT_OPEN,2026-09-05T00:09:47.920874Z
f259c5dc-b0e2-4ddd-ac5b-a83739aa0057,run1_rep1,E,OPEN,OPEN,request,CACHE,HIT,0.040875000195228495,0.7075419998727739,INFO,adaptador.request,false,degradado,0.5825000007462222,9684.789270878,9684.789937545,9684.789230003,9684.789853378,CIRCUIT_OPEN,2026-09-05T00:09:47.990054Z
daddd149-27d0-4759-beab-503b6e237ef3,run1_rep1,E,OPEN,OPEN,request,CACHE,HIT,0.03245900006731972,0.5735419999837177,INFO,adaptador.request,false,degradado,0.47525000081805047,9684.804558212,9684.805099295,9684.804525753,9684.805033462,CIRCUIT_OPEN,2026-09-05T00:09:48.005168Z
aa699324-2aca-4f9a-aa41-751c38bdfa32,run1_rep1,E,OPEN,OPEN,request,CACHE,HIT,0.032750000173109584,0.6266660002438584,INFO,adaptador.request,false,degradado,0.5265409999992698,9684.836868712,9684.837462628,9684.836835962,9684.837395253,CIRCUIT_OPEN,2026-09-05T00:09:48.037540Z
1508f7e5-11e1-40cb-9fc9-ff1350b7577a,run1_rep1,E,OPEN,OPEN,request,CACHE,HIT,0.03825000021606684,0.7314590002351906,INFO,adaptador.request,false,degradado,0.6170839988044463,9684.843180128,9684.843873337,9684.843141878,9684.843797212,CIRCUIT_OPEN,2026-09-05T00:09:48.043954Z
ad801706-7390-4397-a1cf-8491be144712,run1_rep1,E,OPEN,OPEN,request,CACHE,HIT,0.028915999791934155,0.4669999998441199,INFO,adaptador.request,false,degradado,0.3785839999181917,9684.855132128,9684.855570212,9684.855103212,9684.855510712,CIRCUIT_OPEN,2026-09-05T00:09:48.055649Z
78a4d67a-834b-42ce-ae98-d745a71c25c0,run1_rep1,E,OPEN,OPEN,request,CACHE,HIT,0.045958999180584215,0.8099999995465623,INFO,adaptador.request,false,degradado,0.6813330001023132,9684.903670462,9684.904434503,9684.903624503,9684.904351795,CIRCUIT_OPEN,2026-09-05T00:09:48.104520Z
250ee2a8-7ca6-4b1a-b552-6a0dc1befc9f,run1_rep1,E,OPEN,OPEN,request,CACHE,HIT,0.01758399957907386,0.5028340001445031,INFO,adaptador.request,false,degradado,0.4355830005806638,9684.907821212,9684.908306462,9684.907803628,9684.908256795,CIRCUIT_OPEN,2026-09-05T00:09:48.108370Z
acb6cbe4-4908-4fd1-ad1c-61cbb6fd7add,run1_rep1,E,OPEN,OPEN,request,CACHE,HIT,0.015916999473120086,0.44504200013761874,INFO,adaptador.request,false,degradado,0.37445800080604386,9684.91060892,9684.911038045,9684.910593003,9684.910983378,CIRCUIT_OPEN,2026-09-05T00:09:48.111090Z
182e9980-18d9-4ff9-b5b6-f727f4be57d8,run1_rep1,E,OPEN,OPEN,request,CACHE,HIT,0.02137500086973887,0.4080420003447216,INFO,adaptador.request,false,degradado,0.33583399999770336,9684.944385253,9684.94477192,9684.944363878,9684.944721087,CIRCUIT_OPEN,2026-09-05T00:09:48.144828Z
b226e093-d6df-444f-a199-c595bd297c1c,run1_rep1,E,OPEN,OPEN,request,CACHE,HIT,0.014167000699671917,0.3874590001942124,INFO,adaptador.request,false,degradado,0.3146250001009321,9684.948445295,9684.948818587,9684.948431128,9684.94875992,CIRCUIT_OPEN,2026-09-05T00:09:48.148884Z
9af28107-e9ce-4391-9a0e-17a93fac0252,run1_rep1,E,OPEN,OPEN,request,CACHE,HIT,0.05129200144438073,0.7868330012570368,INFO,adaptador.request,false,degradado,0.6444579994422384,9685.041512629,9685.04224817,9685.041461337,9685.042157087,CIRCUIT_OPEN,2026-09-05T00:09:48.242333Z
1e481eb4-2688-4976-8558-ab84ec2d84bc,run1_rep1,E,OPEN,OPEN,request,CACHE,HIT,0.04883399924437981,0.7580419987789355,INFO,adaptador.request,false,degradado,0.6213750002643792,9685.117617004,9685.118326212,9685.11756817,9685.118238379,CIRCUIT_OPEN,2026-09-05T00:09:48.318419Z
35512671-7c8e-48cb-839f-32607682065b,run1_rep1,E,OPEN,OPEN,request,CACHE,HIT,0.03699999979289714,0.5944170006841887,INFO,adaptador.request,false,degradado,0.4852920010307571,9685.133153087,9685.133710504,9685.133116087,9685.133638379,CIRCUIT_OPEN,2026-09-05T00:09:48.333777Z
599e5f79-0259-420f-904f-3e6a5d7d3ecb,run1_rep1,E,OPEN,OPEN,request,CACHE,HIT,0.04441700002644211,0.7882089994382113,INFO,adaptador.request,false,degradado,0.6382079991453793,9685.206997462,9685.207741254,9685.206953045,9685.20763567,CIRCUIT_OPEN,2026-09-05T00:09:48.407828Z
fc99685a-6b5a-4036-bb08-9647e6528c0c,run1_rep1,E,OPEN,OPEN,request,CACHE,HIT,0.018415999875287525,0.7910410004114965,INFO,adaptador.request,false,degradado,0.7113749998097774,9685.213698295,9685.21447092,9685.213679879,9685.21440967,CIRCUIT_OPEN,2026-09-05T00:09:48.414546Z
eed3cdf2-ba9e-427f-98f9-23768535af95,run1_rep1,E,OPEN,OPEN,request,CACHE,HIT,0.014957999155740254,0.7898329986346653,INFO,adaptador.request,false,degradado,0.6964589993003756,9685.214290045,9685.21506492,9685.214275087,9685.214986504,CIRCUIT_OPEN,2026-09-05T00:09:48.415278Z
351f7272-018d-46c6-b539-790f54558d5c,run1_rep1,E,OPEN,OPEN,request,CACHE,HIT,0.05020800017518923,0.961957999606966,INFO,adaptador.request,false,degradado,0.8362500011571683,9685.25845917,9685.25937092,9685.258408962,9685.25929542,CIRCUIT_OPEN,2026-09-05T00:09:48.459445Z
1bbcf57b-54c5-495f-a685-b6bcfc486a8f,run1_rep1,E,OPEN,OPEN,request,CACHE,HIT,0.022750000425730832,1.012291000733967,INFO,adaptador.request,false,degradado,0.9264580003218725,9685.259196129,9685.26018567,9685.259173379,9685.260122587,CIRCUIT_OPEN,2026-09-05T00:09:48.460418Z
488ba431-a060-40d6-afcd-0d51c3e30a95,run1_rep1,E,OPEN,OPEN,request,CACHE,HIT,0.017750000552041456,0.3873749992635567,INFO,adaptador.request,false,degradado,0.3251669986639172,9685.26446917,9685.264838795,9685.26445142,9685.264794337,CIRCUIT_OPEN,2026-09-05T00:09:48.464885Z
6915813f-99ca-43a3-b285-513e3ab98b1e,run1_rep1,E,OPEN,OPEN,request,CACHE,HIT,0.013625000065076165,0.3440000000409782,INFO,adaptador.request,false,degradado,0.2760839997790754,9685.28477917,9685.285109545,9685.284765545,9685.285055254,CIRCUIT_OPEN,2026-09-05T00:09:48.485168Z
b894a041-b284-4588-b14d-8f847f3462ee,run1_rep1,E,OPEN,OPEN,request,CACHE,HIT,0.054459000239148736,0.8625840000604512,INFO,adaptador.request,false,degradado,0.7150830006139586,9685.345788629,9685.346596754,9685.34573417,9685.346503712,CIRCUIT_OPEN,2026-09-05T00:09:48.546685Z
fa16edba-3618-43b0-9396-a50b66eee388,run1_rep1,E,OPEN,OPEN,request,CACHE,HIT,0.05604100078926422,1.7472910003561992,INFO,adaptador.request,false,degradado,1.564541998959612,9685.38461042,9685.38630167,9685.384554379,9685.386174962,CIRCUIT_OPEN,2026-09-05T00:09:48.586405Z
e34dd4d9-32ba-415b-b9c3-9ec64d1a1ced,run1_rep1,E,OPEN,OPEN,request,CACHE,HIT,0.0440419989899965,0.8402919993386604,INFO,adaptador.request,false,degradado,0.7367920006799977,9685.387030962,9685.387827212,9685.38698692,9685.387767754,CIRCUIT_OPEN,2026-09-05T00:09:48.587892Z
409f4341-5607-41fd-8322-254b8bf360ee,run1_rep1,E,OPEN,OPEN,request,CACHE,HIT,0.019332999727339484,0.44729099863616284,INFO,adaptador.request,false,degradado,0.37637499917764217,9685.391951837,9685.392379795,9685.391932504,9685.392328212,CIRCUIT_OPEN,2026-09-05T00:09:48.592439Z
aaffb3f0-443a-4d2d-9952-ec04e90edfcb,run1_rep1,E,OPEN,OPEN,request,CACHE,HIT,0.04454100053408183,0.7663330015930114,INFO,adaptador.request,false,degradado,0.6359590006468352,9685.45945117,9685.460172962,9685.459406629,9685.460087129,CIRCUIT_OPEN,2026-09-05T00:09:48.660254Z
ac6d2398-9da4-4b04-96bb-69084ae38d42,run1_rep1,E,OPEN,OPEN,request,CACHE,HIT,0.04304200047045015,0.7032089997665025,INFO,adaptador.request,false,degradado,0.5686249987775227,9685.491894962,9685.492555129,9685.49185192,9685.492463587,CIRCUIT_OPEN,2026-09-05T00:09:48.692652Z
ad765c3e-3c35-460d-84bc-42c18fc94f8c,run1_rep1,E,OPEN,OPEN,request,CACHE,HIT,0.03733300036401488,0.5532920004043262,INFO,adaptador.request,false,degradado,0.44504200013761874,9685.498833295,9685.499349254,9685.498795962,9685.499278337,CIRCUIT_OPEN,2026-09-05T00:09:48.699425Z
f0b8d44a-444c-44f8-bcc1-408b41b9ba0f,run1_rep1,E,OPEN,OPEN,request,CACHE,HIT,0.037999998312443495,0.5978749995847465,INFO,adaptador.request,false,degradado,0.47733300016261637,9685.542403712,9685.542963587,9685.542365712,9685.542881045,CIRCUIT_OPEN,2026-09-05T00:09:48.743080Z
f14dedbe-683e-47ae-b2a4-fc5e365a283e,run1_rep1,E,OPEN,OPEN,request,CACHE,HIT,0.02641600076458417,0.4902500004391186,INFO,adaptador.request,false,degradado,0.4067089994350681,9685.54697017,9685.547434004,9685.546943754,9685.547376879,CIRCUIT_OPEN,2026-09-05T00:09:48.747498Z
7367eea6-8d47-402a-bed8-3256a431222e,run1_rep1,E,OPEN,OPEN,request,CACHE,HIT,0.05149999924469739,1.2258330007171025,INFO,adaptador.request,false,degradado,1.0510829997656401,9685.617755504,9685.618929837,9685.617704004,9685.618806587,CIRCUIT_OPEN,2026-09-05T00:09:48.819065Z
e47119fd-101d-4f5c-9100-799949aabc1e,run1_rep1,E,OPEN,OPEN,request,CACHE,HIT,0.024625000150990672,1.2255840010766406,INFO,adaptador.request,false,degradado,1.148125000327127,9685.61839192,9685.619592879,9685.618367295,9685.619540045,CIRCUIT_OPEN,2026-09-05T00:09:48.819846Z
687e8206-0b56-49fb-adac-c0bbbc69adba,run1_rep1,E,OPEN,OPEN,request,CACHE,HIT,0.030208000680431724,0.4526250013441313,INFO,adaptador.request,false,degradado,0.36979200012865476,9685.622502045,9685.622924462,9685.622471837,9685.622871837,CIRCUIT_OPEN,2026-09-05T00:09:48.822981Z
7c96cbf5-a2fe-4e63-bbce-6768e27ba5bb,run1_rep1,E,OPEN,OPEN,request,CACHE,HIT,0.02074999974865932,0.38212499930523336,INFO,adaptador.request,false,degradado,0.3187500005878974,9685.659182795,9685.65954417,9685.659162045,9685.659501545,CIRCUIT_OPEN,2026-09-05T00:09:48.859590Z
b8924dd9-21e9-4734-8042-6418f1d5addc,run1_rep1,E,OPEN,OPEN,request,CACHE,HIT,0.03429199932725169,0.6727919990225928,INFO,adaptador.request,false,degradado,0.5729580007027835,9685.741986546,9685.742625046,9685.741952254,9685.742559504,CIRCUIT_OPEN,2026-09-05T00:09:48.942690Z
19fb1039-3eda-4166-b19c-838da1a0816d,run1_rep1,E,OPEN,OPEN,request,CACHE,HIT,0.06004200076858979,1.8480840008123778,INFO,adaptador.request,false,degradado,1.6862920001585735,9685.866392004,9685.868180046,9685.866331962,9685.868078296,CIRCUIT_OPEN,2026-09-05T00:09:49.068548Z
ba93eb19-287f-440e-af1c-5ad198666396,run1_rep1,E,OPEN,OPEN,request,CACHE,HIT,0.0335000004270114,1.3200829998822883,INFO,adaptador.request,false,degradado,1.2315829990257043,9685.867173004,9685.868459587,9685.867139504,9685.868404587,CIRCUIT_OPEN,2026-09-05T00:09:49.069088Z
f07e6162-ca16-49ef-a961-77fca817da73,run1_rep1,E,OPEN,OPEN,request,CACHE,HIT,0.04829200042877346,1.894749999337364,INFO,adaptador.request,false,degradado,1.7761250001058215,9685.869841546,9685.871688004,9685.869793254,9685.871617671,CIRCUIT_OPEN,2026-09-05T00:09:49.071767Z
ed498a41-8b02-4ada-84e6-baec7640fe9a,run1_rep1,E,OPEN,OPEN,request,CACHE,HIT,0.028374999601510353,1.1987500001851004,INFO,adaptador.request,false,degradado,1.1174999999639113,9685.875394796,9685.876565171,9685.875366421,9685.876512296,CIRCUIT_OPEN,2026-09-05T00:09:49.076898Z
56ebd096-6bc7-4c93-bb48-9ff10187ee44,run1_rep1,E,OPEN,OPEN,request,CACHE,HIT,0.018125001588487066,0.9449160006624879,INFO,adaptador.request,false,degradado,0.888082999153994,9685.875903546,9685.876830337,9685.875885421,9685.876791629,CIRCUIT_OPEN,2026-09-05T00:09:49.077174Z
2bc0ce8f-7554-45ae-9bf7-538a42c3b199,run1_rep1,E,OPEN,OPEN,request,CACHE,HIT,0.023459000658476725,0.4521669998212019,INFO,adaptador.request,false,degradado,0.3776659996219678,9685.881418171,9685.881846879,9685.881394712,9685.881795837,CIRCUIT_OPEN,2026-09-05T00:09:49.081903Z
0752580f-d698-4dc8-a443-c214c3a94fd1,run1_rep1,E,OPEN,OPEN,request,CACHE,HIT,0.039041999116307124,1.294624998990912,INFO,adaptador.request,false,degradado,1.1896670002897736,9685.944502879,9685.945758462,9685.944463837,9685.945692546,CIRCUIT_OPEN,2026-09-05T00:09:49.146188Z
f4426d26-b1ac-42ae-899b-6064f534f8bc,run1_rep1,E,OPEN,OPEN,request,CACHE,HIT,0.013958000636193901,0.9512920005363412,INFO,adaptador.request,false,degradado,0.8856250005919719,9685.945168962,9685.946106296,9685.945155004,9685.946054587,CIRCUIT_OPEN,2026-09-05T00:09:49.146488Z
9ce0db66-7fa9-41c2-9c09-966ddac5368e,run1_rep1,E,OPEN,OPEN,request,CACHE,HIT,0.04625000110536348,0.8849590012687258,INFO,adaptador.request,false,degradado,0.7024169990472728,9686.002386587,9686.003225296,9686.002340337,9686.003089004,CIRCUIT_OPEN,2026-09-05T00:09:49.203326Z
81f594d1-5ae0-4499-890e-e8ceb0c4375e,run1_rep1,E,OPEN,OPEN,request,CACHE,HIT,0.0290830012090737,0.8001250007509952,INFO,adaptador.request,false,degradado,0.7112089988368098,9686.003917837,9686.004688879,9686.003888754,9686.004629046,CIRCUIT_OPEN,2026-09-05T00:09:49.204765Z
ddb5a16d-219c-436d-a114-af9624a70b77,run1_rep1,E,OPEN,OPEN,request,CACHE,HIT,0.0579999996261904,1.2172499991720542,INFO,adaptador.request,false,degradado,1.0758330008684425,9686.069171296,9686.070330546,9686.069113296,9686.070247129,CIRCUIT_OPEN,2026-09-05T00:09:49.270641Z
782d446b-6c14-4716-8cc3-ed3597cbe70d,run1_rep1,E,OPEN,OPEN,request,CACHE,HIT,0.015207999240374193,0.9823330001381692,INFO,adaptador.request,false,degradado,0.9327090010629036,9686.069611837,9686.070578962,9686.069596629,9686.070544546,CIRCUIT_OPEN,2026-09-05T00:09:49.270937Z
a6c2c686-e00d-4b53-81c1-349cec61d2d9,run1_rep1,E,OPEN,OPEN,request,CACHE,HIT,0.04029199953947682,0.6353329990815837,INFO,adaptador.request,false,degradado,0.5268749991955701,9686.100707296,9686.101302337,9686.100667004,9686.101234171,CIRCUIT_OPEN,2026-09-05T00:09:49.301362Z
fdc7acfc-586b-4128-afd3-91c2fff75988,run1_rep1,E,OPEN,OPEN,request,CACHE,HIT,0.030166998840286396,0.6430840003304183,INFO,adaptador.request,false,degradado,0.5353750002541346,9686.113480879,9686.114093796,9686.113450712,9686.114016254,CIRCUIT_OPEN,2026-09-05T00:09:49.314191Z
8b271563-eb9f-4db9-9225-0290c3660c37,run1_rep1,E,OPEN,OPEN,request,CACHE,HIT,0.03454100078670308,0.6826660010119667,INFO,adaptador.request,false,degradado,0.5757090002589393,9686.166752212,9686.167400337,9686.166717671,9686.167327921,CIRCUIT_OPEN,2026-09-05T00:09:49.367480Z
a47545b9-4078-4261-8f11-df885fdd5aa5,run1_rep1,E,OPEN,OPEN,request,CACHE,HIT,0.03320799987704959,0.5977910004730802,INFO,adaptador.request,false,degradado,0.48633300139044877,9686.242255004,9686.242819587,9686.242221796,9686.242741337,CIRCUIT_OPEN,2026-09-05T00:09:49.442908Z
abfe378a-1b9b-41c6-b75c-693a36dc873d,run1_rep1,E,OPEN,OPEN,request,CACHE,HIT,0.04145899947616272,0.714249999873573,INFO,adaptador.request,false,degradado,0.5849160006619059,9686.300785546,9686.301458337,9686.300744087,9686.301370462,CIRCUIT_OPEN,2026-09-05T00:09:49.501553Z
7581cb60-b05f-4533-8603-21e1b3d12a63,run1_rep1,E,OPEN,OPEN,request,CACHE,HIT,0.05133299964654725,0.9069580009963829,INFO,adaptador.request,false,degradado,0.7285829997272231,9686.364188004,9686.365043629,9686.364136671,9686.364916587,CIRCUIT_OPEN,2026-09-05T00:09:49.565139Z
f3ead9a7-4f5f-4af7-a189-53a37d2a1e8a,run1_rep1,E,OPEN,OPEN,request,CACHE,HIT,0.036666999221779406,0.858416999108158,INFO,adaptador.request,false,degradado,0.7372079999186099,9686.371802004,9686.372623754,9686.371765337,9686.372539212,CIRCUIT_OPEN,2026-09-05T00:09:49.572715Z
4631e6da-0786-4f08-92f6-6eb0b7ff7b5a,run1_rep1,E,OPEN,OPEN,request,CACHE,HIT,0.02595799924165476,0.5489579998538829,INFO,adaptador.request,false,degradado,0.46150000162015203,9686.406094629,9686.406617629,9686.406068671,9686.406556129,CIRCUIT_OPEN,2026-09-05T00:09:49.606691Z
fd3ba1a6-9a9c-4b1b-baf3-b1f4ba9dcba5,run1_rep1,E,OPEN,OPEN,request,CACHE,HIT,0.2011659998970572,1.599416000317433,INFO,adaptador.request,false,degradado,1.3399590006883955,9686.426170087,9686.427568337,9686.425968921,9686.427510046,CIRCUIT_OPEN,2026-09-05T00:09:49.628029Z
c7ae15df-2114-4340-b48d-b818ccfe2695,run1_rep1,E,OPEN,OPEN,request,CACHE,HIT,0.015458999769180082,0.9575840012985282,INFO,adaptador.request,false,degradado,0.88425000103598,9686.426976296,9686.427918421,9686.426960837,9686.427860546,CIRCUIT_OPEN,2026-09-05T00:09:49.628386Z
6320ff13-43f0-45b7-b801-62f5bda5cec9,run1_rep1,E,OPEN,OPEN,request,CACHE,HIT,0.02220799979113508,0.4457499999261927,INFO,adaptador.request,false,degradado,0.37141699976928066,9686.439445046,9686.439868588,9686.439422838,9686.439816463,CIRCUIT_OPEN,2026-09-05T00:09:49.639933Z
6f0e72e6-d8b3-480c-a74e-bf906a2084a4,run1_rep1,E,OPEN,OPEN,request,CACHE,HIT,0.017458000002079643,0.35233299968240317,INFO,adaptador.request,false,degradado,0.29091699980199337,9686.451172296,9686.451507171,9686.451154838,9686.451463213,CIRCUIT_OPEN,2026-09-05T00:09:49.651553Z
5b4f118f-349c-4cfc-aade-2b3126b451fa,run1_rep1,E,OPEN,OPEN,request,CACHE,HIT,0.03787499917962123,0.6587080006283941,INFO,adaptador.request,false,degradado,0.5412500013335375,9686.507815713,9686.508436546,9686.507777838,9686.508356963,CIRCUIT_OPEN,2026-09-05T00:09:49.708524Z
e9c06b0b-126f-430d-94a2-704daf583b93,run1_rep1,E,OPEN,OPEN,request,CACHE,HIT,0.04450000051292591,0.7399169990094379,INFO,adaptador.request,false,degradado,0.5893329998798436,9686.534375671,9686.535071088,9686.534331171,9686.534965004,CIRCUIT_OPEN,2026-09-05T00:09:49.735160Z
1d15180f-e2b0-463f-8f98-e333f0ae962e,run1_rep1,E,OPEN,OPEN,request,CACHE,HIT,0.02645799941092264,0.48216700088232756,INFO,adaptador.request,false,degradado,0.3997920011897804,9686.558328254,9686.558783963,9686.558301796,9686.558728046,CIRCUIT_OPEN,2026-09-05T00:09:49.758841Z
3c69a9b6-5d23-4ebb-bfd4-b5c881d1a5c8,run1_rep1,E,OPEN,OPEN,request,CACHE,HIT,0.02933300129370764,0.8737919997656718,INFO,adaptador.request,false,degradado,0.7699169982515741,9686.577641379,9686.578485838,9686.577612046,9686.578411296,CIRCUIT_OPEN,2026-09-05T00:09:49.778561Z
f13b43ee-ebd3-464e-b622-74cb67a23adb,run1_rep1,E,OPEN,OPEN,request,CACHE,HIT,0.049625001338426955,0.793041001088568,INFO,adaptador.request,false,degradado,0.6595409995497903,9686.705803463,9686.706546879,9686.705753838,9686.706463004,CIRCUIT_OPEN,2026-09-05T00:09:49.906613Z
f7e06dcd-e9e7-4add-96f9-0fa440fff2fa,run1_rep1,E,OPEN,OPEN,request,CACHE,HIT,0.027125000997330062,0.5775420013378607,INFO,adaptador.request,false,degradado,0.47258300037356094,9686.710378796,9686.710929213,9686.710351671,9686.710851379,CIRCUIT_OPEN,2026-09-05T00:09:49.911081Z
8da80fd0-ecef-40f0-bf30-a0e21380556d,run1_rep1,E,OPEN,OPEN,request,CACHE,HIT,0.023167000108514912,0.4617079994204687,INFO,adaptador.request,false,degradado,0.3923330004909076,9686.716963088,9686.717401629,9686.716939921,9686.717355421,CIRCUIT_OPEN,2026-09-05T00:09:49.917448Z
2daf9b69-7652-4d5a-8cd7-8b58866f5928,run1_rep1,E,OPEN,OPEN,request,CACHE,HIT,0.04116600030101836,0.7887499996286351,INFO,adaptador.request,false,degradado,0.6444169994210824,9686.772649254,9686.773396838,9686.772608088,9686.773293671,CIRCUIT_OPEN,2026-09-05T00:09:49.973505Z
d59ba42b-80c0-458b-a4f7-f419de28c274,run1_rep1,E,OPEN,OPEN,request,CACHE,HIT,0.03337500129418913,0.6224999997357372,INFO,adaptador.request,false,degradado,0.5215409983065911,9686.803768838,9686.804357963,9686.803735463,9686.804290379,CIRCUIT_OPEN,2026-09-05T00:09:50.004428Z
883d62e6-80e3-4c4f-906b-9b489bf84223,run1_rep1,E,OPEN,OPEN,request,CACHE,HIT,0.04616599835571833,0.7058329993014922,INFO,adaptador.request,false,degradado,0.5682090013579,9686.868130754,9686.868790421,9686.868084588,9686.868698963,CIRCUIT_OPEN,2026-09-05T00:09:50.068882Z
1d8da858-a7d9-4431-8692-01f87f87a0f6,run1_rep1,E,OPEN,OPEN,request,CACHE,HIT,0.03245900006731972,0.5780419996881392,INFO,adaptador.request,false,degradado,0.46883299910405185,9686.874674963,9686.875220546,9686.874642504,9686.875143796,CIRCUIT_OPEN,2026-09-05T00:09:50.075297Z
7b7e5257-a221-41a5-a25c-17daf9538d64,run1_rep1,E,OPEN,OPEN,request,CACHE,HIT,0.0435840011050459,0.735084000552888,INFO,adaptador.request,false,degradado,0.6072079995647073,9686.918741588,9686.919433088,9686.918698004,9686.919348796,CIRCUIT_OPEN,2026-09-05T00:09:50.119519Z
a6481cdb-7193-402f-aaaa-0832355a9f3e,run1_rep1,E,OPEN,OPEN,request,CACHE,HIT,0.03866699989885092,0.7757499988656491,INFO,adaptador.request,false,degradado,0.6656669993390096,9686.928100921,9686.928838004,9686.928062254,9686.928766588,CIRCUIT_OPEN,2026-09-05T00:09:50.128907Z
61a66303-d1e8-408a-9613-f7b9c04106b3,run1_rep1,E,OPEN,OPEN,request,CACHE,HIT,0.023333001081482507,0.4531250015133992,INFO,adaptador.request,false,degradado,0.3765839992411202,9686.934175004,9686.934604796,9686.934151671,9686.934551588,CIRCUIT_OPEN,2026-09-05T00:09:50.134660Z
a3e2e7c5-4e91-43e1-867f-b9310fc808af,run1_rep1,E,OPEN,OPEN,request,CACHE,HIT,0.03662499875645153,0.6699589994241251,INFO,adaptador.request,false,degradado,0.5554590006795479,9686.991677379,9686.992310713,9686.991640754,9686.992232838,CIRCUIT_OPEN,2026-09-05T00:09:50.192396Z
39e2a2c5-778a-40a0-868d-6446020dcc51,run1_rep1,E,OPEN,OPEN,request,CACHE,HIT,0.020957999367965385,0.8386669996980345,INFO,adaptador.request,false,degradado,0.7334589990932727,9687.037131129,9687.037948838,9687.037110171,9687.037864588,CIRCUIT_OPEN,2026-09-05T00:09:50.238356Z
f2a247a9-77f5-4177-a810-b6b5d7c902ab,run1_rep1,E,OPEN,OPEN,request,CACHE,HIT,0.049500000386615284,1.647290999244433,INFO,adaptador.request,false,degradado,1.5339159999712138,9687.036664838,9687.038262629,9687.036615338,9687.038198754,CIRCUIT_OPEN,2026-09-05T00:09:50.238789Z
782c899b-cf97-4eeb-b830-2121c132a5ab,run1_rep1,E,OPEN,OPEN,request,CACHE,HIT,0.03904200093529653,0.6155419996503042,INFO,adaptador.request,false,degradado,0.5079579987068428,9687.061637213,9687.062213713,9687.061598171,9687.062145171,CIRCUIT_OPEN,2026-09-05T00:09:50.262283Z
b1bd8ff8-6362-4920-97c2-7bb15950da6b,run1_rep1,E,OPEN,OPEN,request,CACHE,HIT,0.04616600017470773,0.760749999244581,INFO,adaptador.request,false,degradado,0.6267499993555248,9687.126199504,9687.126914088,9687.126153338,9687.126826254,CIRCUIT_OPEN,2026-09-05T00:09:50.327016Z
332f402f-e303-4b05-9d9f-e081efa24e5e,run1_rep1,E,OPEN,OPEN,request,CACHE,HIT,0.04829200042877346,0.7768340001348406,INFO,adaptador.request,false,degradado,0.630458000159706,9687.169335213,9687.170063755,9687.169286921,9687.169965671,CIRCUIT_OPEN,2026-09-05T00:09:50.370171Z
21bdad31-803f-400e-8267-702a4b0a17ed,run1_rep1,E,OPEN,OPEN,request,CACHE,HIT,0.0362089995178394,0.6640840001637116,INFO,adaptador.request,false,degradado,0.5500000006577466,9687.20790263,9687.208530505,9687.207866421,9687.20845263,CIRCUIT_OPEN,2026-09-05T00:09:50.408625Z
00129c5b-64af-4656-97dd-f1005c325122,run1_rep1,E,OPEN,OPEN,request,CACHE,HIT,0.04716600051324349,0.7856659995013615,INFO,adaptador.request,false,degradado,0.656749998597661,9687.292740921,9687.293479421,9687.292693755,9687.293397671,CIRCUIT_OPEN,2026-09-05T00:09:50.493556Z
1b6181e1-87d7-4287-a234-1ca1672accd2,run1_rep1,E,OPEN,OPEN,request,CACHE,HIT,0.033166999855893664,0.546208000741899,INFO,adaptador.request,false,degradado,0.4368330010038335,9687.319331005,9687.319844046,9687.319297838,9687.319767838,CIRCUIT_OPEN,2026-09-05T00:09:50.519927Z
7120c69a-a28d-481e-878a-832575e24cb9,run1_rep1,E,OPEN,OPEN,request,CACHE,HIT,0.033208998502232134,0.768166999478126,INFO,adaptador.request,false,degradado,0.6556250009452924,9687.330743255,9687.331478213,9687.330710046,9687.33139888,CIRCUIT_OPEN,2026-09-05T00:09:50.531563Z
6fc3f8f2-face-4fef-91c7-786264973678,run1_rep1,E,OPEN,OPEN,request,CACHE,HIT,0.035208999179303646,0.6251670001802268,INFO,adaptador.request,false,degradado,0.5185829995753011,9687.34125213,9687.341842088,9687.341216921,9687.341770713,CIRCUIT_OPEN,2026-09-05T00:09:50.541915Z
73bd685a-f8af-4ad0-898a-b0b82b2ffa06,run1_rep1,E,OPEN,OPEN,request,CACHE,HIT,0.0513340000907192,0.888083999598166,INFO,adaptador.request,false,degradado,0.7325829992623767,9687.429992755,9687.430829505,9687.429941421,9687.430725338,CIRCUIT_OPEN,2026-09-05T00:09:50.630917Z
4f2cc9be-7d24-44f8-b1da-562ce9f7ed5e,run1_rep1,E,OPEN,OPEN,request,CACHE,HIT,0.029875000109313987,0.6478330014942912,INFO,adaptador.request,false,degradado,0.531833000422921,9687.434957213,9687.435575171,9687.434927338,9687.435489046,CIRCUIT_OPEN,2026-09-05T00:09:50.635661Z
f868d8d1-26bd-4d2d-9ffd-8338a0904f47,run1_rep1,E,OPEN,OPEN,request,CACHE,HIT,0.01808299930416979,0.4129999997530831,INFO,adaptador.request,false,degradado,0.34370899993518833,9687.456571046,9687.456965963,9687.456552963,9687.456914755,CIRCUIT_OPEN,2026-09-05T00:09:50.657037Z
2f31c502-739c-42a9-b4d4-b0be87a4fd1d,run1_rep1,E,CLOSED,OPEN,request,PROVIDER,N/A,,108.07949999980337,INFO,adaptador.request,false,exitoso,,,9687.612437296,9687.504357796,,,2026-09-05T00:09:50.812534Z
836aa847-6b92-4e26-85cf-2549f30a750b,run1_rep1,E,CLOSED,HALF_OPEN,request,PROVIDER,N/A,,162.34541700032423,INFO,adaptador.request,true,exitoso,,,9687.689501588,9687.527156171,,,2026-09-05T00:09:50.889587Z
9956c6f8-0bb8-4c61-a10e-4a5a5f4e123c,run1_rep1,E,CLOSED,CLOSED,request,PROVIDER,N/A,,130.04637499943783,INFO,adaptador.request,true,exitoso,,,9687.745263838,9687.615217463,,,2026-09-05T00:09:50.945353Z
0b61da17-6cc9-48e0-9f27-fbfe7a0cb923,run1_rep1,E,CLOSED,CLOSED,request,PROVIDER,N/A,,219.3751249997149,INFO,adaptador.request,true,exitoso,,,9687.834970713,9687.615595588,,,2026-09-05T00:09:51.035135Z
2b2714e5-7544-4cbb-8f18-252c541e3134,run1_rep1,E,CLOSED,CLOSED,request,PROVIDER,N/A,,303.96345799999835,INFO,adaptador.request,true,exitoso,,,9687.920399713,9687.616436255,,,2026-09-05T00:09:51.120519Z
1a775b3b-4943-4dc8-9729-2a6dc60d8287,run1_rep1,E,CLOSED,CLOSED,request,PROVIDER,N/A,,338.6366670001735,INFO,adaptador.request,true,exitoso,,,9688.02318013,9687.684543463,,,2026-09-05T00:09:51.223298Z
f1fc3a51-15a3-4428-add0-ee881030ae96,run1_rep1,E,CLOSED,CLOSED,request,PROVIDER,N/A,,355.13479199835274,INFO,adaptador.request,true,exitoso,,,9688.098029922,9687.74289513,,,2026-09-05T00:09:51.298144Z
0934a93c-3afa-47f3-b445-d47c91d0ac72,run1_rep1,E,CLOSED,CLOSED,request,PROVIDER,N/A,,377.71629199960444,INFO,adaptador.request,true,exitoso,,,9688.196136797,9687.818420505,,,2026-09-05T00:09:51.396250Z
a59de774-fe4c-462b-b384-642edbc4c842,run1_rep1,E,CLOSED,CLOSED,request,PROVIDER,N/A,,445.38733400077035,INFO,adaptador.request,true,exitoso,,,9688.283678797,9687.838291463,,,2026-09-05T00:09:51.483790Z
2bc5ae1f-adbf-4efe-9956-c149ae74675e,run1_rep1,E,CLOSED,CLOSED,request,PROVIDER,N/A,,494.9321250005596,INFO,adaptador.request,true,exitoso,,,9688.341440713,9687.846508588,,,2026-09-05T00:09:51.541561Z
94385534-55e8-43d7-a82f-a8c98d7fd4e2,run1_rep1,E,CLOSED,CLOSED,request,PROVIDER,N/A,,441.8919999989157,INFO,adaptador.request,true,exitoso,,,9688.409918963,9687.968026963,,,2026-09-05T00:09:51.610034Z
537055d9-52c6-4517-9107-d4dec68fa591,run1_rep1,E,CLOSED,CLOSED,request,PROVIDER,N/A,,515.3338340005575,INFO,adaptador.request,true,exitoso,,,9688.509232672,9687.993898838,,,2026-09-05T00:09:51.709344Z
b6ef779a-8335-499d-8b09-51032fad2e21,run1_rep1,E,CLOSED,CLOSED,request,PROVIDER,N/A,,578.193209001256,INFO,adaptador.request,true,exitoso,,,9688.572560672,9687.994367463,,,2026-09-05T00:09:51.772650Z
a2de7eb6-72a1-4eab-a82b-5e75f9137f42,run1_rep1,E,CLOSED,CLOSED,request,PROVIDER,N/A,,409.1606250003679,INFO,adaptador.request,true,exitoso,,,9688.64266338,9688.233502755,,,2026-09-05T00:09:51.842755Z
2334a3d0-ad4c-46dc-8672-2b91620b00bc,run1_rep1,E,CLOSED,CLOSED,request,PROVIDER,N/A,,447.4802919994545,INFO,adaptador.request,true,exitoso,,,9688.73194088,9688.284460588,,,2026-09-05T00:09:51.932155Z
7af89651-0bc4-4d31-8fd0-3fd451cc2d33,run1_rep1,E,CLOSED,CLOSED,request,PROVIDER,N/A,,470.1435000006313,INFO,adaptador.request,true,exitoso,,,9688.789816005,9688.319672505,,,2026-09-05T00:09:51.989910Z
71bf01b9-3f30-4ba1-9d7e-c2c03b90f21a,run1_rep1,E,CLOSED,CLOSED,request,PROVIDER,N/A,,493.70133299999,INFO,adaptador.request,true,exitoso,,,9688.85181238,9688.358111047,,,2026-09-05T00:09:52.051923Z
8afc3e21-4f41-4ac4-b266-1f2c9e3bbce8,run1_rep1,E,CLOSED,CLOSED,request,PROVIDER,N/A,,409.3764169992937,INFO,adaptador.request,true,exitoso,,,9688.919729505,9688.510353088,,,2026-09-05T00:09:52.119812Z
1295662d-261d-43a4-abb8-a9c006d907f9,run1_rep1,E,CLOSED,CLOSED,request,PROVIDER,N/A,,417.70454200013774,INFO,adaptador.request,true,exitoso,,,9689.014915214,9688.597210672,,,2026-09-05T00:09:52.215027Z
6cc0f7f1-5437-4c23-bca5-66eaf1fb29ba,run1_rep1,E,CLOSED,CLOSED,request,PROVIDER,N/A,,509.1619169998012,INFO,adaptador.request,true,exitoso,,,9689.118879839,9688.609717922,,,2026-09-05T00:09:52.318983Z
6e581a43-29ae-4822-9460-39299d38dc3c,run1_rep1,E,CLOSED,CLOSED,request,PROVIDER,N/A,,514.2502919989056,INFO,adaptador.request,true,exitoso,,,9689.206088714,9688.691838422,,,2026-09-05T00:09:52.406179Z
cb70fa2d-18cb-444a-b235-11f794456233,run1_rep1,E,CLOSED,CLOSED,request,PROVIDER,N/A,,445.4329169984703,INFO,adaptador.request,true,exitoso,,,9689.261037297,9688.81560438,,,2026-09-05T00:09:52.461157Z
ee1a4c6c-605b-4ec5-8021-4135ae54e4ad,run1_rep1,E,CLOSED,CLOSED,request,PROVIDER,N/A,,505.5874579993542,INFO,adaptador.request,true,exitoso,,,9689.336153297,9688.830565839,,,2026-09-05T00:09:52.536262Z
8e384bb9-76dc-4865-9e53-a34074e76094,run1_rep1,E,CLOSED,CLOSED,request,PROVIDER,N/A,,515.7328759996744,INFO,adaptador.request,true,exitoso,,,9689.433555006,9688.91782213,,,2026-09-05T00:09:52.633873Z
b4ae17b2-3b90-4270-aa52-e9ae6ddda2cb,run1_rep1,E,CLOSED,CLOSED,request,PROVIDER,N/A,,350.79700099959155,INFO,adaptador.request,true,exitoso,,,9689.505285631,9689.15448863,,,2026-09-05T00:09:52.705378Z
77c97469-b7f0-422c-be22-a8a9ddafc99f,run1_rep1,E,CLOSED,CLOSED,request,PROVIDER,N/A,,404.5826670007955,INFO,adaptador.request,true,exitoso,,,9689.593397881,9689.188815214,,,2026-09-05T00:09:52.793511Z
dabc4abb-368e-4f20-8417-9ccdd511e65e,run1_rep1,E,CLOSED,CLOSED,request,PROVIDER,N/A,,463.6737920009182,INFO,adaptador.request,true,exitoso,,,9689.667922922,9689.20424913,,,2026-09-05T00:09:52.868015Z
033e11a2-4977-4ab7-b138-1087f2959548,run1_rep1,E,CLOSED,CLOSED,request,PROVIDER,N/A,,530.3331249997427,INFO,adaptador.request,true,exitoso,,,9689.746306922,9689.215973797,,,2026-09-05T00:09:52.946400Z
f58e643c-6749-4c40-81d8-beed580faa57,run1_rep1,E,CLOSED,CLOSED,request,PROVIDER,N/A,,513.9226669998607,INFO,adaptador.request,true,exitoso,,,9689.824594589,9689.310671922,,,2026-09-05T00:09:53.024695Z
25c9535a-b2ae-4d31-bd26-c5b27f664811,run1_rep1,E,CLOSED,CLOSED,request,PROVIDER,N/A,,463.4111670002312,INFO,adaptador.request,true,exitoso,,,9689.900527964,9689.437116797,,,2026-09-05T00:09:53.100604Z
a9322fef-7416-45e8-ba38-1f43abe5d442,run1_rep1,E,CLOSED,CLOSED,request,PROVIDER,N/A,,513.4114590000536,INFO,adaptador.request,true,exitoso,,,9689.975531631,9689.462120172,,,2026-09-05T00:09:53.175592Z
1df0a607-232e-4d9d-8cd4-68795ec66614,run1_rep1,E,CLOSED,CLOSED,request,PROVIDER,N/A,,351.8473340009223,INFO,adaptador.request,true,exitoso,,,9690.039577923,9689.687730589,,,2026-09-05T00:09:53.239667Z
a36ebee9-e3ed-4616-95fe-b7d1c8ad7321,run1_rep1,E,CLOSED,CLOSED,request,PROVIDER,N/A,,361.7412500007049,INFO,adaptador.request,true,exitoso,,,9690.115287339,9689.753546089,,,2026-09-05T00:09:53.315404Z
8bafe021-c3e9-42be-94cb-4d3dc0596dec,run1_rep1,E,CLOSED,CLOSED,request,PROVIDER,N/A,,458.8447499991162,INFO,adaptador.request,true,exitoso,,,9690.212746881,9689.753902131,,,2026-09-05T00:09:53.412856Z
35740c03-bc91-4d78-9a1a-61d5e26ac3ac,run1_rep1,E,CLOSED,CLOSED,request,PROVIDER,N/A,,529.8391249998531,INFO,adaptador.request,true,exitoso,,,9690.310650881,9689.780811756,,,2026-09-05T00:09:53.510785Z
a10235fb-0592-4a1f-8010-680e77030962,run1_rep1,E,CLOSED,CLOSED,request,PROVIDER,N/A,,479.3342510001821,INFO,adaptador.request,true,exitoso,,,9690.398032798,9689.918698547,,,2026-09-05T00:09:53.598141Z
862e7cb6-9945-4bea-9923-749a60103569,run1_rep1,E,CLOSED,CLOSED,request,PROVIDER,N/A,,518.4945410001092,INFO,adaptador.request,true,exitoso,,,9690.493937339,9689.975442798,,,2026-09-05T00:09:53.694056Z
cd86c729-e213-47f1-8bf8-c67ac41377d7,run1_rep1,E,CLOSED,CLOSED,request,PROVIDER,N/A,,590.6597499997588,INFO,adaptador.request,true,exitoso,,,9690.571123631,9689.980463881,,,2026-09-05T00:09:53.771282Z
9e37ccb1-f8de-47a9-a1f8-30233bd5103e,run1_rep1,E,CLOSED,CLOSED,request,PROVIDER,N/A,,554.5766670002195,INFO,adaptador.request,true,exitoso,,,9690.663861423,9690.109284756,,,2026-09-05T00:09:53.863967Z
7b5bbe7f-e598-4205-b084-ba2dfbdd1436,run1_rep1,E,CLOSED,CLOSED,request,PROVIDER,N/A,,556.1078339997039,INFO,adaptador.request,true,exitoso,,,9690.763990715,9690.207882881,,,2026-09-05T00:09:53.964116Z
036430f7-1339-48bf-b72c-31c6587c9936,run1_rep1,E,CLOSED,CLOSED,request,PROVIDER,N/A,,602.8415420005331,INFO,adaptador.request,true,exitoso,,,9690.862407756,9690.259566214,,,2026-09-05T00:09:54.062512Z
fac2f7e2-1bda-42c4-b6e9-a6f50e01eaf8,run1_rep1,E,CLOSED,CLOSED,request,PROVIDER,N/A,,659.4540009991761,INFO,adaptador.request,true,exitoso,,,9690.92861659,9690.269162589,,,2026-09-05T00:09:54.128706Z
e6345421-c5c4-4511-9d6d-fa94ed052e9d,run1_rep1,E,CLOSED,CLOSED,request,PROVIDER,N/A,,659.7704590003559,INFO,adaptador.request,true,exitoso,,,9691.021484923,9690.361714464,,,2026-09-05T00:09:54.221592Z
1e8daebc-bb93-40ed-b104-721ff6c89179,run1_rep1,E,CLOSED,CLOSED,request,PROVIDER,N/A,,451.26150000032794,INFO,adaptador.request,true,exitoso,,,9691.105507381,9690.654245881,,,2026-09-05T00:09:54.305558Z
fe46c6e2-e0a3-42c9-a52c-5d641d1751db,run1_rep1,E,CLOSED,CLOSED,request,PROVIDER,N/A,,528.368874998705,INFO,adaptador.request,true,exitoso,,,9691.198429298,9690.670060423,,,2026-09-05T00:09:54.398535Z
f43a02b0-19a7-4fb7-ae1a-741ebfdef862,run1_rep1,E,CLOSED,CLOSED,request,PROVIDER,N/A,,604.9191249985597,INFO,adaptador.request,true,exitoso,,,9691.28475634,9690.679837215,,,2026-09-05T00:09:54.484855Z
09850cc5-4d7a-4bf9-a75e-cc7f3b395315,run1_rep1,E,CLOSED,CLOSED,request,PROVIDER,N/A,,674.1494590005459,INFO,adaptador.request,true,exitoso,,,9691.390123965,9690.715974506,,,2026-09-05T00:09:54.590245Z
31a76954-f397-4277-bfbe-32a474aa695c,run1_rep1,E,CLOSED,CLOSED,request,PROVIDER,N/A,,723.2906249992084,INFO,adaptador.request,true,exitoso,,,9691.452656423,9690.729365798,,,2026-09-05T00:09:54.652783Z
7ed2d849-1d01-4138-9ba6-22ffa6786c13,run1_rep1,E,CLOSED,CLOSED,request,PROVIDER,N/A,,601.3451250000799,INFO,adaptador.request,true,exitoso,,,9691.537261298,9690.935916173,,,2026-09-05T00:09:54.737387Z
77281687-7579-40d5-a8d3-0b08e85793c1,run1_rep1,E,CLOSED,CLOSED,request,PROVIDER,N/A,,461.71125000000757,INFO,adaptador.request,true,exitoso,,,9691.642147965,9691.180436715,,,2026-09-05T00:09:54.842243Z
ad30b1c9-8e51-462e-811c-d810244d76d3,run1_rep1,E,CLOSED,CLOSED,request,PROVIDER,N/A,,486.48974999923666,INFO,adaptador.request,true,exitoso,,,9691.736920673,9691.250430923,,,2026-09-05T00:09:54.937049Z
c54d2cc8-1688-4549-8320-bcf8b4a11502,run1_rep1,E,CLOSED,CLOSED,request,PROVIDER,N/A,,556.4524580004218,INFO,adaptador.request,true,exitoso,,,9691.807355923,9691.250903465,,,2026-09-05T00:09:55.007447Z
02c7b470-c344-4763-9093-66b4438590b2,run1_rep1,E,CLOSED,CLOSED,request,PROVIDER,N/A,,609.1489999998885,INFO,adaptador.request,true,exitoso,,,9691.87520084,9691.26605184,,,2026-09-05T00:09:55.075340Z
c7bd66de-4b20-41d5-8121-a89917bc3bc9,run1_rep1,E,CLOSED,CLOSED,request,PROVIDER,N/A,,659.8775829988881,INFO,adaptador.request,true,exitoso,,,9691.933998423,9691.27412084,,,2026-09-05T00:09:55.134152Z
f071bcce-146a-4fb5-8d6a-8b814882b197,run1_rep1,E,CLOSED,CLOSED,request,PROVIDER,N/A,,595.9377920007682,INFO,adaptador.request,true,exitoso,,,9692.00462309,9691.408685298,,,2026-09-05T00:09:55.204643Z
6830b039-5795-46f7-991a-28f3b739a560,run1_rep1,E,CLOSED,CLOSED,request,PROVIDER,N/A,,430.7548750002752,INFO,adaptador.request,true,exitoso,,,9692.099099298,9691.668344423,,,2026-09-05T00:09:55.299137Z
5a5caa30-b181-47d8-bbad-8b7f755363f3,run1_rep1,E,CLOSED,CLOSED,request,PROVIDER,N/A,,439.5194580010866,INFO,adaptador.request,true,exitoso,,,9692.153950465,9691.714431007,,,2026-09-05T00:09:55.354020Z
effc23ef-2fa1-42f5-a5ca-96d7bcf4853b,run1_rep1,E,CLOSED,CLOSED,request,PROVIDER,N/A,,529.551707999417,INFO,adaptador.request,true,exitoso,,,9692.244402465,9691.714850757,,,2026-09-05T00:09:55.444429Z
e2a3be1e-0a60-46de-b3c0-aaa9fae0639a,run1_rep1,E,CLOSED,CLOSED,request,PROVIDER,N/A,,545.4385409993847,INFO,adaptador.request,true,exitoso,,,9692.344170131,9691.79873159,,,2026-09-05T00:09:55.544265Z
6e842766-17f5-4141-8c7d-bee18074291d,run1_rep1,E,CLOSED,CLOSED,request,PROVIDER,N/A,,579.7713750016555,INFO,adaptador.request,true,exitoso,,,9692.40294259,9691.823171215,,,2026-09-05T00:09:55.603062Z
37c0dfc5-3b67-44d1-93ef-2bf132cc0c8f,run1_rep1,E,CLOSED,CLOSED,request,PROVIDER,N/A,,599.6010409999144,INFO,adaptador.request,true,exitoso,,,9692.477989881,9691.87838884,,,2026-09-05T00:09:55.678076Z
001c76eb-0627-43ab-b472-1ed5b8709cbd,run1_rep1,E,CLOSED,CLOSED,request,PROVIDER,N/A,,479.38937500111933,INFO,adaptador.request,true,exitoso,,,9692.57829334,9692.098903965,,,2026-09-05T00:09:55.778307Z
6c51413e-47a1-40c7-983f-4433ade9f904,run1_rep1,E,CLOSED,CLOSED,request,PROVIDER,N/A,,485.189334000097,INFO,adaptador.request,true,exitoso,,,9692.638939965,9692.153750631,,,2026-09-05T00:09:55.838932Z
cebe7691-84e8-4361-931e-18f11c83a9a8,run1_rep1,E,CLOSED,CLOSED,request,PROVIDER,N/A,,504.10625000040454,INFO,adaptador.request,true,exitoso,,,9692.720061173,9692.215954923,,,2026-09-05T00:09:55.920091Z
5fb2c3e9-92fc-4be0-aa3e-b211245f34ef,run1_rep1,E,CLOSED,CLOSED,request,PROVIDER,N/A,,532.1168339996802,INFO,adaptador.request,true,exitoso,,,9692.81117759,9692.279060756,,,2026-09-05T00:09:56.011236Z
12b23ac8-820d-4665-94d8-0ff1dfda7a07,run1_rep1,E,CLOSED,CLOSED,request,PROVIDER,N/A,,565.2315420011291,INFO,adaptador.request,true,exitoso,,,9692.912037132,9692.34680559,,,2026-09-05T00:09:56.112075Z
9b899658-dc75-4b08-ab34-b76834023030,run1_rep1,E,CLOSED,CLOSED,request,PROVIDER,N/A,,457.6627499991446,INFO,adaptador.request,true,exitoso,,,9692.993280423,9692.535617673,,,2026-09-05T00:09:56.193342Z
92f22965-9a66-4e2a-b857-09e5eaea65a6,run1_rep1,E,CLOSED,CLOSED,request,PROVIDER,N/A,,340.8265420002863,INFO,adaptador.request,true,exitoso,,,9693.06075984,9692.719933298,,,2026-09-05T00:09:56.260833Z
1e1ac990-a150-4114-879e-2341203651f9,run1_rep1,E,CLOSED,CLOSED,request,PROVIDER,N/A,,396.6521250004007,INFO,adaptador.request,true,exitoso,,,9693.136346757,9692.739694632,,,2026-09-05T00:09:56.336385Z
1700393a-511d-4c47-9fbf-0296c1f257da,run1_rep1,E,CLOSED,CLOSED,request,PROVIDER,N/A,,430.1137500006007,INFO,adaptador.request,true,exitoso,,,9693.19349334,9692.76337959,,,2026-09-05T00:09:56.393570Z
1a52a855-6905-498f-8bd2-18cd51678e0c,run1_rep1,E,CLOSED,CLOSED,request,PROVIDER,N/A,,484.3150410015369,INFO,adaptador.request,true,exitoso,,,9693.288131798,9692.803816757,,,2026-09-05T00:09:56.488179Z
999352d1-c168-4dc5-86c5-2c25f711087b,run1_rep1,E,CLOSED,CLOSED,request,PROVIDER,N/A,,568.6442920014088,INFO,adaptador.request,true,exitoso,,,9693.38338984,9692.814745548,,,2026-09-05T00:09:56.583385Z
075f24e1-2e86-4829-b7e0-e10d70e5a32d,run1_rep1,E,CLOSED,CLOSED,request,PROVIDER,N/A,,615.1152919992455,INFO,adaptador.request,true,exitoso,,,9693.464838674,9692.849723382,,,2026-09-05T00:09:56.664992Z
aa97ea91-ca97-470e-b84e-82e2e7a45620,run1_rep1,E,CLOSED,CLOSED,request,PROVIDER,N/A,,509.33645899931435,INFO,adaptador.request,true,exitoso,,,9693.561135924,9693.051799465,,,2026-09-05T00:09:56.761201Z
20a76023-2144-475b-8ff1-a4998d9e6313,run1_rep1,E,CLOSED,CLOSED,request,PROVIDER,N/A,,477.9817090002325,INFO,adaptador.request,true,exitoso,,,9693.657419507,9693.179437798,,,2026-09-05T00:09:56.857462Z
d88bc8de-2b6d-4d5b-84f2-3539668d5a7f,run1_rep1,E,CLOSED,CLOSED,request,PROVIDER,N/A,,558.7862920001498,INFO,adaptador.request,true,exitoso,,,9693.755358007,9693.196571715,,,2026-09-05T00:09:56.955429Z
81e4c369-6abd-4614-b4c3-2ef3aa3100f9,run1_rep1,E,CLOSED,CLOSED,request,PROVIDER,N/A,,502.1629170005326,INFO,adaptador.request,true,exitoso,,,9693.843109715,9693.340946798,,,2026-09-05T00:09:57.043161Z
d2e264aa-4271-45d4-9a32-e6a19648607f,run1_rep1,E,CLOSED,CLOSED,request,PROVIDER,N/A,,519.6342909985106,INFO,adaptador.request,true,exitoso,,,9693.906535215,9693.386900924,,,2026-09-05T00:09:57.106663Z
c6de5894-6e08-4e7a-b66a-7506859eb273,run1_rep1,E,CLOSED,CLOSED,request,PROVIDER,N/A,,500.04770799932885,INFO,adaptador.request,true,exitoso,,,9693.989483632,9693.489435924,,,2026-09-05T00:09:57.189541Z
a88755bf-671f-497b-9b32-1cda42d9cd69,run1_rep1,E,CLOSED,CLOSED,request,PROVIDER,N/A,,518.5066249996453,INFO,adaptador.request,true,exitoso,,,9694.070622049,9693.552115424,,,2026-09-05T00:09:57.270670Z
93d04af0-2d88-4d25-a7eb-b6074ed0c436,run1_rep1,E,CLOSED,CLOSED,request,PROVIDER,N/A,,573.1040840000787,INFO,adaptador.request,true,exitoso,,,9694.151723049,9693.578618965,,,2026-09-05T00:09:57.351776Z
9f3fd61e-859d-4a7a-8269-a5512c552ea9,run1_rep1,E,CLOSED,CLOSED,request,PROVIDER,N/A,,600.5032920002122,INFO,adaptador.request,true,exitoso,,,9694.227051466,9693.626548174,,,2026-09-05T00:09:57.427315Z
18ccdd53-acd3-4b65-97ed-d728a517b046,run1_rep1,E,CLOSED,CLOSED,request,PROVIDER,N/A,,482.49575099907815,INFO,adaptador.request,true,exitoso,,,9694.291975466,9693.809479715,,,2026-09-05T00:09:57.492048Z
61245fb9-9f25-4755-9d4e-7c41404b184c,run1_rep1,E,CLOSED,CLOSED,request,PROVIDER,N/A,,514.0867499994783,INFO,adaptador.request,true,exitoso,,,9694.394957757,9693.880871007,,,2026-09-05T00:09:57.595067Z
ac00267e-6626-41d4-9357-9cd896e42955,run1_rep1,E,CLOSED,CLOSED,request,PROVIDER,N/A,,574.4772510006442,INFO,adaptador.request,true,exitoso,,,9694.484098216,9693.909620965,,,2026-09-05T00:09:57.684174Z
21242005-b89f-4b3c-b6e1-8bb8c8be2c3b,run1_rep1,E,CLOSED,CLOSED,request,PROVIDER,N/A,,493.31079199873784,INFO,adaptador.request,true,exitoso,,,9694.549397341,9694.056086549,,,2026-09-05T00:09:57.749449Z
540ac279-a8c3-490e-a852-22909816b1bd,run1_rep1,E,CLOSED,CLOSED,request,PROVIDER,N/A,,520.8676669990382,INFO,adaptador.request,true,exitoso,,,9694.604573174,9694.083705507,,,2026-09-05T00:09:57.804627Z
5cad37af-2742-4a6e-8e93-49112309bd61,run1_rep1,E,CLOSED,CLOSED,request,PROVIDER,N/A,,608.1067499999335,INFO,adaptador.request,true,exitoso,,,9694.712696882,9694.104590132,,,2026-09-05T00:09:57.912762Z
824d82e0-fa70-4c75-b8cd-4423f9a748ff,run1_rep1,E,CLOSED,CLOSED,request,PROVIDER,N/A,,503.8939170008234,INFO,adaptador.request,true,exitoso,,,9694.784279091,9694.280385174,,,2026-09-05T00:09:57.984327Z
c22c970f-9f65-46e5-98d8-c5fe7d6d4f86,run1_rep1,E,CLOSED,CLOSED,request,PROVIDER,N/A,,545.3205839985458,INFO,adaptador.request,true,exitoso,,,9694.850116216,9694.304795632,,,2026-09-05T00:09:58.050183Z
7f0d9f96-5d0b-4d42-bc4d-7bad2fef0ac6,run1_rep1,E,CLOSED,CLOSED,request,PROVIDER,N/A,,392.0085419995303,INFO,adaptador.request,true,exitoso,,,9694.923153216,9694.531144674,,,2026-09-05T00:09:58.123289Z
92d9ca6f-3fa0-48a0-98dd-b7c519cb0b0c,run1_rep1,E,CLOSED,CLOSED,request,PROVIDER,N/A,,438.0241250000836,INFO,adaptador.request,true,exitoso,,,9694.999371549,9694.561347424,,,2026-09-05T00:09:58.199428Z
363c3278-7641-4ead-a590-ccc30b81d497,run1_rep1,E,CLOSED,CLOSED,request,PROVIDER,N/A,,431.85033400004613,INFO,adaptador.request,true,exitoso,,,9695.098844008,9694.666993674,,,2026-09-05T00:09:58.298909Z
b51837fb-1b01-4c94-90f3-500616f0d2e9,run1_rep1,E,CLOSED,CLOSED,request,PROVIDER,N/A,,384.5893750003597,INFO,adaptador.request,true,exitoso,,,9695.164606466,9694.780017091,,,2026-09-05T00:09:58.364675Z
3f74fa4d-b93f-4ced-a87a-eccd6c958537,run1_rep1,E,CLOSED,CLOSED,request,PROVIDER,N/A,,418.95295799986343,INFO,adaptador.request,true,exitoso,,,9695.271281841,9694.852328883,,,2026-09-05T00:09:58.471341Z
4824c85b-ef0f-4f26-8884-be631f22d1ce,run1_rep1,E,CLOSED,CLOSED,request,PROVIDER,N/A,,315.04845900053624,INFO,adaptador.request,true,exitoso,,,9695.334630133,9695.019581674,,,2026-09-05T00:09:58.534715Z
770d5115-cb5a-4013-bbf9-14235362486d,run1_rep1,E,CLOSED,CLOSED,request,PROVIDER,N/A,,380.70274999881804,INFO,adaptador.request,true,exitoso,,,9695.400581674,9695.019878924,,,2026-09-05T00:09:58.600690Z
f099121c-a4a0-4443-b37b-81816392e219,run1_rep1,E,CLOSED,CLOSED,request,PROVIDER,N/A,,381.20654199883575,INFO,adaptador.request,true,exitoso,,,9695.456447383,9695.075240841,,,2026-09-05T00:09:58.656553Z
e682ef5f-b005-4d10-b9c4-7f57315f99c5,run1_rep1,E,CLOSED,CLOSED,request,PROVIDER,N/A,,363.7188339998829,INFO,adaptador.request,true,exitoso,,,9695.530880883,9695.167162049,,,2026-09-05T00:09:58.730978Z
4c6afbde-f5b0-42c9-a018-6a38a446a7d6,run1_rep1,E,CLOSED,CLOSED,request,PROVIDER,N/A,,378.30324999958975,INFO,adaptador.request,true,exitoso,,,9695.631736383,9695.253433133,,,2026-09-05T00:09:58.831797Z
de08ce9d-8ac9-43ab-86f9-e2fa70d76a6a,run1_rep1,E,CLOSED,CLOSED,request,PROVIDER,N/A,,400.8253339998191,INFO,adaptador.request,true,exitoso,,,9695.691708675,9695.290883341,,,2026-09-05T00:09:58.891760Z
4b0553f1-21d8-46da-b69b-6ad1b9f68c25,run1_rep1,E,CLOSED,CLOSED,request,PROVIDER,N/A,,360.2918340002361,INFO,adaptador.request,true,exitoso,,,9695.764602883,9695.404311049,,,2026-09-05T00:09:58.964642Z
4974a20a-9a8d-4896-ac06-5ed65a68db11,run1_rep1,E,CLOSED,CLOSED,request,PROVIDER,N/A,,394.15412499874947,INFO,adaptador.request,true,exitoso,,,9695.869357425,9695.4752033,,,2026-09-05T00:09:59.069519Z
4df2e621-3d42-4ea2-aab0-639d67b0524a,run1_rep1,E,CLOSED,CLOSED,request,PROVIDER,N/A,,433.19708300077764,INFO,adaptador.request,true,exitoso,,,9695.954739008,9695.521541925,,,2026-09-05T00:09:59.154861Z
91b4b54e-4898-4acb-8e72-7b7536bd832d,run1_rep1,E,CLOSED,CLOSED,request,PROVIDER,N/A,,513.3441660000244,INFO,adaptador.request,true,exitoso,,,9696.060462091,9695.547117925,,,2026-09-05T00:09:59.260521Z
a067799b-dc6e-4191-969d-0fd3ca1cd201,run1_rep1,E,CLOSED,CLOSED,request,PROVIDER,N/A,,562.269500000184,INFO,adaptador.request,true,exitoso,,,9696.128350383,9695.566080883,,,2026-09-05T00:09:59.328446Z
e9109cae-1f82-43f2-aab0-9176add2b98f,run1_rep1,E,CLOSED,CLOSED,request,PROVIDER,N/A,,458.32445900123275,INFO,adaptador.request,true,exitoso,,,9696.204765717,9695.746441258,,,2026-09-05T00:09:59.404826Z
5727ac6b-2108-4121-84ce-082204fe6c03,run1_rep1,E,CLOSED,CLOSED,request,PROVIDER,N/A,,412.2848339993652,INFO,adaptador.request,true,exitoso,,,9696.269413217,9695.857128383,,,2026-09-05T00:09:59.469444Z
67f28ab4-d899-44c9-a285-b9e49e621005,run1_rep1,E,CLOSED,CLOSED,request,PROVIDER,N/A,,407.7642089996516,INFO,adaptador.request,true,exitoso,,,9696.369975925,9695.962211716,,,2026-09-05T00:09:59.570056Z
d288f503-db37-42c8-9bf8-bcecb27abd1f,run1_rep1,E,CLOSED,CLOSED,request,PROVIDER,N/A,,373.90695800058893,INFO,adaptador.request,true,exitoso,,,9696.442595758,9696.0686888,,,2026-09-05T00:09:59.642639Z
f0cd7824-f52b-4751-8b6d-ce6bf3bb080b,run1_rep1,E,CLOSED,CLOSED,request,PROVIDER,N/A,,399.542916999053,INFO,adaptador.request,true,exitoso,,,9696.529852717,9696.1303098,,,2026-09-05T00:09:59.729922Z
4d4d5904-3849-43ad-89ee-044d472a9a97,run1_rep1,E,CLOSED,CLOSED,request,PROVIDER,N/A,,492.49445899840794,INFO,adaptador.request,true,exitoso,,,9696.638242967,9696.145748508,,,2026-09-05T00:09:59.838319Z
ddb63c0b-1266-4f50-9ce1-1a7ff0defcd3,run1_rep1,E,CLOSED,CLOSED,request,PROVIDER,N/A,,418.72283299926494,INFO,adaptador.request,true,exitoso,,,9696.744841925,9696.326119092,,,2026-09-05T00:09:59.944920Z
1ac4f09c-6f6d-401f-a965-e580a5e11965,run1_rep1,E,CLOSED,CLOSED,request,PROVIDER,N/A,,502.32704100017145,INFO,adaptador.request,true,exitoso,,,9696.828850758,9696.326523717,,,2026-09-05T00:10:00.028904Z
458a55cf-b634-4ccc-9992-693ab7e5dcaa,run1_rep1,E,CLOSED,CLOSED,request,PROVIDER,N/A,,522.4927090002893,INFO,adaptador.request,true,exitoso,,,9696.888920092,9696.366427383,,,2026-09-05T00:10:00.088997Z
7b61863f-da8a-40d2-9efd-3161ac0570c1,run1_rep1,E,CLOSED,CLOSED,request,PROVIDER,N/A,,524.3674170014856,INFO,adaptador.request,true,exitoso,,,9696.983991634,9696.459624217,,,2026-09-05T00:10:00.184116Z
5c5db931-6078-4bee-b787-d52ca366f530,run1_rep1,E,CLOSED,CLOSED,request,PROVIDER,N/A,,566.0044999985985,INFO,adaptador.request,true,exitoso,,,9697.085909217,9696.519904717,,,2026-09-05T00:10:00.286015Z
32cdef2b-444d-4ecf-8903-797765d7b624,run1_rep1,E,CLOSED,CLOSED,request,PROVIDER,N/A,,455.8625009995012,INFO,adaptador.request,true,exitoso,,,9697.159250134,9696.703387633,,,2026-09-05T00:10:00.359299Z
12391713-40fc-4f44-bf9c-ae45444b6958,run1_rep1,E,CLOSED,CLOSED,request,PROVIDER,N/A,,393.99416699961876,INFO,adaptador.request,true,exitoso,,,9697.217742134,9696.823747967,,,2026-09-05T00:10:00.417811Z
02921a26-5304-411b-9b37-aa726298410b,run1_rep1,E,CLOSED,CLOSED,request,PROVIDER,N/A,,489.77312599890865,INFO,adaptador.request,true,exitoso,,,9697.313974259,9696.824201133,,,2026-09-05T00:10:00.514032Z
d08d2129-61f6-4cfa-9dbd-7cbc29abbdeb,run1_rep1,E,CLOSED,CLOSED,request,PROVIDER,N/A,,409.94504100126505,INFO,adaptador.request,true,exitoso,,,9697.41537505,9697.005430009,,,2026-09-05T00:10:00.615439Z
73445058-71fe-4965-9faf-39f684232a8b,run1_rep1,E,CLOSED,CLOSED,request,PROVIDER,N/A,,493.0530830006319,INFO,adaptador.request,true,exitoso,,,9697.522942967,9697.029889884,,,2026-09-05T00:10:00.723072Z
00105128-a8dc-4f9e-baed-0c8d35b75b1d,run1_rep1,E,CLOSED,CLOSED,request,PROVIDER,N/A,,561.3028759998997,INFO,adaptador.request,true,exitoso,,,9697.627144926,9697.06584205,,,2026-09-05T00:10:00.827216Z
2d825215-9912-47da-9659-bf88f6856e59,run1_rep1,E,CLOSED,CLOSED,request,PROVIDER,N/A,,573.4907920013939,INFO,adaptador.request,true,exitoso,,,9697.693166176,9697.119675384,,,2026-09-05T00:10:00.893459Z
19a28add-9a6b-416e-98aa-7644990a1610,run1_rep1,E,CLOSED,CLOSED,request,PROVIDER,N/A,,470.0152080004045,INFO,adaptador.request,true,exitoso,,,9697.775546217,9697.305531009,,,2026-09-05T00:10:00.975599Z
702a3f29-7b74-4df7-8f7b-eea9d94a3b84,run1_rep1,E,CLOSED,CLOSED,request,PROVIDER,N/A,,533.4516260008968,INFO,adaptador.request,true,exitoso,,,9697.853335926,9697.3198843,,,2026-09-05T00:10:01.053410Z
dd9ed563-30ca-425c-8e96-db9f1beae1d9,run1_rep1,E,CLOSED,CLOSED,request,PROVIDER,N/A,,569.0541250005481,INFO,adaptador.request,true,exitoso,,,9697.933844259,9697.364790134,,,2026-09-05T00:10:01.133909Z
63f0fb15-2c8d-462b-9806-d7a94a7f9218,run1_rep1,E,CLOSED,CLOSED,request,PROVIDER,N/A,,576.3318339995749,INFO,adaptador.request,true,exitoso,,,9698.023819426,9697.447487592,,,2026-09-05T00:10:01.223884Z
d55f707b-c046-4ff0-953f-7ff6123ef06b,run1_rep1,E,CLOSED,CLOSED,request,PROVIDER,N/A,,595.5014579994895,INFO,adaptador.request,true,exitoso,,,9698.083348342,9697.487846884,,,2026-09-05T00:10:01.283398Z
942559b1-db31-4572-9bd7-5e9ce3ae317b,run1_rep1,E,CLOSED,CLOSED,request,PROVIDER,N/A,,530.0662919999013,INFO,adaptador.request,true,exitoso,,,9698.160470884,9697.630404592,,,2026-09-05T00:10:01.360516Z
f1250baa-6ba0-43c3-92cc-00b9f787cc6e,run1_rep1,E,CLOSED,CLOSED,request,PROVIDER,N/A,,419.88045899961435,INFO,adaptador.request,true,exitoso,,,9698.228333676,9697.808453217,,,2026-09-05T00:10:01.428374Z
0f424b4c-e145-4959-a314-6300362f3d25,run1_rep1,E,CLOSED,CLOSED,request,PROVIDER,N/A,,412.86329200011096,INFO,adaptador.request,true,exitoso,,,9698.328655009,9697.915791717,,,2026-09-05T00:10:01.528697Z
9841c0fc-6035-42fd-b768-5f9e552b5228,run1_rep1,E,CLOSED,CLOSED,request,PROVIDER,N/A,,350.66904199993587,INFO,adaptador.request,true,exitoso,,,9698.415050384,9698.064381342,,,2026-09-05T00:10:01.615113Z
0cc0427c-089f-400e-b56f-78855bdd001d,run1_rep1,E,CLOSED,CLOSED,request,PROVIDER,N/A,,448.28208400031144,INFO,adaptador.request,true,exitoso,,,9698.515344176,9698.067062092,,,2026-09-05T00:10:01.715407Z
89389e1c-7f2e-4f9e-a59c-726fc01d56bc,run1_rep1,E,CLOSED,CLOSED,request,PROVIDER,N/A,,466.2645419994078,INFO,adaptador.request,true,exitoso,,,9698.611965884,9698.145701342,,,2026-09-05T00:10:01.812059Z
48e8ce74-60bb-461f-b529-119e4f80a4b5,run1_rep1,E,CLOSED,CLOSED,request,PROVIDER,N/A,,515.7592500017927,INFO,adaptador.request,true,exitoso,,,9698.673817676,9698.158058426,,,2026-09-05T00:10:01.873859Z
fc18f015-4bc7-4f50-8fc4-cb5d0f55e250,run1_rep1,E,CLOSED,CLOSED,request,PROVIDER,N/A,,491.5586250008346,INFO,adaptador.request,true,exitoso,,,9698.739163426,9698.247604801,,,2026-09-05T00:10:01.939236Z
2e51e4d5-ebb5-40c6-8558-9916582dfae5,run1_rep1,E,CLOSED,CLOSED,request,PROVIDER,N/A,,316.90312499995343,INFO,adaptador.request,true,exitoso,,,9698.840943593,9698.524040468,,,2026-09-05T00:10:02.041017Z
93f66ba5-20da-4269-9738-6f4be37ddce1,run1_rep1,E,CLOSED,CLOSED,request,PROVIDER,N/A,,399.29033299995353,INFO,adaptador.request,true,exitoso,,,9698.923690259,9698.524399926,,,2026-09-05T00:10:02.123754Z
634a561e-436d-4aed-95f8-8da387d0b1d4,run1_rep1,E,CLOSED,CLOSED,request,PROVIDER,N/A,,405.4947919994447,INFO,adaptador.request,true,exitoso,,,9698.992397343,9698.586902551,,,2026-09-05T00:10:02.192504Z
564cc53b-d8ff-4cf4-8332-85aa612cf258,run1_rep1,E,CLOSED,CLOSED,request,PROVIDER,N/A,,414.85745899990434,INFO,adaptador.request,true,exitoso,,,9699.082799218,9698.667941759,,,2026-09-05T00:10:02.282836Z
db8121f3-2e9c-409d-a01d-fcd8bd4714ec,run1_rep1,E,CLOSED,CLOSED,request,PROVIDER,N/A,,398.1047920005949,INFO,adaptador.request,true,exitoso,,,9699.173104801,9698.775000009,,,2026-09-05T00:10:02.373153Z
ffc8df64-1cfd-49a3-8024-1c75d1f4e548,run1_rep1,E,CLOSED,CLOSED,request,PROVIDER,N/A,,436.10608400013007,INFO,adaptador.request,true,exitoso,,,9699.265228885,9698.829122801,,,2026-09-05T00:10:02.465368Z
5b4b80d5-c5f2-434f-9ff3-f1e7c82645c6,run1_rep1,E,CLOSED,CLOSED,request,PROVIDER,N/A,,496.3861669984908,INFO,adaptador.request,true,exitoso,,,9699.332258718,9698.835872551,,,2026-09-05T00:10:02.532328Z
165de049-c8ab-4121-9960-4aede405a504,run1_rep1,E,CLOSED,CLOSED,request,PROVIDER,N/A,,507.1762090010452,INFO,adaptador.request,true,exitoso,,,9699.431785593,9698.924609384,,,2026-09-05T00:10:02.631817Z
d1e96fc1-c541-4119-9d8e-b4d677e2950d,run1_rep1,E,CLOSED,CLOSED,request,PROVIDER,N/A,,570.859458999621,INFO,adaptador.request,true,exitoso,,,9699.526530635,9698.955671176,,,2026-09-05T00:10:02.726589Z
a26ca8ab-3af4-4376-ab20-6ae8de29b0ca,run1_rep1,E,CLOSED,CLOSED,request,PROVIDER,N/A,,622.1115829994233,INFO,adaptador.request,true,exitoso,,,9699.621771426,9698.999659843,,,2026-09-05T00:10:02.821872Z
15d1d0ca-9ede-4412-82d1-d2299c37d995,run1_rep1,E,CLOSED,CLOSED,request,PROVIDER,N/A,,617.0053759997245,INFO,adaptador.request,true,exitoso,,,9699.705855052,9699.088849676,,,2026-09-05T00:10:02.905901Z
2ac198f0-4fcc-4a1c-825c-d3bbdbcd7389,run1_rep1,E,CLOSED,CLOSED,request,PROVIDER,N/A,,559.5694170006027,INFO,adaptador.request,true,exitoso,,,9699.759487552,9699.199918135,,,2026-09-05T00:10:02.959546Z
4b17263b-bea4-4037-a54e-3f17e8f1a0eb,run1_rep1,E,CLOSED,CLOSED,request,PROVIDER,N/A,,588.367249998555,INFO,adaptador.request,true,exitoso,,,9699.829457343,9699.241090093,,,2026-09-05T00:10:03.029553Z
bb38d5e1-12ff-4d06-b449-2dd501c6ce9b,run1_rep1,E,CLOSED,CLOSED,request,PROVIDER,N/A,,609.3747920003807,INFO,adaptador.request,true,exitoso,,,9699.927642052,9699.31826726,,,2026-09-05T00:10:03.127693Z
f2150735-1a47-4b65-9b68-0b47dc3227f5,run1_rep1,E,CLOSED,CLOSED,request,PROVIDER,N/A,,527.8523339984531,INFO,adaptador.request,true,exitoso,,,9699.99892076,9699.471068426,,,2026-09-05T00:10:03.198925Z
1aa7cc33-4004-4cf7-be16-a5535da3bb75,run1_rep1,E,CLOSED,CLOSED,request,PROVIDER,N/A,,550.9167079999315,INFO,adaptador.request,true,exitoso,,,9700.057040843,9699.506124135,,,2026-09-05T00:10:03.257091Z
3674b556-9f6b-428c-b3cf-394afb70851c,run1_rep1,E,CLOSED,CLOSED,request,PROVIDER,N/A,,618.6482090015488,INFO,adaptador.request,true,exitoso,,,9700.160577635,9699.541929426,,,2026-09-05T00:10:03.360680Z
151e6d0e-c1d4-426d-a070-aacea1b9ff0c,run1_rep1,E,CLOSED,CLOSED,request,PROVIDER,N/A,,545.8984580000106,INFO,adaptador.request,true,exitoso,,,9700.236313635,9699.690415177,,,2026-09-05T00:10:03.436417Z
d29f3a96-6f10-4e0e-be3e-3b8204fb864d,run1_rep1,E,CLOSED,CLOSED,request,PROVIDER,N/A,,568.8640829994256,INFO,adaptador.request,true,exitoso,,,9700.324644343,9699.75578026,,,2026-09-05T00:10:03.524698Z
8ab26052-cff6-44f3-bd8a-f55c9513e4c8,run1_rep1,E,CLOSED,CLOSED,request,PROVIDER,N/A,,613.733834001323,INFO,adaptador.request,true,exitoso,,,9700.419466802,9699.805732968,,,2026-09-05T00:10:03.619680Z
533a60b1-9d77-4376-97ff-0b51f68c59c3,run1_rep1,E,CLOSED,CLOSED,request,PROVIDER,N/A,,695.6997090001096,INFO,adaptador.request,true,exitoso,,,9700.527726594,9699.832026885,,,2026-09-05T00:10:03.727818Z
cf137380-92cb-4685-b16e-554b22b73695,run1_rep1,E,CLOSED,CLOSED,request,PROVIDER,N/A,,666.3304579997202,INFO,adaptador.request,true,exitoso,,,9700.605067385,9699.938736927,,,2026-09-05T00:10:03.805205Z
a8825492-76da-4618-8775-336963fd2ff3,run1_rep1,E,CLOSED,CLOSED,request,PROVIDER,N/A,,435.0615839994134,INFO,adaptador.request,true,exitoso,,,9700.676344802,9700.241283218,,,2026-09-05T00:10:03.876405Z
6fff3241-684e-4574-9dc2-866fb8d79894,run1_rep1,E,CLOSED,CLOSED,request,PROVIDER,N/A,,490.87095800132374,INFO,adaptador.request,true,exitoso,,,9700.753413885,9700.262542927,,,2026-09-05T00:10:03.953503Z
74bd615d-8314-47a7-a65b-5cc0902197fb,run1_rep1,E,CLOSED,CLOSED,request,PROVIDER,N/A,,549.7293759999593,INFO,adaptador.request,true,exitoso,,,9700.821626094,9700.271896718,,,2026-09-05T00:10:04.021693Z
14754cab-aade-451a-9001-a0cfab7b7ba0,run1_rep1,E,CLOSED,CLOSED,request,PROVIDER,N/A,,581.1060840005666,INFO,adaptador.request,true,exitoso,,,9700.882446219,9700.301340135,,,2026-09-05T00:10:04.082514Z
eb2441bd-d8c6-4603-a48e-c7ee53a6062f,run1_rep1,E,CLOSED,CLOSED,request,PROVIDER,N/A,,442.5192500002595,INFO,adaptador.request,true,exitoso,,,9700.977997885,9700.535478635,,,2026-09-05T00:10:04.178052Z
970c9dc5-78c4-4829-b795-67861c4f4f1b,run1_rep1,E,CLOSED,CLOSED,request,PROVIDER,N/A,,514.5632080002542,INFO,adaptador.request,true,exitoso,,,9701.067050177,9700.552486969,,,2026-09-05T00:10:04.267096Z
c732a1c2-c496-4b9a-8876-b39b4d0063c2,run1_rep1,E,CLOSED,CLOSED,request,PROVIDER,N/A,,370.85320799997135,INFO,adaptador.request,true,exitoso,,,9701.125505802,9700.754652594,,,2026-09-05T00:10:04.325619Z
12496def-1d01-4295-8ec3-3af721838396,run1_rep1,E,CLOSED,CLOSED,request,PROVIDER,N/A,,419.0025000007154,INFO,adaptador.request,true,exitoso,,,9701.219979719,9700.800977219,,,2026-09-05T00:10:04.420051Z
d0ba0601-810b-4342-8954-cee288c817f4,run1_rep1,E,CLOSED,CLOSED,request,PROVIDER,N/A,,494.0987089994451,INFO,adaptador.request,true,exitoso,,,9701.306698011,9700.812599302,,,2026-09-05T00:10:04.506746Z
947458dc-5c87-4a0b-8bdf-6b808cfc39e4,run1_rep1,E,CLOSED,CLOSED,request,PROVIDER,N/A,,503.04604200027825,INFO,adaptador.request,true,exitoso,,,9701.386549761,9700.883503719,,,2026-09-05T00:10:04.586627Z
3b7d9acf-a28d-4ff4-9f72-1541098557c1,run1_rep1,E,CLOSED,CLOSED,request,PROVIDER,N/A,,478.752084000007,INFO,adaptador.request,true,exitoso,,,9701.464920011,9700.986167927,,,2026-09-05T00:10:04.664970Z
30dc873c-b1d2-47de-928f-b98f57c906b7,run1_rep1,E,CLOSED,CLOSED,request,PROVIDER,N/A,,450.97966700086545,INFO,adaptador.request,true,exitoso,,,9701.546619011,9701.095639344,,,2026-09-05T00:10:04.746676Z
d7c6bdce-107d-4239-9fee-5ff20b605533,run1_rep1,E,CLOSED,CLOSED,request,PROVIDER,N/A,,434.44787500084203,INFO,adaptador.request,true,exitoso,,,9701.649154969,9701.214707094,,,2026-09-05T00:10:04.849207Z
d2b93e6a-d8b8-46bc-87ba-53b8dd5e7424,run1_rep1,E,CLOSED,CLOSED,request,PROVIDER,N/A,,476.4405000005354,INFO,adaptador.request,true,exitoso,,,9701.755188927,9701.278748427,,,2026-09-05T00:10:04.955235Z
ea3998dd-5582-40c3-887d-2aad58945d25,run1_rep1,E,CLOSED,CLOSED,request,PROVIDER,N/A,,507.76725099967734,INFO,adaptador.request,true,exitoso,,,9701.821243428,9701.313476177,,,2026-09-05T00:10:05.021295Z
173b877c-097a-4241-b81a-b6c71b73d359,run1_rep1,E,CLOSED,CLOSED,request,PROVIDER,N/A,,584.027041999434,INFO,adaptador.request,true,exitoso,,,9701.912370094,9701.328343052,,,2026-09-05T00:10:05.112425Z
028242e1-59fc-417d-a4b5-23fa8a07d168,run1_rep1,E,CLOSED,CLOSED,request,PROVIDER,N/A,,677.4155010007235,INFO,adaptador.request,true,exitoso,,,9702.007852053,9701.330436552,,,2026-09-05T00:10:05.207841Z
b07888ec-df32-4f36-a34b-87341961a810,run1_rep1,E,CLOSED,CLOSED,request,PROVIDER,N/A,,567.9966260013316,INFO,adaptador.request,true,exitoso,,,9702.089239303,9701.521242677,,,2026-09-05T00:10:05.289247Z
e0f719cd-f7f7-4923-ba0c-d29aa084f6c4,run1_rep1,E,CLOSED,CLOSED,request,PROVIDER,N/A,,527.9947090002679,INFO,adaptador.request,true,exitoso,,,9702.160446636,9701.632451927,,,2026-09-05T00:10:05.360456Z
82168b23-edf2-4030-8eb7-badde9d15e38,run1_rep1,E,CLOSED,CLOSED,request,PROVIDER,N/A,,573.3982920010021,INFO,adaptador.request,true,exitoso,,,9702.252250928,9701.678852636,,,2026-09-05T00:10:05.452295Z
e3f3d894-3cb2-48a2-8501-b375d07ffb3c,run1_rep1,E,CLOSED,CLOSED,request,PROVIDER,N/A,,609.8739169992768,INFO,adaptador.request,true,exitoso,,,9702.347236303,9701.737362386,,,2026-09-05T00:10:05.547292Z
3b411f5a-71e6-41f0-be2d-d001b7804f2f,run1_rep1,E,CLOSED,CLOSED,request,PROVIDER,N/A,,612.9772500007675,INFO,adaptador.request,true,exitoso,,,9702.416970053,9701.803992803,,,2026-09-05T00:10:05.617069Z
12bebde2-2808-478c-8793-7c844bbbdff5,run1_rep1,E,CLOSED,CLOSED,request,PROVIDER,N/A,,598.6234579995653,INFO,adaptador.request,true,exitoso,,,9702.491981011,9701.893357553,,,2026-09-05T00:10:05.692041Z
efc6882c-8d7d-4ee0-98cd-72730f963ed0,run1_rep1,E,CLOSED,CLOSED,request,PROVIDER,N/A,,587.5273749988992,INFO,adaptador.request,true,exitoso,,,9702.559427678,9701.971900303,,,2026-09-05T00:10:05.759431Z
f287701d-e40c-4a1c-94d7-e96299abd009,run1_rep1,E,CLOSED,CLOSED,request,PROVIDER,N/A,,635.4373750000377,INFO,adaptador.request,true,exitoso,,,9702.630078886,9701.994641511,,,2026-09-05T00:10:05.830146Z
4aa8b94e-8133-41a4-80b0-ef15b8bb3aca,run1_rep1,E,CLOSED,CLOSED,request,PROVIDER,N/A,,480.38375100077246,INFO,adaptador.request,true,exitoso,,,9702.720775345,9702.240391594,,,2026-09-05T00:10:05.920863Z
2290da23-61c0-40fe-8822-f1b9b9fdf7c6,run1_rep1,E,CLOSED,CLOSED,request,PROVIDER,N/A,,406.8917090007744,INFO,adaptador.request,true,exitoso,,,9702.81786672,9702.410975011,,,2026-09-05T00:10:06.017932Z
bc63408b-e1b2-4582-a59b-a25eb7a8b40e,run1_rep1,E,CLOSED,CLOSED,request,PROVIDER,N/A,,424.6472499999072,INFO,adaptador.request,true,exitoso,,,9702.906416386,9702.481769136,,,2026-09-05T00:10:06.106505Z
2408ea52-b953-4a72-9874-38520fdf3700,run1_rep1,E,CLOSED,CLOSED,request,PROVIDER,N/A,,495.21241699949314,INFO,adaptador.request,true,exitoso,,,9702.977564928,9702.482352511,,,2026-09-05T00:10:06.177749Z
a4db3d37-adad-4d5b-bdd8-fec58c192f2c,run1_rep1,E,CLOSED,CLOSED,request,PROVIDER,N/A,,535.8449580016895,INFO,adaptador.request,true,exitoso,,,9703.081523803,9702.545678845,,,2026-09-05T00:10:06.281586Z
1e4f36af-9984-428b-a401-050ffd3e158f,run1_rep1,E,CLOSED,CLOSED,request,PROVIDER,N/A,,520.6682509997336,INFO,adaptador.request,true,exitoso,,,9703.158029637,9702.637361386,,,2026-09-05T00:10:06.358143Z
5d165f5b-9f2d-4b99-bebe-224062f36ac5,run1_rep1,E,CLOSED,CLOSED,request,PROVIDER,N/A,,532.6684999999998,INFO,adaptador.request,true,exitoso,,,9703.260831095,9702.728162595,,,2026-09-05T00:10:06.460930Z
f923778b-363a-42f6-86b2-ca70b72688e3,run1_rep1,E,CLOSED,CLOSED,request,PROVIDER,N/A,,602.8757090007275,INFO,adaptador.request,true,exitoso,,,9703.365585595,9702.762709886,,,2026-09-05T00:10:06.565626Z
981ed269-24be-4266-8d5c-ade3a01d4705,run1_rep1,E,CLOSED,CLOSED,request,PROVIDER,N/A,,480.6094999985362,INFO,adaptador.request,true,exitoso,,,9703.462631178,9702.982021678,,,2026-09-05T00:10:06.662762Z
82b20176-ab53-4142-9520-18dc527f19cb,run1_rep1,E,CLOSED,CLOSED,request,PROVIDER,N/A,,543.1515830005083,INFO,adaptador.request,true,exitoso,,,9703.526843178,9702.983691595,,,2026-09-05T00:10:06.726895Z
14b4752d-0a04-431b-9c4e-a42586c3f058,run1_rep1,E,CLOSED,CLOSED,request,PROVIDER,N/A,,648.4649170015473,INFO,adaptador.request,true,exitoso,,,9703.632659053,9702.984194136,,,2026-09-05T00:10:06.832739Z
73bde66d-0336-4257-8dad-4096aacead93,run1_rep1,E,CLOSED,CLOSED,request,PROVIDER,N/A,,746.2837510011013,INFO,adaptador.request,true,exitoso,,,9703.730991262,9702.984707511,,,2026-09-05T00:10:06.931066Z
724bb2a0-d614-4ded-a6fc-829205c872c2,run1_rep1,E,CLOSED,CLOSED,request,PROVIDER,N/A,,802.3202090007544,INFO,adaptador.request,true,exitoso,,,9703.840315637,9703.037995428,,,2026-09-05T00:10:07.040375Z
3a43fca3-1ff9-468c-ab04-440f1872cc16,run1_rep1,E,CLOSED,CLOSED,request,PROVIDER,N/A,,538.5380839998106,INFO,adaptador.request,true,exitoso,,,9703.901438387,9703.362900303,,,2026-09-05T00:10:07.101494Z
68d05f81-33c0-4002-b40e-76c2e0f5e1da,run1_rep1,E,CLOSED,CLOSED,request,PROVIDER,N/A,,498.97558399970876,INFO,adaptador.request,true,exitoso,,,9703.967759137,9703.468783553,,,2026-09-05T00:10:07.167830Z
90fe5d55-ba0b-414a-a29d-f53e4e65d741,run1_rep1,E,CLOSED,CLOSED,request,PROVIDER,N/A,,589.8972080012754,INFO,adaptador.request,true,exitoso,,,9704.059110095,9703.469212887,,,2026-09-05T00:10:07.259168Z
e5274370-a0a1-4a58-8b48-ba7adbdb3d32,run1_rep1,E,CLOSED,CLOSED,request,PROVIDER,N/A,,646.5684579998197,INFO,adaptador.request,true,exitoso,,,9704.16151497,9703.514946512,,,2026-09-05T00:10:07.361581Z
f43debf1-4c2e-4a81-a8fb-e641b91b6df0,run1_rep1,E,CLOSED,CLOSED,request,PROVIDER,N/A,,735.9054170010495,INFO,adaptador.request,true,exitoso,,,9704.251328304,9703.515422887,,,2026-09-05T00:10:07.451376Z
6f4b7d35-9884-49c5-ae0d-a5463f786589,run1_rep1,E,CLOSED,CLOSED,request,PROVIDER,N/A,,711.850499999855,INFO,adaptador.request,true,exitoso,,,9704.325203012,9703.613352512,,,2026-09-05T00:10:07.525268Z
7ec91517-95a3-4c93-acf3-384365b888ab,run1_rep1,E,CLOSED,CLOSED,request,PROVIDER,N/A,,485.117000000173,INFO,adaptador.request,true,exitoso,,,9704.400707595,9703.915590595,,,2026-09-05T00:10:07.600771Z
e0b3400c-9737-45c6-8996-67770f525c12,run1_rep1,E,CLOSED,CLOSED,request,PROVIDER,N/A,,486.4437079995696,INFO,adaptador.request,true,exitoso,,,9704.500365012,9704.013921304,,,2026-09-05T00:10:07.700407Z
57b5591e-b8f1-4a6f-91eb-c7c8e5a96584,run1_rep1,E,CLOSED,CLOSED,request,PROVIDER,N/A,,560.6006669986527,INFO,adaptador.request,true,exitoso,,,9704.598105471,9704.037504804,,,2026-09-05T00:10:07.798164Z
dfd81680-6252-4606-8d96-d0909923d7e0,run1_rep1,E,CLOSED,CLOSED,request,PROVIDER,N/A,,615.8786670002883,INFO,adaptador.request,true,exitoso,,,9704.692192596,9704.076313929,,,2026-09-05T00:10:07.892233Z
18ee1ea1-c5bf-4c4c-95b2-8383e6513c11,run1_rep1,E,CLOSED,CLOSED,request,PROVIDER,N/A,,673.21183400054,INFO,adaptador.request,true,exitoso,,,9704.795659054,9704.12244722,,,2026-09-05T00:10:07.995743Z
2d81c5c0-c77c-4dca-b720-1575efa33ede,run1_rep1,E,CLOSED,CLOSED,request,PROVIDER,N/A,,675.9101669995289,INFO,adaptador.request,true,exitoso,,,9704.864338096,9704.188427929,,,2026-09-05T00:10:08.064383Z
dafbc802-7a32-4536-888a-35caf1a560a1,run1_rep1,E,CLOSED,CLOSED,request,PROVIDER,N/A,,616.0640420002892,INFO,adaptador.request,true,exitoso,,,9704.966572762,9704.35050872,,,2026-09-05T00:10:08.166652Z
dcb03543-9799-4eb7-8661-266b70359bde,run1_rep1,E,CLOSED,CLOSED,request,PROVIDER,N/A,,507.61604199942667,INFO,adaptador.request,true,exitoso,,,9705.037244304,9704.529628262,,,2026-09-05T00:10:08.237278Z
04c7e840-6b74-4f8c-9736-d72cb7113867,run1_rep1,E,CLOSED,CLOSED,request,PROVIDER,N/A,,472.25829100170813,INFO,adaptador.request,true,exitoso,,,9705.096603387,9704.624345096,,,2026-09-05T00:10:08.296697Z
3aefe933-790e-400e-89f4-6bcec42b27bb,run1_rep1,E,CLOSED,CLOSED,request,PROVIDER,N/A,,466.41879199887626,INFO,adaptador.request,true,exitoso,,,9705.197239304,9704.730820512,,,2026-09-05T00:10:08.397361Z
30e86351-1258-43ae-a199-1209ffb3c878,run1_rep1,E,CLOSED,CLOSED,request,PROVIDER,N/A,,573.4154170004331,INFO,adaptador.request,true,exitoso,,,9705.304637304,9704.731221887,,,2026-09-05T00:10:08.504756Z
eb3d00de-b4dd-496c-8d3c-4de923a8da6c,run1_rep1,E,CLOSED,CLOSED,request,PROVIDER,N/A,,657.6022090011975,INFO,adaptador.request,true,exitoso,,,9705.409089888,9704.751487679,,,2026-09-05T00:10:08.609142Z
c81290b7-3302-429e-857b-f5825ba0c08c,run1_rep1,E,CLOSED,CLOSED,request,PROVIDER,N/A,,660.7142920001934,INFO,adaptador.request,true,exitoso,,,9705.475982263,9704.815267971,,,2026-09-05T00:10:08.676063Z
ca54149a-15e2-4842-b0f5-aac9340bda67,run1_rep1,E,CLOSED,CLOSED,request,PROVIDER,N/A,,721.4861669999664,INFO,adaptador.request,true,exitoso,,,9705.553133596,9704.831647429,,,2026-09-05T00:10:08.753231Z
8216132c-3766-4f28-9a62-2d2e93d4a3f9,run1_rep1,E,CLOSED,CLOSED,request,PROVIDER,N/A,,680.9581670004263,INFO,adaptador.request,true,exitoso,,,9705.632354513,9704.951396346,,,2026-09-05T00:10:08.832468Z
c31e9bc8-0006-4198-abee-8d7790a1605a,run1_rep1,E,CLOSED,CLOSED,request,PROVIDER,N/A,,620.5207919992972,INFO,adaptador.request,true,exitoso,,,9705.724181971,9705.103661179,,,2026-09-05T00:10:08.924207Z
806f67bb-d3d1-4e2e-811c-153f6cc92dd9,run1_rep1,E,CLOSED,CLOSED,request,PROVIDER,N/A,,501.87295799878484,INFO,adaptador.request,true,exitoso,,,9705.820600721,9705.318727763,,,2026-09-05T00:10:09.020675Z
6ba9502b-4066-40d8-92f2-9e89a2a407d5,run1_rep1,E,CLOSED,CLOSED,request,PROVIDER,N/A,,603.7947090007947,INFO,adaptador.request,true,exitoso,,,9705.928829263,9705.325034554,,,2026-09-05T00:10:09.128829Z
0718c5a5-0c7a-49d9-ba3f-043d16b35720,run1_rep1,E,CLOSED,CLOSED,request,PROVIDER,N/A,,546.5263750011218,INFO,adaptador.request,true,exitoso,,,9706.002584763,9705.456058388,,,2026-09-05T00:10:09.202654Z
e600c3f6-8ca2-4ad4-94f8-d03ce5648a01,run1_rep1,E,CLOSED,CLOSED,request,PROVIDER,N/A,,578.0670420008391,INFO,adaptador.request,true,exitoso,,,9706.101303138,9705.523236096,,,2026-09-05T00:10:09.301421Z
2034feee-18c5-4211-bc10-8f850e44eeb9,run1_rep1,E,CLOSED,CLOSED,request,PROVIDER,N/A,,463.1694170002447,INFO,adaptador.request,true,exitoso,,,9706.181054763,9705.717885346,,,2026-09-05T00:10:09.381164Z
16d18234-1089-4c89-a779-5088e7811b01,run1_rep1,E,CLOSED,CLOSED,request,PROVIDER,N/A,,415.1769170002808,INFO,adaptador.request,true,exitoso,,,9706.24837443,9705.833197513,,,2026-09-05T00:10:09.448447Z
d21d083b-4a94-4132-8cd5-c8e9c5b6e6d3,run1_rep1,E,CLOSED,CLOSED,request,PROVIDER,N/A,,489.1905840013351,INFO,adaptador.request,true,exitoso,,,9706.32645668,9705.837266096,,,2026-09-05T00:10:09.526537Z
43b39d5e-ae49-4928-9b1c-320700ea3b0b,run1_rep1,E,CLOSED,CLOSED,request,PROVIDER,N/A,,502.93608299944026,INFO,adaptador.request,true,exitoso,,,9706.403646846,9705.900710763,,,2026-09-05T00:10:09.603721Z
497b373d-b33f-4f5b-92ed-43827f467944,run1_rep1,E,CLOSED,CLOSED,request,PROVIDER,N/A,,553.2250010001007,INFO,adaptador.request,true,exitoso,,,9706.49364918,9705.940424179,,,2026-09-05T00:10:09.693709Z
2b3bd97d-7ced-435b-b229-bac9009bf5b7,run1_rep1,E,CLOSED,CLOSED,request,PROVIDER,N/A,,359.7546669989242,INFO,adaptador.request,true,exitoso,,,9706.566089805,9706.206335138,,,2026-09-05T00:10:09.766096Z
7cd86b16-a81e-42b0-ae4a-99ad6485b284,run1_rep1,E,CLOSED,CLOSED,request,PROVIDER,N/A,,359.75395800051047,INFO,adaptador.request,true,exitoso,,,9706.624041888,9706.26428793,,,2026-09-05T00:10:09.824114Z
8ccde9f1-0679-4905-96cc-1f8c022b243a,run1_rep1,E,CLOSED,CLOSED,request,PROVIDER,N/A,,427.1368750014517,INFO,adaptador.request,true,exitoso,,,9706.704242555,9706.27710568,,,2026-09-05T00:10:09.904350Z
c43fb28c-023f-4fbb-ab35-284ca97f1043,run1_rep1,E,CLOSED,CLOSED,request,PROVIDER,N/A,,377.9885420008213,INFO,adaptador.request,true,exitoso,,,9706.797331972,9706.41934343,,,2026-09-05T00:10:09.997394Z
4ea76b03-e615-4f5f-a233-4a217253c42a,run1_rep1,E,CLOSED,CLOSED,request,PROVIDER,N/A,,426.6154169999936,INFO,adaptador.request,true,exitoso,,,9706.882208472,9706.455593055,,,2026-09-05T00:10:10.082277Z
ab19b304-b48e-47cf-bcfe-334239ccb840,run1_rep1,E,CLOSED,CLOSED,request,PROVIDER,N/A,,401.2369590000162,INFO,adaptador.request,true,exitoso,,,9706.958043305,9706.556806346,,,2026-09-05T00:10:10.158117Z
4456dc92-7225-4076-9bdc-2e304c4f1101,run1_rep1,E,CLOSED,CLOSED,request,PROVIDER,N/A,,450.8284169987746,INFO,adaptador.request,true,exitoso,,,9707.019403305,9706.568574888,,,2026-09-05T00:10:10.219515Z
f4723719-4dfb-4313-baf4-766de6690735,run1_rep1,E,CLOSED,CLOSED,request,PROVIDER,N/A,,414.47345900087385,INFO,adaptador.request,true,exitoso,,,9707.078204097,9706.663730638,,,2026-09-05T00:10:10.278245Z
50d4f258-0a98-4a16-b817-5e2335421c47,run1_rep1,E,CLOSED,CLOSED,request,PROVIDER,N/A,,320.6519169998501,INFO,adaptador.request,true,exitoso,,,9707.17192243,9706.851270513,,,2026-09-05T00:10:10.371957Z
114902d7-b3d9-4d33-ab18-9989051a07e2,run1_rep1,E,CLOSED,CLOSED,request,PROVIDER,N/A,,290.39400000147,INFO,adaptador.request,true,exitoso,,,9707.271966972,9706.981572972,,,2026-09-05T00:10:10.472127Z
f5230e91-93e9-49f6-8f44-9b563018974d,run1_rep1,E,CLOSED,CLOSED,request,PROVIDER,N/A,,372.9459999995015,INFO,adaptador.request,true,exitoso,,,9707.374466055,9707.001520055,,,2026-09-05T00:10:10.574491Z
8453ee2e-1ecd-413a-abf7-fcd753fbbb54,run1_rep1,E,CLOSED,CLOSED,request,PROVIDER,N/A,,412.83554199981154,INFO,adaptador.request,true,exitoso,,,9707.457628764,9707.044793222,,,2026-09-05T00:10:10.657816Z
c7af87ec-8843-48ea-8eed-070af3a99a2a,run1_rep1,E,CLOSED,CLOSED,request,PROVIDER,N/A,,468.7714589999814,INFO,adaptador.request,true,exitoso,,,9707.548057597,9707.079286138,,,2026-09-05T00:10:10.748114Z
9ac7b1aa-ad96-401d-ab4b-8df424aa4cfe,run1_rep1,E,CLOSED,CLOSED,request,PROVIDER,N/A,,437.70000000040454,INFO,adaptador.request,true,exitoso,,,9707.60783518,9707.17013518,,,2026-09-05T00:10:10.807887Z
8a37757f-3aa1-49a6-adae-548a3a35692f,run1_rep1,E,CLOSED,CLOSED,request,PROVIDER,N/A,,503.5670420002134,INFO,adaptador.request,true,exitoso,,,9707.674332305,9707.170765263,,,2026-09-05T00:10:10.874388Z
ae044885-03e1-49f6-beb0-21793a8f388f,run1_rep1,E,CLOSED,CLOSED,request,PROVIDER,N/A,,488.38824999984354,INFO,adaptador.request,true,exitoso,,,9707.762146597,9707.273758347,,,2026-09-05T00:10:10.962236Z
470a46a2-f14c-4a39-b741-8cfba390efce,run1_rep1,E,CLOSED,CLOSED,request,PROVIDER,N/A,,551.3429170005111,INFO,adaptador.request,true,exitoso,,,9707.841088555,9707.289745638,,,2026-09-05T00:10:11.041155Z
68656cc5-9589-40a1-95b4-4c3335c33aec,run1_rep1,E,CLOSED,CLOSED,request,PROVIDER,N/A,,542.1041669997066,INFO,adaptador.request,true,exitoso,,,9707.909986014,9707.367881847,,,2026-09-05T00:10:11.110085Z
46f36b92-cb4e-491b-9569-8b91ce5aa6a9,run1_rep1,E,CLOSED,CLOSED,request,PROVIDER,N/A,,371.664915999645,INFO,adaptador.request,true,exitoso,,,9708.00015093,9707.628486014,,,2026-09-05T00:10:11.200188Z
ffc10850-8a04-40f5-86df-5fad166eb697,run1_rep1,E,CLOSED,CLOSED,request,PROVIDER,N/A,,381.4432500003022,INFO,adaptador.request,true,exitoso,,,9708.056857764,9707.675414514,,,2026-09-05T00:10:11.256936Z
5a3c9279-6be0-4647-acf7-18c05b1fb9a4,run1_rep1,E,CLOSED,CLOSED,request,PROVIDER,N/A,,404.86833400063915,INFO,adaptador.request,true,exitoso,,,9708.143083556,9707.738215222,,,2026-09-05T00:10:11.343159Z
18b18441-8cf8-41ea-94f9-0c931ad9ea4c,run1_rep1,E,CLOSED,CLOSED,request,PROVIDER,N/A,,397.45745900108886,INFO,adaptador.request,true,exitoso,,,9708.205079264,9707.807621805,,,2026-09-05T00:10:11.405142Z
81ac149c-e09e-4267-97b0-4731e39ce354,run1_rep1,E,CLOSED,CLOSED,request,PROVIDER,N/A,,474.6812499997759,INFO,adaptador.request,true,exitoso,,,9708.290287264,9707.815606014,,,2026-09-05T00:10:11.490284Z
ebd17588-8a3d-40b8-94f4-07f7669610a2,run1_rep1,E,CLOSED,CLOSED,request,PROVIDER,N/A,,431.2939580013335,INFO,adaptador.request,true,exitoso,,,9708.379315222,9707.948021264,,,2026-09-05T00:10:11.579340Z
66469332-5103-46ba-a73d-7d029720811d,run1_rep1,E,CLOSED,CLOSED,request,PROVIDER,N/A,,485.41620899959526,INFO,adaptador.request,true,exitoso,,,9708.450957264,9707.965541055,,,2026-09-05T00:10:11.651014Z
36f55876-d2d0-48a3-9ddc-6b348951911b,run1_rep1,E,CLOSED,CLOSED,request,PROVIDER,N/A,,549.0000839999993,INFO,adaptador.request,true,exitoso,,,9708.521754931,9707.972754847,,,2026-09-05T00:10:11.721804Z
723442c9-80a0-4ed8-9e9e-11477da81e5c,run1_rep1,E,CLOSED,CLOSED,request,PROVIDER,N/A,,608.1854170006409,INFO,adaptador.request,true,exitoso,,,9708.601641264,9707.993455847,,,2026-09-05T00:10:11.801700Z
6428c402-6692-4849-80ce-219edc631120,run1_rep1,E,CLOSED,CLOSED,request,PROVIDER,N/A,,567.5631249996513,INFO,adaptador.request,true,exitoso,,,9708.682695806,9708.115132681,,,2026-09-05T00:10:11.882748Z
5137182e-0614-4ca5-afed-6395085a01aa,run1_rep1,E,CLOSED,CLOSED,request,PROVIDER,N/A,,512.2656249986903,INFO,adaptador.request,true,exitoso,,,9708.752657181,9708.240391556,,,2026-09-05T00:10:11.952704Z
e99db399-dfb5-4836-b9ce-3e26f861f789,run1_rep1,E,CLOSED,CLOSED,request,PROVIDER,N/A,,524.4180839999899,INFO,adaptador.request,true,exitoso,,,9708.822779598,9708.298361514,,,2026-09-05T00:10:12.022837Z
f8b0362e-5900-4b06-a37e-acde29ee2f66,run1_rep1,E,CLOSED,CLOSED,request,PROVIDER,N/A,,609.9411250015692,INFO,adaptador.request,true,exitoso,,,9708.931116514,9708.321175389,,,2026-09-05T00:10:12.131152Z
91d56ca9-173a-407d-99e0-8a1073a40180,run1_rep1,E,CLOSED,CLOSED,request,PROVIDER,N/A,,635.3264589997707,INFO,adaptador.request,true,exitoso,,,9709.026380681,9708.391054222,,,2026-09-05T00:10:12.226376Z
390c89f2-7d3a-412b-8f2d-7bb13dce0b02,run1_rep1,E,CLOSED,CLOSED,request,PROVIDER,N/A,,684.7347919992899,INFO,adaptador.request,true,exitoso,,,9709.105812098,9708.421077306,,,2026-09-05T00:10:12.305894Z
214b8393-ecc0-4765-be03-9b81ca2867b3,run1_rep1,E,CLOSED,CLOSED,request,PROVIDER,N/A,,623.0276670012245,INFO,adaptador.request,true,exitoso,,,9709.196182264,9708.573154597,,,2026-09-05T00:10:12.396293Z
eddc362c-25e5-4eb1-a6e3-895a7b468384,run1_rep1,E,CLOSED,CLOSED,request,PROVIDER,N/A,,434.8852500006615,INFO,adaptador.request,true,exitoso,,,9709.262905723,9708.828020473,,,2026-09-05T00:10:12.462966Z
fe95cef2-ab3a-4396-9ebb-4f4e9dd1caf3,run1_rep1,E,CLOSED,CLOSED,request,PROVIDER,N/A,,508.46966700009943,INFO,adaptador.request,true,exitoso,,,9709.362686806,9708.854217139,,,2026-09-05T00:10:12.562756Z
76311508-3be9-438f-a02a-b4df500de64c,run1_rep1,E,CLOSED,CLOSED,request,PROVIDER,N/A,,589.944999999716,INFO,adaptador.request,true,exitoso,,,9709.444576848,9708.854631848,,,2026-09-05T00:10:12.644635Z
fc00147b-77ab-407a-9ce6-155466f0c3e0,run1_rep1,E,CLOSED,CLOSED,request,PROVIDER,N/A,,550.8010839985218,INFO,adaptador.request,true,exitoso,,,9709.504084473,9708.953283389,,,2026-09-05T00:10:12.704160Z
26a96a70-dfbe-4eea-a3b9-7ceea131eba0,run1_rep1,E,CLOSED,CLOSED,request,PROVIDER,N/A,,630.8087090001209,INFO,adaptador.request,true,exitoso,,,9709.58450089,9708.953692181,,,2026-09-05T00:10:12.784587Z
5744b304-5e35-49c8-8a62-faea0910039d,run1_rep1,E,CLOSED,CLOSED,request,PROVIDER,N/A,,662.55645900128,INFO,adaptador.request,true,exitoso,,,9709.66975289,9709.007196431,,,2026-09-05T00:10:12.869788Z
a752339e-5df4-40a5-9fc3-992718454c07,run1_rep1,E,CLOSED,CLOSED,request,PROVIDER,N/A,,609.8135829997773,INFO,adaptador.request,true,exitoso,,,9709.778799556,9709.168985973,,,2026-09-05T00:10:12.978875Z
6774c9d8-1faa-47b5-a8fe-efac676f6592,run1_rep1,E,CLOSED,CLOSED,request,PROVIDER,N/A,,614.1065419997176,INFO,adaptador.request,true,exitoso,,,9709.86765589,9709.253549348,,,2026-09-05T00:10:13.067699Z
30c2f497-0669-4349-b3fc-9a27ab13bdc8,run1_rep1,E,CLOSED,CLOSED,request,PROVIDER,N/A,,520.9513760000846,INFO,adaptador.request,true,exitoso,,,9709.966354015,9709.445402639,,,2026-09-05T00:10:13.166355Z
462683f4-ba87-47e3-b47a-fe202906486a,run1_rep1,E,CLOSED,CLOSED,request,PROVIDER,N/A,,491.3756250007282,INFO,adaptador.request,true,exitoso,,,9710.038237848,9709.546862223,,,2026-09-05T00:10:13.238253Z
2468c18b-cc87-4914-b632-2bc04c41ded5,run1_rep1,E,CLOSED,CLOSED,request,PROVIDER,N/A,,555.9372499992605,INFO,adaptador.request,true,exitoso,,,9710.120679598,9709.564742348,,,2026-09-05T00:10:13.320760Z
cfe4514f-8d55-4db7-9b75-b26d0e7c9119,run1_rep1,E,CLOSED,CLOSED,request,PROVIDER,N/A,,582.3344169984921,INFO,adaptador.request,true,exitoso,,,9710.228856265,9709.646521848,,,2026-09-05T00:10:13.428967Z
ec53858d-6848-4ed2-ad9d-86e28ddcc005,run1_rep1,E,CLOSED,CLOSED,request,PROVIDER,N/A,,665.5182919985236,INFO,adaptador.request,true,exitoso,,,9710.321020557,9709.655502265,,,2026-09-05T00:10:13.521111Z
d4df8520-647b-4d09-92a9-6db06ebfa7cc,run1_rep1,E,CLOSED,CLOSED,request,PROVIDER,N/A,,642.7286250000179,INFO,adaptador.request,true,exitoso,,,9710.405853473,9709.763124848,,,2026-09-05T00:10:13.605908Z
3822043e-5edd-4f2c-b3d1-c64d4de308fc,run1_rep1,E,CLOSED,CLOSED,request,PROVIDER,N/A,,642.2305420001067,INFO,adaptador.request,true,exitoso,,,9710.504164598,9709.861934056,,,2026-09-05T00:10:13.704254Z
ea63b7e6-4b99-4ac4-bb2a-de523ad2723f,run1_rep1,E,CLOSED,CLOSED,request,PROVIDER,N/A,,711.4667499990901,INFO,adaptador.request,true,exitoso,,,9710.591581973,9709.880115223,,,2026-09-05T00:10:13.791673Z
a519051b-a6c4-4cc1-8f22-933a61f04255,run1_rep1,E,CLOSED,CLOSED,request,PROVIDER,N/A,,759.9717920002149,INFO,adaptador.request,true,exitoso,,,9710.695781057,9709.935809265,,,2026-09-05T00:10:13.895870Z
5073287c-af3f-4ce6-967a-df774a0d674a,run1_rep1,E,CLOSED,CLOSED,request,PROVIDER,N/A,,734.7977919998812,INFO,adaptador.request,true,exitoso,,,9710.785406515,9710.050608723,,,2026-09-05T00:10:13.985476Z
ce299db0-853a-4b19-8d3d-17dd35011b8f,run1_rep1,E,CLOSED,CLOSED,request,PROVIDER,N/A,,674.9809169996297,INFO,adaptador.request,true,exitoso,,,9710.874160557,9710.19917964,,,2026-09-05T00:10:14.074252Z
6bb32e01-1ca2-46b3-bc4d-f28f3842810e,run1_rep1,E,CLOSED,CLOSED,request,PROVIDER,N/A,,546.7271670004266,INFO,adaptador.request,true,exitoso,,,9710.958910515,9710.412183348,,,2026-09-05T00:10:14.158977Z
e8e5ab5a-d28e-4f1c-af6c-f00967714050,run1_rep1,E,CLOSED,CLOSED,request,PROVIDER,N/A,,583.9320420000149,INFO,adaptador.request,true,exitoso,,,9711.04039464,9710.456462598,,,2026-09-05T00:10:14.240466Z
b95c1fca-f5b0-4455-8210-0d09c04a9c6f,run1_rep1,E,CLOSED,CLOSED,request,PROVIDER,N/A,,562.8744170007849,INFO,adaptador.request,true,exitoso,,,9711.11064989,9710.547775473,,,2026-09-05T00:10:14.310712Z
ac91680a-4c8f-4b5a-915e-c4d959b11825,run1_rep1,E,CLOSED,CLOSED,request,PROVIDER,N/A,,632.3404169997957,INFO,adaptador.request,true,exitoso,,,9711.193589765,9710.561249348,,,2026-09-05T00:10:14.393668Z
23f09f6d-7aaa-434a-b334-b5bf5e6ca78c,run1_rep1,E,CLOSED,CLOSED,request,PROVIDER,N/A,,498.8067089998367,INFO,adaptador.request,true,exitoso,,,9711.266528974,9710.767722265,,,2026-09-05T00:10:14.466585Z
c1866a9f-4dce-4eee-be9a-150c83f5cf62,run1_rep1,E,CLOSED,CLOSED,request,PROVIDER,N/A,,493.6381670013361,INFO,adaptador.request,true,exitoso,,,9711.328732182,9710.835094015,,,2026-09-05T00:10:14.528837Z
d42a51c8-e54d-4b84-a48f-5079b50c2443,run1_rep1,E,CLOSED,CLOSED,request,PROVIDER,N/A,,550.3937079993193,INFO,adaptador.request,true,exitoso,,,9711.39293464,9710.842540932,,,2026-09-05T00:10:14.593034Z
eb0c7f76-8c60-4c5a-9c86-7a26f84466f0,run1_rep1,E,CLOSED,CLOSED,request,PROVIDER,N/A,,541.7672500007029,INFO,adaptador.request,true,exitoso,,,9711.493676849,9710.951909599,,,2026-09-05T00:10:14.693749Z
4dba02aa-4ff4-4415-a0a6-faa2598c85e3,run1_rep1,E,CLOSED,CLOSED,request,PROVIDER,N/A,,513.3222509994084,INFO,adaptador.request,true,exitoso,,,9711.570859141,9711.05753689,,,2026-09-05T00:10:14.770917Z
39d99fec-8ed5-4f26-b13a-4c222bd00642,run1_rep1,E,CLOSED,CLOSED,request,PROVIDER,N/A,,500.31958399995347,INFO,adaptador.request,true,exitoso,,,9711.652625141,9711.152305557,,,2026-09-05T00:10:14.852672Z
724bbda2-3008-4234-a403-66d02ff11f24,run1_rep1,E,CLOSED,CLOSED,request,PROVIDER,N/A,,475.2277919997141,INFO,adaptador.request,true,exitoso,,,9711.723225974,9711.247998182,,,2026-09-05T00:10:14.923261Z
5ed4180b-9f1e-4131-b4d6-50d4b761ac40,run1_rep1,E,CLOSED,CLOSED,request,PROVIDER,N/A,,460.7012090000353,INFO,adaptador.request,true,exitoso,,,9711.813428641,9711.352727432,,,2026-09-05T00:10:15.013476Z
5990b60d-18a0-4c0a-a68a-f053c3ab78ea,run1_rep1,E,CLOSED,CLOSED,request,PROVIDER,N/A,,565.3080419997423,INFO,adaptador.request,true,exitoso,,,9711.918529307,9711.353221265,,,2026-09-05T00:10:15.118630Z
bbda81af-99b1-40e9-a506-9d112ce61f18,run1_rep1,E,CLOSED,CLOSED,request,PROVIDER,N/A,,432.2718340008578,INFO,adaptador.request,true,exitoso,,,9711.976180141,9711.543908307,,,2026-09-05T00:10:15.176467Z
7b65b7af-bed8-4039-a8e1-f2bfc6bf2235,run1_rep1,E,CLOSED,CLOSED,request,PROVIDER,N/A,,486.25937499855354,INFO,adaptador.request,true,exitoso,,,9712.062406766,9711.576147391,,,2026-09-05T00:10:15.262403Z
d4dc8d92-953a-4058-9927-961661cea868,run1_rep1,E,CLOSED,CLOSED,request,PROVIDER,N/A,,398.4794170009991,INFO,adaptador.request,true,exitoso,,,9712.117175224,9711.718695807,,,2026-09-05T00:10:15.317183Z
d3d1b515-b917-45b0-9381-042e57757bb1,run1_rep1,E,CLOSED,CLOSED,request,PROVIDER,N/A,,466.7537080003967,INFO,adaptador.request,true,exitoso,,,9712.210072557,9711.743318849,,,2026-09-05T00:10:15.410106Z
54dc93b8-4ef2-4e8d-ad1d-eab105398d21,run1_rep1,E,CLOSED,CLOSED,request,PROVIDER,N/A,,480.70341699894925,INFO,adaptador.request,true,exitoso,,,9712.279167558,9711.798464141,,,2026-09-05T00:10:15.479265Z
a10ed44a-f3d8-42e6-b4a7-5bdfde1fca09,run1_rep1,E,CLOSED,CLOSED,request,PROVIDER,N/A,,367.53937600042264,INFO,adaptador.request,true,exitoso,,,9712.339816308,9711.972276932,,,2026-09-05T00:10:15.539985Z
c0efd4d4-ec44-4530-9c4b-01383855bc97,run1_rep1,E,CLOSED,CLOSED,request,PROVIDER,N/A,,392.09383300112677,INFO,adaptador.request,true,exitoso,,,9712.441062599,9712.048968766,,,2026-09-05T00:10:15.641157Z
a38ea868-e077-4c92-a439-f61a0838f05a,run1_rep1,E,CLOSED,CLOSED,request,PROVIDER,N/A,,461.1240419999376,INFO,adaptador.request,true,exitoso,,,9712.521419099,9712.060295057,,,2026-09-05T00:10:15.721471Z
17b95ff4-313b-4b58-bfd8-296d9808128f,run1_rep1,E,CLOSED,CLOSED,request,PROVIDER,N/A,,488.7552920008602,INFO,adaptador.request,true,exitoso,,,9712.612462891,9712.123707599,,,2026-09-05T00:10:15.812501Z
138dfaa7-dfe3-4c9d-a019-2fabccccaf2d,run1_rep1,E,CLOSED,CLOSED,request,PROVIDER,N/A,,374.55291600053897,INFO,adaptador.request,true,exitoso,,,9712.677171724,9712.302618808,,,2026-09-05T00:10:15.877223Z
f7e27eb6-d382-496d-a3c7-8f626a55c3d4,run1_rep1,E,CLOSED,CLOSED,request,PROVIDER,N/A,,376.3240419993963,INFO,adaptador.request,true,exitoso,,,9712.768241266,9712.391917224,,,2026-09-05T00:10:15.968318Z
e065b9f4-004d-418a-a262-3f9bf5560173,run1_rep1,E,CLOSED,CLOSED,request,PROVIDER,N/A,,375.6144589988253,INFO,adaptador.request,true,exitoso,,,9712.855912808,9712.480298349,,,2026-09-05T00:10:16.055991Z
14112094-42c7-4479-ab2b-beb9e3f013df,run1_rep1,E,CLOSED,CLOSED,request,PROVIDER,N/A,,422.3510410010931,INFO,adaptador.request,true,exitoso,,,9712.937192724,9712.514841683,,,2026-09-05T00:10:16.137287Z
cfe67b81-a139-46c1-9087-2957982ae1b5,run1_rep1,E,CLOSED,CLOSED,request,PROVIDER,N/A,,476.3811259999784,INFO,adaptador.request,true,exitoso,,,9713.04434385,9712.567962724,,,2026-09-05T00:10:16.244430Z
085fae03-6a64-4862-b58e-99084549dc4c,run1_rep1,E,CLOSED,CLOSED,request,PROVIDER,N/A,,439.90158300039184,INFO,adaptador.request,true,exitoso,,,9713.101785141,9712.661883558,,,2026-09-05T00:10:16.301844Z
fde04934-2743-433b-a654-dd47e50e9ad3,run1_rep1,E,CLOSED,CLOSED,request,PROVIDER,N/A,,436.5269999998418,INFO,adaptador.request,true,exitoso,,,9713.194376391,9712.757849391,,,2026-09-05T00:10:16.394525Z
537786d8-e85b-40a0-b7ab-b2daa6117e87,run1_rep1,E,CLOSED,CLOSED,request,PROVIDER,N/A,,514.1733339987695,INFO,adaptador.request,true,exitoso,,,9713.283697808,9712.769524474,,,2026-09-05T00:10:16.483760Z
dcf0fff6-0390-4faa-a9cf-2b8b067c1c46,run1_rep1,E,CLOSED,CLOSED,request,PROVIDER,N/A,,423.533375000261,INFO,adaptador.request,true,exitoso,,,9713.351058058,9712.927524683,,,2026-09-05T00:10:16.551115Z
f9b1a0db-0819-4e0d-8ca4-44ec212f8d49,run1_rep1,E,CLOSED,CLOSED,request,PROVIDER,N/A,,486.9392090004112,INFO,adaptador.request,true,exitoso,,,9713.420456475,9712.933517266,,,2026-09-05T00:10:16.620540Z
40df62b8-a1aa-42ed-933f-629ea84c98f5,run1_rep1,E,CLOSED,CLOSED,request,PROVIDER,N/A,,573.4453330005636,INFO,adaptador.request,true,exitoso,,,9713.513622516,9712.940177183,,,2026-09-05T00:10:16.713726Z
d54f0eb9-e19b-43ea-8347-14718c7b9de7,run1_rep1,E,CLOSED,CLOSED,request,PROVIDER,N/A,,648.1657499989524,INFO,adaptador.request,true,exitoso,,,9713.6186936,9712.97052785,,,2026-09-05T00:10:16.818775Z
6ca0462e-4337-4eb8-bbe8-ad11fd3b9394,run1_rep1,E,CLOSED,CLOSED,request,PROVIDER,N/A,,661.9217919997027,INFO,adaptador.request,true,exitoso,,,9713.681492808,9713.019571016,,,2026-09-05T00:10:16.881583Z
7eab114e-b60e-41d3-8bf1-584c4fc48ff6,run1_rep1,E,CLOSED,CLOSED,request,PROVIDER,N/A,,512.1494579998398,INFO,adaptador.request,true,exitoso,,,9713.765173933,9713.253024475,,,2026-09-05T00:10:16.965222Z
f9293733-2887-4459-aab6-ba6b2b5c5d02,run1_rep1,E,CLOSED,CLOSED,request,PROVIDER,N/A,,519.3101669992757,INFO,adaptador.request,true,exitoso,,,9713.840721558,9713.321411391,,,2026-09-05T00:10:17.040777Z
64f6e3de-7707-4be6-8e44-b61375baa753,run1_rep1,E,CLOSED,CLOSED,request,PROVIDER,N/A,,478.41958299977705,INFO,adaptador.request,true,exitoso,,,9713.906219808,9713.427800225,,,2026-09-05T00:10:17.106272Z
a48ee84f-af6f-44f8-8968-92ab0577ff87,run1_rep1,E,CLOSED,CLOSED,request,PROVIDER,N/A,,442.3384170004283,INFO,adaptador.request,true,exitoso,,,9713.978804683,9713.536466266,,,2026-09-05T00:10:17.178905Z
e693b911-b609-4e4b-95ee-000a9a4be513,run1_rep1,E,CLOSED,CLOSED,request,PROVIDER,N/A,,489.2981670000154,INFO,adaptador.request,true,exitoso,,,9714.085639183,9713.596341016,,,2026-09-05T00:10:17.285708Z
d3b7ecd9-b981-4c08-82b7-31ac9c1b5489,run1_rep1,E,CLOSED,CLOSED,request,PROVIDER,N/A,,506.5368750001653,INFO,adaptador.request,true,exitoso,,,9714.152018683,9713.645481808,,,2026-09-05T00:10:17.352096Z
9a058da1-964a-46ab-a5a7-0992b4fdb9c9,run1_rep1,E,CLOSED,CLOSED,request,PROVIDER,N/A,,526.307457999792,INFO,adaptador.request,true,exitoso,,,9714.251219975,9713.724912517,,,2026-09-05T00:10:17.451284Z
2ced866a-e480-4557-90e4-fc3a6e87e19c,run1_rep1,E,CLOSED,CLOSED,request,PROVIDER,N/A,,443.6651259984501,INFO,adaptador.request,true,exitoso,,,9714.356775309,9713.913110183,,,2026-09-05T00:10:17.556834Z
33d763df-d6c3-4f5b-b008-e469981ae58a,run1_rep1,E,CLOSED,CLOSED,request,PROVIDER,N/A,,502.09199999881093,INFO,adaptador.request,true,exitoso,,,9714.415588392,9713.913496392,,,2026-09-05T00:10:17.615648Z
f6619697-7a19-42d1-acb4-1de6b4b96fc0,run1_rep1,E,CLOSED,CLOSED,request,PROVIDER,N/A,,573.8120830010303,INFO,adaptador.request,true,exitoso,,,9714.505793725,9713.931981642,,,2026-09-05T00:10:17.705868Z
7344e3e0-4b59-4c40-98f0-4207fa7976d8,run1_rep1,E,CLOSED,CLOSED,request,PROVIDER,N/A,,504.1129169985652,INFO,adaptador.request,true,exitoso,,,9714.611323434,9714.107210517,,,2026-09-05T00:10:17.811393Z
03556964-f357-4a8e-aa8c-9170b2406708,run1_rep1,E,CLOSED,CLOSED,request,PROVIDER,N/A,,601.5035000000353,INFO,adaptador.request,true,exitoso,,,9714.7102371,9714.1087336,,,2026-09-05T00:10:17.910304Z
c8f2da81-d554-4a90-895b-035c5e39e55e,run1_rep1,E,CLOSED,CLOSED,request,PROVIDER,N/A,,674.485833998915,INFO,adaptador.request,true,exitoso,,,9714.802358934,9714.1278731,,,2026-09-05T00:10:18.002426Z
0bfc2e22-4dea-4d0c-9a9c-2d1aa3bde6b0,run1_rep1,E,CLOSED,CLOSED,request,PROVIDER,N/A,,749.2625419999968,INFO,adaptador.request,true,exitoso,,,9714.885460017,9714.136197475,,,2026-09-05T00:10:18.085529Z
b262cc79-fd8e-4da2-9da2-b98519c81024,run1_rep1,E,CLOSED,CLOSED,request,PROVIDER,N/A,,538.9926250009012,INFO,adaptador.request,true,exitoso,,,9714.986598767,9714.447606142,,,2026-09-05T00:10:18.186737Z
8f101547-99b2-4bdf-9b99-ec2f9605e004,run1_rep1,E,CLOSED,CLOSED,request,PROVIDER,N/A,,557.0665830000507,INFO,adaptador.request,true,exitoso,,,9715.063586517,9714.506519934,,,2026-09-05T00:10:18.263700Z
259498af-640a-4807-8d00-d486c44019c6,run1_rep1,E,CLOSED,CLOSED,request,PROVIDER,N/A,,547.3156259995449,INFO,adaptador.request,true,exitoso,,,9715.168880976,9714.62156535,,,2026-09-05T00:10:18.368970Z
37ec7cf4-cbaa-4703-8f51-edcbb4bb0bd5,run1_rep1,E,CLOSED,CLOSED,request,PROVIDER,N/A,,525.2052509986243,INFO,adaptador.request,true,exitoso,,,9715.249589226,9714.724383975,,,2026-09-05T00:10:18.449641Z
72685954-ad31-49fa-8ce2-5b907c739633,run1_rep1,E,CLOSED,CLOSED,request,PROVIDER,N/A,,496.86216699956276,INFO,adaptador.request,true,exitoso,,,9715.317445267,9714.8205831,,,2026-09-05T00:10:18.517519Z
f2908798-e407-4214-8a38-ad29dc6793f4,run1_rep1,E,CLOSED,CLOSED,request,PROVIDER,N/A,,498.67895799980033,INFO,adaptador.request,true,exitoso,,,9715.389941017,9714.891262059,,,2026-09-05T00:10:18.590054Z
abf84064-b7f1-4618-a82a-8e114aee2a01,run1_rep1,E,CLOSED,CLOSED,request,PROVIDER,N/A,,447.6289580015873,INFO,adaptador.request,true,exitoso,,,9715.488907684,9715.041278726,,,2026-09-05T00:10:18.688911Z
e9ada59c-d872-4e7a-9ab6-53ea42d46ecb,run1_rep1,E,CLOSED,CLOSED,request,PROVIDER,N/A,,420.97104099957505,INFO,adaptador.request,true,exitoso,,,9715.566126267,9715.145155226,,,2026-09-05T00:10:18.766182Z
745afbd2-e510-4b54-84c6-fe1b2ef76374,run1_rep1,E,CLOSED,CLOSED,request,PROVIDER,N/A,,468.1521669990616,INFO,adaptador.request,true,exitoso,,,9715.659500851,9715.191348684,,,2026-09-05T00:10:18.859585Z
2ccc24cd-a7be-4932-aa85-f4c7f20ea30b,run1_rep1,E,CLOSED,CLOSED,request,PROVIDER,N/A,,553.3099590011261,INFO,adaptador.request,true,exitoso,,,9715.748045476,9715.194735517,,,2026-09-05T00:10:18.948134Z
3dafac34-d365-4d31-9af0-a8f70b233b8a,run1_rep1,E,CLOSED,CLOSED,request,PROVIDER,N/A,,542.3642089990608,INFO,adaptador.request,true,exitoso,,,9715.829828601,9715.287464392,,,2026-09-05T00:10:19.029879Z
15c172b8-eaad-4bf4-8668-624b4d0ab083,run1_rep1,E,CLOSED,CLOSED,request,PROVIDER,N/A,,594.5555830003286,INFO,adaptador.request,true,exitoso,,,9715.900332309,9715.305776726,,,2026-09-05T00:10:19.100371Z
400d33de-1dfa-4eb7-b133-b4a584f0e31d,run1_rep1,E,CLOSED,CLOSED,request,PROVIDER,N/A,,405.87983399927907,INFO,adaptador.request,true,exitoso,,,9716.006686476,9715.600806642,,,2026-09-05T00:10:19.206776Z
59af6050-30d4-4e3b-ab74-c84334666f82,run1_rep1,E,CLOSED,CLOSED,request,PROVIDER,N/A,,428.04229200010013,INFO,adaptador.request,true,exitoso,,,9716.063838309,9715.635796017,,,2026-09-05T00:10:19.263925Z
438e167f-eb6e-4320-9c86-8250c993fb5a,run1_rep1,E,CLOSED,CLOSED,request,PROVIDER,N/A,,531.2871249989257,INFO,adaptador.request,true,exitoso,,,9716.167523809,9715.636236684,,,2026-09-05T00:10:19.367595Z
867a2e42-8660-4033-b185-acc291a25e75,run1_rep1,E,CLOSED,CLOSED,request,PROVIDER,N/A,,456.37900000110676,INFO,adaptador.request,true,exitoso,,,9716.251551601,9715.795172601,,,2026-09-05T00:10:19.451616Z
3295d1d3-0be3-4095-a812-65b3a200061d,run1_rep1,E,CLOSED,CLOSED,request,PROVIDER,N/A,,527.6553749990853,INFO,adaptador.request,true,exitoso,,,9716.346242893,9715.818587518,,,2026-09-05T00:10:19.546266Z
4861a844-082c-45e6-921d-8a372d849422,run1_rep1,E,CLOSED,CLOSED,request,PROVIDER,N/A,,589.2360829984682,INFO,adaptador.request,true,exitoso,,,9716.411114976,9715.821878893,,,2026-09-05T00:10:19.611185Z
2a62a7a4-3c0c-4591-aaf9-da99134c5c18,run1_rep1,E,CLOSED,CLOSED,request,PROVIDER,N/A,,578.683292000278,INFO,adaptador.request,true,exitoso,,,9716.514145435,9715.935462143,,,2026-09-05T00:10:19.714226Z
54bb32f9-dd40-48d2-a14e-98da66db266b,run1_rep1,E,CLOSED,CLOSED,request,PROVIDER,N/A,,611.6005830008362,INFO,adaptador.request,true,exitoso,,,9716.574838851,9715.963238268,,,2026-09-05T00:10:19.774893Z
e65405b5-8e1e-48df-8652-79cf3de0798e,run1_rep1,E,CLOSED,CLOSED,request,PROVIDER,N/A,,570.7252920001338,INFO,adaptador.request,true,exitoso,,,9716.63986331,9716.069138018,,,2026-09-05T00:10:19.839928Z
f009bfb2-933c-4d91-b54a-03fce4ce2084,run1_rep1,E,CLOSED,CLOSED,request,PROVIDER,N/A,,608.5786669991649,INFO,adaptador.request,true,exitoso,,,9716.732227768,9716.123649101,,,2026-09-05T00:10:19.932276Z
c3772830-a920-4b39-beaa-6e0031ea595d,run1_rep1,E,CLOSED,CLOSED,request,PROVIDER,N/A,,469.4487919987296,INFO,adaptador.request,true,exitoso,,,9716.814535893,9716.345087101,,,2026-09-05T00:10:20.014580Z
a97a7fb5-f07c-4965-87dd-ba803928dd46,run1_rep1,E,CLOSED,CLOSED,request,PROVIDER,N/A,,430.7767500013142,INFO,adaptador.request,true,exitoso,,,9716.877213018,9716.446436268,,,2026-09-05T00:10:20.077278Z
2172de47-07ff-4137-94ba-bd6ce0b150a8,run1_rep1,E,CLOSED,CLOSED,request,PROVIDER,N/A,,387.3421669995878,INFO,adaptador.request,true,exitoso,,,9716.964423393,9716.577081226,,,2026-09-05T00:10:20.164485Z
a19629b6-c738-42a8-80e9-93e691b3e179,run1_rep1,E,CLOSED,CLOSED,request,PROVIDER,N/A,,469.4178749996354,INFO,adaptador.request,true,exitoso,,,9717.055371643,9716.585953768,,,2026-09-05T00:10:20.255427Z
a2345a38-84f5-474e-8adf-ee4765c57a2b,run1_rep1,E,CLOSED,CLOSED,request,PROVIDER,N/A,,559.214458000497,INFO,adaptador.request,true,exitoso,,,9717.158141018,9716.59892656,,,2026-09-05T00:10:20.358203Z
201f8d63-0625-412a-9633-3c717db79b6f,run1_rep1,E,CLOSED,CLOSED,request,PROVIDER,N/A,,552.2719170003256,INFO,adaptador.request,true,exitoso,,,9717.261296768,9716.709024851,,,2026-09-05T00:10:20.461370Z
83dd6b36-31c0-4a47-be76-aed9678d11c6,run1_rep1,E,CLOSED,CLOSED,request,PROVIDER,N/A,,609.6475000013015,INFO,adaptador.request,true,exitoso,,,9717.326156143,9716.716508643,,,2026-09-05T00:10:20.526253Z
38c6f313-5292-419a-a4e3-f5312d6b8de0,run1_rep1,E,CLOSED,CLOSED,request,PROVIDER,N/A,,375.5122080001456,INFO,adaptador.request,true,exitoso,,,9717.392275768,9717.01676356,,,2026-09-05T00:10:20.592357Z
4903aac8-d642-4231-a4f9-ec9640366ba4,run1_rep1,E,CLOSED,CLOSED,request,PROVIDER,N/A,,471.90662499997416,INFO,adaptador.request,true,exitoso,,,9717.49550856,9717.023601935,,,2026-09-05T00:10:20.695577Z
d7922b4c-8010-4cc4-b2d9-5334a8bd78c6,run1_rep1,E,CLOSED,CLOSED,request,PROVIDER,N/A,,536.1045010013186,INFO,adaptador.request,true,exitoso,,,9717.560194977,9717.024090476,,,2026-09-05T00:10:20.760257Z
4aa2b44a-285c-410d-8d6e-4094faf0ccce,run1_rep1,E,CLOSED,CLOSED,request,PROVIDER,N/A,,626.0380420008005,INFO,adaptador.request,true,exitoso,,,9717.65149806,9717.025460018,,,2026-09-05T00:10:20.851538Z
fb41c89d-15b2-4ab8-83b9-b275d883a6bd,run1_rep1,E,CLOSED,CLOSED,request,PROVIDER,N/A,,680.2879999995639,INFO,adaptador.request,true,exitoso,,,9717.717280185,9717.036992185,,,2026-09-05T00:10:20.917290Z
c7fa33f1-b44a-498e-a760-7c8b65137ebb,run1_rep1,E,CLOSED,CLOSED,request,PROVIDER,N/A,,679.3989590005367,INFO,adaptador.request,true,exitoso,,,9717.819832102,9717.140433143,,,2026-09-05T00:10:21.019917Z
40014b11-0a1e-4c80-ac63-f6ca78a3f950,run1_rep1,E,CLOSED,CLOSED,request,PROVIDER,N/A,,614.9222510011896,INFO,adaptador.request,true,exitoso,,,9717.890286894,9717.275364643,,,2026-09-05T00:10:21.090336Z
150326a7-e2b0-4626-99e7-2dd624f376aa,run1_rep1,E,CLOSED,CLOSED,request,PROVIDER,N/A,,577.0623339994927,INFO,adaptador.request,true,exitoso,,,9717.987191477,9717.410129143,,,2026-09-05T00:10:21.187282Z
9c6ea38d-8ef3-4f93-bc8b-b488f99d5c2b,run1_rep1,E,CLOSED,CLOSED,request,PROVIDER,N/A,,579.8395000001619,INFO,adaptador.request,true,exitoso,,,9718.077664852,9717.497825352,,,2026-09-05T00:10:21.277732Z
84ed856a-8891-4572-bca3-ddca1eb8058e,run1_rep1,E,CLOSED,CLOSED,request,PROVIDER,N/A,,612.4137919996429,INFO,adaptador.request,true,exitoso,,,9718.180782144,9717.568368352,,,2026-09-05T00:10:21.380844Z
1ee11c49-1b07-4ce5-b6a4-47d95bd16579,run1_rep1,E,CLOSED,CLOSED,request,PROVIDER,N/A,,494.83170799976506,INFO,adaptador.request,true,exitoso,,,9718.27898956,9717.784157852,,,2026-09-05T00:10:21.479076Z
57a70668-7e5c-47b6-8cad-bf704dddf6dd,run1_rep1,E,CLOSED,CLOSED,request,PROVIDER,N/A,,558.7482090013509,INFO,adaptador.request,true,exitoso,,,9718.368365394,9717.809617185,,,2026-09-05T00:10:21.568424Z
908e35e7-39ef-4377-bd08-fcdd79091ee5,run1_rep1,E,CLOSED,CLOSED,request,PROVIDER,N/A,,553.5372920003283,INFO,adaptador.request,true,exitoso,,,9718.469085019,9717.915547727,,,2026-09-05T00:10:21.669251Z
87f58b99-027e-4675-a267-65c8bf496754,run1_rep1,E,CLOSED,CLOSED,request,PROVIDER,N/A,,635.9793329993408,INFO,adaptador.request,true,exitoso,,,9718.569878477,9717.933899144,,,2026-09-05T00:10:21.769934Z
e5afc7ec-113d-40c8-a4f1-99b15e16d88b,run1_rep1,E,CLOSED,CLOSED,request,PROVIDER,N/A,,731.0979580015555,INFO,adaptador.request,true,exitoso,,,9718.665389977,9717.934292019,,,2026-09-05T00:10:21.865428Z
b78c71cc-e685-4dd0-9b7b-e8629c9ed6be,run1_rep1,E,CLOSED,CLOSED,request,PROVIDER,N/A,,542.6295420002134,INFO,adaptador.request,true,exitoso,,,9718.731386602,9718.18875706,,,2026-09-05T00:10:21.931433Z
adf25ea8-6481-406f-b0ea-3aac0517804c,run1_rep1,E,CLOSED,CLOSED,request,PROVIDER,N/A,,596.9865000006394,INFO,adaptador.request,true,exitoso,,,9718.815303977,9718.218317477,,,2026-09-05T00:10:22.015363Z
8ed98c3b-8e28-426c-9815-99d06e563f42,run1_rep1,E,CLOSED,CLOSED,request,PROVIDER,N/A,,649.7745420001593,INFO,adaptador.request,true,exitoso,,,9718.905559186,9718.255784644,,,2026-09-05T00:10:22.105617Z
e2649c9a-5133-4867-bd6b-13adbd518960,run1_rep1,E,CLOSED,CLOSED,request,PROVIDER,N/A,,714.2145420002635,INFO,adaptador.request,true,exitoso,,,9718.970465936,9718.256251394,,,2026-09-05T00:10:22.170502Z
c12d158e-2d65-48ce-bfcb-26a0e0e8a006,run1_rep1,E,CLOSED,CLOSED,request,PROVIDER,N/A,,750.7659999992029,INFO,adaptador.request,true,exitoso,,,9719.078185227,9718.327419227,,,2026-09-05T00:10:22.278274Z
4e4de369-d15e-45f1-b460-337effa006cd,run1_rep1,E,CLOSED,CLOSED,request,PROVIDER,N/A,,575.1542920006614,INFO,adaptador.request,true,exitoso,,,9719.164633561,9718.589479269,,,2026-09-05T00:10:22.364718Z
229d9ab6-7bab-43b7-b9fa-586c52e4b10b,run1_rep1,E,CLOSED,CLOSED,request,PROVIDER,N/A,,637.4052510000183,INFO,adaptador.request,true,exitoso,,,9719.249207478,9718.611802227,,,2026-09-05T00:10:22.449258Z
93d58215-0731-43bb-ab44-f8da61044b68,run1_rep1,E,CLOSED,CLOSED,request,PROVIDER,N/A,,621.9376259996352,INFO,adaptador.request,true,exitoso,,,9719.329124228,9718.707186602,,,2026-09-05T00:10:22.529189Z
fa45afd3-0154-4adf-a77c-b4efc0b268e4,run1_rep1,E,CLOSED,CLOSED,request,PROVIDER,N/A,,653.8066249995609,INFO,adaptador.request,true,exitoso,,,9719.415382936,9718.761576311,,,2026-09-05T00:10:22.615470Z
f7df778a-cad8-4a53-8cc4-35857e603c9a,run1_rep1,E,CLOSED,CLOSED,request,PROVIDER,N/A,,416.8544590011152,INFO,adaptador.request,true,exitoso,,,9719.497775603,9719.080921144,,,2026-09-05T00:10:22.697839Z
e130a383-1af4-4fa8-b324-f53b361806e2,run1_rep1,E,CLOSED,CLOSED,request,PROVIDER,N/A,,480.10004199932155,INFO,adaptador.request,true,exitoso,,,9719.563753228,9719.083653186,,,2026-09-05T00:10:22.763818Z
e63582c6-1a6b-435c-a756-68a035edad7c,run1_rep1,E,CLOSED,CLOSED,request,PROVIDER,N/A,,509.5971669998107,INFO,adaptador.request,true,exitoso,,,9719.631971144,9719.122373977,,,2026-09-05T00:10:22.832227Z
d7118809-9a6f-4ce0-a75e-a292c191c4cb,run1_rep1,E,CLOSED,CLOSED,request,PROVIDER,N/A,,447.88379199962947,INFO,adaptador.request,true,exitoso,,,9719.710133561,9719.262249769,,,2026-09-05T00:10:22.910166Z
56cbb697-2f02-422a-a709-58b532a0d4f5,run1_rep1,E,CLOSED,CLOSED,request,PROVIDER,N/A,,508.21791699854657,INFO,adaptador.request,true,exitoso,,,9719.806785103,9719.298567186,,,2026-09-05T00:10:23.006851Z
3998ea44-bf9d-4e19-b738-2c5dbeef63d4,run1_rep1,E,CLOSED,CLOSED,request,PROVIDER,N/A,,430.09820800034504,INFO,adaptador.request,true,exitoso,,,9719.878353769,9719.448255561,,,2026-09-05T00:10:23.078443Z
7521999c-abee-486a-8b33-150126310c1c,run1_rep1,E,CLOSED,CLOSED,request,PROVIDER,N/A,,516.2178339996899,INFO,adaptador.request,true,exitoso,,,9719.964922145,9719.448704311,,,2026-09-05T00:10:23.164911Z
7f70b656-3821-4da8-b6f9-9491e5a6148e,run1_rep1,E,CLOSED,CLOSED,request,PROVIDER,N/A,,529.3167919990083,INFO,adaptador.request,true,exitoso,,,9720.037667145,9719.508350353,,,2026-09-05T00:10:23.237674Z
3ccee001-041a-4131-8a2a-975ef6f2852a,run1_rep1,E,CLOSED,CLOSED,request,PROVIDER,N/A,,521.758625000075,INFO,adaptador.request,true,exitoso,,,9720.134601853,9719.612843228,,,2026-09-05T00:10:23.334667Z
a164e00c-e4cb-4e23-ad6a-26284ef905f0,run1_rep1,E,CLOSED,CLOSED,request,PROVIDER,N/A,,398.57791699978407,INFO,adaptador.request,true,exitoso,,,9720.203813853,9719.805235936,,,2026-09-05T00:10:23.403902Z
6877142f-63d1-4608-95a3-0566ad2fc20b,run1_rep1,E,CLOSED,CLOSED,request,PROVIDER,N/A,,368.6379170012515,INFO,adaptador.request,true,exitoso,,,9720.28723852,9719.918600603,,,2026-09-05T00:10:23.487309Z
2ec4a390-b295-48e6-a5b3-822323c219c6,run1_rep1,E,CLOSED,CLOSED,request,PROVIDER,N/A,,390.3366249996907,INFO,adaptador.request,true,exitoso,,,9720.358767353,9719.968430728,,,2026-09-05T00:10:23.558829Z
47462e0b-97c7-42c0-802d-46c5a317d81a,run1_rep1,E,CLOSED,CLOSED,request,PROVIDER,N/A,,490.15179200068815,INFO,adaptador.request,true,exitoso,,,9720.468292895,9719.978141103,,,2026-09-05T00:10:23.668327Z
66e823f0-1194-4974-ba6e-9374d83699b8,run1_rep1,E,CLOSED,CLOSED,request,PROVIDER,N/A,,421.1350829991716,INFO,adaptador.request,true,exitoso,,,9720.544761103,9720.12362602,,,2026-09-05T00:10:23.744832Z
8eb97ef2-8fec-48a5-86ff-a5fd92edcdb1,run1_rep1,E,CLOSED,CLOSED,request,PROVIDER,N/A,,514.8447499996109,INFO,adaptador.request,true,exitoso,,,9720.638896228,9720.124051478,,,2026-09-05T00:10:23.838990Z
2a1b5fe1-4d0e-48ec-9307-1efec63aa886,run1_rep1,E,CLOSED,CLOSED,request,PROVIDER,N/A,,555.355459000566,INFO,adaptador.request,true,exitoso,,,9720.724814937,9720.169459478,,,2026-09-05T00:10:23.924950Z
4e489286-7a67-4873-a892-e8b508526213,run1_rep1,E,CLOSED,CLOSED,request,PROVIDER,N/A,,623.6688339995453,INFO,adaptador.request,true,exitoso,,,9720.812491812,9720.188822978,,,2026-09-05T00:10:24.012584Z
2c9f980d-0330-4709-ac29-5c0ca368cd85,run1_rep1,E,CLOSED,CLOSED,request,PROVIDER,N/A,,699.818625998887,INFO,adaptador.request,true,exitoso,,,9720.909966062,9720.210147436,,,2026-09-05T00:10:24.110052Z
f2a95a75-a1fc-4e70-b3c9-6b66786f8e57,run1_rep1,E,CLOSED,CLOSED,request,PROVIDER,N/A,,708.1729999990785,INFO,adaptador.request,true,exitoso,,,9720.98851577,9720.28034277,,,2026-09-05T00:10:24.188562Z
b39855aa-195c-40f9-bf85-c2c0040719de,run1_rep1,E,CLOSED,CLOSED,request,PROVIDER,N/A,,514.3347089997405,INFO,adaptador.request,true,exitoso,,,9721.061756187,9720.547421478,,,2026-09-05T00:10:24.261813Z
832403bb-e5f4-4625-ac4a-e2c7e135e30c,run1_rep1,E,CLOSED,CLOSED,request,PROVIDER,N/A,,463.1756670005416,INFO,adaptador.request,true,exitoso,,,9721.161661687,9720.69848602,,,2026-09-05T00:10:24.361706Z
52db65f7-009a-4425-a285-f62d3b88a1c3,run1_rep1,E,CLOSED,CLOSED,request,PROVIDER,N/A,,489.6692090005672,INFO,adaptador.request,true,exitoso,,,9721.218452812,9720.728783603,,,2026-09-05T00:10:24.418495Z
f50bf86b-cd16-4822-a579-9057ffd41256,run1_rep1,E,CLOSED,CLOSED,request,PROVIDER,N/A,,470.661833000122,INFO,adaptador.request,true,exitoso,,,9721.285289853,9720.81462802,,,2026-09-05T00:10:24.485341Z
40a81afd-fbab-4bc4-9eb4-c5aa6af9fd03,run1_rep1,E,CLOSED,CLOSED,request,PROVIDER,N/A,,513.0522509989532,INFO,adaptador.request,true,exitoso,,,9721.379956604,9720.866904353,,,2026-09-05T00:10:24.580005Z
bd080768-406e-4502-89d8-78eb844b8c40,run1_rep1,E,CLOSED,CLOSED,request,PROVIDER,N/A,,558.4529169991583,INFO,adaptador.request,true,exitoso,,,9721.48759702,9720.929144103,,,2026-09-05T00:10:24.687652Z
f272b914-4c01-4976-bec6-d3986ebfdfae,run1_rep1,E,CLOSED,CLOSED,request,PROVIDER,N/A,,531.2195010010328,INFO,adaptador.request,true,exitoso,,,9721.584520979,9721.053301478,,,2026-09-05T00:10:24.784558Z
df11935d-3024-44a6-888a-2e38ce3ec580,run1_rep1,E,CLOSED,CLOSED,request,PROVIDER,N/A,,619.0238750004937,INFO,adaptador.request,true,exitoso,,,9721.681318145,9721.06229427,,,2026-09-05T00:10:24.881379Z
36d83c3c-beb6-44d6-93c1-4d63b3c6f4be,run1_rep1,E,CLOSED,CLOSED,request,PROVIDER,N/A,,623.1452920001175,INFO,adaptador.request,true,exitoso,,,9721.78607002,9721.162924728,,,2026-09-05T00:10:24.986142Z
5be7928c-0831-4baa-9905-641131ab77cb,run1_rep1,E,CLOSED,CLOSED,request,PROVIDER,N/A,,476.9093340000836,INFO,adaptador.request,true,exitoso,,,9721.851492729,9721.374583395,,,2026-09-05T00:10:25.051545Z
78a76752-8f68-43a2-88ab-ec18b70b34ec,run1_rep1,E,CLOSED,CLOSED,request,PROVIDER,N/A,,404.97099999993225,INFO,adaptador.request,true,exitoso,,,9721.943134395,9721.538163395,,,2026-09-05T00:10:25.143202Z
dd47560b-5f64-47ea-8fe3-a19d074ce822,run1_rep1,E,CLOSED,CLOSED,request,PROVIDER,N/A,,467.8996239999833,INFO,adaptador.request,true,exitoso,,,9722.012467311,9721.544567687,,,2026-09-05T00:10:25.211602Z
59a39278-4029-4860-bc96-7a656b50897d,run1_rep1,E,CLOSED,CLOSED,request,PROVIDER,N/A,,537.0472079994215,INFO,adaptador.request,true,exitoso,,,9722.109723103,9721.572675895,,,2026-09-05T00:10:25.308876Z
b91fd9a4-548d-493d-91e6-a702058081bb,run1_rep1,E,CLOSED,CLOSED,request,PROVIDER,N/A,,640.7181239992497,INFO,adaptador.request,true,exitoso,,,9722.213875061,9721.573156937,,,2026-09-05T00:10:25.413068Z
03cde407-4aeb-4a1d-89c2-339e0e57232b,run1_rep1,E,CLOSED,CLOSED,request,PROVIDER,N/A,,624.6074160007993,INFO,adaptador.request,true,exitoso,,,9722.280625728,9721.656018312,,,2026-09-05T00:10:25.479873Z
6150b620-23d7-462c-94be-2489b3218d3c,run1_rep1,E,CLOSED,CLOSED,request,PROVIDER,N/A,,565.0692489998619,INFO,adaptador.request,true,exitoso,,,9722.380772311,9721.815703062,,,2026-09-05T00:10:25.579958Z
aab654ed-8cce-4e55-b9f9-6f8fdd080cff,run1_rep1,E,CLOSED,CLOSED,request,PROVIDER,N/A,,584.7662079995644,INFO,adaptador.request,true,exitoso,,,9722.464904978,9721.88013877,,,2026-09-05T00:10:25.664107Z
cbadd666-62ed-427d-8cdd-59489a633135,run1_rep1,E,CLOSED,CLOSED,request,PROVIDER,N/A,,575.9818739988987,INFO,adaptador.request,true,exitoso,,,9722.550945811,9721.974963937,,,2026-09-05T00:10:25.750152Z
3f95ff21-e748-4f97-9481-b6d5f32196f3,run1_rep1,E,CLOSED,CLOSED,request,PROVIDER,N/A,,476.2732920007693,INFO,adaptador.request,true,exitoso,,,9722.650308853,9722.174035561,,,2026-09-05T00:10:25.849500Z
a38a0907-a7ad-423c-a205-7de6c90de996,run1_rep1,E,CLOSED,CLOSED,request,PROVIDER,N/A,,494.3636250009149,INFO,adaptador.request,true,exitoso,,,9722.73136327,9722.236999645,,,2026-09-05T00:10:25.930544Z
41d71845-e1ea-40d1-939e-9c6190999d6d,run1_rep1,E,CLOSED,CLOSED,request,PROVIDER,N/A,,554.5137919998524,INFO,adaptador.request,true,exitoso,,,9722.838934437,9722.284420645,,,2026-09-05T00:10:26.038226Z
217f28a7-ca7d-4d69-86b2-1fb5420db101,run1_rep1,E,CLOSED,CLOSED,request,PROVIDER,N/A,,623.0515839997679,INFO,adaptador.request,true,exitoso,,,9722.93084152,9722.307789936,,,2026-09-05T00:10:26.130018Z
d3dbd8f6-6bb0-426a-ab9a-e79767c0e967,run1_rep1,E,CLOSED,CLOSED,request,PROVIDER,N/A,,690.5137090016069,INFO,adaptador.request,true,exitoso,,,9723.015507145,9722.324993436,,,2026-09-05T00:10:26.214695Z
8d9c3195-edb2-487b-a74a-01d8af009a1b,run1_rep1,E,CLOSED,CLOSED,request,PROVIDER,N/A,,581.6234579997399,INFO,adaptador.request,true,exitoso,,,9723.098609228,9722.51698577,,,2026-09-05T00:10:26.297869Z
76d4d363-8abb-48f5-8809-223eb18ce144,run1_rep1,E,CLOSED,CLOSED,request,PROVIDER,N/A,,612.4721249998402,INFO,adaptador.request,true,exitoso,,,9723.19296577,9722.580493645,,,2026-09-05T00:10:26.392179Z
a29fd0b8-eeb8-4718-9dca-f35ded3f9e5d,run1_rep1,E,CLOSED,CLOSED,request,PROVIDER,N/A,,574.5449160003773,INFO,adaptador.request,true,exitoso,,,9723.268360978,9722.693816062,,,2026-09-05T00:10:26.467552Z
d28b069e-dca0-43a7-b4de-812e0a82b370,run1_rep1,E,CLOSED,CLOSED,request,PROVIDER,N/A,,671.9901249998657,INFO,adaptador.request,true,exitoso,,,9723.373368395,9722.70137827,,,2026-09-05T00:10:26.572644Z
6749a316-3b77-4cfe-ba70-0739224de79a,run1_rep1,E,CLOSED,CLOSED,request,PROVIDER,N/A,,655.0802510009817,INFO,adaptador.request,true,exitoso,,,9723.472743979,9722.817663728,,,2026-09-05T00:10:26.671951Z
a806145d-ccee-4610-8604-a968692452a6,run1_rep1,E,CLOSED,CLOSED,request,PROVIDER,N/A,,647.8501250003319,INFO,adaptador.request,true,exitoso,,,9723.576512812,9722.928662687,,,2026-09-05T00:10:26.775733Z
4ef67806-cac1-4d95-a7d8-e6a7bff0e446,run1_rep1,E,CLOSED,CLOSED,request,PROVIDER,N/A,,693.3443750003789,INFO,adaptador.request,true,exitoso,,,9723.671915145,9722.97857077,,,2026-09-05T00:10:26.871132Z
08ca6f74-1b9c-481e-881c-7ef8b3c43c73,run1_rep1,E,CLOSED,CLOSED,request,PROVIDER,N/A,,575.888457999099,INFO,adaptador.request,true,exitoso,,,9723.735097895,9723.159209437,,,2026-09-05T00:10:26.934343Z
a1c3a5f7-a888-4c04-93ed-44116bf1f3ba,run1_rep1,E,CLOSED,CLOSED,request,PROVIDER,N/A,,560.9767090008972,INFO,adaptador.request,true,exitoso,,,9723.800692187,9723.239715478,,,2026-09-05T00:10:26.999874Z
8112ea77-96e2-4432-a833-dfea1bacece4,run1_rep1,E,CLOSED,CLOSED,request,PROVIDER,N/A,,620.2480840001954,INFO,adaptador.request,true,exitoso,,,9723.878457437,9723.258209353,,,2026-09-05T00:10:27.077684Z
7acd2ea2-4d10-4da2-94d0-6af7ca6b86a0,run1_rep1,E,CLOSED,CLOSED,request,PROVIDER,N/A,,671.8523749987071,INFO,adaptador.request,true,exitoso,,,9723.983560312,9723.311707937,,,2026-09-05T00:10:27.182734Z
f09f97bd-4e7a-4e4a-8acd-93583379c1ca,run1_rep1,E,CLOSED,CLOSED,request,PROVIDER,N/A,,584.8987080007646,INFO,adaptador.request,true,exitoso,,,9724.060250437,9723.475351729,,,2026-09-05T00:10:27.259419Z
5485c74d-cf0f-4437-bbc0-c309f16e1d3e,run1_rep1,E,CLOSED,CLOSED,request,PROVIDER,N/A,,502.283959000124,INFO,adaptador.request,true,exitoso,,,9724.119209729,9723.61692577,,,2026-09-05T00:10:27.318405Z
37108a3b-1e6d-4e49-9388-79ea0f0312d4,run1_rep1,E,CLOSED,CLOSED,request,PROVIDER,N/A,,490.0477499995759,INFO,adaptador.request,true,exitoso,,,9724.179773312,9723.689725562,,,2026-09-05T00:10:27.378944Z
bfede342-0ef2-4730-94a2-35f9941e75fe,run1_rep1,E,CLOSED,CLOSED,request,PROVIDER,N/A,,319.17791699925147,INFO,adaptador.request,true,exitoso,,,9724.276356937,9723.95717902,,,2026-09-05T00:10:27.475594Z
f82eb84d-2284-416e-81a0-10eb2903b3db,run1_rep1,E,CLOSED,CLOSED,request,PROVIDER,N/A,,373.9744169997721,INFO,adaptador.request,true,exitoso,,,9724.354812062,9723.980837645,,,2026-09-05T00:10:27.554039Z
36a8c8e1-e7b8-4d33-8e28-d4311273c2e0,run1_rep1,E,CLOSED,CLOSED,request,PROVIDER,N/A,,442.7540010001394,INFO,adaptador.request,true,exitoso,,,9724.431427521,9723.98867352,,,2026-09-05T00:10:27.630647Z
3b680d45-23e5-46ef-a321-825d9c01e044,run1_rep1,E,CLOSED,CLOSED,request,PROVIDER,N/A,,404.0645000004588,INFO,adaptador.request,true,exitoso,,,9724.511210854,9724.107146354,,,2026-09-05T00:10:27.710419Z
f70b6419-1a45-4f29-bed7-a137690ba0d2,run1_rep1,E,CLOSED,CLOSED,request,PROVIDER,N/A,,494.78137500045705,INFO,adaptador.request,true,exitoso,,,9724.616138896,9724.121357521,,,2026-09-05T00:10:27.815319Z
0af5cf95-1f62-47ff-9156-4790e2511b70,run1_rep1,E,CLOSED,CLOSED,request,PROVIDER,N/A,,506.2314579990925,INFO,adaptador.request,true,exitoso,,,9724.686881437,9724.180649979,,,2026-09-05T00:10:27.886094Z
3743cd40-6400-4ed2-9d5c-f7d1da6d25b7,run1_rep1,E,CLOSED,CLOSED,request,PROVIDER,N/A,,391.61833399884927,INFO,adaptador.request,true,exitoso,,,9724.747085021,9724.355466687,,,2026-09-05T00:10:27.946278Z
8b172a85-9721-4d07-b721-c1ac36f76d26,run1_rep1,E,CLOSED,CLOSED,request,PROVIDER,N/A,,389.7116670013929,INFO,adaptador.request,true,exitoso,,,9724.856271479,9724.466559812,,,2026-09-05T00:10:28.055538Z
a28a0df9-3402-49eb-aa6d-e8f354f62548,run1_rep1,E,CLOSED,CLOSED,request,PROVIDER,N/A,,442.8127499995753,INFO,adaptador.request,true,exitoso,,,9724.961292646,9724.518479896,,,2026-09-05T00:10:28.160471Z
7afbf943-724d-4529-a24b-8fba9ebb6510,run1_rep1,E,CLOSED,CLOSED,request,PROVIDER,N/A,,503.0459579993476,INFO,adaptador.request,true,exitoso,,,9725.047220854,9724.544174896,,,2026-09-05T00:10:28.246448Z
c5212548-0659-4523-bb9c-03451e006bc0,run1_rep1,E,CLOSED,CLOSED,request,PROVIDER,N/A,,582.6946670003963,INFO,adaptador.request,true,exitoso,,,9725.145130063,9724.562435396,,,2026-09-05T00:10:28.344324Z
561ad09f-f913-4ca2-a8ef-8f4822084659,run1_rep1,E,CLOSED,CLOSED,request,PROVIDER,N/A,,624.5521250002639,INFO,adaptador.request,true,exitoso,,,9725.220676104,9724.596123979,,,2026-09-05T00:10:28.419845Z
44598e44-bf08-4557-8233-ad6a138bbd6a,run1_rep1,E,CLOSED,CLOSED,request,PROVIDER,N/A,,576.1829169987323,INFO,adaptador.request,true,exitoso,,,9725.287752563,9724.711569646,,,2026-09-05T00:10:28.486941Z
e450c28d-05cf-4d56-81ed-10288046d168,run1_rep1,E,CLOSED,CLOSED,request,PROVIDER,N/A,,481.90579199945205,INFO,adaptador.request,true,exitoso,,,9725.385967688,9724.904061896,,,2026-09-05T00:10:28.585189Z
50c5ed76-3312-480f-9440-136dfeec40e4,run1_rep1,E,CLOSED,CLOSED,request,PROVIDER,N/A,,529.6228339993831,INFO,adaptador.request,true,exitoso,,,9725.443892063,9724.914269229,,,2026-09-05T00:10:28.643184Z
643d2926-2a7c-4511-9533-097d0a08029c,run1_rep1,E,CLOSED,CLOSED,request,PROVIDER,N/A,,528.501001001132,INFO,adaptador.request,true,exitoso,,,9725.51854273,9724.990041729,,,2026-09-05T00:10:28.717735Z
489ee3f3-b4b2-430d-b70d-204f3e9f721a,run1_rep1,E,CLOSED,CLOSED,request,PROVIDER,N/A,,576.0679590002837,INFO,adaptador.request,true,exitoso,,,9725.594408313,9725.018340354,,,2026-09-05T00:10:28.793604Z
9bb1c8ba-2995-4366-a892-42e107c95b60,run1_rep1,E,CLOSED,CLOSED,request,PROVIDER,N/A,,466.66633400127466,INFO,adaptador.request,true,exitoso,,,9725.657278938,9725.190612604,,,2026-09-05T00:10:28.856481Z
6af9ab1a-d733-4a92-b5d8-b6558d26f75f,run1_rep1,E,CLOSED,CLOSED,request,PROVIDER,N/A,,530.6808749992342,INFO,adaptador.request,true,exitoso,,,9725.749733313,9725.219052438,,,2026-09-05T00:10:28.948901Z
d5fb61d9-7158-46bd-a7be-e8d83ec11408,run1_rep1,E,CLOSED,CLOSED,request,PROVIDER,N/A,,602.573083999232,INFO,adaptador.request,true,exitoso,,,9725.855810063,9725.253236979,,,2026-09-05T00:10:29.055185Z
eed7c8cf-3c66-4a7b-916a-ccd36590c7f3,run1_rep1,E,CLOSED,CLOSED,request,PROVIDER,N/A,,337.7453749999404,INFO,adaptador.request,true,exitoso,,,9725.93854098,9725.600795605,,,2026-09-05T00:10:29.137728Z
d9bacb86-3969-4e31-88fb-7184777c4ce7,run1_rep1,E,CLOSED,CLOSED,request,PROVIDER,N/A,,360.52120800013654,INFO,adaptador.request,true,exitoso,,,9726.020871146,9725.660349938,,,2026-09-05T00:10:29.220087Z
b782a107-bbe6-4153-bf4b-61e0f88b215c,run1_rep1,E,CLOSED,CLOSED,request,PROVIDER,N/A,,357.54629199982446,INFO,adaptador.request,true,exitoso,,,9726.089039688,9725.731493396,,,2026-09-05T00:10:29.288214Z
acf7f1e4-678b-49e3-8089-9d610f8f123c,run1_rep1,E,CLOSED,CLOSED,request,PROVIDER,N/A,,416.12574999999197,INFO,adaptador.request,true,exitoso,,,9726.148064771,9725.731939021,,,2026-09-05T00:10:29.347262Z
5acbf50e-2878-48ea-b5f0-f33459434910,run1_rep1,E,CLOSED,CLOSED,request,PROVIDER,N/A,,444.7700419987086,INFO,adaptador.request,true,exitoso,,,9726.252161063,9725.807391021,,,2026-09-05T00:10:29.451367Z
5464333a-9037-4a46-8852-df389fb33cd1,run1_rep1,E,CLOSED,CLOSED,request,PROVIDER,N/A,,441.82487500074785,INFO,adaptador.request,true,exitoso,,,9726.32992498,9725.888100105,,,2026-09-05T00:10:29.529193Z
e431b65a-e568-4205-9a45-d181624143da,run1_rep1,E,CLOSED,CLOSED,request,PROVIDER,N/A,,509.91904199872806,INFO,adaptador.request,true,exitoso,,,9726.41888998,9725.908970938,,,2026-09-05T00:10:29.618129Z
71e812fc-6997-4187-a9b2-c6d8f0a7a443,run1_rep1,E,CLOSED,CLOSED,request,PROVIDER,N/A,,557.605001000411,INFO,adaptador.request,true,exitoso,,,9726.493554897,9725.935949896,,,2026-09-05T00:10:29.692758Z
2e25a50f-f0d0-479c-84da-f40d97b336af,run1_rep1,E,CLOSED,CLOSED,request,PROVIDER,N/A,,612.4121259999811,INFO,adaptador.request,true,exitoso,,,9726.563661772,9725.951249646,,,2026-09-05T00:10:29.762811Z
59be006e-c10a-47c2-a954-f01aca7b22fb,run1_rep1,E,CLOSED,CLOSED,request,PROVIDER,N/A,,523.2821250010602,INFO,adaptador.request,true,exitoso,,,9726.618363355,9726.09508123,,,2026-09-05T00:10:29.817584Z
accafb32-1a0a-458b-b78d-3ad4254c23b8,run1_rep1,E,CLOSED,CLOSED,request,PROVIDER,N/A,,477.1155409998755,INFO,adaptador.request,true,exitoso,,,9726.716896063,9726.239780522,,,2026-09-05T00:10:29.916090Z
9731361f-b0f2-46d4-826b-2788a459b635,run1_rep1,E,CLOSED,CLOSED,request,PROVIDER,N/A,,569.3880420003552,INFO,adaptador.request,true,exitoso,,,9726.82242373,9726.253035688,,,2026-09-05T00:10:30.021617Z
47b1604f-9ac5-42c9-855d-4ad1a5ae7f74,run1_rep1,E,CLOSED,CLOSED,request,PROVIDER,N/A,,654.882541999541,INFO,adaptador.request,true,exitoso,,,9726.924312022,9726.26942948,,,2026-09-05T00:10:30.123631Z
48544ca1-15ea-419b-9359-a6ff6cc34714,run1_rep1,E,CLOSED,CLOSED,request,PROVIDER,N/A,,537.2599170004833,INFO,adaptador.request,true,exitoso,,,9727.00383048,9726.466570563,,,2026-09-05T00:10:30.203008Z
dd71854f-f42c-48cd-b797-a405a4b4f277,run1_rep1,E,CLOSED,CLOSED,request,PROVIDER,N/A,,603.2407920010883,INFO,adaptador.request,true,exitoso,,,9727.08352498,9726.480284188,,,2026-09-05T00:10:30.282739Z
5f00c36b-9f50-47ef-ab18-fb99394d92d7,run1_rep1,E,CLOSED,CLOSED,request,PROVIDER,N/A,,495.47745900053997,INFO,adaptador.request,true,exitoso,,,9727.163442147,9726.667964688,,,2026-09-05T00:10:30.362619Z
4f4f589f-8793-4217-9ddb-3ecf711ce9cc,run1_rep1,E,CLOSED,CLOSED,request,PROVIDER,N/A,,460.6391249999433,INFO,adaptador.request,true,exitoso,,,9727.261248272,9726.800609147,,,2026-09-05T00:10:30.460505Z
c442940b-c1d3-4de6-b39e-7e26fb8e5aa7,run1_rep1,E,CLOSED,CLOSED,request,PROVIDER,N/A,,524.3767510000907,INFO,adaptador.request,true,exitoso,,,9727.357243064,9726.832866313,,,2026-09-05T00:10:30.556429Z
9197388d-dc6f-4f55-9672-2fe89f62b232,run1_rep1,E,CLOSED,CLOSED,request,PROVIDER,N/A,,617.6458339996316,INFO,adaptador.request,true,exitoso,,,9727.462777522,9726.845131688,,,2026-09-05T00:10:30.662017Z
8f7b0361-7b56-40ab-8ab6-37c88c9b5a13,run1_rep1,E,CLOSED,CLOSED,request,PROVIDER,N/A,,635.3242080003838,INFO,adaptador.request,true,exitoso,,,9727.562274022,9726.926949814,,,2026-09-05T00:10:30.761471Z
22d4360f-5d81-43dc-801a-4827f5dc8d7f,run1_rep1,E,CLOSED,CLOSED,request,PROVIDER,N/A,,596.3077500000509,INFO,adaptador.request,true,exitoso,,,9727.656624022,9727.060316272,,,2026-09-05T00:10:30.855850Z
4fb24ce8-c89e-46e8-a8a3-9a593f02b4e8,run1_rep1,E,CLOSED,CLOSED,request,PROVIDER,N/A,,473.2113339996431,INFO,adaptador.request,true,exitoso,,,9727.715034981,9727.241823647,,,2026-09-05T00:10:30.914248Z
df0310a0-a738-47a3-a5f1-75c22af01640,run1_rep1,E,CLOSED,CLOSED,request,PROVIDER,N/A,,481.1862500009738,INFO,adaptador.request,true,exitoso,,,9727.805509439,9727.324323189,,,2026-09-05T00:10:31.004766Z
519b5739-db18-42fd-bf3a-8b6be69b509e,run1_rep1,E,CLOSED,CLOSED,request,PROVIDER,N/A,,539.950708998731,INFO,adaptador.request,true,exitoso,,,9727.877420689,9727.33746998,,,2026-09-05T00:10:31.076718Z
cc62ebf7-7c4b-42ff-b314-8e43f83a7e89,run1_rep1,E,CLOSED,CLOSED,request,PROVIDER,N/A,,570.4222080003092,INFO,adaptador.request,true,exitoso,,,9727.960101022,9727.389678814,,,2026-09-05T00:10:31.159296Z
8e709972-d2cc-4223-9f63-3e8d46a5c2ab,run1_rep1,E,CLOSED,CLOSED,request,PROVIDER,N/A,,622.1698750014184,INFO,adaptador.request,true,exitoso,,,9728.043571439,9727.421401564,,,2026-09-05T00:10:31.242703Z
36cec9cd-0727-45eb-b225-1402f1a1a17d,run1_rep1,E,CLOSED,CLOSED,request,PROVIDER,N/A,,428.2459169990034,INFO,adaptador.request,true,exitoso,,,9728.132617939,9727.704372022,,,2026-09-05T00:10:31.331827Z
1049bd87-ec03-472f-8bc7-e3cef219eb16,run1_rep1,E,CLOSED,CLOSED,request,PROVIDER,N/A,,449.02845800061186,INFO,adaptador.request,true,exitoso,,,9728.203548564,9727.754520106,,,2026-09-05T00:10:31.402729Z
06c40960-52ed-4e8e-8abc-11e4c74a97ae,run1_rep1,E,CLOSED,CLOSED,request,PROVIDER,N/A,,474.79958399890165,INFO,adaptador.request,true,exitoso,,,9728.295926148,9727.821126564,,,2026-09-05T00:10:31.495143Z
6f30dcd8-b39b-43ff-ac67-f399f1218234,run1_rep1,E,CLOSED,CLOSED,request,PROVIDER,N/A,,464.9540829996113,INFO,adaptador.request,true,exitoso,,,9728.354050439,9727.889096356,,,2026-09-05T00:10:31.553424Z
2f1e62c9-bca7-4d6c-b9f6-8feabbd426bd,run1_rep1,E,CLOSED,CLOSED,request,PROVIDER,N/A,,393.5784170007537,INFO,adaptador.request,true,exitoso,,,9728.416261148,9728.022682731,,,2026-09-05T00:10:31.615449Z
f5732a66-6eb6-4317-90f3-4562865fd54d,run1_rep1,E,CLOSED,CLOSED,request,PROVIDER,N/A,,385.3257090013358,INFO,adaptador.request,true,exitoso,,,9728.506317023,9728.120991314,,,2026-09-05T00:10:31.705519Z
bc7c7da9-aa2b-491c-b86d-24e2a818ccb8,run1_rep1,E,CLOSED,CLOSED,request,PROVIDER,N/A,,404.95479200035334,INFO,adaptador.request,true,exitoso,,,9728.562827648,9728.157872856,,,2026-09-05T00:10:31.762020Z
c3a36a1b-f365-48b4-80d4-c4a2a33ba8a1,run1_rep1,E,CLOSED,CLOSED,request,PROVIDER,N/A,,411.34441699978197,INFO,adaptador.request,true,exitoso,,,9728.630705231,9728.219360814,,,2026-09-05T00:10:31.829902Z
2f102ac8-4f4f-46a7-adc6-f902f2f83f2a,run1_rep1,E,CLOSED,CLOSED,request,PROVIDER,N/A,,413.21295800116786,INFO,adaptador.request,true,exitoso,,,9728.702576981,9728.289364023,,,2026-09-05T00:10:31.901768Z
d16e1b01-2079-44ea-bd11-c18baec27d51,run1_rep1,E,CLOSED,CLOSED,request,PROVIDER,N/A,,372.95333400106756,INFO,adaptador.request,true,exitoso,,,9728.793621523,9728.420668189,,,2026-09-05T00:10:31.992835Z
7881d067-eb4d-49ae-9241-b2c19a046743,run1_rep1,E,CLOSED,CLOSED,request,PROVIDER,N/A,,393.80729099866585,INFO,adaptador.request,true,exitoso,,,9728.857836189,9728.464028898,,,2026-09-05T00:10:32.057013Z
ba229a01-6bf9-497b-ba26-dbbe81e28b83,run1_rep1,E,CLOSED,CLOSED,request,PROVIDER,N/A,,486.39245800040953,INFO,adaptador.request,true,exitoso,,,9728.965833439,9728.479440981,,,2026-09-05T00:10:32.165056Z
4dc58300-fb7f-4278-a459-65313086fd15,run1_rep1,E,CLOSED,CLOSED,request,PROVIDER,N/A,,585.8864590009034,INFO,adaptador.request,true,exitoso,,,9729.069999773,9728.484113314,,,2026-09-05T00:10:32.269247Z
01a6fb17-d4c6-425f-869d-76bdb3171a8e,run1_rep1,E,CLOSED,CLOSED,request,PROVIDER,N/A,,425.6635000001552,INFO,adaptador.request,true,exitoso,,,9729.126962606,9728.701299106,,,2026-09-05T00:10:32.326205Z
32bb5261-382b-48e9-8ef0-2f2c9da004da,run1_rep1,E,CLOSED,CLOSED,request,PROVIDER,N/A,,489.0851259988267,INFO,adaptador.request,true,exitoso,,,9729.212219815,9728.723134689,,,2026-09-05T00:10:32.411450Z
cc82c20a-cf11-4704-bf5a-2426a7a1669a,run1_rep1,E,CLOSED,CLOSED,request,PROVIDER,N/A,,483.6582090010779,INFO,adaptador.request,true,exitoso,,,9729.315654648,9728.831996439,,,2026-09-05T00:10:32.514856Z
cea17259-11ef-4e7d-b32b-1282f04a4035,run1_rep1,E,CLOSED,CLOSED,request,PROVIDER,N/A,,513.470251000399,INFO,adaptador.request,true,exitoso,,,9729.39446594,9728.880995689,,,2026-09-05T00:10:32.593702Z
45e83f57-e197-49e8-868c-2944dbc4115b,run1_rep1,E,CLOSED,CLOSED,request,PROVIDER,N/A,,499.5369579992257,INFO,adaptador.request,true,exitoso,,,9729.468798523,9728.969261565,,,2026-09-05T00:10:32.668018Z
f5bcb01a-05b4-4074-88c2-9ab732e57fea,run1_rep1,E,CLOSED,CLOSED,request,PROVIDER,N/A,,561.3300420009182,INFO,adaptador.request,true,exitoso,,,9729.557218398,9728.995888356,,,2026-09-05T00:10:32.756728Z
5508e041-7706-40a2-a64d-18738648ae64,run1_rep1,E,CLOSED,CLOSED,request,PROVIDER,N/A,,569.967416999134,INFO,adaptador.request,true,exitoso,,,9729.643207815,9729.073240398,,,2026-09-05T00:10:32.842415Z
296722a2-1a69-4d1c-80fb-489c84b292df,run1_rep1,E,CLOSED,CLOSED,request,PROVIDER,N/A,,674.3827090012928,INFO,adaptador.request,true,exitoso,,,9729.752344565,9729.077961856,,,2026-09-05T00:10:32.951579Z
87106d7d-4ac9-4280-8025-cae966d2fe3a,run1_rep1,E,CLOSED,CLOSED,request,PROVIDER,N/A,,505.5547080010001,INFO,adaptador.request,true,exitoso,,,9729.834278648,9729.32872394,,,2026-09-05T00:10:33.033459Z
c7364b7d-481c-4466-9789-22f90572f805,run1_rep1,E,CLOSED,CLOSED,request,PROVIDER,N/A,,518.9076249989739,INFO,adaptador.request,true,exitoso,,,9729.937407065,9729.41849944,,,2026-09-05T00:10:33.136609Z
e05c14be-b7da-4a45-b5a3-225a220595ea,run1_rep1,E,CLOSED,CLOSED,request,PROVIDER,N/A,,454.2423749990121,INFO,adaptador.request,true,exitoso,,,9730.008753773,9729.554511398,,,2026-09-05T00:10:33.207908Z
3ceda1f3-aec6-4f8d-a159-6e0e6b27d6b3,run1_rep1,E,CLOSED,CLOSED,request,PROVIDER,N/A,,536.9880420003028,INFO,adaptador.request,true,exitoso,,,9730.092426732,9729.55543869,,,2026-09-05T00:10:33.291591Z
aa5be303-2204-4969-acc3-7fca3db7dfda,run1_rep1,E,CLOSED,CLOSED,request,PROVIDER,N/A,,591.8837919998623,INFO,adaptador.request,true,exitoso,,,9730.151722565,9729.559838773,,,2026-09-05T00:10:33.350929Z
9ed8c5c4-9fb6-4f1e-89ef-542ea0f02466,run1_rep1,E,CLOSED,CLOSED,request,PROVIDER,N/A,,615.6129999999393,INFO,adaptador.request,true,exitoso,,,9730.221316148,9729.605703148,,,2026-09-05T00:10:33.420522Z
7dd7cf09-dfa3-4ad3-81a2-948d491169c7,run1_rep1,E,CLOSED,CLOSED,request,PROVIDER,N/A,,607.1718339990184,INFO,adaptador.request,true,exitoso,,,9730.307154232,9729.699982398,,,2026-09-05T00:10:33.506342Z
21edd135-1f72-42f7-971a-2f0c87cb6f89,run1_rep1,E,CLOSED,CLOSED,request,PROVIDER,N/A,,552.1948759997031,INFO,adaptador.request,true,exitoso,,,9730.392455649,9729.840260773,,,2026-09-05T00:10:33.591639Z
bc717c80-5817-45fb-83a2-6bc882dbfae9,run1_rep1,E,CLOSED,CLOSED,request,PROVIDER,N/A,,624.65875000089,INFO,adaptador.request,true,exitoso,,,9730.481261065,9729.856602315,,,2026-09-05T00:10:33.680452Z
29cb9d50-c350-46aa-a3db-e2b3ad8820cd,run1_rep1,E,CLOSED,CLOSED,request,PROVIDER,N/A,,586.8658330000471,INFO,adaptador.request,true,exitoso,,,9730.550444815,9729.963578982,,,2026-09-05T00:10:33.749824Z
23bae2db-d312-486a-bc5d-18c4ae4c012b,run1_rep1,E,CLOSED,CLOSED,request,PROVIDER,N/A,,474.67120900000737,INFO,adaptador.request,true,exitoso,,,9730.640984732,9730.166313523,,,2026-09-05T00:10:33.840195Z
b8bdee67-80c5-457d-8fde-db01a6fb1dcc,run1_rep1,E,CLOSED,CLOSED,request,PROVIDER,N/A,,559.1320420007833,INFO,adaptador.request,true,exitoso,,,9730.730364982,9730.17123294,,,2026-09-05T00:10:33.929557Z
be965aa7-5f38-4a89-8348-009adad97878,run1_rep1,E,CLOSED,CLOSED,request,PROVIDER,N/A,,425.4302090012061,INFO,adaptador.request,true,exitoso,,,9730.805948024,9730.380517815,,,2026-09-05T00:10:34.005192Z
3184583d-b138-4c5e-b78b-c92e5ce3e1b4,run1_rep1,E,CLOSED,CLOSED,request,PROVIDER,N/A,,437.89141600063886,INFO,adaptador.request,true,exitoso,,,9730.895299815,9730.457408399,,,2026-09-05T00:10:34.094494Z
fa67b9a4-4654-4d2d-a235-2709bc8be180,run1_rep1,E,CLOSED,CLOSED,request,PROVIDER,N/A,,436.5183749996504,INFO,adaptador.request,true,exitoso,,,9730.990467774,9730.553949399,,,2026-09-05T00:10:34.189643Z
2bc46cb0-f1d5-4df5-90ac-56daa9f87e46,run1_rep1,E,CLOSED,CLOSED,request,PROVIDER,N/A,,483.530959001655,INFO,adaptador.request,true,exitoso,,,9731.065381816,9730.581850857,,,2026-09-05T00:10:34.264596Z
02a39c9c-c52e-457a-8fe0-547cbf0a47da,run1_rep1,E,CLOSED,CLOSED,request,PROVIDER,N/A,,553.8820420006232,INFO,adaptador.request,true,exitoso,,,9731.143909982,9730.59002794,,,2026-09-05T00:10:34.343143Z
d3c2c5d7-3158-475f-9767-d28f5473a22b,run1_rep1,E,CLOSED,CLOSED,request,PROVIDER,N/A,,576.5102510013094,INFO,adaptador.request,true,exitoso,,,9731.228143566,9730.651633315,,,2026-09-05T00:10:34.427354Z
e22a522b-3eed-4960-b8b6-14db34c84ce0,run1_rep1,E,CLOSED,CLOSED,request,PROVIDER,N/A,,522.1382079998875,INFO,adaptador.request,true,exitoso,,,9731.328848107,9730.806709899,,,2026-09-05T00:10:34.528052Z
7de22219-e480-43f7-8844-4e2b73aca2a6,run1_rep1,E,CLOSED,CLOSED,request,PROVIDER,N/A,,579.6086250011285,INFO,adaptador.request,true,exitoso,,,9731.438107607,9730.858498982,,,2026-09-05T00:10:34.637315Z
f6669c74-6d03-4bb1-ad63-b1e823c8b137,run1_rep1,E,CLOSED,CLOSED,request,PROVIDER,N/A,,646.4290419989993,INFO,adaptador.request,true,exitoso,,,9731.507345982,9730.86091694,,,2026-09-05T00:10:34.706553Z
e849d041-9b83-47a7-b40c-2a4fd25b3cdd,run1_rep1,E,CLOSED,CLOSED,request,PROVIDER,N/A,,587.3500839988992,INFO,adaptador.request,true,exitoso,,,9731.576530399,9730.989180315,,,2026-09-05T00:10:34.775768Z
93faadd4-1fb2-40fd-8ba3-351757934a91,run1_rep1,E,CLOSED,CLOSED,request,PROVIDER,N/A,,622.5057089995971,INFO,adaptador.request,true,exitoso,,,9731.677499774,9731.054994065,,,2026-09-05T00:10:34.876712Z
88aba627-5264-4485-ad94-aba8538b8d0f,run1_rep1,E,CLOSED,CLOSED,request,PROVIDER,N/A,,544.2732909996266,INFO,adaptador.request,true,exitoso,,,9731.744092732,9731.199819441,,,2026-09-05T00:10:34.943260Z
1facfbe8-8e73-4391-bdea-d5a1fec9e8aa,run1_rep1,E,CLOSED,CLOSED,request,PROVIDER,N/A,,548.9212920001592,INFO,adaptador.request,true,exitoso,,,9731.829884899,9731.280963607,,,2026-09-05T00:10:35.029103Z
fea07d35-0b1d-4041-95a6-7d8a405beaca,run1_rep1,E,CLOSED,CLOSED,request,PROVIDER,N/A,,416.3052499989135,INFO,adaptador.request,true,exitoso,,,9731.914780774,9731.498475524,,,2026-09-05T00:10:35.113993Z
b1a7d6b8-8297-4e78-9b99-ab1219b83b27,run1_rep1,E,CLOSED,CLOSED,request,PROVIDER,N/A,,430.3441250012838,INFO,adaptador.request,true,exitoso,,,9732.010032566,9731.579688441,,,2026-09-05T00:10:35.209161Z
35dcf956-5cd3-4ec8-a4bf-91021b71e601,run1_rep1,E,CLOSED,CLOSED,request,PROVIDER,N/A,,512.3474579995673,INFO,adaptador.request,true,exitoso,,,9732.109198774,9731.596851316,,,2026-09-05T00:10:35.308336Z
d2a22acf-bd97-48ab-8f8e-a5467d130279,run1_rep1,E,CLOSED,CLOSED,request,PROVIDER,N/A,,492.1540420000383,INFO,adaptador.request,true,exitoso,,,9732.167184149,9731.675030107,,,2026-09-05T00:10:35.366349Z
d96d7c04-02b6-4d91-a7d0-7547efaef016,run1_rep1,E,CLOSED,CLOSED,request,PROVIDER,N/A,,501.1025840012735,INFO,adaptador.request,true,exitoso,,,9732.225217233,9731.724114649,,,2026-09-05T00:10:35.424392Z
3e8e2cc9-0da3-4664-8a2d-c7af5e8b9467,run1_rep1,E,CLOSED,CLOSED,request,PROVIDER,N/A,,422.94550000042364,INFO,adaptador.request,true,exitoso,,,9732.295225274,9731.872279774,,,2026-09-05T00:10:35.494418Z
81f09b11-705f-4447-9673-074c12036606,run1_rep1,E,CLOSED,CLOSED,request,PROVIDER,N/A,,447.19858300049964,INFO,adaptador.request,true,exitoso,,,9732.381104566,9731.933905983,,,2026-09-05T00:10:35.580308Z
ec0a9ef5-f98c-4709-8a4e-2c335633bb87,run1_rep1,E,CLOSED,CLOSED,request,PROVIDER,N/A,,423.6346670004423,INFO,adaptador.request,true,exitoso,,,9732.449561108,9732.025926441,,,2026-09-05T00:10:35.648753Z
4d488127-7f96-4fbd-889c-bcaa89695430,run1_rep1,E,CLOSED,CLOSED,request,PROVIDER,N/A,,459.3161669999972,INFO,adaptador.request,true,exitoso,,,9732.532239775,9732.072923608,,,2026-09-05T00:10:35.731450Z
a808f1f1-ecd9-4c9f-9dea-869a70af5708,run1_rep1,E,CLOSED,CLOSED,request,PROVIDER,N/A,,473.2366259995615,INFO,adaptador.request,true,exitoso,,,9732.5918084,9732.118571774,,,2026-09-05T00:10:35.790987Z
4aa16df1-501f-40e2-845d-8bdb8906cb49,run1_rep1,E,CLOSED,CLOSED,request,PROVIDER,N/A,,570.9129589995428,INFO,adaptador.request,true,exitoso,,,9732.693169483,9732.122256524,,,2026-09-05T00:10:35.892357Z
1f27f8c9-4f7f-4d30-a298-b1dcb47eac4e,run1_rep1,E,CLOSED,CLOSED,request,PROVIDER,N/A,,413.0317079998349,INFO,adaptador.request,true,exitoso,,,9732.766206941,9732.353175233,,,2026-09-05T00:10:35.965403Z
96885b73-6646-413d-808e-6f2b88e44db8,run1_rep1,E,CLOSED,CLOSED,request,PROVIDER,N/A,,460.84412500022154,INFO,adaptador.request,true,exitoso,,,9732.842799941,9732.381955816,,,2026-09-05T00:10:36.041983Z
426201f2-3bd2-475b-ab7c-5dbc83a637f2,run1_rep1,E,CLOSED,CLOSED,request,PROVIDER,N/A,,354.71966700060875,INFO,adaptador.request,true,exitoso,,,9732.906902983,9732.552183316,,,2026-09-05T00:10:36.106107Z
606b4dce-9baa-40eb-8bc4-6eecfa912168,run1_rep1,E,CLOSED,CLOSED,request,PROVIDER,N/A,,307.8140830002667,INFO,adaptador.request,true,exitoso,,,9732.984995191,9732.677181108,,,2026-09-05T00:10:36.184210Z
00098f86-f59d-41fe-a3e8-fd06363a77a7,run1_rep1,E,CLOSED,CLOSED,request,PROVIDER,N/A,,285.75358300076914,INFO,adaptador.request,true,exitoso,,,9733.076555316,9732.790801733,,,2026-09-05T00:10:36.275760Z
0e511ea8-a995-4020-845b-5815d1a0a8a8,run1_rep1,E,CLOSED,CLOSED,request,PROVIDER,N/A,,354.53687500012165,INFO,adaptador.request,true,exitoso,,,9733.157035816,9732.802498941,,,2026-09-05T00:10:36.356245Z
c8e77aae-6e66-4cc2-85a7-2a2546a73af6,run1_rep1,E,CLOSED,CLOSED,request,PROVIDER,N/A,,418.81691699927615,INFO,adaptador.request,true,exitoso,,,9733.232856817,9732.8140399,,,2026-09-05T00:10:36.432102Z
b5b12acf-977f-4cb7-858b-120b37517fb5,run1_rep1,E,CLOSED,CLOSED,request,PROVIDER,N/A,,382.68683400019654,INFO,adaptador.request,true,exitoso,,,9733.312993775,9732.930306941,,,2026-09-05T00:10:36.512230Z
5b36df83-076b-4875-a655-3043e4a4a1b4,run1_rep1,E,CLOSED,CLOSED,request,PROVIDER,N/A,,448.152167000444,INFO,adaptador.request,true,exitoso,,,9733.385690817,9732.93753865,,,2026-09-05T00:10:36.584882Z
a3c5b0be-01ac-48b7-8544-51b92ae70ba6,run1_rep1,E,CLOSED,CLOSED,request,PROVIDER,N/A,,535.6462919990008,INFO,adaptador.request,true,exitoso,,,9733.491366317,9732.955720025,,,2026-09-05T00:10:36.690563Z
a4d7314c-2a74-4bd8-9eb5-24edf1892eba,run1_rep1,E,CLOSED,CLOSED,request,PROVIDER,N/A,,547.8838340004586,INFO,adaptador.request,true,exitoso,,,9733.5784929,9733.030609066,,,2026-09-05T00:10:36.777728Z
4cfd6ca1-f10c-48cd-a61b-4b0ca53d3a09,run1_rep1,E,CLOSED,CLOSED,request,PROVIDER,N/A,,395.1114579995192,INFO,adaptador.request,true,exitoso,,,9733.668819233,9733.273707775,,,2026-09-05T00:10:36.867998Z
5efab66a-21e5-4837-87e7-50d6f520c502,run1_rep1,E,CLOSED,CLOSED,request,PROVIDER,N/A,,440.8421249991079,INFO,adaptador.request,true,exitoso,,,9733.728560942,9733.287718817,,,2026-09-05T00:10:36.927754Z
81a1608e-96c2-4551-8133-d483fa6c954d,run1_rep1,E,CLOSED,CLOSED,request,PROVIDER,N/A,,456.70870799949626,INFO,adaptador.request,true,exitoso,,,9733.7899089,9733.333200192,,,2026-09-05T00:10:36.989189Z
ed9ca3ba-b49f-4ac2-ac29-aec157cc0917,run1_rep1,E,CLOSED,CLOSED,request,PROVIDER,N/A,,403.3317920002446,INFO,adaptador.request,true,exitoso,,,9733.862803067,9733.459471275,,,2026-09-05T00:10:37.062016Z
a7be86ad-c9c6-422c-aa60-ee398acefdb0,run1_rep1,E,CLOSED,CLOSED,request,PROVIDER,N/A,,415.1339170002757,INFO,adaptador.request,true,exitoso,,,9733.9656349,9733.550500983,,,2026-09-05T00:10:37.164855Z
277b7934-77bf-405b-a28f-ecd01fef977c,run1_rep1,E,CLOSED,CLOSED,request,PROVIDER,N/A,,480.795916999341,INFO,adaptador.request,true,exitoso,,,9734.066160109,9733.585364192,,,2026-09-05T00:10:37.265386Z
72bc337b-7409-460d-8ded-8297e0f3bf45,run1_rep1,E,CLOSED,CLOSED,request,PROVIDER,N/A,,456.97904199914774,INFO,adaptador.request,true,exitoso,,,9734.166913567,9733.709934525,,,2026-09-05T00:10:37.366097Z
c09e87a0-4470-44cb-a069-759fa7b5285a,run1_rep1,E,CLOSED,CLOSED,request,PROVIDER,N/A,,442.8209169982438,INFO,adaptador.request,true,exitoso,,,9734.234023942,9733.791203025,,,2026-09-05T00:10:37.433245Z
82fc724b-7007-4952-ac01-0181e2c0c819,run1_rep1,E,CLOSED,CLOSED,request,PROVIDER,N/A,,405.6732919998467,INFO,adaptador.request,true,exitoso,,,9734.324288984,9733.918615692,,,2026-09-05T00:10:37.523508Z
233d7581-e987-418e-99b5-8c1fab2c8f51,run1_rep1,E,CLOSED,CLOSED,request,PROVIDER,N/A,,454.4619589996728,INFO,adaptador.request,true,exitoso,,,9734.424607234,9733.970145275,,,2026-09-05T00:10:37.623786Z
a79ec7f1-cd53-4e76-9b7e-ad191a112a1e,run1_rep1,E,CLOSED,CLOSED,request,PROVIDER,N/A,,505.8375829994475,INFO,adaptador.request,true,exitoso,,,9734.526282567,9734.020444984,,,2026-09-05T00:10:37.725487Z
ad6ac5df-2a7e-4a64-966d-6dca4a80b313,run1_rep1,E,CLOSED,CLOSED,request,PROVIDER,N/A,,550.6260419988394,INFO,adaptador.request,true,exitoso,,,9734.587974609,9734.037348567,,,2026-09-05T00:10:37.787204Z
dba7fd6a-9905-4d8b-975c-8d17cde599fe,run1_rep1,E,CLOSED,CLOSED,request,PROVIDER,N/A,,545.0351670006057,INFO,adaptador.request,true,exitoso,,,9734.663055567,9734.1180204,,,2026-09-05T00:10:37.862265Z
7f57dec0-ef73-4a72-ac2e-d6121c5429de,run1_rep1,E,CLOSED,CLOSED,request,PROVIDER,N/A,,579.9241249987972,INFO,adaptador.request,true,exitoso,,,9734.746265359,9734.166341234,,,2026-09-05T00:10:37.945410Z
62ef818c-707c-4aa7-a7d7-0658c0375cd4,run1_rep1,E,CLOSED,CLOSED,request,PROVIDER,N/A,,611.8067919996975,INFO,adaptador.request,true,exitoso,,,9734.807018901,9734.195212109,,,2026-09-05T00:10:38.006157Z
ea45dea4-9129-43ea-b5e0-d9133d7a51ad,run1_rep1,E,CLOSED,CLOSED,request,PROVIDER,N/A,,488.5145829994144,INFO,adaptador.request,true,exitoso,,,9734.907344067,9734.418829484,,,2026-09-05T00:10:38.106523Z
a394957f-adbf-4d18-814c-2bcc995d428c,run1_rep1,E,CLOSED,CLOSED,request,PROVIDER,N/A,,580.8567499989294,INFO,adaptador.request,true,exitoso,,,9735.000064609,9734.419207859,,,2026-09-05T00:10:38.199285Z
3d527afa-8429-405b-a140-8dd893ae0479,run1_rep1,E,CLOSED,CLOSED,request,PROVIDER,N/A,,414.70920799838495,INFO,adaptador.request,true,exitoso,,,9735.078870192,9734.664160984,,,2026-09-05T00:10:38.278267Z
c48d7acb-98e0-4f42-8046-82f8c5ceae21,run1_rep1,E,CLOSED,CLOSED,request,PROVIDER,N/A,,444.8814579991449,INFO,adaptador.request,true,exitoso,,,9735.142074484,9734.697193026,,,2026-09-05T00:10:38.341268Z
6f650bff-1c39-488b-89df-4fb49bafb457,run1_rep1,E,CLOSED,CLOSED,request,PROVIDER,N/A,,402.86312500029453,INFO,adaptador.request,true,exitoso,,,9735.204424526,9734.801561401,,,2026-09-05T00:10:38.403671Z
5fbc23e1-114c-461a-980a-233ed964664c,run1_rep1,E,CLOSED,CLOSED,request,PROVIDER,N/A,,393.18325000022014,INFO,adaptador.request,true,exitoso,,,9735.276648776,9734.883465526,,,2026-09-05T00:10:38.475850Z
7024689b-4757-40c1-993d-0db606b813a0,run1_rep1,E,CLOSED,CLOSED,request,PROVIDER,N/A,,441.0905000004277,INFO,adaptador.request,true,exitoso,,,9735.348155026,9734.907064526,,,2026-09-05T00:10:38.547355Z
894ee016-2c07-44d7-b39e-2f4ed72e745e,run1_rep1,E,CLOSED,CLOSED,request,PROVIDER,N/A,,462.1429589988111,INFO,adaptador.request,true,exitoso,,,9735.407023568,9734.944880609,,,2026-09-05T00:10:38.606253Z
13d3f955-2f2b-4641-8143-8dd7c94f7667,run1_rep1,E,CLOSED,CLOSED,request,PROVIDER,N/A,,482.3669590005011,INFO,adaptador.request,true,exitoso,,,9735.499672693,9735.017305734,,,2026-09-05T00:10:38.698884Z
a16e89ec-9243-4cbb-b97b-6743a41cacfc,run1_rep1,E,CLOSED,CLOSED,request,PROVIDER,N/A,,450.0637920009467,INFO,adaptador.request,true,exitoso,,,9735.573689818,9735.123626026,,,2026-09-05T00:10:38.772950Z
f7de623e-d4a3-4df1-a129-a4620434abae,run1_rep1,E,CLOSED,CLOSED,request,PROVIDER,N/A,,495.4339589985466,INFO,adaptador.request,true,exitoso,,,9735.668155901,9735.172721942,,,2026-09-05T00:10:38.867369Z
51660b82-96d6-4b44-a108-c1c249b68528,run1_rep1,E,CLOSED,CLOSED,request,PROVIDER,N/A,,455.21295799881045,INFO,adaptador.request,true,exitoso,,,9735.763949359,9735.308736401,,,2026-09-05T00:10:38.963165Z
51f790f4-b498-4f9e-bea8-2f0e7be15306,run1_rep1,E,CLOSED,CLOSED,request,PROVIDER,N/A,,449.14637500005483,INFO,adaptador.request,true,exitoso,,,9735.862802151,9735.413655776,,,2026-09-05T00:10:39.061998Z
5470f296-88f2-4baa-89da-5dc3ba1b3f1a,run1_rep1,E,CLOSED,CLOSED,request,PROVIDER,N/A,,484.84887499944307,INFO,adaptador.request,true,exitoso,,,9735.919827901,9735.434979026,,,2026-09-05T00:10:39.119030Z
7b9aee6d-0d5e-4f7d-bed7-7613bcc02ed0,run1_rep1,E,CLOSED,CLOSED,request,PROVIDER,N/A,,515.3610840006877,INFO,adaptador.request,true,exitoso,,,9735.983938318,9735.468577234,,,2026-09-05T00:10:39.183151Z
eca3e2f0-4a6d-49ac-9632-8d9533b2594b,run1_rep1,E,CLOSED,CLOSED,request,PROVIDER,N/A,,549.7256670005299,INFO,adaptador.request,true,exitoso,,,9736.038712985,9735.488987318,,,2026-09-05T00:10:39.237899Z
43b82dee-ebb9-4a9b-b59e-02eced6c4a4c,run1_rep1,E,CLOSED,CLOSED,request,PROVIDER,N/A,,525.9717079989059,INFO,adaptador.request,true,exitoso,,,9736.122815276,9735.596843568,,,2026-09-05T00:10:39.321975Z
061603ba-db7a-453a-8786-9af1c8a8b56e,run1_rep1,E,CLOSED,CLOSED,request,PROVIDER,N/A,,447.8272090000246,INFO,adaptador.request,true,exitoso,,,9736.191106443,9735.743279234,,,2026-09-05T00:10:39.390273Z
98e39957-11c9-4cdf-8408-a5d654217c62,run1_rep1,E,CLOSED,CLOSED,request,PROVIDER,N/A,,475.6676670003799,INFO,adaptador.request,true,exitoso,,,9736.277492735,9735.801825068,,,2026-09-05T00:10:39.476660Z
8fdf5662-717f-4598-ba3b-dcefc7ffb497,run1_rep1,E,CLOSED,CLOSED,request,PROVIDER,N/A,,395.87266700073087,INFO,adaptador.request,true,exitoso,,,9736.345591276,9735.949718609,,,2026-09-05T00:10:39.544763Z
700a7d38-b7db-4da9-9b86-ea8f4fe442aa,run1_rep1,E,CLOSED,CLOSED,request,PROVIDER,N/A,,428.3517500007292,INFO,adaptador.request,true,exitoso,,,9736.414444651,9735.986092901,,,2026-09-05T00:10:39.613647Z
10531459-da0e-4290-a4ee-45d6e27f1416,run1_rep1,E,CLOSED,CLOSED,request,PROVIDER,N/A,,475.1009999999951,INFO,adaptador.request,true,exitoso,,,9736.503900901,9736.028799901,,,2026-09-05T00:10:39.703132Z
8377abe8-39b0-4eae-8886-3f0966676ca6,run1_rep1,E,CLOSED,CLOSED,request,PROVIDER,N/A,,352.34425000089686,INFO,adaptador.request,true,exitoso,,,9736.567730568,9736.215386318,,,2026-09-05T00:10:39.766906Z
eaccfa7f-1d1f-417e-862b-378bab8bf601,run1_rep1,E,CLOSED,CLOSED,request,PROVIDER,N/A,,420.501124999646,INFO,adaptador.request,true,exitoso,,,9736.643231693,9736.222730568,,,2026-09-05T00:10:39.842430Z
efdf737a-8fc6-49a1-b5ed-54c517569d50,run1_rep1,E,CLOSED,CLOSED,request,PROVIDER,N/A,,390.9477920005884,INFO,adaptador.request,true,exitoso,,,9736.743611152,9736.35266336,,,2026-09-05T00:10:39.942888Z
0273a127-af82-4ba1-8580-668b51a3c08a,run1_rep1,E,CLOSED,CLOSED,request,PROVIDER,N/A,,409.98187599871017,INFO,adaptador.request,true,exitoso,,,9736.821846652,9736.411864776,,,2026-09-05T00:10:40.021215Z
fd042252-565c-4771-af79-a4fa5402bd5b,run1_rep1,E,CLOSED,CLOSED,request,PROVIDER,N/A,,404.03716699984216,INFO,adaptador.request,true,exitoso,,,9736.910083568,9736.506046401,,,2026-09-05T00:10:40.109267Z
f1035cf9-db27-427a-8996-e5f3eebc0389,run1_rep1,E,CLOSED,CLOSED,request,PROVIDER,N/A,,482.5622089992976,INFO,adaptador.request,true,exitoso,,,9736.997900777,9736.515338568,,,2026-09-05T00:10:40.197152Z
655dd6ff-f847-48c6-b471-291014ca69a8,run1_rep1,E,CLOSED,CLOSED,request,PROVIDER,N/A,,477.8039169996191,INFO,adaptador.request,true,exitoso,,,9737.068395152,9736.590591235,,,2026-09-05T00:10:40.267608Z
7df537a0-dfe9-44ed-8b69-0ef6277ae267,run1_rep1,E,CLOSED,CLOSED,request,PROVIDER,N/A,,477.6348750001489,INFO,adaptador.request,true,exitoso,,,9737.136110652,9736.658475777,,,2026-09-05T00:10:40.335326Z
812a4d49-9dd1-48d6-afed-e82d6055e2c5,run1_rep1,E,CLOSED,CLOSED,request,PROVIDER,N/A,,491.13716700048826,INFO,adaptador.request,true,exitoso,,,9737.22031336,9736.729176193,,,2026-09-05T00:10:40.419513Z
e0b089c5-76fb-4991-845b-6b84f3a68e6d,run1_rep1,E,CLOSED,CLOSED,request,PROVIDER,N/A,,461.37316699969233,INFO,adaptador.request,true,exitoso,,,9737.299268277,9736.83789511,,,2026-09-05T00:10:40.498496Z
180d59f0-7e99-4e1f-b9ad-fe1d080781dc,run1_rep1,E,CLOSED,CLOSED,request,PROVIDER,N/A,,443.88241699925857,INFO,adaptador.request,true,exitoso,,,9737.369091735,9736.925209318,,,2026-09-05T00:10:40.568388Z
c20b962d-7047-4ad6-b0ad-20d3de150c66,run1_rep1,E,CLOSED,CLOSED,request,PROVIDER,N/A,,502.28687600065314,INFO,adaptador.request,true,exitoso,,,9737.461031694,9736.958744818,,,2026-09-05T00:10:40.660259Z
c22da59d-1d09-4082-9815-7aaa7c287964,run1_rep1,E,CLOSED,CLOSED,request,PROVIDER,N/A,,512.1247509996465,INFO,adaptador.request,true,exitoso,,,9737.530906819,9737.018782068,,,2026-09-05T00:10:40.730143Z
ae49beb2-8963-4394-923c-701e5263baf4,run1_rep1,E,CLOSED,CLOSED,request,PROVIDER,N/A,,548.9146250001795,INFO,adaptador.request,true,exitoso,,,9737.62341686,9737.074502235,,,2026-09-05T00:10:40.822587Z
dfde828a-b998-4890-ac88-bba8a0839b0d,run1_rep1,E,CLOSED,CLOSED,request,PROVIDER,N/A,,429.68479199953435,INFO,adaptador.request,true,exitoso,,,9737.693960985,9737.264276193,,,2026-09-05T00:10:40.893165Z
23d8d961-75bc-42c4-8461-642a2154642e,run1_rep1,E,CLOSED,CLOSED,request,PROVIDER,N/A,,469.21225000005506,INFO,adaptador.request,true,exitoso,,,9737.774289985,9737.305077735,,,2026-09-05T00:10:40.973437Z
0204bed9-c56d-40e8-a3b4-260773ac2924,run1_rep1,E,CLOSED,CLOSED,request,PROVIDER,N/A,,416.6345829999045,INFO,adaptador.request,true,exitoso,,,9737.843241235,9737.426606652,,,2026-09-05T00:10:41.042360Z
8d5c3bd7-69c6-4e8e-849d-fd7d906eeb98,run1_rep1,E,CLOSED,CLOSED,request,PROVIDER,N/A,,372.7407090009365,INFO,adaptador.request,true,exitoso,,,9737.922988319,9737.55024761,,,2026-09-05T00:10:41.122144Z
