request_id,ejecucion_id,escenario,estado_circuito_fin,estado_circuito_inicio,event_type,fuente_respuesta,hit_miss,latencia_proveedor_ms,latencia_total_ms,level,logger,proveedor_invocado,resultado,tiempo_conmutacion_ms,timestamp_deteccion,timestamp_fin,timestamp_inicio,timestamp_respuesta_cache,tipo_error,ts_wall
b00e0e0c-f391-457e-98ef-99731732cb12,run1_rep1,F,CLOSED,CLOSED,request,PROVIDER,N/A,,92.01175000089279,INFO,adaptador.request,true,exitoso,,,9890.455727263,9890.363715513,,,2026-09-05T00:13:13.656915Z
f6777b94-483e-45dd-8bf3-5513bc0b162f,run1_rep1,F,CLOSED,CLOSED,request,PROVIDER,N/A,,154.06583399999363,INFO,adaptador.request,true,exitoso,,,9890.51859318,9890.364527346,,,2026-09-05T00:13:13.719850Z
2ef31bd8-c92a-4cfc-8d11-76718d07aa28,run1_rep1,F,CLOSED,CLOSED,request,PROVIDER,N/A,,76.24266699895088,INFO,adaptador.request,true,exitoso,,,9890.67875218,9890.602509513,,,2026-09-05T00:13:13.879961Z
53258b6a-8a7f-4526-967a-a07ed32fa868,run1_rep1,F,CLOSED,CLOSED,request,PROVIDER,N/A,,61.98729199968511,INFO,adaptador.request,true,exitoso,,,9890.786972388,9890.724985096,,,2026-09-05T00:13:13.988177Z
d65d9c55-9c31-4f44-b860-bf259c1b6a23,run1_rep1,F,CLOSED,CLOSED,request,PROVIDER,N/A,,63.523582999550854,INFO,adaptador.request,true,exitoso,,,9891.102696513,9891.03917293,,,2026-09-05T00:13:14.303877Z
2b54f047-2ed8-4547-accc-3a6461ed02ec,run1_rep1,F,CLOSED,CLOSED,request,PROVIDER,N/A,,70.8412079984555,INFO,adaptador.request,true,exitoso,,,9891.17618793,9891.105346722,,,2026-09-05T00:13:14.377353Z
e642cc54-e9bc-44c2-9950-a51de84deb21,run1_rep1,F,CLOSED,CLOSED,request,PROVIDER,N/A,,79.42104200083122,INFO,adaptador.request,true,exitoso,,,9891.35387918,9891.274458138,,,2026-09-05T00:13:14.555060Z
bb2ed85c-3e7f-439a-9260-0c6f33c7c5b4,run1_rep1,F,CLOSED,CLOSED,request,PROVIDER,N/A,,99.72645900052157,INFO,adaptador.request,true,exitoso,,,9891.624298847,9891.524572388,,,2026-09-05T00:13:14.825536Z
87bef762-1449-462f-8ec0-b27d76722e4f,run1_rep1,F,CLOSED,CLOSED,request,PROVIDER,N/A,,61.45374999869091,INFO,adaptador.request,true,exitoso,,,9891.869571389,9891.808117639,,,2026-09-05T00:13:15.070770Z
e4a619bd-b20f-4fe0-9780-34862a06134a,run1_rep1,F,CLOSED,CLOSED,request,PROVIDER,N/A,,61.073500000929926,INFO,adaptador.request,true,exitoso,,,9892.079190139,9892.018116639,,,2026-09-05T00:13:15.280343Z
1fb244ca-120e-41e9-8dd9-669a664058e3,run1_rep1,F,CLOSED,CLOSED,request,PROVIDER,N/A,,87.33916699929978,INFO,adaptador.request,true,exitoso,,,9892.275495889,9892.188156722,,,2026-09-05T00:13:15.476701Z
c0911356-056f-462a-976f-a8e1806d5f96,run1_rep1,F,CLOSED,CLOSED,request,PROVIDER,N/A,,58.792334000827395,INFO,adaptador.request,true,exitoso,,,9892.611898806,9892.553106472,,,2026-09-05T00:13:15.813100Z
3ab0ca03-c3e5-4625-bd24-c23bbee621f4,run1_rep1,F,CLOSED,CLOSED,request,PROVIDER,N/A,,100.54745799970988,INFO,adaptador.request,true,exitoso,,,9892.688642347,9892.588094889,,,2026-09-05T00:13:15.889889Z
3b9e9aa0-d49a-4c7c-a359-a84ee4da8bca,run1_rep1,F,CLOSED,CLOSED,request,PROVIDER,N/A,,86.95579199957137,INFO,adaptador.request,true,exitoso,,,9893.055643306,9892.968687514,,,2026-09-05T00:13:16.256839Z
fd9cee6d-18c0-445a-9657-e9c76219659e,run1_rep1,F,CLOSED,CLOSED,request,PROVIDER,N/A,,186.343167000814,INFO,adaptador.request,true,exitoso,,,9893.162146348,9892.975803181,,,2026-09-05T00:13:16.363320Z
149ab9b6-88da-4200-bff8-64f7feec4ac7,run1_rep1,F,CLOSED,CLOSED,request,PROVIDER,N/A,,92.91037499860977,INFO,adaptador.request,true,exitoso,,,9893.312533223,9893.219622848,,,2026-09-05T00:13:16.513717Z
ea8e2e70-db17-483f-ac8d-d148a695a22d,run1_rep1,F,CLOSED,CLOSED,request,PROVIDER,N/A,,105.93954199975997,INFO,adaptador.request,true,exitoso,,,9893.725845223,9893.619905681,,,2026-09-05T00:13:16.927052Z
da7dbe1d-40be-4274-a03d-c8438c5fe7b6,run1_rep1,F,CLOSED,CLOSED,request,PROVIDER,N/A,,94.16195799894922,INFO,adaptador.request,true,exitoso,,,9893.842115806,9893.747953848,,,2026-09-05T00:13:17.043299Z
5496b976-9ed5-43c3-89dc-16ca2300aa93,run1_rep1,F,CLOSED,CLOSED,request,PROVIDER,N/A,,93.31066600134363,INFO,adaptador.request,true,exitoso,,,9894.110217306,9894.01690664,,,2026-09-05T00:13:17.311436Z
9255e090-7bff-4a12-af98-9fe00d3094aa,run1_rep1,F,CLOSED,CLOSED,request,PROVIDER,N/A,,88.090999999622,INFO,adaptador.request,true,exitoso,,,9894.170691973,9894.082600973,,,2026-09-05T00:13:17.371933Z
8539b58b-6cbf-420d-abf7-08c772144d6e,run1_rep1,F,CLOSED,CLOSED,request,PROVIDER,N/A,,77.27083299869264,INFO,adaptador.request,true,exitoso,,,9894.378173348,9894.300902515,,,2026-09-05T00:13:17.579370Z
be3b0f28-9e84-4f4f-8687-9d0133df4a21,run1_rep1,F,CLOSED,CLOSED,request,PROVIDER,N/A,,71.42570800169779,INFO,adaptador.request,true,exitoso,,,9894.453608973,9894.382183265,,,2026-09-05T00:13:17.654796Z
ff55fda1-34fa-4e5e-beee-65f8c201185b,run1_rep1,F,CLOSED,CLOSED,request,PROVIDER,N/A,,94.67100000074424,INFO,adaptador.request,true,exitoso,,,9894.874426598,9894.779755598,,,2026-09-05T00:13:18.075616Z
e3e638b6-aa28-453f-92d7-4d9a7b64d23b,run1_rep1,F,CLOSED,CLOSED,request,PROVIDER,N/A,,77.75695800046378,INFO,adaptador.request,true,exitoso,,,9894.947926265,9894.870169307,,,2026-09-05T00:13:18.149170Z
b8a9e1ab-51db-4d85-9557-eac0a2fe559a,run1_rep1,F,CLOSED,CLOSED,request,PROVIDER,N/A,,68.48191599965503,INFO,adaptador.request,true,exitoso,,,9895.13689639,9895.068414474,,,2026-09-05T00:13:18.338115Z
c8073e82-0237-40bb-9abc-26ada61e1d47,run1_rep1,F,CLOSED,CLOSED,request,PROVIDER,N/A,,128.59508300061862,INFO,adaptador.request,true,exitoso,,,9895.218890307,9895.090295224,,,2026-09-05T00:13:18.420050Z
f4d7ccc5-1f94-4de2-81a2-c74266fce65e,run1_rep1,F,CLOSED,CLOSED,request,PROVIDER,N/A,,80.34083399979863,INFO,adaptador.request,true,exitoso,,,9895.444761224,9895.36442039,,,2026-09-05T00:13:18.645950Z
2684a3b6-e723-49ce-b600-7a7703b63e4a,run1_rep1,F,CLOSED,CLOSED,request,PROVIDER,N/A,,94.8567079994973,INFO,adaptador.request,true,exitoso,,,9895.520023932,9895.425167224,,,2026-09-05T00:13:18.721222Z
7091fc88-2acd-4ed2-ab85-a07a0d357b44,run1_rep1,F,CLOSED,CLOSED,request,PROVIDER,N/A,,71.25041699873691,INFO,adaptador.request,true,exitoso,,,9895.649422682,9895.578172265,,,2026-09-05T00:13:18.850605Z
1b14f849-434c-494f-9885-b91d6e9205c7,run1_rep1,F,CLOSED,CLOSED,request,PROVIDER,N/A,,68.20395800059487,INFO,adaptador.request,true,exitoso,,,9895.951875057,9895.883671099,,,2026-09-05T00:13:19.153085Z
aadf347f-6748-4862-aece-863d7cbfb951,run1_rep1,F,CLOSED,CLOSED,request,PROVIDER,N/A,,103.50529100105632,INFO,adaptador.request,true,exitoso,,,9896.131214057,9896.027708766,,,2026-09-05T00:13:19.332422Z
ed0fb61b-623a-40c4-9a75-9c7490aab64c,run1_rep1,F,CLOSED,CLOSED,request,PROVIDER,N/A,,108.97875000046042,INFO,adaptador.request,true,exitoso,,,9896.437677099,9896.328698349,,,2026-09-05T00:13:19.638927Z
5612ae94-159e-4d8a-9ece-d959186d4b83,run1_rep1,F,CLOSED,CLOSED,request,PROVIDER,N/A,,129.53133399969374,INFO,adaptador.request,true,exitoso,,,9896.540992266,9896.411460932,,,2026-09-05T00:13:19.742197Z
55c87804-234e-4fab-9f30-4de71fd2a169,run1_rep1,F,CLOSED,CLOSED,request,PROVIDER,N/A,,104.60945799968613,INFO,adaptador.request,true,exitoso,,,9896.672788516,9896.568179058,,,2026-09-05T00:13:19.873983Z
385b35ca-8ec6-42da-a821-ed461fc07edf,run1_rep1,F,CLOSED,CLOSED,request,PROVIDER,N/A,,92.546541000047,INFO,adaptador.request,true,exitoso,,,9896.906062099,9896.813515558,,,2026-09-05T00:13:20.107249Z
b0bb074d-6ed2-43d0-87cb-23ace15c0058,run1_rep1,F,CLOSED,CLOSED,request,PROVIDER,N/A,,95.74158299983537,INFO,adaptador.request,true,exitoso,,,9896.997714099,9896.901972516,,,2026-09-05T00:13:20.198948Z
386f3b23-fea1-42e8-9559-7e5eaf15232f,run1_rep1,F,CLOSED,CLOSED,request,PROVIDER,N/A,,80.1342510003451,INFO,adaptador.request,true,exitoso,,,9897.2325181,9897.152383849,,,2026-09-05T00:13:20.433758Z
b62587de-941c-410e-8ec2-20755a7a2ebc,run1_rep1,F,CLOSED,CLOSED,request,PROVIDER,N/A,,90.56258399868966,INFO,adaptador.request,true,exitoso,,,9897.471886725,9897.381324141,,,2026-09-05T00:13:20.673063Z
c40e4955-abc6-421a-88ed-25dfdfacb0f0,run1_rep1,F,CLOSED,CLOSED,request,PROVIDER,N/A,,156.54983300009917,INFO,adaptador.request,true,exitoso,,,9897.545629683,9897.38907985,,,2026-09-05T00:13:20.746784Z
326f8215-fd6d-425b-b204-d70097ca82a6,run1_rep1,F,CLOSED,CLOSED,request,PROVIDER,N/A,,57.50070799876994,INFO,adaptador.request,true,exitoso,,,9897.822813558,9897.76531285,,,2026-09-05T00:13:21.023986Z
3a2ca718-1b3e-4f0a-9f2e-de9544eb2ae6,run1_rep1,F,CLOSED,CLOSED,request,PROVIDER,N/A,,146.05375099927187,INFO,adaptador.request,true,exitoso,,,9897.911975517,9897.765921766,,,2026-09-05T00:13:21.113397Z
44441a3b-6722-477b-bb3d-fc3ebbd0b745,run1_rep1,F,CLOSED,CLOSED,request,PROVIDER,N/A,,101.89141600130824,INFO,adaptador.request,true,exitoso,,,9898.309298308,9898.207406892,,,2026-09-05T00:13:21.510516Z
d4a5f94d-f219-4826-abda-a73f78607715,run1_rep1,F,CLOSED,CLOSED,request,PROVIDER,N/A,,97.23837500132504,INFO,adaptador.request,true,exitoso,,,9898.367979975,9898.2707416,,,2026-09-05T00:13:21.569175Z
e187b9ad-ba45-404a-8fac-f772f4fcf1ce,run1_rep1,F,CLOSED,CLOSED,request,PROVIDER,N/A,,105.71304199947917,INFO,adaptador.request,true,exitoso,,,9898.54295435,9898.437241308,,,2026-09-05T00:13:21.744208Z
50bf2da4-d5c6-4de3-aa60-97cc2ce85268,run1_rep1,F,CLOSED,CLOSED,request,PROVIDER,N/A,,75.81454099999974,INFO,adaptador.request,true,exitoso,,,9898.787630975,9898.711816434,,,2026-09-05T00:13:21.988812Z
397dec5e-c029-400a-8f6e-222c65f4f357,run1_rep1,F,CLOSED,CLOSED,request,PROVIDER,N/A,,139.44699999956356,INFO,adaptador.request,true,exitoso,,,9898.881239809,9898.741792809,,,2026-09-05T00:13:22.082412Z
cf29f1a3-6eb0-4964-8238-20fa1c453188,run1_rep1,F,CLOSED,CLOSED,request,PROVIDER,N/A,,72.32958399981726,INFO,adaptador.request,true,exitoso,,,9899.274180184,9899.2018506,,,2026-09-05T00:13:22.475378Z
36623725-a192-4733-83dd-9dbe47973e65,run1_rep1,F,CLOSED,CLOSED,request,PROVIDER,N/A,,116.0502919992723,INFO,adaptador.request,true,exitoso,,,9899.347724017,9899.231673725,,,2026-09-05T00:13:22.548911Z
607d1319-4211-4f2a-90ab-0331de579bd9,run1_rep1,F,CLOSED,CLOSED,request,PROVIDER,N/A,,60.21150000015041,INFO,adaptador.request,true,exitoso,,,9899.447717184,9899.387505684,,,2026-09-05T00:13:22.648876Z
fed1c1c7-e26f-404c-84e7-f797861ff039,run1_rep1,F,CLOSED,CLOSED,request,PROVIDER,N/A,,73.98920800005726,INFO,adaptador.request,true,exitoso,,,9899.715444559,9899.641455351,,,2026-09-05T00:13:22.916614Z
0e567546-b817-4396-8de4-8ba3fb6a39d1,run1_rep1,F,CLOSED,CLOSED,request,PROVIDER,N/A,,154.24937500029046,INFO,adaptador.request,true,exitoso,,,9899.796949476,9899.642700101,,,2026-09-05T00:13:22.998154Z
829e1eb3-d9cb-4bde-bf34-13fdcdbead4a,run1_rep1,F,CLOSED,CLOSED,request,PROVIDER,N/A,,96.37679199840932,INFO,adaptador.request,true,exitoso,,,9900.159744726,9900.063367934,,,2026-09-05T00:13:23.360912Z
5fd21b76-d6b8-4ab8-b7b8-84eee32f725a,run1_rep1,F,CLOSED,CLOSED,request,PROVIDER,N/A,,85.92758299892012,INFO,adaptador.request,true,exitoso,,,9900.292802351,9900.206874768,,,2026-09-05T00:13:23.493934Z
local-f276eba4-9b14-48d2-96ff-e0bb691f4661,run1_rep1,F,OPEN,CLOSED,request,NONE,MISS,14.693916999021894,15.260083999237395,INFO,adaptador.request,true,fallido,0.42329200005042367,9900.314249476,9900.314815643,9900.299555559,9900.314672768,CACHE_MISS,2026-09-05T00:13:23.515971Z
1ef47776-d14e-4792-b93c-9112c740cd82,run1_rep1,F,OPEN,OPEN,request,NONE,MISS,0.06379200021910947,1.365542000712594,INFO,adaptador.request,false,fallido,1.141165999797522,9900.527686393,9900.528988143,9900.527622601,9900.528827559,CACHE_MISS,2026-09-05T00:13:23.730173Z
6910c585-6293-43d6-af30-754e6384563b,run1_rep1,F,OPEN,OPEN,request,NONE,MISS,0.02487500023562461,2.3644169996259734,INFO,adaptador.request,false,fallido,2.178333999836468,9900.528270559,9900.530610101,9900.528245684,9900.530448893,CACHE_MISS,2026-09-05T00:13:23.731884Z
1822f64a-32fa-445b-927f-ba462ef9ad78,run1_rep1,F,OPEN,OPEN,request,NONE,MISS,0.05725000119127799,0.8558330009691417,INFO,adaptador.request,false,fallido,0.6719169996358687,9900.782268393,9900.783066976,9900.782211143,9900.78294031,CACHE_MISS,2026-09-05T00:13:23.984222Z
69a9f83a-9f32-4370-b1cc-28c3a1bdf72a,run1_rep1,F,OPEN,OPEN,request,NONE,MISS,0.07208399983937852,0.9863340001174947,INFO,adaptador.request,false,fallido,0.7693330007896293,9900.831287935,9900.832202185,9900.831215851,9900.832057268,CACHE_MISS,2026-09-05T00:13:24.033377Z
3e444e5a-282b-4aa5-9551-79345b5301b7,run1_rep1,F,OPEN,OPEN,request,NONE,MISS,0.05487500129675027,0.8113330004562158,INFO,adaptador.request,false,fallido,0.6435830000555143,9901.026408018,9901.027164476,9901.026353143,9901.027051601,CACHE_MISS,2026-09-05T00:13:24.228338Z
f27b0b72-2c65-4c2a-9529-373e4c1cdb9c,run1_rep1,F,OPEN,OPEN,request,NONE,MISS,0.05095899905427359,0.7771249984216411,INFO,adaptador.request,false,fallido,0.6242500003281748,9901.099772185,9901.100498351,9901.099721226,9901.100396435,CACHE_MISS,2026-09-05T00:13:24.301666Z
74685786-4f40-4151-8015-94fb09e6fe7e,run1_rep1,F,OPEN,OPEN,request,NONE,MISS,0.028667000151472166,0.5030420015827985,INFO,adaptador.request,false,fallido,0.3939580001315335,9901.31259106,9901.313065435,9901.312562393,9901.312985018,CACHE_MISS,2026-09-05T00:13:24.514179Z
edfdcdb1-0fa8-4346-b733-19b4896dae2f,run1_rep1,F,OPEN,OPEN,request,NONE,MISS,0.05562499973166268,0.9065829999599373,INFO,adaptador.request,false,fallido,0.744582999686827,9901.40482231,9901.405673268,9901.404766685,9901.405566893,CACHE_MISS,2026-09-05T00:13:24.606833Z
aa707a2d-31e5-4892-9a7e-e3f8d5137e9f,run1_rep1,F,OPEN,OPEN,request,NONE,MISS,0.03975000072387047,1.4769999997952254,INFO,adaptador.request,false,fallido,1.262957999642822,9901.529777727,9901.531214977,9901.529737977,9901.531040685,CACHE_MISS,2026-09-05T00:13:24.733318Z
1afaf210-2ff9-4781-8857-5da98754b813,run1_rep1,F,OPEN,OPEN,request,NONE,MISS,0.0257500014413381,1.4671250009996584,INFO,adaptador.request,false,fallido,1.3218329986557364,9901.530333852,9901.531775227,9901.530308102,9901.531655685,CACHE_MISS,2026-09-05T00:13:24.733981Z
a6c0d450-6b23-47f6-9294-dd1389991df2,run1_rep1,F,OPEN,OPEN,request,NONE,MISS,0.04983300095773302,0.8699580012034858,INFO,adaptador.request,false,fallido,0.7109580001269933,9901.73731106,9901.738131185,9901.737261227,9901.738022018,CACHE_MISS,2026-09-05T00:13:24.939300Z
db2f3762-92cd-4085-a527-16c5b7ad8b68,run1_rep1,F,OPEN,OPEN,request,NONE,MISS,0.0608750015089754,0.8405830012634397,INFO,adaptador.request,false,fallido,0.6557079996127868,9901.76708506,9901.767864768,9901.767024185,9901.767740768,CACHE_MISS,2026-09-05T00:13:24.969049Z
ec549651-0049-48e8-af9f-6e4aed7d2380,run1_rep1,F,OPEN,OPEN,request,NONE,MISS,0.05462500121211633,0.8218750008381903,INFO,adaptador.request,false,fallido,0.66191699988849,9901.838123768,9901.838891018,9901.838069143,9901.838785685,CACHE_MISS,2026-09-05T00:13:25.040057Z
f08c828c-87c3-41e2-9fcf-91668a8abac8,run1_rep1,F,OPEN,OPEN,request,NONE,MISS,0.056332999520236626,0.9890410001389682,INFO,adaptador.request,false,fallido,0.8049580010265345,9901.905538935,9901.906471643,9901.905482602,9901.906343893,CACHE_MISS,2026-09-05T00:13:25.107657Z
9fd0c3d8-6e94-4045-92f0-682d480a4ae4,run1_rep1,F,OPEN,OPEN,request,NONE,MISS,0.03137499879812822,0.7438339998770971,INFO,adaptador.request,false,fallido,0.6492920001619495,9902.128384684,9902.129097143,9902.128353309,9902.129033976,CACHE_MISS,2026-09-05T00:13:25.328972Z
bc4a2e5f-ed5c-4299-b7bd-8b0d22e20288,run1_rep1,F,OPEN,OPEN,request,NONE,MISS,0.010999998266925104,0.9020829984365264,INFO,adaptador.request,false,fallido,0.8495410002069548,9902.128705393,9902.129596476,9902.128694393,9902.129554934,CACHE_MISS,2026-09-05T00:13:25.329594Z
c4504850-be3a-4ac9-b80d-ca18f6f5d2a7,run1_rep1,F,OPEN,OPEN,request,NONE,MISS,0.03404200106160715,0.6183750010677613,INFO,adaptador.request,false,fallido,0.49991599917120766,9902.252366143,9902.252950476,9902.252332101,9902.252866059,CACHE_MISS,2026-09-05T00:13:25.452879Z
85f7ac0d-b0d5-4793-a45a-954b3b0d1480,run1_rep1,F,OPEN,OPEN,request,NONE,MISS,0.054707999879610725,0.6879580014356179,INFO,adaptador.request,false,fallido,0.5486670015670825,9902.302366101,9902.302999351,9902.302311393,9902.302914768,CACHE_MISS,2026-09-05T00:13:25.502914Z
51fa211e-770f-41ac-8cf9-7812635db83b,run1_rep1,F,OPEN,OPEN,request,NONE,MISS,0.05395799962570891,0.6488749986601761,INFO,adaptador.request,false,fallido,0.5108330005896278,9902.368611226,9902.369206143,9902.368557268,9902.369122059,CACHE_MISS,2026-09-05T00:13:25.569106Z
5a17ba58-8125-4069-8917-0ce75b8454ba,run1_rep1,F,OPEN,OPEN,request,NONE,MISS,0.05345799945644103,1.1024579998775152,INFO,adaptador.request,false,fallido,0.9528330010653008,9902.472491101,9902.473540101,9902.472437643,9902.473443934,CACHE_MISS,2026-09-05T00:13:25.673651Z
fa72ca12-2b4e-4e14-a2aa-19534ddc0f13,run1_rep1,F,OPEN,OPEN,request,NONE,MISS,0.012791000699508004,0.8911250006349292,INFO,adaptador.request,false,fallido,0.8307499992952216,9902.472903559,9902.473781893,9902.472890768,9902.473734309,CACHE_MISS,2026-09-05T00:13:25.673962Z
15686b66-2c84-462e-84c2-624f8fe5ae57,run1_rep1,F,OPEN,OPEN,request,NONE,MISS,0.06354100150929298,1.0873330011236249,INFO,adaptador.request,false,fallido,0.9153749997494742,9902.532020934,9902.533044726,9902.531957393,9902.532936309,CACHE_MISS,2026-09-05T00:13:25.733201Z
4415be33-1001-43e8-8b50-072f81ea2739,run1_rep1,F,OPEN,OPEN,request,NONE,MISS,0.016040999980759807,0.9016249987325864,INFO,adaptador.request,false,fallido,0.8272499999293359,9902.532437809,9902.533323393,9902.532421768,9902.533265059,CACHE_MISS,2026-09-05T00:13:25.733612Z
74fb7eea-25b2-40fd-a8c4-3f9e65f9d734,run1_rep1,F,OPEN,OPEN,request,NONE,MISS,0.05558299926633481,0.7567079992440995,INFO,adaptador.request,false,fallido,0.5954999996902188,9902.652733476,9902.653434601,9902.652677893,9902.653328976,CACHE_MISS,2026-09-05T00:13:25.853323Z
1475cde5-887a-42ad-afbe-b06176d6a262,run1_rep1,F,OPEN,OPEN,request,NONE,MISS,0.06799999937356915,0.8622089990240056,INFO,adaptador.request,false,fallido,0.6795000008423813,9902.717534476,9902.718328685,9902.717466476,9902.718213976,CACHE_MISS,2026-09-05T00:13:25.918220Z
36ae71b6-e07d-45ce-89da-eb94abd9d0f2,run1_rep1,F,OPEN,OPEN,request,NONE,MISS,0.037542000427492894,0.7825419997971039,INFO,adaptador.request,false,fallido,0.6494999997812556,9902.72064931,9902.72139431,9902.720611768,9902.72129881,CACHE_MISS,2026-09-05T00:13:25.921292Z
462fe8b6-1a50-41c5-897e-550c30345541,run1_rep1,F,OPEN,OPEN,request,NONE,MISS,0.03362500137882307,0.5938750000495929,INFO,adaptador.request,false,fallido,0.45287499960977584,9902.733875768,9902.734436018,9902.733842143,9902.734328643,CACHE_MISS,2026-09-05T00:13:25.934335Z
215f8951-d6d4-40d0-b7bc-008acdeee4e2,run1_rep1,F,OPEN,OPEN,request,NONE,MISS,0.12574999891512562,1.031874999171123,INFO,adaptador.request,false,fallido,0.7925000008981442,9902.841938643,9902.842844768,9902.841812893,9902.842731143,CACHE_MISS,2026-09-05T00:13:26.042730Z
497b53f7-6a59-4fd6-a0ca-117b4249c425,run1_rep1,F,OPEN,OPEN,request,NONE,MISS,0.05683300150849391,0.9402910000062548,INFO,adaptador.request,false,fallido,0.7502499993279343,9902.924602393,9902.925485851,9902.92454556,9902.925352643,CACHE_MISS,2026-09-05T00:13:26.125394Z
9c2e2295-8626-4c62-8fd5-092ea8beb078,run1_rep1,F,OPEN,OPEN,request,NONE,MISS,0.05545900057768449,0.8522919997631107,INFO,adaptador.request,false,fallido,0.6962499992368976,9903.00663456,9903.007431393,9903.006579101,9903.00733081,CACHE_MISS,2026-09-05T00:13:26.207315Z
1d7ee672-3f57-401c-8241-8a3a772590d1,run1_rep1,F,OPEN,OPEN,request,NONE,MISS,0.04054199962411076,0.8349590007128427,INFO,adaptador.request,false,fallido,0.681875000736909,9903.048946018,9903.049740435,9903.048905476,9903.049627893,CACHE_MISS,2026-09-05T00:13:26.249632Z
b190649b-e18a-49c3-9a39-d7c45c7a4878,run1_rep1,F,OPEN,OPEN,request,NONE,MISS,0.05549999877985101,0.8355829995707609,INFO,adaptador.request,false,fallido,0.6665000000793952,9903.149559143,9903.150339226,9903.149503643,9903.150225643,CACHE_MISS,2026-09-05T00:13:26.350242Z
b6eabd06-e581-4a11-b3a8-5f5df20de708,run1_rep1,F,OPEN,OPEN,request,NONE,MISS,0.057499999456922524,0.8113330004562158,INFO,adaptador.request,false,fallido,0.6364160017255927,9903.163742185,9903.164496018,9903.163684685,9903.164378601,CACHE_MISS,2026-09-05T00:13:26.364393Z
035b088a-1021-4c93-bda4-43ef74f26745,run1_rep1,F,OPEN,OPEN,request,NONE,MISS,0.07208300121419597,0.6662910000159172,INFO,adaptador.request,false,fallido,0.519291999808047,9903.188505268,9903.189099476,9903.188433185,9903.18902456,CACHE_MISS,2026-09-05T00:13:26.388987Z
bbf4b56a-89d9-4419-a732-b38e901f72a3,run1_rep1,F,OPEN,OPEN,request,NONE,MISS,0.05824999971082434,0.9546660003252327,INFO,adaptador.request,false,fallido,0.7633330005774042,9903.301181685,9903.302078101,9903.301123435,9903.301945018,CACHE_MISS,2026-09-05T00:13:26.501970Z
ac53b8f3-8bb1-4cb5-83db-a198f3627935,run1_rep1,F,OPEN,OPEN,request,NONE,MISS,0.03212500087101944,0.5245000011200318,INFO,adaptador.request,false,fallido,0.4182089996902505,9903.307631226,9903.308123601,9903.307599101,9903.308049435,CACHE_MISS,2026-09-05T00:13:26.508005Z
66eb7d26-9736-427b-b03d-e0f6c377b9a7,run1_rep1,F,OPEN,OPEN,request,NONE,MISS,0.02199999835283961,0.4598339983203914,INFO,adaptador.request,false,fallido,0.38300000051094685,9903.310868976,9903.31130681,9903.310846976,9903.311251976,CACHE_MISS,2026-09-05T00:13:26.511174Z
3356cac3-1f4a-4e3d-ba14-d7f1fcc10a33,run1_rep1,F,OPEN,OPEN,request,NONE,MISS,0.051125000027241185,0.8397919991693925,INFO,adaptador.request,false,fallido,0.6895839997014264,9903.411900393,9903.41268906,9903.411849268,9903.412589977,CACHE_MISS,2026-09-05T00:13:26.612575Z
71c8ab03-ab56-4510-add6-2de9f0685b64,run1_rep1,F,OPEN,OPEN,request,NONE,MISS,0.06416600081138313,0.78025000038906,INFO,adaptador.request,false,fallido,0.6101250000938307,9903.459050268,9903.459766352,9903.458986102,9903.459660393,CACHE_MISS,2026-09-05T00:13:26.659665Z
20b2e62f-254f-467a-9f22-a3924c19757a,run1_rep1,F,OPEN,OPEN,request,NONE,MISS,0.07758299943816382,0.886040999830584,INFO,adaptador.request,false,fallido,0.6882080015202519,9903.510834435,9903.511642893,9903.510756852,9903.511522643,CACHE_MISS,2026-09-05T00:13:26.711542Z
239ff17c-fd4b-4515-bfdc-bb55828e2154,run1_rep1,F,OPEN,OPEN,request,NONE,MISS,0.024750001102802344,0.43229200127825607,INFO,adaptador.request,false,fallido,0.35345899959793314,9903.515514143,9903.515921685,9903.515489393,9903.515867602,CACHE_MISS,2026-09-05T00:13:26.715782Z
5aa2c168-7d95-4022-96af-e03174fa8c5d,run1_rep1,F,OPEN,OPEN,request,NONE,MISS,0.036875000660074875,1.0090830000990536,INFO,adaptador.request,false,fallido,0.9032910002133576,9903.531868602,9903.53284081,9903.531831727,9903.532771893,CACHE_MISS,2026-09-05T00:13:26.733052Z
87847208-8667-47ec-8103-f3d0750d0b43,run1_rep1,F,OPEN,OPEN,request,NONE,MISS,0.015999999959603883,0.7725409996055532,INFO,adaptador.request,false,fallido,0.7013750000623986,9903.532414727,9903.533171268,9903.532398727,9903.533116102,CACHE_MISS,2026-09-05T00:13:26.733306Z
c722249f-0468-4ba1-a2a3-fd1fac0ad13d,run1_rep1,F,OPEN,OPEN,request,NONE,MISS,0.06958400081202853,0.9219999992637895,INFO,adaptador.request,false,fallido,0.7407909997709794,9903.626558477,9903.627410893,9903.626488893,9903.627299268,CACHE_MISS,2026-09-05T00:13:26.827313Z
70ccbf9a-227d-4913-8fdf-93dd8a8e646d,run1_rep1,F,OPEN,OPEN,request,NONE,MISS,0.035624998417915776,0.6962499992368976,INFO,adaptador.request,false,fallido,0.583958000788698,9903.792555727,9903.793216352,9903.792520102,9903.793139685,CACHE_MISS,2026-09-05T00:13:26.993113Z
4cc5462a-9956-46db-9500-5adce62e512e,run1_rep1,F,OPEN,OPEN,request,NONE,MISS,0.0413329998991685,0.6005409995850641,INFO,adaptador.request,false,fallido,0.4831669994018739,9903.80755331,9903.808112518,9903.807511977,9903.808036477,CACHE_MISS,2026-09-05T00:13:27.008014Z
51d1a735-0a17-44e9-8af4-c3f598276330,run1_rep1,F,OPEN,OPEN,request,NONE,MISS,0.055374999647028744,0.7829579990357161,INFO,adaptador.request,false,fallido,0.6218750004336471,9903.871508602,9903.872236185,9903.871453227,9903.872130477,CACHE_MISS,2026-09-05T00:13:27.072131Z
9c275599-157d-41b2-b708-c61bdf874b14,run1_rep1,F,OPEN,OPEN,request,NONE,MISS,0.03991699850303121,0.7022089994279668,INFO,adaptador.request,false,fallido,0.5847500015079277,9903.90395031,9903.904612602,9903.903910393,9903.90453506,CACHE_MISS,2026-09-05T00:13:27.104498Z
fe5b40c2-9636-4c1f-865a-19bfa9e2ee7f,run1_rep1,F,OPEN,OPEN,request,NONE,MISS,0.05220800085226074,0.872374999744352,INFO,adaptador.request,false,fallido,0.7107499986886978,9903.93559631,9903.936416477,9903.935544102,9903.93630706,CACHE_MISS,2026-09-05T00:13:27.136311Z
127c397f-bc9b-4bba-b06b-b24fdbeea1e2,run1_rep1,F,OPEN,OPEN,request,NONE,MISS,0.04375000025902409,0.7996250005817274,INFO,adaptador.request,false,fallido,0.6719590001011966,9903.941856268,9903.942612143,9903.941812518,9903.942528227,CACHE_MISS,2026-09-05T00:13:27.142498Z
6e04969b-40e9-4356-8449-0a8154943abe,run1_rep1,F,OPEN,OPEN,request,NONE,MISS,0.039167000068118796,0.4795420009031659,INFO,adaptador.request,false,fallido,0.3819170015049167,9903.95801981,9903.958460185,9903.957980643,9903.958401727,CACHE_MISS,2026-09-05T00:13:27.158327Z
30caf944-aeb5-4c6d-9c86-c210c910e8c2,run1_rep1,F,OPEN,OPEN,request,NONE,MISS,0.019958000848419033,0.3828330009127967,INFO,adaptador.request,false,fallido,0.3040829997189576,9903.96535306,9903.965715935,9903.965333102,9903.965657143,CACHE_MISS,2026-09-05T00:13:27.165577Z
a4b9ea4d-7cd2-4492-9c3f-3ed63f83ba28,run1_rep1,F,OPEN,OPEN,request,NONE,MISS,0.018999999156221747,0.3552090001903707,INFO,adaptador.request,false,fallido,0.28641700009757187,9903.983113518,9903.983449727,9903.983094518,9903.983399935,CACHE_MISS,2026-09-05T00:13:27.183305Z
5249f591-ac44-4e5d-9694-75f8098592cd,run1_rep1,F,OPEN,OPEN,request,NONE,MISS,0.07949999962875154,1.444415998776094,INFO,adaptador.request,false,fallido,1.2459160006983439,9904.184044394,9904.18540931,9904.183964894,9904.18529031,CACHE_MISS,2026-09-05T00:13:27.385542Z
96a5b1a1-37d6-4c76-8bdf-e8e07f9d7212,run1_rep1,F,OPEN,OPEN,request,NONE,MISS,0.020707999283331446,1.0561669987509958,INFO,adaptador.request,false,fallido,0.9937499999068677,9904.18463256,9904.185668019,9904.184611852,9904.18562631,CACHE_MISS,2026-09-05T00:13:27.385879Z
601f93d3-8945-429c-bbdc-a0ad7e2c5619,run1_rep1,F,OPEN,OPEN,request,NONE,MISS,0.023749998945277184,0.4737919989565853,INFO,adaptador.request,false,fallido,0.38045899964345153,9904.191936935,9904.192386977,9904.191913185,9904.192317394,CACHE_MISS,2026-09-05T00:13:27.392265Z
85e0af64-59f8-458e-af97-1a6046501d1c,run1_rep1,F,OPEN,OPEN,request,NONE,MISS,0.05904099998588208,1.1050000011891825,INFO,adaptador.request,false,fallido,0.9517500002402812,9904.24317606,9904.244222019,9904.243117019,9904.24412781,CACHE_MISS,2026-09-05T00:13:27.444377Z
10327619-fb56-464d-8a35-0760cac9b94e,run1_rep1,F,OPEN,OPEN,request,NONE,MISS,0.017917000150191598,0.923542000236921,INFO,adaptador.request,false,fallido,0.8510830011800863,9904.243593644,9904.244499269,9904.243575727,9904.244444727,CACHE_MISS,2026-09-05T00:13:27.444677Z
42b1bb8f-567e-404a-8b44-368f1a56a6ff,run1_rep1,F,OPEN,OPEN,request,NONE,MISS,0.049041998863685876,0.8038750002015149,INFO,adaptador.request,false,fallido,0.6445409999287222,9904.271841519,9904.272596352,9904.271792477,9904.27248606,CACHE_MISS,2026-09-05T00:13:27.472485Z
9bed6625-a41c-4f4c-b3d9-a5b67ca3e14a,run1_rep1,F,OPEN,OPEN,request,NONE,MISS,0.033916001484612934,0.6260000009206124,INFO,adaptador.request,false,fallido,0.5164589983905898,9904.391265935,9904.391858019,9904.391232019,9904.391782394,CACHE_MISS,2026-09-05T00:13:27.591762Z
e7dbf2b0-0d94-4c27-9b5c-afa3c35ad327,run1_rep1,F,OPEN,OPEN,request,NONE,MISS,0.03929200101993047,0.9087920007004868,INFO,adaptador.request,false,fallido,0.7407920002151513,9904.445754602,9904.446624102,9904.44571531,9904.446495394,CACHE_MISS,2026-09-05T00:13:27.646541Z
6ed5938d-250d-4ed9-9395-4daebd733775,run1_rep1,F,OPEN,OPEN,request,NONE,MISS,0.021916999685345218,0.5174170000827871,INFO,adaptador.request,false,fallido,0.3727919993252726,9904.448493852,9904.448989352,9904.448471935,9904.448866644,CACHE_MISS,2026-09-05T00:13:27.648905Z
25407eaa-2079-4016-8259-f15e9e67ba0f,run1_rep1,F,OPEN,OPEN,request,NONE,MISS,0.023958000383572653,0.5627080008707708,INFO,adaptador.request,false,fallido,0.46387499969569035,9904.451083352,9904.451622102,9904.451059394,9904.451547227,CACHE_MISS,2026-09-05T00:13:27.651486Z
b115b86e-9776-4130-ab48-31eca66ddb06,run1_rep1,F,OPEN,OPEN,request,NONE,MISS,0.025374998585903086,0.4550829999061534,INFO,adaptador.request,false,fallido,0.36220800029695965,9904.471229144,9904.471658852,9904.471203769,9904.471591352,CACHE_MISS,2026-09-05T00:13:27.671523Z
99340e3f-dd07-49ec-a55f-5e4ae577dec8,run1_rep1,F,OPEN,OPEN,request,NONE,MISS,0.032750000173109584,0.5636670011881506,INFO,adaptador.request,false,fallido,0.4623750010068761,9904.495865477,9904.496396394,9904.495832727,9904.496327852,CACHE_MISS,2026-09-05T00:13:27.696252Z
322cf159-6704-49d6-9923-ae02fef0fa4e,run1_rep1,F,OPEN,OPEN,request,NONE,MISS,0.04225000157020986,1.0689160008041654,INFO,adaptador.request,false,fallido,0.9333329999208217,9904.534851394,9904.53587806,9904.534809144,9904.535784727,CACHE_MISS,2026-09-05T00:13:27.736070Z
8cc16c78-af65-40a9-bb46-cfa028ca8d7d,run1_rep1,F,OPEN,OPEN,request,NONE,MISS,0.020375000531203113,0.900875000297674,INFO,adaptador.request,false,fallido,0.8300410008814652,9904.535307769,9904.536188269,9904.535287394,9904.53613781,CACHE_MISS,2026-09-05T00:13:27.736380Z
0028de80-e374-41b7-b72b-294fe6b9c6b5,run1_rep1,F,OPEN,OPEN,request,NONE,MISS,0.04595900099957362,0.7127919998310972,INFO,adaptador.request,false,fallido,0.5871659996046219,9904.623458394,9904.624125227,9904.623412435,9904.62404556,CACHE_MISS,2026-09-05T00:13:27.824001Z
050fdaf1-d15f-47b0-821e-12581ce481e6,run1_rep1,F,OPEN,OPEN,request,NONE,MISS,0.059541998780332506,0.7920829993963707,INFO,adaptador.request,false,fallido,0.6456250011979137,9904.660620394,9904.661352935,9904.660560852,9904.661266019,CACHE_MISS,2026-09-05T00:13:27.861241Z
951ccb7d-de1e-4482-aa85-297346c75bf8,run1_rep1,F,OPEN,OPEN,request,NONE,MISS,0.05450000026030466,0.8064169996941928,INFO,adaptador.request,false,fallido,0.6407920009223744,9904.720974602,9904.721726519,9904.720920102,9904.721615394,CACHE_MISS,2026-09-05T00:13:27.921625Z
899959c2-68e0-47a6-b6fe-4b41a153f522,run1_rep1,F,OPEN,OPEN,request,NONE,MISS,0.05091700040793512,0.8637079990876373,INFO,adaptador.request,false,fallido,0.5957499997748528,9904.732848269,9904.73366106,9904.732797352,9904.733444019,CACHE_MISS,2026-09-05T00:13:27.933631Z
e765c59f-c803-49c1-bcfd-dd9863a9a125,run1_rep1,F,OPEN,OPEN,request,NONE,MISS,0.030082999728620052,0.5588330004684394,INFO,adaptador.request,false,fallido,0.46137500066834036,9904.739766727,9904.740295477,9904.739736644,9904.740228102,CACHE_MISS,2026-09-05T00:13:27.940162Z
ecb89486-33c8-4fae-b484-ed21b83c6506,run1_rep1,F,OPEN,OPEN,request,NONE,MISS,0.023582999347127043,0.3837909989670152,INFO,adaptador.request,false,fallido,0.3035419995285338,9904.776497727,9904.776857935,9904.776474144,9904.776801269,CACHE_MISS,2026-09-05T00:13:27.976723Z
eb03a3c3-4c41-4401-a457-24ff66f521ec,run1_rep1,F,OPEN,OPEN,request,NONE,MISS,0.04987499960407149,0.8753329984756419,INFO,adaptador.request,false,fallido,0.6982079994486412,9904.818563519,9904.819388977,9904.818513644,9904.819261727,CACHE_MISS,2026-09-05T00:13:28.019298Z
0c1a410a-4782-4c1a-8881-9d9df5af7e1c,run1_rep1,F,OPEN,OPEN,request,NONE,MISS,0.060708000091835856,0.9962080002878793,INFO,adaptador.request,false,fallido,0.8037499992497033,9904.886738227,9904.887673727,9904.886677519,9904.887541977,CACHE_MISS,2026-09-05T00:13:28.087594Z
67c98645-d11d-4c28-ad65-4dee605adb84,run1_rep1,F,OPEN,OPEN,request,NONE,MISS,0.027541000235942192,0.7187500013969839,INFO,adaptador.request,false,fallido,0.6279999997786945,9904.888389602,9904.889080811,9904.888362061,9904.889017602,CACHE_MISS,2026-09-05T00:13:28.088948Z
77cbe1c0-01d4-4968-97c9-af184504eb71,run1_rep1,F,OPEN,OPEN,request,NONE,MISS,0.02700000004551839,0.9607909996702801,INFO,adaptador.request,false,fallido,0.8598750009696232,9904.907244311,9904.908178102,9904.907217311,9904.908104186,CACHE_MISS,2026-09-05T00:13:28.108331Z
19667677-82bd-45df-91a1-bded279b70f4,run1_rep1,F,OPEN,OPEN,request,NONE,MISS,0.016333999155904166,0.7664999993721722,INFO,adaptador.request,false,fallido,0.6980830003158189,9904.907699561,9904.908449727,9904.907683227,9904.908397644,CACHE_MISS,2026-09-05T00:13:28.108594Z
9c60e57e-7145-4748-b892-ca71e5e8d659,run1_rep1,F,OPEN,OPEN,request,NONE,MISS,0.03329199898871593,0.5193340002733748,INFO,adaptador.request,false,fallido,0.4215420012769755,9904.926216019,9904.926702061,9904.926182727,9904.926637561,CACHE_MISS,2026-09-05T00:13:28.126566Z
af30323a-5d9e-4ed6-82b7-d04f892357e3,run1_rep1,F,OPEN,OPEN,request,NONE,MISS,0.017709000530885532,0.42291700083296746,INFO,adaptador.request,false,fallido,0.322750000123051,9904.933626061,9904.934031269,9904.933608352,9904.933948811,CACHE_MISS,2026-09-05T00:13:28.133897Z
a7ef697f-033e-4cb1-b6e6-7fb3c4c26434,run1_rep1,F,OPEN,OPEN,request,NONE,MISS,0.01633300053072162,0.34991700158570893,INFO,adaptador.request,false,fallido,0.2790420003293548,9904.960636102,9904.960969686,9904.960619769,9904.960915144,CACHE_MISS,2026-09-05T00:13:28.160849Z
f10d9f04-1d25-4953-b52f-ad855ac7731f,run1_rep1,F,OPEN,OPEN,request,NONE,MISS,0.05450000026030466,1.2031670012220275,INFO,adaptador.request,false,fallido,1.05220899968117,9905.080193102,9905.081341769,9905.080138602,9905.081245311,CACHE_MISS,2026-09-05T00:13:28.281530Z
cec42f72-26cd-40dd-b63b-a6bae66d0d8b,run1_rep1,F,OPEN,OPEN,request,NONE,MISS,0.018125001588487066,0.9753750000527361,INFO,adaptador.request,false,fallido,0.9084590001293691,9905.080690602,9905.081647852,9905.080672477,9905.081599061,CACHE_MISS,2026-09-05T00:13:28.281969Z
cc7844f5-fd58-429b-9bd0-955d897c4aab,run1_rep1,F,OPEN,OPEN,request,NONE,MISS,0.05633300133922603,0.8904170008463552,INFO,adaptador.request,false,fallido,0.7238340003823396,9905.127989352,9905.128823436,9905.127933019,9905.128713186,CACHE_MISS,2026-09-05T00:13:28.328729Z
a0951d16-84e4-4e84-a9fd-45a631b2377d,run1_rep1,F,OPEN,OPEN,request,NONE,MISS,0.0870000003487803,1.5073750000738073,INFO,adaptador.request,false,fallido,1.1223330002394505,9905.199037811,9905.200458186,9905.198950811,9905.200160144,CACHE_MISS,2026-09-05T00:13:28.400423Z
81545b87-8424-4ddc-b481-9b6940b1a59f,run1_rep1,F,OPEN,OPEN,request,NONE,MISS,0.036625000575440936,0.6207919996086275,INFO,adaptador.request,false,fallido,0.5072080002719304,9905.203558519,9905.204142686,9905.203521894,9905.204065727,CACHE_MISS,2026-09-05T00:13:28.404004Z
3e0f48bd-f507-410a-afac-9bf88fb7a929,run1_rep1,F,OPEN,OPEN,request,NONE,MISS,0.021292000383255072,0.42874999962805305,INFO,adaptador.request,false,fallido,0.35658299930219073,9905.215676394,9905.216083852,9905.215655102,9905.216032977,CACHE_MISS,2026-09-05T00:13:28.415947Z
99a07d0b-e4da-4c75-b431-b717cdbe60ae,run1_rep1,F,OPEN,OPEN,request,NONE,MISS,0.015792000340297818,0.40012499994190875,INFO,adaptador.request,false,fallido,0.3144999991491204,9905.230637769,9905.231022102,9905.230621977,9905.230952269,CACHE_MISS,2026-09-05T00:13:28.430895Z
f3172e4c-8b88-4439-b5b0-8923194ae3af,run1_rep1,F,OPEN,OPEN,request,NONE,MISS,0.04954200085194316,0.5363750005926704,INFO,adaptador.request,false,fallido,0.4320419993746327,9905.258596019,9905.259082852,9905.258546477,9905.259028061,CACHE_MISS,2026-09-05T00:13:28.458945Z
7059fd80-5e27-4874-9a7a-e7ce8ae8c765,run1_rep1,F,OPEN,OPEN,request,NONE,MISS,0.018917000488727354,0.3622920012276154,INFO,adaptador.request,false,fallido,0.2913330008595949,9905.273654269,9905.273997644,9905.273635352,9905.273945602,CACHE_MISS,2026-09-05T00:13:28.473884Z
ad020a65-d635-4912-9aaa-53865686d011,run1_rep1,F,OPEN,OPEN,request,NONE,MISS,0.05662500007019844,1.321333000305458,INFO,adaptador.request,false,fallido,1.1632079986156896,9905.341197436,9905.342462144,9905.341140811,9905.342360644,CACHE_MISS,2026-09-05T00:13:28.542994Z
559fb7f0-d7e0-423c-b0f2-db5c4aaeda86,run1_rep1,F,OPEN,OPEN,request,NONE,MISS,0.022667001758236438,1.2274580003577285,INFO,adaptador.request,false,fallido,1.15899999946123,9905.341751686,9905.342956477,9905.341729019,9905.342910686,CACHE_MISS,2026-09-05T00:13:28.543329Z
b4eb34c8-ac2e-4f70-b220-6ac71d4eff91,run1_rep1,F,OPEN,OPEN,request,NONE,MISS,0.01654199877521023,1.1222079992876388,INFO,adaptador.request,false,fallido,1.0247500013065292,9905.342835311,9905.343940977,9905.342818769,9905.343860061,CACHE_MISS,2026-09-05T00:13:28.544176Z
2981d28d-fe2e-48d2-bca6-234204d8f1aa,run1_rep1,F,OPEN,OPEN,request,NONE,MISS,0.02262499947391916,0.44424999941838905,INFO,adaptador.request,false,fallido,0.36679100048786495,9905.366911811,9905.367333436,9905.366889186,9905.367278602,CACHE_MISS,2026-09-05T00:13:28.567197Z
48c2d6d7-5bde-4c77-8bc7-f55afe9e0adc,run1_rep1,F,OPEN,OPEN,request,NONE,MISS,0.013790999219054356,0.3549579996615648,INFO,adaptador.request,false,fallido,0.2592090004327474,9905.380707477,9905.381048644,9905.380693686,9905.380966686,CACHE_MISS,2026-09-05T00:13:28.580912Z
6ae2b971-3729-47f0-b290-37079799e13f,run1_rep1,F,OPEN,OPEN,request,NONE,MISS,0.021583000489044935,0.3753749988391064,INFO,adaptador.request,false,fallido,0.30566699933842756,9905.387469769,9905.387823561,9905.387448186,9905.387775436,CACHE_MISS,2026-09-05T00:13:28.587679Z
5817b562-43d2-46e5-94ed-0e8087a4598c,run1_rep1,F,OPEN,OPEN,request,NONE,MISS,0.06512499930977356,0.9860419995675329,INFO,adaptador.request,false,fallido,0.7532079998782137,9905.492221936,9905.493142853,9905.492156811,9905.492975144,CACHE_MISS,2026-09-05T00:13:28.693070Z
fef2e941-1b94-40fe-9fc7-243a60d5ac73,run1_rep1,F,OPEN,OPEN,request,NONE,MISS,0.02779100032057613,0.8051250006246846,INFO,adaptador.request,false,fallido,0.7180419997894205,9905.493871519,9905.494648853,9905.493843728,9905.494589561,CACHE_MISS,2026-09-05T00:13:28.694511Z
0b94c176-5124-4bcc-9cf6-227406c8504a,run1_rep1,F,OPEN,OPEN,request,NONE,MISS,0.046458000724669546,1.0003750012401724,INFO,adaptador.request,false,fallido,0.8322499998030253,9905.557894394,9905.558848311,9905.557847936,9905.558726644,CACHE_MISS,2026-09-05T00:13:28.758754Z
cf259a99-96b4-47cc-a992-e88730cddf6e,run1_rep1,F,OPEN,OPEN,request,NONE,MISS,0.024124999981722794,0.8081249998213025,INFO,adaptador.request,false,fallido,0.7222500007628696,9905.561961894,9905.562745894,9905.561937769,9905.562684144,CACHE_MISS,2026-09-05T00:13:28.762932Z
d99d8c4d-79f5-4ffb-90b1-9ba9eb31974f,run1_rep1,F,OPEN,OPEN,request,NONE,MISS,0.014332999853650108,0.7260000002133893,INFO,adaptador.request,false,fallido,0.6304590006038779,9905.562325269,9905.563036936,9905.562310936,9905.562955728,CACHE_MISS,2026-09-05T00:13:28.763189Z
aba86b80-9d04-483b-a0a0-a2c6398895af,run1_rep1,F,OPEN,OPEN,request,NONE,MISS,0.017082998965634033,0.37512499875447247,INFO,adaptador.request,false,fallido,0.3068750011152588,9905.577543144,9905.577901186,9905.577526061,9905.577850019,CACHE_MISS,2026-09-05T00:13:28.777764Z
9aa6f994-a8b3-4f42-b23a-3e413fa1d726,run1_rep1,F,OPEN,OPEN,request,NONE,MISS,0.035457998819765635,1.37029199868266,INFO,adaptador.request,false,fallido,1.2390000010782387,9905.650608019,9905.651942853,9905.650572561,9905.651847019,CACHE_MISS,2026-09-05T00:13:28.852112Z
bd40a872-b75c-4a6a-9993-62c213b52cfb,run1_rep1,F,OPEN,OPEN,request,NONE,MISS,0.025207998987752944,1.0508329996810062,INFO,adaptador.request,false,fallido,0.9720420002850005,9905.651209519,9905.652235144,9905.651184311,9905.652181561,CACHE_MISS,2026-09-05T00:13:28.852382Z
beb26137-6b2f-4605-ac34-67714a3ce9db,run1_rep1,F,OPEN,OPEN,request,NONE,MISS,0.05545800013351254,1.0571250004431931,INFO,adaptador.request,false,fallido,0.90266699953645,9905.743906394,9905.744908061,9905.743850936,9905.744809061,CACHE_MISS,2026-09-05T00:13:28.944832Z
567e31a4-a2c0-4124-9821-ce6e64b2d90e,run1_rep1,F,OPEN,OPEN,request,NONE,MISS,0.021666000975528732,0.9307079999416601,INFO,adaptador.request,false,fallido,0.852374998430605,9905.744712019,9905.745621061,9905.744690353,9905.745564394,CACHE_MISS,2026-09-05T00:13:28.945673Z
3d4a1577-b648-4dc6-8133-236d511d52e1,run1_rep1,F,OPEN,OPEN,request,NONE,MISS,0.056332999520236626,0.926040998820099,INFO,adaptador.request,false,fallido,0.735792000341462,9905.815413811,9905.816283519,9905.815357478,9905.816149603,CACHE_MISS,2026-09-05T00:13:29.016191Z
8e8dcfda-0325-4818-bf82-f7a22ab82687,run1_rep1,F,OPEN,OPEN,request,NONE,MISS,0.06833299994468689,1.169458000731538,INFO,adaptador.request,false,fallido,0.855042000694084,9905.851198769,9905.852299894,9905.851130436,9905.852053811,CACHE_MISS,2026-09-05T00:13:29.052254Z
9b595f88-a560-4147-a8bc-4a9133244bae,run1_rep1,F,OPEN,OPEN,request,NONE,MISS,0.032916999771259725,0.5912919987167697,INFO,adaptador.request,false,fallido,0.4918750000797445,9905.858679978,9905.859238353,9905.858647061,9905.859171853,CACHE_MISS,2026-09-05T00:13:29.059106Z
53c84800-5ef7-4eec-9089-29f0423a5455,run1_rep1,F,OPEN,OPEN,request,NONE,MISS,0.05166600021766499,0.7907499984867172,INFO,adaptador.request,false,fallido,0.6374999993568053,9905.914966894,9905.915705978,9905.914915228,9905.915604394,CACHE_MISS,2026-09-05T00:13:29.115602Z
4b8bfd9f-11a0-4684-9fa0-4fa4e41bc842,run1_rep1,F,OPEN,OPEN,request,NONE,MISS,0.022332998923957348,0.4555830000754213,INFO,adaptador.request,false,fallido,0.37812499977007974,9905.921052311,9905.921485561,9905.921029978,9905.921430436,CACHE_MISS,2026-09-05T00:13:29.121350Z
e5ab129f-9fae-48f4-a953-1c7340fecdb1,run1_rep1,F,OPEN,OPEN,request,NONE,MISS,0.059458001487655565,0.9357079998153495,INFO,adaptador.request,false,fallido,0.760958999308059,9905.973464144,9905.974340394,9905.973404686,9905.974225103,CACHE_MISS,2026-09-05T00:13:29.174241Z
ff80b411-23ef-4b0e-9874-4c442ee15c39,run1_rep1,F,OPEN,OPEN,request,NONE,MISS,0.0574589994357666,0.9492089993727859,INFO,adaptador.request,false,fallido,0.7821660001354758,9906.024601353,9906.025493103,9906.024543894,9906.025383519,CACHE_MISS,2026-09-05T00:13:29.225411Z
93015680-4a10-4a1e-92ba-67422a170a3a,run1_rep1,F,OPEN,OPEN,request,NONE,MISS,0.026166999305132776,0.8169169996108394,INFO,adaptador.request,false,fallido,0.726791000488447,9906.073187228,9906.073977978,9906.073161061,9906.073914019,CACHE_MISS,2026-09-05T00:13:29.274092Z
44c4254f-173e-42ce-a007-48f1c7170242,run1_rep1,F,OPEN,OPEN,request,NONE,MISS,0.010958001439576037,0.6934160010132473,INFO,adaptador.request,false,fallido,0.6401669998012949,9906.073539311,9906.074221769,9906.073528353,9906.074179478,CACHE_MISS,2026-09-05T00:13:29.274394Z
c3ccf47f-0eaa-4480-8d12-f6cb400724b6,run1_rep1,F,OPEN,OPEN,request,NONE,MISS,0.013916998796048574,0.30087499908404425,INFO,adaptador.request,false,fallido,0.240999999732594,9906.079477811,9906.079764769,9906.079463894,9906.079718811,CACHE_MISS,2026-09-05T00:13:29.279609Z
e96854c6-3059-4a1a-ac85-34996ba15b14,run1_rep1,F,OPEN,OPEN,request,NONE,MISS,0.018832999558071606,0.3569170003174804,INFO,adaptador.request,false,fallido,0.2883340002881596,9906.083144519,9906.083482603,9906.083125686,9906.083432853,CACHE_MISS,2026-09-05T00:13:29.283335Z
fd6abbe1-3918-4f4e-97be-ecef9eeb3665,run1_rep1,F,OPEN,OPEN,request,NONE,MISS,0.015958001313265413,0.3930830007448094,INFO,adaptador.request,false,fallido,0.3158749987051124,9906.117613394,9906.117990519,9906.117597436,9906.117929269,CACHE_MISS,2026-09-05T00:13:29.317873Z
ce5c2656-b513-4f00-98f2-5e98f8c6ca5f,run1_rep1,F,OPEN,OPEN,request,NONE,MISS,0.04650000118999742,0.7898340008978266,INFO,adaptador.request,false,fallido,0.6460419990617083,9906.226377061,9906.227120395,9906.226330561,9906.227023103,CACHE_MISS,2026-09-05T00:13:29.427001Z
af418aa1-1756-486e-95b1-b2870a85b8a2,run1_rep1,F,OPEN,OPEN,request,NONE,MISS,0.046582999857491814,0.949166998907458,INFO,adaptador.request,false,fallido,0.8174590002454352,9906.258307811,9906.259210395,9906.258261228,9906.25912527,CACHE_MISS,2026-09-05T00:13:29.459109Z
ac63553e-42f9-4ecd-83c1-5ac8e6e8cfe3,run1_rep1,F,OPEN,OPEN,request,NONE,MISS,0.025332999939564615,0.9924580008373596,INFO,adaptador.request,false,fallido,0.8949580005719326,9906.259067103,9906.260034228,9906.25904177,9906.259962061,CACHE_MISS,2026-09-05T00:13:29.459907Z
572f95af-9e0c-40ff-be9c-091b54f3bc89,run1_rep1,F,OPEN,OPEN,request,NONE,MISS,0.03658300011011306,0.99137500001234,INFO,adaptador.request,false,fallido,0.8694589996594004,9906.283366061,9906.284320853,9906.283329478,9906.28423552,CACHE_MISS,2026-09-05T00:13:29.484205Z
c78732de-400e-4c89-a1c5-b47f681153bb,run1_rep1,F,OPEN,OPEN,request,NONE,MISS,0.06274999941524584,0.9918339983414626,INFO,adaptador.request,false,fallido,0.7876250001572771,9906.327898186,9906.32882727,9906.327835436,9906.328685811,CACHE_MISS,2026-09-05T00:13:29.528725Z
1a612faf-260e-496e-8a0a-aeab149611de,run1_rep1,F,OPEN,OPEN,request,NONE,MISS,0.037540999983320944,0.6316250000963919,INFO,adaptador.request,false,fallido,0.5089999995107064,9906.343267811,9906.343861895,9906.34323027,9906.343776811,CACHE_MISS,2026-09-05T00:13:29.543736Z
400f8338-1770-4ad9-9d4c-c5cc48fbdcf1,run1_rep1,F,OPEN,OPEN,request,NONE,MISS,0.05770900133938994,1.1056670009566005,INFO,adaptador.request,false,fallido,0.9620829987397883,9906.393149645,9906.394197603,9906.393091936,9906.394111728,CACHE_MISS,2026-09-05T00:13:29.594073Z
2e71ab12-ab5f-4e2d-aadb-5d72eff6f678,run1_rep1,F,OPEN,OPEN,request,NONE,MISS,0.04429200089361984,0.8095000011962838,INFO,adaptador.request,false,fallido,0.7064580004225718,9906.394038978,9906.394804186,9906.393994686,9906.394745436,CACHE_MISS,2026-09-05T00:13:29.594878Z
f73e5935-cdcf-4575-bb4a-b09243fbce05,run1_rep1,F,OPEN,OPEN,request,NONE,MISS,0.03375000051164534,0.5897089995414717,INFO,adaptador.request,false,fallido,0.4634590004570782,9906.440381311,9906.44093727,9906.440347561,9906.44084477,CACHE_MISS,2026-09-05T00:13:29.640875Z
dcdfd564-ac8a-4c5e-ba95-f24973948035,run1_rep1,F,OPEN,OPEN,request,NONE,MISS,0.05220800085226074,0.7769580006424803,INFO,adaptador.request,false,fallido,0.6377499994414393,9906.480793561,9906.481518311,9906.480741353,9906.481431311,CACHE_MISS,2026-09-05T00:13:29.681396Z
0a5ed82f-7779-48a3-9a97-7815c3b7ac35,run1_rep1,F,OPEN,OPEN,request,NONE,MISS,0.0485420005134074,0.7925000008981442,INFO,adaptador.request,false,fallido,0.6369170005200431,9906.503338478,9906.504082436,9906.503289936,9906.503975395,CACHE_MISS,2026-09-05T00:13:29.703946Z
62a2739c-c59d-412e-b000-75fc958186c1,run1_rep1,F,OPEN,OPEN,request,NONE,MISS,0.05841599886480253,0.9623330006434117,INFO,adaptador.request,false,fallido,0.802250000560889,9906.585089186,9906.585993103,9906.58503077,9906.585891436,CACHE_MISS,2026-09-05T00:13:29.785901Z
853ef552-0e55-4952-9a47-0d296f535de7,run1_rep1,F,OPEN,OPEN,request,NONE,MISS,0.028791999284294434,0.5539999983739108,INFO,adaptador.request,false,fallido,0.45245799992699176,9906.589865103,9906.590390311,9906.589836311,9906.590317561,CACHE_MISS,2026-09-05T00:13:29.790275Z
706b1de4-0799-4682-950c-4e149077a70a,run1_rep1,F,OPEN,OPEN,request,NONE,MISS,0.052624998716055416,0.879790999533725,INFO,adaptador.request,false,fallido,0.7217500005936017,9906.655907395,9906.656734561,9906.65585477,9906.656629145,CACHE_MISS,2026-09-05T00:13:29.856615Z
8fcaf840-5ab6-4c77-af30-99e2cf617238,run1_rep1,F,OPEN,OPEN,request,NONE,MISS,0.05233400042925496,0.8479169991915114,INFO,adaptador.request,false,fallido,0.69245799932105,9906.728813145,9906.729608728,9906.728760811,9906.729505603,CACHE_MISS,2026-09-05T00:13:29.929508Z
dfa3c445-8c1e-4e35-8a9b-8f727eaade13,run1_rep1,F,OPEN,OPEN,request,NONE,MISS,0.031833000321057625,0.5545420008274959,INFO,adaptador.request,false,fallido,0.44295900079305284,9906.736743561,9906.73726627,9906.736711728,9906.73718652,CACHE_MISS,2026-09-05T00:13:29.937147Z
a0e1a793-b691-418b-9525-a7bd03586383,run1_rep1,F,OPEN,OPEN,request,NONE,MISS,0.022750000425730832,0.4437499992491212,INFO,adaptador.request,false,fallido,0.3593749988795025,9906.74419402,9906.74461502,9906.74417127,9906.744553395,CACHE_MISS,2026-09-05T00:13:29.944482Z
989386ee-8761-4f02-a6fe-afd571bccc29,run1_rep1,F,OPEN,OPEN,request,NONE,MISS,0.017291000403929502,0.42308299998694565,INFO,adaptador.request,false,fallido,0.3430420001677703,9906.766933061,9906.767338853,9906.76691577,9906.767276103,CACHE_MISS,2026-09-05T00:13:29.967211Z
b431b130-0f29-4f42-bfd4-a9b42b8722b0,run1_rep1,F,OPEN,OPEN,request,NONE,MISS,0.04579199958243407,0.6476249982370064,INFO,adaptador.request,false,fallido,0.5272079997666879,9906.793654478,9906.794256311,9906.793608686,9906.794181686,CACHE_MISS,2026-09-05T00:13:29.994148Z
9af49cda-6a9b-4ba7-b757-36e665250ab8,run1_rep1,F,OPEN,OPEN,request,NONE,MISS,0.05237500045041088,0.7696669999859296,INFO,adaptador.request,false,fallido,0.6211669988260837,9906.864099103,9906.864816395,9906.864046728,9906.86472027,CACHE_MISS,2026-09-05T00:13:30.064696Z
ae5a93a0-a8e0-42e8-96cd-2da8b89ca8f8,run1_rep1,F,OPEN,OPEN,request,NONE,MISS,0.036458000977290794,0.6397920005838387,INFO,adaptador.request,false,fallido,0.5027919996791752,9906.904392603,9906.904995937,9906.904356145,9906.904895395,CACHE_MISS,2026-09-05T00:13:30.104933Z
c106f2b0-af80-4c93-b62d-614cbb9cbaa2,run1_rep1,F,OPEN,OPEN,request,NONE,MISS,0.05445800161396619,1.205833001222345,INFO,adaptador.request,false,fallido,1.0544589986238861,9906.952350478,9906.953501853,9906.95229602,9906.953404937,CACHE_MISS,2026-09-05T00:13:30.153606Z
989b5324-1639-4b5c-b984-9feb16ce79b3,run1_rep1,F,OPEN,OPEN,request,NONE,MISS,0.019834000340779312,0.8745840004849015,INFO,adaptador.request,false,fallido,0.8062500000960426,9906.952886562,9906.953741312,9906.952866728,9906.953692812,CACHE_MISS,2026-09-05T00:13:30.153917Z
2f4a107d-6b46-4aa5-a739-eb1edc5b1b75,run1_rep1,F,OPEN,OPEN,request,NONE,MISS,0.055124999562394805,0.8532499996363185,INFO,adaptador.request,false,fallido,0.6860419998702127,9907.01892577,9907.019723895,9907.018870645,9907.019611812,CACHE_MISS,2026-09-05T00:13:30.219622Z
974de8d9-7301-4a80-ace4-25a64113ca6e,run1_rep1,F,OPEN,OPEN,request,NONE,MISS,0.0531250007043127,1.1095419995399425,INFO,adaptador.request,false,fallido,0.9646670005167834,9907.041754603,9907.04281102,9907.041701478,9907.04271927,CACHE_MISS,2026-09-05T00:13:30.242991Z
ce05b54b-70ad-440a-8bc5-1e591899a4f0,run1_rep1,F,OPEN,OPEN,request,NONE,MISS,0.017624999600229785,0.8819159993436188,INFO,adaptador.request,false,fallido,0.7968330010044156,9907.042239187,9907.043103478,9907.042221562,9907.04303602,CACHE_MISS,2026-09-05T00:13:30.243430Z
6f6c4034-3b95-46f1-bdbf-a7341a1d0369,run1_rep1,F,OPEN,OPEN,request,NONE,MISS,0.04629199975170195,0.48149999929592013,INFO,adaptador.request,false,fallido,0.3665829990495695,9907.056023437,9907.056458645,9907.055977145,9907.05639002,CACHE_MISS,2026-09-05T00:13:30.256331Z
660d9e28-a52e-42d4-aadb-b44083597cd3,run1_rep1,F,OPEN,OPEN,request,NONE,MISS,0.06108399975346401,1.192792000438203,INFO,adaptador.request,false,fallido,1.0325000002922025,9907.106111562,9907.10724327,9907.106050478,9907.107144062,CACHE_MISS,2026-09-05T00:13:30.307122Z
d57edb1d-f4e2-4e0b-893a-421813cb6dc8,run1_rep1,F,OPEN,OPEN,request,NONE,MISS,0.05362499905459117,1.104790999306715,INFO,adaptador.request,false,fallido,0.977707999481936,9907.200668062,9907.201719228,9907.200614437,9907.20164577,CACHE_MISS,2026-09-05T00:13:30.402376Z
a359b1ed-0fb9-4e5f-8e5b-1255fd03e3f5,run1_rep1,F,OPEN,OPEN,request,NONE,MISS,0.06475000009231735,1.3331249992916128,INFO,adaptador.request,false,fallido,1.2105000005249167,9907.201225437,9907.202493812,9907.201160687,9907.202435937,CACHE_MISS,2026-09-05T00:13:30.402892Z
750944f0-efbe-4c89-8141-19e2a381aad8,run1_rep1,F,OPEN,OPEN,request,NONE,MISS,0.016292000509565696,0.7923329994810047,INFO,adaptador.request,false,fallido,0.7298749987967312,9907.202217812,9907.202993853,9907.20220152,9907.202947687,CACHE_MISS,2026-09-05T00:13:30.403285Z
c571673b-7572-431b-af43-581af5c8848b,run1_rep1,F,OPEN,OPEN,request,NONE,MISS,0.033542000892339274,1.0812920008902438,INFO,adaptador.request,false,fallido,0.9391249986947514,9907.21213352,9907.21318127,9907.212099978,9907.213072645,CACHE_MISS,2026-09-05T00:13:30.413132Z
aa4c6315-1dfe-4018-8623-8949a83ebeda,run1_rep1,F,OPEN,OPEN,request,NONE,MISS,0.025000001187436283,0.7675840006413637,INFO,adaptador.request,false,fallido,0.6762089997209841,9907.241720853,9907.242463437,9907.241695853,9907.242397062,CACHE_MISS,2026-09-05T00:13:30.442549Z
783046b7-a3cd-470f-a84f-d95b6187fcbd,run1_rep1,F,OPEN,OPEN,request,NONE,MISS,0.012708000213024206,0.546000001122593,INFO,adaptador.request,false,fallido,0.48304200026905164,9907.242131103,9907.242664395,9907.242118395,9907.242614145,CACHE_MISS,2026-09-05T00:13:30.442791Z
42c1b221-7ecd-4665-bf7c-b12b382be405,run1_rep1,F,OPEN,OPEN,request,NONE,MISS,0.019499999325489625,0.3923330004909076,INFO,adaptador.request,false,fallido,0.3105409996351227,9907.276385312,9907.276758145,9907.276365812,9907.276695853,CACHE_MISS,2026-09-05T00:13:30.476629Z
19703bbf-e984-4af4-b6da-c0cc6d9f7555,run1_rep1,F,OPEN,OPEN,request,NONE,MISS,0.04791699939232785,0.7477500003005844,INFO,adaptador.request,false,fallido,0.6020410000928678,9907.341862562,9907.342562395,9907.341814645,9907.342464603,CACHE_MISS,2026-09-05T00:13:30.542459Z
c8ccefc2-bdcc-45a4-a2aa-836f5f5d5414,run1_rep1,F,OPEN,OPEN,request,NONE,MISS,0.03520900099829305,0.6325419999484438,INFO,adaptador.request,false,fallido,0.5117079999763519,9907.353699687,9907.35429702,9907.353664478,9907.354211395,CACHE_MISS,2026-09-05T00:13:30.554188Z
5771d5be-46e3-49f6-95a2-5a6514568827,run1_rep1,F,OPEN,OPEN,request,NONE,MISS,0.028624999686144292,0.5598749994533136,INFO,adaptador.request,false,fallido,0.4532080001808936,9907.357517895,9907.358049145,9907.35748927,9907.357971103,CACHE_MISS,2026-09-05T00:13:30.557913Z
d6ccd4ae-2c4c-47ab-a703-933660a73de4,run1_rep1,F,OPEN,OPEN,request,NONE,MISS,0.020707999283331446,0.4176660004304722,INFO,adaptador.request,false,fallido,0.33274999987042975,9907.36669752,9907.367094478,9907.366676812,9907.36703027,CACHE_MISS,2026-09-05T00:13:30.566974Z
0b1792a1-8518-40ff-8996-70c4d5814a55,run1_rep1,F,OPEN,OPEN,request,NONE,MISS,0.053375000788946636,0.7744170015939744,INFO,adaptador.request,false,fallido,0.5895419999433216,9907.427123603,9907.427844645,9907.427070228,9907.427713145,CACHE_MISS,2026-09-05T00:13:30.627750Z
5f8dc4e4-a4dc-449c-b3aa-7cc2e63d98a6,run1_rep1,F,OPEN,OPEN,request,NONE,MISS,0.028667000151472166,0.5126670002937317,INFO,adaptador.request,false,fallido,0.4185409998171963,9907.430375562,9907.430859562,9907.430346895,9907.430794103,CACHE_MISS,2026-09-05T00:13:30.630729Z
d8bf6cc8-bc30-49e6-b3b0-8aee9b1c0e20,run1_rep1,F,OPEN,OPEN,request,NONE,MISS,0.09120800132222939,0.5470000014611287,INFO,adaptador.request,false,fallido,0.37308399987523444,9907.441595103,9907.442050895,9907.441503895,9907.441968187,CACHE_MISS,2026-09-05T00:13:30.641927Z
95746fed-e782-4be3-a990-68f008428225,run1_rep1,F,OPEN,OPEN,request,NONE,MISS,0.05762499858974479,0.8643329983897274,INFO,adaptador.request,false,fallido,0.6716250009048963,9907.486303937,9907.487110645,9907.486246312,9907.486975562,CACHE_MISS,2026-09-05T00:13:30.687021Z
3dce7b24-026e-4bea-8712-6e5737d07065,run1_rep1,F,OPEN,OPEN,request,NONE,MISS,0.05862499892828055,0.8045419999689329,INFO,adaptador.request,false,fallido,0.643458000922692,9907.541918145,9907.542664062,9907.54185952,9907.542561603,CACHE_MISS,2026-09-05T00:13:30.742557Z
eaa74864-cfb3-45ff-8a3d-29b7c617f7f4,run1_rep1,F,OPEN,OPEN,request,NONE,MISS,0.03199999991920777,0.6189579999045236,INFO,adaptador.request,false,fallido,0.4972500009898795,9907.600611937,9907.601198895,9907.600579937,9907.601109187,CACHE_MISS,2026-09-05T00:13:30.801089Z
09b4b991-5d9c-493a-8421-605bbe719448,run1_rep1,F,OPEN,OPEN,request,NONE,MISS,0.020290999600547366,0.40995800009113736,INFO,adaptador.request,false,fallido,0.3341669998917496,9907.61559277,9907.615982437,9907.615572479,9907.615926937,CACHE_MISS,2026-09-05T00:13:30.815863Z
0ff20dbc-3a7a-4a63-9e41-c8e7de263dfe,run1_rep1,F,OPEN,OPEN,request,NONE,MISS,0.023333001081482507,0.3700830002344446,INFO,adaptador.request,false,fallido,0.2994999995280523,9907.621080187,9907.621426937,9907.621056854,9907.621379687,CACHE_MISS,2026-09-05T00:13:30.821272Z
4b2625c0-95d9-496c-8fde-ad43c68cbffd,run1_rep1,F,OPEN,OPEN,request,NONE,MISS,0.013333999959286302,0.32116699912876356,INFO,adaptador.request,false,fallido,0.25183300022035837,9907.623567229,9907.623875062,9907.623553895,9907.623819062,CACHE_MISS,2026-09-05T00:13:30.823738Z
94fcdb08-7ae3-4908-9b70-3387a18d461c,run1_rep1,F,OPEN,OPEN,request,NONE,MISS,0.01608300044608768,0.3578329997253604,INFO,adaptador.request,false,fallido,0.28758400003425777,9907.632112145,9907.632453895,9907.632096062,9907.632399729,CACHE_MISS,2026-09-05T00:13:30.832316Z
854b6216-5ea1-46f6-bbed-0d3ea8837887,run1_rep1,F,OPEN,OPEN,request,NONE,MISS,0.02220799979113508,0.40991700006998144,INFO,adaptador.request,false,fallido,0.3280000000813743,9907.679204645,9907.679592354,9907.679182437,9907.679532645,CACHE_MISS,2026-09-05T00:13:30.879454Z
0f7b90f1-51a8-4b08-aa8c-6e40cd5f460e,run1_rep1,F,OPEN,OPEN,request,NONE,MISS,0.0329590002365876,0.6840000005468028,INFO,adaptador.request,false,fallido,0.5643750009767246,9907.724633479,9907.72528452,9907.72460052,9907.725197854,CACHE_MISS,2026-09-05T00:13:30.925160Z
49568678-854c-4e2e-b88a-85a7e306db1c,run1_rep1,F,OPEN,OPEN,request,NONE,MISS,0.03170900163240731,0.5771670003014151,INFO,adaptador.request,false,fallido,0.4649999991670484,9907.740882104,9907.741427562,9907.740850395,9907.741347104,CACHE_MISS,2026-09-05T00:13:30.941320Z
5791fd33-dda4-40ee-b966-302c5d973118,run1_rep1,F,OPEN,OPEN,request,NONE,MISS,0.020833000235143118,0.49833299999590963,INFO,adaptador.request,false,fallido,0.41762500040931627,9907.74952177,9907.74999927,9907.749500937,9907.749939395,CACHE_MISS,2026-09-05T00:13:30.949882Z
054e07fc-7240-48c4-b317-eec6aeda0cbe,run1_rep1,F,OPEN,OPEN,request,NONE,MISS,0.019874998542945832,0.40145799903257284,INFO,adaptador.request,false,fallido,0.33037499997590203,9907.754533479,9907.754915062,9907.754513604,9907.754863854,CACHE_MISS,2026-09-05T00:13:30.954770Z
9453cdd1-7766-4fa0-8236-de9b310a136d,run1_rep1,F,OPEN,OPEN,request,NONE,MISS,0.04587500006891787,0.7399579990305938,INFO,adaptador.request,false,fallido,0.6034580001141876,9907.840993354,9907.841687437,9907.840947479,9907.841596812,CACHE_MISS,2026-09-05T00:13:31.041576Z
20d3fb1a-cdd1-48a2-bf84-b38842a05f15,run1_rep1,F,OPEN,OPEN,request,NONE,MISS,0.048208999942289665,0.7894169993960531,INFO,adaptador.request,false,fallido,0.6447499999922002,9907.871879979,9907.872621187,9907.87183177,9907.872524729,CACHE_MISS,2026-09-05T00:13:31.072502Z
117549dd-3f1e-4784-aad0-83b1379c2a16,run1_rep1,F,OPEN,OPEN,request,NONE,MISS,0.029584000003524125,0.48187500033236574,INFO,adaptador.request,false,fallido,0.3825410003628349,9907.876159854,9907.876612145,9907.87613027,9907.876542395,CACHE_MISS,2026-09-05T00:13:31.076490Z
61c0ef4d-6cb7-4db7-bd66-e35b165805e5,run1_rep1,F,OPEN,OPEN,request,NONE,MISS,0.04283299858798273,0.7050409985822625,INFO,adaptador.request,false,fallido,0.5722920013795374,9907.934738687,9907.935400895,9907.934695854,9907.935310979,CACHE_MISS,2026-09-05T00:13:31.135289Z
ebb09d48-b6c4-4c65-89f8-f3c316bf9037,run1_rep1,F,OPEN,OPEN,request,NONE,MISS,0.02241600122943055,0.4434160000528209,INFO,adaptador.request,false,fallido,0.35341699913260527,9907.938720145,9907.939141145,9907.938697729,9907.939073562,CACHE_MISS,2026-09-05T00:13:31.139017Z
06fff7de-d8f8-48af-8eca-05f219e1a998,run1_rep1,F,OPEN,OPEN,request,NONE,MISS,0.056708000556682236,1.198625001052278,INFO,adaptador.request,false,fallido,1.0390000006736955,9908.00648027,9908.007622187,9908.006423562,9908.00751927,CACHE_MISS,2026-09-05T00:13:31.207775Z
7d665b99-dec1-48d6-9986-aa42b2deec84,run1_rep1,F,OPEN,OPEN,request,NONE,MISS,0.020625000615837052,0.9353330005978933,INFO,adaptador.request,false,fallido,0.8546669996576384,9908.006971187,9908.007885895,9908.006950562,9908.007825854,CACHE_MISS,2026-09-05T00:13:31.208089Z
ee894282-e4c0-4986-9dfb-de5cdaf878e1,run1_rep1,F,OPEN,OPEN,request,NONE,MISS,0.027125000997330062,0.5187500009924406,INFO,adaptador.request,false,fallido,0.4227499994158279,9908.015229312,9908.015720937,9908.015202187,9908.015652062,CACHE_MISS,2026-09-05T00:13:31.215596Z
5293bf9b-e64e-4d21-84ab-72af274ca3dc,run1_rep1,F,OPEN,OPEN,request,NONE,MISS,0.061791999542037956,0.8750830002099974,INFO,adaptador.request,false,fallido,0.6930830004421296,9908.107907979,9908.10872127,9908.107846187,9908.108601062,CACHE_MISS,2026-09-05T00:13:31.308627Z
50946002-113b-44cc-93a1-100de03e4d14,run1_rep1,F,OPEN,OPEN,request,NONE,MISS,0.047957999413483776,0.7773750003252644,INFO,adaptador.request,false,fallido,0.6615420006710337,9908.12078202,9908.121511437,9908.120734062,9908.121443562,CACHE_MISS,2026-09-05T00:13:31.321398Z
5f78efcf-68e9-4bff-9c0e-48ec66bd8228,run1_rep1,F,OPEN,OPEN,request,NONE,MISS,0.04020799860882107,0.4111660000489792,INFO,adaptador.request,false,fallido,0.3177500002493616,9908.134023812,9908.13439477,9908.133983604,9908.134341562,CACHE_MISS,2026-09-05T00:13:31.334251Z
1fb98870-0012-49d8-bc17-710e2c67ff2b,run1_rep1,F,OPEN,OPEN,request,NONE,MISS,0.01687500116531737,0.3772079999180278,INFO,adaptador.request,false,fallido,0.294707999273669,9908.150669229,9908.151029562,9908.150652354,9908.150963937,CACHE_MISS,2026-09-05T00:13:31.350902Z
bc6bb55c-a884-4bfa-8211-34bb6eceefea,run1_rep1,F,OPEN,OPEN,request,NONE,MISS,0.04041600004711654,0.6604579994018422,INFO,adaptador.request,false,fallido,0.5242919996817363,9908.171970645,9908.172590687,9908.171930229,9908.172494937,CACHE_MISS,2026-09-05T00:13:31.372483Z
babf6429-6e67-4ef4-bab7-2822a6540ea9,run1_rep1,F,OPEN,OPEN,request,NONE,MISS,0.043791000280180015,0.8646660007798346,INFO,adaptador.request,false,fallido,0.7298750006157206,9908.201573895,9908.20239477,9908.201530104,9908.20230377,CACHE_MISS,2026-09-05T00:13:31.402276Z
f6d3252c-48a4-4189-99d2-a60fe275a104,run1_rep1,F,OPEN,OPEN,request,NONE,MISS,0.020500001483014785,0.7637080016138498,INFO,adaptador.request,false,fallido,0.702165998518467,9908.202235979,9908.202979187,9908.202215479,9908.202938145,CACHE_MISS,2026-09-05T00:13:31.403017Z
946d12a1-6323-457c-8bee-cb805ff2ce38,run1_rep1,F,OPEN,OPEN,request,NONE,MISS,0.02950000089185778,0.49162499999511056,INFO,adaptador.request,false,fallido,0.3839170003629988,9908.243174187,9908.243636312,9908.243144687,9908.243558104,CACHE_MISS,2026-09-05T00:13:31.443516Z
8239b28f-6fa1-4bb2-82f2-70c1eec7e721,run1_rep1,F,OPEN,OPEN,request,NONE,MISS,0.02262499947391916,0.4430839999258751,INFO,adaptador.request,false,fallido,0.31599999965692405,9908.245104145,9908.245524604,9908.24508152,9908.245420145,CACHE_MISS,2026-09-05T00:13:31.445401Z
e96ed65b-ed56-41c0-84b3-bf0257758b0a,run1_rep1,F,OPEN,OPEN,request,NONE,MISS,0.03708300027938094,0.5903750006837072,INFO,adaptador.request,false,fallido,0.4759580006066244,9908.310312479,9908.310865771,9908.310275396,9908.310788437,CACHE_MISS,2026-09-05T00:13:31.510747Z
680e5328-40b6-4ae3-9f74-725e7e4f3681,run1_rep1,F,OPEN,OPEN,request,NONE,MISS,0.05375000000640284,0.8538330002920702,INFO,adaptador.request,false,fallido,0.6852920014353003,9908.413948229,9908.414748312,9908.413894479,9908.414633521,CACHE_MISS,2026-09-05T00:13:31.614646Z
6bd8c308-06de-4a6b-bee8-df54f1fb5ed9,run1_rep1,F,OPEN,OPEN,request,NONE,MISS,0.018415999875287525,0.6902079985593446,INFO,adaptador.request,false,fallido,0.5946249984845053,9908.473549312,9908.474221104,9908.473530896,9908.474143937,CACHE_MISS,2026-09-05T00:13:31.674988Z
f6e50ee6-a814-4fa5-9f0a-1114a01dca8c,run1_rep1,F,OPEN,OPEN,request,NONE,MISS,0.11233300028834492,1.571290998981567,INFO,adaptador.request,false,fallido,1.3965419984742766,9908.473059854,9908.474518812,9908.472947521,9908.474456396,CACHE_MISS,2026-09-05T00:13:31.675405Z
8232c754-14f7-424e-907b-cd2f1247157c,run1_rep1,F,OPEN,OPEN,request,NONE,MISS,0.023167000108514912,0.9003340001072502,INFO,adaptador.request,false,fallido,0.8323330002895091,9908.475112854,9908.475990021,9908.475089687,9908.475945187,CACHE_MISS,2026-09-05T00:13:31.676635Z
3d0455ac-7168-440c-9613-9c70ac6f2465,run1_rep1,F,OPEN,OPEN,request,NONE,MISS,0.058166000599157996,0.9141250011452939,INFO,adaptador.request,false,fallido,0.7389999991573859,9908.533901937,9908.534757896,9908.533843771,9908.534640937,CACHE_MISS,2026-09-05T00:13:31.734665Z
512f223c-127f-4539-8339-cdb5098c35a6,run1_rep1,F,OPEN,OPEN,request,NONE,MISS,0.05654199958371464,0.9337499996036058,INFO,adaptador.request,false,fallido,0.75016700066044,9908.620742354,9908.621619562,9908.620685812,9908.621492521,CACHE_MISS,2026-09-05T00:13:31.821523Z
72a0f5db-ff99-4e49-b791-8f59c5ac59c5,run1_rep1,F,OPEN,OPEN,request,NONE,MISS,0.02725000013015233,0.5663749998348067,INFO,adaptador.request,false,fallido,0.45983299969520885,9908.627727521,9908.628266646,9908.627700271,9908.628187354,CACHE_MISS,2026-09-05T00:13:31.828157Z
4205bb65-0971-4b87-add1-b1020c19bcc3,run1_rep1,F,OPEN,OPEN,request,NONE,MISS,0.022375001208274625,0.4450000014912803,INFO,adaptador.request,false,fallido,0.3599579995352542,9908.634676104,9908.635098729,9908.634653729,9908.635036062,CACHE_MISS,2026-09-05T00:13:31.834972Z
8bded58a-4ad8-4a91-bccd-0c0214eb0df9,run1_rep1,F,OPEN,OPEN,request,NONE,MISS,0.018374999854131602,0.40950000038719736,INFO,adaptador.request,false,fallido,0.34195899934275076,9908.643810062,9908.644201187,9908.643791687,9908.644152021,CACHE_MISS,2026-09-05T00:13:31.844058Z
f2e988c5-3080-427c-8c28-48dc6935352c,run1_rep1,F,OPEN,OPEN,request,NONE,MISS,0.022541000362252817,0.40029099909588695,INFO,adaptador.request,false,fallido,0.33133400029328186,9908.661312062,9908.661689812,9908.661289521,9908.661643396,CACHE_MISS,2026-09-05T00:13:31.861541Z
dc5cc842-7468-4b93-a6fb-7c460764a484,run1_rep1,F,OPEN,OPEN,request,NONE,MISS,0.020416000552359037,0.39237500095623545,INFO,adaptador.request,false,fallido,0.3100419999100268,9908.665271062,9908.665643021,9908.665250646,9908.665581104,CACHE_MISS,2026-09-05T00:13:31.865564Z
22cc3286-367f-4ad8-b8ed-4291413ba9f0,run1_rep1,F,OPEN,OPEN,request,NONE,MISS,0.027416001103119925,1.3389579999056878,INFO,adaptador.request,false,fallido,1.2577500001498265,9908.725311562,9908.726623104,9908.725284146,9908.726569312,CACHE_MISS,2026-09-05T00:13:31.926862Z
729b24c0-1612-4616-af2d-a62501cdb928,run1_rep1,F,OPEN,OPEN,request,NONE,MISS,0.01462500040361192,1.2899169996671844,INFO,adaptador.request,false,fallido,1.2287089994060807,9908.725682562,9908.726957854,9908.725667937,9908.726911271,CACHE_MISS,2026-09-05T00:13:31.927313Z
2715c79c-00e7-4506-b14a-07a935152aba,run1_rep1,F,OPEN,OPEN,request,NONE,MISS,0.013374999980442226,0.9914580004988238,INFO,adaptador.request,false,fallido,0.9391250005137408,9908.726474146,9908.727452229,9908.726460771,9908.727413271,CACHE_MISS,2026-09-05T00:13:31.927659Z
152b335d-500a-4133-ac13-87773754c1ee,run1_rep1,F,OPEN,OPEN,request,NONE,MISS,0.022791000446886756,0.447833001089748,INFO,adaptador.request,false,fallido,0.3665000003820751,9908.751155062,9908.751580104,9908.751132271,9908.751521562,CACHE_MISS,2026-09-05T00:13:31.951434Z
dfadbfa6-562f-4bf4-b9e6-0be9f94f0f73,run1_rep1,F,OPEN,OPEN,request,NONE,MISS,0.04187499871477485,1.0827079986484023,INFO,adaptador.request,false,fallido,0.9517500002402812,9908.787798729,9908.788839562,9908.787756854,9908.788750479,CACHE_MISS,2026-09-05T00:13:31.988961Z
c36b2de0-a117-43d7-9d37-140cb79883e2,run1_rep1,F,OPEN,OPEN,request,NONE,MISS,0.015583000276819803,0.8454170001641614,INFO,adaptador.request,false,fallido,0.7791249990987126,9908.788260937,9908.789090771,9908.788245354,9908.789040062,CACHE_MISS,2026-09-05T00:13:31.989228Z
b3f15790-c03e-40df-9a9f-fec9b60f230a,run1_rep1,F,OPEN,OPEN,request,NONE,MISS,0.03283300065959338,0.5544579998968402,INFO,adaptador.request,false,fallido,0.4467090002435725,9908.801587562,9908.802109187,9908.801554729,9908.802034271,CACHE_MISS,2026-09-05T00:13:32.001995Z
be5bb559-e83f-42e1-9203-684890e6dfe9,run1_rep1,F,OPEN,OPEN,request,NONE,MISS,0.05237500045041088,0.8500830008415505,INFO,adaptador.request,false,fallido,0.6767909999325639,9908.910888646,9908.911686354,9908.910836271,9908.911565437,CACHE_MISS,2026-09-05T00:13:32.111588Z
de7eff78-038b-4cb3-9e31-c339aef4afdd,run1_rep1,F,OPEN,OPEN,request,NONE,MISS,0.05425000017567072,0.8133340015774593,INFO,adaptador.request,false,fallido,0.6613340010517277,9908.937980812,9908.938739896,9908.937926562,9908.938642146,CACHE_MISS,2026-09-05T00:13:32.138619Z
61d08a06-1181-4910-8715-7922522231b8,run1_rep1,F,OPEN,OPEN,request,NONE,MISS,0.06504199882328976,1.2478339995141141,INFO,adaptador.request,false,fallido,1.0698750011215452,9908.983041729,9908.984224521,9908.982976687,9908.984111604,CACHE_MISS,2026-09-05T00:13:32.184368Z
61ce1d68-3722-41a5-9ea2-6592422073e2,run1_rep1,F,OPEN,OPEN,request,NONE,MISS,0.030249999326770194,0.9829169994191034,INFO,adaptador.request,false,fallido,0.9130840007856023,9908.983545312,9908.984497979,9908.983515062,9908.984458396,CACHE_MISS,2026-09-05T00:13:32.184685Z
f831ef39-5a7c-4445-a817-60404d02da82,run1_rep1,F,OPEN,OPEN,request,NONE,MISS,0.0547500003449386,1.1978749989793869,INFO,adaptador.request,false,fallido,1.041083998643444,9909.034245979,9909.035389104,9909.034191229,9909.035287063,CACHE_MISS,2026-09-05T00:13:32.235482Z
e2f520a8-07d2-45bf-8684-b10a97737f67,run1_rep1,F,OPEN,OPEN,request,NONE,MISS,0.019874998542945832,0.9141249993263045,INFO,adaptador.request,false,fallido,0.8517500009475043,9909.034723271,9909.035617521,9909.034703396,9909.035575021,CACHE_MISS,2026-09-05T00:13:32.235803Z
62fc600e-0583-4dd2-873f-7cb7ae782298,run1_rep1,F,OPEN,OPEN,request,NONE,MISS,0.052332999985083006,0.8534579992556246,INFO,adaptador.request,false,fallido,0.6851669986644993,9909.187350521,9909.188151646,9909.187298188,9909.188035688,CACHE_MISS,2026-09-05T00:13:32.388050Z
41ceafe9-8516-4eb2-b972-73a1092cdce8,run1_rep1,F,OPEN,OPEN,request,NONE,MISS,0.02487500023562461,0.47325000014097895,INFO,adaptador.request,false,fallido,0.3851250003208406,9909.193836188,9909.194284563,9909.193811313,9909.194221313,CACHE_MISS,2026-09-05T00:13:32.394156Z
309002d5-94c7-4b8c-99e7-656c270d8732,run1_rep1,F,OPEN,OPEN,request,NONE,MISS,0.019875000361935236,0.4518749992712401,INFO,adaptador.request,false,fallido,0.35204099913244136,9909.198646938,9909.199078938,9909.198627063,9909.198998979,CACHE_MISS,2026-09-05T00:13:32.398945Z
1a91a0ab-a2e6-4ba7-a6f0-be87ecd249ae,run1_rep1,F,OPEN,OPEN,request,NONE,MISS,0.025332999939564615,0.5109160010761116,INFO,adaptador.request,false,fallido,0.41583300117054023,9909.218092771,9909.218578354,9909.218067438,9909.218508604,CACHE_MISS,2026-09-05T00:13:32.418443Z
4bd9831d-e67d-4301-b12c-084f250c7d42,run1_rep1,F,OPEN,OPEN,request,NONE,MISS,0.02112500078510493,0.4762499993375968,INFO,adaptador.request,false,fallido,0.40179200004786253,9909.221771521,9909.222226646,9909.221750396,9909.222173313,CACHE_MISS,2026-09-05T00:13:32.422080Z
079e30d0-bfcc-4882-aeb1-144ef13c3fc0,run1_rep1,F,OPEN,OPEN,request,NONE,MISS,0.050292001105844975,0.8097500012809178,INFO,adaptador.request,false,fallido,0.6554579995281529,9909.286093938,9909.286853396,9909.286043646,9909.286749396,CACHE_MISS,2026-09-05T00:13:32.486749Z
f47f0e07-5204-4d93-bcc9-4a457bcf1679,run1_rep1,F,OPEN,OPEN,request,NONE,MISS,0.0552910005353624,0.925374999496853,INFO,adaptador.request,false,fallido,0.7628339990333188,9909.338790104,9909.339660188,9909.338734813,9909.339552938,CACHE_MISS,2026-09-05T00:13:32.539554Z
a5af982e-c0f5-4ccd-9c07-aa00d1554ece,run1_rep1,F,OPEN,OPEN,request,NONE,MISS,0.02883300112443976,1.2216250015626429,INFO,adaptador.request,false,fallido,1.1284579995844979,9909.371757646,9909.372950438,9909.371728813,9909.372886104,CACHE_MISS,2026-09-05T00:13:32.572859Z
3720bb57-ee18-432f-a7cf-af9c6dd9320a,run1_rep1,F,OPEN,OPEN,request,NONE,MISS,0.012667000191868283,1.4635419993282994,INFO,adaptador.request,false,fallido,1.3978329989186022,9909.372217063,9909.373667938,9909.372204396,9909.373614896,CACHE_MISS,2026-09-05T00:13:32.573537Z
d03b696f-5301-48f0-a999-c604d7321358,run1_rep1,F,OPEN,OPEN,request,NONE,MISS,0.01529099972685799,1.6256660001090495,INFO,adaptador.request,false,fallido,1.563416999488254,9909.372811354,9909.374421729,9909.372796063,9909.374374771,CACHE_MISS,2026-09-05T00:13:32.574577Z
6002c051-e145-4be5-9f71-828f0d076093,run1_rep1,F,OPEN,OPEN,request,NONE,MISS,0.045000000682193786,0.6282909998844843,INFO,adaptador.request,false,fallido,0.5081250001239823,9909.417878688,9909.418461979,9909.417833688,9909.418386813,CACHE_MISS,2026-09-05T00:13:32.618331Z
6ac4405c-583a-4c1f-a1aa-e14a5788f3e3,run1_rep1,F,OPEN,OPEN,request,NONE,MISS,0.04708300002675969,0.9054170004674233,INFO,adaptador.request,false,fallido,0.70525000046473,9909.454248979,9909.455107313,9909.454201896,9909.454954229,CACHE_MISS,2026-09-05T00:13:32.655003Z
99abd055-f8d5-405a-a9d2-ca1226e4f67c,run1_rep1,F,OPEN,OPEN,request,NONE,MISS,0.06291600038821343,0.7939999995869584,INFO,adaptador.request,false,fallido,0.6037090006429935,9909.515217229,9909.515948313,9909.515154313,9909.515820938,CACHE_MISS,2026-09-05T00:13:32.715859Z
124b050e-85c3-4976-8ee7-c53137bf8767,run1_rep1,F,OPEN,OPEN,request,NONE,MISS,0.05104199954075739,0.8758329986449098,INFO,adaptador.request,false,fallido,0.61791599910066,9909.530356313,9909.531181104,9909.530305271,9909.530974229,CACHE_MISS,2026-09-05T00:13:32.731143Z
7535b139-e90a-4d05-8fe6-db3dcb9a8dd3,run1_rep1,F,OPEN,OPEN,request,NONE,MISS,0.03295799979241565,0.5732499994337559,INFO,adaptador.request,false,fallido,0.47366699982376304,9909.547938271,9909.548478563,9909.547905313,9909.548411938,CACHE_MISS,2026-09-05T00:13:32.748334Z
22c05de3-39dd-4019-8754-3a1299a2b7bd,run1_rep1,F,OPEN,OPEN,request,NONE,MISS,0.024166000002878718,0.6950409988348838,INFO,adaptador.request,false,fallido,0.6082500003685709,9909.576883354,9909.577554229,9909.576859188,9909.577491604,CACHE_MISS,2026-09-05T00:13:32.777420Z
429d6d25-8b60-4d17-8573-daaa22cd2744,run1_rep1,F,OPEN,OPEN,request,NONE,MISS,0.019082999642705545,0.7162080000853166,INFO,adaptador.request,false,fallido,0.6501669995486736,9909.577420771,9909.578117896,9909.577401688,9909.578070938,CACHE_MISS,2026-09-05T00:13:32.778146Z
8e6ca49f-b9d6-4753-a7b5-3434e93e203d,run1_rep1,F,OPEN,OPEN,request,NONE,MISS,0.06837500041001476,1.4407500002562301,INFO,adaptador.request,false,fallido,1.2812919994757976,9909.656023979,9909.657396354,9909.655955604,9909.657305271,CACHE_MISS,2026-09-05T00:13:32.857496Z
4c9f62c6-19bd-4962-b943-b4657b8fe26b,run1_rep1,F,OPEN,OPEN,request,NONE,MISS,0.028791999284294434,0.9286249987781048,INFO,adaptador.request,false,fallido,0.8588750006310875,9909.656728438,9909.657628271,9909.656699646,9909.657587313,CACHE_MISS,2026-09-05T00:13:32.857852Z
b3f876d9-0a75-48f2-b59a-6752e88b93ab,run1_rep1,F,OPEN,OPEN,request,NONE,MISS,0.05625000085274223,0.8162499998434214,INFO,adaptador.request,false,fallido,0.6608749990846263,9909.683810188,9909.684570188,9909.683753938,9909.684471063,CACHE_MISS,2026-09-05T00:13:32.884447Z
60c14998-ef45-4df3-b5c2-59be7980b6d6,run1_rep1,F,OPEN,OPEN,request,NONE,MISS,0.061332999393926,0.8803330001683207,INFO,adaptador.request,false,fallido,0.6990839992795372,9909.725479396,9909.726298396,9909.725418063,9909.72617848,CACHE_MISS,2026-09-05T00:13:32.926201Z
aaaec40e-5a14-4894-836e-d1f5c32079d4,run1_rep1,F,OPEN,OPEN,request,NONE,MISS,0.019582999811973423,0.41320800119137857,INFO,adaptador.request,false,fallido,0.3344169999763835,9909.733156563,9909.733550188,9909.73313698,9909.73349098,CACHE_MISS,2026-09-05T00:13:32.933409Z
07febad8-ec19-4e60-83aa-ee127ab71d4c,run1_rep1,F,OPEN,OPEN,request,NONE,MISS,0.054874999477760866,0.7495829995605163,INFO,adaptador.request,false,fallido,0.5923750013607787,9909.78229548,9909.782990188,9909.782240605,9909.782887855,CACHE_MISS,2026-09-05T00:13:32.982913Z
7c0d9157-1a3a-4449-929a-c56d46afb824,run1_rep1,F,OPEN,OPEN,request,NONE,MISS,0.05579200114880223,0.7660000010218937,INFO,adaptador.request,false,fallido,0.6170409997139359,9909.801521605,9909.802231813,9909.801465813,9909.802138646,CACHE_MISS,2026-09-05T00:13:33.002117Z
ec3ad81a-c84e-4c92-b085-68c63a8c21fb,run1_rep1,F,OPEN,OPEN,request,NONE,MISS,0.023582999347127043,0.430124999184045,INFO,adaptador.request,false,fallido,0.34899999991466757,9909.814079438,9909.81448598,9909.814055855,9909.814428438,CACHE_MISS,2026-09-05T00:13:33.014349Z
332ecc7e-eb74-4a67-9a44-c8f8d1ab1c52,run1_rep1,F,OPEN,OPEN,request,NONE,MISS,0.021458001356222667,0.4638330010493519,INFO,adaptador.request,false,fallido,0.3846669987979112,9909.853322188,9909.853764563,9909.85330073,9909.853706855,CACHE_MISS,2026-09-05T00:13:33.053645Z
63abdbbf-4c7e-452d-af3b-de1cb04976e1,run1_rep1,F,OPEN,OPEN,request,NONE,MISS,0.018834000002243556,0.5445419992611278,INFO,adaptador.request,false,fallido,0.46508299965353217,9909.854144105,9909.854669813,9909.854125271,9909.854609188,CACHE_MISS,2026-09-05T00:13:33.054539Z
d6c5560a-1823-4a80-ac24-50d169620590,run1_rep1,F,OPEN,OPEN,request,NONE,MISS,0.01954099934664555,1.351916000203346,INFO,adaptador.request,false,fallido,1.281500000914093,9909.869202396,9909.870534771,9909.869182855,9909.870483896,CACHE_MISS,2026-09-05T00:13:33.070397Z
b7de96bc-1a8c-432a-9368-e202481f72dd,run1_rep1,F,OPEN,OPEN,request,NONE,MISS,0.04833299863093998,0.85979199866415,INFO,adaptador.request,false,fallido,0.6689590009045787,9909.914323521,9909.91513498,9909.914275188,9909.91499248,CACHE_MISS,2026-09-05T00:13:33.115064Z
0db5b002-6f6f-4c95-a093-75c551ea4320,run1_rep1,F,OPEN,OPEN,request,NONE,MISS,0.06387499888660386,0.8850829999573762,INFO,adaptador.request,false,fallido,0.7067080005072057,9909.941095813,9909.941917021,9909.941031938,9909.941802521,CACHE_MISS,2026-09-05T00:13:33.141809Z
e36dfc81-4d64-4d6c-8ed4-48041a6f486e,run1_rep1,F,OPEN,OPEN,request,NONE,MISS,0.02408299951639492,0.538583000889048,INFO,adaptador.request,false,fallido,0.4495840003073681,9909.947483646,9909.947998146,9909.947459563,9909.94793323,CACHE_MISS,2026-09-05T00:13:33.147918Z
f9c5a342-8a30-4fc9-ab23-f88f7a28dfbc,run1_rep1,F,OPEN,OPEN,request,NONE,MISS,0.021750000087195076,0.35858299997926224,INFO,adaptador.request,false,fallido,0.27979100013908464,9910.006262355,9910.006599188,9910.006240605,9910.006542146,CACHE_MISS,2026-09-05T00:13:33.206459Z
3c70bda9-97f0-4831-8400-deb7c3949904,run1_rep1,F,OPEN,OPEN,request,NONE,MISS,0.017249998563784175,0.35191699862480164,INFO,adaptador.request,false,fallido,0.27758300166169647,9910.048455563,9910.04879023,9910.048438313,9910.048733146,CACHE_MISS,2026-09-05T00:13:33.248659Z
deac1a4f-4d33-4e3a-a17d-3c95b9b9caca,run1_rep1,F,OPEN,OPEN,request,NONE,MISS,0.017708000086713582,0.32316600118065253,INFO,adaptador.request,false,fallido,0.25916699996741954,9910.053932563,9910.054238021,9910.053914855,9910.05419173,CACHE_MISS,2026-09-05T00:13:33.254085Z
89ba8313-4b13-40e1-ad98-e62c71f195b9,run1_rep1,F,OPEN,OPEN,request,NONE,MISS,0.013083999874652363,0.26320899996790104,INFO,adaptador.request,false,fallido,0.21429100161185488,9910.07336123,9910.073611355,9910.073348146,9910.073575521,CACHE_MISS,2026-09-05T00:13:33.273452Z
1a9a01ee-3bf5-4da3-8965-f48825d13c7b,run1_rep1,F,OPEN,OPEN,request,NONE,MISS,0.05695799882232677,1.0014170002250466,INFO,adaptador.request,false,fallido,0.8516670004610205,9910.179034271,9910.17997873,9910.178977313,9910.179885938,CACHE_MISS,2026-09-05T00:13:33.379924Z
6d1b80c2-1cdf-4b5b-af6b-be63348aa416,run1_rep1,F,OPEN,OPEN,request,NONE,MISS,0.020833000235143118,0.4375000007712515,INFO,adaptador.request,false,fallido,0.35154200122633483,9910.184301271,9910.184717938,9910.184280438,9910.184652813,CACHE_MISS,2026-09-05T00:13:33.384597Z
f65dcb45-3b2e-45e4-9ffc-1d6917d9c153,run1_rep1,F,OPEN,OPEN,request,NONE,MISS,0.02954199953819625,0.5509999991772929,INFO,adaptador.request,false,fallido,0.4319159997976385,9910.20176073,9910.202282188,9910.201731188,9910.202192646,CACHE_MISS,2026-09-05T00:13:33.402152Z
23b1a644-c7ea-4d2e-9391-71dfaaf84f95,run1_rep1,F,OPEN,OPEN,request,NONE,MISS,0.0184580003406154,0.8356250000360887,INFO,adaptador.request,false,fallido,0.7411669994326076,9910.211647438,9910.212464605,9910.21162898,9910.212388605,CACHE_MISS,2026-09-05T00:13:33.412356Z
e88e58ba-5adb-4107-8ae8-76f3f305755f,run1_rep1,F,OPEN,OPEN,request,NONE,MISS,0.021042000298621133,0.4210839997540461,INFO,adaptador.request,false,fallido,0.34529199911048636,9910.216330063,9910.216730105,9910.216309021,9910.216675355,CACHE_MISS,2026-09-05T00:13:33.416594Z
2b1a999a-3094-48fa-9c65-610cb2a7dd14,run1_rep1,F,OPEN,OPEN,request,NONE,MISS,0.018917000488727354,0.8879170000000158,INFO,adaptador.request,false,fallido,0.8014169998205034,9910.229589188,9910.230458188,9910.229570271,9910.230390605,CACHE_MISS,2026-09-05T00:13:33.430617Z
c9591ca7-cc2c-4644-b3ec-45e489b75028,run1_rep1,F,OPEN,OPEN,request,NONE,MISS,0.03887499951815698,0.742042000638321,INFO,adaptador.request,false,fallido,0.6467920011345996,9910.230027688,9910.230730855,9910.229988813,9910.23067448,CACHE_MISS,2026-09-05T00:13:33.430889Z
f6de831d-3f1e-43b1-b2bc-10585bfed9da,run1_rep1,F,OPEN,OPEN,request,NONE,MISS,0.012874999811174348,0.24841699996613897,INFO,adaptador.request,false,fallido,0.1985830003832234,9910.237245188,9910.23748073,9910.237232313,9910.237443771,CACHE_MISS,2026-09-05T00:13:33.437320Z
0ec9ccb5-ad67-4b7f-bb07-5c48da27c7d9,run1_rep1,F,OPEN,OPEN,request,NONE,MISS,16.115750000608386,16.758792000473477,INFO,adaptador.request,false,fallido,0.4895840011158725,9910.334138646,9910.334781688,9910.318022896,9910.33462823,CACHE_MISS,2026-09-05T00:13:33.534671Z
d2bee0bb-fe9b-41df-bf1f-afcc8c73ccdd,run1_rep1,F,OPEN,OPEN,request,NONE,MISS,0.04579200140142348,0.7396250002784654,INFO,adaptador.request,false,fallido,0.5574999995587859,9910.416338397,9910.41703223,9910.416292605,9910.416895897,CACHE_MISS,2026-09-05T00:13:33.616931Z
fdf689cd-3282-4e41-a12a-dfed584daf47,run1_rep1,F,OPEN,OPEN,request,NONE,MISS,0.05254200004856102,0.7522500000050059,INFO,adaptador.request,false,fallido,0.604915998337674,9910.437065272,9910.43776498,9910.43701273,9910.437670188,CACHE_MISS,2026-09-05T00:13:33.637653Z
2799bb56-f4b1-4b3f-86f4-0b16f83df593,run1_rep1,F,OPEN,OPEN,request,NONE,MISS,0.04145899947616272,0.7392919997073477,INFO,adaptador.request,false,fallido,0.6049160001566634,9910.453198647,9910.45389648,9910.453157188,9910.453803563,CACHE_MISS,2026-09-05T00:13:33.653772Z
eb39c142-e762-49ba-9b93-30643ffc108e,run1_rep1,F,OPEN,OPEN,request,NONE,MISS,0.05395799962570891,1.012458000332117,INFO,adaptador.request,false,fallido,0.8213750006689224,9910.508343688,9910.509302188,9910.50828973,9910.509165063,CACHE_MISS,2026-09-05T00:13:33.709221Z
d5650d34-42e2-4fba-8917-149eb27f6120,run1_rep1,F,OPEN,OPEN,request,NONE,MISS,0.029415999961202033,0.5317079994711094,INFO,adaptador.request,false,fallido,0.43595900024229195,9910.513365313,9910.513867605,9910.513335897,9910.513801272,CACHE_MISS,2026-09-05T00:13:33.713733Z
3637aeec-67a5-4fdb-9d7c-04b412c81096,run1_rep1,F,OPEN,OPEN,request,NONE,MISS,0.03520900099829305,0.6215840003278572,INFO,adaptador.request,false,fallido,0.4972499991708901,9910.599322272,9910.599908647,9910.599287063,9910.599819522,CACHE_MISS,2026-09-05T00:13:33.799819Z
45dd1ec8-3fe4-4031-b456-c47ddf053dca,run1_rep1,F,OPEN,OPEN,request,NONE,MISS,0.08358299965038896,0.8768749994487735,INFO,adaptador.request,false,fallido,0.6667090001428733,9910.645772188,9910.64656548,9910.645688605,9910.646438897,CACHE_MISS,2026-09-05T00:13:33.846460Z
5d6883c3-a6ba-4f44-93ee-f52c698f35c2,run1_rep1,F,OPEN,OPEN,request,NONE,MISS,0.027541000235942192,0.5867500003660098,INFO,adaptador.request,false,fallido,0.4738750012620585,9910.654330688,9910.654889897,9910.654303147,9910.654804563,CACHE_MISS,2026-09-05T00:13:33.854790Z
0ee5935e-cf56-4577-b133-e141bae90068,run1_rep1,F,OPEN,OPEN,request,NONE,MISS,0.037542000427492894,1.2317920009081718,INFO,adaptador.request,false,fallido,1.0885829997278051,9910.720858272,9910.722052522,9910.72082073,9910.721946855,CACHE_MISS,2026-09-05T00:13:33.922154Z
d483551c-db5c-4a86-befb-b0615e1d6c2e,run1_rep1,F,OPEN,OPEN,request,NONE,MISS,0.02245900031994097,0.6890840013511479,INFO,adaptador.request,false,fallido,0.6276660005823942,9910.721623647,9910.722290272,9910.721601188,9910.722251313,CACHE_MISS,2026-09-05T00:13:33.922484Z
4cbcf3fb-8a94-4404-85a8-2ef7ae146fc1,run1_rep1,F,OPEN,OPEN,request,NONE,MISS,0.03133300015178975,0.5570829998760018,INFO,adaptador.request,false,fallido,0.4488340000534663,9910.731935688,9910.732461438,9910.731904355,9910.732384522,CACHE_MISS,2026-09-05T00:13:33.932353Z
5d7b2fb0-6946-45b0-a2ba-f866f53907a4,run1_rep1,F,OPEN,OPEN,request,NONE,MISS,0.025208999431924894,0.49049999870476313,INFO,adaptador.request,false,fallido,0.3980410001531709,9910.737116647,9910.737581938,9910.737091438,9910.737514688,CACHE_MISS,2026-09-05T00:13:33.937453Z
603f27b8-298f-4c08-a7f6-1eef8df3e46d,run1_rep1,F,OPEN,OPEN,request,NONE,MISS,0.06074999873817433,1.0110419989359798,INFO,adaptador.request,false,fallido,0.8116670014715055,9910.826369563,9910.827319855,9910.826308813,9910.82718123,CACHE_MISS,2026-09-05T00:13:34.027223Z
9dcac83e-21c6-44df-9a66-ab3d9abaca9b,run1_rep1,F,OPEN,OPEN,request,NONE,MISS,0.03762499909498729,0.5960409998806426,INFO,adaptador.request,false,fallido,0.472333000288927,9910.840132397,9910.840690813,9910.840094772,9910.84060473,CACHE_MISS,2026-09-05T00:13:34.040569Z
d9e1be4c-5835-4a8f-93ab-e40bbf641cff,run1_rep1,F,OPEN,OPEN,request,NONE,MISS,0.05254200004856102,0.7817919995432021,INFO,adaptador.request,false,fallido,0.6204159999469994,9910.913853022,9910.914582272,9910.91380048,9910.914473438,CACHE_MISS,2026-09-05T00:13:34.114476Z
4cfb39f7-b48f-450c-a9b6-dd01d8b8b450,run1_rep1,F,OPEN,OPEN,request,NONE,MISS,0.02583299828984309,0.5616669986920897,INFO,adaptador.request,false,fallido,0.46129200018185657,9910.922657688,9910.923193522,9910.922631855,9910.92311898,CACHE_MISS,2026-09-05T00:13:34.123078Z
9f4bc839-0a27-43ae-a616-ff4bac8df346,run1_rep1,F,OPEN,OPEN,request,NONE,MISS,0.028790998840122484,0.5281659996398957,INFO,adaptador.request,false,fallido,0.40875000013329554,9910.995533188,9910.996032563,9910.995504397,9910.995941938,CACHE_MISS,2026-09-05T00:13:34.195921Z
00e267b1-5267-4e63-83d9-4c3920890fc3,run1_rep1,F,OPEN,OPEN,request,NONE,MISS,0.028667000151472166,0.4192080014036037,INFO,adaptador.request,false,fallido,0.33312500090687536,9911.010086772,9911.010477313,9911.010058105,9911.010419897,CACHE_MISS,2026-09-05T00:13:34.210357Z
c954ae5e-d717-4267-8c7a-a69e10e67898,run1_rep1,F,OPEN,OPEN,request,NONE,MISS,0.0200829999812413,0.7062080003379378,INFO,adaptador.request,false,fallido,0.6362500007526251,9911.022245813,9911.022931938,9911.02222573,9911.022882063,CACHE_MISS,2026-09-05T00:13:34.222815Z
d373172d-4110-48c9-9822-b658d4947e37,run1_rep1,F,OPEN,OPEN,request,NONE,MISS,0.018333999832975678,0.7045840011414839,INFO,adaptador.request,false,fallido,0.6405410003935685,9911.022806897,9911.023493147,9911.022788563,9911.023447438,CACHE_MISS,2026-09-05T00:13:34.223500Z
1969a1e5-99a1-4d72-b814-2959400018e8,run1_rep1,F,OPEN,OPEN,request,NONE,MISS,0.015749999874969944,0.35512499925971497,INFO,adaptador.request,false,fallido,0.2897079993999796,9911.037086855,9911.03742623,9911.037071105,9911.037376563,CACHE_MISS,2026-09-05T00:13:34.237283Z
207894e5-e8a7-479f-b3c1-cb88f78b0db2,run1_rep1,F,OPEN,OPEN,request,NONE,MISS,0.01424999936716631,0.3668749995995313,INFO,adaptador.request,false,fallido,0.30395900103030726,9911.049525563,9911.049878188,9911.049511313,9911.049829522,CACHE_MISS,2026-09-05T00:13:34.249750Z
ad83fe3a-bf01-4b3b-97d1-7a94f54cfa2a,run1_rep1,F,OPEN,OPEN,request,NONE,MISS,0.024500001018168405,0.366292000762769,INFO,adaptador.request,false,fallido,0.28108399965276476,9911.083083105,9911.083424897,9911.083058605,9911.083364189,CACHE_MISS,2026-09-05T00:13:34.283300Z
fc3a621f-31c3-4b22-9942-93280ed53e46,run1_rep1,F,OPEN,OPEN,request,NONE,MISS,0.048457999582751654,0.8203329998650588,INFO,adaptador.request,false,fallido,0.6707920001645107,9911.155712605,9911.15648448,9911.155664147,9911.156383397,CACHE_MISS,2026-09-05T00:13:34.356377Z
e05eb98e-c979-4713-ae92-47e527e59944,run1_rep1,F,OPEN,OPEN,request,NONE,MISS,0.051666998842847534,1.4148339996609138,INFO,adaptador.request,false,fallido,1.2626250008906936,9911.193124897,9911.194488064,9911.19307323,9911.194387522,CACHE_MISS,2026-09-05T00:13:34.394618Z
d3d04da2-dd53-408f-8da3-cde4f83d93c9,run1_rep1,F,OPEN,OPEN,request,NONE,MISS,0.01712500124995131,1.1240410003665602,INFO,adaptador.request,false,fallido,1.06729099934455,9911.193643439,9911.194750355,9911.193626314,9911.19471073,CACHE_MISS,2026-09-05T00:13:34.394980Z
330d7bee-3aa5-4701-8181-a249b7c1bf58,run1_rep1,F,OPEN,OPEN,request,NONE,MISS,0.0574589994357666,1.3167920005798806,INFO,adaptador.request,false,fallido,1.111790999857476,9911.240707939,9911.241967272,9911.24065048,9911.24181973,CACHE_MISS,2026-09-05T00:13:34.442228Z
3d81069a-5d9a-4791-a2f5-c8bdb7cd090c,run1_rep1,F,OPEN,OPEN,request,NONE,MISS,0.017750000552041456,1.0698750011215452,INFO,adaptador.request,false,fallido,0.9764999995240942,9911.24129548,9911.242347605,9911.24127773,9911.24227198,CACHE_MISS,2026-09-05T00:13:34.442538Z
722e71f7-86be-4e5c-9a8b-8b26595274d6,run1_rep1,F,OPEN,OPEN,request,NONE,MISS,0.060582999140024185,0.9005829997477122,INFO,adaptador.request,false,fallido,0.7406670010823291,9911.295382522,9911.296222522,9911.295321939,9911.296123189,CACHE_MISS,2026-09-05T00:13:34.496135Z
00a3c3c0-0eb5-45a6-998b-dd762e43e1e8,run1_rep1,F,OPEN,OPEN,request,NONE,MISS,0.03270799970778171,0.7162919991969829,INFO,adaptador.request,false,fallido,0.6100840000726748,9911.29741348,9911.298097064,9911.297380772,9911.298023564,CACHE_MISS,2026-09-05T00:13:34.497993Z
a31775a5-b5c6-4dd9-b920-9074fa7aa02d,run1_rep1,F,OPEN,OPEN,request,NONE,MISS,0.09712500104797073,1.0027500011347001,INFO,adaptador.request,false,fallido,0.7763749999867287,9911.36305048,9911.363956105,9911.362953355,9911.363826855,CACHE_MISS,2026-09-05T00:13:34.563862Z
fc48f044-193e-4e93-9115-8a088b827814,run1_rep1,F,OPEN,OPEN,request,NONE,MISS,0.029833001462975517,0.6112500013841782,INFO,adaptador.request,false,fallido,0.5154169994057156,9911.366998105,9911.367579522,9911.366968272,9911.367513522,CACHE_MISS,2026-09-05T00:13:34.567446Z
21d4db70-dfed-45d3-b270-b37ee9e20669,run1_rep1,F,OPEN,OPEN,request,NONE,MISS,0.049666999984765425,0.893250000444823,INFO,adaptador.request,false,fallido,0.7215000005089678,9911.401859689,9911.402703272,9911.401810022,9911.402581189,CACHE_MISS,2026-09-05T00:13:34.602613Z
3415df9a-1bd7-4357-86c3-90e0fcedd55c,run1_rep1,F,OPEN,OPEN,request,NONE,MISS,0.027499998395796865,0.8487919985782355,INFO,adaptador.request,false,fallido,0.7455840004695347,9911.410360105,9911.411181397,9911.410332605,9911.411105689,CACHE_MISS,2026-09-05T00:13:34.611066Z
c6e1aef4-4e8d-4d0e-8e1c-e470ac064ecf,run1_rep1,F,OPEN,OPEN,request,NONE,MISS,0.017750000552041456,0.7925420013634721,INFO,adaptador.request,false,fallido,0.7249999998748535,9911.410976022,9911.411750814,9911.410958272,9911.411701022,CACHE_MISS,2026-09-05T00:13:34.611785Z
9044898a-9d91-4803-a0f5-b01fc5e0cbba,run1_rep1,F,OPEN,OPEN,request,NONE,MISS,0.03095800093433354,0.6088330010243226,INFO,adaptador.request,false,fallido,0.4937089997838484,9911.46073323,9911.461311105,9911.460702272,9911.461226939,CACHE_MISS,2026-09-05T00:13:34.661199Z
21445ee8-8609-47f5-a9d5-63b887de4c6f,run1_rep1,F,OPEN,OPEN,request,NONE,MISS,0.030790999517193995,0.6317079987638863,INFO,adaptador.request,false,fallido,0.5166249993635574,9911.491373355,9911.491974272,9911.491342564,9911.49188998,CACHE_MISS,2026-09-05T00:13:34.691885Z
e3892a45-e3f8-40ca-ba7b-22e133456c55,run1_rep1,F,OPEN,OPEN,request,NONE,MISS,0.04329200055508409,0.690875000145752,INFO,adaptador.request,false,fallido,0.5704579998564441,9911.538992272,9911.539639855,9911.53894898,9911.53956273,CACHE_MISS,2026-09-05T00:13:34.739513Z
cc976343-14b3-4b1d-b76f-373ae06e010a,run1_rep1,F,OPEN,OPEN,request,NONE,MISS,0.058417001127963886,0.8109580012387596,INFO,adaptador.request,false,fallido,0.6541249986184994,9911.617231439,9911.61798398,9911.617173022,9911.617885564,CACHE_MISS,2026-09-05T00:13:34.817906Z
84d55f19-b0fe-4de7-b6a0-2f35dc7e4269,run1_rep1,F,OPEN,OPEN,request,NONE,MISS,0.04291699951863848,0.7969999987835763,INFO,adaptador.request,false,fallido,0.636958000541199,9911.700143897,9911.70089798,9911.70010098,9911.700780855,CACHE_MISS,2026-09-05T00:13:34.900819Z
3dea3e98-d1b1-4f70-afb7-409346e75336,run1_rep1,F,OPEN,OPEN,request,NONE,MISS,0.03641700095613487,0.7550000009359792,INFO,adaptador.request,false,fallido,0.5883329995413078,9911.707132314,9911.707850897,9911.707095897,9911.707720647,CACHE_MISS,2026-09-05T00:13:34.907781Z
f546d724-9427-4e91-92e2-b90216af5de9,run1_rep1,F,OPEN,OPEN,request,NONE,MISS,0.034416998460073955,0.7460829983756412,INFO,adaptador.request,false,fallido,0.5846660005772719,9911.720445189,9911.721156855,9911.720410772,9911.721029855,CACHE_MISS,2026-09-05T00:13:34.921054Z
21cc9cb0-eb71-45da-a7fa-1b70d64635ec,run1_rep1,F,OPEN,OPEN,request,NONE,MISS,0.06066599962650798,0.9285409996664384,INFO,adaptador.request,false,fallido,0.7359169994742842,9911.77362048,9911.774488355,9911.773559814,9911.774356397,CACHE_MISS,2026-09-05T00:13:34.974397Z
df6b6073-3d88-4251-aa99-a497860156ce,run1_rep1,F,OPEN,OPEN,request,NONE,MISS,0.06908400064276066,1.068208999640774,INFO,adaptador.request,false,fallido,0.8717500004422618,9911.845156731,9911.846155856,9911.845087647,9911.846028481,CACHE_MISS,2026-09-05T00:13:35.046061Z
e2731817-9ade-4588-ba7b-cdd294e0b433,run1_rep1,F,OPEN,OPEN,request,NONE,MISS,0.026542000341578387,1.0404579988971818,INFO,adaptador.request,false,fallido,0.9432909992028726,9911.847920231,9911.848934147,9911.847893689,9911.848863522,CACHE_MISS,2026-09-05T00:13:35.048851Z
8204fdf4-10a1-4bba-b601-0265d58917ab,run1_rep1,F,OPEN,OPEN,request,NONE,MISS,0.023958000383572653,0.6722920006723143,INFO,adaptador.request,false,fallido,0.5960420003248146,9911.850304397,9911.850952731,9911.850280439,9911.850900439,CACHE_MISS,2026-09-05T00:13:35.050867Z
d206f671-f7b2-4fc4-82be-a18ef8bb5723,run1_rep1,F,OPEN,OPEN,request,NONE,MISS,0.020166000467725098,0.9103749998757849,INFO,adaptador.request,false,fallido,0.8342500004800968,9911.851464522,9911.852354731,9911.851444356,9911.852298772,CACHE_MISS,2026-09-05T00:13:35.052224Z
12dffcd1-8308-4357-9f05-57801b511bc6,run1_rep1,F,OPEN,OPEN,request,NONE,MISS,0.020375000531203113,0.375083000108134,INFO,adaptador.request,false,fallido,0.3096250002272427,9911.866112689,9911.866467397,9911.866092314,9911.866422314,CACHE_MISS,2026-09-05T00:13:35.066323Z
6d3131d6-8042-448e-8692-781b1e5cc789,run1_rep1,F,OPEN,OPEN,request,NONE,MISS,0.05820799924549647,1.0000409984058933,INFO,adaptador.request,false,fallido,0.7746249993942911,9911.923698814,9911.924640647,9911.923640606,9911.924473439,CACHE_MISS,2026-09-05T00:13:35.124568Z
5aee0dda-4bac-4118-b370-3f082242ce27,run1_rep1,F,OPEN,OPEN,request,NONE,MISS,0.02458400012983475,0.46733399904042017,INFO,adaptador.request,false,fallido,0.37274999885994475,9911.927573106,9911.928015856,9911.927548522,9911.927945856,CACHE_MISS,2026-09-05T00:13:35.127925Z
02e9dbc9-6bc5-4597-a48d-2a7ee2e9246c,run1_rep1,F,OPEN,OPEN,request,NONE,MISS,0.021583000489044935,0.3972080012317747,INFO,adaptador.request,false,fallido,0.27675000092131086,9911.929657522,9911.930033147,9911.929635939,9911.929934272,CACHE_MISS,2026-09-05T00:13:35.129925Z
d6e7747b-5510-4434-8559-fe03a7458e32,run1_rep1,F,OPEN,OPEN,request,NONE,MISS,0.024499999199179,0.43320799886714667,INFO,adaptador.request,false,fallido,0.3562080000847345,9912.019057439,9912.019466147,9912.019032939,9912.019413647,CACHE_MISS,2026-09-05T00:13:35.219314Z
f572e08e-012d-4479-85d8-73359473c0a3,run1_rep1,F,OPEN,OPEN,request,NONE,MISS,0.02020899955823552,0.4007919997093268,INFO,adaptador.request,false,fallido,0.3308750001451699,9912.036743981,9912.037124564,9912.036723772,9912.037074856,CACHE_MISS,2026-09-05T00:13:35.236969Z
86f506f6-0993-4f86-8c7a-878888a72fa3,run1_rep1,F,OPEN,OPEN,request,NONE,MISS,0.014833000022917986,0.29566600096586626,INFO,adaptador.request,false,fallido,0.24312499954248779,9912.040575939,9912.040856772,9912.040561106,9912.040819064,CACHE_MISS,2026-09-05T00:13:35.240697Z
6b6b628a-b03c-476c-9684-9eb6f888031c,run1_rep1,F,OPEN,OPEN,request,NONE,MISS,0.01799999881768599,0.5742079993069638,INFO,adaptador.request,false,fallido,0.5147910014784429,9912.089197856,9912.089754064,9912.089179856,9912.089712647,CACHE_MISS,2026-09-05T00:13:35.289756Z
d553bacf-44f6-4f10-8b3e-d0147ef9c7f8,run1_rep1,F,OPEN,OPEN,request,NONE,MISS,0.007708000339334831,0.4496670007938519,INFO,adaptador.request,false,fallido,0.4088340010639513,9912.089464772,9912.089906731,9912.089457064,9912.089873606,CACHE_MISS,2026-09-05T00:13:35.289937Z
ece43306-9040-4134-9743-9a67b0fadeaa,run1_rep1,F,OPEN,OPEN,request,NONE,MISS,0.01304199940932449,0.24579199998697732,INFO,adaptador.request,false,fallido,0.20275000133551657,9912.096713189,9912.096945939,9912.096700147,9912.096915939,CACHE_MISS,2026-09-05T00:13:35.296782Z
ac736907-e476-4740-ab5a-f9c5373cbb34,run1_rep1,F,OPEN,OPEN,request,NONE,MISS,0.009875000614556484,0.22379099937097635,INFO,adaptador.request,false,fallido,0.1802909991965862,9912.114613981,9912.114827897,9912.114604106,9912.114794272,CACHE_MISS,2026-09-05T00:13:35.314664Z
66d4a3df-362d-463d-8ea9-12f337fafd7e,run1_rep1,F,OPEN,OPEN,request,NONE,MISS,0.00904099942999892,0.21229099911579397,INFO,adaptador.request,false,fallido,0.1715420003165491,9912.122511647,9912.122714897,9912.122502606,9912.122683189,CACHE_MISS,2026-09-05T00:13:35.322553Z
7dc5aeab-67c5-490b-99af-ff35abea1a33,run1_rep1,F,OPEN,OPEN,request,NONE,MISS,0.055083000916056335,1.3895830015826505,INFO,adaptador.request,false,fallido,1.1586250002437737,9912.277345147,9912.278679647,9912.277290064,9912.278503772,CACHE_MISS,2026-09-05T00:13:35.478623Z
cd7d326f-07f3-429e-9daf-f158bd307e5f,run1_rep1,F,OPEN,OPEN,request,NONE,MISS,0.023790998966433108,0.5873749996680999,INFO,adaptador.request,false,fallido,0.4985840005247155,9912.281397272,9912.281960856,9912.281373481,9912.281895856,CACHE_MISS,2026-09-05T00:13:35.481842Z
eaab0fa8-3ba6-4c8e-90a5-d65c41a21ca2,run1_rep1,F,OPEN,OPEN,request,NONE,MISS,0.02766599936876446,0.5001249992346857,INFO,adaptador.request,false,fallido,0.40858400097931735,9912.310409397,9912.310881856,9912.310381731,9912.310817981,CACHE_MISS,2026-09-05T00:13:35.510747Z
5879b80d-c424-497c-b0d8-efaf4c459617,run1_rep1,F,OPEN,OPEN,request,NONE,MISS,0.048624999180901796,1.1700830000336282,INFO,adaptador.request,false,fallido,1.0152080012630904,9912.379601689,9912.380723147,9912.379553064,9912.380616897,CACHE_MISS,2026-09-05T00:13:35.580624Z
03b81cb9-6463-4fb8-bdeb-a6bda74a6ca4,run1_rep1,F,OPEN,OPEN,request,NONE,MISS,0.05320899981597904,0.8262089995696442,INFO,adaptador.request,false,fallido,0.6658330003119772,9912.414413606,9912.415186606,9912.414360397,9912.415079439,CACHE_MISS,2026-09-05T00:13:35.615080Z
b4c2c787-62da-4825-ac60-9a4f39f5f458,run1_rep1,F,OPEN,OPEN,request,NONE,MISS,0.05500000042957254,0.8566659998905379,INFO,adaptador.request,false,fallido,0.6959999991522636,9912.453433356,9912.454235022,9912.453378356,9912.454129356,CACHE_MISS,2026-09-05T00:13:35.654135Z
c2146c14-0aeb-4277-a8b6-7a1d037a848c,run1_rep1,F,OPEN,OPEN,request,NONE,MISS,0.04245899981469847,1.0019170003943145,INFO,adaptador.request,false,fallido,0.8674999990034848,9912.468952981,9912.469912439,9912.468910522,9912.469820481,CACHE_MISS,2026-09-05T00:13:35.670086Z
bfd35285-611c-45f3-befa-7938c3642500,run1_rep1,F,OPEN,OPEN,request,NONE,MISS,0.01820800025598146,0.8661249994474929,INFO,adaptador.request,false,fallido,0.7908749994385289,9912.469353897,9912.470201814,9912.469335689,9912.470144772,CACHE_MISS,2026-09-05T00:13:35.670385Z
16388f0c-3c69-4cc4-85cd-00c950d2a6d7,run1_rep1,F,OPEN,OPEN,request,NONE,MISS,0.05820799924549647,1.2709579987131292,INFO,adaptador.request,false,fallido,1.064833000782528,9912.541859231,9912.543071981,9912.541801023,9912.542924064,CACHE_MISS,2026-09-05T00:13:35.742967Z
b9f383f2-30be-4abb-bfd6-f24f17c2ccb1,run1_rep1,F,OPEN,OPEN,request,NONE,MISS,0.029749999157502316,0.9684169999673031,INFO,adaptador.request,false,fallido,0.8797089994914131,9912.542806439,9912.543745106,9912.542776689,9912.543686148,CACHE_MISS,2026-09-05T00:13:35.743845Z
36efe4ca-5aa4-49f9-bec0-fd404a93d9f7,run1_rep1,F,OPEN,OPEN,request,NONE,MISS,0.04383300074550789,0.6602499997825362,INFO,adaptador.request,false,fallido,0.5285419993015239,9912.576463814,9912.577080231,9912.576419981,9912.576992356,CACHE_MISS,2026-09-05T00:13:35.776948Z
b39cee88-5790-4e86-a30d-721bf57afefb,run1_rep1,F,OPEN,OPEN,request,NONE,MISS,0.022666999939247034,0.40620900108478963,INFO,adaptador.request,false,fallido,0.32795800143503584,9912.580148856,9912.580532398,9912.580126189,9912.580476814,CACHE_MISS,2026-09-05T00:13:35.780393Z
64fa1ba6-c30a-4662-b030-a39586f70c53,run1_rep1,F,OPEN,OPEN,request,NONE,MISS,0.10937499973806553,0.9508330003882293,INFO,adaptador.request,false,fallido,0.7406250006170012,9912.620044856,9912.620886314,9912.619935481,9912.620785481,CACHE_MISS,2026-09-05T00:13:35.820765Z
0d9ce57c-0bef-4102-894b-ce94362f5be5,run1_rep1,F,OPEN,OPEN,request,NONE,MISS,0.023499998860643245,0.4806670003745239,INFO,adaptador.request,false,fallido,0.37104200055182446,9912.643934314,9912.644391481,9912.643910814,9912.644305356,CACHE_MISS,2026-09-05T00:13:35.844259Z
3c33583c-0d91-4bcd-9f3d-c9330d2f8ebd,run1_rep1,F,OPEN,OPEN,request,NONE,MISS,0.018417000319459476,0.3390419988136273,INFO,adaptador.request,false,fallido,0.27316599880577996,9912.660515023,9912.660835648,9912.660496606,9912.660788189,CACHE_MISS,2026-09-05T00:13:35.860685Z
9a378f2f-dd31-425d-b3c5-dc8339d2ab63,run1_rep1,F,OPEN,OPEN,request,NONE,MISS,0.05395799962570891,0.8700829985173186,INFO,adaptador.request,false,fallido,0.7164170001487946,9912.749327481,9912.750143606,9912.749273523,9912.750043898,CACHE_MISS,2026-09-05T00:13:35.950028Z
77f8062d-bedb-4c70-b119-3d4e22e8c996,run1_rep1,F,OPEN,OPEN,request,NONE,MISS,0.030541999876732007,0.9460420005780179,INFO,adaptador.request,false,fallido,0.8142080005200114,9912.761183023,9912.762098523,9912.761152481,9912.761997231,CACHE_MISS,2026-09-05T00:13:35.962225Z
8552a544-18f2-484c-9366-6fbfc2234ea0,run1_rep1,F,OPEN,OPEN,request,NONE,MISS,0.013916998796048574,0.7423749993904494,INFO,adaptador.request,false,fallido,0.6758750005246839,9912.761621523,9912.762349981,9912.761607606,9912.762297398,CACHE_MISS,2026-09-05T00:13:35.962528Z
402d07a4-85ae-4e85-91ba-eaf34d052cc6,run1_rep1,F,OPEN,OPEN,request,NONE,MISS,0.020792000213987194,0.4542920014500851,INFO,adaptador.request,false,fallido,0.36137500137556344,9912.766909523,9912.767343023,9912.766888731,9912.767270898,CACHE_MISS,2026-09-05T00:13:35.967224Z
2a84c117-89c0-485a-8c3b-6f44db23fc7c,run1_rep1,F,OPEN,OPEN,request,NONE,MISS,0.015499999790336005,0.3645840006356593,INFO,adaptador.request,false,fallido,0.28862500039394945,9912.774906689,9912.775255773,9912.774891189,9912.775195314,CACHE_MISS,2026-09-05T00:13:35.975119Z
3b18a963-6b45-493d-979a-48551dca3d27,run1_rep1,F,OPEN,OPEN,request,NONE,MISS,0.024834000214468688,0.47662500037404243,INFO,adaptador.request,false,fallido,0.38674999996146653,9912.814996398,9912.815448189,9912.814971564,9912.815383148,CACHE_MISS,2026-09-05T00:13:36.015309Z
21dbfeb9-150b-4439-8288-bb7360b340d3,run1_rep1,F,OPEN,OPEN,request,NONE,MISS,0.05450000026030466,0.8164170012605609,INFO,adaptador.request,false,fallido,0.6673340012639528,9912.858915939,9912.859677856,9912.858861439,9912.859583273,CACHE_MISS,2026-09-05T00:13:36.059559Z
bafa86b1-de3c-40fe-a3fa-047a037b2967,run1_rep1,F,OPEN,OPEN,request,NONE,MISS,0.04837500091525726,0.7392080005956814,INFO,adaptador.request,false,fallido,0.6102909992478089,9912.921625773,9912.922316606,9912.921577398,9912.922236064,CACHE_MISS,2026-09-05T00:13:36.122186Z
5ab1fd85-3716-4f10-a38e-5a01051f6212,run1_rep1,F,OPEN,OPEN,request,NONE,MISS,0.05066599987912923,0.7943330001580762,INFO,adaptador.request,false,fallido,0.6475840000348398,9912.985068439,9912.985812106,9912.985017773,9912.985716023,CACHE_MISS,2026-09-05T00:13:36.185688Z
fa9165c7-6bce-4bec-afd6-fe980407df55,run1_rep1,F,OPEN,OPEN,request,NONE,MISS,0.04220799928589258,0.691082999765058,INFO,adaptador.request,false,fallido,0.5446670002129395,9913.021381939,9913.022030814,9913.021339731,9913.021926606,CACHE_MISS,2026-09-05T00:13:36.221930Z
27589756-8e02-40f8-ac59-753d0260770f,run1_rep1,F,OPEN,OPEN,request,NONE,MISS,0.039583999750902876,1.1749590012186673,INFO,adaptador.request,false,fallido,0.9385829998791451,9913.037517648,9913.038653023,9913.037478064,9913.038456231,CACHE_MISS,2026-09-05T00:13:36.238947Z
a263cc1b-7e03-486a-a2d7-0cd7f289a4d2,run1_rep1,F,OPEN,OPEN,request,NONE,MISS,0.036833000194747,1.073125000402797,INFO,adaptador.request,false,fallido,0.9704169988253852,9913.038022356,9913.039058648,9913.037985523,9913.038992773,CACHE_MISS,2026-09-05T00:13:36.239467Z
b7465cb5-f0fd-46dc-8868-3c381605ffae,run1_rep1,F,OPEN,OPEN,request,NONE,MISS,0.02712499917834066,0.5189999992580852,INFO,adaptador.request,false,fallido,0.4230840004311176,9913.042845064,9913.043336939,9913.042817939,9913.043268148,CACHE_MISS,2026-09-05T00:13:36.243215Z
b61101c2-8cf4-4aaf-966e-e89172d8974a,run1_rep1,F,OPEN,OPEN,request,NONE,MISS,0.024500001018168405,0.546667000890011,INFO,adaptador.request,false,fallido,0.45399999908113386,9913.079284314,9913.079806481,9913.079259814,9913.079738314,CACHE_MISS,2026-09-05T00:13:36.279676Z
0683ebe3-4516-44a1-af1d-bc6836c7bb61,run1_rep1,F,OPEN,OPEN,request,NONE,MISS,0.06941600076970644,0.9632910005166195,INFO,adaptador.request,false,fallido,0.7637089984200429,9913.144968439,9913.145862314,9913.144899023,9913.145732148,CACHE_MISS,2026-09-05T00:13:36.345768Z
c24ccc94-4619-482d-a39c-73f54a880600,run1_rep1,F,OPEN,OPEN,request,NONE,MISS,0.03529200148477685,0.7237919999170117,INFO,adaptador.request,false,fallido,0.5439169999590376,9913.151696606,9913.152385106,9913.151661314,9913.152240523,CACHE_MISS,2026-09-05T00:13:36.352320Z
1c4e7078-a6cc-4bc5-8d54-482eceb01445,run1_rep1,F,OPEN,OPEN,request,NONE,MISS,0.03495899909466971,0.5879170003026957,INFO,adaptador.request,false,fallido,0.47633300164307,9913.159957273,9913.160510231,9913.159922314,9913.160433606,CACHE_MISS,2026-09-05T00:13:36.360401Z
224c5dc3-a651-41f6-969d-95ee2d110e93,run1_rep1,F,OPEN,OPEN,request,NONE,MISS,0.05041700023866724,0.7564169991383096,INFO,adaptador.request,false,fallido,0.6039580002834555,9913.210776648,9913.211482648,9913.210726231,9913.211380606,CACHE_MISS,2026-09-05T00:13:36.411379Z
fd0e6ba5-b9e8-41f6-9fa9-5088a4addb41,run1_rep1,F,OPEN,OPEN,request,NONE,MISS,0.053666999519919045,1.0028750002675224,INFO,adaptador.request,false,fallido,0.8226249992731027,9913.324923815,9913.325873023,9913.324870148,9913.32574644,CACHE_MISS,2026-09-05T00:13:36.525785Z
194dfbc0-1278-4516-b71d-9d5ee97749b7,run1_rep1,F,OPEN,OPEN,request,NONE,MISS,0.038249998397077434,0.7182499994087266,INFO,adaptador.request,false,fallido,0.55383300059475,9913.38666069,9913.38734069,9913.38662244,9913.387214523,CACHE_MISS,2026-09-05T00:13:36.587246Z
d35ab0bf-d0a4-41ff-b1b9-062b102a14ff,run1_rep1,F,OPEN,OPEN,request,NONE,MISS,0.05570800021814648,1.0429169997223653,INFO,adaptador.request,false,fallido,0.8717500004422618,9913.435184356,9913.436171565,9913.435128648,9913.436056106,CACHE_MISS,2026-09-05T00:13:36.636079Z
1023d502-e983-4d8c-9f47-947c5ebbaf7d,run1_rep1,F,OPEN,OPEN,request,NONE,MISS,0.02099999983329326,0.9220419997291174,INFO,adaptador.request,false,fallido,0.8405419994232943,9913.435970023,9913.436871065,9913.435949023,9913.436810565,CACHE_MISS,2026-09-05T00:13:36.636931Z
9116f653-67a6-4059-aa6d-980008a536d7,run1_rep1,F,OPEN,OPEN,request,NONE,MISS,0.027209000108996406,0.531834000867093,INFO,adaptador.request,false,fallido,0.42404099986015353,9913.44508844,9913.445593065,9913.445061231,9913.445512481,CACHE_MISS,2026-09-05T00:13:36.645475Z
b34a8e84-e2fa-47bb-9476-3c0f19cd49c1,run1_rep1,F,OPEN,OPEN,request,NONE,MISS,0.01908300146169495,0.39775000004738104,INFO,adaptador.request,false,fallido,0.3277079995314125,9913.456723773,9913.45710244,9913.45670469,9913.457051481,CACHE_MISS,2026-09-05T00:13:36.656961Z
bcabbfad-9c34-451e-af8c-c2713fecfc10,run1_rep1,F,OPEN,OPEN,request,NONE,MISS,0.016582998796366155,0.5770829993707594,INFO,adaptador.request,false,fallido,0.501958000313607,9913.485887398,9913.486447898,9913.485870815,9913.486389356,CACHE_MISS,2026-09-05T00:13:36.686577Z
7872bf76-19b1-4041-a181-c7843351bb51,run1_rep1,F,OPEN,OPEN,request,NONE,MISS,0.0117090003186604,0.5629999996017432,INFO,adaptador.request,false,fallido,0.49937499898078386,9913.48614219,9913.486693481,9913.486130481,9913.486641565,CACHE_MISS,2026-09-05T00:13:36.686886Z
8fe95616-3998-4763-820e-de997fb57e2c,run1_rep1,F,OPEN,OPEN,request,NONE,MISS,0.016375000996049494,0.8379999999306165,INFO,adaptador.request,false,fallido,0.7649159997527022,9913.493630065,9913.49445169,9913.49361369,9913.494394981,CACHE_MISS,2026-09-05T00:13:36.694576Z
a41bff74-3263-4204-a61f-0032fc32fe3b,run1_rep1,F,OPEN,OPEN,request,NONE,MISS,0.029499999072868377,0.7078329999785637,INFO,adaptador.request,false,fallido,0.620791000983445,9913.494024565,9913.494702898,9913.493995065,9913.494645356,CACHE_MISS,2026-09-05T00:13:36.694837Z
7cb2bc70-48ed-4cde-9b82-00f765388b9a,run1_rep1,F,OPEN,OPEN,request,NONE,MISS,0.04837499909626786,1.1385830002836883,INFO,adaptador.request,false,fallido,0.9033330006786855,9913.624521065,9913.625611273,9913.62447269,9913.625424398,CACHE_MISS,2026-09-05T00:13:36.825541Z
eb77127e-10ed-4015-8dbe-8e2ffdf68f7a,run1_rep1,F,OPEN,OPEN,request,NONE,MISS,0.024333001420018263,1.056458000675775,INFO,adaptador.request,false,fallido,0.9634999987611081,9913.625315273,9913.626347398,9913.62529094,9913.626278773,CACHE_MISS,2026-09-05T00:13:36.826419Z
4beda872-795f-4e7d-9cb9-39d90d6f797c,run1_rep1,F,OPEN,OPEN,request,NONE,MISS,0.020249999579391442,0.4259999986970797,INFO,adaptador.request,false,fallido,0.34929100002045743,9913.63051219,9913.63091794,9913.63049194,9913.630861481,CACHE_MISS,2026-09-05T00:13:36.830780Z
a1738d98-d3f2-4a51-a12d-d48230e9b26d,run1_rep1,F,OPEN,OPEN,request,NONE,MISS,0.05108400000608526,0.9114170006796485,INFO,adaptador.request,false,fallido,0.7513330001529539,9913.685956815,9913.686817148,9913.685905731,9913.686708148,CACHE_MISS,2026-09-05T00:13:36.886716Z
d2cdb54f-ba8f-47e5-8139-e7554f945a75,run1_rep1,F,OPEN,OPEN,request,NONE,MISS,0.06620900057896506,0.9655000012571691,INFO,adaptador.request,false,fallido,0.7754580001346767,9913.80926369,9913.810162981,9913.809197481,9913.810039148,CACHE_MISS,2026-09-05T00:13:37.010079Z
1c086483-6847-405c-88f3-0150083e14a0,run1_rep1,F,OPEN,OPEN,request,NONE,MISS,0.02158399911422748,0.4079589998582378,INFO,adaptador.request,false,fallido,0.3215409997210372,9913.82007794,9913.820464315,9913.820056356,9913.820399481,CACHE_MISS,2026-09-05T00:13:37.020334Z
5e0db8e9-bcf1-41c4-906f-c6fb04a0f073,run1_rep1,F,OPEN,OPEN,request,NONE,MISS,0.051875000281143,1.3110830004734453,INFO,adaptador.request,false,fallido,1.15945799916517,9913.881855607,9913.883114815,9913.881803732,9913.883015065,CACHE_MISS,2026-09-05T00:13:37.083250Z
925d9eb6-f153-4854-af6f-b9002bb79c71,run1_rep1,F,OPEN,OPEN,request,NONE,MISS,0.01449999945180025,0.9279999994760146,INFO,adaptador.request,false,fallido,0.8587090014771093,9913.882452273,9913.883365773,9913.882437773,9913.883310982,CACHE_MISS,2026-09-05T00:13:37.083549Z
0a3a86d4-191c-4e58-9fc0-b903704146e6,run1_rep1,F,OPEN,OPEN,request,NONE,MISS,0.10362499961047433,1.1735839998436859,INFO,adaptador.request,false,fallido,0.8818339993013069,9913.925075273,9913.926145232,9913.924971648,9913.925957107,CACHE_MISS,2026-09-05T00:13:37.126066Z
efd980f5-3479-4acd-aaa5-ea351382cfdc,run1_rep1,F,OPEN,OPEN,request,NONE,MISS,0.029041000743745826,0.5884160000277916,INFO,adaptador.request,false,fallido,0.42016699990199413,9913.927385273,9913.927944648,9913.927356232,9913.92780544,CACHE_MISS,2026-09-05T00:13:37.127866Z
c48ab776-c416-44d7-badb-efecb7699eac,run1_rep1,F,OPEN,OPEN,request,NONE,MISS,0.023958000383572653,0.38499999936902896,INFO,adaptador.request,false,fallido,0.310874998831423,9913.93007494,9913.930435982,9913.930050982,9913.930385815,CACHE_MISS,2026-09-05T00:13:37.130292Z
2c32d39a-83d3-48c9-a6b2-850b637fb7a4,run1_rep1,F,OPEN,OPEN,request,NONE,MISS,0.019166000129189342,0.3468750001047738,INFO,adaptador.request,false,fallido,0.27670900090015493,9913.942116273,9913.942443982,9913.942097107,9913.942392982,CACHE_MISS,2026-09-05T00:13:37.142305Z
a27a7a9b-d2d4-4634-bb4b-47e192e35eaa,run1_rep1,F,OPEN,OPEN,request,NONE,MISS,0.03749999996216502,0.644833000478684,INFO,adaptador.request,false,fallido,0.5215410001255805,9913.978177107,9913.97878444,9913.978139607,9913.978698648,CACHE_MISS,2026-09-05T00:13:37.178684Z
01ba2923-81a3-4774-a652-cb1cf94469dd,run1_rep1,F,OPEN,OPEN,request,NONE,MISS,0.05670899918186478,0.8617090006737271,INFO,adaptador.request,false,fallido,0.6994160012254724,9914.037598357,9914.038403357,9914.037541648,9914.038297773,CACHE_MISS,2026-09-05T00:13:37.238303Z
b3d90fb9-49e6-4662-9de9-73b2ebe5a310,run1_rep1,F,OPEN,OPEN,request,NONE,MISS,0.05445800161396619,0.8522910011379281,INFO,adaptador.request,false,fallido,0.6927499998710118,9914.12392069,9914.124718523,9914.123866232,9914.12461344,CACHE_MISS,2026-09-05T00:13:37.324615Z
193508a8-090f-4327-a08e-df4e6f61a232,run1_rep1,F,OPEN,OPEN,request,NONE,MISS,0.042499999835854396,0.7024170008662622,INFO,adaptador.request,false,fallido,0.5729580007027835,9914.13892894,9914.139588857,9914.13888644,9914.139501898,CACHE_MISS,2026-09-05T00:13:37.339456Z
9978417c-99ec-4524-9ead-982ffc1d8c87,run1_rep1,F,OPEN,OPEN,request,NONE,MISS,0.059250000049360096,0.8340419990418013,INFO,adaptador.request,false,fallido,0.6659999999101274,9914.186533898,9914.18730869,9914.186474648,9914.187199898,CACHE_MISS,2026-09-05T00:13:37.387208Z
e720f08d-de51-4b30-bf44-2af0eec2f5ca,run1_rep1,F,OPEN,OPEN,request,NONE,MISS,0.05608300125459209,0.6616250011575175,INFO,adaptador.request,false,fallido,0.5158749991096556,9914.207051273,9914.207656815,9914.20699519,9914.207567148,CACHE_MISS,2026-09-05T00:13:37.407539Z
b1060017-36df-4c66-aedd-4008119c657f,run1_rep1,F,OPEN,OPEN,request,NONE,MISS,0.051125000027241185,1.0809169998537982,INFO,adaptador.request,false,fallido,0.9369580002385192,9914.23981644,9914.240846232,9914.239765315,9914.240753398,CACHE_MISS,2026-09-05T00:13:37.440730Z
22a7a762-a007-4d40-8c8e-af908cae792a,run1_rep1,F,OPEN,OPEN,request,NONE,MISS,0.05620900083158631,0.8446250012639211,INFO,adaptador.request,false,fallido,0.6694999992760131,9914.300773482,9914.301561898,9914.300717273,9914.301442982,CACHE_MISS,2026-09-05T00:13:37.501466Z
0ad882ca-475d-48d5-af43-aacdcb55a73e,run1_rep1,F,OPEN,OPEN,request,NONE,MISS,0.025667000954854302,0.4468750012165401,INFO,adaptador.request,false,fallido,0.36679100048786495,9914.305439357,9914.305860565,9914.30541369,9914.305806148,CACHE_MISS,2026-09-05T00:13:37.505721Z
146b636b-71d4-454c-a45a-33aa40729f8e,run1_rep1,F,OPEN,OPEN,request,NONE,MISS,0.017624999600229785,0.3451249995123362,INFO,adaptador.request,false,fallido,0.2828330016200198,9914.324249315,9914.324576815,9914.32423169,9914.324532148,CACHE_MISS,2026-09-05T00:13:37.524437Z
9122cff7-1dc1-4da1-8859-5ea728aa1677,run1_rep1,F,OPEN,OPEN,request,NONE,MISS,0.017791999198379926,0.4064999993715901,INFO,adaptador.request,false,fallido,0.3456250015005935,9914.337062857,9914.337451565,9914.337045065,9914.337408482,CACHE_MISS,2026-09-05T00:13:37.537309Z
fc9d364a-9242-4f96-aeb0-fdd3826ff793,run1_rep1,F,OPEN,OPEN,request,NONE,MISS,0.04704200000560377,1.1778339994634734,INFO,adaptador.request,false,fallido,1.0350419997848803,9914.38229694,9914.383427732,9914.382249898,9914.383331982,CACHE_MISS,2026-09-05T00:13:37.583557Z
554525bc-d535-42c8-9db2-d85266d29e19,run1_rep1,F,OPEN,OPEN,request,NONE,MISS,0.021875001039006747,0.9155839998129522,INFO,adaptador.request,false,fallido,0.8451249996141996,9914.382789523,9914.383683232,9914.382767648,9914.383634648,CACHE_MISS,2026-09-05T00:13:37.583868Z
5f977e9e-5310-4f9a-84ee-f46a62e3c3fb,run1_rep1,F,OPEN,OPEN,request,NONE,MISS,0.057625000408734195,1.4317080003820593,INFO,adaptador.request,false,fallido,1.2722080009552883,9914.42546669,9914.426840773,9914.425409065,9914.426738898,CACHE_MISS,2026-09-05T00:13:37.627029Z
a4ab3009-e5ef-4d17-a87a-7649876d0f23,run1_rep1,F,OPEN,OPEN,request,NONE,MISS,0.0239589990087552,0.7624589998158626,INFO,adaptador.request,false,fallido,0.6764160007151077,9914.426380107,9914.427118607,9914.426356148,9914.427056523,CACHE_MISS,2026-09-05T00:13:37.627362Z
f36418e9-1d38-4859-9783-ee7653c7343a,run1_rep1,F,OPEN,OPEN,request,NONE,MISS,0.06433399903471582,0.8391249994019745,INFO,adaptador.request,false,fallido,0.6477500010078074,9914.488244232,9914.489019023,9914.488179898,9914.488891982,CACHE_MISS,2026-09-05T00:13:37.688991Z
a004d1a3-d6d2-4bc1-899a-c8d3dac5f436,run1_rep1,F,OPEN,OPEN,request,NONE,MISS,0.026708999939728528,0.4178750004939502,INFO,adaptador.request,false,fallido,0.3379159988980973,9914.514279232,9914.514670398,9914.514252523,9914.514617148,CACHE_MISS,2026-09-05T00:13:37.714530Z
c6a0ede9-d794-47fc-8638-96b4c52672e4,run1_rep1,F,OPEN,OPEN,request,NONE,MISS,0.051875000281143,1.0337909989175387,INFO,adaptador.request,false,fallido,0.8074159995885566,9914.559733857,9914.560715773,9914.559681982,9914.560541273,CACHE_MISS,2026-09-05T00:13:37.760756Z
0aab7e76-54f0-4571-bb22-549e4b0d4ef1,run1_rep1,F,OPEN,OPEN,request,NONE,MISS,0.047416999223059975,0.8845829997881083,INFO,adaptador.request,false,fallido,0.6687910008622566,9914.676441024,9914.67727819,9914.676393607,9914.677109815,CACHE_MISS,2026-09-05T00:13:37.877181Z
4e6a2c34-977c-4e75-b5e7-361329fa148c,run1_rep1,F,OPEN,OPEN,request,NONE,MISS,0.03579199983505532,0.8521250001649605,INFO,adaptador.request,false,fallido,0.7505829998990521,9914.721818524,9914.722634857,9914.721782732,9914.722569107,CACHE_MISS,2026-09-05T00:13:37.922525Z
b29ac1fb-e879-4a1a-8801-993865b2b74b,run1_rep1,F,OPEN,OPEN,request,NONE,MISS,0.01608400089025963,0.8132090006256476,INFO,adaptador.request,false,fallido,0.7353329983743606,9914.722474149,9914.723271274,9914.722458065,9914.723209482,CACHE_MISS,2026-09-05T00:13:37.923333Z
970dd44d-1179-40bb-80f2-8ccf406f16b3,run1_rep1,F,OPEN,OPEN,request,NONE,MISS,0.05508299909706693,0.7228329995996319,INFO,adaptador.request,false,fallido,0.5704579998564441,9914.790324107,9914.790991857,9914.790269024,9914.790894565,CACHE_MISS,2026-09-05T00:13:37.990926Z
fd5c05ad-e8b1-4c24-85de-0ea0460f0b28,run1_rep1,F,OPEN,OPEN,request,NONE,MISS,0.02658400080690626,0.48062499990919605,INFO,adaptador.request,false,fallido,0.3941249997296836,9914.824885649,9914.82533969,9914.824859065,9914.825279774,CACHE_MISS,2026-09-05T00:13:38.025206Z
1dc27886-cea5-4dba-8bcd-0de475aedaed,run1_rep1,F,OPEN,OPEN,request,NONE,MISS,0.015584000720991753,0.34337500073888805,INFO,adaptador.request,false,fallido,0.2794579995679669,9914.827659024,9914.827986815,9914.82764344,9914.827938482,CACHE_MISS,2026-09-05T00:13:38.027866Z
776112e6-f54b-4880-a721-5a3f2c75acc0,run1_rep1,F,OPEN,OPEN,request,NONE,MISS,0.016791000234661624,0.337125000442029,INFO,adaptador.request,false,fallido,0.27841699920827523,9914.842225815,9914.842546149,9914.842209024,9914.842504232,CACHE_MISS,2026-09-05T00:13:38.042385Z
b71e5eef-f52e-431e-a394-2e817cacea45,run1_rep1,F,OPEN,OPEN,request,NONE,MISS,0.015042000086396001,0.3299590007372899,INFO,adaptador.request,false,fallido,0.27104199944005813,9914.849894232,9914.850209149,9914.84987919,9914.850165274,CACHE_MISS,2026-09-05T00:13:38.050050Z
0999a969-ce2b-4164-ae77-ca2734b08286,run1_rep1,F,OPEN,OPEN,request,NONE,MISS,0.018792001355905086,0.3235420008422807,INFO,adaptador.request,false,fallido,0.26658299975679256,9914.875580649,9914.875885399,9914.875561857,9914.875847232,CACHE_MISS,2026-09-05T00:13:38.075722Z
3a035924-8cd4-4e00-a581-c57fd8530bf2,run1_rep1,F,OPEN,OPEN,request,NONE,MISS,0.0162090000230819,0.27666699861583766,INFO,adaptador.request,false,fallido,0.2227909990324406,9914.888637149,9914.888897607,9914.88862094,9914.88885994,CACHE_MISS,2026-09-05T00:13:38.088736Z
4fa4cdc5-dc71-4d93-b809-d8739d386641,run1_rep1,F,OPEN,OPEN,request,NONE,MISS,0.015375000657513738,0.291292000838439,INFO,adaptador.request,false,fallido,0.24479199964844156,9914.910408857,9914.910684774,9914.910393482,9914.910653649,CACHE_MISS,2026-09-05T00:13:38.110523Z
43b0a33c-f886-46b0-9159-66efaf9e631f,run1_rep1,F,OPEN,OPEN,request,NONE,MISS,0.01462500040361192,0.2973749997181585,INFO,adaptador.request,false,fallido,0.23583399888593704,9914.931715815,9914.931998565,9914.93170119,9914.931951649,CACHE_MISS,2026-09-05T00:13:38.131871Z
d44d55f4-9b79-44d9-9967-368081ffee00,run1_rep1,F,OPEN,OPEN,request,NONE,MISS,0.011791998986154795,0.2801249993353849,INFO,adaptador.request,false,fallido,0.23366599998553284,9914.938372149,9914.938640482,9914.938360357,9914.938605815,CACHE_MISS,2026-09-05T00:13:38.138481Z
1df3a6be-38a3-4878-a5e4-6ca8d930889a,run1_rep1,F,OPEN,OPEN,request,NONE,MISS,0.016125000911415555,0.32050000118033495,INFO,adaptador.request,false,fallido,0.26070899912156165,9914.976892815,9914.97719719,9914.97687669,9914.977153524,CACHE_MISS,2026-09-05T00:13:38.177055Z
7d7e1093-55b4-444a-bbb8-80e1fbe337f0,run1_rep1,F,OPEN,OPEN,request,NONE,MISS,0.012124999557272531,0.2984160000778502,INFO,adaptador.request,false,fallido,0.24174999998649582,9914.982515024,9914.982801315,9914.982502899,9914.982756774,CACHE_MISS,2026-09-05T00:13:38.182651Z
292957a5-3f89-4cef-85e3-c3bb0506d7f9,run1_rep1,F,OPEN,OPEN,request,NONE,MISS,0.06008299897075631,0.970290999248391,INFO,adaptador.request,false,fallido,0.7974170002853498,9915.073517607,9915.074427815,9915.073457524,9915.074315024,CACHE_MISS,2026-09-05T00:13:38.274315Z
b84242e3-58be-45d9-9cc6-de10130f352d,run1_rep1,F,OPEN,OPEN,request,NONE,MISS,0.053499999921768904,0.8627910010545747,INFO,adaptador.request,false,fallido,0.7075829998939298,9915.135579524,9915.136388815,9915.135526024,9915.136287107,CACHE_MISS,2026-09-05T00:13:38.336289Z
954cb7e0-73b5-444f-887b-6b312998732b,run1_rep1,F,OPEN,OPEN,request,NONE,MISS,0.03562500023690518,0.6700409994664369,INFO,adaptador.request,false,fallido,0.5228749996604165,9915.197938149,9915.198572565,9915.197902524,9915.198461024,CACHE_MISS,2026-09-05T00:13:38.398471Z
39731722-3561-4835-b3ea-e4af202f9b6e,run1_rep1,F,OPEN,OPEN,request,NONE,MISS,0.056417000450892374,0.7324580001295544,INFO,adaptador.request,false,fallido,0.565124999411637,9915.247901649,9915.24857769,9915.247845232,9915.248466774,CACHE_MISS,2026-09-05T00:13:38.448515Z
b58b881f-6d8f-4802-9001-207bc5d44701,run1_rep1,F,OPEN,OPEN,request,NONE,MISS,0.025749999622348696,0.51050000001851,INFO,adaptador.request,false,fallido,0.403584001105628,9915.25455744,9915.25504219,9915.25453169,9915.254961024,CACHE_MISS,2026-09-05T00:13:38.454912Z
6eb428c7-2c96-4dc7-9a5f-b8dc005fcc81,run1_rep1,F,OPEN,OPEN,request,NONE,MISS,0.015792000340297818,0.41270899964729324,INFO,adaptador.request,false,fallido,0.3271249988756608,9915.260691732,9915.261088649,9915.26067594,9915.261018857,CACHE_MISS,2026-09-05T00:13:38.460972Z
40b82cf1-1e56-4935-a1f8-5324d7a144d6,run1_rep1,F,OPEN,OPEN,request,NONE,MISS,0.015417001122841612,0.30250000054365955,INFO,adaptador.request,false,fallido,0.24583300000813324,9915.272381774,9915.272668857,9915.272366357,9915.272627607,CACHE_MISS,2026-09-05T00:13:38.472515Z
60fe90ff-4921-45b4-87f2-df0a82209061,run1_rep1,F,OPEN,OPEN,request,NONE,MISS,0.021666000975528732,0.4412500002217712,INFO,adaptador.request,false,fallido,0.36079200071981177,9915.298946232,9915.299365816,9915.298924566,9915.299307024,CACHE_MISS,2026-09-05T00:13:38.499232Z
0eb42a06-7e12-4d39-a6ce-8cbce59a6142,run1_rep1,F,OPEN,OPEN,request,NONE,MISS,0.03379200097697321,0.5873749996680999,INFO,adaptador.request,false,fallido,0.44504199831862934,9915.326468024,9915.327021607,9915.326434232,9915.326913066,CACHE_MISS,2026-09-05T00:13:38.526912Z
0cd3358a-3339-4385-bf28-f0282a243855,run1_rep1,F,OPEN,OPEN,request,NONE,MISS,0.05545900057768449,0.9773340007086517,INFO,adaptador.request,false,fallido,0.787208000474493,9915.377151691,9915.378073566,9915.377096232,9915.377938899,CACHE_MISS,2026-09-05T00:13:38.577979Z
67fad02a-4b1a-4d6d-b35f-653fcf60edce,run1_rep1,F,OPEN,OPEN,request,NONE,MISS,0.023167000108514912,1.050667000527028,INFO,adaptador.request,false,fallido,0.9580000005371403,9915.377887441,9915.378914941,9915.377864274,9915.378845441,CACHE_MISS,2026-09-05T00:13:38.578784Z
1b7ecb6f-1115-49b6-b0d2-4725a5010b0e,run1_rep1,F,OPEN,OPEN,request,NONE,MISS,0.042083000153070316,0.6867499996587867,INFO,adaptador.request,false,fallido,0.5303749985614559,9915.419425149,9915.420069816,9915.419383066,9915.419955524,CACHE_MISS,2026-09-05T00:13:38.619962Z
f2b850fe-31b2-4e6f-ad43-cc76bad9074b,run1_rep1,F,OPEN,OPEN,request,NONE,MISS,0.02870900061680004,0.6876250008645002,INFO,adaptador.request,false,fallido,0.5479160008690087,9915.423649941,9915.424308857,9915.423621232,9915.424197857,CACHE_MISS,2026-09-05T00:13:38.624216Z
2f6e533b-d8c9-4015-890a-21e9718ea3ee,run1_rep1,F,OPEN,OPEN,request,NONE,MISS,0.053291998483473435,0.857999999425374,INFO,adaptador.request,false,fallido,0.679166001646081,9915.473101941,9915.473906649,9915.473048649,9915.473781107,CACHE_MISS,2026-09-05T00:13:38.673830Z
28e702aa-d3ac-4163-ae21-045e796d5494,run1_rep1,F,OPEN,OPEN,request,NONE,MISS,0.05375000000640284,0.769749998653424,INFO,adaptador.request,false,fallido,0.6240829989110352,9915.509137941,9915.509853941,9915.509084191,9915.509762024,CACHE_MISS,2026-09-05T00:13:38.709734Z
9764687b-aeda-4202-9645-01ea23ece66a,run1_rep1,F,OPEN,OPEN,request,NONE,MISS,0.024124999981722794,0.4449159987416351,INFO,adaptador.request,false,fallido,0.35404099980951287,9915.514436691,9915.514857482,9915.514412566,9915.514790732,CACHE_MISS,2026-09-05T00:13:38.714734Z
a1426cf6-aeea-45d2-bc0a-5d6b69e220cf,run1_rep1,F,OPEN,OPEN,request,NONE,MISS,0.024457998733851127,0.41983299888670444,INFO,adaptador.request,false,fallido,0.3406249998079147,9915.519709482,9915.520104857,9915.519685024,9915.520050107,CACHE_MISS,2026-09-05T00:13:38.719961Z
5ee08204-1629-443f-9a28-e73056f5389e,run1_rep1,F,OPEN,OPEN,request,NONE,MISS,0.02300000051036477,0.5444580001494614,INFO,adaptador.request,false,fallido,0.42729100096039474,9915.574851816,9915.575373274,9915.574828816,9915.575279107,CACHE_MISS,2026-09-05T00:13:38.775269Z
084b4583-c014-49a2-8b36-1a56a0e7d39e,run1_rep1,F,OPEN,OPEN,request,NONE,MISS,0.03733300036401488,0.6075830006011529,INFO,adaptador.request,false,fallido,0.4529590005404316,9915.603502732,9915.604072982,9915.603465399,9915.603955691,CACHE_MISS,2026-09-05T00:13:38.804022Z
5ae4a343-ed4c-417b-b723-1606b5cb84cb,run1_rep1,F,OPEN,OPEN,request,NONE,MISS,0.028917000236106105,0.32462499984831084,INFO,adaptador.request,false,fallido,0.23929099916131236,9915.606078191,9915.606373899,9915.606049274,9915.606317482,CACHE_MISS,2026-09-05T00:13:38.806219Z
29b54511-b1c1-4f69-95ee-5d6562e7bd76,run1_rep1,F,OPEN,OPEN,request,NONE,MISS,0.05387499913922511,0.8362919998035068,INFO,adaptador.request,false,fallido,0.6775420006306376,9915.658915274,9915.659697691,9915.658861399,9915.659592816,CACHE_MISS,2026-09-05T00:13:38.859600Z
684c6d70-eccd-4a99-89c5-34d99057fb4b,run1_rep1,F,OPEN,OPEN,request,NONE,MISS,0.04112499846087303,0.9468749994994141,INFO,adaptador.request,false,fallido,0.8113750009215437,9915.690271024,9915.691176774,9915.690229899,9915.691082399,CACHE_MISS,2026-09-05T00:13:38.891084Z
0893959e-fcca-41a7-942d-bf23c4a9da80,run1_rep1,F,OPEN,OPEN,request,NONE,MISS,0.03945800017390866,0.6657499998254934,INFO,adaptador.request,false,fallido,0.541499999599182,9915.720349857,9915.720976149,9915.720310399,9915.720891357,CACHE_MISS,2026-09-05T00:13:38.920896Z
f31f31a6-ab0c-4331-a68a-262e6f5efd3f,run1_rep1,F,OPEN,OPEN,request,NONE,MISS,0.036082999940845184,1.0258330003125593,INFO,adaptador.request,false,fallido,0.9139169997069985,9915.750519899,9915.751509649,9915.750483816,9915.751433816,CACHE_MISS,2026-09-05T00:13:38.951663Z
0a7bcc4a-542a-4448-88e3-a2b77938d018,run1_rep1,F,OPEN,OPEN,request,NONE,MISS,0.042083000153070316,0.7839579993742518,INFO,adaptador.request,false,fallido,0.6816669992986135,9915.751031149,9915.751773024,9915.750989066,9915.751712816,CACHE_MISS,2026-09-05T00:13:38.951973Z
7c69a9b8-022a-4d82-aca0-97c2f40f476b,run1_rep1,F,OPEN,OPEN,request,NONE,MISS,0.0352080005541211,0.5793750005977927,INFO,adaptador.request,false,fallido,0.46070800090092234,9915.768287399,9915.768831566,9915.768252191,9915.768748107,CACHE_MISS,2026-09-05T00:13:38.968721Z
c504527c-b685-4919-80b7-f565ea5c2c6b,run1_rep1,F,OPEN,OPEN,request,NONE,MISS,0.0579999996261904,1.0288339999533491,INFO,adaptador.request,false,fallido,0.8241670002462342,9915.820371857,9915.821342691,9915.820313857,9915.821196024,CACHE_MISS,2026-09-05T00:13:39.021287Z
476a1464-e260-413c-96b0-d10d2406e28b,run1_rep1,F,OPEN,OPEN,request,NONE,MISS,0.04437500138010364,0.7540830010839272,INFO,adaptador.request,false,fallido,0.611624998782645,9915.836825316,9915.837535024,9915.836780941,9915.837436941,CACHE_MISS,2026-09-05T00:13:39.037431Z
e496c1f5-a816-4f65-ba31-f82c7d1d0a06,run1_rep1,F,OPEN,OPEN,request,NONE,MISS,0.06000000030326191,0.8207499995478429,INFO,adaptador.request,false,fallido,0.6405000003724126,9915.888204191,9915.888964941,9915.888144191,9915.888844691,CACHE_MISS,2026-09-05T00:13:39.088898Z
3a0bf04c-4357-4fa3-b6eb-4567dfb9fc45,run1_rep1,F,OPEN,OPEN,request,NONE,MISS,0.055374999647028744,0.8379160008189501,INFO,adaptador.request,false,fallido,0.676040999678662,9915.957478441,9915.958260982,9915.957423066,9915.958154482,CACHE_MISS,2026-09-05T00:13:39.158157Z
8acfb4b6-a307-4ed1-a865-89616f19a2cd,run1_rep1,F,OPEN,OPEN,request,NONE,MISS,0.0423339988628868,0.5794169992441311,INFO,adaptador.request,false,fallido,0.45812499956809916,9915.996407608,9915.996944691,9915.996365274,9915.996865733,CACHE_MISS,2026-09-05T00:13:39.196838Z
67106f89-b612-47a2-8723-7acc674583a1,run1_rep1,F,OPEN,OPEN,request,NONE,MISS,0.032916999771259725,0.5415830000856658,INFO,adaptador.request,false,fallido,0.4423749996931292,9915.999942483,9916.000451149,9915.999909566,9916.000384858,CACHE_MISS,2026-09-05T00:13:39.200351Z
7506f38a-3420-408f-a8cf-b23d8377ebf6,run1_rep1,F,OPEN,OPEN,request,NONE,MISS,0.033582999094505794,0.6266660002438584,INFO,adaptador.request,false,fallido,0.5116250013088575,9916.020055066,9916.020648149,9916.020021483,9916.020566691,CACHE_MISS,2026-09-05T00:13:39.220534Z
25774e5c-660f-4aaa-844c-93aa5a093502,run1_rep1,F,OPEN,OPEN,request,NONE,MISS,0.023959000827744603,0.4419169999891892,INFO,adaptador.request,false,fallido,0.35358300010557286,9916.030687233,9916.031105191,9916.030663274,9916.031040816,CACHE_MISS,2026-09-05T00:13:39.230983Z
1343450b-fbba-4686-b2e3-1f37a7fe9be6,run1_rep1,F,OPEN,OPEN,request,NONE,MISS,0.017458000002079643,0.4228329999023117,INFO,adaptador.request,false,fallido,0.3424579990678467,9916.033855191,9916.034260566,9916.033837733,9916.034197649,CACHE_MISS,2026-09-05T00:13:39.234134Z
acd806eb-5411-43bb-9827-8ac46bdee2d3,run1_rep1,F,OPEN,OPEN,request,NONE,MISS,0.04875000013271347,0.7823330015526153,INFO,adaptador.request,false,fallido,0.6327920000330778,9916.131598441,9916.132332024,9916.131549691,9916.132231233,CACHE_MISS,2026-09-05T00:13:39.332235Z
c2bb6e56-2cfc-462b-bf9e-eb411fc1dc40,run1_rep1,F,OPEN,OPEN,request,NONE,MISS,0.06991699956415687,1.9510419988364447,INFO,adaptador.request,false,fallido,1.4240000000427244,9916.197511483,9916.199392608,9916.197441566,9916.198935483,CACHE_MISS,2026-09-05T00:13:39.399629Z
9dd9e270-e957-466c-9722-c4d077069030,run1_rep1,F,OPEN,OPEN,request,NONE,MISS,0.03425000068091322,1.012750000882079,INFO,adaptador.request,false,fallido,0.9007919998111902,9916.218211899,9916.219190399,9916.218177649,9916.219112691,CACHE_MISS,2026-09-05T00:13:39.419077Z
de63f66d-dc6e-4b18-b5d0-068eb285e823,run1_rep1,F,OPEN,OPEN,request,NONE,MISS,0.019209001038689166,1.5543749996140832,INFO,adaptador.request,false,fallido,1.4757499993720558,9916.219040358,9916.220575524,9916.219021149,9916.220516108,CACHE_MISS,2026-09-05T00:13:39.420898Z
1064f7be-fdf9-4596-959a-49cdfb6fb27e,run1_rep1,F,OPEN,OPEN,request,NONE,MISS,0.015333000192185864,1.1677080001391005,INFO,adaptador.request,false,fallido,1.1064579994126689,9916.219841941,9916.220994316,9916.219826608,9916.220948399,CACHE_MISS,2026-09-05T00:13:39.421463Z
c161eabe-290e-4b37-958e-3688dea7a405,run1_rep1,F,OPEN,OPEN,request,NONE,MISS,0.015833000361453742,0.3370419999555452,INFO,adaptador.request,false,fallido,0.2684999999473803,9916.227934899,9916.228256108,9916.227919066,9916.228203399,CACHE_MISS,2026-09-05T00:13:39.428113Z
2ce8c956-3c1d-4abc-9f01-57041a496ce4,run1_rep1,F,OPEN,OPEN,request,NONE,MISS,0.04787500074598938,0.8605000002717134,INFO,adaptador.request,false,fallido,0.6593329999304842,9916.295265233,9916.296077858,9916.295217358,9916.295924566,CACHE_MISS,2026-09-05T00:13:39.495980Z
f609e2ce-6d17-4b5b-b993-94745463d8e9,run1_rep1,F,OPEN,OPEN,request,NONE,MISS,0.04262500078766607,1.0210840009676758,INFO,adaptador.request,false,fallido,0.8520840001438046,9916.336842774,9916.337821233,9916.336800149,9916.337694858,CACHE_MISS,2026-09-05T00:13:39.537732Z
1b54a70e-fc1a-4f30-9e7f-6ab64b5a4b6d,run1_rep1,F,OPEN,OPEN,request,NONE,MISS,0.02154200046788901,0.5154589998710435,INFO,adaptador.request,false,fallido,0.42595800005074125,9916.340107816,9916.340601733,9916.340086274,9916.340533774,CACHE_MISS,2026-09-05T00:13:39.540462Z
612dfba2-5501-46fd-80b6-744c6e99c10b,run1_rep1,F,OPEN,OPEN,request,NONE,MISS,0.05270799920253921,1.297917000556481,INFO,adaptador.request,false,fallido,1.1273750005784677,9916.438782774,9916.440027983,9916.438730066,9916.439910149,CACHE_MISS,2026-09-05T00:13:39.639940Z
eaf6da3d-5a4d-41e5-9e7a-17775d1ff685,run1_rep1,F,OPEN,OPEN,request,NONE,MISS,0.029292001272551715,1.862625000285334,INFO,adaptador.request,false,fallido,1.7489999991084915,9916.439862691,9916.441696024,9916.439833399,9916.441611691,CACHE_MISS,2026-09-05T00:13:39.642166Z
0c8a8bac-f99d-4621-923e-24b5b6e1df89,run1_rep1,F,OPEN,OPEN,request,NONE,MISS,0.04508300116867758,1.268292000531801,INFO,adaptador.request,false,fallido,1.1584169988054782,9916.441039899,9916.442263108,9916.440994816,9916.442198316,CACHE_MISS,2026-09-05T00:13:39.642510Z
f066d7fb-ffcb-49a1-a54f-30863a59abf9,run1_rep1,F,OPEN,OPEN,request,NONE,MISS,0.040875000195228495,0.8114579995890381,INFO,adaptador.request,false,fallido,0.6400830006896285,9916.489989316,9916.490759899,9916.489948441,9916.490629399,CACHE_MISS,2026-09-05T00:13:39.690668Z
7e5dffa3-f216-4ca1-b771-7632a3ab3d11,run1_rep1,F,OPEN,OPEN,request,NONE,MISS,0.06937500074855052,0.8970420003606705,INFO,adaptador.request,false,fallido,0.6797080004616873,9916.501286191,9916.502113858,9916.501216816,9916.501965899,CACHE_MISS,2026-09-05T00:13:39.702028Z
cfe98f96-be81-4a26-abb0-875e68872b77,run1_rep1,F,OPEN,OPEN,request,NONE,MISS,0.12074999904143624,1.3441659993986832,INFO,adaptador.request,false,fallido,1.0198330001003342,9916.559240608,9916.560464024,9916.559119858,9916.560260441,CACHE_MISS,2026-09-05T00:13:39.760395Z
33b82016-8e14-4fa7-a81b-f0b12059aa5b,run1_rep1,F,OPEN,OPEN,request,NONE,MISS,0.027959000362898223,1.1822500000562286,INFO,adaptador.request,false,fallido,1.0759580000012647,9916.560176358,9916.561330649,9916.560148399,9916.561252316,CACHE_MISS,2026-09-05T00:13:39.761403Z
e47e5709-501f-48c8-8cd9-08fc98af405d,run1_rep1,F,OPEN,OPEN,request,NONE,MISS,0.042124998799408786,0.5240840000624303,INFO,adaptador.request,false,fallido,0.4150420008954825,9916.596383899,9916.596865858,9916.596341774,9916.596798941,CACHE_MISS,2026-09-05T00:13:39.796735Z
5737e53c-8b63-42e3-959d-8d3aaa1f4d45,run1_rep1,F,OPEN,OPEN,request,NONE,MISS,0.046708000809303485,0.83933300084027,INFO,adaptador.request,false,fallido,0.6929999999556458,9916.635714524,9916.636507149,9916.635667816,9916.636407524,CACHE_MISS,2026-09-05T00:13:39.836395Z
6e559fe5-e080-4f91-8601-aa481fcd6eb2,run1_rep1,F,OPEN,OPEN,request,NONE,MISS,0.05570900066231843,0.8706250009709038,INFO,adaptador.request,false,fallido,0.6890829990879865,9916.692250025,9916.693064941,9916.692194316,9916.692939108,CACHE_MISS,2026-09-05T00:13:39.892961Z
2c4e4bec-8dbb-487a-af88-ce49cc88939f,run1_rep1,F,OPEN,OPEN,request,NONE,MISS,0.025666000510682352,0.5476660007843748,INFO,adaptador.request,false,fallido,0.4423749996931292,9916.698196816,9916.698718816,9916.69817115,9916.698639191,CACHE_MISS,2026-09-05T00:13:39.898613Z
7251f5e7-6945-4c06-ba1a-de16b1866cde,run1_rep1,F,OPEN,OPEN,request,NONE,MISS,0.04054100099892821,0.674250000884058,INFO,adaptador.request,false,fallido,0.5533339990506647,9916.737099816,9916.737733525,9916.737059275,9916.73765315,CACHE_MISS,2026-09-05T00:13:39.937616Z
e05800a7-18a8-47d9-ad12-0330d0cb5c4d,run1_rep1,F,OPEN,OPEN,request,NONE,MISS,0.03341599949635565,0.622375000602915,INFO,adaptador.request,false,fallido,0.51208399963798,9916.783972316,9916.784561275,9916.7839389,9916.7844844,CACHE_MISS,2026-09-05T00:13:39.984449Z
6db4b471-3af6-4fb9-bc6f-c557a31a1e7f,run1_rep1,F,OPEN,OPEN,request,NONE,MISS,0.05620800038741436,0.9072920001926832,INFO,adaptador.request,false,fallido,0.7236250003188616,9916.854902816,9916.8557539,9916.854846608,9916.855626441,CACHE_MISS,2026-09-05T00:13:40.055662Z
4f4faaa8-a3cd-485d-9c26-8ff2f4a2a639,run1_rep1,F,OPEN,OPEN,request,NONE,MISS,0.05274999966786709,0.8697089997440344,INFO,adaptador.request,false,fallido,0.7112499988579657,9916.912440316,9916.913257275,9916.912387566,9916.913151566,CACHE_MISS,2026-09-05T00:13:40.113154Z
a6318971-d08c-4594-a0e6-96aa98a51313,run1_rep1,F,OPEN,OPEN,request,NONE,MISS,0.03758300044864882,0.879999999597203,INFO,adaptador.request,false,fallido,0.7418749992211815,9916.936820691,9916.937663108,9916.936783108,9916.937562566,CACHE_MISS,2026-09-05T00:13:40.137544Z
50ac820b-ed9c-4a90-96a0-6add41c8d044,run1_rep1,F,OPEN,OPEN,request,NONE,MISS,0.025499999537714757,0.5185419995541451,INFO,adaptador.request,false,fallido,0.4198339993308764,9916.939915441,9916.940408483,9916.939889941,9916.940335275,CACHE_MISS,2026-09-05T00:13:40.140295Z
a4256c2f-82dd-459c-8067-f9e02db82cc4,run1_rep1,F,OPEN,OPEN,request,NONE,MISS,0.028374999601510353,0.506499998664367,INFO,adaptador.request,false,fallido,0.405624999984866,9916.952637983,9916.953116108,9916.952609608,9916.953043608,CACHE_MISS,2026-09-05T00:13:40.153003Z
dd8f32dc-1d4e-4723-9277-8d9074c88d89,run1_rep1,F,OPEN,OPEN,request,NONE,MISS,0.022000000171829015,0.42137499985983595,INFO,adaptador.request,false,fallido,0.3413340000406606,9916.964363816,9916.964763191,9916.964341816,9916.96470515,CACHE_MISS,2026-09-05T00:13:40.164635Z
af9ab275-84d7-41c2-a117-923a38b0c277,run1_rep1,F,OPEN,OPEN,request,NONE,MISS,0.07629099854966626,0.8699159989191685,INFO,adaptador.request,false,fallido,0.680750001265551,9917.047041191,9917.047834816,9917.0469649,9917.047721941,CACHE_MISS,2026-09-05T00:13:40.247733Z
ee27cd19-bcd0-4ef3-b02a-c0c82e5598af,run1_rep1,F,OPEN,OPEN,request,NONE,MISS,0.024375000066356733,0.4778340007760562,INFO,adaptador.request,false,fallido,0.38337499972840305,9917.054200941,9917.0546544,9917.054176566,9917.054584316,CACHE_MISS,2026-09-05T00:13:40.254523Z
26ee1921-36f2-4dd4-b1e8-48c557f3e828,run1_rep1,F,OPEN,OPEN,request,NONE,MISS,0.050999999075429514,1.6820829987409525,INFO,adaptador.request,false,fallido,1.5739999998913845,9917.099992775,9917.101623858,9917.099941775,9917.101566775,CACHE_MISS,2026-09-05T00:13:40.302179Z
7ff7e03d-7104-44f3-83c6-f6982f139f19,run1_rep1,F,OPEN,OPEN,request,NONE,MISS,0.0195419997908175,1.4871250004944159,INFO,adaptador.request,false,fallido,1.4097500006755581,9917.100513483,9917.101981066,9917.100493941,9917.101923233,CACHE_MISS,2026-09-05T00:13:40.302437Z
7be124a4-da33-4d78-aa97-579b2ce07fad,run1_rep1,F,OPEN,OPEN,request,NONE,MISS,0.020458999642869458,1.0194999995292164,INFO,adaptador.request,false,fallido,0.9385829998791451,9917.101282025,9917.102281066,9917.101261566,9917.102220608,CACHE_MISS,2026-09-05T00:13:40.302669Z
b77fa7f1-8a2c-480d-933f-987121609164,run1_rep1,F,OPEN,OPEN,request,NONE,MISS,0.02620899977046065,0.42712499998742715,INFO,adaptador.request,false,fallido,0.34737500027404167,9917.1073444,9917.107745316,9917.107318191,9917.107691775,CACHE_MISS,2026-09-05T00:13:40.307606Z
9d916a1e-4916-41fa-bac1-cebf5045280e,run1_rep1,F,OPEN,OPEN,request,NONE,MISS,0.016542000594199635,0.36366700078360736,INFO,adaptador.request,false,fallido,0.29437500052154064,9917.124106608,9917.124453733,9917.124090066,9917.124400983,CACHE_MISS,2026-09-05T00:13:40.324318Z
0e783bf4-5f68-416b-864c-e47b19cab22a,run1_rep1,F,OPEN,OPEN,request,NONE,MISS,0.014375000318977982,0.32441700022900477,INFO,adaptador.request,false,fallido,0.2682920003280742,9917.132392816,9917.132702858,9917.132378441,9917.132661108,CACHE_MISS,2026-09-05T00:13:40.332549Z
6a3b9931-f611-409c-b5bc-9439dbeeeab0,run1_rep1,F,OPEN,OPEN,request,NONE,MISS,0.05337499896995723,1.0091660005855374,INFO,adaptador.request,false,fallido,0.8490410000376869,9917.19274415,9917.193699941,9917.192690775,9917.193593191,CACHE_MISS,2026-09-05T00:13:40.393596Z
f97cad13-d0e3-4d9b-9ee4-b064e83ad823,run1_rep1,F,OPEN,OPEN,request,NONE,MISS,0.018167000234825537,0.8542920004401822,INFO,adaptador.request,false,fallido,0.7616669990966329,9917.193474858,9917.194310983,9917.193456691,9917.194236525,CACHE_MISS,2026-09-05T00:13:40.394406Z
f853e0cb-6d19-4f86-b995-2d13cad5efef,run1_rep1,F,OPEN,OPEN,request,NONE,MISS,0.05558299926633481,1.7454160006309394,INFO,adaptador.request,false,fallido,1.5721250001661247,9917.305080858,9917.306770691,9917.305025275,9917.306652983,CACHE_MISS,2026-09-05T00:13:40.506926Z
793b3123-0a37-4ef9-bd7f-f6279431a779,run1_rep1,F,OPEN,OPEN,request,NONE,MISS,0.030250001145759597,0.9922080007527256,INFO,adaptador.request,false,fallido,0.8953749984357273,9917.306079858,9917.307041816,9917.306049608,9917.306975233,CACHE_MISS,2026-09-05T00:13:40.507207Z
f7ac9df9-892f-4053-a821-30036da72024,run1_rep1,F,OPEN,OPEN,request,NONE,MISS,0.05625000085274223,0.8247500009019859,INFO,adaptador.request,false,fallido,0.6691660000797128,9917.33410265,9917.33487115,9917.3340464,9917.334771816,CACHE_MISS,2026-09-05T00:13:40.534754Z
3329b169-7451-47d6-8d61-c178cfd39914,run1_rep1,F,OPEN,OPEN,request,NONE,MISS,0.019834000340779312,0.41266700100095477,INFO,adaptador.request,false,fallido,0.33291599902440794,9917.348220525,9917.348613358,9917.348200691,9917.348553441,CACHE_MISS,2026-09-05T00:13:40.548481Z
f2c57263-3fd8-4f2a-b169-dddd95880eca,run1_rep1,F,OPEN,OPEN,request,NONE,MISS,0.016083999071270227,0.41274999966844916,INFO,adaptador.request,false,fallido,0.34462500116205774,9917.36174415,9917.362140816,9917.361728066,9917.362088775,CACHE_MISS,2026-09-05T00:13:40.562008Z
91665eb8-2bd5-41f2-8ea9-733fb64cee10,run1_rep1,F,OPEN,OPEN,request,NONE,MISS,0.05824999971082434,0.8406249999097781,INFO,adaptador.request,false,fallido,0.6542080009239726,9917.40630365,9917.407086025,9917.4062454,9917.406957858,CACHE_MISS,2026-09-05T00:13:40.606989Z
59751c57-42a7-4045-9b07-812077d2c230,run1_rep1,F,OPEN,OPEN,request,NONE,MISS,0.05420799971034285,0.82858299902,INFO,adaptador.request,false,fallido,0.6629170002270257,9917.439966025,9917.4407404,9917.439911817,9917.440628942,CACHE_MISS,2026-09-05T00:13:40.640635Z
64cdc197-6be3-4dac-9fdc-69756752f4e0,run1_rep1,F,OPEN,OPEN,request,NONE,MISS,0.054042000556364655,0.8919169995351695,INFO,adaptador.request,false,fallido,0.7367500002146699,9917.547561567,9917.548399442,9917.547507525,9917.548298317,CACHE_MISS,2026-09-05T00:13:40.748283Z
90b3de10-3857-462d-aa2a-25c5b3972fac,run1_rep1,F,OPEN,OPEN,request,NONE,MISS,0.025208000806742348,1.4904580002621515,INFO,adaptador.request,false,fallido,1.3805420003336621,9917.548790233,9917.550255483,9917.548765025,9917.550170775,CACHE_MISS,2026-09-05T00:13:40.750749Z
5f506a08-87b7-4ac2-bb97-7c076065a52a,run1_rep1,F,OPEN,OPEN,request,NONE,MISS,0.01958399843715597,1.5773749983054586,INFO,adaptador.request,false,fallido,1.4973329998611007,9917.549302442,9917.550860233,9917.549282858,9917.550799775,CACHE_MISS,2026-09-05T00:13:40.751121Z
d68a3103-8483-4e4a-b60c-e8008ad8af1d,run1_rep1,F,OPEN,OPEN,request,NONE,MISS,0.0335000004270114,0.5497089987329673,INFO,adaptador.request,false,fallido,0.4602919998433208,9917.557613733,9917.558129942,9917.557580233,9917.558074025,CACHE_MISS,2026-09-05T00:13:40.757995Z
3c46873c-07d1-4d86-95dc-9717bc1c201b,run1_rep1,F,OPEN,OPEN,request,NONE,MISS,0.028541000574477948,0.7575409999844851,INFO,adaptador.request,false,fallido,0.6345839992718538,9917.614759358,9917.615488358,9917.614730817,9917.615393942,CACHE_MISS,2026-09-05T00:13:40.815376Z
ff8e9c8a-fb36-46f1-8c38-3cdd3748aabe,run1_rep1,F,OPEN,OPEN,request,NONE,MISS,0.02562500048952643,0.463333000880084,INFO,adaptador.request,false,fallido,0.37974999941070564,9917.626830817,9917.627268525,9917.626805192,9917.627210567,CACHE_MISS,2026-09-05T00:13:40.827136Z
f4a059a4-d70a-4fcb-b59d-a31a4f023d0e,run1_rep1,F,OPEN,OPEN,request,NONE,MISS,0.01716599945211783,0.7181250002759043,INFO,adaptador.request,false,fallido,0.6347090002236655,9917.661529108,9917.662230067,9917.661511942,9917.662163817,CACHE_MISS,2026-09-05T00:13:40.862406Z
d1c022ad-bf7c-4528-b8d0-35e3b421eeab,run1_rep1,F,OPEN,OPEN,request,NONE,MISS,0.04654199983633589,1.4185839991114335,INFO,adaptador.request,false,fallido,1.314167000600719,9917.661144275,9917.662516317,9917.661097733,9917.662458442,CACHE_MISS,2026-09-05T00:13:40.862677Z
f6e34b46-77e9-4b34-b0f4-05c5338ed387,run1_rep1,F,OPEN,OPEN,request,NONE,MISS,0.020542000129353255,0.8619170002930332,INFO,adaptador.request,false,fallido,0.7875000010244548,9917.690647442,9917.691488817,9917.6906269,9917.691434942,CACHE_MISS,2026-09-05T00:13:40.891632Z
2a5a0f68-aa70-4e7c-8edb-86a465a5dc74,run1_rep1,F,OPEN,OPEN,request,NONE,MISS,0.013124999895808287,0.7128340002964251,INFO,adaptador.request,false,fallido,0.6517090005218051,9917.691047358,9917.691747067,9917.691034233,9917.691699067,CACHE_MISS,2026-09-05T00:13:40.891932Z
1cb2a593-68ce-4696-a95a-82870b4442fc,run1_rep1,F,OPEN,OPEN,request,NONE,MISS,0.013709000995731913,0.34570900061225984,INFO,adaptador.request,false,fallido,0.289332998363534,9917.696736817,9917.697068817,9917.696723108,9917.69702615,CACHE_MISS,2026-09-05T00:13:40.896924Z
259eb5a5-acc3-46df-82c2-ef3a649b10ea,run1_rep1,F,OPEN,OPEN,request,NONE,MISS,0.05170899930817541,0.9399169994139811,INFO,adaptador.request,false,fallido,0.7556250002380693,9917.805857942,9917.80674615,9917.805806233,9917.806613567,CACHE_MISS,2026-09-05T00:13:41.006642Z
18efda19-4bc2-4b13-a2e7-3036c667a6db,run1_rep1,F,OPEN,OPEN,request,NONE,MISS,0.030375000278581865,0.5357909994927468,INFO,adaptador.request,false,fallido,0.4198749993520323,9917.820340067,9917.820845483,9917.820309692,9917.820759942,CACHE_MISS,2026-09-05T00:13:41.020734Z
c6c5166e-0561-468a-bdef-c8a21bf2a9da,run1_rep1,F,OPEN,OPEN,request,NONE,MISS,0.050333999752183445,0.8528750004188623,INFO,adaptador.request,false,fallido,0.6516660014312947,9917.857573692,9917.858376233,9917.857523358,9917.858225358,CACHE_MISS,2026-09-05T00:13:41.058280Z
00bc69a3-840f-4166-a9b2-8565b1f4d0d7,run1_rep1,F,OPEN,OPEN,request,NONE,MISS,0.05000000055588316,0.8049580010265345,INFO,adaptador.request,false,fallido,0.632249999398482,9917.89835965,9917.899114608,9917.89830965,9917.8989919,CACHE_MISS,2026-09-05T00:13:41.099012Z
7c4eff2e-1f79-4436-81b9-5610a4a873c9,run1_rep1,F,OPEN,OPEN,request,NONE,MISS,0.03375000051164534,0.5799589998787269,INFO,adaptador.request,false,fallido,0.4624169996532146,9917.912434108,9917.912980317,9917.912400358,9917.912896525,CACHE_MISS,2026-09-05T00:13:41.112885Z
7416e1ea-2c71-406d-81c2-a3deb1cd297a,run1_rep1,F,OPEN,OPEN,request,NONE,MISS,0.05562499973166268,0.8379999999306165,INFO,adaptador.request,false,fallido,0.6704169991280651,9917.978130108,9917.978912483,9917.978074483,9917.978800525,CACHE_MISS,2026-09-05T00:13:41.178822Z
a335ef50-68c8-4c71-9c1b-6893cdb0a081,run1_rep1,F,OPEN,OPEN,request,NONE,MISS,0.02420799864921719,0.90312499924039,INFO,adaptador.request,false,fallido,0.809208000646322,9917.99180115,9917.992680067,9917.991776942,9917.992610358,CACHE_MISS,2026-09-05T00:13:41.192561Z
d84b3af4-27e0-4001-a523-ae6573874732,run1_rep1,F,OPEN,OPEN,request,NONE,MISS,0.020166999092907645,0.7742500001768349,INFO,adaptador.request,false,fallido,0.706124999851454,9917.992539775,9917.993293858,9917.992519608,9917.9932459,CACHE_MISS,2026-09-05T00:13:41.193329Z
dd43cd66-a6fd-42bb-bfe0-e2b6a87ad809,run1_rep1,F,OPEN,OPEN,request,NONE,MISS,0.059750000218627974,0.88425000103598,INFO,adaptador.request,false,fallido,0.7077919999574078,9918.125096192,9918.125920692,9918.125036442,9918.125803984,CACHE_MISS,2026-09-05T00:13:41.325859Z
6080fc35-ef8b-4c40-939e-043e6b584969,run1_rep1,F,OPEN,OPEN,request,NONE,MISS,0.04591699871525634,0.8299999990413198,INFO,adaptador.request,false,fallido,0.6546670010720845,9918.157339442,9918.158123525,9918.157293525,9918.157994109,CACHE_MISS,2026-09-05T00:13:41.358011Z
bab207bf-e5ec-4ca3-a192-740e0bb3678e,run1_rep1,F,OPEN,OPEN,request,NONE,MISS,0.05608399987977464,0.8210419982788153,INFO,adaptador.request,false,fallido,0.6414159997802926,9918.187270484,9918.188035442,9918.1872144,9918.1879119,CACHE_MISS,2026-09-05T00:13:41.387945Z
791c4125-06ca-4c43-ad1c-561dc6d56c52,run1_rep1,F,OPEN,OPEN,request,NONE,MISS,0.03258299875597004,0.8404999989579665,INFO,adaptador.request,false,fallido,0.7282080005097669,9918.194363067,9918.195170984,9918.194330484,9918.195091275,CACHE_MISS,2026-09-05T00:13:41.395055Z
a14bb421-2f2c-4ca3-b9d9-7e27b6cce4dd,run1_rep1,F,OPEN,OPEN,request,NONE,MISS,0.02112500078510493,0.8811250008875504,INFO,adaptador.request,false,fallido,0.7984999992913799,9918.1949664,9918.1958264,9918.194945275,9918.1957649,CACHE_MISS,2026-09-05T00:13:41.395704Z
bec29c8c-142d-4b81-874f-307661fd9b79,run1_rep1,F,OPEN,OPEN,request,NONE,MISS,0.025749999622348696,0.7339579988183687,INFO,adaptador.request,false,fallido,0.6489169991255039,9918.208585942,9918.20929415,9918.208560192,9918.209234859,CACHE_MISS,2026-09-05T00:13:41.409158Z
cc48f946-9957-4010-bd7a-99bbf3ad8eda,run1_rep1,F,OPEN,OPEN,request,NONE,MISS,0.015999999959603883,0.7089169994287658,INFO,adaptador.request,false,fallido,0.6369170005200431,9918.209172567,9918.209865484,9918.209156567,9918.209809484,CACHE_MISS,2026-09-05T00:13:41.409953Z
34db3414-d8be-4d88-acf8-fbd0fffb7826,run1_rep1,F,OPEN,OPEN,request,NONE,MISS,0.021083998944959603,0.3797089993895497,INFO,adaptador.request,false,fallido,0.3119160010101041,9918.257144734,9918.257503359,9918.25712365,9918.25745665,CACHE_MISS,2026-09-05T00:13:41.457355Z
aa3e0418-e0f8-47ca-b65c-0fd2db7b2d8d,run1_rep1,F,OPEN,OPEN,request,NONE,MISS,0.0535830004082527,1.4209580003807787,INFO,adaptador.request,false,fallido,1.1944590005441569,9918.3294214,9918.330788775,9918.329367817,9918.330615859,CACHE_MISS,2026-09-05T00:13:41.531198Z
6bd73693-3c7c-4f5d-bcdc-e9ed738a7e17,run1_rep1,F,OPEN,OPEN,request,NONE,MISS,0.021208001271588728,1.280666001548525,INFO,adaptador.request,false,fallido,1.1790419994213153,9918.329969942,9918.3312294,9918.329948734,9918.331148984,CACHE_MISS,2026-09-05T00:13:41.531635Z
337e9800-7648-4193-a6b8-3fc6d559fe2b,run1_rep1,F,OPEN,OPEN,request,NONE,MISS,0.06049999865354039,0.684583999827737,INFO,adaptador.request,false,fallido,0.5344170003809268,9918.3510194,9918.351643484,9918.3509589,9918.351553817,CACHE_MISS,2026-09-05T00:13:41.551525Z
4f1f6dd6-12d2-48bb-a504-c679d4be8cfa,run1_rep1,F,OPEN,OPEN,request,NONE,MISS,0.04483299926505424,0.7410830003209412,INFO,adaptador.request,false,fallido,0.5786250003438909,9918.392611275,9918.393307525,9918.392566442,9918.3931899,CACHE_MISS,2026-09-05T00:13:41.593223Z
b604315a-026a-4786-bc6e-88aaaa53814e,run1_rep1,F,OPEN,OPEN,request,NONE,MISS,0.0307080008496996,0.4493329997785622,INFO,adaptador.request,false,fallido,0.3594999998313142,9918.396999192,9918.397417817,9918.396968484,9918.397358692,CACHE_MISS,2026-09-05T00:13:41.597285Z
d639fa2c-d1fb-44bc-b764-170e2591e57d,run1_rep1,F,OPEN,OPEN,request,NONE,MISS,0.01900000097521115,0.3533330000209389,INFO,adaptador.request,false,fallido,0.2826250001817243,9918.402185109,9918.402519442,9918.402166109,9918.402467734,CACHE_MISS,2026-09-05T00:13:41.602377Z
1848cb1f-20bb-4f20-98f5-4ade135f1c2e,run1_rep1,F,OPEN,OPEN,request,NONE,MISS,0.05454199890664313,1.3107079994369997,INFO,adaptador.request,false,fallido,1.1600409998209216,9918.450497859,9918.451754025,9918.450443317,9918.4516579,CACHE_MISS,2026-09-05T00:13:41.651940Z
836c6089-b0e4-4da9-9414-e600c695b2fc,run1_rep1,F,OPEN,OPEN,request,NONE,MISS,0.043582998841884546,1.0306659987691091,INFO,adaptador.request,false,fallido,0.9147500004473841,9918.451042567,9918.45202965,9918.450998984,9918.451957317,CACHE_MISS,2026-09-05T00:13:41.652231Z
d900c433-c711-46b2-9924-a31a251c4a02,run1_rep1,F,OPEN,OPEN,request,NONE,MISS,0.04695799907494802,0.7835409996914677,INFO,adaptador.request,false,fallido,0.6277080010477221,9918.488032942,9918.488769525,9918.487985984,9918.48866065,CACHE_MISS,2026-09-05T00:13:41.688656Z
68049a9d-4f7b-4ab0-b02f-91380337e54f,run1_rep1,F,OPEN,OPEN,request,NONE,MISS,0.032750000173109584,0.5939170005149208,INFO,adaptador.request,false,fallido,0.4956249995302642,9918.499966025,9918.500527192,9918.499933275,9918.50046165,CACHE_MISS,2026-09-05T00:13:41.700391Z
557f0b64-2f94-47f4-8c34-32bafd9dabd9,run1_rep1,F,OPEN,OPEN,request,NONE,MISS,0.056832999689504504,1.0606659998302348,INFO,adaptador.request,false,fallido,0.9137919987551868,9918.612684067,9918.6136879,9918.612627234,9918.613597859,CACHE_MISS,2026-09-05T00:13:41.813585Z
11858f5f-ad96-49f6-a7af-2a679190dd96,run1_rep1,F,OPEN,OPEN,request,NONE,MISS,0.018291000742465258,1.0628330001054564,INFO,adaptador.request,false,fallido,0.977916999545414,9918.613363025,9918.614407567,9918.613344734,9918.614340942,CACHE_MISS,2026-09-05T00:13:41.814480Z
8a520ddc-137f-41b6-ae2f-cb04dfe24a93,run1_rep1,F,OPEN,OPEN,request,NONE,MISS,0.036375000490807,0.5909999999857973,INFO,adaptador.request,false,fallido,0.4753339999297168,9918.6456774,9918.646232025,9918.645641025,9918.646152734,CACHE_MISS,2026-09-05T00:13:41.846111Z
4c91895d-7734-40d9-bbb3-e35604b7e044,run1_rep1,F,OPEN,OPEN,request,NONE,MISS,0.052457999117905274,0.6316250000963919,INFO,adaptador.request,false,fallido,0.49329200010106433,9918.693023692,9918.693602859,9918.692971234,9918.693516984,CACHE_MISS,2026-09-05T00:13:41.893492Z
6170fb69-0e37-480e-baf0-e0c9552bad29,run1_rep1,F,OPEN,OPEN,request,NONE,MISS,0.0318750007863855,0.8900419998099096,INFO,adaptador.request,false,fallido,0.7752090004942147,9918.7209449,9918.721803067,9918.720913025,9918.721720109,CACHE_MISS,2026-09-05T00:13:41.921699Z
3d9d813b-c9c5-4d06-a08b-d49050188440,run1_rep1,F,OPEN,OPEN,request,NONE,MISS,0.022875001377542503,0.8385410001210403,INFO,adaptador.request,false,fallido,0.7597499989060452,9918.721583234,9918.7223989,9918.721560359,9918.722342984,CACHE_MISS,2026-09-05T00:13:41.922427Z
c5bffdb9-7266-435b-b3c0-78e226e3df59,run1_rep1,F,OPEN,OPEN,request,NONE,MISS,0.03308399936940987,0.6159589993330883,INFO,adaptador.request,false,fallido,0.5106660009914776,9918.744585359,9918.745168234,9918.744552275,9918.745096025,CACHE_MISS,2026-09-05T00:13:41.945044Z
94f41d97-5a59-46b6-b198-7a0b56ab6990,run1_rep1,F,OPEN,OPEN,request,NONE,MISS,0.026625000828062184,0.4638330010493519,INFO,adaptador.request,false,fallido,0.3671670001494931,9918.751213567,9918.751650775,9918.751186942,9918.751580734,CACHE_MISS,2026-09-05T00:13:41.951520Z
f25df326-a2d7-43aa-b5b5-8e2414968069,run1_rep1,F,OPEN,OPEN,request,NONE,MISS,0.06966699947952293,1.1770000000979053,INFO,adaptador.request,false,fallido,0.9747909989528125,9918.846217901,9918.847325234,9918.846148234,9918.847192692,CACHE_MISS,2026-09-05T00:13:42.047225Z
c5915c31-ee8f-4616-8b4c-e036f03dbc9d,run1_rep1,F,OPEN,OPEN,request,NONE,MISS,0.026375000743428245,0.5382500003179302,INFO,adaptador.request,false,fallido,0.4549170007521752,9918.856283567,9918.856795442,9918.856257192,9918.856738484,CACHE_MISS,2026-09-05T00:13:42.056657Z
a42305c7-c8b4-4398-81b6-edb5d1e05d10,run1_rep1,F,OPEN,OPEN,request,NONE,MISS,0.021624999135383405,0.663040998915676,INFO,adaptador.request,false,fallido,0.5684579991793726,9918.879089901,9918.879731317,9918.879068276,9918.879658359,CACHE_MISS,2026-09-05T00:13:42.079585Z
fa2bfff5-50b9-49a2-ae4a-8042ffad8eaf,run1_rep1,F,OPEN,OPEN,request,NONE,MISS,0.01820800025598146,0.3448330007813638,INFO,adaptador.request,false,fallido,0.2802920007525245,9918.888828984,9918.889155609,9918.888810776,9918.889109276,CACHE_MISS,2026-09-05T00:13:42.089004Z
cbfe20e3-acd7-4f2e-845e-93f77951429b,run1_rep1,F,OPEN,OPEN,request,NONE,MISS,0.02016700091189705,0.360250000085216,INFO,adaptador.request,false,fallido,0.30162499933794606,9918.905603609,9918.905943692,9918.905583442,9918.905905234,CACHE_MISS,2026-09-05T00:13:42.105777Z
b583b14f-0e9a-4616-bbfe-79832e74a187,run1_rep1,F,OPEN,OPEN,request,NONE,MISS,0.05287500061967876,0.797124999735388,INFO,adaptador.request,false,fallido,0.6536250002682209,9918.953587484,9918.954331734,9918.953534609,9918.954241109,CACHE_MISS,2026-09-05T00:13:42.154206Z
21dbdc0b-5abc-4cc9-9a0e-d22935b2422d,run1_rep1,F,OPEN,OPEN,request,NONE,MISS,0.05716600026062224,0.8589580011175713,INFO,adaptador.request,false,fallido,0.6530840000777971,9919.044284942,9919.045086734,9919.044227776,9919.044938026,CACHE_MISS,2026-09-05T00:13:42.244996Z
d50eb048-a450-4c1c-9e3f-5b853bf95df9,run1_rep1,F,OPEN,OPEN,request,NONE,MISS,0.030540999432560056,0.8450410005025333,INFO,adaptador.request,false,fallido,0.7376249996013939,9919.050576442,9919.051390942,9919.050545901,9919.051314067,CACHE_MISS,2026-09-05T00:13:42.251280Z
23ba5145-0fbf-41ee-b2af-ad64ac8c540f,run1_rep1,F,OPEN,OPEN,request,NONE,MISS,0.015458999769180082,0.8510839998052688,INFO,adaptador.request,false,fallido,0.7480410004063742,9919.051203276,9919.052038901,9919.051187817,9919.051951317,CACHE_MISS,2026-09-05T00:13:42.252187Z
7aef1ee7-a981-44c9-93f8-2580b2270354,run1_rep1,F,OPEN,OPEN,request,NONE,MISS,0.018290998923475854,0.4187909999018302,INFO,adaptador.request,false,fallido,0.3444169997237623,9919.055960442,9919.056360942,9919.055942151,9919.056304859,CACHE_MISS,2026-09-05T00:13:42.256216Z
8ba0863f-583c-44d1-b946-7b6c006b0599,run1_rep1,F,OPEN,OPEN,request,NONE,MISS,0.02220799979113508,0.37820800025656354,INFO,adaptador.request,false,fallido,0.3135840015602298,9919.067471067,9919.067827067,9919.067448859,9919.067784651,CACHE_MISS,2026-09-05T00:13:42.267680Z
87282c5f-2fda-47b3-b5c1-edc81142744e,run1_rep1,F,OPEN,OPEN,request,NONE,MISS,0.022415999410441145,0.41704099930939265,INFO,adaptador.request,false,fallido,0.329917000271962,9919.112166567,9919.112561192,9919.112144151,9919.112496484,CACHE_MISS,2026-09-05T00:13:42.312438Z
004cb8a4-02b0-4ad1-863b-6df35700e229,run1_rep1,F,OPEN,OPEN,request,NONE,MISS,0.027374999262974598,0.8179579999705311,INFO,adaptador.request,false,fallido,0.6968330017116386,9919.140836734,9919.141627317,9919.140809359,9919.141533567,CACHE_MISS,2026-09-05T00:13:42.341568Z
2abed7ff-4631-45f8-a28d-a013e6d099e4,run1_rep1,F,OPEN,OPEN,request,NONE,MISS,0.05733400030294433,1.1085000005550683,INFO,adaptador.request,false,fallido,0.9637500006647315,9919.273162276,9919.274213442,9919.273104942,9919.274126026,CACHE_MISS,2026-09-05T00:13:42.474381Z
909ffa94-e161-4e95-9c1b-6f457cae4b14,run1_rep1,F,OPEN,OPEN,request,NONE,MISS,0.015166999219218269,0.6945419991097879,INFO,adaptador.request,false,fallido,0.6174160007503815,9919.273801276,9919.274480651,9919.273786109,9919.274418692,CACHE_MISS,2026-09-05T00:13:42.474674Z
bc7a0caa-30de-4a26-a237-eb6927796026,run1_rep1,F,OPEN,OPEN,request,NONE,MISS,0.041958999645430595,0.6330840005830396,INFO,adaptador.request,false,fallido,0.5192080006963806,9919.309640401,9919.310231526,9919.309598442,9919.310159609,CACHE_MISS,2026-09-05T00:13:42.510103Z
63dffa41-d01c-4cf2-a98e-62a316e06b2e,run1_rep1,F,OPEN,OPEN,request,NONE,MISS,0.02741699972830247,0.4714999995485414,INFO,adaptador.request,false,fallido,0.3774580000026617,9919.318685151,9919.319129234,9919.318657734,9919.319062609,CACHE_MISS,2026-09-05T00:13:42.519004Z
1714a611-d432-445a-8a06-5bd72dc4cba9,run1_rep1,F,OPEN,OPEN,request,NONE,MISS,0.041166998926200904,0.6791249998059357,INFO,adaptador.request,false,fallido,0.5373330004658783,9919.362272526,9919.362910484,9919.362231359,9919.362809859,CACHE_MISS,2026-09-05T00:13:42.562832Z
22724548-9a31-4285-8bf6-34028a62b319,run1_rep1,F,OPEN,OPEN,request,NONE,MISS,0.034374999813735485,0.5325829988578334,INFO,adaptador.request,false,fallido,0.429915999120567,9919.368967651,9919.369465859,9919.368933276,9919.369397567,CACHE_MISS,2026-09-05T00:13:42.569336Z
b713b29a-edf6-44f5-8cd5-3183ccd27fa4,run1_rep1,F,OPEN,OPEN,request,NONE,MISS,0.03749999996216502,0.6412080001609866,INFO,adaptador.request,false,fallido,0.5014580001443392,9919.395164651,9919.395768359,9919.395127151,9919.395666109,CACHE_MISS,2026-09-05T00:13:42.595661Z
72961883-07b1-44ee-8913-8a805dbcbe91,run1_rep1,F,OPEN,OPEN,request,NONE,MISS,0.05337499896995723,0.9424170002603205,INFO,adaptador.request,false,fallido,0.754833001337829,9919.423436734,9919.424325776,9919.423383359,9919.424191567,CACHE_MISS,2026-09-05T00:13:42.624226Z
d5e040a6-13ac-48bd-b93a-a8536e001124,run1_rep1,F,OPEN,OPEN,request,NONE,MISS,0.03300000025774352,0.9143329989456106,INFO,adaptador.request,false,fallido,0.8001659989531618,9919.429405151,9919.430286484,9919.429372151,9919.430205317,CACHE_MISS,2026-09-05T00:13:42.630185Z
b245cb65-8b8a-4ccb-b177-851dc7b117bd,run1_rep1,F,OPEN,OPEN,request,NONE,MISS,0.020957999367965385,0.8828329991956707,INFO,adaptador.request,false,fallido,0.805207999292179,9919.430071359,9919.430933234,9919.430050401,9919.430876567,CACHE_MISS,2026-09-05T00:13:42.631047Z
f90be08e-1b00-42c8-9e70-a0415cb68e66,run1_rep1,F,OPEN,OPEN,request,NONE,MISS,0.05383400093705859,0.9096670000872109,INFO,adaptador.request,false,fallido,0.7165829993027728,9919.528810443,9919.529666276,9919.528756609,9919.529527026,CACHE_MISS,2026-09-05T00:13:42.729570Z
4bb2d13c-016e-476e-91b0-9e6206f960f2,run1_rep1,F,OPEN,OPEN,request,NONE,MISS,0.05358400085242465,0.7755000006000046,INFO,adaptador.request,false,fallido,0.6172499997774139,9919.634790693,9919.635512609,9919.634737109,9919.635407943,CACHE_MISS,2026-09-05T00:13:42.835409Z
acbe3a1c-93dd-4c62-9721-caa41085a043,run1_rep1,F,OPEN,OPEN,request,NONE,MISS,0.025000001187436283,0.5246250002528541,INFO,adaptador.request,false,fallido,0.4374999989522621,9919.643784734,9919.644284359,9919.643759734,9919.644222234,CACHE_MISS,2026-09-05T00:13:42.844151Z
476e54df-3b50-4125-ac7e-d79f8c44fe35,run1_rep1,F,OPEN,OPEN,request,NONE,MISS,0.022415999410441145,0.9151249996648403,INFO,adaptador.request,false,fallido,0.803625000116881,9919.662130484,9919.663023193,9919.662108068,9919.662934109,CACHE_MISS,2026-09-05T00:13:42.863141Z
f788a44f-cf2c-4a2e-b0c8-3ea68626d36c,run1_rep1,F,OPEN,OPEN,request,NONE,MISS,0.013916000170866027,0.7264579999173293,INFO,adaptador.request,false,fallido,0.6707920001645107,9919.662554234,9919.663266776,9919.662540318,9919.663225026,CACHE_MISS,2026-09-05T00:13:42.863417Z
7071a073-79d2-40fd-a163-48674ae3ce66,run1_rep1,F,OPEN,OPEN,request,NONE,MISS,0.01612499909242615,0.3559159995347727,INFO,adaptador.request,false,fallido,0.2868330011551734,9919.682656443,9919.682996234,9919.682640318,9919.682943276,CACHE_MISS,2026-09-05T00:13:42.882883Z
630d2e0b-17f8-4b3c-929f-8f36d87cb1ba,run1_rep1,F,OPEN,OPEN,request,NONE,MISS,0.019167000573361292,0.4069580008945195,INFO,adaptador.request,false,fallido,0.33887500103446655,9919.709187068,9919.709574859,9919.709167901,9919.709525943,CACHE_MISS,2026-09-05T00:13:42.909435Z
572b12f2-47a0-483e-b541-5d556467470c,run1_rep1,F,OPEN,OPEN,request,NONE,MISS,0.049500000386615284,0.9793339995667338,INFO,adaptador.request,false,fallido,0.8349999989150092,9919.742241234,9919.743171068,9919.742191734,9919.743076234,CACHE_MISS,2026-09-05T00:13:42.943061Z
8460da5a-25fa-4ba0-8d56-e596fbf74c37,run1_rep1,F,OPEN,OPEN,request,NONE,MISS,0.02350000067963265,0.8273330004158197,INFO,adaptador.request,false,fallido,0.7590000004711328,9919.742969568,9919.743773401,9919.742946068,9919.743728568,CACHE_MISS,2026-09-05T00:13:42.943849Z
4a2cddb1-fb08-49f6-8b05-5bfdd1aa65dd,run1_rep1,F,OPEN,OPEN,request,NONE,MISS,0.05379199865274131,0.957749998633517,INFO,adaptador.request,false,fallido,0.7762920013192343,9919.824375526,9919.825279484,9919.824321734,9919.825151818,CACHE_MISS,2026-09-05T00:13:43.025186Z
ee493f6d-ac4d-4d5a-8c05-9f2b868ada7a,run1_rep1,F,OPEN,OPEN,request,NONE,MISS,0.04891699973086361,0.6712499998684507,INFO,adaptador.request,false,fallido,0.5577909996645758,9919.854101818,9919.854724151,9919.854052901,9919.854659609,CACHE_MISS,2026-09-05T00:13:43.054596Z
6a7d387b-7db8-435d-9eff-ab86612236c3,run1_rep1,F,OPEN,OPEN,request,NONE,MISS,0.02645799941092264,0.5113749994052341,INFO,adaptador.request,false,fallido,0.41945799966924824,9919.867937526,9919.868422443,9919.867911068,9919.868356984,CACHE_MISS,2026-09-05T00:13:43.068291Z
24963d6b-46f2-4e60-bb37-6684064d4e03,run1_rep1,F,OPEN,OPEN,request,NONE,MISS,0.021083998944959603,0.45854199925088324,INFO,adaptador.request,false,fallido,0.3722910005308222,9919.882824818,9919.883262276,9919.882803734,9919.883197109,CACHE_MISS,2026-09-05T00:13:43.083146Z
3f46c537-ab05-4e17-9f8e-9567ad6b9342,run1_rep1,F,OPEN,OPEN,request,NONE,MISS,0.06620800013479311,1.2965829992026556,INFO,adaptador.request,false,fallido,1.1583749983401503,9919.941441651,9919.942672026,9919.941375443,9919.942600026,CACHE_MISS,2026-09-05T00:13:43.142548Z
ece1513e-e52e-4ffa-8d95-abafe91557e2,run1_rep1,F,OPEN,OPEN,request,NONE,MISS,0.08854199950292241,0.7050419990264345,INFO,adaptador.request,false,fallido,0.5211250008869683,9919.979058276,9919.979674776,9919.978969734,9919.979579401,CACHE_MISS,2026-09-05T00:13:43.179541Z
0f767cd6-c4cb-4465-8444-7e92e351cda5,run1_rep1,F,OPEN,OPEN,request,NONE,MISS,0.02158399911422748,0.370833999113529,INFO,adaptador.request,false,fallido,0.30495800092467107,9919.993127318,9919.993476568,9919.993105734,9919.993432276,CACHE_MISS,2026-09-05T00:13:43.193318Z
330f4d04-d6f7-4dd0-b713-906fb4a60151,run1_rep1,F,OPEN,OPEN,request,NONE,MISS,0.019209001038689166,0.5687920001946623,INFO,adaptador.request,false,fallido,0.44999999954598024,9919.995955443,9919.996505026,9919.995936234,9919.996405443,CACHE_MISS,2026-09-05T00:13:43.196385Z
b905e265-4d0f-404f-90d7-f4af483f6db8,run1_rep1,F,OPEN,OPEN,request,NONE,MISS,0.016250000044237822,0.3203749984095339,INFO,adaptador.request,false,fallido,0.25437499971303623,9920.033631026,9920.033935151,9920.033614776,9920.033885401,CACHE_MISS,2026-09-05T00:13:43.233784Z
a796fa31-decb-4429-89a5-27dee0c8d921,run1_rep1,F,OPEN,OPEN,request,NONE,MISS,0.011791998986154795,0.2521250007703202,INFO,adaptador.request,false,fallido,0.20358300025691278,9920.054719318,9920.054959651,9920.054707526,9920.054922901,CACHE_MISS,2026-09-05T00:13:43.254805Z
a736b873-8f1a-4536-acdf-ab909b09992b,run1_rep1,F,OPEN,OPEN,request,NONE,MISS,0.016250000044237822,0.3182500004186295,INFO,adaptador.request,false,fallido,0.24895900060073473,9920.074365859,9920.074667859,9920.074349609,9920.074614818,CACHE_MISS,2026-09-05T00:13:43.274532Z
16cf851b-7215-4305-871c-b755b25eee39,run1_rep1,F,OPEN,OPEN,request,NONE,MISS,0.015916999473120086,0.3619170001911698,INFO,adaptador.request,false,fallido,0.2892079992307117,9920.131559693,9920.131905693,9920.131543776,9920.131848901,CACHE_MISS,2026-09-05T00:13:43.331769Z
636a3c59-6da9-4c4a-9a0b-708e4e7fdbb8,run1_rep1,F,OPEN,OPEN,request,NONE,MISS,0.014000001101521775,0.3408330012462102,INFO,adaptador.request,false,fallido,0.2714160000323318,9920.141424568,9920.141751401,9920.141410568,9920.141695984,CACHE_MISS,2026-09-05T00:13:43.341623Z
6123db7a-621f-42d4-94dc-50d8b4c14081,run1_rep1,F,OPEN,OPEN,request,NONE,MISS,0.04962499951943755,0.8022920010262169,INFO,adaptador.request,false,fallido,0.6438330001401482,9920.177946568,9920.178699235,9920.177896943,9920.178590401,CACHE_MISS,2026-09-05T00:13:43.378654Z
ac3fa2c3-5833-4101-bb3a-eebdb620f9ae,run1_rep1,F,OPEN,OPEN,request,NONE,MISS,0.06391700117092114,0.811249999969732,INFO,adaptador.request,false,fallido,0.6492079992312938,9920.209060318,9920.209807651,9920.208996401,9920.209709526,CACHE_MISS,2026-09-05T00:13:43.409689Z
7fb4f973-f9ca-4092-bcc5-ce5973bf805b,run1_rep1,F,OPEN,OPEN,request,NONE,MISS,0.05983300070511177,0.9034579998115078,INFO,adaptador.request,false,fallido,0.7264579999173293,9920.275365943,9920.276209568,9920.27530611,9920.276092401,CACHE_MISS,2026-09-05T00:13:43.476153Z
13c5d591-c57f-4430-9c4d-6f9da0439f72,run1_rep1,F,OPEN,OPEN,request,NONE,MISS,0.05920799958403222,1.0744159990281332,INFO,adaptador.request,false,fallido,0.8876669999153819,9920.332395443,9920.333410651,9920.332336235,9920.33328311,CACHE_MISS,2026-09-05T00:13:43.533308Z
460fa0f2-c26c-4165-ab0e-854fb8d816ec,run1_rep1,F,OPEN,HALF_OPEN,request,NONE,MISS,19.88879199961957,20.65362500070478,INFO,adaptador.request,true,fallido,0.7119160000002012,9920.37747186,9920.378236693,9920.357583068,9920.378183776,CACHE_MISS,2026-09-05T00:13:43.578099Z
873dca48-a6e0-4f17-b9ca-dcb764297837,run1_rep1,F,OPEN,OPEN,request,NONE,MISS,24.284082999656675,24.874875000023167,INFO,adaptador.request,false,fallido,0.44733400136465207,9920.377362651,9920.377953443,9920.353078568,9920.377809985,CACHE_MISS,2026-09-05T00:13:43.578346Z
0fab0fef-b0d5-4146-92ca-719e26b50017,run1_rep1,F,OPEN,OPEN,request,NONE,MISS,0.06383300024026539,0.8318750005855691,INFO,adaptador.request,false,fallido,0.6460419990617083,9920.463848068,9920.46461611,9920.463784235,9920.46449411,CACHE_MISS,2026-09-05T00:13:43.664514Z
f4168946-d8f9-4c28-8f70-95e7d6e1a466,run1_rep1,F,OPEN,OPEN,request,NONE,MISS,0.06920799933141097,0.8575829997425899,INFO,adaptador.request,false,fallido,0.6740420012647519,9920.499020443,9920.499808818,9920.498951235,9920.499694485,CACHE_MISS,2026-09-05T00:13:43.699710Z
bf71ba84-b601-4526-bbf9-1d1d4326b685,run1_rep1,F,OPEN,OPEN,request,NONE,MISS,0.029041000743745826,0.5479999999806751,INFO,adaptador.request,false,fallido,0.4544589992292458,9920.504862526,9920.505381485,9920.504833485,9920.505316985,CACHE_MISS,2026-09-05T00:13:43.705252Z
f946510d-1542-4a46-921f-2e8029044b60,run1_rep1,F,OPEN,OPEN,request,NONE,MISS,0.02312499964318704,0.4155000005994225,INFO,adaptador.request,false,fallido,0.3296670001873281,9920.513521443,9920.513913818,9920.513498318,9920.51385111,CACHE_MISS,2026-09-05T00:13:43.713786Z
f98c6ec0-a798-4447-bf24-ad30d4c45a16,run1_rep1,F,OPEN,OPEN,request,NONE,MISS,0.046082999688223936,0.8377079993806547,INFO,adaptador.request,false,fallido,0.6544169991684612,9920.614883443,9920.615675068,9920.61483736,9920.61553786,CACHE_MISS,2026-09-05T00:13:43.815596Z
c3661368-d72e-44b1-96ee-e57eabbf879c,run1_rep1,F,OPEN,OPEN,request,NONE,MISS,0.05483299901243299,0.7064159999572439,INFO,adaptador.request,false,fallido,0.533667000127025,9920.628168943,9920.628820526,9920.62811411,9920.62870261,CACHE_MISS,2026-09-05T00:13:43.828707Z
518e9158-7209-40f9-bec1-920d5420add2,run1_rep1,F,OPEN,OPEN,request,NONE,MISS,0.028915999791934155,0.5492910004250007,INFO,adaptador.request,false,fallido,0.46095899961073883,9920.630792901,9920.631313276,9920.630763985,9920.63125386,CACHE_MISS,2026-09-05T00:13:43.831222Z
04b69b6e-b6f2-42df-a347-e5b9c66b466c,run1_rep1,F,OPEN,OPEN,request,NONE,MISS,0.053666999519919045,0.8075839996308787,INFO,adaptador.request,false,fallido,0.6428750002669403,9920.681511443,9920.68226536,9920.681457776,9920.682154318,CACHE_MISS,2026-09-05T00:13:43.882166Z
57b90e05-3e13-4516-8b2a-8f36fbc28568,run1_rep1,F,OPEN,OPEN,request,NONE,MISS,0.0256669991358649,0.49333300012222026,INFO,adaptador.request,false,fallido,0.40441599958285224,9920.69385661,9920.694324276,9920.693830943,9920.694261026,CACHE_MISS,2026-09-05T00:13:43.894189Z
8605c50b-78ab-4b8a-bf5d-a68b76315367,run1_rep1,F,OPEN,OPEN,request,NONE,MISS,0.015916999473120086,0.3603330005716998,INFO,adaptador.request,false,fallido,0.3022500004590256,9920.703884485,9920.704228901,9920.703868568,9920.704186735,CACHE_MISS,2026-09-05T00:13:43.904078Z
ef6ee210-50da-470d-a1e4-4cd61e7dce3e,run1_rep1,F,OPEN,OPEN,request,NONE,MISS,0.014833000022917986,0.44962500032852404,INFO,adaptador.request,false,fallido,0.37525000152527355,9920.714953693,9920.715388485,9920.71493886,9920.715328943,CACHE_MISS,2026-09-05T00:13:43.915258Z
fb3a91e0-09a5-4a4a-82a5-e865fc7006d5,run1_rep1,F,OPEN,OPEN,request,NONE,MISS,0.05695799882232677,1.1917909996554954,INFO,adaptador.request,false,fallido,1.0426250009913929,9920.806347318,9920.807482151,9920.80629036,9920.807389943,CACHE_MISS,2026-09-05T00:13:44.007604Z
4d3a2436-473b-4586-a3a1-cf7f1b6e191d,run1_rep1,F,OPEN,OPEN,request,NONE,MISS,0.017791999198379926,0.7059579984343145,INFO,adaptador.request,false,fallido,0.6485409994638758,9920.80705261,9920.807740776,9920.807034818,9920.807701151,CACHE_MISS,2026-09-05T00:13:44.007922Z
03b282a4-ea61-40e7-a127-659b50f41871,run1_rep1,F,OPEN,OPEN,request,NONE,MISS,0.029708000511163846,0.5535000000236323,INFO,adaptador.request,false,fallido,0.4495840003073681,9920.816705526,9920.817229318,9920.816675818,9920.81715511,CACHE_MISS,2026-09-05T00:13:44.017099Z
daeb1236-ff20-401d-bf25-d6598a07ea5e,run1_rep1,F,OPEN,OPEN,request,NONE,MISS,0.023208000129670836,0.5289170003379695,INFO,adaptador.request,false,fallido,0.4495840003073681,9920.818197776,9920.818703485,9920.818174568,9920.81864736,CACHE_MISS,2026-09-05T00:13:44.018600Z
1fd36209-c89b-4fa1-9241-b5ff259fb6db,run1_rep1,F,OPEN,OPEN,request,NONE,MISS,0.022124999304651283,0.41737499850569293,INFO,adaptador.request,false,fallido,0.32929100052569993,9920.82266711,9920.82306236,9920.822644985,9920.822996401,CACHE_MISS,2026-09-05T00:13:44.022909Z
cc7c41b4-957a-4591-a1bd-56db30279ad8,run1_rep1,F,OPEN,OPEN,request,NONE,MISS,0.014874998669256456,0.3430839988141088,INFO,adaptador.request,false,fallido,0.27229199986322783,9920.842508401,9920.84283661,9920.842493526,9920.842780693,CACHE_MISS,2026-09-05T00:13:44.042702Z
328475ac-4836-4af9-90ec-a3d529ef6882,run1_rep1,F,OPEN,OPEN,request,NONE,MISS,0.05491699994308874,0.7658340000489261,INFO,adaptador.request,false,fallido,0.602166999669862,9920.889209985,9920.889920902,9920.889155068,9920.889812152,CACHE_MISS,2026-09-05T00:13:44.089835Z
88cd1dba-4470-40a3-a14a-47fdcbbccc19,run1_rep1,F,OPEN,OPEN,request,NONE,MISS,0.039125001421780325,0.6074170014471747,INFO,adaptador.request,false,fallido,0.48099999912665226,9920.968191735,9920.968760027,9920.96815261,9920.968672735,CACHE_MISS,2026-09-05T00:13:44.168662Z
4121ed8a-0d3e-45b5-b760-a3b2b7257a71,run1_rep1,F,OPEN,OPEN,request,NONE,MISS,0.027750000299420208,0.5525420001504244,INFO,adaptador.request,false,fallido,0.4110829995624954,9920.976522235,9920.977047027,9920.976494485,9920.976933318,CACHE_MISS,2026-09-05T00:13:44.176934Z
99e9507c-de88-46fb-99c3-b47c94c12550,run1_rep1,F,OPEN,OPEN,request,NONE,MISS,0.0256669991358649,0.6087080000725109,INFO,adaptador.request,false,fallido,0.5236659999354742,9920.980996527,9920.981579568,9920.98097086,9920.981520193,CACHE_MISS,2026-09-05T00:13:44.181433Z
650f3e18-d529-4b26-a8ec-424c604b0c77,run1_rep1,F,OPEN,OPEN,request,NONE,MISS,0.015583000276819803,0.34491699989303015,INFO,adaptador.request,false,fallido,0.29016699954809155,9920.984806068,9920.985135402,9920.984790485,9920.985096235,CACHE_MISS,2026-09-05T00:13:44.184977Z
42a83f38-93cb-4b41-a3a2-e18225b79c0a,run1_rep1,F,OPEN,OPEN,request,NONE,MISS,0.03766699956031516,0.66191699988849,INFO,adaptador.request,false,fallido,0.5450420012493851,9921.022671485,9921.023295735,9921.022633818,9921.023216527,CACHE_MISS,2026-09-05T00:13:44.223181Z
1324aaba-b205-402d-85cd-2d9c62e6a1d8,run1_rep1,F,OPEN,OPEN,request,NONE,MISS,0.0425000016548438,0.7075410012475913,INFO,adaptador.request,false,fallido,0.5766249996668193,9921.072299777,9921.072964818,9921.072257277,9921.072876402,CACHE_MISS,2026-09-05T00:13:44.272900Z
a76ade82-07d7-4b0f-ad57-fb6936c746a7,run1_rep1,F,OPEN,OPEN,request,NONE,MISS,0.037666000935132615,0.6405410003935685,INFO,adaptador.request,false,fallido,0.5013749996578554,9921.118461443,9921.119064318,9921.118423777,9921.118962818,CACHE_MISS,2026-09-05T00:13:44.318946Z
4091eafa-99ff-4395-919a-b8cc20cb5c89,run1_rep1,F,OPEN,OPEN,request,NONE,MISS,0.057625000408734195,1.0669170005712658,INFO,adaptador.request,false,fallido,0.8740829998714617,9921.196864735,9921.197874027,9921.19680711,9921.197738818,CACHE_MISS,2026-09-05T00:13:44.397810Z
d47947f0-13b4-4fb3-a809-91287fd5b497,run1_rep1,F,OPEN,OPEN,request,NONE,MISS,0.04320799962442834,0.7324170001083985,INFO,adaptador.request,false,fallido,0.5944170006841887,9921.221955193,9921.222644402,9921.221911985,9921.22254961,CACHE_MISS,2026-09-05T00:13:44.422527Z
7cbf6e73-3339-4ff7-9d4c-e36edf706cc6,run1_rep1,F,OPEN,OPEN,request,NONE,MISS,0.05354200038709678,0.8779170002526371,INFO,adaptador.request,false,fallido,0.6921250005689217,9921.266390485,9921.26721486,9921.266336943,9921.26708261,CACHE_MISS,2026-09-05T00:13:44.467134Z
1120fbc5-a885-445d-ab0d-951fa0fdc369,run1_rep1,F,OPEN,OPEN,request,NONE,MISS,0.025583000024198554,0.611166999078705,INFO,adaptador.request,false,fallido,0.5156249990250217,9921.271510443,9921.272096027,9921.27148486,9921.272026068,CACHE_MISS,2026-09-05T00:13:44.471974Z
401a4c41-5d46-4851-b9ac-dc89b0a4dc94,run1_rep1,F,OPEN,OPEN,request,NONE,MISS,0.020917001165798865,0.4008329997304827,INFO,adaptador.request,false,fallido,0.33649999932094943,9921.275937652,9921.276317568,9921.275916735,9921.276274152,CACHE_MISS,2026-09-05T00:13:44.476168Z
9720f7db-3172-4e6a-b3b9-f3fac58f76d8,run1_rep1,F,OPEN,OPEN,request,NONE,MISS,0.015374998838524334,0.4632500003936002,INFO,adaptador.request,false,fallido,0.38625000161118805,9921.280564943,9921.281012818,9921.280549568,9921.280951193,CACHE_MISS,2026-09-05T00:13:44.480881Z
c7a14f35-40b7-4e0d-b5f6-a4b86dfdbe45,run1_rep1,F,OPEN,OPEN,request,NONE,MISS,0.05220800085226074,0.8139580004353775,INFO,adaptador.request,false,fallido,0.6334579993563239,9921.367357985,9921.368119735,9921.367305777,9921.367991443,CACHE_MISS,2026-09-05T00:13:44.568016Z
ed5d8584-bba7-4402-93bd-e999279c71b4,run1_rep1,F,OPEN,OPEN,request,NONE,MISS,0.024208000468206592,0.5105830005049938,INFO,adaptador.request,false,fallido,0.4179999996267725,9921.382639235,9921.38312561,9921.382615027,9921.383057235,CACHE_MISS,2026-09-05T00:13:44.583007Z
91886824-43fa-45a1-8517-9503aa9e02e2,run1_rep1,F,OPEN,OPEN,request,NONE,MISS,0.04908399932901375,0.702333998560789,INFO,adaptador.request,false,fallido,0.584375000471482,9921.420456152,9921.421109402,9921.420407068,9921.421040527,CACHE_MISS,2026-09-05T00:13:44.620978Z
982d882f-d7bf-45e2-97a6-5cac4d41ebb1,run1_rep1,F,OPEN,OPEN,request,NONE,MISS,0.023333999706665054,0.4927499994664686,INFO,adaptador.request,false,fallido,0.3942080002161674,9921.435329527,9921.435798943,9921.435306193,9921.435723735,CACHE_MISS,2026-09-05T00:13:44.635679Z
dc60cd05-449a-4577-a9a8-7fa04035b0ea,run1_rep1,F,OPEN,OPEN,request,NONE,MISS,0.0596249992668163,0.7450840003002668,INFO,adaptador.request,false,fallido,0.5784170007245848,9921.506244318,9921.506929777,9921.506184693,9921.506822735,CACHE_MISS,2026-09-05T00:13:44.706845Z
8ec977b9-6c11-4e4f-9b71-99097d48f918,run1_rep1,F,OPEN,OPEN,request,NONE,MISS,0.03287499930593185,0.5353750002541346,INFO,adaptador.request,false,fallido,0.4273330014257226,9921.52918061,9921.52968311,9921.529147735,9921.529607943,CACHE_MISS,2026-09-05T00:13:44.729564Z
480f414d-23e1-4a3a-8687-0b0163258ebd,run1_rep1,F,OPEN,OPEN,request,NONE,MISS,0.042583000322338194,0.6355000004987232,INFO,adaptador.request,false,fallido,0.5097499997646082,9921.556634485,9921.557227402,9921.556591902,9921.557144235,CACHE_MISS,2026-09-05T00:13:44.757111Z
03b199cc-5eee-4d31-87cd-d6550f91865c,run1_rep1,F,OPEN,OPEN,request,NONE,MISS,0.03975000072387047,0.7391250001091976,INFO,adaptador.request,false,fallido,0.591583000641549,9921.576590527,9921.577289902,9921.576550777,9921.57718211,CACHE_MISS,2026-09-05T00:13:44.777235Z
753917f4-eee8-469d-9e29-9a5804bbcef3,run1_rep1,F,OPEN,OPEN,request,NONE,MISS,0.021334000848582946,0.49700000090524554,INFO,adaptador.request,false,fallido,0.40508299935027026,9921.580489694,9921.58096536,9921.58046836,9921.580894777,CACHE_MISS,2026-09-05T00:13:44.780852Z
e40d167d-caf0-472b-856c-0a5d49aa71ba,run1_rep1,F,OPEN,OPEN,request,NONE,MISS,0.05458300074678846,0.8044580008572666,INFO,adaptador.request,false,fallido,0.6384589996741852,9921.632337735,9921.63308761,9921.632283152,9921.632976194,CACHE_MISS,2026-09-05T00:13:44.832957Z
09b26b1b-aa89-4508-ad7b-ae07a015b6c7,run1_rep1,F,OPEN,OPEN,request,NONE,MISS,0.05712500023946632,0.8929579998948611,INFO,adaptador.request,false,fallido,0.7209169998532161,9921.686781152,9921.687616985,9921.686724027,9921.687502069,CACHE_MISS,2026-09-05T00:13:44.887516Z
10549761-0c1a-4c5b-9104-3d11cd616836,run1_rep1,F,OPEN,OPEN,request,NONE,MISS,0.029208000341895968,0.9955410005204612,INFO,adaptador.request,false,fallido,0.8900829998310655,9921.694700152,9921.695666485,9921.694670944,9921.695590235,CACHE_MISS,2026-09-05T00:13:44.895548Z
5257785c-4242-4384-bdef-fc04ce026175,run1_rep1,F,OPEN,OPEN,request,NONE,MISS,0.015875000826781616,0.7874590010032989,INFO,adaptador.request,false,fallido,0.7142920003389008,9921.695509235,9921.696280819,9921.69549336,9921.696223527,CACHE_MISS,2026-09-05T00:13:44.896337Z
123be1eb-0db1-48a4-b152-9738eb75db37,run1_rep1,F,OPEN,OPEN,request,NONE,MISS,0.01808399974834174,0.41037499977392145,INFO,adaptador.request,false,fallido,0.33041599999705795,9921.700420694,9921.700812985,9921.70040261,9921.70075111,CACHE_MISS,2026-09-05T00:13:44.900683Z
4c525c51-7241-479f-a04b-c0a3b3eb0c76,run1_rep1,F,OPEN,OPEN,request,NONE,MISS,0.04933399941364769,1.2382919994706754,INFO,adaptador.request,false,fallido,0.65987500056508,9921.739166194,9921.740355152,9921.73911686,9921.739826069,CACHE_MISS,2026-09-05T00:13:44.940287Z
53348be0-97f6-4154-95e5-6431ee1a6bb7,run1_rep1,F,OPEN,OPEN,request,NONE,MISS,0.020500001483014785,0.7287500011443626,INFO,adaptador.request,false,fallido,0.4636249996110564,9921.813069944,9921.813778194,9921.813049444,9921.813533569,CACHE_MISS,2026-09-05T00:13:45.014372Z
0d664748-8190-48af-93be-40aa6aa63718,run1_rep1,F,OPEN,OPEN,request,NONE,MISS,0.04362499930721242,1.7857909988379106,INFO,adaptador.request,false,fallido,1.6428330000053393,9921.812620944,9921.81436311,9921.812577319,9921.814263777,CACHE_MISS,2026-09-05T00:13:45.015071Z
0e2410ff-4b08-4b15-8a9a-baa7fa492c2e,run1_rep1,F,OPEN,OPEN,request,NONE,MISS,0.05541700011235662,0.7297500014828984,INFO,adaptador.request,false,fallido,0.5981250014883699,9921.858144777,9921.85881911,9921.85808936,9921.858742902,CACHE_MISS,2026-09-05T00:13:45.058703Z
a9d9a377-4817-4961-9bbc-c6977db7c7b5,run1_rep1,F,OPEN,OPEN,request,NONE,MISS,0.03429200114624109,0.6256670003494946,INFO,adaptador.request,false,fallido,0.4976250002073357,9921.930235694,9921.930827069,9921.930201402,9921.930733319,CACHE_MISS,2026-09-05T00:13:45.130724Z
0aff9035-2f30-43a0-8a4f-8fd539330c84,run1_rep1,F,OPEN,OPEN,request,NONE,MISS,0.053499999921768904,0.8006249991012737,INFO,adaptador.request,false,fallido,0.6361670002661413,9921.982837985,9921.98358511,9921.982784485,9921.983474152,CACHE_MISS,2026-09-05T00:13:45.183469Z
1a2d6006-1510-43a1-b129-cd2f63dfcc75,run1_rep1,F,OPEN,OPEN,request,NONE,MISS,0.04000000080850441,1.5963330006343313,INFO,adaptador.request,false,fallido,1.4399579995370004,9921.992820027,9921.99437636,9921.992780027,9921.994259985,CACHE_MISS,2026-09-05T00:13:45.194288Z
6e927643-2f20-4240-a9e3-bb634e9f823d,run1_rep1,F,OPEN,OPEN,request,NONE,MISS,0.020375000531203113,0.9635410006012535,INFO,adaptador.request,false,fallido,0.8913330002542352,9921.994149069,9921.995092235,9921.994128694,9921.995040402,CACHE_MISS,2026-09-05T00:13:45.195251Z
602a877c-fa03-4bc2-ab8c-6c403ea854a7,run1_rep1,F,OPEN,OPEN,request,NONE,MISS,0.03300000025774352,0.5182909990253393,INFO,adaptador.request,false,fallido,0.4040829990117345,9922.000469319,9922.00095461,9922.000436319,9922.000873402,CACHE_MISS,2026-09-05T00:13:45.200840Z
1871ba05-5e13-46de-939c-b2ba05b8b362,run1_rep1,F,OPEN,OPEN,request,NONE,MISS,0.01608300044608768,0.2897499998653075,INFO,adaptador.request,false,fallido,0.23170900021796115,9922.00218211,9922.002455777,9922.002166027,9922.002413819,CACHE_MISS,2026-09-05T00:13:45.202338Z
8d4cf160-baca-4b3a-9fda-997d2c10c2cd,run1_rep1,F,OPEN,OPEN,request,NONE,MISS,0.01954099934664555,0.35924999974668026,INFO,adaptador.request,false,fallido,0.29554200045822654,9922.063060735,9922.063400444,9922.063041194,9922.063356277,CACHE_MISS,2026-09-05T00:13:45.263244Z
eecf4a72-cfe7-4aff-9811-2fd1dfc17842,run1_rep1,F,OPEN,OPEN,request,NONE,MISS,0.02137500086973887,0.3731659999175463,INFO,adaptador.request,false,fallido,0.3027080001629656,9922.101554569,9922.10190636,9922.101533194,9922.101857277,CACHE_MISS,2026-09-05T00:13:45.301760Z
005b5aaa-a2a9-42ec-bf0a-a35cd34b7e49,run1_rep1,F,OPEN,OPEN,request,NONE,MISS,0.02104199847963173,0.39924999873619527,INFO,adaptador.request,false,fallido,0.32229099997493904,9922.117801694,9922.118179902,9922.117780652,9922.118123985,CACHE_MISS,2026-09-05T00:13:45.318069Z
2778860b-043e-40db-b18b-308a5493c7e1,run1_rep1,F,OPEN,OPEN,request,NONE,MISS,0.011874999472638592,0.27141700047650374,INFO,adaptador.request,false,fallido,0.2237919998151483,9922.119588152,9922.119847694,9922.119576277,9922.119811944,CACHE_MISS,2026-09-05T00:13:45.319698Z
0aed1085-f26c-467f-8d40-f93d786408f6,run1_rep1,F,OPEN,OPEN,request,NONE,MISS,0.015834000805625692,0.28445899988582823,INFO,adaptador.request,false,fallido,0.23183299890661146,9922.157633069,9922.157901694,9922.157617235,9922.157864902,CACHE_MISS,2026-09-05T00:13:45.357744Z
fc4ad122-8511-4a3f-88ed-6982ef608659,run1_rep1,F,OPEN,OPEN,request,NONE,MISS,0.014792000001762062,0.34899999991466757,INFO,adaptador.request,false,fallido,0.2815000007103663,9922.188748194,9922.189082402,9922.188733402,9922.189029694,CACHE_MISS,2026-09-05T00:13:45.388946Z
2a97e4b0-ce0a-4193-b89e-56c2cc0ab4a3,run1_rep1,F,OPEN,OPEN,request,NONE,MISS,0.12529200103017502,0.6332089997158619,INFO,adaptador.request,false,fallido,0.42816699897230137,9922.256546652,9922.257054569,9922.25642136,9922.256974819,CACHE_MISS,2026-09-05T00:13:45.456910Z
1b236fed-2c46-42d1-970f-152947a39c4c,run1_rep1,F,OPEN,OPEN,request,NONE,MISS,0.02937499994004611,0.40695899951970205,INFO,adaptador.request,false,fallido,0.3108750006504124,9922.272370777,9922.272748361,9922.272341402,9922.272681652,CACHE_MISS,2026-09-05T00:13:45.472622Z
d0acf683-169c-4e4d-b4a7-092adaec5510,run1_rep1,F,OPEN,OPEN,request,NONE,MISS,0.049250000301981345,0.7013750000623986,INFO,adaptador.request,false,fallido,0.580165999053861,9922.319873611,9922.320525736,9922.319824361,9922.320453777,CACHE_MISS,2026-09-05T00:13:45.520412Z
f5dd2dc7-8b3b-44cf-bd84-15ab3085402e,run1_rep1,F,OPEN,OPEN,request,NONE,MISS,0.015999999959603883,0.5384169999160804,INFO,adaptador.request,false,fallido,0.4630839994206326,9922.321452402,9922.321974819,9922.321436402,9922.321915486,CACHE_MISS,2026-09-05T00:13:45.521868Z
4a80927a-9f9c-48a1-bbce-1c7805674c30,run1_rep1,F,OPEN,OPEN,request,NONE,MISS,0.0624999993306119,0.7662079988222104,INFO,adaptador.request,false,fallido,0.5889999993087258,9922.359323486,9922.360027194,9922.359260986,9922.359912486,CACHE_MISS,2026-09-05T00:13:45.559924Z
fc9b8bf6-b26c-4135-8d51-87ca9d17f537,run1_rep1,F,OPEN,OPEN,request,NONE,MISS,0.05400000009103678,0.7806249996065162,INFO,adaptador.request,false,fallido,0.6307919993560063,9922.391093902,9922.391820527,9922.391039902,9922.391724694,CACHE_MISS,2026-09-05T00:13:45.591704Z
e41f2c55-a781-4081-9e28-6e5c7137d34d,run1_rep1,F,OPEN,OPEN,request,NONE,MISS,0.0323330004903255,0.5377910001698183,INFO,adaptador.request,false,fallido,0.43133299914188683,9922.402318069,9922.402823527,9922.402285736,9922.402749402,CACHE_MISS,2026-09-05T00:13:45.602779Z
24b46b98-a382-40d7-bf06-966759a93c81,run1_rep1,F,OPEN,OPEN,request,NONE,MISS,0.02245799987576902,0.47420800001418684,INFO,adaptador.request,false,fallido,0.3602920005505439,9922.407591402,9922.408043152,9922.407568944,9922.407951694,CACHE_MISS,2026-09-05T00:13:45.607928Z
597bfb5e-67a1-425f-9030-ad001a4b6dfe,run1_rep1,F,OPEN,OPEN,request,NONE,MISS,0.04562499998428393,1.1082080000051064,INFO,adaptador.request,false,fallido,0.9723330003907904,9922.462711736,9922.463774319,9922.462666111,9922.463684069,CACHE_MISS,2026-09-05T00:13:45.663947Z
b3a5b0c7-b266-4bfe-8be7-429aec134406,run1_rep1,F,OPEN,OPEN,request,NONE,MISS,0.020625000615837052,0.87008400078048,INFO,adaptador.request,false,fallido,0.7752919991617091,9922.463213027,9922.464062486,9922.463192402,9922.463988319,CACHE_MISS,2026-09-05T00:13:45.664238Z
96f9128c-0248-405b-b606-6533b06a151a,run1_rep1,F,OPEN,OPEN,request,NONE,MISS,0.03741599903150927,0.6347910002659773,INFO,adaptador.request,false,fallido,0.5002090001653414,9922.497482652,9922.498080027,9922.497445236,9922.497982861,CACHE_MISS,2026-09-05T00:13:45.697963Z
ab9cad73-26cb-4065-b862-2caf6cfdede5,run1_rep1,F,OPEN,OPEN,request,NONE,MISS,0.04441700002644211,0.6819590016675647,INFO,adaptador.request,false,fallido,0.5383750012697419,9922.521673819,9922.522311361,9922.521629402,9922.522212194,CACHE_MISS,2026-09-05T00:13:45.722212Z
8b4a3af4-15af-4ec3-8198-4c9bc16bb5f0,run1_rep1,F,OPEN,OPEN,request,NONE,MISS,0.03666700104076881,0.6083330008550547,INFO,adaptador.request,false,fallido,0.4939579994243104,9922.542389111,9922.542960777,9922.542352444,9922.542883069,CACHE_MISS,2026-09-05T00:13:45.742860Z
fbc8ca60-ceb6-48f9-9baf-8a899a8b7341,run1_rep1,F,OPEN,OPEN,request,NONE,MISS,0.036499999623629265,1.163875000202097,INFO,adaptador.request,false,fallido,1.0387500005890615,9922.579183277,9922.580310652,9922.579146777,9922.580222027,CACHE_MISS,2026-09-05T00:13:45.780471Z
72d27948-0091-4ae6-a4f0-66e7c9f381c6,run1_rep1,F,OPEN,OPEN,request,NONE,MISS,0.013290999049786478,1.005333000648534,INFO,adaptador.request,false,fallido,0.9352920005767373,9922.579594152,9922.580586194,9922.579580861,9922.580529444,CACHE_MISS,2026-09-05T00:13:45.780791Z
f31102f8-570b-4f51-ac9d-410bb2d5f42d,run1_rep1,F,OPEN,OPEN,request,NONE,MISS,0.022541000362252817,0.5435410002974095,INFO,adaptador.request,false,fallido,0.4717920000985032,9922.583188277,9922.583709277,9922.583165736,9922.583660069,CACHE_MISS,2026-09-05T00:13:45.783568Z
1be9f2d2-8d22-405b-b688-0afec12ef7e2,run1_rep1,F,OPEN,OPEN,request,NONE,MISS,0.06000000030326191,1.0098750008182833,INFO,adaptador.request,false,fallido,0.7923749999463325,9922.678146819,9922.679096694,9922.678086819,9922.678939194,CACHE_MISS,2026-09-05T00:13:45.879005Z
e457d7d4-c943-4651-9d8e-1508ff1c7ffe,run1_rep1,F,OPEN,OPEN,request,NONE,MISS,0.0435840011050459,0.7218339997052681,INFO,adaptador.request,false,fallido,0.593165999816847,9922.688750486,9922.689428736,9922.688706902,9922.689343652,CACHE_MISS,2026-09-05T00:13:45.889299Z
61c71e0d-dc6a-44c4-a8d6-1a5bd2b28295,run1_rep1,F,OPEN,OPEN,request,NONE,MISS,0.02262499947391916,0.4480839997995645,INFO,adaptador.request,false,fallido,0.3566670002328465,9922.694605527,9922.695030986,9922.694582902,9922.694962194,CACHE_MISS,2026-09-05T00:13:45.894902Z
96a52883-305f-48e3-9233-3b75fb7a2b3d,run1_rep1,F,OPEN,OPEN,request,NONE,MISS,0.05458300074678846,0.9321659999841359,INFO,adaptador.request,false,fallido,0.751292000131798,9922.832408319,9922.833285902,9922.832353736,9922.833159611,CACHE_MISS,2026-09-05T00:13:46.033196Z
22c5b782-3231-449e-84a6-01fab8064a7e,run1_rep1,F,OPEN,OPEN,request,NONE,MISS,0.03204200038453564,0.9559999998600688,INFO,adaptador.request,false,fallido,0.8432499998889398,9922.844532944,9922.845456902,9922.844500902,9922.845376194,CACHE_MISS,2026-09-05T00:13:46.045638Z
7e6c2e2f-78fe-4c9f-bf7d-08e89db91d62,run1_rep1,F,OPEN,OPEN,request,NONE,MISS,0.012625001545529813,0.8265410015155794,INFO,adaptador.request,false,fallido,0.7651659998373361,9922.844939361,9922.845753277,9922.844926736,9922.845704527,CACHE_MISS,2026-09-05T00:13:46.045965Z
fc82c9bb-539e-4625-a408-c5f98c19047a,run1_rep1,F,OPEN,OPEN,request,NONE,MISS,0.03370899867150001,0.9383339984196937,INFO,adaptador.request,false,fallido,0.8364160003111465,9922.864673486,9922.865578111,9922.864639777,9922.865509902,CACHE_MISS,2026-09-05T00:13:46.065440Z
647490a8-e36a-4a46-82f2-58a4a60b0c6f,run1_rep1,F,OPEN,OPEN,request,NONE,MISS,0.019874998542945832,0.4080829985468881,INFO,adaptador.request,false,fallido,0.3312920016469434,9922.888208194,9922.888596402,9922.888188319,9922.888539486,CACHE_MISS,2026-09-05T00:13:46.088472Z
b1cc6bc6-1941-422b-9402-1a057b8e3da1,run1_rep1,F,OPEN,OPEN,request,NONE,MISS,0.015583000276819803,0.33837500086519867,INFO,adaptador.request,false,fallido,0.27070800024375785,9922.898630819,9922.898953611,9922.898615236,9922.898901527,CACHE_MISS,2026-09-05T00:13:46.098826Z
4c6436ea-3ef4-4a07-a3ef-c089f67607f6,run1_rep1,F,OPEN,OPEN,request,NONE,MISS,0.05562500155065209,0.870292000399786,INFO,adaptador.request,false,fallido,0.6952499988983618,9922.996204569,9922.997019236,9922.996148944,9922.996899819,CACHE_MISS,2026-09-05T00:13:46.196916Z
2fad9e24-749e-4f20-8c82-8b2605af2b2b,run1_rep1,F,OPEN,OPEN,request,NONE,MISS,0.040625000110594556,1.037707999785198,INFO,adaptador.request,false,fallido,0.8774580001045251,9922.999563653,9923.000560736,9922.999523028,9923.000441111,CACHE_MISS,2026-09-05T00:13:46.200497Z
16bb050f-66fd-46e5-b047-d9cfaa5a1eb0,run1_rep1,F,OPEN,OPEN,request,NONE,MISS,0.02233300074294675,0.8990830010588979,INFO,adaptador.request,false,fallido,0.7779999996273546,9923.012158861,9923.013035611,9923.012136528,9923.012936861,CACHE_MISS,2026-09-05T00:13:46.213145Z
f3016122-94b1-4c53-8b16-b4df975ba72e,run1_rep1,F,OPEN,OPEN,request,NONE,MISS,0.015207999240374193,0.7239579990709899,INFO,adaptador.request,false,fallido,0.6767499999114079,9923.012564236,9923.013272986,9923.012549028,9923.013240986,CACHE_MISS,2026-09-05T00:13:46.213702Z
abd48cd7-c875-4647-b14c-c652b23d4ee4,run1_rep1,F,OPEN,OPEN,request,NONE,MISS,0.012124999557272531,0.7674170010432135,INFO,adaptador.request,false,fallido,0.7222920012281975,9923.013625319,9923.014380611,9923.013613194,9923.014347611,CACHE_MISS,2026-09-05T00:13:46.214412Z
1c127b59-488e-42d0-a165-3e3bfdb53b6f,run1_rep1,F,OPEN,OPEN,request,NONE,MISS,0.020625000615837052,0.3468750001047738,INFO,adaptador.request,false,fallido,0.2847499999916181,9923.044318819,9923.044645069,9923.044298194,9923.044603569,CACHE_MISS,2026-09-05T00:13:46.244489Z
c11410ac-a3c1-4c88-acfd-daf82e6fc644,run1_rep1,F,OPEN,OPEN,request,NONE,MISS,0.05254200004856102,0.7906250011728844,INFO,adaptador.request,false,fallido,0.6429999993997626,9923.088847153,9923.089585236,9923.088794611,9923.089490153,CACHE_MISS,2026-09-05T00:13:46.289476Z
090aeb72-a805-4a6f-8a39-c294bd7e81c1,run1_rep1,F,OPEN,OPEN,request,NONE,MISS,0.04329200055508409,0.669291999656707,INFO,adaptador.request,false,fallido,0.5284580001898576,9923.154902611,9923.155528611,9923.154859319,9923.155431069,CACHE_MISS,2026-09-05T00:13:46.355417Z
8281758f-059b-499f-96d4-cce8a04d8f8a,run1_rep1,F,OPEN,OPEN,request,NONE,MISS,0.060125001255073585,1.7344170009891968,INFO,adaptador.request,false,fallido,1.509042000179761,9923.182555486,9923.184229778,9923.182495361,9923.184064528,CACHE_MISS,2026-09-05T00:13:46.384422Z
f760635a-abf4-4ec6-92aa-83d2e83804b6,run1_rep1,F,OPEN,OPEN,request,NONE,MISS,0.02037499871221371,1.4397499999176944,INFO,adaptador.request,false,fallido,1.370458001474617,9923.183131486,9923.184550861,9923.183111111,9923.184501944,CACHE_MISS,2026-09-05T00:13:46.384766Z
f60aa858-276c-4bee-88fe-cc9822d677cf,run1_rep1,F,OPEN,OPEN,request,NONE,MISS,0.05425000017567072,1.0097499998664716,INFO,adaptador.request,false,fallido,0.7979170004546177,9923.272336319,9923.273291819,9923.272282069,9923.273134236,CACHE_MISS,2026-09-05T00:13:46.473286Z
801339f9-2291-4a18-bc4b-ce111cefad13,run1_rep1,F,OPEN,OPEN,request,NONE,MISS,0.03687499884108547,0.570958000025712,INFO,adaptador.request,false,fallido,0.45241699990583584,9923.277586236,9923.278120319,9923.277549361,9923.278038653,CACHE_MISS,2026-09-05T00:13:46.478006Z
b59c3a02-65d0-4d46-9c0b-d25423904b35,run1_rep1,F,OPEN,OPEN,request,NONE,MISS,0.04666700078814756,1.2010420014121337,INFO,adaptador.request,false,fallido,1.0697079997044057,9923.334177736,9923.335332111,9923.334131069,9923.335247444,CACHE_MISS,2026-09-05T00:13:46.536213Z
6d17e415-25fc-4d47-a3d3-33cb94e1b1a1,run1_rep1,F,OPEN,OPEN,request,NONE,MISS,0.02033300006587524,1.5125829995668028,INFO,adaptador.request,false,fallido,1.4242919987736968,9923.334718611,9923.336210861,9923.334698278,9923.336142903,CACHE_MISS,2026-09-05T00:13:46.536401Z
a5ed4ddf-b28a-4cd7-85e0-d03bfd248ebe,run1_rep1,F,OPEN,OPEN,request,NONE,MISS,0.03000000106112566,0.8707090000825701,INFO,adaptador.request,false,fallido,0.8088340000540484,9923.335964194,9923.336804903,9923.335934194,9923.336773028,CACHE_MISS,2026-09-05T00:13:46.536891Z
c4ea6d91-b928-4be7-8da2-cf11e29e9b9c,run1_rep1,F,OPEN,OPEN,request,NONE,MISS,0.0535830004082527,0.8159169992723037,INFO,adaptador.request,false,fallido,0.6498749989987118,9923.367202694,9923.367965028,9923.367149111,9923.367852569,CACHE_MISS,2026-09-05T00:13:46.567891Z
9581f2f1-497d-44cc-99b1-db97bd76e058,run1_rep1,F,OPEN,OPEN,request,NONE,MISS,0.025041999833774753,0.4197920006845379,INFO,adaptador.request,false,fallido,0.34266600050614215,9923.374125403,9923.374520153,9923.374100361,9923.374468069,CACHE_MISS,2026-09-05T00:13:46.574380Z
80dbf9fa-9018-46f3-92bf-560db1e15096,run1_rep1,F,OPEN,OPEN,request,NONE,MISS,0.03641700095613487,1.1628330012172228,INFO,adaptador.request,false,fallido,1.013625000268803,9923.423558278,9923.424684694,9923.423521861,9923.424571903,CACHE_MISS,2026-09-05T00:13:46.624597Z
936b5970-7305-4097-ac53-91891e9b7c89,run1_rep1,F,OPEN,OPEN,request,NONE,MISS,0.035832999856211245,0.6105409993324429,INFO,adaptador.request,false,fallido,0.4971670005033957,9923.445092361,9923.445667069,9923.445056528,9923.445589528,CACHE_MISS,2026-09-05T00:13:46.645541Z
1a81fc96-a8c8-4ad6-a38b-47833043142d,run1_rep1,F,OPEN,OPEN,request,NONE,MISS,0.02141599907190539,0.47783300033188425,INFO,adaptador.request,false,fallido,0.3880000003846362,9923.447517194,9923.447973611,9923.447495778,9923.447905194,CACHE_MISS,2026-09-05T00:13:46.647869Z
901a8c34-1d5d-4a17-990d-c0eec3bce7bd,run1_rep1,F,OPEN,OPEN,request,NONE,MISS,0.049540998588781804,0.7945830002427101,INFO,adaptador.request,false,fallido,0.6393340008798987,9923.482745569,9923.483490611,9923.482696028,9923.483384903,CACHE_MISS,2026-09-05T00:13:46.683388Z
d7434f57-13ca-42b6-9eeb-c61d30183c44,run1_rep1,F,OPEN,OPEN,request,NONE,MISS,0.04762499884236604,0.8255409993580543,INFO,adaptador.request,false,fallido,0.6772500000806758,9923.583175778,9923.583953694,9923.583128153,9923.583853028,CACHE_MISS,2026-09-05T00:13:46.783875Z
1cd90b26-6846-43b4-9119-04ac3eb6a5f8,run1_rep1,F,OPEN,OPEN,request,NONE,MISS,0.05254200004856102,0.7134169991331873,INFO,adaptador.request,false,fallido,0.5524160005734302,9923.643181403,9923.643842278,9923.643128861,9923.643733819,CACHE_MISS,2026-09-05T00:13:46.843742Z
45ee44bf-b612-443b-93dd-a255e23a8c66,run1_rep1,F,OPEN,OPEN,request,NONE,MISS,0.05875000169908162,2.249250001113978,INFO,adaptador.request,false,fallido,2.082040999084711,9923.72643032,9923.72862082,9923.72637157,9923.728512361,CACHE_MISS,2026-09-05T00:13:46.928924Z
f056421b-26d7-4822-9346-0b13663c8363,run1_rep1,F,OPEN,OPEN,request,NONE,MISS,0.025334000383736566,1.8277090002811747,INFO,adaptador.request,false,fallido,1.7313329990429338,9923.727244195,9923.72904657,9923.727218861,9923.728975528,CACHE_MISS,2026-09-05T00:13:46.929766Z
20b29443-d04a-4eb9-aaf6-193613a6085c,run1_rep1,F,OPEN,OPEN,request,NONE,MISS,0.03345799996168353,1.4439169990509981,INFO,adaptador.request,false,fallido,1.3528340004995698,9923.728330361,9923.72974082,9923.728296903,9923.729683195,CACHE_MISS,2026-09-05T00:13:46.930078Z
c4ab43b8-7d8c-49f5-9fd7-aa5d5592365a,run1_rep1,F,OPEN,OPEN,request,NONE,MISS,0.05220800085226074,1.2232919998496072,INFO,adaptador.request,false,fallido,1.0745839990704553,9923.787782736,9923.78895382,9923.787730528,9923.78885732,CACHE_MISS,2026-09-05T00:13:46.989129Z
78153bf0-a953-4e20-a2d6-8127270b0c97,run1_rep1,F,OPEN,OPEN,request,NONE,MISS,0.02325000059499871,1.0092500015161932,INFO,adaptador.request,false,fallido,0.931417000174406,9923.788264903,9923.789250903,9923.788241653,9923.78919632,CACHE_MISS,2026-09-05T00:13:46.989467Z
9e1a4cc1-4a5e-4852-8b2d-da4760263928,run1_rep1,F,OPEN,OPEN,request,NONE,MISS,0.05879200034542009,1.599167000676971,INFO,adaptador.request,false,fallido,1.4209580003807787,9923.842571653,9923.844112028,9923.842512861,9923.843992611,CACHE_MISS,2026-09-05T00:13:47.044027Z
1048038d-51b4-418d-9fed-3a75d5b48da0,run1_rep1,F,OPEN,OPEN,request,NONE,MISS,0.02179200055252295,1.7006250000122236,INFO,adaptador.request,false,fallido,1.6331250008079223,9923.843300695,9923.844979528,9923.843278903,9923.84493382,CACHE_MISS,2026-09-05T00:13:47.045323Z
9f103168-2eef-40eb-ad05-b4cfec54bb19,run1_rep1,F,OPEN,OPEN,request,NONE,MISS,0.033959000575123355,1.4304590004030615,INFO,adaptador.request,false,fallido,1.3412499993137317,9923.84387432,9923.84527082,9923.843840361,9923.84521557,CACHE_MISS,2026-09-05T00:13:47.045577Z
0441771b-dbdb-419f-9056-b1066464e4b7,run1_rep1,F,OPEN,OPEN,request,NONE,MISS,0.059750000218627974,1.2825419998989673,INFO,adaptador.request,false,fallido,1.0858339992410038,9923.940214611,9923.941437403,9923.940154861,9923.941300445,CACHE_MISS,2026-09-05T00:13:47.141353Z
f6ac3b6a-cc44-45db-b2f5-5ac1469b46d7,run1_rep1,F,OPEN,OPEN,request,NONE,MISS,0.04387500121083576,0.5972090002615005,INFO,adaptador.request,false,fallido,0.4132089998165611,9923.943536111,9923.944089445,9923.943492236,9923.94394932,CACHE_MISS,2026-09-05T00:13:47.144024Z
9322b2b3-1966-4799-825c-eb3cef41a2b0,run1_rep1,F,OPEN,OPEN,request,NONE,MISS,0.04783300028066151,1.1138750014652032,INFO,adaptador.request,false,fallido,0.9724999999889405,9924.025747028,9924.02681307,9924.025699195,9924.026719528,CACHE_MISS,2026-09-05T00:13:47.226946Z
aa18cf73-b62d-4a60-a881-5da40254d287,run1_rep1,F,OPEN,OPEN,request,NONE,MISS,0.020625000615837052,0.8456249997834675,INFO,adaptador.request,false,fallido,0.7781669992255047,9924.026253611,9924.027078611,9924.026232986,9924.027031778,CACHE_MISS,2026-09-05T00:13:47.227209Z
23c2d25b-0f47-4f8f-bcfa-61972839d9d7,run1_rep1,F,OPEN,OPEN,request,NONE,MISS,0.022666999939247034,0.7642500004294561,INFO,adaptador.request,false,fallido,0.6895830010762438,9924.045591445,9924.046333028,9924.045568778,9924.046281028,CACHE_MISS,2026-09-05T00:13:47.246191Z
6ed44359-36ea-4551-8f3c-333eebddd8a5,run1_rep1,F,OPEN,OPEN,request,NONE,MISS,0.029625000024680048,0.9843749994615791,INFO,adaptador.request,false,fallido,0.864249999722233,9924.045093028,9924.046047778,9924.045063403,9924.045957278,CACHE_MISS,2026-09-05T00:13:47.246458Z
23d09be8-87cd-4a30-b20d-0f8ac74c01ce,run1_rep1,F,OPEN,OPEN,request,NONE,MISS,0.02016700091189705,0.42020799992315006,INFO,adaptador.request,false,fallido,0.332207999235834,9924.052395695,9924.052795736,9924.052375528,9924.052727903,CACHE_MISS,2026-09-05T00:13:47.252734Z
2b5ce3b9-4bf7-436d-ab82-0eecadbf3330,run1_rep1,F,OPEN,OPEN,request,NONE,MISS,0.017624999600229785,0.40104099934978876,INFO,adaptador.request,false,fallido,0.3092910010309424,9924.055085945,9924.055469361,9924.05506832,9924.055395236,CACHE_MISS,2026-09-05T00:13:47.255365Z
5de0ed97-e495-4a79-928a-69b5f68e0177,run1_rep1,F,OPEN,OPEN,request,NONE,MISS,0.04720799915958196,0.7287499993253732,INFO,adaptador.request,false,fallido,0.5895840004086494,9924.112267486,9924.112949028,9924.112220278,9924.11285707,CACHE_MISS,2026-09-05T00:13:47.312848Z
2deb7210-9913-42ea-a2b2-ceef41aa2461,run1_rep1,F,OPEN,OPEN,request,NONE,MISS,0.038374999348889105,0.7715840001765173,INFO,adaptador.request,false,fallido,0.6091250015742844,9924.178086236,9924.178819445,9924.178047861,9924.178695361,CACHE_MISS,2026-09-05T00:13:47.378727Z
5e56c3e0-c7d2-4c2e-8153-e9c83d44543c,run1_rep1,F,OPEN,OPEN,request,NONE,MISS,0.04012499994132668,0.6095000007917406,INFO,adaptador.request,false,fallido,0.481999999465188,9924.201211111,9924.201780486,9924.201170986,9924.201693111,CACHE_MISS,2026-09-05T00:13:47.401658Z
fc067472-91ff-46ba-803f-3f1d0ec88b22,run1_rep1,F,OPEN,OPEN,request,NONE,MISS,0.027709000278264284,0.5213749991526129,INFO,adaptador.request,false,fallido,0.4391250004118774,9924.215862445,9924.216356111,9924.215834736,9924.21630157,CACHE_MISS,2026-09-05T00:13:47.416218Z
14a3b02d-4523-43f7-bdc0-d9d1347e135e,run1_rep1,F,OPEN,OPEN,request,NONE,MISS,0.021833000573678873,0.9074579993466614,INFO,adaptador.request,false,fallido,0.8154589995683637,9924.222881236,9924.223766861,9924.222859403,9924.223696695,CACHE_MISS,2026-09-05T00:13:47.423919Z
c40374fe-1fc5-4566-9833-6fc44f9c6409,run1_rep1,F,OPEN,OPEN,request,NONE,MISS,0.015125000572879799,0.7857920008973451,INFO,adaptador.request,false,fallido,0.7217080001282739,9924.223266403,9924.22403707,9924.223251278,9924.223988111,CACHE_MISS,2026-09-05T00:13:47.424199Z
3c0f5399-3080-4227-8878-98e3eae9a6b8,run1_rep1,F,OPEN,OPEN,request,NONE,MISS,0.023374999727820978,0.4670830003306037,INFO,adaptador.request,false,fallido,0.3710830005729804,9924.24639232,9924.246836028,9924.246368945,9924.246763403,CACHE_MISS,2026-09-05T00:13:47.446699Z
8227cfbf-3cba-4c8a-80ad-8abae5d0f093,run1_rep1,F,OPEN,OPEN,request,NONE,MISS,0.014082999769016169,0.707499999407446,INFO,adaptador.request,false,fallido,0.6469589989137603,9924.250935361,9924.251628778,9924.250921278,9924.25158232,CACHE_MISS,2026-09-05T00:13:47.451483Z
6a94cec7-69eb-48b9-9b52-eb7b909585cf,run1_rep1,F,OPEN,OPEN,request,NONE,MISS,0.019416998839005828,0.3749999996216502,INFO,adaptador.request,false,fallido,0.31237500115821604,9924.294431153,9924.294786736,9924.294411736,9924.294743528,CACHE_MISS,2026-09-05T00:13:47.494644Z
027029be-c3f1-450a-b323-7598c787d767,run1_rep1,F,OPEN,OPEN,request,NONE,MISS,0.05079199945612345,1.5211250010906952,INFO,adaptador.request,false,fallido,1.3389160012593493,9924.379079362,9924.380549695,9924.37902857,9924.380418278,CACHE_MISS,2026-09-05T00:13:47.580849Z
13f768a1-4367-463c-8692-92b4fdf30fcf,run1_rep1,F,OPEN,OPEN,request,NONE,MISS,0.030540999432560056,1.2158329991507344,INFO,adaptador.request,false,fallido,1.1234590001549805,9924.379714653,9924.380899945,9924.379684112,9924.380838112,CACHE_MISS,2026-09-05T00:13:47.581343Z
963c9198-0a07-460c-af45-fd90f2e88519,run1_rep1,F,OPEN,OPEN,request,NONE,MISS,0.02579200008767657,0.6575419993168907,INFO,adaptador.request,false,fallido,0.5756249993282836,9924.38368307,9924.38431482,9924.383657278,9924.384258695,CACHE_MISS,2026-09-05T00:13:47.584203Z
9ca66f95-573a-4271-a4ec-814b0dc34848,run1_rep1,F,OPEN,OPEN,request,NONE,MISS,0.055541999245178886,0.7270829992194194,INFO,adaptador.request,false,fallido,0.5814159994770307,9924.461999612,9924.462671153,9924.46194407,9924.462581028,CACHE_MISS,2026-09-05T00:13:47.662568Z
29d32f7e-0778-410c-b90a-e5bba12f2a18,run1_rep1,F,OPEN,OPEN,request,NONE,MISS,0.05012499968870543,0.790166999649955,INFO,adaptador.request,false,fallido,0.6431669989979127,9924.491541403,9924.492281445,9924.491491278,9924.49218457,CACHE_MISS,2026-09-05T00:13:47.692161Z
258d9b82-f38c-4a27-9f9b-73e095014609,run1_rep1,F,OPEN,OPEN,request,NONE,MISS,0.061499998992076144,1.3780839999526506,INFO,adaptador.request,false,fallido,1.2212500005261973,9924.625234153,9924.626550737,9924.625172653,9924.626455403,CACHE_MISS,2026-09-05T00:13:47.826665Z
ecfde9dd-b40f-479e-90c8-91025f435159,run1_rep1,F,OPEN,OPEN,request,NONE,MISS,0.02470800063747447,0.9744580002006842,INFO,adaptador.request,false,fallido,0.903374999325024,9924.625835945,9924.626785695,9924.625811237,9924.62673932,CACHE_MISS,2026-09-05T00:13:47.826977Z
9087f1af-f579-4a9a-9806-dd80a70e6e0f,run1_rep1,F,OPEN,OPEN,request,NONE,MISS,0.05020900061936118,0.9024170012708055,INFO,adaptador.request,false,fallido,0.6595409995497903,9924.650735612,9924.65158782,9924.650685403,9924.651395153,CACHE_MISS,2026-09-05T00:13:47.851520Z
9e97ea26-89ac-41ab-9f1d-7bfe9ff381a6,run1_rep1,F,OPEN,OPEN,request,NONE,MISS,0.036458000977290794,0.6267920016398421,INFO,adaptador.request,false,fallido,0.5014590005885111,9924.690338528,9924.690928862,9924.69030207,9924.690839987,CACHE_MISS,2026-09-05T00:13:47.890838Z
ffab4033-a215-4b0d-811b-16278bb017aa,run1_rep1,F,OPEN,OPEN,request,NONE,MISS,0.023791999410605058,1.0135000011359807,INFO,adaptador.request,false,fallido,0.9357920007460052,9924.70060207,9924.701591778,9924.700578278,9924.701537862,CACHE_MISS,2026-09-05T00:13:47.901445Z
8e00d920-646e-4e01-98e7-25fcdc53f22a,run1_rep1,F,OPEN,OPEN,request,NONE,MISS,0.01741599953675177,1.5837079990888014,INFO,adaptador.request,false,fallido,1.530375000584172,9924.700935403,9924.702501695,9924.700917987,9924.702465778,CACHE_MISS,2026-09-05T00:13:47.902575Z
4095b480-03a6-4afe-996c-69c6711748c6,run1_rep1,F,OPEN,OPEN,request,NONE,MISS,0.010707999535952695,1.2008749999949941,INFO,adaptador.request,false,fallido,1.154417001089314,9924.701488403,9924.70267857,9924.701477695,9924.70264282,CACHE_MISS,2026-09-05T00:13:47.902994Z
ed6a468f-317c-4a8a-92c6-98184bd6b351,run1_rep1,F,OPEN,OPEN,request,NONE,MISS,0.05500000042957254,0.7672079991607461,INFO,adaptador.request,false,fallido,0.6114579991844948,9924.775511862,9924.77622407,9924.775456862,9924.77612332,CACHE_MISS,2026-09-05T00:13:47.976121Z
270d555f-8779-4b66-973d-f8e2449c0033,run1_rep1,F,OPEN,OPEN,request,NONE,MISS,0.03641599869297352,0.5792909996671369,INFO,adaptador.request,false,fallido,0.43633400127873756,9924.786252028,9924.786794903,9924.786215612,9924.786688362,CACHE_MISS,2026-09-05T00:13:47.986688Z
2a6f9f46-dd06-45fc-81b4-fa71eeb91f5b,run1_rep1,F,OPEN,OPEN,request,NONE,MISS,0.04837500091525726,0.8196250000764849,INFO,adaptador.request,false,fallido,0.6462910005211597,9924.843444987,9924.844216237,9924.843396612,9924.844091278,CACHE_MISS,2026-09-05T00:13:48.044125Z
434d2363-8a33-4216-b0ae-714e164cc4d4,run1_rep1,F,OPEN,OPEN,request,NONE,MISS,0.07199999890872277,0.9046249997481937,INFO,adaptador.request,false,fallido,0.6872080011817161,9924.904223237,9924.905055862,9924.904151237,9924.904910445,CACHE_MISS,2026-09-05T00:13:48.104963Z
2a0ab303-0ca0-4c08-9202-f79fef52d0c2,run1_rep1,F,OPEN,OPEN,request,NONE,MISS,0.0285420010186499,0.5305000013322569,INFO,adaptador.request,false,fallido,0.4338750004535541,9924.911812987,9924.912314945,9924.911784445,9924.912246862,CACHE_MISS,2026-09-05T00:13:48.112184Z
a952537b-f1c3-4681-ae7d-2b394c3d251d,run1_rep1,F,OPEN,OPEN,request,NONE,MISS,0.026499999876250513,0.5403329996624961,INFO,adaptador.request,false,fallido,0.4403750008350471,9924.91670382,9924.917217653,9924.91667732,9924.917144195,CACHE_MISS,2026-09-05T00:13:48.117097Z
9b0870a0-6768-48ee-9410-c5f289c767e5,run1_rep1,F,OPEN,OPEN,request,NONE,MISS,0.035041999581153505,0.5490839994308772,INFO,adaptador.request,false,fallido,0.4457499999261927,9924.95942132,9924.959935362,9924.959386278,9924.95986707,CACHE_MISS,2026-09-05T00:13:48.159819Z
1b8a4530-0484-441e-b7cf-5514ab241947,run1_rep1,F,OPEN,OPEN,request,NONE,MISS,0.02033400051004719,0.42779199975484516,INFO,adaptador.request,false,fallido,0.3480830000626156,9924.964782612,9924.96519007,9924.964762278,9924.965130695,CACHE_MISS,2026-09-05T00:13:48.165056Z
9f7dbed1-0a07-45c4-bd0c-b914a60c8564,run1_rep1,F,OPEN,OPEN,request,NONE,MISS,0.01566700120747555,0.40491700019629207,INFO,adaptador.request,false,fallido,0.3367909994267393,9924.991790112,9924.992179362,9924.991774445,9924.992126903,CACHE_MISS,2026-09-05T00:13:48.192040Z
ddaca905-e3df-40ad-b065-45e93641f094,run1_rep1,F,OPEN,OPEN,request,NONE,MISS,0.049541999032953754,1.06824999966193,INFO,adaptador.request,false,fallido,0.9691250015748665,9925.050690862,9925.05170957,9925.05064132,9925.051659987,CACHE_MISS,2026-09-05T00:13:48.251590Z
a9a4ad3c-d859-438a-a193-f5df9b4b732c,run1_rep1,F,OPEN,OPEN,request,NONE,MISS,0.023333001081482507,0.7534160013165092,INFO,adaptador.request,false,fallido,0.6705830001010327,9925.05155557,9925.052285653,9925.051532237,9925.052226153,CACHE_MISS,2026-09-05T00:13:48.252339Z
93418ec5-68a6-4b95-94e2-c5edaada40f7,run1_rep1,F,OPEN,OPEN,request,NONE,MISS,0.034790999052347615,0.7147910000639968,INFO,adaptador.request,false,fallido,0.5793340005766368,9925.123076695,9925.123756695,9925.123041904,9925.123656029,CACHE_MISS,2026-09-05T00:13:48.323663Z
5c623bf0-d6c8-45f2-88f0-09b946dca1f2,run1_rep1,F,OPEN,OPEN,request,NONE,MISS,0.058957999499398284,0.7069999992381781,INFO,adaptador.request,false,fallido,0.5383329989854246,9925.158236612,9925.158884654,9925.158177654,9925.158774945,CACHE_MISS,2026-09-05T00:13:48.358790Z
386c985e-fa90-4a78-9681-b4621c97139f,run1_rep1,F,OPEN,OPEN,request,NONE,MISS,0.04974999865225982,0.8974169995781267,INFO,adaptador.request,false,fallido,0.7016670006123604,9925.177247237,9925.178094904,9925.177197487,9925.177948904,CACHE_MISS,2026-09-05T00:13:48.378059Z
6859e29b-74d5-40ea-8554-b45e3155c63d,run1_rep1,F,OPEN,OPEN,request,NONE,MISS,0.04850000004807953,0.6638340000790777,INFO,adaptador.request,false,fallido,0.533874999746331,9925.18826882,9925.188884154,9925.18822032,9925.188802695,CACHE_MISS,2026-09-05T00:13:48.388771Z
c7a7e33d-7cfa-4fc2-8f17-79cdd3e5be06,run1_rep1,F,OPEN,OPEN,request,NONE,MISS,0.05224999949859921,0.7605829996464308,INFO,adaptador.request,false,fallido,0.6249999987630872,9925.216753237,9925.21746157,9925.216700987,9925.217378237,CACHE_MISS,2026-09-05T00:13:48.417356Z
8b7f0acf-8a55-49bf-968a-79b2e3d38f2c,run1_rep1,F,OPEN,OPEN,request,NONE,MISS,0.04016700040665455,0.5982090006000362,INFO,adaptador.request,false,fallido,0.48475000039616134,9925.271145612,9925.271703654,9925.271105445,9925.271630362,CACHE_MISS,2026-09-05T00:13:48.471609Z
c2964562-2fd0-41e9-a8a9-c9759aabaee8,run1_rep1,F,OPEN,OPEN,request,NONE,MISS,0.02220799979113508,0.4751249998662388,INFO,adaptador.request,false,fallido,0.39324999852397013,9925.27623307,9925.276685987,9925.276210862,9925.27662632,CACHE_MISS,2026-09-05T00:13:48.476570Z
5dc74c4a-061d-4c5e-b5c9-fc30856b17f2,run1_rep1,F,OPEN,OPEN,request,NONE,MISS,0.0519580007676268,0.824042001113412,INFO,adaptador.request,false,fallido,0.671583999064751,9925.32075382,9925.321525904,9925.320701862,9925.321425404,CACHE_MISS,2026-09-05T00:13:48.521428Z
ddf501eb-de16-477d-8bb7-5b88e7e40a15,run1_rep1,F,OPEN,OPEN,request,NONE,MISS,0.05420799971034285,1.286082999286009,INFO,adaptador.request,false,fallido,1.1130420007248176,9925.382979987,9925.384211862,9925.382925779,9925.384093029,CACHE_MISS,2026-09-05T00:13:48.584112Z
cf913657-129d-4b9d-8b9d-aed835a59f0e,run1_rep1,F,OPEN,OPEN,request,NONE,MISS,0.06316700091701932,0.9405420005350607,INFO,adaptador.request,false,fallido,0.7585000003018649,9925.436627904,9925.437505279,9925.436564737,9925.437386404,CACHE_MISS,2026-09-05T00:13:48.637412Z
521e9a8a-a582-4328-9600-b672c3194053,run1_rep1,F,OPEN,OPEN,request,NONE,MISS,0.03570800072338898,0.818417000118643,INFO,adaptador.request,false,fallido,0.6892090004839702,9925.43982607,9925.440608779,9925.439790362,9925.440515279,CACHE_MISS,2026-09-05T00:13:48.640503Z
d0467dc4-4e86-4187-85ca-59aec98a1ccc,run1_rep1,F,OPEN,OPEN,request,NONE,MISS,0.046208999265218154,0.7357089998549782,INFO,adaptador.request,false,fallido,0.5845409996254602,9925.479351029,9925.480040529,9925.47930482,9925.47993557,CACHE_MISS,2026-09-05T00:13:48.679926Z
dbe3522b-3133-4923-b936-07bb7ba7e4a2,run1_rep1,F,OPEN,OPEN,request,NONE,MISS,0.03749999996216502,0.5769999988842756,INFO,adaptador.request,false,fallido,0.46295900028781034,9925.500809695,9925.501349195,9925.500772195,9925.501272654,CACHE_MISS,2026-09-05T00:13:48.701223Z
8b045d12-f220-4dfb-906a-c49003937824,run1_rep1,F,OPEN,OPEN,request,NONE,MISS,0.04345799970906228,0.7207919989014044,INFO,adaptador.request,false,fallido,0.5622499993478414,9925.538394445,9925.539071779,9925.538350987,9925.538956695,CACHE_MISS,2026-09-05T00:13:48.738966Z
3f3cd31d-9fd6-47c7-8e54-41641979e137,run1_rep1,F,OPEN,OPEN,request,NONE,MISS,0.033165999411721714,0.6543750005221227,INFO,adaptador.request,false,fallido,0.55337500089081,9925.54470782,9925.545329029,9925.544674654,9925.545261195,CACHE_MISS,2026-09-05T00:13:48.745198Z
0f7f2797-12d8-4ab3-a3ba-b73010bde986,run1_rep1,F,OPEN,OPEN,request,NONE,MISS,0.030166998840286396,0.5414169991126982,INFO,adaptador.request,false,fallido,0.4410420006024651,9925.559667487,9925.560178737,9925.55963732,9925.560108529,CACHE_MISS,2026-09-05T00:13:48.760041Z
76ab8238-571e-4e35-acae-f502ef94e88c,run1_rep1,F,OPEN,OPEN,request,NONE,MISS,0.050874999942607246,0.7832920000510057,INFO,adaptador.request,false,fallido,0.599417000557878,9925.660382237,9925.661114654,9925.660331362,9925.660981654,CACHE_MISS,2026-09-05T00:13:48.861021Z
56f8b60d-f052-4959-808d-acf8ab555d25,run1_rep1,F,OPEN,OPEN,request,NONE,MISS,0.020625000615837052,0.6972909995965892,INFO,adaptador.request,false,fallido,0.616082999840728,9925.661825654,9925.66250232,9925.661805029,9925.662441737,CACHE_MISS,2026-09-05T00:13:48.862377Z
4dfbdb78-b3ca-4a09-a134-f9ee2a885726,run1_rep1,F,OPEN,OPEN,request,NONE,MISS,0.041166998926200904,1.0308330001862487,INFO,adaptador.request,false,fallido,0.9047500007000053,9925.692476404,9925.69346607,9925.692435237,9925.693381154,CACHE_MISS,2026-09-05T00:13:48.893351Z
28429a41-eae0-439d-a2a8-b71ae2b51ca2,run1_rep1,F,OPEN,OPEN,request,NONE,MISS,0.04279200038581621,0.6854170005681226,INFO,adaptador.request,false,fallido,0.5697910000890261,9925.702222529,9925.702865154,9925.702179737,9925.70279232,CACHE_MISS,2026-09-05T00:13:48.902755Z
fd3d3e75-286e-4c6c-bab7-81310a5aa4c9,run1_rep1,F,OPEN,OPEN,request,NONE,MISS,0.03487499998300336,0.5412500013335375,INFO,adaptador.request,false,fallido,0.43795900091936346,9925.71738807,9925.717894445,9925.717353195,9925.717826029,CACHE_MISS,2026-09-05T00:13:48.917764Z
69e21286-49b9-4654-b4ed-4227d293652b,run1_rep1,F,OPEN,OPEN,request,NONE,MISS,0.066459000663599,1.1070840009779204,INFO,adaptador.request,false,fallido,0.8818749993224628,9925.785149071,9925.786189696,9925.785082612,9925.786030946,CACHE_MISS,2026-09-05T00:13:48.986078Z
7b858ce6-7319-4a20-908f-927c89bcfaa2,run1_rep1,F,OPEN,OPEN,request,NONE,MISS,0.057375000324100256,0.9157919994322583,INFO,adaptador.request,false,fallido,0.7187920000433223,9925.843947862,9925.844806279,9925.843890487,9925.844666654,CACHE_MISS,2026-09-05T00:13:49.044741Z
136c77b0-8785-4d3a-ba7c-2bc40bb314ba,run1_rep1,F,OPEN,OPEN,request,NONE,MISS,0.058957999499398284,1.9644579988380428,INFO,adaptador.request,false,fallido,1.6269999996438855,9925.887789904,9925.889695404,9925.887730946,9925.889416904,CACHE_MISS,2026-09-05T00:13:49.089679Z
23baa8ae-ec55-478c-83d5-9f598b1b78ce,run1_rep1,F,OPEN,OPEN,request,NONE,MISS,0.04229200021654833,1.4457090001087636,INFO,adaptador.request,false,fallido,1.330041999608511,9925.889283279,9925.890686696,9925.889240987,9925.890613321,CACHE_MISS,2026-09-05T00:13:49.090566Z
cea0e29b-a509-443f-8863-0e9a95a5ef29,run1_rep1,F,OPEN,OPEN,request,NONE,MISS,0.06954099990252871,1.2569160007842584,INFO,adaptador.request,false,fallido,1.0085419999086298,9926.003051987,9926.004239362,9926.002982446,9926.004060529,CACHE_MISS,2026-09-05T00:13:49.204190Z
8ae10adb-3edf-4d3b-b228-8ab45275a9af,run1_rep1,F,OPEN,OPEN,request,NONE,MISS,0.036249999538995326,1.5226249997795094,INFO,adaptador.request,false,fallido,1.4164580006763572,9926.004992821,9926.006479196,9926.004956571,9926.006409279,CACHE_MISS,2026-09-05T00:13:49.206368Z
c4c1c484-e483-4c02-8c64-be2a5262ccd2,run1_rep1,F,OPEN,OPEN,request,NONE,MISS,0.02183299875468947,2.3486659993068315,INFO,adaptador.request,false,fallido,2.2472500004369067,9926.006149279,9926.008476112,9926.006127446,9926.008396529,CACHE_MISS,2026-09-05T00:13:49.208452Z
9cde8af4-daf8-4bf7-92e0-7eeb3980e0e8,run1_rep1,F,OPEN,OPEN,request,NONE,MISS,0.03095800093433354,0.4864170005021151,INFO,adaptador.request,false,fallido,0.38533399856532924,9926.024375987,9926.024831446,9926.024345029,9926.024761321,CACHE_MISS,2026-09-05T00:13:49.224726Z
817bbc08-69ab-4fae-99a5-b51eb64d6b78,run1_rep1,F,OPEN,OPEN,request,NONE,MISS,0.05354200038709678,0.8295839998027077,INFO,adaptador.request,false,fallido,0.6678329991700593,9926.055983779,9926.056759821,9926.055930237,9926.056651612,CACHE_MISS,2026-09-05T00:13:49.256650Z
ab1ac6e3-9c90-4cd3-9f52-5469beaffbce,run1_rep1,F,OPEN,OPEN,request,NONE,MISS,0.0278329989669146,0.46920800014049746,INFO,adaptador.request,false,fallido,0.3831249996437691,9926.070856404,9926.071297779,9926.070828571,9926.071239529,CACHE_MISS,2026-09-05T00:13:49.271155Z
b14a84b1-fcb5-48a1-ace5-1757054f0869,run1_rep1,F,OPEN,OPEN,request,NONE,MISS,0.054291000196826644,0.8945000008679926,INFO,adaptador.request,false,fallido,0.7232090010802494,9926.135098862,9926.135939071,9926.135044571,9926.135822071,CACHE_MISS,2026-09-05T00:13:49.335865Z
79796b3a-abda-4ec0-a122-98cce68e1d46,run1_rep1,F,OPEN,OPEN,request,NONE,MISS,0.07679200098209549,0.8766669998294674,INFO,adaptador.request,false,fallido,0.69041599999764,9926.212063196,9926.212863071,9926.211986404,9926.212753612,CACHE_MISS,2026-09-05T00:13:49.412771Z
6f14e478-40da-4e95-bc5e-47563aa3e6d4,run1_rep1,F,OPEN,OPEN,request,NONE,MISS,0.03920800008927472,0.6284999999479624,INFO,adaptador.request,false,fallido,0.502417000461719,9926.223874279,9926.224463571,9926.223835071,9926.224376696,CACHE_MISS,2026-09-05T00:13:49.424341Z
d58cbf9e-d471-404c-b44c-df2afa4ed8ba,run1_rep1,F,OPEN,OPEN,request,NONE,MISS,0.05487500129675027,0.7727920001343591,INFO,adaptador.request,false,fallido,0.6127090000518365,9926.272167237,9926.272885154,9926.272112362,9926.272779946,CACHE_MISS,2026-09-05T00:13:49.472775Z
04a4f367-273e-42e8-a992-d1bfbf6e16ee,run1_rep1,F,OPEN,OPEN,request,NONE,MISS,0.02270900040457491,1.17195900020306,INFO,adaptador.request,false,fallido,1.108040998587967,9926.329100946,9926.330250196,9926.329078237,9926.330208987,CACHE_MISS,2026-09-05T00:13:49.530104Z
a156de3e-9772-43bf-a38e-917175ca12cc,run1_rep1,F,OPEN,OPEN,request,NONE,MISS,0.051791999794659205,1.3870420007151552,INFO,adaptador.request,false,fallido,1.2237920000188751,9926.328614904,9926.329950154,9926.328563112,9926.329838696,CACHE_MISS,2026-09-05T00:13:49.530384Z
50bf3c8e-bb6e-4da3-b93b-f331ff38a26b,run1_rep1,F,OPEN,OPEN,request,NONE,MISS,0.030749999496038072,0.5810839993500849,INFO,adaptador.request,false,fallido,0.4710419998446014,9926.341305987,9926.341856321,9926.341275237,9926.341777029,CACHE_MISS,2026-09-05T00:13:49.541731Z
6c455004-acc2-4a68-8c2c-59cabf7e3714,run1_rep1,F,OPEN,OPEN,request,NONE,MISS,0.05608299943560269,0.894791999598965,INFO,adaptador.request,false,fallido,0.7203750010376098,9926.390680112,9926.391518821,9926.390624029,9926.391400487,CACHE_MISS,2026-09-05T00:13:49.591414Z
0bbd7ec4-fb04-46bb-a65a-35b150e409b7,run1_rep1,F,OPEN,OPEN,request,NONE,MISS,0.07579199882457033,0.8814169996185228,INFO,adaptador.request,false,fallido,0.7010000008449424,9926.433026071,9926.433831696,9926.432950279,9926.433727071,CACHE_MISS,2026-09-05T00:13:49.633704Z
c4af54a3-fddc-434a-8651-954160ab6b79,run1_rep1,F,OPEN,OPEN,request,NONE,MISS,0.07287500011443626,1.1686660000123084,INFO,adaptador.request,false,fallido,1.000874999590451,9926.457023696,9926.458119487,9926.456950821,9926.458024571,CACHE_MISS,2026-09-05T00:13:49.658008Z
07c349c3-a40a-4d85-a8f0-933338832e6a,run1_rep1,F,OPEN,OPEN,request,NONE,MISS,0.023624999812454917,0.8280000001832377,INFO,adaptador.request,false,fallido,0.7623749988852069,9926.457895321,9926.458699696,9926.457871696,9926.458657696,CACHE_MISS,2026-09-05T00:13:49.658712Z
23249fa8-3ace-45ac-b6e1-d55902d1702b,run1_rep1,F,OPEN,OPEN,request,NONE,MISS,0.029333999918890186,0.5259169993223622,INFO,adaptador.request,false,fallido,0.42154100083280355,9926.480220988,9926.480717571,9926.480191654,9926.480642529,CACHE_MISS,2026-09-05T00:13:49.680573Z
8ea3fdca-c11f-40f5-b258-f18da4d6e237,run1_rep1,F,OPEN,OPEN,request,NONE,MISS,0.020416999177541584,0.4196249992673984,INFO,adaptador.request,false,fallido,0.3465830013738014,9926.561460738,9926.561859946,9926.561440321,9926.561807321,CACHE_MISS,2026-09-05T00:13:49.761708Z
e3c9c0ba-fc0b-483d-8ad2-54e2885d8918,run1_rep1,F,OPEN,OPEN,request,NONE,MISS,0.020625000615837052,0.3767079997487599,INFO,adaptador.request,false,fallido,0.30499999957100954,9926.583201363,9926.583557446,9926.583180738,9926.583506363,CACHE_MISS,2026-09-05T00:13:49.783408Z
b22b0993-845b-46f2-a2ed-8a7365a6bc94,run1_rep1,F,OPEN,OPEN,request,NONE,MISS,0.02433400004520081,0.5383339994295966,INFO,adaptador.request,false,fallido,0.4330829997343244,9926.587510988,9926.588024988,9926.587486654,9926.587944071,CACHE_MISS,2026-09-05T00:13:49.787888Z
2c941b5b-8e05-43a6-ba65-a33678276e01,run1_rep1,F,OPEN,OPEN,request,NONE,MISS,0.019958000848419033,0.35408300027484074,INFO,adaptador.request,false,fallido,0.28479200045694597,9926.607994779,9926.608328904,9926.607974821,9926.608279571,CACHE_MISS,2026-09-05T00:13:49.808174Z
6ec7c57a-08bc-43c6-aa84-4c46476aa24e,run1_rep1,F,OPEN,OPEN,request,NONE,MISS,0.06912499884492718,0.8322499998030253,INFO,adaptador.request,false,fallido,0.6788339997001458,9926.659031779,9926.659794904,9926.658962654,9926.659710613,CACHE_MISS,2026-09-05T00:13:49.859670Z
3e2e5c0d-bbd5-4703-922c-46b3da04a9b7,run1_rep1,F,OPEN,OPEN,request,NONE,MISS,0.022792000891058706,0.4318330011301441,INFO,adaptador.request,false,fallido,0.3522909992170753,9926.673214488,9926.673623529,9926.673191696,9926.673566779,CACHE_MISS,2026-09-05T00:13:49.873482Z
5a615d4c-d43e-4ab9-96ae-326139b17f38,run1_rep1,F,OPEN,OPEN,request,NONE,MISS,0.03762500091397669,0.7009580003796145,INFO,adaptador.request,false,fallido,0.5645830005960306,9926.704693071,9926.705356404,9926.704655446,9926.705257654,CACHE_MISS,2026-09-05T00:13:49.905262Z
2d8b7a78-4a7c-4a13-ab2a-af192bbfb2d5,run1_rep1,F,OPEN,OPEN,request,NONE,MISS,0.02141599907190539,0.5152499998075655,INFO,adaptador.request,false,fallido,0.40866700146580115,9926.712042279,9926.712536113,9926.712020863,9926.712450946,CACHE_MISS,2026-09-05T00:13:49.912410Z
9dd87f43-cb93-4f4b-8b0b-f808b8b06b4c,run1_rep1,F,OPEN,OPEN,request,NONE,MISS,0.0569160001759883,0.8344160014530644,INFO,adaptador.request,false,fallido,0.6699170007777866,9926.762700279,9926.763477779,9926.762643363,9926.763370196,CACHE_MISS,2026-09-05T00:13:49.963374Z
3123f55f-75d4-4020-a337-39f61416a59b,run1_rep1,F,OPEN,OPEN,request,NONE,MISS,0.050874999942607246,0.706374999936088,INFO,adaptador.request,false,fallido,0.5652919990097871,9926.784577446,9926.785232946,9926.784526571,9926.785142738,CACHE_MISS,2026-09-05T00:13:49.985118Z
80ea7980-0de6-448d-a186-d958a8309436,run1_rep1,F,OPEN,OPEN,request,NONE,MISS,0.05270800102152862,1.2062080004398013,INFO,adaptador.request,false,fallido,1.0657919992809184,9926.859552571,9926.860706071,9926.859499863,9926.860618363,CACHE_MISS,2026-09-05T00:13:50.060874Z
afc4c523-97b5-49b7-b0eb-ee195f54ba97,run1_rep1,F,OPEN,OPEN,request,NONE,MISS,0.02033300006587524,0.8902080007828772,INFO,adaptador.request,false,fallido,0.8089580005616881,9926.860089196,9926.860959071,9926.860068863,9926.860898154,CACHE_MISS,2026-09-05T00:13:50.061164Z
678f85a5-d131-441f-9834-e7d070d11047,run1_rep1,F,OPEN,OPEN,request,NONE,MISS,0.05983300070511177,0.9940830004779855,INFO,adaptador.request,false,fallido,0.7970829992700601,9926.909748946,9926.910683196,9926.909689113,9926.910546029,CACHE_MISS,2026-09-05T00:13:50.110592Z
334f77e0-f5a8-4215-a163-4627935c51e1,run1_rep1,F,OPEN,OPEN,request,NONE,MISS,0.0323330004903255,0.6493330001831055,INFO,adaptador.request,false,fallido,0.5365840006561484,9926.915061279,9926.915678279,9926.915028946,9926.915597863,CACHE_MISS,2026-09-05T00:13:50.115568Z
f651c25c-9b24-44af-aba7-9958c7755d24,run1_rep1,F,OPEN,OPEN,request,NONE,MISS,0.05095799861010164,0.5844579991389764,INFO,adaptador.request,false,fallido,0.4560840006888611,9926.930047654,9926.930581154,9926.929996696,9926.930503738,CACHE_MISS,2026-09-05T00:13:50.130447Z
75fc58bc-f126-43ca-9b81-faab9310a2ed,run1_rep1,F,OPEN,OPEN,request,NONE,MISS,0.03937499968742486,0.5005000002711313,INFO,adaptador.request,false,fallido,0.3965420000895392,9926.946036279,9926.946497404,9926.945996904,9926.946432821,CACHE_MISS,2026-09-05T00:13:50.146364Z
5f0c276b-73c2-48b3-8188-f6b694f2c413,run1_rep1,F,OPEN,OPEN,request,NONE,MISS,0.02995799877680838,0.5272079997666879,INFO,adaptador.request,false,fallido,0.4338750004535541,9926.991708946,9926.992206196,9926.991678988,9926.992142821,CACHE_MISS,2026-09-05T00:13:50.192070Z
48d15f32-ebd1-4f7b-83c5-e0f7695c9f68,run1_rep1,F,OPEN,OPEN,request,NONE,MISS,0.027042000510846265,0.5258330002106959,INFO,adaptador.request,false,fallido,0.42266599848517217,9926.997712488,9926.998211279,9926.997685446,9926.998135154,CACHE_MISS,2026-09-05T00:13:50.198089Z
e2e21edf-d433-4447-83bc-42fc7e79a62b,run1_rep1,F,OPEN,OPEN,request,NONE,MISS,0.025332999939564615,0.7711250000284053,INFO,adaptador.request,false,fallido,0.6979579993640073,9927.061147196,9927.061892988,9927.061121863,9927.061845154,CACHE_MISS,2026-09-05T00:13:50.261755Z
457b44a2-5ab4-4ff0-a6f0-6267c72eacac,run1_rep1,F,OPEN,OPEN,request,NONE,MISS,0.05733299985877238,1.3492920006683562,INFO,adaptador.request,false,fallido,1.1876670014316915,9927.060356654,9927.061648613,9927.060299321,9927.061544321,CACHE_MISS,2026-09-05T00:13:50.262057Z
f683b09d-3a4b-4a0b-a276-1548e2c719dd,run1_rep1,F,OPEN,OPEN,request,NONE,MISS,0.04675000127463136,0.7385410008282633,INFO,adaptador.request,false,fallido,0.6040829994162777,9927.069818988,9927.070510779,9927.069772238,9927.070423071,CACHE_MISS,2026-09-05T00:13:50.270400Z
56e2f154-6282-46f1-8a69-78dfc5d3a2fa,run1_rep1,F,OPEN,OPEN,request,NONE,MISS,0.022792000891058706,0.5045420002716128,INFO,adaptador.request,false,fallido,0.3864999998768326,9927.072138321,9927.072620071,9927.072115529,9927.072524821,CACHE_MISS,2026-09-05T00:13:50.272488Z
fc526023-9933-4d8a-9345-2bf445acc139,run1_rep1,F,OPEN,OPEN,request,NONE,MISS,0.038875001337146387,0.7080420000420418,INFO,adaptador.request,false,fallido,0.5605419992207317,9927.215629238,9927.216298405,9927.215590363,9927.21618978,CACHE_MISS,2026-09-05T00:13:50.416206Z
cafb02ca-0d08-4ce2-be20-0fc5567ac6ab,run1_rep1,F,OPEN,OPEN,request,NONE,MISS,0.040499999158782884,1.1091249998571584,INFO,adaptador.request,false,fallido,0.9214580004481832,9927.238276863,9927.239345488,9927.238236363,9927.239198321,CACHE_MISS,2026-09-05T00:13:50.439246Z
e1139800-5729-494f-a2bb-86c319184c32,run1_rep1,F,OPEN,OPEN,request,NONE,MISS,0.02445800055284053,0.5563750000874279,INFO,adaptador.request,false,fallido,0.34470799982955214,9927.241558488,9927.242090405,9927.24153403,9927.241903196,CACHE_MISS,2026-09-05T00:13:50.442097Z
675b4317-797c-404e-83ac-ade1c4ade9a9,run1_rep1,F,OPEN,OPEN,request,NONE,MISS,0.05104200135974679,0.9033330006786855,INFO,adaptador.request,false,fallido,0.6990000001678709,9927.29821828,9927.299070571,9927.298167238,9927.29891728,CACHE_MISS,2026-09-05T00:13:50.498983Z
e86a36c1-71f3-43ba-a93b-dffa95881ae1,run1_rep1,F,OPEN,OPEN,request,NONE,MISS,0.04804199852515012,1.2115829995309468,INFO,adaptador.request,false,fallido,1.0556659999565454,9927.34248353,9927.343647071,9927.342435488,9927.343539196,CACHE_MISS,2026-09-05T00:13:50.543561Z
a738f83f-514c-487d-816a-e7d82591f708,run1_rep1,F,OPEN,OPEN,request,NONE,MISS,0.0262079993262887,1.0092079992318759,INFO,adaptador.request,false,fallido,0.9250840012100525,9927.343387321,9927.344370321,9927.343361113,9927.344312405,CACHE_MISS,2026-09-05T00:13:50.544404Z
7560ecb9-45a6-4862-bdf4-f52f24b0bb46,run1_rep1,F,OPEN,OPEN,request,NONE,MISS,0.034124999729101546,0.5620409992843634,INFO,adaptador.request,false,fallido,0.4538329994829837,9927.34764028,9927.348168196,9927.347606155,9927.348094113,CACHE_MISS,2026-09-05T00:13:50.548056Z
9b0c88a3-ddcf-4f34-a569-9d311d9b4ab8,run1_rep1,F,OPEN,OPEN,request,NONE,MISS,0.039125001421780325,0.8555830008845078,INFO,adaptador.request,false,fallido,0.7522910000261618,9927.35609753,9927.356913988,9927.356058405,9927.356849821,CACHE_MISS,2026-09-05T00:13:50.556792Z
0771416a-22d2-484c-923b-86155c0bc22f,run1_rep1,F,OPEN,OPEN,request,NONE,MISS,0.020957999367965385,0.9216250000463333,INFO,adaptador.request,false,fallido,0.8432499998889398,9927.356725488,9927.357626155,9927.35670453,9927.357568738,CACHE_MISS,2026-09-05T00:13:50.557692Z
cd34951f-c898-48d1-964f-25460b4c28c9,run1_rep1,F,OPEN,OPEN,request,NONE,MISS,0.025332999939564615,0.4759580006066244,INFO,adaptador.request,false,fallido,0.36445899968384765,9927.383581196,9927.384031821,9927.383555863,9927.383945655,CACHE_MISS,2026-09-05T00:13:50.583917Z
11951fa6-b64d-46b9-b571-e24276e4f83e,run1_rep1,F,OPEN,OPEN,request,NONE,MISS,0.036833000194747,0.8242920011980459,INFO,adaptador.request,false,fallido,0.6660840008407831,9927.441462821,9927.44225028,9927.441425988,9927.442128905,CACHE_MISS,2026-09-05T00:13:50.642143Z
4c8cc89d-2250-4735-b95e-bcf4823d475b,run1_rep1,F,OPEN,OPEN,request,NONE,MISS,0.05416600106400438,0.8046250004554167,INFO,adaptador.request,false,fallido,0.6579589989996748,9927.482120446,9927.482870905,9927.48206628,9927.482778405,CACHE_MISS,2026-09-05T00:13:50.682740Z
206b8ffd-987c-4cd7-9f06-fb7a9fbbcb08,run1_rep1,F,OPEN,OPEN,request,NONE,MISS,0.05179100116947666,0.8428750006714836,INFO,adaptador.request,false,fallido,0.6502919986814959,9927.536851946,9927.53764303,9927.536800155,9927.537502238,CACHE_MISS,2026-09-05T00:13:50.737571Z
da2e2c47-1f81-4c21-b8b9-a60b961c437e,run1_rep1,F,OPEN,OPEN,request,NONE,MISS,0.04425000042829197,1.045541999701527,INFO,adaptador.request,false,fallido,0.9066669990716036,9927.561942738,9927.56294403,9927.561898488,9927.562849405,CACHE_MISS,2026-09-05T00:13:50.762848Z
e4b8067e-19da-4e4d-b797-326b5d11e149,run1_rep1,F,OPEN,OPEN,request,NONE,MISS,0.019375000192667358,0.8771659995545633,INFO,adaptador.request,false,fallido,0.8010829988052137,9927.56273103,9927.563588821,9927.562711655,9927.563532113,CACHE_MISS,2026-09-05T00:13:50.763620Z
27dbffb6-bbde-4dc2-a874-3d33414ed674,run1_rep1,F,OPEN,OPEN,request,NONE,MISS,0.020250001398380846,0.3892500008078059,INFO,adaptador.request,false,fallido,0.31691599906480405,9927.56945803,9927.56982703,9927.56943778,9927.569774946,CACHE_MISS,2026-09-05T00:13:50.769707Z
14a51441-b824-4957-b207-5d3e0e22498a,run1_rep1,F,OPEN,OPEN,request,NONE,MISS,0.02787500125123188,0.9999579997383989,INFO,adaptador.request,false,fallido,0.9005829997477122,9927.588675405,9927.589647488,9927.58864753,9927.589575988,CACHE_MISS,2026-09-05T00:13:50.789788Z
bf6f4f5c-11e6-44c6-89cc-ae1b29fd0b75,run1_rep1,F,OPEN,OPEN,request,NONE,MISS,0.014374998499988578,0.7859170000301674,INFO,adaptador.request,false,fallido,0.7165830011217622,9927.589131988,9927.58990353,9927.589117613,9927.589848571,CACHE_MISS,2026-09-05T00:13:50.790111Z
96c8b0ac-9a74-4e86-9d4b-c762d0bc4b68,run1_rep1,F,OPEN,OPEN,request,NONE,MISS,0.0245829996856628,0.5375410000851844,INFO,adaptador.request,false,fallido,0.45008300003246404,9927.602765863,9927.603278821,9927.60274128,9927.603215946,CACHE_MISS,2026-09-05T00:13:50.803144Z
02cf74b5-d3f3-4f34-ac12-462f9563926e,run1_rep1,F,OPEN,OPEN,request,NONE,MISS,0.020750001567648724,0.4087080014869571,INFO,adaptador.request,false,fallido,0.332874999003252,9927.622929155,9927.623317113,9927.622908405,9927.62326203,CACHE_MISS,2026-09-05T00:13:50.823173Z
0d83620e-9525-4110-901b-1154e2145792,run1_rep1,F,OPEN,OPEN,request,NONE,MISS,0.05716699888580479,1.0797079994517844,INFO,adaptador.request,false,fallido,0.9335830000054557,9927.70881753,9927.709840071,9927.708760363,9927.709751113,CACHE_MISS,2026-09-05T00:13:50.909948Z
f5949454-4b2f-499b-bccd-fd07e5bcd560,run1_rep1,F,OPEN,OPEN,request,NONE,MISS,0.017624999600229785,0.8395830009249039,INFO,adaptador.request,false,fallido,0.7837080011086073,9927.709260405,9927.710082363,9927.70924278,9927.710044113,CACHE_MISS,2026-09-05T00:13:50.910414Z
659cca7b-616d-4659-9847-3f7b5ad3c398,run1_rep1,F,OPEN,OPEN,request,NONE,MISS,0.021249999917927198,0.6507920006697532,INFO,adaptador.request,false,fallido,0.5459170006361092,9927.803538863,9927.804168405,9927.803517613,9927.80408478,CACHE_MISS,2026-09-05T00:13:51.004273Z
0730de37-9a97-402d-9c9f-60dd79db40cd,run1_rep1,F,OPEN,OPEN,request,NONE,MISS,0.04816699947696179,1.445791998776258,INFO,adaptador.request,false,fallido,1.35233299988613,9927.80299853,9927.804396155,9927.802950363,9927.804350863,CACHE_MISS,2026-09-05T00:13:51.004565Z
6c871980-6d68-4368-96ea-943e9069f237,run1_rep1,F,OPEN,OPEN,request,NONE,MISS,0.04454199915926438,0.6068749989935895,INFO,adaptador.request,false,fallido,0.48666700058674905,9927.836135988,9927.836698321,9927.836091446,9927.836622655,CACHE_MISS,2026-09-05T00:13:51.036577Z
40cc1ea7-5d3e-4cc8-87ce-7e9f9dd984b0,run1_rep1,F,OPEN,OPEN,request,NONE,MISS,0.06391600072674919,0.9126250006374903,INFO,adaptador.request,false,fallido,0.7157919990277151,9927.909679488,9927.910528197,9927.909615572,9927.91039528,CACHE_MISS,2026-09-05T00:13:51.110432Z
94c05e3d-99ed-48b1-9ba7-80f010973cca,run1_rep1,F,OPEN,OPEN,request,NONE,MISS,0.026333998903282918,0.6265840002015466,INFO,adaptador.request,false,fallido,0.5342910008039325,9927.911608072,9927.912208322,9927.911581738,9927.912142363,CACHE_MISS,2026-09-05T00:13:51.112079Z
de9082af-9051-4d9a-9c01-0641d6ea2bc4,run1_rep1,F,OPEN,OPEN,request,NONE,MISS,0.03304099845991004,0.559499998416868,INFO,adaptador.request,false,fallido,0.4496670007938519,9927.923825363,9927.924351822,9927.923792322,9927.92427503,CACHE_MISS,2026-09-05T00:13:51.124244Z
39f59af8-52c8-4293-b43c-8d27f45234ae,run1_rep1,F,OPEN,OPEN,request,NONE,MISS,0.020375000531203113,0.4057500009366777,INFO,adaptador.request,false,fallido,0.3187080001225695,9927.941271697,9927.941657072,9927.941251322,9927.941590405,CACHE_MISS,2026-09-05T00:13:51.141541Z
8360d235-84ab-48c6-8a4e-2c6e5fc8762e,run1_rep1,F,OPEN,OPEN,request,NONE,MISS,0.03708300027938094,0.704542000676156,INFO,adaptador.request,false,fallido,0.5332920009095687,9928.008485363,9928.009152822,9928.00844828,9928.009018655,CACHE_MISS,2026-09-05T00:13:51.209066Z
a075933c-832f-4c63-a8cc-992b291edb96,run1_rep1,F,OPEN,OPEN,request,NONE,MISS,0.04320900006860029,0.7097500001691515,INFO,adaptador.request,false,fallido,0.5782080006611068,9928.022096822,9928.022763363,9928.022053613,9928.02267503,CACHE_MISS,2026-09-05T00:13:51.222636Z
8dd2259d-9427-432c-b1a8-dfb6f785a06e,run1_rep1,F,OPEN,OPEN,request,NONE,MISS,0.07091699990269262,0.9012919999804581,INFO,adaptador.request,false,fallido,0.6927909998921677,9928.105069447,9928.105899822,9928.10499853,9928.105762238,CACHE_MISS,2026-09-05T00:13:51.305831Z
41c29d19-1dff-4701-af11-e74e278473a2,run1_rep1,F,OPEN,OPEN,request,NONE,MISS,0.02445800055284053,0.5040420001023449,INFO,adaptador.request,false,fallido,0.39795900011085905,9928.109629363,9928.110108947,9928.109604905,9928.110027322,CACHE_MISS,2026-09-05T00:13:51.310003Z
a4bda935-96f2-4dca-b4e4-2c676d8015f7,run1_rep1,F,OPEN,OPEN,request,NONE,MISS,0.047125000492087565,1.0546249995968537,INFO,adaptador.request,false,fallido,0.9121669991145609,9928.177486155,9928.178493655,9928.17743903,9928.178398322,CACHE_MISS,2026-09-05T00:13:51.378383Z
0813bee1-da63-4c13-975b-699f5bb307b1,run1_rep1,F,OPEN,OPEN,request,NONE,MISS,0.026499999876250513,0.7909169999038568,INFO,adaptador.request,false,fallido,0.6974999996600673,9928.178281238,9928.179045655,9928.178254738,9928.178978738,CACHE_MISS,2026-09-05T00:13:51.379087Z
aaec3fa7-864f-4ecd-88b9-a10a05fc09a3,run1_rep1,F,OPEN,OPEN,request,NONE,MISS,0.07666700003028382,0.7427920008922229,INFO,adaptador.request,false,fallido,0.5692909999197582,9928.214043322,9928.214709447,9928.213966655,9928.214612613,CACHE_MISS,2026-09-05T00:13:51.414597Z
ff526b78-d465-44b4-b27c-e9a727a59c36,run1_rep1,F,OPEN,OPEN,request,NONE,MISS,0.04866699964622967,0.7191670010797679,INFO,adaptador.request,false,fallido,0.5683750005118782,9928.229318572,9928.229989072,9928.229269905,9928.229886947,CACHE_MISS,2026-09-05T00:13:51.429900Z
80cfdadf-ed04-4da9-b808-c476c63ddb22,run1_rep1,F,OPEN,OPEN,request,NONE,MISS,0.039000000469968654,0.5710830009775236,INFO,adaptador.request,false,fallido,0.4458330004126765,9928.26141153,9928.261943613,9928.26137253,9928.261857363,CACHE_MISS,2026-09-05T00:13:51.461848Z
b9ff8db1-f926-451e-8d51-f7067c17d1d9,run1_rep1,F,OPEN,OPEN,request,NONE,MISS,0.033999998777289875,0.6446669995057164,INFO,adaptador.request,false,fallido,0.48579200120002497,9928.306444155,9928.307054822,9928.306410155,9928.306929947,CACHE_MISS,2026-09-05T00:13:51.506978Z
0c9a6305-3ee3-403d-a6d3-7ea723dab3fd,run1_rep1,F,OPEN,OPEN,request,NONE,MISS,0.05270799920253921,0.8581669990235241,INFO,adaptador.request,false,fallido,0.6984170013311086,9928.346335113,9928.347140572,9928.346282405,9928.34703353,CACHE_MISS,2026-09-05T00:13:51.547040Z
061c09ff-9141-458d-b790-0b5892d27b3a,run1_rep1,F,OPEN,OPEN,request,NONE,MISS,0.050459000703995116,0.7256669996422715,INFO,adaptador.request,false,fallido,0.5851659989275504,9928.369890447,9928.370565655,9928.369839988,9928.370475613,CACHE_MISS,2026-09-05T00:13:51.570448Z
3d0fb174-6681-407a-ad82-3bef9059fe86,run1_rep1,F,OPEN,OPEN,request,NONE,MISS,0.029542001357185654,0.5527920002350584,INFO,adaptador.request,false,fallido,0.4478329992707586,9928.378109822,9928.378633072,9928.37808028,9928.378557655,CACHE_MISS,2026-09-05T00:13:51.578513Z
901fec55-d686-426f-9016-0ea5db2c8ce4,run1_rep1,F,OPEN,OPEN,request,NONE,MISS,0.019208999219699763,0.3949589990952518,INFO,adaptador.request,false,fallido,0.30554099976143334,9928.385060322,9928.385436072,9928.385041113,9928.385365863,CACHE_MISS,2026-09-05T00:13:51.585326Z
d128f35a-fd27-4eeb-97e6-d12b3cbf93f6,run1_rep1,F,OPEN,OPEN,request,NONE,MISS,0.021042000298621133,0.40595800055598374,INFO,adaptador.request,false,fallido,0.32554099925619084,9928.393335072,9928.393719988,9928.39331403,9928.393660613,CACHE_MISS,2026-09-05T00:13:51.593601Z
41b8adef-3b6c-4a9d-9ee0-bdd817fa8ffd,run1_rep1,F,OPEN,OPEN,request,NONE,MISS,0.04924999848299194,1.0168339995288989,INFO,adaptador.request,false,fallido,0.8652500000607688,9928.458685863,9928.459653447,9928.458636613,9928.459551113,CACHE_MISS,2026-09-05T00:13:51.659551Z
9325b377-dc0d-4803-9245-d0874a03ef39,run1_rep1,F,OPEN,OPEN,request,NONE,MISS,0.05129199962539133,0.8477920000586892,INFO,adaptador.request,false,fallido,0.7012919995759148,9928.523411655,9928.524208155,9928.523360363,9928.524112947,CACHE_MISS,2026-09-05T00:13:51.724085Z
84f098b8-e541-49fa-821a-4aff186a303d,run1_rep1,F,OPEN,OPEN,request,NONE,MISS,0.059208001403021626,0.8272080012829974,INFO,adaptador.request,false,fallido,0.6616249993385281,9928.54498428,9928.54575228,9928.544925072,9928.545645905,CACHE_MISS,2026-09-05T00:13:51.745639Z
6bf2c560-bcfa-48b1-935e-20ec4b30d78a,run1_rep1,F,OPEN,OPEN,request,NONE,MISS,0.02562500048952643,0.4464169996936107,INFO,adaptador.request,false,fallido,0.3581669989216607,9928.565250072,9928.565670864,9928.565224447,9928.565608239,CACHE_MISS,2026-09-05T00:13:51.765534Z
642a7319-aedf-4c32-bed8-466422a7cb79,run1_rep1,F,OPEN,OPEN,request,NONE,MISS,0.015375000657513738,0.36720800017064903,INFO,adaptador.request,false,fallido,0.2961250011139782,9928.571466697,9928.57181853,9928.571451322,9928.571762822,CACHE_MISS,2026-09-05T00:13:51.771683Z
a4056706-8414-495b-b833-8e88d25e5f85,run1_rep1,F,OPEN,OPEN,request,NONE,MISS,0.07416599873977248,1.5425410001626005,INFO,adaptador.request,false,fallido,1.3590840007964289,9928.64907328,9928.650541655,9928.648999114,9928.650432364,CACHE_MISS,2026-09-05T00:13:51.850696Z
db36cdf0-9de0-4021-9a28-718968f655b0,run1_rep1,F,OPEN,OPEN,request,NONE,MISS,0.02883300112443976,0.9577910004736623,INFO,adaptador.request,false,fallido,0.8804169992799871,9928.649892822,9928.65082178,9928.649863989,9928.650773239,CACHE_MISS,2026-09-05T00:13:51.851038Z
59016159-ac6a-4927-a85b-8ade01746d80,run1_rep1,F,OPEN,OPEN,request,NONE,MISS,0.053124998885323294,0.8846249984344468,INFO,adaptador.request,false,fallido,0.7120000009308569,9928.707514864,9928.708346364,9928.707461739,9928.708226864,CACHE_MISS,2026-09-05T00:13:51.908250Z
c9add307-e664-447c-a96d-3e42ce50de07,run1_rep1,F,OPEN,OPEN,request,NONE,MISS,0.055374999647028744,1.082083999790484,INFO,adaptador.request,false,fallido,0.9377919996040873,9928.72846428,9928.729490989,9928.728408905,9928.729402072,CACHE_MISS,2026-09-05T00:13:51.929630Z
caecf248-6097-4103-94de-075be97a4b3a,run1_rep1,F,OPEN,OPEN,request,NONE,MISS,0.015834000805625692,0.8662920008646324,INFO,adaptador.request,false,fallido,0.7967080000526039,9928.728891864,9928.729742322,9928.72887603,9928.729688572,CACHE_MISS,2026-09-05T00:13:51.929919Z
a7a9a66a-5982-4304-bc33-d6fe00da3a88,run1_rep1,F,OPEN,OPEN,request,NONE,MISS,0.02683300044736825,0.4670830003306037,INFO,adaptador.request,false,fallido,0.36654200084740296,9928.739748155,9928.740188405,9928.739721322,9928.740114697,CACHE_MISS,2026-09-05T00:13:51.940075Z
cde0e384-d53d-4da7-b956-b399b6a8a557,run1_rep1,F,OPEN,OPEN,request,NONE,MISS,0.056999999287654646,0.8139590008795494,INFO,adaptador.request,false,fallido,0.6552920003741747,9928.82310778,9928.823864739,9928.82305078,9928.823763072,CACHE_MISS,2026-09-05T00:13:52.023753Z
ed66d046-bc92-4870-a3be-795a48f4b0d1,run1_rep1,F,OPEN,OPEN,request,NONE,MISS,0.055500000598840415,1.3124590004736092,INFO,adaptador.request,false,fallido,1.132667001002119,9928.868724405,9928.869981364,9928.868668905,9928.869857072,CACHE_MISS,2026-09-05T00:13:52.069912Z
24441063-f790-4159-97d8-859ffe71c860,run1_rep1,F,OPEN,OPEN,request,NONE,MISS,0.03895800000464078,1.1708749989338685,INFO,adaptador.request,false,fallido,1.008916999126086,9928.898728447,9928.899860364,9928.898689489,9928.899737364,CACHE_MISS,2026-09-05T00:13:52.099763Z
345c5dd7-6e11-4a63-bf36-2c27fe3efd79,run1_rep1,F,OPEN,OPEN,request,NONE,MISS,0.01904099917737767,1.089290999516379,INFO,adaptador.request,false,fallido,0.9865840002021287,9928.899639655,9928.900709905,9928.899620614,9928.900626239,CACHE_MISS,2026-09-05T00:13:52.100778Z
9dca57af-3e26-4c38-b7a2-fe57678ca6b1,run1_rep1,F,OPEN,OPEN,request,NONE,MISS,0.06879200009279884,0.9070830001292052,INFO,adaptador.request,false,fallido,0.7007499989413191,9928.989198989,9928.99003728,9928.989130197,9928.989899739,CACHE_MISS,2026-09-05T00:13:52.189945Z
a0e91bf4-5395-4b56-8c0c-1c55d1776683,run1_rep1,F,OPEN,OPEN,request,NONE,MISS,0.041000001147040166,0.620791000983445,INFO,adaptador.request,false,fallido,0.5005829989386257,9928.997224114,9928.997803905,9928.997183114,9928.997724697,CACHE_MISS,2026-09-05T00:13:52.197678Z
0da19c0b-4aa1-470b-8d84-284e96613896,run1_rep1,F,OPEN,OPEN,request,NONE,MISS,0.0542090001545148,1.2259590002940968,INFO,adaptador.request,false,fallido,1.088875000277767,9929.021582989,9929.022754739,9929.02152878,9929.022671864,CACHE_MISS,2026-09-05T00:13:52.222866Z
6fb870e4-9066-48fc-80ba-57af963490f4,run1_rep1,F,OPEN,OPEN,request,NONE,MISS,0.0279159994533984,0.9749159999046242,INFO,adaptador.request,false,fallido,0.9129169993684627,9929.022047155,9929.022994155,9929.022019239,9929.022960072,CACHE_MISS,2026-09-05T00:13:52.223284Z
004931c7-102d-49af-98aa-f7bbfe09d1ba,run1_rep1,F,OPEN,OPEN,request,NONE,MISS,0.030249999326770194,0.7990419999259757,INFO,adaptador.request,false,fallido,0.5735419999837177,9929.049815072,9929.050583864,9929.049784822,9929.050388614,CACHE_MISS,2026-09-05T00:13:52.250463Z
52691d5d-03b6-40ad-a19a-2785e209ca3c,run1_rep1,F,OPEN,OPEN,request,NONE,MISS,0.06829199992353097,0.8026249997783452,INFO,adaptador.request,false,fallido,0.6356659996527014,9929.171731864,9929.172466197,9929.171663572,9929.17236753,CACHE_MISS,2026-09-05T00:13:52.372365Z
043963fa-3bcb-4bc3-bb4a-7b6607b049fe,run1_rep1,F,OPEN,OPEN,request,NONE,MISS,0.04037500002596062,0.6634589990426321,INFO,adaptador.request,false,fallido,0.5363339987525251,9929.19276628,9929.193389364,9929.192725905,9929.193302614,CACHE_MISS,2026-09-05T00:13:52.393278Z
15b8c480-4a91-4e28-98af-26b25dff1bad,run1_rep1,F,OPEN,OPEN,request,NONE,MISS,0.0474579992442159,0.8259999995061662,INFO,adaptador.request,false,fallido,0.6754999994882382,9929.198460197,9929.199238739,9929.198412739,9929.199135697,CACHE_MISS,2026-09-05T00:13:52.399173Z
94a3fd7e-f88d-4b28-b86f-4d71bfc5c481,run1_rep1,F,OPEN,OPEN,request,NONE,MISS,0.020790999769815244,0.4220410010020714,INFO,adaptador.request,false,fallido,0.33429200084356125,9929.202231905,9929.202633155,9929.202211114,9929.202566197,CACHE_MISS,2026-09-05T00:13:52.402516Z
0d196c05-0e2c-47f0-a02e-97412a629c23,run1_rep1,F,OPEN,OPEN,request,NONE,MISS,0.03458299943304155,0.6457910003518919,INFO,adaptador.request,false,fallido,0.5203750006330665,9929.285587739,9929.286198947,9929.285553156,9929.286108114,CACHE_MISS,2026-09-05T00:13:52.486105Z
140a0aea-6fe2-485c-82b1-ee8ebf29e666,run1_rep1,F,OPEN,OPEN,request,NONE,MISS,0.05583299935096875,1.2462909999158,INFO,adaptador.request,false,fallido,1.0784580008476041,9929.332679239,9929.333869697,9929.332623406,9929.333757697,CACHE_MISS,2026-09-05T00:13:52.533786Z
85ee53f1-15cd-4b72-a557-1ebc7dd05397,run1_rep1,F,OPEN,OPEN,request,NONE,MISS,0.03099999958067201,1.2274170003365725,INFO,adaptador.request,false,fallido,1.1325420000503073,9929.333677739,9929.334874156,9929.333646739,9929.334810281,CACHE_MISS,2026-09-05T00:13:52.534775Z
7eb6e125-cc9a-4ea6-b378-6cada90d74ba,run1_rep1,F,OPEN,OPEN,request,NONE,MISS,0.045541999497800134,0.8326250008394709,INFO,adaptador.request,false,fallido,0.6781250012863893,9929.354918156,9929.355705239,9929.354872614,9929.355596281,CACHE_MISS,2026-09-05T00:13:52.555593Z
be27e0af-45c4-4ccf-8552-54e1a26bc3c4,run1_rep1,F,OPEN,OPEN,request,NONE,MISS,0.052332999985083006,0.8337920007761568,INFO,adaptador.request,false,fallido,0.6879590000608005,9929.406957197,9929.407738656,9929.406904864,9929.407645156,CACHE_MISS,2026-09-05T00:13:52.607619Z
0f598daf-55d8-401b-a007-0c8a1a9b626f,run1_rep1,F,OPEN,OPEN,request,NONE,MISS,0.036833000194747,0.6735410006513121,INFO,adaptador.request,false,fallido,0.5645000001095468,9929.413303989,9929.413940697,9929.413267156,9929.413868489,CACHE_MISS,2026-09-05T00:13:52.613833Z
30cf4aae-c780-4332-816c-3098ac65c1d6,run1_rep1,F,OPEN,OPEN,request,NONE,MISS,0.02858399966498837,0.4749999989144271,INFO,adaptador.request,false,fallido,0.38583300010941457,9929.419226156,9929.419672572,9929.419197572,9929.419611989,CACHE_MISS,2026-09-05T00:13:52.619544Z
9eb48a78-fd42-496a-aa06-e26a010984c3,run1_rep1,F,OPEN,OPEN,request,NONE,MISS,0.020665998818003573,0.41887499901349656,INFO,adaptador.request,false,fallido,0.3218750007363269,9929.425460322,9929.425858531,9929.425439656,9929.425782197,CACHE_MISS,2026-09-05T00:13:52.625767Z
60ae506a-43c9-4ca4-b02a-b7bc5c3235f4,run1_rep1,F,OPEN,OPEN,request,NONE,MISS,0.021334000848582946,0.4524590003711637,INFO,adaptador.request,false,fallido,0.3574580005079042,9929.464803281,9929.465234406,9929.464781947,9929.465160739,CACHE_MISS,2026-09-05T00:13:52.665125Z
294cec2f-290c-42db-872e-2f4eb5dbe6ef,run1_rep1,F,OPEN,OPEN,request,NONE,MISS,0.057875000493368134,0.8809170012682443,INFO,adaptador.request,false,fallido,0.7170419994508848,9929.503720572,9929.504543614,9929.503662697,9929.504437614,CACHE_MISS,2026-09-05T00:13:52.704430Z
0120d5fd-894d-4787-b794-1b54d36d5d0d,run1_rep1,F,OPEN,OPEN,request,NONE,MISS,0.03545800063875504,0.5127500007802155,INFO,adaptador.request,false,fallido,0.41966699973272625,9929.506025864,9929.506503156,9929.505990406,9929.506445531,CACHE_MISS,2026-09-05T00:13:52.706375Z
331d4156-b0eb-4054-aa6a-583f7f7cd4a8,run1_rep1,F,OPEN,OPEN,request,NONE,MISS,0.0575419999222504,0.8835419994284166,INFO,adaptador.request,false,fallido,0.699624999469961,9929.592639031,9929.593465031,9929.592581489,9929.593338656,CACHE_MISS,2026-09-05T00:13:52.793384Z
223be9d5-ba6d-4080-becd-8d71bfd3fc07,run1_rep1,F,OPEN,OPEN,request,NONE,MISS,0.05541599966818467,0.6680829992546933,INFO,adaptador.request,false,fallido,0.5237089990259847,9929.621041197,9929.621653864,9929.620985781,9929.621564906,CACHE_MISS,2026-09-05T00:13:52.821539Z
37ed48e8-917f-415e-9b14-c4a21a9a9a36,run1_rep1,F,OPEN,OPEN,request,NONE,MISS,0.02112500078510493,0.40300000000570435,INFO,adaptador.request,false,fallido,0.3189170001860475,9929.643136822,9929.643518697,9929.643115697,9929.643455739,CACHE_MISS,2026-09-05T00:13:52.843388Z
eb3e8577-0b76-4fae-883f-06b6892b09d9,run1_rep1,F,OPEN,OPEN,request,NONE,MISS,0.021874999220017344,0.3862079993268708,INFO,adaptador.request,false,fallido,0.3073330008191988,9929.653541156,9929.653905489,9929.653519281,9929.653848489,CACHE_MISS,2026-09-05T00:13:52.853766Z
69594b9f-9c77-46a8-b4a4-53df023b76f6,run1_rep1,F,OPEN,OPEN,request,NONE,MISS,0.0501670001540333,0.8243749998655403,INFO,adaptador.request,false,fallido,0.6472080003732117,9929.728316614,9929.729090822,9929.728266447,9929.728963822,CACHE_MISS,2026-09-05T00:13:52.929003Z
bef9731c-eddb-4cbb-8d0a-b5803ff49151,run1_rep1,F,OPEN,OPEN,request,NONE,MISS,0.07687499964958988,1.0491249995538965,INFO,adaptador.request,false,fallido,0.8221660009439802,9929.780219781,9929.781192031,9929.780142906,9929.781041947,CACHE_MISS,2026-09-05T00:13:52.981100Z
e4fe24e4-d0af-4505-b63d-5fb1bd248cf6,run1_rep1,F,OPEN,OPEN,request,NONE,MISS,0.02354199932597112,0.48099999912665226,INFO,adaptador.request,false,fallido,0.3693329999805428,9929.784626989,9929.785084447,9929.784603447,9929.784996322,CACHE_MISS,2026-09-05T00:13:52.984966Z
42f87c1e-6367-48a5-ae7d-a71880e6cd20,run1_rep1,F,OPEN,OPEN,request,NONE,MISS,0.020166999092907645,0.3761249990930082,INFO,adaptador.request,false,fallido,0.2965830008179182,9929.799307864,9929.799663822,9929.799287697,9929.799604447,CACHE_MISS,2026-09-05T00:13:52.999533Z
7788cbc5-bbad-4355-b5da-bc48f42c4767,run1_rep1,F,OPEN,OPEN,request,NONE,MISS,0.049917000069399364,0.8765419988776557,INFO,adaptador.request,false,fallido,0.678999998854124,9929.841526406,9929.842353031,9929.841476489,9929.842205406,CACHE_MISS,2026-09-05T00:13:53.042261Z
55487fca-4acb-4ee7-ab1c-3139b59ea30c,run1_rep1,F,OPEN,OPEN,request,NONE,MISS,0.05237499863142148,0.8167500000126893,INFO,adaptador.request,false,fallido,0.6615420006710337,9929.866400697,9929.867165072,9929.866348322,9929.867062239,CACHE_MISS,2026-09-05T00:13:53.067050Z
0dabdb6b-2af1-44e6-9228-c7154d9ba4a6,run1_rep1,F,OPEN,OPEN,request,NONE,MISS,0.031624998882762156,0.6367499991029035,INFO,adaptador.request,false,fallido,0.5064169999968726,9929.881475822,9929.882080947,9929.881444197,9929.881982239,CACHE_MISS,2026-09-05T00:13:53.081964Z
ad8c3a48-1df6-4e14-be0a-75fab2e8584f,run1_rep1,F,OPEN,OPEN,request,NONE,MISS,0.03033400025742594,0.5551249996642582,INFO,adaptador.request,false,fallido,0.44979099948250223,9929.923416156,9929.923940947,9929.923385822,9929.923865947,CACHE_MISS,2026-09-05T00:13:53.123846Z
5e3275d5-38de-46c2-816d-14a806a9aa10,run1_rep1,F,OPEN,OPEN,request,NONE,MISS,0.04799999987881165,0.6087499987188494,INFO,adaptador.request,false,fallido,0.49500000022817403,9929.929975822,9929.930536572,9929.929927822,9929.930470822,CACHE_MISS,2026-09-05T00:13:53.130396Z
fc5edb8b-c705-4c53-a3d5-a57b8cae8a83,run1_rep1,F,OPEN,OPEN,request,NONE,MISS,0.037042000258225016,0.42658399979700334,INFO,adaptador.request,false,fallido,0.33591699866519775,9929.997021781,9929.997411323,9929.996984739,9929.997357698,CACHE_MISS,2026-09-05T00:13:53.197271Z
f6a928d2-427f-4112-9343-4667ef7947ed,run1_rep1,F,OPEN,OPEN,request,NONE,MISS,0.014540999472956173,0.31329099874710664,INFO,adaptador.request,false,fallido,0.25254200045310427,9930.001860114,9930.002158864,9930.001845573,9930.002112656,CACHE_MISS,2026-09-05T00:13:53.202013Z
7c1f2c8c-8be5-4f21-a1e3-d363ecf17787,run1_rep1,F,OPEN,OPEN,request,NONE,MISS,0.020917001165798865,0.38254200080700684,INFO,adaptador.request,false,fallido,0.30366699866135605,9930.058449656,9930.058811281,9930.058428739,9930.058753323,CACHE_MISS,2026-09-05T00:13:53.258672Z
af7fcd62-590a-47fd-b5c7-1e016c353889,run1_rep1,F,OPEN,OPEN,request,NONE,MISS,0.03045799894607626,0.4957919991284143,INFO,adaptador.request,false,fallido,0.4028750008728821,9930.113873489,9930.114338823,9930.113843031,9930.114276364,CACHE_MISS,2026-09-05T00:13:53.314218Z
3debe1ef-c24a-42dd-a2b7-4ed4515af182,run1_rep1,F,OPEN,OPEN,request,NONE,MISS,0.016666999727021903,0.40291699951922055,INFO,adaptador.request,false,fallido,0.32987499980663415,9930.116427531,9930.116813781,9930.116410864,9930.116757406,CACHE_MISS,2026-09-05T00:13:53.316676Z
b5540457-382f-4e8f-9bf3-a33088cc446b,run1_rep1,F,OPEN,OPEN,request,NONE,MISS,0.046334000217029825,0.7853749993955716,INFO,adaptador.request,false,fallido,0.6390829985321034,9930.159786198,9930.160525239,9930.159739864,9930.160425281,CACHE_MISS,2026-09-05T00:13:53.360415Z
19882555-786b-45ca-baad-e63e1744068f,run1_rep1,F,OPEN,OPEN,request,NONE,MISS,0.022875001377542503,0.41766700087464415,INFO,adaptador.request,false,fallido,0.32741699942562263,9930.169484739,9930.169879531,9930.169461864,9930.169812156,CACHE_MISS,2026-09-05T00:13:53.369747Z
98ca5c33-145f-4fbc-a105-b5325e9d0766,run1_rep1,F,OPEN,OPEN,request,NONE,MISS,0.06791700070607476,0.8488330004183808,INFO,adaptador.request,false,fallido,0.6710830002703005,9930.230013073,9930.230793989,9930.229945156,9930.230684156,CACHE_MISS,2026-09-05T00:13:53.430693Z
01e0a0b5-c68b-4f81-a669-12e843d94938,run1_rep1,F,OPEN,OPEN,request,NONE,MISS,0.055500000598840415,0.8845829997881083,INFO,adaptador.request,false,fallido,0.684124999679625,9930.277383531,9930.278212614,9930.277328031,9930.278067656,CACHE_MISS,2026-09-05T00:13:53.478115Z
dc12bfe4-fa75-4924-8731-5f65a0d68a62,run1_rep1,F,OPEN,OPEN,request,NONE,MISS,0.02325000059499871,0.8453330010524951,INFO,adaptador.request,false,fallido,0.774207999711507,9930.298312448,9930.299134531,9930.298289198,9930.299086656,CACHE_MISS,2026-09-05T00:13:53.498994Z
70a3392c-749a-41eb-92eb-bc3ec8f8fee4,run1_rep1,F,OPEN,OPEN,request,NONE,MISS,0.05062499985797331,1.1536250003700843,INFO,adaptador.request,false,fallido,1.0154999999940628,9930.297789281,9930.298892281,9930.297738656,9930.298804781,CACHE_MISS,2026-09-05T00:13:53.499270Z
1ea06f00-aa24-4103-a664-73001ec9494b,run1_rep1,F,OPEN,OPEN,request,NONE,MISS,0.03495800046948716,0.5503749998752028,INFO,adaptador.request,false,fallido,0.4463339992071269,9930.324955239,9930.325470656,9930.324920281,9930.325401573,CACHE_MISS,2026-09-05T00:13:53.525334Z
fb4dee4b-2b44-4e86-a987-7948078595e0,run1_rep1,F,OPEN,OPEN,request,NONE,MISS,0.02391599991824478,0.3914580011041835,INFO,adaptador.request,false,fallido,0.3144590009469539,9930.341072614,9930.341440156,9930.341048698,9930.341387073,CACHE_MISS,2026-09-05T00:13:53.541297Z
7acb73f8-6c41-4789-b1b2-525adf0aa0a0,run1_rep1,F,OPEN,OPEN,request,NONE,MISS,27.375541998480912,28.534291999676498,INFO,adaptador.request,false,fallido,1.0684170010790695,9930.471291281,9930.472450031,9930.443915739,9930.472359698,CACHE_MISS,2026-09-05T00:13:53.672353Z
047734e3-7c18-41aa-8119-72d8767c71cf,run1_rep1,F,OPEN,OPEN,request,NONE,MISS,27.895332999833045,28.724416000841302,INFO,adaptador.request,false,fallido,0.6211670006450731,9930.471139906,9930.471968989,9930.443244573,9930.471761073,CACHE_MISS,2026-09-05T00:13:53.672705Z
6077d767-4db1-44c0-941e-0951b04e7ffb,run1_rep1,F,OPEN,OPEN,request,NONE,MISS,0.024124999981722794,0.9265830012736842,INFO,adaptador.request,false,fallido,0.8353330013051163,9930.489798906,9930.490701364,9930.489774781,9930.490634239,CACHE_MISS,2026-09-05T00:13:53.690898Z
2ee76696-afad-4477-8f54-d3ef73a09e3e,run1_rep1,F,OPEN,OPEN,request,NONE,MISS,0.01925000105984509,0.7579169996461133,INFO,adaptador.request,false,fallido,0.6845419993624091,9930.490250864,9930.490989531,9930.490231614,9930.490935406,CACHE_MISS,2026-09-05T00:13:53.691203Z
3d445447-ea73-4079-8656-cfe643b74117,run1_rep1,F,OPEN,OPEN,request,NONE,MISS,0.021208999896771275,0.4114170005777851,INFO,adaptador.request,false,fallido,0.3367080007592449,9930.503560823,9930.503951031,9930.503539614,9930.503897531,CACHE_MISS,2026-09-05T00:13:53.703819Z
eda9708c-8ab7-4ba0-aef9-c25252c2cc5f,run1_rep1,F,OPEN,OPEN,request,NONE,MISS,0.016749998394516297,0.6089589987823274,INFO,adaptador.request,false,fallido,0.5173750014364487,9930.534453489,9930.535045698,9930.534436739,9930.534970864,CACHE_MISS,2026-09-05T00:13:53.735170Z
2cf1c291-bcd4-461f-9160-bf47d668d024,run1_rep1,F,OPEN,OPEN,request,NONE,MISS,0.016125000911415555,0.6263340001169126,INFO,adaptador.request,false,fallido,0.5651669998769648,9930.534691864,9930.535302073,9930.534675739,9930.535257031,CACHE_MISS,2026-09-05T00:13:53.735409Z
9733b93e-1f70-408c-98a3-fbbae91e36ea,run1_rep1,F,OPEN,OPEN,request,NONE,MISS,0.015749999874969944,0.36004200046590995,INFO,adaptador.request,false,fallido,0.2644579999468988,9930.553733531,9930.554077823,9930.553717781,9930.553997989,CACHE_MISS,2026-09-05T00:13:53.753931Z
b71de88a-075e-4026-b745-739832f30516,run1_rep1,F,OPEN,OPEN,request,NONE,MISS,0.05408300057752058,0.8853330000420101,INFO,adaptador.request,false,fallido,0.7084589997248258,9930.668940781,9930.669772031,9930.668886698,9930.66964924,CACHE_MISS,2026-09-05T00:13:53.869682Z
c8c3f8a9-30f4-483b-9d73-f85cbd14ff9a,run1_rep1,F,OPEN,OPEN,request,NONE,MISS,0.05558399971050676,0.8622089990240056,INFO,adaptador.request,false,fallido,0.7204579997051042,9930.716997615,9930.71780424,9930.716942031,9930.717718073,CACHE_MISS,2026-09-05T00:13:53.917674Z
942426c7-0684-4107-b426-9d5f7fe8f9c5,run1_rep1,F,OPEN,OPEN,request,NONE,MISS,0.06049999865354039,0.9566249991621589,INFO,adaptador.request,false,fallido,0.7826670007489156,9930.730733698,9930.731629823,9930.730673198,9930.731516365,CACHE_MISS,2026-09-05T00:13:53.931512Z
7fd12e2f-6589-40d5-9d1c-2f878fe6e9a2,run1_rep1,F,OPEN,OPEN,request,NONE,MISS,0.025624998670537025,0.5969999983790331,INFO,adaptador.request,false,fallido,0.49374999980500434,9930.746625323,9930.747196698,9930.746599698,9930.747119073,CACHE_MISS,2026-09-05T00:13:53.947071Z
386f0b64-3009-4f0f-b94a-9f208cc70f35,run1_rep1,F,OPEN,OPEN,request,NONE,MISS,0.03724999987753108,0.8307919997605495,INFO,adaptador.request,false,fallido,0.713542000084999,9930.782244573,9930.783038115,9930.782207323,9930.782958115,CACHE_MISS,2026-09-05T00:13:53.983212Z
e876b76d-36af-4af3-8910-4261a262d481,run1_rep1,F,OPEN,OPEN,request,NONE,MISS,0.010834000931936316,0.7262500002980232,INFO,adaptador.request,false,fallido,0.6700829999317648,9930.78258649,9930.783301906,9930.782575656,9930.783256573,CACHE_MISS,2026-09-05T00:13:53.983482Z
7e4635d0-6115-497d-96a4-7498a6bcd0d2,run1_rep1,F,OPEN,OPEN,request,NONE,MISS,0.03783299871429335,0.6792909989599138,INFO,adaptador.request,false,fallido,0.5432500001916196,9930.801046948,9930.801688406,9930.801009115,9930.801590198,CACHE_MISS,2026-09-05T00:13:54.001562Z
3a8645c3-be83-40fb-9c63-3b276cffb048,run1_rep1,F,OPEN,OPEN,request,NONE,MISS,0.06291599856922403,1.1078749994339887,INFO,adaptador.request,false,fallido,0.9595000010449439,9930.882541156,9930.883586115,9930.88247824,9930.883500656,CACHE_MISS,2026-09-05T00:13:54.083739Z
fd021846-5a9c-4d83-8e9f-c25e5fb93545,run1_rep1,F,OPEN,OPEN,request,NONE,MISS,0.019749999410123564,0.7095420005498454,INFO,adaptador.request,false,fallido,0.6296669998846482,9930.883160156,9930.883849948,9930.883140406,9930.883789823,CACHE_MISS,2026-09-05T00:13:54.084048Z
23ee03e6-fd90-438a-801c-53989397bd83,run1_rep1,F,OPEN,OPEN,request,NONE,MISS,0.050041000577039085,0.7504999994125683,INFO,adaptador.request,false,fallido,0.6090419992688112,9930.912215156,9930.912915615,9930.912165115,9930.912824198,CACHE_MISS,2026-09-05T00:13:54.112791Z
824284f7-ff2e-48ec-a8cc-627d9ba47cab,run1_rep1,F,OPEN,OPEN,request,NONE,MISS,0.052041999879293144,0.7905420006864006,INFO,adaptador.request,false,fallido,0.630208000075072,9930.96974374,9930.97048224,9930.969691698,9930.970373948,CACHE_MISS,2026-09-05T00:13:54.170381Z
e1db3275-6f16-4cc4-b8d9-6d28bcc20dc6,run1_rep1,F,OPEN,OPEN,request,NONE,MISS,0.04262500078766607,0.6494580011349171,INFO,adaptador.request,false,fallido,0.5337919992598472,9930.989298573,9930.989905406,9930.989255948,9930.989832365,CACHE_MISS,2026-09-05T00:13:54.189779Z
787d99f4-cd4b-4f87-ad2f-99bf3d3f4775,run1_rep1,F,OPEN,OPEN,request,NONE,MISS,0.017833001038525254,0.4077909998159157,INFO,adaptador.request,false,fallido,0.33320799957436975,9930.995860573,9930.996250531,9930.99584274,9930.996193781,CACHE_MISS,2026-09-05T00:13:54.196134Z
56325045-5836-4db1-9055-841d9b2f297c,run1_rep1,F,OPEN,OPEN,request,NONE,MISS,0.016541000150027685,0.3745829999388661,INFO,adaptador.request,false,fallido,0.30462499853456393,9931.007301031,9931.007659073,9931.00728449,9931.007605656,CACHE_MISS,2026-09-05T00:13:54.207512Z
72838294-8ea0-4196-8311-edffdafe87ea,run1_rep1,F,OPEN,OPEN,request,NONE,MISS,0.016250000044237822,0.37849999898753595,INFO,adaptador.request,false,fallido,0.2829160002875142,9931.031240365,9931.031602615,9931.031224115,9931.031523281,CACHE_MISS,2026-09-05T00:13:54.231488Z
ae443ba7-5fa7-4208-86a4-e247ea4c975f,run1_rep1,F,OPEN,OPEN,request,NONE,MISS,0.046749999455641955,0.7757079984003212,INFO,adaptador.request,false,fallido,0.6323750003502937,9931.106612198,9931.107341156,9931.106565448,9931.107244573,CACHE_MISS,2026-09-05T00:13:54.307235Z
322c10ed-be7d-42f9-89dc-37cf5f8d4cc3,run1_rep1,F,OPEN,OPEN,request,NONE,MISS,0.026790999982040375,0.5506249999598367,INFO,adaptador.request,false,fallido,0.4481249998207204,9931.117087656,9931.11761149,9931.117060865,9931.117535781,CACHE_MISS,2026-09-05T00:13:54.317500Z
cd6a2b9d-ae9e-4153-bedf-c58fe6e122bd,run1_rep1,F,OPEN,OPEN,request,NONE,MISS,0.04724999962490983,0.7254169995576376,INFO,adaptador.request,false,fallido,0.5913749992032535,9931.161991781,9931.162669948,9931.161944531,9931.162583156,CACHE_MISS,2026-09-05T00:13:54.362560Z
1f97a292-57b4-461f-b25d-89a633b4ec10,run1_rep1,F,OPEN,OPEN,request,NONE,MISS,0.04733300011139363,1.073790999726043,INFO,adaptador.request,false,fallido,0.9409169997525169,9931.214598323,9931.215624781,9931.21455099,9931.21553924,CACHE_MISS,2026-09-05T00:13:54.415514Z
80ec1570-2288-412c-91f8-1e00d8e7ab4c,run1_rep1,F,OPEN,OPEN,request,NONE,MISS,0.02183399919886142,0.8046249986364273,INFO,adaptador.request,false,fallido,0.725875001080567,9931.215438865,9931.216221656,9931.215417031,9931.21616474,CACHE_MISS,2026-09-05T00:13:54.416094Z
3ac487cd-99cb-446c-9815-c1367e787a12,run1_rep1,F,OPEN,OPEN,request,NONE,MISS,0.022541000362252817,0.4652500010706717,INFO,adaptador.request,false,fallido,0.39220899998326786,9931.223228531,9931.22367124,9931.22320599,9931.22362074,CACHE_MISS,2026-09-05T00:13:54.423528Z
472fa889-f6a9-4754-8522-89a4fb385933,run1_rep1,F,OPEN,OPEN,request,NONE,MISS,0.022792000891058706,0.4402089998620795,INFO,adaptador.request,false,fallido,0.35974999991594814,9931.227359323,9931.22777674,9931.227336531,9931.227719073,CACHE_MISS,2026-09-05T00:13:54.427643Z
2c40efc4-5309-47b6-b36f-81623de68528,run1_rep1,F,OPEN,OPEN,request,NONE,MISS,0.021584000933216885,0.43725000068661757,INFO,adaptador.request,false,fallido,0.36987499879614916,9931.24913849,9931.249554156,9931.249116906,9931.249508365,CACHE_MISS,2026-09-05T00:13:54.449398Z
c26c3a5c-8659-4122-b244-cf12bea3dd80,run1_rep1,F,OPEN,OPEN,request,NONE,MISS,0.03554199975042138,0.6152499991003424,INFO,adaptador.request,false,fallido,0.49266600035480224,9931.338066365,9931.338646073,9931.338030823,9931.338559031,CACHE_MISS,2026-09-05T00:13:54.538547Z
1bbb908f-9d45-4c18-ba49-ba4625b067e9,run1_rep1,F,OPEN,OPEN,request,NONE,MISS,0.03058299989788793,0.5185000009078067,INFO,adaptador.request,false,fallido,0.4243340008542873,9931.353369531,9931.353857448,9931.353338948,9931.353793865,CACHE_MISS,2026-09-05T00:13:54.553731Z
20cd742d-a196-4214-b53f-7b26125e377d,run1_rep1,F,OPEN,OPEN,request,NONE,MISS,0.03316700167488307,0.7517500016547274,INFO,adaptador.request,false,fallido,0.6279159988480387,9931.433503407,9931.43422199,9931.43347024,9931.434131323,CACHE_MISS,2026-09-05T00:13:54.634106Z
57f1e512-0d9d-4968-8427-75301ed214ae,run1_rep1,F,OPEN,OPEN,request,NONE,MISS,0.033999998777289875,0.4980409994459478,INFO,adaptador.request,false,fallido,0.40233300023828633,9931.439772532,9931.440236573,9931.439738532,9931.440174865,CACHE_MISS,2026-09-05T00:13:54.640119Z
e2e541f4-08cc-4081-b128-057a2c942fae,run1_rep1,F,OPEN,OPEN,request,NONE,MISS,0.028000000384054147,0.8576250002079178,INFO,adaptador.request,false,fallido,0.758250000217231,9931.443895532,9931.444725157,9931.443867532,9931.444653782,CACHE_MISS,2026-09-05T00:13:54.644619Z
cbd43412-5cab-4d0d-a780-4cf9ebd70c7f,run1_rep1,F,OPEN,OPEN,request,NONE,MISS,0.019834000340779312,0.8675839999341406,INFO,adaptador.request,false,fallido,0.7831249986338662,9931.444576907,9931.445424657,9931.444557073,9931.445360032,CACHE_MISS,2026-09-05T00:13:54.645296Z
3b04a076-a41a-4630-bc32-946bcf2ef0c2,run1_rep1,F,OPEN,OPEN,request,NONE,MISS,0.0732079988665646,0.8299999990413198,INFO,adaptador.request,false,fallido,0.6563340011780383,9931.505038323,9931.505795115,9931.504965115,9931.505694657,CACHE_MISS,2026-09-05T00:13:54.705711Z
bd1ea077-c7a4-4196-9bf1-b1c027023dc2,run1_rep1,F,OPEN,OPEN,request,NONE,MISS,0.033166999855893664,0.6021249992045341,INFO,adaptador.request,false,fallido,0.4894579997198889,9931.524721157,9931.525290115,9931.52468799,9931.525210615,CACHE_MISS,2026-09-05T00:13:54.725164Z
4a0780b8-f7a2-4fd5-b086-e7856c9294a9,run1_rep1,F,OPEN,OPEN,request,NONE,MISS,0.06408299850590993,0.6479579988081241,INFO,adaptador.request,false,fallido,0.5000420005671913,9931.587597073,9931.588180948,9931.58753299,9931.588097115,CACHE_MISS,2026-09-05T00:13:54.788070Z
64a6c4a3-024c-4539-b803-abbb7af39df9,run1_rep1,F,OPEN,OPEN,request,NONE,MISS,0.015499999790336005,0.7923749999463325,INFO,adaptador.request,false,fallido,0.7072500011418015,9931.608450032,9931.609226907,9931.608434532,9931.609157282,CACHE_MISS,2026-09-05T00:13:54.809086Z
88935a1b-f160-4db6-88ca-9265de05f76b,run1_rep1,F,OPEN,OPEN,request,NONE,MISS,0.03758300044864882,0.8160830002452713,INFO,adaptador.request,false,fallido,0.6939169998076977,9931.60805699,9931.60883549,9931.608019407,9931.608750907,CACHE_MISS,2026-09-05T00:13:54.809312Z
b56688a2-510d-42e4-ba9c-e57c15a20def,run1_rep1,F,OPEN,OPEN,request,NONE,MISS,0.04954200085194316,0.8521670006302884,INFO,adaptador.request,false,fallido,0.6352079999487614,9931.637727407,9931.638530032,9931.637677865,9931.638362615,CACHE_MISS,2026-09-05T00:13:54.838438Z
0dbb8f4b-309c-42fb-a10e-af84aec1ff8e,run1_rep1,F,OPEN,OPEN,request,NONE,MISS,0.015625000742147677,0.39770799958205316,INFO,adaptador.request,false,fallido,0.31733299874758814,9931.64220424,9931.642586323,9931.642188615,9931.642521573,CACHE_MISS,2026-09-05T00:13:54.842457Z
dcb6b7e9-2aec-430c-a712-ecd44bc16c55,run1_rep1,F,OPEN,OPEN,request,NONE,MISS,0.029040998924756423,0.5538749992410885,INFO,adaptador.request,false,fallido,0.4463340010261163,9931.659949698,9931.660474532,9931.659920657,9931.660396032,CACHE_MISS,2026-09-05T00:13:54.860350Z
042298b7-a819-4eb2-9237-de761e7ce4d9,run1_rep1,F,OPEN,OPEN,request,NONE,MISS,0.029667000490007922,0.5233750016486738,INFO,adaptador.request,false,fallido,0.41774999954213854,9931.692248365,9931.692742073,9931.692218698,9931.692666115,CACHE_MISS,2026-09-05T00:13:54.892617Z
354e5d50-ebc5-4120-baac-3d7fe18d8e2a,run1_rep1,F,OPEN,OPEN,request,NONE,MISS,0.07399999958579428,1.3218329986557364,INFO,adaptador.request,false,fallido,1.1452079997980036,9931.780068865,9931.781316698,9931.779994865,9931.781214073,CACHE_MISS,2026-09-05T00:13:54.981214Z
64959f45-39b9-4312-9542-80f5319c9871,run1_rep1,F,OPEN,OPEN,request,NONE,MISS,0.03379199915798381,0.8917920004023472,INFO,adaptador.request,false,fallido,0.7985000011103693,9931.781080157,9931.781938157,9931.781046365,9931.781878657,CACHE_MISS,2026-09-05T00:13:54.982019Z
f7272a31-6c69-4e6c-9433-849f406c0acb,run1_rep1,F,OPEN,OPEN,request,NONE,MISS,0.04987499960407149,0.8646660007798346,INFO,adaptador.request,false,fallido,0.6886250012030359,9931.809651032,9931.810465823,9931.809601157,9931.810339657,CACHE_MISS,2026-09-05T00:13:55.010374Z
61ee1694-4cac-4d9b-a1e5-759b0c22a0a4,run1_rep1,F,OPEN,OPEN,request,NONE,MISS,0.054292000640998594,0.8662500003993046,INFO,adaptador.request,false,fallido,0.7108749996405095,9931.857650657,9931.858462615,9931.857596365,9931.858361532,CACHE_MISS,2026-09-05T00:13:55.058357Z
be94297e-edba-4a01-9de6-995ebd73d9c5,run1_rep1,F,OPEN,OPEN,request,NONE,MISS,0.04137500036449637,0.7207910002762219,INFO,adaptador.request,false,fallido,0.5923330008954508,9931.881936782,9931.882616198,9931.881895407,9931.882529115,CACHE_MISS,2026-09-05T00:13:55.082498Z
b6543d66-36a5-46e9-a498-e6b0a9742184,run1_rep1,F,OPEN,OPEN,request,NONE,MISS,0.04616600017470773,0.8875830008037155,INFO,adaptador.request,false,fallido,0.7081250005285256,9931.936518073,9931.93735949,9931.936471907,9931.937226198,CACHE_MISS,2026-09-05T00:13:55.137264Z
47fd96ee-760f-4e34-ba80-69c922170539,run1_rep1,F,OPEN,OPEN,request,NONE,MISS,0.04587500006891787,0.6714999999530846,INFO,adaptador.request,false,fallido,0.532292000571033,9931.96063874,9931.961264365,9931.960592865,9931.961171032,CACHE_MISS,2026-09-05T00:13:55.161196Z
dab267ad-4da1-4730-85fe-d29deaca2994,run1_rep1,F,OPEN,OPEN,request,NONE,MISS,0.023624999812454917,0.4070000013598474,INFO,adaptador.request,false,fallido,0.32441700022900477,9932.009272364,9932.009655739,9932.009248739,9932.009596781,CACHE_MISS,2026-09-05T00:13:55.211243Z
20a69d03-a043-4d79-8032-f60736e8e4cd,run1_rep1,F,OPEN,OPEN,request,NONE,MISS,0.02220799979113508,0.37695799983339384,INFO,adaptador.request,false,fallido,0.3081249997194391,9932.025105281,9932.025460031,9932.025083073,9932.025413406,CACHE_MISS,2026-09-05T00:13:55.227028Z
36189eef-56f6-4be2-8c4a-16fc77b11c48,run1_rep1,F,OPEN,OPEN,request,NONE,MISS,0.023583001166116446,0.4197079997538822,INFO,adaptador.request,false,fallido,0.341207998644677,9932.117925406,9932.118321531,9932.117901823,9932.118266614,CACHE_MISS,2026-09-05T00:13:55.319905Z
42fa479b-46c4-4884-ace9-3652f54ee507,run1_rep1,F,OPEN,OPEN,request,NONE,MISS,0.0245829996856628,0.4217080004309537,INFO,adaptador.request,false,fallido,0.3236249995097751,9932.140628989,9932.141026114,9932.140604406,9932.140952614,CACHE_MISS,2026-09-05T00:13:55.342609Z
d2c3c1bf-e5d4-4801-8a28-0a40a1f42ec2,run1_rep1,F,OPEN,OPEN,request,NONE,MISS,0.016666999727021903,0.41270899964729324,INFO,adaptador.request,false,fallido,0.33179199999722186,9932.162579656,9932.162975698,9932.162562989,9932.162911448,CACHE_MISS,2026-09-05T00:13:55.364571Z
c196d999-f609-4fcb-8667-c94dec202c05,run1_rep1,F,OPEN,OPEN,request,NONE,MISS,0.016125000911415555,0.4011250002804445,INFO,adaptador.request,false,fallido,0.3379159988980973,9932.164513198,9932.164898198,9932.164497073,9932.164851114,CACHE_MISS,2026-09-05T00:13:55.366500Z
be2f2672-db07-4146-bfd9-203d67666186,run1_rep1,F,OPEN,OPEN,request,NONE,MISS,0.01612499909242615,0.32258300052490085,INFO,adaptador.request,false,fallido,0.26287500077160075,9932.200548656,9932.200855114,9932.200532531,9932.200811531,CACHE_MISS,2026-09-05T00:13:55.402433Z
20da6da0-09b4-49ee-a756-6d0ce6c14403,run1_rep1,F,OPEN,OPEN,request,NONE,MISS,0.01679099841567222,0.7406659988191677,INFO,adaptador.request,false,fallido,0.6710000016028062,9932.224911864,9932.225635739,9932.224895073,9932.225582864,CACHE_MISS,2026-09-05T00:13:55.427430Z
0731fe1f-25be-4bc1-b4fd-66282d22b6a0,run1_rep1,F,OPEN,OPEN,request,NONE,MISS,0.01383299968438223,0.46233300054154824,INFO,adaptador.request,false,fallido,0.4155000005994225,9932.225388656,9932.225837156,9932.225374823,9932.225804156,CACHE_MISS,2026-09-05T00:13:55.427668Z
2261a4bf-2340-4825-b1cd-43b7b8d93eea,run1_rep1,F,OPEN,OPEN,request,NONE,MISS,0.012749998859362677,0.27954199867963325,INFO,adaptador.request,false,fallido,0.22320800053421408,9932.234402781,9932.234669573,9932.234390031,9932.234625989,CACHE_MISS,2026-09-05T00:13:55.436245Z
f5379ee4-4126-41c2-b9ce-214ba738f40b,run1_rep1,F,OPEN,OPEN,request,NONE,MISS,0.02991600013046991,0.5313330002536532,INFO,adaptador.request,false,fallido,0.43437500062282197,9932.252612864,9932.253114281,9932.252582948,9932.253047239,CACHE_MISS,2026-09-05T00:13:55.454704Z
d5c65764-87df-4c76-b76c-35cb8fb4476b,run1_rep1,F,OPEN,OPEN,request,NONE,MISS,0.03562500023690518,0.6590840002900222,INFO,adaptador.request,false,fallido,0.5449589989439119,9932.293904489,9932.294527948,9932.293868864,9932.294449448,CACHE_MISS,2026-09-05T00:13:55.496122Z
6145fd85-968b-4e95-b25a-afeb4c9893d7,run1_rep1,F,OPEN,OPEN,request,NONE,MISS,0.03991700032202061,0.6560420006280765,INFO,adaptador.request,false,fallido,0.5268750010145595,9932.309594031,9932.310210156,9932.309554114,9932.310120906,CACHE_MISS,2026-09-05T00:13:55.511811Z
9bad1903-3a64-405b-9a1e-ecec578043d8,run1_rep1,F,OPEN,OPEN,request,NONE,MISS,0.07525000000896398,0.8937919992604293,INFO,adaptador.request,false,fallido,0.7039579995762324,9932.391051781,9932.391870323,9932.390976531,9932.391755739,CACHE_MISS,2026-09-05T00:13:55.593469Z
2db99a37-2560-409f-a928-7c5d584b9057,run1_rep1,F,OPEN,OPEN,request,NONE,MISS,0.04791699939232785,0.7710419995419215,INFO,adaptador.request,false,fallido,0.6092500007071067,9932.416323656,9932.417046781,9932.416275739,9932.416932906,CACHE_MISS,2026-09-05T00:13:55.618649Z
19b7436c-b3b8-4dcc-bc71-7f0656d14f0f,run1_rep1,F,OPEN,OPEN,request,NONE,MISS,0.045541999497800134,0.7368330007011537,INFO,adaptador.request,false,fallido,0.6083330008550547,9932.459798073,9932.460489364,9932.459752531,9932.460406406,CACHE_MISS,2026-09-05T00:13:55.662089Z
8c82e118-9ad5-4bc2-ab2b-0251aaabc10a,run1_rep1,F,OPEN,OPEN,request,NONE,MISS,0.06824999945820309,0.923999999940861,INFO,adaptador.request,false,fallido,0.7366660011030035,9932.516032573,9932.516888323,9932.515964323,9932.516769239,CACHE_MISS,2026-09-05T00:13:55.718540Z
4cda05ac-3c54-408a-8114-afe58014a6de,run1_rep1,F,OPEN,OPEN,request,NONE,MISS,0.029208000341895968,0.5654159995174268,INFO,adaptador.request,false,fallido,0.4607499995472608,9932.521933656,9932.522469864,9932.521904448,9932.522394406,CACHE_MISS,2026-09-05T00:13:55.724076Z
0b79eb0d-1a03-4078-9cf4-83020b5a1435,run1_rep1,F,OPEN,OPEN,request,NONE,MISS,0.020542000129353255,0.39566700070281513,INFO,adaptador.request,false,fallido,0.32441700022900477,9932.535476031,9932.535851156,9932.535455489,9932.535800448,CACHE_MISS,2026-09-05T00:13:55.737433Z
92bb3cb2-371f-48d2-b1fe-f1730a111d42,run1_rep1,F,OPEN,OPEN,request,NONE,MISS,0.02099999983329326,0.3858339987345971,INFO,adaptador.request,false,fallido,0.3116249990853248,9932.539505114,9932.539869948,9932.539484114,9932.539816739,CACHE_MISS,2026-09-05T00:13:55.741450Z
75278d00-f3d8-4966-80d5-b153dd390861,run1_rep1,F,OPEN,OPEN,request,NONE,MISS,0.07691700011491776,0.7420839992846595,INFO,adaptador.request,false,fallido,0.5955419983365573,9932.610064906,9932.610730073,9932.609987989,9932.610660448,CACHE_MISS,2026-09-05T00:13:55.812335Z
46549fdc-6280-4afc-8de8-a04431b5b749,run1_rep1,F,OPEN,OPEN,request,NONE,MISS,0.021707999621867202,0.4326250000303844,INFO,adaptador.request,false,fallido,0.33754200012481306,9932.614392156,9932.614803073,9932.614370448,9932.614729698,CACHE_MISS,2026-09-05T00:13:55.816395Z
0f187ca9-7ac4-44a2-8602-cb9d69600d1a,run1_rep1,F,OPEN,OPEN,request,NONE,MISS,0.05533399962587282,0.8180419990821974,INFO,adaptador.request,false,fallido,0.6591660003323341,9932.662475198,9932.663237906,9932.662419864,9932.663134364,CACHE_MISS,2026-09-05T00:13:55.864840Z
c8b89046-0430-49b8-9fe2-2805e0793be4,run1_rep1,F,OPEN,OPEN,request,NONE,MISS,0.039667000237386674,0.768833999245544,INFO,adaptador.request,false,fallido,0.6417919994419208,9932.688464781,9932.689193948,9932.688425114,9932.689106573,CACHE_MISS,2026-09-05T00:13:55.890811Z
313e842e-f826-4a49-a2cf-1d9f125dd024,run1_rep1,F,OPEN,OPEN,request,NONE,MISS,0.07408300007227808,1.663207998717553,INFO,adaptador.request,false,fallido,1.481707999118953,9932.759551573,9932.761140698,9932.75947749,9932.761033281,CACHE_MISS,2026-09-05T00:13:55.963238Z
aa5171a8-f6eb-4360-977c-60cfd81f14c3,run1_rep1,F,OPEN,OPEN,request,NONE,MISS,0.029165999876568094,1.3984160013933433,INFO,adaptador.request,false,fallido,1.295875001233071,9932.760238406,9932.761607656,9932.76020924,9932.761534281,CACHE_MISS,2026-09-05T00:13:55.963621Z
3dcc2c50-92b5-48a2-843f-4075c0d9a864,run1_rep1,F,OPEN,OPEN,request,NONE,MISS,0.03724999987753108,0.5027500010328367,INFO,adaptador.request,false,fallido,0.4004580005130265,9932.800398323,9932.800863823,9932.800361073,9932.800798781,CACHE_MISS,2026-09-05T00:13:56.002446Z
e3118f62-a5b4-48a2-8411-9d3b891da00d,run1_rep1,F,OPEN,OPEN,request,NONE,MISS,0.027333999241818674,0.528958998984308,INFO,adaptador.request,false,fallido,0.4216249999444699,9932.832815615,9932.83331724,9932.832788281,9932.83323724,CACHE_MISS,2026-09-05T00:13:56.034941Z
4bc42936-c416-42e6-bc05-65f064ca6070,run1_rep1,F,OPEN,OPEN,request,NONE,MISS,0.02137500086973887,0.40533400169806555,INFO,adaptador.request,false,fallido,0.3291670000180602,9932.835335406,9932.835719365,9932.835314031,9932.835664573,CACHE_MISS,2026-09-05T00:13:56.037303Z
fd5ba1de-40bc-45b9-8f0a-4ba65345765f,run1_rep1,F,OPEN,OPEN,request,NONE,MISS,0.030540999432560056,0.4981660003977595,INFO,adaptador.request,false,fallido,0.40091700066113845,9932.846086406,9932.846554031,9932.846055865,9932.846487323,CACHE_MISS,2026-09-05T00:13:56.048138Z
b5e48a38-3661-4019-86a0-ac473424d485,run1_rep1,F,OPEN,OPEN,request,NONE,MISS,0.03433399979257956,0.5829170004290063,INFO,adaptador.request,false,fallido,0.46516600014001597,9932.872715865,9932.873264448,9932.872681531,9932.873181031,CACHE_MISS,2026-09-05T00:13:56.074865Z
182db9c1-b70d-445e-8219-0068132ca8d1,run1_rep1,F,OPEN,OPEN,request,NONE,MISS,0.0211669994314434,0.414166999689769,INFO,adaptador.request,false,fallido,0.3313750003144378,9932.925456698,9932.925849698,9932.925435531,9932.925788073,CACHE_MISS,2026-09-05T00:13:56.127442Z
38599455-e774-418d-8d82-2b11fa79382d,run1_rep1,F,OPEN,OPEN,request,NONE,MISS,0.054874999477760866,0.8668329992360668,INFO,adaptador.request,false,fallido,0.7147920005081687,9932.999340073,9933.000152031,9932.999285198,9933.000054865,CACHE_MISS,2026-09-05T00:13:56.201766Z
2a659de8-0315-4a54-9e6c-e9dcf8197353,run1_rep1,F,OPEN,OPEN,request,NONE,MISS,0.055958998927962966,0.8469169988529757,INFO,adaptador.request,false,fallido,0.6742910009052139,9933.02865099,9933.029441948,9933.028595031,9933.029325281,CACHE_MISS,2026-09-05T00:13:56.231062Z
e6bb7a83-16d9-4179-9861-5560369b49e3,run1_rep1,F,OPEN,OPEN,request,NONE,MISS,0.04604199966706801,0.7317079998756526,INFO,adaptador.request,false,fallido,0.5740830001741415,9933.04755524,9933.048240906,9933.047509198,9933.048129323,CACHE_MISS,2026-09-05T00:13:56.249886Z
7efefaeb-c482-4b64-8740-ab2a20de6f7c,run1_rep1,F,OPEN,OPEN,request,NONE,MISS,0.05375000000640284,0.7466250008292263,INFO,adaptador.request,false,fallido,0.5897080009162892,9933.082518448,9933.083211323,9933.082464698,9933.083108156,CACHE_MISS,2026-09-05T00:13:56.284820Z
265c6d5d-48ee-44cb-9f28-e55e2c1d94bb,run1_rep1,F,OPEN,OPEN,request,NONE,MISS,0.053916999604552984,0.9947079997800756,INFO,adaptador.request,false,fallido,0.7792910000716802,9933.11237699,9933.113317781,9933.112323073,9933.113156281,CACHE_MISS,2026-09-05T00:13:56.314964Z
c620511b-807c-47ec-8147-1c46d5f12e54,run1_rep1,F,OPEN,OPEN,request,NONE,MISS,0.05254099960438907,0.8473749985569157,INFO,adaptador.request,false,fallido,0.6835419990238734,9933.141848281,9933.142643115,9933.14179574,9933.142531823,CACHE_MISS,2026-09-05T00:13:56.344246Z
8679a020-43c5-4628-b850-61295a48f142,run1_rep1,F,OPEN,OPEN,request,NONE,MISS,0.028541999199660495,0.5348750000848668,INFO,adaptador.request,false,fallido,0.4415830007928889,9933.148156448,9933.148662781,9933.148127906,9933.148598031,CACHE_MISS,2026-09-05T00:13:56.350256Z
594010bf-3254-4c2c-88ca-d2e880831b69,run1_rep1,F,OPEN,OPEN,request,NONE,MISS,0.04416599949763622,0.6680829992546933,INFO,adaptador.request,false,fallido,0.5478750008478528,9933.280106031,9933.280729948,9933.280061865,9933.280653906,CACHE_MISS,2026-09-05T00:13:56.482318Z
bcda6add-9c0d-4557-8727-c4ace863c7b7,run1_rep1,F,OPEN,OPEN,request,NONE,MISS,0.038249998397077434,0.47708299825899303,INFO,adaptador.request,false,fallido,0.37370800055214204,9933.297233823,9933.297672656,9933.297195573,9933.297607531,CACHE_MISS,2026-09-05T00:13:56.499257Z
e2f2e836-0bab-4aed-b6e4-8af446269290,run1_rep1,F,OPEN,OPEN,request,NONE,MISS,0.09375000081490725,0.5542500002775341,INFO,adaptador.request,false,fallido,0.3980410001531709,9933.325460115,9933.325920615,9933.325366365,9933.325858156,CACHE_MISS,2026-09-05T00:13:56.527512Z
a030990b-6816-481d-9796-dbdd00bf904e,run1_rep1,F,OPEN,OPEN,request,NONE,MISS,0.044874999730382115,0.841791999846464,INFO,adaptador.request,false,fallido,0.6944169999769656,9933.376088031,9933.376884948,9933.376043156,9933.376782448,CACHE_MISS,2026-09-05T00:13:56.578533Z
ff0d6c5d-195a-4227-bc69-9a9cc9ff0269,run1_rep1,F,OPEN,OPEN,request,NONE,MISS,0.0412499994126847,0.6099160000303527,INFO,adaptador.request,false,fallido,0.4814160001842538,9933.408165407,9933.408734073,9933.408124157,9933.408646823,CACHE_MISS,2026-09-05T00:13:56.610361Z
3cb54f3d-b553-485f-a012-979f60d39c59,run1_rep1,F,OPEN,OPEN,request,NONE,MISS,0.055124999562394805,0.87100000018836,INFO,adaptador.request,false,fallido,0.7168339998315787,9933.443521698,9933.444337573,9933.443466573,9933.444238532,CACHE_MISS,2026-09-05T00:13:56.645956Z
fae45d60-18b0-468f-9e9a-2d9a8a05f056,run1_rep1,F,OPEN,OPEN,request,NONE,MISS,0.05120800051372498,0.8028749998629792,INFO,adaptador.request,false,fallido,0.6435830000555143,9933.49835474,9933.499106407,9933.498303532,9933.498998323,CACHE_MISS,2026-09-05T00:13:56.700713Z
202bcd0d-9eec-43f8-9e49-2d8b484ce6bd,run1_rep1,F,OPEN,OPEN,request,NONE,MISS,0.05320799937180709,1.7237080010090722,INFO,adaptador.request,false,fallido,1.5634999999747379,9933.55908799,9933.56075849,9933.559034782,9933.56065149,CACHE_MISS,2026-09-05T00:13:56.762384Z
73db1ad0-ec54-49ee-8ada-db7545ffc38d,run1_rep1,F,OPEN,OPEN,request,NONE,MISS,0.027957999918726273,1.374583000142593,INFO,adaptador.request,false,fallido,1.2457500015443657,9933.560486448,9933.561833073,9933.56045849,9933.561732198,CACHE_MISS,2026-09-05T00:13:56.764008Z
e145476c-00af-46fe-a42c-4ba311ce7e2b,run1_rep1,F,OPEN,OPEN,request,NONE,MISS,0.021083000319777057,2.632374998938758,INFO,adaptador.request,false,fallido,2.5594170001568273,9933.559782865,9933.562394157,9933.559761782,9933.562342282,CACHE_MISS,2026-09-05T00:13:56.764532Z
8075e1db-3021-4b48-ab6f-85d4aae71656,run1_rep1,F,OPEN,OPEN,request,NONE,MISS,0.035041999581153505,0.8348749997821869,INFO,adaptador.request,false,fallido,0.7086669993441319,9933.58681049,9933.587610323,9933.586775448,9933.587519157,CACHE_MISS,2026-09-05T00:13:56.789222Z
77048ae7-6146-4e6f-9300-27a89d6f50e9,run1_rep1,F,OPEN,OPEN,request,NONE,MISS,0.019916999008273706,0.8045829999900889,INFO,adaptador.request,false,fallido,0.7233750002342276,9933.587414282,9933.588198948,9933.587394365,9933.588137657,CACHE_MISS,2026-09-05T00:13:56.789794Z
c58cd3e1-bf67-4fb3-812e-e7734a225a9a,run1_rep1,F,OPEN,OPEN,request,NONE,MISS,0.0318750007863855,0.4669580011977814,INFO,adaptador.request,false,fallido,0.36545799957821146,9933.614216865,9933.614651948,9933.61418499,9933.614582323,CACHE_MISS,2026-09-05T00:13:56.816242Z
44e70f48-df94-471f-9aa5-e025f4615a61,run1_rep1,F,OPEN,OPEN,request,NONE,MISS,0.04187499871477485,0.6892919991514646,INFO,adaptador.request,false,fallido,0.5733750003855675,9933.650980448,9933.651627865,9933.650938573,9933.651553823,CACHE_MISS,2026-09-05T00:13:56.853211Z
8351c770-080e-4bad-9f54-221fea75ea19,run1_rep1,F,OPEN,OPEN,request,NONE,MISS,0.03245799962314777,0.5647079997288529,INFO,adaptador.request,false,fallido,0.4590419994201511,9933.693636573,9933.694168823,9933.693604115,9933.694095615,CACHE_MISS,2026-09-05T00:13:56.895766Z
31a8071a-c974-4ad7-9332-5c415797ad92,run1_rep1,F,OPEN,OPEN,request,NONE,MISS,0.06274999941524584,0.7734999999229331,INFO,adaptador.request,false,fallido,0.6192500004544854,9933.728025198,9933.728735948,9933.727962448,9933.728644448,CACHE_MISS,2026-09-05T00:13:56.930335Z
8ac7c7fc-c297-42ed-9be3-562c204e260f,run1_rep1,F,OPEN,OPEN,request,NONE,MISS,0.052457999117905274,0.66033300026902,INFO,adaptador.request,false,fallido,0.45483400026569143,9933.734320823,9933.734928698,9933.734268365,9933.734775657,CACHE_MISS,2026-09-05T00:13:56.936580Z
3473c37a-b446-471c-9e81-12887b211a49,run1_rep1,F,OPEN,OPEN,request,NONE,MISS,0.029708000511163846,0.45524999950430356,INFO,adaptador.request,false,fallido,0.3676249998534331,9933.757844198,9933.75826974,9933.75781449,9933.758211823,CACHE_MISS,2026-09-05T00:13:56.959844Z
ff4e25dd-5728-4e8f-b316-a07e26dca1d4,run1_rep1,F,OPEN,OPEN,request,NONE,MISS,0.032625001040287316,0.40570900091552176,INFO,adaptador.request,false,fallido,0.3249589990446111,9933.775016198,9933.775389282,9933.774983573,9933.775341157,CACHE_MISS,2026-09-05T00:13:56.976967Z
da7e9a76-9c9e-4721-bb97-4b1139a90e1f,run1_rep1,F,OPEN,OPEN,request,NONE,MISS,0.052583000069716945,0.7696659995417576,INFO,adaptador.request,false,fallido,0.6218750004336471,9933.818239115,9933.818956198,9933.818186532,9933.81886099,CACHE_MISS,2026-09-05T00:13:57.020578Z
31367ab9-0716-4d0d-8642-27926c54b4f2,run1_rep1,F,OPEN,OPEN,request,NONE,MISS,0.05874999988009222,0.9138330005953321,INFO,adaptador.request,false,fallido,0.7374580000032438,9933.861588615,9933.862443698,9933.861529865,9933.862326073,CACHE_MISS,2026-09-05T00:13:57.064048Z
8063b49f-9e46-4ab2-a992-2a64230b05dc,run1_rep1,F,OPEN,OPEN,request,NONE,MISS,0.027291000151308253,0.6471659999078838,INFO,adaptador.request,false,fallido,0.5460419997689314,9933.863483323,9933.864103198,9933.863456032,9933.864029365,CACHE_MISS,2026-09-05T00:13:57.065726Z
4284aeef-ed6e-4220-b060-8a044af4f6b8,run1_rep1,F,OPEN,OPEN,request,NONE,MISS,0.050082999223377556,0.8356250000360887,INFO,adaptador.request,false,fallido,0.6733749996783445,9933.933748865,9933.934534407,9933.933698782,9933.93442224,CACHE_MISS,2026-09-05T00:13:57.136171Z
89010a84-4f46-4bad-8efc-98e7f3f4de4b,run1_rep1,F,OPEN,OPEN,request,NONE,MISS,0.03591699896787759,0.5478330003825249,INFO,adaptador.request,false,fallido,0.4336660003900761,9933.940778657,9933.941290573,9933.94074274,9933.941212323,CACHE_MISS,2026-09-05T00:13:57.142893Z
104965cf-398f-4d73-85fe-81ffeadd1b2b,run1_rep1,F,OPEN,OPEN,request,NONE,MISS,0.061790999097866006,0.9607909996702801,INFO,adaptador.request,false,fallido,0.7605000009789364,9933.982509323,9933.983408323,9933.982447532,9933.983269823,CACHE_MISS,2026-09-05T00:13:57.185046Z
4423e07e-7a9e-4aa7-a559-0447656fad45,run1_rep1,F,OPEN,OPEN,request,NONE,MISS,0.03533400013111532,0.5645000001095468,INFO,adaptador.request,false,fallido,0.4527080000116257,9933.998652532,9933.999181698,9933.998617198,9933.99910524,CACHE_MISS,2026-09-05T00:13:57.200773Z
1acc929d-148b-4227-a01f-9d134dd32b47,run1_rep1,F,OPEN,OPEN,request,NONE,MISS,0.05462500121211633,0.830541001050733,INFO,adaptador.request,false,fallido,0.6633329994656378,9934.045404782,9934.046180698,9934.045350157,9934.046068115,CACHE_MISS,2026-09-05T00:13:57.247804Z
eaf35e84-7c0f-4e6f-95d7-4a1b8b0b8d21,run1_rep1,F,OPEN,OPEN,request,NONE,MISS,0.03749999996216502,0.6777080016036052,INFO,adaptador.request,false,fallido,0.5136250001669396,9934.05946399,9934.060104198,9934.05942649,9934.059977615,CACHE_MISS,2026-09-05T00:13:57.261718Z
29853e44-6aac-4e2f-897e-13111b7c5130,run1_rep1,F,OPEN,OPEN,request,NONE,MISS,0.02591600059531629,0.6280830002651783,INFO,adaptador.request,false,fallido,0.5450839998957235,9934.062983198,9934.063585365,9934.062957282,9934.063528282,CACHE_MISS,2026-09-05T00:13:57.265172Z
b349ba34-c212-4958-95e5-bec73c88bb60,run1_rep1,F,OPEN,OPEN,request,NONE,MISS,0.018040998838841915,0.38716599920007866,INFO,adaptador.request,false,fallido,0.31216699971992057,9934.071789323,9934.072158448,9934.071771282,9934.07210149,CACHE_MISS,2026-09-05T00:13:57.273757Z
675c1ed4-eba9-40ed-b6a0-7eb1bee66cad,run1_rep1,F,OPEN,OPEN,request,NONE,MISS,0.0530420002178289,1.1432920000515878,INFO,adaptador.request,false,fallido,0.9948749993782258,9934.113713449,9934.114803699,9934.113660407,9934.114708324,CACHE_MISS,2026-09-05T00:13:57.316405Z
dc90187d-b3e5-4f9c-84b9-094fa3014ba7,run1_rep1,F,OPEN,OPEN,request,NONE,MISS,0.04929200076730922,0.7646670001122402,INFO,adaptador.request,false,fallido,0.5895829999644775,9934.156359824,9934.157075199,9934.156310532,9934.156949407,CACHE_MISS,2026-09-05T00:13:57.358677Z
2aa816fa-0e57-473f-840b-4305b7e65f91,run1_rep1,F,OPEN,OPEN,request,NONE,MISS,0.056417000450892374,0.8724590006750077,INFO,adaptador.request,false,fallido,0.706374999936088,9934.191922782,9934.192738824,9934.191866365,9934.192629157,CACHE_MISS,2026-09-05T00:13:57.394361Z
a551cd86-b649-40e9-887a-d9e4b32972e4,run1_rep1,F,OPEN,OPEN,request,NONE,MISS,0.053625000873580575,1.146791000792291,INFO,adaptador.request,false,fallido,0.989583000773564,9934.250990949,9934.252084115,9934.250937324,9934.251980532,CACHE_MISS,2026-09-05T00:13:57.453901Z
8c7c3a84-e00a-4496-9a2a-6c8f41e701fb,run1_rep1,F,OPEN,OPEN,request,NONE,MISS,0.015792000340297818,0.8553339994250564,INFO,adaptador.request,false,fallido,0.804291999884299,9934.251478157,9934.252317699,9934.251462365,9934.252282449,CACHE_MISS,2026-09-05T00:13:57.454217Z
8956ccc1-c9ce-41ed-93c0-3cc4617d1a27,run1_rep1,F,OPEN,OPEN,request,NONE,MISS,0.0558339997951407,0.847834000524017,INFO,adaptador.request,false,fallido,0.6901659999130061,9934.329540949,9934.330332949,9934.329485115,9934.330231115,CACHE_MISS,2026-09-05T00:13:57.531929Z
31040d8e-4dab-4b9a-a6ab-489a3b97dfe0,run1_rep1,F,OPEN,OPEN,request,NONE,MISS,0.02954199953819625,0.5824999989272328,INFO,adaptador.request,false,fallido,0.47820799954934046,9934.339987907,9934.340540865,9934.339958365,9934.340466115,CACHE_MISS,2026-09-05T00:13:57.542132Z
10737f5d-bc5f-41dd-937c-25a1e1d57d5a,run1_rep1,F,OPEN,OPEN,request,NONE,MISS,0.05162500019650906,2.1448339994094567,INFO,adaptador.request,false,fallido,1.9911670005967608,9934.391629365,9934.393722574,9934.39157774,9934.393620532,CACHE_MISS,2026-09-05T00:13:57.595827Z
3ded1ce9-a1bd-4c39-ba00-56f53f0c1ef5,run1_rep1,F,OPEN,OPEN,request,NONE,MISS,0.028415999622666277,1.6180410002561985,INFO,adaptador.request,false,fallido,1.5416250007547205,9934.39238849,9934.393978115,9934.392360074,9934.393930115,CACHE_MISS,2026-09-05T00:13:57.596185Z
21accb10-26db-47c7-81cb-4051e9211e15,run1_rep1,F,OPEN,OPEN,request,NONE,MISS,0.024500001018168405,1.1015000000043074,INFO,adaptador.request,false,fallido,1.0235839999950258,9934.39314949,9934.39422649,9934.39312499,9934.394173074,CACHE_MISS,2026-09-05T00:13:57.596509Z
ff778fb7-ef30-4c05-a809-891f565a66aa,run1_rep1,F,OPEN,OPEN,request,NONE,MISS,0.053875000958214514,0.8018330008781049,INFO,adaptador.request,false,fallido,0.654499999654945,9934.449645282,9934.45039324,9934.449591407,9934.450299782,CACHE_MISS,2026-09-05T00:13:57.652002Z
3fdfdd04-0b0c-4e3f-8ad4-7dd8935b28eb,run1_rep1,F,OPEN,OPEN,request,NONE,MISS,0.03375000051164534,0.6155830014904495,INFO,adaptador.request,false,fallido,0.4989580011169892,9934.461099949,9934.461681782,9934.461066199,9934.461598907,CACHE_MISS,2026-09-05T00:13:57.663282Z
36571455-8751-4acc-8d43-4879347d9e72,run1_rep1,F,OPEN,OPEN,request,NONE,MISS,0.053541998568107374,0.6944579999981215,INFO,adaptador.request,false,fallido,0.5485830006364267,9934.482736199,9934.483377115,9934.482682657,9934.483284782,CACHE_MISS,2026-09-05T00:13:57.684966Z
52a81f4b-61a6-42e1-8340-24dad84aafa1,run1_rep1,F,OPEN,OPEN,request,NONE,MISS,0.04520800030149985,0.6434999995690305,INFO,adaptador.request,false,fallido,0.5194589994061971,9934.514781365,9934.515379657,9934.514736157,9934.515300824,CACHE_MISS,2026-09-05T00:13:57.716978Z
15bf9836-7410-416a-a832-70cf858cff1f,run1_rep1,F,OPEN,OPEN,request,NONE,MISS,0.05066599987912923,0.780958000177634,INFO,adaptador.request,false,fallido,0.6218340004124912,9934.540725365,9934.541455657,9934.540674699,9934.541347199,CACHE_MISS,2026-09-05T00:13:57.743069Z
8a41281b-7eac-4e58-9ebd-8d977f4ac47f,run1_rep1,F,OPEN,OPEN,request,NONE,MISS,0.059250000049360096,0.8507920010742964,INFO,adaptador.request,false,fallido,0.6588750002265442,9934.582867615,9934.583659157,9934.582808365,9934.58352649,CACHE_MISS,2026-09-05T00:13:57.785296Z
2c999105-bbed-4a13-8eda-13e1c8247e35,run1_rep1,F,OPEN,OPEN,request,NONE,MISS,0.039457998354919255,0.5829169986100169,INFO,adaptador.request,false,fallido,0.46245900011854246,9934.59090224,9934.591445699,9934.590862782,9934.591364699,CACHE_MISS,2026-09-05T00:13:57.793047Z
c5044889-ca49-4880-a251-12ca222ba8ae,run1_rep1,F,OPEN,OPEN,request,NONE,MISS,0.03304199890408199,0.4611250005837064,INFO,adaptador.request,false,fallido,0.36670800000138115,9934.630687324,9934.631115407,9934.630654282,9934.631054032,CACHE_MISS,2026-09-05T00:13:57.832707Z
f3e7c37e-87a0-4f8b-aef1-f9d3e216f0d4,run1_rep1,F,OPEN,OPEN,request,NONE,MISS,0.015875000826781616,0.37570800122921355,INFO,adaptador.request,false,fallido,0.31070799923327286,9934.636722907,9934.63708274,9934.636707032,9934.637033615,CACHE_MISS,2026-09-05T00:13:57.838671Z
fa42d45c-9493-48dd-8959-7b1a2d27a55d,run1_rep1,F,OPEN,OPEN,request,NONE,MISS,0.0184580003406154,0.3076659995713271,INFO,adaptador.request,false,fallido,0.24345800011360552,9934.643483907,9934.643773115,9934.643465449,9934.643727365,CACHE_MISS,2026-09-05T00:13:57.845350Z
36f6547e-1373-4568-a4a8-74d8a8e7c552,run1_rep1,F,OPEN,OPEN,request,NONE,MISS,0.05558299926633481,0.9729579996928805,INFO,adaptador.request,false,fallido,0.7711250000284053,9934.710113615,9934.71103099,9934.710058032,9934.71088474,CACHE_MISS,2026-09-05T00:13:57.912661Z
ef4c1daf-8209-42ca-b1c6-a0eaf4b6c353,run1_rep1,F,OPEN,OPEN,request,NONE,MISS,0.027833999411086552,0.6398339992301771,INFO,adaptador.request,false,fallido,0.5515409993677167,9934.714217199,9934.714829199,9934.714189365,9934.71476874,CACHE_MISS,2026-09-05T00:13:57.916407Z
d2000cee-5761-4038-99b5-3fd434d636d4,run1_rep1,F,OPEN,OPEN,request,NONE,MISS,0.06779199975426309,0.7480419990315568,INFO,adaptador.request,false,fallido,0.5854999999428401,9934.780057157,9934.780737407,9934.779989365,9934.780642657,CACHE_MISS,2026-09-05T00:13:57.982342Z
f1b3ae03-4e21-4403-843f-c51ae8408f09,run1_rep1,F,OPEN,OPEN,request,NONE,MISS,0.039167000068118796,0.8161669993569376,INFO,adaptador.request,false,fallido,0.6878330004838062,9934.785512949,9934.786289949,9934.785473782,9934.786200782,CACHE_MISS,2026-09-05T00:13:57.987882Z
791c279d-3a6c-4b25-9b93-c3da20679743,run1_rep1,F,OPEN,OPEN,request,NONE,MISS,0.05729099939344451,0.7857910004531732,INFO,adaptador.request,false,fallido,0.6253750016185222,9934.827156282,9934.827884782,9934.827098991,9934.827781657,CACHE_MISS,2026-09-05T00:13:58.029509Z
60e37df6-66d2-40aa-b9b5-77faaba78c58,run1_rep1,F,OPEN,OPEN,request,NONE,MISS,0.053625000873580575,0.7962500003486639,INFO,adaptador.request,false,fallido,0.6315419996099081,9934.852402574,9934.853145199,9934.852348949,9934.853034116,CACHE_MISS,2026-09-05T00:13:58.054759Z
8950efc7-d884-4426-9136-c69dae8b015e,run1_rep1,F,OPEN,OPEN,request,NONE,MISS,0.054457999794976786,1.084415998775512,INFO,adaptador.request,false,fallido,0.9252499985450413,9934.931496949,9934.932526907,9934.931442491,9934.932422199,CACHE_MISS,2026-09-05T00:13:58.134351Z
ffbc9aa2-95ef-4f68-a309-7003b62acc81,run1_rep1,F,OPEN,OPEN,request,NONE,MISS,0.01420800072082784,0.8514159999322146,INFO,adaptador.request,false,fallido,0.7990419999259757,9934.931925699,9934.932762907,9934.931911491,9934.932724741,CACHE_MISS,2026-09-05T00:13:58.134653Z
cde5af2a-dfab-4d23-9c11-bacfe11b4ecc,run1_rep1,F,OPEN,OPEN,request,NONE,MISS,0.025916999220498838,0.44245899880479556,INFO,adaptador.request,false,fallido,0.34616700031619985,9934.938179449,9934.938595991,9934.938153532,9934.938525616,CACHE_MISS,2026-09-05T00:13:58.140200Z
b72f24c9-ac2d-47e4-9b9c-36fc1ddd12fe,run1_rep1,F,OPEN,OPEN,request,NONE,MISS,0.036833000194747,0.3710830005729804,INFO,adaptador.request,false,fallido,0.2878340001188917,9934.967027032,9934.967361282,9934.966990199,9934.967314866,CACHE_MISS,2026-09-05T00:13:58.168938Z
cb79f723-9d42-4a88-9535-ae414458ec3d,run1_rep1,F,OPEN,OPEN,request,NONE,MISS,0.03320799987704959,0.6952500007173512,INFO,adaptador.request,false,fallido,0.5951670009380905,9934.995564657,9934.996226699,9934.995531449,9934.996159824,CACHE_MISS,2026-09-05T00:13:58.197832Z
7f74fe83-fd7f-4a74-95e6-12aeec5d06ae,run1_rep1,F,OPEN,OPEN,request,NONE,MISS,0.019499999325489625,0.3934169999411097,INFO,adaptador.request,false,fallido,0.3242090006096987,9935.002623657,9935.002997574,9935.002604157,9935.002947866,CACHE_MISS,2026-09-05T00:13:58.204591Z
5acbf76a-66a0-4526-b8ea-25b5a45c16df,run1_rep1,F,OPEN,OPEN,request,NONE,MISS,0.015208999684546143,0.37524999970628414,INFO,adaptador.request,false,fallido,0.3109580011368962,9935.014971116,9935.015331157,9935.014955907,9935.015282074,CACHE_MISS,2026-09-05T00:13:58.216920Z
3cbfea00-22ef-4d11-99da-6400cd525bc3,run1_rep1,F,OPEN,OPEN,request,NONE,MISS,0.012833001164835878,0.34425000012561213,INFO,adaptador.request,false,fallido,0.286374999632244,9935.022770449,9935.023101866,9935.022757616,9935.023056824,CACHE_MISS,2026-09-05T00:13:58.224686Z
cfa41be7-92c8-4ab4-890c-292e220efa86,run1_rep1,F,OPEN,OPEN,request,NONE,MISS,0.05462499939312693,0.8435839990852401,INFO,adaptador.request,false,fallido,0.6553340008395026,9935.082329907,9935.083118866,9935.082275282,9935.082985241,CACHE_MISS,2026-09-05T00:13:58.284742Z
07a3cf47-917f-46f5-877f-ba58c6ad8340,run1_rep1,F,OPEN,OPEN,request,NONE,MISS,0.03741599903150927,0.5884999991394579,INFO,adaptador.request,false,fallido,0.472542000352405,9935.093733532,9935.094284616,9935.093696116,9935.094206074,CACHE_MISS,2026-09-05T00:13:58.295940Z
92c6271a-2b0d-4e85-bdf6-a015cff8dfe8,run1_rep1,F,OPEN,OPEN,request,NONE,MISS,0.05208299990044907,0.802708000264829,INFO,adaptador.request,false,fallido,0.6514169999718433,9935.133825824,9935.134576449,9935.133773741,9935.134477241,CACHE_MISS,2026-09-05T00:13:58.336191Z
e60690ad-6abf-419a-b73d-f127e0f38ab1,run1_rep1,F,OPEN,OPEN,request,NONE,MISS,0.04704200000560377,0.685041999531677,INFO,adaptador.request,false,fallido,0.5394159998104442,9935.157568491,9935.158206491,9935.157521449,9935.158107907,CACHE_MISS,2026-09-05T00:13:58.359869Z
35e3586b-a66d-48dd-9cdb-4d010db93f2d,run1_rep1,F,OPEN,OPEN,request,NONE,MISS,0.0362920000043232,2.1500830007425975,INFO,adaptador.request,false,fallido,2.055833001577412,9935.204235741,9935.206349532,9935.204199449,9935.206291574,CACHE_MISS,2026-09-05T00:13:58.407942Z
b20ec1de-d2b4-41e4-8906-22930d3b5141,run1_rep1,F,OPEN,OPEN,request,NONE,MISS,0.08750000051804818,2.4292500002047746,INFO,adaptador.request,false,fallido,2.248499999041087,9935.203156616,9935.205498366,9935.203069116,9935.205405116,CACHE_MISS,2026-09-05T00:13:58.408251Z
12d4c4ec-825a-4e04-a5e4-983150f99d60,run1_rep1,F,OPEN,OPEN,request,NONE,MISS,0.02037499871221371,1.0306249987479532,INFO,adaptador.request,false,fallido,0.9699170004751068,9935.206198032,9935.207208282,9935.206177657,9935.207167949,CACHE_MISS,2026-09-05T00:13:58.409098Z
8871bc58-df69-4db8-b1dc-0fe81cec1170,run1_rep1,F,OPEN,OPEN,request,NONE,MISS,0.022000000171829015,0.8096250003291061,INFO,adaptador.request,false,fallido,0.7336250000662403,9935.299826241,9935.300613866,9935.299804241,9935.300559866,CACHE_MISS,2026-09-05T00:13:58.502200Z
02c7c78f-eb88-4c0c-a417-e1a6e601623f,run1_rep1,F,OPEN,OPEN,request,NONE,MISS,0.05274999966786709,1.217125000039232,INFO,adaptador.request,false,fallido,1.082374999896274,9935.299097407,9935.300261782,9935.299044657,9935.300179782,CACHE_MISS,2026-09-05T00:13:58.502453Z
d6aeac50-628b-448e-9cf2-c605004d197f,run1_rep1,F,OPEN,OPEN,request,NONE,MISS,0.053416999435285106,0.8242919993790565,INFO,adaptador.request,false,fallido,0.6552079994435189,9935.327852991,9935.328623866,9935.327799574,9935.328508199,CACHE_MISS,2026-09-05T00:13:58.530284Z
3fea46a8-aea2-4c80-809b-d8060259a681,run1_rep1,F,OPEN,OPEN,request,NONE,MISS,0.036499999623629265,0.5903749988647178,INFO,adaptador.request,false,fallido,0.48141699880943634,9935.339949449,9935.340503324,9935.339912949,9935.340430866,CACHE_MISS,2026-09-05T00:13:58.542096Z
77dfa045-353e-4d17-8925-aacbce8a44dd,run1_rep1,F,OPEN,OPEN,request,NONE,MISS,0.024541999664506875,0.47204200018313713,INFO,adaptador.request,false,fallido,0.3753750006580958,9935.352968824,9935.353416324,9935.352944282,9935.353344199,CACHE_MISS,2026-09-05T00:13:58.555022Z
06905560-6dc3-4984-9bc3-89fdfc06d3f0,run1_rep1,F,OPEN,OPEN,request,NONE,MISS,0.035582999771577306,1.6557910003029974,INFO,adaptador.request,false,fallido,1.4951249995647231,9935.448793074,9935.450413282,9935.448757491,9935.450288199,CACHE_MISS,2026-09-05T00:13:58.652082Z
bfca62cb-51de-44b8-b7b3-cd79a4b7b5d5,run1_rep1,F,OPEN,OPEN,request,NONE,MISS,0.03974999890488107,1.302290998864919,INFO,adaptador.request,false,fallido,1.1830830007966142,9935.450129616,9935.451392157,9935.450089866,9935.451312699,CACHE_MISS,2026-09-05T00:13:58.652980Z
3cbdff33-2fdd-4839-9ae8-1380896cd821,run1_rep1,F,OPEN,OPEN,request,NONE,MISS,0.04083299972990062,0.8397919991693925,INFO,adaptador.request,false,fallido,0.5892919998586876,9935.497275074,9935.498074033,9935.497234241,9935.497864366,CACHE_MISS,2026-09-05T00:13:58.699745Z
64fc939b-6901-4a04-9d1a-9e11aa223708,run1_rep1,F,OPEN,OPEN,request,NONE,MISS,0.021833000573678873,0.3782500007218914,INFO,adaptador.request,false,fallido,0.307708000036655,9935.510209241,9935.510565658,9935.510187408,9935.510516949,CACHE_MISS,2026-09-05T00:13:58.712129Z
3f34809e-3750-4756-b136-bb9e0a126157,run1_rep1,F,OPEN,OPEN,request,NONE,MISS,0.056208999012596905,1.062624998667161,INFO,adaptador.request,false,fallido,0.9077080012502847,9935.581742158,9935.582748574,9935.581685949,9935.582649866,CACHE_MISS,2026-09-05T00:13:58.784383Z
ad6e2769-a586-47db-9de7-8af2ffad8089,run1_rep1,F,OPEN,OPEN,request,NONE,MISS,0.0239589990087552,1.0709999987739138,INFO,adaptador.request,false,fallido,0.9894579998217523,9935.582605033,9935.583652074,9935.582581074,9935.583594491,CACHE_MISS,2026-09-05T00:13:58.785234Z
f30b282b-28d8-4102-a1e0-ba7c15a4d586,run1_rep1,F,OPEN,OPEN,request,NONE,MISS,0.043959000322502106,0.7676250006625196,INFO,adaptador.request,false,fallido,0.5954160005785525,9935.605838533,9935.606562199,9935.605794574,9935.606433949,CACHE_MISS,2026-09-05T00:13:58.808315Z
0c174d1b-1b4b-4470-984c-327e2fe0f991,run1_rep1,F,OPEN,OPEN,request,NONE,MISS,0.04987499960407149,0.7363749991782242,INFO,adaptador.request,false,fallido,0.5793750005977927,9935.643733616,9935.644420116,9935.643683741,9935.644312991,CACHE_MISS,2026-09-05T00:13:58.846022Z
55b34df9-cd49-4b2a-8463-5ed0563e0a9b,run1_rep1,F,OPEN,OPEN,request,NONE,MISS,0.05454100028146058,1.149249999798485,INFO,adaptador.request,false,fallido,1.0044999999081483,9935.739644574,9935.740739283,9935.739590033,9935.740649074,CACHE_MISS,2026-09-05T00:13:58.942332Z
4b1d3a9e-b1f9-4eb4-89f9-792b96a6e797,run1_rep1,F,OPEN,OPEN,request,NONE,MISS,0.015499999790336005,1.126791999922716,INFO,adaptador.request,false,fallido,1.0426250009913929,9935.740107741,9935.741219033,9935.740092241,9935.741150366,CACHE_MISS,2026-09-05T00:13:58.942815Z
a675645c-5841-4b89-a260-9e9503f36c10,run1_rep1,F,OPEN,OPEN,request,NONE,MISS,0.03804200059676077,0.6107919998612488,INFO,adaptador.request,false,fallido,0.48799999967741314,9935.764896241,9935.765468991,9935.764858199,9935.765384241,CACHE_MISS,2026-09-05T00:13:58.967078Z
e9fda3dd-6566-4b2a-a200-ba5bfddb1ed6,run1_rep1,F,OPEN,OPEN,request,NONE,MISS,0.038249998397077434,0.5367079993447987,INFO,adaptador.request,false,fallido,0.42520800161582883,9935.778266491,9935.778764949,9935.778228241,9935.778691699,CACHE_MISS,2026-09-05T00:13:58.980359Z
a74b0097-8340-4d00-ba7c-3783da9b0deb,run1_rep1,F,OPEN,OPEN,request,NONE,MISS,0.05612499990093056,0.8114169995678822,INFO,adaptador.request,false,fallido,0.637875000393251,9935.891406866,9935.892162158,9935.891350741,9935.892044741,CACHE_MISS,2026-09-05T00:13:59.093789Z
4e059688-c0ea-49d2-9038-cbe32d15d24c,run1_rep1,F,OPEN,OPEN,request,NONE,MISS,0.028583001039805822,0.5201670010137605,INFO,adaptador.request,false,fallido,0.4212499989080243,9935.893119074,9935.893610658,9935.893090491,9935.893540324,CACHE_MISS,2026-09-05T00:13:59.095213Z
6ba41c0a-3160-4075-b967-9a2dc4a4dbdf,run1_rep1,F,OPEN,OPEN,request,NONE,MISS,0.05666599827236496,0.7545409989688778,INFO,adaptador.request,false,fallido,0.5876670002180617,9935.935756324,9935.936454199,9935.935699658,9935.936343991,CACHE_MISS,2026-09-05T00:13:59.138074Z
6dd8f976-2b72-46cd-b3d4-7103accef602,run1_rep1,F,OPEN,OPEN,request,NONE,MISS,0.03400000059627928,0.6874589998915326,INFO,adaptador.request,false,fallido,0.5086249984742608,9935.942372699,9935.943026158,9935.942338699,9935.942881324,CACHE_MISS,2026-09-05T00:13:59.144663Z
aa96c4e0-fa0a-4a86-a963-24cf72973141,run1_rep1,F,OPEN,OPEN,request,NONE,MISS,0.03991700032202061,1.131958000769373,INFO,adaptador.request,false,fallido,0.9936250007740455,9936.061999783,9936.063091824,9936.061959866,9936.062993408,CACHE_MISS,2026-09-05T00:13:59.264962Z
e83eab54-9b43-418c-a4f1-1830b9410696,run1_rep1,F,OPEN,OPEN,request,NONE,MISS,0.014667000868939795,0.8398749996558763,INFO,adaptador.request,false,fallido,0.7713329996477114,9936.062535741,9936.063360949,9936.062521074,9936.063307074,CACHE_MISS,2026-09-05T00:13:59.265231Z
f76f254f-872b-4c6e-b381-505e34c25d22,run1_rep1,F,OPEN,OPEN,request,NONE,MISS,0.036249999538995326,0.9531249997962732,INFO,adaptador.request,false,fallido,0.815708001027815,9936.073144491,9936.074061366,9936.073108241,9936.073960199,CACHE_MISS,2026-09-05T00:13:59.275944Z
f16970b7-9dad-4568-8a6d-06b2c782a066,run1_rep1,F,OPEN,OPEN,request,NONE,MISS,0.014750001355423592,0.7990419999259757,INFO,adaptador.request,false,fallido,0.7270419991982635,9936.073547616,9936.074331908,9936.073532866,9936.074274658,CACHE_MISS,2026-09-05T00:13:59.276211Z
2801ec3d-f246-4a81-aa6b-bd0323710e46,run1_rep1,F,OPEN,OPEN,request,NONE,MISS,0.04799999987881165,0.709291998646222,INFO,adaptador.request,false,fallido,0.5747089999204036,9936.118806074,9936.119467366,9936.118758074,9936.119380783,CACHE_MISS,2026-09-05T00:13:59.321060Z
1526bbd9-8c63-4056-a4ae-d46a55ec05c8,run1_rep1,F,OPEN,OPEN,request,NONE,MISS,0.053666999519919045,1.1674580000544665,INFO,adaptador.request,false,fallido,1.0194999995292164,9936.173416033,9936.174529824,9936.173362366,9936.174435533,CACHE_MISS,2026-09-05T00:13:59.376389Z
9fd1973c-80fc-4afb-bc0b-b731ac270c5d,run1_rep1,F,OPEN,OPEN,request,NONE,MISS,0.019166000129189342,0.9271250000892906,INFO,adaptador.request,false,fallido,0.8529999995516846,9936.173884824,9936.174792783,9936.173865658,9936.174737824,CACHE_MISS,2026-09-05T00:13:59.376725Z
bd3c839e-42aa-42e7-bf2f-2ee6625e540f,run1_rep1,F,OPEN,OPEN,request,NONE,MISS,0.02112500078510493,0.4311660013627261,INFO,adaptador.request,false,fallido,0.3482909996819217,9936.184553158,9936.184963199,9936.184532033,9936.184901449,CACHE_MISS,2026-09-05T00:13:59.386563Z
09e53c01-8b65-4c5a-9cf4-38af21434001,run1_rep1,F,OPEN,OPEN,request,NONE,MISS,0.04158400042797439,0.5990839999867603,INFO,adaptador.request,false,fallido,0.47087500024645124,9936.20964995,9936.21020745,9936.209608366,9936.210120825,CACHE_MISS,2026-09-05T00:13:59.411808Z
6f96afea-af60-482a-9cd5-ef8d2b33d2d7,run1_rep1,F,OPEN,OPEN,request,NONE,MISS,0.04962499951943755,0.7492919994547265,INFO,adaptador.request,false,fallido,0.6075839992263354,9936.230639366,9936.231339033,9936.230589741,9936.23124695,CACHE_MISS,2026-09-05T00:13:59.432937Z
56a2448a-4f03-448b-9356-7a935b11c775,run1_rep1,F,OPEN,OPEN,request,NONE,MISS,0.05962500108580571,0.901999999769032,INFO,adaptador.request,false,fallido,0.730874999135267,9936.292678866,9936.293521241,9936.292619241,9936.293409741,CACHE_MISS,2026-09-05T00:13:59.495130Z
1d5d3708-5b50-46b9-8fb7-c6812b5e4fe4,run1_rep1,F,OPEN,OPEN,request,NONE,MISS,0.05662500007019844,0.8523750002495944,INFO,adaptador.request,false,fallido,0.6335420002869796,9936.324226158,9936.325021908,9936.324169533,9936.3248597,CACHE_MISS,2026-09-05T00:13:59.526745Z
c03160f4-c227-4452-8218-223dc460e618,run1_rep1,F,OPEN,OPEN,request,NONE,MISS,0.051375000111875124,0.8382500000152504,INFO,adaptador.request,false,fallido,0.6669999984296737,9936.357599991,9936.358386866,9936.357548616,9936.358266991,CACHE_MISS,2026-09-05T00:13:59.559996Z
b890958c-ae31-4409-bdb3-06758ebad669,run1_rep1,F,OPEN,OPEN,request,NONE,MISS,0.040665998312761076,0.5707499985874165,INFO,adaptador.request,false,fallido,0.44916700062458403,9936.367900491,9936.368430575,9936.367859825,9936.368349658,CACHE_MISS,2026-09-05T00:13:59.570033Z
c38ddffd-df2a-4dbe-9a65-f2837afc4ba6,run1_rep1,F,OPEN,OPEN,request,NONE,MISS,0.0396249997720588,0.6125420004536863,INFO,adaptador.request,false,fallido,0.49354200018569827,9936.376766283,9936.3773392,9936.376726658,9936.377259825,CACHE_MISS,2026-09-05T00:13:59.578932Z
2169eec4-76ab-42f6-be97-42d5966e5ba8,run1_rep1,F,OPEN,OPEN,request,NONE,MISS,0.01925000105984509,0.417958000980434,INFO,adaptador.request,false,fallido,0.33762500061129685,9936.393994283,9936.394392991,9936.393975033,9936.394331908,CACHE_MISS,2026-09-05T00:13:59.595988Z
f0e44d0f-68d5-4238-a2ce-d5ba6b70ab0d,run1_rep1,F,OPEN,OPEN,request,NONE,MISS,0.04691600042860955,0.7978330013429513,INFO,adaptador.request,false,fallido,0.6494589997600997,9936.462458741,9936.463209658,9936.462411825,9936.4631082,CACHE_MISS,2026-09-05T00:13:59.664827Z
0df5e3b6-40f1-4e26-9062-7b5e76cb17c5,run1_rep1,F,OPEN,OPEN,request,NONE,MISS,0.05687500015483238,0.8381249990634387,INFO,adaptador.request,false,fallido,0.6716249990859069,9936.496658075,9936.497439325,9936.4966012,9936.4973297,CACHE_MISS,2026-09-05T00:13:59.699060Z
31d3a94f-1939-4e9c-9737-e32bfebc0c3b,run1_rep1,F,OPEN,OPEN,request,NONE,MISS,0.028500000553322025,0.5354999993869569,INFO,adaptador.request,false,fallido,0.4436249982973095,9936.570811908,9936.571318908,9936.570783408,9936.571255533,CACHE_MISS,2026-09-05T00:13:59.772901Z
d6fd1e3d-cf50-468c-9825-6f13f783d3e0,run1_rep1,F,OPEN,OPEN,request,NONE,MISS,0.021457999537233263,0.8927500002755551,INFO,adaptador.request,false,fallido,0.8114169995678822,9936.603267241,9936.604138533,9936.603245783,9936.604078658,CACHE_MISS,2026-09-05T00:13:59.805739Z
638374f8-d2b7-40cf-b0e7-9fe0aa3ae502,run1_rep1,F,OPEN,OPEN,request,NONE,MISS,0.018250000721309334,1.2594170002557803,INFO,adaptador.request,false,fallido,1.18583400035277,9936.603674741,9936.604915908,9936.603656491,9936.604860575,CACHE_MISS,2026-09-05T00:13:59.806506Z
521cbcca-2d8c-4c1d-903a-b7991903fb71,run1_rep1,F,OPEN,OPEN,request,NONE,MISS,0.014749999536434188,0.9340829983557342,INFO,adaptador.request,false,fallido,0.8672080002725124,9936.604515908,9936.605435241,9936.604501158,9936.605383116,CACHE_MISS,2026-09-05T00:13:59.807371Z
209aa576-3d7a-4376-bddd-ef317f828d46,run1_rep1,F,OPEN,OPEN,request,NONE,MISS,0.02116599898727145,0.4444579990376951,INFO,adaptador.request,false,fallido,0.36616699981095735,9936.642816491,9936.643239783,9936.642795325,9936.643182658,CACHE_MISS,2026-09-05T00:13:59.844819Z
d8b1b419-012a-451c-876a-f8a48d485224,run1_rep1,F,OPEN,OPEN,request,NONE,MISS,0.05441699977382086,0.8373340006073704,INFO,adaptador.request,false,fallido,0.6681250015390106,9936.701580283,9936.7023632,9936.701525866,9936.702248408,CACHE_MISS,2026-09-05T00:13:59.903991Z
d6d0d0eb-c782-4a06-b860-d5095a799eb4,run1_rep1,F,OPEN,OPEN,request,NONE,MISS,0.05712500023946632,0.8994999989226926,INFO,adaptador.request,false,fallido,0.7243339987326181,9936.736830616,9936.737672991,9936.736773491,9936.73755495,CACHE_MISS,2026-09-05T00:13:59.939299Z
ccc5a28c-e67f-4479-825a-0f029485eb65,run1_rep1,F,OPEN,OPEN,request,NONE,MISS,0.06012499943608418,0.871459000336472,INFO,adaptador.request,false,fallido,0.6692920014756965,9936.762268866,9936.7630802,9936.762208741,9936.762938158,CACHE_MISS,2026-09-05T00:13:59.964702Z
543a204c-8fc6-46a8-8762-2e9004b656e1,run1_rep1,F,OPEN,OPEN,request,NONE,MISS,0.03470800038485322,0.5605410005955491,INFO,adaptador.request,false,fallido,0.4518330006249016,9936.778256283,9936.778782116,9936.778221575,9936.778708116,CACHE_MISS,2026-09-05T00:13:59.980370Z
d75bff0e-a3de-427c-ada9-7d0a94ef7422,run1_rep1,F,OPEN,OPEN,request,NONE,MISS,0.0245829996856628,0.41362500087416265,INFO,adaptador.request,false,fallido,0.3329999999550637,9936.785360491,9936.785749533,9936.785335908,9936.785693491,CACHE_MISS,2026-09-05T00:13:59.987328Z
41ff3749-1345-4c95-9bb8-b5f9a32661f4,run1_rep1,F,OPEN,OPEN,request,NONE,MISS,0.019208999219699763,0.39795900011085905,INFO,adaptador.request,false,fallido,0.3072080016863765,9936.795661825,9936.796040575,9936.795642616,9936.795969033,CACHE_MISS,2026-09-05T00:13:59.997635Z
869f090c-99ac-4b7d-a29d-c3c8ee19f4ae,run1_rep1,F,OPEN,OPEN,request,NONE,MISS,0.017291000403929502,0.353749999703723,INFO,adaptador.request,false,fallido,0.28283400024520233,9936.806228616,9936.806565075,9936.806211325,9936.80651145,CACHE_MISS,2026-09-05T00:14:00.008146Z
724981eb-63c1-474f-ac51-1bb1c149026c,run1_rep1,F,OPEN,OPEN,request,NONE,MISS,0.0654579998808913,1.0548330010351492,INFO,adaptador.request,false,fallido,0.7624170011695242,9936.853168908,9936.854158283,9936.85310345,9936.853931325,CACHE_MISS,2026-09-05T00:14:00.055800Z
70be6969-5f91-4f1b-a463-81cc25a5289f,run1_rep1,F,OPEN,OPEN,request,NONE,MISS,0.03641600051196292,0.4245830004947493,INFO,adaptador.request,false,fallido,0.3382920003787149,9936.858024116,9936.858412283,9936.8579877,9936.858362408,CACHE_MISS,2026-09-05T00:14:00.059992Z
898b42f1-0eb3-439d-b2ef-4e4208aa57d0,run1_rep1,F,OPEN,OPEN,request,NONE,MISS,0.01595899993844796,0.34520900044299196,INFO,adaptador.request,false,fallido,0.2734580011747312,9936.87855045,9936.8788797,9936.878534491,9936.878823908,CACHE_MISS,2026-09-05T00:14:00.080461Z
8e98827a-0bd4-4c42-982b-61e9fe5b765e,run1_rep1,F,OPEN,OPEN,request,NONE,MISS,0.07316600022022612,0.8330000000569271,INFO,adaptador.request,false,fallido,0.6448340009228559,9936.911938033,9936.912697867,9936.911864867,9936.912582867,CACHE_MISS,2026-09-05T00:14:00.114323Z
e4c057f3-0f30-40b2-9ca9-909d07ca9e90,run1_rep1,F,OPEN,OPEN,request,NONE,MISS,0.05929200051468797,0.8198750001611188,INFO,adaptador.request,false,fallido,0.6519159996969393,9936.981760867,9936.98252145,9936.981701575,9936.982412783,CACHE_MISS,2026-09-05T00:14:00.184121Z
c5610c49-ab04-46c7-bca9-0fc90b628416,run1_rep1,F,OPEN,OPEN,request,NONE,MISS,0.05458300074678846,0.860666001244681,INFO,adaptador.request,false,fallido,0.6864999995741528,9937.0313582,9937.032164283,9937.031303617,9937.0320447,CACHE_MISS,2026-09-05T00:14:00.233791Z
1a1d4093-5321-404a-a21e-6f5222f2d10f,run1_rep1,F,OPEN,OPEN,request,NONE,MISS,0.058958999943570234,0.8584170009271475,INFO,adaptador.request,false,fallido,0.6955829994694795,9937.057663492,9937.05846295,9937.057604533,9937.058359075,CACHE_MISS,2026-09-05T00:14:00.260062Z
79b94dc1-3f65-4f2e-b515-367aac3ddc55,run1_rep1,F,OPEN,OPEN,request,NONE,MISS,0.05004099875804968,1.2827499995182734,INFO,adaptador.request,false,fallido,1.1246670001128223,9937.113297158,9937.114529867,9937.113247117,9937.114421825,CACHE_MISS,2026-09-05T00:14:00.316135Z
e2892153-d9da-4f0b-897c-b2ec4ce1be32,run1_rep1,F,OPEN,OPEN,request,NONE,MISS,0.059500000133994035,0.9825839988479856,INFO,adaptador.request,false,fallido,0.7947920003061881,9937.168515408,9937.169438492,9937.168455908,9937.1693102,CACHE_MISS,2026-09-05T00:14:00.371053Z
85479044-1037-4deb-b9a2-80b47154087e,run1_rep1,F,OPEN,OPEN,request,NONE,MISS,0.027957999918726273,0.5209580012888182,INFO,adaptador.request,false,fallido,0.43833400013681967,9937.176047533,9937.176540533,9937.176019575,9937.176485867,CACHE_MISS,2026-09-05T00:14:00.378121Z
73f01c4d-6afb-4b9b-8a7b-4a027ad89929,run1_rep1,F,OPEN,OPEN,request,NONE,MISS,0.05104199954075739,0.7997079992492218,INFO,adaptador.request,false,fallido,0.6402910003089346,9937.210749742,9937.211498408,9937.2106987,9937.211390033,CACHE_MISS,2026-09-05T00:14:00.413124Z
5b31dafe-8b83-4357-abbc-1bbbebc9c357,run1_rep1,F,OPEN,OPEN,request,NONE,MISS,0.05345899990061298,1.1677919992507668,INFO,adaptador.request,false,fallido,1.006665999739198,9937.262570117,9937.26368445,9937.262516658,9937.263576783,CACHE_MISS,2026-09-05T00:14:00.465579Z
33ce1223-5b88-44f2-8fc4-15a1ec25ff61,run1_rep1,F,OPEN,OPEN,request,NONE,MISS,0.021584000933216885,0.8833339998091105,INFO,adaptador.request,false,fallido,0.8160830002452713,9937.263103117,9937.263964867,9937.263081533,9937.2639192,CACHE_MISS,2026-09-05T00:14:00.465875Z
57a1841b-db4d-40b6-9904-7c413a755a76,run1_rep1,F,OPEN,OPEN,request,NONE,MISS,0.0513340000907192,0.8532089996151626,INFO,adaptador.request,false,fallido,0.6856250001874287,9937.300455367,9937.301257242,9937.300404033,9937.301140992,CACHE_MISS,2026-09-05T00:14:00.502857Z
8d2f41d7-d9dc-4386-9c43-816d0a150a34,run1_rep1,F,OPEN,OPEN,request,NONE,MISS,0.038500000300700776,0.655416999506997,INFO,adaptador.request,false,fallido,0.5335000005288748,9937.320903533,9937.32152045,9937.320865033,9937.321437033,CACHE_MISS,2026-09-05T00:14:00.523109Z
059b9bd2-b9ef-4e3e-86ca-9777e2bef068,run1_rep1,F,OPEN,OPEN,request,NONE,MISS,0.06795899935241323,1.6380840006604558,INFO,adaptador.request,false,fallido,1.4809580006840406,9937.387931492,9937.389501617,9937.387863533,9937.38941245,CACHE_MISS,2026-09-05T00:14:00.591116Z
3335f3d1-8050-47bc-89a7-2df972f2b8ab,run1_rep1,F,OPEN,OPEN,request,NONE,MISS,0.03429200114624109,1.648500001465436,INFO,adaptador.request,false,fallido,1.5343329996539978,9937.38932195,9937.390936158,9937.389287658,9937.390856283,CACHE_MISS,2026-09-05T00:14:00.592565Z
92cfc411-dc6b-4d35-8ed6-4e587829e43a,run1_rep1,F,OPEN,OPEN,request,NONE,MISS,0.02245799987576902,0.862667000546935,INFO,adaptador.request,false,fallido,0.7512499996664701,9937.391385158,9937.392225367,9937.3913627,9937.392136408,CACHE_MISS,2026-09-05T00:14:00.594108Z
a28931f6-db56-42bd-ad0f-eae4b92a4b55,run1_rep1,F,OPEN,OPEN,request,NONE,MISS,0.02329199924133718,0.42137499985983595,INFO,adaptador.request,false,fallido,0.34491699989303015,9937.39746045,9937.397858533,9937.397437158,9937.397805367,CACHE_MISS,2026-09-05T00:14:00.599441Z
fbcd8e22-0953-4eaa-babc-66a71cf55bb3,run1_rep1,F,OPEN,OPEN,request,NONE,MISS,0.022958000045036897,0.48683299974072725,INFO,adaptador.request,false,fallido,0.4104999989067437,9937.4124912,9937.412955075,9937.412468242,9937.4129017,CACHE_MISS,2026-09-05T00:14:00.614542Z
fe26b17e-a7dc-4fcc-b15f-0b61fac752ff,run1_rep1,F,OPEN,OPEN,request,NONE,MISS,0.057916999139706604,0.9068750005098991,INFO,adaptador.request,false,fallido,0.7283330014615785,9937.512653617,9937.513502575,9937.5125957,9937.51338195,CACHE_MISS,2026-09-05T00:14:00.715138Z
593c0aa9-5929-42fd-a769-bdd538548120,run1_rep1,F,OPEN,OPEN,request,NONE,MISS,0.03204099994036369,0.7097079997038236,INFO,adaptador.request,false,fallido,0.5929590006417129,9937.574487533,9937.5751652,9937.574455492,9937.575080492,CACHE_MISS,2026-09-05T00:14:00.776779Z
37e4d087-06bd-4e3e-9c7b-624202a401b9,run1_rep1,F,OPEN,OPEN,request,NONE,MISS,0.01608300044608768,0.2810000005410984,INFO,adaptador.request,false,fallido,0.23024999973131344,9937.578558783,9937.5788237,9937.5785427,9937.578789033,CACHE_MISS,2026-09-05T00:14:00.780380Z
91160ee0-1aea-40ae-b1fc-d081062056cd,run1_rep1,F,OPEN,OPEN,request,NONE,MISS,0.06287500036705751,0.7742500001768349,INFO,adaptador.request,false,fallido,0.6449579996115062,9937.628518992,9937.629230367,9937.628456117,9937.62916395,CACHE_MISS,2026-09-05T00:14:00.830809Z
9b66b0c3-821b-436c-bb8c-f0ee64891a8f,run1_rep1,F,OPEN,OPEN,request,NONE,MISS,0.016916999811655842,0.3231669998058351,INFO,adaptador.request,false,fallido,0.26699999943957664,9937.641784534,9937.642090784,9937.641767617,9937.642051534,CACHE_MISS,2026-09-05T00:14:00.843659Z
f6c19127-1714-4c2a-870d-135e3162a75c,run1_rep1,F,OPEN,OPEN,request,NONE,MISS,0.013750001016887836,0.2718340001592878,INFO,adaptador.request,false,fallido,0.21995899987814482,9937.64565145,9937.645909534,9937.6456377,9937.645871409,CACHE_MISS,2026-09-05T00:14:00.847471Z
7bbbbf76-5b24-455d-ac3d-65e7a2a09efa,run1_rep1,F,OPEN,OPEN,request,NONE,MISS,0.013875000149710104,0.28729199948429596,INFO,adaptador.request,false,fallido,0.22612499924434815,9937.653671492,9937.653944909,9937.653657617,9937.653897617,CACHE_MISS,2026-09-05T00:14:00.855547Z
6200e4f7-2e12-402e-87d0-5c8aaf083117,run1_rep1,F,OPEN,OPEN,request,NONE,MISS,0.011916999937966466,0.3009169995493721,INFO,adaptador.request,false,fallido,0.2144999998563435,9937.663760284,9937.664049284,9937.663748367,9937.663974784,CACHE_MISS,2026-09-05T00:14:00.865622Z
c8319e34-61c0-4be9-93f7-5918c5686cfd,run1_rep1,F,OPEN,OPEN,request,NONE,MISS,0.05783400047221221,0.9426249998796266,INFO,adaptador.request,false,fallido,0.7826660003047436,9937.752619159,9937.75350395,9937.752561325,9937.753401825,CACHE_MISS,2026-09-05T00:14:00.955127Z
48c47ce3-ae37-49d5-bb03-fa3cf223a861,run1_rep1,F,OPEN,OPEN,request,NONE,MISS,0.02308300099684857,0.4594160000124248,INFO,adaptador.request,false,fallido,0.3684579987748293,9937.761064992,9937.761501325,9937.761041909,9937.76143345,CACHE_MISS,2026-09-05T00:14:00.963097Z
b23a35f4-2786-4259-a228-caa49c7632b4,run1_rep1,F,OPEN,OPEN,request,NONE,MISS,0.019708000763785094,0.375749999875552,INFO,adaptador.request,false,fallido,0.30441699891525786,9937.771139992,9937.771496034,9937.771120284,9937.771444409,CACHE_MISS,2026-09-05T00:14:00.973079Z
2f6d84d2-fd13-4dc5-adf9-40714bc9c012,run1_rep1,F,OPEN,OPEN,request,NONE,MISS,0.04041600004711654,0.8556250013498357,INFO,adaptador.request,false,fallido,0.7006249998084968,9937.8360767,9937.836891909,9937.836036284,9937.836777325,CACHE_MISS,2026-09-05T00:14:01.038505Z
4ae5496a-1ddf-4321-9885-af2d901bb4b5,run1_rep1,F,OPEN,OPEN,request,NONE,MISS,0.04583400004776195,0.4416249994392274,INFO,adaptador.request,false,fallido,0.3378330002306029,9937.857036034,9937.857431825,9937.8569902,9937.857373867,CACHE_MISS,2026-09-05T00:14:01.059011Z
c5752b08-6e6a-4960-bb2e-f60050c57142,run1_rep1,F,OPEN,OPEN,request,NONE,MISS,0.06191700049384963,0.9756250001373701,INFO,adaptador.request,false,fallido,0.7907500003057066,9937.886320992,9937.8872347,9937.886259075,9937.887111742,CACHE_MISS,2026-09-05T00:14:01.088862Z
974c984b-f43f-46b5-aa78-d8248264a446,run1_rep1,F,OPEN,OPEN,request,NONE,MISS,0.044249998609302565,0.9442499995202525,INFO,adaptador.request,false,fallido,0.7636660011485219,9937.933170784,9937.934070784,9937.933126534,9937.93393445,CACHE_MISS,2026-09-05T00:14:01.135691Z
7cc751b2-14fb-42f9-8eb8-22db233c1932,run1_rep1,F,OPEN,OPEN,request,NONE,MISS,0.06345799920381978,0.9288330002164003,INFO,adaptador.request,false,fallido,0.7719589993939735,9937.96862145,9937.969486825,9937.968557992,9937.969393409,CACHE_MISS,2026-09-05T00:14:01.171099Z
7e4ce19d-89b2-42bc-af0d-1f557ae53213,run1_rep1,F,OPEN,OPEN,request,NONE,MISS,0.06466699960583355,0.8590420002292376,INFO,adaptador.request,false,fallido,0.6671250012004748,9937.998558242,9937.999352617,9937.998493575,9937.999225367,CACHE_MISS,2026-09-05T00:14:01.200981Z
52637657-318a-488c-8e9c-fc83129c6e16,run1_rep1,F,OPEN,OPEN,request,NONE,MISS,0.03154099977109581,0.5554159997700481,INFO,adaptador.request,false,fallido,0.44254199929127935,9938.006650325,9938.0071742,9938.006618784,9938.007092867,CACHE_MISS,2026-09-05T00:14:01.208773Z
814c5289-8696-433a-b541-8c73ff96e106,run1_rep1,F,OPEN,OPEN,request,NONE,MISS,0.05816699922434054,0.9060829997906694,INFO,adaptador.request,false,fallido,0.7176660001277924,9938.052776159,9938.053624075,9938.052717992,9938.053493825,CACHE_MISS,2026-09-05T00:14:01.255275Z
e92a3167-5637-4016-8b38-296835d81474,run1_rep1,F,OPEN,OPEN,request,NONE,MISS,0.018374999854131602,0.9725420004542684,INFO,adaptador.request,false,fallido,0.8893750000424916,9938.13573645,9938.136690617,9938.135718075,9938.136625825,CACHE_MISS,2026-09-05T00:14:01.338285Z
fd964236-6151-4375-9ac5-b5b2d8b0a28d,run1_rep1,F,OPEN,OPEN,request,NONE,MISS,0.026292000256944448,2.1113750008225907,INFO,adaptador.request,false,fallido,2.034125000136555,9938.135328659,9938.137413742,9938.135302367,9938.137362784,CACHE_MISS,2026-09-05T00:14:01.339287Z
fed19d04-d341-45f8-81d1-7b319090efad,run1_rep1,F,OPEN,OPEN,request,NONE,MISS,0.01383299968438223,2.172874999814667,INFO,adaptador.request,false,fallido,2.1133749996806728,9938.136154492,9938.138313534,9938.136140659,9938.138267867,CACHE_MISS,2026-09-05T00:14:01.340172Z
7187f95d-07c9-4107-8b81-9f2790572e03,run1_rep1,F,OPEN,OPEN,request,NONE,MISS,0.021791998733533546,0.4108339999220334,INFO,adaptador.request,false,fallido,0.3381670012458926,9938.167710617,9938.168099659,9938.167688825,9938.168048784,CACHE_MISS,2026-09-05T00:14:01.369683Z
57e0c594-49fe-4991-a561-eeec9b4a043d,run1_rep1,F,OPEN,OPEN,request,NONE,MISS,0.06404099985957146,1.5204579995042877,INFO,adaptador.request,false,fallido,1.353208999717026,9938.265350575,9938.266806992,9938.265286534,9938.266703784,CACHE_MISS,2026-09-05T00:14:01.468435Z
f8771cef-f781-4252-8aaf-a2510c9a887e,run1_rep1,F,OPEN,OPEN,request,NONE,MISS,0.03883299905282911,1.678957998592523,INFO,adaptador.request,false,fallido,1.5832919998501893,9938.2665232,9938.268163325,9938.266484367,9938.268106492,CACHE_MISS,2026-09-05T00:14:01.470150Z
b3d5e66a-a075-49db-b7ad-e3d38e054e15,run1_rep1,F,OPEN,OPEN,request,NONE,MISS,0.02591600059531629,0.8458749998681014,INFO,adaptador.request,false,fallido,0.780459000452538,9938.2677427,9938.268562659,9938.267716784,9938.268523159,CACHE_MISS,2026-09-05T00:14:01.470468Z
969db2b3-797f-4a44-8881-50be45960701,run1_rep1,F,OPEN,OPEN,request,NONE,MISS,0.0580830001126742,1.1455000003479654,INFO,adaptador.request,false,fallido,0.9434170005988562,9938.339867284,9938.340954701,9938.339809201,9938.340810701,CACHE_MISS,2026-09-05T00:14:01.542603Z
5fc098d5-901a-4c6e-95fd-3ba7079ca057,run1_rep1,F,OPEN,OPEN,request,NONE,MISS,0.02437499824736733,0.8432089998677839,INFO,adaptador.request,false,fallido,0.7556670007033972,9938.343357617,9938.344176451,9938.343333242,9938.344113284,CACHE_MISS,2026-09-05T00:14:01.545769Z
f4b111a0-64ea-4a8f-aff1-ac6d241f6c3c,run1_rep1,F,OPEN,OPEN,request,NONE,MISS,0.0429579995397944,0.6189579999045236,INFO,adaptador.request,false,fallido,0.4985000014130492,9938.372247659,9938.372823659,9938.372204701,9938.372746159,CACHE_MISS,2026-09-05T00:14:01.574418Z
660a6705-f10e-4b4c-9e18-cca2614fbef7,run1_rep1,F,OPEN,OPEN,request,NONE,MISS,0.05337499896995723,0.9596660001989221,INFO,adaptador.request,false,fallido,0.7772080007271143,9938.428822576,9938.429728867,9938.428769201,9938.429599784,CACHE_MISS,2026-09-05T00:14:01.631364Z
02f920bb-58aa-4a3d-a9cc-c48bd8555c85,run1_rep1,F,OPEN,OPEN,request,NONE,MISS,0.05491600131790619,0.7532079998782137,INFO,adaptador.request,false,fallido,0.6052089993318077,9938.473240617,9938.473938909,9938.473185701,9938.473845826,CACHE_MISS,2026-09-05T00:14:01.675559Z
876352eb-2f42-4b11-bc5a-8630580c9e3d,run1_rep1,F,OPEN,OPEN,request,NONE,MISS,0.05383300049288664,0.8227910002460703,INFO,adaptador.request,false,fallido,0.6754999994882382,9938.518731409,9938.519500367,9938.518677576,9938.519406909,CACHE_MISS,2026-09-05T00:14:01.721098Z
651a11f9-72bb-4ed3-83d7-0a6401c1d521,run1_rep1,F,OPEN,OPEN,request,NONE,MISS,0.05745799899159465,1.2578749992826488,INFO,adaptador.request,false,fallido,1.0917090003204066,9938.558075742,9938.559276159,9938.558018284,9938.559167451,CACHE_MISS,2026-09-05T00:14:01.761171Z
18b5bb1c-4b68-4415-8359-febeed6caadc,run1_rep1,F,OPEN,OPEN,request,NONE,MISS,0.024832999770296738,0.7947920003061881,INFO,adaptador.request,false,fallido,0.7106670000212034,9938.558782867,9938.559552826,9938.558758034,9938.559493534,CACHE_MISS,2026-09-05T00:14:01.761459Z
ed7d9256-bdd6-43eb-b7dc-0cb03f1cdfcd,run1_rep1,F,OPEN,OPEN,request,NONE,MISS,0.023709000743110664,0.47249999988707714,INFO,adaptador.request,false,fallido,0.39245799962372985,9938.565786826,9938.566235617,9938.565763117,9938.566179284,CACHE_MISS,2026-09-05T00:14:01.767817Z
29e43532-649b-41ce-a173-613ecc83b8d8,run1_rep1,F,OPEN,OPEN,request,NONE,MISS,0.07129199912014883,0.8059579995460808,INFO,adaptador.request,false,fallido,0.6312080004136078,9938.604985826,9938.605720492,9938.604914534,9938.605617034,CACHE_MISS,2026-09-05T00:14:01.807334Z
8d09ded7-fd26-4eee-a371-757fe2991905,run1_rep1,F,OPEN,OPEN,request,NONE,MISS,0.05745799899159465,0.8167920004780171,INFO,adaptador.request,false,fallido,0.6369170005200431,9938.621462242,9938.622221576,9938.621404784,9938.622099159,CACHE_MISS,2026-09-05T00:14:01.823907Z
f76c3f9a-692d-45ca-b437-303f74cd746e,run1_rep1,F,OPEN,OPEN,request,NONE,MISS,0.02033300006587524,0.39037499846017454,INFO,adaptador.request,false,fallido,0.31695799953013193,9938.638527409,9938.638897451,9938.638507076,9938.638844367,CACHE_MISS,2026-09-05T00:14:01.840482Z
4bb4d67c-1ff5-43de-896b-5c669c27783a,run1_rep1,F,OPEN,OPEN,request,NONE,MISS,0.05095899905427359,0.7539169982919702,INFO,adaptador.request,false,fallido,0.6058750004740432,9938.672731576,9938.673434534,9938.672680617,9938.673337451,CACHE_MISS,2026-09-05T00:14:01.875042Z
e1955cea-12d0-4366-aefb-3f7ca4158294,run1_rep1,F,OPEN,OPEN,request,NONE,MISS,0.07333299981837627,0.8562499988329364,INFO,adaptador.request,false,fallido,0.6642919997830177,9938.728027617,9938.728810534,9938.727954284,9938.728691909,CACHE_MISS,2026-09-05T00:14:01.930435Z
2585a248-554f-4785-879a-a1b9cd4e9b15,run1_rep1,F,OPEN,OPEN,request,NONE,MISS,0.04733300011139363,0.7269580000865972,INFO,adaptador.request,false,fallido,0.5858750009792857,9938.752263117,9938.752942742,9938.752215784,9938.752848992,CACHE_MISS,2026-09-05T00:14:01.954575Z
6cb4497a-7fba-47ec-bd86-2e52c7c38679,run1_rep1,F,OPEN,OPEN,request,NONE,MISS,0.0340410006174352,0.5784160002804128,INFO,adaptador.request,false,fallido,0.464000000647502,9938.762823117,9938.763367492,9938.762789076,9938.763287117,CACHE_MISS,2026-09-05T00:14:01.964966Z
efaa1640-9fc5-4fdf-b9c1-459006b6dc2d,run1_rep1,F,OPEN,OPEN,request,NONE,MISS,0.05279200013319496,0.7624589998158626,INFO,adaptador.request,false,fallido,0.6064999997761333,9938.807874034,9938.808583701,9938.807821242,9938.808480534,CACHE_MISS,2026-09-05T00:14:02.010199Z
3626d52a-517b-4a00-875e-13a0fecba4bb,run1_rep1,F,OPEN,OPEN,request,NONE,MISS,0.052207999033271335,0.7840830003260635,INFO,adaptador.request,false,fallido,0.623500000074273,9938.831465909,9938.832197784,9938.831413701,9938.832089409,CACHE_MISS,2026-09-05T00:14:02.033810Z
297ee9f2-e190-4711-a236-60a71c65726c,run1_rep1,F,OPEN,OPEN,request,NONE,MISS,0.025249999453080818,0.4839590001211036,INFO,adaptador.request,false,fallido,0.4036250011267839,9938.845993242,9938.846451951,9938.845967992,9938.846396867,CACHE_MISS,2026-09-05T00:14:02.048028Z
295f01f0-7e4c-4017-8976-c274c219c351,run1_rep1,F,OPEN,OPEN,request,NONE,MISS,0.02633300027810037,0.7567499997094274,INFO,adaptador.request,false,fallido,0.6657919984718319,9938.981165409,9938.981895826,9938.981139076,9938.981831201,CACHE_MISS,2026-09-05T00:14:02.183544Z
6e2acc2c-1511-4c9a-b101-9e7c2b77f221,run1_rep1,F,OPEN,OPEN,request,NONE,MISS,0.015000001440057531,0.8622500008641509,INFO,adaptador.request,false,fallido,0.8013329988898477,9938.981575326,9938.982422576,9938.981560326,9938.982376659,CACHE_MISS,2026-09-05T00:14:02.183999Z
b9fb4a0a-6f31-481a-8513-c4132f3e409c,run1_rep1,F,OPEN,OPEN,request,NONE,MISS,0.049000000217347406,0.8020000004762551,INFO,adaptador.request,false,fallido,0.6520839997392613,9939.034640284,9939.035393284,9939.034591284,9939.035292368,CACHE_MISS,2026-09-05T00:14:02.237007Z
b491f2a2-59ee-428c-8a1b-78753322d5ee,run1_rep1,F,OPEN,OPEN,request,NONE,MISS,0.04904200068267528,0.7504999994125683,INFO,adaptador.request,false,fallido,0.6172499997774139,9939.059960201,9939.060661659,9939.059911159,9939.060577451,CACHE_MISS,2026-09-05T00:14:02.262249Z
15c0432f-b53c-49ff-bb5c-f30665596a72,run1_rep1,F,OPEN,OPEN,request,NONE,MISS,0.055250000514206477,0.8302090009237872,INFO,adaptador.request,false,fallido,0.6655420002061874,9939.098776409,9939.099551368,9939.098721159,9939.099441951,CACHE_MISS,2026-09-05T00:14:02.301174Z
f1da4b8a-60b0-4bef-91f2-b91a5771f69f,run1_rep1,F,OPEN,OPEN,request,NONE,MISS,0.03775000004679896,0.5797920002805768,INFO,adaptador.request,false,fallido,0.45700000009674113,9939.118394576,9939.118936618,9939.118356826,9939.118851576,CACHE_MISS,2026-09-05T00:14:02.320560Z
080c80d4-e88e-41fa-bae6-b598b34b4b4f,run1_rep1,F,OPEN,OPEN,request,NONE,MISS,0.0625829998170957,0.9847500004980247,INFO,adaptador.request,false,fallido,0.7963339994603302,9939.157841409,9939.158763576,9939.157778826,9939.158637743,CACHE_MISS,2026-09-05T00:14:02.360389Z
82d43ee1-e8eb-4b95-99ec-cc2ed7b05589,run1_rep1,F,OPEN,OPEN,request,NONE,MISS,0.030625000363215804,0.5926250014454126,INFO,adaptador.request,false,fallido,0.43533300049602985,9939.160959993,9939.161521993,9939.160929368,9939.161395326,CACHE_MISS,2026-09-05T00:14:02.363127Z
952eafa3-7678-47a2-b71f-8a5509a59ec2,run1_rep1,F,OPEN,OPEN,request,NONE,MISS,0.048541998694418,0.6255839998630108,INFO,adaptador.request,false,fallido,0.5038750005041948,9939.185956451,9939.186533493,9939.185907909,9939.186460326,CACHE_MISS,2026-09-05T00:14:02.388109Z
1da0d66c-18a0-436f-972c-ae70ed3b8bc4,run1_rep1,F,OPEN,OPEN,request,NONE,MISS,0.04191699918010272,0.7072079988574842,INFO,adaptador.request,false,fallido,0.5671250000887085,9939.206677118,9939.207342409,9939.206635201,9939.207244243,CACHE_MISS,2026-09-05T00:14:02.408947Z
24ff4740-30f5-4cca-9e50-09b87aeb36ef,run1_rep1,F,OPEN,OPEN,request,NONE,MISS,0.054457999794976786,0.8180410004570149,INFO,adaptador.request,false,fallido,0.6667500001640292,9939.257915826,9939.258679409,9939.257861368,9939.258582576,CACHE_MISS,2026-09-05T00:14:02.460281Z
12f7a9e4-c10a-41c4-9415-1bfaecc6c49b,run1_rep1,F,OPEN,OPEN,request,NONE,MISS,0.02725000013015233,0.4500420000113081,INFO,adaptador.request,false,fallido,0.3647499997896375,9939.264293284,9939.264716076,9939.264266034,9939.264658034,CACHE_MISS,2026-09-05T00:14:02.466299Z
9c58e311-554a-4877-8c56-d0993a0a3a24,run1_rep1,F,OPEN,OPEN,request,NONE,MISS,0.016250000044237822,0.4004579986940371,INFO,adaptador.request,false,fallido,0.3251250000175787,9939.279710618,9939.280094826,9939.279694368,9939.280035743,CACHE_MISS,2026-09-05T00:14:02.481685Z
5f6112cd-cbff-4fc1-8bb3-747df5231833,run1_rep1,F,OPEN,OPEN,request,NONE,MISS,0.05229199996392708,0.8440420006081695,INFO,adaptador.request,false,fallido,0.6806250003137393,9939.357697951,9939.358489701,9939.357645659,9939.358378576,CACHE_MISS,2026-09-05T00:14:02.560115Z
a2963e59-112b-493b-a535-f25f7b718eea,run1_rep1,F,OPEN,OPEN,request,NONE,MISS,0.04904200068267528,0.7338340001297183,INFO,adaptador.request,false,fallido,0.5863749993295642,9939.384198451,9939.384883243,9939.384149409,9939.384784826,CACHE_MISS,2026-09-05T00:14:02.586493Z
9906fbeb-222c-4819-8524-e4d6c3810a47,run1_rep1,F,OPEN,OPEN,request,NONE,MISS,0.020417000996530987,0.4102080001757713,INFO,adaptador.request,false,fallido,0.33691599855956156,9939.392511993,9939.392901784,9939.392491576,9939.392848909,CACHE_MISS,2026-09-05T00:14:02.594482Z
4b955ac6-60e0-42b5-8790-9714a5d12f82,run1_rep1,F,OPEN,OPEN,request,NONE,MISS,0.05612499990093056,0.7877500011090888,INFO,adaptador.request,false,fallido,0.6291250010690419,9939.436232076,9939.436963701,9939.436175951,9939.436861201,CACHE_MISS,2026-09-05T00:14:02.638606Z
302a2881-e1ff-42c4-8d40-1d6b4d2dac57,run1_rep1,F,OPEN,OPEN,request,NONE,MISS,0.026708999939728528,0.8431670012214454,INFO,adaptador.request,false,fallido,0.7724580009380588,9939.457135743,9939.457952201,9939.457109034,9939.457908201,CACHE_MISS,2026-09-05T00:14:02.659560Z
06780b28-bcee-4c08-b3d8-d1e1c013b32b,run1_rep1,F,OPEN,OPEN,request,NONE,MISS,0.05095899905427359,1.175333998617134,INFO,adaptador.request,false,fallido,1.047708001351566,9939.456587743,9939.457712118,9939.456536784,9939.457635451,CACHE_MISS,2026-09-05T00:14:02.659816Z
b0c24f63-f631-460c-96c4-a5dac2ac7417,run1_rep1,F,OPEN,OPEN,request,NONE,MISS,0.05587499981629662,0.8225830006267643,INFO,adaptador.request,false,fallido,0.6566249994648388,9939.514762326,9939.515529034,9939.514706451,9939.515418951,CACHE_MISS,2026-09-05T00:14:02.717155Z
21d52dbf-8196-4290-b697-7de36ae497ed,run1_rep1,F,OPEN,OPEN,request,NONE,MISS,0.03720899985637516,1.0711249997257255,INFO,adaptador.request,false,fallido,0.9520410003460711,9939.614338243,9939.615372159,9939.614301034,9939.615290284,CACHE_MISS,2026-09-05T00:14:02.816991Z
f5ce02cc-91c3-4553-a52c-89eb84bebcdf,run1_rep1,F,OPEN,OPEN,request,NONE,MISS,0.022000000171829015,1.1902909991476918,INFO,adaptador.request,false,fallido,1.09629100006714,9939.614859743,9939.616028034,9939.614837743,9939.615956034,CACHE_MISS,2026-09-05T00:14:02.817800Z
85cab58b-3715-4c74-9888-7509f62aa580,run1_rep1,F,OPEN,OPEN,request,NONE,MISS,0.018790999092743732,0.4032910001114942,INFO,adaptador.request,false,fallido,0.31191699963528663,9939.620199534,9939.620584034,9939.620180743,9939.620511451,CACHE_MISS,2026-09-05T00:14:02.822169Z
aae056cf-ac30-4216-a21a-396289aa5ca3,run1_rep1,F,OPEN,OPEN,request,NONE,MISS,0.016541000150027685,0.34058300116157625,INFO,adaptador.request,false,fallido,0.27045900060329586,9939.629908534,9939.630232576,9939.629891993,9939.630178993,CACHE_MISS,2026-09-05T00:14:02.831807Z
ad442338-e2a6-42cd-b65d-3c01c9071aa3,run1_rep1,F,OPEN,OPEN,request,NONE,MISS,0.019749999410123564,0.32470800033479463,INFO,adaptador.request,false,fallido,0.26662500022212043,9939.659179826,9939.659484784,9939.659160076,9939.659446451,CACHE_MISS,2026-09-05T00:14:02.861039Z
8dfdf475-cecb-4476-a3a9-aab93dc6e1ff,run1_rep1,F,OPEN,OPEN,request,NONE,MISS,0.02633300027810037,0.48962499931803904,INFO,adaptador.request,false,fallido,0.39716699939162936,9939.675259034,9939.675722326,9939.675232701,9939.675656201,CACHE_MISS,2026-09-05T00:14:02.877307Z
9fecc5ca-f013-4e41-bd0b-231d2d72cdbe,run1_rep1,F,OPEN,OPEN,request,NONE,MISS,0.04616699879989028,0.7682919986109482,INFO,adaptador.request,false,fallido,0.6231250008568168,9939.729471743,9939.730193868,9939.729425576,9939.730094868,CACHE_MISS,2026-09-05T00:14:02.931817Z
81982785-0091-48d2-9479-876f6847742c,run1_rep1,F,OPEN,OPEN,request,NONE,MISS,0.044207999962964095,0.7290410012501525,INFO,adaptador.request,false,fallido,0.586666999879526,9939.740086118,9939.740770951,9939.74004191,9939.740672785,CACHE_MISS,2026-09-05T00:14:02.942380Z
a3bd8df2-991a-48fe-b4ac-5139495bedc1,run1_rep1,F,OPEN,OPEN,request,NONE,MISS,0.017083999409805983,0.3223750009055948,INFO,adaptador.request,false,fallido,0.26391600113129243,9939.745600035,9939.745905326,9939.745582951,9939.745863951,CACHE_MISS,2026-09-05T00:14:02.947478Z
3f98f275-65a4-4ab8-8ad5-9d9a43e1d47a,run1_rep1,F,OPEN,OPEN,request,NONE,MISS,0.01795800017134752,0.35608299913292285,INFO,adaptador.request,false,fallido,0.2878340001188917,9939.770384576,9939.770722701,9939.770366618,9939.77067241,CACHE_MISS,2026-09-05T00:14:02.972311Z
42a5de5b-700b-4871-918d-35b2dc398a4c,run1_rep1,F,OPEN,OPEN,request,NONE,MISS,0.01716699989628978,0.3671670001494931,INFO,adaptador.request,false,fallido,0.297792001219932,9939.771948618,9939.772298618,9939.771931451,9939.77224641,CACHE_MISS,2026-09-05T00:14:02.973895Z
d6265eb6-d7e2-4e41-9306-cfb21224bd14,run1_rep1,F,OPEN,OPEN,request,NONE,MISS,0.05941699964751024,0.8357079987035831,INFO,adaptador.request,false,fallido,0.6785410005250014,9939.89618091,9939.896957201,9939.896121493,9939.896859451,CACHE_MISS,2026-09-05T00:14:03.098587Z
bd70d91d-cf62-43f3-920e-67258fb52dd1,run1_rep1,F,OPEN,OPEN,request,NONE,MISS,0.04016700040665455,0.633624998954474,INFO,adaptador.request,false,fallido,0.513040999067016,9939.911691785,9939.912285243,9939.911651618,9939.912204826,CACHE_MISS,2026-09-05T00:14:03.113890Z
b4f2a658-67e0-4c2a-b62b-88c466bfd302,run1_rep1,F,OPEN,OPEN,request,NONE,MISS,0.022542000806424767,0.4129590015509166,INFO,adaptador.request,false,fallido,0.3334579996590037,9940.003797243,9940.00418766,9940.003774701,9940.004130701,CACHE_MISS,2026-09-05T00:14:03.205766Z
ed981868-5dee-43fd-8e54-4eb6531e6aaa,run1_rep1,F,OPEN,OPEN,request,NONE,MISS,0.014041999747860245,0.5735419999837177,INFO,adaptador.request,false,fallido,0.5064160013716901,9940.03499291,9940.03555241,9940.034978868,9940.035499326,CACHE_MISS,2026-09-05T00:14:03.237138Z
880171f4-cb80-4278-90c8-92356e3be744,run1_rep1,F,OPEN,OPEN,request,NONE,MISS,0.017540998669574037,0.6885409984533908,INFO,adaptador.request,false,fallido,0.6194590005179634,9940.034673326,9940.035344326,9940.034655785,9940.035292785,CACHE_MISS,2026-09-05T00:14:03.237313Z
72b5a6ca-2fbb-40a4-9e6b-96f95d2a2743,run1_rep1,F,OPEN,OPEN,request,NONE,MISS,0.02191700150433462,0.7179170006565982,INFO,adaptador.request,false,fallido,0.6494159988505999,9940.064063285,9940.064759285,9940.064041368,9940.064712701,CACHE_MISS,2026-09-05T00:14:03.266506Z
d2f36b14-4f1d-4f3d-a3c9-770e5fe4668f,run1_rep1,F,OPEN,OPEN,request,NONE,MISS,0.015583000276819803,0.5413330000010319,INFO,adaptador.request,false,fallido,0.49633399976301007,9940.064409076,9940.064934826,9940.064393493,9940.06490541,CACHE_MISS,2026-09-05T00:14:03.266739Z
a3472ea5-a503-46e5-b979-1add59c0357b,run1_rep1,F,OPEN,OPEN,request,NONE,MISS,0.017042000763467513,0.3031670003110776,INFO,adaptador.request,false,fallido,0.23895800040918402,9940.085114743,9940.085400868,9940.085097701,9940.085353701,CACHE_MISS,2026-09-05T00:14:03.286977Z
1319931d-2c7c-4d86-b231-200c0bc1075a,run1_rep1,F,OPEN,OPEN,request,NONE,MISS,0.01554200025566388,0.6741670003975742,INFO,adaptador.request,false,fallido,0.6020830005581956,9940.110096618,9940.110755243,9940.110081076,9940.110698701,CACHE_MISS,2026-09-05T00:14:03.312562Z
8ec44e2b-dd0a-49fc-96ad-bf4fce204e34,run1_rep1,F,OPEN,OPEN,request,NONE,MISS,0.011416999768698588,0.5820829992444487,INFO,adaptador.request,false,fallido,0.5333749995770631,9940.11039216,9940.110962826,9940.110380743,9940.110925535,CACHE_MISS,2026-09-05T00:14:03.312790Z
65f9f7de-08e9-4955-a244-70d7142304d6,run1_rep1,F,OPEN,OPEN,request,NONE,MISS,0.017209000361617655,0.38791700171714183,INFO,adaptador.request,false,fallido,0.3178330007358454,9940.156944035,9940.157314743,9940.156926826,9940.157261868,CACHE_MISS,2026-09-05T00:14:03.358896Z
f0ddf1be-357b-4e23-90e3-22691bb4f549,run1_rep1,F,OPEN,OPEN,request,NONE,MISS,0.05000000055588316,1.1083330009569181,INFO,adaptador.request,false,fallido,0.9688330010249047,9940.195610993,9940.196669326,9940.195560993,9940.196579826,CACHE_MISS,2026-09-05T00:14:03.398263Z
d514a6d4-b993-4be4-bc73-498d3b6ea54f,run1_rep1,F,OPEN,OPEN,request,NONE,MISS,0.05574999886448495,0.927207998756785,INFO,adaptador.request,false,fallido,0.7474169997294666,9940.247681493,9940.248552951,9940.247625743,9940.24842891,CACHE_MISS,2026-09-05T00:14:03.450178Z
1dc46261-53c3-46ac-ba60-7764f08277f2,run1_rep1,F,OPEN,OPEN,request,NONE,MISS,0.044874999730382115,0.568666000617668,INFO,adaptador.request,false,fallido,0.4546250002022134,9940.262999785,9940.263523576,9940.26295491,9940.26345441,CACHE_MISS,2026-09-05T00:14:03.465104Z
81481e3e-152d-40b2-a35b-74a4552e271b,run1_rep1,F,OPEN,OPEN,request,NONE,MISS,0.05237500045041088,0.7595419992867392,INFO,adaptador.request,false,fallido,0.6082919990149094,9940.320553576,9940.321260743,9940.320501201,9940.321161868,CACHE_MISS,2026-09-05T00:14:03.522904Z
25d460ba-893e-4370-985e-4cb98895a043,run1_rep1,F,OPEN,OPEN,request,NONE,MISS,0.021583000489044935,0.39775000004738104,INFO,adaptador.request,false,fallido,0.31549999948765617,9940.328404493,9940.32878066,9940.32838291,9940.328719993,CACHE_MISS,2026-09-05T00:14:03.530362Z
1e5a9ecf-4f73-4e07-92f1-742de8cc0018,run1_rep1,F,OPEN,OPEN,request,NONE,MISS,0.052332999985083006,0.876583000717801,INFO,adaptador.request,false,fallido,0.7212920008896617,9940.384423951,9940.385248201,9940.384371618,9940.385145243,CACHE_MISS,2026-09-05T00:14:03.586883Z
48777c67-cce1-44e1-bb4c-4354664f810a,run1_rep1,F,OPEN,OPEN,request,NONE,MISS,0.04625000110536348,0.6551250007760245,INFO,adaptador.request,false,fallido,0.519749999511987,9940.404228118,9940.404836993,9940.404181868,9940.404747868,CACHE_MISS,2026-09-05T00:14:03.606473Z
e080c9e2-4a47-491b-bae7-17b2f8cabcef,run1_rep1,F,OPEN,OPEN,request,NONE,MISS,0.018374999854131602,0.35429200033831876,INFO,adaptador.request,false,fallido,0.2916249995905673,9940.410215618,9940.410551535,9940.410197243,9940.410507243,CACHE_MISS,2026-09-05T00:14:03.612123Z
35be3e49-6190-45ec-a8fa-1bc2fafdb9a1,run1_rep1,F,OPEN,OPEN,request,NONE,MISS,0.02137500086973887,0.32304100022884086,INFO,adaptador.request,false,fallido,0.26054100089822896,9940.427098827,9940.427400493,9940.427077452,9940.427359368,CACHE_MISS,2026-09-05T00:14:03.628978Z
d1ecf20c-1dcf-4c7e-8a8f-875d1f21e2d0,run1_rep1,F,OPEN,OPEN,request,NONE,MISS,0.015624998923158273,0.3361250001034932,INFO,adaptador.request,false,fallido,0.2778750003926689,9940.43166216,9940.43198266,9940.431646535,9940.431940035,CACHE_MISS,2026-09-05T00:14:03.633576Z
5faf9777-1b2b-48bf-821a-e0198117577f,run1_rep1,F,OPEN,HALF_OPEN,request,NONE,MISS,4.651457998988917,5.650832999890554,INFO,adaptador.request,true,fallido,0.9470000004512258,9940.506701785,9940.50770116,9940.502050327,9940.507648785,CACHE_MISS,2026-09-05T00:14:03.709283Z
bec15a65-0aba-4b54-afee-7bd10c677fc8,run1_rep1,F,OPEN,OPEN,request,NONE,MISS,27.61412499967264,28.46254200085241,INFO,adaptador.request,false,fallido,0.6168330000946298,9940.506562035,9940.507410452,9940.47894791,9940.507178868,CACHE_MISS,2026-09-05T00:14:03.709579Z
b4391c4c-29dc-42c6-b23e-c2a0658d46ee,run1_rep1,F,OPEN,OPEN,request,NONE,MISS,0.02074999974865932,0.4809579986613244,INFO,adaptador.request,false,fallido,0.40741699922364205,9940.510658285,9940.511118493,9940.510637535,9940.511065702,CACHE_MISS,2026-09-05T00:14:03.712694Z
926e63a1-3de8-4df4-a3b0-e4085904550d,run1_rep1,F,OPEN,OPEN,request,NONE,MISS,0.01633300053072162,0.32825000016600825,INFO,adaptador.request,false,fallido,0.2580419986770721,9940.522549535,9940.522861452,9940.522533202,9940.522807577,CACHE_MISS,2026-09-05T00:14:03.724447Z
0348c54b-73c8-4904-a358-23a6cc75bc37,run1_rep1,F,OPEN,OPEN,request,NONE,MISS,0.01383299968438223,0.6934579996595858,INFO,adaptador.request,false,fallido,0.6250419992284151,9940.543803868,9940.544483493,9940.543790035,9940.54442891,CACHE_MISS,2026-09-05T00:14:03.746282Z
ef6abe84-9971-4cb2-af04-7b97ea0ac9c2,run1_rep1,F,OPEN,OPEN,request,NONE,MISS,0.012999998943996616,0.5369169994082768,INFO,adaptador.request,false,fallido,0.47883300067042,9940.54416991,9940.544693827,9940.54415691,9940.544648743,CACHE_MISS,2026-09-05T00:14:03.746508Z
c480c19d-23f0-458e-9495-50c7baa2efdf,run1_rep1,F,OPEN,OPEN,request,NONE,MISS,0.012958998922840692,0.34033399970212486,INFO,adaptador.request,false,fallido,0.2796660010062624,9940.635556827,9940.635884202,9940.635543868,9940.635836493,CACHE_MISS,2026-09-05T00:14:03.837462Z
23970f5f-0283-4ced-89ee-a856883bc16c,run1_rep1,F,OPEN,OPEN,request,NONE,MISS,0.013333999959286302,0.3627919995778939,INFO,adaptador.request,false,fallido,0.3109579993179068,9940.639101077,9940.639450535,9940.639087743,9940.639412035,CACHE_MISS,2026-09-05T00:14:03.841019Z
253f6072-4f54-41bb-84df-dd4adfc41f17,run1_rep1,F,OPEN,OPEN,request,NONE,MISS,0.05200000123295467,0.8140840000123717,INFO,adaptador.request,false,fallido,0.6585840001207544,9940.693673743,9940.694435827,9940.693621743,9940.694332327,CACHE_MISS,2026-09-05T00:14:03.896046Z
580cc48e-ea00-44d9-86f5-f1a3d35e43a0,run1_rep1,F,OPEN,OPEN,request,NONE,MISS,0.05333300032361876,1.4346250009111827,INFO,adaptador.request,false,fallido,1.2512499997683335,9940.773686118,9940.77506741,9940.773632785,9940.774937368,CACHE_MISS,2026-09-05T00:14:03.976969Z
a73a16f2-0cfd-4121-bb79-a7940b0a58c9,run1_rep1,F,OPEN,OPEN,request,NONE,MISS,0.026792000426212326,1.1118340007669758,INFO,adaptador.request,false,fallido,1.0246670008200454,9940.77428016,9940.775365202,9940.774253368,9940.775304827,CACHE_MISS,2026-09-05T00:14:03.977298Z
d62b2a88-fb7e-47bb-95c8-0ef1aba72900,run1_rep1,F,OPEN,OPEN,request,NONE,MISS,0.05133299964654725,0.8593749989813659,INFO,adaptador.request,false,fallido,0.6935000001249136,9940.81280066,9940.813608702,9940.812749327,9940.81349416,CACHE_MISS,2026-09-05T00:14:04.015221Z
02ca5c70-fe7d-4463-a56f-5f0e65aabb3d,run1_rep1,F,OPEN,OPEN,request,NONE,MISS,0.026875000912696123,0.44016699939675163,INFO,adaptador.request,false,fallido,0.3499169997667195,9940.818437993,9940.818851285,9940.818411118,9940.81878791,CACHE_MISS,2026-09-05T00:14:04.020438Z
206e1426-1f06-48e3-8c34-04475ec6830d,run1_rep1,F,OPEN,OPEN,request,NONE,MISS,0.045000000682193786,0.6866250005259644,INFO,adaptador.request,false,fallido,0.5497919992194511,9940.843489035,9940.84413066,9940.843444035,9940.844038827,CACHE_MISS,2026-09-05T00:14:04.045739Z
078210d3-2484-410e-a06f-4f14014fd818,run1_rep1,F,OPEN,OPEN,request,NONE,MISS,0.028124999516876414,0.4375829994387459,INFO,adaptador.request,false,fallido,0.3573750000214204,9940.864397827,9940.864807285,9940.864369702,9940.864755202,CACHE_MISS,2026-09-05T00:14:04.066385Z
b23890f9-41a7-40fb-929d-0ac369718cc0,run1_rep1,F,OPEN,OPEN,request,NONE,MISS,0.01424999936716631,0.32420800016552676,INFO,adaptador.request,false,fallido,0.2658749999682186,9940.86968016,9940.869990118,9940.86966591,9940.869946035,CACHE_MISS,2026-09-05T00:14:04.071585Z
cd02fef5-c92f-418a-b883-d239e9d6797f,run1_rep1,F,OPEN,OPEN,request,NONE,MISS,0.012541999240056612,0.30891699861967936,INFO,adaptador.request,false,fallido,0.2524579995224485,9940.876213202,9940.876509577,9940.87620066,9940.87646566,CACHE_MISS,2026-09-05T00:14:04.078085Z
84339170-6bca-4f0c-b271-bf3b6d8a7e1a,run1_rep1,F,OPEN,OPEN,request,NONE,MISS,0.05345800127543043,0.8652080014144303,INFO,adaptador.request,false,fallido,0.6997499986027833,9940.935931743,9940.936743493,9940.935878285,9940.936631493,CACHE_MISS,2026-09-05T00:14:04.138354Z
e64b6aa4-4711-429d-800e-1640f6b5248e,run1_rep1,F,OPEN,OPEN,request,NONE,MISS,0.03895900044881273,0.6287500000325963,INFO,adaptador.request,false,fallido,0.5127080003148876,9940.954747827,9940.955337618,9940.954708868,9940.955260535,CACHE_MISS,2026-09-05T00:14:04.156931Z
7c0ab132-97ff-4310-8488-1033bb443f0c,run1_rep1,F,OPEN,OPEN,request,NONE,MISS,0.05091699858894572,1.0860829988814658,INFO,adaptador.request,false,fallido,0.9323750000476139,9940.979435827,9940.980470993,9940.97938491,9940.980368202,CACHE_MISS,2026-09-05T00:14:04.182097Z
68230ede-6e0c-4ced-a562-5c73f8ad3a71,run1_rep1,F,OPEN,OPEN,request,NONE,MISS,0.02845800008799415,0.9026249990711221,INFO,adaptador.request,false,fallido,0.815791998320492,9940.980225118,9940.981099285,9940.98019666,9940.98104091,CACHE_MISS,2026-09-05T00:14:04.182703Z
f8e8e8a9-5699-42f5-befa-930c3d04ec25,run1_rep1,F,OPEN,OPEN,request,NONE,MISS,0.035666000258061104,0.5520000013348181,INFO,adaptador.request,false,fallido,0.44245900062378496,9941.026468368,9941.026984702,9941.026432702,9941.026910827,CACHE_MISS,2026-09-05T00:14:04.228590Z
c0b01a9d-1022-401b-bde4-a181fb7cec7b,run1_rep1,F,OPEN,OPEN,request,NONE,MISS,0.014500001270789653,0.3416250001464505,INFO,adaptador.request,false,fallido,0.26266599888913333,9941.048704327,9941.049031452,9941.048689827,9941.048966993,CACHE_MISS,2026-09-05T00:14:04.250608Z
a040f021-4d94-491b-bf06-4c474534418a,run1_rep1,F,OPEN,OPEN,request,NONE,MISS,0.048834001063369215,0.8465420014545089,INFO,adaptador.request,false,fallido,0.6849580004200106,9941.116390744,9941.117188452,9941.11634191,9941.117075702,CACHE_MISS,2026-09-05T00:14:04.318812Z
23216e10-4489-475d-8f3f-a05c356961bc,run1_rep1,F,OPEN,OPEN,request,NONE,MISS,0.036749999708263204,0.986249999186839,INFO,adaptador.request,false,fallido,0.8733750000828877,9941.122860619,9941.123810119,9941.122823869,9941.123733994,CACHE_MISS,2026-09-05T00:14:04.325404Z
c5407c16-ac3b-4863-b86a-24e7f8e44c5b,run1_rep1,F,OPEN,OPEN,request,NONE,MISS,0.0195419997908175,0.3786249999393476,INFO,adaptador.request,false,fallido,0.3187080001225695,9941.144615202,9941.144974285,9941.14459566,9941.14493391,CACHE_MISS,2026-09-05T00:14:04.346567Z
ccb0a374-ae41-4232-8c93-a1d518bc99d7,run1_rep1,F,OPEN,OPEN,request,NONE,MISS,0.04374999844003469,0.9960829993360676,INFO,adaptador.request,false,fallido,0.8625830014352687,9941.178364327,9941.17931666,9941.178320577,9941.17922691,CACHE_MISS,2026-09-05T00:14:04.381206Z
b6c793e5-774d-4a79-83ce-9e066565804a,run1_rep1,F,OPEN,OPEN,request,NONE,MISS,0.016375000996049494,0.8591660007368773,INFO,adaptador.request,false,fallido,0.7858749995648395,9941.178766244,9941.179609035,9941.178749869,9941.179552119,CACHE_MISS,2026-09-05T00:14:04.381545Z
96e2f87b-5abd-4264-b03c-1294ee4fc267,run1_rep1,F,OPEN,OPEN,request,NONE,MISS,0.018374999854131602,0.3745829999388661,INFO,adaptador.request,false,fallido,0.30900000092515256,9941.189627119,9941.189983327,9941.189608744,9941.189936119,CACHE_MISS,2026-09-05T00:14:04.391573Z
d1ef308f-03b2-40af-998f-5d437e5dd122,run1_rep1,F,OPEN,OPEN,request,NONE,MISS,0.060333999499562196,0.8610000004409812,INFO,adaptador.request,false,fallido,0.6877079995319946,9941.244975369,9941.245776035,9941.244915035,9941.245663077,CACHE_MISS,2026-09-05T00:14:04.447391Z
9bc80ea6-855c-4934-9e12-cd410b1e8b4f,run1_rep1,F,OPEN,OPEN,request,NONE,MISS,0.056333999964408576,0.8212089996959548,INFO,adaptador.request,false,fallido,0.6677910005237209,9941.296535619,9941.297300494,9941.296479285,9941.29720341,CACHE_MISS,2026-09-05T00:14:04.498904Z
6a6d9752-a4c6-4a4f-a3db-b5179cf98e16,run1_rep1,F,OPEN,OPEN,request,NONE,MISS,0.051375000111875124,0.9007919998111902,INFO,adaptador.request,false,fallido,0.7432919992425013,9941.38461366,9941.385463077,9941.384562285,9941.385356952,CACHE_MISS,2026-09-05T00:14:04.587070Z
a67fcac9-4d39-4aa8-98db-fc979f977d58,run1_rep1,F,OPEN,OPEN,request,NONE,MISS,0.03887499951815698,0.6368750000547152,INFO,adaptador.request,false,fallido,0.532750000274973,9941.392232327,9941.392830327,9941.392193452,9941.392765077,CACHE_MISS,2026-09-05T00:14:04.594414Z
5e48f8a4-279c-463e-96f8-cad4a266eef0,run1_rep1,F,OPEN,OPEN,request,NONE,MISS,0.019958000848419033,0.37366600008681417,INFO,adaptador.request,false,fallido,0.2950830003101146,9941.396411702,9941.39676541,9941.396391744,9941.396706785,CACHE_MISS,2026-09-05T00:14:04.598355Z
084c6fbb-381f-4563-946e-c8e64d174da2,run1_rep1,F,OPEN,OPEN,request,NONE,MISS,0.018167000234825537,0.5531249989871867,INFO,adaptador.request,false,fallido,0.4854580001847353,9941.431277452,9941.43181241,9941.431259285,9941.43176291,CACHE_MISS,2026-09-05T00:14:04.633399Z
2f25b90b-946c-47e7-bec7-2551ef0a341c,run1_rep1,F,OPEN,OPEN,request,NONE,MISS,0.060874999689986,0.9286660006182501,INFO,adaptador.request,false,fallido,0.760082999477163,9941.477273244,9941.478141035,9941.477212369,9941.478033327,CACHE_MISS,2026-09-05T00:14:04.679759Z
e2771034-48c6-47ad-b177-8e54b893deb1,run1_rep1,F,OPEN,OPEN,request,NONE,MISS,0.034624999898369424,0.5274169998301659,INFO,adaptador.request,false,fallido,0.405624999984866,9941.480077035,9941.480569827,9941.48004241,9941.48048266,CACHE_MISS,2026-09-05T00:14:04.682193Z
6d6f67d0-bd00-4549-8991-852f49b4f056,run1_rep1,F,OPEN,OPEN,request,NONE,MISS,0.04054099917993881,1.079375000699656,INFO,adaptador.request,false,fallido,0.9401670013176044,9941.507786285,9941.508825119,9941.507745744,9941.508726452,CACHE_MISS,2026-09-05T00:14:04.710450Z
3cbe4b6b-cb73-4be8-939f-dc0de7c4bfaa,run1_rep1,F,OPEN,OPEN,request,NONE,MISS,0.027709000278264284,0.9426670003449544,INFO,adaptador.request,false,fallido,0.855291000334546,9941.508567494,9941.509482452,9941.508539785,9941.509422785,CACHE_MISS,2026-09-05T00:14:04.711325Z
6070650b-ac41-40de-a0ec-1a0a3274f8a5,run1_rep1,F,OPEN,OPEN,request,NONE,MISS,0.023374999727820978,0.43208299939578865,INFO,adaptador.request,false,fallido,0.35283299985167105,9941.511537744,9941.511946452,9941.511514369,9941.511890577,CACHE_MISS,2026-09-05T00:14:04.713554Z
369697df-a330-4661-9438-3275dc8e1772,run1_rep1,F,OPEN,OPEN,request,NONE,MISS,0.02562500048952643,0.7160830009524943,INFO,adaptador.request,false,fallido,0.6237910001800628,9941.527155619,9941.527846077,9941.527129994,9941.52777941,CACHE_MISS,2026-09-05T00:14:04.729443Z
3e464e07-8e5c-4cc9-b2cd-03eca246a863,run1_rep1,F,OPEN,OPEN,request,NONE,MISS,0.055750000683474354,0.8369170009245863,INFO,adaptador.request,false,fallido,0.6589170006918721,9941.636797952,9941.637579119,9941.636742202,9941.637456869,CACHE_MISS,2026-09-05T00:14:04.839199Z
d4cd4d7d-e3a7-43bd-b580-f3ac31a7926e,run1_rep1,F,OPEN,OPEN,request,NONE,MISS,0.031417001082445495,0.5574170008912915,INFO,adaptador.request,false,fallido,0.44799999886890873,9941.695320327,9941.695846327,9941.69528891,9941.695768327,CACHE_MISS,2026-09-05T00:14:04.897457Z
043e69dc-5222-4c73-9d30-8264a3e58bcb,run1_rep1,F,OPEN,OPEN,request,NONE,MISS,0.03508299960230943,0.9869999994407408,INFO,adaptador.request,false,fallido,0.8700420003151521,9941.73455841,9941.735510327,9941.734523327,9941.735428452,CACHE_MISS,2026-09-05T00:14:04.937107Z
fad2e47c-97b5-4bba-a8bf-ba33303904e7,run1_rep1,F,OPEN,OPEN,request,NONE,MISS,0.05745800081058405,0.7918330011307262,INFO,adaptador.request,false,fallido,0.631832999715698,9941.781512952,9941.782247327,9941.781455494,9941.782144785,CACHE_MISS,2026-09-05T00:14:04.983859Z
c5fcd625-13bf-41dd-8652-bd0d3ced2582,run1_rep1,F,OPEN,OPEN,request,NONE,MISS,0.034124999729101546,0.5622919998131692,INFO,adaptador.request,false,fallido,0.4338329999882262,9941.794506494,9941.795034661,9941.794472369,9941.794940327,CACHE_MISS,2026-09-05T00:14:04.996625Z
d8b4f231-c6d2-43eb-9116-5f3dc902f662,run1_rep1,F,OPEN,OPEN,request,NONE,MISS,0.03308300074422732,0.5887080005777534,INFO,adaptador.request,false,fallido,0.48333400081901345,9941.805835952,9941.806391577,9941.805802869,9941.806319286,CACHE_MISS,2026-09-05T00:14:05.007985Z
7fc0d807-ab81-4ba2-a8ae-e71bee266073,run1_rep1,F,OPEN,OPEN,request,NONE,MISS,0.05033400157117285,0.8187920011550887,INFO,adaptador.request,false,fallido,0.6594159985979786,9941.831357786,9941.832126244,9941.831307452,9941.832017202,CACHE_MISS,2026-09-05T00:14:05.034224Z
0670a49b-7250-467e-a803-bdc1ad98e213,run1_rep1,F,OPEN,OPEN,request,NONE,MISS,0.021374999050749466,0.6177499999466818,INFO,adaptador.request,false,fallido,0.5377079996833345,9941.832623244,9941.833219619,9941.832601869,9941.833160952,CACHE_MISS,2026-09-05T00:14:05.034971Z
1ec1e42b-9bbe-4853-a35a-6ecf785073f0,run1_rep1,F,OPEN,OPEN,request,NONE,MISS,0.04149999949731864,0.49716600005922373,INFO,adaptador.request,false,fallido,0.3852080008073244,9941.841027911,9941.841483577,9941.840986411,9941.841413119,CACHE_MISS,2026-09-05T00:14:05.043092Z
bcbb0f77-7b8f-46ea-beed-6ca871b99a0d,run1_rep1,F,OPEN,OPEN,request,NONE,MISS,0.016957999832811765,0.3860830001940485,INFO,adaptador.request,false,fallido,0.3145829996356042,9941.849339244,9941.849708369,9941.849322286,9941.849653827,CACHE_MISS,2026-09-05T00:14:05.051293Z
36c5e8d0-5624-4045-92cf-cef1f9f72227,run1_rep1,F,OPEN,OPEN,request,NONE,MISS,0.018583999917609617,4.532416998699773,INFO,adaptador.request,false,fallido,4.4578750002983725,9941.862966536,9941.867480369,9941.862947952,9941.867424411,CACHE_MISS,2026-09-05T00:14:05.069061Z
e7bf7ec5-a77d-4d00-b436-6b2f4ba44e58,run1_rep1,F,OPEN,OPEN,request,NONE,MISS,0.04970800000592135,0.8510830011800863,INFO,adaptador.request,false,fallido,0.6662920004600892,9941.920299327,9941.921100702,9941.920249619,9941.920965619,CACHE_MISS,2026-09-05T00:14:05.122721Z
cf00fde3-7abd-4f08-981f-9538201bfd2d,run1_rep1,F,OPEN,OPEN,request,NONE,MISS,0.05054100074630696,0.7688330006203614,INFO,adaptador.request,false,fallido,0.6177089999255259,9941.959979952,9941.960698244,9941.959929411,9941.960597661,CACHE_MISS,2026-09-05T00:14:05.162313Z
02150713-3d6a-4097-8f3f-e372f59386ae,run1_rep1,F,OPEN,OPEN,request,NONE,MISS,0.019749999410123564,0.3532089995132992,INFO,adaptador.request,false,fallido,0.2806249995046528,9942.070517077,9942.070850536,9942.070497327,9942.070797702,CACHE_MISS,2026-09-05T00:14:05.272417Z
10e16ac3-e777-467f-b5e6-bcdbfa57fe71,run1_rep1,F,OPEN,OPEN,request,NONE,MISS,0.014999999621068127,0.30879099904268514,INFO,adaptador.request,false,fallido,0.2553329995862441,9942.116607161,9942.116900952,9942.116592161,9942.116862494,CACHE_MISS,2026-09-05T00:14:05.318468Z
b8de9d8e-4737-4474-a61b-04411bd3dc5f,run1_rep1,F,OPEN,OPEN,request,NONE,MISS,0.023750000764266588,0.3812499999185093,INFO,adaptador.request,false,fallido,0.3125829989585327,9942.148723619,9942.149081119,9942.148699869,9942.149036202,CACHE_MISS,2026-09-05T00:14:05.350644Z
69bd3f25-827a-45ee-8798-da300e976b3c,run1_rep1,F,OPEN,OPEN,request,NONE,MISS,0.016041998605942354,0.32008299967856146,INFO,adaptador.request,false,fallido,0.2614580007502809,9942.165288911,9942.165592952,9942.165272869,9942.165550369,CACHE_MISS,2026-09-05T00:14:05.367163Z
c84ea7e2-9ef9-4c17-8d33-09cddc8641d2,run1_rep1,F,OPEN,OPEN,request,NONE,MISS,0.015666999388486147,0.337583000145969,INFO,adaptador.request,false,fallido,0.2843750007741619,9942.203916661,9942.204238577,9942.203900994,9942.204201036,CACHE_MISS,2026-09-05T00:14:05.405813Z
a5fba61d-34a1-489b-a0e3-d4061dbe3b5e,run1_rep1,F,OPEN,OPEN,request,NONE,MISS,0.012833999790018424,0.32933400143519975,INFO,adaptador.request,false,fallido,0.23879100081103388,9942.209751661,9942.210068161,9942.209738827,9942.209990452,CACHE_MISS,2026-09-05T00:14:05.411664Z
9eac9465-cf27-4a41-b381-01b40aa45e7d,run1_rep1,F,OPEN,OPEN,request,NONE,MISS,0.011207999705220573,0.26816699937626254,INFO,adaptador.request,false,fallido,0.21858400032215286,9942.212262452,9942.212519411,9942.212251244,9942.212481036,CACHE_MISS,2026-09-05T00:14:05.414082Z
541b30d3-af40-434e-b98b-ea775e71c268,run1_rep1,F,OPEN,OPEN,request,NONE,MISS,0.020750001567648724,0.44350000098347664,INFO,adaptador.request,false,fallido,0.37104199873283505,9942.276955077,9942.277377827,9942.276934327,9942.277326119,CACHE_MISS,2026-09-05T00:14:05.478956Z
2d1a8810-ebb7-4f89-9127-30cbc8201958,run1_rep1,F,OPEN,OPEN,request,NONE,MISS,0.0569159983569989,0.908291000087047,INFO,adaptador.request,false,fallido,0.7307920004677726,9942.327822577,9942.328673952,9942.327765661,9942.328553369,CACHE_MISS,2026-09-05T00:14:05.530300Z
1e2218bf-e687-4ab0-9b98-db871734d4d6,run1_rep1,F,OPEN,OPEN,request,NONE,MISS,0.01849999898695387,0.4419999986566836,INFO,adaptador.request,false,fallido,0.36854199970548507,9942.331541369,9942.331964869,9942.331522869,9942.331909911,CACHE_MISS,2026-09-05T00:14:05.533570Z
e5cb4d8f-2271-4dcf-b1f6-2ae3e6625468,run1_rep1,F,OPEN,OPEN,request,NONE,MISS,0.019582999811973423,0.534582999534905,INFO,adaptador.request,false,fallido,0.46558299982280005,9942.332616119,9942.333131119,9942.332596536,9942.333081702,CACHE_MISS,2026-09-05T00:14:05.534714Z
1443c079-d178-4424-a15d-c7ad3cc11d21,run1_rep1,F,OPEN,OPEN,request,NONE,MISS,0.01945799886016175,0.360250000085216,INFO,adaptador.request,false,fallido,0.28929200016136747,9942.353436827,9942.353777619,9942.353417369,9942.353726119,CACHE_MISS,2026-09-05T00:14:05.555360Z
f1206475-65ea-4834-835c-7e06a1ac80c0,run1_rep1,F,OPEN,OPEN,request,NONE,MISS,0.01645800148253329,0.3416660001676064,INFO,adaptador.request,false,fallido,0.27379199855204206,9942.377511619,9942.377836827,9942.377495161,9942.377785411,CACHE_MISS,2026-09-05T00:14:05.579434Z
80c13fed-9714-4e40-93fa-730f883f86d9,run1_rep1,F,OPEN,OPEN,request,NONE,MISS,0.056333999964408576,0.9287089997087605,INFO,adaptador.request,false,fallido,0.7395829998131376,9942.421450411,9942.422322786,9942.421394077,9942.422189994,CACHE_MISS,2026-09-05T00:14:05.623957Z
559ae7a8-750e-4594-8da8-24e3b4c4643a,run1_rep1,F,OPEN,OPEN,request,NONE,MISS,0.0384579998353729,0.6168330000946298,INFO,adaptador.request,false,fallido,0.5017919993406394,9942.446550577,9942.447128952,9942.446512119,9942.447052369,CACHE_MISS,2026-09-05T00:14:05.648725Z
6c62761e-1bf6-4616-b98f-e1f2d542f949,run1_rep1,F,OPEN,OPEN,request,NONE,MISS,0.042915999074466527,0.9185409999190597,INFO,adaptador.request,false,fallido,0.6732090005243663,9942.464595077,9942.465470702,9942.464552161,9942.465268286,CACHE_MISS,2026-09-05T00:14:05.667115Z
74b7c2ae-fcbd-4b30-8d52-4429cc850e6b,run1_rep1,F,OPEN,OPEN,request,NONE,MISS,0.01799999881768599,0.3873329987982288,INFO,adaptador.request,false,fallido,0.32012500014388934,9942.469452536,9942.469821869,9942.469434536,9942.469772661,CACHE_MISS,2026-09-05T00:14:05.671403Z
d76c607c-8c80-4bf9-bc64-d311beeab7e1,run1_rep1,F,OPEN,OPEN,request,NONE,MISS,0.037959000110276975,0.5894170008104993,INFO,adaptador.request,false,fallido,0.465832999907434,9942.568159703,9942.568711161,9942.568121744,9942.568625536,CACHE_MISS,2026-09-05T00:14:05.770311Z
acff784e-ba51-4fb0-aeba-dc2be1d9edb9,run1_rep1,F,OPEN,OPEN,request,NONE,MISS,0.018750000890577212,0.3662090002762852,INFO,adaptador.request,false,fallido,0.29016699954809155,9942.575215994,9942.575563453,9942.575197244,9942.575506161,CACHE_MISS,2026-09-05T00:14:05.777152Z
8373c4ab-e925-471c-bd62-973b73805bf8,run1_rep1,F,OPEN,OPEN,request,NONE,MISS,0.024541999664506875,1.0251669991703238,INFO,adaptador.request,false,fallido,0.9341250006400514,9942.636299328,9942.637299953,9942.636274786,9942.637233453,CACHE_MISS,2026-09-05T00:14:05.838899Z
7a296003-4d1a-4c20-8d74-79fa36d0aeeb,run1_rep1,F,OPEN,OPEN,request,NONE,MISS,0.05416599924501497,1.4137079997453839,INFO,adaptador.request,false,fallido,1.2351670011412352,9942.635660994,9942.637020536,9942.635606828,9942.636896161,CACHE_MISS,2026-09-05T00:14:05.839217Z
c60c7e6d-608c-4e1b-8565-aea0f2ceb910,run1_rep1,F,OPEN,OPEN,request,NONE,MISS,0.05158299973118119,0.7927079986984609,INFO,adaptador.request,false,fallido,0.6415419993572868,9942.695071369,9942.695812494,9942.695019786,9942.695712911,CACHE_MISS,2026-09-05T00:14:05.897426Z
e1904984-85a4-4c0d-acbc-edada118a4b0,run1_rep1,F,OPEN,OPEN,request,NONE,MISS,0.023834001694922335,0.4268750017217826,INFO,adaptador.request,false,fallido,0.34420799966028426,9942.700553578,9942.700956619,9942.700529744,9942.700897786,CACHE_MISS,2026-09-05T00:14:05.902552Z
7372370e-d434-46e9-9247-e7ccaea8e45c,run1_rep1,F,OPEN,OPEN,request,NONE,MISS,0.06949999988137279,0.9858339999482268,INFO,adaptador.request,false,fallido,0.765875000070082,9942.770042744,9942.770959078,9942.769973244,9942.770808619,CACHE_MISS,2026-09-05T00:14:05.972603Z
0392ff30-babc-4c85-8bb4-67714065f588,run1_rep1,F,OPEN,OPEN,request,NONE,MISS,0.054499998441315256,0.7752499986963812,INFO,adaptador.request,false,fallido,0.6146250016172417,9942.819204286,9942.819925036,9942.819149786,9942.819818911,CACHE_MISS,2026-09-05T00:14:06.021568Z
a3c92f50-91ab-4801-a2df-ae33e6d665fb,run1_rep1,F,OPEN,OPEN,request,NONE,MISS,0.05425000017567072,0.8522910011379281,INFO,adaptador.request,false,fallido,0.6999160013947403,9942.858338453,9942.859136494,9942.858284203,9942.859038369,CACHE_MISS,2026-09-05T00:14:06.060740Z
147e3e20-e381-46b4-966d-f1ec41098a3b,run1_rep1,F,OPEN,OPEN,request,NONE,MISS,0.04291699951863848,0.7155419989430811,INFO,adaptador.request,false,fallido,0.577458000407205,9942.877612786,9942.878285411,9942.877569869,9942.878190244,CACHE_MISS,2026-09-05T00:14:06.079893Z
c04f8e26-acc8-48d5-8fbc-d9f09aa64f9e,run1_rep1,F,OPEN,OPEN,request,NONE,MISS,0.03879200085066259,0.5613749999611173,INFO,adaptador.request,false,fallido,0.45291599963093176,9942.890185078,9942.890707661,9942.890146286,9942.890637994,CACHE_MISS,2026-09-05T00:14:06.092303Z
1e2144e9-21e6-4282-bd22-87b4016ef11f,run1_rep1,F,OPEN,OPEN,request,NONE,MISS,0.06329200004984159,0.8601669997005956,INFO,adaptador.request,false,fallido,0.6793329994252417,9942.929188411,9942.929985286,9942.929125119,9942.929867744,CACHE_MISS,2026-09-05T00:14:06.131638Z
1ee859ce-e126-45b7-8524-927057f486e3,run1_rep1,F,OPEN,OPEN,request,NONE,MISS,0.0563749999855645,0.8426669992331881,INFO,adaptador.request,false,fallido,0.6802079988119658,9942.973534786,9942.974321078,9942.973478411,9942.974214994,CACHE_MISS,2026-09-05T00:14:06.175941Z
231eed35-856b-4701-9018-36bd1999c45f,run1_rep1,F,OPEN,OPEN,request,NONE,MISS,0.054666001233272254,0.8106250006676419,INFO,adaptador.request,false,fallido,0.6400419988494832,9943.016928994,9943.017684953,9943.016874328,9943.017569036,CACHE_MISS,2026-09-05T00:14:06.219309Z
53bcc8ba-f170-45bc-96a5-d08f550a5713,run1_rep1,F,OPEN,OPEN,request,NONE,MISS,0.04537499989964999,1.155542000560672,INFO,adaptador.request,false,fallido,1.0116670000570593,9943.070083161,9943.071193328,9943.070037786,9943.071094828,CACHE_MISS,2026-09-05T00:14:06.272808Z
cb8e515d-dff8-4121-a368-45ef9cfe468f,run1_rep1,F,OPEN,OPEN,request,NONE,MISS,0.05358399903343525,0.7783749988448108,INFO,adaptador.request,false,fallido,0.6227499998203712,9943.107460578,9943.108185369,9943.107406994,9943.108083328,CACHE_MISS,2026-09-05T00:14:06.309803Z
7eefa4d9-d6ca-4f8e-82db-7a3824eaf3fd,run1_rep1,F,OPEN,OPEN,request,NONE,MISS,0.03591700078686699,0.8270420003100298,INFO,adaptador.request,false,fallido,0.7415829986712197,9943.126025203,9943.126816328,9943.125989286,9943.126766786,CACHE_MISS,2026-09-05T00:14:06.328407Z
75c97682-5b55-40b6-8950-bb78a2095ca4,run1_rep1,F,OPEN,OPEN,request,NONE,MISS,0.03925000055460259,1.1365410009602783,INFO,adaptador.request,false,fallido,1.0013749997597188,9943.125438703,9943.126535994,9943.125399453,9943.126440078,CACHE_MISS,2026-09-05T00:14:06.328687Z
51dd8820-2c2d-4ece-b712-597d67255947,run1_rep1,F,OPEN,OPEN,request,NONE,MISS,0.033332999009871855,0.5670409991580527,INFO,adaptador.request,false,fallido,0.4604580008162884,9943.133930036,9943.134463744,9943.133896703,9943.134390494,CACHE_MISS,2026-09-05T00:14:06.336048Z
49ea9787-2afc-4409-a456-8f5a1d848660,run1_rep1,F,OPEN,OPEN,request,NONE,MISS,0.017958998796530068,0.36483399890130386,INFO,adaptador.request,false,fallido,0.2913749995059334,9943.155294953,9943.155641828,9943.155276994,9943.155586328,CACHE_MISS,2026-09-05T00:14:06.357230Z
efbf3679-4aa6-4f45-b314-9fa94801dfbb,run1_rep1,F,OPEN,OPEN,request,NONE,MISS,0.028917000236106105,0.3764590001082979,INFO,adaptador.request,false,fallido,0.2983329995913664,9943.164066661,9943.164414203,9943.164037744,9943.164364994,CACHE_MISS,2026-09-05T00:14:06.365997Z
07444833-7204-4dd3-bf0a-fcb0234fc671,run1_rep1,F,OPEN,OPEN,request,NONE,MISS,0.044624999645748176,0.8664169999974547,INFO,adaptador.request,false,fallido,0.720750000255066,9943.256676036,9943.257497828,9943.256631411,9943.257396786,CACHE_MISS,2026-09-05T00:14:06.459115Z
4dee4427-c8b6-4cd5-9175-a96d60389592,run1_rep1,F,OPEN,OPEN,request,NONE,MISS,0.051083001380902715,0.8096250003291061,INFO,adaptador.request,false,fallido,0.6673749994661193,9943.309959411,9943.310717953,9943.309908328,9943.310626786,CACHE_MISS,2026-09-05T00:14:06.512313Z
1729a55a-abf0-4ccc-a253-aa4448c162cb,run1_rep1,F,OPEN,OPEN,request,NONE,MISS,0.04654199983633589,0.768374999097432,INFO,adaptador.request,false,fallido,0.6000829998811241,9943.326303078,9943.327024911,9943.326256536,9943.326903161,CACHE_MISS,2026-09-05T00:14:06.528646Z
ecf50864-5845-48c0-a80a-7897c2e42065,run1_rep1,F,OPEN,OPEN,request,NONE,MISS,0.055500000598840415,0.8117500001389999,INFO,adaptador.request,false,fallido,0.6603329984500306,9943.373683203,9943.374439453,9943.373627703,9943.374343536,CACHE_MISS,2026-09-05T00:14:06.576036Z
2650bb11-ded2-4c9a-9ddc-5de73666d0b1,run1_rep1,F,OPEN,OPEN,request,NONE,MISS,0.04549999903247226,0.8235419991251547,INFO,adaptador.request,false,fallido,0.6663330004812451,9943.411798828,9943.41257687,9943.411753328,9943.412465161,CACHE_MISS,2026-09-05T00:14:06.614210Z
6d3de676-7c55-4e15-9021-3bd27574c9f4,run1_rep1,F,OPEN,OPEN,request,NONE,MISS,0.033166999855893664,0.5156669994903496,INFO,adaptador.request,false,fallido,0.41449999844189733,9943.42230012,9943.42278262,9943.422266953,9943.42271462,CACHE_MISS,2026-09-05T00:14:06.624378Z
a3d99ba8-3a54-4cf3-a832-bcca8d48ed2b,run1_rep1,F,OPEN,OPEN,request,NONE,MISS,0.03950000063923653,1.111083000068902,INFO,adaptador.request,false,fallido,0.9713330000522546,9943.478741995,9943.479813578,9943.478702495,9943.479713328,CACHE_MISS,2026-09-05T00:14:06.681416Z
ffde236a-feca-4756-8b75-eecc0a2f3966,run1_rep1,F,OPEN,OPEN,request,NONE,MISS,0.050833001296268776,0.778417001129128,INFO,adaptador.request,false,fallido,0.6297090003499761,9943.508204661,9943.508932245,9943.508153828,9943.50883437,CACHE_MISS,2026-09-05T00:14:06.710569Z
ebd23ed2-4dbe-42fc-9997-a565b1cf6dd5,run1_rep1,F,OPEN,OPEN,request,NONE,MISS,0.055750000683474354,0.8160840006894432,INFO,adaptador.request,false,fallido,0.6542920000356389,9943.535745911,9943.536506245,9943.535690161,9943.536400203,CACHE_MISS,2026-09-05T00:14:06.738122Z
2ae7ca3d-5547-481d-a3c1-cc99500fff4c,run1_rep1,F,OPEN,OPEN,request,NONE,MISS,0.05716600026062224,1.5055829990160419,INFO,adaptador.request,false,fallido,1.3533749988710042,9943.579847036,9943.581295453,9943.57978987,9943.581200411,CACHE_MISS,2026-09-05T00:14:06.783272Z
5aec1cd2-eb8e-4f91-9d27-4321bc5e1420,run1_rep1,F,OPEN,OPEN,request,NONE,MISS,0.02258300082758069,1.3479170011123642,INFO,adaptador.request,false,fallido,1.2739590001729084,9943.580353161,9943.581678495,9943.580330578,9943.58162712,CACHE_MISS,2026-09-05T00:14:06.784111Z
49486ecb-5ff7-4daa-8eab-22b1067e0b7e,run1_rep1,F,OPEN,OPEN,request,NONE,MISS,0.021333000404410996,1.1722910003300058,INFO,adaptador.request,false,fallido,1.099207998777274,9943.581120078,9943.582271036,9943.581098745,9943.582219286,CACHE_MISS,2026-09-05T00:14:06.784820Z
fc748f87-53fe-48e1-aa1e-eea49278fd49,run1_rep1,F,OPEN,OPEN,request,NONE,MISS,0.03858399941236712,0.5751250009780051,INFO,adaptador.request,false,fallido,0.44891600009577814,9943.656796995,9943.657333536,9943.656758411,9943.657245911,CACHE_MISS,2026-09-05T00:14:06.858939Z
293cefd5-80cb-40d1-9d00-b55a7055f295,run1_rep1,F,OPEN,OPEN,request,NONE,MISS,0.019207998775527813,0.4008329997304827,INFO,adaptador.request,false,fallido,0.3198750000592554,9943.661635411,9943.662017036,9943.661616203,9943.661955286,CACHE_MISS,2026-09-05T00:14:06.863604Z
f64347ba-81bd-48a4-beb2-64b8a4ddf8fb,run1_rep1,F,OPEN,OPEN,request,NONE,MISS,0.01529200017102994,0.407666999308276,INFO,adaptador.request,false,fallido,0.3338330006954493,9943.668926245,9943.66931862,9943.668910953,9943.669260078,CACHE_MISS,2026-09-05T00:14:06.870912Z
c5d62b1e-5b5d-4f85-9134-e909a6c2b125,run1_rep1,F,OPEN,OPEN,request,NONE,MISS,0.048583000534563325,0.7912500004749745,INFO,adaptador.request,false,fallido,0.6285420004132902,9943.719740203,9943.72048287,9943.71969162,9943.720368745,CACHE_MISS,2026-09-05T00:14:06.922108Z
99523333-ea20-4102-8878-0386fbd2d666,run1_rep1,F,OPEN,OPEN,request,NONE,MISS,0.03579099939088337,0.6124999999883585,INFO,adaptador.request,false,fallido,0.5051250009273645,9943.753303036,9943.753879745,9943.753267245,9943.753808161,CACHE_MISS,2026-09-05T00:14:06.955478Z
af43ee36-1729-4312-98b1-2ac9f4b8161c,run1_rep1,F,OPEN,OPEN,request,NONE,MISS,0.03550000110408291,0.5604590005532373,INFO,adaptador.request,false,fallido,0.43758399988291785,9943.794145411,9943.79467037,9943.794109911,9943.794582995,CACHE_MISS,2026-09-05T00:14:06.996296Z
f8263c9c-27fb-4e03-bf3e-df01fea9bb65,run1_rep1,F,OPEN,OPEN,request,NONE,MISS,0.040208000427810475,0.6947910005692393,INFO,adaptador.request,false,fallido,0.5744999998569256,9943.821724578,9943.822379161,9943.82168437,9943.822299078,CACHE_MISS,2026-09-05T00:14:07.023975Z
87d5ff91-075a-47c2-a738-08d35c0461e0,run1_rep1,F,OPEN,OPEN,request,NONE,MISS,0.05616699854726903,0.8233749995270045,INFO,adaptador.request,false,fallido,0.673542001095484,9943.861086578,9943.861853786,9943.861030411,9943.86176012,CACHE_MISS,2026-09-05T00:14:07.063460Z
5bd993c4-39ce-4bc2-b108-cdaab0fc1497,run1_rep1,F,OPEN,OPEN,request,NONE,MISS,0.03908300095645245,0.6673330008197809,INFO,adaptador.request,false,fallido,0.5327090002538171,9943.879439536,9943.880067786,9943.879400453,9943.879972245,CACHE_MISS,2026-09-05T00:14:07.081670Z
b79e5326-fad0-43a8-8c1b-f6b4ad081550,run1_rep1,F,OPEN,OPEN,request,NONE,MISS,0.05041599979449529,0.8234580000134883,INFO,adaptador.request,false,fallido,0.6654999997408595,9943.917681203,9943.918454245,9943.917630787,9943.918346703,CACHE_MISS,2026-09-05T00:14:07.120082Z
5fc87a79-5334-4646-a357-852b6274b4e2,run1_rep1,F,OPEN,OPEN,request,NONE,MISS,0.033749998692655936,0.6018339990987442,INFO,adaptador.request,false,fallido,0.5091250004625181,9943.937520078,9943.938088162,9943.937486328,9943.938029203,CACHE_MISS,2026-09-05T00:14:07.139668Z
1cfa366c-7e86-491c-8c03-acb99c7cea21,run1_rep1,F,OPEN,OPEN,request,NONE,MISS,0.02237499938928522,0.45420800051942933,INFO,adaptador.request,false,fallido,0.3689170007419307,9943.95139612,9943.951827953,9943.951373745,9943.951765037,CACHE_MISS,2026-09-05T00:14:07.153415Z
462454bb-e5ef-4b19-b194-8126414ed8d0,run1_rep1,F,OPEN,OPEN,request,NONE,MISS,0.019041000996367075,0.41120800051430706,INFO,adaptador.request,false,fallido,0.3197919995727716,9943.956174703,9943.95656687,9943.956155662,9943.956494495,CACHE_MISS,2026-09-05T00:14:07.158176Z
31c9bfd4-7e90-4753-a230-61d3ce0aac19,run1_rep1,F,OPEN,OPEN,request,NONE,MISS,0.08758300100453198,0.9042500005307375,INFO,adaptador.request,false,fallido,0.7202500000857981,9944.01303937,9944.013856037,9944.012951787,9944.01375962,CACHE_MISS,2026-09-05T00:14:07.215461Z
0cc69b66-2959-4961-bc14-9d51ab2090c7,run1_rep1,F,OPEN,OPEN,request,NONE,MISS,0.017083000784623437,0.8792499993433012,INFO,adaptador.request,false,fallido,0.8228749993577367,9944.051621828,9944.052483995,9944.051604745,9944.052444703,CACHE_MISS,2026-09-05T00:14:07.254064Z
728d8f8c-40a8-4ae1-90b5-06bb774df1f0,run1_rep1,F,OPEN,OPEN,request,NONE,MISS,0.05837499884364661,1.12545800038788,INFO,adaptador.request,false,fallido,0.974083000983228,9944.051181787,9944.05224887,9944.051123412,9944.05215587,CACHE_MISS,2026-09-05T00:14:07.254345Z
68343422-9a14-4316-b10a-2673acfc913e,run1_rep1,F,OPEN,OPEN,request,NONE,MISS,0.05508299909706693,0.7934999994176906,INFO,adaptador.request,false,fallido,0.6269999994401587,9944.117495953,9944.11823437,9944.11744087,9944.118122953,CACHE_MISS,2026-09-05T00:14:07.319856Z
50dbb647-503f-4472-94e9-b038d3aa0f9e,run1_rep1,F,OPEN,OPEN,request,NONE,MISS,0.06320799911918584,0.9813329997996334,INFO,adaptador.request,false,fallido,0.7613750003656605,9944.172318328,9944.173236453,9944.17225512,9944.173079703,CACHE_MISS,2026-09-05T00:14:07.374908Z
45d5bec2-eab7-4bc0-bca0-81b10fed0b22,run1_rep1,F,OPEN,OPEN,request,NONE,MISS,0.025749999622348696,0.5342500007827766,INFO,adaptador.request,false,fallido,0.44312499994703103,9944.17621337,9944.17672187,9944.17618762,9944.176656495,CACHE_MISS,2026-09-05T00:14:07.378313Z
6c1798b4-19ad-417b-ac3b-96b80929df7d,run1_rep1,F,OPEN,OPEN,request,NONE,MISS,0.03708300027938094,0.4177920000074664,INFO,adaptador.request,false,fallido,0.32279200058837887,9944.196024453,9944.196405162,9944.19598737,9944.196347245,CACHE_MISS,2026-09-05T00:14:07.398003Z
ae1e28ce-9f5d-4f05-b4e6-0c360ba97cdd,run1_rep1,F,OPEN,OPEN,request,NONE,MISS,0.017249998563784175,0.7708749999437714,INFO,adaptador.request,false,fallido,0.7021250003163004,9944.204922287,9944.205675912,9944.204905037,9944.205624412,CACHE_MISS,2026-09-05T00:14:07.407257Z
d1dbe220-8c47-4526-9619-92c78f745f3c,run1_rep1,F,OPEN,OPEN,request,NONE,MISS,0.014584000382455997,0.33583399999770336,INFO,adaptador.request,false,fallido,0.27720799880626146,9944.209982037,9944.210303287,9944.209967453,9944.210259245,CACHE_MISS,2026-09-05T00:14:07.411878Z
6c3e9a8c-ede3-49ff-acaf-afcedd42c60f,run1_rep1,F,OPEN,OPEN,request,NONE,MISS,0.013666000086232089,0.3934999986086041,INFO,adaptador.request,false,fallido,0.33354199877067003,9944.227824203,9944.228204037,9944.227810537,9944.228157745,CACHE_MISS,2026-09-05T00:14:07.429783Z
5a5f5332-2783-4d24-9e8f-d3aaf67e03bc,run1_rep1,F,OPEN,OPEN,request,NONE,MISS,0.013541999578592367,0.33812499896157533,INFO,adaptador.request,false,fallido,0.27070800024375785,9944.240336912,9944.240661495,9944.24032337,9944.24060762,CACHE_MISS,2026-09-05T00:14:07.442247Z
795cef33-d201-4027-97f6-0300a3cb6be0,run1_rep1,F,OPEN,OPEN,request,NONE,MISS,0.018374999854131602,0.7913339995866409,INFO,adaptador.request,false,fallido,0.7142920003389008,9944.258802703,9944.259575662,9944.258784328,9944.259516995,CACHE_MISS,2026-09-05T00:14:07.461173Z
72a57e87-d11f-4eec-bd0a-4114863943b3,run1_rep1,F,OPEN,OPEN,request,NONE,MISS,0.018791000911733136,0.7323330009967322,INFO,adaptador.request,false,fallido,0.6659169994236436,9944.259407703,9944.260121245,9944.259388912,9944.26007362,CACHE_MISS,2026-09-05T00:14:07.461856Z
92018647-36b5-4ae0-a6a0-f54b1379e3e0,run1_rep1,F,OPEN,OPEN,request,NONE,MISS,0.022250000256462954,0.4137500000069849,INFO,adaptador.request,false,fallido,0.3333749991725199,9944.284046037,9944.284437537,9944.284023787,9944.284379412,CACHE_MISS,2026-09-05T00:14:07.486021Z
5584d08a-d3cf-4d6a-a8dd-00003b9d53d6,run1_rep1,F,OPEN,OPEN,request,NONE,MISS,0.016416999642387964,0.3565419992810348,INFO,adaptador.request,false,fallido,0.2869159998226678,9944.301241787,9944.301581912,9944.30122537,9944.301528703,CACHE_MISS,2026-09-05T00:14:07.503164Z
df87f2fe-98d1-4f86-baf1-d0b197c37183,run1_rep1,F,OPEN,OPEN,request,NONE,MISS,0.05170800068299286,0.8681660001457203,INFO,adaptador.request,false,fallido,0.6985829986660974,9944.374975995,9944.375792453,9944.374924287,9944.375674578,CACHE_MISS,2026-09-05T00:14:07.577417Z
65df449a-f914-4c7a-b4b8-71f8c25239bd,run1_rep1,F,OPEN,OPEN,request,NONE,MISS,0.03533400013111532,0.6145419993117684,INFO,adaptador.request,false,fallido,0.44308299948170315,9944.381669037,9944.382248245,9944.381633703,9944.38211212,CACHE_MISS,2026-09-05T00:14:07.583876Z
5399f06c-b7d6-4bba-b19c-4c108e69f19c,run1_rep1,F,OPEN,OPEN,request,NONE,MISS,0.052457999117905274,0.7678750007471535,INFO,adaptador.request,false,fallido,0.6087500005378388,9944.42298862,9944.423704037,9944.422936162,9944.42359737,CACHE_MISS,2026-09-05T00:14:07.625319Z
e02dedaf-1b14-40dc-9464-90f87f59ee61,run1_rep1,F,OPEN,OPEN,request,NONE,MISS,0.055250000514206477,0.8639999996375991,INFO,adaptador.request,false,fallido,0.6917089995113201,9944.489890453,9944.490699203,9944.489835203,9944.490582162,CACHE_MISS,2026-09-05T00:14:07.692327Z
e5624060-4648-4b66-84e6-8d93b5304995,run1_rep1,F,OPEN,OPEN,request,NONE,MISS,0.014458999430644326,0.7526249992224621,INFO,adaptador.request,false,fallido,0.682333000440849,9944.507397037,9944.508135203,9944.507382578,9944.50807937,CACHE_MISS,2026-09-05T00:14:07.709710Z
3b69f1c9-2368-47f1-96bb-ecc656f85e8c,run1_rep1,F,OPEN,OPEN,request,NONE,MISS,0.031584000680595636,1.011542000924237,INFO,adaptador.request,false,fallido,0.9032910002133576,9944.506864662,9944.50784462,9944.506833078,9944.507767953,CACHE_MISS,2026-09-05T00:14:07.709909Z
d02bf380-d1f3-4ea1-b877-846971db81b8,run1_rep1,F,OPEN,OPEN,request,NONE,MISS,0.056291000873898156,1.2405409997882089,INFO,adaptador.request,false,fallido,1.0817089987540385,9944.565203828,9944.566388078,9944.565147537,9944.566285537,CACHE_MISS,2026-09-05T00:14:07.768242Z
eec61f96-ea85-4147-8cae-1c7a1f0292fb,run1_rep1,F,OPEN,OPEN,request,NONE,MISS,0.017500000467407517,0.9902080000756541,INFO,adaptador.request,false,fallido,0.9265829994546948,9944.565677745,9944.566650453,9944.565660245,9944.566604328,CACHE_MISS,2026-09-05T00:14:07.768560Z
92a1c6fe-1918-45ef-9646-a537337ed615,run1_rep1,F,OPEN,OPEN,request,NONE,MISS,0.021457999537233263,0.4078329984622542,INFO,adaptador.request,false,fallido,0.3296249997220002,9944.572061245,9944.57244762,9944.572039787,9944.57239087,CACHE_MISS,2026-09-05T00:14:07.774031Z
8c85db98-6d19-40c8-95dc-79bb28ff170b,run1_rep1,F,OPEN,OPEN,request,NONE,MISS,0.051500001063686796,0.8362080006918404,INFO,adaptador.request,false,fallido,0.6730829991283827,9944.612860204,9944.613644912,9944.612808704,9944.613533287,CACHE_MISS,2026-09-05T00:14:07.815257Z
354b85d8-8bbc-4a50-82e4-eeeaea3e4020,run1_rep1,F,OPEN,OPEN,request,NONE,MISS,0.057375000324100256,0.7964590004121419,INFO,adaptador.request,false,fallido,0.6287500000325963,9944.712602745,9944.713341829,9944.71254537,9944.713231495,CACHE_MISS,2026-09-05T00:14:07.914962Z
20642345-e22b-4667-be70-b494e33a8970,run1_rep1,F,OPEN,OPEN,request,NONE,MISS,0.019208000594517216,0.4130830002395669,INFO,adaptador.request,false,fallido,0.3399580000404967,9944.722539787,9944.722933662,9944.722520579,9944.722879745,CACHE_MISS,2026-09-05T00:14:07.924525Z
4f87d151-fb29-4514-956a-115a337c27c3,run1_rep1,F,OPEN,OPEN,request,NONE,MISS,0.02391700036241673,0.3912920001312159,INFO,adaptador.request,false,fallido,0.30716600122104865,9944.736567204,9944.736934579,9944.736543287,9944.73687437,CACHE_MISS,2026-09-05T00:14:07.938508Z
a0f673c0-de0d-4228-b3d3-3aa94cc4bbcc,run1_rep1,F,OPEN,OPEN,request,NONE,MISS,0.01316700036113616,0.32979199932015035,INFO,adaptador.request,false,fallido,0.2757909987849416,9944.740551954,9944.740868579,9944.740538787,9944.740827745,CACHE_MISS,2026-09-05T00:14:07.942438Z
b9a368de-bd36-403e-aa4e-67cb8a4daadf,run1_rep1,F,OPEN,OPEN,request,NONE,MISS,0.05441699977382086,0.9909580003295559,INFO,adaptador.request,false,fallido,0.7975410007929895,9944.824268204,9944.825204745,9944.824213787,9944.825065745,CACHE_MISS,2026-09-05T00:14:08.026831Z
708a459b-f26f-4267-95fd-d21647027714,run1_rep1,F,OPEN,OPEN,request,NONE,MISS,0.023125001462176442,0.9515830006421311,INFO,adaptador.request,false,fallido,0.8597079995524837,9944.824962287,9944.825890745,9944.824939162,9944.825821995,CACHE_MISS,2026-09-05T00:14:08.027793Z
0a29639f-07f8-4b7a-bdc8-ce6dcebc30b6,run1_rep1,F,OPEN,OPEN,request,NONE,MISS,0.057875000493368134,0.8960420000221347,INFO,adaptador.request,false,fallido,0.6990839992795372,9944.86739687,9944.868235037,9944.867338995,9944.868095954,CACHE_MISS,2026-09-05T00:14:08.069877Z
32fc2f5b-55dd-4e18-8347-0bd95772f224,run1_rep1,F,OPEN,OPEN,request,NONE,MISS,0.020833000235143118,0.45504100125981495,INFO,adaptador.request,false,fallido,0.37891700048930943,9944.871548537,9944.871982745,9944.871527704,9944.871927454,CACHE_MISS,2026-09-05T00:14:08.073594Z
515d1968-07ec-47a6-a848-1b2acd6d7570,run1_rep1,F,OPEN,OPEN,request,NONE,MISS,0.01795800017134752,0.35483300052874256,INFO,adaptador.request,false,fallido,0.29145799999241717,9944.876395162,9944.876732037,9944.876377204,9944.87668662,CACHE_MISS,2026-09-05T00:14:08.078304Z
e08b4a35-18f2-4e1f-965e-0e78f8b1d2fc,run1_rep1,F,OPEN,OPEN,request,NONE,MISS,0.015792000340297818,0.3632500011008233,INFO,adaptador.request,false,fallido,0.2981670004373882,9944.901398287,9944.901745745,9944.901382495,9944.901696454,CACHE_MISS,2026-09-05T00:14:08.103326Z
bd98fe4d-e6e5-4f91-921c-7cbf73a09153,run1_rep1,F,OPEN,OPEN,request,NONE,MISS,0.052457999117905274,0.8258329999080161,INFO,adaptador.request,false,fallido,0.6695840002066689,9944.97157837,9944.972351745,9944.971525912,9944.972247954,CACHE_MISS,2026-09-05T00:14:08.173970Z
7571d68a-a452-4dcc-b65e-b9a46f74f8ec,run1_rep1,F,OPEN,OPEN,request,NONE,MISS,0.03999999898951501,0.6731659996148665,INFO,adaptador.request,false,fallido,0.5362080009945203,9945.006777329,9945.007410495,9945.006737329,9945.007313537,CACHE_MISS,2026-09-05T00:14:08.209036Z
d4af4b69-9f7a-47d9-825d-c5c51ce0e6c9,run1_rep1,F,OPEN,OPEN,request,NONE,MISS,0.04975000047124922,0.7753749996481929,INFO,adaptador.request,false,fallido,0.6176250008138595,9945.042521079,9945.043246704,9945.042471329,9945.043138704,CACHE_MISS,2026-09-05T00:14:08.244866Z
b16b6868-de63-4f6c-92b2-a0cc3d3432e2,run1_rep1,F,OPEN,OPEN,request,NONE,MISS,0.056582999604870565,0.7760829994367668,INFO,adaptador.request,false,fallido,0.6194580000737915,9945.075892662,9945.076612162,9945.075836079,9945.07651212,CACHE_MISS,2026-09-05T00:14:08.278234Z
5b8a2ac1-700c-4d9f-8e66-9ba428658b0d,run1_rep1,F,OPEN,OPEN,request,NONE,MISS,0.020375000531203113,0.4219999991619261,INFO,adaptador.request,false,fallido,0.3422499994485406,9945.081550995,9945.08195262,9945.08153062,9945.081893245,CACHE_MISS,2026-09-05T00:14:08.283549Z
26e2722f-6bbf-41f9-a3cd-bdfb98611784,run1_rep1,F,OPEN,OPEN,request,NONE,MISS,0.08079200051724911,0.9122920000663726,INFO,adaptador.request,false,fallido,0.7208329989225604,9945.131037204,9945.131868704,9945.130956412,9945.131758037,CACHE_MISS,2026-09-05T00:14:08.333490Z
045deee3-4af3-4965-bba0-02bc37fe55f3,run1_rep1,F,OPEN,OPEN,request,NONE,MISS,0.044041000364813954,0.6798750000598375,INFO,adaptador.request,false,fallido,0.5477499998960411,9945.163471745,9945.164107579,9945.163427704,9945.164019495,CACHE_MISS,2026-09-05T00:14:08.365710Z
3d7fc766-73e1-4239-928c-df4ea59c4a63,run1_rep1,F,OPEN,OPEN,request,NONE,MISS,0.06641700019827113,0.7777499995427206,INFO,adaptador.request,false,fallido,0.5913329987379257,9945.184032454,9945.184743787,9945.183966037,9945.184623787,CACHE_MISS,2026-09-05T00:14:08.386378Z
67b3e553-0c58-4a2e-9e07-3bf26d8d3220,run1_rep1,F,OPEN,OPEN,request,NONE,MISS,0.02329199924133718,0.4088749992661178,INFO,adaptador.request,false,fallido,0.32741700124461204,9945.188401537,9945.18878712,9945.188378245,9945.188728954,CACHE_MISS,2026-09-05T00:14:08.390366Z
03ccbff4-708e-45b8-b20a-273fc3313252,run1_rep1,F,OPEN,OPEN,request,NONE,MISS,0.05904200043005403,1.0474589998921147,INFO,adaptador.request,false,fallido,0.8842499992169905,9945.245526537,9945.246514954,9945.245467495,9945.246410787,CACHE_MISS,2026-09-05T00:14:08.448145Z
296444d3-92d2-4061-9524-6db91f4cc59b,run1_rep1,F,OPEN,OPEN,request,NONE,MISS,0.025833000108832493,0.9744999988470227,INFO,adaptador.request,false,fallido,0.8890839999367017,9945.246322245,9945.247270912,9945.246296412,9945.247211329,CACHE_MISS,2026-09-05T00:14:08.449015Z
1b24065a-1696-43ef-966f-3337ae714b7e,run1_rep1,F,OPEN,OPEN,request,NONE,MISS,0.032750000173109584,1.1146659999212716,INFO,adaptador.request,false,fallido,0.9721250007714843,9945.331446371,9945.332528287,9945.331413621,9945.332418496,CACHE_MISS,2026-09-05T00:14:08.534160Z
18943bda-fcc4-43a7-b457-392ee0bba669,run1_rep1,F,OPEN,OPEN,request,NONE,MISS,0.026749999960884452,0.5480829986481695,INFO,adaptador.request,false,fallido,0.4598749983415473,9945.338829079,9945.339350412,9945.338802329,9945.339288954,CACHE_MISS,2026-09-05T00:14:08.540934Z
06f9578a-1646-44c9-b4ba-34be697c3f07,run1_rep1,F,OPEN,OPEN,request,NONE,MISS,0.01637499917706009,0.3446669998083962,INFO,adaptador.request,false,fallido,0.28404200020304415,9945.345402079,9945.345730371,9945.345385704,9945.345686121,CACHE_MISS,2026-09-05T00:14:08.547303Z
7b97b465-8125-46cd-824a-62a5e582d05e,run1_rep1,F,OPEN,OPEN,request,NONE,MISS,0.01612499909242615,0.36070900023332797,INFO,adaptador.request,false,fallido,0.29679200088139623,9945.360738037,9945.361082621,9945.360721912,9945.361034829,CACHE_MISS,2026-09-05T00:14:08.562664Z
32ef8f02-0ddf-4b99-93cf-7dc65fadf7e9,run1_rep1,F,OPEN,OPEN,request,NONE,MISS,0.049166001190315,0.815708001027815,INFO,adaptador.request,false,fallido,0.671124998916639,9945.421100412,9945.421866954,9945.421051246,9945.421771537,CACHE_MISS,2026-09-05T00:14:08.623471Z
de82f6cc-132b-4837-a871-583bd2b204bc,run1_rep1,F,OPEN,OPEN,request,NONE,MISS,0.020540999685181305,0.4212080002616858,INFO,adaptador.request,false,fallido,0.3452500004641479,9945.426134537,9945.426535204,9945.426113996,9945.426479787,CACHE_MISS,2026-09-05T00:14:08.628120Z
01749ad4-19b4-4230-8150-27a6164ab590,run1_rep1,F,OPEN,OPEN,request,NONE,MISS,0.05679199966834858,0.8277920005639317,INFO,adaptador.request,false,fallido,0.6403330007742625,9945.467262454,9945.468033454,9945.467205662,9945.467902787,CACHE_MISS,2026-09-05T00:14:08.669682Z
ca901597-ace7-4040-bec0-94efac63bf12,run1_rep1,F,OPEN,OPEN,request,NONE,MISS,0.02700000004551839,0.9326250001322478,INFO,adaptador.request,false,fallido,0.8412919996771961,9945.468685287,9945.469590912,9945.468658287,9945.469526579,CACHE_MISS,2026-09-05T00:14:08.671180Z
38e4ca37-b5cb-469c-a07f-4284ce70f01d,run1_rep1,F,OPEN,OPEN,request,NONE,MISS,0.02012499862757977,0.41279199831478763,INFO,adaptador.request,false,fallido,0.33475000054750126,9945.479079329,9945.479471996,9945.479059204,9945.479414079,CACHE_MISS,2026-09-05T00:14:08.681056Z
f73cda9c-6802-4637-94ea-693948f21878,run1_rep1,F,OPEN,OPEN,request,NONE,MISS,0.013916000170866027,0.33983300090767443,INFO,adaptador.request,false,fallido,0.2727089995460119,9945.495325287,9945.495651204,9945.495311371,9945.495597996,CACHE_MISS,2026-09-05T00:14:08.697235Z
bee4a16b-df2d-489f-aa1b-5ff96a5ad8c5,run1_rep1,F,OPEN,OPEN,request,NONE,MISS,0.01312500171479769,0.33650000113993883,INFO,adaptador.request,false,fallido,0.2838749987859046,9945.499603329,9945.499926704,9945.499590204,9945.499887204,CACHE_MISS,2026-09-05T00:14:08.701498Z
6c7efabc-b22c-4a36-b805-5c53d424f4ba,run1_rep1,F,OPEN,OPEN,request,NONE,MISS,0.013499999113264494,0.3253329996368848,INFO,adaptador.request,false,fallido,0.26812500072992407,9945.530507454,9945.530819287,9945.530493954,9945.530775579,CACHE_MISS,2026-09-05T00:14:08.732392Z
63312d7f-1a23-4c70-91c5-59ee68170cdf,run1_rep1,F,OPEN,OPEN,request,NONE,MISS,0.01275000067835208,0.34854200021072756,INFO,adaptador.request,false,fallido,0.28729199948429596,9945.544735412,9945.545071204,9945.544722662,9945.545022704,CACHE_MISS,2026-09-05T00:14:08.746650Z
974ddb77-839e-4a85-95e3-4fc2569e62cc,run1_rep1,F,OPEN,OPEN,request,NONE,MISS,0.06383300024026539,1.0696670015022391,INFO,adaptador.request,false,fallido,0.8970420003606705,9945.594167037,9945.595172871,9945.594103204,9945.595064079,CACHE_MISS,2026-09-05T00:14:08.796781Z
bbbb13d1-2435-40fb-a39b-9c46dc9f589b,run1_rep1,F,OPEN,OPEN,request,NONE,MISS,0.02195799970650114,0.4611250005837064,INFO,adaptador.request,false,fallido,0.38095799936854746,9945.608427079,9945.608866246,9945.608405121,9945.608808037,CACHE_MISS,2026-09-05T00:14:08.810451Z
f73a98d0-c2a6-4c4c-98f6-c12f45591efe,run1_rep1,F,OPEN,OPEN,request,NONE,MISS,0.015749999874969944,0.3404580002097646,INFO,adaptador.request,false,fallido,0.2745000001596054,9945.614212704,9945.614537412,9945.614196954,9945.614487204,CACHE_MISS,2026-09-05T00:14:08.816122Z
ff26372b-4d1b-413e-95e7-11345884f3d9,run1_rep1,F,OPEN,OPEN,request,NONE,MISS,0.05770799907622859,0.9761669989529764,INFO,adaptador.request,false,fallido,0.8030420012801187,9945.704525287,9945.705443746,9945.704467579,9945.705328329,CACHE_MISS,2026-09-05T00:14:08.907054Z
5203b67f-4adc-4b36-b1ff-1697e93cee9c,run1_rep1,F,OPEN,OPEN,request,NONE,MISS,0.02766699981293641,0.5647090001730248,INFO,adaptador.request,false,fallido,0.40470800013281405,9945.706322079,9945.706859121,9945.706294412,9945.706726787,CACHE_MISS,2026-09-05T00:14:08.908468Z
367dec79-b4b9-40eb-8d9c-7fb71423d1f2,run1_rep1,F,OPEN,OPEN,request,NONE,MISS,0.04870900011155754,0.7244999997055857,INFO,adaptador.request,false,fallido,0.5760829990322236,9945.739236871,9945.739912662,9945.739188162,9945.739812954,CACHE_MISS,2026-09-05T00:14:08.941538Z
215e9007-2b2f-40fd-a389-6ff0c1ecf0cd,run1_rep1,F,OPEN,OPEN,request,NONE,MISS,0.054707999879610725,0.8762079996813554,INFO,adaptador.request,false,fallido,0.705458000084036,9945.775901829,9945.776723329,9945.775847121,9945.776607287,CACHE_MISS,2026-09-05T00:14:08.978355Z
9dc5b001-63af-4929-8a62-c3445e8726dc,run1_rep1,F,OPEN,OPEN,request,NONE,MISS,0.04495800021686591,0.6289160010055639,INFO,adaptador.request,false,fallido,0.4821250004169997,9945.791454704,9945.792038662,9945.791409746,9945.791936829,CACHE_MISS,2026-09-05T00:14:08.993649Z
cac50a7a-e26e-4413-9b18-658429bce245,run1_rep1,F,OPEN,OPEN,request,NONE,MISS,0.03562500023690518,0.6034589987393701,INFO,adaptador.request,false,fallido,0.47687499863968696,9945.856400287,9945.856968121,9945.856364662,9945.856877162,CACHE_MISS,2026-09-05T00:14:09.058606Z
f88f4b30-62f5-401c-bf91-fd963dfee0e3,run1_rep1,F,OPEN,OPEN,request,NONE,MISS,0.03333300082886126,0.6322910012386274,INFO,adaptador.request,false,fallido,0.5191669988562353,9945.885670829,9945.886269787,9945.885637496,9945.886189996,CACHE_MISS,2026-09-05T00:14:09.087879Z
dfecd52d-2711-4def-8eef-6246c5b97f65,run1_rep1,F,OPEN,OPEN,request,NONE,MISS,0.04954100040777121,0.772375000451575,INFO,adaptador.request,false,fallido,0.6297089985309867,9945.906757037,9945.907479871,9945.906707496,9945.907386746,CACHE_MISS,2026-09-05T00:14:09.109085Z
0012c089-f030-4f2b-962b-85b873efe087,run1_rep1,F,OPEN,OPEN,request,NONE,MISS,0.042584000766510144,1.1022090002370533,INFO,adaptador.request,false,fallido,0.9733749993756646,9945.929320121,9945.930379746,9945.929277537,9945.930293496,CACHE_MISS,2026-09-05T00:14:09.132187Z
a7333a73-e376-4bd3-b4b7-02916e25c9bb,run1_rep1,F,OPEN,OPEN,request,NONE,MISS,0.01662499926169403,0.8411669987253845,INFO,adaptador.request,false,fallido,0.7837499997549457,9945.929783037,9945.930607579,9945.929766412,9945.930566787,CACHE_MISS,2026-09-05T00:14:09.132478Z
bca5632d-a658-4023-9569-fae40f0607ae,run1_rep1,F,OPEN,OPEN,request,NONE,MISS,0.04599999920174014,0.6772920005460037,INFO,adaptador.request,false,fallido,0.5479999999806751,9945.962756787,9945.963388079,9945.962710787,9945.963304787,CACHE_MISS,2026-09-05T00:14:09.164987Z
595a1dd6-53db-4c99-819b-61bd9643aead,run1_rep1,F,OPEN,OPEN,request,NONE,MISS,0.04912500116915908,0.7645830010005739,INFO,adaptador.request,false,fallido,0.6175419985083863,9945.995440246,9945.996155704,9945.995391121,9945.996057788,CACHE_MISS,2026-09-05T00:14:09.197775Z
d8f9e1d3-a63c-42fa-910f-c9cf02db2ee5,run1_rep1,F,OPEN,OPEN,request,NONE,MISS,0.049375001253793016,0.7226660000014817,INFO,adaptador.request,false,fallido,0.5753749992436497,9946.014935663,9946.015608954,9946.014886288,9946.015511038,CACHE_MISS,2026-09-05T00:14:09.217223Z
d09bbe82-1417-4165-af98-3bfc561783b2,run1_rep1,F,OPEN,OPEN,request,NONE,MISS,0.04254200030118227,0.5537090000871103,INFO,adaptador.request,false,fallido,0.4408330005389871,9946.019015746,9946.019526913,9946.018973204,9946.019456579,CACHE_MISS,2026-09-05T00:14:09.221146Z
ce49dba6-0f9d-4b3f-8965-38484db62cdc,run1_rep1,F,OPEN,OPEN,request,NONE,MISS,0.021874999220017344,0.4588329993566731,INFO,adaptador.request,false,fallido,0.3707080013555242,9946.042486371,9946.042923329,9946.042464496,9946.042857079,CACHE_MISS,2026-09-05T00:14:09.244537Z
c9cec4c9-f89d-41f2-bd37-131bfe9649bd,run1_rep1,F,OPEN,OPEN,request,NONE,MISS,0.023624999812454917,0.42541699986031745,INFO,adaptador.request,false,fallido,0.35641700014821254,9946.068985621,9946.069387413,9946.068961996,9946.069342038,CACHE_MISS,2026-09-05T00:14:09.270965Z
ef1d93ab-5b19-43a7-8dfe-2ba43e6b2466,run1_rep1,F,OPEN,OPEN,request,NONE,MISS,0.03691700112540275,0.6756250004400499,INFO,adaptador.request,false,fallido,0.534790999154211,9946.190589038,9946.191227746,9946.190552121,9946.191123829,CACHE_MISS,2026-09-05T00:14:09.392861Z
f86fcf2f-f120-4f2f-b9a2-932b1c18eaa8,run1_rep1,F,OPEN,OPEN,request,NONE,MISS,0.05954100015514996,1.0456250001880107,INFO,adaptador.request,false,fallido,0.8465419996355195,9946.233812204,9946.234798288,9946.233752663,9946.234658746,CACHE_MISS,2026-09-05T00:14:09.436425Z
de7dda2e-ee0f-4282-bd1d-0e9bce9c6e9e,run1_rep1,F,OPEN,OPEN,request,NONE,MISS,0.057792000006884336,1.4013750005688053,INFO,adaptador.request,false,fallido,1.227041999300127,9946.273357746,9946.274701329,9946.273299954,9946.274584788,CACHE_MISS,2026-09-05T00:14:09.476629Z
23b2b8c4-31ff-485b-a695-078e0b6d2541,run1_rep1,F,OPEN,OPEN,request,NONE,MISS,0.026083000193466432,1.0889160002989229,INFO,adaptador.request,false,fallido,0.9937920003721956,9946.273961371,9946.275024204,9946.273935288,9946.274955163,CACHE_MISS,2026-09-05T00:14:09.476955Z
dc062138-58b3-4c5e-a0c7-0fd81c2d5ec3,run1_rep1,F,OPEN,OPEN,request,NONE,MISS,0.051791999794659205,0.8432499998889398,INFO,adaptador.request,false,fallido,0.6722910002281424,9946.319485163,9946.320276621,9946.319433371,9946.320157454,CACHE_MISS,2026-09-05T00:14:09.521892Z
30b9818b-62bf-458a-90ef-464096a35592,run1_rep1,F,OPEN,OPEN,request,NONE,MISS,0.05104100091557484,0.8027910007513128,INFO,adaptador.request,false,fallido,0.6556669995916309,9946.339594204,9946.340345954,9946.339543163,9946.340249871,CACHE_MISS,2026-09-05T00:14:09.541951Z
2098353c-787d-4074-8658-b81d3f5b7467,run1_rep1,F,OPEN,OPEN,request,NONE,MISS,0.03679200017359108,0.5991670004732441,INFO,adaptador.request,false,fallido,0.48133299969777,9946.345162288,9946.345724663,9946.345125496,9946.345643621,CACHE_MISS,2026-09-05T00:14:09.547351Z
5af65325-25db-41bd-a511-9c124e333c13,run1_rep1,F,OPEN,OPEN,request,NONE,MISS,0.022292000721790828,0.41887500083248597,INFO,adaptador.request,false,fallido,0.33933299891941715,9946.353744496,9946.354141079,9946.353722204,9946.354083829,CACHE_MISS,2026-09-05T00:14:09.555726Z
89ed39f6-3648-4c09-a588-104b043510df,run1_rep1,F,OPEN,OPEN,request,NONE,MISS,0.021958998331683688,1.1111249987152405,INFO,adaptador.request,false,fallido,1.0309160006727325,9946.384584413,9946.385673579,9946.384562454,9946.385615329,CACHE_MISS,2026-09-05T00:14:09.587266Z
faf62cdd-a501-4e0f-ae0c-5ae5d5510c53,run1_rep1,F,OPEN,OPEN,request,NONE,MISS,0.019166000129189342,0.9460830005991738,INFO,adaptador.request,false,fallido,0.8752920002734754,9946.385540829,9946.386467746,9946.385521663,9946.386416121,CACHE_MISS,2026-09-05T00:14:09.588484Z
fd21cb7e-969c-4153-b4cd-c7b74875968b,run1_rep1,F,OPEN,OPEN,request,NONE,MISS,0.014166998880682513,1.922084000398172,INFO,adaptador.request,false,fallido,1.8649580015335232,9946.384985996,9946.386893913,9946.384971829,9946.386850954,CACHE_MISS,2026-09-05T00:14:09.588860Z
5ab00ccf-99f0-4222-8b67-68f9fa422ec5,run1_rep1,F,OPEN,OPEN,request,NONE,MISS,0.04795800123247318,0.8468750002066372,INFO,adaptador.request,false,fallido,0.6806669989600778,9946.474655579,9946.475454496,9946.474607621,9946.475336246,CACHE_MISS,2026-09-05T00:14:09.677077Z
677981a2-ea37-4a2d-bf62-e7b3473ce0d6,run1_rep1,F,OPEN,OPEN,request,NONE,MISS,0.051125000027241185,0.824250000732718,INFO,adaptador.request,false,fallido,0.6678749996353872,9946.546443038,9946.547216163,9946.546391913,9946.547110913,CACHE_MISS,2026-09-05T00:14:09.748840Z
5c042492-8b2d-4695-98cd-e21d48841b87,run1_rep1,F,OPEN,OPEN,request,NONE,MISS,0.027167001462657936,0.45745800161967054,INFO,adaptador.request,false,fallido,0.37358299960033037,9946.553417413,9946.553847704,9946.553390246,9946.553790996,CACHE_MISS,2026-09-05T00:14:09.755437Z
3a077a48-d06c-4244-9d40-e367b73af534,run1_rep1,F,OPEN,OPEN,request,NONE,MISS,0.043541000195546076,1.4089579999563284,INFO,adaptador.request,false,fallido,1.2660840002354234,9946.629717204,9946.631082621,9946.629673663,9946.630983288,CACHE_MISS,2026-09-05T00:14:09.832915Z
b5130fae-6569-40c6-8634-1c2e5df54fb7,run1_rep1,F,OPEN,OPEN,request,NONE,MISS,0.02049999966402538,1.2007919995085103,INFO,adaptador.request,false,fallido,1.1467499989521457,9946.630165204,9946.631345496,9946.630144704,9946.631311954,CACHE_MISS,2026-09-05T00:14:09.833275Z
ea888b62-0828-424d-8d49-628adcade4ad,run1_rep1,F,OPEN,OPEN,request,NONE,MISS,0.017791999198379926,0.8643750006740447,INFO,adaptador.request,false,fallido,0.8232079999288544,9946.630867871,9946.631714454,9946.630850079,9946.631691079,CACHE_MISS,2026-09-05T00:14:09.833531Z
669e554e-188a-4b9a-82dd-e0a48e4cb23c,run1_rep1,F,OPEN,OPEN,request,NONE,MISS,0.0301670006592758,0.5410840003605699,INFO,adaptador.request,false,fallido,0.4482080003072042,9946.711699788,9946.712210705,9946.711669621,9946.712147996,CACHE_MISS,2026-09-05T00:14:09.913799Z
ce1c2f75-cb45-4c45-a845-08b8d22184d8,run1_rep1,F,OPEN,OPEN,request,NONE,MISS,0.03191599898855202,0.5593749992840458,INFO,adaptador.request,false,fallido,0.4483339998841984,9946.735349121,9946.73587658,9946.735317205,9946.735797455,CACHE_MISS,2026-09-05T00:14:09.937489Z
69a5cae5-fa27-4d34-8ed0-d910b68136de,run1_rep1,F,OPEN,OPEN,request,NONE,MISS,0.04549999903247226,0.5121249996591359,INFO,adaptador.request,false,fallido,0.3803330000664573,9946.746088413,9946.746555038,9946.746042913,9946.746468746,CACHE_MISS,2026-09-05T00:14:09.948173Z
6fc449b4-2160-4c57-9da7-54c464083d0f,run1_rep1,F,OPEN,OPEN,request,NONE,MISS,0.036749999708263204,0.5667080004059244,INFO,adaptador.request,false,fallido,0.4338329999882262,9946.76655658,9946.767086538,9946.76651983,9946.766990413,CACHE_MISS,2026-09-05T00:14:09.968688Z
f2ad0781-7513-4792-8204-76dde3ce338e,run1_rep1,F,OPEN,OPEN,request,NONE,MISS,0.03254200055380352,0.5342080003174488,INFO,adaptador.request,false,fallido,0.4261659996700473,9946.80620783,9946.806709496,9946.806175288,9946.806633996,CACHE_MISS,2026-09-05T00:14:10.008309Z
bbd6e2ad-c475-4739-a380-7aa3877c96ca,run1_rep1,F,OPEN,OPEN,request,NONE,MISS,0.03033400025742594,0.9580419991834788,INFO,adaptador.request,false,fallido,0.857790999361896,9946.88097383,9946.881901538,9946.880943496,9946.881831621,CACHE_MISS,2026-09-05T00:14:10.083806Z
40496498-0f99-4504-ad9b-d80ce70fb8cd,run1_rep1,F,OPEN,OPEN,request,NONE,MISS,0.018417000319459476,0.7743749993096571,INFO,adaptador.request,false,fallido,0.7019579988991609,9946.88142983,9946.882185788,9946.881411413,9946.882131788,CACHE_MISS,2026-09-05T00:14:10.084058Z
36770707-9be8-41be-98c5-635dae9728b1,run1_rep1,F,OPEN,OPEN,request,NONE,MISS,0.02887499977077823,0.5032080007367767,INFO,adaptador.request,false,fallido,0.4063750002387678,9946.897869288,9946.898343621,9946.897840413,9946.898275663,CACHE_MISS,2026-09-05T00:14:10.099945Z
b8c4e786-0e85-4c0f-9314-d86545b09665,run1_rep1,F,OPEN,OPEN,request,NONE,MISS,0.03641700095613487,0.6410000005416805,INFO,adaptador.request,false,fallido,0.5029999992984813,9946.937586705,9946.938191288,9946.937550288,9946.938089705,CACHE_MISS,2026-09-05T00:14:10.139815Z
a724980d-bade-4522-a91e-37e7c68611d7,run1_rep1,F,OPEN,OPEN,request,NONE,MISS,0.038458001654362306,0.733958000637358,INFO,adaptador.request,false,fallido,0.6167919982544845,9946.978434746,9946.979130246,9946.978396288,9946.979051538,CACHE_MISS,2026-09-05T00:14:10.180721Z
c6030329-e1c0-4957-8a91-b7e59f4f321a,run1_rep1,F,OPEN,OPEN,request,NONE,MISS,0.05462499939312693,0.7837089997337898,INFO,adaptador.request,false,fallido,0.6434170009015361,9947.012118871,9947.012847955,9947.012064246,9947.012762288,CACHE_MISS,2026-09-05T00:14:10.214442Z
e7200791-421b-4310-a347-7be0db181b11,run1_rep1,F,OPEN,OPEN,request,NONE,MISS,0.03616700087150093,0.6720830006088363,INFO,adaptador.request,false,fallido,0.5547079999814741,9947.02182308,9947.022458996,9947.021786913,9947.022377788,CACHE_MISS,2026-09-05T00:14:10.224061Z
703e6c4d-2adb-4f1c-aa85-bf00f7ae1ef5,run1_rep1,F,OPEN,OPEN,request,NONE,MISS,0.05450000026030466,0.7604589991387911,INFO,adaptador.request,false,fallido,0.6070420004107291,9947.072766371,9947.07347233,9947.072711871,9947.073373413,CACHE_MISS,2026-09-05T00:14:10.275074Z
53a8d236-2402-433b-a407-d823ed3449b3,run1_rep1,F,OPEN,OPEN,request,NONE,MISS,0.07691700011491776,0.8392500003537862,INFO,adaptador.request,false,fallido,0.6660830003966112,9947.115070538,9947.115832871,9947.114993621,9947.115736621,CACHE_MISS,2026-09-05T00:14:10.317429Z
7baa67eb-8360-478b-b3c6-ac4cba368fd2,run1_rep1,F,OPEN,OPEN,request,NONE,MISS,0.04624999928637408,0.8958329999586567,INFO,adaptador.request,false,fallido,0.6784170000173617,9947.133909413,9947.134758996,9947.133863163,9947.13458783,CACHE_MISS,2026-09-05T00:14:10.336463Z
b13414b9-80ed-4b39-8e06-06964b39a4d1,run1_rep1,F,OPEN,OPEN,request,NONE,MISS,0.05116600004839711,0.9273329997085966,INFO,adaptador.request,false,fallido,0.7510839986935025,9947.185152996,9947.186029163,9947.18510183,9947.18590408,CACHE_MISS,2026-09-05T00:14:10.387654Z
1b07ec6e-4dbe-4c84-a01a-ced1d9062583,run1_rep1,F,OPEN,OPEN,request,NONE,MISS,0.03599999945436139,0.565999998798361,INFO,adaptador.request,false,fallido,0.4492919997574063,9947.200637996,9947.201167996,9947.200601996,9947.201087288,CACHE_MISS,2026-09-05T00:14:10.402765Z
831c7410-8c6a-4f26-b644-ac725ac3a9c1,run1_rep1,F,OPEN,OPEN,request,NONE,MISS,0.028000000384054147,0.5151670011400711,INFO,adaptador.request,false,fallido,0.414166999689769,9947.207928496,9947.208415663,9947.207900496,9947.208342663,CACHE_MISS,2026-09-05T00:14:10.410020Z
861b8fa7-8141-4c47-aa98-3e7cedb13e78,run1_rep1,F,OPEN,OPEN,request,NONE,MISS,0.05104199954075739,0.7824579988664482,INFO,adaptador.request,false,fallido,0.6270409994613146,9947.26410783,9947.264839246,9947.264056788,9947.264734871,CACHE_MISS,2026-09-05T00:14:10.466480Z
aa0de811-0d5e-4beb-8238-4bf7d1c7d8a8,run1_rep1,F,OPEN,OPEN,request,NONE,MISS,0.05174999932933133,0.7452909994754009,INFO,adaptador.request,false,fallido,0.5945829998381669,9947.290099955,9947.290793496,9947.290048205,9947.290694538,CACHE_MISS,2026-09-05T00:14:10.492407Z
aab94f85-1be9-4f30-9f5d-bc651b2f574d,run1_rep1,F,OPEN,OPEN,request,NONE,MISS,0.07937500049592927,0.5520419999811566,INFO,adaptador.request,false,fallido,0.40962499952001963,9947.299997913,9947.30047058,9947.299918538,9947.300407538,CACHE_MISS,2026-09-05T00:14:10.502062Z
7f60132e-48d6-4a15-957f-a9c624feafae,run1_rep1,F,OPEN,OPEN,request,NONE,MISS,0.05354200038709678,0.8158749988069758,INFO,adaptador.request,false,fallido,0.6674579999526031,9947.342473455,9947.343235788,9947.342419913,9947.343140913,CACHE_MISS,2026-09-05T00:14:10.544840Z
5468510d-9722-4b20-a5fb-caaf69854d8c,run1_rep1,F,OPEN,OPEN,request,NONE,MISS,0.055541999245178886,0.676958999974886,INFO,adaptador.request,false,fallido,0.5282080001052236,9947.362048788,9947.362670205,9947.361993246,9947.362576996,CACHE_MISS,2026-09-05T00:14:10.564284Z
a95d570e-bb07-46c7-9084-ada4bb9b3921,run1_rep1,F,OPEN,OPEN,request,NONE,MISS,0.05462499939312693,1.7958339994947892,INFO,adaptador.request,false,fallido,1.6449169997940771,9947.403401288,9947.405142497,9947.403346663,9947.405046205,CACHE_MISS,2026-09-05T00:14:10.607260Z
de8448e5-7df1-423b-aa82-07381a8633b2,run1_rep1,F,OPEN,OPEN,request,NONE,MISS,0.019916999008273706,1.631708999411785,INFO,adaptador.request,false,fallido,1.5583750009682262,9947.403852955,9947.405464747,9947.403833038,9947.40541133,CACHE_MISS,2026-09-05T00:14:10.607585Z
10e6d25a-e6d9-4975-8abd-6f8c8a74fa70,run1_rep1,F,OPEN,OPEN,request,NONE,MISS,0.023833999875932932,0.9251669998775469,INFO,adaptador.request,false,fallido,0.864040999658755,9947.404775122,9947.405676455,9947.404751288,9947.405639163,CACHE_MISS,2026-09-05T00:14:10.607788Z
1c30f66a-ebe1-4d55-a4fb-037990904008,run1_rep1,F,OPEN,OPEN,request,NONE,MISS,0.05595900074695237,1.357209001071169,INFO,adaptador.request,false,fallido,1.1952909990213811,9947.485489622,9947.486790872,9947.485433663,9947.486684913,CACHE_MISS,2026-09-05T00:14:10.688752Z
d57a0d94-f313-45cd-9da5-e84f61dcb89d,run1_rep1,F,OPEN,OPEN,request,NONE,MISS,0.025207998987752944,1.0530409999773838,INFO,adaptador.request,false,fallido,0.9597919997759163,9947.486104705,9947.487132538,9947.486079497,9947.487064497,CACHE_MISS,2026-09-05T00:14:10.689123Z
50b3d033-a459-4e40-9d2d-569a4224c5e0,run1_rep1,F,OPEN,OPEN,request,NONE,MISS,0.051791999794659205,0.8682919997227145,INFO,adaptador.request,false,fallido,0.70320800114132,9947.53085883,9947.53167533,9947.530807038,9947.531562038,CACHE_MISS,2026-09-05T00:14:10.733299Z
c9535a8e-7259-4389-882e-2c976f3c0249,run1_rep1,F,OPEN,OPEN,request,NONE,MISS,0.053249999837134965,0.8534170010534581,INFO,adaptador.request,false,fallido,0.6927089998498559,9947.612972038,9947.613772205,9947.612918788,9947.613664747,CACHE_MISS,2026-09-05T00:14:10.815390Z
311cbfa1-6232-4eb4-9d50-345ad2dc48f2,run1_rep1,F,OPEN,OPEN,request,NONE,MISS,0.054292000640998594,0.8143750001181616,INFO,adaptador.request,false,fallido,0.6631249998463318,9947.625203705,9947.625963788,9947.625149413,9947.62586683,CACHE_MISS,2026-09-05T00:14:10.827613Z
e7954843-e8b9-42f4-976c-85260b800f65,run1_rep1,F,OPEN,OPEN,request,NONE,MISS,0.07041699973342475,1.0598339995340211,INFO,adaptador.request,false,fallido,0.8598330005042953,9947.64572008,9947.646709497,9947.645649663,9947.646579913,CACHE_MISS,2026-09-05T00:14:10.848335Z
da33a9af-c8ab-40cf-9be1-384e06bd7f3a,run1_rep1,F,OPEN,OPEN,request,NONE,MISS,0.02499999936844688,0.5141660003573634,INFO,adaptador.request,false,fallido,0.4147079998801928,9947.649327497,9947.649816663,9947.649302497,9947.649742205,CACHE_MISS,2026-09-05T00:14:10.851431Z
aced0e77-5a8e-4087-a630-2fa9a145cabb,run1_rep1,F,OPEN,OPEN,request,NONE,MISS,0.025875000574160367,0.4268339998816373,INFO,adaptador.request,false,fallido,0.3416250001464505,9947.672921038,9947.673321997,9947.672895163,9947.673262663,CACHE_MISS,2026-09-05T00:14:10.874913Z
edfe923f-fac2-41ab-abef-052c45604d86,run1_rep1,F,OPEN,OPEN,request,NONE,MISS,0.018374999854131602,0.38049999966460746,INFO,adaptador.request,false,fallido,0.3087500008405186,9947.688270538,9947.688632663,9947.688252163,9947.688579288,CACHE_MISS,2026-09-05T00:14:10.890227Z
95073ca5-8199-456d-ac48-84a64a91b491,run1_rep1,F,OPEN,OPEN,request,NONE,MISS,0.052083998525631614,0.7888339987403015,INFO,adaptador.request,false,fallido,0.6444580012612278,9947.740204372,9947.740941122,9947.740152288,9947.74084883,CACHE_MISS,2026-09-05T00:14:10.942564Z
c05ef9a2-2ccc-403e-9385-c7cafe13a818,run1_rep1,F,OPEN,OPEN,request,NONE,MISS,0.022124999304651283,0.4136669995205011,INFO,adaptador.request,false,fallido,0.33966699993470684,9947.74588708,9947.746278622,9947.745864955,9947.746226747,CACHE_MISS,2026-09-05T00:14:10.947862Z
9b3e47a8-2417-4e16-9774-344872e98594,run1_rep1,F,OPEN,OPEN,request,NONE,MISS,0.0776249999034917,0.9074170011444949,INFO,adaptador.request,false,fallido,0.7671250004932517,9947.854323913,9947.855153705,9947.854246288,9947.855091038,CACHE_MISS,2026-09-05T00:14:11.056749Z
532d565f-6ca6-451d-8829-a44549ddcc23,run1_rep1,F,OPEN,OPEN,request,NONE,MISS,0.02141699951607734,0.38991700057522394,INFO,adaptador.request,false,fallido,0.31083300018508453,9947.86058933,9947.86095783,9947.860567913,9947.860900163,CACHE_MISS,2026-09-05T00:14:11.062570Z
cf24f764-d0e4-4e08-a57d-90292340f4bf,run1_rep1,F,OPEN,OPEN,request,NONE,MISS,0.01887500002339948,0.35112500154355075,INFO,adaptador.request,false,fallido,0.28270900111238007,9947.863161663,9947.863493913,9947.863142788,9947.863444372,CACHE_MISS,2026-09-05T00:14:11.065105Z
2a06c24d-ffde-460b-9717-ca65baba8178,run1_rep1,F,OPEN,OPEN,request,NONE,MISS,0.03362499955983367,0.6342500000755535,INFO,adaptador.request,false,fallido,0.5230000006122282,9947.951516955,9947.95211758,9947.95148333,9947.952039955,CACHE_MISS,2026-09-05T00:14:11.153735Z
506ee293-c316-45ce-84cb-d6c2a4fd694d,run1_rep1,F,OPEN,OPEN,request,NONE,MISS,0.03445900074439123,1.2350840006547514,INFO,adaptador.request,false,fallido,1.089790999685647,9947.988692622,9947.989893247,9947.988658163,9947.989782413,CACHE_MISS,2026-09-05T00:14:11.191533Z
e80e6e6a-28ef-4ac1-9096-b2a5db8674ac,run1_rep1,F,OPEN,OPEN,request,NONE,MISS,0.027042000510846265,0.9739170000102604,INFO,adaptador.request,false,fallido,0.8861660007823957,9947.989663622,9947.990610497,9947.98963658,9947.990549788,CACHE_MISS,2026-09-05T00:14:11.192368Z
ca2abe13-bb54-4145-92f0-023cec8674e0,run1_rep1,F,OPEN,OPEN,request,NONE,MISS,0.023874999897088856,0.779583000621642,INFO,adaptador.request,false,fallido,0.6928750008228235,9947.991514455,9947.992270163,9947.99149058,9947.99220733,CACHE_MISS,2026-09-05T00:14:11.193872Z
24c47a78-2a54-4155-b3ad-c56144022869,run1_rep1,F,OPEN,OPEN,request,NONE,MISS,0.014708000890095718,0.3640830000222195,INFO,adaptador.request,false,fallido,0.29237499984446913,9947.993230288,9947.993579663,9947.99321558,9947.993522663,CACHE_MISS,2026-09-05T00:14:11.195267Z
64b95d8c-d68d-4b5b-a93d-6ebfc66e60e6,run1_rep1,F,OPEN,OPEN,request,NONE,MISS,0.05454200072563253,0.7727499996690312,INFO,adaptador.request,false,fallido,0.6334999998216517,9948.077841414,9948.078559622,9948.077786872,9948.078474914,CACHE_MISS,2026-09-05T00:14:11.280156Z
8918da8d-4429-447f-97a7-38747a4eb1c6,run1_rep1,F,OPEN,OPEN,request,NONE,MISS,0.05416599924501497,1.5224999988276977,INFO,adaptador.request,false,fallido,1.3538339990191162,9948.112556205,9948.114024539,9948.112502039,9948.113910039,CACHE_MISS,2026-09-05T00:14:11.316047Z
afb472a2-49be-48c7-8277-bed1a331c482,run1_rep1,F,OPEN,OPEN,request,NONE,MISS,0.015792000340297818,1.2646249997487757,INFO,adaptador.request,false,fallido,1.213124998685089,9948.112998914,9948.114247747,9948.112983122,9948.114212039,CACHE_MISS,2026-09-05T00:14:11.316551Z
af8dd508-dbb9-4d17-a7e7-e8bb80616372,run1_rep1,F,OPEN,OPEN,request,NONE,MISS,0.012333000995568,1.112666999688372,INFO,adaptador.request,false,fallido,1.0669999992387602,9948.113369455,9948.114469789,9948.113357122,9948.114436455,CACHE_MISS,2026-09-05T00:14:11.316944Z
c5e3d41b-f766-46cd-8e44-5e1cff375e29,run1_rep1,F,OPEN,OPEN,request,NONE,MISS,0.06337500053632539,1.286791999518755,INFO,adaptador.request,false,fallido,1.1238749993935926,9948.164052705,9948.165276122,9948.16398933,9948.16517658,CACHE_MISS,2026-09-05T00:14:11.367143Z
4a6a00e8-5e60-4968-a36b-d78a5946d0e4,run1_rep1,F,OPEN,OPEN,request,NONE,MISS,0.022833999537397176,0.7627920003869804,INFO,adaptador.request,false,fallido,0.6890410004416481,9948.164793789,9948.165533747,9948.164770955,9948.16548283,CACHE_MISS,2026-09-05T00:14:11.367558Z
21d0eaa8-912a-41b6-a983-acda7ef21532,run1_rep1,F,OPEN,OPEN,request,NONE,MISS,0.05795899960503448,1.0599999986879993,INFO,adaptador.request,false,fallido,0.8472909994452493,9948.244311164,9948.245313205,9948.244253205,9948.245158455,CACHE_MISS,2026-09-05T00:14:11.446961Z
3d4d972e-a6f8-4a3b-9c0c-fa683588e415,run1_rep1,F,OPEN,OPEN,request,NONE,MISS,0.0529589997313451,0.8493340010318207,INFO,adaptador.request,false,fallido,0.6870830002299044,9948.293407164,9948.294203539,9948.293354205,9948.294094247,CACHE_MISS,2026-09-05T00:14:11.495820Z
f51bc56a-a399-4753-8c66-d2b1f2b2e413,run1_rep1,F,OPEN,OPEN,request,NONE,MISS,0.053208001190796494,0.8165420003933832,INFO,adaptador.request,false,fallido,0.6655420002061874,9948.37169908,9948.372462414,9948.371645872,9948.372364622,CACHE_MISS,2026-09-05T00:14:11.574065Z
cf62b2d5-cd71-4f3e-a446-92da3c898771,run1_rep1,F,OPEN,OPEN,request,NONE,MISS,0.03287499930593185,0.5452499990497017,INFO,adaptador.request,false,fallido,0.444499999503023,9948.376960955,9948.37747333,9948.37692808,9948.377405455,CACHE_MISS,2026-09-05T00:14:11.579065Z
904f0634-417a-417e-8032-4dc7f5bf09b7,run1_rep1,F,OPEN,OPEN,request,NONE,MISS,0.018374999854131602,0.36758299938810524,INFO,adaptador.request,false,fallido,0.2945830001408467,9948.384145164,9948.384494372,9948.384126789,9948.384439747,CACHE_MISS,2026-09-05T00:14:11.586075Z
f3a2feeb-6416-4e54-bb62-ac7795bba101,run1_rep1,F,OPEN,OPEN,request,NONE,MISS,0.02049999966402538,0.3702079993672669,INFO,adaptador.request,false,fallido,0.29758299933746457,9948.417530872,9948.41788058,9948.417510372,9948.417828455,CACHE_MISS,2026-09-05T00:14:11.619473Z
9850e9aa-4746-497b-b628-bb65332a0cd4,run1_rep1,F,OPEN,OPEN,request,NONE,MISS,0.05133299964654725,0.5589579996012617,INFO,adaptador.request,false,fallido,0.450999999884516,9948.460959955,9948.46146758,9948.460908622,9948.461410955,CACHE_MISS,2026-09-05T00:14:11.663041Z
301185fb-c4cf-4794-b9c2-c98fab26077e,run1_rep1,F,OPEN,OPEN,request,NONE,MISS,0.02058300015050918,0.35283299985167105,INFO,adaptador.request,false,fallido,0.28620800003409386,9948.476606372,9948.476938622,9948.476585789,9948.47689258,CACHE_MISS,2026-09-05T00:14:11.678511Z
5236ee58-c3c1-4c29-ad7f-284e4322793f,run1_rep1,F,OPEN,OPEN,request,NONE,MISS,0.0162090000230819,0.6629590006923536,INFO,adaptador.request,false,fallido,0.5902499997318955,9948.482770789,9948.483417539,9948.48275458,9948.483361039,CACHE_MISS,2026-09-05T00:14:11.685004Z
83b23e5b-789d-4aff-b185-f2acbdf9654a,run1_rep1,F,OPEN,OPEN,request,NONE,MISS,0.012292000974412076,0.8278750010504154,INFO,adaptador.request,false,fallido,0.7710419995419215,9948.483117747,9948.48393333,9948.483105455,9948.483888789,CACHE_MISS,2026-09-05T00:14:11.685709Z
f349d7ad-062e-47f7-b463-6ad7e45322fb,run1_rep1,F,OPEN,OPEN,request,NONE,MISS,0.05212499854678754,1.3705000001209555,INFO,adaptador.request,false,fallido,1.208375000715023,9948.561815414,9948.563133789,9948.561763289,9948.563023789,CACHE_MISS,2026-09-05T00:14:11.765057Z
803f87c9-ecf3-4e45-8f0a-d63b8404aade,run1_rep1,F,OPEN,OPEN,request,NONE,MISS,0.02662499900907278,1.1299170000711456,INFO,adaptador.request,false,fallido,1.0372920005465858,9948.562348705,9948.563451997,9948.56232208,9948.563385997,CACHE_MISS,2026-09-05T00:14:11.765358Z
97356933-f319-4587-89a1-d151b5e1afdd,run1_rep1,F,OPEN,OPEN,request,NONE,MISS,0.05304099977365695,0.7823329997336259,INFO,adaptador.request,false,fallido,0.6254170002648607,9948.590390205,9948.591119497,9948.590337164,9948.591015622,CACHE_MISS,2026-09-05T00:14:11.792716Z
eb5d6bee-7d9d-4a78-ac48-8e1b8fcf8c06,run1_rep1,F,OPEN,OPEN,request,NONE,MISS,0.04879100015386939,0.772833000155515,INFO,adaptador.request,false,fallido,0.5935839999438031,9948.62636808,9948.627092122,9948.626319289,9948.626961664,CACHE_MISS,2026-09-05T00:14:11.828712Z
87221f08-b7b5-40b5-b25e-eff8419b4964,run1_rep1,F,OPEN,OPEN,request,NONE,MISS,0.054957999964244664,0.8118330006254837,INFO,adaptador.request,false,fallido,0.6359580002026632,9948.689511372,9948.690268247,9948.689456414,9948.69014733,CACHE_MISS,2026-09-05T00:14:11.891898Z
55544923-69dc-41a9-b66a-c69ad69bbff0,run1_rep1,F,OPEN,OPEN,request,NONE,MISS,0.04370799979369622,0.6127920005383203,INFO,adaptador.request,false,fallido,0.49070900058723055,9948.71262133,9948.713190414,9948.712577622,9948.713112039,CACHE_MISS,2026-09-05T00:14:11.914796Z
5cb19ad4-be13-4068-a68a-a6c5669dc790,run1_rep1,F,OPEN,OPEN,request,NONE,MISS,0.06758299969078507,0.7745409984636353,INFO,adaptador.request,false,fallido,0.6048329996701796,9948.750037747,9948.750744705,9948.749970164,9948.75064258,CACHE_MISS,2026-09-05T00:14:11.952358Z
742ed418-57af-4e41-a299-b4b4f0fe1219,run1_rep1,F,OPEN,OPEN,request,NONE,MISS,0.03541699879860971,0.6103329997131368,INFO,adaptador.request,false,fallido,0.4841660011152271,9948.760970914,9948.76154583,9948.760935497,9948.76145508,CACHE_MISS,2026-09-05T00:14:11.963144Z
731d6e26-bd59-4cd3-831b-940787f4cbb3,run1_rep1,F,OPEN,OPEN,request,NONE,MISS,0.018959000954055227,0.9143339993897825,INFO,adaptador.request,false,fallido,0.840665999930934,9948.793552581,9948.794447956,9948.793533622,9948.794393247,CACHE_MISS,2026-09-05T00:14:11.996043Z
d566845c-6ec3-45ba-8c23-eff723cf0f69,run1_rep1,F,OPEN,OPEN,request,NONE,MISS,0.05149999924469739,1.1403329990571365,INFO,adaptador.request,false,fallido,0.9811250001803273,9948.793097331,9948.794186164,9948.793045831,9948.794078456,CACHE_MISS,2026-09-05T00:14:11.996411Z
74c18a6c-2408-46e9-9d6e-111f80978c19,run1_rep1,F,OPEN,OPEN,request,NONE,MISS,0.05462499939312693,1.2730830003420124,INFO,adaptador.request,false,fallido,1.1186250012542587,9948.841073831,9948.842292289,9948.841019206,9948.842192456,CACHE_MISS,2026-09-05T00:14:12.044156Z
6f0c5f8b-707f-4abe-8347-bb30adcac635,run1_rep1,F,OPEN,OPEN,request,NONE,MISS,0.02154200046788901,0.9586249998392304,INFO,adaptador.request,false,fallido,0.8778329993219813,9948.841614081,9948.842551164,9948.841592539,9948.842491914,CACHE_MISS,2026-09-05T00:14:12.044425Z
eae0f5fd-f4ea-4a23-9adb-7b4555c029ca,run1_rep1,F,OPEN,OPEN,request,NONE,MISS,0.022291000277618878,0.4070410013810033,INFO,adaptador.request,false,fallido,0.32941700010269415,9948.848612372,9948.848997122,9948.848590081,9948.848941789,CACHE_MISS,2026-09-05T00:14:12.050611Z
526cd37d-a386-45b8-9458-f262c431c36a,run1_rep1,F,OPEN,OPEN,request,NONE,MISS,0.018917000488727354,0.38999999924271833,INFO,adaptador.request,false,fallido,0.3169999999954598,9948.878352706,9948.878723789,9948.878333789,9948.878669706,CACHE_MISS,2026-09-05T00:14:12.080314Z
83c5f991-58b9-4fb0-8827-3e333813922e,run1_rep1,F,OPEN,OPEN,request,NONE,MISS,0.014667000868939795,0.35512500107870437,INFO,adaptador.request,false,fallido,0.2927919995272532,9948.898614664,9948.898955122,9948.898599997,9948.898907456,CACHE_MISS,2026-09-05T00:14:12.100564Z
4df7c0e4-bad4-492b-a0fa-ed963f7e300e,run1_rep1,F,OPEN,OPEN,request,NONE,MISS,0.031624998882762156,0.368125000022701,INFO,adaptador.request,false,fallido,0.2859580017684493,9948.910551164,9948.910887664,9948.910519539,9948.910837122,CACHE_MISS,2026-09-05T00:14:12.112470Z
19f9295a-9c3a-4f38-9aad-28c3c8b7b6ab,run1_rep1,F,OPEN,OPEN,request,NONE,MISS,0.013791999663226306,0.3300419994047843,INFO,adaptador.request,false,fallido,0.26104099924850743,9948.923593956,9948.923910206,9948.923580164,9948.923854997,CACHE_MISS,2026-09-05T00:14:12.125499Z
7367f361-aec5-43a2-ada6-7fb16ae3cc4e,run1_rep1,F,OPEN,OPEN,request,NONE,MISS,0.05133299964654725,0.8128750014293473,INFO,adaptador.request,false,fallido,0.6647090012847912,9949.003665747,9949.004427289,9949.003614414,9949.004330456,CACHE_MISS,2026-09-05T00:14:12.206043Z
ec52e8e6-3017-4340-9b53-9bef06ab66f0,run1_rep1,F,OPEN,OPEN,request,NONE,MISS,0.04683299994212575,0.7104169999365695,INFO,adaptador.request,false,fallido,0.5753339992224937,9949.027630872,9949.028294456,9949.027584039,9949.028206206,CACHE_MISS,2026-09-05T00:14:12.229891Z
94e7964d-b51d-4b51-95a8-bf2350fa61e2,run1_rep1,F,OPEN,OPEN,request,NONE,MISS,0.1020420004351763,0.9208750016114209,INFO,adaptador.request,false,fallido,0.7125829997676192,9949.085467706,9949.086286539,9949.085365664,9949.086180289,CACHE_MISS,2026-09-05T00:14:12.287900Z
c4580124-bf26-4ad1-9a1a-d7e5b9c223c2,run1_rep1,F,OPEN,OPEN,request,NONE,MISS,0.05199999941396527,0.7302089998120209,INFO,adaptador.request,false,fallido,0.5741250006394694,9949.110550497,9949.111228706,9949.110498497,9949.111124622,CACHE_MISS,2026-09-05T00:14:12.312844Z
a2def23d-3356-480d-a1fd-3a180b160dd2,run1_rep1,F,OPEN,OPEN,request,NONE,MISS,0.022666999939247034,0.46949999887146987,INFO,adaptador.request,false,fallido,0.3857499996229308,9949.125323456,9949.125770289,9949.125300789,9949.125709206,CACHE_MISS,2026-09-05T00:14:12.327351Z
59b0e090-a60c-453b-bee4-d8a6ee4386e4,run1_rep1,F,OPEN,OPEN,request,NONE,MISS,0.018708000425249338,0.5788750004285248,INFO,adaptador.request,false,fallido,0.5090839986223727,9949.144934997,9949.145495164,9949.144916289,9949.145444081,CACHE_MISS,2026-09-05T00:14:12.347087Z
67860bb9-0649-4e29-81fe-5c35057351ed,run1_rep1,F,OPEN,OPEN,request,NONE,MISS,0.013541999578592367,0.6541250004374888,INFO,adaptador.request,false,fallido,0.594541999817011,9949.146419039,9949.147059622,9949.146405497,9949.147013581,CACHE_MISS,2026-09-05T00:14:12.348931Z
36869da1-d0b6-4e4d-a7bb-bb2a7af83fdc,run1_rep1,F,OPEN,OPEN,request,NONE,MISS,0.018583999917609617,1.297709000937175,INFO,adaptador.request,false,fallido,1.2264580000191927,9949.146048206,9949.147327331,9949.146029622,9949.147274664,CACHE_MISS,2026-09-05T00:14:12.349358Z
f496e942-7514-4c5f-b9e0-a887dfaf6668,run1_rep1,F,OPEN,OPEN,request,NONE,MISS,0.014749999536434188,0.3414170005271444,INFO,adaptador.request,false,fallido,0.28287500026635826,9949.155350497,9949.155677164,9949.155335747,9949.155633372,CACHE_MISS,2026-09-05T00:14:12.357248Z
535db3ba-e9ff-4e92-81f3-d6c03f8cbbcf,run1_rep1,F,OPEN,OPEN,request,NONE,MISS,0.013541999578592367,0.932083999941824,INFO,adaptador.request,false,fallido,0.8760000000620494,9949.180824039,9949.181742581,9949.180810497,9949.181700039,CACHE_MISS,2026-09-05T00:14:12.383317Z
b1b57013-ce9a-4083-9ea8-87d61a184529,run1_rep1,F,OPEN,OPEN,request,NONE,MISS,0.012458998753572814,0.3062089999730233,INFO,adaptador.request,false,fallido,0.2523750008549541,9949.186451081,9949.186744831,9949.186438622,9949.186703456,CACHE_MISS,2026-09-05T00:14:12.388317Z
50326787-d6a5-40e5-aef5-05422eec7899,run1_rep1,F,OPEN,OPEN,request,NONE,MISS,0.04975000047124922,0.7912910004961304,INFO,adaptador.request,false,fallido,0.6409580000763526,9949.277465081,9949.278206622,9949.277415331,9949.278106039,CACHE_MISS,2026-09-05T00:14:12.479827Z
4de3f2c3-8269-4f2b-a35e-6663606b09ef,run1_rep1,F,OPEN,OPEN,request,NONE,MISS,0.05225000131758861,1.1715840009856038,INFO,adaptador.request,false,fallido,1.046666999172885,9949.294178497,9949.295297831,9949.294126247,9949.295225164,CACHE_MISS,2026-09-05T00:14:12.497132Z
c3561ff2-b976-4d85-94e7-82d9a26f8a91,run1_rep1,F,OPEN,OPEN,request,NONE,MISS,0.018832999558071606,0.9294579995184904,INFO,adaptador.request,false,fallido,0.8663330008857884,9949.294628664,9949.295539289,9949.294609831,9949.295494997,CACHE_MISS,2026-09-05T00:14:12.497385Z
0071c344-6618-4046-a0dd-80001c0a213a,run1_rep1,F,OPEN,OPEN,request,NONE,MISS,0.05354200038709678,0.8077920010691741,INFO,adaptador.request,false,fallido,0.6529580005008029,9949.361807664,9949.362561914,9949.361754122,9949.362460622,CACHE_MISS,2026-09-05T00:14:12.564178Z
67da8436-9971-4724-b4b6-7f1262fa233f,run1_rep1,F,OPEN,OPEN,request,NONE,MISS,0.059124999097548425,0.8926249993237434,INFO,adaptador.request,false,fallido,0.7038330004434101,9949.449447414,9949.450280914,9949.449388289,9949.450151247,CACHE_MISS,2026-09-05T00:14:12.651922Z
576b3cf7-b4fa-45f1-8f76-9cbfd1502bfd,run1_rep1,F,OPEN,OPEN,request,NONE,MISS,0.058416000683791935,0.8385000000998843,INFO,adaptador.request,false,fallido,0.6643340002483455,9949.534165539,9949.534945623,9949.534107123,9949.534829873,CACHE_MISS,2026-09-05T00:14:12.736588Z
9eca0212-fa1a-4ceb-b8c0-309bc4d8e58a,run1_rep1,F,OPEN,OPEN,request,NONE,MISS,0.05541700011235662,0.8394169999519363,INFO,adaptador.request,false,fallido,0.6677080000372371,9949.562719373,9949.563503373,9949.562663956,9949.563387081,CACHE_MISS,2026-09-05T00:14:12.765119Z
e2bd2125-a2ac-4743-a5bc-6931e443c21a,run1_rep1,F,OPEN,OPEN,request,NONE,MISS,0.058666000768425874,0.9575830008543562,INFO,adaptador.request,false,fallido,0.7733749989711214,9949.605352414,9949.606251331,9949.605293748,9949.606125789,CACHE_MISS,2026-09-05T00:14:12.807887Z
3a991a59-e549-40c1-8214-90ab00af552f,run1_rep1,F,OPEN,OPEN,request,NONE,MISS,0.028209000447532162,0.4023340006824583,INFO,adaptador.request,false,fallido,0.3178749993821839,9949.610079873,9949.610453998,9949.610051664,9949.610397748,CACHE_MISS,2026-09-05T00:14:12.812029Z
066b5a5f-1472-405a-ae1f-cb56ef04d6d4,run1_rep1,F,OPEN,OPEN,request,NONE,MISS,0.06387499888660386,1.0020829995482927,INFO,adaptador.request,false,fallido,0.758041000153753,9949.665186498,9949.666124706,9949.665122623,9949.665944539,CACHE_MISS,2026-09-05T00:14:12.867785Z
0d7efa2c-a342-4244-83b8-908c74beb94f,run1_rep1,F,OPEN,OPEN,request,NONE,MISS,0.020166999092907645,0.41908300045179203,INFO,adaptador.request,false,fallido,0.3187080001225695,9949.683661373,9949.684060289,9949.683641206,9949.683980081,CACHE_MISS,2026-09-05T00:14:12.885642Z
933e37ba-39a3-4753-a7ef-b72398070aa4,run1_rep1,F,OPEN,OPEN,request,NONE,MISS,0.03991700032202061,0.5919169998378493,INFO,adaptador.request,false,fallido,0.47954100045899395,9949.696753123,9949.697305123,9949.696713206,9949.697232664,CACHE_MISS,2026-09-05T00:14:12.898877Z
cecd5b60-5816-4d7e-bab9-6d49c483cadf,run1_rep1,F,OPEN,OPEN,request,NONE,MISS,0.024375000066356733,0.386958001399762,INFO,adaptador.request,false,fallido,0.3036250000150176,9949.730130081,9949.730492664,9949.730105706,9949.730433706,CACHE_MISS,2026-09-05T00:14:12.932064Z
b0b09ac2-5cb8-4404-b464-d2a998179ef5,run1_rep1,F,OPEN,OPEN,request,NONE,MISS,0.05395799962570891,0.812624999525724,INFO,adaptador.request,false,fallido,0.6236250010260846,9949.788264456,9949.789023123,9949.788210498,9949.788888081,CACHE_MISS,2026-09-05T00:14:12.990653Z
0efb87e6-eeca-447e-84ef-436951c53606,run1_rep1,F,OPEN,OPEN,request,NONE,MISS,0.022833999537397176,0.4957090004609199,INFO,adaptador.request,false,fallido,0.40395799987891223,9949.796361248,9949.796834123,9949.796338414,9949.796765206,CACHE_MISS,2026-09-05T00:14:12.998433Z
1a5b132f-949c-43b1-9d58-b7dace57f7ac,run1_rep1,F,OPEN,OPEN,request,NONE,MISS,0.02429100095469039,0.4339580009400379,INFO,adaptador.request,false,fallido,0.32737499896029476,9949.811619164,9949.812028831,9949.811594873,9949.811946539,CACHE_MISS,2026-09-05T00:14:13.013640Z
98fbc755-cfe8-48a3-8faf-3775922dfe9c,run1_rep1,F,OPEN,OPEN,request,NONE,MISS,0.021000001652282663,0.44750000051863026,INFO,adaptador.request,false,fallido,0.37274999885994475,9949.815758373,9949.816184873,9949.815737373,9949.816131123,CACHE_MISS,2026-09-05T00:14:13.017774Z
58665d08-5b9d-47ee-835f-96dee57dbfc5,run1_rep1,F,OPEN,OPEN,request,NONE,MISS,0.01779200101736933,0.3426670009503141,INFO,adaptador.request,false,fallido,0.2724999994825339,9949.830162873,9949.830487748,9949.830145081,9949.830435373,CACHE_MISS,2026-09-05T00:14:13.032070Z
fd6b3ed1-d5cc-4318-a20f-f8623145f73d,run1_rep1,F,OPEN,OPEN,request,NONE,MISS,0.025041999833774753,0.5290829994919477,INFO,adaptador.request,false,fallido,0.43733300117310137,9949.983756123,9949.984260164,9949.983731081,9949.984193456,CACHE_MISS,2026-09-05T00:14:13.185888Z
1341c813-911d-44fd-b9c8-69fa1d0d20fc,run1_rep1,F,OPEN,OPEN,request,NONE,MISS,0.02045800101768691,0.4408330005389871,INFO,adaptador.request,false,fallido,0.3299999989394564,9949.998623539,9949.999043914,9949.998603081,9949.998953539,CACHE_MISS,2026-09-05T00:14:13.200608Z
e9c7895f-7bc2-4f95-9367-31153b1620f0,run1_rep1,F,OPEN,OPEN,request,NONE,MISS,0.019874998542945832,0.3569999989849748,INFO,adaptador.request,false,fallido,0.27220900119573344,9950.022714914,9950.023052039,9950.022695039,9950.022987123,CACHE_MISS,2026-09-05T00:14:13.224628Z
bcfca264-7ae9-4852-a61a-384bddfb7b9e,run1_rep1,F,OPEN,OPEN,request,NONE,MISS,0.022000000171829015,0.4462079996301327,INFO,adaptador.request,false,fallido,0.3494579996186076,9950.066598081,9950.067022289,9950.066576081,9950.066947539,CACHE_MISS,2026-09-05T00:14:13.268617Z
8af75b3d-e47f-451a-b8b5-bff254b5b96c,run1_rep1,F,OPEN,OPEN,request,NONE,MISS,0.024290999135700986,0.9509159990557237,INFO,adaptador.request,false,fallido,0.8595840008638334,9950.123098539,9950.124025164,9950.123074248,9950.123958123,CACHE_MISS,2026-09-05T00:14:13.326181Z
2a5340c4-8d61-43cd-a63d-ca9bfa1e9f4a,run1_rep1,F,OPEN,OPEN,request,NONE,MISS,0.01650000012887176,0.9681249994173413,INFO,adaptador.request,false,fallido,0.9158749999187421,9950.123646873,9950.124598498,9950.123630373,9950.124562748,CACHE_MISS,2026-09-05T00:14:13.326688Z
d9b85ab1-cbe5-425a-84e7-e6a12e749121,run1_rep1,F,OPEN,OPEN,request,NONE,MISS,0.016833000699989498,0.7590829991386272,INFO,adaptador.request,false,fallido,0.6892919991514646,9950.124350456,9950.125092706,9950.124333623,9950.125039748,CACHE_MISS,2026-09-05T00:14:13.327069Z
54607d2b-f99c-436e-946e-76ed9f39bc69,run1_rep1,F,OPEN,OPEN,request,NONE,MISS,0.017708000086713582,0.37120799970580265,INFO,adaptador.request,false,fallido,0.295374999041087,9950.129943456,9950.130296956,9950.129925748,9950.130238831,CACHE_MISS,2026-09-05T00:14:13.331878Z
3248735f-c360-47be-b601-5e8703beb1cd,run1_rep1,F,OPEN,OPEN,request,NONE,MISS,0.016292000509565696,0.35154200122633483,INFO,adaptador.request,false,fallido,0.2865410006052116,9950.152291498,9950.152626748,9950.152275206,9950.152578039,CACHE_MISS,2026-09-05T00:14:13.354200Z
f95e4d15-8797-4ea0-b99b-29b1c31d1462,run1_rep1,F,OPEN,OPEN,request,NONE,MISS,0.016291000065393746,0.32183300027099904,INFO,adaptador.request,false,fallido,0.26575000083539635,9950.155894164,9950.156199706,9950.155877873,9950.156159914,CACHE_MISS,2026-09-05T00:14:13.357765Z
722c658d-8538-41cb-af0d-a6d4bcf6d65f,run1_rep1,F,OPEN,OPEN,request,NONE,MISS,0.020833000235143118,0.4122909995203372,INFO,adaptador.request,false,fallido,0.3382079994480591,9950.205211123,9950.205602581,9950.20519029,9950.205549331,CACHE_MISS,2026-09-05T00:14:13.407185Z
3cf90db4-bbf2-4a1d-b9f9-714c500815c3,run1_rep1,F,OPEN,OPEN,request,NONE,MISS,0.0502500006405171,1.0755840012279805,INFO,adaptador.request,false,fallido,0.9032500001922017,9950.419732581,9950.420757915,9950.419682331,9950.420635831,CACHE_MISS,2026-09-05T00:14:13.622396Z
91b783bd-3e6d-4479-86b6-30edd7f0bbd6,run1_rep1,F,OPEN,OPEN,request,NONE,MISS,0.02554200000304263,1.159666999228648,INFO,adaptador.request,false,fallido,1.0669999992387602,9950.420505415,9950.42163954,9950.420479873,9950.421572415,CACHE_MISS,2026-09-05T00:14:13.623407Z
c4d8e62d-c067-49f0-8268-5627e96f1046,run1_rep1,F,OPEN,OPEN,request,NONE,MISS,0.021457999537233263,0.4195419987809146,INFO,adaptador.request,false,fallido,0.3281249992141966,9950.433275956,9950.43367404,9950.433254498,9950.433604081,CACHE_MISS,2026-09-05T00:14:13.635269Z
98140077-a402-4e62-83bc-1ed6d514b6e8,run1_rep1,F,OPEN,OPEN,request,NONE,MISS,0.015625000742147677,0.3451669999776641,INFO,adaptador.request,false,fallido,0.2787079993140651,9950.443207123,9950.443536665,9950.443191498,9950.443485831,CACHE_MISS,2026-09-05T00:14:13.645115Z
4388b2d6-736a-44d6-b2e0-be83125e369d,run1_rep1,F,OPEN,OPEN,request,NONE,MISS,29.736791999312118,30.410207999011618,INFO,adaptador.request,false,fallido,0.4690410005423473,9950.54928404,9950.549957456,9950.519547248,9950.549753081,CACHE_MISS,2026-09-05T00:14:13.751615Z
aa7aa943-629c-4aa8-a3f2-3e367d534c32,run1_rep1,F,OPEN,OPEN,request,NONE,MISS,0.041958999645430595,1.238250000824337,INFO,adaptador.request,false,fallido,1.1092080003436422,9950.563260165,9950.564456456,9950.563218206,9950.564369373,CACHE_MISS,2026-09-05T00:14:13.766413Z
24ca5ed7-6539-40c4-80ec-02ad078e67a0,run1_rep1,F,OPEN,OPEN,request,NONE,MISS,0.018958000509883277,1.037874999383348,INFO,adaptador.request,false,fallido,0.8989589987322688,9950.563746956,9950.564765873,9950.563727998,9950.564645915,CACHE_MISS,2026-09-05T00:14:13.766719Z
7aa2b027-b056-4f51-b98c-15aad8585449,run1_rep1,F,OPEN,OPEN,request,NONE,MISS,0.026749999960884452,0.7877919997554272,INFO,adaptador.request,false,fallido,0.7039169995550765,9950.571789123,9950.572550165,9950.571762373,9950.57249304,CACHE_MISS,2026-09-05T00:14:13.774365Z
c3d47916-7fd4-44fc-a55e-8a1619f6530a,run1_rep1,F,OPEN,OPEN,request,NONE,MISS,0.012583999705384485,0.6122920003690524,INFO,adaptador.request,false,fallido,0.5624999994324753,9950.57217779,9950.572777498,9950.572165206,9950.57274029,CACHE_MISS,2026-09-05T00:14:13.774616Z
27c76e89-323d-41a2-b5b5-a7614494954c,run1_rep1,F,OPEN,OPEN,request,NONE,MISS,0.01650000012887176,0.3287090003141202,INFO,adaptador.request,false,fallido,0.2736250007728813,9950.604276331,9950.60458854,9950.604259831,9950.604549956,CACHE_MISS,2026-09-05T00:14:13.806160Z
d69b5875-bd22-4dde-914c-57f56063aaca,run1_rep1,F,OPEN,OPEN,request,NONE,MISS,0.014040999303688295,1.0413750005682232,INFO,adaptador.request,false,fallido,0.8766250011831289,9950.616912581,9950.617939915,9950.61689854,9950.617789206,CACHE_MISS,2026-09-05T00:14:13.819582Z
eda6e8fa-111b-4bab-8fa9-9207b5054f03,run1_rep1,F,OPEN,OPEN,request,NONE,MISS,0.05520900049305055,0.7661670006200438,INFO,adaptador.request,false,fallido,0.6183749992487719,9950.71241779,9950.713128748,9950.712362581,9950.713036165,CACHE_MISS,2026-09-05T00:14:13.914730Z
dbcd3a57-709e-489d-b5ac-b2615ca14f90,run1_rep1,F,OPEN,OPEN,request,NONE,MISS,0.056582999604870565,0.8125420008582296,INFO,adaptador.request,false,fallido,0.6575000006705523,9950.752589581,9950.75334554,9950.752532998,9950.753247081,CACHE_MISS,2026-09-05T00:14:13.954953Z
7775c229-e0c7-43b3-93f1-63117ccd0acf,run1_rep1,F,OPEN,OPEN,request,NONE,MISS,0.050499998906161636,1.2498749983933521,INFO,adaptador.request,false,fallido,1.1031670001102611,9950.781326748,9950.782526123,9950.781276248,9950.782429915,CACHE_MISS,2026-09-05T00:14:13.984372Z
cdb01f2e-7cc5-4317-8d3e-7dea8772985b,run1_rep1,F,OPEN,OPEN,request,NONE,MISS,0.024666000172146596,0.6930830004421296,INFO,adaptador.request,false,fallido,0.6170420001581078,9950.782104581,9950.782772998,9950.782079915,9950.782721623,CACHE_MISS,2026-09-05T00:14:13.984649Z
a09a1c2b-4968-46d6-9c28-d9611b2ca832,run1_rep1,F,OPEN,OPEN,request,NONE,MISS,0.016707999748177826,0.3859999997075647,INFO,adaptador.request,false,fallido,0.32300000020768493,9950.787473456,9950.787842748,9950.787456748,9950.787796456,CACHE_MISS,2026-09-05T00:14:13.989420Z
16dcc03f-7ec9-4b2c-8bf7-f6bf7f4519d7,run1_rep1,F,OPEN,OPEN,request,NONE,MISS,0.018167000234825537,0.3537920001690509,INFO,adaptador.request,false,fallido,0.2884580007957993,9950.791345873,9950.791681498,9950.791327706,9950.791634331,CACHE_MISS,2026-09-05T00:14:13.993252Z
0bbf2773-3b48-4c61-9ff9-00d798a6dc1d,run1_rep1,F,OPEN,OPEN,request,NONE,MISS,0.05416699968918692,0.8517080004821764,INFO,adaptador.request,false,fallido,0.656458001685678,9950.891272582,9950.892070123,9950.891218415,9950.89192904,CACHE_MISS,2026-09-05T00:14:14.093693Z
323424d0-394f-4020-bdc1-66ccbe0d80d2,run1_rep1,F,OPEN,OPEN,request,NONE,MISS,0.019375000192667358,0.8519160001014825,INFO,adaptador.request,false,fallido,0.7480410004063742,9950.898234332,9950.899066873,9950.898214957,9950.898982373,CACHE_MISS,2026-09-05T00:14:14.100904Z
7dd7324f-9ee6-4045-a7d2-705c497863cb,run1_rep1,F,OPEN,OPEN,request,NONE,MISS,0.014916000509401783,0.6782500004192116,INFO,adaptador.request,false,fallido,0.6138749995443504,9950.898640623,9950.899303957,9950.898625707,9950.899254498,CACHE_MISS,2026-09-05T00:14:14.101136Z
de2db31c-f603-4d52-8890-b849cc378ad7,run1_rep1,F,OPEN,OPEN,request,NONE,MISS,0.015790999896125868,0.3395000003365567,INFO,adaptador.request,false,fallido,0.2741249991231598,9950.903832873,9950.904156582,9950.903817082,9950.904106998,CACHE_MISS,2026-09-05T00:14:14.105736Z
9f0c67a0-16e4-426a-96c3-626ea27c72d8,run1_rep1,F,OPEN,OPEN,request,NONE,MISS,0.016166999557754025,0.3819169996859273,INFO,adaptador.request,false,fallido,0.31554199995298404,9950.923814165,9950.924179915,9950.923797998,9950.924129707,CACHE_MISS,2026-09-05T00:14:14.125766Z
09c8da4d-b2a7-46fa-93e0-ac412e9382d6,run1_rep1,F,OPEN,OPEN,request,NONE,MISS,0.04983400140190497,0.49241700071434025,INFO,adaptador.request,false,fallido,0.38308299917844124,9950.948133207,9950.94857579,9950.948083373,9950.94851629,CACHE_MISS,2026-09-05T00:14:14.150159Z
c0063ef2-ccb8-4f09-9885-31f07671dde2,run1_rep1,F,OPEN,OPEN,request,NONE,MISS,0.01995799902942963,2.0548749998852145,INFO,adaptador.request,false,fallido,1.102583000829327,9950.98425154,9950.986286457,9950.984231582,9950.985354123,CACHE_MISS,2026-09-05T00:14:14.188232Z
938b22ee-524d-4651-9a54-7056e3796ba8,run1_rep1,F,OPEN,OPEN,request,NONE,MISS,0.014874998669256456,2.691249999770662,INFO,adaptador.request,false,fallido,2.612792000945774,9950.984731665,9950.98740804,9950.98471679,9950.987344457,CACHE_MISS,2026-09-05T00:14:14.189236Z
5f0458c8-7ac9-4297-bd83-53e49c7eed49,run1_rep1,F,OPEN,OPEN,request,NONE,MISS,0.027291000151308253,0.43208299939578865,INFO,adaptador.request,false,fallido,0.35170899900549557,9951.012435873,9951.012840665,9951.012408582,9951.012787582,CACHE_MISS,2026-09-05T00:14:14.214421Z
ce9eb638-9957-441b-bc78-eaf3482fe9fc,run1_rep1,F,OPEN,OPEN,request,NONE,MISS,0.025584000468370505,0.3635419998317957,INFO,adaptador.request,false,fallido,0.2891249987442279,9951.042084082,9951.04242204,9951.042058498,9951.042373207,CACHE_MISS,2026-09-05T00:14:14.243996Z
cb124309-75e1-4e33-bdf1-5373a8e58011,run1_rep1,F,OPEN,OPEN,request,NONE,MISS,0.01637499917706009,0.33724999957485124,INFO,adaptador.request,false,fallido,0.2644579999468988,9951.051177832,9951.051498707,9951.051161457,9951.05144229,CACHE_MISS,2026-09-05T00:14:14.253106Z
c8fe4388-a758-40df-a1fb-f8faf7cbae4c,run1_rep1,F,OPEN,OPEN,request,NONE,MISS,0.01424999936716631,0.32104099955176935,INFO,adaptador.request,false,fallido,0.2574579993961379,9951.058569457,9951.058876248,9951.058555207,9951.058826915,CACHE_MISS,2026-09-05T00:14:14.260460Z
8b27df6b-bd6e-4b45-bd9d-61fa507a8085,run1_rep1,F,OPEN,OPEN,request,NONE,MISS,0.05262500053504482,0.7748330008325865,INFO,adaptador.request,false,fallido,0.6182079996506218,9951.113253207,9951.113975415,9951.113200582,9951.113871415,CACHE_MISS,2026-09-05T00:14:14.315652Z
cf252167-ad0b-481f-ba14-ff512e024a06,run1_rep1,F,OPEN,OPEN,request,NONE,MISS,0.021124998966115527,0.3807089997280855,INFO,adaptador.request,false,fallido,0.3069590002269251,9951.118340373,9951.118699957,9951.118319248,9951.118647332,CACHE_MISS,2026-09-05T00:14:14.320279Z
b359b273-4e5e-4220-8d99-fc7ae953e4d4,run1_rep1,F,OPEN,OPEN,request,NONE,MISS,0.014750001355423592,0.3370829999767011,INFO,adaptador.request,false,fallido,0.279874999250751,9951.130632832,9951.130955165,9951.130618082,9951.130912707,CACHE_MISS,2026-09-05T00:14:14.332540Z
5473447d-7c32-4d07-961b-dde19a21a4a7,run1_rep1,F,OPEN,OPEN,request,NONE,MISS,0.05183299981581513,0.9334999995189719,INFO,adaptador.request,false,fallido,0.7372499985649483,9951.169086915,9951.169968582,9951.169035082,9951.169824165,CACHE_MISS,2026-09-05T00:14:14.371680Z
58b8da57-e560-4628-a76b-fabcffac688d,run1_rep1,F,OPEN,OPEN,request,NONE,MISS,0.020249999579391442,0.3607500002544839,INFO,adaptador.request,false,fallido,0.2905000001192093,9951.17718429,9951.17752479,9951.17716404,9951.17747479,CACHE_MISS,2026-09-05T00:14:14.379102Z
276cb65b-b830-4c46-8f0c-f12714d14b39,run1_rep1,F,OPEN,OPEN,request,NONE,MISS,0.01408400021318812,0.320459001159179,INFO,adaptador.request,false,fallido,0.2595830010250211,9951.186495957,9951.186802332,9951.186481873,9951.18675554,CACHE_MISS,2026-09-05T00:14:14.388379Z
79080ac8-15a4-44e9-8343-8b064087c5ee,run1_rep1,F,OPEN,OPEN,request,NONE,MISS,0.06625000060012098,1.005750000331318,INFO,adaptador.request,false,fallido,0.8207499995478429,9951.238160707,9951.239100207,9951.238094457,9951.238981457,CACHE_MISS,2026-09-05T00:14:14.440726Z
1bfed69f-56df-42d4-965f-1585fc4789ba,run1_rep1,F,OPEN,OPEN,request,NONE,MISS,0.019582999811973423,0.8687499994266545,INFO,adaptador.request,false,fallido,0.7855829990148777,9951.23890129,9951.239750457,9951.238881707,9951.239686873,CACHE_MISS,2026-09-05T00:14:14.441513Z
3afc0bc8-36d2-42e2-8dac-b93645a8832a,run1_rep1,F,OPEN,OPEN,request,NONE,MISS,0.053666999519919045,0.8004999999684514,INFO,adaptador.request,false,fallido,0.6454579997807741,9951.31591879,9951.316665623,9951.315865123,9951.316564248,CACHE_MISS,2026-09-05T00:14:14.518275Z
a94018df-1716-4e78-be0e-14d8ac1efcd6,run1_rep1,F,OPEN,OPEN,request,NONE,MISS,0.03383299917913973,0.6061659987608436,INFO,adaptador.request,false,fallido,0.4913749999104766,9951.353414415,9951.353986748,9951.353380582,9951.35390579,CACHE_MISS,2026-09-05T00:14:14.555615Z
d9f3e807-e204-4dc3-80bb-3849a72dbab5,run1_rep1,F,OPEN,OPEN,request,NONE,MISS,0.05062499985797331,0.7989999994606478,INFO,adaptador.request,false,fallido,0.6522919993585674,9951.388386248,9951.389134623,9951.388335623,9951.38903854,CACHE_MISS,2026-09-05T00:14:14.590747Z
5ff17b1a-04b4-4bad-8218-8b06cc03324b,run1_rep1,F,OPEN,OPEN,request,NONE,MISS,0.0507910008309409,0.7610829998156987,INFO,adaptador.request,false,fallido,0.6301249995885883,9951.413396873,9951.414107165,9951.413346082,9951.414026998,CACHE_MISS,2026-09-05T00:14:14.615712Z
75e03997-6e80-4208-8f7c-7af3cabe7636,run1_rep1,F,OPEN,OPEN,request,NONE,MISS,0.030791999961365946,0.5415420000645099,INFO,adaptador.request,false,fallido,0.42833299994526897,9951.419738665,9951.420249415,9951.419707873,9951.420166998,CACHE_MISS,2026-09-05T00:14:14.621855Z
6048bac3-84a9-4145-b1f3-5aa04de0eaf7,run1_rep1,F,OPEN,OPEN,request,NONE,MISS,0.050332999308011495,1.0485409984539729,INFO,adaptador.request,false,fallido,0.8927079998102272,9951.46274429,9951.463742498,9951.462693957,9951.463636998,CACHE_MISS,2026-09-05T00:14:14.665373Z
08ecf089-af72-4ab4-b739-7682da442706,run1_rep1,F,OPEN,OPEN,request,NONE,MISS,0.022000000171829015,1.0779160002130084,INFO,adaptador.request,false,fallido,1.0030829998868285,9951.463275957,9951.464331873,9951.463253957,9951.46427904,CACHE_MISS,2026-09-05T00:14:14.666068Z
807052a1-d5d8-4319-9dbe-00fcae82b40d,run1_rep1,F,OPEN,OPEN,request,NONE,MISS,0.05395800144469831,1.0453330014570383,INFO,adaptador.request,false,fallido,0.8897499992599478,9951.54834004,9951.549331415,9951.548286082,9951.54922979,CACHE_MISS,2026-09-05T00:14:14.750947Z
4740e9fa-8786-4416-aa56-8023b21195ea,run1_rep1,F,OPEN,OPEN,request,NONE,MISS,0.02408399996056687,0.8144589992298279,INFO,adaptador.request,false,fallido,0.7402909996017115,9951.549154082,9951.549944457,9951.549129998,9951.549894373,CACHE_MISS,2026-09-05T00:14:14.751725Z
47db61dc-f7bc-4fec-bbfe-5e62c926ac01,run1_rep1,F,OPEN,OPEN,request,NONE,MISS,0.03124999966530595,0.5710420009563677,INFO,adaptador.request,false,fallido,0.42620900057954714,9951.60450029,9951.605040082,9951.60446904,9951.604926499,CACHE_MISS,2026-09-05T00:14:14.806741Z
439bd6f2-49de-4727-8e16-7b72221284fe,run1_rep1,F,OPEN,OPEN,request,NONE,MISS,0.05162500019650906,0.7722079990344355,INFO,adaptador.request,false,fallido,0.6267499993555248,9951.638596082,9951.639316665,9951.638544457,9951.639222832,CACHE_MISS,2026-09-05T00:14:14.840926Z
1a71b96b-193a-4942-8396-8f47ce5a8bd3,run1_rep1,F,OPEN,OPEN,request,NONE,MISS,0.028875001589767635,0.5523750005522743,INFO,adaptador.request,false,fallido,0.4399579993332736,9951.654442999,9951.654966499,9951.654414124,9951.654882957,CACHE_MISS,2026-09-05T00:14:14.856592Z
aff1fd48-b089-47f0-9158-3e5bad575143,run1_rep1,F,OPEN,OPEN,request,NONE,MISS,0.02141699951607734,0.40595799873699434,INFO,adaptador.request,false,fallido,0.29729100060649216,9951.668684499,9951.66906904,9951.668663082,9951.66898179,CACHE_MISS,2026-09-05T00:14:14.870653Z
23e8b9b2-e25b-4cc1-a1b9-3c5f0d18bb48,run1_rep1,F,OPEN,OPEN,request,NONE,MISS,0.06062500142434146,1.2273749998712447,INFO,adaptador.request,false,fallido,1.0732920000009472,9951.734175707,9951.735342457,9951.734115082,9951.735248999,CACHE_MISS,2026-09-05T00:14:14.937162Z
7217da1d-7b83-4f05-895f-bf594a640f58,run1_rep1,F,OPEN,OPEN,request,NONE,MISS,0.021500000002561137,0.6121249989519129,INFO,adaptador.request,false,fallido,0.5517919998965226,9951.734986457,9951.735577082,9951.734964957,9951.735538249,CACHE_MISS,2026-09-05T00:14:14.937438Z
ce25c485-2213-4e2a-b61c-5919b7ec0ef9,run1_rep1,F,OPEN,OPEN,request,NONE,MISS,0.05304099977365695,0.8085829995252425,INFO,adaptador.request,false,fallido,0.6504169996333076,9951.782842915,9951.783598457,9951.782789874,9951.783493332,CACHE_MISS,2026-09-05T00:14:14.985218Z
65849734-66e7-4f0b-947f-11ace247332b,run1_rep1,F,OPEN,OPEN,request,NONE,MISS,0.051541999710025266,1.1045000010199146,INFO,adaptador.request,false,fallido,0.8977920006145723,9951.824098082,9951.82515104,9951.82404654,9951.824995874,CACHE_MISS,2026-09-05T00:14:15.026770Z
24d087c3-5e41-4dea-8a24-bba1f9745414,run1_rep1,F,OPEN,OPEN,request,NONE,MISS,0.024208000468206592,0.9234160006599268,INFO,adaptador.request,false,fallido,0.8457919993816176,9951.824872457,9951.825771665,9951.824848249,9951.825718249,CACHE_MISS,2026-09-05T00:14:15.027509Z
59320f23-8972-435a-8579-bd82dbc317f1,run1_rep1,F,OPEN,OPEN,request,NONE,MISS,0.02508300167392008,0.48800000149640255,INFO,adaptador.request,false,fallido,0.39604199992027134,9951.82981604,9951.830278957,9951.829790957,9951.830212082,CACHE_MISS,2026-09-05T00:14:15.031886Z
3743b6dc-bb2e-4c79-8292-bafaa6a9404a,run1_rep1,F,OPEN,OPEN,request,NONE,MISS,0.05516700002772268,0.7956249992275843,INFO,adaptador.request,false,fallido,0.6292079997365363,9951.902826207,9951.903566665,9951.90277104,9951.903455415,CACHE_MISS,2026-09-05T00:14:15.105180Z
6ef3ef89-2025-427f-a77b-1ef03b68aec0,run1_rep1,F,OPEN,OPEN,request,NONE,MISS,0.0546669998584548,0.8012500002223533,INFO,adaptador.request,false,fallido,0.640582999039907,9951.939783832,9951.940530415,9951.939729165,9951.940424415,CACHE_MISS,2026-09-05T00:14:15.142150Z
78981f27-795d-470e-b890-541cfda60837,run1_rep1,F,OPEN,OPEN,request,NONE,MISS,0.044624999645748176,0.5826249998790445,INFO,adaptador.request,false,fallido,0.4681250011344673,9951.95594554,9951.95648354,9951.955900915,9951.956413665,CACHE_MISS,2026-09-05T00:14:15.158074Z
416dc7b1-b96c-4329-a04e-e91f21128071,run1_rep1,F,OPEN,OPEN,request,NONE,MISS,0.03554199975042138,0.6961670005694032,INFO,adaptador.request,false,fallido,0.5517910012713401,9951.991213749,9951.991874374,9951.991178207,9951.99176554,CACHE_MISS,2026-09-05T00:14:15.193482Z
fd46e439-110b-44c1-9a38-a8219bb09ebe,run1_rep1,F,OPEN,OPEN,request,NONE,MISS,0.022832999093225226,0.3922500000044238,INFO,adaptador.request,false,fallido,0.3129169999738224,9952.024119832,9952.024489249,9952.024096999,9952.024432749,CACHE_MISS,2026-09-05T00:14:15.226071Z
fe241fc8-cd81-4f76-afe9-92dbdbd12648,run1_rep1,F,OPEN,OPEN,request,NONE,MISS,0.01887500002339948,0.3090409991273191,INFO,adaptador.request,false,fallido,0.2489159996912349,9952.059452624,9952.05974279,9952.059433749,9952.05970154,CACHE_MISS,2026-09-05T00:14:15.261298Z
e5a5cd0f-9d9d-4231-b474-8d96e896db94,run1_rep1,F,OPEN,OPEN,request,NONE,MISS,0.02154100002371706,0.3873750010825461,INFO,adaptador.request,false,fallido,0.3160420001222519,9952.08383154,9952.084197374,9952.083809999,9952.084147582,CACHE_MISS,2026-09-05T00:14:15.285768Z
c9ce5c66-440d-4760-a87b-96f28926f8dc,run1_rep1,F,OPEN,OPEN,request,NONE,MISS,0.019332999727339484,0.36508300036075525,INFO,adaptador.request,false,fallido,0.2946250006061746,9952.11344329,9952.11378904,9952.113423957,9952.113737915,CACHE_MISS,2026-09-05T00:14:15.315359Z
6643503a-0122-449a-80d1-51b878a667e7,run1_rep1,F,OPEN,OPEN,request,NONE,MISS,0.007667000318178907,0.39033299981383607,INFO,adaptador.request,false,fallido,0.360041000021738,9952.124814999,9952.125197665,9952.124807332,9952.12517504,CACHE_MISS,2026-09-05T00:14:15.326744Z
68367b7e-f676-418e-9e80-b7b66b0e9980,run1_rep1,F,OPEN,OPEN,request,NONE,MISS,0.013916998796048574,0.48099999912665226,INFO,adaptador.request,false,fallido,0.4080830003658775,9952.124574249,9952.125041332,9952.124560332,9952.124982332,CACHE_MISS,2026-09-05T00:14:15.326908Z
8f7fd1f7-1171-434b-bd8e-b1debcc9bc1b,run1_rep1,F,OPEN,OPEN,request,NONE,MISS,0.023709000743110664,0.42962500083376653,INFO,adaptador.request,false,fallido,0.346124999850872,9952.189375124,9952.18978104,9952.189351415,9952.189721249,CACHE_MISS,2026-09-05T00:14:15.391367Z
0a8335ac-9bf8-4a4d-9cd1-680cd5dd32b1,run1_rep1,F,OPEN,OPEN,request,NONE,MISS,0.02712499917834066,0.9838339992711553,INFO,adaptador.request,false,fallido,0.8834170002955943,9952.24189154,9952.242848249,9952.241864415,9952.242774957,CACHE_MISS,2026-09-05T00:14:15.444725Z
1c56229e-f4e5-4a80-824f-e2eaae2bf02e,run1_rep1,F,OPEN,OPEN,request,NONE,MISS,0.020250001398380846,0.6577090007340303,INFO,adaptador.request,false,fallido,0.6020839991833782,9952.242489665,9952.243127124,9952.242469415,9952.243091749,CACHE_MISS,2026-09-05T00:14:15.444955Z
734ea5ec-0333-4d34-a4a8-9110a06cf22d,run1_rep1,F,OPEN,OPEN,request,NONE,MISS,0.024541999664506875,0.4366670000308659,INFO,adaptador.request,false,fallido,0.3565420011000242,9952.298347749,9952.298759874,9952.298323207,9952.298704291,CACHE_MISS,2026-09-05T00:14:15.500349Z
8431d0c6-1f92-4481-a447-9974db58f655,run1_rep1,F,OPEN,OPEN,request,NONE,MISS,0.04954200085194316,0.7677920002606697,INFO,adaptador.request,false,fallido,0.615165999988676,9952.351483541,9952.352201791,9952.351433999,9952.352098707,CACHE_MISS,2026-09-05T00:14:15.553821Z
6ab83f9b-b946-41c4-8e2d-da3191d7b429,run1_rep1,F,OPEN,OPEN,request,NONE,MISS,0.05620900083158631,1.2926250001328299,INFO,adaptador.request,false,fallido,1.1471249999885913,9952.435949791,9952.437186207,9952.435893582,9952.437096916,CACHE_MISS,2026-09-05T00:14:15.639054Z
c160864d-2b6b-411a-90ff-858286add92b,run1_rep1,F,OPEN,OPEN,request,NONE,MISS,0.026707999495556578,0.9069999996427214,INFO,adaptador.request,false,fallido,0.8234590004576603,9952.436560332,9952.437440624,9952.436533624,9952.437383791,CACHE_MISS,2026-09-05T00:14:15.639366Z
723bf53c-da3e-4f0b-811f-20ce9d2079ec,run1_rep1,F,OPEN,OPEN,request,NONE,MISS,0.05037499977333937,1.2030830002913717,INFO,adaptador.request,false,fallido,1.0457079988555051,9952.521751041,9952.522903749,9952.521700666,9952.522796749,CACHE_MISS,2026-09-05T00:14:15.724798Z
fb42be96-6a3e-4188-9509-1ac6c9c3d695,run1_rep1,F,OPEN,OPEN,request,NONE,MISS,0.02220900023530703,0.99341699933575,INFO,adaptador.request,false,fallido,0.9137910001300042,9952.522230541,9952.523201749,9952.522208332,9952.523144332,CACHE_MISS,2026-09-05T00:14:15.725117Z
126b4760-1f96-49b9-bfaa-43cc1256e736,run1_rep1,F,OPEN,OPEN,request,NONE,MISS,0.038374999348889105,0.684791999447043,INFO,adaptador.request,false,fallido,0.5515840002772165,9952.561576332,9952.562222749,9952.561537957,9952.562127916,CACHE_MISS,2026-09-05T00:14:15.763824Z
f03b3456-dfa2-4dae-ab75-ed074e95c240,run1_rep1,F,OPEN,OPEN,request,NONE,MISS,0.026833999072550796,0.5204589997447329,INFO,adaptador.request,false,fallido,0.4196249992673984,9952.578823041,9952.579316666,9952.578796207,9952.579242666,CACHE_MISS,2026-09-05T00:14:15.780926Z
b9850140-be09-4b1a-a7a6-12f06a3f2224,run1_rep1,F,OPEN,OPEN,request,NONE,MISS,0.019625000277301297,0.4302079996705288,INFO,adaptador.request,false,fallido,0.3599579995352542,9952.588803291,9952.589213874,9952.588783666,9952.589163249,CACHE_MISS,2026-09-05T00:14:15.790801Z
dbab02d3-2c5f-4d80-a7c8-b3008aa116e0,run1_rep1,F,OPEN,OPEN,request,NONE,MISS,0.013291999493958429,0.2981249999720603,INFO,adaptador.request,false,fallido,0.2410830002190778,9952.593455874,9952.593740707,9952.593442582,9952.593696957,CACHE_MISS,2026-09-05T00:14:15.795317Z
f7254c6b-eb6f-438a-aea3-de7dcf5f34eb,run1_rep1,F,OPEN,OPEN,request,NONE,MISS,0.012582999261212535,0.2716250000958098,INFO,adaptador.request,false,fallido,0.21787500008940697,9952.604717499,9952.604976541,9952.604704916,9952.604935374,CACHE_MISS,2026-09-05T00:14:15.806567Z
f7e2d7b2-a424-44ed-b906-554d48bc58f1,run1_rep1,F,OPEN,OPEN,request,NONE,MISS,0.01445800080546178,0.3415420014789561,INFO,adaptador.request,false,fallido,0.2879999992728699,9952.612763207,9952.613090291,9952.612748749,9952.613051207,CACHE_MISS,2026-09-05T00:14:15.814654Z
705d173d-712f-4e12-931c-33288549c980,run1_rep1,F,OPEN,OPEN,request,NONE,MISS,0.04895799975201953,0.8141250000335276,INFO,adaptador.request,false,fallido,0.6360829993354855,9952.697299624,9952.698064791,9952.697250666,9952.697935707,CACHE_MISS,2026-09-05T00:14:15.899676Z
6b50877d-5e91-401b-98cf-d791603fecbd,run1_rep1,F,OPEN,OPEN,request,NONE,MISS,0.055917000281624496,1.0009580000769347,INFO,adaptador.request,false,fallido,0.8492500001011649,9952.740466541,9952.741411582,9952.740410624,9952.741315791,CACHE_MISS,2026-09-05T00:14:15.943029Z
0969e110-c6a5-46d1-a2ea-8877c3604efb,run1_rep1,F,OPEN,OPEN,request,NONE,MISS,0.023749998945277184,0.8581669990235241,INFO,adaptador.request,false,fallido,0.7617080009367783,9952.741208249,9952.742042666,9952.741184499,9952.741969957,CACHE_MISS,2026-09-05T00:14:15.943791Z
f04a60e9-5edc-4dc8-ab15-4a88f6c2b80d,run1_rep1,F,OPEN,OPEN,request,NONE,MISS,0.018415999875287525,0.35933300023316406,INFO,adaptador.request,false,fallido,0.28933400062669534,9952.756233457,9952.756574374,9952.756215041,9952.756522791,CACHE_MISS,2026-09-05T00:14:15.958153Z
e8227387-33a9-4b3f-8335-a17eb9504f5c,run1_rep1,F,OPEN,OPEN,request,NONE,MISS,0.013374999980442226,0.5795409997517709,INFO,adaptador.request,false,fallido,0.5207499998505227,9952.764317416,9952.764883582,9952.764304041,9952.764838166,CACHE_MISS,2026-09-05T00:14:15.966793Z
e8afa61a-a25e-4b8d-bdb6-69808246582d,run1_rep1,F,OPEN,OPEN,request,NONE,MISS,0.01995799902942963,1.2525000001915032,INFO,adaptador.request,false,fallido,1.178000000436441,9952.763935832,9952.765168374,9952.763915874,9952.765113832,CACHE_MISS,2026-09-05T00:14:15.967043Z
ccf376d0-c9de-4eb0-847d-c7b39bf0b0be,run1_rep1,F,OPEN,OPEN,request,NONE,MISS,0.024667000616318546,0.4806670003745239,INFO,adaptador.request,false,fallido,0.38491699888254516,9952.781696624,9952.782152624,9952.781671957,9952.782081541,CACHE_MISS,2026-09-05T00:14:15.983747Z
76de3f71-8aae-46ab-8ab8-c6926ef822b5,run1_rep1,F,OPEN,OPEN,request,NONE,MISS,0.05558299926633481,1.2969170002179453,INFO,adaptador.request,false,fallido,1.1329999997542473,9952.931408457,9952.932649791,9952.931352874,9952.932541457,CACHE_MISS,2026-09-05T00:14:16.134270Z
fb7f2bbb-d689-4558-bd84-8fefb3713d1b,run1_rep1,F,OPEN,OPEN,request,NONE,MISS,0.05212500036577694,1.1272090014244895,INFO,adaptador.request,false,fallido,0.9755840001162142,9952.971915499,9952.972990583,9952.971863374,9952.972891083,CACHE_MISS,2026-09-05T00:14:16.174867Z
841448a6-344b-4527-9e89-6f78ff7cc372,run1_rep1,F,OPEN,OPEN,request,NONE,MISS,0.01737500133458525,0.9185830003843876,INFO,adaptador.request,false,fallido,0.8621659999334952,9952.972376833,9952.973278041,9952.972359458,9952.973238999,CACHE_MISS,2026-09-05T00:14:16.175171Z
d5a128d5-dc2a-40da-88bf-a49c61926110,run1_rep1,F,OPEN,OPEN,request,NONE,MISS,0.037666000935132615,0.6161660003272118,INFO,adaptador.request,false,fallido,0.44333400001050904,9952.995844249,9952.996422749,9952.995806583,9952.996287583,CACHE_MISS,2026-09-05T00:14:16.198065Z
50a69bb8-b169-416b-bfec-148af3dc46ec,run1_rep1,F,OPEN,OPEN,request,NONE,MISS,0.05441699977382086,0.8547500001441222,INFO,adaptador.request,false,fallido,0.6869579992780928,9953.039722083,9953.040522416,9953.039667666,9953.040409041,CACHE_MISS,2026-09-05T00:14:16.242145Z
2db4aca2-eeba-4d61-af13-51ad00f992c8,run1_rep1,F,OPEN,OPEN,request,NONE,MISS,0.05441699977382086,0.9045419992617099,INFO,adaptador.request,false,fallido,0.7320829990931088,9953.144637666,9953.145487791,9953.144583249,9953.145369749,CACHE_MISS,2026-09-05T00:14:16.347118Z
9c62df55-eab9-46ab-b246-60dc5923654a,run1_rep1,F,OPEN,OPEN,request,NONE,MISS,0.053499999921768904,0.8039999993343372,INFO,adaptador.request,false,fallido,0.6420419995265547,9953.181608916,9953.182359416,9953.181555416,9953.182250958,CACHE_MISS,2026-09-05T00:14:16.383979Z
6aa34df1-3dfc-4e25-af65-f67674fef613,run1_rep1,F,OPEN,OPEN,request,NONE,MISS,0.021167001250432804,0.39000000106170774,INFO,adaptador.request,false,fallido,0.31520799893769436,9953.188215083,9953.188583916,9953.188193916,9953.188530291,CACHE_MISS,2026-09-05T00:14:16.390167Z
74a4057c-c607-4500-b838-bb8a7a28c58f,run1_rep1,F,OPEN,OPEN,request,NONE,MISS,0.018667000404093415,0.3614590004872298,INFO,adaptador.request,false,fallido,0.28454199855332263,9953.196359166,9953.196701958,9953.196340499,9953.196643708,CACHE_MISS,2026-09-05T00:14:16.398296Z
1fbb7bde-b535-447f-bf22-b82bb1abb0ab,run1_rep1,F,OPEN,OPEN,request,NONE,MISS,0.016250000044237822,0.37929199970676564,INFO,adaptador.request,false,fallido,0.29587499921035487,9953.199284999,9953.199648041,9953.199268749,9953.199580874,CACHE_MISS,2026-09-05T00:14:16.401263Z
463ad027-c696-4d2c-a446-4e2897d282d9,run1_rep1,F,OPEN,OPEN,request,NONE,MISS,0.017083000784623437,0.29516699942178093,INFO,adaptador.request,false,fallido,0.24120899979607202,9953.201704249,9953.201982333,9953.201687166,9953.201945458,CACHE_MISS,2026-09-05T00:14:16.403563Z
32cec3bd-7603-4d8b-9940-5e0fa6b48fe4,run1_rep1,F,OPEN,OPEN,request,NONE,MISS,0.015375000657513738,0.3219580012228107,INFO,adaptador.request,false,fallido,0.26495800011616666,9953.236253666,9953.236560249,9953.236238291,9953.236518624,CACHE_MISS,2026-09-05T00:14:16.438133Z
6fc90fd4-3396-4753-9d55-1071902ad695,run1_rep1,F,OPEN,OPEN,request,NONE,MISS,0.05462500121211633,0.9585000007064082,INFO,adaptador.request,false,fallido,0.7805419991200324,9953.327715416,9953.328619291,9953.327660791,9953.328495958,CACHE_MISS,2026-09-05T00:14:16.530235Z
be64e406-b295-43a9-bb67-8eb6484a8371,run1_rep1,F,OPEN,OPEN,request,NONE,MISS,0.024541999664506875,0.41487499947834294,INFO,adaptador.request,false,fallido,0.3440000000409782,9953.337782708,9953.338173041,9953.337758166,9953.338126708,CACHE_MISS,2026-09-05T00:14:16.539752Z
4451a20a-f763-467a-90bc-e80081382668,run1_rep1,F,OPEN,OPEN,request,NONE,MISS,0.01383299968438223,0.310665998767945,INFO,adaptador.request,false,fallido,0.25558299967087805,9953.348618291,9953.348915124,9953.348604458,9953.348873874,CACHE_MISS,2026-09-05T00:14:16.550494Z
f64ac108-b90e-48b0-a2c3-02cb28a809ec,run1_rep1,F,OPEN,OPEN,request,NONE,MISS,0.056040998970274813,0.901790999705554,INFO,adaptador.request,false,fallido,0.7311250010388903,9953.424920249,9953.425765999,9953.424864208,9953.425651374,CACHE_MISS,2026-09-05T00:14:16.627391Z
d8dcad97-b02c-4389-82af-311c2f732ea5,run1_rep1,F,OPEN,OPEN,request,NONE,MISS,0.059875001170439646,1.1444169995229458,INFO,adaptador.request,false,fallido,0.8776249997026753,9953.489112499,9953.490197041,9953.489052624,9953.489990124,CACHE_MISS,2026-09-05T00:14:16.691874Z
bc87c00b-c863-4781-bf6d-4d4be6128d01,run1_rep1,F,OPEN,OPEN,request,NONE,MISS,0.026249999791616574,0.383415999749559,INFO,adaptador.request,false,fallido,0.31350000062957406,9953.494094708,9953.494451874,9953.494068458,9953.494408208,CACHE_MISS,2026-09-05T00:14:16.696026Z
8c89012b-b08d-4700-938d-58ba00299d6e,run1_rep1,F,OPEN,OPEN,request,NONE,MISS,0.016416001017205417,0.412583000070299,INFO,adaptador.request,false,fallido,0.34041700018860865,9953.518091874,9953.518488041,9953.518075458,9953.518432291,CACHE_MISS,2026-09-05T00:14:16.720075Z
d582d1fa-9aa6-427b-866b-83b988213dd4,run1_rep1,F,OPEN,OPEN,request,NONE,MISS,0.05375000000640284,0.8656669997435529,INFO,adaptador.request,false,fallido,0.7010419994912809,9953.575614916,9953.576426833,9953.575561166,9953.576315958,CACHE_MISS,2026-09-05T00:14:16.778048Z
d5f52e70-1328-4d1e-9559-d0c7eeff41a5,run1_rep1,F,OPEN,OPEN,request,NONE,MISS,0.05287500061967876,0.5848750006407499,INFO,adaptador.request,false,fallido,0.4569590000755852,9953.587034499,9953.587566499,9953.586981624,9953.587491458,CACHE_MISS,2026-09-05T00:14:16.789168Z
cf620d29-e3e9-45a9-8742-541f5b2cf125,run1_rep1,F,OPEN,OPEN,request,NONE,MISS,0.01616700137674343,0.38079200021456927,INFO,adaptador.request,false,fallido,0.31604099967807997,9953.594951208,9953.595315833,9953.594935041,9953.595267249,CACHE_MISS,2026-09-05T00:14:16.796891Z
15ef4ef7-656f-4a19-be5e-ec08bee3119d,run1_rep1,F,OPEN,OPEN,request,NONE,MISS,0.051875000281143,0.778417001129128,INFO,adaptador.request,false,fallido,0.6337089998851297,9953.634789999,9953.635516541,9953.634738124,9953.635423708,CACHE_MISS,2026-09-05T00:14:16.837117Z
e30f14b4-7700-40f4-b0f3-d8bb04bf85fa,run1_rep1,F,OPEN,OPEN,request,NONE,MISS,0.06995900002948474,0.9787089984456543,INFO,adaptador.request,false,fallido,0.7645829991815845,9953.682706625,9953.683615375,9953.682636666,9953.683471208,CACHE_MISS,2026-09-05T00:14:16.885427Z
a4c8ed2a-e542-442d-a72f-486ee2e4c29f,run1_rep1,F,OPEN,OPEN,request,NONE,MISS,0.057375000324100256,0.8856670010572998,INFO,adaptador.request,false,fallido,0.6897920011397218,9953.724162666,9953.724990958,9953.724105291,9953.724852458,CACHE_MISS,2026-09-05T00:14:16.926683Z
67c95796-a0c4-4197-9970-f9499a777d92,run1_rep1,F,OPEN,OPEN,request,NONE,MISS,0.022832999093225226,0.4086659992026398,INFO,adaptador.request,false,fallido,0.3231669998058351,9953.732565458,9953.732951291,9953.732542625,9953.732888625,CACHE_MISS,2026-09-05T00:14:16.934550Z
6cbd8e30-b460-41b6-ab54-ed53505d2d36,run1_rep1,F,OPEN,OPEN,request,NONE,MISS,0.013082999430480413,0.3163329984090524,INFO,adaptador.request,false,fallido,0.25724999977683183,9953.740160833,9953.740464083,9953.74014775,9953.740418083,CACHE_MISS,2026-09-05T00:14:16.942041Z
e30efc61-cc71-4c95-b491-a3be860bb732,run1_rep1,F,OPEN,OPEN,request,NONE,MISS,0.07283299964910839,0.8099999995465623,INFO,adaptador.request,false,fallido,0.634708001598483,9953.794026208,9953.794763375,9953.793953375,9953.794660916,CACHE_MISS,2026-09-05T00:14:16.996380Z
8335370a-4b1c-459e-8a62-11cfe10d6fb0,run1_rep1,F,OPEN,OPEN,request,NONE,MISS,0.05383300049288664,0.8354999990842771,INFO,adaptador.request,false,fallido,0.6762919983884785,9953.822701708,9953.823483375,9953.822647875,9953.823378,CACHE_MISS,2026-09-05T00:14:17.025090Z
ca30f3be-c966-47a4-afc4-3a87e1d4be88,run1_rep1,F,OPEN,OPEN,request,NONE,MISS,0.052458999562077224,0.7757499988656491,INFO,adaptador.request,false,fallido,0.6290410001383862,9953.880951125,9953.881674416,9953.880898666,9953.881580166,CACHE_MISS,2026-09-05T00:14:17.083278Z
54c1d6ba-cde6-4302-a5ec-490901eb22d2,run1_rep1,F,OPEN,OPEN,request,NONE,MISS,0.05512500138138421,0.8167910000338452,INFO,adaptador.request,false,fallido,0.6467499988502823,9953.919121,9953.919882666,9953.919065875,9953.91976775,CACHE_MISS,2026-09-05T00:14:17.121499Z
3ed0fe7d-7292-489a-9b51-b361c4a88d05,run1_rep1,F,OPEN,OPEN,request,NONE,MISS,0.024166000002878718,0.7565830001112772,INFO,adaptador.request,false,fallido,0.6770420004613698,9953.920508291,9953.921240708,9953.920484125,9953.921185333,CACHE_MISS,2026-09-05T00:14:17.122826Z
f67f33be-d994-479d-b169-327007d4be8b,run1_rep1,F,OPEN,OPEN,request,NONE,MISS,0.04895799975201953,0.7497499991586665,INFO,adaptador.request,false,fallido,0.5796250006824266,9953.957341833,9953.958042625,9953.957292875,9953.957921458,CACHE_MISS,2026-09-05T00:14:17.159664Z
015d7373-0639-400e-b74c-700cf5f6a346,run1_rep1,F,OPEN,OPEN,request,NONE,MISS,0.05345799945644103,1.097624999601976,INFO,adaptador.request,false,fallido,0.9309170000051381,9953.986793958,9953.987838125,9953.9867405,9953.987724875,CACHE_MISS,2026-09-05T00:14:17.189462Z
93cf0b0d-3e27-48f1-b997-dc8944709bfa,run1_rep1,F,OPEN,OPEN,request,NONE,MISS,0.0200829999812413,1.1742920014512492,INFO,adaptador.request,false,fallido,1.1006250006175833,9953.987244416,9953.988398625,9953.987224333,9953.988345041,CACHE_MISS,2026-09-05T00:14:17.189985Z
633775d3-2f63-4851-88dc-70e5cb74867d,run1_rep1,F,OPEN,OPEN,request,NONE,MISS,0.021374999050749466,0.3987079999205889,INFO,adaptador.request,false,fallido,0.3262919999542646,9953.993325458,9953.993702791,9953.993304083,9953.99365175,CACHE_MISS,2026-09-05T00:14:17.195288Z
8c311e1f-e554-4aea-a030-720d500d342a,run1_rep1,F,OPEN,OPEN,request,NONE,MISS,0.01316599991696421,0.317165999149438,INFO,adaptador.request,false,fallido,0.2617089994600974,9953.997670416,9953.997974416,9953.99765725,9953.997932125,CACHE_MISS,2026-09-05T00:14:17.199561Z
29f5630e-f134-453e-94bb-f3f1eb9bab85,run1_rep1,F,OPEN,OPEN,request,NONE,MISS,0.0669169985485496,1.159874998847954,INFO,adaptador.request,false,fallido,0.9251660012523644,9954.03904475,9954.040137708,9954.038977833,9954.039969916,CACHE_MISS,2026-09-05T00:14:17.242075Z
3eab54f1-ea6d-4b90-9f94-f396345b430c,run1_rep1,F,OPEN,OPEN,request,NONE,MISS,0.020125000446569175,0.9845420008787187,INFO,adaptador.request,false,fallido,0.9129999998549465,9954.039507166,9954.040471583,9954.039487041,9954.040420166,CACHE_MISS,2026-09-05T00:14:17.242315Z
71ed241f-60e7-41ee-ab35-e1963f07ca71,run1_rep1,F,OPEN,OPEN,request,NONE,MISS,0.030082999728620052,0.5361669991543749,INFO,adaptador.request,false,fallido,0.4261249996488914,9954.127270166,9954.12777625,9954.127240083,9954.127696291,CACHE_MISS,2026-09-05T00:14:17.329364Z
d2bbffb6-c5a6-4797-9436-4b592a7ca7a6,run1_rep1,F,OPEN,OPEN,request,NONE,MISS,0.03149999974993989,0.6120839989307569,INFO,adaptador.request,false,fallido,0.49537499944563024,9954.144903041,9954.145483625,9954.144871541,9954.145398416,CACHE_MISS,2026-09-05T00:14:17.347107Z
6d1302f0-6a25-4532-99cd-19c5bec64df8,run1_rep1,F,OPEN,OPEN,request,NONE,MISS,0.05316699935065117,0.7552499992016237,INFO,adaptador.request,false,fallido,0.5839160003233701,9954.200343375,9954.201045458,9954.200290208,9954.200927291,CACHE_MISS,2026-09-05T00:14:17.402660Z
3518dc60-23d2-4a34-971f-ac1a34b3da7f,run1_rep1,F,OPEN,OPEN,request,NONE,MISS,0.05308300023898482,0.7862500006012851,INFO,adaptador.request,false,fallido,0.6522500007122289,9954.234189083,9954.23492225,9954.234136,9954.234841333,CACHE_MISS,2026-09-05T00:14:17.436541Z
5f8f66ea-0578-45a0-8a15-6df80749e924,run1_rep1,F,OPEN,OPEN,request,NONE,MISS,0.05170800068299286,0.7971670002007158,INFO,adaptador.request,false,fallido,0.6407090004358906,9954.267516041,9954.2682615,9954.267464333,9954.26815675,CACHE_MISS,2026-09-05T00:14:17.469875Z
8ab0024a-5227-4556-a1ff-56995be1c9fc,run1_rep1,F,OPEN,OPEN,request,NONE,MISS,0.028374999601510353,0.7013750000623986,INFO,adaptador.request,false,fallido,0.5764590005128412,9954.275639791,9954.276312791,9954.275611416,9954.27621625,CACHE_MISS,2026-09-05T00:14:17.477925Z
88def45b-9942-48a2-b111-b2e9f802e06f,run1_rep1,F,OPEN,OPEN,request,NONE,MISS,0.021874999220017344,0.46925000060582533,INFO,adaptador.request,false,fallido,0.36987500061513856,9954.289828541,9954.290275916,9954.289806666,9954.290198416,CACHE_MISS,2026-09-05T00:14:17.491868Z
070ab16e-b184-405b-8020-d8f95c978cce,run1_rep1,F,OPEN,OPEN,request,NONE,MISS,0.04795800123247318,0.7801660012773937,INFO,adaptador.request,false,fallido,0.6094999989727512,9954.3942905,9954.395022708,9954.394242542,9954.3949,CACHE_MISS,2026-09-05T00:14:17.596651Z
4d557def-9fa2-4c2b-b2ce-3f8ee45b282a,run1_rep1,F,OPEN,OPEN,request,NONE,MISS,0.026625000828062184,0.4583750014717225,INFO,adaptador.request,false,fallido,0.37362500006565824,9954.400133125,9954.400564875,9954.4001065,9954.40050675,CACHE_MISS,2026-09-05T00:14:17.602149Z
73ef2317-4f54-41c6-afea-96cbac20ffd7,run1_rep1,F,OPEN,OPEN,request,NONE,MISS,0.020375000531203113,0.8425830001215218,INFO,adaptador.request,false,fallido,0.7612919998791767,9954.424905125,9954.425727333,9954.42488475,9954.425666417,CACHE_MISS,2026-09-05T00:14:17.627646Z
2ff78baf-f494-4384-a34b-98dcb03c187c,run1_rep1,F,OPEN,OPEN,request,NONE,MISS,0.013957998817204498,0.7450829998560948,INFO,adaptador.request,false,fallido,0.6518749996757833,9954.42529675,9954.426027875,9954.425282792,9954.425948625,CACHE_MISS,2026-09-05T00:14:17.627901Z
65a48673-0122-4059-b066-bf5a83a19199,run1_rep1,F,OPEN,OPEN,request,NONE,MISS,0.015084000551723875,0.3614170000219019,INFO,adaptador.request,false,fallido,0.27804099954664707,9954.440405542,9954.440751875,9954.440390458,9954.440683583,CACHE_MISS,2026-09-05T00:14:17.642342Z
af663ed3-62a6-489e-8969-edef4c81b8a4,run1_rep1,F,OPEN,OPEN,request,NONE,MISS,0.01779200101736933,0.3615420009737136,INFO,adaptador.request,false,fallido,0.2899999999499414,9954.484281875,9954.484625625,9954.484264083,9954.484571875,CACHE_MISS,2026-09-05T00:14:17.686213Z
bb2d56dd-3dea-4b0d-85c4-bb72dd50dd4b,run1_rep1,F,OPEN,OPEN,request,NONE,MISS,0.07337500028370414,1.009500001600827,INFO,adaptador.request,false,fallido,0.8061660009843763,9954.532044917,9954.532981042,9954.531971542,9954.532851083,CACHE_MISS,2026-09-05T00:14:17.734644Z
7823b7d5-4c87-402f-ac31-24dc9689e8a6,run1_rep1,F,OPEN,OPEN,request,NONE,MISS,0.035167000532965176,1.1047080006392207,INFO,adaptador.request,false,fallido,0.9887910000543343,9954.615484667,9954.616554208,9954.6154495,9954.616473458,CACHE_MISS,2026-09-05T00:14:17.818265Z
e92f327a-3af0-41ba-b96a-d0341467112b,run1_rep1,F,OPEN,OPEN,request,NONE,MISS,0.020333998691057786,1.2825419998989673,INFO,adaptador.request,false,fallido,1.1934580015804386,9954.616321417,9954.617583625,9954.616301083,9954.617514875,CACHE_MISS,2026-09-05T00:14:17.819166Z
4dc59e13-7f75-4329-b426-f57b86c59b8e,run1_rep1,F,OPEN,OPEN,request,NONE,MISS,0.021500000002561137,0.36987500061513856,INFO,adaptador.request,false,fallido,0.2924580003309529,9954.63038175,9954.630730125,9954.63036025,9954.630674208,CACHE_MISS,2026-09-05T00:14:17.832306Z
516437d4-77ec-4e91-b499-ec7d70c27792,run1_rep1,F,OPEN,OPEN,request,NONE,MISS,0.052332999985083006,1.0239169987471541,INFO,adaptador.request,false,fallido,0.8849999994708924,9954.677765083,9954.678736667,9954.67771275,9954.678650083,CACHE_MISS,2026-09-05T00:14:17.880325Z
2565b641-1859-45cb-af57-53b3fb693d00,run1_rep1,F,OPEN,OPEN,request,NONE,MISS,0.016208001397899352,1.028874999974505,INFO,adaptador.request,false,fallido,0.9509169994998956,9954.678208875,9954.679221542,9954.678192667,9954.679159792,CACHE_MISS,2026-09-05T00:14:17.880821Z
e6498cac-3b5a-44a3-ab5e-e205c3c3c403,run1_rep1,F,OPEN,OPEN,request,NONE,MISS,0.02645799941092264,0.564416999623063,INFO,adaptador.request,false,fallido,0.3784590007853694,9954.683487458,9954.684025417,9954.683461,9954.683865917,CACHE_MISS,2026-09-05T00:14:17.885929Z
5af8bcc0-f3b1-44ed-ab5c-5fbb56fe19a3,run1_rep1,F,OPEN,OPEN,request,NONE,MISS,0.02141699951607734,0.41820799924607854,INFO,adaptador.request,false,fallido,0.3359160000400152,9954.734564667,9954.734961458,9954.73454325,9954.734900583,CACHE_MISS,2026-09-05T00:14:17.936582Z
d0d85e84-8150-482f-a0b9-76f808019b84,run1_rep1,F,OPEN,OPEN,request,NONE,MISS,0.055374999647028744,0.503999999637017,INFO,adaptador.request,false,fallido,0.3815829986706376,9954.760103,9954.760551625,9954.760047625,9954.760484583,CACHE_MISS,2026-09-05T00:14:17.962134Z
46982db9-bd5a-442d-9a65-2ed7c2af5902,run1_rep1,F,OPEN,OPEN,request,NONE,MISS,0.019249999240855686,0.36499999987427145,INFO,adaptador.request,false,fallido,0.29666699992958456,9954.769138708,9954.769484458,9954.769119458,9954.769435375,CACHE_MISS,2026-09-05T00:14:17.971066Z
04e82125-884d-4d4b-b8f8-85a6b6fd4615,run1_rep1,F,OPEN,OPEN,request,NONE,MISS,0.05420799971034285,0.7619999996677507,INFO,adaptador.request,false,fallido,0.6088339996495051,9954.815863333,9954.816571125,9954.815809125,9954.816472167,CACHE_MISS,2026-09-05T00:14:18.018187Z
32f447fd-382f-4222-8001-c879830c4f89,run1_rep1,F,OPEN,OPEN,request,NONE,MISS,0.05654199958371464,0.8014590002858313,INFO,adaptador.request,false,fallido,0.637625000308617,9954.840108375,9954.840853292,9954.840051833,9954.840746,CACHE_MISS,2026-09-05T00:14:18.042467Z
56612870-cf2e-48db-9520-58e3b63319fc,run1_rep1,F,OPEN,OPEN,request,NONE,MISS,0.04612500015355181,0.6940829989616759,INFO,adaptador.request,false,fallido,0.5397499990067445,9954.876169875,9954.876817833,9954.87612375,9954.876709625,CACHE_MISS,2026-09-05T00:14:18.078433Z
4f61ae24-2f30-45b1-b009-dd71ba90e93f,run1_rep1,F,OPEN,OPEN,request,NONE,MISS,0.021333999029593542,0.4284999995434191,INFO,adaptador.request,false,fallido,0.3331660009280313,9954.882629917,9954.883037083,9954.882608583,9954.882963083,CACHE_MISS,2026-09-05T00:14:18.084613Z
a6a58521-465f-4bc6-82ae-d062007c0551,run1_rep1,F,OPEN,OPEN,request,NONE,MISS,0.05220800085226074,0.5524580010387581,INFO,adaptador.request,false,fallido,0.4424999988259515,9954.905586708,9954.906086958,9954.9055345,9954.906029208,CACHE_MISS,2026-09-05T00:14:18.107678Z
6ba8145d-3d5b-494b-ba90-6bb1d4698994,run1_rep1,F,OPEN,OPEN,request,NONE,MISS,0.05320899981597904,0.7987499993760139,INFO,adaptador.request,false,fallido,0.6499579994851956,9954.967499667,9954.968245208,9954.967446458,9954.968149625,CACHE_MISS,2026-09-05T00:14:18.169847Z
641f2e3a-ada7-41e8-93d1-556f9633e048,run1_rep1,F,OPEN,OPEN,request,NONE,MISS,0.017624999600229785,0.37358299960033037,INFO,adaptador.request,false,fallido,0.30766700001549907,9954.972572875,9954.972928833,9954.97255525,9954.972880542,CACHE_MISS,2026-09-05T00:14:18.174503Z
44fe3174-f1b2-4001-9aec-0eeecd1acf74,run1_rep1,F,OPEN,OPEN,request,NONE,MISS,0.034083001082763076,0.37162500120757613,INFO,adaptador.request,false,fallido,0.296041998808505,9954.998019708,9954.99835725,9954.997985625,9954.99831575,CACHE_MISS,2026-09-05T00:14:18.199932Z
6270aad4-c321-4989-a227-da6fcf1b65c3,run1_rep1,F,OPEN,OPEN,request,NONE,MISS,0.013541999578592367,0.35158299942850135,INFO,adaptador.request,false,fallido,0.28175000079500023,9955.016096542,9955.016434583,9955.016083,9955.016378292,CACHE_MISS,2026-09-05T00:14:18.218029Z
261157f0-8710-4374-a3de-9c5dda46ce46,run1_rep1,F,OPEN,OPEN,request,NONE,MISS,0.012708000213024206,0.32095800088427495,INFO,adaptador.request,false,fallido,0.263916999756475,9955.021385458,9955.021693708,9955.02137275,9955.021649375,CACHE_MISS,2026-09-05T00:14:18.223273Z
4503ba67-b430-4776-a881-5543f8f41063,run1_rep1,F,OPEN,OPEN,request,NONE,MISS,0.012291999155422673,0.316458999805036,INFO,adaptador.request,false,fallido,0.25587500022083987,9955.028618625,9955.028922792,9955.028606333,9955.0288745,CACHE_MISS,2026-09-05T00:14:18.230505Z
f7ec776d-8cd1-42cd-86e8-a256a0e4acc5,run1_rep1,F,OPEN,OPEN,request,NONE,MISS,0.05512500138138421,0.819124999907217,INFO,adaptador.request,false,fallido,0.6649999995715916,9955.074930209,9955.075694209,9955.074875084,9955.075595209,CACHE_MISS,2026-09-05T00:14:18.277306Z
9f1b31b1-b0be-460f-aa46-ac9be2b44a73,run1_rep1,F,OPEN,OPEN,request,NONE,MISS,0.05416699968918692,0.8759169995755656,INFO,adaptador.request,false,fallido,0.7032909998088144,9955.165255209,9955.166076959,9955.165201042,9955.1659585,CACHE_MISS,2026-09-05T00:14:18.367693Z
328aac08-9c83-492c-8ecd-49d5cad8528c,run1_rep1,F,OPEN,OPEN,request,NONE,MISS,0.03779200051212683,0.5689169993274845,INFO,adaptador.request,false,fallido,0.44541699935507495,9955.182665542,9955.183196667,9955.18262775,9955.183110959,CACHE_MISS,2026-09-05T00:14:18.384788Z
c76f03fb-9fc5-4be3-820f-c87f0fb9c973,run1_rep1,F,OPEN,OPEN,request,NONE,MISS,0.029833001462975517,0.48379200052295346,INFO,adaptador.request,false,fallido,0.3868749990942888,9955.1881095,9955.188563459,9955.188079667,9955.188496375,CACHE_MISS,2026-09-05T00:14:18.390155Z
792c31eb-3fca-451f-8cee-78190edbcecf,run1_rep1,F,OPEN,OPEN,request,NONE,MISS,0.04829199860978406,0.7852919989090879,INFO,adaptador.request,false,fallido,0.636291000773781,9955.241497709,9955.242234709,9955.241449417,9955.242134,CACHE_MISS,2026-09-05T00:14:18.443849Z
de467137-573f-4c12-a91c-b54bc8f041b8,run1_rep1,F,OPEN,OPEN,request,NONE,MISS,0.06929099981789477,0.8662909986014711,INFO,adaptador.request,false,fallido,0.6700419999106089,9955.286240125,9955.287037125,9955.286170834,9955.286910167,CACHE_MISS,2026-09-05T00:14:18.488657Z
5154b1f8-a00f-4116-87e1-60bd07fdf255,run1_rep1,F,OPEN,OPEN,request,NONE,MISS,0.0829579985293094,0.8677909991092747,INFO,adaptador.request,false,fallido,0.6571670000994345,9955.324027042,9955.324811875,9955.323944084,9955.324684209,CACHE_MISS,2026-09-05T00:14:18.526444Z
9059350a-0500-4117-97b5-cc91458b37c5,run1_rep1,F,OPEN,OPEN,request,NONE,MISS,0.03154099977109581,0.6669579997833353,INFO,adaptador.request,false,fallido,0.5397499990067445,9955.3264545,9955.327089917,9955.326422959,9955.32699425,CACHE_MISS,2026-09-05T00:14:18.528705Z
ee1957c2-b2c5-4b16-8b7b-b77cdd1e6e35,run1_rep1,F,OPEN,OPEN,request,NONE,MISS,0.018541999452281743,0.38208399928407744,INFO,adaptador.request,false,fallido,0.30779199914832134,9955.331456042,9955.331819584,9955.3314375,9955.331763834,CACHE_MISS,2026-09-05T00:14:18.533399Z
8866b556-9fd9-4fc9-a54c-b2410d0de25f,run1_rep1,F,OPEN,OPEN,request,NONE,MISS,0.02008400042541325,0.3856670009554364,INFO,adaptador.request,false,fallido,0.3049160004593432,9955.334653209,9955.335018792,9955.334633125,9955.334958125,CACHE_MISS,2026-09-05T00:14:18.536597Z
dc31bf23-b7ba-4766-862b-703a28680206,run1_rep1,F,OPEN,OPEN,request,NONE,MISS,0.04833299863093998,0.7222079984785523,INFO,adaptador.request,false,fallido,0.5840000012540258,9955.400931375,9955.40160525,9955.400883042,9955.401515375,CACHE_MISS,2026-09-05T00:14:18.603200Z
0ec6b236-208b-492f-b155-b28ce9d73abb,run1_rep1,F,OPEN,OPEN,request,NONE,MISS,0.041667000914458185,0.4855839997617295,INFO,adaptador.request,false,fallido,0.37933299972792156,9955.417030917,9955.417474834,9955.41698925,9955.41741025,CACHE_MISS,2026-09-05T00:14:18.619064Z
31282138-3064-4ead-ac00-567a124571b9,run1_rep1,F,OPEN,OPEN,request,NONE,MISS,0.0457499991171062,0.7782079992466606,INFO,adaptador.request,false,fallido,0.6159580007079057,9955.475773084,9955.476505542,9955.475727334,9955.476389042,CACHE_MISS,2026-09-05T00:14:18.678162Z
ee890d1b-3241-4a99-bc6a-eeac215a0f40,run1_rep1,F,OPEN,OPEN,request,NONE,MISS,0.0536660008947365,0.803165999968769,INFO,adaptador.request,false,fallido,0.6467919993156102,9955.566847,9955.5675965,9955.566793334,9955.567493792,CACHE_MISS,2026-09-05T00:14:18.769220Z
bcb4e408-2987-4134-a2ab-e7182f8a15aa,run1_rep1,F,OPEN,OPEN,request,NONE,MISS,0.05462499939312693,0.7749590004095808,INFO,adaptador.request,false,fallido,0.6051250002201414,9955.589361875,9955.590082209,9955.58930725,9955.589967,CACHE_MISS,2026-09-05T00:14:18.791684Z
5cd416c2-cd28-4cba-84ff-2120ef809800,run1_rep1,F,OPEN,OPEN,request,NONE,MISS,0.03579199983505532,0.7350420000875602,INFO,adaptador.request,false,fallido,0.6015409999235999,9955.607372209,9955.608071459,9955.607336417,9955.60797375,CACHE_MISS,2026-09-05T00:14:18.809676Z
2738b789-d22a-40d7-8bb8-198c1ea9d684,run1_rep1,F,OPEN,OPEN,request,NONE,MISS,0.036916999306413345,0.6520420010929229,INFO,adaptador.request,false,fallido,0.5050830004620366,9955.614656834,9955.615271959,9955.614619917,9955.615161917,CACHE_MISS,2026-09-05T00:14:18.816908Z
3d59db23-ea1b-4b28-816d-174ad0a1e3f8,run1_rep1,F,OPEN,OPEN,request,NONE,MISS,0.04824999996344559,0.745707999158185,INFO,adaptador.request,false,fallido,0.5992499991407385,9955.658952792,9955.65965025,9955.658904542,9955.659552042,CACHE_MISS,2026-09-05T00:14:18.861264Z
bd209b8a-9ada-4a51-9033-3e659078258b,run1_rep1,F,OPEN,OPEN,request,NONE,MISS,0.03220799953851383,0.6512500003736932,INFO,adaptador.request,false,fallido,0.5118340013723355,9955.687823625,9955.688442667,9955.687791417,9955.688335459,CACHE_MISS,2026-09-05T00:14:18.890055Z
b6021288-7df0-4710-9213-3a4944205be0,run1_rep1,F,OPEN,OPEN,request,NONE,MISS,0.05400000009103678,0.7725420000497252,INFO,adaptador.request,false,fallido,0.6234580014279345,9955.742696917,9955.743415459,9955.742642917,9955.743320375,CACHE_MISS,2026-09-05T00:14:18.945020Z
6eecb43e-f85e-4964-9344-103b8d4004b9,run1_rep1,F,OPEN,OPEN,request,NONE,MISS,0.03241699960199185,0.6413749997591367,INFO,adaptador.request,false,fallido,0.46433299939963035,9955.756341459,9955.756950417,9955.756309042,9955.756805792,CACHE_MISS,2026-09-05T00:14:18.958595Z
52c5fc50-b6bd-4b73-b2e9-5d427dc4e224,run1_rep1,F,OPEN,OPEN,request,NONE,MISS,0.14045900024939328,0.9389999995619291,INFO,adaptador.request,false,fallido,0.6850829995528329,9955.799200001,9955.799998542,9955.799059542,9955.799885084,CACHE_MISS,2026-09-05T00:14:19.001621Z
8c428b1b-139d-49c0-8cb8-4e0e0f88a972,run1_rep1,F,OPEN,OPEN,request,NONE,MISS,0.035457998819765635,0.487833000079263,INFO,adaptador.request,false,fallido,0.39887500133772846,9955.815751084,9955.816203459,9955.815715626,9955.816149959,CACHE_MISS,2026-09-05T00:14:19.017776Z
cbdbe8da-6404-4e0c-be7f-87a126b4fe9d,run1_rep1,F,OPEN,OPEN,request,NONE,MISS,0.051375000111875124,0.7527919988206122,INFO,adaptador.request,false,fallido,0.5959999998594867,9955.857528459,9955.858229876,9955.857477084,9955.858124459,CACHE_MISS,2026-09-05T00:14:19.059851Z
c85ac8dd-b142-4707-ae19-ee62b2dc117c,run1_rep1,F,OPEN,OPEN,request,NONE,MISS,0.052999999752501026,0.8407499990426004,INFO,adaptador.request,false,fallido,0.683000000208267,9955.914838376,9955.915626126,9955.914785376,9955.915521376,CACHE_MISS,2026-09-05T00:14:19.117232Z
0e825ce2-524d-4f1b-abe5-b15a253adf39,run1_rep1,F,OPEN,OPEN,request,NONE,MISS,0.04391699985717423,0.664166998831206,INFO,adaptador.request,false,fallido,0.5123749997437699,9955.926400709,9955.927020959,9955.926356792,9955.926913084,CACHE_MISS,2026-09-05T00:14:19.128625Z
ddb32fe5-60b6-4a79-940c-379e4e1bf8db,run1_rep1,F,OPEN,OPEN,request,NONE,MISS,0.050958000429091044,0.8686670007591601,INFO,adaptador.request,false,fallido,0.6817089997639414,9955.962289292,9955.963107001,9955.962238334,9955.962971001,CACHE_MISS,2026-09-05T00:14:19.164718Z
9268b4d5-615e-4a8a-bd79-7c5a248df710,run1_rep1,F,OPEN,OPEN,request,NONE,MISS,0.03570800072338898,0.6275830000959104,INFO,adaptador.request,false,fallido,0.5143750004208414,9955.972891084,9955.973482959,9955.972855376,9955.973405459,CACHE_MISS,2026-09-05T00:14:19.175074Z
8f087d1d-d23c-496f-bb47-49e3831024af,run1_rep1,F,OPEN,OPEN,request,NONE,MISS,0.02241600122943055,0.4592080003931187,INFO,adaptador.request,false,fallido,0.37595899993903004,9955.991917167,9955.992353959,9955.991894751,9955.992293126,CACHE_MISS,2026-09-05T00:14:19.193946Z
f4510d21-cd96-408c-a0f6-59af2294312f,run1_rep1,F,OPEN,OPEN,request,NONE,MISS,0.022124999304651283,0.7839169993530959,INFO,adaptador.request,false,fallido,0.6988750010350486,9956.048921209,9956.049683001,9956.048899084,9956.049620084,CACHE_MISS,2026-09-05T00:14:19.251296Z
8fbb5f1e-d0eb-44ad-be7b-333870b64038,run1_rep1,F,OPEN,OPEN,request,NONE,MISS,0.05383300049288664,1.23195800006215,INFO,adaptador.request,false,fallido,1.0773750000225846,9956.048219542,9956.049397667,9956.048165709,9956.049296917,CACHE_MISS,2026-09-05T00:14:19.251592Z
385f7dfa-1551-460c-9de9-f0435273944f,run1_rep1,F,OPEN,OPEN,request,NONE,MISS,0.019334000171511434,0.37958399843773805,INFO,adaptador.request,false,fallido,0.30437499844993,9956.057286626,9956.057646876,9956.057267292,9956.057591001,CACHE_MISS,2026-09-05T00:14:19.259232Z
ac7f9b6c-e9dc-4ff1-8839-cfbc9f07409c,run1_rep1,F,OPEN,OPEN,request,NONE,MISS,0.016583999240538105,0.3813339990301756,INFO,adaptador.request,false,fallido,0.3155409995088121,9956.076102751,9956.076467501,9956.076086167,9956.076418292,CACHE_MISS,2026-09-05T00:14:19.278045Z
8d1ee0bf-6890-41d7-a56f-88878f76a510,run1_rep1,F,OPEN,OPEN,request,NONE,MISS,0.038124999264255166,0.7872089990996756,INFO,adaptador.request,false,fallido,0.6500420004158514,9956.127778667,9956.128527751,9956.127740542,9956.128428709,CACHE_MISS,2026-09-05T00:14:19.330127Z
934f9c48-96d3-415c-bbfb-f460d7adb645,run1_rep1,F,OPEN,OPEN,request,NONE,MISS,0.03408399970794562,0.9002089991554385,INFO,adaptador.request,false,fallido,0.7874999992054654,9956.199257626,9956.200123751,9956.199223542,9956.200045126,CACHE_MISS,2026-09-05T00:14:19.401742Z
0f535e7f-dc67-4fcb-8407-f490dfc7890a,run1_rep1,F,OPEN,OPEN,request,NONE,MISS,0.03208399903087411,0.8164589999068994,INFO,adaptador.request,false,fallido,0.7330829994316446,9956.199936751,9956.200721126,9956.199904667,9956.200669834,CACHE_MISS,2026-09-05T00:14:19.402487Z
1fc1c558-d826-4e90-ae22-118ad4cbd054,run1_rep1,F,OPEN,OPEN,request,NONE,MISS,0.030249999326770194,0.5608339997706935,INFO,adaptador.request,false,fallido,0.43070900028396863,9956.241511667,9956.242042251,9956.241481417,9956.241942376,CACHE_MISS,2026-09-05T00:14:19.443653Z
122bfd2f-f2f1-4999-a530-fca8de7fbd37,run1_rep1,F,OPEN,OPEN,request,NONE,MISS,0.029708000511163846,0.5210409999563126,INFO,adaptador.request,false,fallido,0.4245830004947493,9956.254765209,9956.255256542,9956.254735501,9956.255189792,CACHE_MISS,2026-09-05T00:14:19.456844Z
f8df90f2-b834-450c-b780-c63417b8e03c,run1_rep1,F,OPEN,OPEN,request,NONE,MISS,0.04812500083062332,0.7272090006154031,INFO,adaptador.request,false,fallido,0.5582920002780156,9956.281390917,9956.282070001,9956.281342792,9956.281949209,CACHE_MISS,2026-09-05T00:14:19.483680Z
2b628735-6df6-42b9-b401-5fcab85dd1aa,run1_rep1,F,OPEN,OPEN,request,NONE,MISS,0.04329200055508409,0.8412089991907123,INFO,adaptador.request,false,fallido,0.6952499988983618,9956.291680959,9956.292478876,9956.291637667,9956.292376209,CACHE_MISS,2026-09-05T00:14:19.494131Z
d47150ff-33e9-4ab4-a44a-c43e870f0fec,run1_rep1,F,OPEN,OPEN,request,NONE,MISS,0.016125000911415555,0.316458999805036,INFO,adaptador.request,false,fallido,0.2577499999460997,9956.299486042,9956.299786376,9956.299469917,9956.299743792,CACHE_MISS,2026-09-05T00:14:19.501354Z
adbcec49-00fa-4af6-8cf5-8ca9f9e3a372,run1_rep1,F,OPEN,OPEN,request,NONE,MISS,0.03745799949683715,0.8414580006501637,INFO,adaptador.request,false,fallido,0.7433750015479745,9956.324880334,9956.325684334,9956.324842876,9956.325623709,CACHE_MISS,2026-09-05T00:14:19.527262Z
9e9e69f0-e3b0-4115-b719-bb943238a289,run1_rep1,F,OPEN,OPEN,request,NONE,MISS,0.04762500066135544,0.8213750006689224,INFO,adaptador.request,false,fallido,0.6717500000377186,9956.413380209,9956.414153959,9956.413332584,9956.414051959,CACHE_MISS,2026-09-05T00:14:19.615771Z
bb126d93-a199-44d8-90c3-9d77edb0d54b,run1_rep1,F,OPEN,OPEN,request,NONE,MISS,0.056708000556682236,2.184917000704445,INFO,adaptador.request,false,fallido,1.9799170004262123,9956.445651667,9956.447779876,9956.445594959,9956.447631584,CACHE_MISS,2026-09-05T00:14:19.649422Z
5b7aff3d-4237-4176-a49f-367d304ed4b9,run1_rep1,F,OPEN,OPEN,request,NONE,MISS,0.030500001230393536,0.5418330001702998,INFO,adaptador.request,false,fallido,0.44637499922828283,9956.448912501,9956.449423834,9956.448882001,9956.449358876,CACHE_MISS,2026-09-05T00:14:19.651023Z
319429c2-00f2-406f-a0a0-c8d5b866091e,run1_rep1,F,OPEN,OPEN,request,NONE,MISS,0.02562500048952643,0.4331250001996523,INFO,adaptador.request,false,fallido,0.34716599839157425,9956.462402626,9956.462810126,9956.462377001,9956.462749792,CACHE_MISS,2026-09-05T00:14:19.664407Z
39192fc6-c4a5-4d25-a738-3596a8f27811,run1_rep1,F,OPEN,OPEN,request,NONE,MISS,0.05333300032361876,0.7798749993526144,INFO,adaptador.request,false,fallido,0.6140419991425006,9956.538337251,9956.539063793,9956.538283918,9956.538951293,CACHE_MISS,2026-09-05T00:14:19.740667Z
5fc575a4-3f6d-4961-879e-4e306cc8c106,run1_rep1,F,OPEN,OPEN,request,NONE,MISS,0.03816600110440049,0.5356660003599245,INFO,adaptador.request,false,fallido,0.4270839999662712,9956.548244334,9956.548741834,9956.548206168,9956.548671418,CACHE_MISS,2026-09-05T00:14:19.750328Z
6ec00849-cea9-464e-9a03-6db9975d6f4b,run1_rep1,F,OPEN,OPEN,request,NONE,MISS,0.03154200021526776,0.5284580001898576,INFO,adaptador.request,false,fallido,0.40224999975180253,9956.592593418,9956.593090334,9956.592561876,9956.592995668,CACHE_MISS,2026-09-05T00:14:19.794702Z
f40a7695-09b4-47af-8b46-67ddebe636ff,run1_rep1,F,OPEN,OPEN,request,NONE,MISS,0.022541000362252817,0.39941599970916286,INFO,adaptador.request,false,fallido,0.3236249995097751,9956.615354584,9956.615731459,9956.615332043,9956.615678209,CACHE_MISS,2026-09-05T00:14:19.817307Z
56ce5846-cd50-4d27-aa06-d157d9da8afa,run1_rep1,F,OPEN,OPEN,request,NONE,MISS,0.01762500141921919,0.37316700036171824,INFO,adaptador.request,false,fallido,0.28937499882886186,9956.621702709,9956.622058251,9956.621685084,9956.621992084,CACHE_MISS,2026-09-05T00:14:19.823652Z
4d3dd725-5548-4f01-80a8-cf85ad7614ba,run1_rep1,F,OPEN,OPEN,request,NONE,MISS,0.014332999853650108,0.7677920002606697,INFO,adaptador.request,false,fallido,0.6918750004842877,9956.630429334,9956.631182793,9956.630415001,9956.631121209,CACHE_MISS,2026-09-05T00:14:19.832771Z
c7ff05fa-9d1c-49e3-bdf9-e087f3ec988b,run1_rep1,F,OPEN,OPEN,request,NONE,MISS,0.02016700091189705,0.6802919997426216,INFO,adaptador.request,false,fallido,0.6192919991008239,9956.676866751,9956.677526876,9956.676846584,9956.677486043,CACHE_MISS,2026-09-05T00:14:19.879096Z
33e797a4-ae1b-4d9e-b275-691523f35602,run1_rep1,F,OPEN,OPEN,request,NONE,MISS,0.014375000318977982,0.707041999703506,INFO,adaptador.request,false,fallido,0.6310829994617961,9956.677254501,9956.677947168,9956.677240126,9956.677885584,CACHE_MISS,2026-09-05T00:14:19.879542Z
76f4e71f-bc7b-4520-9c4f-16691eca1a64,run1_rep1,F,OPEN,OPEN,request,NONE,MISS,0.016916999811655842,0.43237499994575046,INFO,adaptador.request,false,fallido,0.3574170004867483,9956.688977501,9956.689392959,9956.688960584,9956.689334918,CACHE_MISS,2026-09-05T00:14:19.890982Z
1ddb4ec0-8b79-45be-ad17-aec844f8464b,run1_rep1,F,OPEN,OPEN,request,NONE,MISS,0.014458999430644326,0.35145900073985104,INFO,adaptador.request,false,fallido,0.28179100081615616,9956.707405168,9956.707742168,9956.707390709,9956.707686959,CACHE_MISS,2026-09-05T00:14:19.909328Z
71cc330b-5043-40a4-aa05-10aaa71709b6,run1_rep1,F,OPEN,OPEN,request,NONE,MISS,0.01383299968438223,0.30912500005797483,INFO,adaptador.request,false,fallido,0.2511669990781229,9956.740457459,9956.740752751,9956.740443626,9956.740708626,CACHE_MISS,2026-09-05T00:14:19.942327Z
620cf41c-36b6-4283-b73b-2a3c91ddbebf,run1_rep1,F,OPEN,OPEN,request,NONE,MISS,0.013083001249469817,0.3085000007558847,INFO,adaptador.request,false,fallido,0.2541249996284023,9956.747168084,9956.747463501,9956.747155001,9956.747422209,CACHE_MISS,2026-09-05T00:14:19.949038Z
4450dc24-5f0d-4601-b286-51bd57f0270b,run1_rep1,F,OPEN,OPEN,request,NONE,MISS,0.017500000467407517,0.4020830001536524,INFO,adaptador.request,false,fallido,0.3239580000808928,9956.773590626,9956.773975209,9956.773573126,9956.773914584,CACHE_MISS,2026-09-05T00:14:19.975572Z
1cd55abb-d38c-479a-a35f-f5cb789023d3,run1_rep1,F,OPEN,OPEN,request,NONE,MISS,0.049041998863685876,0.7934999994176906,INFO,adaptador.request,false,fallido,0.6331660006253514,9956.800946168,9956.801690626,9956.800897126,9956.801579334,CACHE_MISS,2026-09-05T00:14:20.003306Z
1eb97a63-17c4-43bf-ab92-c550f6d53a12,run1_rep1,F,OPEN,OPEN,request,NONE,MISS,0.02237499938928522,0.41112500002782326,INFO,adaptador.request,false,fallido,0.33037499997590203,9956.804861501,9956.805250251,9956.804839126,9956.805191876,CACHE_MISS,2026-09-05T00:14:20.006838Z
5eee2564-17f6-4206-b7fd-145719816c9c,run1_rep1,F,OPEN,OPEN,request,NONE,MISS,0.052458999562077224,0.8242919993790565,INFO,adaptador.request,false,fallido,0.6754580008418998,9956.882147293,9956.882919126,9956.882094834,9956.882822751,CACHE_MISS,2026-09-05T00:14:20.084551Z
99a0abf7-12b0-4c09-8bdf-2b108ab8fe3e,run1_rep1,F,OPEN,OPEN,request,NONE,MISS,0.05574999886448495,0.8645420002721949,INFO,adaptador.request,false,fallido,0.6678330009890487,9956.935320251,9956.936129043,9956.935264501,9956.935988084,CACHE_MISS,2026-09-05T00:14:20.137754Z
803aedda-e396-44c8-b97e-a0b89d6193d5,run1_rep1,F,OPEN,OPEN,request,NONE,MISS,0.055790998885640875,0.7984579988260521,INFO,adaptador.request,false,fallido,0.6309590007731458,9957.003436459,9957.004179126,9957.003380668,9957.004067418,CACHE_MISS,2026-09-05T00:14:20.205795Z
c834450e-585e-498e-8045-4c63f55ca7fe,run1_rep1,F,OPEN,OPEN,request,NONE,MISS,0.04870799966738559,0.7611660003021825,INFO,adaptador.request,false,fallido,0.6259580004552845,9957.019825876,9957.020538334,9957.019777168,9957.020451834,CACHE_MISS,2026-09-05T00:14:20.222132Z
2db2d43f-071b-43ca-b15c-24ab4ea03f85,run1_rep1,F,OPEN,OPEN,request,NONE,MISS,0.018582999473437667,0.35650000063469633,INFO,adaptador.request,false,fallido,0.2916250014095567,9957.025446376,9957.025784293,9957.025427793,9957.025738001,CACHE_MISS,2026-09-05T00:14:20.227356Z
0a9fad34-3fe7-4b54-88d4-b014a5aaa5ea,run1_rep1,F,OPEN,OPEN,request,NONE,MISS,0.016542000594199635,0.35358300010557286,INFO,adaptador.request,false,fallido,0.2827499993145466,9957.029220668,9957.029557709,9957.029204126,9957.029503418,CACHE_MISS,2026-09-05T00:14:20.231146Z
879ba790-31ab-44ac-928d-21d0638f5c6c,run1_rep1,F,OPEN,OPEN,request,NONE,MISS,0.053499999921768904,0.7899579995864769,INFO,adaptador.request,false,fallido,0.6377919999067672,9957.148979501,9957.149715959,9957.148926001,9957.149617293,CACHE_MISS,2026-09-05T00:14:20.351328Z
fa6b1b53-aa7f-4335-b189-54da0697e3fd,run1_rep1,F,OPEN,OPEN,request,NONE,MISS,0.05224999949859921,1.1673749995679827,INFO,adaptador.request,false,fallido,1.0162500002479646,9957.183356918,9957.184472043,9957.183304668,9957.184373168,CACHE_MISS,2026-09-05T00:14:20.386333Z
9e9ac529-3db8-4e5c-886d-2ec362893359,run1_rep1,F,OPEN,OPEN,request,NONE,MISS,0.024000000848900527,0.6920420000824379,INFO,adaptador.request,false,fallido,0.6154169986984925,9957.184063168,9957.18473121,9957.184039168,9957.184678585,CACHE_MISS,2026-09-05T00:14:20.386725Z
0db3f97a-b5ef-437f-a1eb-04aecf5aaa91,run1_rep1,F,OPEN,OPEN,request,NONE,MISS,0.023499998860643245,0.452124999355874,INFO,adaptador.request,false,fallido,0.3366250002727611,9957.206463043,9957.206891668,9957.206439543,9957.206799668,CACHE_MISS,2026-09-05T00:14:20.408501Z
f7061061-3bc2-483e-88bf-93eb6fb71131,run1_rep1,F,OPEN,OPEN,request,NONE,MISS,0.014041001122677699,0.4241660008119652,INFO,adaptador.request,false,fallido,0.3294589987490326,9957.208993501,9957.209403626,9957.20897946,9957.20932296,CACHE_MISS,2026-09-05T00:14:20.410992Z
67c63e29-e1e6-41bb-a81c-f83a5b0e4164,run1_rep1,F,OPEN,OPEN,request,NONE,MISS,0.0138749983307207,0.34462499934306834,INFO,adaptador.request,false,fallido,0.28008300068904646,9957.21350196,9957.21383271,9957.213488085,9957.213782043,CACHE_MISS,2026-09-05T00:14:20.415415Z
063631ef-5f3b-449b-b035-40b08cd82fe3,run1_rep1,F,OPEN,OPEN,request,NONE,MISS,0.01383299968438223,0.292417000309797,INFO,adaptador.request,false,fallido,0.23458400028175674,9957.218169376,9957.21844796,9957.218155543,9957.21840396,CACHE_MISS,2026-09-05T00:14:20.420026Z
6892f0f1-0c33-42cc-a488-f599e828e3a7,run1_rep1,F,OPEN,OPEN,request,NONE,MISS,0.012500000593718141,0.2869590007321676,INFO,adaptador.request,false,fallido,0.24154200036718976,9957.227363251,9957.22763771,9957.227350751,9957.227604793,CACHE_MISS,2026-09-05T00:14:20.429207Z
919e5f8e-6e86-41ad-895e-782357d91c95,run1_rep1,F,OPEN,OPEN,request,NONE,MISS,0.05383300049288664,0.8289580000564456,INFO,adaptador.request,false,fallido,0.6659579994447995,9957.307220168,9957.307995293,9957.307166335,9957.307886126,CACHE_MISS,2026-09-05T00:14:20.509642Z
9b45de08-1e0b-4382-a40d-c2fa5de73b76,run1_rep1,F,OPEN,OPEN,request,NONE,MISS,0.05666700053552631,1.2551250001706649,INFO,adaptador.request,false,fallido,1.1021669997717254,9957.371447543,9957.372646001,9957.371390876,9957.37254971,CACHE_MISS,2026-09-05T00:14:20.574490Z
b943b816-be62-4056-9509-93cc3ee8603a,run1_rep1,F,OPEN,OPEN,request,NONE,MISS,0.02429100095469039,0.7300409997696988,INFO,adaptador.request,false,fallido,0.6565839994436828,9957.372181626,9957.372887376,9957.372157335,9957.37283821,CACHE_MISS,2026-09-05T00:14:20.574856Z
52e8091c-0244-4b90-89ed-f5b6b078859a,run1_rep1,F,OPEN,OPEN,request,NONE,MISS,0.055917000281624496,0.884667000718764,INFO,adaptador.request,false,fallido,0.713542000084999,9957.425612918,9957.426441668,9957.425557001,9957.42632646,CACHE_MISS,2026-09-05T00:14:20.628065Z
1dba4f05-f9e6-4425-8db6-5cc26bafe448,run1_rep1,F,OPEN,OPEN,request,NONE,MISS,0.019833001715596765,0.3889170002366882,INFO,adaptador.request,false,fallido,0.31112499891605694,9957.430580751,9957.430949835,9957.430560918,9957.430891876,CACHE_MISS,2026-09-05T00:14:20.632543Z
7d43a1eb-8239-4325-a5b9-778c4dcec6e8,run1_rep1,F,OPEN,OPEN,request,NONE,MISS,0.05195900121179875,0.7717919997958234,INFO,adaptador.request,false,fallido,0.6177909999678377,9957.46675696,9957.467476793,9957.466705001,9957.467374751,CACHE_MISS,2026-09-05T00:14:20.669099Z
30bb7586-b12c-4f08-9751-3f7b3f99ea74,run1_rep1,F,OPEN,OPEN,request,NONE,MISS,0.05770799907622859,0.79441600064456,INFO,adaptador.request,false,fallido,0.6177920004120097,9957.505892168,9957.506628876,9957.50583446,9957.50650996,CACHE_MISS,2026-09-05T00:14:20.708252Z
ffeed73d-493b-442f-9f90-b68179dd62ad,run1_rep1,F,OPEN,OPEN,request,NONE,MISS,0.03408299926377367,0.5845420000696322,INFO,adaptador.request,false,fallido,0.46912500147300307,9957.529317501,9957.52986796,9957.529283418,9957.529786626,CACHE_MISS,2026-09-05T00:14:20.731482Z
2fd3f7ad-ae4b-4ec2-91b4-22dac2fc22b7,run1_rep1,F,OPEN,OPEN,request,NONE,MISS,0.023292001060326584,0.42837500041059684,INFO,adaptador.request,false,fallido,0.3469579987722682,9957.566335543,9957.566740626,9957.566312251,9957.566682501,CACHE_MISS,2026-09-05T00:14:20.768324Z
50ae2bc2-169a-45e6-9433-fc2ca2fe1485,run1_rep1,F,OPEN,OPEN,request,NONE,MISS,0.05054100074630696,0.7847500000934815,INFO,adaptador.request,false,fallido,0.6329169991659,9957.621170876,9957.621905085,9957.621120335,9957.621803793,CACHE_MISS,2026-09-05T00:14:20.823548Z
46277edb-5ff8-4be0-a4ab-336eca6c2845,run1_rep1,F,OPEN,OPEN,request,NONE,MISS,0.019625000277301297,0.4090000002179295,INFO,adaptador.request,false,fallido,0.33512499976495747,9957.630594793,9957.630984168,9957.630575168,9957.630929918,CACHE_MISS,2026-09-05T00:14:20.832583Z
e34285a4-ab1c-4a2e-b190-8e12addbea27,run1_rep1,F,OPEN,OPEN,request,NONE,MISS,0.012917000276502222,0.3953340001316974,INFO,adaptador.request,false,fallido,0.33716699908836745,9957.634805543,9957.63518796,9957.634792626,9957.63514271,CACHE_MISS,2026-09-05T00:14:20.836765Z
3b1bb77a-32ef-47b9-b0b3-ae61ad325625,run1_rep1,F,OPEN,OPEN,request,NONE,MISS,0.0564580004720483,0.9374170003866311,INFO,adaptador.request,false,fallido,0.7397499994112877,9957.733839376,9957.734720335,9957.733782918,9957.734579126,CACHE_MISS,2026-09-05T00:14:20.936365Z
04d09578-a1cd-4dff-8a5b-5ba940d4cce6,run1_rep1,F,OPEN,OPEN,request,NONE,MISS,0.058874999012914486,0.8698749988980126,INFO,adaptador.request,false,fallido,0.6856670006527565,9957.812502501,9957.813313501,9957.812443626,9957.813188168,CACHE_MISS,2026-09-05T00:14:21.014941Z
b950505d-dc13-4c11-84b8-9d7278febc58,run1_rep1,F,OPEN,OPEN,request,NONE,MISS,0.06199999916134402,0.7498750001104781,INFO,adaptador.request,false,fallido,0.5786250003438909,9957.83215246,9957.832840335,9957.83209046,9957.832731085,CACHE_MISS,2026-09-05T00:14:21.034464Z
fd5b6dd8-48c6-4261-a8f7-337602894d5f,run1_rep1,F,OPEN,OPEN,request,NONE,MISS,0.0547500003449386,1.0616670006129425,INFO,adaptador.request,false,fallido,0.906667000890593,9957.859402376,9957.860409293,9957.859347626,9957.860309043,CACHE_MISS,2026-09-05T00:14:21.062328Z
7e77c879-7f7e-4a34-8e71-bd5b06d3f64e,run1_rep1,F,OPEN,OPEN,request,NONE,MISS,0.022666999939247034,0.8783339999354212,INFO,adaptador.request,false,fallido,0.7844169995223638,9957.859845793,9957.86070146,9957.859823126,9957.86063021,CACHE_MISS,2026-09-05T00:14:21.062741Z
dadf5fd7-6f9c-447c-a70c-c18ebb0dafb4,run1_rep1,F,OPEN,OPEN,request,NONE,MISS,0.01929199970618356,0.41000000055646524,INFO,adaptador.request,false,fallido,0.3284579997853143,9957.867355585,9957.867746293,9957.867336293,9957.867684043,CACHE_MISS,2026-09-05T00:14:21.069325Z
6b560c9f-52fb-4e80-8da9-e069539c60fa,run1_rep1,F,OPEN,OPEN,request,NONE,MISS,0.059750000218627974,1.2150000002293382,INFO,adaptador.request,false,fallido,1.0595839994493872,9957.971177543,9957.972332793,9957.971117793,9957.972237127,CACHE_MISS,2026-09-05T00:14:21.174215Z
380a3c9e-5f2c-4932-8bfb-1e4b37db8ab3,run1_rep1,F,OPEN,OPEN,request,NONE,MISS,0.01941600021382328,1.0026250001828885,INFO,adaptador.request,false,fallido,0.9225840003637131,9957.971630668,9957.972613877,9957.971611252,9957.972553252,CACHE_MISS,2026-09-05T00:14:21.174570Z
97aeec58-a41c-4173-af5f-6b107b5b79b6,run1_rep1,F,OPEN,OPEN,request,NONE,MISS,0.024249999114545062,0.5228749996604165,INFO,adaptador.request,false,fallido,0.4431670004123589,9957.97669871,9957.977197335,9957.97667446,9957.977141877,CACHE_MISS,2026-09-05T00:14:21.178794Z
31dcc3b2-c6aa-4cff-b4a8-9821a9107c78,run1_rep1,F,OPEN,OPEN,request,NONE,MISS,0.017500000467407517,0.3458339997450821,INFO,adaptador.request,false,fallido,0.2837920001184102,9957.994585668,9957.994914002,9957.994568168,9957.99486946,CACHE_MISS,2026-09-05T00:14:21.196494Z
d081e568-b239-4dcc-898f-a839ac0441b0,run1_rep1,F,OPEN,OPEN,request,NONE,MISS,0.015124998753890395,0.3837909989670152,INFO,adaptador.request,false,fallido,0.3153750003548339,9958.015828127,9958.016196793,9958.015813002,9958.016143502,CACHE_MISS,2026-09-05T00:14:21.217782Z
37e1cd80-d7ba-4a14-9887-ac091e05dd2b,run1_rep1,F,OPEN,OPEN,request,NONE,MISS,0.012333999620750546,0.3231249993405072,INFO,adaptador.request,false,fallido,0.25941599960788153,9958.022580002,9958.022890793,9958.022567668,9958.022839418,CACHE_MISS,2026-09-05T00:14:21.224472Z
5cf064f4-12b1-48a0-b462-3d49c06d1f3c,run1_rep1,F,OPEN,OPEN,request,NONE,MISS,0.052999999752501026,0.8464580005238531,INFO,adaptador.request,false,fallido,0.6764160007151077,9958.074098127,9958.074891585,9958.074045127,9958.074774543,CACHE_MISS,2026-09-05T00:14:21.276535Z
9ca156ef-68ee-457d-8a1a-1bc1d71902eb,run1_rep1,F,OPEN,OPEN,request,NONE,MISS,0.055541999245178886,0.7787079994159285,INFO,adaptador.request,false,fallido,0.6271250003919704,9958.109851877,9958.110575043,9958.109796335,9958.110479002,CACHE_MISS,2026-09-05T00:14:21.312177Z
9bc10834-4d9c-422d-b6d3-5ecda328af6a,run1_rep1,F,OPEN,OPEN,request,NONE,MISS,0.05408300057752058,0.7903750010882504,INFO,adaptador.request,false,fallido,0.6296249994193204,9958.131874585,9958.132610877,9958.131820502,9958.13250421,CACHE_MISS,2026-09-05T00:14:21.334236Z
0890f0a1-6e2e-4d1c-9da6-f02f0f9dc782,run1_rep1,F,OPEN,OPEN,request,NONE,MISS,0.052541001423378475,0.8307080006488832,INFO,adaptador.request,false,fallido,0.672249998387997,9958.222798668,9958.223576835,9958.222746127,9958.223470918,CACHE_MISS,2026-09-05T00:14:21.425188Z
298042ec-6b2a-4cd1-a6f6-d541d644f7dd,run1_rep1,F,OPEN,OPEN,request,NONE,MISS,0.03958300112572033,0.6002919999446021,INFO,adaptador.request,false,fallido,0.4590419994201511,9958.241510293,9958.242071002,9958.24147071,9958.241969335,CACHE_MISS,2026-09-05T00:14:21.443686Z
5a76eb6f-407b-4a99-91e9-3d65359e5908,run1_rep1,F,OPEN,OPEN,request,NONE,MISS,0.01874999907158781,0.37829099892405793,INFO,adaptador.request,false,fallido,0.305875000776723,9958.245448877,9958.245808418,9958.245430127,9958.245754752,CACHE_MISS,2026-09-05T00:14:21.447389Z
3546822d-42f3-4ddf-8b45-d87658a506b4,run1_rep1,F,OPEN,OPEN,request,NONE,MISS,0.019209001038689166,0.5364590015233262,INFO,adaptador.request,false,fallido,0.43812500007334165,9958.312339627,9958.312856877,9958.312320418,9958.312777752,CACHE_MISS,2026-09-05T00:14:21.514803Z
37adc435-c00c-40b2-ba65-6a8d7d564cd0,run1_rep1,F,OPEN,OPEN,request,NONE,MISS,0.03416700019442942,1.4584590007871157,INFO,adaptador.request,false,fallido,1.3635830000566784,9958.311760585,9958.313184877,9958.311726418,9958.313124168,CACHE_MISS,2026-09-05T00:14:21.515108Z
71f59020-8c34-41a7-9abe-1aa24db63609,run1_rep1,F,OPEN,OPEN,request,NONE,MISS,0.022000000171829015,0.4190420004306361,INFO,adaptador.request,false,fallido,0.3383330003998708,9958.322538835,9958.322935877,9958.322516835,9958.322877168,CACHE_MISS,2026-09-05T00:14:21.524534Z
8260343b-afc4-4412-948d-981a1b05cecc,run1_rep1,F,OPEN,OPEN,request,NONE,MISS,0.06091599971114192,0.9252910003851866,INFO,adaptador.request,false,fallido,0.7176670005719643,9958.362225918,9958.363090293,9958.362165002,9958.362943585,CACHE_MISS,2026-09-05T00:14:21.564711Z
adb774ec-7c80-427d-8d86-9630df416d29,run1_rep1,F,OPEN,OPEN,request,NONE,MISS,0.0441250012954697,1.228959001309704,INFO,adaptador.request,false,fallido,1.0857090001081815,9958.374872668,9958.376057502,9958.374828543,9958.375958377,CACHE_MISS,2026-09-05T00:14:21.577699Z
b4542cd3-bed7-4353-8b1c-464475005f42,run1_rep1,F,OPEN,OPEN,request,NONE,MISS,0.027375001081964,1.5662080004403833,INFO,adaptador.request,false,fallido,1.4780829988012556,9958.37582746,9958.377366293,9958.375800085,9958.377305543,CACHE_MISS,2026-09-05T00:14:21.579421Z
a025f7f5-c21a-4d28-a5aa-f8cb3be9fc66,run1_rep1,F,OPEN,OPEN,request,NONE,MISS,0.04654199983633589,0.8417500012001256,INFO,adaptador.request,false,fallido,0.7405410015053349,9958.377023877,9958.377819085,9958.376977335,9958.377764418,CACHE_MISS,2026-09-05T00:14:21.579821Z
a8c66f1c-34b1-45af-8229-c93a9202a0e8,run1_rep1,F,OPEN,OPEN,request,NONE,MISS,0.0474579992442159,0.768166999478126,INFO,adaptador.request,false,fallido,0.6298749995039543,9958.446953043,9958.447673752,9958.446905585,9958.447582918,CACHE_MISS,2026-09-05T00:14:21.649285Z
9d95ac8f-889c-46ae-a80e-e6ec3547c60e,run1_rep1,F,OPEN,OPEN,request,NONE,MISS,0.05162500019650906,0.7862910006224411,INFO,adaptador.request,false,fallido,0.6354580000333954,9958.490599252,9958.491333918,9958.490547627,9958.49123471,CACHE_MISS,2026-09-05T00:14:21.692948Z
49b6a041-302f-4854-bfcb-f93f180aaded,run1_rep1,F,OPEN,OPEN,request,NONE,MISS,0.09416699867870193,2.6134169984288746,INFO,adaptador.request,false,fallido,2.3838750003051246,9958.585072044,9958.587591294,9958.584977877,9958.587455919,CACHE_MISS,2026-09-05T00:14:21.790036Z
eda9d25a-0bbe-45d5-8c6b-abc2f5aee4e3,run1_rep1,F,OPEN,OPEN,request,NONE,MISS,0.030915998650016263,2.5553750001563458,INFO,adaptador.request,false,fallido,2.463250000801054,9958.58589146,9958.588415919,9958.585860544,9958.58835471,CACHE_MISS,2026-09-05T00:14:21.790546Z
9b0af607-68e5-4eee-80a2-538a7a66d7a9,run1_rep1,F,OPEN,OPEN,request,NONE,MISS,0.02995799877680838,1.3264579993119696,INFO,adaptador.request,false,fallido,1.223417000801419,9958.588247585,9958.589544085,9958.588217627,9958.589471002,CACHE_MISS,2026-09-05T00:14:21.791477Z
c632cc5d-84ff-411f-b254-0adbec3d0c5b,run1_rep1,F,OPEN,OPEN,request,NONE,MISS,0.03058400034205988,0.46837500121910125,INFO,adaptador.request,false,fallido,0.37812499977007974,9958.607542544,9958.607980335,9958.60751196,9958.607920669,CACHE_MISS,2026-09-05T00:14:21.809581Z
8227b48b-dc6f-44bc-8299-870df45fc8d5,run1_rep1,F,OPEN,OPEN,request,NONE,MISS,0.0457499991171062,0.6241249993763631,INFO,adaptador.request,false,fallido,0.49650000073597766,9958.645685794,9958.646264169,9958.645640044,9958.646182294,CACHE_MISS,2026-09-05T00:14:21.847872Z
5865c332-51d3-4eb0-aecf-ac3c85240d24,run1_rep1,F,OPEN,OPEN,request,NONE,MISS,0.02020799911406357,0.3873749992635567,INFO,adaptador.request,false,fallido,0.31637500069336966,9958.65094296,9958.651310127,9958.650922752,9958.651259335,CACHE_MISS,2026-09-05T00:14:21.852885Z
1b93eb48-9650-408a-be54-87c5fa6cf036,run1_rep1,F,OPEN,OPEN,request,NONE,MISS,0.02058400059468113,0.405624999984866,INFO,adaptador.request,false,fallido,0.3342079999129055,9958.708956044,9958.709341085,9958.70893546,9958.709290252,CACHE_MISS,2026-09-05T00:14:21.910924Z
97b23e75-39a8-4c41-958d-58d2eb033e5e,run1_rep1,F,OPEN,OPEN,request,NONE,MISS,0.018415999875287525,0.4355410001153359,INFO,adaptador.request,false,fallido,0.35554200076148845,9958.71069421,9958.711111335,9958.710675794,9958.711049752,CACHE_MISS,2026-09-05T00:14:21.912696Z
6a85e6a1-2f1f-41f5-b0af-ab8822f00048,run1_rep1,F,OPEN,OPEN,request,NONE,MISS,0.06391599890775979,0.9070409996638773,INFO,adaptador.request,false,fallido,0.7027920000837184,9958.76380546,9958.764648585,9958.763741544,9958.764508252,CACHE_MISS,2026-09-05T00:14:21.966281Z
af09c7cd-e6ea-42a2-81b5-1ae7fe5fe50f,run1_rep1,F,OPEN,OPEN,request,NONE,MISS,0.03729199852386955,0.6613749992538942,INFO,adaptador.request,false,fallido,0.43458300024212804,9958.767404002,9958.768028085,9958.76736671,9958.767838585,CACHE_MISS,2026-09-05T00:14:21.969661Z
7957c53a-1e45-48e3-9b4d-0a8c72454137,run1_rep1,F,OPEN,OPEN,request,NONE,MISS,0.07537500096077565,0.7965000004332978,INFO,adaptador.request,false,fallido,0.6139170000096783,9958.818057127,9958.818778252,9958.817981752,9958.818671044,CACHE_MISS,2026-09-05T00:14:22.020397Z
ad42cdf2-0cc1-4164-8f56-0fccfc058395,run1_rep1,F,OPEN,OPEN,request,NONE,MISS,0.07874999937484972,0.9350000000267755,INFO,adaptador.request,false,fallido,0.7528750011260854,9958.885727919,9958.886584169,9958.885649169,9958.886480794,CACHE_MISS,2026-09-05T00:14:22.088197Z
1a161372-c7e1-418f-8dea-c55517c5b9ab,run1_rep1,F,OPEN,OPEN,request,NONE,MISS,0.052332999985083006,0.736457999664708,INFO,adaptador.request,false,fallido,0.5965420004940825,9958.903178502,9958.903862627,9958.903126169,9958.903775044,CACHE_MISS,2026-09-05T00:14:22.105466Z
bec8cca2-9a83-445c-b0f9-210215a176c7,run1_rep1,F,OPEN,OPEN,request,NONE,MISS,0.0530420002178289,0.791041999036679,INFO,adaptador.request,false,fallido,0.6352919990604278,9958.972822502,9958.973560502,9958.97276946,9958.973457794,CACHE_MISS,2026-09-05T00:14:22.175174Z
3d232952-8ad3-4659-88cf-2fe21ad149cb,run1_rep1,F,OPEN,OPEN,request,NONE,MISS,0.03641699913714547,0.5793750005977927,INFO,adaptador.request,false,fallido,0.46787500104983337,9958.985595752,9958.98613871,9958.985559335,9958.986063627,CACHE_MISS,2026-09-05T00:14:22.187737Z
ec0e8644-8036-42d3-942b-4feea1d39f73,run1_rep1,F,OPEN,OPEN,request,NONE,MISS,0.0245829996856628,0.41591699846321717,INFO,adaptador.request,false,fallido,0.3385419986443594,9958.994242835,9958.994634169,9958.994218252,9958.994581377,CACHE_MISS,2026-09-05T00:14:22.196210Z
974c4a05-e58e-4823-96ad-0c0fd5fa4017,run1_rep1,F,OPEN,OPEN,request,NONE,MISS,0.018500000805943273,0.36787499993806705,INFO,adaptador.request,false,fallido,0.2936670007329667,9959.00015471,9959.000504085,9959.00013621,9959.000448377,CACHE_MISS,2026-09-05T00:14:22.202094Z
4d5bf49e-6976-47f1-a6b7-6e6db447407a,run1_rep1,F,OPEN,OPEN,request,NONE,MISS,0.05083299947727937,0.8072910004557343,INFO,adaptador.request,false,fallido,0.6435420000343584,9959.106558627,9959.107315085,9959.106507794,9959.107202169,CACHE_MISS,2026-09-05T00:14:22.308940Z
7919c65b-c336-48f4-8fef-e9f7b3245a56,run1_rep1,F,OPEN,OPEN,request,NONE,MISS,0.040499999158782884,0.7733750007901108,INFO,adaptador.request,false,fallido,0.6043749999662396,9959.160445294,9959.161178169,9959.160404794,9959.161049669,CACHE_MISS,2026-09-05T00:14:22.362804Z
04f59d93-7da7-41b6-bf51-a7954cfe1f86,run1_rep1,F,OPEN,OPEN,request,NONE,MISS,0.04587500006891787,0.6122089998825686,INFO,adaptador.request,false,fallido,0.4867919997195713,9959.16961596,9959.170182294,9959.169570085,9959.170102752,CACHE_MISS,2026-09-05T00:14:22.371773Z
01fe1194-7903-45cb-9466-59cd035a217e,run1_rep1,F,OPEN,OPEN,request,NONE,MISS,0.022292000721790828,0.7630420004716143,INFO,adaptador.request,false,fallido,0.6862079990241909,9959.179606419,9959.180347169,9959.179584127,9959.180292627,CACHE_MISS,2026-09-05T00:14:22.381931Z
7086b2f9-550f-4a74-91c6-20d011764e7c,run1_rep1,F,OPEN,OPEN,request,NONE,MISS,0.018583999917609617,0.8511249998264248,INFO,adaptador.request,false,fallido,0.7552080005552853,9959.180214044,9959.181046585,9959.18019546,9959.180969252,CACHE_MISS,2026-09-05T00:14:22.382630Z
ccb8199d-20b8-474c-8504-34582ac4d1f2,run1_rep1,F,OPEN,OPEN,request,NONE,MISS,0.01779200101736933,0.3629590009950334,INFO,adaptador.request,false,fallido,0.29799999902024865,9959.188259877,9959.188605044,9959.188242085,9959.188557877,CACHE_MISS,2026-09-05T00:14:22.390184Z
2112f9a0-0a8c-4a09-9caa-11360ad32da2,run1_rep1,F,OPEN,OPEN,request,NONE,MISS,0.05062499985797331,0.779791000240948,INFO,adaptador.request,false,fallido,0.6662499999947613,9959.234834544,9959.23556371,9959.234783919,9959.235500794,CACHE_MISS,2026-09-05T00:14:22.437169Z
72837fa0-e7af-4c64-8b9d-65cb114e63ac,run1_rep1,F,OPEN,OPEN,request,NONE,MISS,0.05258399869489949,0.8182919991668314,INFO,adaptador.request,false,fallido,0.6414159997802926,9959.267358586,9959.268124294,9959.267306002,9959.268000002,CACHE_MISS,2026-09-05T00:14:22.469740Z
da113e89-664a-4e33-abd7-a06c0c78ec65,run1_rep1,F,OPEN,OPEN,request,NONE,MISS,0.023458000214304775,0.9065410013135988,INFO,adaptador.request,false,fallido,0.8216250007535564,9959.329338794,9959.330221877,9959.329315336,9959.330160419,CACHE_MISS,2026-09-05T00:14:22.531829Z
6a31430d-7d10-4eea-83bc-c1c8f2d1f082,run1_rep1,F,OPEN,OPEN,request,NONE,MISS,0.055083000916056335,1.244500001121196,INFO,adaptador.request,false,fallido,1.090249999833759,9959.328756294,9959.329945711,9959.328701211,9959.329846544,CACHE_MISS,2026-09-05T00:14:22.532098Z
65460c65-8ab6-4613-ac90-0bb1ac5f5680,run1_rep1,F,OPEN,OPEN,request,NONE,MISS,0.058917001297231764,0.8579170007578796,INFO,adaptador.request,false,fallido,0.6814169992139796,9959.365670544,9959.366469544,9959.365611627,9959.366351961,CACHE_MISS,2026-09-05T00:14:22.568085Z
136f1a42-3f5d-49f0-8dd1-277ccfe5a07e,run1_rep1,F,OPEN,OPEN,request,NONE,MISS,0.05158299973118119,0.8254159984062426,INFO,adaptador.request,false,fallido,0.6483329998445697,9959.503320669,9959.504094502,9959.503269086,9959.503969002,CACHE_MISS,2026-09-05T00:14:22.705704Z
1d35dc92-d4af-4f9a-8e66-181aa33b835f,run1_rep1,F,OPEN,OPEN,request,NONE,MISS,0.026707999495556578,0.4702909991465276,INFO,adaptador.request,false,fallido,0.3878329989674967,9959.512266169,9959.512709752,9959.512239461,9959.512654002,CACHE_MISS,2026-09-05T00:14:22.714291Z
85c7b58a-cbba-422c-9725-83019f37f715,run1_rep1,F,OPEN,OPEN,request,NONE,MISS,0.017749998733052053,0.35237500014773104,INFO,adaptador.request,false,fallido,0.2851250010280637,9959.537664794,9959.537999419,9959.537647044,9959.537949919,CACHE_MISS,2026-09-05T00:14:22.739600Z
195b2b8b-b992-46c2-ba01-47aaeefc323a,run1_rep1,F,OPEN,OPEN,request,NONE,MISS,0.049917000069399364,0.7291249985428294,INFO,adaptador.request,false,fallido,0.5678329998772824,9959.580385794,9959.581065002,9959.580335877,9959.580953627,CACHE_MISS,2026-09-05T00:14:22.782665Z
b4bf2bbc-c37e-47ea-8edc-e029ef1004df,run1_rep1,F,OPEN,OPEN,request,NONE,MISS,0.036749999708263204,0.5870000004506437,INFO,adaptador.request,false,fallido,0.4676669996115379,9959.595993502,9959.596543752,9959.595956752,9959.596461169,CACHE_MISS,2026-09-05T00:14:22.798148Z
d712f0c3-55ce-44f3-8708-2a8c4614fba1,run1_rep1,F,OPEN,OPEN,request,NONE,MISS,0.02195799970650114,0.8761659992160276,INFO,adaptador.request,false,fallido,0.7943330001580762,9959.649296669,9959.650150877,9959.649274711,9959.650091002,CACHE_MISS,2026-09-05T00:14:22.851744Z
1a925037-332b-4aa7-85b6-dae72aba423d,run1_rep1,F,OPEN,OPEN,request,NONE,MISS,0.05600000076810829,1.2944580012117513,INFO,adaptador.request,false,fallido,1.0929580002994044,9959.648571169,9959.649809627,9959.648515169,9959.649664127,CACHE_MISS,2026-09-05T00:14:22.852040Z
a3b5eec3-84b2-4a5a-8126-622f15fd2174,run1_rep1,F,OPEN,OPEN,request,NONE,MISS,0.06358300015563145,1.8276659993716748,INFO,adaptador.request,false,fallido,1.641624998228508,9959.714092919,9959.715857002,9959.714029336,9959.715734544,CACHE_MISS,2026-09-05T00:14:22.917566Z
fa197b25-248d-4c20-8a64-cea1e74bfb9e,run1_rep1,F,OPEN,OPEN,request,NONE,MISS,0.022958000045036897,0.7304999999178108,INFO,adaptador.request,false,fallido,0.6453749992942903,9959.716660377,9959.717367919,9959.716637419,9959.717305752,CACHE_MISS,2026-09-05T00:14:22.918970Z
878604c5-1c29-4d8c-a33c-7114dd1560f1,run1_rep1,F,OPEN,OPEN,request,NONE,MISS,0.021249999917927198,0.4017080009361962,INFO,adaptador.request,false,fallido,0.32308300069416873,9959.738728044,9959.739108502,9959.738706794,9959.739051127,CACHE_MISS,2026-09-05T00:14:22.940696Z
aca5f539-77a8-43c5-9348-a0ac90f46b79,run1_rep1,F,OPEN,OPEN,request,NONE,MISS,0.052958001106162556,0.8147500011546072,INFO,adaptador.request,false,fallido,0.6567919990629889,9959.792692044,9959.793453836,9959.792639086,9959.793348836,CACHE_MISS,2026-09-05T00:14:22.995072Z
46381d85-d8aa-4966-b529-1f0da1d03389,run1_rep1,F,OPEN,OPEN,request,NONE,MISS,0.0531250007043127,1.1294579999230336,INFO,adaptador.request,false,fallido,0.9633749996282859,9959.859642044,9959.860718377,9959.859588919,9959.860605419,CACHE_MISS,2026-09-05T00:14:23.062353Z
51a8f842-ae24-49c3-8e74-70faa038f65a,run1_rep1,F,OPEN,OPEN,request,NONE,MISS,0.025624998670537025,1.0247919999528676,INFO,adaptador.request,false,fallido,0.9479580003244337,9959.860515669,9959.861514836,9959.860490044,9959.861463627,CACHE_MISS,2026-09-05T00:14:23.063357Z
13a897a1-0d7c-44d8-adcb-0a2c9a013f7f,run1_rep1,F,OPEN,OPEN,request,NONE,MISS,0.05866699939360842,0.7318329990084749,INFO,adaptador.request,false,fallido,0.5684579991793726,9959.902026836,9959.902700002,9959.901968169,9959.902595294,CACHE_MISS,2026-09-05T00:14:23.104309Z
126da095-fe03-4c6e-bdac-6b4338cc9ea2,run1_rep1,F,OPEN,OPEN,request,NONE,MISS,0.03612500040617306,0.6042080003680894,INFO,adaptador.request,false,fallido,0.4800829992746003,9959.915859794,9959.916427877,9959.915823669,9959.916339877,CACHE_MISS,2026-09-05T00:14:23.118038Z
63cdaf88-47fe-4b97-8354-147e0b37c228,run1_rep1,F,OPEN,OPEN,request,NONE,MISS,0.023125001462176442,0.4902079999737907,INFO,adaptador.request,false,fallido,0.42833299994526897,9959.989073086,9959.989540169,9959.989049961,9959.989501419,CACHE_MISS,2026-09-05T00:14:23.191126Z
89c223a9-e8b5-4c53-a603-1ef71144f557,run1_rep1,F,OPEN,OPEN,request,NONE,MISS,0.00837500010675285,0.5950830000074347,INFO,adaptador.request,false,fallido,0.5446249997476116,9959.989335253,9959.989921961,9959.989326878,9959.989879878,CACHE_MISS,2026-09-05T00:14:23.191495Z
8501abb3-a15b-4c55-8140-bd0bb61efb08,run1_rep1,F,OPEN,OPEN,request,NONE,MISS,0.013124999895808287,0.24891700013540685,INFO,adaptador.request,false,fallido,0.20104199938941747,9960.005376211,9960.005612003,9960.005363086,9960.005577253,CACHE_MISS,2026-09-05T00:14:23.207172Z
3fb2adee-44c7-4c29-8f97-62729620cf22,run1_rep1,F,OPEN,OPEN,request,NONE,MISS,0.0134170004457701,0.6117080010881182,INFO,adaptador.request,false,fallido,0.5485410001710989,9960.054513128,9960.055111419,9960.054499711,9960.055061669,CACHE_MISS,2026-09-05T00:14:23.256894Z
a4d19bb2-f071-4621-9002-6a8df1181f18,run1_rep1,F,OPEN,OPEN,request,NONE,MISS,0.00945899955695495,0.5305419999785954,INFO,adaptador.request,false,fallido,0.48512499961361755,9960.054790503,9960.055311586,9960.054781044,9960.055275628,CACHE_MISS,2026-09-05T00:14:23.257082Z
f046ae1d-1309-409b-a8f7-193314de0c6b,run1_rep1,F,OPEN,OPEN,request,NONE,MISS,0.047790999815333635,0.8219579995056847,INFO,adaptador.request,false,fallido,0.6721249992551748,9960.160619169,9960.161393336,9960.160571378,9960.161291294,CACHE_MISS,2026-09-05T00:14:23.363011Z
6df132a8-1dbf-44d4-bc13-942d409e9e15,run1_rep1,F,OPEN,OPEN,request,NONE,MISS,0.05708399839932099,0.6744999991497025,INFO,adaptador.request,false,fallido,0.5365000015444821,9960.175321128,9960.175938544,9960.175264044,9960.175857628,CACHE_MISS,2026-09-05T00:14:23.377555Z
a25d6cc2-3687-4248-a8db-d77eadf40665,run1_rep1,F,OPEN,OPEN,request,NONE,MISS,0.048583000534563325,1.2399169991113013,INFO,adaptador.request,false,fallido,1.0411249986645998,9960.208700044,9960.209891378,9960.208651461,9960.209741169,CACHE_MISS,2026-09-05T00:14:23.411816Z
04d5b343-15e4-4c07-914a-163c15416662,run1_rep1,F,OPEN,OPEN,request,NONE,MISS,0.022875001377542503,1.0199999996984843,INFO,adaptador.request,false,fallido,0.9507079994364176,9960.209215336,9960.210212461,9960.209192461,9960.210166044,CACHE_MISS,2026-09-05T00:14:23.412063Z
6c15fb1d-7e32-47e8-ab46-61ea5b3c6006,run1_rep1,F,OPEN,OPEN,request,NONE,MISS,0.023624999812454917,0.8163749989762437,INFO,adaptador.request,false,fallido,0.7452919999195728,9960.226679669,9960.227472419,9960.226656044,9960.227424961,CACHE_MISS,2026-09-05T00:14:23.429051Z
6123da8d-67da-4026-8703-f5f75963f5ce,run1_rep1,F,OPEN,OPEN,request,NONE,MISS,0.05154100108484272,0.8053330002439907,INFO,adaptador.request,false,fallido,0.6085839995648712,9960.275363794,9960.276117586,9960.275312253,9960.275972378,CACHE_MISS,2026-09-05T00:14:23.477749Z
3e4a3a50-9f7b-417b-a8b3-8aff55131af7,run1_rep1,F,OPEN,OPEN,request,NONE,MISS,0.05583300116995815,0.7859580000513233,INFO,adaptador.request,false,fallido,0.619708998783608,9960.309373919,9960.310104044,9960.309318086,9960.309993628,CACHE_MISS,2026-09-05T00:14:23.511703Z
d95944af-fcf5-4513-825a-75e6c7c47f79,run1_rep1,F,OPEN,OPEN,request,NONE,MISS,0.047500001528533176,0.7957920006447239,INFO,adaptador.request,false,fallido,0.6467089988291264,9960.347401794,9960.348150086,9960.347354294,9960.348048503,CACHE_MISS,2026-09-05T00:14:23.549751Z
