request_id,ejecucion_id,escenario,estado_circuito_fin,estado_circuito_inicio,event_type,fuente_respuesta,hit_miss,latencia_proveedor_ms,latencia_total_ms,level,logger,proveedor_invocado,resultado,tiempo_conmutacion_ms,timestamp_deteccion,timestamp_fin,timestamp_inicio,timestamp_respuesta_cache,tipo_error,ts_wall
2049666b-0b71-425b-a5d1-70974f895cb7,run1_rep3,G,CLOSED,CLOSED,request,PROVIDER,N/A,,67.81087499985006,INFO,adaptador.request,true,exitoso,,,10382.018059738,10381.950248863,,,2026-09-05T00:21:25.221238Z
cdf48f5a-1d01-45b9-9da8-600188806676,run1_rep3,G,CLOSED,CLOSED,request,PROVIDER,N/A,,163.46537400022498,INFO,adaptador.request,true,exitoso,,,10382.114644195,10381.951178821,,,2026-09-05T00:21:25.318250Z
c7166ede-0701-4cc2-8d29-40b268d48175,run1_rep3,G,CLOSED,CLOSED,request,PROVIDER,N/A,,104.42979199979163,INFO,adaptador.request,true,exitoso,,,10382.451728987,10382.347299195,,,2026-09-05T00:21:25.655378Z
335df1ba-7999-4c73-9168-ac628db0863d,run1_rep3,G,CLOSED,CLOSED,request,PROVIDER,N/A,,62.269000000014785,INFO,adaptador.request,true,exitoso,,,10382.52223657,10382.45996757,,,2026-09-05T00:21:25.725885Z
88214450-f916-43cc-bd0c-a9d11abf31fb,run1_rep3,G,CLOSED,CLOSED,request,PROVIDER,N/A,,80.50795800045307,INFO,adaptador.request,true,exitoso,,,10383.037025529,10382.956517571,,,2026-09-05T00:21:26.240671Z
5af3811d-6640-41b4-a9fe-e029023b4d12,run1_rep3,G,CLOSED,CLOSED,request,PROVIDER,N/A,,119.55316599960497,INFO,adaptador.request,true,exitoso,,,10383.117446987,10382.997893821,,,2026-09-05T00:21:26.321094Z
eae643a3-e12f-4f84-b99a-1c0d8fae9b7a,run1_rep3,G,CLOSED,CLOSED,request,PROVIDER,N/A,,88.79091600101674,INFO,adaptador.request,true,exitoso,,,10383.535255904,10383.446464988,,,2026-09-05T00:21:26.738939Z
b1e23685-51f0-4d16-84f2-5f5482bbb4e8,run1_rep3,G,CLOSED,CLOSED,request,PROVIDER,N/A,,116.6544999996404,INFO,adaptador.request,true,exitoso,,,10383.631455404,10383.514800904,,,2026-09-05T00:21:26.835175Z
535000b9-1a0c-4537-aba6-bba2c4b9392b,run1_rep3,G,CLOSED,CLOSED,request,PROVIDER,N/A,,90.73279199947137,INFO,adaptador.request,true,exitoso,,,10383.837248863,10383.746516071,,,2026-09-05T00:21:27.040931Z
2c2dc2bf-40d5-44fc-9385-f7758ef82070,run1_rep3,G,CLOSED,CLOSED,request,PROVIDER,N/A,,88.49783400000888,INFO,adaptador.request,true,exitoso,,,10383.952229863,10383.863732029,,,2026-09-05T00:21:27.155882Z
9bb9a98b-6cf0-44b3-9f04-b750323bd62a,run1_rep3,G,CLOSED,CLOSED,request,PROVIDER,N/A,,84.39866700064158,INFO,adaptador.request,true,exitoso,,,10384.43549678,10384.351098113,,,2026-09-05T00:21:27.639170Z
07cd4996-329b-4c27-bcb6-f85edb0d5ddd,run1_rep3,G,CLOSED,CLOSED,request,PROVIDER,N/A,,129.05483299982734,INFO,adaptador.request,true,exitoso,,,10384.524026988,10384.394972155,,,2026-09-05T00:21:27.727695Z
29719aec-be4c-490c-97c6-b5bfac20aef8,run1_rep3,G,CLOSED,CLOSED,request,PROVIDER,N/A,,66.31283400020038,INFO,adaptador.request,true,exitoso,,,10384.856200072,10384.789887238,,,2026-09-05T00:21:28.059879Z
e629a3c2-836b-4ca7-b903-25b8805328ac,run1_rep3,G,CLOSED,CLOSED,request,PROVIDER,N/A,,72.3458339998615,INFO,adaptador.request,true,exitoso,,,10384.926301447,10384.853955613,,,2026-09-05T00:21:28.129977Z
204edf9a-3927-4900-bbd4-86e8d9fc8bd1,run1_rep3,G,CLOSED,CLOSED,request,PROVIDER,N/A,,75.25750000058906,INFO,adaptador.request,true,exitoso,,,10385.275831072,10385.200573572,,,2026-09-05T00:21:28.479492Z
1e8f427e-1dbe-4401-beee-e7fe84c6f1d6,run1_rep3,G,CLOSED,CLOSED,request,PROVIDER,N/A,,89.36324999922363,INFO,adaptador.request,true,exitoso,,,10385.502285613,10385.412922363,,,2026-09-05T00:21:28.705953Z
5833089f-c8c5-4c34-aaec-baa081e402cd,run1_rep3,G,CLOSED,CLOSED,request,PROVIDER,N/A,,65.26020800083643,INFO,adaptador.request,true,exitoso,,,10385.633570947,10385.568310739,,,2026-09-05T00:21:28.837233Z
df1f7c54-057f-475e-bf8b-9db7e16d9671,run1_rep3,G,CLOSED,CLOSED,request,PROVIDER,N/A,,105.0931669997226,INFO,adaptador.request,true,exitoso,,,10385.935560072,10385.830466905,,,2026-09-05T00:21:29.139217Z
93fc1ffe-0591-4950-9043-5795c6cc4c73,run1_rep3,G,CLOSED,CLOSED,request,PROVIDER,N/A,,70.42566699965391,INFO,adaptador.request,true,exitoso,,,10386.069312864,10385.998887197,,,2026-09-05T00:21:29.273018Z
5b3e129e-07f5-4ef0-bcac-c2b926c04e67,run1_rep3,G,CLOSED,CLOSED,request,PROVIDER,N/A,,78.55600000038976,INFO,adaptador.request,true,exitoso,,,10386.428771281,10386.350215281,,,2026-09-05T00:21:29.632419Z
9ba38621-2ce4-47cc-8e51-cc4026661049,run1_rep3,G,CLOSED,CLOSED,request,PROVIDER,N/A,,146.24524999999267,INFO,adaptador.request,true,exitoso,,,10386.507969322,10386.361724072,,,2026-09-05T00:21:29.711676Z
541afdcb-7e9f-4130-a3ae-1043479e7a1c,run1_rep3,G,CLOSED,CLOSED,request,PROVIDER,N/A,,98.25112500038813,INFO,adaptador.request,true,exitoso,,,10386.820826572,10386.722575447,,,2026-09-05T00:21:30.024499Z
39832c71-3475-4f6f-a24a-5d697bdbdd80,run1_rep3,G,CLOSED,CLOSED,request,PROVIDER,N/A,,103.1167090004601,INFO,adaptador.request,true,exitoso,,,10386.985660781,10386.882544072,,,2026-09-05T00:21:30.189304Z
e0d2a58b-b97f-4382-b6bc-5d728d21c13a,run1_rep3,G,CLOSED,CLOSED,request,PROVIDER,N/A,,103.14479199951165,INFO,adaptador.request,true,exitoso,,,10387.208691906,10387.105547114,,,2026-09-05T00:21:30.412356Z
240d7ce3-9d65-4547-82a7-5cd3053c6fc6,run1_rep3,G,CLOSED,CLOSED,request,PROVIDER,N/A,,103.13112500080024,INFO,adaptador.request,true,exitoso,,,10387.308227031,10387.205095906,,,2026-09-05T00:21:30.511952Z
07b8dc35-dd21-4d87-a952-ffe11c5ca65c,run1_rep3,G,CLOSED,CLOSED,request,PROVIDER,N/A,,69.64899999911722,INFO,adaptador.request,true,exitoso,,,10387.715702406,10387.646053406,,,2026-09-05T00:21:30.919346Z
3fb3d776-35ff-44cd-bcb6-eb1b288a87a2,run1_rep3,G,CLOSED,CLOSED,request,PROVIDER,N/A,,82.83579199996893,INFO,adaptador.request,true,exitoso,,,10387.794373115,10387.711537323,,,2026-09-05T00:21:30.998093Z
f7fc9153-ca6b-43be-9fc7-f23e08dc2739,run1_rep3,G,CLOSED,CLOSED,request,PROVIDER,N/A,,94.84687499934807,INFO,adaptador.request,true,exitoso,,,10388.067142115,10387.97229524,,,2026-09-05T00:21:31.270829Z
63965278-7e7b-475a-8b1f-56dfc1b71af7,run1_rep3,G,CLOSED,CLOSED,request,PROVIDER,N/A,,72.87770800030557,INFO,adaptador.request,true,exitoso,,,10388.129236531,10388.056358823,,,2026-09-05T00:21:31.332894Z
eac6b306-6670-49ee-b5ad-9706ce374398,run1_rep3,G,CLOSED,CLOSED,request,PROVIDER,N/A,,95.62983300020278,INFO,adaptador.request,true,exitoso,,,10388.428707448,10388.333077615,,,2026-09-05T00:21:31.632373Z
8deae852-894e-4d94-bbde-7fb183ecc4e4,run1_rep3,G,CLOSED,CLOSED,request,PROVIDER,N/A,,108.41983300088032,INFO,adaptador.request,true,exitoso,,,10388.617612698,10388.509192865,,,2026-09-05T00:21:31.821260Z
f0f4dd36-2bf9-4c56-9be8-c52ff8f938ba,run1_rep3,G,CLOSED,CLOSED,request,PROVIDER,N/A,,78.01849999850674,INFO,adaptador.request,true,exitoso,,,10388.976789948,10388.898771448,,,2026-09-05T00:21:32.180526Z
b61bf440-9078-4198-b700-14cc108d11ed,run1_rep3,G,CLOSED,CLOSED,request,PROVIDER,N/A,,166.3240420002694,INFO,adaptador.request,true,exitoso,,,10389.066138324,10388.899814282,,,2026-09-05T00:21:32.269800Z
9176b384-6439-44cb-92e0-a9f690a5966c,run1_rep3,G,CLOSED,CLOSED,request,PROVIDER,N/A,,79.79541600070661,INFO,adaptador.request,true,exitoso,,,10389.220234865,10389.140439449,,,2026-09-05T00:21:32.423932Z
f738a1f8-2ccd-4ab8-8d2c-52aba69f2061,run1_rep3,G,CLOSED,CLOSED,request,PROVIDER,N/A,,57.35829100012779,INFO,adaptador.request,true,exitoso,,,10389.31955699,10389.262198699,,,2026-09-05T00:21:32.523232Z
aec661fa-9fb1-40b9-a88d-b3496b405d9c,run1_rep3,G,CLOSED,CLOSED,request,PROVIDER,N/A,,88.00945800066984,INFO,adaptador.request,true,exitoso,,,10389.586920407,10389.498910949,,,2026-09-05T00:21:32.790590Z
76e723e7-c341-460e-80ad-c8f657167136,run1_rep3,G,CLOSED,CLOSED,request,PROVIDER,N/A,,87.49100000022736,INFO,adaptador.request,true,exitoso,,,10389.717025032,10389.629534032,,,2026-09-05T00:21:32.920717Z
8db12cd8-0a3c-42ad-9c7b-bee1981638e7,run1_rep3,G,CLOSED,CLOSED,request,PROVIDER,N/A,,82.39229199898546,INFO,adaptador.request,true,exitoso,,,10389.853977574,10389.771585282,,,2026-09-05T00:21:33.057712Z
ea9d72ff-2795-4cd1-812a-6db6414d0d77,run1_rep3,G,CLOSED,CLOSED,request,PROVIDER,N/A,,82.91395800006285,INFO,adaptador.request,true,exitoso,,,10390.164590199,10390.081676241,,,2026-09-05T00:21:33.368259Z
323be7b0-308f-4152-bd20-fa680a2fd570,run1_rep3,G,CLOSED,CLOSED,request,PROVIDER,N/A,,101.09070900034567,INFO,adaptador.request,true,exitoso,,,10390.326112991,10390.225022282,,,2026-09-05T00:21:33.529762Z
8f2fa742-2ddc-48e5-87a2-777a446574c4,run1_rep3,G,CLOSED,CLOSED,request,PROVIDER,N/A,,90.04000000095402,INFO,adaptador.request,true,exitoso,,,10390.594861366,10390.504821366,,,2026-09-05T00:21:33.798522Z
504c7de7-6b10-45cb-9b99-196f7e6b576e,run1_rep3,G,CLOSED,CLOSED,request,PROVIDER,N/A,,94.7022910004307,INFO,adaptador.request,true,exitoso,,,10390.747462949,10390.652760658,,,2026-09-05T00:21:33.951136Z
5fd9192e-4970-4477-b409-1e04ba78d24e,run1_rep3,G,CLOSED,CLOSED,request,PROVIDER,N/A,,82.3679169989191,INFO,adaptador.request,true,exitoso,,,10391.152304533,10391.069936616,,,2026-09-05T00:21:34.355972Z
e97bc16b-fc09-40a0-a9b9-f3b1f7fae4ca,run1_rep3,G,CLOSED,CLOSED,request,PROVIDER,N/A,,103.17404200031888,INFO,adaptador.request,true,exitoso,,,10391.280616575,10391.177442533,,,2026-09-05T00:21:34.484277Z
2ac37951-9fdf-4c51-9820-c36471acaf3f,run1_rep3,G,CLOSED,CLOSED,request,PROVIDER,N/A,,106.16233299879241,INFO,adaptador.request,true,exitoso,,,10391.489589783,10391.38342745,,,2026-09-05T00:21:34.693260Z
856d18ec-7714-42b2-9ace-e971e40daac7,run1_rep3,G,CLOSED,CLOSED,request,PROVIDER,N/A,,61.459708000256796,INFO,adaptador.request,true,exitoso,,,10391.845964783,10391.784505075,,,2026-09-05T00:21:35.049646Z
ef386cdc-43ea-4358-bc23-6c8e69551c13,run1_rep3,G,CLOSED,CLOSED,request,PROVIDER,N/A,,84.3620830000873,INFO,adaptador.request,true,exitoso,,,10392.09420345,10392.009841367,,,2026-09-05T00:21:35.297807Z
8f4eda1e-8db1-4d53-bcdf-7259e97ca335,run1_rep3,G,CLOSED,CLOSED,request,PROVIDER,N/A,,181.8461249986285,INFO,adaptador.request,true,exitoso,,,10392.192556408,10392.010710283,,,2026-09-05T00:21:35.396181Z
df50997f-a848-48d9-82e1-8c753c524593,run1_rep3,G,CLOSED,CLOSED,request,PROVIDER,N/A,,270.76291699995636,INFO,adaptador.request,true,exitoso,,,10392.2829197,10392.012156783,,,2026-09-05T00:21:35.486619Z
72a2e12c-2d73-47a5-a4d6-f0c34e969003,run1_rep3,G,CLOSED,CLOSED,request,PROVIDER,N/A,,351.9560420008929,INFO,adaptador.request,true,exitoso,,,10392.365796825,10392.013840783,,,2026-09-05T00:21:35.569488Z
d70a34f7-9519-4900-8476-213ec634201e,run1_rep3,G,CLOSED,CLOSED,request,PROVIDER,N/A,,436.1718750005821,INFO,adaptador.request,true,exitoso,,,10392.450252408,10392.014080533,,,2026-09-05T00:21:35.653958Z
715cc5d6-6bb1-4007-813e-27df2d4c7264,run1_rep3,G,CLOSED,CLOSED,request,PROVIDER,N/A,,528.5290419997182,INFO,adaptador.request,true,exitoso,,,10392.542808159,10392.014279117,,,2026-09-05T00:21:35.746492Z
d517a043-22a2-43a2-ab09-07c3829797b0,run1_rep3,G,CLOSED,CLOSED,request,PROVIDER,N/A,,617.4385829999665,INFO,adaptador.request,true,exitoso,,,10392.63249445,10392.015055867,,,2026-09-05T00:21:35.836155Z
0c2efd2f-e954-4556-8779-5e81bcf64e0e,run1_rep3,G,CLOSED,CLOSED,request,PROVIDER,N/A,,702.7984590004053,INFO,adaptador.request,true,exitoso,,,10392.719895409,10392.01709695,,,2026-09-05T00:21:35.923585Z
b4d76b2a-0218-4ffc-b419-589d7ceaf4b9,run1_rep3,G,CLOSED,CLOSED,request,PROVIDER,N/A,,785.8007080012612,INFO,adaptador.request,true,exitoso,,,10392.8033842,10392.017583492,,,2026-09-05T00:21:36.007061Z
4c8ea33c-135f-4d64-b833-6c5e9732535d,run1_rep3,G,CLOSED,CLOSED,request,PROVIDER,N/A,,895.0045419987873,INFO,adaptador.request,true,exitoso,,,10392.912967367,10392.017962825,,,2026-09-05T00:21:36.116698Z
72e9a0b4-be4e-43e7-b44e-6a44d90c7e90,run1_rep3,G,CLOSED,CLOSED,request,PROVIDER,N/A,,452.0815420000872,INFO,adaptador.request,true,exitoso,,,10393.009377034,10392.557295492,,,2026-09-05T00:21:36.213055Z
86e479fd-4460-4c91-937a-b7e807390fc2,run1_rep3,G,CLOSED,CLOSED,request,PROVIDER,N/A,,403.2257499984553,INFO,adaptador.request,true,exitoso,,,10393.0640622,10392.66083645,,,2026-09-05T00:21:36.267699Z
6871d3d4-7d1e-496b-a2a9-dab4ce5221dd,run1_rep3,G,CLOSED,CLOSED,request,PROVIDER,N/A,,489.91816700072377,INFO,adaptador.request,true,exitoso,,,10393.167895742,10392.677977575,,,2026-09-05T00:21:36.371572Z
8c7daa61-4612-404a-88ad-c392c2835dff,run1_rep3,G,CLOSED,CLOSED,request,PROVIDER,N/A,,506.97720800053503,INFO,adaptador.request,true,exitoso,,,10393.237168742,10392.730191534,,,2026-09-05T00:21:36.440841Z
ee5bc609-a268-42e2-b571-9f1c6148e9f6,run1_rep3,G,CLOSED,CLOSED,request,PROVIDER,N/A,,535.9193749991391,INFO,adaptador.request,true,exitoso,,,10393.298495034,10392.762575659,,,2026-09-05T00:21:36.502208Z
657d7ffd-bbcb-46e7-a641-eab30974c4d1,run1_rep3,G,CLOSED,CLOSED,request,PROVIDER,N/A,,597.4343329999101,INFO,adaptador.request,true,exitoso,,,10393.403807242,10392.806372909,,,2026-09-05T00:21:36.607503Z
83c51100-5738-4ea8-a137-da664d3e0047,run1_rep3,G,CLOSED,CLOSED,request,PROVIDER,N/A,,461.09029200124496,INFO,adaptador.request,true,exitoso,,,10393.463846742,10393.00275645,,,2026-09-05T00:21:36.667529Z
52241a79-e9cc-41d2-81ef-6ffec8a54881,run1_rep3,G,CLOSED,CLOSED,request,PROVIDER,N/A,,555.9163340003579,INFO,adaptador.request,true,exitoso,,,10393.565862784,10393.00994645,,,2026-09-05T00:21:36.769531Z
7c851378-e114-4da8-982a-2fddf01e24cc,run1_rep3,G,CLOSED,CLOSED,request,PROVIDER,N/A,,654.8390420011856,INFO,adaptador.request,true,exitoso,,,10393.665951159,10393.011112117,,,2026-09-05T00:21:36.869690Z
2797f976-80b6-456f-8115-fccae3c74da3,run1_rep3,G,CLOSED,CLOSED,request,PROVIDER,N/A,,738.4359170009702,INFO,adaptador.request,true,exitoso,,,10393.752234617,10393.0137987,,,2026-09-05T00:21:36.955907Z
c90c68b7-a45a-4dbb-8394-8a57dc615bd7,run1_rep3,G,CLOSED,CLOSED,request,PROVIDER,N/A,,806.895292000263,INFO,adaptador.request,true,exitoso,,,10393.821171534,10393.014276242,,,2026-09-05T00:21:37.024838Z
2d201c0c-a572-4497-a1c7-fe8d3a205ca1,run1_rep3,G,CLOSED,CLOSED,request,PROVIDER,N/A,,899.3338340005721,INFO,adaptador.request,true,exitoso,,,10393.916648951,10393.017315117,,,2026-09-05T00:21:37.120313Z
7f5385c1-0274-4a8c-abbb-08ca92579872,run1_rep3,G,CLOSED,CLOSED,request,PROVIDER,N/A,,959.3714589991578,INFO,adaptador.request,true,exitoso,,,10393.976898701,10393.017527242,,,2026-09-05T00:21:37.180599Z
0f5b4c2f-b8a7-4958-ab70-3ae42a1b6cd4,run1_rep3,G,CLOSED,CLOSED,request,PROVIDER,N/A,,1044.7128340001655,INFO,adaptador.request,true,exitoso,,,10394.063684868,10393.018972034,,,2026-09-05T00:21:37.267332Z
7a795323-77a0-4b92-abc1-8323ca08e0f1,run1_rep3,G,CLOSED,CLOSED,request,PROVIDER,N/A,,1142.1283760009828,INFO,adaptador.request,true,exitoso,,,10394.162819076,10393.0206907,,,2026-09-05T00:21:37.366489Z
705bb6d2-bc8a-47bc-b092-78de9ccc6717,run1_rep3,G,CLOSED,CLOSED,request,PROVIDER,N/A,,1226.854792001177,INFO,adaptador.request,true,exitoso,,,10394.247963534,10393.021108742,,,2026-09-05T00:21:37.451644Z
741a2195-0cf4-46c1-82b7-a97d6d9a0ebe,run1_rep3,G,CLOSED,CLOSED,request,PROVIDER,N/A,,1329.94487599899,INFO,adaptador.request,true,exitoso,,,10394.351283826,10393.02133895,,,2026-09-05T00:21:37.555007Z
4c3926b7-01f1-40d7-aec8-9f646f0c8628,run1_rep3,G,CLOSED,CLOSED,request,PROVIDER,N/A,,1385.3680419997545,INFO,adaptador.request,true,exitoso,,,10394.407641284,10393.022273242,,,2026-09-05T00:21:37.611318Z
c27cdff6-20ef-4700-9784-a96575b8958c,run1_rep3,G,CLOSED,CLOSED,request,PROVIDER,N/A,,1488.8424170003418,INFO,adaptador.request,true,exitoso,,,10394.511477034,10393.022634617,,,2026-09-05T00:21:37.715129Z
49468c4b-c137-4ef6-89bf-94d2776804c7,run1_rep3,G,CLOSED,CLOSED,request,PROVIDER,N/A,,1518.9339169992309,INFO,adaptador.request,true,exitoso,,,10394.581215784,10393.062281867,,,2026-09-05T00:21:37.784887Z
6d6d291c-23b9-4922-a45e-0f521ec0d467,run1_rep3,G,CLOSED,CLOSED,request,PROVIDER,N/A,,1321.4433760003885,INFO,adaptador.request,true,exitoso,,,10394.667679243,10393.346235867,,,2026-09-05T00:21:37.871350Z
3966b2c6-28ba-4428-95e1-44c200f66130,run1_rep3,G,CLOSED,CLOSED,request,PROVIDER,N/A,,1414.396084001055,INFO,adaptador.request,true,exitoso,,,10394.777798035,10393.363401951,,,2026-09-05T00:21:37.981475Z
8c6b4d75-94c9-44fd-9101-1264a93537b1,run1_rep3,G,CLOSED,CLOSED,request,PROVIDER,N/A,,1470.1437929998065,INFO,adaptador.request,true,exitoso,,,10394.86621066,10393.396066867,,,2026-09-05T00:21:38.069893Z
30fe3a10-6052-4cd5-ba74-26b78ed3edcb,run1_rep3,G,CLOSED,CLOSED,request,PROVIDER,N/A,,1386.9300010010193,INFO,adaptador.request,true,exitoso,,,10394.929740035,10393.542810034,,,2026-09-05T00:21:38.133447Z
5b0025cd-6b6d-426b-9d30-c16b6ec4d883,run1_rep3,G,CLOSED,CLOSED,request,PROVIDER,N/A,,1401.3532919998397,INFO,adaptador.request,true,exitoso,,,10395.002323326,10393.600970034,,,2026-09-05T00:21:38.205973Z
144a4d7a-2b60-4fdc-9866-a8fa6ada037f,run1_rep3,G,CLOSED,CLOSED,request,PROVIDER,N/A,,1404.9011669994798,INFO,adaptador.request,true,exitoso,,,10395.068296701,10393.663395534,,,2026-09-05T00:21:38.271955Z
cea7818b-14c0-4dc2-aae6-3165fc3d308c,run1_rep3,G,CLOSED,CLOSED,request,PROVIDER,N/A,,1297.9487089996837,INFO,adaptador.request,true,exitoso,,,10395.175035535,10393.877086826,,,2026-09-05T00:21:38.378789Z
56d2d1a7-3827-434c-94d6-0f2f4687c530,run1_rep3,G,CLOSED,CLOSED,request,PROVIDER,N/A,,1348.1884169996192,INFO,adaptador.request,true,exitoso,,,10395.246269076,10393.898080659,,,2026-09-05T00:21:38.449874Z
2b170c61-cfea-461c-900a-8fca0b00d350,run1_rep3,G,CLOSED,CLOSED,request,PROVIDER,N/A,,1323.1920830003219,INFO,adaptador.request,true,exitoso,,,10395.318420826,10393.995228743,,,2026-09-05T00:21:38.522042Z
8f18838b-8192-4043-a86f-affafc2d72e2,run1_rep3,G,CLOSED,CLOSED,request,PROVIDER,N/A,,1409.17408399946,INFO,adaptador.request,true,exitoso,,,10395.420587993,10394.011413909,,,2026-09-05T00:21:38.624257Z
5e5c89e5-eee4-4f8d-b541-ff273cdb34c6,run1_rep3,G,CLOSED,CLOSED,request,PROVIDER,N/A,,1504.2799589991773,INFO,adaptador.request,true,exitoso,,,10395.515927535,10394.011647576,,,2026-09-05T00:21:38.719617Z
0dc11367-7010-4eea-ae57-66d6d3a01214,run1_rep3,G,CLOSED,CLOSED,request,PROVIDER,N/A,,1611.4655010005663,INFO,adaptador.request,true,exitoso,,,10395.623905535,10394.012440034,,,2026-09-05T00:21:38.828679Z
3c88b4f0-84b2-43c0-b977-a2afb5417814,run1_rep3,G,CLOSED,CLOSED,request,PROVIDER,N/A,,1698.4373340001184,INFO,adaptador.request,true,exitoso,,,10395.713428535,10394.014991201,,,2026-09-05T00:21:38.917097Z
753007bc-9a2d-4454-8250-2ec946ef37e4,run1_rep3,G,CLOSED,CLOSED,request,PROVIDER,N/A,,1804.208418001508,INFO,adaptador.request,true,exitoso,,,10395.820778077,10394.016569659,,,2026-09-05T00:21:39.024423Z
9ae381eb-9ebc-4412-b1b6-e42dda050e40,run1_rep3,G,CLOSED,CLOSED,request,PROVIDER,N/A,,1906.8843759996525,INFO,adaptador.request,true,exitoso,,,10395.923704785,10394.016820409,,,2026-09-05T00:21:39.127374Z
c0f76273-3c6c-4227-ae0e-45f7761439ef,run1_rep3,G,CLOSED,CLOSED,request,PROVIDER,N/A,,1998.4847089999676,INFO,adaptador.request,true,exitoso,,,10396.01682766,10394.018342951,,,2026-09-05T00:21:39.220523Z
784b9d3a-fda8-4ef8-9633-f84b02b1d5a6,run1_rep3,G,CLOSED,CLOSED,request,PROVIDER,N/A,,2079.4464589998825,INFO,adaptador.request,true,exitoso,,,10396.098730327,10394.019283868,,,2026-09-05T00:21:39.302376Z
23894678-9d53-41a8-9a7e-9d520485e9be,run1_rep3,G,CLOSED,CLOSED,request,PROVIDER,N/A,,2166.9248759990296,INFO,adaptador.request,true,exitoso,,,10396.186388285,10394.019463409,,,2026-09-05T00:21:39.390060Z
aa264bcc-646f-40dc-9481-832cd9c02626,run1_rep3,G,CLOSED,CLOSED,request,PROVIDER,N/A,,2255.010292999941,INFO,adaptador.request,true,exitoso,,,10396.274768994,10394.019758701,,,2026-09-05T00:21:39.478451Z
bcbccccd-0d73-454a-a4d2-d70c105a2265,run1_rep3,G,CLOSED,CLOSED,request,PROVIDER,N/A,,2284.4808760000888,INFO,adaptador.request,true,exitoso,,,10396.33560666,10394.051125784,,,2026-09-05T00:21:39.539305Z
9446117b-30c2-46e1-b4b9-87551bc0dd39,run1_rep3,G,CLOSED,CLOSED,request,PROVIDER,N/A,,2323.84808399911,INFO,adaptador.request,true,exitoso,,,10396.43409216,10394.110244076,,,2026-09-05T00:21:39.637738Z
24bca9c1-46b3-4c2b-a2a3-c03ccb3857ab,run1_rep3,G,CLOSED,CLOSED,request,PROVIDER,N/A,,2311.780293000993,INFO,adaptador.request,true,exitoso,,,10396.498172494,10394.186392201,,,2026-09-05T00:21:39.701859Z
017aa06f-1c92-433c-aa93-c23b97863c21,run1_rep3,G,CLOSED,CLOSED,request,PROVIDER,N/A,,2202.706667001621,INFO,adaptador.request,true,exitoso,,,10396.55653816,10394.353831493,,,2026-09-05T00:21:39.760209Z
50473425-cb25-452f-98e4-748e8e197c31,run1_rep3,G,CLOSED,CLOSED,request,PROVIDER,N/A,,2299.436750998211,INFO,adaptador.request,true,exitoso,,,10396.654600285,10394.355163534,,,2026-09-05T00:21:39.858244Z
93217304-1fba-4e0d-bf89-3e2c80fd9308,run1_rep3,G,CLOSED,CLOSED,request,PROVIDER,N/A,,2364.7686269996484,INFO,adaptador.request,true,exitoso,,,10396.749670411,10394.384901784,,,2026-09-05T00:21:39.953348Z
eca7a1ba-3de3-4e03-8699-d958a17c2a13,run1_rep3,G,CLOSED,CLOSED,request,PROVIDER,N/A,,2383.0805840007088,INFO,adaptador.request,true,exitoso,,,10396.827326077,10394.444245493,,,2026-09-05T00:21:40.030985Z
d6cec87c-d696-4dc9-9cf9-598d92eb5392,run1_rep3,G,CLOSED,CLOSED,request,PROVIDER,N/A,,2262.419917000443,INFO,adaptador.request,true,exitoso,,,10396.928210577,10394.66579066,,,2026-09-05T00:21:40.131910Z
a619d891-c452-426e-867c-b601aff3c9f1,run1_rep3,G,CLOSED,CLOSED,request,PROVIDER,N/A,,2227.021792001324,INFO,adaptador.request,true,exitoso,,,10397.024959202,10394.79793741,,,2026-09-05T00:21:40.228659Z
7bfbca3b-5d1b-4b05-b32b-361a1a918757,run1_rep3,G,CLOSED,CLOSED,request,PROVIDER,N/A,,2328.7852089997614,INFO,adaptador.request,true,exitoso,,,10397.127188744,10394.798403535,,,2026-09-05T00:21:40.330839Z
bf4c8fed-9a04-4cc5-b5de-1be56c99c7b5,run1_rep3,G,CLOSED,CLOSED,request,PROVIDER,N/A,,2293.1131680015824,INFO,adaptador.request,true,exitoso,,,10397.188370244,10394.895257076,,,2026-09-05T00:21:40.392024Z
43219a4e-10b7-40c8-bdf1-d107c8b58255,run1_rep3,G,CLOSED,CLOSED,request,PROVIDER,N/A,,2297.306501001003,INFO,adaptador.request,true,exitoso,,,10397.249780369,10394.952473868,,,2026-09-05T00:21:40.453456Z
c03208e6-f423-46ab-967d-255805752184,run1_rep3,G,CLOSED,CLOSED,request,PROVIDER,N/A,,2355.9548760003963,INFO,adaptador.request,true,exitoso,,,10397.308787202,10394.952832326,,,2026-09-05T00:21:40.512429Z
3e5ea144-3376-4dd5-994b-162ce249dda6,run1_rep3,G,CLOSED,CLOSED,request,PROVIDER,N/A,,2381.063708999136,INFO,adaptador.request,true,exitoso,,,10397.400498952,10395.019435243,,,2026-09-05T00:21:40.604187Z
7b5239b1-44fc-460d-be6f-9716274e9fcf,run1_rep3,G,CLOSED,CLOSED,request,PROVIDER,N/A,,2461.8360019994725,INFO,adaptador.request,true,exitoso,,,10397.483620203,10395.021784201,,,2026-09-05T00:21:40.687359Z
80c1ac20-40f3-49d2-9571-e60fda857311,run1_rep3,G,CLOSED,CLOSED,request,PROVIDER,N/A,,2567.612750999615,INFO,adaptador.request,true,exitoso,,,10397.589829161,10395.02221641,,,2026-09-05T00:21:40.793491Z
33da0d14-6b5a-4a43-9521-a869e79094dd,run1_rep3,G,CLOSED,CLOSED,request,PROVIDER,N/A,,2655.6366679997154,INFO,adaptador.request,true,exitoso,,,10397.678796203,10395.023159535,,,2026-09-05T00:21:40.882470Z
4c8c8733-1b25-4fde-8519-74dd4abd76fe,run1_rep3,G,CLOSED,CLOSED,request,PROVIDER,N/A,,2714.9932520005677,INFO,adaptador.request,true,exitoso,,,10397.738378328,10395.023385076,,,2026-09-05T00:21:40.942097Z
a6ead10c-b5d4-4fa1-9dfd-f0aefba4152d,run1_rep3,G,CLOSED,CLOSED,request,PROVIDER,N/A,,2782.481710000866,INFO,adaptador.request,true,exitoso,,,10397.807657953,10395.025176243,,,2026-09-05T00:21:41.011299Z
7bda7fff-91e2-48b8-b2b2-8da514ebaea4,run1_rep3,G,CLOSED,CLOSED,request,PROVIDER,N/A,,2850.432252000246,INFO,adaptador.request,true,exitoso,,,10397.875893453,10395.025461201,,,2026-09-05T00:21:41.079576Z
8abcd6e5-f626-4d82-a594-d8aca4b2ed22,run1_rep3,G,CLOSED,CLOSED,request,PROVIDER,N/A,,2944.70721000107,INFO,adaptador.request,true,exitoso,,,10397.971417786,10395.026710576,,,2026-09-05T00:21:41.175071Z
b2d221bc-3dff-4b5e-970c-e84acf347bf9,run1_rep3,G,CLOSED,CLOSED,request,PROVIDER,N/A,,3030.9934180004348,INFO,adaptador.request,true,exitoso,,,10398.058074578,10395.02708116,,,2026-09-05T00:21:41.261741Z
7cce76aa-1a62-4388-bde5-922f101c232e,run1_rep3,G,CLOSED,CLOSED,request,PROVIDER,N/A,,3092.415834998974,INFO,adaptador.request,true,exitoso,,,10398.119825703,10395.027409868,,,2026-09-05T00:21:41.323522Z
cb3693ee-7d6d-4da3-b671-873b948c7ebf,run1_rep3,G,CLOSED,CLOSED,request,PROVIDER,N/A,,3071.491418999358,INFO,adaptador.request,true,exitoso,,,10398.192823745,10395.121332326,,,2026-09-05T00:21:41.396503Z
b4d574a2-8967-4969-9610-731587eb0dc4,run1_rep3,G,CLOSED,CLOSED,request,PROVIDER,N/A,,2962.2192930000892,INFO,adaptador.request,true,exitoso,,,10398.270049453,10395.30783016,,,2026-09-05T00:21:41.473739Z
b75b5353-9cc2-4d9b-814a-ae23e85a6b0a,run1_rep3,G,CLOSED,CLOSED,request,PROVIDER,N/A,,2976.4493769998808,INFO,adaptador.request,true,exitoso,,,10398.329200245,10395.352750868,,,2026-09-05T00:21:41.532884Z
8383425c-f31a-4451-8b41-88fbd5509c26,run1_rep3,G,CLOSED,CLOSED,request,PROVIDER,N/A,,2991.7099600006622,INFO,adaptador.request,true,exitoso,,,10398.39010887,10395.39839891,,,2026-09-05T00:21:41.593791Z
039ecad1-d768-4dc3-ae67-216dc7ff75ab,run1_rep3,G,CLOSED,CLOSED,request,PROVIDER,N/A,,3025.681043000077,INFO,adaptador.request,true,exitoso,,,10398.454314953,10395.42863391,,,2026-09-05T00:21:41.658004Z
f64d6391-44fc-4917-9688-276cbcc83966,run1_rep3,G,CLOSED,CLOSED,request,PROVIDER,N/A,,2972.2541680002905,INFO,adaptador.request,true,exitoso,,,10398.532534995,10395.560280827,,,2026-09-05T00:21:41.736199Z
2f1c1d38-0aed-42a0-be43-944d9d6a6559,run1_rep3,G,CLOSED,CLOSED,request,PROVIDER,N/A,,2962.6403769998433,INFO,adaptador.request,true,exitoso,,,10398.61867087,10395.656030493,,,2026-09-05T00:21:41.822365Z
ed546597-1add-4122-87a3-33e585e2a78d,run1_rep3,G,CLOSED,CLOSED,request,PROVIDER,N/A,,3012.1724589989753,INFO,adaptador.request,true,exitoso,,,10398.676726786,10395.664554327,,,2026-09-05T00:21:41.880407Z
8cdc0763-dd60-4755-b5db-c5479460b726,run1_rep3,G,CLOSED,CLOSED,request,PROVIDER,N/A,,2867.249251999965,INFO,adaptador.request,true,exitoso,,,10398.761757995,10395.894508743,,,2026-09-05T00:21:41.965450Z
ea2c0680-c3a8-4def-9c0f-b2195790082b,run1_rep3,G,CLOSED,CLOSED,request,PROVIDER,N/A,,2889.6838769996975,INFO,adaptador.request,true,exitoso,,,10398.838920787,10395.94923691,,,2026-09-05T00:21:42.042617Z
6c3db0a4-c4c4-48a8-bb61-fea6725b1e94,run1_rep3,G,CLOSED,CLOSED,request,PROVIDER,N/A,,2897.092668001278,INFO,adaptador.request,true,exitoso,,,10398.915495245,10396.018402577,,,2026-09-05T00:21:42.119170Z
944e3dea-1553-49de-8086-fed24862690b,run1_rep3,G,CLOSED,CLOSED,request,PROVIDER,N/A,,2998.3965430001263,INFO,adaptador.request,true,exitoso,,,10399.019120495,10396.020723952,,,2026-09-05T00:21:42.222795Z
2f7c3b75-2f9d-4851-8880-3d4069b7617c,run1_rep3,G,CLOSED,CLOSED,request,PROVIDER,N/A,,3095.337209999343,INFO,adaptador.request,true,exitoso,,,10399.117412078,10396.022074868,,,2026-09-05T00:21:42.321084Z
1222170c-9f82-4955-bd0d-a723546f55f4,run1_rep3,G,CLOSED,CLOSED,request,PROVIDER,N/A,,3185.2235429996654,INFO,adaptador.request,true,exitoso,,,10399.207856828,10396.022633285,,,2026-09-05T00:21:42.411494Z
ad427100-f0c0-4651-866d-b45f3eca80b5,run1_rep3,G,CLOSED,CLOSED,request,PROVIDER,N/A,,3267.783835000955,INFO,adaptador.request,true,exitoso,,,10399.291091453,10396.023307618,,,2026-09-05T00:21:42.494772Z
8b4f94f4-12c3-4e53-9aa8-4adbf0032b85,run1_rep3,G,CLOSED,CLOSED,request,PROVIDER,N/A,,3358.460418001414,INFO,adaptador.request,true,exitoso,,,10399.38417787,10396.025717452,,,2026-09-05T00:21:42.587843Z
09743236-28f2-44ad-a13d-554fe2871bf6,run1_rep3,G,CLOSED,CLOSED,request,PROVIDER,N/A,,3431.194418000814,INFO,adaptador.request,true,exitoso,,,10399.457678537,10396.026484119,,,2026-09-05T00:21:42.661321Z
3fa918b1-d65a-42c8-8ab2-6f3dee3e43a7,run1_rep3,G,CLOSED,CLOSED,request,PROVIDER,N/A,,3496.734459999061,INFO,adaptador.request,true,exitoso,,,10399.523921704,10396.027187244,,,2026-09-05T00:21:42.727596Z
fff5be8f-b6e5-4abd-8e95-64885871ea16,run1_rep3,G,CLOSED,CLOSED,request,PROVIDER,N/A,,3585.4606270004297,INFO,adaptador.request,true,exitoso,,,10399.612991954,10396.027531327,,,2026-09-05T00:21:42.816811Z
cbbbe873-ef77-4d64-9cf3-750101b0b6ed,run1_rep3,G,CLOSED,CLOSED,request,PROVIDER,N/A,,3691.7004599999927,INFO,adaptador.request,true,exitoso,,,10399.719532829,10396.027832369,,,2026-09-05T00:21:42.923194Z
856b7040-3bd2-4e5f-95c5-29f17f147cc2,run1_rep3,G,CLOSED,CLOSED,request,PROVIDER,N/A,,3758.0125849999604,INFO,adaptador.request,true,exitoso,,,10399.81536137,10396.057348785,,,2026-09-05T00:21:43.019037Z
d1839acd-8e87-42e4-a7d8-f287b67b52f6,run1_rep3,G,CLOSED,CLOSED,request,PROVIDER,N/A,,3839.789125999232,INFO,adaptador.request,true,exitoso,,,10399.923068995,10396.083279869,,,2026-09-05T00:21:43.126777Z
95ba07b8-aca7-498b-8576-2ba18026339f,run1_rep3,G,CLOSED,CLOSED,request,PROVIDER,N/A,,3767.4960429994826,INFO,adaptador.request,true,exitoso,,,10399.992943037,10396.225446994,,,2026-09-05T00:21:43.196667Z
72adb7da-6abd-4cdd-bcf3-6eebbd0e928f,run1_rep3,G,CLOSED,CLOSED,request,PROVIDER,N/A,,3679.8651270000846,INFO,adaptador.request,true,exitoso,,,10400.095016204,10396.415151077,,,2026-09-05T00:21:43.298650Z
2aae5367-4c9e-4170-86ba-103825e91648,run1_rep3,G,CLOSED,CLOSED,request,PROVIDER,N/A,,3765.869794000537,INFO,adaptador.request,true,exitoso,,,10400.197244829,10396.431375035,,,2026-09-05T00:21:43.400900Z
5afa4778-2fb3-45fb-9188-4328431a1f32,run1_rep3,G,CLOSED,CLOSED,request,PROVIDER,N/A,,3806.9666270002926,INFO,adaptador.request,true,exitoso,,,10400.300444746,10396.493478119,,,2026-09-05T00:21:43.504116Z
506bc281-028b-4177-af4c-7b20ee294830,run1_rep3,G,CLOSED,CLOSED,request,PROVIDER,N/A,,3876.9264180009486,INFO,adaptador.request,true,exitoso,,,10400.388562537,10396.511636119,,,2026-09-05T00:21:43.592225Z
1b64db67-91d2-4792-b8f8-924ffb96063d,run1_rep3,G,CLOSED,CLOSED,request,PROVIDER,N/A,,3861.0046270005114,INFO,adaptador.request,true,exitoso,,,10400.485722079,10396.624717452,,,2026-09-05T00:21:43.689384Z
d6733cc8-2c51-4db1-a37f-baa2107bbf19,run1_rep3,G,CLOSED,CLOSED,request,PROVIDER,N/A,,3875.9607520005375,INFO,adaptador.request,true,exitoso,,,10400.548523579,10396.672562827,,,2026-09-05T00:21:43.752190Z
b8b722e4-4f7e-45b6-b550-ef5ffdda1474,run1_rep3,G,CLOSED,CLOSED,request,PROVIDER,N/A,,3735.7197940000333,INFO,adaptador.request,true,exitoso,,,10400.640945371,10396.905225577,,,2026-09-05T00:21:43.844610Z
5ff03fcb-526c-49f4-b091-bc53ff9846ca,run1_rep3,G,CLOSED,CLOSED,request,PROVIDER,N/A,,3841.892544000075,INFO,adaptador.request,true,exitoso,,,10400.747508371,10396.905615827,,,2026-09-05T00:21:43.951203Z
33d095e4-7572-486d-9089-dcb5fa17a52c,run1_rep3,G,CLOSED,CLOSED,request,PROVIDER,N/A,,3884.703667999929,INFO,adaptador.request,true,exitoso,,,10400.831235079,10396.946531411,,,2026-09-05T00:21:44.034911Z
5b717ba7-d473-4dfe-bcf6-baf736279ff5,run1_rep3,G,CLOSED,CLOSED,request,PROVIDER,N/A,,3847.5039599998127,INFO,adaptador.request,true,exitoso,,,10400.897708329,10397.050204369,,,2026-09-05T00:21:44.101371Z
5c5a7193-ca79-4c45-9974-599709b43a2a,run1_rep3,G,CLOSED,CLOSED,request,PROVIDER,N/A,,3761.5948769998795,INFO,adaptador.request,true,exitoso,,,10400.955229038,10397.193634161,,,2026-09-05T00:21:44.158897Z
a6132d86-7d14-4231-9b9e-a04f937adb28,run1_rep3,G,CLOSED,CLOSED,request,PROVIDER,N/A,,3808.0968360009138,INFO,adaptador.request,true,exitoso,,,10401.017724413,10397.209627577,,,2026-09-05T00:21:44.221384Z
dc095031-f16a-4be3-882f-4fc1b3a2b4d5,run1_rep3,G,CLOSED,CLOSED,request,PROVIDER,N/A,,3881.0535850007,INFO,adaptador.request,true,exitoso,,,10401.096053204,10397.214999619,,,2026-09-05T00:21:44.299702Z
942a5a2f-3106-41a8-80ad-02d4b09cf50c,run1_rep3,G,CLOSED,CLOSED,request,PROVIDER,N/A,,3774.9227519998385,INFO,adaptador.request,true,exitoso,,,10401.186390954,10397.411468202,,,2026-09-05T00:21:44.390064Z
236fcfd7-1a0d-4072-882f-7a589e58ded7,run1_rep3,G,CLOSED,CLOSED,request,PROVIDER,N/A,,3745.304584999758,INFO,adaptador.request,true,exitoso,,,10401.263584954,10397.518280369,,,2026-09-05T00:21:44.467275Z
201aab64-e97f-404c-958b-d83c5c95f781,run1_rep3,G,CLOSED,CLOSED,request,PROVIDER,N/A,,3727.540960000624,INFO,adaptador.request,true,exitoso,,,10401.322953621,10397.595412661,,,2026-09-05T00:21:44.526680Z
0c7f39bf-c4f0-41e1-a814-9be80533411b,run1_rep3,G,CLOSED,CLOSED,request,PROVIDER,N/A,,3711.1207520010794,INFO,adaptador.request,true,exitoso,,,10401.429560913,10397.718440161,,,2026-09-05T00:21:44.633238Z
5e89e950-a0a0-4121-9cb0-08c61276efc5,run1_rep3,G,CLOSED,CLOSED,request,PROVIDER,N/A,,3722.299960001692,INFO,adaptador.request,true,exitoso,,,10401.529412121,10397.807112161,,,2026-09-05T00:21:44.733110Z
31932203-625b-4ecd-a925-10f4a7e8f460,run1_rep3,G,CLOSED,CLOSED,request,PROVIDER,N/A,,3726.126960000329,INFO,adaptador.request,true,exitoso,,,10401.611602621,10397.885475661,,,2026-09-05T00:21:44.815272Z
8f178919-c4af-4564-95b1-36bf4fa23a40,run1_rep3,G,CLOSED,CLOSED,request,PROVIDER,N/A,,3789.8202940014016,INFO,adaptador.request,true,exitoso,,,10401.714995955,10397.925175661,,,2026-09-05T00:21:44.918701Z
fb75e800-76b5-4da3-8464-d5e8cfa8428d,run1_rep3,G,CLOSED,CLOSED,request,PROVIDER,N/A,,3697.5521269996534,INFO,adaptador.request,true,exitoso,,,10401.819303705,10398.121751578,,,2026-09-05T00:21:45.022955Z
143157fc-aaae-49ca-8778-11245d85f416,run1_rep3,G,CLOSED,CLOSED,request,PROVIDER,N/A,,3769.3532100001903,INFO,adaptador.request,true,exitoso,,,10401.891861455,10398.122508245,,,2026-09-05T00:21:45.095536Z
3a0b9922-cc8f-4b93-86ca-b7d1d6758316,run1_rep3,G,CLOSED,CLOSED,request,PROVIDER,N/A,,3794.4180850008706,INFO,adaptador.request,true,exitoso,,,10401.981267663,10398.186849578,,,2026-09-05T00:21:45.184925Z
f4c417d1-6007-4533-8df5-9dcf589ad59e,run1_rep3,G,CLOSED,CLOSED,request,PROVIDER,N/A,,3883.5453350002354,INFO,adaptador.request,true,exitoso,,,10402.083504663,10398.199959328,,,2026-09-05T00:21:45.287099Z
4eb6e40c-6bba-4d82-9c23-c7bdb66a328c,run1_rep3,G,CLOSED,CLOSED,request,PROVIDER,N/A,,3873.6068769994745,INFO,adaptador.request,true,exitoso,,,10402.143499955,10398.269893078,,,2026-09-05T00:21:45.347100Z
f6223ab9-dcf7-4756-8bd2-4d3c5e926475,run1_rep3,G,CLOSED,CLOSED,request,PROVIDER,N/A,,3863.514627000768,INFO,adaptador.request,true,exitoso,,,10402.206451788,10398.342937161,,,2026-09-05T00:21:45.410071Z
ec3ed628-2481-41fc-9af9-a1a67b775201,run1_rep3,G,CLOSED,CLOSED,request,PROVIDER,N/A,,3804.5479180000257,INFO,adaptador.request,true,exitoso,,,10402.290410121,10398.485862203,,,2026-09-05T00:21:45.494062Z
b57aecd0-f7e0-4261-89e7-b778566fd3c6,run1_rep3,G,CLOSED,CLOSED,request,PROVIDER,N/A,,3774.415126999884,INFO,adaptador.request,true,exitoso,,,10402.353249497,10398.57883437,,,2026-09-05T00:21:45.557027Z
8b61fd48-39d9-4576-81ab-046de31c07f9,run1_rep3,G,CLOSED,CLOSED,request,PROVIDER,N/A,,3818.7370849991567,INFO,adaptador.request,true,exitoso,,,10402.43817733,10398.619440245,,,2026-09-05T00:21:45.641843Z
c054a0d7-3a53-46e3-93db-29f3e7b2f6e2,run1_rep3,G,CLOSED,CLOSED,request,PROVIDER,N/A,,3856.0273769999185,INFO,adaptador.request,true,exitoso,,,10402.517457413,10398.661430036,,,2026-09-05T00:21:45.721126Z
5901c828-9770-4d6b-a30b-f61b4f946c87,run1_rep3,G,CLOSED,CLOSED,request,PROVIDER,N/A,,3919.7144610006944,INFO,adaptador.request,true,exitoso,,,10402.584699872,10398.664985411,,,2026-09-05T00:21:45.788362Z
cf8626e2-91c1-4b52-995d-e0a93821c0ac,run1_rep3,G,CLOSED,CLOSED,request,PROVIDER,N/A,,3928.213544000755,INFO,adaptador.request,true,exitoso,,,10402.67367283,10398.745459286,,,2026-09-05T00:21:45.877358Z
732c2f55-b865-4501-aa56-c6218543f0d7,run1_rep3,G,CLOSED,CLOSED,request,PROVIDER,N/A,,3790.8232519985177,INFO,adaptador.request,true,exitoso,,,10402.765435872,10398.97461262,,,2026-09-05T00:21:45.969104Z
0f91819b-deb8-4d82-89f0-a53adb6c7006,run1_rep3,G,CLOSED,CLOSED,request,PROVIDER,N/A,,3860.0688349997654,INFO,adaptador.request,true,exitoso,,,10402.841749913,10398.981681078,,,2026-09-05T00:21:46.045412Z
64c31c44-1e92-43d4-8349-4b26c9991750,run1_rep3,G,CLOSED,CLOSED,request,PROVIDER,N/A,,3922.719625999889,INFO,adaptador.request,true,exitoso,,,10402.912707663,10398.989988037,,,2026-09-05T00:21:46.116401Z
11763cc2-76d0-4b74-b2b1-aee7a1f84d2e,run1_rep3,G,CLOSED,CLOSED,request,PROVIDER,N/A,,3951.512334999279,INFO,adaptador.request,true,exitoso,,,10402.974643247,10399.023130912,,,2026-09-05T00:21:46.178306Z
73764822-3eed-4717-b246-921a4265070e,run1_rep3,G,CLOSED,CLOSED,request,PROVIDER,N/A,,3878.583461000744,INFO,adaptador.request,true,exitoso,,,10403.066088039,10399.187504578,,,2026-09-05T00:21:46.269741Z
7d5fda1b-2613-424c-a4f6-c28f714d01f3,run1_rep3,G,CLOSED,CLOSED,request,PROVIDER,N/A,,3935.7735440007673,INFO,adaptador.request,true,exitoso,,,10403.162059914,10399.22628637,,,2026-09-05T00:21:46.365714Z
e9a26d33-cef5-4cb3-8d91-c5c16ef1b264,run1_rep3,G,CLOSED,CLOSED,request,PROVIDER,N/A,,3976.4602100003685,INFO,adaptador.request,true,exitoso,,,10403.231970372,10399.255510162,,,2026-09-05T00:21:46.435633Z
c8ba304e-7e40-4419-95f8-56861f4e2f5a,run1_rep3,G,CLOSED,CLOSED,request,PROVIDER,N/A,,3848.1910020000214,INFO,adaptador.request,true,exitoso,,,10403.31709383,10399.468902828,,,2026-09-05T00:21:46.520761Z
2d80bc36-2b5d-4e0b-8852-36c6d0e85d8e,run1_rep3,G,CLOSED,CLOSED,request,PROVIDER,N/A,,3922.4116269997467,INFO,adaptador.request,true,exitoso,,,10403.425466497,10399.50305487,,,2026-09-05T00:21:46.629131Z
30c160b6-f816-4dac-9711-73226ae1ed3c,run1_rep3,G,CLOSED,CLOSED,request,PROVIDER,N/A,,3840.730377,INFO,adaptador.request,true,exitoso,,,10403.507191997,10399.66646162,,,2026-09-05T00:21:46.710848Z
dbf02108-1564-483e-b7fc-67e34251976b,run1_rep3,G,CLOSED,CLOSED,request,PROVIDER,N/A,,3881.6177520002384,INFO,adaptador.request,true,exitoso,,,10403.579686122,10399.69806837,,,2026-09-05T00:21:46.783353Z
2ec34d75-99ac-42b3-be16-4d246f2110a8,run1_rep3,G,CLOSED,CLOSED,request,PROVIDER,N/A,,3784.809294000297,INFO,adaptador.request,true,exitoso,,,10403.652472289,10399.867662995,,,2026-09-05T00:21:46.856161Z
db935839-1188-45aa-9392-cb524ab50cc3,run1_rep3,G,CLOSED,CLOSED,request,PROVIDER,N/A,,3860.7080849997146,INFO,adaptador.request,true,exitoso,,,10403.741453622,10399.880745537,,,2026-09-05T00:21:46.945124Z
5818d81a-f03b-4130-8b04-05e8b4921a6b,run1_rep3,G,CLOSED,CLOSED,request,PROVIDER,N/A,,3813.785292999455,INFO,adaptador.request,true,exitoso,,,10403.821474747,10400.007689454,,,2026-09-05T00:21:47.025150Z
4eda9632-dcb1-44ed-9aa3-167fd08c372e,run1_rep3,G,CLOSED,CLOSED,request,PROVIDER,N/A,,3844.2603349994897,INFO,adaptador.request,true,exitoso,,,10403.878764747,10400.034504412,,,2026-09-05T00:21:47.082463Z
ec687f0b-f9da-4c81-a380-960345ad57c8,run1_rep3,G,CLOSED,CLOSED,request,PROVIDER,N/A,,3880.4522099999303,INFO,adaptador.request,true,exitoso,,,10403.986397997,10400.105945787,,,2026-09-05T00:21:47.190075Z
c3f7bca3-dc19-4e6b-8dec-d341e007f316,run1_rep3,G,CLOSED,CLOSED,request,PROVIDER,N/A,,3963.196461001644,INFO,adaptador.request,true,exitoso,,,10404.086677081,10400.12348062,,,2026-09-05T00:21:47.290367Z
4c6746f0-91cf-4648-a5f5-cb2fc9a19a08,run1_rep3,G,CLOSED,CLOSED,request,PROVIDER,N/A,,3914.4582099997933,INFO,adaptador.request,true,exitoso,,,10404.143309289,10400.228851079,,,2026-09-05T00:21:47.346973Z
e65cebe2-24f7-41ea-8075-156bba4f54a6,run1_rep3,G,CLOSED,CLOSED,request,PROVIDER,N/A,,3854.0772100004688,INFO,adaptador.request,true,exitoso,,,10404.216879206,10400.362801996,,,2026-09-05T00:21:47.420612Z
3eeb8d1b-1efa-45fc-a623-444173d60a87,run1_rep3,G,CLOSED,CLOSED,request,PROVIDER,N/A,,3847.689584999898,INFO,adaptador.request,true,exitoso,,,10404.311198331,10400.463508746,,,2026-09-05T00:21:47.514891Z
8ee94c60-7c61-44ac-8ee5-4ffb6b52b833,run1_rep3,G,CLOSED,CLOSED,request,PROVIDER,N/A,,3895.028126999023,INFO,adaptador.request,true,exitoso,,,10404.374790831,10400.479762704,,,2026-09-05T00:21:47.578462Z
d15521d1-bf5d-4b9a-8996-3864e31ffb94,run1_rep3,G,CLOSED,CLOSED,request,PROVIDER,N/A,,3798.0120020001777,INFO,adaptador.request,true,exitoso,,,10404.479836664,10400.681824662,,,2026-09-05T00:21:47.683515Z
bb42a954-e6da-4cf2-a986-85f43d7a276b,run1_rep3,G,CLOSED,CLOSED,request,PROVIDER,N/A,,3752.9918770014774,INFO,adaptador.request,true,exitoso,,,10404.556520956,10400.803529079,,,2026-09-05T00:21:47.760199Z
f77a4f32-a84e-4c36-9130-141f9d9da124,run1_rep3,G,CLOSED,CLOSED,request,PROVIDER,N/A,,3797.761793000973,INFO,adaptador.request,true,exitoso,,,10404.631776164,10400.834014371,,,2026-09-05T00:21:47.835437Z
3c8b4d0b-42fe-4198-a92b-dfe3f65433cf,run1_rep3,G,CLOSED,CLOSED,request,PROVIDER,N/A,,3722.762334999061,INFO,adaptador.request,true,exitoso,,,10404.718945539,10400.996183204,,,2026-09-05T00:21:47.922647Z
fa9e1256-49dc-4e8a-8a1c-9e5d7cd1dbc2,run1_rep3,G,CLOSED,CLOSED,request,PROVIDER,N/A,,3807.5361259998317,INFO,adaptador.request,true,exitoso,,,10404.822940664,10401.015404538,,,2026-09-05T00:21:48.026782Z
fd3c6b61-f829-469a-84a6-0eeb1c852c3f,run1_rep3,G,CLOSED,CLOSED,request,PROVIDER,N/A,,3752.100543000779,INFO,adaptador.request,true,exitoso,,,10404.881179914,10401.129079371,,,2026-09-05T00:21:48.084871Z
205125fb-a5cc-4489-8717-4a6a1b1bfd4d,run1_rep3,G,CLOSED,CLOSED,request,PROVIDER,N/A,,3757.7955849992577,INFO,adaptador.request,true,exitoso,,,10404.972304456,10401.214508871,,,2026-09-05T00:21:48.175991Z
5ad16582-2b64-4952-b5a1-599739f3a5a6,run1_rep3,G,CLOSED,CLOSED,request,PROVIDER,N/A,,3807.509835000019,INFO,adaptador.request,true,exitoso,,,10405.028631373,10401.221121538,,,2026-09-05T00:21:48.232306Z
a5fdfb42-3ced-44bc-a274-be4bc5a400bc,run1_rep3,G,CLOSED,CLOSED,request,PROVIDER,N/A,,3867.985126998974,INFO,adaptador.request,true,exitoso,,,10405.121492956,10401.253507829,,,2026-09-05T00:21:48.325180Z
d4fb5701-b920-445f-b54d-03cfd0652032,run1_rep3,G,CLOSED,CLOSED,request,PROVIDER,N/A,,3962.0420439987356,INFO,adaptador.request,true,exitoso,,,10405.21591754,10401.253875496,,,2026-09-05T00:21:48.419591Z
113950a2-d601-4fc2-9586-0c03255a69d1,run1_rep3,G,CLOSED,CLOSED,request,PROVIDER,N/A,,3772.889085001225,INFO,adaptador.request,true,exitoso,,,10405.277916998,10401.505027913,,,2026-09-05T00:21:48.481644Z
9a9f62e8-f9ed-406d-9a27-ab4793f666f5,run1_rep3,G,CLOSED,CLOSED,request,PROVIDER,N/A,,3785.901127001125,INFO,adaptador.request,true,exitoso,,,10405.363135706,10401.577234579,,,2026-09-05T00:21:48.566786Z
976a4941-f130-4a4b-a01a-67fe963aeaa7,run1_rep3,G,CLOSED,CLOSED,request,PROVIDER,N/A,,3855.160627001169,INFO,adaptador.request,true,exitoso,,,10405.466468581,10401.611307954,,,2026-09-05T00:21:48.670126Z
86a66778-a903-4c33-a019-e99d6bd7d767,run1_rep3,G,CLOSED,CLOSED,request,PROVIDER,N/A,,3795.946334999826,INFO,adaptador.request,true,exitoso,,,10405.536990956,10401.741044621,,,2026-09-05T00:21:48.740718Z
421b68a9-6439-474f-8655-49e24e3364e5,run1_rep3,G,CLOSED,CLOSED,request,PROVIDER,N/A,,3720.1760850002756,INFO,adaptador.request,true,exitoso,,,10405.593156665,10401.87298058,,,2026-09-05T00:21:48.796857Z
cbd54aa9-31ba-413c-8cb4-d21159c642cc,run1_rep3,G,CLOSED,CLOSED,request,PROVIDER,N/A,,3713.6596260006627,INFO,adaptador.request,true,exitoso,,,10405.682101831,10401.968442205,,,2026-09-05T00:21:48.885797Z
f7ecfa6d-e833-4401-b74d-41cad194ffcc,run1_rep3,G,CLOSED,CLOSED,request,PROVIDER,N/A,,3722.965959999783,INFO,adaptador.request,true,exitoso,,,10405.756159331,10402.033193371,,,2026-09-05T00:21:48.959842Z
2f554b22-cfc8-4aba-ba22-aa848096883d,run1_rep3,G,CLOSED,CLOSED,request,PROVIDER,N/A,,3696.4495020001777,INFO,adaptador.request,true,exitoso,,,10405.84141354,10402.144964038,,,2026-09-05T00:21:49.045065Z
2a561444-77bf-4b0e-a5ab-983322678085,run1_rep3,G,CLOSED,CLOSED,request,PROVIDER,N/A,,3694.1274180007895,INFO,adaptador.request,true,exitoso,,,10405.933233373,10402.239105955,,,2026-09-05T00:21:49.136921Z
5ab7eb7b-e487-43da-9aaa-7b85b3e1c385,run1_rep3,G,CLOSED,CLOSED,request,PROVIDER,N/A,,3642.4726259992894,INFO,adaptador.request,true,exitoso,,,10405.997185998,10402.354713372,,,2026-09-05T00:21:49.200852Z
879f5633-2344-4dbc-88a3-308bc639bd15,run1_rep3,G,CLOSED,CLOSED,request,PROVIDER,N/A,,3569.601376999344,INFO,adaptador.request,true,exitoso,,,10406.09470579,10402.525104413,,,2026-09-05T00:21:49.298365Z
e1b15cfe-2467-48c6-a07e-542c76a7a97b,run1_rep3,G,CLOSED,CLOSED,request,PROVIDER,N/A,,3605.2523350008414,INFO,adaptador.request,true,exitoso,,,10406.166327123,10402.561074788,,,2026-09-05T00:21:49.369999Z
e425a38c-d7aa-41e9-8b7c-03dc0019c38e,run1_rep3,G,CLOSED,CLOSED,request,PROVIDER,N/A,,3630.2166679997754,INFO,adaptador.request,true,exitoso,,,10406.239480373,10402.609263705,,,2026-09-05T00:21:49.443149Z
68b5273d-7aac-4d14-a576-3bf3099e3ec9,run1_rep3,G,CLOSED,CLOSED,request,PROVIDER,N/A,,3684.8972519983363,INFO,adaptador.request,true,exitoso,,,10406.315213707,10402.630316455,,,2026-09-05T00:21:49.518888Z
d3feda9e-8dc8-49d0-9acd-d8cd2baf558b,run1_rep3,G,CLOSED,CLOSED,request,PROVIDER,N/A,,3721.9670849990507,INFO,adaptador.request,true,exitoso,,,10406.424399623,10402.702432538,,,2026-09-05T00:21:49.628070Z
fde53802-0638-45d5-b5fc-5335c3d0c2ac,run1_rep3,G,CLOSED,CLOSED,request,PROVIDER,N/A,,3740.2443350001704,INFO,adaptador.request,true,exitoso,,,10406.496725582,10402.756481247,,,2026-09-05T00:21:49.700398Z
6ce999ef-7e8d-41b2-9827-5287acf40d6b,run1_rep3,G,CLOSED,CLOSED,request,PROVIDER,N/A,,3815.3087939990655,INFO,adaptador.request,true,exitoso,,,10406.604214624,10402.78890583,,,2026-09-05T00:21:49.807890Z
21bee550-fb07-4f37-a5bd-067f0ddc6e53,run1_rep3,G,CLOSED,CLOSED,request,PROVIDER,N/A,,3892.3459609995916,INFO,adaptador.request,true,exitoso,,,10406.708205374,10402.815859413,,,2026-09-05T00:21:49.911876Z
3ee70be1-74f1-4f22-bce9-3dddfd226750,run1_rep3,G,CLOSED,CLOSED,request,PROVIDER,N/A,,3966.4516680004454,INFO,adaptador.request,true,exitoso,,,10406.80589404,10402.839442372,,,2026-09-05T00:21:50.009592Z
f1a72f04-5926-401d-bca0-c42cdc01ab2f,run1_rep3,G,CLOSED,CLOSED,request,PROVIDER,N/A,,3753.503752001052,INFO,adaptador.request,true,exitoso,,,10406.879887999,10403.126384247,,,2026-09-05T00:21:50.083605Z
ed3bafc2-66cf-429d-b42a-330748170bc2,run1_rep3,G,CLOSED,CLOSED,request,PROVIDER,N/A,,3794.890167999256,INFO,adaptador.request,true,exitoso,,,10406.95012304,10403.155232872,,,2026-09-05T00:21:50.153819Z
8a4184c3-5f0e-45ff-ae05-c2e9aec2fa35,run1_rep3,G,CLOSED,CLOSED,request,PROVIDER,N/A,,3797.4088350001693,INFO,adaptador.request,true,exitoso,,,10407.016881374,10403.219472539,,,2026-09-05T00:21:50.220544Z
9a46f78a-f285-47d1-a1e9-ecb8b3d253d8,run1_rep3,G,CLOSED,CLOSED,request,PROVIDER,N/A,,3688.1617519993597,INFO,adaptador.request,true,exitoso,,,10407.082735707,10403.394573955,,,2026-09-05T00:21:50.286433Z
51809bdd-ba00-4da0-92a8-000f699271d7,run1_rep3,G,CLOSED,CLOSED,request,PROVIDER,N/A,,3716.2080009984493,INFO,adaptador.request,true,exitoso,,,10407.183192665,10403.466984664,,,2026-09-05T00:21:50.386868Z
2a339a00-8ded-4c61-8ecc-379ae800dfbd,run1_rep3,G,CLOSED,CLOSED,request,PROVIDER,N/A,,3775.5712520011,INFO,adaptador.request,true,exitoso,,,10407.267686457,10403.492115205,,,2026-09-05T00:21:50.471349Z
f2501b06-9b2f-41dd-92ac-f42a48b8a025,run1_rep3,G,CLOSED,CLOSED,request,PROVIDER,N/A,,3650.7620440006576,INFO,adaptador.request,true,exitoso,,,10407.327025916,10403.676263872,,,2026-09-05T00:21:50.530700Z
9bdc2ae5-4fdd-4e93-8d03-7e662d4cc4a3,run1_rep3,G,CLOSED,CLOSED,request,PROVIDER,N/A,,3717.6283359985973,INFO,adaptador.request,true,exitoso,,,10407.428283041,10403.710654705,,,2026-09-05T00:21:50.631942Z
ebb266d5-5ce9-408f-a81b-53a99bcd9e79,run1_rep3,G,CLOSED,CLOSED,request,PROVIDER,N/A,,3767.9893349995837,INFO,adaptador.request,true,exitoso,,,10407.515110416,10403.747121081,,,2026-09-05T00:21:50.718879Z
43e1452c-55e3-4c2a-ac2f-aff2cd2dcf4f,run1_rep3,G,CLOSED,CLOSED,request,PROVIDER,N/A,,3757.6401259993872,INFO,adaptador.request,true,exitoso,,,10407.618130582,10403.860490456,,,2026-09-05T00:21:50.821783Z
7cad8347-f267-4650-987d-4f2bd73e8258,run1_rep3,G,CLOSED,CLOSED,request,PROVIDER,N/A,,3802.5738350006577,INFO,adaptador.request,true,exitoso,,,10407.683175499,10403.880601664,,,2026-09-05T00:21:50.886836Z
dff15211-c5a4-4516-8508-142b5c71c3d9,run1_rep3,G,CLOSED,CLOSED,request,PROVIDER,N/A,,3655.110252000668,INFO,adaptador.request,true,exitoso,,,10407.741626416,10404.086516164,,,2026-09-05T00:21:50.945300Z
bee2a49a-ae7d-4d0d-bc09-2491327076ac,run1_rep3,G,CLOSED,CLOSED,request,PROVIDER,N/A,,3707.63266799986,INFO,adaptador.request,true,exitoso,,,10407.799316999,10404.091684331,,,2026-09-05T00:21:51.002971Z
560c541c-efa8-47af-8523-a017ecb87a75,run1_rep3,G,CLOSED,CLOSED,request,PROVIDER,N/A,,3753.083126999627,INFO,adaptador.request,true,exitoso,,,10407.892055666,10404.138972539,,,2026-09-05T00:21:51.095753Z
9781dfda-d121-442b-a7af-35929e06c31b,run1_rep3,G,CLOSED,CLOSED,request,PROVIDER,N/A,,3738.4752100006153,INFO,adaptador.request,true,exitoso,,,10407.999765416,10404.261290206,,,2026-09-05T00:21:51.203462Z
74b86091-deaf-491b-91fa-775b505a9118,run1_rep3,G,CLOSED,CLOSED,request,PROVIDER,N/A,,3776.569751998977,INFO,adaptador.request,true,exitoso,,,10408.075937958,10404.299368206,,,2026-09-05T00:21:51.279631Z
37c70573-ea79-4ab9-ae2e-2add72b7ecd2,run1_rep3,G,CLOSED,CLOSED,request,PROVIDER,N/A,,3774.569794000854,INFO,adaptador.request,true,exitoso,,,10408.164379333,10404.389809539,,,2026-09-05T00:21:51.368050Z
19d5297c-a621-48df-8e47-e144a5bd23bf,run1_rep3,G,CLOSED,CLOSED,request,PROVIDER,N/A,,3838.086043000658,INFO,adaptador.request,true,exitoso,,,10408.258360624,10404.420274581,,,2026-09-05T00:21:51.462028Z
8eefd6e8-0678-4122-bfc0-99ef213b2bf3,run1_rep3,G,CLOSED,CLOSED,request,PROVIDER,N/A,,3792.2152930004813,INFO,adaptador.request,true,exitoso,,,10408.336572624,10404.544357331,,,2026-09-05T00:21:51.540246Z
f53271bd-8fce-49de-9bf6-92752c8e15ee,run1_rep3,G,CLOSED,CLOSED,request,PROVIDER,N/A,,3816.4366260007228,INFO,adaptador.request,true,exitoso,,,10408.403346999,10404.586910373,,,2026-09-05T00:21:51.607022Z
c0d8a50b-d848-4753-8e42-5d3264a388e5,run1_rep3,G,CLOSED,CLOSED,request,PROVIDER,N/A,,3834.392877000937,INFO,adaptador.request,true,exitoso,,,10408.501481916,10404.667089039,,,2026-09-05T00:21:51.705144Z
03c53fce-b69e-4234-8f93-30b0eff033d4,run1_rep3,G,CLOSED,CLOSED,request,PROVIDER,N/A,,3924.0186259994516,INFO,adaptador.request,true,exitoso,,,10408.591493749,10404.667475123,,,2026-09-05T00:21:51.795190Z
52f82958-57cc-4b6f-9b27-1080c4a4b433,run1_rep3,G,CLOSED,CLOSED,request,PROVIDER,N/A,,3781.6522930006613,INFO,adaptador.request,true,exitoso,,,10408.652029416,10404.870377123,,,2026-09-05T00:21:51.855720Z
78240d8a-5c64-44e3-9015-309a46d80813,run1_rep3,G,CLOSED,CLOSED,request,PROVIDER,N/A,,3845.3259189991513,INFO,adaptador.request,true,exitoso,,,10408.733553125,10404.888227206,,,2026-09-05T00:21:51.937239Z
444d2fa9-3068-446f-8da8-a64fde3e8cc1,run1_rep3,G,CLOSED,CLOSED,request,PROVIDER,N/A,,3835.9117100008007,INFO,adaptador.request,true,exitoso,,,10408.818355833,10404.982444123,,,2026-09-05T00:21:52.022034Z
5cf60a6c-e679-418d-9c0e-c614a5f177ce,run1_rep3,G,CLOSED,CLOSED,request,PROVIDER,N/A,,3855.0779599991074,INFO,adaptador.request,true,exitoso,,,10408.891268458,10405.036190498,,,2026-09-05T00:21:52.094987Z
28a5ba92-3dea-43d8-a55a-9ab6b404b184,run1_rep3,G,CLOSED,CLOSED,request,PROVIDER,N/A,,3780.4875019992323,INFO,adaptador.request,true,exitoso,,,10408.996262875,10405.215775373,,,2026-09-05T00:21:52.200017Z
4b45137c-85a4-49b6-98a4-96df905cb92c,run1_rep3,G,CLOSED,CLOSED,request,PROVIDER,N/A,,3835.5374180009676,INFO,adaptador.request,true,exitoso,,,10409.059748416,10405.224210998,,,2026-09-05T00:21:52.263475Z
7913f89f-d57b-453b-b264-e10b6e96bb78,run1_rep3,G,CLOSED,CLOSED,request,PROVIDER,N/A,,3812.1490020002966,INFO,adaptador.request,true,exitoso,,,10409.165370833,10405.353221831,,,2026-09-05T00:21:52.369040Z
52c16938-8ff5-48ee-907e-cbbd536b6633,run1_rep3,G,CLOSED,CLOSED,request,PROVIDER,N/A,,3826.173834999281,INFO,adaptador.request,true,exitoso,,,10409.236086541,10405.409912706,,,2026-09-05T00:21:52.439764Z
ac3b8631-4917-4255-b26d-2dddf2703944,run1_rep3,G,CLOSED,CLOSED,request,PROVIDER,N/A,,3886.2282930003857,INFO,adaptador.request,true,exitoso,,,10409.296540416,10405.410312123,,,2026-09-05T00:21:52.500340Z
ca338e59-e6f8-4c10-b914-2ec11d8d5f5a,run1_rep3,G,CLOSED,CLOSED,request,PROVIDER,N/A,,3900.899752001351,INFO,adaptador.request,true,exitoso,,,10409.360581958,10405.459682206,,,2026-09-05T00:21:52.564249Z
7d08b990-3452-47d9-9e3f-468927894100,run1_rep3,G,CLOSED,CLOSED,request,PROVIDER,N/A,,3750.068459999966,INFO,adaptador.request,true,exitoso,,,10409.436131458,10405.686062998,,,2026-09-05T00:21:52.639861Z
3b9b08f7-e89c-4eb9-b3f7-71bcbc36f034,run1_rep3,G,CLOSED,CLOSED,request,PROVIDER,N/A,,3722.5144600015483,INFO,adaptador.request,true,exitoso,,,10409.508943,10405.78642854,,,2026-09-05T00:21:52.712655Z
502815d0-7245-4367-9f89-1b09505b3de1,run1_rep3,G,CLOSED,CLOSED,request,PROVIDER,N/A,,3715.118084999631,INFO,adaptador.request,true,exitoso,,,10409.596960042,10405.881841957,,,2026-09-05T00:21:52.800657Z
27bb46f5-e375-4671-8350-771e79ae70b7,run1_rep3,G,CLOSED,CLOSED,request,PROVIDER,N/A,,3647.6918770003977,INFO,adaptador.request,true,exitoso,,,10409.656840125,10406.009148248,,,2026-09-05T00:21:52.860533Z
f13668a6-c276-471d-a4c2-10689ddff2f4,run1_rep3,G,CLOSED,CLOSED,request,PROVIDER,N/A,,3602.631752000889,INFO,adaptador.request,true,exitoso,,,10409.714731792,10406.11210004,,,2026-09-05T00:21:52.918416Z
f0994ba8-c04c-4122-a9c9-aa3c39cc1d04,run1_rep3,G,CLOSED,CLOSED,request,PROVIDER,N/A,,3558.289751999837,INFO,adaptador.request,true,exitoso,,,10409.783547792,10406.22525804,,,2026-09-05T00:21:52.987207Z
ee611560-9c9b-40b5-b50c-e8e6f21ddfca,run1_rep3,G,CLOSED,CLOSED,request,PROVIDER,N/A,,3660.665085000801,INFO,adaptador.request,true,exitoso,,,10409.886311042,10406.225645957,,,2026-09-05T00:21:53.090005Z
931ce625-6619-4656-bf66-89ab59dd2d79,run1_rep3,G,CLOSED,CLOSED,request,PROVIDER,N/A,,3739.868126998772,INFO,adaptador.request,true,exitoso,,,10409.989675292,10406.249807165,,,2026-09-05T00:21:53.193354Z
b19a0e47-ca0e-42ec-a601-28d3f43a1499,run1_rep3,G,CLOSED,CLOSED,request,PROVIDER,N/A,,3672.704459999295,INFO,adaptador.request,true,exitoso,,,10410.068148125,10406.395443665,,,2026-09-05T00:21:53.271763Z
1e776a22-fe36-422c-9a56-6ca32fc39dd0,run1_rep3,G,CLOSED,CLOSED,request,PROVIDER,N/A,,3725.1170439994894,INFO,adaptador.request,true,exitoso,,,10410.158431167,10406.433314123,,,2026-09-05T00:21:53.362070Z
fad9e128-6b97-4311-95b7-95aa8d53aa6f,run1_rep3,G,CLOSED,CLOSED,request,PROVIDER,N/A,,3695.679876998838,INFO,adaptador.request,true,exitoso,,,10410.255317959,10406.559638082,,,2026-09-05T00:21:53.458984Z
42a4cff7-3de5-4df9-9024-aaa831c655aa,run1_rep3,G,CLOSED,CLOSED,request,PROVIDER,N/A,,3720.5732940001326,INFO,adaptador.request,true,exitoso,,,10410.333415959,10406.612842665,,,2026-09-05T00:21:53.537097Z
348fafbb-11be-4ff0-8839-22b10b563e2f,run1_rep3,G,CLOSED,CLOSED,request,PROVIDER,N/A,,3676.028417999987,INFO,adaptador.request,true,exitoso,,,10410.41182475,10406.735796332,,,2026-09-05T00:21:53.615487Z
00df133e-1b87-4eaa-8c29-bdd95641721c,run1_rep3,G,CLOSED,CLOSED,request,PROVIDER,N/A,,3762.0935430004465,INFO,adaptador.request,true,exitoso,,,10410.507866667,10406.745773124,,,2026-09-05T00:21:53.711567Z
3ff50947-22a0-4e14-901b-c56fc9e45029,run1_rep3,G,CLOSED,CLOSED,request,PROVIDER,N/A,,3843.221044000529,INFO,adaptador.request,true,exitoso,,,10410.608455834,10406.76523479,,,2026-09-05T00:21:53.812127Z
162c1bc2-2f99-44fd-9189-f4d0253ac046,run1_rep3,G,CLOSED,CLOSED,request,PROVIDER,N/A,,3827.1436270006234,INFO,adaptador.request,true,exitoso,,,10410.706796626,10406.879652999,,,2026-09-05T00:21:53.910419Z
c8e2c356-2556-4952-bdea-6dfe1fa79983,run1_rep3,G,CLOSED,CLOSED,request,PROVIDER,N/A,,3842.683959999704,INFO,adaptador.request,true,exitoso,,,10410.795603334,10406.952919374,,,2026-09-05T00:21:53.999291Z
67bf2709-7b13-4c9f-a5e3-a8f4ba809ecf,run1_rep3,G,CLOSED,CLOSED,request,PROVIDER,N/A,,3730.0547520007967,INFO,adaptador.request,true,exitoso,,,10410.875104917,10407.145050165,,,2026-09-05T00:21:54.078792Z
41f3ffe4-65e2-4012-9ab4-8eecb3837dae,run1_rep3,G,CLOSED,CLOSED,request,PROVIDER,N/A,,3698.289627000122,INFO,adaptador.request,true,exitoso,,,10410.931821501,10407.233531874,,,2026-09-05T00:21:54.135479Z
773e0f36-f9bd-45ce-a15f-a9a0eac9f239,run1_rep3,G,CLOSED,CLOSED,request,PROVIDER,N/A,,3648.851668000134,INFO,adaptador.request,true,exitoso,,,10411.027467792,10407.378616124,,,2026-09-05T00:21:54.231139Z
869fa358-2412-46e3-adfb-23f597fc9f33,run1_rep3,G,CLOSED,CLOSED,request,PROVIDER,N/A,,3738.287919000868,INFO,adaptador.request,true,exitoso,,,10411.117393876,10407.379105957,,,2026-09-05T00:21:54.321064Z
7e8ed8bc-f651-4444-ba47-daa7ef91c024,run1_rep3,G,CLOSED,CLOSED,request,PROVIDER,N/A,,3805.216709999513,INFO,adaptador.request,true,exitoso,,,10411.207970042,10407.402753332,,,2026-09-05T00:21:54.411754Z
ad3f2a6b-7802-486d-9021-538916237e0a,run1_rep3,G,CLOSED,CLOSED,request,PROVIDER,N/A,,3876.5696690006735,INFO,adaptador.request,true,exitoso,,,10411.286889126,10407.410319457,,,2026-09-05T00:21:54.490572Z
c04f64fd-8f6e-4d89-96e2-d08a3fbb8900,run1_rep3,G,CLOSED,CLOSED,request,PROVIDER,N/A,,3861.159084999599,INFO,adaptador.request,true,exitoso,,,10411.384124834,10407.522965749,,,2026-09-05T00:21:54.587826Z
4a4ccd3d-4a16-4b05-95c8-4360436574b3,run1_rep3,G,CLOSED,CLOSED,request,PROVIDER,N/A,,3912.891419000516,INFO,adaptador.request,true,exitoso,,,10411.449123793,10407.536232374,,,2026-09-05T00:21:54.652772Z
fe24a12a-b002-428b-9dfb-b6f31ff18113,run1_rep3,G,CLOSED,CLOSED,request,PROVIDER,N/A,,3892.402334999133,INFO,adaptador.request,true,exitoso,,,10411.537443959,10407.645041624,,,2026-09-05T00:21:54.741131Z
8f84f092-5951-40f8-b265-28538b7c4354,run1_rep3,G,CLOSED,CLOSED,request,PROVIDER,N/A,,3816.4257099997485,INFO,adaptador.request,true,exitoso,,,10411.604378376,10407.787952666,,,2026-09-05T00:21:54.808081Z
e444a56d-d8b0-4618-84b4-59d696473c22,run1_rep3,G,CLOSED,CLOSED,request,PROVIDER,N/A,,3798.501668999961,INFO,adaptador.request,true,exitoso,,,10411.676374001,10407.877872332,,,2026-09-05T00:21:54.880074Z
4fa62355-7312-4ae0-ba8f-0ba3a8f3af4f,run1_rep3,G,CLOSED,CLOSED,request,PROVIDER,N/A,,3708.6021269988123,INFO,adaptador.request,true,exitoso,,,10411.761747751,10408.053145624,,,2026-09-05T00:21:54.965417Z
7d29925e-d6a8-43f4-886b-aa9d2050e442,run1_rep3,G,CLOSED,CLOSED,request,PROVIDER,N/A,,3745.5711270013126,INFO,adaptador.request,true,exitoso,,,10411.839619251,10408.094048124,,,2026-09-05T00:21:55.043309Z
53d8b430-4870-49eb-9314-4f6f3aa334dd,run1_rep3,G,CLOSED,CLOSED,request,PROVIDER,N/A,,3706.509584999367,INFO,adaptador.request,true,exitoso,,,10411.900125043,10408.193615458,,,2026-09-05T00:21:55.103805Z
ba0179f9-260e-49c6-82a6-a7a17b176d9a,run1_rep3,G,CLOSED,CLOSED,request,PROVIDER,N/A,,3696.7465430006996,INFO,adaptador.request,true,exitoso,,,10411.972661959,10408.275915416,,,2026-09-05T00:21:55.176325Z
31a0a7d3-303c-4fe5-922d-43e7e5008cdf,run1_rep3,G,CLOSED,CLOSED,request,PROVIDER,N/A,,3787.6579179992405,INFO,adaptador.request,true,exitoso,,,10412.065603459,10408.277945541,,,2026-09-05T00:21:55.269575Z
94fab439-e753-4cf2-81c6-1794fb79b076,run1_rep3,G,CLOSED,CLOSED,request,PROVIDER,N/A,,3753.182125999956,INFO,adaptador.request,true,exitoso,,,10412.124855959,10408.371673833,,,2026-09-05T00:21:55.328811Z
9e810543-d487-46ec-a629-8465798eb323,run1_rep3,G,CLOSED,CLOSED,request,PROVIDER,N/A,,3766.3101270009065,INFO,adaptador.request,true,exitoso,,,10412.205469876,10408.439159749,,,2026-09-05T00:21:55.409439Z
9430a23e-3371-44b4-8f38-0be073239a33,run1_rep3,G,CLOSED,CLOSED,request,PROVIDER,N/A,,3823.656459999256,INFO,adaptador.request,true,exitoso,,,10412.305222584,10408.481566124,,,2026-09-05T00:21:55.509206Z
6af15bef-6da1-49c6-96d6-7f67b5b4df14,run1_rep3,G,CLOSED,CLOSED,request,PROVIDER,N/A,,3559.387875999164,INFO,adaptador.request,true,exitoso,,,10412.386641501,10408.827253625,,,2026-09-05T00:21:55.590667Z
2802365a-ef71-4f6e-8bc7-68ea2cd27e64,run1_rep3,G,CLOSED,CLOSED,request,PROVIDER,N/A,,3621.780043000399,INFO,adaptador.request,true,exitoso,,,10412.480390334,10408.858610291,,,2026-09-05T00:21:55.684408Z
015493e8-d499-42c3-a296-e2ab4f33b1b9,run1_rep3,G,CLOSED,CLOSED,request,PROVIDER,N/A,,3632.33233399842,INFO,adaptador.request,true,exitoso,,,10412.561428709,10408.929096375,,,2026-09-05T00:21:55.765445Z
9de14856-2f98-4252-844c-f10b9e933a68,run1_rep3,G,CLOSED,CLOSED,request,PROVIDER,N/A,,3727.139750999413,INFO,adaptador.request,true,exitoso,,,10412.667980876,10408.940841125,,,2026-09-05T00:21:55.872048Z
3d8e2113-27d4-4b0b-a879-2e738fecb24c,run1_rep3,G,CLOSED,CLOSED,request,PROVIDER,N/A,,3791.1058769986994,INFO,adaptador.request,true,exitoso,,,10412.761541085,10408.970435208,,,2026-09-05T00:21:55.965599Z
e25269fc-6240-456a-b36e-984254799030,run1_rep3,G,CLOSED,CLOSED,request,PROVIDER,N/A,,3800.9694600004877,INFO,adaptador.request,true,exitoso,,,10412.821134543,10409.020165083,,,2026-09-05T00:21:56.025161Z
a9207df0-dc9b-4ead-a082-d4292524a118,run1_rep3,G,CLOSED,CLOSED,request,PROVIDER,N/A,,3750.3344179986016,INFO,adaptador.request,true,exitoso,,,10412.901184043,10409.150849625,,,2026-09-05T00:21:56.105226Z
1bd99fe8-0c90-4118-ae2b-4fe5afdbaf3c,run1_rep3,G,CLOSED,CLOSED,request,PROVIDER,N/A,,3747.6120850005827,INFO,adaptador.request,true,exitoso,,,10413.007777085,10409.260165,,,2026-09-05T00:21:56.211834Z
b69abd53-7b09-40b0-8643-2febefc3c51e,run1_rep3,G,CLOSED,CLOSED,request,PROVIDER,N/A,,3804.872376000276,INFO,adaptador.request,true,exitoso,,,10413.104550876,10409.2996785,,,2026-09-05T00:21:56.308593Z
9446aa75-7c4d-4f76-9e05-e1f968b724d0,run1_rep3,G,CLOSED,CLOSED,request,PROVIDER,N/A,,3858.7630430010904,INFO,adaptador.request,true,exitoso,,,10413.190258168,10409.331495125,,,2026-09-05T00:21:56.394290Z
cedd63a1-28f4-4336-8f92-43a538d0a707,run1_rep3,G,CLOSED,CLOSED,request,PROVIDER,N/A,,3809.768584998892,INFO,adaptador.request,true,exitoso,,,10413.275220668,10409.465452083,,,2026-09-05T00:21:56.479249Z
3356f5b1-ac00-4c8b-89a4-a3d7e0fed6fc,run1_rep3,G,CLOSED,CLOSED,request,PROVIDER,N/A,,3783.1080430005386,INFO,adaptador.request,true,exitoso,,,10413.35633196,10409.573223917,,,2026-09-05T00:21:56.560362Z
213aa730-8ab3-4da8-90de-78191b6e13a3,run1_rep3,G,CLOSED,CLOSED,request,PROVIDER,N/A,,3828.8939590001974,INFO,adaptador.request,true,exitoso,,,10413.418328376,10409.589434417,,,2026-09-05T00:21:56.622355Z
78699888-147b-403d-8845-af41dbea0c8b,run1_rep3,G,CLOSED,CLOSED,request,PROVIDER,N/A,,3856.8960020002123,INFO,adaptador.request,true,exitoso,,,10413.519358377,10409.662462375,,,2026-09-05T00:21:56.723387Z
179f7de1-db45-4ac7-b290-78c5a8ead5b0,run1_rep3,G,CLOSED,CLOSED,request,PROVIDER,N/A,,3656.258502000128,INFO,adaptador.request,true,exitoso,,,10413.577453085,10409.921194583,,,2026-09-05T00:21:56.781466Z
3b83ec55-d389-4ab2-b20e-16bf3aa0799e,run1_rep3,G,CLOSED,CLOSED,request,PROVIDER,N/A,,3716.15412599931,INFO,adaptador.request,true,exitoso,,,10413.637868418,10409.921714292,,,2026-09-05T00:21:56.841884Z
36d328ce-2076-4487-82fc-d95cc89ca24c,run1_rep3,G,CLOSED,CLOSED,request,PROVIDER,N/A,,3747.3942100004933,INFO,adaptador.request,true,exitoso,,,10413.732920543,10409.985526333,,,2026-09-05T00:21:56.936953Z
0256a9a7-cec8-4f3f-9b89-f6cdf7f8cc43,run1_rep3,G,CLOSED,CLOSED,request,PROVIDER,N/A,,3806.9779599991307,INFO,adaptador.request,true,exitoso,,,10413.821293627,10410.014315667,,,2026-09-05T00:21:57.025322Z
cf5b46a0-a960-4e89-bf8c-17ba6ea67190,run1_rep3,G,CLOSED,CLOSED,request,PROVIDER,N/A,,3871.810168000593,INFO,adaptador.request,true,exitoso,,,10413.898688585,10410.026878417,,,2026-09-05T00:21:57.102728Z
4b48984b-9984-40d6-998c-c29ead99e83d,run1_rep3,G,CLOSED,CLOSED,request,PROVIDER,N/A,,3827.5479599997198,INFO,adaptador.request,true,exitoso,,,10413.972665002,10410.145117042,,,2026-09-05T00:21:57.176749Z
c0bb0747-4f86-4a36-b72b-ecff15515c48,run1_rep3,G,CLOSED,CLOSED,request,PROVIDER,N/A,,3872.362043000976,INFO,adaptador.request,true,exitoso,,,10414.045278752,10410.172916709,,,2026-09-05T00:21:57.249293Z
b18cc3fe-ad20-484e-9167-933febc74341,run1_rep3,G,CLOSED,CLOSED,request,PROVIDER,N/A,,3790.2135430013004,INFO,adaptador.request,true,exitoso,,,10414.124814418,10410.334600875,,,2026-09-05T00:21:57.328822Z
378159b5-71c9-44d0-bd93-e15ba7196f75,run1_rep3,G,CLOSED,CLOSED,request,PROVIDER,N/A,,3715.8316259992716,INFO,adaptador.request,true,exitoso,,,10414.195484335,10410.479652709,,,2026-09-05T00:21:57.399516Z
cd6c7d91-1d3a-466d-875a-047c5dbd4896,run1_rep3,G,CLOSED,CLOSED,request,PROVIDER,N/A,,3587.421001999246,INFO,adaptador.request,true,exitoso,,,10414.294925044,10410.707504042,,,2026-09-05T00:21:57.498982Z
18818468-7230-4a6e-8041-1d0479a5e8b8,run1_rep3,G,CLOSED,CLOSED,request,PROVIDER,N/A,,3640.8672510006,INFO,adaptador.request,true,exitoso,,,10414.373077835,10410.732210584,,,2026-09-05T00:21:57.577093Z
5a1b61f4-88bb-44e2-b193-6c98f8bfc193,run1_rep3,G,CLOSED,CLOSED,request,PROVIDER,N/A,,3689.407792999191,INFO,adaptador.request,true,exitoso,,,10414.452027835,10410.762620042,,,2026-09-05T00:21:57.656032Z
e9f18469-797d-4e93-a333-1174bcb67405,run1_rep3,G,CLOSED,CLOSED,request,PROVIDER,N/A,,3725.532001000829,INFO,adaptador.request,true,exitoso,,,10414.525822252,10410.800290251,,,2026-09-05T00:21:57.729818Z
d62ac8cb-ba7a-466c-af36-133ef31b1d6f,run1_rep3,G,CLOSED,CLOSED,request,PROVIDER,N/A,,3707.406418001483,INFO,adaptador.request,true,exitoso,,,10414.590260835,10410.882854417,,,2026-09-05T00:21:57.794301Z
38228cd1-e1d3-4bbd-8735-a85ebd47b51d,run1_rep3,G,CLOSED,CLOSED,request,PROVIDER,N/A,,3750.6782929995097,INFO,adaptador.request,true,exitoso,,,10414.655316669,10410.904638376,,,2026-09-05T00:21:57.859358Z
3c3ac1b3-88ad-48c2-9ac1-7a738c45bc99,run1_rep3,G,CLOSED,CLOSED,request,PROVIDER,N/A,,3842.9491259994393,INFO,adaptador.request,true,exitoso,,,10414.760306377,10410.917357251,,,2026-09-05T00:21:57.964341Z
4e653d61-8594-4cc3-9566-cc5fcb4c4449,run1_rep3,G,CLOSED,CLOSED,request,PROVIDER,N/A,,3842.9901680010516,INFO,adaptador.request,true,exitoso,,,10414.858812877,10411.015822709,,,2026-09-05T00:21:58.062848Z
1e2cd2ab-32ef-4690-8a1e-7589e292ea08,run1_rep3,G,CLOSED,CLOSED,request,PROVIDER,N/A,,3884.563043999151,INFO,adaptador.request,true,exitoso,,,10414.922634211,10411.038071167,,,2026-09-05T00:21:58.126655Z
34623e1f-d248-46a1-8090-1a317ab6be46,run1_rep3,G,CLOSED,CLOSED,request,PROVIDER,N/A,,3727.4429190001683,INFO,adaptador.request,true,exitoso,,,10415.009281961,10411.281839042,,,2026-09-05T00:21:58.213302Z
6d3de640-419a-47e2-95d4-d5a38486287c,run1_rep3,G,CLOSED,CLOSED,request,PROVIDER,N/A,,3639.2572929999005,INFO,adaptador.request,true,exitoso,,,10415.081957627,10411.442700334,,,2026-09-05T00:21:58.286025Z
e435b2f8-4254-4529-b58f-db9aecfdf4ef,run1_rep3,G,CLOSED,CLOSED,request,PROVIDER,N/A,,3697.2589600009087,INFO,adaptador.request,true,exitoso,,,10415.145863419,10411.448604459,,,2026-09-05T00:21:58.349881Z
2a7662b5-d523-47f8-a481-65863f9e5349,run1_rep3,G,CLOSED,CLOSED,request,PROVIDER,N/A,,3744.75166800039,INFO,adaptador.request,true,exitoso,,,10415.216410752,10411.471659084,,,2026-09-05T00:21:58.420464Z
29c5a7ba-899e-4e36-8362-efb34327ec5b,run1_rep3,G,CLOSED,CLOSED,request,PROVIDER,N/A,,3768.1575429996883,INFO,adaptador.request,true,exitoso,,,10415.306885211,10411.538727668,,,2026-09-05T00:21:58.510928Z
2eccb654-0827-48ca-b2b0-e9b674f6d0fa,run1_rep3,G,CLOSED,CLOSED,request,PROVIDER,N/A,,3765.3677519992925,INFO,adaptador.request,true,exitoso,,,10415.393104961,10411.627737209,,,2026-09-05T00:21:58.597140Z
6c2f8efc-118c-4c0a-874e-78f285caee7e,run1_rep3,G,CLOSED,CLOSED,request,PROVIDER,N/A,,3851.6974599988316,INFO,adaptador.request,true,exitoso,,,10415.491224586,10411.639527126,,,2026-09-05T00:21:58.695254Z
3db7fbea-a38e-47ed-a5fc-061f2609b80b,run1_rep3,G,CLOSED,CLOSED,request,PROVIDER,N/A,,3912.0232929999474,INFO,adaptador.request,true,exitoso,,,10415.592288961,10411.680265668,,,2026-09-05T00:21:58.796299Z
4e609fb2-7f40-43a4-bf0e-bb32f6dc8d02,run1_rep3,G,CLOSED,CLOSED,request,PROVIDER,N/A,,3890.8372099995177,INFO,adaptador.request,true,exitoso,,,10415.695201253,10411.804364043,,,2026-09-05T00:21:58.899305Z
d910ec32-d58f-475d-a470-aa8663c788c5,run1_rep3,G,CLOSED,CLOSED,request,PROVIDER,N/A,,3861.571126999479,INFO,adaptador.request,true,exitoso,,,10415.767701003,10411.906129876,,,2026-09-05T00:21:58.971712Z
421a16ec-8c73-4acc-acdc-9461a305d4e0,run1_rep3,G,CLOSED,CLOSED,request,PROVIDER,N/A,,3927.3317930001213,INFO,adaptador.request,true,exitoso,,,10415.858319211,10411.930987418,,,2026-09-05T00:21:59.062362Z
ea25c94d-921a-41b2-9036-4a8d1c94e754,run1_rep3,G,CLOSED,CLOSED,request,PROVIDER,N/A,,3781.85625200058,INFO,adaptador.request,true,exitoso,,,10415.947600128,10412.165743876,,,2026-09-05T00:21:59.151635Z
703932be-80f3-4e3b-aa1f-4f99a3a36bfd,run1_rep3,G,CLOSED,CLOSED,request,PROVIDER,N/A,,3854.447293000703,INFO,adaptador.request,true,exitoso,,,10416.036090461,10412.181643168,,,2026-09-05T00:21:59.240121Z
9af163e5-c23e-48ad-9972-eab93c083b86,run1_rep3,G,CLOSED,CLOSED,request,PROVIDER,N/A,,3850.640001001011,INFO,adaptador.request,true,exitoso,,,10416.113834669,10412.263194668,,,2026-09-05T00:21:59.317864Z
7936aa35-d29c-4ccb-a216-3b46b4e9b370,run1_rep3,G,CLOSED,CLOSED,request,PROVIDER,N/A,,3901.6473760002555,INFO,adaptador.request,true,exitoso,,,10416.181741169,10412.280093793,,,2026-09-05T00:21:59.385851Z
7112e1db-8136-4f41-a090-7260ad4e20e0,run1_rep3,G,CLOSED,CLOSED,request,PROVIDER,N/A,,3798.6210849994677,INFO,adaptador.request,true,exitoso,,,10416.258044086,10412.459423001,,,2026-09-05T00:21:59.462065Z
085dab1e-1122-4a22-bbb9-7ad12654e673,run1_rep3,G,CLOSED,CLOSED,request,PROVIDER,N/A,,3856.5232520013524,INFO,adaptador.request,true,exitoso,,,10416.316381545,10412.459858293,,,2026-09-05T00:21:59.520397Z
379207c4-c9dd-4998-ad54-fd1124c63aca,run1_rep3,G,CLOSED,CLOSED,request,PROVIDER,N/A,,3906.221044000631,INFO,adaptador.request,true,exitoso,,,10416.406058795,10412.499837751,,,2026-09-05T00:21:59.610082Z
84426582-5b58-4cb8-99fa-023007b87bf3,run1_rep3,G,CLOSED,CLOSED,request,PROVIDER,N/A,,3938.200335998772,INFO,adaptador.request,true,exitoso,,,10416.46410292,10412.525902584,,,2026-09-05T00:21:59.668133Z
1421e491-460d-42b3-8c0e-0fecbd2ae1c3,run1_rep3,G,CLOSED,CLOSED,request,PROVIDER,N/A,,3922.854336000455,INFO,adaptador.request,true,exitoso,,,10416.556090545,10412.633236209,,,2026-09-05T00:21:59.760120Z
5e5808b1-fb53-4c98-a48a-0c81c4da0440,run1_rep3,G,CLOSED,CLOSED,request,PROVIDER,N/A,,3768.004210000072,INFO,adaptador.request,true,exitoso,,,10416.645029836,10412.877025626,,,2026-09-05T00:21:59.849087Z
3ecca2ab-83bb-4669-9376-4dc272a99b48,run1_rep3,G,CLOSED,CLOSED,request,PROVIDER,N/A,,3694.088042999283,INFO,adaptador.request,true,exitoso,,,10416.709221336,10413.015133293,,,2026-09-05T00:21:59.913254Z
ed7026d3-e6aa-46c6-baa8-46aab2cdb56c,run1_rep3,G,CLOSED,CLOSED,request,PROVIDER,N/A,,3761.667918000967,INFO,adaptador.request,true,exitoso,,,10416.816772128,10413.05510421,,,2026-09-05T00:22:00.020772Z
84bfb8c5-5865-44d5-a9fa-cd63d0458e41,run1_rep3,G,CLOSED,CLOSED,request,PROVIDER,N/A,,3700.4442520010343,INFO,adaptador.request,true,exitoso,,,10416.88167692,10413.181232668,,,2026-09-05T00:22:00.085703Z
5e6b30d6-782b-4069-bdd6-dd6ecb8d0d82,run1_rep3,G,CLOSED,CLOSED,request,PROVIDER,N/A,,3667.390502001581,INFO,adaptador.request,true,exitoso,,,10416.951159378,10413.283768876,,,2026-09-05T00:22:00.155151Z
9fa5f7ad-1448-4894-b764-249fe83fc6d6,run1_rep3,G,CLOSED,CLOSED,request,PROVIDER,N/A,,3736.050752000665,INFO,adaptador.request,true,exitoso,,,10417.039987503,10413.303936751,,,2026-09-05T00:22:00.244076Z
300ccea3-b6b5-4cab-89d7-48895a34a0f2,run1_rep3,G,CLOSED,CLOSED,request,PROVIDER,N/A,,3767.285334999542,INFO,adaptador.request,true,exitoso,,,10417.131811545,10413.36452621,,,2026-09-05T00:22:00.335834Z
695277d6-177a-40ef-aa4d-7092890fb8dc,run1_rep3,G,CLOSED,CLOSED,request,PROVIDER,N/A,,3669.438459999583,INFO,adaptador.request,true,exitoso,,,10417.220866253,10413.551427793,,,2026-09-05T00:22:00.424884Z
49667852-f697-487d-8946-826dd5711653,run1_rep3,G,CLOSED,CLOSED,request,PROVIDER,N/A,,3603.06837600001,INFO,adaptador.request,true,exitoso,,,10417.308853003,10413.705784627,,,2026-09-05T00:22:00.512883Z
7ad01d34-aa38-40f6-ab33-1cf95193bdce,run1_rep3,G,CLOSED,CLOSED,request,PROVIDER,N/A,,3590.840543000013,INFO,adaptador.request,true,exitoso,,,10417.38018717,10413.789346627,,,2026-09-05T00:22:00.584230Z
d6d822c9-ca97-42ad-88f7-8f5a4fc36df3,run1_rep3,G,CLOSED,CLOSED,request,PROVIDER,N/A,,3624.653794000551,INFO,adaptador.request,true,exitoso,,,10417.481264712,10413.856610918,,,2026-09-05T00:22:00.685275Z
82c9c01a-6af6-4b7b-a96e-42b5db5ffecf,run1_rep3,G,CLOSED,CLOSED,request,PROVIDER,N/A,,3685.6706679991476,INFO,adaptador.request,true,exitoso,,,10417.542715753,10413.857045085,,,2026-09-05T00:22:00.746745Z
1e1d8c7d-33b4-4751-9768-41d3a5a6db71,run1_rep3,G,CLOSED,CLOSED,request,PROVIDER,N/A,,3710.1057100007893,INFO,adaptador.request,true,exitoso,,,10417.64587917,10413.93577346,,,2026-09-05T00:22:00.849911Z
f46f432a-58ba-49e7-bfec-74425b7989a0,run1_rep3,G,CLOSED,CLOSED,request,PROVIDER,N/A,,3744.3799180000497,INFO,adaptador.request,true,exitoso,,,10417.74257742,10413.998197502,,,2026-09-05T00:22:00.946585Z
b744bb7a-df9d-4863-b18d-39837ad683be,run1_rep3,G,CLOSED,CLOSED,request,PROVIDER,N/A,,3791.6854609993607,INFO,adaptador.request,true,exitoso,,,10417.804480629,10414.012795168,,,2026-09-05T00:22:01.008502Z
f06dc784-7c3a-4c09-b172-57fa13dc080a,run1_rep3,G,CLOSED,CLOSED,request,PROVIDER,N/A,,3830.2800850015046,INFO,adaptador.request,true,exitoso,,,10417.904059795,10414.07377971,,,2026-09-05T00:22:01.108139Z
1a0e4b7f-d7cd-4848-b80c-0327293569a1,run1_rep3,G,CLOSED,CLOSED,request,PROVIDER,N/A,,3754.3050429994764,INFO,adaptador.request,true,exitoso,,,10417.986652462,10414.232347419,,,2026-09-05T00:22:01.190676Z
8730ee53-80b6-4d20-a59b-442b3e12586c,run1_rep3,G,CLOSED,CLOSED,request,PROVIDER,N/A,,3805.826376999903,INFO,adaptador.request,true,exitoso,,,10418.050379879,10414.244553502,,,2026-09-05T00:22:01.254394Z
91933f8a-8700-4f90-a678-f970039003cb,run1_rep3,G,CLOSED,CLOSED,request,PROVIDER,N/A,,3836.8105009994906,INFO,adaptador.request,true,exitoso,,,10418.14526217,10414.308451669,,,2026-09-05T00:22:01.349286Z
44d90cbc-f766-4a42-8f2e-e58eebbe42a7,run1_rep3,G,CLOSED,CLOSED,request,PROVIDER,N/A,,3829.9975429999904,INFO,adaptador.request,true,exitoso,,,10418.22078667,10414.390789127,,,2026-09-05T00:22:01.424790Z
cd37c69a-f273-44de-9739-4f6bed13e5b2,run1_rep3,G,CLOSED,CLOSED,request,PROVIDER,N/A,,3920.4318349984533,INFO,adaptador.request,true,exitoso,,,10418.315785795,10414.39535396,,,2026-09-05T00:22:01.519800Z
d7ed2004-283b-4ce2-b611-405196a6da59,run1_rep3,G,CLOSED,CLOSED,request,PROVIDER,N/A,,3714.4332110001415,INFO,adaptador.request,true,exitoso,,,10418.374812546,10414.660379335,,,2026-09-05T00:22:01.578831Z
9dabf432-47a3-4e1d-9c08-2fb5ec0f3d1b,run1_rep3,G,CLOSED,CLOSED,request,PROVIDER,N/A,,3649.416960999588,INFO,adaptador.request,true,exitoso,,,10418.444017046,10414.794600085,,,2026-09-05T00:22:01.648049Z
8ebd2a16-ab94-4bde-9ff2-c0ec27667baf,run1_rep3,G,CLOSED,CLOSED,request,PROVIDER,N/A,,3654.8680430005334,INFO,adaptador.request,true,exitoso,,,10418.513483254,10414.858615211,,,2026-09-05T00:22:01.717520Z
88eff1aa-07cf-4986-97f9-e503fa46432f,run1_rep3,G,CLOSED,CLOSED,request,PROVIDER,N/A,,3715.818335000222,INFO,adaptador.request,true,exitoso,,,10418.587753379,10414.871935044,,,2026-09-05T00:22:01.791774Z
ed1e4a05-4b48-484d-a7f3-ea80271e7520,run1_rep3,G,CLOSED,CLOSED,request,PROVIDER,N/A,,3640.847210001084,INFO,adaptador.request,true,exitoso,,,10418.651980254,10415.011133044,,,2026-09-05T00:22:01.856022Z
8d7b7ac7-8ef6-4513-a40f-3fe2074f44dd,run1_rep3,G,CLOSED,CLOSED,request,PROVIDER,N/A,,3650.9942520006007,INFO,adaptador.request,true,exitoso,,,10418.737757004,10415.086762752,,,2026-09-05T00:22:01.941767Z
ddf40e60-4af1-4613-8e72-a28a09001834,run1_rep3,G,CLOSED,CLOSED,request,PROVIDER,N/A,,3727.663751000364,INFO,adaptador.request,true,exitoso,,,10418.831517462,10415.103853711,,,2026-09-05T00:22:02.035530Z
28666790-a947-4e50-b1b6-1834187b66cd,run1_rep3,G,CLOSED,CLOSED,request,PROVIDER,N/A,,3673.0033769999864,INFO,adaptador.request,true,exitoso,,,10418.892212004,10415.219208627,,,2026-09-05T00:22:02.096242Z
e7c55deb-8ccd-484f-aaa5-5fe72df1b135,run1_rep3,G,CLOSED,CLOSED,request,PROVIDER,N/A,,3760.569084999588,INFO,adaptador.request,true,exitoso,,,10418.992175087,10415.231606002,,,2026-09-05T00:22:02.196184Z
ec05f714-bbcc-49c6-9bef-9adab607f665,run1_rep3,G,CLOSED,CLOSED,request,PROVIDER,N/A,,3835.3360860000976,INFO,adaptador.request,true,exitoso,,,10419.095688838,10415.260352752,,,2026-09-05T00:22:02.299734Z
09fd8c6b-5770-4c85-ae32-fefe52bf5669,run1_rep3,G,CLOSED,CLOSED,request,PROVIDER,N/A,,3896.460126999955,INFO,adaptador.request,true,exitoso,,,10419.166924796,10415.270464669,,,2026-09-05T00:22:02.370946Z
47b05a61-997e-4980-be07-b71db80e3ff6,run1_rep3,G,CLOSED,CLOSED,request,PROVIDER,N/A,,3884.686667999631,INFO,adaptador.request,true,exitoso,,,10419.224881129,10415.340194461,,,2026-09-05T00:22:02.428954Z
42d70b58-525b-4c21-b09b-5b6b4791e945,run1_rep3,G,CLOSED,CLOSED,request,PROVIDER,N/A,,3862.1710859988525,INFO,adaptador.request,true,exitoso,,,10419.294907213,10415.432736127,,,2026-09-05T00:22:02.498948Z
44e2d285-2e05-4212-b212-4b41883025a7,run1_rep3,G,CLOSED,CLOSED,request,PROVIDER,N/A,,3854.7411270010343,INFO,adaptador.request,true,exitoso,,,10419.381588004,10415.526846877,,,2026-09-05T00:22:02.585646Z
d331c97c-d328-46a6-9a6b-7443365c64c4,run1_rep3,G,CLOSED,CLOSED,request,PROVIDER,N/A,,3901.835752001716,INFO,adaptador.request,true,exitoso,,,10419.457491921,10415.555656169,,,2026-09-05T00:22:02.661519Z
c32ce902-de2d-44e7-9c1c-a6445460830c,run1_rep3,G,CLOSED,CLOSED,request,PROVIDER,N/A,,3624.770376000015,INFO,adaptador.request,true,exitoso,,,10419.528623379,10415.903853003,,,2026-09-05T00:22:02.732654Z
f8ab56d3-a528-4651-b0ab-a1689a3f24e7,run1_rep3,G,CLOSED,CLOSED,request,PROVIDER,N/A,,3701.258252000116,INFO,adaptador.request,true,exitoso,,,10419.622883296,10415.921625044,,,2026-09-05T00:22:02.826939Z
ca8f9ede-4bef-46e1-b37d-523e3c9afb82,run1_rep3,G,CLOSED,CLOSED,request,PROVIDER,N/A,,3669.8474189997796,INFO,adaptador.request,true,exitoso,,,10419.679737338,10416.009889919,,,2026-09-05T00:22:02.883725Z
bd8bc3d0-7e7d-4a43-9601-b4ed3db897af,run1_rep3,G,CLOSED,CLOSED,request,PROVIDER,N/A,,3748.7560429999576,INFO,adaptador.request,true,exitoso,,,10419.766042296,10416.017286253,,,2026-09-05T00:22:02.970062Z
a39d49a7-c90a-4bd6-a2d7-f2ee2645f33d,run1_rep3,G,CLOSED,CLOSED,request,PROVIDER,N/A,,3678.7968770004227,INFO,adaptador.request,true,exitoso,,,10419.838169463,10416.159372586,,,2026-09-05T00:22:03.042184Z
9dd5c423-ba29-4d76-8aa1-f2d6f4c6aeb4,run1_rep3,G,CLOSED,CLOSED,request,PROVIDER,N/A,,3718.845584999144,INFO,adaptador.request,true,exitoso,,,10419.907837088,10416.188991503,,,2026-09-05T00:22:03.111848Z
40d2a6a3-8761-461f-8a03-c1b0ef3808ee,run1_rep3,G,CLOSED,CLOSED,request,PROVIDER,N/A,,3708.0093349995877,INFO,adaptador.request,true,exitoso,,,10419.993932546,10416.285923211,,,2026-09-05T00:22:03.197980Z
034fdec4-9b9d-4530-bdeb-cb4c2f604bb4,run1_rep3,G,CLOSED,CLOSED,request,PROVIDER,N/A,,3720.0692930000514,INFO,adaptador.request,true,exitoso,,,10420.072685463,10416.35261617,,,2026-09-05T00:22:03.276663Z
986a55ca-496c-4619-bcc9-29fcbad93147,run1_rep3,G,CLOSED,CLOSED,request,PROVIDER,N/A,,3757.8647099999216,INFO,adaptador.request,true,exitoso,,,10420.152118546,10416.394253836,,,2026-09-05T00:22:03.356110Z
358740de-432a-4848-968b-92827dcb1e0f,run1_rep3,G,CLOSED,CLOSED,request,PROVIDER,N/A,,3660.2524179998,INFO,adaptador.request,true,exitoso,,,10420.217378921,10416.557126503,,,2026-09-05T00:22:03.421430Z
1a9861e7-97f1-4c9c-abad-56f0109a675d,run1_rep3,G,CLOSED,CLOSED,request,PROVIDER,N/A,,3636.7138759997033,INFO,adaptador.request,true,exitoso,,,10420.289268296,10416.65255442,,,2026-09-05T00:22:03.493294Z
9066dfc7-9f86-490f-bf96-190b31c1d4e1,run1_rep3,G,CLOSED,CLOSED,request,PROVIDER,N/A,,3610.886001999461,INFO,adaptador.request,true,exitoso,,,10420.366919838,10416.756033836,,,2026-09-05T00:22:03.570928Z
e5801ca3-65dc-4d24-a8d9-69fa8fabc914,run1_rep3,G,CLOSED,CLOSED,request,PROVIDER,N/A,,3641.507835000084,INFO,adaptador.request,true,exitoso,,,10420.43887563,10416.797367795,,,2026-09-05T00:22:03.642926Z
73a9f680-3525-4c0c-a046-5a82d4fd4088,run1_rep3,G,CLOSED,CLOSED,request,PROVIDER,N/A,,3653.429836000214,INFO,adaptador.request,true,exitoso,,,10420.523302797,10416.869872961,,,2026-09-05T00:22:03.727345Z
f3cc8a53-fa0e-4239-92a3-9d325bee3cf7,run1_rep3,G,CLOSED,CLOSED,request,PROVIDER,N/A,,3712.7646680000908,INFO,adaptador.request,true,exitoso,,,10420.596686463,10416.883921795,,,2026-09-05T00:22:03.800679Z
eceecb6a-2b9a-48d4-910c-541235426d59,run1_rep3,G,CLOSED,CLOSED,request,PROVIDER,N/A,,3623.875127001156,INFO,adaptador.request,true,exitoso,,,10420.66176563,10417.037890503,,,2026-09-05T00:22:03.865809Z
8491af1d-6209-4927-bede-ca456a695f25,run1_rep3,G,CLOSED,CLOSED,request,PROVIDER,N/A,,3694.0487520005263,INFO,adaptador.request,true,exitoso,,,10420.749948172,10417.05589942,,,2026-09-05T00:22:03.954002Z
17c453f3-1cd9-4d53-82f6-2ff1006309df,run1_rep3,G,CLOSED,CLOSED,request,PROVIDER,N/A,,3627.1180849998927,INFO,adaptador.request,true,exitoso,,,10420.81914413,10417.192026045,,,2026-09-05T00:22:04.023169Z
fbe7a157-f0d9-41c4-aeaf-5c4608bc653a,run1_rep3,G,CLOSED,CLOSED,request,PROVIDER,N/A,,3685.5950850003865,INFO,adaptador.request,true,exitoso,,,10420.928533963,10417.242938878,,,2026-09-05T00:22:04.132568Z
b09c0c41-8bd7-446d-a06f-606485d8cd4b,run1_rep3,G,CLOSED,CLOSED,request,PROVIDER,N/A,,3779.5599599994603,INFO,adaptador.request,true,exitoso,,,10421.034146297,10417.254586337,,,2026-09-05T00:22:04.238222Z
98fdd66e-c1b5-41a7-9b0f-9ce3e7843915,run1_rep3,G,CLOSED,CLOSED,request,PROVIDER,N/A,,3747.0639600014692,INFO,adaptador.request,true,exitoso,,,10421.10239388,10417.35532992,,,2026-09-05T00:22:04.306421Z
f5e6c64a-8341-415d-87b7-b67ff0ccca75,run1_rep3,G,CLOSED,CLOSED,request,PROVIDER,N/A,,3670.0177940001595,INFO,adaptador.request,true,exitoso,,,10421.174914089,10417.504896295,,,2026-09-05T00:22:04.378954Z
4d69daa6-4b7e-4e13-a71a-987cf0c85f0d,run1_rep3,G,CLOSED,CLOSED,request,PROVIDER,N/A,,3687.9339189999882,INFO,adaptador.request,true,exitoso,,,10421.237453547,10417.549519628,,,2026-09-05T00:22:04.441468Z
2815edca-29d5-44a3-92c3-b1ddcd421e43,run1_rep3,G,CLOSED,CLOSED,request,PROVIDER,N/A,,3594.8704599995835,INFO,adaptador.request,true,exitoso,,,10421.322390255,10417.727519795,,,2026-09-05T00:22:04.526450Z
7cce57f1-1ac4-485b-85f4-3fcfed21744f,run1_rep3,G,CLOSED,CLOSED,request,PROVIDER,N/A,,3522.415252000428,INFO,adaptador.request,true,exitoso,,,10421.386406964,10417.863991712,,,2026-09-05T00:22:04.590429Z
4f5a334a-7401-4447-acd4-db4533cf78f1,run1_rep3,G,CLOSED,CLOSED,request,PROVIDER,N/A,,3499.1667100002815,INFO,adaptador.request,true,exitoso,,,10421.45621963,10417.95705292,,,2026-09-05T00:22:04.660234Z
c42973ba-093f-4375-a5ce-7da14c04c4b6,run1_rep3,G,CLOSED,CLOSED,request,PROVIDER,N/A,,3487.8682929993374,INFO,adaptador.request,true,exitoso,,,10421.532564172,10418.044695879,,,2026-09-05T00:22:04.736618Z
ed2247d8-4b6b-4f10-a484-83090daaf556,run1_rep3,G,CLOSED,CLOSED,request,PROVIDER,N/A,,3419.340626000121,INFO,adaptador.request,true,exitoso,,,10421.62502338,10418.205682754,,,2026-09-05T00:22:04.829018Z
e9c429a0-f6d0-4419-8032-4f76ffd5cbcc,run1_rep3,G,CLOSED,CLOSED,request,PROVIDER,N/A,,3467.0279180008947,INFO,adaptador.request,true,exitoso,,,10421.719325755,10418.252297837,,,2026-09-05T00:22:04.923349Z
f7ce712e-5571-4a8e-8680-cf27afda9147,run1_rep3,G,CLOSED,CLOSED,request,PROVIDER,N/A,,3508.4332520000316,INFO,adaptador.request,true,exitoso,,,10421.802894922,10418.29446167,,,2026-09-05T00:22:05.006937Z
9c93af84-07bf-4626-b89c-94869df8f231,run1_rep3,G,CLOSED,CLOSED,request,PROVIDER,N/A,,3554.523501999938,INFO,adaptador.request,true,exitoso,,,10421.860570547,10418.306047045,,,2026-09-05T00:22:05.064597Z
e03c23e1-2dc1-4df3-ae7e-79e4aea2bf93,run1_rep3,G,CLOSED,CLOSED,request,PROVIDER,N/A,,3574.9305429999367,INFO,adaptador.request,true,exitoso,,,10421.961771214,10418.386840671,,,2026-09-05T00:22:05.165839Z
c500889e-34fe-43a0-83e4-9e22cffca60e,run1_rep3,G,CLOSED,CLOSED,request,PROVIDER,N/A,,3615.595793000466,INFO,adaptador.request,true,exitoso,,,10422.052673714,10418.437077921,,,2026-09-05T00:22:05.256720Z
34bf840d-0560-42bf-95b8-4e9c0991f293,run1_rep3,G,CLOSED,CLOSED,request,PROVIDER,N/A,,3644.7013769993646,INFO,adaptador.request,true,exitoso,,,10422.128810506,10418.484109129,,,2026-09-05T00:22:05.332768Z
77d68e22-1674-42d1-970f-94e05226a88f,run1_rep3,G,CLOSED,CLOSED,request,PROVIDER,N/A,,3669.604167998841,INFO,adaptador.request,true,exitoso,,,10422.229937547,10418.560333379,,,2026-09-05T00:22:05.433929Z
1bfb1c99-e52b-46eb-bfb5-8b303fea6e18,run1_rep3,G,CLOSED,CLOSED,request,PROVIDER,N/A,,3670.654334999199,INFO,adaptador.request,true,exitoso,,,10422.297131922,10418.626477587,,,2026-09-05T00:22:05.501131Z
c9dfcf08-5117-43e2-8ec1-7a014ad62384,run1_rep3,G,CLOSED,CLOSED,request,PROVIDER,N/A,,3659.5837510012643,INFO,adaptador.request,true,exitoso,,,10422.366102297,10418.706518546,,,2026-09-05T00:22:05.570107Z
ab580346-8e38-48cf-ac0b-8b0d5bbae121,run1_rep3,G,CLOSED,CLOSED,request,PROVIDER,N/A,,3747.146501998941,INFO,adaptador.request,true,exitoso,,,10422.454037131,10418.706890629,,,2026-09-05T00:22:05.658161Z
d2b6553a-5fef-461c-8af5-67cf9841efe3,run1_rep3,G,CLOSED,CLOSED,request,PROVIDER,N/A,,3744.305918999089,INFO,adaptador.request,true,exitoso,,,10422.564082631,10418.819776712,,,2026-09-05T00:22:05.768243Z
8c247351-4735-4a98-91eb-99d67730f550,run1_rep3,G,CLOSED,CLOSED,request,PROVIDER,N/A,,3652.624709999145,INFO,adaptador.request,true,exitoso,,,10422.646482756,10418.993858046,,,2026-09-05T00:22:05.850503Z
3a71b5f6-fd7c-4e87-a379-ef3c2bee27bc,run1_rep3,G,CLOSED,CLOSED,request,PROVIDER,N/A,,3716.198461001113,INFO,adaptador.request,true,exitoso,,,10422.710280798,10418.994082337,,,2026-09-05T00:22:05.914304Z
6e005a87-961c-45e3-8073-db89bea3a753,run1_rep3,G,CLOSED,CLOSED,request,PROVIDER,N/A,,3636.6397099991445,INFO,adaptador.request,true,exitoso,,,10422.801580881,10419.164941171,,,2026-09-05T00:22:06.005593Z
9337e262-0465-4a12-81a1-fe1c1c96c691,run1_rep3,G,CLOSED,CLOSED,request,PROVIDER,N/A,,3650.5015429993364,INFO,adaptador.request,true,exitoso,,,10422.880694964,10419.230193421,,,2026-09-05T00:22:06.084690Z
3bf3d8ea-9467-4be1-ac2b-00c0248260e0,run1_rep3,G,CLOSED,CLOSED,request,PROVIDER,N/A,,3661.885585001073,INFO,adaptador.request,true,exitoso,,,10422.946742714,10419.284857129,,,2026-09-05T00:22:06.150746Z
07b06d27-4310-4138-b012-fe923d0b77ce,run1_rep3,G,CLOSED,CLOSED,request,PROVIDER,N/A,,3755.2272100001574,INFO,adaptador.request,true,exitoso,,,10423.049993298,10419.294766088,,,2026-09-05T00:22:06.254067Z
9d5e468c-0a21-4583-9614-ca7520771a8f,run1_rep3,G,CLOSED,CLOSED,request,PROVIDER,N/A,,3774.328127001354,INFO,adaptador.request,true,exitoso,,,10423.109619798,10419.335291671,,,2026-09-05T00:22:06.313648Z
e0f5e83f-d982-4a4f-9756-425d3dea22b1,run1_rep3,G,CLOSED,CLOSED,request,PROVIDER,N/A,,3692.096210001182,INFO,adaptador.request,true,exitoso,,,10423.170545589,10419.478449379,,,2026-09-05T00:22:06.374570Z
03074bca-634e-4914-ad1b-a478be184572,run1_rep3,G,CLOSED,CLOSED,request,PROVIDER,N/A,,3677.689961001306,INFO,adaptador.request,true,exitoso,,,10423.26945884,10419.591768879,,,2026-09-05T00:22:06.473496Z
64cff3e9-380c-4f48-b830-afbedda25327,run1_rep3,G,CLOSED,CLOSED,request,PROVIDER,N/A,,3712.7361680013564,INFO,adaptador.request,true,exitoso,,,10423.377497506,10419.664761338,,,2026-09-05T00:22:06.581544Z
0b58fdbb-9ec0-4137-9434-bd43d3b50c71,run1_rep3,G,CLOSED,CLOSED,request,PROVIDER,N/A,,3803.6159180010145,INFO,adaptador.request,true,exitoso,,,10423.482615131,10419.678999213,,,2026-09-05T00:22:06.686657Z
92f453c2-6101-4de3-a223-3a2da415216b,run1_rep3,G,CLOSED,CLOSED,request,PROVIDER,N/A,,3571.1204190010903,INFO,adaptador.request,true,exitoso,,,10423.56096459,10419.989844171,,,2026-09-05T00:22:06.765013Z
3cc0ce32-b78e-48a9-8dc2-cc7f7b963b2d,run1_rep3,G,CLOSED,CLOSED,request,PROVIDER,N/A,,3606.2124189993483,INFO,adaptador.request,true,exitoso,,,10423.62743984,10420.021227421,,,2026-09-05T00:22:06.831451Z
8ccf8d24-f5da-4b68-8605-c12bb553f8e5,run1_rep3,G,CLOSED,CLOSED,request,PROVIDER,N/A,,3645.308502000262,INFO,adaptador.request,true,exitoso,,,10423.69998684,10420.054678338,,,2026-09-05T00:22:06.904034Z
15089a50-0f8e-43b2-ba1c-61ed90a2daf7,run1_rep3,G,CLOSED,CLOSED,request,PROVIDER,N/A,,3649.1107100009685,INFO,adaptador.request,true,exitoso,,,10423.777435256,10420.128324546,,,2026-09-05T00:22:06.981586Z
c7a614cc-e018-4783-9b3b-9d1713f8102f,run1_rep3,G,CLOSED,CLOSED,request,PROVIDER,N/A,,3706.8806269999186,INFO,adaptador.request,true,exitoso,,,10423.87556059,10420.168679963,,,2026-09-05T00:22:07.079587Z
a3935df4-9dbf-4299-a05c-ad04519548bf,run1_rep3,G,CLOSED,CLOSED,request,PROVIDER,N/A,,3718.7672939999175,INFO,adaptador.request,true,exitoso,,,10423.96091034,10420.242143046,,,2026-09-05T00:22:07.164950Z
3bd2b26a-47f9-4fd7-87c3-39f9c4530bc1,run1_rep3,G,CLOSED,CLOSED,request,PROVIDER,N/A,,3704.322126999614,INFO,adaptador.request,true,exitoso,,,10424.040241215,10420.335919088,,,2026-09-05T00:22:07.244252Z
00f994b9-3ce0-4bc3-8854-2d59d387f12a,run1_rep3,G,CLOSED,CLOSED,request,PROVIDER,N/A,,3740.9897109992016,INFO,adaptador.request,true,exitoso,,,10424.105807257,10420.364817546,,,2026-09-05T00:22:07.309813Z
9df840fa-7f2b-44b8-9466-3c31b09656cb,run1_rep3,G,CLOSED,CLOSED,request,PROVIDER,N/A,,3842.3220019994915,INFO,adaptador.request,true,exitoso,,,10424.207667465,10420.365345463,,,2026-09-05T00:22:07.411678Z
4332c8f8-fa33-4972-bc80-d33f4d3ff356,run1_rep3,G,CLOSED,CLOSED,request,PROVIDER,N/A,,3802.113167999778,INFO,adaptador.request,true,exitoso,,,10424.297649715,10420.495536547,,,2026-09-05T00:22:07.501674Z
a559fafb-8b50-41b4-8cd4-b19fc861b1a2,run1_rep3,G,CLOSED,CLOSED,request,PROVIDER,N/A,,3886.1339179984498,INFO,adaptador.request,true,exitoso,,,10424.382163923,10420.496030005,,,2026-09-05T00:22:07.586172Z
9e470c25-571d-43c8-945b-6efccc54e5f2,run1_rep3,G,CLOSED,CLOSED,request,PROVIDER,N/A,,3905.5854179987364,INFO,adaptador.request,true,exitoso,,,10424.474800715,10420.569215297,,,2026-09-05T00:22:07.678813Z
48df5e5f-eb46-447a-ad39-ce04c151cf5b,run1_rep3,G,CLOSED,CLOSED,request,PROVIDER,N/A,,3938.3235850000347,INFO,adaptador.request,true,exitoso,,,10424.534460965,10420.59613738,,,2026-09-05T00:22:07.738478Z
93f3b0ce-55fc-4d10-ab9e-377f3aaf3b1c,run1_rep3,G,CLOSED,CLOSED,request,PROVIDER,N/A,,3754.165918000581,INFO,adaptador.request,true,exitoso,,,10424.62256284,10420.868396922,,,2026-09-05T00:22:07.826596Z
a351848d-a379-4172-a18b-9a3d9536bf2b,run1_rep3,G,CLOSED,CLOSED,request,PROVIDER,N/A,,3832.513044000734,INFO,adaptador.request,true,exitoso,,,10424.708161007,10420.875647963,,,2026-09-05T00:22:07.912187Z
ac93d79e-c854-4da9-bc0f-cce9e9bac5d5,run1_rep3,G,CLOSED,CLOSED,request,PROVIDER,N/A,,3801.3086679984553,INFO,adaptador.request,true,exitoso,,,10424.79338584,10420.992077172,,,2026-09-05T00:22:07.997401Z
fdeb8d1a-4337-463a-a7a5-05b9b999cddf,run1_rep3,G,CLOSED,CLOSED,request,PROVIDER,N/A,,3899.816835999445,INFO,adaptador.request,true,exitoso,,,10424.892334924,10420.992518088,,,2026-09-05T00:22:08.096346Z
dd00d1b9-a96f-4026-8a5c-8d222c467adc,run1_rep3,G,CLOSED,CLOSED,request,PROVIDER,N/A,,3993.494336000367,INFO,adaptador.request,true,exitoso,,,10424.986195299,10420.992700963,,,2026-09-05T00:22:08.190203Z
cef4b1f4-fbff-443f-b586-92a7c2bc7d90,run1_rep3,G,CLOSED,CLOSED,request,PROVIDER,N/A,,3872.314919000928,INFO,adaptador.request,true,exitoso,,,10425.069178924,10421.196864005,,,2026-09-05T00:22:08.273210Z
ecf90c06-880f-4ed5-af78-2e280090e8a6,run1_rep3,G,CLOSED,CLOSED,request,PROVIDER,N/A,,3819.9665430001915,INFO,adaptador.request,true,exitoso,,,10425.15813684,10421.338170297,,,2026-09-05T00:22:08.362164Z
5d0f37e9-3d30-4440-980f-096abe2eddf7,run1_rep3,G,CLOSED,CLOSED,request,PROVIDER,N/A,,3786.1309179988893,INFO,adaptador.request,true,exitoso,,,10425.228240632,10421.442109714,,,2026-09-05T00:22:08.432263Z
cacefc91-60b5-4378-9c7c-ce9bd71bde29,run1_rep3,G,CLOSED,CLOSED,request,PROVIDER,N/A,,3784.223292999741,INFO,adaptador.request,true,exitoso,,,10425.322178507,10421.537955214,,,2026-09-05T00:22:08.526204Z
2d96e503-edc2-411f-b306-0d9cd98d9488,run1_rep3,G,CLOSED,CLOSED,request,PROVIDER,N/A,,3776.9332099996973,INFO,adaptador.request,true,exitoso,,,10425.388785382,10421.611852172,,,2026-09-05T00:22:08.592826Z
c1097f30-519f-4cd0-a26f-e76ae6b82300,run1_rep3,G,CLOSED,CLOSED,request,PROVIDER,N/A,,3693.4432519992697,INFO,adaptador.request,true,exitoso,,,10425.474434091,10421.780990839,,,2026-09-05T00:22:08.678481Z
46b73aa2-e18b-4837-84c2-f9773f2f8ae0,run1_rep3,G,CLOSED,CLOSED,request,PROVIDER,N/A,,3755.479543999172,INFO,adaptador.request,true,exitoso,,,10425.548273674,10421.79279413,,,2026-09-05T00:22:08.752303Z
27d8ddb1-29fe-4293-990a-df26d70434bf,run1_rep3,G,CLOSED,CLOSED,request,PROVIDER,N/A,,3813.270377000663,INFO,adaptador.request,true,exitoso,,,10425.627402757,10421.81413238,,,2026-09-05T00:22:08.831428Z
3b050dd2-02b6-4940-ba14-793869caff44,run1_rep3,G,CLOSED,CLOSED,request,PROVIDER,N/A,,3855.90858499927,INFO,adaptador.request,true,exitoso,,,10425.691321216,10421.835412631,,,2026-09-05T00:22:08.895348Z
228383d5-957a-45c5-8106-fd29b80b3048,run1_rep3,G,CLOSED,CLOSED,request,PROVIDER,N/A,,3884.964460001356,INFO,adaptador.request,true,exitoso,,,10425.769640132,10421.884675672,,,2026-09-05T00:22:08.973680Z
1929ae45-e737-4751-8bc6-1971de4ce349,run1_rep3,G,CLOSED,CLOSED,request,PROVIDER,N/A,,3818.989834999229,INFO,adaptador.request,true,exitoso,,,10425.828912132,10422.009922297,,,2026-09-05T00:22:09.032941Z
63beb198-fa00-4003-ab98-d2370173fd56,run1_rep3,G,CLOSED,CLOSED,request,PROVIDER,N/A,,3763.327250999282,INFO,adaptador.request,true,exitoso,,,10425.910045507,10422.146718256,,,2026-09-05T00:22:09.114108Z
ef7935f5-496b-46a0-87ec-f2a5d315aa12,run1_rep3,G,CLOSED,CLOSED,request,PROVIDER,N/A,,3818.005709999852,INFO,adaptador.request,true,exitoso,,,10425.992730382,10422.174724672,,,2026-09-05T00:22:09.196751Z
26f6f652-e02f-4d41-82aa-ac243cc5c419,run1_rep3,G,CLOSED,CLOSED,request,PROVIDER,N/A,,3814.406126999529,INFO,adaptador.request,true,exitoso,,,10426.096063216,10422.281657089,,,2026-09-05T00:22:09.300110Z
9e8e6ef3-5000-4311-b53d-966356aa9d05,run1_rep3,G,CLOSED,CLOSED,request,PROVIDER,N/A,,3867.569211000955,INFO,adaptador.request,true,exitoso,,,10426.175044883,10422.307475672,,,2026-09-05T00:22:09.379082Z
2ee742ef-ada2-4995-b0fd-6d248d96f7a1,run1_rep3,G,CLOSED,CLOSED,request,PROVIDER,N/A,,3926.961752000352,INFO,adaptador.request,true,exitoso,,,10426.266430883,10422.339469131,,,2026-09-05T00:22:09.470448Z
c23646b9-6f7e-4c1a-a190-1e7af57a134a,run1_rep3,G,CLOSED,CLOSED,request,PROVIDER,N/A,,3763.3597519998148,INFO,adaptador.request,true,exitoso,,,10426.331348341,10422.567988589,,,2026-09-05T00:22:09.535381Z
9d7a3b23-fbd6-4290-bd66-29e26a9213d3,run1_rep3,G,CLOSED,CLOSED,request,PROVIDER,N/A,,3752.1592510001938,INFO,adaptador.request,true,exitoso,,,10426.406091049,10422.653931798,,,2026-09-05T00:22:09.610128Z
203277aa-f026-407e-b4a6-953cf6bc5e78,run1_rep3,G,CLOSED,CLOSED,request,PROVIDER,N/A,,3796.1683349985833,INFO,adaptador.request,true,exitoso,,,10426.479057841,10422.682889506,,,2026-09-05T00:22:09.683145Z
c3680d25-8248-43cf-9a69-728221a3b4a4,run1_rep3,G,CLOSED,CLOSED,request,PROVIDER,N/A,,3783.0366260004666,INFO,adaptador.request,true,exitoso,,,10426.550436924,10422.767400298,,,2026-09-05T00:22:09.754478Z
f6791df7-d0af-4830-bd8d-fcaa91eaeccd,run1_rep3,G,CLOSED,CLOSED,request,PROVIDER,N/A,,3812.3603759995603,INFO,adaptador.request,true,exitoso,,,10426.604610174,10422.792249798,,,2026-09-05T00:22:09.808618Z
fd4e834e-10da-41a9-bcdf-3555aa8f8b82,run1_rep3,G,CLOSED,CLOSED,request,PROVIDER,N/A,,3859.3175430014526,INFO,adaptador.request,true,exitoso,,,10426.692656466,10422.833338923,,,2026-09-05T00:22:09.896691Z
d0b0e3f4-a156-4744-9100-ff91933f49ba,run1_rep3,G,CLOSED,CLOSED,request,PROVIDER,N/A,,3807.253459999629,INFO,adaptador.request,true,exitoso,,,10426.770522383,10422.963268923,,,2026-09-05T00:22:09.974648Z
744cbe02-4171-4539-9aef-6c45f489cafd,run1_rep3,G,CLOSED,CLOSED,request,PROVIDER,N/A,,3723.1723360000615,INFO,adaptador.request,true,exitoso,,,10426.8693458,10423.146173464,,,2026-09-05T00:22:10.073357Z
5371d19c-bb3e-4777-887e-69bccf7b9ee5,run1_rep3,G,CLOSED,CLOSED,request,PROVIDER,N/A,,3794.1885020009067,INFO,adaptador.request,true,exitoso,,,10426.965471633,10423.171283131,,,2026-09-05T00:22:10.169493Z
c5c87aac-5b13-4bb8-82a4-37ad6d680222,run1_rep3,G,CLOSED,CLOSED,request,PROVIDER,N/A,,3855.6837940013793,INFO,adaptador.request,true,exitoso,,,10427.035132675,10423.179448881,,,2026-09-05T00:22:10.239131Z
2e3ebf31-95d0-41a8-8372-507da818e79e,run1_rep3,G,CLOSED,CLOSED,request,PROVIDER,N/A,,3868.6956689998624,INFO,adaptador.request,true,exitoso,,,10427.092587008,10423.223891339,,,2026-09-05T00:22:10.296610Z
67c301c5-23f5-409b-9a2d-534ee97fe5c7,run1_rep3,G,CLOSED,CLOSED,request,PROVIDER,N/A,,3917.906335000225,INFO,adaptador.request,true,exitoso,,,10427.157279175,10423.23937284,,,2026-09-05T00:22:10.361300Z
1fde6119-b3f3-492a-923e-94446b924541,run1_rep3,G,CLOSED,CLOSED,request,PROVIDER,N/A,,3845.381709999856,INFO,adaptador.request,true,exitoso,,,10427.235348675,10423.389966965,,,2026-09-05T00:22:10.439351Z
988ed765-3511-4238-b534-7592ed02772d,run1_rep3,G,CLOSED,CLOSED,request,PROVIDER,N/A,,3926.9375020012376,INFO,adaptador.request,true,exitoso,,,10427.32342955,10423.396492048,,,2026-09-05T00:22:10.527468Z
f0277642-f2e5-4919-8637-d655ea07621d,run1_rep3,G,CLOSED,CLOSED,request,PROVIDER,N/A,,3788.287877001494,INFO,adaptador.request,true,exitoso,,,10427.4163308,10423.628042923,,,2026-09-05T00:22:10.620366Z
0b809182-4c78-42ae-be16-13aeec84f880,run1_rep3,G,CLOSED,CLOSED,request,PROVIDER,N/A,,3729.0612519991555,INFO,adaptador.request,true,exitoso,,,10427.484648967,10423.755587715,,,2026-09-05T00:22:10.688688Z
68923201-7f04-46bd-a60f-1d27a8193730,run1_rep3,G,CLOSED,CLOSED,request,PROVIDER,N/A,,3766.3037100010115,INFO,adaptador.request,true,exitoso,,,10427.544867508,10423.778563798,,,2026-09-05T00:22:10.748892Z
37939734-3789-4cd8-831c-82f5bd0451f1,run1_rep3,G,CLOSED,CLOSED,request,PROVIDER,N/A,,3629.138084999795,INFO,adaptador.request,true,exitoso,,,10427.634768508,10424.005630423,,,2026-09-05T00:22:10.838820Z
074abb87-99c7-4c5a-abba-d50a05c5471a,run1_rep3,G,CLOSED,CLOSED,request,PROVIDER,N/A,,3615.2772100012953,INFO,adaptador.request,true,exitoso,,,10427.699123717,10424.083846507,,,2026-09-05T00:22:10.903131Z
6350afde-667b-4ec8-865a-1c8fa05a5257,run1_rep3,G,CLOSED,CLOSED,request,PROVIDER,N/A,,3652.5557519998983,INFO,adaptador.request,true,exitoso,,,10427.8004008,10424.147845048,,,2026-09-05T00:22:11.004391Z
275d0527-898f-481c-85fc-72113d357221,run1_rep3,G,CLOSED,CLOSED,request,PROVIDER,N/A,,3729.359335000481,INFO,adaptador.request,true,exitoso,,,10427.895747217,10424.166387882,,,2026-09-05T00:22:11.099761Z
96026f56-3682-43ee-82d8-7a4098244452,run1_rep3,G,CLOSED,CLOSED,request,PROVIDER,N/A,,3705.6852929999877,INFO,adaptador.request,true,exitoso,,,10427.993328508,10424.287643215,,,2026-09-05T00:22:11.197342Z
d675aa3d-d70f-44c6-a505-86ce4fb65be9,run1_rep3,G,CLOSED,CLOSED,request,PROVIDER,N/A,,3709.6649600007368,INFO,adaptador.request,true,exitoso,,,10428.057432092,10424.347767132,,,2026-09-05T00:22:11.261460Z
16d6a5c9-98a7-4bc8-8af4-7829c151dd9d,run1_rep3,G,CLOSED,CLOSED,request,PROVIDER,N/A,,3616.5545860003476,INFO,adaptador.request,true,exitoso,,,10428.130817509,10424.514262923,,,2026-09-05T00:22:11.334826Z
76643e65-326e-4265-853a-85073faf84d5,run1_rep3,G,CLOSED,CLOSED,request,PROVIDER,N/A,,3691.1313769996923,INFO,adaptador.request,true,exitoso,,,10428.232796675,10424.541665298,,,2026-09-05T00:22:11.436823Z
2fdc4510-1aab-4cc2-b6ee-6eca66e338ac,run1_rep3,G,CLOSED,CLOSED,request,PROVIDER,N/A,,3664.9677100012923,INFO,adaptador.request,true,exitoso,,,10428.291242175,10424.626274465,,,2026-09-05T00:22:11.495262Z
4c28ee3a-373b-48bf-b78a-c418e3a6d0ea,run1_rep3,G,CLOSED,CLOSED,request,PROVIDER,N/A,,3617.917543999283,INFO,adaptador.request,true,exitoso,,,10428.360824759,10424.742907215,,,2026-09-05T00:22:11.564850Z
deda2e32-488d-4127-a956-b3c32cc98876,run1_rep3,G,CLOSED,CLOSED,request,PROVIDER,N/A,,3663.9489179997327,INFO,adaptador.request,true,exitoso,,,10428.467637217,10424.803688299,,,2026-09-05T00:22:11.671652Z
ba92beca-2f13-4e2a-8ab5-27341e6a054e,run1_rep3,G,CLOSED,CLOSED,request,PROVIDER,N/A,,3581.6132100007962,INFO,adaptador.request,true,exitoso,,,10428.533074842,10424.951461632,,,2026-09-05T00:22:11.737095Z
5f4fdc0d-8b55-4c3f-8cd7-cb0427e219aa,run1_rep3,G,CLOSED,CLOSED,request,PROVIDER,N/A,,3604.028001998813,INFO,adaptador.request,true,exitoso,,,10428.596985842,10424.99295784,,,2026-09-05T00:22:11.801053Z
07d50b78-5ce1-4fa3-848a-a7bbbd3a2096,run1_rep3,G,CLOSED,CLOSED,request,PROVIDER,N/A,,3636.037460000807,INFO,adaptador.request,true,exitoso,,,10428.666437467,10425.030400007,,,2026-09-05T00:22:11.870447Z
84b93f88-a350-466d-aff5-566bca1864f6,run1_rep3,G,CLOSED,CLOSED,request,PROVIDER,N/A,,3561.6428760004055,INFO,adaptador.request,true,exitoso,,,10428.762848675,10425.201205799,,,2026-09-05T00:22:11.966990Z
c12ca350-ee1e-43c9-bb30-7d7e5e8033df,run1_rep3,G,CLOSED,CLOSED,request,PROVIDER,N/A,,3553.20496099921,INFO,adaptador.request,true,exitoso,,,10428.833981926,10425.280776965,,,2026-09-05T00:22:12.038069Z
ecdc5bce-9013-4046-ad98-655b5170ca35,run1_rep3,G,CLOSED,CLOSED,request,PROVIDER,N/A,,3543.719876000978,INFO,adaptador.request,true,exitoso,,,10428.895313842,10425.351593966,,,2026-09-05T00:22:12.099322Z
a6481ccf-0e31-449d-b569-8ee7cb1c2b71,run1_rep3,G,CLOSED,CLOSED,request,PROVIDER,N/A,,3536.0368350011413,INFO,adaptador.request,true,exitoso,,,10428.968308092,10425.432271257,,,2026-09-05T00:22:12.172321Z
3f110ac9-6639-447a-9780-4ef0bbe5cc40,run1_rep3,G,CLOSED,CLOSED,request,PROVIDER,N/A,,3522.757544000342,INFO,adaptador.request,true,exitoso,,,10429.029080801,10425.506323257,,,2026-09-05T00:22:12.233113Z
5f3116ac-cb63-48c5-a26b-bdd847857c5e,run1_rep3,G,CLOSED,CLOSED,request,PROVIDER,N/A,,3456.198834999668,INFO,adaptador.request,true,exitoso,,,10429.094410009,10425.638211174,,,2026-09-05T00:22:12.298411Z
45b138c2-da4b-4706-8047-c6799899a0be,run1_rep3,G,CLOSED,CLOSED,request,PROVIDER,N/A,,3511.709544000041,INFO,adaptador.request,true,exitoso,,,10429.202823551,10425.691114007,,,2026-09-05T00:22:12.406855Z
299181b3-df85-420e-b656-fae35db6fd9e,run1_rep3,G,CLOSED,CLOSED,request,PROVIDER,N/A,,3573.9001679994544,INFO,adaptador.request,true,exitoso,,,10429.266294467,10425.692394299,,,2026-09-05T00:22:12.470316Z
6405040a-2b33-4d56-87ea-c233ed1b1f9c,run1_rep3,G,CLOSED,CLOSED,request,PROVIDER,N/A,,3649.4337099993572,INFO,adaptador.request,true,exitoso,,,10429.368785801,10425.719352091,,,2026-09-05T00:22:12.572798Z
04de8c93-e9a5-4f2e-812a-34443904b608,run1_rep3,G,CLOSED,CLOSED,request,PROVIDER,N/A,,3700.2573350000603,INFO,adaptador.request,true,exitoso,,,10429.453435884,10425.753178549,,,2026-09-05T00:22:12.657474Z
079be829-aa93-4f89-bb2a-42f529b1270a,run1_rep3,G,CLOSED,CLOSED,request,PROVIDER,N/A,,3547.5005019998207,INFO,adaptador.request,true,exitoso,,,10429.515899676,10425.968399174,,,2026-09-05T00:22:12.719939Z
53c7b62d-1dd8-4673-9181-b4fead36af7a,run1_rep3,G,CLOSED,CLOSED,request,PROVIDER,N/A,,3566.4250850004464,INFO,adaptador.request,true,exitoso,,,10429.597963176,10426.031538091,,,2026-09-05T00:22:12.802036Z
d3de3bb4-79fa-4236-bc74-347934c4ce52,run1_rep3,G,CLOSED,CLOSED,request,PROVIDER,N/A,,3556.0657940004603,INFO,adaptador.request,true,exitoso,,,10429.657862718,10426.101796924,,,2026-09-05T00:22:12.862015Z
cbfd901c-31f4-4d4d-a41e-207e9a6d19f2,run1_rep3,G,CLOSED,CLOSED,request,PROVIDER,N/A,,3630.9135850005987,INFO,adaptador.request,true,exitoso,,,10429.733318676,10426.102405091,,,2026-09-05T00:22:12.937349Z
4654c869-074f-4b86-bbf8-81f68142e45b,run1_rep3,G,CLOSED,CLOSED,request,PROVIDER,N/A,,3685.3093769987026,INFO,adaptador.request,true,exitoso,,,10429.840229593,10426.154920216,,,2026-09-05T00:22:13.044271Z
364653e7-d5ad-4396-8a2a-dea9f0697fd6,run1_rep3,G,CLOSED,CLOSED,request,PROVIDER,N/A,,3588.38712600118,INFO,adaptador.request,true,exitoso,,,10429.940271134,10426.351884008,,,2026-09-05T00:22:13.144298Z
4ec68a6c-bd27-43ef-9b52-40a65be00849,run1_rep3,G,CLOSED,CLOSED,request,PROVIDER,N/A,,3649.7641679998196,INFO,adaptador.request,true,exitoso,,,10430.002030759,10426.352266591,,,2026-09-05T00:22:13.206034Z
f5d0661c-7377-4bde-be82-425c908219f0,run1_rep3,G,CLOSED,CLOSED,request,PROVIDER,N/A,,3714.552751998781,INFO,adaptador.request,true,exitoso,,,10430.094300718,10426.379747966,,,2026-09-05T00:22:13.298289Z
0dd52314-cb2c-4851-a3d0-6bb4e73a0e62,run1_rep3,G,CLOSED,CLOSED,request,PROVIDER,N/A,,3597.6448350011196,INFO,adaptador.request,true,exitoso,,,10430.198951009,10426.601306174,,,2026-09-05T00:22:13.403014Z
179d8ab1-9173-4d4d-9818-61d9d17b16b7,run1_rep3,G,CLOSED,CLOSED,request,PROVIDER,N/A,,3615.1155850002397,INFO,adaptador.request,true,exitoso,,,10430.285455926,10426.670340341,,,2026-09-05T00:22:13.489491Z
9d8edbae-89ba-42f2-9ce6-26715de5635c,run1_rep3,G,CLOSED,CLOSED,request,PROVIDER,N/A,,3660.9247519991186,INFO,adaptador.request,true,exitoso,,,10430.381230426,10426.720305674,,,2026-09-05T00:22:13.585251Z
544af004-848a-4a13-acc0-965b58e54d2f,run1_rep3,G,CLOSED,CLOSED,request,PROVIDER,N/A,,3662.002126000516,INFO,adaptador.request,true,exitoso,,,10430.486206551,10426.824204425,,,2026-09-05T00:22:13.690220Z
b5eb4d11-b5e7-4e27-ac6c-94ebb4edc2d4,run1_rep3,G,CLOSED,CLOSED,request,PROVIDER,N/A,,3683.7597100002313,INFO,adaptador.request,true,exitoso,,,10430.586953593,10426.903193883,,,2026-09-05T00:22:13.790995Z
c9e445eb-5598-49fc-8b9b-9f0a4226913e,run1_rep3,G,CLOSED,CLOSED,request,PROVIDER,N/A,,3646.2995009987935,INFO,adaptador.request,true,exitoso,,,10430.670933426,10427.024633925,,,2026-09-05T00:22:13.874982Z
024ed1a2-fff8-49cd-a5f9-c5d90622ee70,run1_rep3,G,CLOSED,CLOSED,request,PROVIDER,N/A,,3729.8500850010896,INFO,adaptador.request,true,exitoso,,,10430.754831468,10427.024981383,,,2026-09-05T00:22:13.958872Z
080bcf35-2c7c-4bbb-8624-f76ea685cc9c,run1_rep3,G,CLOSED,CLOSED,request,PROVIDER,N/A,,3827.9134599997633,INFO,adaptador.request,true,exitoso,,,10430.85843351,10427.03052005,,,2026-09-05T00:22:14.062511Z
fc0ba65c-f7cf-41b7-9728-16eb847da9ab,run1_rep3,G,CLOSED,CLOSED,request,PROVIDER,N/A,,3862.2240019994933,INFO,adaptador.request,true,exitoso,,,10430.955914593,10427.093690591,,,2026-09-05T00:22:14.159985Z
330b8d2d-a88c-4727-9078-6c2d19c9bd53,run1_rep3,G,CLOSED,CLOSED,request,PROVIDER,N/A,,3943.307043000459,INFO,adaptador.request,true,exitoso,,,10431.045916468,10427.102609425,,,2026-09-05T00:22:14.249931Z
f35224cf-d187-44e2-9183-0193fb3024ca,run1_rep3,G,CLOSED,CLOSED,request,PROVIDER,N/A,,3906.4606690008077,INFO,adaptador.request,true,exitoso,,,10431.152314302,10427.245853633,,,2026-09-05T00:22:14.356487Z
dd382ae9-706b-4b22-b307-4d65bb02d586,run1_rep3,G,CLOSED,CLOSED,request,PROVIDER,N/A,,3773.122668000724,INFO,adaptador.request,true,exitoso,,,10431.22475426,10427.451631592,,,2026-09-05T00:22:14.428802Z
35217601-ed83-4ad1-bf6b-c528ac9d243c,run1_rep3,G,CLOSED,CLOSED,request,PROVIDER,N/A,,3756.245585000215,INFO,adaptador.request,true,exitoso,,,10431.29199226,10427.535746675,,,2026-09-05T00:22:14.496063Z
b4bad9bc-45f4-49c6-8db3-49d8607650ea,run1_rep3,G,CLOSED,CLOSED,request,PROVIDER,N/A,,3732.836959999986,INFO,adaptador.request,true,exitoso,,,10431.373559427,10427.640722467,,,2026-09-05T00:22:14.577561Z
6f20531c-5cb8-4e62-a6e7-deb962d87e67,run1_rep3,G,CLOSED,CLOSED,request,PROVIDER,N/A,,3821.4551269993535,INFO,adaptador.request,true,exitoso,,,10431.463988927,10427.6425338,,,2026-09-05T00:22:14.668002Z
1d418d4d-9d58-4db9-b82e-673d8d831c04,run1_rep3,G,CLOSED,CLOSED,request,PROVIDER,N/A,,3811.3346259997343,INFO,adaptador.request,true,exitoso,,,10431.547318843,10427.735984217,,,2026-09-05T00:22:14.751379Z
6d1d5972-09af-4c92-8efe-ea98d56d6e42,run1_rep3,G,CLOSED,CLOSED,request,PROVIDER,N/A,,3843.4724179987825,INFO,adaptador.request,true,exitoso,,,10431.60665201,10427.763179592,,,2026-09-05T00:22:14.810645Z
b279452e-ffb6-4b73-a677-18be7d96af8d,run1_rep3,G,CLOSED,CLOSED,request,PROVIDER,N/A,,3888.5218350005744,INFO,adaptador.request,true,exitoso,,,10431.685303885,10427.79678205,,,2026-09-05T00:22:14.889317Z
c46cacde-21c9-4e94-b258-38b91c300b02,run1_rep3,G,CLOSED,CLOSED,request,PROVIDER,N/A,,3960.1784179994866,INFO,adaptador.request,true,exitoso,,,10431.757472635,10427.797294217,,,2026-09-05T00:22:14.961496Z
bf5f6362-7c9e-4481-b291-525157b03c49,run1_rep3,G,CLOSED,CLOSED,request,PROVIDER,N/A,,3940.897627000595,INFO,adaptador.request,true,exitoso,,,10431.824351969,10427.883454342,,,2026-09-05T00:22:15.028402Z
beaf5722-267c-4ae4-877d-119e6b48d281,run1_rep3,G,CLOSED,CLOSED,request,PROVIDER,N/A,,3746.2249600012,INFO,adaptador.request,true,exitoso,,,10431.916129802,10428.169904842,,,2026-09-05T00:22:15.120127Z
684b78d3-1d34-4b3d-9cec-5d30a8c7db0d,run1_rep3,G,CLOSED,CLOSED,request,PROVIDER,N/A,,3739.584876000663,INFO,adaptador.request,true,exitoso,,,10431.99046151,10428.250876634,,,2026-09-05T00:22:15.194543Z
2b78a772-9104-4474-80d4-f0cc5674f417,run1_rep3,G,CLOSED,CLOSED,request,PROVIDER,N/A,,3796.697085001142,INFO,adaptador.request,true,exitoso,,,10432.057581052,10428.260883967,,,2026-09-05T00:22:15.261563Z
99a35b65-1fb2-432f-b641-4687ea02042d,run1_rep3,G,CLOSED,CLOSED,request,PROVIDER,N/A,,3812.8275009985373,INFO,adaptador.request,true,exitoso,,,10432.143578135,10428.330750634,,,2026-09-05T00:22:15.347536Z
81dc84c8-0058-4fcd-b780-b51821259146,run1_rep3,G,CLOSED,CLOSED,request,PROVIDER,N/A,,3707.469418999608,INFO,adaptador.request,true,exitoso,,,10432.220177219,10428.5127078,,,2026-09-05T00:22:15.424154Z
3307270a-0fdb-4a42-8701-370bda29655b,run1_rep3,G,CLOSED,CLOSED,request,PROVIDER,N/A,,3772.403793000194,INFO,adaptador.request,true,exitoso,,,10432.30004826,10428.527644467,,,2026-09-05T00:22:15.504081Z
e0bf02cb-a773-4182-b540-5e58d36feebf,run1_rep3,G,CLOSED,CLOSED,request,PROVIDER,N/A,,3770.787711000594,INFO,adaptador.request,true,exitoso,,,10432.372451386,10428.601663675,,,2026-09-05T00:22:15.576474Z
e3eb5dc4-0e55-41bc-8023-559f3dc3f9d3,run1_rep3,G,CLOSED,CLOSED,request,PROVIDER,N/A,,3865.508584998679,INFO,adaptador.request,true,exitoso,,,10432.473612552,10428.608103967,,,2026-09-05T00:22:15.677614Z
b22f3d99-5697-496a-828e-86b5968fd669,run1_rep3,G,CLOSED,CLOSED,request,PROVIDER,N/A,,3788.584334999541,INFO,adaptador.request,true,exitoso,,,10432.544188677,10428.755604342,,,2026-09-05T00:22:15.748213Z
fc0ccadc-c64a-4bd0-b93a-3dc1de8f3073,run1_rep3,G,CLOSED,CLOSED,request,PROVIDER,N/A,,3815.5544609999197,INFO,adaptador.request,true,exitoso,,,10432.605099511,10428.78954505,,,2026-09-05T00:22:15.809107Z
d862fdec-e9fc-4996-8db9-601d6ecc2e57,run1_rep3,G,CLOSED,CLOSED,request,PROVIDER,N/A,,3822.035835000861,INFO,adaptador.request,true,exitoso,,,10432.711317719,10428.889281884,,,2026-09-05T00:22:15.915358Z
63e780ee-4d4d-44e7-aa6e-6000376657a3,run1_rep3,G,CLOSED,CLOSED,request,PROVIDER,N/A,,3704.3638349987305,INFO,adaptador.request,true,exitoso,,,10432.799590177,10429.095226342,,,2026-09-05T00:22:16.003587Z
43c9326d-9665-4c67-88e5-fff9979d8304,run1_rep3,G,CLOSED,CLOSED,request,PROVIDER,N/A,,3759.1494179996516,INFO,adaptador.request,true,exitoso,,,10432.858877802,10429.099728384,,,2026-09-05T00:22:16.062922Z
89767747-4db2-4a73-b9c9-3c65efb88a52,run1_rep3,G,CLOSED,CLOSED,request,PROVIDER,N/A,,3802.6582099992083,INFO,adaptador.request,true,exitoso,,,10432.953233469,10429.150575259,,,2026-09-05T00:22:16.157296Z
05ef6ada-9670-48ea-aea4-c32cbfeffca2,run1_rep3,G,CLOSED,CLOSED,request,PROVIDER,N/A,,3834.0987939991464,INFO,adaptador.request,true,exitoso,,,10433.053543011,10429.219444217,,,2026-09-05T00:22:16.257588Z
79f7b364-bb07-4682-93a6-33ae65dd46d7,run1_rep3,G,CLOSED,CLOSED,request,PROVIDER,N/A,,3910.8038769991254,INFO,adaptador.request,true,exitoso,,,10433.131563844,10429.220759967,,,2026-09-05T00:22:16.335588Z
b82adb5f-e185-4538-ae98-ed7a7519b731,run1_rep3,G,CLOSED,CLOSED,request,PROVIDER,N/A,,3871.200167999632,INFO,adaptador.request,true,exitoso,,,10433.231748344,10429.360548176,,,2026-09-05T00:22:16.435768Z
eecf9e04-b2f9-43e1-8615-2a98f55f4b73,run1_rep3,G,CLOSED,CLOSED,request,PROVIDER,N/A,,3924.275335000857,INFO,adaptador.request,true,exitoso,,,10433.329619094,10429.405343759,,,2026-09-05T00:22:16.533660Z
13972c36-fa4f-4ec7-b7a9-10427189efc4,run1_rep3,G,CLOSED,CLOSED,request,PROVIDER,N/A,,3967.636211000354,INFO,adaptador.request,true,exitoso,,,10433.425366678,10429.457730467,,,2026-09-05T00:22:16.629383Z
b143af26-0477-4a3e-8981-fa6452ed10dc,run1_rep3,G,CLOSED,CLOSED,request,PROVIDER,N/A,,3988.4865849999187,INFO,adaptador.request,true,exitoso,,,10433.490747011,10429.502260426,,,2026-09-05T00:22:16.694785Z
6e0e7fc4-c448-404d-b490-eb59c9e7a7ef,run1_rep3,G,CLOSED,CLOSED,request,PROVIDER,N/A,,3927.36750199947,INFO,adaptador.request,true,exitoso,,,10433.588225136,10429.660857634,,,2026-09-05T00:22:16.792254Z
b13594ef-5f60-4441-941d-8a1f06011eb5,run1_rep3,G,CLOSED,CLOSED,request,PROVIDER,N/A,,3809.0194600008545,INFO,adaptador.request,true,exitoso,,,10433.672901428,10429.863881968,,,2026-09-05T00:22:16.876966Z
1cf9acaf-b949-4b8e-8f0c-c5f4e8907faa,run1_rep3,G,CLOSED,CLOSED,request,PROVIDER,N/A,,3770.3775850004604,INFO,adaptador.request,true,exitoso,,,10433.766402011,10429.996024426,,,2026-09-05T00:22:16.970437Z
baa80121-8b19-4d33-9743-bb12f76a4a9d,run1_rep3,G,CLOSED,CLOSED,request,PROVIDER,N/A,,3875.410834998547,INFO,adaptador.request,true,exitoso,,,10433.872155803,10429.996744968,,,2026-09-05T00:22:17.076184Z
5ba56fb5-0f44-45f8-97ac-76cd485f433a,run1_rep3,G,CLOSED,CLOSED,request,PROVIDER,N/A,,3959.9760439996317,INFO,adaptador.request,true,exitoso,,,10433.971393553,10430.011417509,,,2026-09-05T00:22:17.175431Z
e7249c6c-5c72-43e9-8287-d15ba18ad9df,run1_rep3,G,CLOSED,CLOSED,request,PROVIDER,N/A,,3997.273169001346,INFO,adaptador.request,true,exitoso,,,10434.043739053,10430.046465884,,,2026-09-05T00:22:17.247768Z
9a1f35cf-988b-49e9-81d9-3c197e0fd17e,run1_rep3,G,CLOSED,CLOSED,request,PROVIDER,N/A,,3939.4320850005897,INFO,adaptador.request,true,exitoso,,,10434.141295678,10430.201863593,,,2026-09-05T00:22:17.345297Z
ef3d56e2-f93b-4a3b-9e58-788bcdd5784d,run1_rep3,G,CLOSED,CLOSED,request,PROVIDER,N/A,,4009.6546269996907,INFO,adaptador.request,true,exitoso,,,10434.215361011,10430.205706384,,,2026-09-05T00:22:17.419389Z
b5967007-3846-4695-b164-99a7901e80fe,run1_rep3,G,CLOSED,CLOSED,request,PROVIDER,N/A,,3967.782334999356,INFO,adaptador.request,true,exitoso,,,10434.30017497,10430.332392635,,,2026-09-05T00:22:17.504190Z
302608c7-5ea0-4ef0-b616-3212d13edf43,run1_rep3,G,CLOSED,CLOSED,request,PROVIDER,N/A,,3986.5075849993445,INFO,adaptador.request,true,exitoso,,,10434.361155345,10430.37464776,,,2026-09-05T00:22:17.565177Z
c2c86b5f-4f6f-4aeb-b426-a7ed5575c77d,run1_rep3,G,CLOSED,CLOSED,request,PROVIDER,N/A,,3851.9133770005283,INFO,adaptador.request,true,exitoso,,,10434.450304137,10430.59839076,,,2026-09-05T00:22:17.654323Z
afec4363-ce9a-4e8b-bc02-683cdda46be4,run1_rep3,G,CLOSED,CLOSED,request,PROVIDER,N/A,,3788.718752000932,INFO,adaptador.request,true,exitoso,,,10434.544889762,10430.75617101,,,2026-09-05T00:22:17.748908Z
101aec36-9c3d-49ed-b8cc-ebaca6796e68,run1_rep3,G,CLOSED,CLOSED,request,PROVIDER,N/A,,3839.2778349989385,INFO,adaptador.request,true,exitoso,,,10434.619909803,10430.780631968,,,2026-09-05T00:22:17.823950Z
19428dd9-c734-4c77-ae6e-821b8565477f,run1_rep3,G,CLOSED,CLOSED,request,PROVIDER,N/A,,3901.444626999364,INFO,adaptador.request,true,exitoso,,,10434.682556095,10430.781111468,,,2026-09-05T00:22:17.886582Z
9a0e84b1-06bb-47a9-a5ed-4abcc867282e,run1_rep3,G,CLOSED,CLOSED,request,PROVIDER,N/A,,3893.9430020000145,INFO,adaptador.request,true,exitoso,,,10434.758166012,10430.86422301,,,2026-09-05T00:22:17.962183Z
5144123e-867c-462a-9738-8f57166e6b50,run1_rep3,G,CLOSED,CLOSED,request,PROVIDER,N/A,,3976.710668999658,INFO,adaptador.request,true,exitoso,,,10434.841320595,10430.864609926,,,2026-09-05T00:22:18.045351Z
36b37279-26b7-4f24-b646-c6fc928afa2b,run1_rep3,G,CLOSED,CLOSED,request,PROVIDER,N/A,,3869.4512929996563,INFO,adaptador.request,true,exitoso,,,10434.917082553,10431.04763126,,,2026-09-05T00:22:18.121101Z
b2b4574c-0bee-4c83-bbd9-f5b73728b0fd,run1_rep3,G,CLOSED,CLOSED,request,PROVIDER,N/A,,3863.3060850006586,INFO,adaptador.request,true,exitoso,,,10434.991387803,10431.128081718,,,2026-09-05T00:22:18.195416Z
9d687d7d-0738-4596-af12-45e0b648918d,run1_rep3,G,CLOSED,CLOSED,request,PROVIDER,N/A,,3730.7527100001607,INFO,adaptador.request,true,exitoso,,,10435.09961822,10431.36886551,,,2026-09-05T00:22:18.303664Z
781c8ac8-fac8-40b2-ba33-d225db485b57,run1_rep3,G,CLOSED,CLOSED,request,PROVIDER,N/A,,3785.848043999067,INFO,adaptador.request,true,exitoso,,,10435.175022304,10431.38917426,,,2026-09-05T00:22:18.379051Z
47a30247-ae78-463a-bcd3-708b65ed9a1f,run1_rep3,G,CLOSED,CLOSED,request,PROVIDER,N/A,,3782.26104299938,INFO,adaptador.request,true,exitoso,,,10435.24372022,10431.461459177,,,2026-09-05T00:22:18.447742Z
2a718ee1-f72a-4dc4-bd2a-1854608f921a,run1_rep3,G,CLOSED,CLOSED,request,PROVIDER,N/A,,3879.347002000941,INFO,adaptador.request,true,exitoso,,,10435.341290345,10431.461943343,,,2026-09-05T00:22:18.545332Z
f67598ef-c622-431e-9545-f86522269dbf,run1_rep3,G,CLOSED,CLOSED,request,PROVIDER,N/A,,3810.2578349989926,INFO,adaptador.request,true,exitoso,,,10435.431910345,10431.62165251,,,2026-09-05T00:22:18.635944Z
d4b3029a-de1f-4994-aa4b-20c21eea2362,run1_rep3,G,CLOSED,CLOSED,request,PROVIDER,N/A,,3886.2906679987645,INFO,adaptador.request,true,exitoso,,,10435.526348512,10431.640057844,,,2026-09-05T00:22:18.730381Z
80999db2-f6b3-4de2-875a-7c5018c331cb,run1_rep3,G,CLOSED,CLOSED,request,PROVIDER,N/A,,3939.932002000205,INFO,adaptador.request,true,exitoso,,,10435.587318637,10431.647386635,,,2026-09-05T00:22:18.791335Z
43bb801d-14fc-4a76-b257-5bc9bc1675bc,run1_rep3,G,CLOSED,CLOSED,request,PROVIDER,N/A,,3930.73887600076,INFO,adaptador.request,true,exitoso,,,10435.66811247,10431.737373594,,,2026-09-05T00:22:18.872163Z
1204827d-bd78-4081-8e96-4e6aebc374f1,run1_rep3,G,CLOSED,CLOSED,request,PROVIDER,N/A,,3837.594919001276,INFO,adaptador.request,true,exitoso,,,10435.746215929,10431.90862101,,,2026-09-05T00:22:18.950241Z
51451094-ffc0-473d-9ff6-ecf6cc936ec4,run1_rep3,G,CLOSED,CLOSED,request,PROVIDER,N/A,,3883.412084998781,INFO,adaptador.request,true,exitoso,,,10435.818735304,10431.935323219,,,2026-09-05T00:22:19.022743Z
cae220bc-4af0-44ab-af0b-e30e3e63d770,run1_rep3,G,CLOSED,CLOSED,request,PROVIDER,N/A,,3947.9628349999984,INFO,adaptador.request,true,exitoso,,,10435.900198012,10431.952235177,,,2026-09-05T00:22:19.104221Z
b3cbd718-2824-4b80-8af6-80abcd2a1d26,run1_rep3,G,CLOSED,CLOSED,request,PROVIDER,N/A,,3643.863251001676,INFO,adaptador.request,true,exitoso,,,10435.980667637,10432.336804386,,,2026-09-05T00:22:19.184670Z
eef1b74b-bec2-41f3-af00-a2e340959ab8,run1_rep3,G,CLOSED,CLOSED,request,PROVIDER,N/A,,3726.237752000088,INFO,adaptador.request,true,exitoso,,,10436.063565054,10432.337327302,,,2026-09-05T00:22:19.267603Z
2865b2ac-f1af-4981-b5bb-42b8560521a4,run1_rep3,G,CLOSED,CLOSED,request,PROVIDER,N/A,,3737.7982100006193,INFO,adaptador.request,true,exitoso,,,10436.148784096,10432.410985886,,,2026-09-05T00:22:19.352825Z
cc070afa-ee63-4c64-acc0-5c8d239144d4,run1_rep3,G,CLOSED,CLOSED,request,PROVIDER,N/A,,3779.5534180004324,INFO,adaptador.request,true,exitoso,,,10436.240383762,10432.460830344,,,2026-09-05T00:22:19.444425Z
f425d851-532d-4534-b094-e024bb102792,run1_rep3,G,CLOSED,CLOSED,request,PROVIDER,N/A,,3828.4280440002476,INFO,adaptador.request,true,exitoso,,,10436.324900721,10432.496472677,,,2026-09-05T00:22:19.528939Z
e4a5223f-8a03-4c45-925b-41c01bac562c,run1_rep3,G,CLOSED,CLOSED,request,PROVIDER,N/A,,3857.6920430004975,INFO,adaptador.request,true,exitoso,,,10436.418844054,10432.561152011,,,2026-09-05T00:22:19.622870Z
1793d9cc-4032-41c1-b11f-bc2579d5ae3b,run1_rep3,G,CLOSED,CLOSED,request,PROVIDER,N/A,,3918.23820999889,INFO,adaptador.request,true,exitoso,,,10436.493934429,10432.575696219,,,2026-09-05T00:22:19.698011Z
5e2f64f5-7d73-4fd6-afb4-393030a2f7fe,run1_rep3,G,CLOSED,CLOSED,request,PROVIDER,N/A,,3959.2357100009394,INFO,adaptador.request,true,exitoso,,,10436.564181804,10432.604946094,,,2026-09-05T00:22:19.768191Z
7802dd6d-9f8f-4a67-93ea-28e89afc9524,run1_rep3,G,CLOSED,CLOSED,request,PROVIDER,N/A,,3775.4042930009746,INFO,adaptador.request,true,exitoso,,,10436.654456304,10432.879052011,,,2026-09-05T00:22:19.858483Z
4782161a-dcc3-406f-9d7b-a232a4207e8b,run1_rep3,G,CLOSED,CLOSED,request,PROVIDER,N/A,,3842.0583349998196,INFO,adaptador.request,true,exitoso,,,10436.756638679,10432.914580344,,,2026-09-05T00:22:19.960633Z
50b76f43-59a8-4515-ab42-7cb64d7822b2,run1_rep3,G,CLOSED,CLOSED,request,PROVIDER,N/A,,3808.969169000193,INFO,adaptador.request,true,exitoso,,,10436.820862096,10433.011892927,,,2026-09-05T00:22:20.024912Z
9239efe4-bd30-45b4-9c03-9f617e7bc883,run1_rep3,G,CLOSED,CLOSED,request,PROVIDER,N/A,,3824.9946260002616,INFO,adaptador.request,true,exitoso,,,10436.879293179,10433.054298553,,,2026-09-05T00:22:20.083302Z
058069ff-fbd4-4119-baed-4fa9dfa0adf9,run1_rep3,G,CLOSED,CLOSED,request,PROVIDER,N/A,,3858.953835000648,INFO,adaptador.request,true,exitoso,,,10436.965523138,10433.106569303,,,2026-09-05T00:22:20.169549Z
d43950cf-6315-4cc7-a612-30e07023821a,run1_rep3,G,CLOSED,CLOSED,request,PROVIDER,N/A,,3731.2549600010243,INFO,adaptador.request,true,exitoso,,,10437.065233638,10433.333978678,,,2026-09-05T00:22:20.269235Z
b4278461-e60e-4034-95e5-17b979d9ef29,run1_rep3,G,CLOSED,CLOSED,request,PROVIDER,N/A,,3787.8655019994767,INFO,adaptador.request,true,exitoso,,,10437.143330513,10433.355465011,,,2026-09-05T00:22:20.347385Z
85bc946b-457e-4330-bfeb-8fa44b487d17,run1_rep3,G,CLOSED,CLOSED,request,PROVIDER,N/A,,3884.769084999789,INFO,adaptador.request,true,exitoso,,,10437.240661471,10433.355892386,,,2026-09-05T00:22:20.444751Z
eb08fbfb-5040-4213-958a-e7285f10984b,run1_rep3,G,CLOSED,CLOSED,request,PROVIDER,N/A,,3920.785543999955,INFO,adaptador.request,true,exitoso,,,10437.348685263,10433.427899719,,,2026-09-05T00:22:20.552661Z
0f45af40-ad0c-479c-b0e3-1e0cd4510056,run1_rep3,G,CLOSED,CLOSED,request,PROVIDER,N/A,,3951.1192520003533,INFO,adaptador.request,true,exitoso,,,10437.444896471,10433.493777219,,,2026-09-05T00:22:20.648922Z
5f034311-563b-457a-88bc-e449a0765124,run1_rep3,G,CLOSED,CLOSED,request,PROVIDER,N/A,,3887.290918000872,INFO,adaptador.request,true,exitoso,,,10437.505801346,10433.618510428,,,2026-09-05T00:22:20.709821Z
539a2f3a-c695-40d3-bd18-219af5a93133,run1_rep3,G,CLOSED,CLOSED,request,PROVIDER,N/A,,3956.190086000788,INFO,adaptador.request,true,exitoso,,,10437.57913093,10433.622940844,,,2026-09-05T00:22:20.783140Z
319c786b-74c2-4209-bcf5-5090d55d8dbe,run1_rep3,G,CLOSED,CLOSED,request,PROVIDER,N/A,,3866.0386269984883,INFO,adaptador.request,true,exitoso,,,10437.67142193,10433.805383303,,,2026-09-05T00:22:20.875453Z
696c15ed-779e-442f-b06f-1b961cadbb1a,run1_rep3,G,CLOSED,CLOSED,request,PROVIDER,N/A,,3902.1792099993036,INFO,adaptador.request,true,exitoso,,,10437.761757221,10433.859578011,,,2026-09-05T00:22:20.965780Z
11d5cde2-8e43-4a8e-8b76-1f055b02f0e2,run1_rep3,G,CLOSED,CLOSED,request,PROVIDER,N/A,,3941.245418998733,INFO,adaptador.request,true,exitoso,,,10437.82251418,10433.881268761,,,2026-09-05T00:22:21.026532Z
eb9ebc79-2d40-4f78-8d07-49a04d847987,run1_rep3,G,CLOSED,CLOSED,request,PROVIDER,N/A,,3872.531085000446,INFO,adaptador.request,true,exitoso,,,10437.886155721,10434.013624636,,,2026-09-05T00:22:21.090192Z
62356440-4810-41af-9f82-7f287f674182,run1_rep3,G,CLOSED,CLOSED,request,PROVIDER,N/A,,3975.9211679993314,INFO,adaptador.request,true,exitoso,,,10437.990067013,10434.014145845,,,2026-09-05T00:22:21.194059Z
e1f7d016-ad59-42ef-836c-50ad4d91bc80,run1_rep3,G,CLOSED,CLOSED,request,PROVIDER,N/A,,3687.0201689998794,INFO,adaptador.request,true,exitoso,,,10438.054528555,10434.367508386,,,2026-09-05T00:22:21.258586Z
b9ebfa8c-c8dc-42cc-b0b7-5d94d975a859,run1_rep3,G,CLOSED,CLOSED,request,PROVIDER,N/A,,3740.109959999245,INFO,adaptador.request,true,exitoso,,,10438.116554555,10434.376444595,,,2026-09-05T00:22:21.320552Z
c0b8331a-c925-40e1-93f2-474a9995c015,run1_rep3,G,CLOSED,CLOSED,request,PROVIDER,N/A,,3629.3609179992927,INFO,adaptador.request,true,exitoso,,,10438.179440638,10434.55007972,,,2026-09-05T00:22:21.383450Z
d1c64a04-6ba3-4db0-bf42-96619f0cf2cf,run1_rep3,G,CLOSED,CLOSED,request,PROVIDER,N/A,,3699.423085001399,INFO,adaptador.request,true,exitoso,,,10438.280205638,10434.580782553,,,2026-09-05T00:22:21.484252Z
202c9789-ea90-40e2-9e8c-94fe56b5b15a,run1_rep3,G,CLOSED,CLOSED,request,PROVIDER,N/A,,3612.68925100012,INFO,adaptador.request,true,exitoso,,,10438.373673513,10434.760984262,,,2026-09-05T00:22:21.577681Z
415f43a1-c1c6-42fa-a497-857988056ec1,run1_rep3,G,CLOSED,CLOSED,request,PROVIDER,N/A,,3675.433709999197,INFO,adaptador.request,true,exitoso,,,10438.44871168,10434.77327797,,,2026-09-05T00:22:21.652742Z
864c416d-060d-4f6f-b3ec-2f2f21d9c1b0,run1_rep3,G,CLOSED,CLOSED,request,PROVIDER,N/A,,3735.2547509999567,INFO,adaptador.request,true,exitoso,,,10438.518992388,10434.783737637,,,2026-09-05T00:22:21.723037Z
44e30bba-54f3-40ac-aaef-383cafa67b0d,run1_rep3,G,CLOSED,CLOSED,request,PROVIDER,N/A,,3603.6885009998514,INFO,adaptador.request,true,exitoso,,,10438.607025388,10435.003336887,,,2026-09-05T00:22:21.811055Z
46235bd4-728f-471c-ba7e-3d5d1411c4af,run1_rep3,G,CLOSED,CLOSED,request,PROVIDER,N/A,,3651.210543999696,INFO,adaptador.request,true,exitoso,,,10438.686549472,10435.035338928,,,2026-09-05T00:22:21.890589Z
f2dae982-ce30-4e4e-bf20-e127a1bfce26,run1_rep3,G,CLOSED,CLOSED,request,PROVIDER,N/A,,3656.1710010009847,INFO,adaptador.request,true,exitoso,,,10438.77174068,10435.115569679,,,2026-09-05T00:22:21.975775Z
44fc56f5-b4b1-4660-b36c-2e0225107834,run1_rep3,G,CLOSED,CLOSED,request,PROVIDER,N/A,,3726.676709999083,INFO,adaptador.request,true,exitoso,,,10438.849220514,10435.122543804,,,2026-09-05T00:22:22.053260Z
f0fe4f04-97f0-4bc2-81b8-87a0f4516300,run1_rep3,G,CLOSED,CLOSED,request,PROVIDER,N/A,,3826.4862509986415,INFO,adaptador.request,true,exitoso,,,10438.956435805,10435.129949554,,,2026-09-05T00:22:22.160460Z
62f98950-4ab3-4d39-bad8-5ad3cd3cd24e,run1_rep3,G,CLOSED,CLOSED,request,PROVIDER,N/A,,3826.836751999508,INFO,adaptador.request,true,exitoso,,,10439.058259139,10435.231422387,,,2026-09-05T00:22:22.262271Z
4bdbc797-cf4f-41a1-ae69-33467d152daf,run1_rep3,G,CLOSED,CLOSED,request,PROVIDER,N/A,,3855.546709999544,INFO,adaptador.request,true,exitoso,,,10439.149536764,10435.293990054,,,2026-09-05T00:22:22.353578Z
7f7bc2ba-1cb8-4c87-a369-2c1a9902ccdf,run1_rep3,G,CLOSED,CLOSED,request,PROVIDER,N/A,,3910.5960020006023,INFO,adaptador.request,true,exitoso,,,10439.241794097,10435.331198095,,,2026-09-05T00:22:22.445863Z
ec55e4e6-f776-4d91-8f1f-4e91768f912b,run1_rep3,G,CLOSED,CLOSED,request,PROVIDER,N/A,,3840.1151679991017,INFO,adaptador.request,true,exitoso,,,10439.300419972,10435.460304804,,,2026-09-05T00:22:22.504425Z
ad3e1c36-4228-4a74-9712-fd1c6b0221a6,run1_rep3,G,CLOSED,CLOSED,request,PROVIDER,N/A,,3832.3629180013086,INFO,adaptador.request,true,exitoso,,,10439.398040222,10435.565677304,,,2026-09-05T00:22:22.602125Z
29ec9504-79e4-457e-8fc1-52a338053850,run1_rep3,G,CLOSED,CLOSED,request,PROVIDER,N/A,,3862.517002000459,INFO,adaptador.request,true,exitoso,,,10439.489088431,10435.626571429,,,2026-09-05T00:22:22.693088Z
3253aabe-b2c7-41ea-8cee-21ff800d169d,run1_rep3,G,CLOSED,CLOSED,request,PROVIDER,N/A,,3869.4373769994854,INFO,adaptador.request,true,exitoso,,,10439.549490264,10435.680052887,,,2026-09-05T00:22:22.753501Z
f5168dd2-768c-47c0-9f7d-5735925b8a6f,run1_rep3,G,CLOSED,CLOSED,request,PROVIDER,N/A,,3733.566875998804,INFO,adaptador.request,true,exitoso,,,10439.623928222,10435.890361346,,,2026-09-05T00:22:22.827956Z
2f797c40-26fb-4459-8b57-404864c16718,run1_rep3,G,CLOSED,CLOSED,request,PROVIDER,N/A,,3753.14600099955,INFO,adaptador.request,true,exitoso,,,10439.713615222,10435.960469221,,,2026-09-05T00:22:22.917635Z
77e8d034-a94d-4898-8648-a71d1c0c5368,run1_rep3,G,CLOSED,CLOSED,request,PROVIDER,N/A,,3791.9974600008572,INFO,adaptador.request,true,exitoso,,,10439.770572097,10435.978574637,,,2026-09-05T00:22:22.974586Z
b7196902-7dc2-46f0-b635-ef077708d871,run1_rep3,G,CLOSED,CLOSED,request,PROVIDER,N/A,,3847.317417999875,INFO,adaptador.request,true,exitoso,,,10439.840763889,10435.993446471,,,2026-09-05T00:22:23.044787Z
2fc5e423-1ede-4d94-bc7b-e9923b2f8fc0,run1_rep3,G,CLOSED,CLOSED,request,PROVIDER,N/A,,3845.2193769990117,INFO,adaptador.request,true,exitoso,,,10439.901895889,10436.056676512,,,2026-09-05T00:22:23.105956Z
d99a6744-572a-4290-8168-f82d8617c46d,run1_rep3,G,CLOSED,CLOSED,request,PROVIDER,N/A,,3906.9299599996157,INFO,adaptador.request,true,exitoso,,,10439.964074181,10436.057144221,,,2026-09-05T00:22:23.168095Z
b9a1cb39-d5f9-4dc7-ba76-1e77ff4272b5,run1_rep3,G,CLOSED,CLOSED,request,PROVIDER,N/A,,3869.892168999286,INFO,adaptador.request,true,exitoso,,,10440.063518431,10436.193626262,,,2026-09-05T00:22:23.267486Z
474b04b0-028a-4215-923e-446e7a207d1c,run1_rep3,G,CLOSED,CLOSED,request,PROVIDER,N/A,,3719.496376999814,INFO,adaptador.request,true,exitoso,,,10440.129372389,10436.409876012,,,2026-09-05T00:22:23.333350Z
61333f95-5d3e-4494-816d-58e8e88af34e,run1_rep3,G,CLOSED,CLOSED,request,PROVIDER,N/A,,3674.5761269994546,INFO,adaptador.request,true,exitoso,,,10440.199683973,10436.525107846,,,2026-09-05T00:22:23.403667Z
658b942c-f980-4608-aed5-7b6db40c158d,run1_rep3,G,CLOSED,CLOSED,request,PROVIDER,N/A,,3771.8984599996475,INFO,adaptador.request,true,exitoso,,,10440.298960764,10436.527062304,,,2026-09-05T00:22:23.502995Z
903e50c5-306e-4105-8eed-6bb3580df886,run1_rep3,G,CLOSED,CLOSED,request,PROVIDER,N/A,,3642.297750999205,INFO,adaptador.request,true,exitoso,,,10440.365157014,10436.722859263,,,2026-09-05T00:22:23.569193Z
f7e0b731-4729-4a24-8528-aef9218c4e29,run1_rep3,G,CLOSED,CLOSED,request,PROVIDER,N/A,,3726.7560020009114,INFO,adaptador.request,true,exitoso,,,10440.457120723,10436.730364721,,,2026-09-05T00:22:23.661142Z
e64521fc-bd78-4014-b7bf-8da3e01fbf87,run1_rep3,G,CLOSED,CLOSED,request,PROVIDER,N/A,,3760.3880850001588,INFO,adaptador.request,true,exitoso,,,10440.515403389,10436.755015304,,,2026-09-05T00:22:23.719414Z
27b30691-01c2-4190-8ca3-f14ee5ec7b05,run1_rep3,G,CLOSED,CLOSED,request,PROVIDER,N/A,,3831.9985430007364,INFO,adaptador.request,true,exitoso,,,10440.605666764,10436.773668221,,,2026-09-05T00:22:23.809680Z
bd60934b-c8d7-413c-a4dd-69a436c4afb0,run1_rep3,G,CLOSED,CLOSED,request,PROVIDER,N/A,,3741.8547099987336,INFO,adaptador.request,true,exitoso,,,10440.683483431,10436.941628721,,,2026-09-05T00:22:23.887513Z
7b389041-2332-41b3-a05e-9bff266da16d,run1_rep3,G,CLOSED,CLOSED,request,PROVIDER,N/A,,3817.3049190008896,INFO,adaptador.request,true,exitoso,,,10440.75937114,10436.942066221,,,2026-09-05T00:22:23.963391Z
804656b6-4182-4a95-8c18-58e512126d6b,run1_rep3,G,CLOSED,CLOSED,request,PROVIDER,N/A,,3767.8511680005613,INFO,adaptador.request,true,exitoso,,,10440.824919556,10437.057068388,,,2026-09-05T00:22:24.028964Z
c35659af-2fcd-428e-853d-0338339144a0,run1_rep3,G,CLOSED,CLOSED,request,PROVIDER,N/A,,3594.538000999819,INFO,adaptador.request,true,exitoso,,,10440.905571056,10437.311033055,,,2026-09-05T00:22:24.109593Z
e8625d87-0a92-4d8b-a529-6d0e78925ff2,run1_rep3,G,CLOSED,CLOSED,request,PROVIDER,N/A,,3695.9876689998055,INFO,adaptador.request,true,exitoso,,,10441.007471765,10437.311484096,,,2026-09-05T00:22:24.211507Z
4045dfb2-2643-42a5-a727-bb2c3f5b9d4a,run1_rep3,G,CLOSED,CLOSED,request,PROVIDER,N/A,,3680.7914599994547,INFO,adaptador.request,true,exitoso,,,10441.091245306,10437.410453846,,,2026-09-05T00:22:24.295273Z
7402da27-adaf-4e02-9805-bf659e13a46d,run1_rep3,G,CLOSED,CLOSED,request,PROVIDER,N/A,,3693.4814189989993,INFO,adaptador.request,true,exitoso,,,10441.158088515,10437.464607096,,,2026-09-05T00:22:24.362108Z
1304bda4-195a-463a-bd3b-802afaba1c47,run1_rep3,G,CLOSED,CLOSED,request,PROVIDER,N/A,,3728.0716269997356,INFO,adaptador.request,true,exitoso,,,10441.23373964,10437.505668013,,,2026-09-05T00:22:24.437750Z
18681637-70a6-4071-b1e5-ffad69869cd8,run1_rep3,G,CLOSED,CLOSED,request,PROVIDER,N/A,,3746.1944179995044,INFO,adaptador.request,true,exitoso,,,10441.330072306,10437.583877888,,,2026-09-05T00:22:24.534128Z
8fc18529-a3b5-4284-86c9-4b72bb3eb401,run1_rep3,G,CLOSED,CLOSED,request,PROVIDER,N/A,,3786.9232110006124,INFO,adaptador.request,true,exitoso,,,10441.425225932,10437.638302721,,,2026-09-05T00:22:24.629241Z
754d1852-ec8c-4a4e-91b8-0f9abef8c3ac,run1_rep3,G,CLOSED,CLOSED,request,PROVIDER,N/A,,3699.6247520000907,INFO,adaptador.request,true,exitoso,,,10441.516326057,10437.816701305,,,2026-09-05T00:22:24.720349Z
b0109525-5acc-48fe-a058-8038a1b619d0,run1_rep3,G,CLOSED,CLOSED,request,PROVIDER,N/A,,3676.9832509999105,INFO,adaptador.request,true,exitoso,,,10441.589206473,10437.912223222,,,2026-09-05T00:22:24.793277Z
c528d8c7-cb7f-44d0-9322-5bcf8de41d10,run1_rep3,G,CLOSED,CLOSED,request,PROVIDER,N/A,,3714.9594179991254,INFO,adaptador.request,true,exitoso,,,10441.668695015,10437.953735597,,,2026-09-05T00:22:24.872716Z
451a2181-d5d8-476c-9867-94dd090fa910,run1_rep3,G,CLOSED,CLOSED,request,PROVIDER,N/A,,3772.449168000094,INFO,adaptador.request,true,exitoso,,,10441.75795214,10437.985502972,,,2026-09-05T00:22:24.962000Z
3c6a3efe-a30a-47ed-bd43-bb7bb50da343,run1_rep3,G,CLOSED,CLOSED,request,PROVIDER,N/A,,3736.884377000024,INFO,adaptador.request,true,exitoso,,,10441.848783557,10438.11189918,,,2026-09-05T00:22:25.052796Z
f77a626e-2138-42ad-9a9e-a4e7da657741,run1_rep3,G,CLOSED,CLOSED,request,PROVIDER,N/A,,3815.160210000613,INFO,adaptador.request,true,exitoso,,,10441.92760639,10438.11244618,,,2026-09-05T00:22:25.131633Z
dbf801be-67dc-42b7-ada3-be6e90d674b2,run1_rep3,G,CLOSED,CLOSED,request,PROVIDER,N/A,,3857.609542999853,INFO,adaptador.request,true,exitoso,,,10441.993176348,10438.135566805,,,2026-09-05T00:22:25.197194Z
4820d451-e3fb-4b56-9e65-7f7b58f8a67b,run1_rep3,G,CLOSED,CLOSED,request,PROVIDER,N/A,,3789.768250999259,INFO,adaptador.request,true,exitoso,,,10442.073247723,10438.283479472,,,2026-09-05T00:22:25.277081Z
4412901f-e55b-4d99-9a7d-5f14ba20d04b,run1_rep3,G,CLOSED,CLOSED,request,PROVIDER,N/A,,3868.1578769992484,INFO,adaptador.request,true,exitoso,,,10442.161227182,10438.293069305,,,2026-09-05T00:22:25.365056Z
f34f1d47-3936-4da2-ac21-dd4bd265843a,run1_rep3,G,CLOSED,CLOSED,request,PROVIDER,N/A,,3766.523877000509,INFO,adaptador.request,true,exitoso,,,10442.25981089,10438.493287013,,,2026-09-05T00:22:25.463651Z
2710b759-b487-4061-a1cb-1e3fff17dcab,run1_rep3,G,CLOSED,CLOSED,request,PROVIDER,N/A,,3829.0895849986555,INFO,adaptador.request,true,exitoso,,,10442.356621807,10438.527532222,,,2026-09-05T00:22:25.560535Z
c32897c8-c79f-444e-a26e-54717af9e0b4,run1_rep3,G,CLOSED,CLOSED,request,PROVIDER,N/A,,3886.957918999542,INFO,adaptador.request,true,exitoso,,,10442.456381932,10438.569424013,,,2026-09-05T00:22:25.660263Z
541fcd1e-b325-4c4f-bd95-2f319a7b9b44,run1_rep3,G,CLOSED,CLOSED,request,PROVIDER,N/A,,3915.2247090005403,INFO,adaptador.request,true,exitoso,,,10442.550061723,10438.634837014,,,2026-09-05T00:22:25.753995Z
b399140d-0627-4765-9443-8574f16ec73f,run1_rep3,G,CLOSED,CLOSED,request,PROVIDER,N/A,,3916.7124180003157,INFO,adaptador.request,true,exitoso,,,10442.627199098,10438.71048668,,,2026-09-05T00:22:25.831086Z
9cdcc213-3dfb-480e-8bbb-805e528946d8,run1_rep3,G,CLOSED,CLOSED,request,PROVIDER,N/A,,3794.8522930000763,INFO,adaptador.request,true,exitoso,,,10442.730809682,10438.935957389,,,2026-09-05T00:22:25.934674Z
a090aae8-f5d5-4951-8692-2a87a2b88641,run1_rep3,G,CLOSED,CLOSED,request,PROVIDER,N/A,,3832.135542999822,INFO,adaptador.request,true,exitoso,,,10442.79507714,10438.962941597,,,2026-09-05T00:22:25.998958Z
f2dd2ae4-5b8c-4e9a-a39d-e3354ea9967e,run1_rep3,G,CLOSED,CLOSED,request,PROVIDER,N/A,,3887.3557099996106,INFO,adaptador.request,true,exitoso,,,10442.883305849,10438.995950139,,,2026-09-05T00:22:26.087202Z
0c41cfef-5f17-4864-bdb8-863b0cadb36a,run1_rep3,G,CLOSED,CLOSED,request,PROVIDER,N/A,,3913.907792999453,INFO,adaptador.request,true,exitoso,,,10442.958134432,10439.044226639,,,2026-09-05T00:22:26.162002Z
a50bf76c-5998-4dee-862e-a4f8ea186f2f,run1_rep3,G,CLOSED,CLOSED,request,PROVIDER,N/A,,3929.8193760005233,INFO,adaptador.request,true,exitoso,,,10443.024516015,10439.094696639,,,2026-09-05T00:22:26.228410Z
b1693439-dff5-4d61-ad9e-b4b8b3b59acf,run1_rep3,G,CLOSED,CLOSED,request,PROVIDER,N/A,,3784.6762940007466,INFO,adaptador.request,true,exitoso,,,10443.086171974,10439.30149568,,,2026-09-05T00:22:26.290049Z
7f647c5e-1268-4bef-9a48-499e157bbe10,run1_rep3,G,CLOSED,CLOSED,request,PROVIDER,N/A,,3737.3930430003384,INFO,adaptador.request,true,exitoso,,,10443.186800432,10439.449407389,,,2026-09-05T00:22:26.390685Z
225a81e0-7b39-4c36-8da7-bd631238092a,run1_rep3,G,CLOSED,CLOSED,request,PROVIDER,N/A,,3768.1643350006198,INFO,adaptador.request,true,exitoso,,,10443.264781099,10439.496616764,,,2026-09-05T00:22:26.468670Z
394b0218-7216-421d-a53c-fff903d3da31,run1_rep3,G,CLOSED,CLOSED,request,PROVIDER,N/A,,3840.926042999854,INFO,adaptador.request,true,exitoso,,,10443.365952682,10439.525026639,,,2026-09-05T00:22:26.569897Z
2e65d64a-9c31-4dcd-bc1c-c8fc9f268a17,run1_rep3,G,CLOSED,CLOSED,request,PROVIDER,N/A,,3687.045042999671,INFO,adaptador.request,true,exitoso,,,10443.455286974,10439.768241931,,,2026-09-05T00:22:26.659168Z
462d3eb1-bfe5-446a-836a-ccff6e1a52bd,run1_rep3,G,CLOSED,CLOSED,request,PROVIDER,N/A,,3709.1987099993275,INFO,adaptador.request,true,exitoso,,,10443.545556432,10439.836357722,,,2026-09-05T00:22:26.749444Z
ca5684db-31d0-4ed2-87c3-3078a8a27454,run1_rep3,G,CLOSED,CLOSED,request,PROVIDER,N/A,,3778.274917998715,INFO,adaptador.request,true,exitoso,,,10443.637433474,10439.859158556,,,2026-09-05T00:22:26.841298Z
9294dfa4-535f-418a-82a3-47015c2f56b1,run1_rep3,G,CLOSED,CLOSED,request,PROVIDER,N/A,,3851.5284599998267,INFO,adaptador.request,true,exitoso,,,10443.740910891,10439.889382431,,,2026-09-05T00:22:26.944809Z
f6354248-6986-4c67-a2db-00994fcb939d,run1_rep3,G,CLOSED,CLOSED,request,PROVIDER,N/A,,3862.1547929997178,INFO,adaptador.request,true,exitoso,,,10443.830812432,10439.968657639,,,2026-09-05T00:22:27.034692Z
c9f456be-64ce-4949-a061-e0c40ccd81f9,run1_rep3,G,CLOSED,CLOSED,request,PROVIDER,N/A,,3854.4604600010643,INFO,adaptador.request,true,exitoso,,,10443.894405724,10440.039945264,,,2026-09-05T00:22:27.098362Z
5fe19999-ffc0-412f-9aec-6a94a434c00e,run1_rep3,G,CLOSED,CLOSED,request,PROVIDER,N/A,,3890.0317509996967,INFO,adaptador.request,true,exitoso,,,10443.963172974,10440.073141223,,,2026-09-05T00:22:27.167068Z
43f780c8-39bb-42f9-8e90-586b024993ec,run1_rep3,G,CLOSED,CLOSED,request,PROVIDER,N/A,,3909.859460000007,INFO,adaptador.request,true,exitoso,,,10444.043951516,10440.134092056,,,2026-09-05T00:22:27.247856Z
4ae6e778-ef72-4961-8cb1-de5c71a35c34,run1_rep3,G,CLOSED,CLOSED,request,PROVIDER,N/A,,3846.3627099990845,INFO,adaptador.request,true,exitoso,,,10444.132193974,10440.285831264,,,2026-09-05T00:22:27.336098Z
cfa48f35-4a2b-4d88-b416-4a97286891ed,run1_rep3,G,CLOSED,CLOSED,request,PROVIDER,N/A,,3920.0855429990042,INFO,adaptador.request,true,exitoso,,,10444.239636391,10440.319550848,,,2026-09-05T00:22:27.443532Z
25bc35b5-425d-4ed5-b4d4-241ab5618281,run1_rep3,G,CLOSED,CLOSED,request,PROVIDER,N/A,,3966.2430850003147,INFO,adaptador.request,true,exitoso,,,10444.323095599,10440.356852514,,,2026-09-05T00:22:27.527047Z
9becd6f5-e7c0-493d-ac23-fef41abd2829,run1_rep3,G,CLOSED,CLOSED,request,PROVIDER,N/A,,3969.450335000147,INFO,adaptador.request,true,exitoso,,,10444.413679808,10440.444229473,,,2026-09-05T00:22:27.617579Z
971af95b-4259-4636-a715-ea3219d6863a,run1_rep3,G,CLOSED,CLOSED,request,PROVIDER,N/A,,3775.570626001354,INFO,adaptador.request,true,exitoso,,,10444.480123974,10440.704553348,,,2026-09-05T00:22:27.684021Z
6a345366-c142-4864-9f0e-7db17dabf361,run1_rep3,G,CLOSED,CLOSED,request,PROVIDER,N/A,,3829.143834000206,INFO,adaptador.request,true,exitoso,,,10444.545266849,10440.716123015,,,2026-09-05T00:22:27.749136Z
efc9b263-fbaf-4e11-852d-0b61d650cf61,run1_rep3,G,CLOSED,CLOSED,request,PROVIDER,N/A,,3881.472876000771,INFO,adaptador.request,true,exitoso,,,10444.641567266,10440.76009439,,,2026-09-05T00:22:27.845456Z
876e00ce-da22-4c26-9eaa-3d786ac98928,run1_rep3,G,CLOSED,CLOSED,request,PROVIDER,N/A,,3837.7688770015084,INFO,adaptador.request,true,exitoso,,,10444.741109308,10440.903340431,,,2026-09-05T00:22:27.944993Z
89db3bda-27b9-48ae-928c-30f3422eab2f,run1_rep3,G,CLOSED,CLOSED,request,PROVIDER,N/A,,3901.412793000418,INFO,adaptador.request,true,exitoso,,,10444.811084016,10440.909671223,,,2026-09-05T00:22:28.014966Z
b81a2a43-c8b6-4bfa-a685-2b4776d4cc7a,run1_rep3,G,CLOSED,CLOSED,request,PROVIDER,N/A,,3850.1307099995756,INFO,adaptador.request,true,exitoso,,,10444.901423891,10441.051293181,,,2026-09-05T00:22:28.105327Z
ac60fa20-9022-4566-a47b-0299054a13f8,run1_rep3,G,CLOSED,CLOSED,request,PROVIDER,N/A,,3852.9038350006886,INFO,adaptador.request,true,exitoso,,,10444.960482766,10441.107578931,,,2026-09-05T00:22:28.164371Z
17b5a1ad-9399-4f85-80a8-0ad33bcc3961,run1_rep3,G,CLOSED,CLOSED,request,PROVIDER,N/A,,3862.7576689996204,INFO,adaptador.request,true,exitoso,,,10445.023336475,10441.160578806,,,2026-09-05T00:22:28.227221Z
395860b5-a28d-448d-aa02-20c1d25e09b9,run1_rep3,G,CLOSED,CLOSED,request,PROVIDER,N/A,,3928.3563349999895,INFO,adaptador.request,true,exitoso,,,10445.094379933,10441.166023598,,,2026-09-05T00:22:28.298279Z
f835eb30-128e-4527-8e50-6ab3fcaf722d,run1_rep3,G,CLOSED,CLOSED,request,PROVIDER,N/A,,3911.0356270011835,INFO,adaptador.request,true,exitoso,,,10445.157232433,10441.246196806,,,2026-09-05T00:22:28.361135Z
5d5c58f3-d316-4a44-930b-acd547959e55,run1_rep3,G,CLOSED,CLOSED,request,PROVIDER,N/A,,3836.65912700053,INFO,adaptador.request,true,exitoso,,,10445.2375546,10441.400895473,,,2026-09-05T00:22:28.441460Z
bb54a9b8-d914-4c20-9e6f-ed4661deb49b,run1_rep3,G,CLOSED,CLOSED,request,PROVIDER,N/A,,3739.9169180007448,INFO,adaptador.request,true,exitoso,,,10445.320084391,10441.580167473,,,2026-09-05T00:22:28.523969Z
b4fd220a-57f8-48d2-8d53-fd9b9ea8891f,run1_rep3,G,CLOSED,CLOSED,request,PROVIDER,N/A,,3828.4398760006297,INFO,adaptador.request,true,exitoso,,,10445.410756558,10441.582316682,,,2026-09-05T00:22:28.614696Z
30a1f17f-87c1-4ba3-9bbe-9c523d914dd4,run1_rep3,G,CLOSED,CLOSED,request,PROVIDER,N/A,,3861.3762519999,INFO,adaptador.request,true,exitoso,,,10445.506175725,10441.644799473,,,2026-09-05T00:22:28.710059Z
84dc2a22-c453-4ad7-83dc-252f9c654e77,run1_rep3,G,CLOSED,CLOSED,request,PROVIDER,N/A,,3921.06883499946,INFO,adaptador.request,true,exitoso,,,10445.566213058,10441.645144223,,,2026-09-05T00:22:28.770088Z
d40d27a3-ec7b-4d55-8f55-59fc3f43f66d,run1_rep3,G,CLOSED,CLOSED,request,PROVIDER,N/A,,3731.004044000656,INFO,adaptador.request,true,exitoso,,,10445.622372517,10441.891368473,,,2026-09-05T00:22:28.826254Z
856e4375-8899-499d-87ac-7c171b7404b4,run1_rep3,G,CLOSED,CLOSED,request,PROVIDER,N/A,,3669.168918999276,INFO,adaptador.request,true,exitoso,,,10445.697299017,10442.028130098,,,2026-09-05T00:22:28.901197Z
05329efc-4e80-4109-b664-9787de8bf4d6,run1_rep3,G,CLOSED,CLOSED,request,PROVIDER,N/A,,3701.3355849994696,INFO,adaptador.request,true,exitoso,,,10445.774378225,10442.07304264,,,2026-09-05T00:22:28.978266Z
32caa88c-8783-4afb-87d0-789a7d54f260,run1_rep3,G,CLOSED,CLOSED,request,PROVIDER,N/A,,3690.9212520004075,INFO,adaptador.request,true,exitoso,,,10445.865352642,10442.17443139,,,2026-09-05T00:22:29.069231Z
9e83f1ed-e7aa-4087-8022-eeac5f80e5cd,run1_rep3,G,CLOSED,CLOSED,request,PROVIDER,N/A,,3778.860459999123,INFO,adaptador.request,true,exitoso,,,10445.965427808,10442.186567348,,,2026-09-05T00:22:29.169313Z
ae027095-c9a2-4eee-a7ce-800bf4001e96,run1_rep3,G,CLOSED,CLOSED,request,PROVIDER,N/A,,3797.055001999979,INFO,adaptador.request,true,exitoso,,,10446.045325642,10442.24827064,,,2026-09-05T00:22:29.249185Z
3b9830da-3028-46a5-bb9f-d02aa45acec1,run1_rep3,G,CLOSED,CLOSED,request,PROVIDER,N/A,,3830.8112929989875,INFO,adaptador.request,true,exitoso,,,10446.141181975,10442.310370682,,,2026-09-05T00:22:29.345067Z
86b14546-3c02-4982-a567-c82d601e7896,run1_rep3,G,CLOSED,CLOSED,request,PROVIDER,N/A,,3804.064167999968,INFO,adaptador.request,true,exitoso,,,10446.206444725,10442.402380557,,,2026-09-05T00:22:29.410310Z
3ec40f3b-0aca-4670-9575-9b4986198405,run1_rep3,G,CLOSED,CLOSED,request,PROVIDER,N/A,,3881.896668999616,INFO,adaptador.request,true,exitoso,,,10446.292740309,10442.41084364,,,2026-09-05T00:22:29.496632Z
4dcd2a85-74cb-454c-b5d9-3fc8e0d89508,run1_rep3,G,CLOSED,CLOSED,request,PROVIDER,N/A,,3835.736917999384,INFO,adaptador.request,true,exitoso,,,10446.391155475,10442.555418557,,,2026-09-05T00:22:29.595037Z
01058ad4-a211-44c8-943c-e742065e0f3c,run1_rep3,G,CLOSED,CLOSED,request,PROVIDER,N/A,,3663.607084999967,INFO,adaptador.request,true,exitoso,,,10446.456704767,10442.793097682,,,2026-09-05T00:22:29.660591Z
36afce63-0fad-4ab7-b5a6-27a1054c964c,run1_rep3,G,CLOSED,CLOSED,request,PROVIDER,N/A,,3707.624876000409,INFO,adaptador.request,true,exitoso,,,10446.516206225,10442.808581349,,,2026-09-05T00:22:29.720097Z
ba170487-0e8a-4e52-af57-a5d6030be3f3,run1_rep3,G,CLOSED,CLOSED,request,PROVIDER,N/A,,3726.9345020013134,INFO,adaptador.request,true,exitoso,,,10446.589541392,10442.86260689,,,2026-09-05T00:22:29.793400Z
7dda5f47-4d34-4c43-b604-04961ff9fef8,run1_rep3,G,CLOSED,CLOSED,request,PROVIDER,N/A,,3775.170042999889,INFO,adaptador.request,true,exitoso,,,10446.656927017,10442.881756974,,,2026-09-05T00:22:29.860862Z
547ed604-71c7-45b0-8b2c-1cc621f24967,run1_rep3,G,CLOSED,CLOSED,request,PROVIDER,N/A,,3736.337084999832,INFO,adaptador.request,true,exitoso,,,10446.732476225,10442.99613914,,,2026-09-05T00:22:29.936395Z
cc81bd66-158e-49bb-8860-d60040d011a9,run1_rep3,G,CLOSED,CLOSED,request,PROVIDER,N/A,,3683.7871679999807,INFO,adaptador.request,true,exitoso,,,10446.809736975,10443.125949807,,,2026-09-05T00:22:30.013636Z
93924649-8f5a-4508-bf9c-3dcec424c28a,run1_rep3,G,CLOSED,CLOSED,request,PROVIDER,N/A,,3762.604210000063,INFO,adaptador.request,true,exitoso,,,10446.90866035,10443.14605614,,,2026-09-05T00:22:30.112555Z
9e2afe01-50c9-4f5f-868c-f5194ad98e1b,run1_rep3,G,CLOSED,CLOSED,request,PROVIDER,N/A,,3710.538502000418,INFO,adaptador.request,true,exitoso,,,10446.966138226,10443.255599724,,,2026-09-05T00:22:30.170024Z
fd468d8a-60a8-42e0-b812-aa77605f1d03,run1_rep3,G,CLOSED,CLOSED,request,PROVIDER,N/A,,3639.442002000578,INFO,adaptador.request,true,exitoso,,,10447.057734726,10443.418292724,,,2026-09-05T00:22:30.261652Z
89f049db-38b8-4419-be7d-144db5451a73,run1_rep3,G,CLOSED,CLOSED,request,PROVIDER,N/A,,3708.4934189988417,INFO,adaptador.request,true,exitoso,,,10447.148657184,10443.440163765,,,2026-09-05T00:22:30.352553Z
c8e55d57-50d6-41ef-84d0-4d86ffb78163,run1_rep3,G,CLOSED,CLOSED,request,PROVIDER,N/A,,3803.0778350002947,INFO,adaptador.request,true,exitoso,,,10447.252626434,10443.449548599,,,2026-09-05T00:22:30.456516Z
2a406722-bf2e-40a4-920b-16ebe82f6ba8,run1_rep3,G,CLOSED,CLOSED,request,PROVIDER,N/A,,3697.4630019994947,INFO,adaptador.request,true,exitoso,,,10447.323460934,10443.625997932,,,2026-09-05T00:22:30.527356Z
94683edc-8620-48fd-8180-b14bcf7311a3,run1_rep3,G,CLOSED,CLOSED,request,PROVIDER,N/A,,3790.164334999645,INFO,adaptador.request,true,exitoso,,,10447.418727601,10443.628563266,,,2026-09-05T00:22:30.622605Z
210ea96a-b2cb-41f6-8bf3-ca5a894369b2,run1_rep3,G,CLOSED,CLOSED,request,PROVIDER,N/A,,3865.693210000245,INFO,adaptador.request,true,exitoso,,,10447.508944059,10443.643250849,,,2026-09-05T00:22:30.712939Z
618bef29-3a21-4493-9b7f-df12ddbd9f65,run1_rep3,G,CLOSED,CLOSED,request,PROVIDER,N/A,,3721.5646259992354,INFO,adaptador.request,true,exitoso,,,10447.617751892,10443.896187266,,,2026-09-05T00:22:30.821645Z
1fbe9030-21ab-438e-8b0f-e08712da5078,run1_rep3,G,CLOSED,CLOSED,request,PROVIDER,N/A,,3702.859252000053,INFO,adaptador.request,true,exitoso,,,10447.717345476,10444.014486224,,,2026-09-05T00:22:30.921218Z
98b60de7-cf53-4b0f-ad26-c523fe93acae,run1_rep3,G,CLOSED,CLOSED,request,PROVIDER,N/A,,3784.7642109991284,INFO,adaptador.request,true,exitoso,,,10447.814322143,10444.029557932,,,2026-09-05T00:22:31.018174Z
790e2f84-4602-4d71-8c41-561a89598570,run1_rep3,G,CLOSED,CLOSED,request,PROVIDER,N/A,,3816.4039610001055,INFO,adaptador.request,true,exitoso,,,10447.917815893,10444.101411932,,,2026-09-05T00:22:31.121691Z
5fd9355d-0d31-47c9-8475-56307f345bed,run1_rep3,G,CLOSED,CLOSED,request,PROVIDER,N/A,,3743.248668999513,INFO,adaptador.request,true,exitoso,,,10448.010386393,10444.267137724,,,2026-09-05T00:22:31.214288Z
11d1cde8-8732-423b-a9cb-9b3a4e1865da,run1_rep3,G,CLOSED,CLOSED,request,PROVIDER,N/A,,3758.383877000597,INFO,adaptador.request,true,exitoso,,,10448.085236143,10444.326852266,,,2026-09-05T00:22:31.289104Z
abfe4b0e-5480-4310-bdb3-8cf3a81295e9,run1_rep3,G,CLOSED,CLOSED,request,PROVIDER,N/A,,3835.1745849995496,INFO,adaptador.request,true,exitoso,,,10448.163853559,10444.328678974,,,2026-09-05T00:22:31.367739Z
268792af-29a5-4c7d-b83f-e9e65524c028,run1_rep3,G,CLOSED,CLOSED,request,PROVIDER,N/A,,3853.5765430005995,INFO,adaptador.request,true,exitoso,,,10448.267106309,10444.413529766,,,2026-09-05T00:22:31.470973Z
e0319f52-f2d5-4726-91af-910e3c4fdb8e,run1_rep3,G,CLOSED,CLOSED,request,PROVIDER,N/A,,3746.171127000707,INFO,adaptador.request,true,exitoso,,,10448.352491685,10444.606320558,,,2026-09-05T00:22:31.556385Z
da13c1be-4757-43c7-8ca4-252eca1b328a,run1_rep3,G,CLOSED,CLOSED,request,PROVIDER,N/A,,3770.603918999768,INFO,adaptador.request,true,exitoso,,,10448.446329893,10444.675725974,,,2026-09-05T00:22:31.650197Z
11c41efc-3842-4748-82b6-3ecb24353a37,run1_rep3,G,CLOSED,CLOSED,request,PROVIDER,N/A,,3697.1292519992858,INFO,adaptador.request,true,exitoso,,,10448.516552643,10444.819423391,,,2026-09-05T00:22:31.720463Z
88db6f1b-5632-4dd2-b9e4-a6753006dbb4,run1_rep3,G,CLOSED,CLOSED,request,PROVIDER,N/A,,3750.545251999938,INFO,adaptador.request,true,exitoso,,,10448.620702685,10444.870157433,,,2026-09-05T00:22:31.824590Z
c74762ee-035c-45d4-9d80-a67c655ff8a6,run1_rep3,G,CLOSED,CLOSED,request,PROVIDER,N/A,,3688.4381679992657,INFO,adaptador.request,true,exitoso,,,10448.707909268,10445.0194711,,,2026-09-05T00:22:31.911876Z
6431f22f-45ab-4c8a-9e2b-ce58572063ca,run1_rep3,G,CLOSED,CLOSED,request,PROVIDER,N/A,,3775.9316270003183,INFO,adaptador.request,true,exitoso,,,10448.805455018,10445.029523391,,,2026-09-05T00:22:32.009338Z
a7a839da-4df4-4cd1-8da7-c49609ef64a4,run1_rep3,G,CLOSED,CLOSED,request,PROVIDER,N/A,,3809.5510010007274,INFO,adaptador.request,true,exitoso,,,10448.866321101,10445.0567701,,,2026-09-05T00:22:32.070216Z
f213655b-a5af-4ed0-bfa3-2c3c9014b8e4,run1_rep3,G,CLOSED,CLOSED,request,PROVIDER,N/A,,3797.0000429995707,INFO,adaptador.request,true,exitoso,,,10448.929030518,10445.132030475,,,2026-09-05T00:22:32.132905Z
970c2fe5-2c5a-4d44-96f9-8d5147344a78,run1_rep3,G,CLOSED,CLOSED,request,PROVIDER,N/A,,3781.8823349989543,INFO,adaptador.request,true,exitoso,,,10449.013192935,10445.2313106,,,2026-09-05T00:22:32.217153Z
1820d73a-f19b-41c8-8fb9-2226350388e1,run1_rep3,G,CLOSED,CLOSED,request,PROVIDER,N/A,,3755.8182520006085,INFO,adaptador.request,true,exitoso,,,10449.075728352,10445.3199101,,,2026-09-05T00:22:32.279621Z
7b052c66-670c-4cff-b34c-e65173be17b4,run1_rep3,G,CLOSED,CLOSED,request,PROVIDER,N/A,,3771.589085999949,INFO,adaptador.request,true,exitoso,,,10449.165547227,10445.393958141,,,2026-09-05T00:22:32.369428Z
4ae711d7-fe6b-4b70-bd96-80378d0a28fe,run1_rep3,G,CLOSED,CLOSED,request,PROVIDER,N/A,,3862.7043360011157,INFO,adaptador.request,true,exitoso,,,10449.257147602,10445.394443266,,,2026-09-05T00:22:32.461031Z
0776181c-bda3-4111-8b00-46e9c4a91086,run1_rep3,G,CLOSED,CLOSED,request,PROVIDER,N/A,,3784.86225099914,INFO,adaptador.request,true,exitoso,,,10449.349307518,10445.564445267,,,2026-09-05T00:22:32.553207Z
3fb6a7fa-1861-4242-9ccd-ef495dcbea54,run1_rep3,G,CLOSED,CLOSED,request,PROVIDER,N/A,,3809.0657929988083,INFO,adaptador.request,true,exitoso,,,10449.427047435,10445.617981642,,,2026-09-05T00:22:32.630954Z
95adf6d6-04ff-4b33-9e4a-592f2e7fd2cd,run1_rep3,G,CLOSED,CLOSED,request,PROVIDER,N/A,,3863.7418350008375,INFO,adaptador.request,true,exitoso,,,10449.504813518,10445.641071683,,,2026-09-05T00:22:32.708695Z
83d37e03-5bd6-4569-ad64-8c5b0c577d37,run1_rep3,G,CLOSED,CLOSED,request,PROVIDER,N/A,,3852.2428760006733,INFO,adaptador.request,true,exitoso,,,10449.594067143,10445.741824267,,,2026-09-05T00:22:32.797949Z
2c97ba24-e462-4c33-98f8-8a9b1df08e9d,run1_rep3,G,CLOSED,CLOSED,request,PROVIDER,N/A,,3943.1985009996424,INFO,adaptador.request,true,exitoso,,,10449.690572893,10445.747374392,,,2026-09-05T00:22:32.894452Z
da9716ff-a75a-45e1-b2d5-bb2872d6137e,run1_rep3,G,CLOSED,CLOSED,request,PROVIDER,N/A,,4024.169669000912,INFO,adaptador.request,true,exitoso,,,10449.788251727,10445.764082058,,,2026-09-05T00:22:32.992161Z
d92fcdce-8f5c-4233-8011-37a38a1b2538,run1_rep3,G,CLOSED,CLOSED,request,PROVIDER,N/A,,3917.8846269987844,INFO,adaptador.request,true,exitoso,,,10449.869424727,10445.9515401,,,2026-09-05T00:22:33.073323Z
75551902-bd88-48b0-a4df-b2569640c6b7,run1_rep3,G,CLOSED,CLOSED,request,PROVIDER,N/A,,3952.6480849999643,INFO,adaptador.request,true,exitoso,,,10449.924580185,10445.9719321,,,2026-09-05T00:22:33.128478Z
e253bc72-0e0e-4bfa-96c1-82d44330134b,run1_rep3,G,CLOSED,CLOSED,request,PROVIDER,N/A,,3998.3921679995547,INFO,adaptador.request,true,exitoso,,,10450.002572685,10446.004180517,,,2026-09-05T00:22:33.206449Z
c53c7ec1-087c-4443-9f61-9efbcb0a5a6f,run1_rep3,G,CLOSED,CLOSED,request,PROVIDER,N/A,,3923.0298349993973,INFO,adaptador.request,true,exitoso,,,10450.107591352,10446.184561517,,,2026-09-05T00:22:33.311456Z
dacee6df-5e22-4e1d-9675-ba3ea4ed8180,run1_rep3,G,CLOSED,CLOSED,request,PROVIDER,N/A,,3936.7583349994675,INFO,adaptador.request,true,exitoso,,,10450.179036185,10446.24227785,,,2026-09-05T00:22:33.382922Z
41126503-a7b9-4bd8-89d6-742d5dace9a1,run1_rep3,G,CLOSED,CLOSED,request,PROVIDER,N/A,,3911.3580440007354,INFO,adaptador.request,true,exitoso,,,10450.260193394,10446.34883535,,,2026-09-05T00:22:33.464061Z
ac9b4770-0e90-4575-a0e2-aed7ad0a8055,run1_rep3,G,CLOSED,CLOSED,request,PROVIDER,N/A,,3912.1394180001516,INFO,adaptador.request,true,exitoso,,,10450.338024685,10446.425885267,,,2026-09-05T00:22:33.541920Z
db283943-6a7c-4f30-8d8b-c904699d555a,run1_rep3,G,CLOSED,CLOSED,request,PROVIDER,N/A,,3941.22016899928,INFO,adaptador.request,true,exitoso,,,10450.399395269,10446.4581751,,,2026-09-05T00:22:33.603283Z
290c1017-217f-4a34-a2d8-c0afa3ec0b4e,run1_rep3,G,CLOSED,CLOSED,request,PROVIDER,N/A,,4029.6828350001306,INFO,adaptador.request,true,exitoso,,,10450.506781144,10446.477098309,,,2026-09-05T00:22:33.710650Z
c6baf79a-83a7-46f4-9573-df955dc1d5e7,run1_rep3,G,CLOSED,CLOSED,request,PROVIDER,N/A,,4063.3149599998433,INFO,adaptador.request,true,exitoso,,,10450.587462227,10446.524147267,,,2026-09-05T00:22:33.791391Z
db678507-744a-4e87-addf-efdf572f7167,run1_rep3,G,CLOSED,CLOSED,request,PROVIDER,N/A,,4054.588502000115,INFO,adaptador.request,true,exitoso,,,10450.643714102,10446.5891256,,,2026-09-05T00:22:33.847654Z
29a93bee-4182-4b62-aaca-3dd765fcb154,run1_rep3,G,CLOSED,CLOSED,request,PROVIDER,N/A,,3927.944626999306,INFO,adaptador.request,true,exitoso,,,10450.715071727,10446.7871271,,,2026-09-05T00:22:33.918935Z
5ba61719-911f-4a12-bae3-f431de8fcf9f,run1_rep3,G,CLOSED,CLOSED,request,PROVIDER,N/A,,3822.0302930003527,INFO,adaptador.request,true,exitoso,,,10450.786080477,10446.964050184,,,2026-09-05T00:22:33.989967Z
7dc3cd04-1702-449e-981e-4c520ca9ae11,run1_rep3,G,CLOSED,CLOSED,request,PROVIDER,N/A,,3822.9275430003327,INFO,adaptador.request,true,exitoso,,,10450.867367977,10447.044440434,,,2026-09-05T00:22:34.071247Z
125c9d99-a09c-4604-9683-e2a91e51265a,run1_rep3,G,CLOSED,CLOSED,request,PROVIDER,N/A,,3808.2457929995144,INFO,adaptador.request,true,exitoso,,,10450.940565894,10447.132320101,,,2026-09-05T00:22:34.144399Z
cb3c102b-90d6-49e6-bfc3-e50af9815c6d,run1_rep3,G,CLOSED,CLOSED,request,PROVIDER,N/A,,3865.918960000272,INFO,adaptador.request,true,exitoso,,,10451.036550227,10447.170631267,,,2026-09-05T00:22:34.240473Z
8d92571b-cc45-4230-9216-846ba8c6e353,run1_rep3,G,CLOSED,CLOSED,request,PROVIDER,N/A,,3942.187793998528,INFO,adaptador.request,true,exitoso,,,10451.127348686,10447.185160892,,,2026-09-05T00:22:34.331209Z
9dcb6010-b26f-48cd-ae19-7fb163baae06,run1_rep3,G,CLOSED,CLOSED,request,PROVIDER,N/A,,3948.862752000423,INFO,adaptador.request,true,exitoso,,,10451.210586019,10447.261723267,,,2026-09-05T00:22:34.414466Z
cb903445-33ee-4c6d-898c-1982ebf8f092,run1_rep3,G,CLOSED,CLOSED,request,PROVIDER,N/A,,3904.6590859998105,INFO,adaptador.request,true,exitoso,,,10451.314521603,10447.409862517,,,2026-09-05T00:22:34.518398Z
b139b085-3fda-496b-bcb5-10590e15a81d,run1_rep3,G,CLOSED,CLOSED,request,PROVIDER,N/A,,3925.0684609996824,INFO,adaptador.request,true,exitoso,,,10451.406430228,10447.481361767,,,2026-09-05T00:22:34.610331Z
f7a9f5b6-ef41-4b12-b2c2-84dd4b9c1e68,run1_rep3,G,CLOSED,CLOSED,request,PROVIDER,N/A,,3940.9131269985664,INFO,adaptador.request,true,exitoso,,,10451.465852311,10447.524939184,,,2026-09-05T00:22:34.669740Z
33c6fe6c-2aa8-436f-9fa5-ef21823ac641,run1_rep3,G,CLOSED,CLOSED,request,PROVIDER,N/A,,3796.823418000713,INFO,adaptador.request,true,exitoso,,,10451.527914769,10447.731091351,,,2026-09-05T00:22:34.731825Z
25596f8c-1bd1-4cb3-87f7-7a7a047b2fac,run1_rep3,G,CLOSED,CLOSED,request,PROVIDER,N/A,,3838.8255429999845,INFO,adaptador.request,true,exitoso,,,10451.590949894,10447.752124351,,,2026-09-05T00:22:34.794846Z
1aac54ef-3ace-43a3-9118-7441790b3977,run1_rep3,G,CLOSED,CLOSED,request,PROVIDER,N/A,,3787.2782930007816,INFO,adaptador.request,true,exitoso,,,10451.678062311,10447.890784018,,,2026-09-05T00:22:34.881948Z
2db5ed06-b858-4c86-9db6-da69ba7adab8,run1_rep3,G,CLOSED,CLOSED,request,PROVIDER,N/A,,3859.024250999937,INFO,adaptador.request,true,exitoso,,,10451.783125144,10447.924100893,,,2026-09-05T00:22:34.987003Z
1894edef-3a23-46d6-95c3-80385222d912,run1_rep3,G,CLOSED,CLOSED,request,PROVIDER,N/A,,3886.6725440002483,INFO,adaptador.request,true,exitoso,,,10451.855528478,10447.968855934,,,2026-09-05T00:22:35.059403Z
09e8cbfa-ee91-4c57-98ba-b2cc5835771f,run1_rep3,G,CLOSED,CLOSED,request,PROVIDER,N/A,,3785.2517110004555,INFO,adaptador.request,true,exitoso,,,10451.920510645,10448.135258934,,,2026-09-05T00:22:35.124386Z
95a73fbe-7d9b-42af-a096-614918bb27f8,run1_rep3,G,CLOSED,CLOSED,request,PROVIDER,N/A,,3795.556876999399,INFO,adaptador.request,true,exitoso,,,10452.022074645,10448.226517768,,,2026-09-05T00:22:35.225968Z
06241200-53b9-4273-89f3-e75b833f41ee,run1_rep3,G,CLOSED,CLOSED,request,PROVIDER,N/A,,3857.5822099992365,INFO,adaptador.request,true,exitoso,,,10452.107087186,10448.249504976,,,2026-09-05T00:22:35.310914Z
62ce0376-a986-4e17-939e-5cde7431ff1c,run1_rep3,G,CLOSED,CLOSED,request,PROVIDER,N/A,,3932.9007100004674,INFO,adaptador.request,true,exitoso,,,10452.204977436,10448.272076726,,,2026-09-05T00:22:35.408816Z
0dea0d87-4811-4534-8215-854977093c96,run1_rep3,G,CLOSED,CLOSED,request,PROVIDER,N/A,,3838.0842940005095,INFO,adaptador.request,true,exitoso,,,10452.263931145,10448.425846851,,,2026-09-05T00:22:35.467788Z
bbac4526-0742-4a2e-b112-492c0e238fba,run1_rep3,G,CLOSED,CLOSED,request,PROVIDER,N/A,,3799.796334998973,INFO,adaptador.request,true,exitoso,,,10452.366141895,10448.56634556,,,2026-09-05T00:22:35.570064Z
ce26da67-ddb3-4b6c-adf4-a9c7ddfd2057,run1_rep3,G,CLOSED,CLOSED,request,PROVIDER,N/A,,3852.467043998331,INFO,adaptador.request,true,exitoso,,,10452.43325327,10448.580786226,,,2026-09-05T00:22:35.637154Z
7c53f375-bbd4-494f-a0f3-df4d768ba8d7,run1_rep3,G,CLOSED,CLOSED,request,PROVIDER,N/A,,3758.1542099997023,INFO,adaptador.request,true,exitoso,,,10452.522545061,10448.764390851,,,2026-09-05T00:22:35.726432Z
48f8edff-602b-4864-8839-ddb6ff61879f,run1_rep3,G,CLOSED,CLOSED,request,PROVIDER,N/A,,3647.7339180000854,INFO,adaptador.request,true,exitoso,,,10452.597292978,10448.94955906,,,2026-09-05T00:22:35.801154Z
09c0e199-4414-477c-acd5-5cfde4b5d565,run1_rep3,G,CLOSED,CLOSED,request,PROVIDER,N/A,,3704.934334999052,INFO,adaptador.request,true,exitoso,,,10452.686207645,10448.98127331,,,2026-09-05T00:22:35.890180Z
3b7800b1-c56c-4792-b097-cf990ef9cdb2,run1_rep3,G,CLOSED,CLOSED,request,PROVIDER,N/A,,3755.0132100004703,INFO,adaptador.request,true,exitoso,,,10452.79314102,10449.03812781,,,2026-09-05T00:22:35.997026Z
c56d1c31-0c37-424e-a3c7-78846dea2689,run1_rep3,G,CLOSED,CLOSED,request,PROVIDER,N/A,,3668.314835000274,INFO,adaptador.request,true,exitoso,,,10452.881137645,10449.21282281,,,2026-09-05T00:22:36.085033Z
80499e5b-4c25-4beb-aa3b-116581387464,run1_rep3,G,CLOSED,CLOSED,request,PROVIDER,N/A,,3710.1805020010943,INFO,adaptador.request,true,exitoso,,,10452.93742652,10449.227246018,,,2026-09-05T00:22:36.141321Z
dbcb39a0-2333-480b-bc65-1455749cc4dc,run1_rep3,G,CLOSED,CLOSED,request,PROVIDER,N/A,,3786.564042999089,INFO,adaptador.request,true,exitoso,,,10453.034902103,10449.24833806,,,2026-09-05T00:22:36.238796Z
78b64571-e815-4d15-8246-a513403fb467,run1_rep3,G,CLOSED,CLOSED,request,PROVIDER,N/A,,3811.517501000708,INFO,adaptador.request,true,exitoso,,,10453.113939978,10449.302422477,,,2026-09-05T00:22:36.317847Z
6b979d8e-6999-4e75-ba06-5aa2d1e3337a,run1_rep3,G,CLOSED,CLOSED,request,PROVIDER,N/A,,3815.352294001059,INFO,adaptador.request,true,exitoso,,,10453.197766937,10449.382414643,,,2026-09-05T00:22:36.401633Z
af9ff7c1-c01f-49f2-b04d-d8f972ca636e,run1_rep3,G,CLOSED,CLOSED,request,PROVIDER,N/A,,3871.328167999309,INFO,adaptador.request,true,exitoso,,,10453.28129152,10449.409963352,,,2026-09-05T00:22:36.485189Z
5498f00e-9982-4832-b1c6-4eefc04e925d,run1_rep3,G,CLOSED,CLOSED,request,PROVIDER,N/A,,3853.3213770006114,INFO,adaptador.request,true,exitoso,,,10453.386999729,10449.533678352,,,2026-09-05T00:22:36.590915Z
6c94b99a-ac67-4aff-bdb6-856821f7a08b,run1_rep3,G,CLOSED,CLOSED,request,PROVIDER,N/A,,3814.5815019997826,INFO,adaptador.request,true,exitoso,,,10453.453884104,10449.639302602,,,2026-09-05T00:22:36.657763Z
cbee3540-e180-4290-b0f5-fd84ddc4e6f2,run1_rep3,G,CLOSED,CLOSED,request,PROVIDER,N/A,,3684.9290009995457,INFO,adaptador.request,true,exitoso,,,10453.53406352,10449.849134519,,,2026-09-05T00:22:36.737941Z
da64a10e-2b17-4c70-b2b4-95d95d74647d,run1_rep3,G,CLOSED,CLOSED,request,PROVIDER,N/A,,3707.7410430010787,INFO,adaptador.request,true,exitoso,,,10453.636262395,10449.928521352,,,2026-09-05T00:22:36.840137Z
c06339cc-fdae-4803-a8c3-d696c4446cd7,run1_rep3,G,CLOSED,CLOSED,request,PROVIDER,N/A,,3802.084876999288,INFO,adaptador.request,true,exitoso,,,10453.737450604,10449.935365727,,,2026-09-05T00:22:36.941331Z
ca5b9540-e5e3-4337-8aee-a06fc48a3f9f,run1_rep3,G,CLOSED,CLOSED,request,PROVIDER,N/A,,3819.2739600017376,INFO,adaptador.request,true,exitoso,,,10453.82162677,10450.00235281,,,2026-09-05T00:22:37.025493Z
b630bf85-0373-4654-8103-a243d289b96c,run1_rep3,G,CLOSED,CLOSED,request,PROVIDER,N/A,,3848.911543000213,INFO,adaptador.request,true,exitoso,,,10453.923217187,10450.074305644,,,2026-09-05T00:22:37.127059Z
aa38b335-0a22-49c9-bcf5-4d0a02ab8e32,run1_rep3,G,CLOSED,CLOSED,request,PROVIDER,N/A,,3847.6013360013894,INFO,adaptador.request,true,exitoso,,,10453.986030771,10450.138429435,,,2026-09-05T00:22:37.189905Z
31c018f1-dd2d-4132-bf10-e19fdaca58d3,run1_rep3,G,CLOSED,CLOSED,request,PROVIDER,N/A,,3868.7879600001907,INFO,adaptador.request,true,exitoso,,,10454.062784687,10450.193996727,,,2026-09-05T00:22:37.266654Z
30e60cca-9c4f-4360-8204-999e91b42719,run1_rep3,G,CLOSED,CLOSED,request,PROVIDER,N/A,,3903.763752001396,INFO,adaptador.request,true,exitoso,,,10454.164444771,10450.260681019,,,2026-09-05T00:22:37.368327Z
a76c2d2e-4c6e-4a1b-a249-7c1fcf33a152,run1_rep3,G,CLOSED,CLOSED,request,PROVIDER,N/A,,3969.757167998978,INFO,adaptador.request,true,exitoso,,,10454.231248937,10450.261491769,,,2026-09-05T00:22:37.435137Z
64f8954f-1c95-421c-827d-8cbb8c107219,run1_rep3,G,CLOSED,CLOSED,request,PROVIDER,N/A,,3912.547710999206,INFO,adaptador.request,true,exitoso,,,10454.331066771,10450.41851906,,,2026-09-05T00:22:37.534903Z
7fa32c93-e435-473c-acb0-14cda16b18a3,run1_rep3,G,CLOSED,CLOSED,request,PROVIDER,N/A,,3870.9064180002315,INFO,adaptador.request,true,exitoso,,,10454.432905729,10450.561999311,,,2026-09-05T00:22:37.636826Z
2269a29a-2f7d-45b2-9fa0-4eeedf69ceaa,run1_rep3,G,CLOSED,CLOSED,request,PROVIDER,N/A,,3848.394542999813,INFO,adaptador.request,true,exitoso,,,10454.511052479,10450.662657936,,,2026-09-05T00:22:37.714958Z
48df77b5-f578-4a28-925e-96321440d856,run1_rep3,G,CLOSED,CLOSED,request,PROVIDER,N/A,,3950.622710000971,INFO,adaptador.request,true,exitoso,,,10454.613730896,10450.663108186,,,2026-09-05T00:22:37.817608Z
20d57457-c7a4-4fe3-bba9-aa4c598ca8af,run1_rep3,G,CLOSED,CLOSED,request,PROVIDER,N/A,,3930.321585999991,INFO,adaptador.request,true,exitoso,,,10454.693268188,10450.762946602,,,2026-09-05T00:22:37.897145Z
ce3786c5-f20b-4bcd-94fa-f4be4916e26b,run1_rep3,G,CLOSED,CLOSED,request,PROVIDER,N/A,,4000.909917998797,INFO,adaptador.request,true,exitoso,,,10454.785257479,10450.784347561,,,2026-09-05T00:22:37.989144Z
81cd0941-1859-4f5d-b4a8-f227b68e2d10,run1_rep3,G,CLOSED,CLOSED,request,PROVIDER,N/A,,3845.761669001149,INFO,adaptador.request,true,exitoso,,,10454.882133188,10451.036371519,,,2026-09-05T00:22:38.086046Z
892431b6-6158-4c8b-a20b-c00152dc125a,run1_rep3,G,CLOSED,CLOSED,request,PROVIDER,N/A,,3918.11250200044,INFO,adaptador.request,true,exitoso,,,10454.990326813,10451.072214311,,,2026-09-05T00:22:38.194217Z
a88f4041-05be-4d3f-867f-974826f8d894,run1_rep3,G,CLOSED,CLOSED,request,PROVIDER,N/A,,3930.584835001355,INFO,adaptador.request,true,exitoso,,,10455.056283104,10451.125698269,,,2026-09-05T00:22:38.260155Z
91aad390-183f-4675-a3d9-108ab4c4bca4,run1_rep3,G,CLOSED,CLOSED,request,PROVIDER,N/A,,3972.333334999348,INFO,adaptador.request,true,exitoso,,,10455.131301063,10451.158967728,,,2026-09-05T00:22:38.335180Z
b5dd4976-a958-4fa2-af8e-db64d97a7bdb,run1_rep3,G,CLOSED,CLOSED,request,PROVIDER,N/A,,3996.4079599994875,INFO,adaptador.request,true,exitoso,,,10455.212827104,10451.216419144,,,2026-09-05T00:22:38.416695Z
86cd7bee-0849-422f-9184-92980aefddda,run1_rep3,G,CLOSED,CLOSED,request,PROVIDER,N/A,,3964.2559599997185,INFO,adaptador.request,true,exitoso,,,10455.312863313,10451.348607353,,,2026-09-05T00:22:38.516711Z
1fff650c-06f2-4bce-93ce-1c07c18d0ec4,run1_rep3,G,CLOSED,CLOSED,request,PROVIDER,N/A,,4011.7542520001734,INFO,adaptador.request,true,exitoso,,,10455.418956313,10451.407202061,,,2026-09-05T00:22:38.622940Z
3677a3af-1d21-4fbe-8e14-d0ce8e9c2865,run1_rep3,G,CLOSED,CLOSED,request,PROVIDER,N/A,,3998.3386269996117,INFO,adaptador.request,true,exitoso,,,10455.489227146,10451.490888519,,,2026-09-05T00:22:38.693131Z
447b5845-9f9e-4c36-aa3d-68a6598f95b1,run1_rep3,G,CLOSED,CLOSED,request,PROVIDER,N/A,,3920.3597939995234,INFO,adaptador.request,true,exitoso,,,10455.575655563,10451.655295769,,,2026-09-05T00:22:38.779555Z
1fc0962a-e138-405d-ad9e-a3ab03d3e897,run1_rep3,G,CLOSED,CLOSED,request,PROVIDER,N/A,,3965.932627001166,INFO,adaptador.request,true,exitoso,,,10455.633294855,10451.667362228,,,2026-09-05T00:22:38.837174Z
7f3b6369-39c8-42ed-9f8d-88e79b85c3c9,run1_rep3,G,CLOSED,CLOSED,request,PROVIDER,N/A,,3966.47196000049,INFO,adaptador.request,true,exitoso,,,10455.696592271,10451.730120311,,,2026-09-05T00:22:38.900502Z
903f0ee1-46e0-41e7-92ae-1c2b6d47faaf,run1_rep3,G,CLOSED,CLOSED,request,PROVIDER,N/A,,4006.087877000027,INFO,adaptador.request,true,exitoso,,,10455.759562605,10451.753474728,,,2026-09-05T00:22:38.963453Z
27354c4b-6362-4642-ab82-e510dbfbec0e,run1_rep3,G,CLOSED,CLOSED,request,PROVIDER,N/A,,4073.0366689986113,INFO,adaptador.request,true,exitoso,,,10455.862847313,10451.789810644,,,2026-09-05T00:22:39.066763Z
1cbbe041-05f2-40bb-9315-679166e1159f,run1_rep3,G,CLOSED,CLOSED,request,PROVIDER,N/A,,3922.675669000455,INFO,adaptador.request,true,exitoso,,,10455.93113948,10452.008463811,,,2026-09-05T00:22:39.135019Z
1f931088-2142-4b8f-bc71-36ae5fdc011b,run1_rep3,G,CLOSED,CLOSED,request,PROVIDER,N/A,,3913.132419000249,INFO,adaptador.request,true,exitoso,,,10456.02829673,10452.115164311,,,2026-09-05T00:22:39.232183Z
c07da82a-e273-4b55-a036-f5c6779e17e9,run1_rep3,G,CLOSED,CLOSED,request,PROVIDER,N/A,,3839.090502000545,INFO,adaptador.request,true,exitoso,,,10456.123196938,10452.284106436,,,2026-09-05T00:22:39.327060Z
dd048f3b-146f-4bf2-ac5b-6180de9f7190,run1_rep3,G,CLOSED,CLOSED,request,PROVIDER,N/A,,3874.868251999942,INFO,adaptador.request,true,exitoso,,,10456.193682147,10452.318813895,,,2026-09-05T00:22:39.397552Z
ee985b8c-36f4-4f71-bff7-8801a8dff984,run1_rep3,G,CLOSED,CLOSED,request,PROVIDER,N/A,,3896.0403349992703,INFO,adaptador.request,true,exitoso,,,10456.270724105,10452.37468377,,,2026-09-05T00:22:39.474606Z
f372571a-45db-47e0-b07f-44d03222f337,run1_rep3,G,CLOSED,CLOSED,request,PROVIDER,N/A,,3999.631626998962,INFO,adaptador.request,true,exitoso,,,10456.374663563,10452.375031936,,,2026-09-05T00:22:39.578584Z
532ae386-0e1d-42ca-8da9-d4647e372522,run1_rep3,G,CLOSED,CLOSED,request,PROVIDER,N/A,,3941.024126999764,INFO,adaptador.request,true,exitoso,,,10456.451094147,10452.51007002,,,2026-09-05T00:22:39.655008Z
4c74d24b-35cf-49ab-b7ee-9f1ff7ac27df,run1_rep3,G,CLOSED,CLOSED,request,PROVIDER,N/A,,3889.934793000066,INFO,adaptador.request,true,exitoso,,,10456.515613063,10452.62567827,,,2026-09-05T00:22:39.719614Z
b96205f6-807c-46a7-9b1f-e0224fcd63cd,run1_rep3,G,CLOSED,CLOSED,request,PROVIDER,N/A,,3891.2205020005786,INFO,adaptador.request,true,exitoso,,,10456.59265298,10452.701432478,,,2026-09-05T00:22:39.796575Z
3c0fe5b1-bdda-4eb2-935d-a87d48d3cf81,run1_rep3,G,CLOSED,CLOSED,request,PROVIDER,N/A,,3936.630668998987,INFO,adaptador.request,true,exitoso,,,10456.666105022,10452.729474353,,,2026-09-05T00:22:39.870057Z
e697f1d5-2277-4296-a0a1-66aea068388a,run1_rep3,G,CLOSED,CLOSED,request,PROVIDER,N/A,,3856.142294000165,INFO,adaptador.request,true,exitoso,,,10456.726515772,10452.870373478,,,2026-09-05T00:22:39.930410Z
4743c50d-0bd1-4e79-a43d-b91d4bf4eff5,run1_rep3,G,CLOSED,CLOSED,request,PROVIDER,N/A,,3918.297252001139,INFO,adaptador.request,true,exitoso,,,10456.80793873,10452.889641478,,,2026-09-05T00:22:40.011843Z
81f897c4-fc41-44ca-bda2-6bee6bfcfde9,run1_rep3,G,CLOSED,CLOSED,request,PROVIDER,N/A,,3929.576710001129,INFO,adaptador.request,true,exitoso,,,10456.898901897,10452.969325187,,,2026-09-05T00:22:40.102838Z
63d6f2a8-c929-4a6a-ae10-5b48a190c360,run1_rep3,G,CLOSED,CLOSED,request,PROVIDER,N/A,,3915.9387519994198,INFO,adaptador.request,true,exitoso,,,10456.959976564,10453.044037812,,,2026-09-05T00:22:40.163874Z
8d19debc-225f-42ee-af02-37d070a9f9d6,run1_rep3,G,CLOSED,CLOSED,request,PROVIDER,N/A,,3910.757751998972,INFO,adaptador.request,true,exitoso,,,10457.025397397,10453.114639645,,,2026-09-05T00:22:40.229262Z
3823b542-ef83-4026-96d1-16c3231c5cd2,run1_rep3,G,CLOSED,CLOSED,request,PROVIDER,N/A,,3945.325001999663,INFO,adaptador.request,true,exitoso,,,10457.104367564,10453.159042562,,,2026-09-05T00:22:40.308224Z
1189c894-8955-48a3-96ae-cdd2ebfb9c0a,run1_rep3,G,CLOSED,CLOSED,request,PROVIDER,N/A,,3930.1521260003938,INFO,adaptador.request,true,exitoso,,,10457.18554873,10453.255396604,,,2026-09-05T00:22:40.389443Z
9b31c79d-8916-4db3-8620-114790c60c03,run1_rep3,G,CLOSED,CLOSED,request,PROVIDER,N/A,,3917.2395019995747,INFO,adaptador.request,true,exitoso,,,10457.243570272,10453.32633077,,,2026-09-05T00:22:40.447480Z
ed486e3e-c6a2-4919-a697-932b5c9ced5d,run1_rep3,G,CLOSED,CLOSED,request,PROVIDER,N/A,,3816.5690440000617,INFO,adaptador.request,true,exitoso,,,10457.330178814,10453.51360977,,,2026-09-05T00:22:40.534092Z
13670301-0c38-4c38-8952-b6929325108c,run1_rep3,G,CLOSED,CLOSED,request,PROVIDER,N/A,,3851.2274179993256,INFO,adaptador.request,true,exitoso,,,10457.422165855,10453.570938437,,,2026-09-05T00:22:40.626052Z
47ca099f-ced2-46f9-b419-4444523f105e,run1_rep3,G,CLOSED,CLOSED,request,PROVIDER,N/A,,3721.4604189994134,INFO,adaptador.request,true,exitoso,,,10457.514809314,10453.793348895,,,2026-09-05T00:22:40.718692Z
29198762-c570-4308-8ba7-6dd70e9b7bcd,run1_rep3,G,CLOSED,CLOSED,request,PROVIDER,N/A,,3747.8361270004825,INFO,adaptador.request,true,exitoso,,,10457.586561272,10453.838725145,,,2026-09-05T00:22:40.790439Z
c450bdb3-652f-4f0f-859c-3fd2748def84,run1_rep3,G,CLOSED,CLOSED,request,PROVIDER,N/A,,3813.307709999208,INFO,adaptador.request,true,exitoso,,,10457.681527272,10453.868219562,,,2026-09-05T00:22:40.885470Z
32903086-988d-454b-869f-56c433b6758b,run1_rep3,G,CLOSED,CLOSED,request,PROVIDER,N/A,,3729.9459189998743,INFO,adaptador.request,true,exitoso,,,10457.747387856,10454.017441937,,,2026-09-05T00:22:40.951267Z
6bb07f60-210e-4990-bf28-208f40e738a3,run1_rep3,G,CLOSED,CLOSED,request,PROVIDER,N/A,,3825.313252000342,INFO,adaptador.request,true,exitoso,,,10457.843131356,10454.017818104,,,2026-09-05T00:22:41.047016Z
fd68adec-3ec4-4d76-b45a-6d1d60a64bb4,run1_rep3,G,CLOSED,CLOSED,request,PROVIDER,N/A,,3787.1225429989863,INFO,adaptador.request,true,exitoso,,,10457.910493439,10454.123370896,,,2026-09-05T00:22:41.114386Z
7f692fbe-b92c-49aa-8d71-9458ea6f35b2,run1_rep3,G,CLOSED,CLOSED,request,PROVIDER,N/A,,3860.5645850002475,INFO,adaptador.request,true,exitoso,,,10458.006675981,10454.146111396,,,2026-09-05T00:22:41.210610Z
8c5ce43f-afde-4d21-a116-c56122161585,run1_rep3,G,CLOSED,CLOSED,request,PROVIDER,N/A,,3886.9794600013847,INFO,adaptador.request,true,exitoso,,,10458.086260231,10454.199280771,,,2026-09-05T00:22:41.290158Z
a01fb2b6-b9d1-493e-99be-36b59de88c66,run1_rep3,G,CLOSED,CLOSED,request,PROVIDER,N/A,,3617.617085001257,INFO,adaptador.request,true,exitoso,,,10458.169582856,10454.551965771,,,2026-09-05T00:22:41.373472Z
9f1e1dc4-b3cd-4389-8e7d-d3d60f055c2e,run1_rep3,G,CLOSED,CLOSED,request,PROVIDER,N/A,,3679.7212099991157,INFO,adaptador.request,true,exitoso,,,10458.247943981,10454.568222771,,,2026-09-05T00:22:41.451868Z
533e27f5-659c-43e6-a7c4-b7fdc2ac185b,run1_rep3,G,CLOSED,CLOSED,request,PROVIDER,N/A,,3725.8711690010387,INFO,adaptador.request,true,exitoso,,,10458.346349023,10454.620477854,,,2026-09-05T00:22:41.550229Z
c3ce65bb-2a71-4902-b86b-997775773468,run1_rep3,G,CLOSED,CLOSED,request,PROVIDER,N/A,,3648.286794001251,INFO,adaptador.request,true,exitoso,,,10458.413265523,10454.764978729,,,2026-09-05T00:22:41.617135Z
e393f149-3bd5-4f04-b6dd-a1e122382090,run1_rep3,G,CLOSED,CLOSED,request,PROVIDER,N/A,,3681.5652099994622,INFO,adaptador.request,true,exitoso,,,10458.472985064,10454.791419854,,,2026-09-05T00:22:41.676923Z
26e6bcc8-e811-4992-8ab5-7c94f8d1f0a0,run1_rep3,G,CLOSED,CLOSED,request,PROVIDER,N/A,,3750.618043000941,INFO,adaptador.request,true,exitoso,,,10458.549257856,10454.798639813,,,2026-09-05T00:22:41.753141Z
42d795f3-5773-4f62-93ee-ca00039e8b87,run1_rep3,G,CLOSED,CLOSED,request,PROVIDER,N/A,,3736.88150199996,INFO,adaptador.request,true,exitoso,,,10458.644844398,10454.907962896,,,2026-09-05T00:22:41.848724Z
e7cc06e7-f07b-4bac-9617-0441d121239e,run1_rep3,G,CLOSED,CLOSED,request,PROVIDER,N/A,,3759.045876999153,INFO,adaptador.request,true,exitoso,,,10458.746966023,10454.987920146,,,2026-09-05T00:22:41.950898Z
14cb97af-6f9b-4bc2-bf44-800e4467bb94,run1_rep3,G,CLOSED,CLOSED,request,PROVIDER,N/A,,3759.7309190005035,INFO,adaptador.request,true,exitoso,,,10458.813393273,10455.053662354,,,2026-09-05T00:22:42.017261Z
5f6bd162-299d-4fbd-b463-f78cb12e95c5,run1_rep3,G,CLOSED,CLOSED,request,PROVIDER,N/A,,3634.8009609992005,INFO,adaptador.request,true,exitoso,,,10458.898392815,10455.263591854,,,2026-09-05T00:22:42.102285Z
298d9bdd-0f2e-4310-89cb-d8d9df0a5066,run1_rep3,G,CLOSED,CLOSED,request,PROVIDER,N/A,,3676.764710000498,INFO,adaptador.request,true,exitoso,,,10458.962231773,10455.285467063,,,2026-09-05T00:22:42.166143Z
69cf0750-ade7-47dd-8740-9bdd38996cb6,run1_rep3,G,CLOSED,CLOSED,request,PROVIDER,N/A,,3695.395251001173,INFO,adaptador.request,true,exitoso,,,10459.040969981,10455.34557473,,,2026-09-05T00:22:42.244866Z
d95c4d3d-e1de-41b3-9e99-edaef6b53393,run1_rep3,G,CLOSED,CLOSED,request,PROVIDER,N/A,,3746.1957939995045,INFO,adaptador.request,true,exitoso,,,10459.10804044,10455.361844646,,,2026-09-05T00:22:42.311942Z
0eaf257e-641c-4ae3-983c-9189c2a56442,run1_rep3,G,CLOSED,CLOSED,request,PROVIDER,N/A,,3550.256542999705,INFO,adaptador.request,true,exitoso,,,10459.181543106,10455.631286563,,,2026-09-05T00:22:42.385452Z
e666bef4-7b71-4004-a1b0-a194925b42d9,run1_rep3,G,CLOSED,CLOSED,request,PROVIDER,N/A,,3618.138043999352,INFO,adaptador.request,true,exitoso,,,10459.27948519,10455.661347146,,,2026-09-05T00:22:42.483389Z
961e82ae-cdd9-44a1-9659-7e96ab0938b6,run1_rep3,G,CLOSED,CLOSED,request,PROVIDER,N/A,,3681.830876999811,INFO,adaptador.request,true,exitoso,,,10459.379568065,10455.697737188,,,2026-09-05T00:22:42.583482Z
6f5fc3e4-7840-43c1-9477-5474d15d9e55,run1_rep3,G,CLOSED,CLOSED,request,PROVIDER,N/A,,3670.800875999703,INFO,adaptador.request,true,exitoso,,,10459.481389606,10455.81058873,,,2026-09-05T00:22:42.685277Z
6efcf80c-bcd0-414e-ab7e-4485be6e3ab2,run1_rep3,G,CLOSED,CLOSED,request,PROVIDER,N/A,,3671.9909599996754,INFO,adaptador.request,true,exitoso,,,10459.56355469,10455.89156373,,,2026-09-05T00:22:42.767439Z
5585b594-9927-402a-8335-bbf0960a2718,run1_rep3,G,CLOSED,CLOSED,request,PROVIDER,N/A,,3645.4251269988163,INFO,adaptador.request,true,exitoso,,,10459.651489482,10456.006064355,,,2026-09-05T00:22:42.855347Z
5e680527-27f3-49e4-9422-42835a0b0f5d,run1_rep3,G,CLOSED,CLOSED,request,PROVIDER,N/A,,3728.0823349992716,INFO,adaptador.request,true,exitoso,,,10459.734568773,10456.006486438,,,2026-09-05T00:22:42.938457Z
42b33ecc-6e72-401a-8e02-9e339d314f0e,run1_rep3,G,CLOSED,CLOSED,request,PROVIDER,N/A,,3798.581626999294,INFO,adaptador.request,true,exitoso,,,10459.805404482,10456.006822855,,,2026-09-05T00:22:43.009288Z
d1b54140-e028-4ffb-9ca1-691b537a04d2,run1_rep3,G,CLOSED,CLOSED,request,PROVIDER,N/A,,3786.159126999337,INFO,adaptador.request,true,exitoso,,,10459.86939194,10456.083232813,,,2026-09-05T00:22:43.073274Z
417bfe66-e074-4b9c-9074-ea72260ea1d0,run1_rep3,G,CLOSED,CLOSED,request,PROVIDER,N/A,,3551.6996269998344,INFO,adaptador.request,true,exitoso,,,10459.93502544,10456.383325813,,,2026-09-05T00:22:43.138968Z
2ef09ce7-0e97-495e-a52e-172cfa813534,run1_rep3,G,CLOSED,CLOSED,request,PROVIDER,N/A,,3607.2293759989407,INFO,adaptador.request,true,exitoso,,,10460.003050398,10456.395821022,,,2026-09-05T00:22:43.206931Z
e43c5380-1908-42d0-a3e3-5880952a5bfb,run1_rep3,G,CLOSED,CLOSED,request,PROVIDER,N/A,,3703.8199180005904,INFO,adaptador.request,true,exitoso,,,10460.100092023,10456.396272105,,,2026-09-05T00:22:43.303942Z
67016566-8ba4-4127-9eb3-9dae501e612f,run1_rep3,G,CLOSED,CLOSED,request,PROVIDER,N/A,,3738.9381259999936,INFO,adaptador.request,true,exitoso,,,10460.192152523,10456.453214397,,,2026-09-05T00:22:43.396033Z
c39938e3-08a4-4ba7-8d0a-07738b7ee1b6,run1_rep3,G,CLOSED,CLOSED,request,PROVIDER,N/A,,3832.418169000448,INFO,adaptador.request,true,exitoso,,,10460.290114107,10456.457695938,,,2026-09-05T00:22:43.493994Z
25ef9865-8989-48c9-ac3f-7d4649b883e0,run1_rep3,G,CLOSED,CLOSED,request,PROVIDER,N/A,,3669.898252001076,INFO,adaptador.request,true,exitoso,,,10460.377619482,10456.70772123,,,2026-09-05T00:22:43.581494Z
e7307056-5765-48c6-a578-05b794e3a8c2,run1_rep3,G,CLOSED,CLOSED,request,PROVIDER,N/A,,3710.545625999657,INFO,adaptador.request,true,exitoso,,,10460.45680144,10456.746255814,,,2026-09-05T00:22:43.660677Z
4475a879-056e-4dbc-a952-2b8522ac0fe0,run1_rep3,G,CLOSED,CLOSED,request,PROVIDER,N/A,,3687.4163760003285,INFO,adaptador.request,true,exitoso,,,10460.54617094,10456.858754564,,,2026-09-05T00:22:43.750048Z
d1002e1f-234f-4d44-8000-335dec0d0044,run1_rep3,G,CLOSED,CLOSED,request,PROVIDER,N/A,,3769.960085001003,INFO,adaptador.request,true,exitoso,,,10460.629135274,10456.859175189,,,2026-09-05T00:22:43.833083Z
48d03fab-6a28-4131-a682-85c064074e6b,run1_rep3,G,CLOSED,CLOSED,request,PROVIDER,N/A,,3859.9449600005755,INFO,adaptador.request,true,exitoso,,,10460.728493065,10456.868548105,,,2026-09-05T00:22:43.932365Z
57d33e0e-5b62-432f-a625-c7e287191c59,run1_rep3,G,CLOSED,CLOSED,request,PROVIDER,N/A,,3956.114085000081,INFO,adaptador.request,true,exitoso,,,10460.825273065,10456.86915898,,,2026-09-05T00:22:44.029164Z
8679f4f8-39b7-4968-887d-698dcf09fadc,run1_rep3,G,CLOSED,CLOSED,request,PROVIDER,N/A,,3825.486001000172,INFO,adaptador.request,true,exitoso,,,10460.888846565,10457.063360564,,,2026-09-05T00:22:44.092717Z
fe54545e-fb96-4a89-9f4a-1f59e2a6e1b9,run1_rep3,G,CLOSED,CLOSED,request,PROVIDER,N/A,,3754.12658499954,INFO,adaptador.request,true,exitoso,,,10460.945801982,10457.191675397,,,2026-09-05T00:22:44.149707Z
168e94fa-4148-40f5-af35-46d6e84b8d3c,run1_rep3,G,CLOSED,CLOSED,request,PROVIDER,N/A,,3758.975585000371,INFO,adaptador.request,true,exitoso,,,10461.020443649,10457.261468064,,,2026-09-05T00:22:44.224325Z
b4233a2c-7527-42d9-9d2e-858c125212f2,run1_rep3,G,CLOSED,CLOSED,request,PROVIDER,N/A,,3817.5635440002225,INFO,adaptador.request,true,exitoso,,,10461.118453691,10457.300890147,,,2026-09-05T00:22:44.322483Z
ed667930-ed07-4ddf-9556-f24c39e5ffa3,run1_rep3,G,CLOSED,CLOSED,request,PROVIDER,N/A,,3798.440627000673,INFO,adaptador.request,true,exitoso,,,10461.221388274,10457.422947647,,,2026-09-05T00:22:44.425283Z
9c278d9d-d96e-4ef8-ae26-e3c7433e15bf,run1_rep3,G,CLOSED,CLOSED,request,PROVIDER,N/A,,3833.8577930007887,INFO,adaptador.request,true,exitoso,,,10461.319367399,10457.485509606,,,2026-09-05T00:22:44.523262Z
4a78c5d8-ab1d-4c5b-b481-859a2561aed9,run1_rep3,G,CLOSED,CLOSED,request,PROVIDER,N/A,,3882.9567929988116,INFO,adaptador.request,true,exitoso,,,10461.384647857,10457.501691064,,,2026-09-05T00:22:44.588529Z
bdfa6905-6a84-4998-8c9b-6326d2287979,run1_rep3,G,CLOSED,CLOSED,request,PROVIDER,N/A,,3974.7975430000224,INFO,adaptador.request,true,exitoso,,,10461.482540149,10457.507742606,,,2026-09-05T00:22:44.686498Z
141c7974-f302-45fd-88f5-04968f32135e,run1_rep3,G,CLOSED,CLOSED,request,PROVIDER,N/A,,3790.426375999232,INFO,adaptador.request,true,exitoso,,,10461.561365857,10457.770939481,,,2026-09-05T00:22:44.765230Z
46482e38-880c-446b-85d3-d49af6ea314b,run1_rep3,G,CLOSED,CLOSED,request,PROVIDER,N/A,,3842.4867100002302,INFO,adaptador.request,true,exitoso,,,10461.660746774,10457.818260064,,,2026-09-05T00:22:44.864618Z
14cccba3-3610-46b3-8bdb-d7c5932f9d73,run1_rep3,G,CLOSED,CLOSED,request,PROVIDER,N/A,,3877.3404189996654,INFO,adaptador.request,true,exitoso,,,10461.718385983,10457.841045564,,,2026-09-05T00:22:44.922315Z
89477859-e183-454c-839f-7a82c9ca98bf,run1_rep3,G,CLOSED,CLOSED,request,PROVIDER,N/A,,3845.3908350002166,INFO,adaptador.request,true,exitoso,,,10461.818303566,10457.972912731,,,2026-09-05T00:22:45.022241Z
f20d1e40-a933-41a7-859f-6398768b4b2f,run1_rep3,G,CLOSED,CLOSED,request,PROVIDER,N/A,,3737.4315439992642,INFO,adaptador.request,true,exitoso,,,10461.899236358,10458.161804814,,,2026-09-05T00:22:45.103127Z
fb0bbf09-5aec-4c53-9d43-836c56c28c7b,run1_rep3,G,CLOSED,CLOSED,request,PROVIDER,N/A,,3798.677418000807,INFO,adaptador.request,true,exitoso,,,10461.984649316,10458.185971898,,,2026-09-05T00:22:45.188540Z
70b2d7fe-f207-4eaf-b0cd-3114e36995c0,run1_rep3,G,CLOSED,CLOSED,request,PROVIDER,N/A,,3766.2922510007775,INFO,adaptador.request,true,exitoso,,,10462.052811899,10458.286519648,,,2026-09-05T00:22:45.256750Z
8807f135-bb7e-4929-99e7-c37af65a6ac2,run1_rep3,G,CLOSED,CLOSED,request,PROVIDER,N/A,,3713.5011270001996,INFO,adaptador.request,true,exitoso,,,10462.113313858,10458.399812731,,,2026-09-05T00:22:45.317140Z
f73dceed-dd1a-45db-b63f-8408b7c962be,run1_rep3,G,CLOSED,CLOSED,request,PROVIDER,N/A,,3780.35916799854,INFO,adaptador.request,true,exitoso,,,10462.191054066,10458.410694898,,,2026-09-05T00:22:45.394882Z
aa0b2556-61a7-4533-ada4-8a3a98976475,run1_rep3,G,CLOSED,CLOSED,request,PROVIDER,N/A,,3791.745792999791,INFO,adaptador.request,true,exitoso,,,10462.272351524,10458.480605731,,,2026-09-05T00:22:45.476198Z
8fa1c10f-92e2-439d-b5da-8939b4e5df5d,run1_rep3,G,CLOSED,CLOSED,request,PROVIDER,N/A,,3854.5368349987257,INFO,adaptador.request,true,exitoso,,,10462.352600191,10458.498063356,,,2026-09-05T00:22:45.556477Z
a5430e5f-bfbd-48f4-bebc-9a77451c73fc,run1_rep3,G,CLOSED,CLOSED,request,PROVIDER,N/A,,3920.1110849990073,INFO,adaptador.request,true,exitoso,,,10462.420920441,10458.500809356,,,2026-09-05T00:22:45.624827Z
acb732e6-848b-45b4-809f-501beecc4768,run1_rep3,G,CLOSED,CLOSED,request,PROVIDER,N/A,,3902.444626999568,INFO,adaptador.request,true,exitoso,,,10462.527946691,10458.625502064,,,2026-09-05T00:22:45.731828Z
a72e8008-18f9-4166-aeb1-3d6648d4d6ba,run1_rep3,G,CLOSED,CLOSED,request,PROVIDER,N/A,,3873.9655440003844,INFO,adaptador.request,true,exitoso,,,10462.628521358,10458.754555814,,,2026-09-05T00:22:45.832417Z
e30b13f2-19fc-47cb-b3f2-82ade336be2c,run1_rep3,G,CLOSED,CLOSED,request,PROVIDER,N/A,,3918.218001999776,INFO,adaptador.request,true,exitoso,,,10462.686478483,10458.768260481,,,2026-09-05T00:22:45.890356Z
e4b87e3b-052f-4170-96f1-e8768ce3520a,run1_rep3,G,CLOSED,CLOSED,request,PROVIDER,N/A,,3952.738877000229,INFO,adaptador.request,true,exitoso,,,10462.771801483,10458.819062606,,,2026-09-05T00:22:45.975666Z
567883a4-613c-4d13-b118-aeb23a2f0021,run1_rep3,G,CLOSED,CLOSED,request,PROVIDER,N/A,,3620.3251680017274,INFO,adaptador.request,true,exitoso,,,10462.847765816,10459.227440648,,,2026-09-05T00:22:46.051651Z
096c38fc-4557-4617-a9c6-aec313c2abeb,run1_rep3,G,CLOSED,CLOSED,request,PROVIDER,N/A,,3717.5245430007635,INFO,adaptador.request,true,exitoso,,,10462.950262941,10459.232738398,,,2026-09-05T00:22:46.154162Z
4e6edb53-0369-4346-a46e-ac3bd267ba74,run1_rep3,G,CLOSED,CLOSED,request,PROVIDER,N/A,,3728.459292999105,INFO,adaptador.request,true,exitoso,,,10463.018260858,10459.289801565,,,2026-09-05T00:22:46.222155Z
f107019c-177b-4acc-8fb6-30882c548a34,run1_rep3,G,CLOSED,CLOSED,request,PROVIDER,N/A,,3828.4350850008195,INFO,adaptador.request,true,exitoso,,,10463.126178025,10459.29774294,,,2026-09-05T00:22:46.330102Z
4b8ed187-9755-478c-a87d-db844c133450,run1_rep3,G,CLOSED,CLOSED,request,PROVIDER,N/A,,3698.1164190001437,INFO,adaptador.request,true,exitoso,,,10463.186974942,10459.488858523,,,2026-09-05T00:22:46.390869Z
67b2493b-2e0d-4bc5-a348-00e2acafb549,run1_rep3,G,CLOSED,CLOSED,request,PROVIDER,N/A,,3769.0920019995247,INFO,adaptador.request,true,exitoso,,,10463.278105775,10459.509013773,,,2026-09-05T00:22:46.482000Z
af752153-6214-4c37-9756-61ea8d0cd1a1,run1_rep3,G,CLOSED,CLOSED,request,PROVIDER,N/A,,3794.3657510004414,INFO,adaptador.request,true,exitoso,,,10463.337744233,10459.543378482,,,2026-09-05T00:22:46.541648Z
b9585c02-2f33-4c13-9800-8f93d2a2f635,run1_rep3,G,CLOSED,CLOSED,request,PROVIDER,N/A,,3811.3482520002435,INFO,adaptador.request,true,exitoso,,,10463.414453692,10459.60310544,,,2026-09-05T00:22:46.618341Z
1454268f-c432-4d61-a39a-5d65eec89265,run1_rep3,G,CLOSED,CLOSED,request,PROVIDER,N/A,,3876.531501999125,INFO,adaptador.request,true,exitoso,,,10463.523445275,10459.646913773,,,2026-09-05T00:22:46.727353Z
b16a6b2e-45ec-4722-a8a0-470784ff05b3,run1_rep3,G,CLOSED,CLOSED,request,PROVIDER,N/A,,3748.7143769994873,INFO,adaptador.request,true,exitoso,,,10463.6070564,10459.858342023,,,2026-09-05T00:22:46.810936Z
698ee981-b4d5-4026-b3d7-275faa7d13c4,run1_rep3,G,CLOSED,CLOSED,request,PROVIDER,N/A,,3855.764542999168,INFO,adaptador.request,true,exitoso,,,10463.71650615,10459.860741607,,,2026-09-05T00:22:46.920448Z
eb25fa45-b5bf-4c42-8486-5cd49dea8d22,run1_rep3,G,CLOSED,CLOSED,request,PROVIDER,N/A,,3761.4474599995447,INFO,adaptador.request,true,exitoso,,,10463.78728465,10460.02583719,,,2026-09-05T00:22:46.991179Z
70c3e25c-eea1-472c-8a4e-8a57beefd319,run1_rep3,G,CLOSED,CLOSED,request,PROVIDER,N/A,,3750.9951689989975,INFO,adaptador.request,true,exitoso,,,10463.878597484,10460.127602315,,,2026-09-05T00:22:47.082470Z
10bc40a5-e964-4233-aa5a-43a3cb728c39,run1_rep3,G,CLOSED,CLOSED,request,PROVIDER,N/A,,3841.962919001162,INFO,adaptador.request,true,exitoso,,,10463.969842442,10460.127879523,,,2026-09-05T00:22:47.173726Z
ad7efab7-ca07-4279-846b-cdb7529a82ef,run1_rep3,G,CLOSED,CLOSED,request,PROVIDER,N/A,,3889.1749600006733,INFO,adaptador.request,true,exitoso,,,10464.030601775,10460.141426815,,,2026-09-05T00:22:47.234474Z
135ce862-edb7-4b4c-8b2e-e59c631efe24,run1_rep3,G,CLOSED,CLOSED,request,PROVIDER,N/A,,3863.9895019987307,INFO,adaptador.request,true,exitoso,,,10464.091405484,10460.227415982,,,2026-09-05T00:22:47.295408Z
45d6acdb-8e18-4ddb-acb6-9d488435b02c,run1_rep3,G,CLOSED,CLOSED,request,PROVIDER,N/A,,3942.4476679996587,INFO,adaptador.request,true,exitoso,,,10464.170195192,10460.227747524,,,2026-09-05T00:22:47.374060Z
0f35ae90-1199-4544-becd-4a2cea831849,run1_rep3,G,CLOSED,CLOSED,request,PROVIDER,N/A,,3752.0418349995452,INFO,adaptador.request,true,exitoso,,,10464.237019859,10460.484978024,,,2026-09-05T00:22:47.440950Z
0a434500-45fd-4c58-857e-3185ac36d6f5,run1_rep3,G,CLOSED,CLOSED,request,PROVIDER,N/A,,3797.277375999329,INFO,adaptador.request,true,exitoso,,,10464.294562525,10460.497285149,,,2026-09-05T00:22:47.498481Z
7466beb3-9651-4c61-b042-1f80fdf9c9e5,run1_rep3,G,CLOSED,CLOSED,request,PROVIDER,N/A,,3720.8498350009904,INFO,adaptador.request,true,exitoso,,,10464.353664442,10460.632814607,,,2026-09-05T00:22:47.557620Z
87ebf601-0471-4ca3-aaea-c7a29b9cc93a,run1_rep3,G,CLOSED,CLOSED,request,PROVIDER,N/A,,3762.3471269998845,INFO,adaptador.request,true,exitoso,,,10464.452695442,10460.690348315,,,2026-09-05T00:22:47.656578Z
434f0166-7989-42fe-95a5-cd374073a59b,run1_rep3,G,CLOSED,CLOSED,request,PROVIDER,N/A,,3744.470334999278,INFO,adaptador.request,true,exitoso,,,10464.543941609,10460.799471274,,,2026-09-05T00:22:47.747833Z
b8b54db6-d712-4677-980b-e684b02c9df1,run1_rep3,G,CLOSED,CLOSED,request,PROVIDER,N/A,,3750.9149180004897,INFO,adaptador.request,true,exitoso,,,10464.620837692,10460.869922774,,,2026-09-05T00:22:47.824748Z
2679bc1f-8d25-4a50-98bc-790b88e659b8,run1_rep3,G,CLOSED,CLOSED,request,PROVIDER,N/A,,3623.4392930000467,INFO,adaptador.request,true,exitoso,,,10464.711252984,10461.087813691,,,2026-09-05T00:22:47.915428Z
46662eeb-8c1d-477c-a728-a306afec5240,run1_rep3,G,CLOSED,CLOSED,request,PROVIDER,N/A,,3660.180376999051,INFO,adaptador.request,true,exitoso,,,10464.783873526,10461.123693149,,,2026-09-05T00:22:47.987742Z
745aae0f-b908-44c1-9dd9-fe000a7f1fb5,run1_rep3,G,CLOSED,CLOSED,request,PROVIDER,N/A,,3764.58333499977,INFO,adaptador.request,true,exitoso,,,10464.888735859,10461.124152524,,,2026-09-05T00:22:48.092621Z
d0137843-7bf2-44a8-b864-d09f3d550407,run1_rep3,G,CLOSED,CLOSED,request,PROVIDER,N/A,,3772.352834999765,INFO,adaptador.request,true,exitoso,,,10464.974951984,10461.202599149,,,2026-09-05T00:22:48.178888Z
d2a01d77-1de9-4cec-ad86-053a23f8f6fb,run1_rep3,G,CLOSED,CLOSED,request,PROVIDER,N/A,,3813.5722940005508,INFO,adaptador.request,true,exitoso,,,10465.069152026,10461.255579732,,,2026-09-05T00:22:48.273014Z
83fe7f7e-43b2-459f-ba23-932fe2eed59e,run1_rep3,G,CLOSED,CLOSED,request,PROVIDER,N/A,,3882.5143769990973,INFO,adaptador.request,true,exitoso,,,10465.151775776,10461.269261399,,,2026-09-05T00:22:48.355658Z
16f72e10-1b45-4715-82b0-935147742d65,run1_rep3,G,CLOSED,CLOSED,request,PROVIDER,N/A,,3723.857209999551,INFO,adaptador.request,true,exitoso,,,10465.209362859,10461.485505649,,,2026-09-05T00:22:48.413220Z
86a06888-8752-441e-8e7a-f3d93603839e,run1_rep3,G,CLOSED,CLOSED,request,PROVIDER,N/A,,3747.434209999483,INFO,adaptador.request,true,exitoso,,,10465.279182109,10461.531747899,,,2026-09-05T00:22:48.483067Z
047e089d-941b-4304-9d66-09cd8629139f,run1_rep3,G,CLOSED,CLOSED,request,PROVIDER,N/A,,3754.0803770007187,INFO,adaptador.request,true,exitoso,,,10465.375669526,10461.621589149,,,2026-09-05T00:22:48.579753Z
1fd00b85-772d-4461-9fae-e441ef74e893,run1_rep3,G,CLOSED,CLOSED,request,PROVIDER,N/A,,3719.496084999264,INFO,adaptador.request,true,exitoso,,,10465.440988026,10461.721491941,,,2026-09-05T00:22:48.644896Z
7b4798b7-1a8d-496c-b861-4c88ba221402,run1_rep3,G,CLOSED,CLOSED,request,PROVIDER,N/A,,3761.0590439999214,INFO,adaptador.request,true,exitoso,,,10465.536736568,10461.775677524,,,2026-09-05T00:22:48.740610Z
19b4c9e5-147d-43ba-be9e-452cc76225fc,run1_rep3,G,CLOSED,CLOSED,request,PROVIDER,N/A,,3707.5584180001897,INFO,adaptador.request,true,exitoso,,,10465.618794609,10461.911236191,,,2026-09-05T00:22:48.822716Z
d25c568a-e699-4cae-a0a4-383fc345fe79,run1_rep3,G,CLOSED,CLOSED,request,PROVIDER,N/A,,3760.920543998509,INFO,adaptador.request,true,exitoso,,,10465.712304943,10461.951384399,,,2026-09-05T00:22:48.916223Z
e2c44979-86eb-47ae-846e-b679702f23c9,run1_rep3,G,CLOSED,CLOSED,request,PROVIDER,N/A,,3759.3449180003518,INFO,adaptador.request,true,exitoso,,,10465.773532026,10462.014187108,,,2026-09-05T00:22:48.977442Z
186d6915-cfa1-4bca-ba98-cab64f8c1ced,run1_rep3,G,CLOSED,CLOSED,request,PROVIDER,N/A,,3823.4377519984264,INFO,adaptador.request,true,exitoso,,,10465.837979318,10462.014541566,,,2026-09-05T00:22:49.041890Z
01811e8d-a05b-4a37-99a8-ab1d6c7f701f,run1_rep3,G,CLOSED,CLOSED,request,PROVIDER,N/A,,3607.1132520009996,INFO,adaptador.request,true,exitoso,,,10465.928395318,10462.321282066,,,2026-09-05T00:22:49.132300Z
49cd867d-bd99-454f-9f6f-bbd9bed82d90,run1_rep3,G,CLOSED,CLOSED,request,PROVIDER,N/A,,3676.3775430008536,INFO,adaptador.request,true,exitoso,,,10466.021873318,10462.345495775,,,2026-09-05T00:22:49.225758Z
d76643cc-d304-4983-9782-0fd3387c0c5c,run1_rep3,G,CLOSED,CLOSED,request,PROVIDER,N/A,,3728.7697510000726,INFO,adaptador.request,true,exitoso,,,10466.104578151,10462.3758084,,,2026-09-05T00:22:49.308469Z
720637e7-b208-4430-9bf8-301ca6080e97,run1_rep3,G,CLOSED,CLOSED,request,PROVIDER,N/A,,3711.5934180001204,INFO,adaptador.request,true,exitoso,,,10466.172540318,10462.4609469,,,2026-09-05T00:22:49.376408Z
94c8f2ea-dd1f-455a-af8b-f8053cf7b68b,run1_rep3,G,CLOSED,CLOSED,request,PROVIDER,N/A,,3771.758292999948,INFO,adaptador.request,true,exitoso,,,10466.255380026,10462.483621733,,,2026-09-05T00:22:49.459323Z
dc38b362-3298-4132-92bd-ed0ad24c0af8,run1_rep3,G,CLOSED,CLOSED,request,PROVIDER,N/A,,3757.251376999193,INFO,adaptador.request,true,exitoso,,,10466.322075068,10462.564823691,,,2026-09-05T00:22:49.525891Z
301ed12c-1bf4-4690-bb31-a13b8514b19e,run1_rep3,G,CLOSED,CLOSED,request,PROVIDER,N/A,,3733.4367940002267,INFO,adaptador.request,true,exitoso,,,10466.385823235,10462.652386441,,,2026-09-05T00:22:49.589719Z
872220fd-c15b-4169-b750-397ddc8e4a8d,run1_rep3,G,CLOSED,CLOSED,request,PROVIDER,N/A,,3806.787918001646,INFO,adaptador.request,true,exitoso,,,10466.473970651,10462.667182733,,,2026-09-05T00:22:49.677874Z
aba93595-4bc6-4a91-81fa-a23b0c47607a,run1_rep3,G,CLOSED,CLOSED,request,PROVIDER,N/A,,3787.481959998331,INFO,adaptador.request,true,exitoso,,,10466.552242568,10462.764760608,,,2026-09-05T00:22:49.756126Z
df19e511-5067-4d54-af9b-5f9eadc3ade6,run1_rep3,G,CLOSED,CLOSED,request,PROVIDER,N/A,,3856.8879600006767,INFO,adaptador.request,true,exitoso,,,10466.648201735,10462.791313775,,,2026-09-05T00:22:49.852102Z
522bc715-dac6-4c90-8622-2994f38aa1da,run1_rep3,G,CLOSED,CLOSED,request,PROVIDER,N/A,,3786.43841900157,INFO,adaptador.request,true,exitoso,,,10466.752597152,10462.966158733,,,2026-09-05T00:22:49.956479Z
2d92d819-9f42-4d62-b934-a11e312cbc5b,run1_rep3,G,CLOSED,CLOSED,request,PROVIDER,N/A,,3789.620876999834,INFO,adaptador.request,true,exitoso,,,10466.849965527,10463.06034465,,,2026-09-05T00:22:50.053918Z
32d72c4d-ac17-44ed-a952-739806418b32,run1_rep3,G,CLOSED,CLOSED,request,PROVIDER,N/A,,3846.346127000288,INFO,adaptador.request,true,exitoso,,,10466.936240985,10463.089894858,,,2026-09-05T00:22:50.140143Z
40b16fef-706a-4a0b-9f29-7690c879a037,run1_rep3,G,CLOSED,CLOSED,request,PROVIDER,N/A,,3788.392502001443,INFO,adaptador.request,true,exitoso,,,10466.99817636,10463.209783858,,,2026-09-05T00:22:50.202123Z
9952b6c8-0d3a-4884-8c2d-1df26322d1cc,run1_rep3,G,CLOSED,CLOSED,request,PROVIDER,N/A,,3886.6337100007513,INFO,adaptador.request,true,exitoso,,,10467.096831277,10463.210197567,,,2026-09-05T00:22:50.300715Z
e77c4fb3-1166-4214-8169-b79e15e67081,run1_rep3,G,CLOSED,CLOSED,request,PROVIDER,N/A,,3842.8352939990873,INFO,adaptador.request,true,exitoso,,,10467.180399402,10463.337564108,,,2026-09-05T00:22:50.384276Z
023cf6cc-0716-4cf9-ad6a-74181a726d7d,run1_rep3,G,CLOSED,CLOSED,request,PROVIDER,N/A,,3840.4557519988884,INFO,adaptador.request,true,exitoso,,,10467.245126527,10463.404670775,,,2026-09-05T00:22:50.449004Z
86a4efe2-f411-404e-8d65-a91e6caaab2c,run1_rep3,G,CLOSED,CLOSED,request,PROVIDER,N/A,,3594.4822520013986,INFO,adaptador.request,true,exitoso,,,10467.338572819,10463.744090567,,,2026-09-05T00:22:50.542491Z
75af3dfd-5ab1-4922-9a2d-49a341d1f6bc,run1_rep3,G,CLOSED,CLOSED,request,PROVIDER,N/A,,3650.598418998925,INFO,adaptador.request,true,exitoso,,,10467.398688819,10463.7480904,,,2026-09-05T00:22:50.602590Z
8d336dec-1d07-4545-9031-a011762461a2,run1_rep3,G,CLOSED,CLOSED,request,PROVIDER,N/A,,3718.351794001137,INFO,adaptador.request,true,exitoso,,,10467.506224319,10463.787872525,,,2026-09-05T00:22:50.710109Z
f76400c6-5a7d-48ea-8185-407d5b9b7776,run1_rep3,G,CLOSED,CLOSED,request,PROVIDER,N/A,,3686.8322099999205,INFO,adaptador.request,true,exitoso,,,10467.602142777,10463.915310567,,,2026-09-05T00:22:50.806017Z
7a6fc580-9a4a-466d-b148-ca66c1e778a3,run1_rep3,G,CLOSED,CLOSED,request,PROVIDER,N/A,,3737.85350199978,INFO,adaptador.request,true,exitoso,,,10467.656996069,10463.919142567,,,2026-09-05T00:22:50.860932Z
3cb44dd7-3fa2-4158-9b26-67f834aee4ee,run1_rep3,G,CLOSED,CLOSED,request,PROVIDER,N/A,,3834.949668000263,INFO,adaptador.request,true,exitoso,,,10467.760534527,10463.925584859,,,2026-09-05T00:22:50.964446Z
58032bb7-440a-478b-b08e-13c0b0eb8ae6,run1_rep3,G,CLOSED,CLOSED,request,PROVIDER,N/A,,3792.932293001286,INFO,adaptador.request,true,exitoso,,,10467.833590152,10464.040657859,,,2026-09-05T00:22:51.037451Z
4b6ca720-c2bb-4bb2-939f-8d35eac37522,run1_rep3,G,CLOSED,CLOSED,request,PROVIDER,N/A,,3689.7058760005166,INFO,adaptador.request,true,exitoso,,,10467.89635886,10464.206652984,,,2026-09-05T00:22:51.100247Z
2f5e2dcb-5842-4553-8de4-04d844303e1e,run1_rep3,G,CLOSED,CLOSED,request,PROVIDER,N/A,,3597.580626999843,INFO,adaptador.request,true,exitoso,,,10467.968951819,10464.371371192,,,2026-09-05T00:22:51.172834Z
bfdd303e-8bbb-4b0d-9ec3-2788b2f62404,run1_rep3,G,CLOSED,CLOSED,request,PROVIDER,N/A,,3684.605710001051,INFO,adaptador.request,true,exitoso,,,10468.070016444,10464.385410734,,,2026-09-05T00:22:51.273914Z
13889b8f-1bab-4f88-be41-df5590c9538e,run1_rep3,G,CLOSED,CLOSED,request,PROVIDER,N/A,,3673.2622100007575,INFO,adaptador.request,true,exitoso,,,10468.136351777,10464.463089567,,,2026-09-05T00:22:51.340225Z
6b6870a2-5833-424c-9bd3-af8db193d62b,run1_rep3,G,CLOSED,CLOSED,request,PROVIDER,N/A,,3689.088752000316,INFO,adaptador.request,true,exitoso,,,10468.197915944,10464.508827192,,,2026-09-05T00:22:51.401877Z
59649796-b0cb-4ca1-b33d-4958f080fb35,run1_rep3,G,CLOSED,CLOSED,request,PROVIDER,N/A,,3656.376459999592,INFO,adaptador.request,true,exitoso,,,10468.278155152,10464.621778692,,,2026-09-05T00:22:51.482012Z
84ced4d5-6ab0-4453-89da-09c5f7d99a14,run1_rep3,G,CLOSED,CLOSED,request,PROVIDER,N/A,,3743.753001999721,INFO,adaptador.request,true,exitoso,,,10468.382245736,10464.638492734,,,2026-09-05T00:22:51.586111Z
6597f7e2-d95e-4a68-853d-b29cf586bbc1,run1_rep3,G,CLOSED,CLOSED,request,PROVIDER,N/A,,3811.933252000017,INFO,adaptador.request,true,exitoso,,,10468.455076694,10464.643143442,,,2026-09-05T00:22:51.658934Z
ff36f05f-aac9-4c7d-9007-84ed2fc0ef74,run1_rep3,G,CLOSED,CLOSED,request,PROVIDER,N/A,,3827.072917998521,INFO,adaptador.request,true,exitoso,,,10468.541255694,10464.714182776,,,2026-09-05T00:22:51.745146Z
34474fad-18ec-4f47-b484-23d57727563b,run1_rep3,G,CLOSED,CLOSED,request,PROVIDER,N/A,,3706.9292510004743,INFO,adaptador.request,true,exitoso,,,10468.597058402,10464.890129151,,,2026-09-05T00:22:51.800946Z
d598634e-571b-48ac-a44c-e1e7258fb49c,run1_rep3,G,CLOSED,CLOSED,request,PROVIDER,N/A,,3669.133752000562,INFO,adaptador.request,true,exitoso,,,10468.690615361,10465.021481609,,,2026-09-05T00:22:51.894493Z
923e3a68-f799-475c-9241-27b3f76d03b0,run1_rep3,G,CLOSED,CLOSED,request,PROVIDER,N/A,,3686.481251999794,INFO,adaptador.request,true,exitoso,,,10468.763133569,10465.076652317,,,2026-09-05T00:22:51.967017Z
1a8ba2c2-1cb2-4d10-ba50-a0d62d0cdc04,run1_rep3,G,CLOSED,CLOSED,request,PROVIDER,N/A,,3770.751501999257,INFO,adaptador.request,true,exitoso,,,10468.847700986,10465.076949484,,,2026-09-05T00:22:52.051574Z
221d25fb-2e86-4cd3-8142-c4010716bf8f,run1_rep3,G,CLOSED,CLOSED,request,PROVIDER,N/A,,3720.510209999702,INFO,adaptador.request,true,exitoso,,,10468.930938403,10465.210428193,,,2026-09-05T00:22:52.134914Z
ec7713ec-1d99-4c5b-abb0-9400c62277a9,run1_rep3,G,CLOSED,CLOSED,request,PROVIDER,N/A,,3783.7472510000225,INFO,adaptador.request,true,exitoso,,,10469.023735944,10465.239988693,,,2026-09-05T00:22:52.227607Z
44dfa9a1-4ea7-4f23-a5b8-3ccda3529ff5,run1_rep3,G,CLOSED,CLOSED,request,PROVIDER,N/A,,3715.0677099998575,INFO,adaptador.request,true,exitoso,,,10469.092764361,10465.377696651,,,2026-09-05T00:22:52.296648Z
3d9932a6-a90f-43e5-ada3-04b62c1c7946,run1_rep3,G,CLOSED,CLOSED,request,PROVIDER,N/A,,3741.0393769987422,INFO,adaptador.request,true,exitoso,,,10469.157371778,10465.416332401,,,2026-09-05T00:22:52.361247Z
af083074-0c25-45ec-aa8a-32bbe47d195d,run1_rep3,G,CLOSED,CLOSED,request,PROVIDER,N/A,,3787.20845999851,INFO,adaptador.request,true,exitoso,,,10469.254904069,10465.467695609,,,2026-09-05T00:22:52.458877Z
246b7b00-0ea9-4b09-9aef-0cca3476f9be,run1_rep3,G,CLOSED,CLOSED,request,PROVIDER,N/A,,3654.4356269987475,INFO,adaptador.request,true,exitoso,,,10469.31491057,10465.660474943,,,2026-09-05T00:22:52.518840Z
f4f0caaa-12c4-42ab-ace8-341c6de5e710,run1_rep3,G,CLOSED,CLOSED,request,PROVIDER,N/A,,3693.842709999444,INFO,adaptador.request,true,exitoso,,,10469.405951903,10465.712109193,,,2026-09-05T00:22:52.609862Z
d9ddbc72-6bd6-47bf-843d-020c50729bcf,run1_rep3,G,CLOSED,CLOSED,request,PROVIDER,N/A,,3792.0509180003137,INFO,adaptador.request,true,exitoso,,,10469.508672736,10465.716621818,,,2026-09-05T00:22:52.712565Z
75bc8ef0-c702-483e-8da1-135e4da1b32a,run1_rep3,G,CLOSED,CLOSED,request,PROVIDER,N/A,,3868.951709999237,INFO,adaptador.request,true,exitoso,,,10469.599250611,10465.730298901,,,2026-09-05T00:22:52.803124Z
155c82d6-2362-496b-836f-ddd704eb0841,run1_rep3,G,CLOSED,CLOSED,request,PROVIDER,N/A,,3703.708375998758,INFO,adaptador.request,true,exitoso,,,10469.664206111,10465.960497735,,,2026-09-05T00:22:52.868084Z
c1190696-e5ee-4678-8741-b31537beed75,run1_rep3,G,CLOSED,CLOSED,request,PROVIDER,N/A,,3729.197335000208,INFO,adaptador.request,true,exitoso,,,10469.77526982,10466.046072485,,,2026-09-05T00:22:52.979193Z
ae5bb30c-df9b-48f6-b155-4fa1f0ba5041,run1_rep3,G,CLOSED,CLOSED,request,PROVIDER,N/A,,3705.2907520010194,INFO,adaptador.request,true,exitoso,,,10469.84766382,10466.142373068,,,2026-09-05T00:22:53.051550Z
f2b6f5ef-2885-478b-aeab-61539e462e5d,run1_rep3,G,CLOSED,CLOSED,request,PROVIDER,N/A,,3731.7477930009773,INFO,adaptador.request,true,exitoso,,,10469.923899236,10466.192151443,,,2026-09-05T00:22:53.127914Z
82abdc66-16a6-4f06-8297-a4bf46a1ea93,run1_rep3,G,CLOSED,CLOSED,request,PROVIDER,N/A,,3748.114877000262,INFO,adaptador.request,true,exitoso,,,10469.99843682,10466.250321943,,,2026-09-05T00:22:53.202362Z
c780f71e-bf9f-429b-a88f-f96ddc5291d2,run1_rep3,G,CLOSED,CLOSED,request,PROVIDER,N/A,,3683.3373769986792,INFO,adaptador.request,true,exitoso,,,10470.083081153,10466.399743776,,,2026-09-05T00:22:53.286912Z
8fe07e1e-fecf-4ad9-ad4e-eed3802b31d5,run1_rep3,G,CLOSED,CLOSED,request,PROVIDER,N/A,,3693.0993770001805,INFO,adaptador.request,true,exitoso,,,10470.16557282,10466.472473443,,,2026-09-05T00:22:53.369454Z
2d8755b7-b4ce-41be-b427-dd69705f02dd,run1_rep3,G,CLOSED,CLOSED,request,PROVIDER,N/A,,3711.3799179987836,INFO,adaptador.request,true,exitoso,,,10470.25490307,10466.543523152,,,2026-09-05T00:22:53.458849Z
c921c215-43fc-4221-98de-26dc909ef631,run1_rep3,G,CLOSED,CLOSED,request,PROVIDER,N/A,,3767.7560849988367,INFO,adaptador.request,true,exitoso,,,10470.351633403,10466.583877318,,,2026-09-05T00:22:53.555523Z
4b5a422f-9603-43f0-828f-3b5f73469577,run1_rep3,G,CLOSED,CLOSED,request,PROVIDER,N/A,,3686.193252000521,INFO,adaptador.request,true,exitoso,,,10470.438555487,10466.752362235,,,2026-09-05T00:22:53.642422Z
546dcc99-fa0d-41fd-8137-f3d01de35e48,run1_rep3,G,CLOSED,CLOSED,request,PROVIDER,N/A,,3683.3153759998822,INFO,adaptador.request,true,exitoso,,,10470.515755278,10466.832439902,,,2026-09-05T00:22:53.719620Z
6dbe9ce1-ed9c-4c0e-aa26-e9965da815b0,run1_rep3,G,CLOSED,CLOSED,request,PROVIDER,N/A,,3772.7903350005363,INFO,adaptador.request,true,exitoso,,,10470.605649862,10466.832859527,,,2026-09-05T00:22:53.809570Z
d77f28ec-f050-433f-aee4-ada17fc4b5df,run1_rep3,G,CLOSED,CLOSED,request,PROVIDER,N/A,,3713.6740850000933,INFO,adaptador.request,true,exitoso,,,10470.678414737,10466.964740652,,,2026-09-05T00:22:53.882291Z
ec4a9f26-4907-49fe-8ae4-b08fcadf4c25,run1_rep3,G,CLOSED,CLOSED,request,PROVIDER,N/A,,3697.958210001161,INFO,adaptador.request,true,exitoso,,,10470.762255112,10467.064296902,,,2026-09-05T00:22:53.966205Z
10d1678a-572c-46a2-9bc2-14662f51a0d2,run1_rep3,G,CLOSED,CLOSED,request,PROVIDER,N/A,,3725.776293000308,INFO,adaptador.request,true,exitoso,,,10470.827826195,10467.102049902,,,2026-09-05T00:22:54.031698Z
48d127e7-dfc1-4df6-be20-cd8fe116920e,run1_rep3,G,CLOSED,CLOSED,request,PROVIDER,N/A,,3778.737460001139,INFO,adaptador.request,true,exitoso,,,10470.907790695,10467.129053235,,,2026-09-05T00:22:54.111691Z
8488f7bc-40b2-46f8-9336-f05f0522841d,run1_rep3,G,CLOSED,CLOSED,request,PROVIDER,N/A,,3817.2582520001015,INFO,adaptador.request,true,exitoso,,,10471.007027612,10467.18976936,,,2026-09-05T00:22:54.210924Z
76e78511-3ef3-4585-ae60-907e148bbcce,run1_rep3,G,CLOSED,CLOSED,request,PROVIDER,N/A,,3891.269209998427,INFO,adaptador.request,true,exitoso,,,10471.09771282,10467.20644361,,,2026-09-05T00:22:54.301608Z
1868d6cf-d606-47f0-b4d3-b648deca68da,run1_rep3,G,CLOSED,CLOSED,request,PROVIDER,N/A,,3854.3230020004557,INFO,adaptador.request,true,exitoso,,,10471.173759279,10467.319436277,,,2026-09-05T00:22:54.377628Z
c2512a07-d3ef-4c01-9916-b1ee80a19b5a,run1_rep3,G,CLOSED,CLOSED,request,PROVIDER,N/A,,3872.694292998858,INFO,adaptador.request,true,exitoso,,,10471.25768132,10467.384987027,,,2026-09-05T00:22:54.461564Z
3aaf19b6-3868-45af-ba93-363d66e12e61,run1_rep3,G,CLOSED,CLOSED,request,PROVIDER,N/A,,3672.1728770007758,INFO,adaptador.request,true,exitoso,,,10471.329996737,10467.65782386,,,2026-09-05T00:22:54.533934Z
850a5290-1ff9-45dc-8bce-a9d72d81b6e9,run1_rep3,G,CLOSED,CLOSED,request,PROVIDER,N/A,,3707.8195020003477,INFO,adaptador.request,true,exitoso,,,10471.412060487,10467.704240985,,,2026-09-05T00:22:54.615962Z
bbf8396e-a2e5-40f4-8c64-584aca973576,run1_rep3,G,CLOSED,CLOSED,request,PROVIDER,N/A,,3776.4515439994284,INFO,adaptador.request,true,exitoso,,,10471.514479529,10467.738027985,,,2026-09-05T00:22:54.718338Z
371288ee-a3f0-46f4-89f7-c436ad47e87b,run1_rep3,G,CLOSED,CLOSED,request,PROVIDER,N/A,,3740.310543000305,INFO,adaptador.request,true,exitoso,,,10471.607482862,10467.867172319,,,2026-09-05T00:22:54.811407Z
aea0c0bf-cbd8-4dbc-a956-fd315c0e5d22,run1_rep3,G,CLOSED,CLOSED,request,PROVIDER,N/A,,3814.6524599997065,INFO,adaptador.request,true,exitoso,,,10471.693553654,10467.878901194,,,2026-09-05T00:22:54.897457Z
acec364b-26a9-4741-af33-d93dba8661b5,run1_rep3,G,CLOSED,CLOSED,request,PROVIDER,N/A,,3831.8304180011182,INFO,adaptador.request,true,exitoso,,,10471.769043529,10467.937213111,,,2026-09-05T00:22:54.972934Z
88c21fc4-549c-4a52-84ff-e2d83a6dc53e,run1_rep3,G,CLOSED,CLOSED,request,PROVIDER,N/A,,3904.1307940005936,INFO,adaptador.request,true,exitoso,,,10471.861881196,10467.957750402,,,2026-09-05T00:22:55.065820Z
14ed37fe-c572-411e-82d2-8901aaad9107,run1_rep3,G,CLOSED,CLOSED,request,PROVIDER,N/A,,3849.5342939986585,INFO,adaptador.request,true,exitoso,,,10471.922362446,10468.072828152,,,2026-09-05T00:22:55.126276Z
4982f383-bae6-476a-9869-c72474541b4e,run1_rep3,G,CLOSED,CLOSED,request,PROVIDER,N/A,,3765.9606260003784,INFO,adaptador.request,true,exitoso,,,10471.981290112,10468.215329486,,,2026-09-05T00:22:55.185187Z
d5e4e0dc-6f6c-4846-9395-78e451f2c6cd,run1_rep3,G,CLOSED,CLOSED,request,PROVIDER,N/A,,3837.7137089992175,INFO,adaptador.request,true,exitoso,,,10472.053477028,10468.215763319,,,2026-09-05T00:22:55.257660Z
e6b404b8-58ac-4961-8363-f7cab2681ba0,run1_rep3,G,CLOSED,CLOSED,request,PROVIDER,N/A,,3760.0875009993615,INFO,adaptador.request,true,exitoso,,,10472.118122445,10468.358034944,,,2026-09-05T00:22:55.322010Z
8ee1d0a2-e923-48fe-bc43-c398d9bf0719,run1_rep3,G,CLOSED,CLOSED,request,PROVIDER,N/A,,3743.426125998667,INFO,adaptador.request,true,exitoso,,,10472.185855945,10468.442429819,,,2026-09-05T00:22:55.389751Z
411fe736-244e-4f82-984f-092306ded460,run1_rep3,G,CLOSED,CLOSED,request,PROVIDER,N/A,,3814.728291999927,INFO,adaptador.request,true,exitoso,,,10472.269651653,10468.454923361,,,2026-09-05T00:22:55.473594Z
4cb1f476-37e1-4c8e-96cd-4645b0dda5a3,run1_rep3,G,CLOSED,CLOSED,request,PROVIDER,N/A,,3850.8289179990243,INFO,adaptador.request,true,exitoso,,,10472.361462612,10468.510633694,,,2026-09-05T00:22:55.565445Z
336199e8-23ab-4445-a3e8-380be051b0cd,run1_rep3,G,CLOSED,CLOSED,request,PROVIDER,N/A,,3661.394124999788,INFO,adaptador.request,true,exitoso,,,10472.432432278,10468.771038153,,,2026-09-05T00:22:55.636412Z
e90a6b31-5040-450e-9fbe-4003ec98fa7a,run1_rep3,G,CLOSED,CLOSED,request,PROVIDER,N/A,,3608.2291249986156,INFO,adaptador.request,true,exitoso,,,10472.543376028,10468.935146903,,,2026-09-05T00:22:55.747529Z
e463fa97-8142-46ec-914d-9de3e91a53f6,run1_rep3,G,CLOSED,CLOSED,request,PROVIDER,N/A,,3668.4611679993395,INFO,adaptador.request,true,exitoso,,,10472.615332112,10468.946870944,,,2026-09-05T00:22:55.819332Z
97596faf-899b-41de-9c59-f01ebc6f235d,run1_rep3,G,CLOSED,CLOSED,request,PROVIDER,N/A,,3743.6726670002827,INFO,adaptador.request,true,exitoso,,,10472.70239032,10468.958717653,,,2026-09-05T00:22:55.906402Z
ea584c62-e5c0-400e-9c07-419e295d29e0,run1_rep3,G,CLOSED,CLOSED,request,PROVIDER,N/A,,3845.82441800012,INFO,adaptador.request,true,exitoso,,,10472.804786362,10468.958961944,,,2026-09-05T00:22:56.008771Z
f66034e4-0c05-430f-9ecf-3c74331b2561,run1_rep3,G,CLOSED,CLOSED,request,PROVIDER,N/A,,3816.653542000495,INFO,adaptador.request,true,exitoso,,,10472.904162195,10469.087508653,,,2026-09-05T00:22:56.108169Z
0377c003-ec72-43ba-bd5b-34e3af7ddc13,run1_rep3,G,CLOSED,CLOSED,request,PROVIDER,N/A,,3891.2428759995237,INFO,adaptador.request,true,exitoso,,,10473.007775737,10469.116532861,,,2026-09-05T00:22:56.211709Z
580ec800-f574-4fdf-9b91-4ea5f3b4b2ed,run1_rep3,G,CLOSED,CLOSED,request,PROVIDER,N/A,,3725.8586249990913,INFO,adaptador.request,true,exitoso,,,10473.06956307,10469.343704445,,,2026-09-05T00:22:56.273507Z
ab1c79ff-8493-4449-be70-35ddc9cf3569,run1_rep3,G,CLOSED,CLOSED,request,PROVIDER,N/A,,3726.7634170002566,INFO,adaptador.request,true,exitoso,,,10473.12581882,10469.399055403,,,2026-09-05T00:22:56.329766Z
799a4238-d001-4c6e-b0a7-50b3c9ad531d,run1_rep3,G,CLOSED,CLOSED,request,PROVIDER,N/A,,3760.3753339990362,INFO,adaptador.request,true,exitoso,,,10473.211465945,10469.451090611,,,2026-09-05T00:22:56.415422Z
fdb57d4f-d487-470e-afca-eaa5773ba7f8,run1_rep3,G,CLOSED,CLOSED,request,PROVIDER,N/A,,3835.3541259984922,INFO,adaptador.request,true,exitoso,,,10473.319934029,10469.484579903,,,2026-09-05T00:22:56.523901Z
c5c21a76-89d5-417d-9bf6-28e7ef7f0ae6,run1_rep3,G,CLOSED,CLOSED,request,PROVIDER,N/A,,3795.5308339987823,INFO,adaptador.request,true,exitoso,,,10473.401985612,10469.606454778,,,2026-09-05T00:22:56.605958Z
551c40ae-614c-4f39-8b34-ab78f0206fc9,run1_rep3,G,CLOSED,CLOSED,request,PROVIDER,N/A,,3717.038042999775,INFO,adaptador.request,true,exitoso,,,10473.465800279,10469.748762236,,,2026-09-05T00:22:56.669773Z
b4ed6b73-21a5-4e30-8606-2dc2836c526d,run1_rep3,G,CLOSED,CLOSED,request,PROVIDER,N/A,,3796.1113349992957,INFO,adaptador.request,true,exitoso,,,10473.573224946,10469.777113611,,,2026-09-05T00:22:56.777165Z
6495d322-6436-449d-ac19-58e139b626fd,run1_rep3,G,CLOSED,CLOSED,request,PROVIDER,N/A,,3714.959835000627,INFO,adaptador.request,true,exitoso,,,10473.679180071,10469.964220236,,,2026-09-05T00:22:56.883177Z
c0568894-1a3a-4fa5-828e-0847a2490b1d,run1_rep3,G,CLOSED,CLOSED,request,PROVIDER,N/A,,3765.69150099931,INFO,adaptador.request,true,exitoso,,,10473.767945737,10470.002254236,,,2026-09-05T00:22:56.971884Z
f89ff802-cd4d-4b74-b023-38a7492d5282,run1_rep3,G,CLOSED,CLOSED,request,PROVIDER,N/A,,3816.903541999636,INFO,adaptador.request,true,exitoso,,,10473.835212904,10470.018309362,,,2026-09-05T00:22:57.039161Z
96208f38-9a41-4a18-8d56-d7cea58c7aad,run1_rep3,G,CLOSED,CLOSED,request,PROVIDER,N/A,,3780.564750999474,INFO,adaptador.request,true,exitoso,,,10473.921782321,10470.14121757,,,2026-09-05T00:22:57.125733Z
240551e0-7954-4737-aa60-89bddcdfadea,run1_rep3,G,CLOSED,CLOSED,request,PROVIDER,N/A,,3872.199751000153,INFO,adaptador.request,true,exitoso,,,10474.019315821,10470.14711607,,,2026-09-05T00:22:57.223262Z
80612154-f0a7-4d25-aac7-68d483823740,run1_rep3,G,CLOSED,CLOSED,request,PROVIDER,N/A,,3809.8677920006594,INFO,adaptador.request,true,exitoso,,,10474.084804237,10470.274936445,,,2026-09-05T00:22:57.288766Z
cd65d241-2584-4e05-b4e5-149eaca3d221,run1_rep3,G,CLOSED,CLOSED,request,PROVIDER,N/A,,3862.0970840001974,INFO,adaptador.request,true,exitoso,,,10474.145198237,10470.283101153,,,2026-09-05T00:22:57.349227Z
f4d408af-569d-4230-b177-c2f9f97d8007,run1_rep3,G,CLOSED,CLOSED,request,PROVIDER,N/A,,3952.4107090001053,INFO,adaptador.request,true,exitoso,,,10474.238650654,10470.286239945,,,2026-09-05T00:22:57.442596Z
32e04ac2-4adc-444a-87f2-bfa9303a969f,run1_rep3,G,CLOSED,CLOSED,request,PROVIDER,N/A,,3904.7295420004957,INFO,adaptador.request,true,exitoso,,,10474.304540404,10470.399810862,,,2026-09-05T00:22:57.508488Z
5ff4da8c-9b01-47fc-9bfa-7bb902a01861,run1_rep3,G,CLOSED,CLOSED,request,PROVIDER,N/A,,3931.5095009988,INFO,adaptador.request,true,exitoso,,,10474.377223446,10470.445713945,,,2026-09-05T00:22:57.581175Z
f6e83863-b48b-4ff8-ac86-c44264e0b973,run1_rep3,G,CLOSED,CLOSED,request,PROVIDER,N/A,,3867.731960001038,INFO,adaptador.request,true,exitoso,,,10474.441914363,10470.574182403,,,2026-09-05T00:22:57.645893Z
b635c160-d39c-4064-8e78-9761685a2daf,run1_rep3,G,CLOSED,CLOSED,request,PROVIDER,N/A,,3801.736125999014,INFO,adaptador.request,true,exitoso,,,10474.541323488,10470.739587362,,,2026-09-05T00:22:57.745265Z
e94bbf5c-1669-4ca1-8467-33a33750345b,run1_rep3,G,CLOSED,CLOSED,request,PROVIDER,N/A,,3817.3845009987417,INFO,adaptador.request,true,exitoso,,,10474.620832071,10470.80344757,,,2026-09-05T00:22:57.824777Z
3c67ea31-863b-4719-ad35-296279bdc70b,run1_rep3,G,CLOSED,CLOSED,request,PROVIDER,N/A,,3909.3684180006676,INFO,adaptador.request,true,exitoso,,,10474.720844488,10470.81147607,,,2026-09-05T00:22:57.924863Z
7e7ece2e-3a76-44d5-89c6-ad54a25519ba,run1_rep3,G,CLOSED,CLOSED,request,PROVIDER,N/A,,3861.3677510002162,INFO,adaptador.request,true,exitoso,,,10474.831272863,10470.969905112,,,2026-09-05T00:22:58.035316Z
a48e4493-00b5-464f-8192-31e37a64cb9d,run1_rep3,G,CLOSED,CLOSED,request,PROVIDER,N/A,,3822.839168000428,INFO,adaptador.request,true,exitoso,,,10474.93098003,10471.108140862,,,2026-09-05T00:22:58.134962Z
dba1fe1c-f2cc-46af-9d84-834b9290dd4e,run1_rep3,G,CLOSED,CLOSED,request,PROVIDER,N/A,,3857.8538760011725,INFO,adaptador.request,true,exitoso,,,10474.990502405,10471.132648529,,,2026-09-05T00:22:58.194441Z
3da03450-8715-4f06-86f6-972811b1d9b4,run1_rep3,G,CLOSED,CLOSED,request,PROVIDER,N/A,,3875.2041259995167,INFO,adaptador.request,true,exitoso,,,10475.07611803,10471.200913904,,,2026-09-05T00:22:58.280142Z
54f77a0e-be67-428f-9275-8157dae795a2,run1_rep3,G,CLOSED,CLOSED,request,PROVIDER,N/A,,3921.4712510001846,INFO,adaptador.request,true,exitoso,,,10475.141732863,10471.220261612,,,2026-09-05T00:22:58.345680Z
99c49bed-8130-4047-84a2-304754d231c0,run1_rep3,G,CLOSED,CLOSED,request,PROVIDER,N/A,,3804.924709000261,INFO,adaptador.request,true,exitoso,,,10475.201487696,10471.396562987,,,2026-09-05T00:22:58.405420Z
1571728b-e43c-4a3a-a7c4-8e2dc28d8679,run1_rep3,G,CLOSED,CLOSED,request,PROVIDER,N/A,,3644.487333998768,INFO,adaptador.request,true,exitoso,,,10475.284628655,10471.640141321,,,2026-09-05T00:22:58.488566Z
1ad525b9-b454-46d4-8c51-286639fe79ed,run1_rep3,G,CLOSED,CLOSED,request,PROVIDER,N/A,,3751.6967929987004,INFO,adaptador.request,true,exitoso,,,10475.392284655,10471.640587862,,,2026-09-05T00:22:58.596241Z
11fd75d7-6d73-4051-aa2c-a24a864ef24c,run1_rep3,G,CLOSED,CLOSED,request,PROVIDER,N/A,,3842.4306670003716,INFO,adaptador.request,true,exitoso,,,10475.494460571,10471.652029904,,,2026-09-05T00:22:58.698440Z
87b03b5c-1a46-4cb8-b227-0c9fc0b3f59a,run1_rep3,G,CLOSED,CLOSED,request,PROVIDER,N/A,,3817.0432090009854,INFO,adaptador.request,true,exitoso,,,10475.56962503,10471.752581821,,,2026-09-05T00:22:58.773571Z
ab02ea53-287e-4fda-bcb2-4449628ed016,run1_rep3,G,CLOSED,CLOSED,request,PROVIDER,N/A,,3753.477209000266,INFO,adaptador.request,true,exitoso,,,10475.644196113,10471.890718904,,,2026-09-05T00:22:58.848129Z
f21c64b7-2bcb-4082-aab8-8dfbc52891c5,run1_rep3,G,CLOSED,CLOSED,request,PROVIDER,N/A,,3860.63625099996,INFO,adaptador.request,true,exitoso,,,10475.75178503,10471.891148779,,,2026-09-05T00:22:58.955723Z
a19c9736-02f7-4cbd-beb1-826f77f3485f,run1_rep3,G,CLOSED,CLOSED,request,PROVIDER,N/A,,3850.699001000976,INFO,adaptador.request,true,exitoso,,,10475.856879155,10472.006180154,,,2026-09-05T00:22:59.060911Z
e657119c-cbd7-4054-ba52-0f2c24e7755f,run1_rep3,G,CLOSED,CLOSED,request,PROVIDER,N/A,,3885.311084000932,INFO,adaptador.request,true,exitoso,,,10475.92827478,10472.042963696,,,2026-09-05T00:22:59.132236Z
edfc3d81-4500-42c9-866f-64f6c8f55ad2,run1_rep3,G,CLOSED,CLOSED,request,PROVIDER,N/A,,3910.1564600005076,INFO,adaptador.request,true,exitoso,,,10476.006918655,10472.096762195,,,2026-09-05T00:22:59.210858Z
9f744b2b-f879-4a94-b870-1c987b7e11f3,run1_rep3,G,CLOSED,CLOSED,request,PROVIDER,N/A,,3880.559376999372,INFO,adaptador.request,true,exitoso,,,10476.066291905,10472.185732528,,,2026-09-05T00:22:59.270218Z
9f2b8be4-5462-464a-9434-32ec4ec9130b,run1_rep3,G,CLOSED,CLOSED,request,PROVIDER,N/A,,3897.476918000393,INFO,adaptador.request,true,exitoso,,,10476.137407155,10472.239930237,,,2026-09-05T00:22:59.341332Z
d8768399-6f4d-411d-b653-43dfbb4b00f6,run1_rep3,G,CLOSED,CLOSED,request,PROVIDER,N/A,,3918.037710000135,INFO,adaptador.request,true,exitoso,,,10476.201305072,10472.283267362,,,2026-09-05T00:22:59.405310Z
8d4ae44b-0e1c-4cab-a9b5-5161d8063840,run1_rep3,G,CLOSED,CLOSED,request,PROVIDER,N/A,,3790.4847520003386,INFO,adaptador.request,true,exitoso,,,10476.270422905,10472.479938153,,,2026-09-05T00:22:59.474364Z
0593fac7-18d2-4d81-949f-55caa741c5c6,run1_rep3,G,CLOSED,CLOSED,request,PROVIDER,N/A,,3826.5880850012763,INFO,adaptador.request,true,exitoso,,,10476.374423155,10472.54783507,,,2026-09-05T00:22:59.578378Z
9f12e81b-39ba-4ad2-b068-bfb33511de5c,run1_rep3,G,CLOSED,CLOSED,request,PROVIDER,N/A,,3773.373501999231,INFO,adaptador.request,true,exitoso,,,10476.448882947,10472.675509445,,,2026-09-05T00:22:59.652850Z
f24f47a9-dd5f-45a3-8b0e-5715c3659a26,run1_rep3,G,CLOSED,CLOSED,request,PROVIDER,N/A,,3829.6800429998257,INFO,adaptador.request,true,exitoso,,,10476.529016905,10472.699336862,,,2026-09-05T00:22:59.732954Z
2d2e7cd3-6161-45ec-8cab-31845d132041,run1_rep3,G,CLOSED,CLOSED,request,PROVIDER,N/A,,3784.376709998469,INFO,adaptador.request,true,exitoso,,,10476.592653572,10472.808276862,,,2026-09-05T00:22:59.796615Z
e3e3e92b-0c5d-4dd1-9d31-09a3d3a8247a,run1_rep3,G,CLOSED,CLOSED,request,PROVIDER,N/A,,3775.2534600003855,INFO,adaptador.request,true,exitoso,,,10476.65074853,10472.87549507,,,2026-09-05T00:22:59.854719Z
12c4bf61-a2fe-4e8b-bff8-3491cae3ee61,run1_rep3,G,CLOSED,CLOSED,request,PROVIDER,N/A,,3843.3038769999257,INFO,adaptador.request,true,exitoso,,,10476.719202447,10472.87589857,,,2026-09-05T00:22:59.923162Z
16be2941-0a6a-46b7-b17e-a40d9de00d1b,run1_rep3,G,CLOSED,CLOSED,request,PROVIDER,N/A,,3672.1847940007137,INFO,adaptador.request,true,exitoso,,,10476.794321239,10473.122136445,,,2026-09-05T00:22:59.998245Z
b0271ead-1382-4238-8e69-34e26a24db37,run1_rep3,G,CLOSED,CLOSED,request,PROVIDER,N/A,,3728.857168000104,INFO,adaptador.request,true,exitoso,,,10476.871658572,10473.142801404,,,2026-09-05T00:23:00.075596Z
99e1631e-69f4-4439-bbb3-134054a0adb5,run1_rep3,G,CLOSED,CLOSED,request,PROVIDER,N/A,,3761.7463349997706,INFO,adaptador.request,true,exitoso,,,10476.929115989,10473.167369654,,,2026-09-05T00:23:00.133072Z
08e3b562-46c8-4185-bfd1-f0f84350e542,run1_rep3,G,CLOSED,CLOSED,request,PROVIDER,N/A,,3796.64033500012,INFO,adaptador.request,true,exitoso,,,10477.027108322,10473.230467987,,,2026-09-05T00:23:00.231041Z
2a503d9f-f8b6-4a33-91b3-866b18f7d0bb,run1_rep3,G,CLOSED,CLOSED,request,PROVIDER,N/A,,3778.742084999976,INFO,adaptador.request,true,exitoso,,,10477.087105364,10473.308363279,,,2026-09-05T00:23:00.291076Z
9831b161-b38a-417e-a9fe-bc6042d5b722,run1_rep3,G,CLOSED,CLOSED,request,PROVIDER,N/A,,3777.6565439999104,INFO,adaptador.request,true,exitoso,,,10477.141684656,10473.364028112,,,2026-09-05T00:23:00.345657Z
6d0d4b72-807d-4467-89d3-d2962dd7e581,run1_rep3,G,CLOSED,CLOSED,request,PROVIDER,N/A,,3664.1252930003247,INFO,adaptador.request,true,exitoso,,,10477.225523447,10473.561398154,,,2026-09-05T00:23:00.429486Z
39f8e9e1-f828-44aa-8648-36e401bbc85f,run1_rep3,G,CLOSED,CLOSED,request,PROVIDER,N/A,,3569.641251999201,INFO,adaptador.request,true,exitoso,,,10477.304274614,10473.734633362,,,2026-09-05T00:23:00.508202Z
b6e9398a-06fd-40c3-9114-0a0cde26cbd5,run1_rep3,G,CLOSED,CLOSED,request,PROVIDER,N/A,,3652.6102099996933,INFO,adaptador.request,true,exitoso,,,10477.387650531,10473.735040321,,,2026-09-05T00:23:00.591607Z
e261f49f-78c1-41f5-aa03-fe1c6bf61f7b,run1_rep3,G,CLOSED,CLOSED,request,PROVIDER,N/A,,3728.324667999914,INFO,adaptador.request,true,exitoso,,,10477.473661864,10473.745337196,,,2026-09-05T00:23:00.677659Z
b221310e-9dd2-4a04-9b70-6a8106a2823f,run1_rep3,G,CLOSED,CLOSED,request,PROVIDER,N/A,,3632.4080849990423,INFO,adaptador.request,true,exitoso,,,10477.530108739,10473.897700654,,,2026-09-05T00:23:00.734040Z
e2ccfea2-1e5b-435e-b20a-0bba9ed42ab5,run1_rep3,G,CLOSED,CLOSED,request,PROVIDER,N/A,,3668.5717929995008,INFO,adaptador.request,true,exitoso,,,10477.609048072,10473.940476279,,,2026-09-05T00:23:00.813014Z
a6eb832f-e7e3-4a6b-9742-26b0045c9f5f,run1_rep3,G,CLOSED,CLOSED,request,PROVIDER,N/A,,3595.9830440006044,INFO,adaptador.request,true,exitoso,,,10477.698496031,10474.102512987,,,2026-09-05T00:23:00.902506Z
326273d6-778f-415a-9065-01a91d7e5774,run1_rep3,G,CLOSED,CLOSED,request,PROVIDER,N/A,,3570.957459998681,INFO,adaptador.request,true,exitoso,,,10477.786261823,10474.215304363,,,2026-09-05T00:23:00.990204Z
2f0d42b9-4b04-4755-a812-5ef997815dd2,run1_rep3,G,CLOSED,CLOSED,request,PROVIDER,N/A,,3623.6650009996083,INFO,adaptador.request,true,exitoso,,,10477.859266489,10474.235601488,,,2026-09-05T00:23:01.063180Z
b8553ecc-e774-4a5f-855d-10a5aee8c2fe,run1_rep3,G,CLOSED,CLOSED,request,PROVIDER,N/A,,3617.1072509987425,INFO,adaptador.request,true,exitoso,,,10477.967242489,10474.350135238,,,2026-09-05T00:23:01.171193Z
03bc7e87-cede-4f2b-b7fa-14af47384cd0,run1_rep3,G,CLOSED,CLOSED,request,PROVIDER,N/A,,3683.105460000661,INFO,adaptador.request,true,exitoso,,,10478.057128406,10474.374022946,,,2026-09-05T00:23:01.261151Z
121ad235-1ef2-4c2f-93e5-9612de5edafa,run1_rep3,G,CLOSED,CLOSED,request,PROVIDER,N/A,,3582.1852930002933,INFO,adaptador.request,true,exitoso,,,10478.150995239,10474.568809946,,,2026-09-05T00:23:01.354993Z
2c0a8365-456a-4f83-a449-7f19f4944850,run1_rep3,G,CLOSED,CLOSED,request,PROVIDER,N/A,,3616.392710000582,INFO,adaptador.request,true,exitoso,,,10478.212253281,10474.595860571,,,2026-09-05T00:23:01.416203Z
182efc67-8781-468b-8679-308930b6ea09,run1_rep3,G,CLOSED,CLOSED,request,PROVIDER,N/A,,3622.8145850000146,INFO,adaptador.request,true,exitoso,,,10478.289358406,10474.666543821,,,2026-09-05T00:23:01.493321Z
3498be72-ad30-4f49-87a8-70ad5062ca5d,run1_rep3,G,CLOSED,CLOSED,request,PROVIDER,N/A,,3581.605168999886,INFO,adaptador.request,true,exitoso,,,10478.390343948,10474.808738779,,,2026-09-05T00:23:01.594282Z
5fef7d2d-b604-4520-9a86-649d9888991f,run1_rep3,G,CLOSED,CLOSED,request,PROVIDER,N/A,,3596.035626998855,INFO,adaptador.request,true,exitoso,,,10478.475906823,10474.879871196,,,2026-09-05T00:23:01.679854Z
5fb8741b-3cfc-4f93-8d33-a8b25702ef04,run1_rep3,G,CLOSED,CLOSED,request,PROVIDER,N/A,,3529.656877000889,INFO,adaptador.request,true,exitoso,,,10478.57014874,10475.040491863,,,2026-09-05T00:23:01.774107Z
f9ddef08-9e36-4fc0-9657-ca3ba0bb6812,run1_rep3,G,CLOSED,CLOSED,request,PROVIDER,N/A,,3582.429501000661,INFO,adaptador.request,true,exitoso,,,10478.661651656,10475.079222155,,,2026-09-05T00:23:01.865596Z
8cdd2bfb-326e-4e2a-b4b5-66c9b8850a20,run1_rep3,G,CLOSED,CLOSED,request,PROVIDER,N/A,,3625.108418000309,INFO,adaptador.request,true,exitoso,,,10478.760780823,10475.135672405,,,2026-09-05T00:23:01.964721Z
e1f34069-94a3-4081-9816-722393e00ba1,run1_rep3,G,CLOSED,CLOSED,request,PROVIDER,N/A,,3543.0502929993963,INFO,adaptador.request,true,exitoso,,,10478.846071406,10475.303021113,,,2026-09-05T00:23:02.050005Z
9600f393-39ff-4362-aed6-b2b79ced0390,run1_rep3,G,CLOSED,CLOSED,request,PROVIDER,N/A,,3616.826626999682,INFO,adaptador.request,true,exitoso,,,10478.922951823,10475.306125196,,,2026-09-05T00:23:02.126935Z
ab5d1140-f9c6-4944-bade-69d647c88592,run1_rep3,G,CLOSED,CLOSED,request,PROVIDER,N/A,,3689.8294599996007,INFO,adaptador.request,true,exitoso,,,10479.003392531,10475.313563071,,,2026-09-05T00:23:02.207358Z
52d5467f-1f7e-46d3-aaeb-adfe3e443ee0,run1_rep3,G,CLOSED,CLOSED,request,PROVIDER,N/A,,3682.8184190017055,INFO,adaptador.request,true,exitoso,,,10479.082628407,10475.399809988,,,2026-09-05T00:23:02.286597Z
1b70f832-4b39-4a9b-afa8-04b6b004b829,run1_rep3,G,CLOSED,CLOSED,request,PROVIDER,N/A,,3682.2073349994753,INFO,adaptador.request,true,exitoso,,,10479.17962899,10475.497421655,,,2026-09-05T00:23:02.383633Z
1b9d30f9-bad2-4cd5-8849-3c060543a1f3,run1_rep3,G,CLOSED,CLOSED,request,PROVIDER,N/A,,3738.8717099984206,INFO,adaptador.request,true,exitoso,,,10479.27310474,10475.53423303,,,2026-09-05T00:23:02.477048Z
19e49244-dcc8-46df-8796-b29c56bff356,run1_rep3,G,CLOSED,CLOSED,request,PROVIDER,N/A,,3786.293000999649,INFO,adaptador.request,true,exitoso,,,10479.363552323,10475.577259322,,,2026-09-05T00:23:02.567498Z
a74178b7-0d80-4062-a1fd-26e3a94be8ba,run1_rep3,G,CLOSED,CLOSED,request,PROVIDER,N/A,,3684.2441270000563,INFO,adaptador.request,true,exitoso,,,10479.45866924,10475.774425113,,,2026-09-05T00:23:02.662612Z
23e7316c-fc25-439c-8544-e130ce17b98f,run1_rep3,G,CLOSED,CLOSED,request,PROVIDER,N/A,,3743.9219179996144,INFO,adaptador.request,true,exitoso,,,10479.56161874,10475.817696822,,,2026-09-05T00:23:02.765530Z
a6deb327-b6de-4da1-862f-d2278cdfde2c,run1_rep3,G,CLOSED,CLOSED,request,PROVIDER,N/A,,3769.0554600012547,INFO,adaptador.request,true,exitoso,,,10479.650775448,10475.881719988,,,2026-09-05T00:23:02.854795Z
daaef2cb-c0f5-43a2-b60b-ba4ec22f619b,run1_rep3,G,CLOSED,CLOSED,request,PROVIDER,N/A,,3792.5725020013488,INFO,adaptador.request,true,exitoso,,,10479.730863532,10475.93829103,,,2026-09-05T00:23:02.934812Z
d939d149-b4e1-43d9-b0a8-c859b3697344,run1_rep3,G,CLOSED,CLOSED,request,PROVIDER,N/A,,3757.705668998824,INFO,adaptador.request,true,exitoso,,,10479.812084324,10476.054378655,,,2026-09-05T00:23:03.016034Z
0dca1e1a-0f72-4a14-a61b-3fbbd5b0bf3b,run1_rep3,G,CLOSED,CLOSED,request,PROVIDER,N/A,,3814.161210000748,INFO,adaptador.request,true,exitoso,,,10479.910308032,10476.096146822,,,2026-09-05T00:23:03.114267Z
5ba9fb79-b4ed-45ca-a830-f0b6a4200cbc,run1_rep3,G,CLOSED,CLOSED,request,PROVIDER,N/A,,3840.0156690004223,INFO,adaptador.request,true,exitoso,,,10479.996627782,10476.156612113,,,2026-09-05T00:23:03.200582Z
44ca834d-3f26-41eb-ba33-1489bc2af83b,run1_rep3,G,CLOSED,CLOSED,request,PROVIDER,N/A,,3682.797376999588,INFO,adaptador.request,true,exitoso,,,10480.054543324,10476.371745947,,,2026-09-05T00:23:03.258442Z
96769557-b14e-4494-9aed-5d5cf52cdb1f,run1_rep3,G,CLOSED,CLOSED,request,PROVIDER,N/A,,3731.2886269992305,INFO,adaptador.request,true,exitoso,,,10480.119716407,10476.38842778,,,2026-09-05T00:23:03.323627Z
669f46dd-b9a2-4293-8714-458076d9f802,run1_rep3,G,CLOSED,CLOSED,request,PROVIDER,N/A,,3828.7840020002477,INFO,adaptador.request,true,exitoso,,,10480.224559199,10476.395775197,,,2026-09-05T00:23:03.428530Z
1f4cde94-2102-4648-aed3-c345992b8b01,run1_rep3,G,CLOSED,CLOSED,request,PROVIDER,N/A,,3681.176668000262,INFO,adaptador.request,true,exitoso,,,10480.32654349,10476.645366822,,,2026-09-05T00:23:03.530447Z
d02fecfc-0e7d-4beb-8c21-362f81770436,run1_rep3,G,CLOSED,CLOSED,request,PROVIDER,N/A,,3740.862251999715,INFO,adaptador.request,true,exitoso,,,10480.394621074,10476.653758822,,,2026-09-05T00:23:03.598595Z
cdc35b33-90fa-4c73-814f-ec073a7f73c7,run1_rep3,G,CLOSED,CLOSED,request,PROVIDER,N/A,,3812.3733770007675,INFO,adaptador.request,true,exitoso,,,10480.498582824,10476.686209447,,,2026-09-05T00:23:03.702530Z
3236109a-b5ff-40b3-aacb-355cca4e7ea3,run1_rep3,G,CLOSED,CLOSED,request,PROVIDER,N/A,,3899.093459998767,INFO,adaptador.request,true,exitoso,,,10480.585746157,10476.686652697,,,2026-09-05T00:23:03.789739Z
0d6cac7d-968b-43fb-9199-bcd8bae01f9e,run1_rep3,G,CLOSED,CLOSED,request,PROVIDER,N/A,,3809.798127000249,INFO,adaptador.request,true,exitoso,,,10480.679563324,10476.869765197,,,2026-09-05T00:23:03.883503Z
4d20d1a3-9804-4b67-9b92-f632d0461715,run1_rep3,G,CLOSED,CLOSED,request,PROVIDER,N/A,,3866.83079300019,INFO,adaptador.request,true,exitoso,,,10480.756793407,10476.889962614,,,2026-09-05T00:23:03.960728Z
6fb2d7ee-5164-45a2-b8ff-516c79ad576a,run1_rep3,G,CLOSED,CLOSED,request,PROVIDER,N/A,,3821.5025850004167,INFO,adaptador.request,true,exitoso,,,10480.815964949,10476.994462364,,,2026-09-05T00:23:04.019944Z
ee9c118a-24ef-4666-ae78-b2ed4d512f75,run1_rep3,G,CLOSED,CLOSED,request,PROVIDER,N/A,,3810.3868770012923,INFO,adaptador.request,true,exitoso,,,10480.911297574,10477.100910697,,,2026-09-05T00:23:04.115223Z
d5af2182-4e3f-44c6-9f35-3246d8dfb7d3,run1_rep3,G,CLOSED,CLOSED,request,PROVIDER,N/A,,3824.1857520006306,INFO,adaptador.request,true,exitoso,,,10480.980395324,10477.156209572,,,2026-09-05T00:23:04.184397Z
7cde7faa-c58a-4406-976b-97c22e41f11e,run1_rep3,G,CLOSED,CLOSED,request,PROVIDER,N/A,,3843.4540429989283,INFO,adaptador.request,true,exitoso,,,10481.068829782,10477.225375739,,,2026-09-05T00:23:04.272819Z
8f0c90e6-c983-497c-b3df-71c61d686cbc,run1_rep3,G,CLOSED,CLOSED,request,PROVIDER,N/A,,3910.31329299949,INFO,adaptador.request,true,exitoso,,,10481.140412824,10477.230099531,,,2026-09-05T00:23:04.344355Z
a08cd1af-108c-4efc-a6f1-bad0ed8bfd8b,run1_rep3,G,CLOSED,CLOSED,request,PROVIDER,N/A,,3965.1107939989743,INFO,adaptador.request,true,exitoso,,,10481.227408616,10477.262297822,,,2026-09-05T00:23:04.431350Z
49c12d4b-2ff5-4881-af83-ee909a4ce688,run1_rep3,G,CLOSED,CLOSED,request,PROVIDER,N/A,,3907.6768350005295,INFO,adaptador.request,true,exitoso,,,10481.314501866,10477.406825031,,,2026-09-05T00:23:04.518421Z
8fb5a45a-16c2-45b2-a530-0fa0d687d6d3,run1_rep3,G,CLOSED,CLOSED,request,PROVIDER,N/A,,3866.2816689993633,INFO,adaptador.request,true,exitoso,,,10481.392665533,10477.526383864,,,2026-09-05T00:23:04.596616Z
295bfa3f-118c-4191-83b3-6bb009b38a53,run1_rep3,G,CLOSED,CLOSED,request,PROVIDER,N/A,,3903.693086000203,INFO,adaptador.request,true,exitoso,,,10481.493129283,10477.589436197,,,2026-09-05T00:23:04.697087Z
c0af748c-8517-4df8-821a-151fe330cb6f,run1_rep3,G,CLOSED,CLOSED,request,PROVIDER,N/A,,3932.4249179990147,INFO,adaptador.request,true,exitoso,,,10481.565511574,10477.633086656,,,2026-09-05T00:23:04.769442Z
88e1ead2-74a1-40df-8ec8-af5c760f98a8,run1_rep3,G,CLOSED,CLOSED,request,PROVIDER,N/A,,3949.214709999069,INFO,adaptador.request,true,exitoso,,,10481.631619408,10477.682404698,,,2026-09-05T00:23:04.835570Z
d0a05610-784a-4913-985d-81649e1ec2d0,run1_rep3,G,CLOSED,CLOSED,request,PROVIDER,N/A,,3993.9350849999755,INFO,adaptador.request,true,exitoso,,,10481.718040324,10477.724105239,,,2026-09-05T00:23:04.922010Z
d32fc9b9-2922-4cfd-9636-9f7acf4fcbef,run1_rep3,G,CLOSED,CLOSED,request,PROVIDER,N/A,,4005.861126999662,INFO,adaptador.request,true,exitoso,,,10481.805287116,10477.799425989,,,2026-09-05T00:23:05.009209Z
0cd29edd-6ddc-4261-8e56-c7e33caffd68,run1_rep3,G,CLOSED,CLOSED,request,PROVIDER,N/A,,4028.8167520011484,INFO,adaptador.request,true,exitoso,,,10481.883849158,10477.855032406,,,2026-09-05T00:23:05.087844Z
2c0d0532-3ca7-4239-a6eb-bdf2355265ee,run1_rep3,G,CLOSED,CLOSED,request,PROVIDER,N/A,,4092.033751998315,INFO,adaptador.request,true,exitoso,,,10481.947554366,10477.855520614,,,2026-09-05T00:23:05.151513Z
00bb89a2-8fa1-4c37-934c-a932055c14e0,run1_rep3,G,CLOSED,CLOSED,request,PROVIDER,N/A,,3973.7142519988993,INFO,adaptador.request,true,exitoso,,,10482.048872241,10478.075157989,,,2026-09-05T00:23:05.252891Z
bf38ffb4-993d-4209-b585-9d4641a3548f,run1_rep3,G,CLOSED,CLOSED,request,PROVIDER,N/A,,4005.713126998671,INFO,adaptador.request,true,exitoso,,,10482.132215741,10478.126502614,,,2026-09-05T00:23:05.336092Z
f06c9838-ce81-40f4-b1fd-976b479117eb,run1_rep3,G,CLOSED,CLOSED,request,PROVIDER,N/A,,4057.916543999454,INFO,adaptador.request,true,exitoso,,,10482.202587783,10478.144671239,,,2026-09-05T00:23:05.406498Z
35cc679b-8bd8-48a0-880c-acd77a25af4f,run1_rep3,G,CLOSED,CLOSED,request,PROVIDER,N/A,,3831.7374190010014,INFO,adaptador.request,true,exitoso,,,10482.2645807,10478.432843281,,,2026-09-05T00:23:05.468490Z
87ed7012-25a3-48d3-8236-108967554769,run1_rep3,G,CLOSED,CLOSED,request,PROVIDER,N/A,,3926.54158500045,INFO,adaptador.request,true,exitoso,,,10482.359773283,10478.433231698,,,2026-09-05T00:23:05.563700Z
868d4e18-c2d1-4396-9116-b87accd1b801,run1_rep3,G,CLOSED,CLOSED,request,PROVIDER,N/A,,4002.711751998504,INFO,adaptador.request,true,exitoso,,,10482.46619645,10478.463484698,,,2026-09-05T00:23:05.670196Z
2d38be99-8c13-4dc7-b695-4f75c8a23d71,run1_rep3,G,CLOSED,CLOSED,request,PROVIDER,N/A,,4054.6266680012195,INFO,adaptador.request,true,exitoso,,,10482.534960741,10478.480334073,,,2026-09-05T00:23:05.739003Z
8ecf8d2a-edf4-474f-a887-fd94e18b346e,run1_rep3,G,CLOSED,CLOSED,request,PROVIDER,N/A,,4001.529961000415,INFO,adaptador.request,true,exitoso,,,10482.631742367,10478.630212406,,,2026-09-05T00:23:05.835716Z
b63e62bb-0840-4465-877b-5da8bff1747f,run1_rep3,G,CLOSED,CLOSED,request,PROVIDER,N/A,,3965.192752000803,INFO,adaptador.request,true,exitoso,,,10482.73211995,10478.766927198,,,2026-09-05T00:23:05.936087Z
fb15343c-e503-40e0-bf85-3e173ea3b9c0,run1_rep3,G,CLOSED,CLOSED,request,PROVIDER,N/A,,4057.534419000149,INFO,adaptador.request,true,exitoso,,,10482.836671617,10478.779137198,,,2026-09-05T00:23:06.040574Z
c1a1c16c-9e2a-4328-b87c-9200f57f78cd,run1_rep3,G,CLOSED,CLOSED,request,PROVIDER,N/A,,4088.1642929998634,INFO,adaptador.request,true,exitoso,,,10482.900077533,10478.81191324,,,2026-09-05T00:23:06.104111Z
10c7965c-83ed-4766-b000-68906b8530cc,run1_rep3,G,CLOSED,CLOSED,request,PROVIDER,N/A,,3850.9672099989984,INFO,adaptador.request,true,exitoso,,,10482.980632075,10479.129664865,,,2026-09-05T00:23:06.184590Z
66cfa46e-8909-4a9c-af6a-823d10b12bac,run1_rep3,G,CLOSED,CLOSED,request,PROVIDER,N/A,,3881.4992099996743,INFO,adaptador.request,true,exitoso,,,10483.041527367,10479.160028157,,,2026-09-05T00:23:06.245458Z
41d9cb46-dae2-49b3-ba16-1869f2f762d2,run1_rep3,G,CLOSED,CLOSED,request,PROVIDER,N/A,,3899.9363759994594,INFO,adaptador.request,true,exitoso,,,10483.128891408,10479.228955032,,,2026-09-05T00:23:06.332918Z
5fe1526a-0610-418c-bf18-adfa6f34e5ad,run1_rep3,G,CLOSED,CLOSED,request,PROVIDER,N/A,,3960.204918999807,INFO,adaptador.request,true,exitoso,,,10483.202316617,10479.242111698,,,2026-09-05T00:23:06.406326Z
fa2b4ee7-8327-4d42-8bd3-3b1dba50924e,run1_rep3,G,CLOSED,CLOSED,request,PROVIDER,N/A,,4022.6940020002075,INFO,adaptador.request,true,exitoso,,,10483.294527992,10479.27183399,,,2026-09-05T00:23:06.498457Z
f99c5a90-0861-434d-ad8e-6cdb2d36972a,run1_rep3,G,CLOSED,CLOSED,request,PROVIDER,N/A,,3942.7987939998275,INFO,adaptador.request,true,exitoso,,,10483.383253242,10479.440454448,,,2026-09-05T00:23:06.587198Z
4b464f85-e5b7-442f-a773-eaecfa081191,run1_rep3,G,CLOSED,CLOSED,request,PROVIDER,N/A,,3844.9599180003133,INFO,adaptador.request,true,exitoso,,,10483.46535495,10479.620395032,,,2026-09-05T00:23:06.669325Z
9f51133c-88bf-41fa-8c78-2e97ac873780,run1_rep3,G,CLOSED,CLOSED,request,PROVIDER,N/A,,3901.2695850015007,INFO,adaptador.request,true,exitoso,,,10483.563387075,10479.66211749,,,2026-09-05T00:23:06.767345Z
ae6946f2-2a8a-4dc2-95b2-f2da1027590d,run1_rep3,G,CLOSED,CLOSED,request,PROVIDER,N/A,,3917.8387940009998,INFO,adaptador.request,true,exitoso,,,10483.654957492,10479.737118698,,,2026-09-05T00:23:06.858926Z
012b75f6-eb38-455a-8521-0d83073f345a,run1_rep3,G,CLOSED,CLOSED,request,PROVIDER,N/A,,3751.422418999937,INFO,adaptador.request,true,exitoso,,,10483.729416409,10479.97799399,,,2026-09-05T00:23:06.933370Z
805268a1-f8a4-4277-890d-932a0e4d21c6,run1_rep3,G,CLOSED,CLOSED,request,PROVIDER,N/A,,3837.2917929991672,INFO,adaptador.request,true,exitoso,,,10483.815811367,10479.978519574,,,2026-09-05T00:23:07.019768Z
f7f7aa68-1c14-4ac4-a3e3-bb1650340b46,run1_rep3,G,CLOSED,CLOSED,request,PROVIDER,N/A,,3912.8183350003383,INFO,adaptador.request,true,exitoso,,,10483.891743742,10479.978925407,,,2026-09-05T00:23:07.095759Z
67d32eb0-fe2d-4e2b-b291-f1c59589526c,run1_rep3,G,CLOSED,CLOSED,request,PROVIDER,N/A,,3949.1816269983246,INFO,adaptador.request,true,exitoso,,,10483.982846242,10480.033664615,,,2026-09-05T00:23:07.186856Z
e9636622-2556-4630-923c-016149328cc4,run1_rep3,G,CLOSED,CLOSED,request,PROVIDER,N/A,,4000.168335000126,INFO,adaptador.request,true,exitoso,,,10484.047390242,10480.047221907,,,2026-09-05T00:23:07.251326Z
800e0045-cc86-44b0-aacd-24dd5135fc85,run1_rep3,G,CLOSED,CLOSED,request,PROVIDER,N/A,,3908.5186689990223,INFO,adaptador.request,true,exitoso,,,10484.103404909,10480.19488624,,,2026-09-05T00:23:07.307370Z
080210c1-dc47-40af-890f-d256406948c6,run1_rep3,G,CLOSED,CLOSED,request,PROVIDER,N/A,,3827.059877001375,INFO,adaptador.request,true,exitoso,,,10484.187039992,10480.359980115,,,2026-09-05T00:23:07.391016Z
9f1e1a11-57c3-45b6-b9ba-18c44a8c5fc7,run1_rep3,G,CLOSED,CLOSED,request,PROVIDER,N/A,,3760.760085000584,INFO,adaptador.request,true,exitoso,,,10484.274508826,10480.513748741,,,2026-09-05T00:23:07.478454Z
0546eb40-beac-4475-81a3-bb1af0a2bd74,run1_rep3,G,CLOSED,CLOSED,request,PROVIDER,N/A,,3737.6070430000254,INFO,adaptador.request,true,exitoso,,,10484.353587784,10480.615980741,,,2026-09-05T00:23:07.557537Z
3ad0939a-9063-4187-a992-783b9c7e37b2,run1_rep3,G,CLOSED,CLOSED,request,PROVIDER,N/A,,3825.088710000273,INFO,adaptador.request,true,exitoso,,,10484.443457117,10480.618368407,,,2026-09-05T00:23:07.647434Z
dbc8630d-ca0c-471f-8ba5-7e5507b2c8a5,run1_rep3,G,CLOSED,CLOSED,request,PROVIDER,N/A,,3854.8582100011117,INFO,adaptador.request,true,exitoso,,,10484.525884409,10480.671026199,,,2026-09-05T00:23:07.729857Z
476454a3-8ecc-477e-b0fd-aebca75d1b9c,run1_rep3,G,CLOSED,CLOSED,request,PROVIDER,N/A,,3776.46466799888,INFO,adaptador.request,true,exitoso,,,10484.597577534,10480.821112866,,,2026-09-05T00:23:07.801534Z
8777628a-2bab-4dbf-8bd4-5d6b5c643c13,run1_rep3,G,CLOSED,CLOSED,request,PROVIDER,N/A,,3842.7165020002576,INFO,adaptador.request,true,exitoso,,,10484.692640451,10480.849923949,,,2026-09-05T00:23:07.896589Z
08f5521e-e4c8-46b0-b649-35631df96175,run1_rep3,G,CLOSED,CLOSED,request,PROVIDER,N/A,,3720.2803769996535,INFO,adaptador.request,true,exitoso,,,10484.751483368,10481.031202991,,,2026-09-05T00:23:07.955446Z
572f4438-c348-45c5-ba5c-70a5be40dc8e,run1_rep3,G,CLOSED,CLOSED,request,PROVIDER,N/A,,3563.239043000067,INFO,adaptador.request,true,exitoso,,,10484.826697076,10481.263458033,,,2026-09-05T00:23:08.030733Z
9234c1ed-94fe-4916-aa34-6d44031c7ef1,run1_rep3,G,CLOSED,CLOSED,request,PROVIDER,N/A,,3596.822751998843,INFO,adaptador.request,true,exitoso,,,10484.898155951,10481.301333199,,,2026-09-05T00:23:08.102127Z
1850fd89-a05b-4d7d-bc5d-27d069dd5d4a,run1_rep3,G,CLOSED,CLOSED,request,PROVIDER,N/A,,3665.548001999923,INFO,adaptador.request,true,exitoso,,,10484.974428243,10481.308880241,,,2026-09-05T00:23:08.178375Z
1fbc5dd8-3e9f-4f07-a6f4-e5d22738d4bd,run1_rep3,G,CLOSED,CLOSED,request,PROVIDER,N/A,,3696.5027099995496,INFO,adaptador.request,true,exitoso,,,10485.047711326,10481.351208616,,,2026-09-05T00:23:08.251662Z
9c5c1c54-e5ec-44e4-8a16-1e03d1f833dc,run1_rep3,G,CLOSED,CLOSED,request,PROVIDER,N/A,,3759.641377000662,INFO,adaptador.request,true,exitoso,,,10485.127050993,10481.367409616,,,2026-09-05T00:23:08.331020Z
6b90422f-6b87-46fc-af7b-a4a3a5ec470f,run1_rep3,G,CLOSED,CLOSED,request,PROVIDER,N/A,,3707.4043760003406,INFO,adaptador.request,true,exitoso,,,10485.208507159,10481.501102783,,,2026-09-05T00:23:08.412431Z
1894e1ee-f4ad-4741-aa25-022b0a3c3da1,run1_rep3,G,CLOSED,CLOSED,request,PROVIDER,N/A,,3772.8230849988904,INFO,adaptador.request,true,exitoso,,,10485.295310368,10481.522487283,,,2026-09-05T00:23:08.499236Z
3b2fbff0-e81e-4187-b586-87686a619af4,run1_rep3,G,CLOSED,CLOSED,request,PROVIDER,N/A,,3747.1518349993858,INFO,adaptador.request,true,exitoso,,,10485.377142451,10481.629990616,,,2026-09-05T00:23:08.581107Z
2dfe6671-ae03-48d9-95fd-aa71d40b5d0e,run1_rep3,G,CLOSED,CLOSED,request,PROVIDER,N/A,,3790.6211680001434,INFO,adaptador.request,true,exitoso,,,10485.440513326,10481.649892158,,,2026-09-05T00:23:08.644446Z
7cf397b0-a699-4b6f-ba80-095029e6040e,run1_rep3,G,CLOSED,CLOSED,request,PROVIDER,N/A,,3549.928002001252,INFO,adaptador.request,true,exitoso,,,10485.500142118,10481.950214116,,,2026-09-05T00:23:08.704118Z
8dcc5d00-8dc8-4ff6-99a9-29935554c006,run1_rep3,G,CLOSED,CLOSED,request,PROVIDER,N/A,,3572.595335001097,INFO,adaptador.request,true,exitoso,,,10485.564051785,10481.99145645,,,2026-09-05T00:23:08.768011Z
ef9e8c14-dbdd-4658-86f5-18ae590777e7,run1_rep3,G,CLOSED,CLOSED,request,PROVIDER,N/A,,3650.826043000052,INFO,adaptador.request,true,exitoso,,,10485.649958326,10481.999132283,,,2026-09-05T00:23:08.853939Z
41549dad-770a-4697-8f93-6ac27a51dec7,run1_rep3,G,CLOSED,CLOSED,request,PROVIDER,N/A,,3632.8593349990115,INFO,adaptador.request,true,exitoso,,,10485.70750341,10482.074644075,,,2026-09-05T00:23:08.911446Z
a8a32ebb-a928-486e-8617-04d368aaea16,run1_rep3,G,CLOSED,CLOSED,request,PROVIDER,N/A,,3690.9616680004547,INFO,adaptador.request,true,exitoso,,,10485.794483243,10482.103521575,,,2026-09-05T00:23:08.998464Z
26152b14-19d4-4233-9e83-190d62c0520a,run1_rep3,G,CLOSED,CLOSED,request,PROVIDER,N/A,,3747.8300020011375,INFO,adaptador.request,true,exitoso,,,10485.851544785,10482.103714783,,,2026-09-05T00:23:09.055526Z
35722511-47e0-45ff-a609-eca0285174a6,run1_rep3,G,CLOSED,CLOSED,request,PROVIDER,N/A,,3790.9745020006085,INFO,adaptador.request,true,exitoso,,,10485.92161766,10482.130643158,,,2026-09-05T00:23:09.125561Z
71256a9f-36dd-4173-8057-6899facb70bc,run1_rep3,G,CLOSED,CLOSED,request,PROVIDER,N/A,,3634.180959999867,INFO,adaptador.request,true,exitoso,,,10485.992180035,10482.357999075,,,2026-09-05T00:23:09.196201Z
b42e6c1f-d72f-4a11-bdb8-3e6f20f844ac,run1_rep3,G,CLOSED,CLOSED,request,PROVIDER,N/A,,3650.828001998889,INFO,adaptador.request,true,exitoso,,,10486.068371327,10482.417543325,,,2026-09-05T00:23:09.272347Z
4aa5ab60-ae38-4073-9011-d675fca34d3d,run1_rep3,G,CLOSED,CLOSED,request,PROVIDER,N/A,,3721.205710000504,INFO,adaptador.request,true,exitoso,,,10486.142951285,10482.421745575,,,2026-09-05T00:23:09.346941Z
4dec8857-d64a-471d-a8fa-ffbbdf53b26d,run1_rep3,G,CLOSED,CLOSED,request,PROVIDER,N/A,,3697.1867100000964,INFO,adaptador.request,true,exitoso,,,10486.211642785,10482.514456075,,,2026-09-05T00:23:09.415610Z
423c104c-0f35-445a-8a1b-c17a7a38a0eb,run1_rep3,G,CLOSED,CLOSED,request,PROVIDER,N/A,,3464.79920999991,INFO,adaptador.request,true,exitoso,,,10486.295775827,10482.830976617,,,2026-09-05T00:23:09.499756Z
c5350531-e75e-49eb-b9e0-b4918d87058d,run1_rep3,G,CLOSED,CLOSED,request,PROVIDER,N/A,,3501.6532099998585,INFO,adaptador.request,true,exitoso,,,10486.361853868,10482.860200658,,,2026-09-05T00:23:09.565816Z
0e47c7ea-1dfb-477d-b70f-b05ae12ebc3b,run1_rep3,G,CLOSED,CLOSED,request,PROVIDER,N/A,,3559.7800010000356,INFO,adaptador.request,true,exitoso,,,10486.462617993,10482.902837992,,,2026-09-05T00:23:09.666515Z
deaa89c2-cc76-46af-9880-8ea24fc9038a,run1_rep3,G,CLOSED,CLOSED,request,PROVIDER,N/A,,3564.4130849996145,INFO,adaptador.request,true,exitoso,,,10486.522638993,10482.958225908,,,2026-09-05T00:23:09.726617Z
e10a481b-ca95-478d-9715-97396d421afb,run1_rep3,G,CLOSED,CLOSED,request,PROVIDER,N/A,,3470.206625999708,INFO,adaptador.request,true,exitoso,,,10486.596559993,10483.126353367,,,2026-09-05T00:23:09.800512Z
1567dedd-ed11-43ed-bf82-ebab5499fcbc,run1_rep3,G,CLOSED,CLOSED,request,PROVIDER,N/A,,3495.3102100007527,INFO,adaptador.request,true,exitoso,,,10486.702918118,10483.207607908,,,2026-09-05T00:23:09.906997Z
81a811ef-a60d-4d5e-a10d-98e516f13ec7,run1_rep3,G,CLOSED,CLOSED,request,PROVIDER,N/A,,3537.007042999903,INFO,adaptador.request,true,exitoso,,,10486.778244535,10483.241237492,,,2026-09-05T00:23:09.982198Z
c8b6ed7f-7103-45ac-9700-dbe983127833,run1_rep3,G,CLOSED,CLOSED,request,PROVIDER,N/A,,3559.940502000245,INFO,adaptador.request,true,exitoso,,,10486.840608702,10483.2806682,,,2026-09-05T00:23:10.044531Z
84572822-f6bb-4ec9-86e0-d09ea198630b,run1_rep3,G,CLOSED,CLOSED,request,PROVIDER,N/A,,3632.9061269989325,INFO,adaptador.request,true,exitoso,,,10486.931565202,10483.298659075,,,2026-09-05T00:23:10.135519Z
a41593e8-af98-401a-8880-599757fbcf51,run1_rep3,G,CLOSED,CLOSED,request,PROVIDER,N/A,,3699.289209998824,INFO,adaptador.request,true,exitoso,,,10487.011932619,10483.312643409,,,2026-09-05T00:23:10.215933Z
2961d5c4-6958-4424-8161-132345526793,run1_rep3,G,CLOSED,CLOSED,request,PROVIDER,N/A,,3761.570501999813,INFO,adaptador.request,true,exitoso,,,10487.094480702,10483.3329102,,,2026-09-05T00:23:10.298463Z
fa95ff82-2bff-4e8d-b7f8-7057fbf4c875,run1_rep3,G,CLOSED,CLOSED,request,PROVIDER,N/A,,3589.8000020006293,INFO,adaptador.request,true,exitoso,,,10487.155299119,10483.565499117,,,2026-09-05T00:23:10.359254Z
6e898f62-0644-46a7-a9dc-66058dd7f44a,run1_rep3,G,CLOSED,CLOSED,request,PROVIDER,N/A,,3656.5143759999046,INFO,adaptador.request,true,exitoso,,,10487.231766785,10483.575252409,,,2026-09-05T00:23:10.435721Z
457bc5f7-0247-49e0-a2b9-f49363ee7bce,run1_rep3,G,CLOSED,CLOSED,request,PROVIDER,N/A,,3539.1010849998565,INFO,adaptador.request,true,exitoso,,,10487.298399035,10483.75929795,,,2026-09-05T00:23:10.502372Z
861bd4a6-8a41-4421-b8fe-516692d43793,run1_rep3,G,CLOSED,CLOSED,request,PROVIDER,N/A,,3530.6677520002268,INFO,adaptador.request,true,exitoso,,,10487.373212244,10483.842544492,,,2026-09-05T00:23:10.577178Z
3ca76dbd-b563-43c6-b937-62a148866d3b,run1_rep3,G,CLOSED,CLOSED,request,PROVIDER,N/A,,3409.1650849986763,INFO,adaptador.request,true,exitoso,,,10487.439919452,10484.030754367,,,2026-09-05T00:23:10.643900Z
3667974f-a1ad-4812-8234-45e473a910d7,run1_rep3,G,CLOSED,CLOSED,request,PROVIDER,N/A,,3453.9438350002456,INFO,adaptador.request,true,exitoso,,,10487.544735744,10484.090791909,,,2026-09-05T00:23:10.748736Z
bc686f51-dcd2-48e8-9b36-ba46017a6b0e,run1_rep3,G,CLOSED,CLOSED,request,PROVIDER,N/A,,3465.4739599991444,INFO,adaptador.request,true,exitoso,,,10487.607352161,10484.141878201,,,2026-09-05T00:23:10.811292Z
e7f7b7ae-bbf8-477a-8fa6-ae1026036147,run1_rep3,G,CLOSED,CLOSED,request,PROVIDER,N/A,,3542.0060430005833,INFO,adaptador.request,true,exitoso,,,10487.705532702,10484.163526659,,,2026-09-05T00:23:10.909462Z
cc59a97d-b041-4215-9aac-80fe03eb9e73,run1_rep3,G,CLOSED,CLOSED,request,PROVIDER,N/A,,3518.09887699892,INFO,adaptador.request,true,exitoso,,,10487.776547536,10484.258448659,,,2026-09-05T00:23:10.980493Z
745482e8-29f0-4d8e-8f3c-9ad0962c0b49,run1_rep3,G,CLOSED,CLOSED,request,PROVIDER,N/A,,3563.8385849997576,INFO,adaptador.request,true,exitoso,,,10487.862249036,10484.298410451,,,2026-09-05T00:23:11.066190Z
81ba6352-6ee5-4eb0-a45c-169fe30146f4,run1_rep3,G,CLOSED,CLOSED,request,PROVIDER,N/A,,3618.7706679993425,INFO,adaptador.request,true,exitoso,,,10487.931544619,10484.312773951,,,2026-09-05T00:23:11.135483Z
4ee075cc-6279-4e44-a827-d5e5680aa34f,run1_rep3,G,CLOSED,CLOSED,request,PROVIDER,N/A,,3588.015125998936,INFO,adaptador.request,true,exitoso,,,10487.999535702,10484.411520576,,,2026-09-05T00:23:11.203521Z
7ac3f04f-6270-46b5-97e2-59d73bb5a602,run1_rep3,G,CLOSED,CLOSED,request,PROVIDER,N/A,,3576.6976270006126,INFO,adaptador.request,true,exitoso,,,10488.062165244,10484.485467617,,,2026-09-05T00:23:11.266109Z
3986bf7e-c849-453c-8d8e-5300ec7d3872,run1_rep3,G,CLOSED,CLOSED,request,PROVIDER,N/A,,3488.3925009999075,INFO,adaptador.request,true,exitoso,,,10488.164969244,10484.676576743,,,2026-09-05T00:23:11.368998Z
2fd21214-3e72-4ae3-a0d2-2a6aab9e9283,run1_rep3,G,CLOSED,CLOSED,request,PROVIDER,N/A,,3554.7679600003903,INFO,adaptador.request,true,exitoso,,,10488.241892411,10484.687124451,,,2026-09-05T00:23:11.445874Z
9b4d2fda-e4d2-4593-961b-5a71671303ec,run1_rep3,G,CLOSED,CLOSED,request,PROVIDER,N/A,,3474.584252000568,INFO,adaptador.request,true,exitoso,,,10488.310151078,10484.835566826,,,2026-09-05T00:23:11.514111Z
21afeeb0-0f0e-47c2-8e3b-7f0aa3581763,run1_rep3,G,CLOSED,CLOSED,request,PROVIDER,N/A,,3488.4737100001075,INFO,adaptador.request,true,exitoso,,,10488.368748161,10484.880274451,,,2026-09-05T00:23:11.572713Z
fefcdcc9-60ae-490b-95b5-9d60a68fc06e,run1_rep3,G,CLOSED,CLOSED,request,PROVIDER,N/A,,3511.6768350017082,INFO,adaptador.request,true,exitoso,,,10488.473332744,10484.961655909,,,2026-09-05T00:23:11.677299Z
76699b07-9f84-42f8-a524-31ab5de12476,run1_rep3,G,CLOSED,CLOSED,request,PROVIDER,N/A,,3548.2270430002245,INFO,adaptador.request,true,exitoso,,,10488.536118994,10484.987891951,,,2026-09-05T00:23:11.740098Z
3dbff56f-8416-48f3-a31f-270850cd4869,run1_rep3,G,CLOSED,CLOSED,request,PROVIDER,N/A,,3508.311834999404,INFO,adaptador.request,true,exitoso,,,10488.616736703,10485.108424868,,,2026-09-05T00:23:11.820684Z
20efd6da-035d-43d7-9ee3-a600f8f550a0,run1_rep3,G,CLOSED,CLOSED,request,PROVIDER,N/A,,3501.2842510004702,INFO,adaptador.request,true,exitoso,,,10488.681629994,10485.180345743,,,2026-09-05T00:23:11.885556Z
89d6db88-972e-48eb-9e9d-442f7ccd9556,run1_rep3,G,CLOSED,CLOSED,request,PROVIDER,N/A,,3553.4617100001924,INFO,adaptador.request,true,exitoso,,,10488.760066286,10485.206604576,,,2026-09-05T00:23:11.964024Z
2a29634c-3f90-4ded-8eae-dcddbf10f958,run1_rep3,G,CLOSED,CLOSED,request,PROVIDER,N/A,,3418.2576260009228,INFO,adaptador.request,true,exitoso,,,10488.848515411,10485.430257785,,,2026-09-05T00:23:12.052478Z
efae907e-ec0f-4a48-9682-83a0bae011c8,run1_rep3,G,CLOSED,CLOSED,request,PROVIDER,N/A,,3477.1847929987416,INFO,adaptador.request,true,exitoso,,,10488.929644953,10485.45246016,,,2026-09-05T00:23:12.133608Z
0b3b7773-c264-4b22-a8a2-fc5c293541c8,run1_rep3,G,CLOSED,CLOSED,request,PROVIDER,N/A,,3455.5979180004215,INFO,adaptador.request,true,exitoso,,,10489.019451828,10485.56385391,,,2026-09-05T00:23:12.223420Z
5a82b195-118e-4888-b0a8-18673e883383,run1_rep3,G,CLOSED,CLOSED,request,PROVIDER,N/A,,3511.418792999393,INFO,adaptador.request,true,exitoso,,,10489.077748953,10485.56633016,,,2026-09-05T00:23:12.281721Z
60f53e56-dac7-4d6c-af85-1277f482694b,run1_rep3,G,CLOSED,CLOSED,request,PROVIDER,N/A,,3507.343793999098,INFO,adaptador.request,true,exitoso,,,10489.18250987,10485.675166076,,,2026-09-05T00:23:12.386471Z
c52e87b7-bf92-48d1-a7b1-7c114d691a9f,run1_rep3,G,CLOSED,CLOSED,request,PROVIDER,N/A,,3441.711502000544,INFO,adaptador.request,true,exitoso,,,10489.251804703,10485.810093201,,,2026-09-05T00:23:12.455769Z
939fef62-2be9-4a78-bef3-69d4a17c7a3c,run1_rep3,G,CLOSED,CLOSED,request,PROVIDER,N/A,,3507.523835000029,INFO,adaptador.request,true,exitoso,,,10489.356358953,10485.848835118,,,2026-09-05T00:23:12.560321Z
26371063-411c-474e-aed9-434b746e5727,run1_rep3,G,CLOSED,CLOSED,request,PROVIDER,N/A,,3548.34187599954,INFO,adaptador.request,true,exitoso,,,10489.427199536,10485.87885766,,,2026-09-05T00:23:12.631164Z
86eee278-f84c-48b2-8733-54e98e3ac226,run1_rep3,G,CLOSED,CLOSED,request,PROVIDER,N/A,,3561.6677939997317,INFO,adaptador.request,true,exitoso,,,10489.52933637,10485.967668576,,,2026-09-05T00:23:12.733291Z
2d3d211b-84ce-47a3-89b9-579930b279af,run1_rep3,G,CLOSED,CLOSED,request,PROVIDER,N/A,,3597.611085000608,INFO,adaptador.request,true,exitoso,,,10489.60113637,10486.003525285,,,2026-09-05T00:23:12.805069Z
fa615c55-6f08-4f0c-b4e5-49a8b65ad56b,run1_rep3,G,CLOSED,CLOSED,request,PROVIDER,N/A,,3601.328751999972,INFO,adaptador.request,true,exitoso,,,10489.70008287,10486.098754118,,,2026-09-05T00:23:12.904041Z
95bcd96a-d82c-48b8-b906-e80da1469885,run1_rep3,G,CLOSED,CLOSED,request,PROVIDER,N/A,,3653.9591689997906,INFO,adaptador.request,true,exitoso,,,10489.764293662,10486.110334493,,,2026-09-05T00:23:12.968243Z
87b13f45-c03b-4801-9d3e-4b8ffd83c2b6,run1_rep3,G,CLOSED,CLOSED,request,PROVIDER,N/A,,3425.261292999494,INFO,adaptador.request,true,exitoso,,,10489.839757328,10486.414496035,,,2026-09-05T00:23:13.043706Z
210b876c-913b-4e15-be0b-8d24d0f0490e,run1_rep3,G,CLOSED,CLOSED,request,PROVIDER,N/A,,3472.5896270010708,INFO,adaptador.request,true,exitoso,,,10489.910319245,10486.437729618,,,2026-09-05T00:23:13.114266Z
a9b1a930-71a0-44eb-be41-c3e5a7481432,run1_rep3,G,CLOSED,CLOSED,request,PROVIDER,N/A,,3500.2452520002407,INFO,adaptador.request,true,exitoso,,,10490.000748287,10486.500503035,,,2026-09-05T00:23:13.204698Z
9db12c33-557f-40d7-9d46-a40adbf8027d,run1_rep3,G,CLOSED,CLOSED,request,PROVIDER,N/A,,3500.5679189998773,INFO,adaptador.request,true,exitoso,,,10490.076409162,10486.575841243,,,2026-09-05T00:23:13.280347Z
8c255794-0846-46c8-83da-a5f8b6486e60,run1_rep3,G,CLOSED,CLOSED,request,PROVIDER,N/A,,3482.044293999934,INFO,adaptador.request,true,exitoso,,,10490.140471787,10486.658427493,,,2026-09-05T00:23:13.344396Z
3b72f43c-6442-4b0d-a982-c549e08b81e2,run1_rep3,G,CLOSED,CLOSED,request,PROVIDER,N/A,,3542.9241260007984,INFO,adaptador.request,true,exitoso,,,10490.210708578,10486.667784452,,,2026-09-05T00:23:13.414651Z
d274ff19-a04d-4661-acef-03ef31a18b54,run1_rep3,G,CLOSED,CLOSED,request,PROVIDER,N/A,,3556.672377000723,INFO,adaptador.request,true,exitoso,,,10490.277253329,10486.720580952,,,2026-09-05T00:23:13.481205Z
4991b9c3-e907-4cb7-8633-79df307a8e43,run1_rep3,G,CLOSED,CLOSED,request,PROVIDER,N/A,,3490.2784189998783,INFO,adaptador.request,true,exitoso,,,10490.377420954,10486.887142535,,,2026-09-05T00:23:13.581377Z
5011429d-d264-4219-a2aa-c960c47fe1e3,run1_rep3,G,CLOSED,CLOSED,request,PROVIDER,N/A,,3578.730875999099,INFO,adaptador.request,true,exitoso,,,10490.48047112,10486.901740244,,,2026-09-05T00:23:13.684422Z
471bf036-df9d-4abe-9a59-a146be73812a,run1_rep3,G,CLOSED,CLOSED,request,PROVIDER,N/A,,3644.4351680002,INFO,adaptador.request,true,exitoso,,,10490.560728745,10486.916293577,,,2026-09-05T00:23:13.764728Z
1e838d43-e61b-4c83-9b30-d5005c797ee4,run1_rep3,G,CLOSED,CLOSED,request,PROVIDER,N/A,,3681.4794599995366,INFO,adaptador.request,true,exitoso,,,10490.619781704,10486.938302244,,,2026-09-05T00:23:13.823789Z
4e0668c5-ce57-4079-97b1-15f9e29b08b2,run1_rep3,G,CLOSED,CLOSED,request,PROVIDER,N/A,,3670.7469600005425,INFO,adaptador.request,true,exitoso,,,10490.702954787,10487.032207827,,,2026-09-05T00:23:13.906918Z
0cb1a6cc-2fae-4176-9009-d5ec6da23583,run1_rep3,G,CLOSED,CLOSED,request,PROVIDER,N/A,,3615.303752001637,INFO,adaptador.request,true,exitoso,,,10490.802912704,10487.187608952,,,2026-09-05T00:23:14.006871Z
b9b75c4f-f72e-413b-b880-c9a771f9ecc8,run1_rep3,G,CLOSED,CLOSED,request,PROVIDER,N/A,,3652.829210001073,INFO,adaptador.request,true,exitoso,,,10490.885975495,10487.233146285,,,2026-09-05T00:23:14.089936Z
ffbd9130-1b4a-400b-84ac-3d982041969f,run1_rep3,G,CLOSED,CLOSED,request,PROVIDER,N/A,,3626.38225199953,INFO,adaptador.request,true,exitoso,,,10490.941509454,10487.315127202,,,2026-09-05T00:23:14.145462Z
e250272b-e00f-46b7-80a3-987e911dc707,run1_rep3,G,CLOSED,CLOSED,request,PROVIDER,N/A,,3551.9764599994232,INFO,adaptador.request,true,exitoso,,,10491.005540454,10487.453563994,,,2026-09-05T00:23:14.209481Z
add16a68-392d-4847-b9cb-ab21cdc0ee7c,run1_rep3,G,CLOSED,CLOSED,request,PROVIDER,N/A,,3519.759876000535,INFO,adaptador.request,true,exitoso,,,10491.065616537,10487.545856661,,,2026-09-05T00:23:14.269564Z
960d8314-ea0d-4cc3-b626-0204572f25dc,run1_rep3,G,CLOSED,CLOSED,request,PROVIDER,N/A,,3572.8779599994596,INFO,adaptador.request,true,exitoso,,,10491.168035329,10487.595157369,,,2026-09-05T00:23:14.371992Z
dd4cab49-c20c-444f-a8a0-78ee3e6f69dc,run1_rep3,G,CLOSED,CLOSED,request,PROVIDER,N/A,,3591.9261269991694,INFO,adaptador.request,true,exitoso,,,10491.239208079,10487.647281952,,,2026-09-05T00:23:14.443149Z
6331bccc-a5cf-46da-8c0e-87abae31f74b,run1_rep3,G,CLOSED,CLOSED,request,PROVIDER,N/A,,3518.707960000029,INFO,adaptador.request,true,exitoso,,,10491.301693829,10487.782985869,,,2026-09-05T00:23:14.505653Z
1be8c1e5-d84e-4828-8291-676ebef9fa84,run1_rep3,G,CLOSED,CLOSED,request,PROVIDER,N/A,,3596.8905429999722,INFO,adaptador.request,true,exitoso,,,10491.403729787,10487.806839244,,,2026-09-05T00:23:14.607694Z
a9b5dd8c-e37b-4488-bb75-cf89419d5cf2,run1_rep3,G,CLOSED,CLOSED,request,PROVIDER,N/A,,3673.107794000316,INFO,adaptador.request,true,exitoso,,,10491.481371121,10487.808263327,,,2026-09-05T00:23:14.685311Z
638f382e-151a-4afa-9145-34a59e007f0e,run1_rep3,G,CLOSED,CLOSED,request,PROVIDER,N/A,,3609.9709189984424,INFO,adaptador.request,true,exitoso,,,10491.550308621,10487.940337702,,,2026-09-05T00:23:14.754283Z
05d1d828-aaef-4708-b656-0c1b4c5e184f,run1_rep3,G,CLOSED,CLOSED,request,PROVIDER,N/A,,3703.2292109997798,INFO,adaptador.request,true,exitoso,,,10491.655487663,10487.952258452,,,2026-09-05T00:23:14.859429Z
796c9827-da1d-4920-bab5-c784c5c260e7,run1_rep3,G,CLOSED,CLOSED,request,PROVIDER,N/A,,3755.57529300022,INFO,adaptador.request,true,exitoso,,,10491.732050454,10487.976475161,,,2026-09-05T00:23:14.935987Z
71aa24d1-a0a3-434e-ad3d-4cb9081b48d4,run1_rep3,G,CLOSED,CLOSED,request,PROVIDER,N/A,,3862.545918000251,INFO,adaptador.request,true,exitoso,,,10491.839439204,10487.976893286,,,2026-09-05T00:23:15.043371Z
19ea2b0e-6599-416f-8655-f0c5d059bd11,run1_rep3,G,CLOSED,CLOSED,request,PROVIDER,N/A,,3723.103627000455,INFO,adaptador.request,true,exitoso,,,10491.915486496,10488.192382869,,,2026-09-05T00:23:15.119452Z
e9cae8fa-f340-44f5-a14a-334552a49459,run1_rep3,G,CLOSED,CLOSED,request,PROVIDER,N/A,,3766.4652519997617,INFO,adaptador.request,true,exitoso,,,10491.981819871,10488.215354619,,,2026-09-05T00:23:15.185770Z
6fbf3f36-d9d3-438e-823b-9e7eca844b32,run1_rep3,G,CLOSED,CLOSED,request,PROVIDER,N/A,,3610.201251000035,INFO,adaptador.request,true,exitoso,,,10492.065344954,10488.455143703,,,2026-09-05T00:23:15.269262Z
def72347-ca30-428a-886a-8a1e7ba541ea,run1_rep3,G,CLOSED,CLOSED,request,PROVIDER,N/A,,3658.350543000779,INFO,adaptador.request,true,exitoso,,,10492.132313704,10488.473963161,,,2026-09-05T00:23:15.336210Z
0cdd996c-a4de-4da6-b2a7-47e2478d0eda,run1_rep3,G,CLOSED,CLOSED,request,PROVIDER,N/A,,3630.6278350002685,INFO,adaptador.request,true,exitoso,,,10492.229134538,10488.598506703,,,2026-09-05T00:23:15.433045Z
5ecac43f-ae1d-464c-9e72-8e66bb9b9afc,run1_rep3,G,CLOSED,CLOSED,request,PROVIDER,N/A,,3626.077417999113,INFO,adaptador.request,true,exitoso,,,10492.290798621,10488.664721203,,,2026-09-05T00:23:15.494729Z
7a6ee6b4-d840-48f5-b814-10677a390663,run1_rep3,G,CLOSED,CLOSED,request,PROVIDER,N/A,,3691.891252001369,INFO,adaptador.request,true,exitoso,,,10492.357085871,10488.665194619,,,2026-09-05T00:23:15.561070Z
3a639c13-e6c9-4c1f-86c2-c8f5a53848e2,run1_rep3,G,CLOSED,CLOSED,request,PROVIDER,N/A,,3731.121209999401,INFO,adaptador.request,true,exitoso,,,10492.457384746,10488.726263536,,,2026-09-05T00:23:15.661332Z
ce69a9d0-4646-484f-b658-9a6213eb4b2d,run1_rep3,G,CLOSED,CLOSED,request,PROVIDER,N/A,,3706.5693770000507,INFO,adaptador.request,true,exitoso,,,10492.531863538,10488.825294161,,,2026-09-05T00:23:15.735898Z
b8fb8ee2-8cea-4c52-84a7-47e172ce650b,run1_rep3,G,CLOSED,CLOSED,request,PROVIDER,N/A,,3711.7402519997995,INFO,adaptador.request,true,exitoso,,,10492.639114205,10488.927373953,,,2026-09-05T00:23:15.843086Z
8cea5d47-6c0c-4e93-b43b-0ebc5b019a4e,run1_rep3,G,CLOSED,CLOSED,request,PROVIDER,N/A,,3632.009626000581,INFO,adaptador.request,true,exitoso,,,10492.695937621,10489.063927995,,,2026-09-05T00:23:15.899891Z
b7d9dbdb-564f-4e59-bdf4-d1cf701ff592,run1_rep3,G,CLOSED,CLOSED,request,PROVIDER,N/A,,3707.0486259999598,INFO,adaptador.request,true,exitoso,,,10492.789905371,10489.082856745,,,2026-09-05T00:23:15.993883Z
c2d34da4-fbf6-4a8a-9341-32133905919e,run1_rep3,G,CLOSED,CLOSED,request,PROVIDER,N/A,,3702.4482510005328,INFO,adaptador.request,true,exitoso,,,10492.846624996,10489.144176745,,,2026-09-05T00:23:16.050547Z
e93e421d-5d07-49d9-a514-cd7e6c2b79db,run1_rep3,G,CLOSED,CLOSED,request,PROVIDER,N/A,,3727.883376999671,INFO,adaptador.request,true,exitoso,,,10492.935448705,10489.207565328,,,2026-09-05T00:23:16.139418Z
dbff3643-7ee7-441e-8682-55b85487de40,run1_rep3,G,CLOSED,CLOSED,request,PROVIDER,N/A,,3661.8297940003686,INFO,adaptador.request,true,exitoso,,,10493.000205705,10489.338375911,,,2026-09-05T00:23:16.204148Z
13d467ed-50d3-4e75-88c1-ca4d6e44521b,run1_rep3,G,CLOSED,CLOSED,request,PROVIDER,N/A,,3721.9477520011424,INFO,adaptador.request,true,exitoso,,,10493.088935038,10489.366987286,,,2026-09-05T00:23:16.292949Z
43dac5f4-1a14-4606-89bd-067c32d0245f,run1_rep3,G,CLOSED,CLOSED,request,PROVIDER,N/A,,3695.2143349990365,INFO,adaptador.request,true,exitoso,,,10493.192796913,10489.497582578,,,2026-09-05T00:23:16.396762Z
198d038e-5352-48f6-9b61-52e2bd5d7ba1,run1_rep3,G,CLOSED,CLOSED,request,PROVIDER,N/A,,3740.368168999339,INFO,adaptador.request,true,exitoso,,,10493.303348497,10489.562980328,,,2026-09-05T00:23:16.507301Z
5d23bea0-ecdf-4741-9e64-523c4eaf0f52,run1_rep3,G,CLOSED,CLOSED,request,PROVIDER,N/A,,3792.479084999286,INFO,adaptador.request,true,exitoso,,,10493.37774258,10489.585263495,,,2026-09-05T00:23:16.581683Z
d45b84c8-3468-4e77-a4ea-1eae99afe494,run1_rep3,G,CLOSED,CLOSED,request,PROVIDER,N/A,,3818.0652510000073,INFO,adaptador.request,true,exitoso,,,10493.469019538,10489.650954287,,,2026-09-05T00:23:16.672961Z
38aed779-d3ea-42b8-ad4b-755dcf54bb87,run1_rep3,G,CLOSED,CLOSED,request,PROVIDER,N/A,,3692.360250999627,INFO,adaptador.request,true,exitoso,,,10493.539503413,10489.847143162,,,2026-09-05T00:23:16.743427Z
aef7af14-909c-4a19-8bdf-c5fd53c85dd1,run1_rep3,G,CLOSED,CLOSED,request,PROVIDER,N/A,,3633.994500998597,INFO,adaptador.request,true,exitoso,,,10493.630664788,10489.996670287,,,2026-09-05T00:23:16.834621Z
95dcb4bb-8837-4d4e-a203-bcb1c5eeab08,run1_rep3,G,CLOSED,CLOSED,request,PROVIDER,N/A,,3666.1635850014136,INFO,adaptador.request,true,exitoso,,,10493.72276258,10490.056598995,,,2026-09-05T00:23:16.926734Z
2d4285df-f154-4712-a749-23ac78fb96af,run1_rep3,G,CLOSED,CLOSED,request,PROVIDER,N/A,,3731.2168770004064,INFO,adaptador.request,true,exitoso,,,10493.809101039,10490.077884162,,,2026-09-05T00:23:17.013097Z
3e6b8817-d00f-4ff6-9400-f8f3c77e08f5,run1_rep3,G,CLOSED,CLOSED,request,PROVIDER,N/A,,3696.0467519984377,INFO,adaptador.request,true,exitoso,,,10493.869296705,10490.173249953,,,2026-09-05T00:23:17.073241Z
57e1456a-4186-413a-8a3a-307e8eb18baa,run1_rep3,G,CLOSED,CLOSED,request,PROVIDER,N/A,,3791.3269179989584,INFO,adaptador.request,true,exitoso,,,10493.964934205,10490.173607287,,,2026-09-05T00:23:17.168873Z
eef0221d-dc31-4840-9891-327623c6d3eb,run1_rep3,G,CLOSED,CLOSED,request,PROVIDER,N/A,,3872.1450430002733,INFO,adaptador.request,true,exitoso,,,10494.06030683,10490.188161787,,,2026-09-05T00:23:17.264231Z
3d82e5bf-28f3-4cd4-913b-07de99ad470e,run1_rep3,G,CLOSED,CLOSED,request,PROVIDER,N/A,,3706.695625998691,INFO,adaptador.request,true,exitoso,,,10494.139989455,10490.433293829,,,2026-09-05T00:23:17.343951Z
c5270621-b350-4d93-b505-554cf6095016,run1_rep3,G,CLOSED,CLOSED,request,PROVIDER,N/A,,3555.6150440006604,INFO,adaptador.request,true,exitoso,,,10494.203573414,10490.64795837,,,2026-09-05T00:23:17.407512Z
6ad66f3a-434a-45d7-9c08-2abce5bc8e2e,run1_rep3,G,CLOSED,CLOSED,request,PROVIDER,N/A,,3616.948043998491,INFO,adaptador.request,true,exitoso,,,10494.296265664,10490.67931762,,,2026-09-05T00:23:17.500256Z
500c8c80-3db0-46ef-b01a-35957751257a,run1_rep3,G,CLOSED,CLOSED,request,PROVIDER,N/A,,3688.2070020001265,INFO,adaptador.request,true,exitoso,,,10494.367913539,10490.679706537,,,2026-09-05T00:23:17.571851Z
64c886cf-969a-418a-9567-31697a2d0d90,run1_rep3,G,CLOSED,CLOSED,request,PROVIDER,N/A,,3689.1296690009767,INFO,adaptador.request,true,exitoso,,,10494.473223581,10490.784093912,,,2026-09-05T00:23:17.677357Z
be7cb31c-607f-45b9-bcb5-41c8ccb1632a,run1_rep3,G,CLOSED,CLOSED,request,PROVIDER,N/A,,3685.598502001085,INFO,adaptador.request,true,exitoso,,,10494.542156956,10490.856558454,,,2026-09-05T00:23:17.746125Z
841656da-82c8-476c-a50c-3b0ced6cb009,run1_rep3,G,CLOSED,CLOSED,request,PROVIDER,N/A,,3642.6000020001084,INFO,adaptador.request,true,exitoso,,,10494.647545581,10491.004945579,,,2026-09-05T00:23:17.851523Z
ec23a83b-bf37-46b8-8e73-7136b81c0008,run1_rep3,G,CLOSED,CLOSED,request,PROVIDER,N/A,,3702.257668999664,INFO,adaptador.request,true,exitoso,,,10494.727298456,10491.025040787,,,2026-09-05T00:23:17.931234Z
b35ee52b-e65d-42bd-8bd8-470cbad20723,run1_rep3,G,CLOSED,CLOSED,request,PROVIDER,N/A,,3778.319419001491,INFO,adaptador.request,true,exitoso,,,10494.822822206,10491.044502787,,,2026-09-05T00:23:18.026799Z
75d8c7c6-1a52-465e-9d8c-292b76137890,run1_rep3,G,CLOSED,CLOSED,request,PROVIDER,N/A,,3746.5906260003976,INFO,adaptador.request,true,exitoso,,,10494.898324747,10491.151734121,,,2026-09-05T00:23:18.102341Z
a0504ac3-76ae-42be-8119-36e072b7ca3a,run1_rep3,G,CLOSED,CLOSED,request,PROVIDER,N/A,,3807.0515430008527,INFO,adaptador.request,true,exitoso,,,10494.982528872,10491.175477329,,,2026-09-05T00:23:18.186505Z
4f5151cb-27c8-4a5a-8592-555c89a5a387,run1_rep3,G,CLOSED,CLOSED,request,PROVIDER,N/A,,3758.410834998358,INFO,adaptador.request,true,exitoso,,,10495.056435497,10491.298024662,,,2026-09-05T00:23:18.260378Z
53c42238-9642-4a94-8b75-b523101ff955,run1_rep3,G,CLOSED,CLOSED,request,PROVIDER,N/A,,3613.8672519991815,INFO,adaptador.request,true,exitoso,,,10495.118581039,10491.504713787,,,2026-09-05T00:23:18.322531Z
e14d7a81-d3b4-4d74-9b93-16ad5bfa2aab,run1_rep3,G,CLOSED,CLOSED,request,PROVIDER,N/A,,3693.78804400003,INFO,adaptador.request,true,exitoso,,,10495.219304581,10491.525516537,,,2026-09-05T00:23:18.423268Z
a977c537-b944-4a02-abac-803ab950d0f4,run1_rep3,G,CLOSED,CLOSED,request,PROVIDER,N/A,,3725.5371270002797,INFO,adaptador.request,true,exitoso,,,10495.310819248,10491.585282121,,,2026-09-05T00:23:18.514772Z
711f28ef-75e1-4db3-aa34-9e16a2590031,run1_rep3,G,CLOSED,CLOSED,request,PROVIDER,N/A,,3824.3613359991286,INFO,adaptador.request,true,exitoso,,,10495.414405373,10491.590044037,,,2026-09-05T00:23:18.618355Z
678703b8-d07f-472b-9584-43cc02dc5bc3,run1_rep3,G,CLOSED,CLOSED,request,PROVIDER,N/A,,3883.188751999114,INFO,adaptador.request,true,exitoso,,,10495.499464998,10491.616276246,,,2026-09-05T00:23:18.703414Z
d012805b-8b38-4e8b-a490-0aa2dc25fdf3,run1_rep3,G,CLOSED,CLOSED,request,PROVIDER,N/A,,3913.816334999865,INFO,adaptador.request,true,exitoso,,,10495.607509498,10491.693693163,,,2026-09-05T00:23:18.811458Z
6f0c02be-0a23-4961-8bc1-ff7685d9d548,run1_rep3,G,CLOSED,CLOSED,request,PROVIDER,N/A,,3898.281584999495,INFO,adaptador.request,true,exitoso,,,10495.690100164,10491.791818579,,,2026-09-05T00:23:18.894064Z
628f99b7-2ca8-41b9-b7df-46c617bb2b45,run1_rep3,G,CLOSED,CLOSED,request,PROVIDER,N/A,,3910.4257929993764,INFO,adaptador.request,true,exitoso,,,10495.777314956,10491.866889163,,,2026-09-05T00:23:18.981274Z
8e783e98-7427-4ce3-949d-4eefb65bf419,run1_rep3,G,CLOSED,CLOSED,request,PROVIDER,N/A,,3866.609417998916,INFO,adaptador.request,true,exitoso,,,10495.874635081,10492.008025663,,,2026-09-05T00:23:19.078610Z
ec13f9a4-c6d7-47dc-8225-28aa8ed76dab,run1_rep3,G,CLOSED,CLOSED,request,PROVIDER,N/A,,3905.912084999727,INFO,adaptador.request,true,exitoso,,,10495.956698331,10492.050786246,,,2026-09-05T00:23:19.160665Z
004cee57-c718-428f-9ffd-4abd529e0cb6,run1_rep3,G,CLOSED,CLOSED,request,PROVIDER,N/A,,3961.159834998398,INFO,adaptador.request,true,exitoso,,,10496.039896956,10492.078737121,,,2026-09-05T00:23:19.243862Z
910de6b3-e5e4-4ea0-bf2c-b951b495e1fa,run1_rep3,G,CLOSED,CLOSED,request,PROVIDER,N/A,,4046.047584999542,INFO,adaptador.request,true,exitoso,,,10496.143902623,10492.097855038,,,2026-09-05T00:23:19.347895Z
862c0ebf-2138-4c69-8c1c-e79ca295b75b,run1_rep3,G,CLOSED,CLOSED,request,PROVIDER,N/A,,3912.182876998486,INFO,adaptador.request,true,exitoso,,,10496.231387748,10492.319204871,,,2026-09-05T00:23:19.435325Z
85a28b73-351e-4068-8b3a-3dae8e52ca79,run1_rep3,G,CLOSED,CLOSED,request,PROVIDER,N/A,,3946.2706679987605,INFO,adaptador.request,true,exitoso,,,10496.304401331,10492.358130663,,,2026-09-05T00:23:19.508333Z
09d630cb-ec0c-46ef-bdda-30fa3587a02d,run1_rep3,G,CLOSED,CLOSED,request,PROVIDER,N/A,,4010.3373769998143,INFO,adaptador.request,true,exitoso,,,10496.40263154,10492.392294163,,,2026-09-05T00:23:19.606600Z
4bc76427-5fce-41be-99a6-b6afe8e7f84a,run1_rep3,G,CLOSED,CLOSED,request,PROVIDER,N/A,,4073.590169000454,INFO,adaptador.request,true,exitoso,,,10496.485962915,10492.412372746,,,2026-09-05T00:23:19.689926Z
a01b5cb1-37b5-47b4-bc5c-3ad848655393,run1_rep3,G,CLOSED,CLOSED,request,PROVIDER,N/A,,4083.3905849995062,INFO,adaptador.request,true,exitoso,,,10496.591943373,10492.508552788,,,2026-09-05T00:23:19.795921Z
56fa47a9-ca77-4d22-8cf1-cd57eaceec79,run1_rep3,G,CLOSED,CLOSED,request,PROVIDER,N/A,,3992.7882100000716,INFO,adaptador.request,true,exitoso,,,10496.673162915,10492.680374705,,,2026-09-05T00:23:19.877110Z
7f4e1aa7-6218-494e-85dd-8ea1fda24c62,run1_rep3,G,CLOSED,CLOSED,request,PROVIDER,N/A,,4002.5906689988915,INFO,adaptador.request,true,exitoso,,,10496.735447415,10492.732856746,,,2026-09-05T00:23:19.939431Z
ba95c758-ed03-43f5-afbe-988dbb316c35,run1_rep3,G,CLOSED,CLOSED,request,PROVIDER,N/A,,3927.8682520016446,INFO,adaptador.request,true,exitoso,,,10496.803161457,10492.875293205,,,2026-09-05T00:23:20.007135Z
096a6603-c917-415e-99b4-00314668eff4,run1_rep3,G,CLOSED,CLOSED,request,PROVIDER,N/A,,3972.5029609999183,INFO,adaptador.request,true,exitoso,,,10496.894570207,10492.922067246,,,2026-09-05T00:23:20.098534Z
d24b83ec-3318-43c4-a9fd-c06538808ea9,run1_rep3,G,CLOSED,CLOSED,request,PROVIDER,N/A,,3987.8660430003947,INFO,adaptador.request,true,exitoso,,,10496.987592748,10492.999726705,,,2026-09-05T00:23:20.191556Z
aafa079c-9dd1-4e46-80a4-ba776f1c598b,run1_rep3,G,CLOSED,CLOSED,request,PROVIDER,N/A,,4039.6732930003054,INFO,adaptador.request,true,exitoso,,,10497.09427304,10493.054599747,,,2026-09-05T00:23:20.298209Z
fbe978ae-6f27-40f5-b16d-6ccc7ef6b606,run1_rep3,G,CLOSED,CLOSED,request,PROVIDER,N/A,,4101.866335000523,INFO,adaptador.request,true,exitoso,,,10497.194199665,10493.09233333,,,2026-09-05T00:23:20.398158Z
708ac350-2fbb-41c9-9688-30f95ca244fc,run1_rep3,G,CLOSED,CLOSED,request,PROVIDER,N/A,,4057.162917999449,INFO,adaptador.request,true,exitoso,,,10497.27121929,10493.214056372,,,2026-09-05T00:23:20.475160Z
cd3101a0-6850-4011-bb2e-78cc7dd92a84,run1_rep3,G,CLOSED,CLOSED,request,PROVIDER,N/A,,3976.3796269999148,INFO,adaptador.request,true,exitoso,,,10497.348224915,10493.371845288,,,2026-09-05T00:23:20.552178Z
df485266-9fb1-4964-b618-31e697fd2a15,run1_rep3,G,CLOSED,CLOSED,request,PROVIDER,N/A,,4061.369585000648,INFO,adaptador.request,true,exitoso,,,10497.452721165,10493.39135158,,,2026-09-05T00:23:20.656677Z
8425d9b1-ae19-402f-a0e6-e1bef557c869,run1_rep3,G,CLOSED,CLOSED,request,PROVIDER,N/A,,4100.003960000322,INFO,adaptador.request,true,exitoso,,,10497.515665457,10493.415661497,,,2026-09-05T00:23:20.719615Z
6d1deb69-757d-49d5-9391-4a8e881020c5,run1_rep3,G,CLOSED,CLOSED,request,PROVIDER,N/A,,3995.9561270006816,INFO,adaptador.request,true,exitoso,,,10497.617171124,10493.621214997,,,2026-09-05T00:23:20.821123Z
be1161dd-4b1a-47cc-ab33-849f323a7fa0,run1_rep3,G,CLOSED,CLOSED,request,PROVIDER,N/A,,4052.0202099996823,INFO,adaptador.request,true,exitoso,,,10497.68679529,10493.63477508,,,2026-09-05T00:23:20.890725Z
b8c0fa49-3444-4ba4-8971-917e618129f5,run1_rep3,G,CLOSED,CLOSED,request,PROVIDER,N/A,,4028.6768349997146,INFO,adaptador.request,true,exitoso,,,10497.791929374,10493.763252539,,,2026-09-05T00:23:20.995892Z
e6201f01-acd8-4f0e-88a7-4f7ba3cd6940,run1_rep3,G,CLOSED,CLOSED,request,PROVIDER,N/A,,4007.5900020001427,INFO,adaptador.request,true,exitoso,,,10497.870571124,10493.862981122,,,2026-09-05T00:23:21.074517Z
d824f939-511e-4124-b47b-71c921976a84,run1_rep3,G,CLOSED,CLOSED,request,PROVIDER,N/A,,4008.4992940010125,INFO,adaptador.request,true,exitoso,,,10497.965713374,10493.95721408,,,2026-09-05T00:23:21.169690Z
606110f6-d00f-4e92-a7ac-a8ac49286522,run1_rep3,G,CLOSED,CLOSED,request,PROVIDER,N/A,,4086.337294000259,INFO,adaptador.request,true,exitoso,,,10498.043899541,10493.957562247,,,2026-09-05T00:23:21.247870Z
7b9f85cb-60f9-44f8-b368-2e60b1c50c3d,run1_rep3,G,CLOSED,CLOSED,request,PROVIDER,N/A,,3914.652544001001,INFO,adaptador.request,true,exitoso,,,10498.143822624,10494.22917008,,,2026-09-05T00:23:21.347750Z
29caeaa9-16e4-4ee7-9dd7-0edc0ac084e1,run1_rep3,G,CLOSED,CLOSED,request,PROVIDER,N/A,,4010.180836001382,INFO,adaptador.request,true,exitoso,,,10498.243431291,10494.233250455,,,2026-09-05T00:23:21.447396Z
b7de0c29-d7a2-4dbd-b2ab-43131cae1302,run1_rep3,G,CLOSED,CLOSED,request,PROVIDER,N/A,,4106.780627000262,INFO,adaptador.request,true,exitoso,,,10498.340431416,10494.233650789,,,2026-09-05T00:23:21.544371Z
469993aa-2446-4ac9-bd8d-8626d80e38ad,run1_rep3,G,CLOSED,CLOSED,request,PROVIDER,N/A,,4093.128460001026,INFO,adaptador.request,true,exitoso,,,10498.432053999,10494.338925539,,,2026-09-05T00:23:21.635992Z
e4972da1-cc44-4964-9fe7-dd662b509f42,run1_rep3,G,CLOSED,CLOSED,request,PROVIDER,N/A,,4150.912376999258,INFO,adaptador.request,true,exitoso,,,10498.490301541,10494.339389164,,,2026-09-05T00:23:21.694268Z
083549fe-a28a-4eec-bfe6-9c8da7caad36,run1_rep3,G,CLOSED,CLOSED,request,PROVIDER,N/A,,3928.149793000557,INFO,adaptador.request,true,exitoso,,,10498.564882707,10494.636732914,,,2026-09-05T00:23:21.768848Z
9d59398b-8073-4709-8e53-a11600b9494e,run1_rep3,G,CLOSED,CLOSED,request,PROVIDER,N/A,,3913.7676680002187,INFO,adaptador.request,true,exitoso,,,10498.618364624,10494.704596956,,,2026-09-05T00:23:21.822282Z
b6f6b8ac-6a0f-4535-bd82-f688740826c7,run1_rep3,G,CLOSED,CLOSED,request,PROVIDER,N/A,,3953.5225859999628,INFO,adaptador.request,true,exitoso,,,10498.687800833,10494.734278247,,,2026-09-05T00:23:21.891753Z
50080c66-2e18-4040-b500-9bcc50f6f171,run1_rep3,G,CLOSED,CLOSED,request,PROVIDER,N/A,,3977.2025019992725,INFO,adaptador.request,true,exitoso,,,10498.782780458,10494.805577956,,,2026-09-05T00:23:21.986735Z
451c8671-4c3d-4aac-b4d7-761605b80e87,run1_rep3,G,CLOSED,CLOSED,request,PROVIDER,N/A,,3860.8077520002553,INFO,adaptador.request,true,exitoso,,,10498.848545958,10494.987738206,,,2026-09-05T00:23:22.052494Z
19cd3956-0d2f-4650-a522-4064bf9a8286,run1_rep3,G,CLOSED,CLOSED,request,PROVIDER,N/A,,3937.9246690004948,INFO,adaptador.request,true,exitoso,,,10498.941630333,10495.003705664,,,2026-09-05T00:23:22.145614Z
5af84392-d9be-4d4e-85ec-b34f927c913a,run1_rep3,G,CLOSED,CLOSED,request,PROVIDER,N/A,,3991.7884189999313,INFO,adaptador.request,true,exitoso,,,10499.021999291,10495.030210872,,,2026-09-05T00:23:22.225965Z
92e1a386-a8b6-4186-962c-6c59e70e0f55,run1_rep3,G,CLOSED,CLOSED,request,PROVIDER,N/A,,3949.669001000075,INFO,adaptador.request,true,exitoso,,,10499.112666624,10495.162997623,,,2026-09-05T00:23:22.316620Z
796f54f5-284a-409c-a046-f973ab26336f,run1_rep3,G,CLOSED,CLOSED,request,PROVIDER,N/A,,3953.7012519995187,INFO,adaptador.request,true,exitoso,,,10499.215088166,10495.261386914,,,2026-09-05T00:23:22.419039Z
96b31a7b-a03f-4da0-ad14-5f772ff10fef,run1_rep3,G,CLOSED,CLOSED,request,PROVIDER,N/A,,4014.8879600001237,INFO,adaptador.request,true,exitoso,,,10499.298691999,10495.283804039,,,2026-09-05T00:23:22.502630Z
92023cfa-0110-4649-9cc8-9235ba8e6fe3,run1_rep3,G,CLOSED,CLOSED,request,PROVIDER,N/A,,4075.472668999282,INFO,adaptador.request,true,exitoso,,,10499.388426,10495.312953331,,,2026-09-05T00:23:22.592413Z
04b2ce8e-76dd-4014-b678-6937bc9270d8,run1_rep3,G,CLOSED,CLOSED,request,PROVIDER,N/A,,4157.909043999098,INFO,adaptador.request,true,exitoso,,,10499.477621625,10495.319712581,,,2026-09-05T00:23:22.681618Z
201c7746-5bff-43d4-87e6-3387cf4c4eb8,run1_rep3,G,CLOSED,CLOSED,request,PROVIDER,N/A,,4059.566960000666,INFO,adaptador.request,true,exitoso,,,10499.576918291,10495.517351331,,,2026-09-05T00:23:22.780887Z
d83a69ff-be6f-41fe-97e0-3c44b5889c19,run1_rep3,G,CLOSED,CLOSED,request,PROVIDER,N/A,,3986.982877000628,INFO,adaptador.request,true,exitoso,,,10499.645607,10495.658624123,,,2026-09-05T00:23:22.849538Z
f09a2d89-4ef1-41a8-a68b-417a4d55ce7f,run1_rep3,G,CLOSED,CLOSED,request,PROVIDER,N/A,,3996.935584998937,INFO,adaptador.request,true,exitoso,,,10499.747844291,10495.750908706,,,2026-09-05T00:23:22.951779Z
ea5b4c02-f015-4306-88a7-63b24f2d38de,run1_rep3,G,CLOSED,CLOSED,request,PROVIDER,N/A,,3941.794585000025,INFO,adaptador.request,true,exitoso,,,10499.818628958,10495.876834373,,,2026-09-05T00:23:23.022584Z
d82cf477-3e3a-4f29-9909-dc06346b023f,run1_rep3,G,CLOSED,CLOSED,request,PROVIDER,N/A,,4001.2545849986054,INFO,adaptador.request,true,exitoso,,,10499.881224083,10495.879969498,,,2026-09-05T00:23:23.085171Z
1facad63-1453-4c70-b5b0-73be225ca9f9,run1_rep3,G,CLOSED,CLOSED,request,PROVIDER,N/A,,4007.012168000074,INFO,adaptador.request,true,exitoso,,,10499.940132833,10495.933120665,,,2026-09-05T00:23:23.144101Z
b25cb206-2a64-45a4-ba97-e4c7baf03149,run1_rep3,G,CLOSED,CLOSED,request,PROVIDER,N/A,,4021.516167998925,INFO,adaptador.request,true,exitoso,,,10500.011363458,10495.98984729,,,2026-09-05T00:23:23.215271Z
ce2babea-2f0e-42a4-8384-407216decf5d,run1_rep3,G,CLOSED,CLOSED,request,PROVIDER,N/A,,3945.050418999017,INFO,adaptador.request,true,exitoso,,,10500.094631875,10496.149581456,,,2026-09-05T00:23:23.298548Z
7c941c88-0895-4334-9022-5001411bc9a2,run1_rep3,G,CLOSED,CLOSED,request,PROVIDER,N/A,,3956.957668000541,INFO,adaptador.request,true,exitoso,,,10500.156799083,10496.199841415,,,2026-09-05T00:23:23.360709Z
b34d6b85-29a1-4768-8760-a58451ed92d5,run1_rep3,G,CLOSED,CLOSED,request,PROVIDER,N/A,,3920.55720999997,INFO,adaptador.request,true,exitoso,,,10500.222379958,10496.301822748,,,2026-09-05T00:23:23.426390Z
bdf0cc20-18d0-471d-a317-31bd64538e5a,run1_rep3,G,CLOSED,CLOSED,request,PROVIDER,N/A,,3954.5792099997925,INFO,adaptador.request,true,exitoso,,,10500.319403958,10496.364824748,,,2026-09-05T00:23:23.523356Z
1fa89d61-002f-4036-a92c-af614aa1ffe4,run1_rep3,G,CLOSED,CLOSED,request,PROVIDER,N/A,,3970.114335999824,INFO,adaptador.request,true,exitoso,,,10500.383622292,10496.413507956,,,2026-09-05T00:23:23.587661Z
559784ba-2277-4108-8299-abf88dfcd265,run1_rep3,G,CLOSED,CLOSED,request,PROVIDER,N/A,,4021.990461000314,INFO,adaptador.request,true,exitoso,,,10500.447759792,10496.425769331,,,2026-09-05T00:23:23.651703Z
39ccffe7-2511-4f74-b1ad-202e2fc5824d,run1_rep3,G,CLOSED,CLOSED,request,PROVIDER,N/A,,3942.5867930003733,INFO,adaptador.request,true,exitoso,,,10500.546613,10496.604026207,,,2026-09-05T00:23:23.750548Z
1e851200-dfa1-44e8-b997-0eccb2e33ebf,run1_rep3,G,CLOSED,CLOSED,request,PROVIDER,N/A,,3886.6907520005043,INFO,adaptador.request,true,exitoso,,,10500.624992542,10496.73830179,,,2026-09-05T00:23:23.828949Z
533c1f64-c120-4e28-9b67-81552eb9172a,run1_rep3,G,CLOSED,CLOSED,request,PROVIDER,N/A,,3922.132084999248,INFO,adaptador.request,true,exitoso,,,10500.714782,10496.792649915,,,2026-09-05T00:23:23.918722Z
fd662cf9-85e1-45a7-b77d-855368bd59df,run1_rep3,G,CLOSED,CLOSED,request,PROVIDER,N/A,,3822.1580019999237,INFO,adaptador.request,true,exitoso,,,10500.812534125,10496.990376123,,,2026-09-05T00:23:24.016508Z
e1e31e33-7934-41e0-af7d-a88bd676ffb9,run1_rep3,G,CLOSED,CLOSED,request,PROVIDER,N/A,,3839.1582519998337,INFO,adaptador.request,true,exitoso,,,10500.890803875,10497.051645623,,,2026-09-05T00:23:24.094772Z
559b9beb-993f-4028-a5d8-4274d4391b35,run1_rep3,G,CLOSED,CLOSED,request,PROVIDER,N/A,,3821.92812699941,INFO,adaptador.request,true,exitoso,,,10500.992542459,10497.170614332,,,2026-09-05T00:23:24.196485Z
a4c96a1c-16c4-475a-9c32-e32116fbc5aa,run1_rep3,G,CLOSED,CLOSED,request,PROVIDER,N/A,,3781.850167999437,INFO,adaptador.request,true,exitoso,,,10501.087364792,10497.305514624,,,2026-09-05T00:23:24.291316Z
c240e013-9f1d-424b-860d-4eda9cb7c21c,run1_rep3,G,CLOSED,CLOSED,request,PROVIDER,N/A,,3836.506126999666,INFO,adaptador.request,true,exitoso,,,10501.187629334,10497.351123207,,,2026-09-05T00:23:24.391561Z
3708aff5-bf31-40ff-afcc-ed5bbd7fd6f2,run1_rep3,G,CLOSED,CLOSED,request,PROVIDER,N/A,,3919.0676260004693,INFO,adaptador.request,true,exitoso,,,10501.27131575,10497.352248124,,,2026-09-05T00:23:24.475270Z
778ebf54-1f5d-4027-aecf-1caa732cf19f,run1_rep3,G,CLOSED,CLOSED,request,PROVIDER,N/A,,3987.365000999489,INFO,adaptador.request,true,exitoso,,,10501.33998225,10497.352617249,,,2026-09-05T00:23:24.543963Z
c5a8ad7c-2677-4cb5-b4db-ffddf37f7dc9,run1_rep3,G,CLOSED,CLOSED,request,PROVIDER,N/A,,3942.2880849997455,INFO,adaptador.request,true,exitoso,,,10501.415479334,10497.473191249,,,2026-09-05T00:23:24.619442Z
132f8712-2ae3-4a82-bdbd-e63b74e12996,run1_rep3,G,CLOSED,CLOSED,request,PROVIDER,N/A,,3641.9298769997113,INFO,adaptador.request,true,exitoso,,,10501.477432126,10497.835502249,,,2026-09-05T00:23:24.681365Z
92274c85-3ecc-4fe4-82aa-4d645812a8be,run1_rep3,G,CLOSED,CLOSED,request,PROVIDER,N/A,,3623.115918999247,INFO,adaptador.request,true,exitoso,,,10501.542789001,10497.919673082,,,2026-09-05T00:23:24.746713Z
d9d7bb75-9902-4e6f-adfd-5b1e31b5ed23,run1_rep3,G,CLOSED,CLOSED,request,PROVIDER,N/A,,3703.106001999913,INFO,adaptador.request,true,exitoso,,,10501.646429709,10497.943323707,,,2026-09-05T00:23:24.850358Z
2dbd3ee2-32f0-4797-a026-a0875cd2b408,run1_rep3,G,CLOSED,CLOSED,request,PROVIDER,N/A,,3740.015877001497,INFO,adaptador.request,true,exitoso,,,10501.730558626,10497.990542749,,,2026-09-05T00:23:24.934503Z
bf82a0ae-661c-4f97-94d0-7f55318ede23,run1_rep3,G,CLOSED,CLOSED,request,PROVIDER,N/A,,3785.10179299883,INFO,adaptador.request,true,exitoso,,,10501.833750667,10498.048648874,,,2026-09-05T00:23:25.037742Z
12f65f8b-8dcb-4b97-ac5d-da59ee14f22d,run1_rep3,G,CLOSED,CLOSED,request,PROVIDER,N/A,,3826.949960001002,INFO,adaptador.request,true,exitoso,,,10501.932096209,10498.105146249,,,2026-09-05T00:23:25.136064Z
2c7d6d22-7c2c-419c-a2f6-7568eefe35ce,run1_rep3,G,CLOSED,CLOSED,request,PROVIDER,N/A,,3818.504459999531,INFO,adaptador.request,true,exitoso,,,10501.995302959,10498.176798499,,,2026-09-05T00:23:25.199240Z
f7573608-4e69-4c62-a9fb-e818de5a80c7,run1_rep3,G,CLOSED,CLOSED,request,PROVIDER,N/A,,3758.5242919994926,INFO,adaptador.request,true,exitoso,,,10502.072026208,10498.313501916,,,2026-09-05T00:23:25.276435Z
6719cb22-2df4-4b97-9538-595eb14c9c15,run1_rep3,G,CLOSED,CLOSED,request,PROVIDER,N/A,,3727.1913339991443,INFO,adaptador.request,true,exitoso,,,10502.156224833,10498.429033499,,,2026-09-05T00:23:25.360606Z
0ecb7172-6d34-4a6f-a83f-3353abaeaad9,run1_rep3,G,CLOSED,CLOSED,request,PROVIDER,N/A,,3826.9904179996956,INFO,adaptador.request,true,exitoso,,,10502.256424125,10498.429433707,,,2026-09-05T00:23:25.460831Z
df284f5b-250c-4441-9c58-73f632862b6e,run1_rep3,G,CLOSED,CLOSED,request,PROVIDER,N/A,,3772.4443759998394,INFO,adaptador.request,true,exitoso,,,10502.319703042,10498.547258666,,,2026-09-05T00:23:25.524147Z
5be913a3-daf2-4a25-b09e-8e05e8e0effd,run1_rep3,G,CLOSED,CLOSED,request,PROVIDER,N/A,,3806.0718340002495,INFO,adaptador.request,true,exitoso,,,10502.422739333,10498.616667499,,,2026-09-05T00:23:25.627202Z
a1f0a701-3f98-4fec-bc98-68d70e42e8d8,run1_rep3,G,CLOSED,CLOSED,request,PROVIDER,N/A,,3836.489374998564,INFO,adaptador.request,true,exitoso,,,10502.486641958,10498.650152583,,,2026-09-05T00:23:25.691070Z
134a3e0d-64c9-4f2c-9656-37afc7d60d38,run1_rep3,G,CLOSED,CLOSED,request,PROVIDER,N/A,,3824.432084000364,INFO,adaptador.request,true,exitoso,,,10502.544702625,10498.720270541,,,2026-09-05T00:23:25.749138Z
be8d6421-c682-4701-b100-09340384493c,run1_rep3,G,CLOSED,CLOSED,request,PROVIDER,N/A,,3804.4582920010726,INFO,adaptador.request,true,exitoso,,,10502.625926208,10498.821467916,,,2026-09-05T00:23:25.830392Z
26d89b3d-d359-4005-aa99-5cf028f43a54,run1_rep3,G,CLOSED,CLOSED,request,PROVIDER,N/A,,3766.19566699992,INFO,adaptador.request,true,exitoso,,,10502.734371083,10498.968175416,,,2026-09-05T00:23:25.938855Z
72b09d65-ca72-4eb8-bd1f-27176b533f40,run1_rep3,G,CLOSED,CLOSED,request,PROVIDER,N/A,,3780.2554169993527,INFO,adaptador.request,true,exitoso,,,10502.808881375,10499.028625958,,,2026-09-05T00:23:26.013356Z
3ca9bc75-882c-4b03-b101-7667234b5f11,run1_rep3,G,CLOSED,CLOSED,request,PROVIDER,N/A,,3811.0264179995283,INFO,adaptador.request,true,exitoso,,,10502.865882417,10499.054855999,,,2026-09-05T00:23:26.070307Z
f949505b-4fdf-4fbf-8be8-d80d25f1613b,run1_rep3,G,CLOSED,CLOSED,request,PROVIDER,N/A,,3861.0386259988445,INFO,adaptador.request,true,exitoso,,,10502.971851792,10499.110813166,,,2026-09-05T00:23:26.176302Z
e418da6a-b401-40ec-8eee-3e79afcf6f2f,run1_rep3,G,CLOSED,CLOSED,request,PROVIDER,N/A,,3789.5793759998924,INFO,adaptador.request,true,exitoso,,,10503.050925875,10499.261346499,,,2026-09-05T00:23:26.255375Z
dd855693-8d5d-482e-be29-bfbd084b84f7,run1_rep3,G,CLOSED,CLOSED,request,PROVIDER,N/A,,3662.2923340000852,INFO,adaptador.request,true,exitoso,,,10503.142027667,10499.479735333,,,2026-09-05T00:23:26.346475Z
9d70e379-d7b6-4442-930c-b6e4d8c9d011,run1_rep3,G,CLOSED,CLOSED,request,PROVIDER,N/A,,3725.504625999747,INFO,adaptador.request,true,exitoso,,,10503.223086667,10499.497582041,,,2026-09-05T00:23:26.427517Z
5c88add1-6d06-48ec-9f99-de57d6a7cc26,run1_rep3,G,CLOSED,CLOSED,request,PROVIDER,N/A,,3741.720833999352,INFO,adaptador.request,true,exitoso,,,10503.32404525,10499.582324416,,,2026-09-05T00:23:26.528559Z
30f60099-80ae-447e-b7b7-dbad2bccad21,run1_rep3,G,CLOSED,CLOSED,request,PROVIDER,N/A,,3755.1362920003157,INFO,adaptador.request,true,exitoso,,,10503.400171667,10499.645035375,,,2026-09-05T00:23:26.604610Z
15550e13-9423-48e1-bfdf-75bb0d309a3d,run1_rep3,G,CLOSED,CLOSED,request,PROVIDER,N/A,,3684.343042999899,INFO,adaptador.request,true,exitoso,,,10503.502759834,10499.818416791,,,2026-09-05T00:23:26.707204Z
76a85293-031b-4f79-ad93-f6619999b1b7,run1_rep3,G,CLOSED,CLOSED,request,PROVIDER,N/A,,3767.772541999875,INFO,adaptador.request,true,exitoso,,,10503.587070792,10499.81929825,,,2026-09-05T00:23:26.791515Z
580c07c9-aecb-47ae-a29d-0c7981e2e37b,run1_rep3,G,CLOSED,CLOSED,request,PROVIDER,N/A,,3793.599500999335,INFO,adaptador.request,true,exitoso,,,10503.675990917,10499.882391416,,,2026-09-05T00:23:26.880437Z
ccbaca83-9318-4c72-b0fd-f2a42a2c7153,run1_rep3,G,CLOSED,CLOSED,request,PROVIDER,N/A,,3891.729209000914,INFO,adaptador.request,true,exitoso,,,10503.774592042,10499.882862833,,,2026-09-05T00:23:26.979037Z
31bf0547-c48a-46e3-a904-37e07830371a,run1_rep3,G,CLOSED,CLOSED,request,PROVIDER,N/A,,3916.8933340006333,INFO,adaptador.request,true,exitoso,,,10503.829015084,10499.91212175,,,2026-09-05T00:23:27.033479Z
dee741ea-fbbb-475d-bcf1-7395dc800f09,run1_rep3,G,CLOSED,CLOSED,request,PROVIDER,N/A,,3762.88308400035,INFO,adaptador.request,true,exitoso,,,10503.898235167,10500.135352083,,,2026-09-05T00:23:27.102883Z
5882fa72-81e3-4766-a875-3e4232eefc88,run1_rep3,G,CLOSED,CLOSED,request,PROVIDER,N/A,,3811.829709000449,INFO,adaptador.request,true,exitoso,,,10504.003663792,10500.191834083,,,2026-09-05T00:23:27.208109Z
345e1a50-645a-4cd6-a40e-b536fe6ac7eb,run1_rep3,G,CLOSED,CLOSED,request,PROVIDER,N/A,,3784.8176669995155,INFO,adaptador.request,true,exitoso,,,10504.090285667,10500.305468,,,2026-09-05T00:23:27.294824Z
a5a6da89-7876-43ab-b7fb-740f3465a28b,run1_rep3,G,CLOSED,CLOSED,request,PROVIDER,N/A,,3773.6013350004214,INFO,adaptador.request,true,exitoso,,,10504.153970418,10500.380369083,,,2026-09-05T00:23:27.358443Z
76230623-f8d2-4d9f-8519-e49045399e38,run1_rep3,G,CLOSED,CLOSED,request,PROVIDER,N/A,,3805.3747930007376,INFO,adaptador.request,true,exitoso,,,10504.222737501,10500.417362708,,,2026-09-05T00:23:27.427201Z
5b3286b7-aa34-483c-aef4-e588046549b1,run1_rep3,G,CLOSED,CLOSED,request,PROVIDER,N/A,,3749.0908340005262,INFO,adaptador.request,true,exitoso,,,10504.292506959,10500.543416125,,,2026-09-05T00:23:27.497001Z
48a88391-7eb4-4eef-b7f9-eec7e98e9a8a,run1_rep3,G,CLOSED,CLOSED,request,PROVIDER,N/A,,3774.3949169998814,INFO,adaptador.request,true,exitoso,,,10504.379320709,10500.604925792,,,2026-09-05T00:23:27.583791Z
6d548334-486f-4f5f-a9d4-be13afe710e4,run1_rep3,G,CLOSED,CLOSED,request,PROVIDER,N/A,,3804.927917999521,INFO,adaptador.request,true,exitoso,,,10504.479343918,10500.674416,,,2026-09-05T00:23:27.683790Z
9783edcc-cece-44eb-8ba2-69459cd6dc72,run1_rep3,G,CLOSED,CLOSED,request,PROVIDER,N/A,,3873.1523339993146,INFO,adaptador.request,true,exitoso,,,10504.547984334,10500.674832,,,2026-09-05T00:23:27.752447Z
5c25b5dd-5319-4eff-b3b0-d0925695ebee,run1_rep3,G,CLOSED,CLOSED,request,PROVIDER,N/A,,3894.919624999602,INFO,adaptador.request,true,exitoso,,,10504.622544584,10500.727624959,,,2026-09-05T00:23:27.826985Z
c3739f8c-8250-49a1-9085-ecf73988d0eb,run1_rep3,G,CLOSED,CLOSED,request,PROVIDER,N/A,,3889.105834001384,INFO,adaptador.request,true,exitoso,,,10504.713520626,10500.824414792,,,2026-09-05T00:23:27.917974Z
9ea9b27b-6aca-44e9-80ab-38f49eb26ad9,run1_rep3,G,CLOSED,CLOSED,request,PROVIDER,N/A,,3922.8430010007287,INFO,adaptador.request,true,exitoso,,,10504.781418376,10500.858575375,,,2026-09-05T00:23:27.985865Z
7a0ad6c0-a366-4ccf-87c8-011f68ce4feb,run1_rep3,G,CLOSED,CLOSED,request,PROVIDER,N/A,,3757.789084000251,INFO,adaptador.request,true,exitoso,,,10504.864780251,10501.106991167,,,2026-09-05T00:23:28.069213Z
437be1b4-ca92-4e13-b207-e37484257fed,run1_rep3,G,CLOSED,CLOSED,request,PROVIDER,N/A,,3846.8850849985756,INFO,adaptador.request,true,exitoso,,,10504.965294835,10501.11840975,,,2026-09-05T00:23:28.169746Z
40106277-e4ba-4470-9bf9-e4f579cb1cdd,run1_rep3,G,CLOSED,CLOSED,request,PROVIDER,N/A,,3913.2556679996924,INFO,adaptador.request,true,exitoso,,,10505.042545668,10501.12929,,,2026-09-05T00:23:28.246986Z
1af160fd-a31c-4984-bd49-b12253f69d0f,run1_rep3,G,CLOSED,CLOSED,request,PROVIDER,N/A,,3800.3721679997398,INFO,adaptador.request,true,exitoso,,,10505.118448043,10501.318075875,,,2026-09-05T00:23:28.322895Z
c1d2869c-117d-4005-98b2-cfd3087902ee,run1_rep3,G,CLOSED,CLOSED,request,PROVIDER,N/A,,3733.541958999922,INFO,adaptador.request,true,exitoso,,,10505.202524126,10501.468982167,,,2026-09-05T00:23:28.406981Z
51e9a724-59b4-4f9d-9287-e6a15364bb99,run1_rep3,G,CLOSED,CLOSED,request,PROVIDER,N/A,,3818.64245900033,INFO,adaptador.request,true,exitoso,,,10505.288100585,10501.469458126,,,2026-09-05T00:23:28.492563Z
d746dab8-27a8-4c3b-ab4c-9d8b77366d3e,run1_rep3,G,CLOSED,CLOSED,request,PROVIDER,N/A,,3823.053333999269,INFO,adaptador.request,true,exitoso,,,10505.374462085,10501.551408751,,,2026-09-05T00:23:28.578902Z
3316e8b6-cb57-46d7-9495-3246d36a03bd,run1_rep3,G,CLOSED,CLOSED,request,PROVIDER,N/A,,3764.5497510002315,INFO,adaptador.request,true,exitoso,,,10505.456847793,10501.692298042,,,2026-09-05T00:23:28.661278Z
daca348a-7efb-4b8f-b520-df8b8d4938c5,run1_rep3,G,CLOSED,CLOSED,request,PROVIDER,N/A,,3674.57987600028,INFO,adaptador.request,true,exitoso,,,10505.51576946,10501.841189584,,,2026-09-05T00:23:28.720210Z
6759d5de-7844-4eff-a141-5cb8e9c5145f,run1_rep3,G,CLOSED,CLOSED,request,PROVIDER,N/A,,3703.551292999691,INFO,adaptador.request,true,exitoso,,,10505.583095877,10501.879544584,,,2026-09-05T00:23:28.787594Z
6d514f42-9f93-47bc-ac5e-df98bd8467b3,run1_rep3,G,CLOSED,CLOSED,request,PROVIDER,N/A,,3738.277376000042,INFO,adaptador.request,true,exitoso,,,10505.678830502,10501.940553126,,,2026-09-05T00:23:28.883268Z
2338a072-a2cb-42f1-8e5c-dad0cbd2411c,run1_rep3,G,CLOSED,CLOSED,request,PROVIDER,N/A,,3789.5451260010304,INFO,adaptador.request,true,exitoso,,,10505.781683585,10501.992138459,,,2026-09-05T00:23:28.986147Z
3434e5e8-747c-4e9f-be51-f7f31975a2b0,run1_rep3,G,CLOSED,CLOSED,request,PROVIDER,N/A,,3867.7683760015498,INFO,adaptador.request,true,exitoso,,,10505.860978418,10501.993210042,,,2026-09-05T00:23:29.065442Z
84a2a640-6d53-439a-bc8d-ef51691c796e,run1_rep3,G,CLOSED,CLOSED,request,PROVIDER,N/A,,3896.254167000734,INFO,adaptador.request,true,exitoso,,,10505.922991293,10502.026737126,,,2026-09-05T00:23:29.127454Z
2ea9577e-1f46-45eb-afc2-57edc5d7c468,run1_rep3,G,CLOSED,CLOSED,request,PROVIDER,N/A,,3799.5515430011437,INFO,adaptador.request,true,exitoso,,,10505.995425085,10502.195873542,,,2026-09-05T00:23:29.199877Z
008658c0-98e0-4da3-b77c-9ca52c8a2d4d,run1_rep3,G,CLOSED,CLOSED,request,PROVIDER,N/A,,3753.6815849998675,INFO,adaptador.request,true,exitoso,,,10506.057266377,10502.303584792,,,2026-09-05T00:23:29.261699Z
fe66a7de-2ca6-42bc-8682-1beebea9b8e9,run1_rep3,G,CLOSED,CLOSED,request,PROVIDER,N/A,,3750.5639600003633,INFO,adaptador.request,true,exitoso,,,10506.11820171,10502.36763775,,,2026-09-05T00:23:29.322647Z
c66d1a69-c459-46e2-9928-e721cf6c9fd8,run1_rep3,G,CLOSED,CLOSED,request,PROVIDER,N/A,,3679.890876999707,INFO,adaptador.request,true,exitoso,,,10506.19749971,10502.517608833,,,2026-09-05T00:23:29.401997Z
293fdeea-82d8-46d2-9f59-c3b89a62d060,run1_rep3,G,CLOSED,CLOSED,request,PROVIDER,N/A,,3719.8502519986505,INFO,adaptador.request,true,exitoso,,,10506.265264085,10502.545413833,,,2026-09-05T00:23:29.469700Z
d701c2b6-5aa3-427d-9f14-137c5f8d4eac,run1_rep3,G,CLOSED,CLOSED,request,PROVIDER,N/A,,3629.487292999329,INFO,adaptador.request,true,exitoso,,,10506.329903585,10502.700416292,,,2026-09-05T00:23:29.534349Z
9cd002bb-da56-4114-a4b1-d909ddf5810a,run1_rep3,G,CLOSED,CLOSED,request,PROVIDER,N/A,,3590.940084999602,INFO,adaptador.request,true,exitoso,,,10506.407735085,10502.816795,,,2026-09-05T00:23:29.612169Z
ded67b07-5a71-4bf3-bb06-7a1bdc07027c,run1_rep3,G,CLOSED,CLOSED,request,PROVIDER,N/A,,3685.6910020014766,INFO,adaptador.request,true,exitoso,,,10506.508138544,10502.822447542,,,2026-09-05T00:23:29.712596Z
68198708-3625-4101-97b6-7b04083462c1,run1_rep3,G,CLOSED,CLOSED,request,PROVIDER,N/A,,3742.845626000417,INFO,adaptador.request,true,exitoso,,,10506.58150196,10502.838656334,,,2026-09-05T00:23:29.785986Z
396d080d-5f96-4338-9dc1-069b8f1eec51,run1_rep3,G,CLOSED,CLOSED,request,PROVIDER,N/A,,3733.3037099997455,INFO,adaptador.request,true,exitoso,,,10506.637142419,10502.903838709,,,2026-09-05T00:23:29.841585Z
c6c8e6b1-c2b9-4ec4-a1e3-0be825ed5599,run1_rep3,G,CLOSED,CLOSED,request,PROVIDER,N/A,,3540.7319599999028,INFO,adaptador.request,true,exitoso,,,10506.697351044,10503.156619084,,,2026-09-05T00:23:29.901865Z
b51f03a1-870f-4acd-906b-366b6dbe80ee,run1_rep3,G,CLOSED,CLOSED,request,PROVIDER,N/A,,3626.6894600012165,INFO,adaptador.request,true,exitoso,,,10506.805877835,10503.179188375,,,2026-09-05T00:23:30.010317Z
b9827615-b898-4f69-8879-28fa1bff72a4,run1_rep3,G,CLOSED,CLOSED,request,PROVIDER,N/A,,3709.996335001051,INFO,adaptador.request,true,exitoso,,,10506.91514296,10503.205146625,,,2026-09-05T00:23:30.119594Z
23b7b832-f3c5-4e50-801f-3427b388b3b3,run1_rep3,G,CLOSED,CLOSED,request,PROVIDER,N/A,,3698.372501999984,INFO,adaptador.request,true,exitoso,,,10506.995400961,10503.297028459,,,2026-09-05T00:23:30.199847Z
e0d26457-c2fb-409c-affc-29275754666b,run1_rep3,G,CLOSED,CLOSED,request,PROVIDER,N/A,,3681.3642519991845,INFO,adaptador.request,true,exitoso,,,10507.098206211,10503.416841959,,,2026-09-05T00:23:30.302653Z
66f99ddd-a1cf-43e6-a78b-ad07d0037e61,run1_rep3,G,CLOSED,CLOSED,request,PROVIDER,N/A,,3708.225668999148,INFO,adaptador.request,true,exitoso,,,10507.195869336,10503.487643667,,,2026-09-05T00:23:30.400301Z
5aaddd22-40ae-48f0-84cb-b4c608f78475,run1_rep3,G,CLOSED,CLOSED,request,PROVIDER,N/A,,3660.733751999942,INFO,adaptador.request,true,exitoso,,,10507.257183836,10503.596450084,,,2026-09-05T00:23:30.461618Z
5a4d4ebb-c33b-42ad-847a-f83d64fbc92d,run1_rep3,G,CLOSED,CLOSED,request,PROVIDER,N/A,,3705.6866679995437,INFO,adaptador.request,true,exitoso,,,10507.324132169,10503.618445501,,,2026-09-05T00:23:30.528597Z
c6148ded-6d31-4f30-b610-a7be550d5932,run1_rep3,G,CLOSED,CLOSED,request,PROVIDER,N/A,,3679.1867510000884,INFO,adaptador.request,true,exitoso,,,10507.423660627,10503.744473876,,,2026-09-05T00:23:30.628132Z
893ce6fd-8713-4408-a531-727a7e3aa92e,run1_rep3,G,CLOSED,CLOSED,request,PROVIDER,N/A,,3582.745710000381,INFO,adaptador.request,true,exitoso,,,10507.487846836,10503.905101126,,,2026-09-05T00:23:30.692311Z
6f6dcf7f-7b20-4739-8a74-15cff5338051,run1_rep3,G,CLOSED,CLOSED,request,PROVIDER,N/A,,3658.671002000119,INFO,adaptador.request,true,exitoso,,,10507.577804544,10503.919133542,,,2026-09-05T00:23:30.782241Z
9d4d84f6-82c0-4031-848e-edcc8d0fa2c6,run1_rep3,G,CLOSED,CLOSED,request,PROVIDER,N/A,,3725.6105439992098,INFO,adaptador.request,true,exitoso,,,10507.661193461,10503.935582917,,,2026-09-05T00:23:30.865715Z
b6e947b8-5f18-4d00-ba14-eed3ec42a5c3,run1_rep3,G,CLOSED,CLOSED,request,PROVIDER,N/A,,3723.577169001146,INFO,adaptador.request,true,exitoso,,,10507.735028711,10504.011451542,,,2026-09-05T00:23:30.939492Z
ab630a7a-e85c-442b-8e7a-14da95d7b4ac,run1_rep3,G,CLOSED,CLOSED,request,PROVIDER,N/A,,3735.090293999747,INFO,adaptador.request,true,exitoso,,,10507.826862128,10504.091771834,,,2026-09-05T00:23:31.031323Z
ca7fa69f-8a9b-4adb-bf46-8714b9cc6013,run1_rep3,G,CLOSED,CLOSED,request,PROVIDER,N/A,,3795.7840019989817,INFO,adaptador.request,true,exitoso,,,10507.894212128,10504.098428126,,,2026-09-05T00:23:31.098636Z
01233309-3d08-473e-b204-ff172d72411b,run1_rep3,G,CLOSED,CLOSED,request,PROVIDER,N/A,,3617.440792999332,INFO,adaptador.request,true,exitoso,,,10507.961847711,10504.344406918,,,2026-09-05T00:23:31.166293Z
c33546cc-df9e-4c89-8d0e-47fb01781a8a,run1_rep3,G,CLOSED,CLOSED,request,PROVIDER,N/A,,3524.175168000511,INFO,adaptador.request,true,exitoso,,,10508.016854669,10504.492679501,,,2026-09-05T00:23:31.221306Z
3fc86144-ee9d-4464-9ba3-8c0b03e2fb9f,run1_rep3,G,CLOSED,CLOSED,request,PROVIDER,N/A,,3607.295334999435,INFO,adaptador.request,true,exitoso,,,10508.103951878,10504.496656543,,,2026-09-05T00:23:31.308415Z
f9f8cdf8-5b4d-4d60-b627-962e28866cb2,run1_rep3,G,CLOSED,CLOSED,request,PROVIDER,N/A,,3645.5535430013697,INFO,adaptador.request,true,exitoso,,,10508.177259419,10504.531705876,,,2026-09-05T00:23:31.381739Z
2eccdf97-6395-458c-acc1-8f90b6e9b760,run1_rep3,G,CLOSED,CLOSED,request,PROVIDER,N/A,,3663.832584999909,INFO,adaptador.request,true,exitoso,,,10508.273803753,10504.609971168,,,2026-09-05T00:23:31.478245Z
87fc7a93-55be-4a18-aaf8-08172277357b,run1_rep3,G,CLOSED,CLOSED,request,PROVIDER,N/A,,3728.323919000104,INFO,adaptador.request,true,exitoso,,,10508.35368192,10504.625358001,,,2026-09-05T00:23:31.558128Z
b003b3d6-532a-4ea5-89a1-14b2890ec19d,run1_rep3,G,CLOSED,CLOSED,request,PROVIDER,N/A,,3557.691251999131,INFO,adaptador.request,true,exitoso,,,10508.420690878,10504.862999626,,,2026-09-05T00:23:31.625140Z
a3bd46a5-5ecc-4a1f-bf41-0bcfab3791e5,run1_rep3,G,CLOSED,CLOSED,request,PROVIDER,N/A,,3540.027293000094,INFO,adaptador.request,true,exitoso,,,10508.514770128,10504.974742835,,,2026-09-05T00:23:31.719218Z
a4ed80f8-c7e1-414f-9a60-3a7821dfc713,run1_rep3,G,CLOSED,CLOSED,request,PROVIDER,N/A,,3562.159167999198,INFO,adaptador.request,true,exitoso,,,10508.588760128,10505.02660096,,,2026-09-05T00:23:31.793200Z
78185b03-4a96-445f-ad3c-9febe38f2789,run1_rep3,G,CLOSED,CLOSED,request,PROVIDER,N/A,,3625.714292998964,INFO,adaptador.request,true,exitoso,,,10508.652672711,10505.026958418,,,2026-09-05T00:23:31.857140Z
a41c2671-4ac7-470e-a79f-b902e6e738a4,run1_rep3,G,CLOSED,CLOSED,request,PROVIDER,N/A,,3661.0380850015645,INFO,adaptador.request,true,exitoso,,,10508.734888045,10505.07384996,,,2026-09-05T00:23:31.939387Z
8499a2b2-7d86-4b8c-9636-18ebc11d1e56,run1_rep3,G,CLOSED,CLOSED,request,PROVIDER,N/A,,3596.494002000327,INFO,adaptador.request,true,exitoso,,,10508.796938795,10505.200444793,,,2026-09-05T00:23:32.001469Z
05f946a4-d6a0-4c2a-937e-643871c74ee5,run1_rep3,G,CLOSED,CLOSED,request,PROVIDER,N/A,,3593.3093349995033,INFO,adaptador.request,true,exitoso,,,10508.901150586,10505.307841251,,,2026-09-05T00:23:32.105617Z
504c39ba-2f36-44f5-976b-a5dc8d0c5190,run1_rep3,G,CLOSED,CLOSED,request,PROVIDER,N/A,,3637.2875019987987,INFO,adaptador.request,true,exitoso,,,10508.964229295,10505.326941793,,,2026-09-05T00:23:32.168683Z
bdbd5c6a-b681-4417-a4f0-2fa3f25d3550,run1_rep3,G,CLOSED,CLOSED,request,PROVIDER,N/A,,3702.5591260007786,INFO,adaptador.request,true,exitoso,,,10509.042084336,10505.33952521,,,2026-09-05T00:23:32.246524Z
c1d845b0-d9e8-49cf-a67c-b20bd196d942,run1_rep3,G,CLOSED,CLOSED,request,PROVIDER,N/A,,3689.0583350013912,INFO,adaptador.request,true,exitoso,,,10509.141824128,10505.452765793,,,2026-09-05T00:23:32.346256Z
2dc63d1b-3965-4d46-9dec-1a2ad01bbcba,run1_rep3,G,CLOSED,CLOSED,request,PROVIDER,N/A,,3780.0632520011277,INFO,adaptador.request,true,exitoso,,,10509.24347042,10505.463407168,,,2026-09-05T00:23:32.447951Z
6fc2074c-d01e-47fb-90ae-9d9d8112ed23,run1_rep3,G,CLOSED,CLOSED,request,PROVIDER,N/A,,3562.9906259982818,INFO,adaptador.request,true,exitoso,,,10509.347096253,10505.784105627,,,2026-09-05T00:23:32.551548Z
bec01fcc-52a9-4dad-aec0-4f05f1597cba,run1_rep3,G,CLOSED,CLOSED,request,PROVIDER,N/A,,3624.839959999008,INFO,adaptador.request,true,exitoso,,,10509.41337517,10505.78853521,,,2026-09-05T00:23:32.617813Z
3f48e1ca-6b3f-4923-8eea-da0a9dc77837,run1_rep3,G,CLOSED,CLOSED,request,PROVIDER,N/A,,3624.446710000484,INFO,adaptador.request,true,exitoso,,,10509.506791837,10505.882345127,,,2026-09-05T00:23:32.711280Z
696ca188-6b8b-473b-903c-2564771d5ba4,run1_rep3,G,CLOSED,CLOSED,request,PROVIDER,N/A,,3604.45704400081,INFO,adaptador.request,true,exitoso,,,10509.563046212,10505.958589168,,,2026-09-05T00:23:32.767484Z
d3288737-eebc-4ea8-8d8e-aaf16d59b4af,run1_rep3,G,CLOSED,CLOSED,request,PROVIDER,N/A,,3578.347042999667,INFO,adaptador.request,true,exitoso,,,10509.63665992,10506.058312877,,,2026-09-05T00:23:32.841110Z
472581a2-ad34-4cc5-80c8-afd7daa8852d,run1_rep3,G,CLOSED,CLOSED,request,PROVIDER,N/A,,3621.1400020001747,INFO,adaptador.request,true,exitoso,,,10509.740467545,10506.119327543,,,2026-09-05T00:23:32.944895Z
df7666fe-877a-4713-bf4b-670ece20609a,run1_rep3,G,CLOSED,CLOSED,request,PROVIDER,N/A,,3618.3695850013464,INFO,adaptador.request,true,exitoso,,,10509.822151087,10506.203781502,,,2026-09-05T00:23:33.026544Z
691f3c41-64c3-4e15-b86b-4ec553de1a34,run1_rep3,G,CLOSED,CLOSED,request,PROVIDER,N/A,,3691.543418000947,INFO,adaptador.request,true,exitoso,,,10509.915385545,10506.223842127,,,2026-09-05T00:23:33.119846Z
db7d4210-5b30-4899-a1f5-f990d223f5e3,run1_rep3,G,CLOSED,CLOSED,request,PROVIDER,N/A,,3653.1802930003323,INFO,adaptador.request,true,exitoso,,,10509.991292712,10506.338112419,,,2026-09-05T00:23:33.195736Z
ee8da5d2-e64c-4687-b88d-612cb7195f41,run1_rep3,G,CLOSED,CLOSED,request,PROVIDER,N/A,,3694.636959999116,INFO,adaptador.request,true,exitoso,,,10510.049616379,10506.354979419,,,2026-09-05T00:23:33.254009Z
68aa2bae-e851-4d00-9609-817bc592481f,run1_rep3,G,CLOSED,CLOSED,request,PROVIDER,N/A,,3564.252250998834,INFO,adaptador.request,true,exitoso,,,10510.110409795,10506.546157544,,,2026-09-05T00:23:33.314809Z
43dbf459-b170-42af-8ca9-eb9b77625fd8,run1_rep3,G,CLOSED,CLOSED,request,PROVIDER,N/A,,3631.815335000283,INFO,adaptador.request,true,exitoso,,,10510.185941337,10506.554126002,,,2026-09-05T00:23:33.390407Z
71bea553-628c-449c-9ddc-148f66f32b9d,run1_rep3,G,CLOSED,CLOSED,request,PROVIDER,N/A,,3701.6629179997835,INFO,adaptador.request,true,exitoso,,,10510.262631462,10506.560968544,,,2026-09-05T00:23:33.467075Z
b09c3abf-2141-4fe9-a21a-71bbda0ad99a,run1_rep3,G,CLOSED,CLOSED,request,PROVIDER,N/A,,3733.0671259987867,INFO,adaptador.request,true,exitoso,,,10510.32872817,10506.595661044,,,2026-09-05T00:23:33.533170Z
7f334d76-22b6-418d-8deb-dadd9b50e512,run1_rep3,G,CLOSED,CLOSED,request,PROVIDER,N/A,,3801.518127000236,INFO,adaptador.request,true,exitoso,,,10510.431365129,10506.629847002,,,2026-09-05T00:23:33.635814Z
e16b3286-238e-4d6c-9d76-f070ee59c238,run1_rep3,G,CLOSED,CLOSED,request,PROVIDER,N/A,,3669.7736690002785,INFO,adaptador.request,true,exitoso,,,10510.500866171,10506.831092502,,,2026-09-05T00:23:33.705288Z
7f92b45f-d03b-4f6b-9f91-926fd2b1fb33,run1_rep3,G,CLOSED,CLOSED,request,PROVIDER,N/A,,3624.298501999874,INFO,adaptador.request,true,exitoso,,,10510.588579879,10506.964281377,,,2026-09-05T00:23:33.793008Z
9ba8efc6-dd80-4fd7-88b9-cc39f3793a46,run1_rep3,G,CLOSED,CLOSED,request,PROVIDER,N/A,,3667.577293001159,INFO,adaptador.request,true,exitoso,,,10510.649321254,10506.981743961,,,2026-09-05T00:23:33.853740Z
dc55de5d-a17d-4974-8b46-47a90ece0c43,run1_rep3,G,CLOSED,CLOSED,request,PROVIDER,N/A,,3633.769542999289,INFO,adaptador.request,true,exitoso,,,10510.709121712,10507.075352169,,,2026-09-05T00:23:33.913544Z
20e0006f-a43e-4b6e-ac4f-92a534d2f95c,run1_rep3,G,CLOSED,CLOSED,request,PROVIDER,N/A,,3657.0895849999943,INFO,adaptador.request,true,exitoso,,,10510.770548546,10507.113458961,,,2026-09-05T00:23:33.974987Z
b1d3eb79-57f3-43d8-a2c3-e0b296dc7ec5,run1_rep3,G,CLOSED,CLOSED,request,PROVIDER,N/A,,3684.392002000095,INFO,adaptador.request,true,exitoso,,,10510.828800671,10507.144408669,,,2026-09-05T00:23:34.033241Z
37092044-f6c5-4c84-8506-a0b62e512854,run1_rep3,G,CLOSED,CLOSED,request,PROVIDER,N/A,,3652.7196260012715,INFO,adaptador.request,true,exitoso,,,10510.916118212,10507.263398586,,,2026-09-05T00:23:34.120607Z
ce235ad6-48d3-4628-91ce-92b0d0eb2e95,run1_rep3,G,CLOSED,CLOSED,request,PROVIDER,N/A,,3673.996376001014,INFO,adaptador.request,true,exitoso,,,10511.002113712,10507.328117336,,,2026-09-05T00:23:34.206538Z
04df949e-92d0-4bc1-b1cc-032a417082c7,run1_rep3,G,CLOSED,CLOSED,request,PROVIDER,N/A,,3680.447335000281,INFO,adaptador.request,true,exitoso,,,10511.102250129,10507.421802794,,,2026-09-05T00:23:34.306697Z
38e65917-cb86-4094-874e-1a02ac38299c,run1_rep3,G,CLOSED,CLOSED,request,PROVIDER,N/A,,3717.051834999438,INFO,adaptador.request,true,exitoso,,,10511.197085004,10507.480033169,,,2026-09-05T00:23:34.401495Z
9777caf2-7f96-4494-a9ed-bc3f748f0ca7,run1_rep3,G,CLOSED,CLOSED,request,PROVIDER,N/A,,3666.4262110007257,INFO,adaptador.request,true,exitoso,,,10511.291802838,10507.625376627,,,2026-09-05T00:23:34.496239Z
75a43dfb-aec8-4ed8-8619-5d888af1ad5c,run1_rep3,G,CLOSED,CLOSED,request,PROVIDER,N/A,,3594.7918760011817,INFO,adaptador.request,true,exitoso,,,10511.363426379,10507.768634503,,,2026-09-05T00:23:34.567880Z
abf7cf78-4d3f-4eae-a76d-40695d3314c2,run1_rep3,G,CLOSED,CLOSED,request,PROVIDER,N/A,,3676.652334999744,INFO,adaptador.request,true,exitoso,,,10511.449762921,10507.773110586,,,2026-09-05T00:23:34.654233Z
f48f57e2-972b-4dcc-aecf-2a1c3d9e288c,run1_rep3,G,CLOSED,CLOSED,request,PROVIDER,N/A,,3718.7367099995754,INFO,adaptador.request,true,exitoso,,,10511.532146754,10507.813410044,,,2026-09-05T00:23:34.736641Z
6970200f-519e-478f-a74c-a75ce2236c18,run1_rep3,G,CLOSED,CLOSED,request,PROVIDER,N/A,,3737.5781259997893,INFO,adaptador.request,true,exitoso,,,10511.594225879,10507.856647753,,,2026-09-05T00:23:34.798671Z
2693ad2a-9a59-43f7-a4f9-2665df8fd95f,run1_rep3,G,CLOSED,CLOSED,request,PROVIDER,N/A,,3646.3977940002223,INFO,adaptador.request,true,exitoso,,,10511.674809838,10508.028412044,,,2026-09-05T00:23:34.879259Z
f0702249-e48e-40ab-9196-cc07f60502c1,run1_rep3,G,CLOSED,CLOSED,request,PROVIDER,N/A,,3716.7152520014497,INFO,adaptador.request,true,exitoso,,,10511.759022046,10508.042306794,,,2026-09-05T00:23:34.963468Z
8dc7ed9a-4237-4754-9654-6934dc41c006,run1_rep3,G,CLOSED,CLOSED,request,PROVIDER,N/A,,3768.9437520002684,INFO,adaptador.request,true,exitoso,,,10511.842617005,10508.073673253,,,2026-09-05T00:23:35.047059Z
bfeb26f8-b0f8-4e53-8d6d-f5e87294643a,run1_rep3,G,CLOSED,CLOSED,request,PROVIDER,N/A,,3750.7264189989655,INFO,adaptador.request,true,exitoso,,,10511.937104338,10508.186377919,,,2026-09-05T00:23:35.141527Z
8d694cab-a802-4e67-a6eb-c58772c93087,run1_rep3,G,CLOSED,CLOSED,request,PROVIDER,N/A,,3809.8197110011824,INFO,adaptador.request,true,exitoso,,,10511.999152505,10508.189332794,,,2026-09-05T00:23:35.203594Z
108da33d-0100-4d0a-99bf-fc98308bcaa7,run1_rep3,G,CLOSED,CLOSED,request,PROVIDER,N/A,,3488.2435010003974,INFO,adaptador.request,true,exitoso,,,10512.087913171,10508.59966967,,,2026-09-05T00:23:35.292311Z
e4466204-4785-46c3-bf84-8a834455c77e,run1_rep3,G,CLOSED,CLOSED,request,PROVIDER,N/A,,3500.7167520016083,INFO,adaptador.request,true,exitoso,,,10512.157230463,10508.656513711,,,2026-09-05T00:23:35.361635Z
d86c679a-3c38-4095-80c7-bd3ec99a168b,run1_rep3,G,CLOSED,CLOSED,request,PROVIDER,N/A,,3567.176209999161,INFO,adaptador.request,true,exitoso,,,10512.252099213,10508.684923003,,,2026-09-05T00:23:35.456577Z
9a5b7c37-a1ba-41bc-9e4f-1ad49be7969f,run1_rep3,G,CLOSED,CLOSED,request,PROVIDER,N/A,,3644.024459999855,INFO,adaptador.request,true,exitoso,,,10512.338366838,10508.694342378,,,2026-09-05T00:23:35.542831Z
431b0211-8ba4-4371-9d81-002c42d22fa8,run1_rep3,G,CLOSED,CLOSED,request,PROVIDER,N/A,,3590.1241689989547,INFO,adaptador.request,true,exitoso,,,10512.44025213,10508.850127961,,,2026-09-05T00:23:35.644706Z
78564583-2826-4f30-a390-0d4f4a564bb1,run1_rep3,G,CLOSED,CLOSED,request,PROVIDER,N/A,,3662.0551270007127,INFO,adaptador.request,true,exitoso,,,10512.537822713,10508.875767586,,,2026-09-05T00:23:35.742290Z
e0384112-4275-47db-b448-46c650fee789,run1_rep3,G,CLOSED,CLOSED,request,PROVIDER,N/A,,3763.4953769993444,INFO,adaptador.request,true,exitoso,,,10512.639672713,10508.876177336,,,2026-09-05T00:23:35.844122Z
aa0dc7ba-3a0c-418b-aad4-b1307d2143cc,run1_rep3,G,CLOSED,CLOSED,request,PROVIDER,N/A,,3817.4940860008064,INFO,adaptador.request,true,exitoso,,,10512.719375422,10508.901881336,,,2026-09-05T00:23:35.923839Z
6eb56b5f-4729-4140-a31f-3a0baf47d40f,run1_rep3,G,CLOSED,CLOSED,request,PROVIDER,N/A,,3780.3457930003788,INFO,adaptador.request,true,exitoso,,,10512.792565338,10509.012219545,,,2026-09-05T00:23:35.996991Z
3f70b9b1-9fdc-4ccc-ac11-ef9f15519c10,run1_rep3,G,CLOSED,CLOSED,request,PROVIDER,N/A,,3790.264834999107,INFO,adaptador.request,true,exitoso,,,10512.889137088,10509.098872253,,,2026-09-05T00:23:36.093597Z
b7818346-9410-46c2-8ee0-3f8f6159ff97,run1_rep3,G,CLOSED,CLOSED,request,PROVIDER,N/A,,3834.171542999684,INFO,adaptador.request,true,exitoso,,,10512.98971188,10509.155540337,,,2026-09-05T00:23:36.194150Z
cc4f31b8-da23-4185-8ecc-d457873053b1,run1_rep3,G,CLOSED,CLOSED,request,PROVIDER,N/A,,3908.254334999583,INFO,adaptador.request,true,exitoso,,,10513.072966963,10509.164712628,,,2026-09-05T00:23:36.277421Z
4c90d129-d9a4-49b4-85ab-783f9dacb477,run1_rep3,G,CLOSED,CLOSED,request,PROVIDER,N/A,,3873.5341259998677,INFO,adaptador.request,true,exitoso,,,10513.132207463,10509.258673337,,,2026-09-05T00:23:36.336654Z
1806cec7-9598-444f-8e95-41b66d5ee043,run1_rep3,G,CLOSED,CLOSED,request,PROVIDER,N/A,,3824.956127000405,INFO,adaptador.request,true,exitoso,,,10513.219990255,10509.395034128,,,2026-09-05T00:23:36.424456Z
ae2ddae4-8301-49d5-92c2-cacbe9ceefeb,run1_rep3,G,CLOSED,CLOSED,request,PROVIDER,N/A,,3733.023085998866,INFO,adaptador.request,true,exitoso,,,10513.283151839,10509.550128753,,,2026-09-05T00:23:36.487586Z
40472b10-4dde-409e-9bee-b322b5d654ba,run1_rep3,G,CLOSED,CLOSED,request,PROVIDER,N/A,,3826.498668999193,INFO,adaptador.request,true,exitoso,,,10513.377019339,10509.55052067,,,2026-09-05T00:23:36.581505Z
371ba0c3-3b73-4a6f-85cb-931ecd37c415,run1_rep3,G,CLOSED,CLOSED,request,PROVIDER,N/A,,3655.410043998927,INFO,adaptador.request,true,exitoso,,,10513.443532214,10509.78812217,,,2026-09-05T00:23:36.647940Z
55973a06-5bc4-45dc-b5ee-9c71cb4760e5,run1_rep3,G,CLOSED,CLOSED,request,PROVIDER,N/A,,3719.6222100010345,INFO,adaptador.request,true,exitoso,,,10513.527640214,10509.808018004,,,2026-09-05T00:23:36.732064Z
bc894599-b3fc-49b8-bcfc-a50ba4415253,run1_rep3,G,CLOSED,CLOSED,request,PROVIDER,N/A,,3746.7410009994637,INFO,adaptador.request,true,exitoso,,,10513.62945363,10509.882712629,,,2026-09-05T00:23:36.833899Z
ae151f64-4709-49f9-963c-6f0e2c5a2c04,run1_rep3,G,CLOSED,CLOSED,request,PROVIDER,N/A,,3776.528585000051,INFO,adaptador.request,true,exitoso,,,10513.690037505,10509.91350892,,,2026-09-05T00:23:36.894572Z
4383664f-3d62-46a5-8d87-101a10362ebf,run1_rep3,G,CLOSED,CLOSED,request,PROVIDER,N/A,,3711.0351270002866,INFO,adaptador.request,true,exitoso,,,10513.776059547,10510.06502442,,,2026-09-05T00:23:36.980510Z
de63f598-eaa1-4c3b-9884-ba88884f65eb,run1_rep3,G,CLOSED,CLOSED,request,PROVIDER,N/A,,3771.665877000487,INFO,adaptador.request,true,exitoso,,,10513.876418464,10510.104752587,,,2026-09-05T00:23:37.080878Z
37da1e14-a709-45f9-b8b1-d603562c491b,run1_rep3,G,CLOSED,CLOSED,request,PROVIDER,N/A,,3604.6567519988457,INFO,adaptador.request,true,exitoso,,,10513.951710922,10510.34705417,,,2026-09-05T00:23:37.156154Z
6253997b-1312-4b9e-9900-62ccd570912e,run1_rep3,G,CLOSED,CLOSED,request,PROVIDER,N/A,,3673.347460000514,INFO,adaptador.request,true,exitoso,,,10514.047120589,10510.373773129,,,2026-09-05T00:23:37.251577Z
218f0457-43ae-4142-bee4-1e5c1b0e1d60,run1_rep3,G,CLOSED,CLOSED,request,PROVIDER,N/A,,3727.017793999039,INFO,adaptador.request,true,exitoso,,,10514.122545589,10510.395527795,,,2026-09-05T00:23:37.327006Z
17ab4efc-d993-485c-980d-75c2e27809dc,run1_rep3,G,CLOSED,CLOSED,request,PROVIDER,N/A,,3730.3152509994106,INFO,adaptador.request,true,exitoso,,,10514.215663672,10510.485348421,,,2026-09-05T00:23:37.420126Z
3b6747df-47e9-484e-9855-8e81a990e561,run1_rep3,G,CLOSED,CLOSED,request,PROVIDER,N/A,,3819.5807930005685,INFO,adaptador.request,true,exitoso,,,10514.305293297,10510.485712504,,,2026-09-05T00:23:37.509735Z
bdab9fd5-104a-426c-8c4d-09038b39caa6,run1_rep3,G,CLOSED,CLOSED,request,PROVIDER,N/A,,3909.357918000751,INFO,adaptador.request,true,exitoso,,,10514.402949797,10510.493591879,,,2026-09-05T00:23:37.607432Z
9df4adda-c0fa-4b16-8785-4d0056e2fe4f,run1_rep3,G,CLOSED,CLOSED,request,PROVIDER,N/A,,3987.2537100000045,INFO,adaptador.request,true,exitoso,,,10514.507348089,10510.520094379,,,2026-09-05T00:23:37.711815Z
083fc28c-a472-4f33-97e4-d5a7b4672849,run1_rep3,G,CLOSED,CLOSED,request,PROVIDER,N/A,,3963.2744600003207,INFO,adaptador.request,true,exitoso,,,10514.572022381,10510.608747921,,,2026-09-05T00:23:37.776490Z
25ed61a3-0a10-49e4-9932-0c0629ad7dc0,run1_rep3,G,CLOSED,CLOSED,request,PROVIDER,N/A,,4011.192793999726,INFO,adaptador.request,true,exitoso,,,10514.635180631,10510.623987837,,,2026-09-05T00:23:37.839634Z
79f0d3cf-4227-472e-823a-7ee674702a03,run1_rep3,G,CLOSED,CLOSED,request,PROVIDER,N/A,,3989.626959999441,INFO,adaptador.request,true,exitoso,,,10514.723396631,10510.733769671,,,2026-09-05T00:23:37.927859Z
bb7bc7e9-9d79-458f-9628-b22a894a00df,run1_rep3,G,CLOSED,CLOSED,request,PROVIDER,N/A,,3916.6292099998827,INFO,adaptador.request,true,exitoso,,,10514.784382589,10510.867753379,,,2026-09-05T00:23:37.988816Z
de48853e-5447-43a5-a8e9-cbbaeee832c9,run1_rep3,G,CLOSED,CLOSED,request,PROVIDER,N/A,,3936.744960999931,INFO,adaptador.request,true,exitoso,,,10514.855987298,10510.919242337,,,2026-09-05T00:23:38.060449Z
79754b48-6a64-41c8-83a9-e54601a86112,run1_rep3,G,CLOSED,CLOSED,request,PROVIDER,N/A,,4013.306126998941,INFO,adaptador.request,true,exitoso,,,10514.959669839,10510.946363712,,,2026-09-05T00:23:38.164100Z
c26f94c1-b222-41c2-a413-5406d07a3852,run1_rep3,G,CLOSED,CLOSED,request,PROVIDER,N/A,,3989.9208770002588,INFO,adaptador.request,true,exitoso,,,10515.020553173,10511.030632296,,,2026-09-05T00:23:38.224991Z
a7ef3d8b-46de-4190-92a3-85d1b96a95a4,run1_rep3,G,CLOSED,CLOSED,request,PROVIDER,N/A,,3902.4272520000522,INFO,adaptador.request,true,exitoso,,,10515.090314798,10511.187887546,,,2026-09-05T00:23:38.294756Z
7bf5e397-629c-4c5d-89bc-cad0f59e8ab7,run1_rep3,G,CLOSED,CLOSED,request,PROVIDER,N/A,,3998.125002000961,INFO,adaptador.request,true,exitoso,,,10515.194619256,10511.196494254,,,2026-09-05T00:23:38.399066Z
8db4e331-4cfe-477f-9495-b0c2e0dd26d3,run1_rep3,G,CLOSED,CLOSED,request,PROVIDER,N/A,,3901.301167999918,INFO,adaptador.request,true,exitoso,,,10515.269975214,10511.368674046,,,2026-09-05T00:23:38.474428Z
e266dfac-2286-4294-b73a-c498b06c8b11,run1_rep3,G,CLOSED,CLOSED,request,PROVIDER,N/A,,3881.8323349987622,INFO,adaptador.request,true,exitoso,,,10515.328382589,10511.446550254,,,2026-09-05T00:23:38.532769Z
8dbb3f53-826a-491c-87c0-de0d086686a4,run1_rep3,G,CLOSED,CLOSED,request,PROVIDER,N/A,,3839.1274599998724,INFO,adaptador.request,true,exitoso,,,10515.413265881,10511.574138421,,,2026-09-05T00:23:38.617687Z
56862eea-cd20-4189-b837-45d6911a0407,run1_rep3,G,CLOSED,CLOSED,request,PROVIDER,N/A,,3790.1110849998076,INFO,adaptador.request,true,exitoso,,,10515.469992506,10511.679881421,,,2026-09-05T00:23:38.674439Z
4e41ec69-6529-4883-8620-566f8b51bf0c,run1_rep3,G,CLOSED,CLOSED,request,PROVIDER,N/A,,3761.7518349998136,INFO,adaptador.request,true,exitoso,,,10515.531510048,10511.769758213,,,2026-09-05T00:23:38.735933Z
21f35e73-5bbd-4b83-a7fa-af31d7b1035f,run1_rep3,G,CLOSED,CLOSED,request,PROVIDER,N/A,,3748.492875998636,INFO,adaptador.request,true,exitoso,,,10515.628267756,10511.87977488,,,2026-09-05T00:23:38.832738Z
