request_id,ejecucion_id,escenario,estado_circuito_fin,estado_circuito_inicio,event_type,fuente_respuesta,hit_miss,latencia_proveedor_ms,latencia_total_ms,level,logger,proveedor_invocado,resultado,tiempo_conmutacion_ms,timestamp_deteccion,timestamp_fin,timestamp_inicio,timestamp_respuesta_cache,tipo_error,ts_wall
1c05d7b6-6533-49d3-8990-118326a08088,run1_rep1,G,CLOSED,CLOSED,request,PROVIDER,N/A,,108.7837920003949,INFO,adaptador.request,true,exitoso,,,10113.437987156,10113.329203364,,,2026-09-05T00:16:56.640188Z
8ec89279-c85f-4daf-a3b7-bf698193c041,run1_rep1,G,CLOSED,CLOSED,request,PROVIDER,N/A,,172.37150099936116,INFO,adaptador.request,true,exitoso,,,10113.502304365,10113.329932864,,,2026-09-05T00:16:56.704497Z
ebe6ca99-7794-4d5d-9f00-b8fbc54e0a52,run1_rep1,G,CLOSED,CLOSED,request,PROVIDER,N/A,,109.65383400071005,INFO,adaptador.request,true,exitoso,,,10113.948155865,10113.838502031,,,2026-09-05T00:16:57.150376Z
2891b784-a1e5-41bb-b78f-e5461c171fd3,run1_rep1,G,CLOSED,CLOSED,request,PROVIDER,N/A,,85.29916699990281,INFO,adaptador.request,true,exitoso,,,10114.047091198,10113.961792031,,,2026-09-05T00:16:57.249276Z
eba18d40-6867-4bf2-9df2-db3ab3c906c7,run1_rep1,G,CLOSED,CLOSED,request,PROVIDER,N/A,,68.79141699937463,INFO,adaptador.request,true,exitoso,,,10114.380769407,10114.31197799,,,2026-09-05T00:16:57.582965Z
216d1cce-b54a-45be-964c-7be1fb3be622,run1_rep1,G,CLOSED,CLOSED,request,PROVIDER,N/A,,102.08595900076034,INFO,adaptador.request,true,exitoso,,,10114.440952282,10114.338866323,,,2026-09-05T00:16:57.643160Z
fd0d991b-129d-443a-8a5d-7d1e7f590de9,run1_rep1,G,CLOSED,CLOSED,request,PROVIDER,N/A,,86.73708400056057,INFO,adaptador.request,true,exitoso,,,10114.932808699,10114.846071615,,,2026-09-05T00:16:58.135012Z
31db241e-4569-4caf-bef0-12fc4395d86e,run1_rep1,G,CLOSED,CLOSED,request,PROVIDER,N/A,,131.63458300005004,INFO,adaptador.request,true,exitoso,,,10115.026405407,10114.894770824,,,2026-09-05T00:16:58.228587Z
451821b9-4aeb-46dd-8f8a-1adf8a141747,run1_rep1,G,CLOSED,CLOSED,request,PROVIDER,N/A,,102.96212499997637,INFO,adaptador.request,true,exitoso,,,10115.243314699,10115.140352574,,,2026-09-05T00:16:58.445501Z
4b033533-574b-434a-8aff-60dc7aed4ce4,run1_rep1,G,CLOSED,CLOSED,request,PROVIDER,N/A,,95.60295799929008,INFO,adaptador.request,true,exitoso,,,10115.360218282,10115.264615324,,,2026-09-05T00:16:58.562389Z
1bcdd46a-cd40-40af-be9e-d14343794d1f,run1_rep1,G,CLOSED,CLOSED,request,PROVIDER,N/A,,100.8267920005892,INFO,adaptador.request,true,exitoso,,,10115.777409949,10115.676583157,,,2026-09-05T00:16:58.979665Z
5d62c51e-964a-4223-b2a7-335b75883203,run1_rep1,G,CLOSED,CLOSED,request,PROVIDER,N/A,,147.94808400074544,INFO,adaptador.request,true,exitoso,,,10115.871234741,10115.723286657,,,2026-09-05T00:16:59.073417Z
af65ad40-e71d-45de-b552-74d622699600,run1_rep1,G,CLOSED,CLOSED,request,PROVIDER,N/A,,107.33075000098324,INFO,adaptador.request,true,exitoso,,,10116.086401574,10115.979070824,,,2026-09-05T00:16:59.288604Z
36b7624e-cace-4644-998c-f9d3cf452176,run1_rep1,G,CLOSED,CLOSED,request,PROVIDER,N/A,,193.59554099901288,INFO,adaptador.request,true,exitoso,,,10116.173858282,10115.980262741,,,2026-09-05T00:16:59.376036Z
e6bc1625-eb2f-469a-93f8-fc70f2e6987f,run1_rep1,G,CLOSED,CLOSED,request,PROVIDER,N/A,,84.37808400049107,INFO,adaptador.request,true,exitoso,,,10116.398271033,10116.313892949,,,2026-09-05T00:16:59.600441Z
0a4df53e-da5a-4fc2-b26d-3b53688f8962,run1_rep1,G,CLOSED,CLOSED,request,PROVIDER,N/A,,133.8667500003794,INFO,adaptador.request,true,exitoso,,,10116.497621283,10116.363754533,,,2026-09-05T00:16:59.699871Z
c3b91b82-84ff-416a-8a01-321ef5e0b0c0,run1_rep1,G,CLOSED,CLOSED,request,PROVIDER,N/A,,78.09124999948835,INFO,adaptador.request,true,exitoso,,,10116.776825824,10116.698734574,,,2026-09-05T00:16:59.979007Z
5c8b12c0-48c6-4506-a809-5155b0225865,run1_rep1,G,CLOSED,CLOSED,request,PROVIDER,N/A,,91.7922919998091,INFO,adaptador.request,true,exitoso,,,10116.910509158,10116.818716866,,,2026-09-05T00:17:00.112669Z
996229d1-36dc-4616-9ca8-5a24ef415e89,run1_rep1,G,CLOSED,CLOSED,request,PROVIDER,N/A,,103.32262500014622,INFO,adaptador.request,true,exitoso,,,10117.234658033,10117.131335408,,,2026-09-05T00:17:00.436829Z
a95c9025-1e9d-4831-97f4-5103f881eae0,run1_rep1,G,CLOSED,CLOSED,request,PROVIDER,N/A,,94.1829580006015,INFO,adaptador.request,true,exitoso,,,10117.326894783,10117.232711825,,,2026-09-05T00:17:00.529159Z
b8772385-7ec7-4cff-940b-a1d036a0c6ff,run1_rep1,G,CLOSED,CLOSED,request,PROVIDER,N/A,,75.30729199970665,INFO,adaptador.request,true,exitoso,,,10117.532554783,10117.457247491,,,2026-09-05T00:17:00.734738Z
ccaabab7-c986-4180-8215-c050c5343661,run1_rep1,G,CLOSED,CLOSED,request,PROVIDER,N/A,,83.68287499979488,INFO,adaptador.request,true,exitoso,,,10117.614338533,10117.530655658,,,2026-09-05T00:17:00.816621Z
cbc7925c-fb50-4c02-b872-b3e417191106,run1_rep1,G,CLOSED,CLOSED,request,PROVIDER,N/A,,86.53954100009287,INFO,adaptador.request,true,exitoso,,,10117.859474158,10117.772934617,,,2026-09-05T00:17:01.061672Z
197a00c3-6e1a-4fb3-8c85-92f657e0796f,run1_rep1,G,CLOSED,CLOSED,request,PROVIDER,N/A,,123.31083299977763,INFO,adaptador.request,true,exitoso,,,10117.93029095,10117.806980117,,,2026-09-05T00:17:01.132498Z
90820770-75fc-4214-9725-c276950939bc,run1_rep1,G,CLOSED,CLOSED,request,PROVIDER,N/A,,70.51208399934694,INFO,adaptador.request,true,exitoso,,,10118.351377034,10118.28086495,,,2026-09-05T00:17:01.553536Z
c0fbf1a2-e723-4d4e-a8aa-7dc31a3aa293,run1_rep1,G,CLOSED,CLOSED,request,PROVIDER,N/A,,67.8568749990518,INFO,adaptador.request,true,exitoso,,,10118.427204742,10118.359347867,,,2026-09-05T00:17:01.629398Z
da14b4aa-315c-4e41-aac2-a02c8e296882,run1_rep1,G,CLOSED,CLOSED,request,PROVIDER,N/A,,103.16320799938694,INFO,adaptador.request,true,exitoso,,,10118.951255367,10118.848092159,,,2026-09-05T00:17:02.153421Z
bdb7dbd3-3622-467e-b094-f96fcddb1dda,run1_rep1,G,CLOSED,CLOSED,request,PROVIDER,N/A,,199.697041998661,INFO,adaptador.request,true,exitoso,,,10119.059198492,10118.85950145,,,2026-09-05T00:17:02.261433Z
f27f5872-5ddb-48e9-b995-fedf4aadb115,run1_rep1,G,CLOSED,CLOSED,request,PROVIDER,N/A,,86.81145799891965,INFO,adaptador.request,true,exitoso,,,10119.460490909,10119.373679451,,,2026-09-05T00:17:02.662845Z
6822bc3a-4cac-4b6e-be38-1e3567db0503,run1_rep1,G,CLOSED,CLOSED,request,PROVIDER,N/A,,145.5019999993965,INFO,adaptador.request,true,exitoso,,,10119.562545034,10119.417043034,,,2026-09-05T00:17:02.764734Z
31f3da7a-1fe1-4111-bf9b-8f9e970eecbb,run1_rep1,G,CLOSED,CLOSED,request,PROVIDER,N/A,,75.39845900100772,INFO,adaptador.request,true,exitoso,,,10119.737812826,10119.662414367,,,2026-09-05T00:17:02.940003Z
9b25ab4a-0277-4ccb-a1aa-368faf68d8ca,run1_rep1,G,CLOSED,CLOSED,request,PROVIDER,N/A,,100.95045799971558,INFO,adaptador.request,true,exitoso,,,10119.877359826,10119.776409368,,,2026-09-05T00:17:03.079559Z
31ef0bd1-476a-4aa7-a0e2-6de2516984b4,run1_rep1,G,CLOSED,CLOSED,request,PROVIDER,N/A,,64.5557080006256,INFO,adaptador.request,true,exitoso,,,10120.040616951,10119.976061243,,,2026-09-05T00:17:03.242763Z
58d6f99d-ab6d-4243-9434-5d87c8a65393,run1_rep1,G,CLOSED,CLOSED,request,PROVIDER,N/A,,59.313083000233746,INFO,adaptador.request,true,exitoso,,,10120.237591826,10120.178278743,,,2026-09-05T00:17:03.439779Z
96e4a774-582f-4a4b-8c47-62d30b293c0a,run1_rep1,G,CLOSED,CLOSED,request,PROVIDER,N/A,,127.37699999888719,INFO,adaptador.request,true,exitoso,,,10120.325547743,10120.198170743,,,2026-09-05T00:17:03.527725Z
42dcec70-a816-4e75-b819-76ea47c4b016,run1_rep1,G,CLOSED,CLOSED,request,PROVIDER,N/A,,88.976333001483,INFO,adaptador.request,true,exitoso,,,10120.602098118,10120.513121785,,,2026-09-05T00:17:03.804360Z
36489822-6445-44ed-862b-82d024f39f63,run1_rep1,G,CLOSED,CLOSED,request,PROVIDER,N/A,,85.2400839994516,INFO,adaptador.request,true,exitoso,,,10120.726972785,10120.641732701,,,2026-09-05T00:17:03.929188Z
14776c29-599d-492e-b415-e724b8621e13,run1_rep1,G,CLOSED,CLOSED,request,PROVIDER,N/A,,73.62216699948476,INFO,adaptador.request,true,exitoso,,,10121.07175116,10120.998128993,,,2026-09-05T00:17:04.273937Z
8da0a446-2552-4975-b229-15156c409517,run1_rep1,G,CLOSED,CLOSED,request,PROVIDER,N/A,,116.61133300003712,INFO,adaptador.request,true,exitoso,,,10121.134152868,10121.017541535,,,2026-09-05T00:17:04.336351Z
9b5e071a-6502-44a2-b4ac-7301186ca868,run1_rep1,G,CLOSED,CLOSED,request,PROVIDER,N/A,,89.3192919993453,INFO,adaptador.request,true,exitoso,,,10121.282945285,10121.193625993,,,2026-09-05T00:17:04.485130Z
957a9964-be00-4731-8cda-fea02823d4db,run1_rep1,G,CLOSED,CLOSED,request,PROVIDER,N/A,,68.28154100003303,INFO,adaptador.request,true,exitoso,,,10121.706572368,10121.638290827,,,2026-09-05T00:17:04.908772Z
042cc6e3-1ce7-4b93-8ea3-ae8226a9b6e6,run1_rep1,G,CLOSED,CLOSED,request,PROVIDER,N/A,,92.34720799940987,INFO,adaptador.request,true,exitoso,,,10121.778608285,10121.686261077,,,2026-09-05T00:17:04.980783Z
15cdcd79-2915-4690-ac30-06ff03947976,run1_rep1,G,CLOSED,CLOSED,request,PROVIDER,N/A,,65.74058399928617,INFO,adaptador.request,true,exitoso,,,10121.916522369,10121.850781785,,,2026-09-05T00:17:05.118709Z
5fa3bd87-9399-435e-8857-28b4180eb2a0,run1_rep1,G,CLOSED,CLOSED,request,PROVIDER,N/A,,86.5834160013037,INFO,adaptador.request,true,exitoso,,,10122.28766791,10122.201084494,,,2026-09-05T00:17:05.489872Z
64b991eb-cdf9-4d09-bab0-b26fdf13da00,run1_rep1,G,CLOSED,CLOSED,request,PROVIDER,N/A,,160.40137499840057,INFO,adaptador.request,true,exitoso,,,10122.39020841,10122.229807035,,,2026-09-05T00:17:05.592402Z
06866d77-e038-4435-93ce-adc10a3d018d,run1_rep1,G,CLOSED,CLOSED,request,PROVIDER,N/A,,71.71454199851723,INFO,adaptador.request,true,exitoso,,,10122.663194869,10122.591480327,,,2026-09-05T00:17:05.865339Z
af5ecd20-21a0-492d-8bba-a171e3c63abc,run1_rep1,G,CLOSED,CLOSED,request,PROVIDER,N/A,,121.06170799961546,INFO,adaptador.request,true,exitoso,,,10122.765735244,10122.644673536,,,2026-09-05T00:17:05.967898Z
b6c619e7-455f-4289-97e6-3d27d548f39b,run1_rep1,G,CLOSED,CLOSED,request,PROVIDER,N/A,,66.29779200011399,INFO,adaptador.request,true,exitoso,,,10122.905400244,10122.839102452,,,2026-09-05T00:17:06.107605Z
4406ace9-77cc-483b-8f04-914f8c116970,run1_rep1,G,CLOSED,CLOSED,request,PROVIDER,N/A,,73.65020799988997,INFO,adaptador.request,true,exitoso,,,10122.963571869,10122.889921661,,,2026-09-05T00:17:06.165748Z
9539cd9a-94df-4914-820e-32fc95dd57e5,run1_rep1,G,CLOSED,CLOSED,request,PROVIDER,N/A,,94.78512500027136,INFO,adaptador.request,true,exitoso,,,10123.585621369,10123.490836244,,,2026-09-05T00:17:06.787994Z
742d8ecd-0c76-4e1c-bd95-bb233cbf1869,run1_rep1,G,CLOSED,CLOSED,request,PROVIDER,N/A,,186.08937499993772,INFO,adaptador.request,true,exitoso,,,10123.678360369,10123.492270994,,,2026-09-05T00:17:06.880561Z
05c5fc77-ffe0-4778-8183-1a3f53e0a33a,run1_rep1,G,CLOSED,CLOSED,request,PROVIDER,N/A,,277.2055420009565,INFO,adaptador.request,true,exitoso,,,10123.769700078,10123.492494536,,,2026-09-05T00:17:06.971902Z
ec5fbe1d-4c58-4c35-b3af-bf0b7c0c53c9,run1_rep1,G,CLOSED,CLOSED,request,PROVIDER,N/A,,356.3987500001531,INFO,adaptador.request,true,exitoso,,,10123.849365828,10123.492967078,,,2026-09-05T00:17:07.051524Z
97eb57c8-571b-4dcd-a72c-435353c1cd3e,run1_rep1,G,CLOSED,CLOSED,request,PROVIDER,N/A,,414.44954199869244,INFO,adaptador.request,true,exitoso,,,10123.909718328,10123.495268786,,,2026-09-05T00:17:07.111966Z
0eba3f17-bc34-49b1-9fe7-80ab02732316,run1_rep1,G,CLOSED,CLOSED,request,PROVIDER,N/A,,504.61045799966087,INFO,adaptador.request,true,exitoso,,,10124.000188036,10123.495577578,,,2026-09-05T00:17:07.202365Z
079049f1-ea6b-489f-bbbe-82403a2561f6,run1_rep1,G,CLOSED,CLOSED,request,PROVIDER,N/A,,612.4037080007838,INFO,adaptador.request,true,exitoso,,,10124.108130536,10123.495726828,,,2026-09-05T00:17:07.310306Z
a0c3f2df-d6d1-499c-8075-41e35d5eb858,run1_rep1,G,CLOSED,CLOSED,request,PROVIDER,N/A,,685.5282079995959,INFO,adaptador.request,true,exitoso,,,10124.181515911,10123.495987703,,,2026-09-05T00:17:07.383705Z
93dcad13-39fe-4617-b967-ad82d44347ce,run1_rep1,G,CLOSED,CLOSED,request,PROVIDER,N/A,,742.5353340004222,INFO,adaptador.request,true,exitoso,,,10124.239292745,10123.496757411,,,2026-09-05T00:17:07.441459Z
9c8ed0ea-8e07-4e18-b8f0-92fea2caa843,run1_rep1,G,CLOSED,CLOSED,request,PROVIDER,N/A,,817.6313749991095,INFO,adaptador.request,true,exitoso,,,10124.314644286,10123.497012911,,,2026-09-05T00:17:07.516811Z
192d5a37-b9a0-414b-8499-50edf096cfb7,run1_rep1,G,CLOSED,CLOSED,request,PROVIDER,N/A,,615.343125000436,INFO,adaptador.request,true,exitoso,,,10124.388077203,10123.772734078,,,2026-09-05T00:17:07.590270Z
9fbc72a4-38ea-4fa2-9870-781df05af21a,run1_rep1,G,CLOSED,CLOSED,request,PROVIDER,N/A,,379.5752089990856,INFO,adaptador.request,true,exitoso,,,10124.459765245,10124.080190036,,,2026-09-05T00:17:07.661941Z
64c72813-ca5b-4ed0-a9a4-8efd0abda35f,run1_rep1,G,CLOSED,CLOSED,request,PROVIDER,N/A,,451.7305409990513,INFO,adaptador.request,true,exitoso,,,10124.532377536,10124.080646995,,,2026-09-05T00:17:07.734543Z
61c4c2f3-8527-42d6-896f-ba71e36a3758,run1_rep1,G,CLOSED,CLOSED,request,PROVIDER,N/A,,425.1822079986596,INFO,adaptador.request,true,exitoso,,,10124.637524953,10124.212342745,,,2026-09-05T00:17:07.839704Z
58d7a8f7-f2df-4941-bb04-ad3701e73927,run1_rep1,G,CLOSED,CLOSED,request,PROVIDER,N/A,,495.182417000251,INFO,adaptador.request,true,exitoso,,,10124.734970328,10124.239787911,,,2026-09-05T00:17:07.937173Z
96747d24-b8dc-41be-a91e-3831d2343e6e,run1_rep1,G,CLOSED,CLOSED,request,PROVIDER,N/A,,550.6242089995794,INFO,adaptador.request,true,exitoso,,,10124.794554162,10124.243929953,,,2026-09-05T00:17:07.996759Z
20b5d49a-f277-4521-a2fb-dfa09ad59d8e,run1_rep1,G,CLOSED,CLOSED,request,PROVIDER,N/A,,604.5375009998679,INFO,adaptador.request,true,exitoso,,,10124.860700912,10124.256163411,,,2026-09-05T00:17:08.062881Z
6beafeed-c493-48bb-b77f-e438f1fd6251,run1_rep1,G,CLOSED,CLOSED,request,PROVIDER,N/A,,605.4157500002475,INFO,adaptador.request,true,exitoso,,,10124.925873245,10124.320457495,,,2026-09-05T00:17:08.128120Z
847e7f3a-ab18-4ab3-93ca-27c4ab26f3d7,run1_rep1,G,CLOSED,CLOSED,request,PROVIDER,N/A,,505.26020799952676,INFO,adaptador.request,true,exitoso,,,10124.996539828,10124.49127962,,,2026-09-05T00:17:08.198758Z
bf0db56d-c8c8-4582-9c91-147897661c9c,run1_rep1,G,CLOSED,CLOSED,request,PROVIDER,N/A,,567.2472920014116,INFO,adaptador.request,true,exitoso,,,10125.060835787,10124.493588495,,,2026-09-05T00:17:08.263015Z
98f62fc8-05a4-4c9d-bb43-513deee46669,run1_rep1,G,CLOSED,CLOSED,request,PROVIDER,N/A,,650.0964999995631,INFO,adaptador.request,true,exitoso,,,10125.145354245,10124.495257745,,,2026-09-05T00:17:08.347604Z
ec256da3-f1cd-42fa-adbb-c4df89bd1221,run1_rep1,G,CLOSED,CLOSED,request,PROVIDER,N/A,,749.3822920005186,INFO,adaptador.request,true,exitoso,,,10125.246195412,10124.49681312,,,2026-09-05T00:17:08.448389Z
6e94092a-a6c9-41bd-8e3f-2d04447aee9a,run1_rep1,G,CLOSED,CLOSED,request,PROVIDER,N/A,,852.015083999504,INFO,adaptador.request,true,exitoso,,,10125.349245537,10124.497230453,,,2026-09-05T00:17:08.551435Z
8ae48846-5742-4bb3-b10d-9331578ef91a,run1_rep1,G,CLOSED,CLOSED,request,PROVIDER,N/A,,941.8003339997085,INFO,adaptador.request,true,exitoso,,,10125.43985787,10124.498057536,,,2026-09-05T00:17:08.642079Z
e07068a4-bcfb-49d1-9256-8d8775c2b69d,run1_rep1,G,CLOSED,CLOSED,request,PROVIDER,N/A,,1042.238834001182,INFO,adaptador.request,true,exitoso,,,10125.541778995,10124.499540161,,,2026-09-05T00:17:08.743929Z
8742f4c8-0c74-4ab0-8c2d-fd427cae2ed7,run1_rep1,G,CLOSED,CLOSED,request,PROVIDER,N/A,,1115.3421260005416,INFO,adaptador.request,true,exitoso,,,10125.615454662,10124.500112536,,,2026-09-05T00:17:08.817647Z
1b91df46-427a-4687-87d7-ab6b67b490be,run1_rep1,G,CLOSED,CLOSED,request,PROVIDER,N/A,,1180.754208999133,INFO,adaptador.request,true,exitoso,,,10125.682177162,10124.501422953,,,2026-09-05T00:17:08.884379Z
14ad2f88-b45f-486b-92fc-4a423b879eb9,run1_rep1,G,CLOSED,CLOSED,request,PROVIDER,N/A,,1243.018500999824,INFO,adaptador.request,true,exitoso,,,10125.744781787,10124.501763286,,,2026-09-05T00:17:08.946968Z
1c49710f-ce89-4d37-8827-d441207f8a54,run1_rep1,G,CLOSED,CLOSED,request,PROVIDER,N/A,,1237.3977090010158,INFO,adaptador.request,true,exitoso,,,10125.798744579,10124.56134687,,,2026-09-05T00:17:09.000939Z
b03530d2-d9ab-4515-8371-90c766a8791b,run1_rep1,G,CLOSED,CLOSED,request,PROVIDER,N/A,,1320.0095009997312,INFO,adaptador.request,true,exitoso,,,10125.900919954,10124.580910453,,,2026-09-05T00:17:09.103123Z
791e7ad8-87e3-41eb-a9da-4922eb775bec,run1_rep1,G,CLOSED,CLOSED,request,PROVIDER,N/A,,1315.0464589998592,INFO,adaptador.request,true,exitoso,,,10125.985867579,10124.67082112,,,2026-09-05T00:17:09.188171Z
83b90f79-6e87-4f87-be34-9124b1388e6c,run1_rep1,G,CLOSED,CLOSED,request,PROVIDER,N/A,,1248.8630839998223,INFO,adaptador.request,true,exitoso,,,10126.081974121,10124.833111037,,,2026-09-05T00:17:09.284433Z
799d781b-124a-47ea-beba-ad803ed87316,run1_rep1,G,CLOSED,CLOSED,request,PROVIDER,N/A,,1192.3364169997512,INFO,adaptador.request,true,exitoso,,,10126.146699287,10124.95436287,,,2026-09-05T00:17:09.348886Z
6c764a4a-c234-4b2a-82bd-1ff13e6d82e4,run1_rep1,G,CLOSED,CLOSED,request,PROVIDER,N/A,,1226.8154169996706,INFO,adaptador.request,true,exitoso,,,10126.257356454,10125.030541037,,,2026-09-05T00:17:09.459569Z
a3450619-4303-4b38-9947-1989b9c45941,run1_rep1,G,CLOSED,CLOSED,request,PROVIDER,N/A,,1159.2965840009128,INFO,adaptador.request,true,exitoso,,,10126.319215871,10125.159919287,,,2026-09-05T00:17:09.521384Z
41714e5e-2ce7-4404-a292-db5d8fefc156,run1_rep1,G,CLOSED,CLOSED,request,PROVIDER,N/A,,1185.2680430001783,INFO,adaptador.request,true,exitoso,,,10126.388313371,10125.203045328,,,2026-09-05T00:17:09.590508Z
0746ebfb-af48-46fb-b2bf-3fbd91cb563d,run1_rep1,G,CLOSED,CLOSED,request,PROVIDER,N/A,,1290.267500000482,INFO,adaptador.request,true,exitoso,,,10126.493873287,10125.203605787,,,2026-09-05T00:17:09.696109Z
78bb48ca-bfc5-4a29-8253-5468dfe227c6,run1_rep1,G,CLOSED,CLOSED,request,PROVIDER,N/A,,1327.9045420003968,INFO,adaptador.request,true,exitoso,,,10126.553315329,10125.225410787,,,2026-09-05T00:17:09.755505Z
8ed6c430-1daf-45e0-9ad8-1471bb9e5a0a,run1_rep1,G,CLOSED,CLOSED,request,PROVIDER,N/A,,1361.7610420005803,INFO,adaptador.request,true,exitoso,,,10126.615241829,10125.253480787,,,2026-09-05T00:17:09.817485Z
ad6edb99-d70b-48e5-99e7-e6d278814dbc,run1_rep1,G,CLOSED,CLOSED,request,PROVIDER,N/A,,1335.3955010006757,INFO,adaptador.request,true,exitoso,,,10126.710298788,10125.374903287,,,2026-09-05T00:17:09.912478Z
08d1af3d-2882-4dcb-b5ca-dbd745ccce71,run1_rep1,G,CLOSED,CLOSED,request,PROVIDER,N/A,,1346.248084000763,INFO,adaptador.request,true,exitoso,,,10126.791643204,10125.44539512,,,2026-09-05T00:17:09.993827Z
df9bd190-525a-4bd1-a20f-52f4231d1de3,run1_rep1,G,CLOSED,CLOSED,request,PROVIDER,N/A,,1407.2599169994646,INFO,adaptador.request,true,exitoso,,,10126.893189829,10125.485929912,,,2026-09-05T00:17:10.095398Z
cf1a8db2-c1c0-4fec-aa44-2974b9d2ce21,run1_rep1,G,CLOSED,CLOSED,request,PROVIDER,N/A,,1485.4381669993018,INFO,adaptador.request,true,exitoso,,,10126.981580954,10125.496142787,,,2026-09-05T00:17:10.183765Z
26340781-3769-47bd-bf73-acb1fe5bff5c,run1_rep1,G,CLOSED,CLOSED,request,PROVIDER,N/A,,1544.1093760000513,INFO,adaptador.request,true,exitoso,,,10127.040930413,10125.496821037,,,2026-09-05T00:17:10.243121Z
69ff9ead-420c-460b-b4d8-468264c5e90f,run1_rep1,G,CLOSED,CLOSED,request,PROVIDER,N/A,,1618.326543000876,INFO,adaptador.request,true,exitoso,,,10127.116418788,10125.498092245,,,2026-09-05T00:17:10.318617Z
49dd2d57-5335-449f-8381-8ea86bc47fbe,run1_rep1,G,CLOSED,CLOSED,request,PROVIDER,N/A,,1724.3906679996144,INFO,adaptador.request,true,exitoso,,,10127.222722038,10125.49833137,,,2026-09-05T00:17:10.424913Z
5aa836b7-183b-4656-864b-484e1388c81d,run1_rep1,G,CLOSED,CLOSED,request,PROVIDER,N/A,,1815.90054300068,INFO,adaptador.request,true,exitoso,,,10127.316039038,10125.500138495,,,2026-09-05T00:17:10.518241Z
8dae79f8-65b9-4734-bc41-84358b94f502,run1_rep1,G,CLOSED,CLOSED,request,PROVIDER,N/A,,1879.2205839999951,INFO,adaptador.request,true,exitoso,,,10127.381248288,10125.502027704,,,2026-09-05T00:17:10.583461Z
fe2a54b4-a0b3-41b9-b666-faaed16ed70f,run1_rep1,G,CLOSED,CLOSED,request,PROVIDER,N/A,,1936.0054589997162,INFO,adaptador.request,true,exitoso,,,10127.438473121,10125.502467662,,,2026-09-05T00:17:10.640655Z
a06fb23f-40d4-4528-9462-f527b0de7db1,run1_rep1,G,CLOSED,CLOSED,request,PROVIDER,N/A,,2033.0323350008257,INFO,adaptador.request,true,exitoso,,,10127.535699205,10125.50266687,,,2026-09-05T00:17:10.737852Z
100197d0-5961-4a7d-a6d2-3c4cfc532b10,run1_rep1,G,CLOSED,CLOSED,request,PROVIDER,N/A,,2102.524584001003,INFO,adaptador.request,true,exitoso,,,10127.606222746,10125.503698162,,,2026-09-05T00:17:10.808350Z
7e68162f-fe57-4482-9f41-c618dedb77f2,run1_rep1,G,CLOSED,CLOSED,request,PROVIDER,N/A,,2170.1545850010007,INFO,adaptador.request,true,exitoso,,,10127.67422633,10125.504071745,,,2026-09-05T00:17:10.876396Z
8d6103b6-5efc-4be0-a1b2-4ff4c092ed3e,run1_rep1,G,CLOSED,CLOSED,request,PROVIDER,N/A,,2265.522959000009,INFO,adaptador.request,true,exitoso,,,10127.779280246,10125.513757287,,,2026-09-05T00:17:10.981472Z
e222b92b-5373-4513-82c0-11538d74777a,run1_rep1,G,CLOSED,CLOSED,request,PROVIDER,N/A,,1990.977876001125,INFO,adaptador.request,true,exitoso,,,10127.87949608,10125.888518204,,,2026-09-05T00:17:11.081696Z
53c082df-d767-4bcc-a28b-918c614619eb,run1_rep1,G,CLOSED,CLOSED,request,PROVIDER,N/A,,2050.4323759996623,INFO,adaptador.request,true,exitoso,,,10127.972022663,10125.921590287,,,2026-09-05T00:17:11.174233Z
3d2bcd70-cc4a-4097-a1b3-23b20f4d6f0e,run1_rep1,G,CLOSED,CLOSED,request,PROVIDER,N/A,,2047.0287930002087,INFO,adaptador.request,true,exitoso,,,10128.040385913,10125.99335712,,,2026-09-05T00:17:11.242595Z
586e9a41-89a8-41b8-87e7-aa32fc08823e,run1_rep1,G,CLOSED,CLOSED,request,PROVIDER,N/A,,2115.785459000108,INFO,adaptador.request,true,exitoso,,,10128.147536163,10126.031750704,,,2026-09-05T00:17:11.349714Z
9f7fde72-d6e3-4c7d-a69e-d88048d267d5,run1_rep1,G,CLOSED,CLOSED,request,PROVIDER,N/A,,2204.9950009986787,INFO,adaptador.request,true,exitoso,,,10128.243786705,10126.038791704,,,2026-09-05T00:17:11.445990Z
812b54f5-1fd1-4cf4-96c9-e1a3bd4e330d,run1_rep1,G,CLOSED,CLOSED,request,PROVIDER,N/A,,2234.8618759988312,INFO,adaptador.request,true,exitoso,,,10128.30690258,10126.072040704,,,2026-09-05T00:17:11.509116Z
59823c2e-ca53-4086-976f-c2478ab4e7f4,run1_rep1,G,CLOSED,CLOSED,request,PROVIDER,N/A,,2072.1520430015516,INFO,adaptador.request,true,exitoso,,,10128.369818872,10126.297666829,,,2026-09-05T00:17:11.572055Z
e65bce46-003f-4e42-988c-97688d4aa627,run1_rep1,G,CLOSED,CLOSED,request,PROVIDER,N/A,,2084.358335001525,INFO,adaptador.request,true,exitoso,,,10128.477057247,10126.392698912,,,2026-09-05T00:17:11.679271Z
63ce4f39-8150-4229-8683-edeeefae3502,run1_rep1,G,CLOSED,CLOSED,request,PROVIDER,N/A,,2105.2190009995684,INFO,adaptador.request,true,exitoso,,,10128.539298538,10126.434079537,,,2026-09-05T00:17:11.741508Z
60950b15-e816-4b0f-aa61-fd4ae5d0bcbd,run1_rep1,G,CLOSED,CLOSED,request,PROVIDER,N/A,,2109.379084000466,INFO,adaptador.request,true,exitoso,,,10128.607488288,10126.498109204,,,2026-09-05T00:17:11.809704Z
3c892bc9-17e6-4c0d-a279-8559fa48de66,run1_rep1,G,CLOSED,CLOSED,request,PROVIDER,N/A,,2195.528750999074,INFO,adaptador.request,true,exitoso,,,10128.695136788,10126.499608037,,,2026-09-05T00:17:11.897309Z
c9e461e7-290b-4677-9aab-e002d4a67051,run1_rep1,G,CLOSED,CLOSED,request,PROVIDER,N/A,,2266.9654179990175,INFO,adaptador.request,true,exitoso,,,10128.766933705,10126.499968287,,,2026-09-05T00:17:11.969132Z
7fbd0837-dc22-49c9-8ed3-7bd77570aebd,run1_rep1,G,CLOSED,CLOSED,request,PROVIDER,N/A,,2360.406709000017,INFO,adaptador.request,true,exitoso,,,10128.86174758,10126.501340871,,,2026-09-05T00:17:12.064156Z
8e56d7da-78de-467a-9267-db845ecca21e,run1_rep1,G,CLOSED,CLOSED,request,PROVIDER,N/A,,2446.829042999525,INFO,adaptador.request,true,exitoso,,,10128.948380205,10126.501551162,,,2026-09-05T00:17:12.150594Z
27cc7ad2-abde-4674-b3af-38a925649b93,run1_rep1,G,CLOSED,CLOSED,request,PROVIDER,N/A,,2549.8426260000997,INFO,adaptador.request,true,exitoso,,,10129.05397583,10126.504133204,,,2026-09-05T00:17:12.256184Z
1b7d2d20-fb3e-4fbe-9dfe-c39d8ea4694a,run1_rep1,G,CLOSED,CLOSED,request,PROVIDER,N/A,,2615.150500998425,INFO,adaptador.request,true,exitoso,,,10129.120428997,10126.505278496,,,2026-09-05T00:17:12.322655Z
0a68e0f3-eab8-417a-9088-a79925c4e884,run1_rep1,G,CLOSED,CLOSED,request,PROVIDER,N/A,,2689.961501000653,INFO,adaptador.request,true,exitoso,,,10129.195488247,10126.505526746,,,2026-09-05T00:17:12.397676Z
3bfc7ee0-4c60-46b1-9a39-c751640d6498,run1_rep1,G,CLOSED,CLOSED,request,PROVIDER,N/A,,2790.7071259996883,INFO,adaptador.request,true,exitoso,,,10129.29649208,10126.505784954,,,2026-09-05T00:17:12.498676Z
af16d0de-f878-444a-bcc0-0be8a04d4294,run1_rep1,G,CLOSED,CLOSED,request,PROVIDER,N/A,,2874.3303760002163,INFO,adaptador.request,true,exitoso,,,10129.38032283,10126.505992454,,,2026-09-05T00:17:12.582485Z
6eb64b15-aebc-4ba2-af96-36ef0ed1a8a4,run1_rep1,G,CLOSED,CLOSED,request,PROVIDER,N/A,,2947.9052099995897,INFO,adaptador.request,true,exitoso,,,10129.481281789,10126.533376579,,,2026-09-05T00:17:12.683478Z
8ee533a5-9558-4846-9271-d17908243925,run1_rep1,G,CLOSED,CLOSED,request,PROVIDER,N/A,,2924.580209999476,INFO,adaptador.request,true,exitoso,,,10129.542409456,10126.617829246,,,2026-09-05T00:17:12.744576Z
9fcddd36-39ba-45d7-b788-7bc9d8dad86a,run1_rep1,G,CLOSED,CLOSED,request,PROVIDER,N/A,,2988.959584999975,INFO,adaptador.request,true,exitoso,,,10129.648442247,10126.659482662,,,2026-09-05T00:17:12.850717Z
cf6c4529-5710-4e31-97e0-af0d67f93fc0,run1_rep1,G,CLOSED,CLOSED,request,PROVIDER,N/A,,2992.603835000409,INFO,adaptador.request,true,exitoso,,,10129.736577789,10126.743973954,,,2026-09-05T00:17:12.938770Z
3fd1d3df-7cfb-4ec0-82e4-47cc3196a647,run1_rep1,G,CLOSED,CLOSED,request,PROVIDER,N/A,,3071.2327510009345,INFO,adaptador.request,true,exitoso,,,10129.843160164,10126.771927413,,,2026-09-05T00:17:13.045350Z
84456ef8-0a60-42bc-b388-941072258dd3,run1_rep1,G,CLOSED,CLOSED,request,PROVIDER,N/A,,3163.6042509999243,INFO,adaptador.request,true,exitoso,,,10129.936018497,10126.772414246,,,2026-09-05T00:17:13.138241Z
bdc92cff-e7ec-43fd-982e-4b0e9af71528,run1_rep1,G,CLOSED,CLOSED,request,PROVIDER,N/A,,3220.5809589995624,INFO,adaptador.request,true,exitoso,,,10130.003376122,10126.782795163,,,2026-09-05T00:17:13.205541Z
bdb2d4f8-bb88-4d48-af72-a3baf0834713,run1_rep1,G,CLOSED,CLOSED,request,PROVIDER,N/A,,3210.9595849997277,INFO,adaptador.request,true,exitoso,,,10130.086754539,10126.875794954,,,2026-09-05T00:17:13.288961Z
3413c088-c2d0-4499-86d5-90b00c3122bc,run1_rep1,G,CLOSED,CLOSED,request,PROVIDER,N/A,,3111.035959000219,INFO,adaptador.request,true,exitoso,,,10130.155478122,10127.044442163,,,2026-09-05T00:17:13.357649Z
1d6a1967-83d1-4d0e-ace4-5dd119f22dbb,run1_rep1,G,CLOSED,CLOSED,request,PROVIDER,N/A,,2964.353667999603,INFO,adaptador.request,true,exitoso,,,10130.221852331,10127.257498663,,,2026-09-05T00:17:13.424050Z
c7b1f8d5-b422-4066-9432-e4987cc7378e,run1_rep1,G,CLOSED,CLOSED,request,PROVIDER,N/A,,3062.849460000507,INFO,adaptador.request,true,exitoso,,,10130.320764164,10127.257914704,,,2026-09-05T00:17:13.522950Z
4515f231-d7e3-4a4d-908a-2da7eb926144,run1_rep1,G,CLOSED,CLOSED,request,PROVIDER,N/A,,2961.950042999888,INFO,adaptador.request,true,exitoso,,,10130.421489498,10127.459539455,,,2026-09-05T00:17:13.623727Z
b2c3daa2-818d-43fd-a158-f7b407cd7e6f,run1_rep1,G,CLOSED,CLOSED,request,PROVIDER,N/A,,3034.036417999232,INFO,adaptador.request,true,exitoso,,,10130.499992914,10127.465956496,,,2026-09-05T00:17:13.702208Z
d7223e2c-eb58-4295-8d86-be00ba6c8569,run1_rep1,G,CLOSED,CLOSED,request,PROVIDER,N/A,,3077.254918000108,INFO,adaptador.request,true,exitoso,,,10130.576133914,10127.498878996,,,2026-09-05T00:17:13.778314Z
2b23a94c-162f-4288-adee-f2d4bbc66066,run1_rep1,G,CLOSED,CLOSED,request,PROVIDER,N/A,,3170.1918760008994,INFO,adaptador.request,true,exitoso,,,10130.669515039,10127.499323163,,,2026-09-05T00:17:13.871736Z
03c2cfc4-965b-4486-8cce-e44aa992472c,run1_rep1,G,CLOSED,CLOSED,request,PROVIDER,N/A,,3251.39158499951,INFO,adaptador.request,true,exitoso,,,10130.753084748,10127.501693163,,,2026-09-05T00:17:13.955255Z
0c8158c5-bb1e-4e4c-9e94-d98d914dec20,run1_rep1,G,CLOSED,CLOSED,request,PROVIDER,N/A,,3320.782209999379,INFO,adaptador.request,true,exitoso,,,10130.823725123,10127.502942913,,,2026-09-05T00:17:14.025907Z
073f79dd-6ef1-4910-a40e-834a0ae1ac32,run1_rep1,G,CLOSED,CLOSED,request,PROVIDER,N/A,,3408.898417999808,INFO,adaptador.request,true,exitoso,,,10130.913162706,10127.504264288,,,2026-09-05T00:17:14.115341Z
1305c491-087d-45a2-9141-f12475d3a52a,run1_rep1,G,CLOSED,CLOSED,request,PROVIDER,N/A,,3486.9831679989147,INFO,adaptador.request,true,exitoso,,,10130.991666581,10127.504683413,,,2026-09-05T00:17:14.194232Z
60b8b70f-e802-4467-8b7a-a2894ce77f64,run1_rep1,G,CLOSED,CLOSED,request,PROVIDER,N/A,,3594.0859599995747,INFO,adaptador.request,true,exitoso,,,10131.100216623,10127.506130663,,,2026-09-05T00:17:14.302415Z
687377e1-adcd-4f4d-84f9-c95475099411,run1_rep1,G,CLOSED,CLOSED,request,PROVIDER,N/A,,3658.952752000914,INFO,adaptador.request,true,exitoso,,,10131.165651748,10127.506698996,,,2026-09-05T00:17:14.367855Z
40f614fe-3ddb-40b1-a4e8-467f8cde6fe8,run1_rep1,G,CLOSED,CLOSED,request,PROVIDER,N/A,,3723.8023769987194,INFO,adaptador.request,true,exitoso,,,10131.232235123,10127.508432746,,,2026-09-05T00:17:14.434443Z
8b2d44e0-f698-4b6e-9cbd-185865230797,run1_rep1,G,CLOSED,CLOSED,request,PROVIDER,N/A,,3815.5333769991557,INFO,adaptador.request,true,exitoso,,,10131.324231748,10127.508698371,,,2026-09-05T00:17:14.526514Z
59edd5f2-6656-4cb8-ae65-2f8561c638d2,run1_rep1,G,CLOSED,CLOSED,request,PROVIDER,N/A,,3861.1441680004646,INFO,adaptador.request,true,exitoso,,,10131.405455081,10127.544310913,,,2026-09-05T00:17:14.607646Z
56d7d729-fa42-4283-8aaf-1388b32ef24a,run1_rep1,G,CLOSED,CLOSED,request,PROVIDER,N/A,,3906.123918000958,INFO,adaptador.request,true,exitoso,,,10131.480363331,10127.574239413,,,2026-09-05T00:17:14.682568Z
885758bc-197c-4548-a77d-5aca92873e51,run1_rep1,G,CLOSED,CLOSED,request,PROVIDER,N/A,,3913.2197519993497,INFO,adaptador.request,true,exitoso,,,10131.549683665,10127.636463913,,,2026-09-05T00:17:14.751938Z
f4ba837a-efb5-4eb2-8670-3f8aff17097b,run1_rep1,G,CLOSED,CLOSED,request,PROVIDER,N/A,,3955.8930860002874,INFO,adaptador.request,true,exitoso,,,10131.623599457,10127.667706371,,,2026-09-05T00:17:14.825763Z
913aa6c3-001c-4bb8-8ccb-58e7e9bb77a1,run1_rep1,G,CLOSED,CLOSED,request,PROVIDER,N/A,,3898.7371690000145,INFO,adaptador.request,true,exitoso,,,10131.682970415,10127.784233246,,,2026-09-05T00:17:14.885194Z
fa697020-b9b5-4042-af66-d13ca10fda8c,run1_rep1,G,CLOSED,CLOSED,request,PROVIDER,N/A,,3796.13537700061,INFO,adaptador.request,true,exitoso,,,10131.785377373,10127.989241996,,,2026-09-05T00:17:14.987832Z
a3c1ffc7-3cee-4422-971e-690945584266,run1_rep1,G,CLOSED,CLOSED,request,PROVIDER,N/A,,3865.349919000437,INFO,adaptador.request,true,exitoso,,,10131.882678332,10128.017328413,,,2026-09-05T00:17:15.084886Z
198e4ce6-0a61-40d0-a5a0-6d5234f69aca,run1_rep1,G,CLOSED,CLOSED,request,PROVIDER,N/A,,3961.6864190011256,INFO,adaptador.request,true,exitoso,,,10131.979493332,10128.017806913,,,2026-09-05T00:17:15.181742Z
0cb7348b-e17f-4ce1-a999-1b36b3d79a15,run1_rep1,G,CLOSED,CLOSED,request,PROVIDER,N/A,,3958.451460001015,INFO,adaptador.request,true,exitoso,,,10132.056266207,10128.097814747,,,2026-09-05T00:17:15.258401Z
4b8326d0-f911-40ea-8c46-926f9b889152,run1_rep1,G,CLOSED,CLOSED,request,PROVIDER,N/A,,3814.8431689987774,INFO,adaptador.request,true,exitoso,,,10132.131891332,10128.317048163,,,2026-09-05T00:17:15.334058Z
d8ce6358-79ef-4384-9e98-8dcb31305980,run1_rep1,G,CLOSED,CLOSED,request,PROVIDER,N/A,,3840.6512930014287,INFO,adaptador.request,true,exitoso,,,10132.216135123,10128.37548383,,,2026-09-05T00:17:15.418285Z
c269a8a1-9950-45af-b84d-4564c8ba6178,run1_rep1,G,CLOSED,CLOSED,request,PROVIDER,N/A,,3882.5838769989787,INFO,adaptador.request,true,exitoso,,,10132.310802207,10128.42821833,,,2026-09-05T00:17:15.513038Z
7a3b80de-61c1-49ef-bbe1-f53f5380171b,run1_rep1,G,CLOSED,CLOSED,request,PROVIDER,N/A,,3858.3248349987116,INFO,adaptador.request,true,exitoso,,,10132.400649582,10128.542324747,,,2026-09-05T00:17:15.602876Z
1dbc7169-0afe-48f1-968a-7a21631a79af,run1_rep1,G,CLOSED,CLOSED,request,PROVIDER,N/A,,3880.183085000681,INFO,adaptador.request,true,exitoso,,,10132.492144415,10128.61196133,,,2026-09-05T00:17:15.694324Z
bee44177-c124-47ba-af02-6da5ef684dee,run1_rep1,G,CLOSED,CLOSED,request,PROVIDER,N/A,,3909.8042940004234,INFO,adaptador.request,true,exitoso,,,10132.560657374,10128.65085308,,,2026-09-05T00:17:15.762781Z
c63a3875-310a-43e0-82ef-5bc47a6fe91c,run1_rep1,G,CLOSED,CLOSED,request,PROVIDER,N/A,,3889.564626999345,INFO,adaptador.request,true,exitoso,,,10132.64307404,10128.753509413,,,2026-09-05T00:17:15.845229Z
686bb9e9-8e29-4b0a-aba8-2b39367757da,run1_rep1,G,CLOSED,CLOSED,request,PROVIDER,N/A,,3899.2159600002196,INFO,adaptador.request,true,exitoso,,,10132.716199332,10128.816983372,,,2026-09-05T00:17:15.918344Z
55465aea-0b75-408a-bbbf-2adb95ce4c9b,run1_rep1,G,CLOSED,CLOSED,request,PROVIDER,N/A,,3906.4369600000646,INFO,adaptador.request,true,exitoso,,,10132.809289999,10128.902853039,,,2026-09-05T00:17:16.011464Z
4b432690-0779-46a1-9573-0f5e7ffacf05,run1_rep1,G,CLOSED,CLOSED,request,PROVIDER,N/A,,3874.546877001194,INFO,adaptador.request,true,exitoso,,,10132.882833707,10129.00828683,,,2026-09-05T00:17:16.085019Z
5d7cdc69-a3da-4511-9a7f-fa9224fb8e09,run1_rep1,G,CLOSED,CLOSED,request,PROVIDER,N/A,,3907.1191679995536,INFO,adaptador.request,true,exitoso,,,10132.964156957,10129.057037789,,,2026-09-05T00:17:16.166406Z
22a4bf4c-8e65-42bd-bb80-744bced40b1e,run1_rep1,G,CLOSED,CLOSED,request,PROVIDER,N/A,,3918.7252930005343,INFO,adaptador.request,true,exitoso,,,10133.030635707,10129.111910414,,,2026-09-05T00:17:16.232818Z
b27e9c9a-300c-4fae-a774-51b4cfb8430e,run1_rep1,G,CLOSED,CLOSED,request,PROVIDER,N/A,,3844.9458770010096,INFO,adaptador.request,true,exitoso,,,10133.121612707,10129.27666683,,,2026-09-05T00:17:16.323887Z
411347f0-16b7-4947-91d7-1a43492d9660,run1_rep1,G,CLOSED,CLOSED,request,PROVIDER,N/A,,3802.3473770008422,INFO,adaptador.request,true,exitoso,,,10133.181558624,10129.379211247,,,2026-09-05T00:17:16.383746Z
ebbb1a08-a9bd-45a2-829e-9127e7539aba,run1_rep1,G,CLOSED,CLOSED,request,PROVIDER,N/A,,3863.4425430009287,INFO,adaptador.request,true,exitoso,,,10133.282335207,10129.418892664,,,2026-09-05T00:17:16.484521Z
53d6357f-e7cf-466e-9019-95f33368e1b8,run1_rep1,G,CLOSED,CLOSED,request,PROVIDER,N/A,,3929.50325199854,INFO,adaptador.request,true,exitoso,,,10133.380571957,10129.451068705,,,2026-09-05T00:17:16.582738Z
597f4693-b9f4-4214-a186-86c39c818667,run1_rep1,G,CLOSED,CLOSED,request,PROVIDER,N/A,,3956.2308770000527,INFO,adaptador.request,true,exitoso,,,10133.447102374,10129.490871497,,,2026-09-05T00:17:16.649285Z
be6a16cd-7d9f-49ed-bd6e-46ac3692c031,run1_rep1,G,CLOSED,CLOSED,request,PROVIDER,N/A,,3992.9537099997106,INFO,adaptador.request,true,exitoso,,,10133.533846999,10129.540893289,,,2026-09-05T00:17:16.736028Z
280d10b4-4140-48f1-9150-b99bba70e537,run1_rep1,G,CLOSED,CLOSED,request,PROVIDER,N/A,,3749.7084599999653,INFO,adaptador.request,true,exitoso,,,10133.601653957,10129.851945497,,,2026-09-05T00:17:16.803819Z
1f519e97-a603-4918-abd0-fd5079c1a11a,run1_rep1,G,CLOSED,CLOSED,request,PROVIDER,N/A,,3687.0099600000685,INFO,adaptador.request,true,exitoso,,,10133.695046249,10130.008036289,,,2026-09-05T00:17:16.897246Z
5482805b-d2bc-4569-8fff-49a61f5de0b8,run1_rep1,G,CLOSED,CLOSED,request,PROVIDER,N/A,,3670.490793998397,INFO,adaptador.request,true,exitoso,,,10133.755581708,10130.085090914,,,2026-09-05T00:17:16.957763Z
3a3342f3-b132-4e36-ba32-e90bed2c7ea2,run1_rep1,G,CLOSED,CLOSED,request,PROVIDER,N/A,,3766.859335000845,INFO,adaptador.request,true,exitoso,,,10133.856737291,10130.089877956,,,2026-09-05T00:17:17.059014Z
1b0fc1c5-43c0-46d1-a622-7d61a0fbcc80,run1_rep1,G,CLOSED,CLOSED,request,PROVIDER,N/A,,3803.370792998976,INFO,adaptador.request,true,exitoso,,,10133.937124499,10130.133753706,,,2026-09-05T00:17:17.139316Z
4e8c63d2-3e05-4079-9a1b-3c8465567299,run1_rep1,G,CLOSED,CLOSED,request,PROVIDER,N/A,,3881.7120860003342,INFO,adaptador.request,true,exitoso,,,10134.041262833,10130.159550747,,,2026-09-05T00:17:17.243450Z
f9bb3c58-c394-495c-8e3c-4c8b925af331,run1_rep1,G,CLOSED,CLOSED,request,PROVIDER,N/A,,3954.630043999714,INFO,adaptador.request,true,exitoso,,,10134.134667166,10130.180037122,,,2026-09-05T00:17:17.336859Z
e3f5fad6-9059-4ee3-8324-fef33123a630,run1_rep1,G,CLOSED,CLOSED,request,PROVIDER,N/A,,3804.0600010008347,INFO,adaptador.request,true,exitoso,,,10134.228734749,10130.424674748,,,2026-09-05T00:17:17.430936Z
26d4c6b7-cebc-4c1c-9a10-63a3c5078988,run1_rep1,G,CLOSED,CLOSED,request,PROVIDER,N/A,,3836.3262099992426,INFO,adaptador.request,true,exitoso,,,10134.314478833,10130.478152623,,,2026-09-05T00:17:17.516671Z
63641f24-2f92-4493-9d29-10dd804dde7f,run1_rep1,G,CLOSED,CLOSED,request,PROVIDER,N/A,,3913.681293999616,INFO,adaptador.request,true,exitoso,,,10134.424058333,10130.510377039,,,2026-09-05T00:17:17.626260Z
7d836311-7b90-4935-88ed-f3ca27508851,run1_rep1,G,CLOSED,CLOSED,request,PROVIDER,N/A,,3946.786084999985,INFO,adaptador.request,true,exitoso,,,10134.495321083,10130.548534998,,,2026-09-05T00:17:17.697570Z
f791eea0-4ecb-42cc-a265-1f5f9d8a69c9,run1_rep1,G,CLOSED,CLOSED,request,PROVIDER,N/A,,3996.2626269989414,INFO,adaptador.request,true,exitoso,,,10134.595578583,10130.599315956,,,2026-09-05T00:17:17.797751Z
15c9769d-e9ac-4318-abfe-00481a6e23da,run1_rep1,G,CLOSED,CLOSED,request,PROVIDER,N/A,,3790.1939600014884,INFO,adaptador.request,true,exitoso,,,10134.684593833,10130.894399873,,,2026-09-05T00:17:17.886752Z
adec16d4-034b-4935-a34d-757e5272636d,run1_rep1,G,CLOSED,CLOSED,request,PROVIDER,N/A,,3795.609417999003,INFO,adaptador.request,true,exitoso,,,10134.788321458,10130.99271204,,,2026-09-05T00:17:17.990538Z
1a9fe0f8-5a9e-4ec8-940c-13583b8e8795,run1_rep1,G,CLOSED,CLOSED,request,PROVIDER,N/A,,3878.7662100003217,INFO,adaptador.request,true,exitoso,,,10134.8971535,10131.01838729,,,2026-09-05T00:17:18.099398Z
4630d94e-22ca-4ea4-abaf-d868638e535e,run1_rep1,G,CLOSED,CLOSED,request,PROVIDER,N/A,,3944.9646690009104,INFO,adaptador.request,true,exitoso,,,10134.974442875,10131.029478206,,,2026-09-05T00:17:18.176619Z
0ce3555e-d4ee-4291-a9a4-31b36df032a4,run1_rep1,G,CLOSED,CLOSED,request,PROVIDER,N/A,,3914.120460000049,INFO,adaptador.request,true,exitoso,,,10135.06748025,10131.15335979,,,2026-09-05T00:17:18.269646Z
426ed69b-d2a3-4bea-b6d8-6a9a20bc2594,run1_rep1,G,CLOSED,CLOSED,request,PROVIDER,N/A,,3774.108502000672,INFO,adaptador.request,true,exitoso,,,10135.17238225,10131.398273748,,,2026-09-05T00:17:18.374636Z
96ad4ab6-bde7-4e75-85c9-c769ebed5298,run1_rep1,G,CLOSED,CLOSED,request,PROVIDER,N/A,,3816.198792999785,INFO,adaptador.request,true,exitoso,,,10135.244867083,10131.42866829,,,2026-09-05T00:17:18.447052Z
bfd9125e-a3ba-4248-acab-b611f04300a8,run1_rep1,G,CLOSED,CLOSED,request,PROVIDER,N/A,,3891.844460000357,INFO,adaptador.request,true,exitoso,,,10135.322523833,10131.430679373,,,2026-09-05T00:17:18.524748Z
578a8e91-da12-4eda-b793-b8323cea42d5,run1_rep1,G,CLOSED,CLOSED,request,PROVIDER,N/A,,3947.736376998364,INFO,adaptador.request,true,exitoso,,,10135.389072625,10131.441336248,,,2026-09-05T00:17:18.591233Z
878c2b60-42e8-4da7-9fdb-b381170c9021,run1_rep1,G,CLOSED,CLOSED,request,PROVIDER,N/A,,3841.6377100002137,INFO,adaptador.request,true,exitoso,,,10135.462598833,10131.620961123,,,2026-09-05T00:17:18.664793Z
1f169546-eed9-42c9-abff-dc4ad9dda06d,run1_rep1,G,CLOSED,CLOSED,request,PROVIDER,N/A,,3778.621209999983,INFO,adaptador.request,true,exitoso,,,10135.563780667,10131.785159457,,,2026-09-05T00:17:18.765937Z
ec9291e7-5495-4a77-9618-0464c72ab1e1,run1_rep1,G,CLOSED,CLOSED,request,PROVIDER,N/A,,3841.2142939996556,INFO,adaptador.request,true,exitoso,,,10135.656600667,10131.815386373,,,2026-09-05T00:17:18.858912Z
f7fd0b28-aa7e-447f-82d4-675a0aae9ec2,run1_rep1,G,CLOSED,CLOSED,request,PROVIDER,N/A,,3898.5678770004597,INFO,adaptador.request,true,exitoso,,,10135.72185675,10131.823288873,,,2026-09-05T00:17:18.924023Z
4a6807b4-04b4-4963-9be1-617af27ca668,run1_rep1,G,CLOSED,CLOSED,request,PROVIDER,N/A,,3859.981126999628,INFO,adaptador.request,true,exitoso,,,10135.787760709,10131.927779582,,,2026-09-05T00:17:18.989917Z
2e498ba0-9dcc-4f01-a038-b849ed57e7a3,run1_rep1,G,CLOSED,CLOSED,request,PROVIDER,N/A,,3899.9230850004096,INFO,adaptador.request,true,exitoso,,,10135.8893575,10131.989434415,,,2026-09-05T00:17:19.091534Z
d80370d0-9983-46d4-9b58-14a6b70d6d09,run1_rep1,G,CLOSED,CLOSED,request,PROVIDER,N/A,,3954.6040019995417,INFO,adaptador.request,true,exitoso,,,10135.97321425,10132.018610248,,,2026-09-05T00:17:19.175412Z
579eb42f-70a3-4b1b-96c1-3cb3cd482685,run1_rep1,G,CLOSED,CLOSED,request,PROVIDER,N/A,,3945.12966900038,INFO,adaptador.request,true,exitoso,,,10136.037394542,10132.092264873,,,2026-09-05T00:17:19.239599Z
c74f18ed-288b-4729-b844-0647b5aba9df,run1_rep1,G,CLOSED,CLOSED,request,PROVIDER,N/A,,3982.0046269996965,INFO,adaptador.request,true,exitoso,,,10136.122079625,10132.140074998,,,2026-09-05T00:17:19.324242Z
188340b3-e55f-4272-938a-2e5a433f0fac,run1_rep1,G,CLOSED,CLOSED,request,PROVIDER,N/A,,3931.9039189995237,INFO,adaptador.request,true,exitoso,,,10136.216739167,10132.284835248,,,2026-09-05T00:17:19.418927Z
fc72ff90-4c4a-4c44-be0c-ebf2c923dfc5,run1_rep1,G,CLOSED,CLOSED,request,PROVIDER,N/A,,3801.566210000601,INFO,adaptador.request,true,exitoso,,,10136.316132125,10132.514565915,,,2026-09-05T00:17:19.518305Z
1fc00161-1f5f-46ea-8330-86d31c531a10,run1_rep1,G,CLOSED,CLOSED,request,PROVIDER,N/A,,3851.5107099992747,INFO,adaptador.request,true,exitoso,,,10136.400232209,10132.548721499,,,2026-09-05T00:17:19.602420Z
a11f90cb-4fe3-4f2d-be80-592e4b956a8a,run1_rep1,G,CLOSED,CLOSED,request,PROVIDER,N/A,,3929.610376999335,INFO,adaptador.request,true,exitoso,,,10136.506355626,10132.576745249,,,2026-09-05T00:17:19.708557Z
b0b5900c-2ac8-44a3-88b6-42762516938d,run1_rep1,G,CLOSED,CLOSED,request,PROVIDER,N/A,,3913.693042999512,INFO,adaptador.request,true,exitoso,,,10136.614326792,10132.700633749,,,2026-09-05T00:17:19.816519Z
28ddb4db-123d-4448-9d3d-9f8b0d2f6b27,run1_rep1,G,CLOSED,CLOSED,request,PROVIDER,N/A,,3962.516419000167,INFO,adaptador.request,true,exitoso,,,10136.677256751,10132.714740332,,,2026-09-05T00:17:19.879407Z
a950493f-94a9-46d1-a24d-03771f79f4cd,run1_rep1,G,CLOSED,CLOSED,request,PROVIDER,N/A,,3959.410960000241,INFO,adaptador.request,true,exitoso,,,10136.747505167,10132.788094207,,,2026-09-05T00:17:19.949664Z
15f5df1a-a25b-445c-a970-0a647dd9623f,run1_rep1,G,CLOSED,CLOSED,request,PROVIDER,N/A,,3829.1111270009424,INFO,adaptador.request,true,exitoso,,,10136.816713542,10132.987602415,,,2026-09-05T00:17:20.018868Z
e8db34f9-a152-460f-907a-3ef430f79dfb,run1_rep1,G,CLOSED,CLOSED,request,PROVIDER,N/A,,3908.2772940000723,INFO,adaptador.request,true,exitoso,,,10136.914378126,10133.006100832,,,2026-09-05T00:17:20.116578Z
d61bc7b5-f6fe-472e-a1d8-58cb2f80f977,run1_rep1,G,CLOSED,CLOSED,request,PROVIDER,N/A,,3877.868376001061,INFO,adaptador.request,true,exitoso,,,10137.003848292,10133.125979916,,,2026-09-05T00:17:20.206037Z
263c395d-9b6a-4f15-997a-689862054444,run1_rep1,G,CLOSED,CLOSED,request,PROVIDER,N/A,,3964.2617930003325,INFO,adaptador.request,true,exitoso,,,10137.095034709,10133.130772916,,,2026-09-05T00:17:20.297241Z
44575023-bb47-41b2-97f7-3833dec87b96,run1_rep1,G,CLOSED,CLOSED,request,PROVIDER,N/A,,3862.7037099995505,INFO,adaptador.request,true,exitoso,,,10137.182563917,10133.319860207,,,2026-09-05T00:17:20.384780Z
1663af57-d1d6-4ebf-9269-9097cee85dfb,run1_rep1,G,CLOSED,CLOSED,request,PROVIDER,N/A,,3948.429543999737,INFO,adaptador.request,true,exitoso,,,10137.268678793,10133.320249249,,,2026-09-05T00:17:20.470886Z
8d83fa71-fbf9-4212-a947-245044584abe,run1_rep1,G,CLOSED,CLOSED,request,PROVIDER,N/A,,3937.627377001263,INFO,adaptador.request,true,exitoso,,,10137.339327543,10133.401700166,,,2026-09-05T00:17:20.541513Z
7ea5419b-d2f3-4997-a922-b6f27bfd35fe,run1_rep1,G,CLOSED,CLOSED,request,PROVIDER,N/A,,3902.8156269996543,INFO,adaptador.request,true,exitoso,,,10137.415694459,10133.512878832,,,2026-09-05T00:17:20.617867Z
b3c9514b-9747-48b1-bd18-e8888e417d10,run1_rep1,G,CLOSED,CLOSED,request,PROVIDER,N/A,,3976.491210001768,INFO,adaptador.request,true,exitoso,,,10137.523304501,10133.546813291,,,2026-09-05T00:17:20.725491Z
e502ab95-9f44-4aae-90a8-eec9df41c319,run1_rep1,G,CLOSED,CLOSED,request,PROVIDER,N/A,,4044.539544000145,INFO,adaptador.request,true,exitoso,,,10137.591745418,10133.547205874,,,2026-09-05T00:17:20.793945Z
5a5a5341-1ac1-48ac-995f-ea9da1efa849,run1_rep1,G,CLOSED,CLOSED,request,PROVIDER,N/A,,3921.219210000345,INFO,adaptador.request,true,exitoso,,,10137.653086918,10133.731867708,,,2026-09-05T00:17:20.855279Z
049dc971-37b2-485a-abbb-a6447b4d2724,run1_rep1,G,CLOSED,CLOSED,request,PROVIDER,N/A,,3981.1705440006335,INFO,adaptador.request,true,exitoso,,,10137.722485418,10133.741314874,,,2026-09-05T00:17:20.924647Z
1b620709-65fa-4330-a685-41b227748cf3,run1_rep1,G,CLOSED,CLOSED,request,PROVIDER,N/A,,3906.052001999342,INFO,adaptador.request,true,exitoso,,,10137.798046876,10133.891994874,,,2026-09-05T00:17:21.000244Z
d57814b1-5132-435a-be59-e102f419c689,run1_rep1,G,CLOSED,CLOSED,request,PROVIDER,N/A,,3880.4272929992294,INFO,adaptador.request,true,exitoso,,,10137.864443751,10133.984016458,,,2026-09-05T00:17:21.066633Z
55562782-aaa5-403e-b51f-514a3f2697d3,run1_rep1,G,CLOSED,CLOSED,request,PROVIDER,N/A,,3972.6452939994488,INFO,adaptador.request,true,exitoso,,,10137.956948293,10133.984302999,,,2026-09-05T00:17:21.159147Z
3d7b2dc8-a572-443d-b2ec-eabe2279f5fc,run1_rep1,G,CLOSED,CLOSED,request,PROVIDER,N/A,,4014.587293000659,INFO,adaptador.request,true,exitoso,,,10138.038253126,10134.023665833,,,2026-09-05T00:17:21.240437Z
567e067b-3117-4827-bcad-fb3f87d78193,run1_rep1,G,CLOSED,CLOSED,request,PROVIDER,N/A,,4043.24841900052,INFO,adaptador.request,true,exitoso,,,10138.134375668,10134.091127249,,,2026-09-05T00:17:21.336544Z
b9aeac31-003d-4cdd-a964-5a7d90895a64,run1_rep1,G,CLOSED,CLOSED,request,PROVIDER,N/A,,3872.1595860006346,INFO,adaptador.request,true,exitoso,,,10138.196121585,10134.323961999,,,2026-09-05T00:17:21.398318Z
df14e93c-c9d0-4a6e-8807-a6cebbabecd4,run1_rep1,G,CLOSED,CLOSED,request,PROVIDER,N/A,,3920.9554179997212,INFO,adaptador.request,true,exitoso,,,10138.256194376,10134.335238958,,,2026-09-05T00:17:21.458399Z
484e6828-d7b8-4c50-a734-e05318228c16,run1_rep1,G,CLOSED,CLOSED,request,PROVIDER,N/A,,4006.6640020013438,INFO,adaptador.request,true,exitoso,,,10138.347362001,10134.340697999,,,2026-09-05T00:17:21.549555Z
782ebbc5-18ae-4626-8b4b-ec4e51f7f978,run1_rep1,G,CLOSED,CLOSED,request,PROVIDER,N/A,,4062.34625199977,INFO,adaptador.request,true,exitoso,,,10138.426171001,10134.363824749,,,2026-09-05T00:17:21.628320Z
ac22ac42-a09c-4f62-89a9-96421b8cba19,run1_rep1,G,CLOSED,CLOSED,request,PROVIDER,N/A,,3917.40691799896,INFO,adaptador.request,true,exitoso,,,10138.514872418,10134.5974655,,,2026-09-05T00:17:21.717064Z
f550f347-557c-4e59-acd8-128d04c661da,run1_rep1,G,CLOSED,CLOSED,request,PROVIDER,N/A,,3960.7700849992398,INFO,adaptador.request,true,exitoso,,,10138.593853335,10134.63308325,,,2026-09-05T00:17:21.796088Z
d0c4af03-5b09-42c2-928a-611e1bb656f8,run1_rep1,G,CLOSED,CLOSED,request,PROVIDER,N/A,,3961.514710001211,INFO,adaptador.request,true,exitoso,,,10138.668415918,10134.706901208,,,2026-09-05T00:17:21.870616Z
e9db33d7-f434-4484-8be6-ee38f40b60bd,run1_rep1,G,CLOSED,CLOSED,request,PROVIDER,N/A,,3879.2192100008833,INFO,adaptador.request,true,exitoso,,,10138.735408168,10134.856188958,,,2026-09-05T00:17:21.937578Z
ded9a34b-8a96-4606-9802-9cea716b3a3c,run1_rep1,G,CLOSED,CLOSED,request,PROVIDER,N/A,,3791.552459999366,INFO,adaptador.request,true,exitoso,,,10138.83149196,10135.0399395,,,2026-09-05T00:17:22.033682Z
d2d496a0-b255-4168-bcaa-4c05ebb369ee,run1_rep1,G,CLOSED,CLOSED,request,PROVIDER,N/A,,3815.8753349998733,INFO,adaptador.request,true,exitoso,,,10138.906978085,10135.09110275,,,2026-09-05T00:17:22.109305Z
ceb9a554-e8ce-4f91-b1a1-0998c991d935,run1_rep1,G,CLOSED,CLOSED,request,PROVIDER,N/A,,3813.513002000036,INFO,adaptador.request,true,exitoso,,,10139.014067502,10135.2005545,,,2026-09-05T00:17:22.216284Z
3000def8-73cf-4d91-9605-0b3e5af1776a,run1_rep1,G,CLOSED,CLOSED,request,PROVIDER,N/A,,3885.62258499951,INFO,adaptador.request,true,exitoso,,,10139.108817335,10135.22319475,,,2026-09-05T00:17:22.311041Z
bf4ac501-77ef-4aec-9867-33017f450098,run1_rep1,G,CLOSED,CLOSED,request,PROVIDER,N/A,,3788.187250998817,INFO,adaptador.request,true,exitoso,,,10139.204479793,10135.416292542,,,2026-09-05T00:17:22.406682Z
551bdfd6-802e-47ef-8b96-a4627a8d7167,run1_rep1,G,CLOSED,CLOSED,request,PROVIDER,N/A,,3832.206835000761,INFO,adaptador.request,true,exitoso,,,10139.281845085,10135.44963825,,,2026-09-05T00:17:22.484061Z
299fd5ae-0347-425e-93c4-810eb4c0c08b,run1_rep1,G,CLOSED,CLOSED,request,PROVIDER,N/A,,3821.264459998929,INFO,adaptador.request,true,exitoso,,,10139.362924627,10135.541660167,,,2026-09-05T00:17:22.565136Z
977cfc8c-5364-472e-8604-c8b9382be224,run1_rep1,G,CLOSED,CLOSED,request,PROVIDER,N/A,,3826.920419000089,INFO,adaptador.request,true,exitoso,,,10139.433822419,10135.606902,,,2026-09-05T00:17:22.636012Z
8a1c856e-e2c9-4d2f-a8a8-4e0006b015bb,run1_rep1,G,CLOSED,CLOSED,request,PROVIDER,N/A,,3796.345126998858,INFO,adaptador.request,true,exitoso,,,10139.494046544,10135.697701417,,,2026-09-05T00:17:22.696192Z
6af695b4-adc6-47ca-acba-6deeac2b180f,run1_rep1,G,CLOSED,CLOSED,request,PROVIDER,N/A,,3826.6395440005,INFO,adaptador.request,true,exitoso,,,10139.583852669,10135.757213125,,,2026-09-05T00:17:22.786051Z
e976d8ef-c10c-4bb8-9a40-3ccdc00c71d2,run1_rep1,G,CLOSED,CLOSED,request,PROVIDER,N/A,,3834.8862929997267,INFO,adaptador.request,true,exitoso,,,10139.659391627,10135.824505334,,,2026-09-05T00:17:22.861571Z
062222ba-6b95-4d16-8f4b-a25833d6ef1d,run1_rep1,G,CLOSED,CLOSED,request,PROVIDER,N/A,,3825.1882519998617,INFO,adaptador.request,true,exitoso,,,10139.757842419,10135.932654167,,,2026-09-05T00:17:22.960576Z
3855a686-ecd1-420a-a000-709408196a3e,run1_rep1,G,CLOSED,CLOSED,request,PROVIDER,N/A,,3770.5467930009036,INFO,adaptador.request,true,exitoso,,,10139.828485877,10136.057939084,,,2026-09-05T00:17:23.030644Z
e41d9a2b-4f87-4ec4-865b-82d08408da10,run1_rep1,G,CLOSED,CLOSED,request,PROVIDER,N/A,,3824.721459999637,INFO,adaptador.request,true,exitoso,,,10139.918307877,10136.093586417,,,2026-09-05T00:17:23.120551Z
2de5cee5-1f54-48e5-bff6-876fd5c9ceae,run1_rep1,G,CLOSED,CLOSED,request,PROVIDER,N/A,,3876.9947929995396,INFO,adaptador.request,true,exitoso,,,10140.014564752,10136.137569959,,,2026-09-05T00:17:23.216686Z
b251f820-70a7-4c69-98ae-7c899c10700d,run1_rep1,G,CLOSED,CLOSED,request,PROVIDER,N/A,,3914.357169000141,INFO,adaptador.request,true,exitoso,,,10140.113304586,10136.198947417,,,2026-09-05T00:17:23.315459Z
d05a917b-cddd-42d0-9199-95ca1ee2a633,run1_rep1,G,CLOSED,CLOSED,request,PROVIDER,N/A,,3966.427751998708,INFO,adaptador.request,true,exitoso,,,10140.207343211,10136.240915459,,,2026-09-05T00:17:23.409532Z
609b4c42-54e6-4f3c-ad4a-4126259b449c,run1_rep1,G,CLOSED,CLOSED,request,PROVIDER,N/A,,4016.039919000832,INFO,adaptador.request,true,exitoso,,,10140.307137836,10136.291097917,,,2026-09-05T00:17:23.509328Z
d14d1f8c-125d-4195-b325-bde2a2f32557,run1_rep1,G,CLOSED,CLOSED,request,PROVIDER,N/A,,4045.491085998947,INFO,adaptador.request,true,exitoso,,,10140.411973711,10136.366482625,,,2026-09-05T00:17:23.614198Z
8c124c1a-30b8-4b40-8cf4-84e5b176e949,run1_rep1,G,CLOSED,CLOSED,request,PROVIDER,N/A,,4030.587502000344,INFO,adaptador.request,true,exitoso,,,10140.480410586,10136.449823084,,,2026-09-05T00:17:23.682601Z
15dd461e-d838-45a5-85e9-899f48f3355d,run1_rep1,G,CLOSED,CLOSED,request,PROVIDER,N/A,,3873.959126000045,INFO,adaptador.request,true,exitoso,,,10140.548161627,10136.674202501,,,2026-09-05T00:17:23.750349Z
2f80355f-3dfb-4709-a959-5ca0cb347559,run1_rep1,G,CLOSED,CLOSED,request,PROVIDER,N/A,,3803.1970850006473,INFO,adaptador.request,true,exitoso,,,10140.644505169,10136.841308084,,,2026-09-05T00:17:23.846718Z
824d7e99-e7f9-4e69-8455-ce7e1f4b9137,run1_rep1,G,CLOSED,CLOSED,request,PROVIDER,N/A,,3894.998461000796,INFO,adaptador.request,true,exitoso,,,10140.736832253,10136.841833792,,,2026-09-05T00:17:23.939057Z
c6ee83fd-defa-43de-8add-e03683d70527,run1_rep1,G,CLOSED,CLOSED,request,PROVIDER,N/A,,3941.2592520002363,INFO,adaptador.request,true,exitoso,,,10140.877904461,10136.936645209,,,2026-09-05T00:17:24.080037Z
94f1a5a9-bf24-433b-9cf8-dae82966aef8,run1_rep1,G,CLOSED,CLOSED,request,PROVIDER,N/A,,3998.0273349992785,INFO,adaptador.request,true,exitoso,,,10140.955960669,10136.957933334,,,2026-09-05T00:17:24.158186Z
cd39be46-a730-4988-9d18-8a2de2eb81e3,run1_rep1,G,CLOSED,CLOSED,request,PROVIDER,N/A,,3940.6935019997036,INFO,adaptador.request,true,exitoso,,,10141.018920711,10137.078227209,,,2026-09-05T00:17:24.221121Z
71bc4ce4-6967-4812-a0ba-44aceaf43818,run1_rep1,G,CLOSED,CLOSED,request,PROVIDER,N/A,,3899.943459999122,INFO,adaptador.request,true,exitoso,,,10141.113779669,10137.213836209,,,2026-09-05T00:17:24.315945Z
ea87e09f-8a17-4d17-839b-696241c860ba,run1_rep1,G,CLOSED,CLOSED,request,PROVIDER,N/A,,3919.0281680002954,INFO,adaptador.request,true,exitoso,,,10141.214887669,10137.295859501,,,2026-09-05T00:17:24.417119Z
d34e5220-fb1e-4d8e-afa7-eef7c5d99602,run1_rep1,G,CLOSED,CLOSED,request,PROVIDER,N/A,,3815.7283350010403,INFO,adaptador.request,true,exitoso,,,10141.314335753,10137.498607418,,,2026-09-05T00:17:24.516528Z
c7a0d006-cdda-4b12-a41b-b6719438914d,run1_rep1,G,CLOSED,CLOSED,request,PROVIDER,N/A,,3714.7628350012383,INFO,adaptador.request,true,exitoso,,,10141.374922253,10137.660159418,,,2026-09-05T00:17:24.577098Z
e8e63ca5-40d4-4263-81fe-f2140b58a2a1,run1_rep1,G,CLOSED,CLOSED,request,PROVIDER,N/A,,3773.9045019989135,INFO,adaptador.request,true,exitoso,,,10141.448435211,10137.674530709,,,2026-09-05T00:17:24.650618Z
a5fe1fc3-db56-4b7d-8339-013c77319a4c,run1_rep1,G,CLOSED,CLOSED,request,PROVIDER,N/A,,3865.3430430003937,INFO,adaptador.request,true,exitoso,,,10141.549230336,10137.683887293,,,2026-09-05T00:17:24.751424Z
64a6d08f-bc1a-4f29-a619-f376c13bb29a,run1_rep1,G,CLOSED,CLOSED,request,PROVIDER,N/A,,3894.6097520001786,INFO,adaptador.request,true,exitoso,,,10141.616763086,10137.722153334,,,2026-09-05T00:17:24.818949Z
f19f0671-8132-4702-b891-2ecb3a75d69e,run1_rep1,G,CLOSED,CLOSED,request,PROVIDER,N/A,,3999.0236680005182,INFO,adaptador.request,true,exitoso,,,10141.725191586,10137.726167918,,,2026-09-05T00:17:24.927432Z
eddf86ee-918c-4244-8924-7cd3df2808f3,run1_rep1,G,CLOSED,CLOSED,request,PROVIDER,N/A,,3920.5299180011934,INFO,adaptador.request,true,exitoso,,,10141.815024961,10137.894495043,,,2026-09-05T00:17:25.017171Z
7339b43d-5165-46d4-87a8-dde2be4bbf8c,run1_rep1,G,CLOSED,CLOSED,request,PROVIDER,N/A,,3949.1171690006013,INFO,adaptador.request,true,exitoso,,,10141.87579417,10137.926677001,,,2026-09-05T00:17:25.078009Z
09747f95-3d42-43b2-b7ee-2f0e8e439bae,run1_rep1,G,CLOSED,CLOSED,request,PROVIDER,N/A,,3998.2209599984344,INFO,adaptador.request,true,exitoso,,,10141.980954128,10137.982733168,,,2026-09-05T00:17:25.183155Z
a42cdd16-505e-4a9b-82a5-1edd9f962cad,run1_rep1,G,CLOSED,CLOSED,request,PROVIDER,N/A,,3926.9902510004613,INFO,adaptador.request,true,exitoso,,,10142.075633169,10138.148642918,,,2026-09-05T00:17:25.277432Z
2118fba9-72ec-43fe-9d63-72b2ca8db35d,run1_rep1,G,CLOSED,CLOSED,request,PROVIDER,N/A,,3974.0185430000565,INFO,adaptador.request,true,exitoso,,,10142.135900544,10138.161882001,,,2026-09-05T00:17:25.337702Z
bf2410d1-38c7-4496-9138-76cf4a2d1cc9,run1_rep1,G,CLOSED,CLOSED,request,PROVIDER,N/A,,4029.826543001036,INFO,adaptador.request,true,exitoso,,,10142.236694253,10138.20686771,,,2026-09-05T00:17:25.438542Z
a7fbd1dc-9144-44df-8ebb-65f8b96a95bb,run1_rep1,G,CLOSED,CLOSED,request,PROVIDER,N/A,,3874.2360430005647,INFO,adaptador.request,true,exitoso,,,10142.298520794,10138.424284751,,,2026-09-05T00:17:25.500387Z
f16c9eac-165b-41dd-ac8b-3dedc27f3d8a,run1_rep1,G,CLOSED,CLOSED,request,PROVIDER,N/A,,3832.8187099996285,INFO,adaptador.request,true,exitoso,,,10142.365328753,10138.532510043,,,2026-09-05T00:17:25.567176Z
489717b5-37a2-4235-89c6-f4ca31e23f5b,run1_rep1,G,CLOSED,CLOSED,request,PROVIDER,N/A,,3810.2797100000316,INFO,adaptador.request,true,exitoso,,,10142.453531128,10138.643251418,,,2026-09-05T00:17:25.655380Z
cb14bb0b-d9c3-4841-986c-237aea4edcb1,run1_rep1,G,CLOSED,CLOSED,request,PROVIDER,N/A,,3880.6228339999507,INFO,adaptador.request,true,exitoso,,,10142.526423919,10138.645801085,,,2026-09-05T00:17:25.728293Z
091392d6-c812-42a1-b3c0-e0385d4293c4,run1_rep1,G,CLOSED,CLOSED,request,PROVIDER,N/A,,3896.5769590013224,INFO,adaptador.request,true,exitoso,,,10142.605806711,10138.709229752,,,2026-09-05T00:17:25.807650Z
cf98fb4c-f179-4b21-b9ea-1cf70bd795be,run1_rep1,G,CLOSED,CLOSED,request,PROVIDER,N/A,,3985.33904299984,INFO,adaptador.request,true,exitoso,,,10142.695078336,10138.709739293,,,2026-09-05T00:17:25.896914Z
8a465d88-411b-4e28-9ccd-ec9a08f74174,run1_rep1,G,CLOSED,CLOSED,request,PROVIDER,N/A,,4087.2976259997813,INFO,adaptador.request,true,exitoso,,,10142.802021086,10138.71472346,,,2026-09-05T00:17:26.003882Z
5d179cf3-6822-49bc-a77a-fa9e9182fa5b,run1_rep1,G,CLOSED,CLOSED,request,PROVIDER,N/A,,4106.113001000267,INFO,adaptador.request,true,exitoso,,,10142.888785711,10138.78267271,,,2026-09-05T00:17:26.090609Z
483cff91-a84d-4e82-ac1b-f911cf9e5f68,run1_rep1,G,CLOSED,CLOSED,request,PROVIDER,N/A,,4176.733251999394,INFO,adaptador.request,true,exitoso,,,10142.974401545,10138.797668293,,,2026-09-05T00:17:26.176277Z
bbd71990-0c4d-4125-a153-0490b5317acd,run1_rep1,G,CLOSED,CLOSED,request,PROVIDER,N/A,,4122.8825010002765,INFO,adaptador.request,true,exitoso,,,10143.056023961,10138.93314146,,,2026-09-05T00:17:26.257876Z
bae09480-8525-407d-8988-deb1eb6e92b5,run1_rep1,G,CLOSED,CLOSED,request,PROVIDER,N/A,,4010.540793000473,INFO,adaptador.request,true,exitoso,,,10143.15925567,10139.148714877,,,2026-09-05T00:17:26.361132Z
446bc58a-e52f-4292-ac3c-2b23c6065097,run1_rep1,G,CLOSED,CLOSED,request,PROVIDER,N/A,,4055.2345010000863,INFO,adaptador.request,true,exitoso,,,10143.244109753,10139.188875252,,,2026-09-05T00:17:26.445954Z
f678d2d9-e616-4e27-819f-cd0e911de75b,run1_rep1,G,CLOSED,CLOSED,request,PROVIDER,N/A,,3938.368917999469,INFO,adaptador.request,true,exitoso,,,10143.308813545,10139.370444627,,,2026-09-05T00:17:26.510651Z
e84fa79c-904c-4b84-97d7-c8beec7bf7fc,run1_rep1,G,CLOSED,CLOSED,request,PROVIDER,N/A,,3877.536584999689,INFO,adaptador.request,true,exitoso,,,10143.37535742,10139.497820835,,,2026-09-05T00:17:26.577189Z
fd9a67f0-b388-4745-912f-7453ba68ed61,run1_rep1,G,CLOSED,CLOSED,request,PROVIDER,N/A,,3824.9077510008647,INFO,adaptador.request,true,exitoso,,,10143.440261128,10139.615353377,,,2026-09-05T00:17:26.642070Z
72fdb9ee-bf71-4cde-91e0-e2d80334c9cd,run1_rep1,G,CLOSED,CLOSED,request,PROVIDER,N/A,,3831.0473340006865,INFO,adaptador.request,true,exitoso,,,10143.497833878,10139.666786544,,,2026-09-05T00:17:26.699669Z
8c3a70ad-4658-48d6-908e-971fa30c7e56,run1_rep1,G,CLOSED,CLOSED,request,PROVIDER,N/A,,3888.1517099998746,INFO,adaptador.request,true,exitoso,,,10143.558037212,10139.669885502,,,2026-09-05T00:17:26.759873Z
3ef84425-b278-47b8-b69f-45214e5deb1a,run1_rep1,G,CLOSED,CLOSED,request,PROVIDER,N/A,,3966.1952099995688,INFO,adaptador.request,true,exitoso,,,10143.636462837,10139.670267627,,,2026-09-05T00:17:26.838335Z
cc7f6ba2-031a-46f9-be3a-4e6ba89762d3,run1_rep1,G,CLOSED,CLOSED,request,PROVIDER,N/A,,4039.7649179994914,INFO,adaptador.request,true,exitoso,,,10143.736725587,10139.696960669,,,2026-09-05T00:17:26.938620Z
eec16ed1-470e-4a90-baad-ddc9af51f378,run1_rep1,G,CLOSED,CLOSED,request,PROVIDER,N/A,,4119.682792999811,INFO,adaptador.request,true,exitoso,,,10143.828509878,10139.708827085,,,2026-09-05T00:17:27.030370Z
4d47ad5d-7573-4114-8c75-d979c42af000,run1_rep1,G,CLOSED,CLOSED,request,PROVIDER,N/A,,3935.0002510000195,INFO,adaptador.request,true,exitoso,,,10143.891710295,10139.956710044,,,2026-09-05T00:17:27.093581Z
0be3ff4f-76c6-4422-b312-8efb80ed2771,run1_rep1,G,CLOSED,CLOSED,request,PROVIDER,N/A,,3831.6720009988785,INFO,adaptador.request,true,exitoso,,,10143.947566795,10140.115894794,,,2026-09-05T00:17:27.149441Z
c297b0d1-39f6-4328-8fd2-eae8ae2652f6,run1_rep1,G,CLOSED,CLOSED,request,PROVIDER,N/A,,3853.714458999093,INFO,adaptador.request,true,exitoso,,,10144.003335795,10140.149621336,,,2026-09-05T00:17:27.205208Z
134c6fda-c227-43e2-a723-339ce821c466,run1_rep1,G,CLOSED,CLOSED,request,PROVIDER,N/A,,3930.439583999032,INFO,adaptador.request,true,exitoso,,,10144.092673128,10140.162233544,,,2026-09-05T00:17:27.294525Z
2f0bfe9c-8113-4cd3-893e-caac1909471f,run1_rep1,G,CLOSED,CLOSED,request,PROVIDER,N/A,,3795.0505019998673,INFO,adaptador.request,true,exitoso,,,10144.192350129,10140.397299627,,,2026-09-05T00:17:27.394212Z
baca9585-d2c6-4c34-9fe3-49b450143ad2,run1_rep1,G,CLOSED,CLOSED,request,PROVIDER,N/A,,3839.9157090007066,INFO,adaptador.request,true,exitoso,,,10144.299369045,10140.459453336,,,2026-09-05T00:17:27.501227Z
2bf59280-45c8-43ee-83da-9d2149510863,run1_rep1,G,CLOSED,CLOSED,request,PROVIDER,N/A,,3786.27891799988,INFO,adaptador.request,true,exitoso,,,10144.378627254,10140.592348336,,,2026-09-05T00:17:27.580484Z
993d8d5f-376d-42ab-8791-3019b7df5d16,run1_rep1,G,CLOSED,CLOSED,request,PROVIDER,N/A,,3667.9952100002993,INFO,adaptador.request,true,exitoso,,,10144.442593004,10140.774597794,,,2026-09-05T00:17:27.644448Z
f6475aed-c96c-43bc-85f7-20a3da1f0be2,run1_rep1,G,CLOSED,CLOSED,request,PROVIDER,N/A,,3746.3479170000937,INFO,adaptador.request,true,exitoso,,,10144.522295545,10140.775947628,,,2026-09-05T00:17:27.724124Z
456c7a8d-ac21-4f80-9ea9-fe07e2df8b5c,run1_rep1,G,CLOSED,CLOSED,request,PROVIDER,N/A,,3716.5641259998665,INFO,adaptador.request,true,exitoso,,,10144.596432045,10140.879867919,,,2026-09-05T00:17:27.798302Z
cc263ee8-47ad-4f50-ba56-432161f393e8,run1_rep1,G,CLOSED,CLOSED,request,PROVIDER,N/A,,3808.12166800024,INFO,adaptador.request,true,exitoso,,,10144.688260087,10140.880138419,,,2026-09-05T00:17:27.890120Z
61adcc3b-4b2f-4fc1-8c36-a46d88649f08,run1_rep1,G,CLOSED,CLOSED,request,PROVIDER,N/A,,3794.053043000531,INFO,adaptador.request,true,exitoso,,,10144.759361712,10140.965308669,,,2026-09-05T00:17:27.961230Z
89f1aeb7-4a34-40c0-8d59-644312f8a8f3,run1_rep1,G,CLOSED,CLOSED,request,PROVIDER,N/A,,3738.472417999219,INFO,adaptador.request,true,exitoso,,,10144.843740671,10141.105268253,,,2026-09-05T00:17:28.045874Z
0b689e3b-880b-43cc-8f8d-b6b5a71fd5c8,run1_rep1,G,CLOSED,CLOSED,request,PROVIDER,N/A,,3766.9663340002444,INFO,adaptador.request,true,exitoso,,,10144.942158462,10141.175192128,,,2026-09-05T00:17:28.143996Z
da130504-556c-4a3b-9c51-55a0ba6669ab,run1_rep1,G,CLOSED,CLOSED,request,PROVIDER,N/A,,3703.698585000893,INFO,adaptador.request,true,exitoso,,,10145.023455421,10141.319756836,,,2026-09-05T00:17:28.225308Z
84b49c67-4ba1-41c4-a536-bb499821a6dd,run1_rep1,G,CLOSED,CLOSED,request,PROVIDER,N/A,,3718.1723350004177,INFO,adaptador.request,true,exitoso,,,10145.084287796,10141.366115461,,,2026-09-05T00:17:28.286140Z
9c80b346-1dc3-4fc1-9c50-a847c4267080,run1_rep1,G,CLOSED,CLOSED,request,PROVIDER,N/A,,3793.1305850015633,INFO,adaptador.request,true,exitoso,,,10145.172453671,10141.379323086,,,2026-09-05T00:17:28.374321Z
2239a815-8df9-4487-84a7-a04fce61d7cc,run1_rep1,G,CLOSED,CLOSED,request,PROVIDER,N/A,,3771.6220430011163,INFO,adaptador.request,true,exitoso,,,10145.260576421,10141.488954378,,,2026-09-05T00:17:28.462442Z
a30f3ef9-81f2-451c-878d-4c11e1a96aad,run1_rep1,G,CLOSED,CLOSED,request,PROVIDER,N/A,,3832.7064590012014,INFO,adaptador.request,true,exitoso,,,10145.334314129,10141.50160767,,,2026-09-05T00:17:28.536184Z
5672d2e0-2fc7-4a6a-9292-dc7855c21220,run1_rep1,G,CLOSED,CLOSED,request,PROVIDER,N/A,,3731.4133349991607,INFO,adaptador.request,true,exitoso,,,10145.423636671,10141.692223336,,,2026-09-05T00:17:28.625507Z
65265264-2798-4513-9c6b-9bfbe6cde7fc,run1_rep1,G,CLOSED,CLOSED,request,PROVIDER,N/A,,3740.094083999793,INFO,adaptador.request,true,exitoso,,,10145.497833712,10141.757739628,,,2026-09-05T00:17:28.699689Z
2fb8bf7a-ee5c-4ac5-a553-524e0cd04861,run1_rep1,G,CLOSED,CLOSED,request,PROVIDER,N/A,,3788.2226679994346,INFO,adaptador.request,true,exitoso,,,10145.584393254,10141.796170586,,,2026-09-05T00:17:28.786232Z
cf8cfbf4-9eb3-4536-b014-262190feaa4c,run1_rep1,G,CLOSED,CLOSED,request,PROVIDER,N/A,,3844.000335000601,INFO,adaptador.request,true,exitoso,,,10145.650996963,10141.806996628,,,2026-09-05T00:17:28.852850Z
3b33c572-8c4c-420c-8bc6-b4b6fcb11310,run1_rep1,G,CLOSED,CLOSED,request,PROVIDER,N/A,,3801.3469600009557,INFO,adaptador.request,true,exitoso,,,10145.759574046,10141.958227086,,,2026-09-05T00:17:28.961435Z
8b1a412c-8792-4fc3-af4b-c2a50e48ce9f,run1_rep1,G,CLOSED,CLOSED,request,PROVIDER,N/A,,3844.9635849992774,INFO,adaptador.request,true,exitoso,,,10145.829689338,10141.984725753,,,2026-09-05T00:17:29.031546Z
6bf332bd-d1f3-4834-8554-9ad4a693b622,run1_rep1,G,CLOSED,CLOSED,request,PROVIDER,N/A,,3603.1699189989013,INFO,adaptador.request,true,exitoso,,,10145.901493963,10142.298324044,,,2026-09-05T00:17:29.103357Z
f254ac4a-2555-44d2-baa2-cc0bfc4a9f23,run1_rep1,G,CLOSED,CLOSED,request,PROVIDER,N/A,,3655.4332520008757,INFO,adaptador.request,true,exitoso,,,10145.973023713,10142.317590461,,,2026-09-05T00:17:29.174879Z
ec858708-bddf-4a44-b5ee-d6bd89dd1553,run1_rep1,G,CLOSED,CLOSED,request,PROVIDER,N/A,,3694.769584999449,INFO,adaptador.request,true,exitoso,,,10146.058195671,10142.363426086,,,2026-09-05T00:17:29.260061Z
00ea38dc-1876-46c8-a889-0ff028b5f4e0,run1_rep1,G,CLOSED,CLOSED,request,PROVIDER,N/A,,3716.4553349994094,INFO,adaptador.request,true,exitoso,,,10146.125941254,10142.409485919,,,2026-09-05T00:17:29.327793Z
f91814c9-4a46-4f51-8383-86d715b168c8,run1_rep1,G,CLOSED,CLOSED,request,PROVIDER,N/A,,3802.7160439996806,INFO,adaptador.request,true,exitoso,,,10146.230361588,10142.427645544,,,2026-09-05T00:17:29.432211Z
2903b8c0-f9d2-4dcd-8453-8002961e7a87,run1_rep1,G,CLOSED,CLOSED,request,PROVIDER,N/A,,3869.1547519993037,INFO,adaptador.request,true,exitoso,,,10146.319926921,10142.450772169,,,2026-09-05T00:17:29.521835Z
4931ff52-009d-4e78-b905-5e9dd1920306,run1_rep1,G,CLOSED,CLOSED,request,PROVIDER,N/A,,3679.646292999678,INFO,adaptador.request,true,exitoso,,,10146.415265921,10142.735619628,,,2026-09-05T00:17:29.617104Z
e85ee7b0-b0ff-46ce-ac39-34a9bf5026ab,run1_rep1,G,CLOSED,CLOSED,request,PROVIDER,N/A,,3698.1970010001533,INFO,adaptador.request,true,exitoso,,,10146.488404671,10142.79020767,,,2026-09-05T00:17:29.690248Z
4242d1c9-46a2-4b4e-a898-d58ff7dc6ad9,run1_rep1,G,CLOSED,CLOSED,request,PROVIDER,N/A,,3731.121501999951,INFO,adaptador.request,true,exitoso,,,10146.581513505,10142.850392003,,,2026-09-05T00:17:29.783358Z
d4fa1530-7e83-499d-8422-46f0a0605c1a,run1_rep1,G,CLOSED,CLOSED,request,PROVIDER,N/A,,3671.736542999497,INFO,adaptador.request,true,exitoso,,,10146.638175171,10142.966438628,,,2026-09-05T00:17:29.840112Z
c4bdf47c-1029-480d-98e4-21eee2cd7f95,run1_rep1,G,CLOSED,CLOSED,request,PROVIDER,N/A,,3609.4538349989307,INFO,adaptador.request,true,exitoso,,,10146.726113338,10143.116659503,,,2026-09-05T00:17:29.927982Z
df668c6b-3990-4ff2-ad75-16dca4dea475,run1_rep1,G,CLOSED,CLOSED,request,PROVIDER,N/A,,3623.6544599996705,INFO,adaptador.request,true,exitoso,,,10146.792363796,10143.168709336,,,2026-09-05T00:17:29.994234Z
c51e0099-6c40-457e-86f5-df80b7ffeb42,run1_rep1,G,CLOSED,CLOSED,request,PROVIDER,N/A,,3662.149126999793,INFO,adaptador.request,true,exitoso,,,10146.86332413,10143.201175003,,,2026-09-05T00:17:30.065163Z
4bcdc865-7f7f-4a9e-9f7f-6f0979f09e32,run1_rep1,G,CLOSED,CLOSED,request,PROVIDER,N/A,,3561.0855020004237,INFO,adaptador.request,true,exitoso,,,10146.944752505,10143.383667003,,,2026-09-05T00:17:30.146587Z
5ac4963f-859b-4fc9-9c5b-0bed830ad33e,run1_rep1,G,CLOSED,CLOSED,request,PROVIDER,N/A,,3594.849876999433,INFO,adaptador.request,true,exitoso,,,10147.01075913,10143.415909253,,,2026-09-05T00:17:30.212612Z
54627217-5d9f-4ad8-a161-37c3fc3677fc,run1_rep1,G,CLOSED,CLOSED,request,PROVIDER,N/A,,3596.9312510005693,INFO,adaptador.request,true,exitoso,,,10147.071265713,10143.474334462,,,2026-09-05T00:17:30.273110Z
e26a6e90-2071-477b-85f3-4fab5a2660b8,run1_rep1,G,CLOSED,CLOSED,request,PROVIDER,N/A,,3601.960584999688,INFO,adaptador.request,true,exitoso,,,10147.134604588,10143.532644003,,,2026-09-05T00:17:30.336475Z
dcc9f9b1-1df9-4388-bb23-8ae5058e3abc,run1_rep1,G,CLOSED,CLOSED,request,PROVIDER,N/A,,3639.006209999934,INFO,adaptador.request,true,exitoso,,,10147.220329047,10143.581322837,,,2026-09-05T00:17:30.422217Z
38f4b888-7fff-4bd4-b2e2-3035a42e50ed,run1_rep1,G,CLOSED,CLOSED,request,PROVIDER,N/A,,3647.000293000019,INFO,adaptador.request,true,exitoso,,,10147.318938963,10143.67193867,,,2026-09-05T00:17:30.520816Z
4b73c5c5-7c39-4d39-a839-a2fb663c4e8b,run1_rep1,G,CLOSED,CLOSED,request,PROVIDER,N/A,,3630.350543999157,INFO,adaptador.request,true,exitoso,,,10147.409407922,10143.779057378,,,2026-09-05T00:17:30.611243Z
0c9bc8fa-6737-42df-a2e9-b390e08d1563,run1_rep1,G,CLOSED,CLOSED,request,PROVIDER,N/A,,3581.5565429984417,INFO,adaptador.request,true,exitoso,,,10147.493531338,10143.911974795,,,2026-09-05T00:17:30.695388Z
ac588e6c-f632-4cb4-b615-1ca8ed955f77,run1_rep1,G,CLOSED,CLOSED,request,PROVIDER,N/A,,3618.4227100002317,INFO,adaptador.request,true,exitoso,,,10147.549724588,10143.931301878,,,2026-09-05T00:17:30.751543Z
89dcba48-1763-4f76-89f5-7e5a9a02201f,run1_rep1,G,CLOSED,CLOSED,request,PROVIDER,N/A,,3586.8457939996006,INFO,adaptador.request,true,exitoso,,,10147.610317297,10144.023471503,,,2026-09-05T00:17:30.812146Z
a11faccb-7826-4618-bfde-f2c700b4496f,run1_rep1,G,CLOSED,CLOSED,request,PROVIDER,N/A,,3606.2525019988243,INFO,adaptador.request,true,exitoso,,,10147.684672172,10144.07841967,,,2026-09-05T00:17:30.886517Z
41d45dd9-241f-4aed-b13c-8cc0f542b98b,run1_rep1,G,CLOSED,CLOSED,request,PROVIDER,N/A,,3605.3932100003294,INFO,adaptador.request,true,exitoso,,,10147.76110188,10144.15570867,,,2026-09-05T00:17:30.962967Z
2c175cc0-9c0a-464b-8b81-6167f5a59d8a,run1_rep1,G,CLOSED,CLOSED,request,PROVIDER,N/A,,3659.266126998773,INFO,adaptador.request,true,exitoso,,,10147.843807922,10144.184541795,,,2026-09-05T00:17:31.045725Z
557a4c95-1994-4de0-97c5-10fa9ff90e3a,run1_rep1,G,CLOSED,CLOSED,request,PROVIDER,N/A,,3653.130502001659,INFO,adaptador.request,true,exitoso,,,10147.949698464,10144.296567962,,,2026-09-05T00:17:31.151552Z
71611e74-944c-49cc-abac-a58cf3004e3d,run1_rep1,G,CLOSED,CLOSED,request,PROVIDER,N/A,,3745.2924600002007,INFO,adaptador.request,true,exitoso,,,10148.045468922,10144.300176462,,,2026-09-05T00:17:31.247346Z
47a8a074-4432-473d-be08-21888118ac9d,run1_rep1,G,CLOSED,CLOSED,request,PROVIDER,N/A,,3811.683584999628,INFO,adaptador.request,true,exitoso,,,10148.13086888,10144.319185295,,,2026-09-05T00:17:31.332754Z
f2aa33b2-b3fc-4c8e-9c83-d4b6ae62400e,run1_rep1,G,CLOSED,CLOSED,request,PROVIDER,N/A,,3712.7355440006795,INFO,adaptador.request,true,exitoso,,,10148.231939339,10144.519203795,,,2026-09-05T00:17:31.433841Z
93627927-28ef-432b-ad4e-95171d952bf0,run1_rep1,G,CLOSED,CLOSED,request,PROVIDER,N/A,,3698.4250850000535,INFO,adaptador.request,true,exitoso,,,10148.30266088,10144.604235795,,,2026-09-05T00:17:31.504675Z
1d1f59b5-c1cc-4f76-b62e-7f49644aee13,run1_rep1,G,CLOSED,CLOSED,request,PROVIDER,N/A,,3720.6430850001198,INFO,adaptador.request,true,exitoso,,,10148.368102797,10144.647459712,,,2026-09-05T00:17:31.569964Z
931d24dd-16be-43b0-9dcd-66d0e5743240,run1_rep1,G,CLOSED,CLOSED,request,PROVIDER,N/A,,3808.806752000237,INFO,adaptador.request,true,exitoso,,,10148.471013547,10144.662206795,,,2026-09-05T00:17:31.672837Z
619af29f-67cb-447b-8e2a-cf96d116c356,run1_rep1,G,CLOSED,CLOSED,request,PROVIDER,N/A,,3782.1568769995793,INFO,adaptador.request,true,exitoso,,,10148.561282964,10144.779126087,,,2026-09-05T00:17:31.763179Z
a5b99404-2e9c-417d-8212-deb1781b6424,run1_rep1,G,CLOSED,CLOSED,request,PROVIDER,N/A,,3880.2105849990767,INFO,adaptador.request,true,exitoso,,,10148.659701047,10144.779490462,,,2026-09-05T00:17:31.861597Z
35498b62-4df5-455b-89cf-12c868d3ead9,run1_rep1,G,CLOSED,CLOSED,request,PROVIDER,N/A,,3835.578167998392,INFO,adaptador.request,true,exitoso,,,10148.728130589,10144.892552421,,,2026-09-05T00:17:31.929987Z
707cbe08-4d87-4c70-9be8-199bcd307ec5,run1_rep1,G,CLOSED,CLOSED,request,PROVIDER,N/A,,3652.619500999208,INFO,adaptador.request,true,exitoso,,,10148.803036922,10145.150417421,,,2026-09-05T00:17:32.004923Z
a30f3745-f39a-4699-af07-2f287aa3b32d,run1_rep1,G,CLOSED,CLOSED,request,PROVIDER,N/A,,3728.7474180011486,INFO,adaptador.request,true,exitoso,,,10148.908576047,10145.179828629,,,2026-09-05T00:17:32.110443Z
c4187be5-2c84-41f7-8118-c77733bcd98d,run1_rep1,G,CLOSED,CLOSED,request,PROVIDER,N/A,,3727.36366800018,INFO,adaptador.request,true,exitoso,,,10148.969287047,10145.241923379,,,2026-09-05T00:17:32.171195Z
8c216577-dca4-4700-8c60-882ce4a1dd59,run1_rep1,G,CLOSED,CLOSED,request,PROVIDER,N/A,,3746.96891900021,INFO,adaptador.request,true,exitoso,,,10149.039305756,10145.292336837,,,2026-09-05T00:17:32.241143Z
c14b15d9-6bea-4624-b814-14aa1d057ce7,run1_rep1,G,CLOSED,CLOSED,request,PROVIDER,N/A,,3849.0598349999345,INFO,adaptador.request,true,exitoso,,,10149.147575506,10145.298515671,,,2026-09-05T00:17:32.349438Z
09277c7d-1fa1-4db5-bd4f-3596d64bdb01,run1_rep1,G,CLOSED,CLOSED,request,PROVIDER,N/A,,3649.979252000776,INFO,adaptador.request,true,exitoso,,,10149.230751256,10145.580772004,,,2026-09-05T00:17:32.432588Z
361c32f1-091b-43af-9034-79e8a1405232,run1_rep1,G,CLOSED,CLOSED,request,PROVIDER,N/A,,3747.900127000321,INFO,adaptador.request,true,exitoso,,,10149.337781923,10145.589881796,,,2026-09-05T00:17:32.539658Z
9bfa6d76-7e24-4da2-b78d-fb1b5ba2d38e,run1_rep1,G,CLOSED,CLOSED,request,PROVIDER,N/A,,3774.3236259993864,INFO,adaptador.request,true,exitoso,,,10149.394618839,10145.620295213,,,2026-09-05T00:17:32.596454Z
3c15e5f2-e24a-49f6-b479-88d035891e78,run1_rep1,G,CLOSED,CLOSED,request,PROVIDER,N/A,,3849.159793999206,INFO,adaptador.request,true,exitoso,,,10149.500036173,10145.650876379,,,2026-09-05T00:17:32.701913Z
0d0a5e37-0a4f-4d1f-8956-a3bd6933cfab,run1_rep1,G,CLOSED,CLOSED,request,PROVIDER,N/A,,3869.3956259994593,INFO,adaptador.request,true,exitoso,,,10149.577642339,10145.708246713,,,2026-09-05T00:17:32.779533Z
c4fce00b-eff7-4b24-a678-1d662ebb19c4,run1_rep1,G,CLOSED,CLOSED,request,PROVIDER,N/A,,3670.117126999685,INFO,adaptador.request,true,exitoso,,,10149.636878173,10145.966761046,,,2026-09-05T00:17:32.838730Z
850e01dd-1fb7-4b38-b662-518936169d0d,run1_rep1,G,CLOSED,CLOSED,request,PROVIDER,N/A,,3745.1162519992067,INFO,adaptador.request,true,exitoso,,,10149.729231631,10145.984115379,,,2026-09-05T00:17:32.931091Z
fec07cf9-9627-408e-abff-4367029c2b9d,run1_rep1,G,CLOSED,CLOSED,request,PROVIDER,N/A,,3825.880293999944,INFO,adaptador.request,true,exitoso,,,10149.831664423,10146.005784129,,,2026-09-05T00:17:33.033520Z
b901883c-f61f-4075-a030-6d730fe53df5,run1_rep1,G,CLOSED,CLOSED,request,PROVIDER,N/A,,3809.7989600009896,INFO,adaptador.request,true,exitoso,,,10149.930594298,10146.120795338,,,2026-09-05T00:17:33.132465Z
82f83473-6e4c-4cab-a81f-cdb256f65891,run1_rep1,G,CLOSED,CLOSED,request,PROVIDER,N/A,,3796.0588770001777,INFO,adaptador.request,true,exitoso,,,10150.006160923,10146.210102046,,,2026-09-05T00:17:33.207970Z
6de013d9-b629-4d87-98fc-d53ae8174497,run1_rep1,G,CLOSED,CLOSED,request,PROVIDER,N/A,,3828.8975849991402,INFO,adaptador.request,true,exitoso,,,10150.069635756,10146.240738171,,,2026-09-05T00:17:33.271442Z
3b982c4a-099e-4192-a43f-2ebc0c81af74,run1_rep1,G,CLOSED,CLOSED,request,PROVIDER,N/A,,3876.149419000285,INFO,adaptador.request,true,exitoso,,,10150.14826209,10146.272112671,,,2026-09-05T00:17:33.350178Z
a26b3b34-60e4-4683-9bb7-0b7073045b45,run1_rep1,G,CLOSED,CLOSED,request,PROVIDER,N/A,,3939.3684180013224,INFO,adaptador.request,true,exitoso,,,10150.223127048,10146.28375863,,,2026-09-05T00:17:33.424994Z
c889c819-ec31-42a7-a5c9-4d596f759d2a,run1_rep1,G,CLOSED,CLOSED,request,PROVIDER,N/A,,3781.616877000488,INFO,adaptador.request,true,exitoso,,,10150.30432434,10146.522707463,,,2026-09-05T00:17:33.506209Z
a86517b6-9371-4abc-a36b-acb0f174a7ad,run1_rep1,G,CLOSED,CLOSED,request,PROVIDER,N/A,,3834.6562509996147,INFO,adaptador.request,true,exitoso,,,10150.391804881,10146.55714863,,,2026-09-05T00:17:33.593644Z
758bd9ea-7e7f-4e26-9753-4fcac40b28c3,run1_rep1,G,CLOSED,CLOSED,request,PROVIDER,N/A,,3909.591960000398,INFO,adaptador.request,true,exitoso,,,10150.497880048,10146.588288088,,,2026-09-05T00:17:33.699722Z
17a2d7aa-ab2a-4e38-a05f-96075a719b35,run1_rep1,G,CLOSED,CLOSED,request,PROVIDER,N/A,,3940.5088359999354,INFO,adaptador.request,true,exitoso,,,10150.579174007,10146.638665171,,,2026-09-05T00:17:33.781075Z
89154e79-c01e-4bfd-ad97-55ca313e99ed,run1_rep1,G,CLOSED,CLOSED,request,PROVIDER,N/A,,3693.3937100002368,INFO,adaptador.request,true,exitoso,,,10150.65559184,10146.96219813,,,2026-09-05T00:17:33.857554Z
af0f8c9c-8a67-4068-8110-1092132e2bb7,run1_rep1,G,CLOSED,CLOSED,request,PROVIDER,N/A,,3730.7123350001348,INFO,adaptador.request,true,exitoso,,,10150.761636715,10147.03092438,,,2026-09-05T00:17:33.963522Z
72a0c058-9dd9-4c2d-b53b-4320b76c8f2c,run1_rep1,G,CLOSED,CLOSED,request,PROVIDER,N/A,,3771.3707520015305,INFO,adaptador.request,true,exitoso,,,10150.834348382,10147.06297763,,,2026-09-05T00:17:34.036203Z
83a1c35a-0250-41b1-a5e4-b25a410956b9,run1_rep1,G,CLOSED,CLOSED,request,PROVIDER,N/A,,3789.907544000016,INFO,adaptador.request,true,exitoso,,,10150.888554132,10147.098646588,,,2026-09-05T00:17:34.090393Z
63426d26-5fee-4fac-ac8a-7015b6b2e614,run1_rep1,G,CLOSED,CLOSED,request,PROVIDER,N/A,,3805.9910430001764,INFO,adaptador.request,true,exitoso,,,10150.990353715,10147.184362672,,,2026-09-05T00:17:34.192200Z
790ddb60-5461-4712-a750-0bdaab0fdc57,run1_rep1,G,CLOSED,CLOSED,request,PROVIDER,N/A,,3834.6331259999715,INFO,adaptador.request,true,exitoso,,,10151.086507048,10147.251873922,,,2026-09-05T00:17:34.288372Z
19c45ab5-df1b-489e-a892-e7ff5ac4eacb,run1_rep1,G,CLOSED,CLOSED,request,PROVIDER,N/A,,3895.1994180006295,INFO,adaptador.request,true,exitoso,,,10151.189094215,10147.293894797,,,2026-09-05T00:17:34.390951Z
535d5e77-a6a8-4731-8498-c1dbb8888822,run1_rep1,G,CLOSED,CLOSED,request,PROVIDER,N/A,,3828.1710850005766,INFO,adaptador.request,true,exitoso,,,10151.286093465,10147.45792238,,,2026-09-05T00:17:34.488026Z
2a851618-ed0f-4dec-aa24-cca488e36778,run1_rep1,G,CLOSED,CLOSED,request,PROVIDER,N/A,,3883.113293999486,INFO,adaptador.request,true,exitoso,,,10151.365952257,10147.482838963,,,2026-09-05T00:17:34.567853Z
9d848341-3b83-4bf0-a3f2-6f98af5bd61f,run1_rep1,G,CLOSED,CLOSED,request,PROVIDER,N/A,,3857.28708500028,INFO,adaptador.request,true,exitoso,,,10151.426364882,10147.569077797,,,2026-09-05T00:17:34.628224Z
d6e3373f-ac5a-4143-b4d0-02a72bb43505,run1_rep1,G,CLOSED,CLOSED,request,PROVIDER,N/A,,3909.11162699922,INFO,adaptador.request,true,exitoso,,,10151.505692424,10147.596580797,,,2026-09-05T00:17:34.707539Z
c78625f6-3a35-4194-a473-57ff24ce8fe0,run1_rep1,G,CLOSED,CLOSED,request,PROVIDER,N/A,,3922.8642100006255,INFO,adaptador.request,true,exitoso,,,10151.591981382,10147.669117172,,,2026-09-05T00:17:34.793816Z
2a11372d-8bcc-46cf-afdd-1ed9c8bfc150,run1_rep1,G,CLOSED,CLOSED,request,PROVIDER,N/A,,3861.997418000101,INFO,adaptador.request,true,exitoso,,,10151.696651965,10147.834654547,,,2026-09-05T00:17:34.898513Z
0f99ea9f-1edd-4fae-b61d-358ab49c9a5e,run1_rep1,G,CLOSED,CLOSED,request,PROVIDER,N/A,,3902.3745019985654,INFO,adaptador.request,true,exitoso,,,10151.799942757,10147.897568255,,,2026-09-05T00:17:35.001810Z
7ef81658-43d5-430b-ad51-acb8002cbf66,run1_rep1,G,CLOSED,CLOSED,request,PROVIDER,N/A,,3974.039252001603,INFO,adaptador.request,true,exitoso,,,10151.891826049,10147.917786797,,,2026-09-05T00:17:35.093648Z
4c9c2c89-62f1-4f58-9dcd-d65053746a19,run1_rep1,G,CLOSED,CLOSED,request,PROVIDER,N/A,,4060.765251999328,INFO,adaptador.request,true,exitoso,,,10151.995820716,10147.935055464,,,2026-09-05T00:17:35.197664Z
b9026a99-1f53-4c75-ae6f-39d440547681,run1_rep1,G,CLOSED,CLOSED,request,PROVIDER,N/A,,4030.6288769988896,INFO,adaptador.request,true,exitoso,,,10152.079927632,10148.049298755,,,2026-09-05T00:17:35.281711Z
ce243da0-2bbc-4918-bc25-f825ba88733c,run1_rep1,G,CLOSED,CLOSED,request,PROVIDER,N/A,,3880.795877001219,INFO,adaptador.request,true,exitoso,,,10152.140482966,10148.259687089,,,2026-09-05T00:17:35.342298Z
fb027062-2971-4467-80d6-ba8d4356172d,run1_rep1,G,CLOSED,CLOSED,request,PROVIDER,N/A,,3960.467544000494,INFO,adaptador.request,true,exitoso,,,10152.220637341,10148.260169797,,,2026-09-05T00:17:35.422451Z
e62524b6-b6e8-41fd-9546-dfe3b7c4b41e,run1_rep1,G,CLOSED,CLOSED,request,PROVIDER,N/A,,3956.137293000211,INFO,adaptador.request,true,exitoso,,,10152.289777382,10148.333640089,,,2026-09-05T00:17:35.491614Z
6f93cdae-60b5-415f-8234-91eea9547ae3,run1_rep1,G,CLOSED,CLOSED,request,PROVIDER,N/A,,3741.5627939990372,INFO,adaptador.request,true,exitoso,,,10152.351312091,10148.609749297,,,2026-09-05T00:17:35.553168Z
25142b57-2086-4a8c-accf-9545cf41d867,run1_rep1,G,CLOSED,CLOSED,request,PROVIDER,N/A,,3838.092625999707,INFO,adaptador.request,true,exitoso,,,10152.448305257,10148.610212631,,,2026-09-05T00:17:35.650215Z
d9839d6b-635c-4ee3-b3df-bd20a1951185,run1_rep1,G,CLOSED,CLOSED,request,PROVIDER,N/A,,3841.317293999964,INFO,adaptador.request,true,exitoso,,,10152.510151841,10148.668834547,,,2026-09-05T00:17:35.711994Z
0ce853f1-e05b-490b-a721-cc7f713ab9ec,run1_rep1,G,CLOSED,CLOSED,request,PROVIDER,N/A,,3887.593001998539,INFO,adaptador.request,true,exitoso,,,10152.578306049,10148.690713047,,,2026-09-05T00:17:35.780350Z
7c717654-b9aa-4f9a-953d-a5a2fe02da7c,run1_rep1,G,CLOSED,CLOSED,request,PROVIDER,N/A,,3904.1417940006795,INFO,adaptador.request,true,exitoso,,,10152.635757258,10148.731615464,,,2026-09-05T00:17:35.837611Z
1dc14da7-d6f8-48b4-ae00-4a3488de27b8,run1_rep1,G,CLOSED,CLOSED,request,PROVIDER,N/A,,3838.2730440007435,INFO,adaptador.request,true,exitoso,,,10152.705984258,10148.867711214,,,2026-09-05T00:17:35.907871Z
8e57143a-e9d2-4e0c-a94e-4c51107596aa,run1_rep1,G,CLOSED,CLOSED,request,PROVIDER,N/A,,3882.8287100004673,INFO,adaptador.request,true,exitoso,,,10152.773511424,10148.890682714,,,2026-09-05T00:17:35.975398Z
8bc6260c-9352-4b44-a59a-a5d878f96f35,run1_rep1,G,CLOSED,CLOSED,request,PROVIDER,N/A,,3831.555542999922,INFO,adaptador.request,true,exitoso,,,10152.872945716,10149.041390173,,,2026-09-05T00:17:36.074899Z
5895b3cb-2217-4310-95b3-dd7e53a67386,run1_rep1,G,CLOSED,CLOSED,request,PROVIDER,N/A,,3781.817459999729,INFO,adaptador.request,true,exitoso,,,10152.976310466,10149.194493006,,,2026-09-05T00:17:36.178184Z
c43523e7-f614-4294-9047-deb8e0f992e4,run1_rep1,G,CLOSED,CLOSED,request,PROVIDER,N/A,,3876.8127509993064,INFO,adaptador.request,true,exitoso,,,10153.071714299,10149.194901548,,,2026-09-05T00:17:36.273576Z
c6679391-4be5-4d5e-b23f-1861764b413c,run1_rep1,G,CLOSED,CLOSED,request,PROVIDER,N/A,,3901.8911690000095,INFO,adaptador.request,true,exitoso,,,10153.139131008,10149.237239839,,,2026-09-05T00:17:36.340979Z
357f5e00-6e3e-4e29-af8c-dd45d3af92d6,run1_rep1,G,CLOSED,CLOSED,request,PROVIDER,N/A,,3943.9324180002586,INFO,adaptador.request,true,exitoso,,,10153.222585091,10149.278652673,,,2026-09-05T00:17:36.424438Z
2d93c723-4ba9-490e-83f2-bfaa9ebf3671,run1_rep1,G,CLOSED,CLOSED,request,PROVIDER,N/A,,3952.2438349995355,INFO,adaptador.request,true,exitoso,,,10153.292984008,10149.340740173,,,2026-09-05T00:17:36.494887Z
28dbfdd9-429f-40cc-aef8-41b4653570d2,run1_rep1,G,CLOSED,CLOSED,request,PROVIDER,N/A,,3710.3636269985145,INFO,adaptador.request,true,exitoso,,,10153.347130633,10149.636767006,,,2026-09-05T00:17:36.548999Z
cb6eb025-8774-44e0-87a3-dda00df9e499,run1_rep1,G,CLOSED,CLOSED,request,PROVIDER,N/A,,3709.0801270005613,INFO,adaptador.request,true,exitoso,,,10153.4048943,10149.695814173,,,2026-09-05T00:17:36.606768Z
709a98fb-131f-4dfe-b12c-8dea99daedf3,run1_rep1,G,CLOSED,CLOSED,request,PROVIDER,N/A,,3699.415709999812,INFO,adaptador.request,true,exitoso,,,10153.472638258,10149.773222548,,,2026-09-05T00:17:36.674501Z
93d2e0f8-cd47-4114-bd07-c623929f1d72,run1_rep1,G,CLOSED,CLOSED,request,PROVIDER,N/A,,3754.345501998614,INFO,adaptador.request,true,exitoso,,,10153.56474855,10149.810403048,,,2026-09-05T00:17:36.766631Z
b0ad5d5b-3acb-4008-ab10-3f5b9f4730a3,run1_rep1,G,CLOSED,CLOSED,request,PROVIDER,N/A,,3814.289126001313,INFO,adaptador.request,true,exitoso,,,10153.630736966,10149.81644784,,,2026-09-05T00:17:36.832562Z
d3fe7aa7-86f7-4b91-819f-3070665aab04,run1_rep1,G,CLOSED,CLOSED,request,PROVIDER,N/A,,3711.791752000863,INFO,adaptador.request,true,exitoso,,,10153.691814133,10149.980022381,,,2026-09-05T00:17:36.893687Z
6bc4f437-af3e-43a6-bfdd-1e8cf65e01f2,run1_rep1,G,CLOSED,CLOSED,request,PROVIDER,N/A,,3783.0719600005978,INFO,adaptador.request,true,exitoso,,,10153.769066925,10149.985994965,,,2026-09-05T00:17:36.970950Z
8223b971-d901-4cb1-9d29-9241619b463a,run1_rep1,G,CLOSED,CLOSED,request,PROVIDER,N/A,,3781.7569179987913,INFO,adaptador.request,true,exitoso,,,10153.859205841,10150.077448923,,,2026-09-05T00:17:37.061074Z
09246d02-5e54-4947-a649-1c258b00f5f1,run1_rep1,G,CLOSED,CLOSED,request,PROVIDER,N/A,,3784.319043999858,INFO,adaptador.request,true,exitoso,,,10153.960642592,10150.176323548,,,2026-09-05T00:17:37.162497Z
a5c01062-ceee-403c-8a2c-f5359b1b40a2,run1_rep1,G,CLOSED,CLOSED,request,PROVIDER,N/A,,3785.013042999708,INFO,adaptador.request,true,exitoso,,,10154.026992508,10150.241979465,,,2026-09-05T00:17:37.228994Z
850e99b6-9204-4e85-8fd0-b0223889eae6,run1_rep1,G,CLOSED,CLOSED,request,PROVIDER,N/A,,3761.161626998728,INFO,adaptador.request,true,exitoso,,,10154.098613342,10150.337451715,,,2026-09-05T00:17:37.300479Z
be5532c1-0477-4647-be59-244677d74d73,run1_rep1,G,CLOSED,CLOSED,request,PROVIDER,N/A,,3824.0800429994124,INFO,adaptador.request,true,exitoso,,,10154.197953383,10150.37387334,,,2026-09-05T00:17:37.399858Z
30694628-31da-4ddd-b753-b69015381fb1,run1_rep1,G,CLOSED,CLOSED,request,PROVIDER,N/A,,3837.2479190002196,INFO,adaptador.request,true,exitoso,,,10154.285056717,10150.447808798,,,2026-09-05T00:17:37.487107Z
54972415-5a64-4026-9d13-c3e45916ca53,run1_rep1,G,CLOSED,CLOSED,request,PROVIDER,N/A,,3903.098585000407,INFO,adaptador.request,true,exitoso,,,10154.381497425,10150.47839884,,,2026-09-05T00:17:37.583362Z
2a9b5a96-1d5b-47e7-b2d6-1a4b8be2a818,run1_rep1,G,CLOSED,CLOSED,request,PROVIDER,N/A,,3815.408335000029,INFO,adaptador.request,true,exitoso,,,10154.471923675,10150.65651534,,,2026-09-05T00:17:37.673798Z
399feef2-bbb3-4f24-af2a-8a1c95861680,run1_rep1,G,CLOSED,CLOSED,request,PROVIDER,N/A,,3692.4083349986176,INFO,adaptador.request,true,exitoso,,,10154.541045592,10150.848637257,,,2026-09-05T00:17:37.742904Z
92a3ee53-fc5c-4039-85b7-ff4477a06f9d,run1_rep1,G,CLOSED,CLOSED,request,PROVIDER,N/A,,3784.255586000654,INFO,adaptador.request,true,exitoso,,,10154.644376384,10150.860120798,,,2026-09-05T00:17:37.846241Z
245b96e4-2eef-4d0d-8723-02f46e43759b,run1_rep1,G,CLOSED,CLOSED,request,PROVIDER,N/A,,3862.4813349997567,INFO,adaptador.request,true,exitoso,,,10154.748780175,10150.88629884,,,2026-09-05T00:17:37.950652Z
44c50c28-8631-4603-b15a-dbce31882ed8,run1_rep1,G,CLOSED,CLOSED,request,PROVIDER,N/A,,3841.77187700152,INFO,adaptador.request,true,exitoso,,,10154.840136717,10150.99836484,,,2026-09-05T00:17:38.042008Z
8949cb54-e860-48f6-bd22-79a1739ea108,run1_rep1,G,CLOSED,CLOSED,request,PROVIDER,N/A,,3679.5507520000683,INFO,adaptador.request,true,exitoso,,,10154.905958384,10151.226407632,,,2026-09-05T00:17:38.107828Z
40381159-00bd-4106-a4c4-19129a45584a,run1_rep1,G,CLOSED,CLOSED,request,PROVIDER,N/A,,3723.8062520009407,INFO,adaptador.request,true,exitoso,,,10155.011010259,10151.287204007,,,2026-09-05T00:17:38.212836Z
c6b2bac8-dbe3-4e08-ab4d-22e5dc2fc85f,run1_rep1,G,CLOSED,CLOSED,request,PROVIDER,N/A,,3814.2622930008656,INFO,adaptador.request,true,exitoso,,,10155.106556467,10151.292294174,,,2026-09-05T00:17:38.308360Z
92be3e1d-4be2-419a-a533-264323a57ed9,run1_rep1,G,CLOSED,CLOSED,request,PROVIDER,N/A,,3856.337626999448,INFO,adaptador.request,true,exitoso,,,10155.180875884,10151.324538257,,,2026-09-05T00:17:38.382761Z
339dcdac-dfe4-4d6d-bac3-cffc459c9d4d,run1_rep1,G,CLOSED,CLOSED,request,PROVIDER,N/A,,3836.1766260004515,INFO,adaptador.request,true,exitoso,,,10155.27326355,10151.437086924,,,2026-09-05T00:17:38.475185Z
bcfb69d6-6bb8-4a2a-bae9-e345550e564c,run1_rep1,G,CLOSED,CLOSED,request,PROVIDER,N/A,,3784.9551269991935,INFO,adaptador.request,true,exitoso,,,10155.346270551,10151.561315424,,,2026-09-05T00:17:38.548154Z
1299e870-da21-42b5-aaf0-af43378b11ac,run1_rep1,G,CLOSED,CLOSED,request,PROVIDER,N/A,,3766.7718769989733,INFO,adaptador.request,true,exitoso,,,10155.417834884,10151.651063007,,,2026-09-05T00:17:38.619675Z
75990470-7670-4d7d-aa65-4636cd8bfc01,run1_rep1,G,CLOSED,CLOSED,request,PROVIDER,N/A,,3700.2692519999982,INFO,adaptador.request,true,exitoso,,,10155.501577842,10151.80130859,,,2026-09-05T00:17:38.703480Z
60f99d00-0ab2-4138-944a-76f0bc897642,run1_rep1,G,CLOSED,CLOSED,request,PROVIDER,N/A,,3621.9850849993236,INFO,adaptador.request,true,exitoso,,,10155.568361009,10151.946375924,,,2026-09-05T00:17:38.770211Z
77df87a3-4896-479f-bc3e-04b83fcd2c97,run1_rep1,G,CLOSED,CLOSED,request,PROVIDER,N/A,,3677.7327099989634,INFO,adaptador.request,true,exitoso,,,10155.664040176,10151.986307466,,,2026-09-05T00:17:38.865879Z
b8690b99-f6a6-4bd6-befb-ed90e6906dd3,run1_rep1,G,CLOSED,CLOSED,request,PROVIDER,N/A,,3709.61758500016,INFO,adaptador.request,true,exitoso,,,10155.724302717,10152.014685132,,,2026-09-05T00:17:38.926157Z
c828aba9-7d57-45f6-8c5b-af950646d521,run1_rep1,G,CLOSED,CLOSED,request,PROVIDER,N/A,,3694.090000999495,INFO,adaptador.request,true,exitoso,,,10155.806620092,10152.112530091,,,2026-09-05T00:17:39.008499Z
7a3c370a-415d-4845-a166-98a9f5a2e11f,run1_rep1,G,CLOSED,CLOSED,request,PROVIDER,N/A,,3649.697959999685,INFO,adaptador.request,true,exitoso,,,10155.864602051,10152.214904091,,,2026-09-05T00:17:39.066466Z
7ac94900-f9e7-439a-a8d5-e2c3c897c433,run1_rep1,G,CLOSED,CLOSED,request,PROVIDER,N/A,,3645.6688349990145,INFO,adaptador.request,true,exitoso,,,10155.929497426,10152.283828591,,,2026-09-05T00:17:39.131403Z
7f56d906-3215-4b6d-a042-5782c8c3082f,run1_rep1,G,CLOSED,CLOSED,request,PROVIDER,N/A,,3458.2370850002917,INFO,adaptador.request,true,exitoso,,,10156.009842259,10152.551605174,,,2026-09-05T00:17:39.211732Z
2002a179-5e8f-4380-849f-d09c62cb70e5,run1_rep1,G,CLOSED,CLOSED,request,PROVIDER,N/A,,3497.512084999471,INFO,adaptador.request,true,exitoso,,,10156.078422051,10152.580909966,,,2026-09-05T00:17:39.280305Z
43eb6d13-5ec4-4b79-9783-7d49c3ca1591,run1_rep1,G,CLOSED,CLOSED,request,PROVIDER,N/A,,3592.2305850017437,INFO,adaptador.request,true,exitoso,,,10156.173617509,10152.581386924,,,2026-09-05T00:17:39.375502Z
7e980bf1-7cec-4a87-81cf-8e8c1a143b6f,run1_rep1,G,CLOSED,CLOSED,request,PROVIDER,N/A,,3586.0574599992106,INFO,adaptador.request,true,exitoso,,,10156.234959676,10152.648902216,,,2026-09-05T00:17:39.436852Z
1678df88-bc4c-48e3-bf29-ff3773732141,run1_rep1,G,CLOSED,CLOSED,request,PROVIDER,N/A,,3617.3861690003832,INFO,adaptador.request,true,exitoso,,,10156.339252218,10152.721866049,,,2026-09-05T00:17:39.541126Z
8b5f1d7a-855d-49fb-afa6-1e3104d8a028,run1_rep1,G,CLOSED,CLOSED,request,PROVIDER,N/A,,3631.82237699948,INFO,adaptador.request,true,exitoso,,,10156.409417968,10152.777595591,,,2026-09-05T00:17:39.611257Z
c59e3bbd-418b-4082-a55a-11de494dac72,run1_rep1,G,CLOSED,CLOSED,request,PROVIDER,N/A,,3709.705209999811,INFO,adaptador.request,true,exitoso,,,10156.488056218,10152.778351008,,,2026-09-05T00:17:39.689903Z
1bace540-fdaf-4404-8f11-a9273455218c,run1_rep1,G,CLOSED,CLOSED,request,PROVIDER,N/A,,3683.7502930011397,INFO,adaptador.request,true,exitoso,,,10156.589355051,10152.905604758,,,2026-09-05T00:17:39.791213Z
b5c021e1-6f2a-41c0-9d7d-f30fcc176a9e,run1_rep1,G,CLOSED,CLOSED,request,PROVIDER,N/A,,3694.1355019989714,INFO,adaptador.request,true,exitoso,,,10156.650976926,10152.956841424,,,2026-09-05T00:17:39.852842Z
02c46ab0-1725-47e9-a84d-a917d2fe557a,run1_rep1,G,CLOSED,CLOSED,request,PROVIDER,N/A,,3624.478335999811,INFO,adaptador.request,true,exitoso,,,10156.74764926,10153.123170924,,,2026-09-05T00:17:39.949500Z
26b20c69-a68b-493d-8ad7-9c9d99a0e695,run1_rep1,G,CLOSED,CLOSED,request,PROVIDER,N/A,,3715.406876999623,INFO,adaptador.request,true,exitoso,,,10156.839051635,10153.123644758,,,2026-09-05T00:17:40.040880Z
e4892115-be03-4ee0-a57a-162910542a68,run1_rep1,G,CLOSED,CLOSED,request,PROVIDER,N/A,,3743.325626999649,INFO,adaptador.request,true,exitoso,,,10156.913641176,10153.170315549,,,2026-09-05T00:17:40.115471Z
35c66868-0dd5-4a18-a01e-132ef4aa9cd3,run1_rep1,G,CLOSED,CLOSED,request,PROVIDER,N/A,,3667.0996270004252,INFO,adaptador.request,true,exitoso,,,10156.98754901,10153.320449383,,,2026-09-05T00:17:40.189393Z
4feab544-ca77-47d6-a5ca-508aa7b5f5c4,run1_rep1,G,CLOSED,CLOSED,request,PROVIDER,N/A,,3659.66125200066,INFO,adaptador.request,true,exitoso,,,10157.070688968,10153.411027716,,,2026-09-05T00:17:40.272553Z
24858f3d-1b58-4f99-ab66-5e079a944ccd,run1_rep1,G,CLOSED,CLOSED,request,PROVIDER,N/A,,3606.2375849996897,INFO,adaptador.request,true,exitoso,,,10157.142595176,10153.536357591,,,2026-09-05T00:17:40.344493Z
eb8bed3e-5adf-4b72-b270-cd7a0e47dc69,run1_rep1,G,CLOSED,CLOSED,request,PROVIDER,N/A,,3662.01783500037,INFO,adaptador.request,true,exitoso,,,10157.208565593,10153.546547758,,,2026-09-05T00:17:40.410441Z
2a8238ed-3783-4e4b-9510-8b2ec1a23755,run1_rep1,G,CLOSED,CLOSED,request,PROVIDER,N/A,,3681.311084999834,INFO,adaptador.request,true,exitoso,,,10157.281508635,10153.60019755,,,2026-09-05T00:17:40.483374Z
90420bca-d416-4abd-9b23-b314fa80759b,run1_rep1,G,CLOSED,CLOSED,request,PROVIDER,N/A,,3774.3667510003434,INFO,adaptador.request,true,exitoso,,,10157.374971051,10153.6006043,,,2026-09-05T00:17:40.576876Z
96ac6fd6-905a-4d7d-b693-d462bace4fc1,run1_rep1,G,CLOSED,CLOSED,request,PROVIDER,N/A,,3742.3559189992375,INFO,adaptador.request,true,exitoso,,,10157.45989051,10153.717534591,,,2026-09-05T00:17:40.661764Z
22bca2ed-cd14-4789-bf43-71fcdaa2fdf9,run1_rep1,G,CLOSED,CLOSED,request,PROVIDER,N/A,,3684.1739609990327,INFO,adaptador.request,true,exitoso,,,10157.535761177,10153.851587216,,,2026-09-05T00:17:40.737644Z
6ce2b900-9a70-4d63-a156-33ec62c1f920,run1_rep1,G,CLOSED,CLOSED,request,PROVIDER,N/A,,3780.084876998444,INFO,adaptador.request,true,exitoso,,,10157.632530885,10153.852446008,,,2026-09-05T00:17:40.834402Z
54bb4394-9d83-4fcc-a3f3-d4be216840ea,run1_rep1,G,CLOSED,CLOSED,request,PROVIDER,N/A,,3738.411709999127,INFO,adaptador.request,true,exitoso,,,10157.698821302,10153.960409592,,,2026-09-05T00:17:40.900699Z
79258498-62e6-4677-ab59-1b06fedf0580,run1_rep1,G,CLOSED,CLOSED,request,PROVIDER,N/A,,3824.0932099997735,INFO,adaptador.request,true,exitoso,,,10157.792343468,10153.968250258,,,2026-09-05T00:17:40.994202Z
dd448c44-d862-4537-8414-87e5e69913a0,run1_rep1,G,CLOSED,CLOSED,request,PROVIDER,N/A,,3716.254001999914,INFO,adaptador.request,true,exitoso,,,10157.85858176,10154.142327758,,,2026-09-05T00:17:41.060454Z
9917b3a7-4de7-445d-9439-3520687fcbb1,run1_rep1,G,CLOSED,CLOSED,request,PROVIDER,N/A,,3818.4869190008612,INFO,adaptador.request,true,exitoso,,,10157.961291052,10154.142804133,,,2026-09-05T00:17:41.163166Z
ebddf106-9f28-465e-999d-f0a2c513dfc2,run1_rep1,G,CLOSED,CLOSED,request,PROVIDER,N/A,,3856.606252000347,INFO,adaptador.request,true,exitoso,,,10158.05604176,10154.199435508,,,2026-09-05T00:17:41.257909Z
91ec153a-ace3-441d-8a58-dffa5ac646ad,run1_rep1,G,CLOSED,CLOSED,request,PROVIDER,N/A,,3910.36191800049,INFO,adaptador.request,true,exitoso,,,10158.149174635,10154.238812717,,,2026-09-05T00:17:41.350995Z
b9957f04-ee2e-4921-98af-36ef0ed1c737,run1_rep1,G,CLOSED,CLOSED,request,PROVIDER,N/A,,3948.8227929996356,INFO,adaptador.request,true,exitoso,,,10158.23025801,10154.281435217,,,2026-09-05T00:17:41.432058Z
0de50066-3a39-41b4-81b6-7ab9689a6eac,run1_rep1,G,CLOSED,CLOSED,request,PROVIDER,N/A,,3852.499168999202,INFO,adaptador.request,true,exitoso,,,10158.309987677,10154.457488508,,,2026-09-05T00:17:41.511875Z
34c4ca9a-2197-4fb1-8555-65f9e1ea4066,run1_rep1,G,CLOSED,CLOSED,request,PROVIDER,N/A,,3842.3467520005943,INFO,adaptador.request,true,exitoso,,,10158.41061126,10154.568264508,,,2026-09-05T00:17:41.612459Z
23a7062b-bb7b-4cee-ab6b-f0ebf9775eda,run1_rep1,G,CLOSED,CLOSED,request,PROVIDER,N/A,,3889.624792998802,INFO,adaptador.request,true,exitoso,,,10158.49805026,10154.608425467,,,2026-09-05T00:17:41.700176Z
16890392-2ebd-413e-af33-bd7a4a5c7631,run1_rep1,G,CLOSED,CLOSED,request,PROVIDER,N/A,,3763.663251998878,INFO,adaptador.request,true,exitoso,,,10158.563761094,10154.800097842,,,2026-09-05T00:17:41.765611Z
267322c0-3c37-499d-ad7f-1c711a43206d,run1_rep1,G,CLOSED,CLOSED,request,PROVIDER,N/A,,3863.4805439996853,INFO,adaptador.request,true,exitoso,,,10158.664085594,10154.80060505,,,2026-09-05T00:17:41.865960Z
7b68cf82-5ddf-4d39-8cf9-acf093ab9d81,run1_rep1,G,CLOSED,CLOSED,request,PROVIDER,N/A,,3941.968043000088,INFO,adaptador.request,true,exitoso,,,10158.743436927,10154.801468884,,,2026-09-05T00:17:41.945327Z
81799536-a19a-4c64-9d17-e8ed561a3eaf,run1_rep1,G,CLOSED,CLOSED,request,PROVIDER,N/A,,3951.5872940010013,INFO,adaptador.request,true,exitoso,,,10158.838712261,10154.887124967,,,2026-09-05T00:17:42.040547Z
0854bef6-3de5-405d-b27a-1e68b91eeef0,run1_rep1,G,CLOSED,CLOSED,request,PROVIDER,N/A,,3757.6384189997043,INFO,adaptador.request,true,exitoso,,,10158.924263386,10155.166624967,,,2026-09-05T00:17:42.126127Z
58b5d7fb-1168-461d-a36c-57badc33a8c8,run1_rep1,G,CLOSED,CLOSED,request,PROVIDER,N/A,,3585.3152929994394,INFO,adaptador.request,true,exitoso,,,10158.979922927,10155.394607634,,,2026-09-05T00:17:42.181784Z
fb17903f-9786-4442-a52b-ce785e384c0e,run1_rep1,G,CLOSED,CLOSED,request,PROVIDER,N/A,,3580.893543001366,INFO,adaptador.request,true,exitoso,,,10159.036757219,10155.455863676,,,2026-09-05T00:17:42.238628Z
b67d6777-b728-4e6d-8cb1-21e1b8dea56c,run1_rep1,G,CLOSED,CLOSED,request,PROVIDER,N/A,,3656.834669000091,INFO,adaptador.request,true,exitoso,,,10159.139489386,10155.482654717,,,2026-09-05T00:17:42.341348Z
2f30408c-e53b-44e2-b729-fb81474b303f,run1_rep1,G,CLOSED,CLOSED,request,PROVIDER,N/A,,3659.0337099987664,INFO,adaptador.request,true,exitoso,,,10159.220723719,10155.561690009,,,2026-09-05T00:17:42.422565Z
1f612ff9-adc2-4604-af69-1a59d11df0dc,run1_rep1,G,CLOSED,CLOSED,request,PROVIDER,N/A,,3699.636127001213,INFO,adaptador.request,true,exitoso,,,10159.286391469,10155.586755342,,,2026-09-05T00:17:42.488265Z
656a4150-b4a0-4fd1-b941-b9d1fafb1c25,run1_rep1,G,CLOSED,CLOSED,request,PROVIDER,N/A,,3737.9820850001124,INFO,adaptador.request,true,exitoso,,,10159.362976344,10155.624994259,,,2026-09-05T00:17:42.564845Z
c6a2b920-3d26-4ae8-87e3-180f811e2dfb,run1_rep1,G,CLOSED,CLOSED,request,PROVIDER,N/A,,3821.5095849991485,INFO,adaptador.request,true,exitoso,,,10159.454903552,10155.633393967,,,2026-09-05T00:17:42.656889Z
66e13b52-895c-4bd9-bbe9-9d538dce1f2b,run1_rep1,G,CLOSED,CLOSED,request,PROVIDER,N/A,,3787.5069599995186,INFO,adaptador.request,true,exitoso,,,10159.554801094,10155.767294134,,,2026-09-05T00:17:42.756667Z
a52da503-4354-449b-9830-e0a2e12ed955,run1_rep1,G,CLOSED,CLOSED,request,PROVIDER,N/A,,3767.747376999978,INFO,adaptador.request,true,exitoso,,,10159.643207928,10155.875460551,,,2026-09-05T00:17:42.845047Z
8aafbb9a-c393-455a-b544-1195bbcdd744,run1_rep1,G,CLOSED,CLOSED,request,PROVIDER,N/A,,3697.953544000484,INFO,adaptador.request,true,exitoso,,,10159.713352303,10156.015398759,,,2026-09-05T00:17:42.915202Z
ff7a60db-80aa-4482-97c6-34be883799da,run1_rep1,G,CLOSED,CLOSED,request,PROVIDER,N/A,,3709.254584999144,INFO,adaptador.request,true,exitoso,,,10159.773308344,10156.064053759,,,2026-09-05T00:17:42.975200Z
42439889-a686-4775-ba0c-9a861d206f4e,run1_rep1,G,CLOSED,CLOSED,request,PROVIDER,N/A,,3731.15562699968,INFO,adaptador.request,true,exitoso,,,10159.836869511,10156.105713884,,,2026-09-05T00:17:43.038708Z
d4274eac-e53c-4e86-b703-4f1581654c5a,run1_rep1,G,CLOSED,CLOSED,request,PROVIDER,N/A,,3749.725085001046,INFO,adaptador.request,true,exitoso,,,10159.924500928,10156.174775843,,,2026-09-05T00:17:43.126373Z
5498aa5c-4faa-4dd2-aa5b-35d402eb3fd8,run1_rep1,G,CLOSED,CLOSED,request,PROVIDER,N/A,,3663.6004600004526,INFO,adaptador.request,true,exitoso,,,10159.984341469,10156.320741009,,,2026-09-05T00:17:43.186160Z
a5f349fc-7640-47df-90dc-97b00d2b778d,run1_rep1,G,CLOSED,CLOSED,request,PROVIDER,N/A,,3659.3637930000114,INFO,adaptador.request,true,exitoso,,,10160.059328261,10156.399964468,,,2026-09-05T00:17:43.261138Z
afccad01-a782-41df-b67b-312632d42381,run1_rep1,G,CLOSED,CLOSED,request,PROVIDER,N/A,,3714.570210000602,INFO,adaptador.request,true,exitoso,,,10160.117086636,10156.402516426,,,2026-09-05T00:17:43.318936Z
232f027d-0718-4e18-8853-75bc79f95492,run1_rep1,G,CLOSED,CLOSED,request,PROVIDER,N/A,,3709.5867520001775,INFO,adaptador.request,true,exitoso,,,10160.196472553,10156.486885801,,,2026-09-05T00:17:43.398317Z
b7b1fd29-8c40-4e6c-83a4-271880e89ce9,run1_rep1,G,CLOSED,CLOSED,request,PROVIDER,N/A,,3617.3873349998757,INFO,adaptador.request,true,exitoso,,,10160.274706636,10156.657319301,,,2026-09-05T00:17:43.476506Z
3507e6a7-a3ac-4529-9ad3-5824f7b0884e,run1_rep1,G,CLOSED,CLOSED,request,PROVIDER,N/A,,3652.6726270003564,INFO,adaptador.request,true,exitoso,,,10160.33994322,10156.687270593,,,2026-09-05T00:17:43.541826Z
cdc1144b-3d7c-42ea-9058-207d5bfe04c3,run1_rep1,G,CLOSED,CLOSED,request,PROVIDER,N/A,,3702.881167999294,INFO,adaptador.request,true,exitoso,,,10160.436140553,10156.733259385,,,2026-09-05T00:17:43.638004Z
39d05faa-7245-4690-b010-d639c6b35af0,run1_rep1,G,CLOSED,CLOSED,request,PROVIDER,N/A,,3746.369335000054,INFO,adaptador.request,true,exitoso,,,10160.516346553,10156.769977218,,,2026-09-05T00:17:43.718239Z
cfbe27b0-6064-474d-b081-df00e66501aa,run1_rep1,G,CLOSED,CLOSED,request,PROVIDER,N/A,,3603.408335000495,INFO,adaptador.request,true,exitoso,,,10160.597557761,10156.994149426,,,2026-09-05T00:17:43.799400Z
6574f64e-2fc8-4f13-a9b4-4ff44a72ff77,run1_rep1,G,CLOSED,CLOSED,request,PROVIDER,N/A,,3665.542792999986,INFO,adaptador.request,true,exitoso,,,10160.675341053,10157.00979826,,,2026-09-05T00:17:43.877202Z
8150c93c-9473-457e-9bf5-2fb3d7e30df8,run1_rep1,G,CLOSED,CLOSED,request,PROVIDER,N/A,,3703.586292998807,INFO,adaptador.request,true,exitoso,,,10160.737439178,10157.033852885,,,2026-09-05T00:17:43.939276Z
5f5b4b22-91f6-4c48-b559-24ebe754a173,run1_rep1,G,CLOSED,CLOSED,request,PROVIDER,N/A,,3654.3517929985683,INFO,adaptador.request,true,exitoso,,,10160.793983761,10157.139631968,,,2026-09-05T00:17:43.995873Z
8114cd4b-45cd-49e0-a3c6-4cf4fc5cf528,run1_rep1,G,CLOSED,CLOSED,request,PROVIDER,N/A,,3535.337293000339,INFO,adaptador.request,true,exitoso,,,10160.855282928,10157.319945635,,,2026-09-05T00:17:44.057186Z
f056ee95-2335-4190-a324-e9a6bd6c9666,run1_rep1,G,CLOSED,CLOSED,request,PROVIDER,N/A,,3572.708210998826,INFO,adaptador.request,true,exitoso,,,10160.937903387,10157.365195176,,,2026-09-05T00:17:44.139798Z
13df7422-7165-463a-9541-44474aed9470,run1_rep1,G,CLOSED,CLOSED,request,PROVIDER,N/A,,3647.116834999906,INFO,adaptador.request,true,exitoso,,,10161.036842095,10157.38972526,,,2026-09-05T00:17:44.238729Z
0ce230ba-31c6-4d17-805c-c85ef6e0cd77,run1_rep1,G,CLOSED,CLOSED,request,PROVIDER,N/A,,3696.3872099986474,INFO,adaptador.request,true,exitoso,,,10161.122306262,10157.425919052,,,2026-09-05T00:17:44.324154Z
108de18e-7cf9-49f1-94b5-9e79a96acad8,run1_rep1,G,CLOSED,CLOSED,request,PROVIDER,N/A,,3779.100167999786,INFO,adaptador.request,true,exitoso,,,10161.20795272,10157.428852552,,,2026-09-05T00:17:44.409849Z
05f3b150-d497-442a-9b73-940e74b18278,run1_rep1,G,CLOSED,CLOSED,request,PROVIDER,N/A,,3796.9657510002435,INFO,adaptador.request,true,exitoso,,,10161.274657428,10157.477691677,,,2026-09-05T00:17:44.476531Z
b0fb5e24-09e6-418c-a451-956861ddafeb,run1_rep1,G,CLOSED,CLOSED,request,PROVIDER,N/A,,3791.470919000858,INFO,adaptador.request,true,exitoso,,,10161.353438012,10157.561967093,,,2026-09-05T00:17:44.555264Z
4e0720fc-6dfd-43a2-b43c-5860a661bf26,run1_rep1,G,CLOSED,CLOSED,request,PROVIDER,N/A,,3741.1152519998723,INFO,adaptador.request,true,exitoso,,,10161.413819845,10157.672704593,,,2026-09-05T00:17:44.615658Z
a372dbac-5e9e-4781-9545-0ca7a30a1987,run1_rep1,G,CLOSED,CLOSED,request,PROVIDER,N/A,,3652.375169000152,INFO,adaptador.request,true,exitoso,,,10161.518759887,10157.866384718,,,2026-09-05T00:17:44.720613Z
c8600161-9261-41b4-a090-1e4e441d8d7f,run1_rep1,G,CLOSED,CLOSED,request,PROVIDER,N/A,,3636.9921269997576,INFO,adaptador.request,true,exitoso,,,10161.58334547,10157.946353343,,,2026-09-05T00:17:44.785212Z
4db3b896-a28d-4384-b1de-3b5a7e77c2a5,run1_rep1,G,CLOSED,CLOSED,request,PROVIDER,N/A,,3669.4812519999687,INFO,adaptador.request,true,exitoso,,,10161.654638679,10157.985157427,,,2026-09-05T00:17:44.856482Z
1e97e3b8-f6bc-4a23-ae28-5f2c02fd29cd,run1_rep1,G,CLOSED,CLOSED,request,PROVIDER,N/A,,3738.077584999701,INFO,adaptador.request,true,exitoso,,,10161.747955137,10158.009877552,,,2026-09-05T00:17:44.949848Z
4fc8b2f5-fef7-44ed-a13e-c57771b4eac6,run1_rep1,G,CLOSED,CLOSED,request,PROVIDER,N/A,,3500.2010019998124,INFO,adaptador.request,true,exitoso,,,10161.805581387,10158.305380385,,,2026-09-05T00:17:45.007542Z
fa2db86c-0928-4e16-913a-3cd99231205f,run1_rep1,G,CLOSED,CLOSED,request,PROVIDER,N/A,,3515.7421679996332,INFO,adaptador.request,true,exitoso,,,10161.88578997,10158.370047802,,,2026-09-05T00:17:45.087612Z
9213162a-dfad-4359-99df-879b04016928,run1_rep1,G,CLOSED,CLOSED,request,PROVIDER,N/A,,3534.7990019999997,INFO,adaptador.request,true,exitoso,,,10161.986723554,10158.451924552,,,2026-09-05T00:17:45.188629Z
dff43c7a-48d9-4b60-9486-e8ec4ba24505,run1_rep1,G,CLOSED,CLOSED,request,PROVIDER,N/A,,3602.3183349989267,INFO,adaptador.request,true,exitoso,,,10162.054735012,10158.452416677,,,2026-09-05T00:17:45.256539Z
799e202d-72a9-4cc2-90d9-a2ce4006bbfa,run1_rep1,G,CLOSED,CLOSED,request,PROVIDER,N/A,,3638.9157510002406,INFO,adaptador.request,true,exitoso,,,10162.155092595,10158.516176844,,,2026-09-05T00:17:45.356883Z
134efb39-426b-47e9-96fa-df4e94fe62ed,run1_rep1,G,CLOSED,CLOSED,request,PROVIDER,N/A,,3538.0747519993747,INFO,adaptador.request,true,exitoso,,,10162.248920262,10158.71084551,,,2026-09-05T00:17:45.450772Z
cedfb7bb-66a8-465e-b29e-4c9dbd1cc04c,run1_rep1,G,CLOSED,CLOSED,request,PROVIDER,N/A,,3612.2338360000867,INFO,adaptador.request,true,exitoso,,,10162.330828471,10158.718594635,,,2026-09-05T00:17:45.532834Z
45eabf8f-0e7d-4674-bef2-7c4543fd676e,run1_rep1,G,CLOSED,CLOSED,request,PROVIDER,N/A,,3600.886542999433,INFO,adaptador.request,true,exitoso,,,10162.416543387,10158.815656844,,,2026-09-05T00:17:45.618433Z
e341bd79-8569-4db8-9dcc-add845029987,run1_rep1,G,CLOSED,CLOSED,request,PROVIDER,N/A,,3523.827334998714,INFO,adaptador.request,true,exitoso,,,10162.490451012,10158.966623677,,,2026-09-05T00:17:45.692321Z
2b001f6f-8066-4b98-8c80-dc25cf9258e0,run1_rep1,G,CLOSED,CLOSED,request,PROVIDER,N/A,,3541.6991260008217,INFO,adaptador.request,true,exitoso,,,10162.588352512,10159.046653386,,,2026-09-05T00:17:45.790213Z
4d4469d9-174b-4afb-a06e-a8f42314aed6,run1_rep1,G,CLOSED,CLOSED,request,PROVIDER,N/A,,3572.729376999632,INFO,adaptador.request,true,exitoso,,,10162.660301054,10159.087571677,,,2026-09-05T00:17:45.862141Z
7d7d46e2-271d-4175-9f72-d18b9371bd7b,run1_rep1,G,CLOSED,CLOSED,request,PROVIDER,N/A,,3681.235542999275,INFO,adaptador.request,true,exitoso,,,10162.769233512,10159.087997969,,,2026-09-05T00:17:45.971083Z
13d9d0e8-3fc2-48c4-ae3a-699b1505bd13,run1_rep1,G,CLOSED,CLOSED,request,PROVIDER,N/A,,3706.5884599996934,INFO,adaptador.request,true,exitoso,,,10162.873755679,10159.167167219,,,2026-09-05T00:17:46.075710Z
af79ea0e-2e4e-4ebb-8248-48e259c862e8,run1_rep1,G,CLOSED,CLOSED,request,PROVIDER,N/A,,3622.2854600000574,INFO,adaptador.request,true,exitoso,,,10162.971759096,10159.349473636,,,2026-09-05T00:17:46.173703Z
3ec180e2-171c-40f8-bdf4-3afd76691526,run1_rep1,G,CLOSED,CLOSED,request,PROVIDER,N/A,,3716.71391900054,INFO,adaptador.request,true,exitoso,,,10163.066607721,10159.349893802,,,2026-09-05T00:17:46.268493Z
77b385d4-462d-43c6-a126-9c5b2d126ef4,run1_rep1,G,CLOSED,CLOSED,request,PROVIDER,N/A,,3755.237669000053,INFO,adaptador.request,true,exitoso,,,10163.127810138,10159.372572469,,,2026-09-05T00:17:46.329684Z
59d3477d-eb31-45aa-9c07-c7b855c343f2,run1_rep1,G,CLOSED,CLOSED,request,PROVIDER,N/A,,3793.9312939997762,INFO,adaptador.request,true,exitoso,,,10163.209704138,10159.415772844,,,2026-09-05T00:17:46.411581Z
31fd5ea8-b98f-431a-a738-002ab2b8735c,run1_rep1,G,CLOSED,CLOSED,request,PROVIDER,N/A,,3624.7042510003666,INFO,adaptador.request,true,exitoso,,,10163.275860929,10159.651156678,,,2026-09-05T00:17:46.477716Z
153ae907-c73d-4fe1-ad09-bf7d27dcb6cd,run1_rep1,G,CLOSED,CLOSED,request,PROVIDER,N/A,,3681.6639179996855,INFO,adaptador.request,true,exitoso,,,10163.378248679,10159.696584761,,,2026-09-05T00:17:46.580128Z
24e38610-dfc7-423b-9dda-e3a7bfaf60f5,run1_rep1,G,CLOSED,CLOSED,request,PROVIDER,N/A,,3704.9796270002844,INFO,adaptador.request,true,exitoso,,,10163.454518471,10159.749538844,,,2026-09-05T00:17:46.656373Z
1ec044fe-3207-47d9-ba07-b488ade6ea9c,run1_rep1,G,CLOSED,CLOSED,request,PROVIDER,N/A,,3753.521542999806,INFO,adaptador.request,true,exitoso,,,10163.533650304,10159.780128761,,,2026-09-05T00:17:46.735485Z
95c75cb1-856e-44ac-96cf-88d8bdbc23ec,run1_rep1,G,CLOSED,CLOSED,request,PROVIDER,N/A,,3675.267917999008,INFO,adaptador.request,true,exitoso,,,10163.626232346,10159.950964428,,,2026-09-05T00:17:46.828108Z
1bbb4b0b-a337-48d5-bb01-bd9d2e88cb0a,run1_rep1,G,CLOSED,CLOSED,request,PROVIDER,N/A,,3726.0656689995812,INFO,adaptador.request,true,exitoso,,,10163.70822243,10159.982156761,,,2026-09-05T00:17:46.910077Z
cd2b24da-961e-47fd-8f30-9cc4cda9686c,run1_rep1,G,CLOSED,CLOSED,request,PROVIDER,N/A,,3639.583293999749,INFO,adaptador.request,true,exitoso,,,10163.76635193,10160.126768636,,,2026-09-05T00:17:46.968191Z
cf5ad9d2-0c21-4f99-9359-6dddb6fe3c85,run1_rep1,G,CLOSED,CLOSED,request,PROVIDER,N/A,,3658.293793998382,INFO,adaptador.request,true,exitoso,,,10163.85599343,10160.197699636,,,2026-09-05T00:17:47.057857Z
c750aa01-5a7b-45d2-aa54-e59a1ea15491,run1_rep1,G,CLOSED,CLOSED,request,PROVIDER,N/A,,3706.3611270004913,INFO,adaptador.request,true,exitoso,,,10163.940561388,10160.234200261,,,2026-09-05T00:17:47.142399Z
a30dfb0f-dc16-4ce2-852f-49322985fd93,run1_rep1,G,CLOSED,CLOSED,request,PROVIDER,N/A,,3772.710293000273,INFO,adaptador.request,true,exitoso,,,10164.014239263,10160.24152897,,,2026-09-05T00:17:47.216098Z
fe2419d8-5e36-4ac2-ac43-31d45b29a822,run1_rep1,G,CLOSED,CLOSED,request,PROVIDER,N/A,,3826.3122930002282,INFO,adaptador.request,true,exitoso,,,10164.081230263,10160.25491797,,,2026-09-05T00:17:47.283116Z
ef6907cf-fa63-4430-acff-da403443a9cd,run1_rep1,G,CLOSED,CLOSED,request,PROVIDER,N/A,,3829.1523349998897,INFO,adaptador.request,true,exitoso,,,10164.153215888,10160.324063553,,,2026-09-05T00:17:47.355095Z
b7bbcfd2-0c28-4d54-a203-8e9583c0e747,run1_rep1,G,CLOSED,CLOSED,request,PROVIDER,N/A,,3719.5336269996915,INFO,adaptador.request,true,exitoso,,,10164.23913368,10160.519600053,,,2026-09-05T00:17:47.441002Z
66fdf62f-7542-4713-839e-62b4386a918f,run1_rep1,G,CLOSED,CLOSED,request,PROVIDER,N/A,,3799.0440020003007,INFO,adaptador.request,true,exitoso,,,10164.348805805,10160.549761803,,,2026-09-05T00:17:47.550670Z
dae6f705-e3d4-4ab2-a86c-27ba3df29412,run1_rep1,G,CLOSED,CLOSED,request,PROVIDER,N/A,,3856.0920859999896,INFO,adaptador.request,true,exitoso,,,10164.453091722,10160.596999636,,,2026-09-05T00:17:47.654948Z
f2f2d068-d7fe-4006-ba65-f67ecbc0c10d,run1_rep1,G,CLOSED,CLOSED,request,PROVIDER,N/A,,3933.1525019988476,INFO,adaptador.request,true,exitoso,,,10164.530608513,10160.597456011,,,2026-09-05T00:17:47.732475Z
4732b525-34f2-4b40-9473-55a5a3ed4717,run1_rep1,G,CLOSED,CLOSED,request,PROVIDER,N/A,,3812.530709999919,INFO,adaptador.request,true,exitoso,,,10164.607478138,10160.794947428,,,2026-09-05T00:17:47.809338Z
4a2480bd-932f-48cc-a138-84477a3ee69f,run1_rep1,G,CLOSED,CLOSED,request,PROVIDER,N/A,,3851.2492940008087,INFO,adaptador.request,true,exitoso,,,10164.681464597,10160.830215303,,,2026-09-05T00:17:47.883325Z
6affc66a-c3a9-4395-808f-f6f21bf93a7c,run1_rep1,G,CLOSED,CLOSED,request,PROVIDER,N/A,,3770.9614180002973,INFO,adaptador.request,true,exitoso,,,10164.76367518,10160.992713762,,,2026-09-05T00:17:47.965541Z
3b3c93c4-10ed-48b5-a358-9f9ef1b92994,run1_rep1,G,CLOSED,CLOSED,request,PROVIDER,N/A,,3707.327042999168,INFO,adaptador.request,true,exitoso,,,10164.830426388,10161.123099345,,,2026-09-05T00:17:48.032303Z
ceb8f733-50a7-421d-9fc2-f03f6598fd24,run1_rep1,G,CLOSED,CLOSED,request,PROVIDER,N/A,,3673.148002000744,INFO,adaptador.request,true,exitoso,,,10164.89131043,10161.218162428,,,2026-09-05T00:17:48.093164Z
e7bfdf11-59f4-400a-88df-a86955777746,run1_rep1,G,CLOSED,CLOSED,request,PROVIDER,N/A,,3741.3697930005583,INFO,adaptador.request,true,exitoso,,,10164.99669643,10161.255326637,,,2026-09-05T00:17:48.198574Z
388abdb2-8520-496f-ae1e-46191438d069,run1_rep1,G,CLOSED,CLOSED,request,PROVIDER,N/A,,3794.9243769999157,INFO,adaptador.request,true,exitoso,,,10165.103756305,10161.308831928,,,2026-09-05T00:17:48.305602Z
c7e7da57-2636-4765-bae0-94aae95cbc6e,run1_rep1,G,CLOSED,CLOSED,request,PROVIDER,N/A,,3868.736751999677,INFO,adaptador.request,true,exitoso,,,10165.192113222,10161.32337647,,,2026-09-05T00:17:48.393948Z
124d5bce-85a4-4a9c-b7f9-5f9d439262a3,run1_rep1,G,CLOSED,CLOSED,request,PROVIDER,N/A,,3752.644877000421,INFO,adaptador.request,true,exitoso,,,10165.280970764,10161.528325887,,,2026-09-05T00:17:48.482820Z
3c3a0dfd-f653-4281-9bc0-90c5399b5cc0,run1_rep1,G,CLOSED,CLOSED,request,PROVIDER,N/A,,3680.6879180003307,INFO,adaptador.request,true,exitoso,,,10165.341417097,10161.660729179,,,2026-09-05T00:17:48.543282Z
9a4e5f7c-1454-4e98-a19d-15379cb64388,run1_rep1,G,CLOSED,CLOSED,request,PROVIDER,N/A,,3760.679335000532,INFO,adaptador.request,true,exitoso,,,10165.439410139,10161.678730804,,,2026-09-05T00:17:48.641277Z
348ca0f5-b8ce-4cf1-8440-1ddd72cf920a,run1_rep1,G,CLOSED,CLOSED,request,PROVIDER,N/A,,3801.0865010001,INFO,adaptador.request,true,exitoso,,,10165.530680805,10161.729594304,,,2026-09-05T00:17:48.732759Z
94a2cf99-ef5a-4ee0-84d0-f54a7b2e40ab,run1_rep1,G,CLOSED,CLOSED,request,PROVIDER,N/A,,3878.751542999453,INFO,adaptador.request,true,exitoso,,,10165.627724347,10161.748972804,,,2026-09-05T00:17:48.829552Z
de98d1b7-ea15-45b7-a43b-5b9be256ee9c,run1_rep1,G,CLOSED,CLOSED,request,PROVIDER,N/A,,3937.59433500054,INFO,adaptador.request,true,exitoso,,,10165.721545472,10161.783951137,,,2026-09-05T00:17:48.923414Z
10032554-a279-4a24-9289-be1a1891749f,run1_rep1,G,CLOSED,CLOSED,request,PROVIDER,N/A,,3910.2451689996087,INFO,adaptador.request,true,exitoso,,,10165.793829556,10161.883584387,,,2026-09-05T00:17:48.995692Z
6d6dff60-7471-4852-a6e2-0dc08d1eab10,run1_rep1,G,CLOSED,CLOSED,request,PROVIDER,N/A,,3977.2199599992746,INFO,adaptador.request,true,exitoso,,,10165.881783722,10161.904563762,,,2026-09-05T00:17:49.083713Z
89fed700-3f8a-4617-b4d7-66cea9c4cf1b,run1_rep1,G,CLOSED,CLOSED,request,PROVIDER,N/A,,4002.174709999963,INFO,adaptador.request,true,exitoso,,,10165.940249722,10161.938075012,,,2026-09-05T00:17:49.142163Z
84983406-ba38-4918-b154-524569a3ee85,run1_rep1,G,CLOSED,CLOSED,request,PROVIDER,N/A,,3956.6999599992414,INFO,adaptador.request,true,exitoso,,,10166.039798097,10162.083098137,,,2026-09-05T00:17:49.241679Z
ccac848b-bda7-437f-b764-a1a4dfe01a1b,run1_rep1,G,CLOSED,CLOSED,request,PROVIDER,N/A,,4009.351169001093,INFO,adaptador.request,true,exitoso,,,10166.131697389,10162.12234622,,,2026-09-05T00:17:49.333566Z
7de47791-1d46-495f-b7f8-278994cb4cee,run1_rep1,G,CLOSED,CLOSED,request,PROVIDER,N/A,,4081.872917999135,INFO,adaptador.request,true,exitoso,,,10166.229579472,10162.147706554,,,2026-09-05T00:17:49.431447Z
16caac7d-f000-49c2-a5e6-dfdada7bcbfa,run1_rep1,G,CLOSED,CLOSED,request,PROVIDER,N/A,,4081.723293000323,INFO,adaptador.request,true,exitoso,,,10166.320910222,10162.239186929,,,2026-09-05T00:17:49.522796Z
7e783f70-bb75-4be9-a627-47386b5239f9,run1_rep1,G,CLOSED,CLOSED,request,PROVIDER,N/A,,3821.155001000079,INFO,adaptador.request,true,exitoso,,,10166.415502847,10162.594347846,,,2026-09-05T00:17:49.617417Z
85ba09c1-9f0a-4389-a0f3-7e08c2c7407a,run1_rep1,G,CLOSED,CLOSED,request,PROVIDER,N/A,,3838.912043998789,INFO,adaptador.request,true,exitoso,,,10166.497416223,10162.658504179,,,2026-09-05T00:17:49.699376Z
5cca11f4-b8f2-45ff-88d8-26b018db3afd,run1_rep1,G,CLOSED,CLOSED,request,PROVIDER,N/A,,3914.850168001067,INFO,adaptador.request,true,exitoso,,,10166.600364014,10162.685513846,,,2026-09-05T00:17:49.802215Z
96587943-8a8f-4f58-a48f-dbbbd0f19df1,run1_rep1,G,CLOSED,CLOSED,request,PROVIDER,N/A,,3959.3340440005704,INFO,adaptador.request,true,exitoso,,,10166.668624223,10162.709290179,,,2026-09-05T00:17:49.870510Z
16558e1a-3229-40e7-8703-e2e8c389f2d3,run1_rep1,G,CLOSED,CLOSED,request,PROVIDER,N/A,,3934.5924609988288,INFO,adaptador.request,true,exitoso,,,10166.757054098,10162.822461637,,,2026-09-05T00:17:49.958946Z
070b8029-d7cb-4b0e-8167-d60e4054a293,run1_rep1,G,CLOSED,CLOSED,request,PROVIDER,N/A,,3948.7944610009436,INFO,adaptador.request,true,exitoso,,,10166.856744598,10162.907950137,,,2026-09-05T00:17:50.058609Z
c55f481c-df9b-4002-9aed-2db89a2ee862,run1_rep1,G,CLOSED,CLOSED,request,PROVIDER,N/A,,4013.395001999015,INFO,adaptador.request,true,exitoso,,,10166.936985056,10162.923590054,,,2026-09-05T00:17:50.138933Z
c52db640-cc29-402a-96af-8389ef4eb113,run1_rep1,G,CLOSED,CLOSED,request,PROVIDER,N/A,,4109.569293999812,INFO,adaptador.request,true,exitoso,,,10167.045973098,10162.936403804,,,2026-09-05T00:17:50.247860Z
87a23709-d849-43c5-8439-1dda6b16fc15,run1_rep1,G,CLOSED,CLOSED,request,PROVIDER,N/A,,3928.2372100005887,INFO,adaptador.request,true,exitoso,,,10167.127551431,10163.199314221,,,2026-09-05T00:17:50.329422Z
c738e295-93b6-4bfc-a251-1242289624fe,run1_rep1,G,CLOSED,CLOSED,request,PROVIDER,N/A,,3863.6800439999206,INFO,adaptador.request,true,exitoso,,,10167.189800223,10163.326120179,,,2026-09-05T00:17:50.391673Z
0db54908-fbbf-4b4f-a554-222265e97a19,run1_rep1,G,CLOSED,CLOSED,request,PROVIDER,N/A,,3870.33670999881,INFO,adaptador.request,true,exitoso,,,10167.269881306,10163.399544596,,,2026-09-05T00:17:50.471776Z
42216bb7-2a03-4440-8aa1-3b9365b2516e,run1_rep1,G,CLOSED,CLOSED,request,PROVIDER,N/A,,3777.320334998876,INFO,adaptador.request,true,exitoso,,,10167.335268431,10163.557948096,,,2026-09-05T00:17:50.537133Z
a923a607-a3e3-48f9-b80a-cc40cb1d5ba6,run1_rep1,G,CLOSED,CLOSED,request,PROVIDER,N/A,,3804.1470020016277,INFO,adaptador.request,true,exitoso,,,10167.395757681,10163.591610679,,,2026-09-05T00:17:50.597722Z
ef0ea481-6dce-4ffa-a877-5ec764e7f7bc,run1_rep1,G,CLOSED,CLOSED,request,PROVIDER,N/A,,3791.4745019988914,INFO,adaptador.request,true,exitoso,,,10167.50640314,10163.714928638,,,2026-09-05T00:17:50.708286Z
1e13bc5c-406d-4b57-8eea-ed2d1bfb84b8,run1_rep1,G,CLOSED,CLOSED,request,PROVIDER,N/A,,3826.192169000933,INFO,adaptador.request,true,exitoso,,,10167.582712265,10163.756520096,,,2026-09-05T00:17:50.784564Z
457b6bcd-5b52-445d-b71b-0ccfaaae6de7,run1_rep1,G,CLOSED,CLOSED,request,PROVIDER,N/A,,3910.3539179996005,INFO,adaptador.request,true,exitoso,,,10167.683172556,10163.772818638,,,2026-09-05T00:17:50.885009Z
fd00318a-c3ab-4522-9f2f-064ebfed06ac,run1_rep1,G,CLOSED,CLOSED,request,PROVIDER,N/A,,3952.241793000212,INFO,adaptador.request,true,exitoso,,,10167.750263098,10163.798021305,,,2026-09-05T00:17:50.952091Z
8aa79c91-5f9b-4058-8a80-b059c28e9275,run1_rep1,G,CLOSED,CLOSED,request,PROVIDER,N/A,,3831.570001999353,INFO,adaptador.request,true,exitoso,,,10167.832397015,10164.000827013,,,2026-09-05T00:17:51.034258Z
6561a503-a06e-47cc-9a2f-9badf4507c1a,run1_rep1,G,CLOSED,CLOSED,request,PROVIDER,N/A,,3822.008293998806,INFO,adaptador.request,true,exitoso,,,10167.911374307,10164.089366013,,,2026-09-05T00:17:51.113230Z
b4c09f71-9845-4a94-a19f-b6d3540abf8a,run1_rep1,G,CLOSED,CLOSED,request,PROVIDER,N/A,,3868.6642100001336,INFO,adaptador.request,true,exitoso,,,10167.986517723,10164.117853513,,,2026-09-05T00:17:51.188354Z
d80cf6df-dbbb-423d-bb9d-93cd41e43ad8,run1_rep1,G,CLOSED,CLOSED,request,PROVIDER,N/A,,3849.7099180003715,INFO,adaptador.request,true,exitoso,,,10168.043920848,10164.19421093,,,2026-09-05T00:17:51.245827Z
3e2c56b5-10ed-4a00-afdc-f0834c337089,run1_rep1,G,CLOSED,CLOSED,request,PROVIDER,N/A,,3902.2607100014284,INFO,adaptador.request,true,exitoso,,,10168.127164265,10164.224903555,,,2026-09-05T00:17:51.329044Z
cc93fee3-e351-4c63-b283-7a764391c0ec,run1_rep1,G,CLOSED,CLOSED,request,PROVIDER,N/A,,3927.5889179989463,INFO,adaptador.request,true,exitoso,,,10168.186744973,10164.259156055,,,2026-09-05T00:17:51.388612Z
c608d3e0-b053-4e16-bf60-210690fe564b,run1_rep1,G,CLOSED,CLOSED,request,PROVIDER,N/A,,3772.3581259997445,INFO,adaptador.request,true,exitoso,,,10168.266975848,10164.494617722,,,2026-09-05T00:17:51.468862Z
a1f4594c-0202-44ce-83c3-6ae13266b570,run1_rep1,G,CLOSED,CLOSED,request,PROVIDER,N/A,,3835.93408500019,INFO,adaptador.request,true,exitoso,,,10168.36104364,10164.525109555,,,2026-09-05T00:17:51.562938Z
c7a92500-079a-4863-ad3a-94672369f1d3,run1_rep1,G,CLOSED,CLOSED,request,PROVIDER,N/A,,3840.875251999023,INFO,adaptador.request,true,exitoso,,,10168.45068889,10164.609813638,,,2026-09-05T00:17:51.652524Z
f845ba93-d4c6-4be4-a364-3a00fea42a0d,run1_rep1,G,CLOSED,CLOSED,request,PROVIDER,N/A,,3938.0413350008894,INFO,adaptador.request,true,exitoso,,,10168.548637182,10164.610595847,,,2026-09-05T00:17:51.750552Z
b43c6aa4-2376-4da6-9e2a-849e91451ab5,run1_rep1,G,CLOSED,CLOSED,request,PROVIDER,N/A,,3821.3738769991323,INFO,adaptador.request,true,exitoso,,,10168.616202057,10164.79482818,,,2026-09-05T00:17:51.818053Z
cf8e287b-ae49-438a-ad73-42f2b92f94b2,run1_rep1,G,CLOSED,CLOSED,request,PROVIDER,N/A,,3827.315501999692,INFO,adaptador.request,true,exitoso,,,10168.703275099,10164.875959597,,,2026-09-05T00:17:51.905127Z
30fcc711-d0b3-4dc4-bec9-53f131095a98,run1_rep1,G,CLOSED,CLOSED,request,PROVIDER,N/A,,3798.377459999756,INFO,adaptador.request,true,exitoso,,,10168.775405682,10164.977028222,,,2026-09-05T00:17:51.977264Z
67aacdff-948d-43c4-96df-ea1eec653009,run1_rep1,G,CLOSED,CLOSED,request,PROVIDER,N/A,,3856.058209999901,INFO,adaptador.request,true,exitoso,,,10168.853587807,10164.997529597,,,2026-09-05T00:17:52.055469Z
bb6fb15d-7c5b-4ec4-966c-5440568ce599,run1_rep1,G,CLOSED,CLOSED,request,PROVIDER,N/A,,3753.5834179998346,INFO,adaptador.request,true,exitoso,,,10168.937430307,10165.183846889,,,2026-09-05T00:17:52.139308Z
d93d09ec-973b-4a2c-93ce-0717b4d815fe,run1_rep1,G,CLOSED,CLOSED,request,PROVIDER,N/A,,3784.7070020015963,INFO,adaptador.request,true,exitoso,,,10169.034988474,10165.250281472,,,2026-09-05T00:17:52.236939Z
e00a89c2-b50d-43e6-80f3-9d2603312cde,run1_rep1,G,CLOSED,CLOSED,request,PROVIDER,N/A,,3790.699085000597,INFO,adaptador.request,true,exitoso,,,10169.103652432,10165.312953347,,,2026-09-05T00:17:52.305529Z
80c8026e-c1ed-4acf-b302-52f2fd292476,run1_rep1,G,CLOSED,CLOSED,request,PROVIDER,N/A,,3881.3139599988062,INFO,adaptador.request,true,exitoso,,,10169.194678515,10165.313364555,,,2026-09-05T00:17:52.396564Z
25e113ab-eb1d-4930-9608-bccb77e56526,run1_rep1,G,CLOSED,CLOSED,request,PROVIDER,N/A,,3882.2612930016476,INFO,adaptador.request,true,exitoso,,,10169.256740807,10165.374479514,,,2026-09-05T00:17:52.458605Z
3109c504-4241-4523-a1f0-e3b48c91ffb9,run1_rep1,G,CLOSED,CLOSED,request,PROVIDER,N/A,,3870.1604599991697,INFO,adaptador.request,true,exitoso,,,10169.348480682,10165.478320222,,,2026-09-05T00:17:52.550348Z
7a0d9547-b0be-456f-8d9c-8f3f90d26a5f,run1_rep1,G,CLOSED,CLOSED,request,PROVIDER,N/A,,3957.315419000224,INFO,adaptador.request,true,exitoso,,,10169.436861474,10165.479546055,,,2026-09-05T00:17:52.638733Z
0d0c4e8a-26f1-41f9-940e-161c8e5a82c0,run1_rep1,G,CLOSED,CLOSED,request,PROVIDER,N/A,,3936.8482520003454,INFO,adaptador.request,true,exitoso,,,10169.529196516,10165.592348264,,,2026-09-05T00:17:52.731031Z
d8d08997-b739-4049-90b3-06c0c5e3e9d3,run1_rep1,G,CLOSED,CLOSED,request,PROVIDER,N/A,,3913.417877000029,INFO,adaptador.request,true,exitoso,,,10169.630106557,10165.71668868,,,2026-09-05T00:17:52.832019Z
83937dc8-b388-41f3-ad99-0eac0c01d5f4,run1_rep1,G,CLOSED,CLOSED,request,PROVIDER,N/A,,3970.1780849991337,INFO,adaptador.request,true,exitoso,,,10169.705995432,10165.735817347,,,2026-09-05T00:17:52.907939Z
b77b1778-a7ff-4487-b6e9-5816ecdd8b5f,run1_rep1,G,CLOSED,CLOSED,request,PROVIDER,N/A,,3838.9542100012477,INFO,adaptador.request,true,exitoso,,,10169.792308599,10165.953354389,,,2026-09-05T00:17:52.994212Z
fb5a872e-a658-4ec3-b67c-9083d064f7b6,run1_rep1,G,CLOSED,CLOSED,request,PROVIDER,N/A,,3854.4743769998604,INFO,adaptador.request,true,exitoso,,,10169.871759516,10166.017285139,,,2026-09-05T00:17:53.073630Z
1bc6bbde-0ca7-4757-84c8-4e3f7843f4c8,run1_rep1,G,CLOSED,CLOSED,request,PROVIDER,N/A,,3744.205710001552,INFO,adaptador.request,true,exitoso,,,10169.933795307,10166.189589597,,,2026-09-05T00:17:53.135656Z
98161bd5-54be-4ffc-9578-ea035dc26bbd,run1_rep1,G,CLOSED,CLOSED,request,PROVIDER,N/A,,3798.546169000474,INFO,adaptador.request,true,exitoso,,,10170.010871558,10166.212325389,,,2026-09-05T00:17:53.212676Z
305f61c6-f1c2-4ddb-ad0d-a8899a377b30,run1_rep1,G,CLOSED,CLOSED,request,PROVIDER,N/A,,3690.8072930000344,INFO,adaptador.request,true,exitoso,,,10170.104747099,10166.413939806,,,2026-09-05T00:17:53.306582Z
745449b6-db56-4abf-b19c-6ffbec13ec2d,run1_rep1,G,CLOSED,CLOSED,request,PROVIDER,N/A,,3731.63421100071,INFO,adaptador.request,true,exitoso,,,10170.172997558,10166.441363347,,,2026-09-05T00:17:53.374867Z
edfb174e-6cdc-416d-8ffe-81c396089e55,run1_rep1,G,CLOSED,CLOSED,request,PROVIDER,N/A,,3801.4160430011543,INFO,adaptador.request,true,exitoso,,,10170.258476224,10166.457060181,,,2026-09-05T00:17:53.460326Z
a6ce3031-3603-4316-aabe-a7cb734fbae9,run1_rep1,G,CLOSED,CLOSED,request,PROVIDER,N/A,,3789.49566799929,INFO,adaptador.request,true,exitoso,,,10170.323146224,10166.533650556,,,2026-09-05T00:17:53.525029Z
f8061dfa-3d03-4cda-8bf6-f84ff42162ca,run1_rep1,G,CLOSED,CLOSED,request,PROVIDER,N/A,,3797.169834999295,INFO,adaptador.request,true,exitoso,,,10170.429975058,10166.632805223,,,2026-09-05T00:17:53.631864Z
cb26a3df-e051-4a20-8666-acb61ba34653,run1_rep1,G,CLOSED,CLOSED,request,PROVIDER,N/A,,3761.8307100001402,INFO,adaptador.request,true,exitoso,,,10170.523329516,10166.761498806,,,2026-09-05T00:17:53.725205Z
f2fee003-a298-4aa1-92dc-d4fc104ef0b8,run1_rep1,G,CLOSED,CLOSED,request,PROVIDER,N/A,,3829.29862599849,INFO,adaptador.request,true,exitoso,,,10170.599974599,10166.770675973,,,2026-09-05T00:17:53.801851Z
e0d1bfe5-7358-486b-a588-e3858466ad47,run1_rep1,G,CLOSED,CLOSED,request,PROVIDER,N/A,,3862.7962929986097,INFO,adaptador.request,true,exitoso,,,10170.687622266,10166.824825973,,,2026-09-05T00:17:53.889505Z
c7ebf192-52c4-418b-8612-50a5f16fd955,run1_rep1,G,CLOSED,CLOSED,request,PROVIDER,N/A,,3912.611501998981,INFO,adaptador.request,true,exitoso,,,10170.773603683,10166.860992181,,,2026-09-05T00:17:53.975476Z
d326b034-6b73-41cf-ac6c-f0e48061b9c4,run1_rep1,G,CLOSED,CLOSED,request,PROVIDER,N/A,,3875.1728770002956,INFO,adaptador.request,true,exitoso,,,10170.862535891,10166.987363014,,,2026-09-05T00:17:54.064384Z
d6b83c9a-01b2-407e-bbac-6fe0df57d578,run1_rep1,G,CLOSED,CLOSED,request,PROVIDER,N/A,,3911.8773770005646,INFO,adaptador.request,true,exitoso,,,10170.923335308,10167.011457931,,,2026-09-05T00:17:54.125204Z
600cab41-f231-4a8b-af9c-4b6533963e4c,run1_rep1,G,CLOSED,CLOSED,request,PROVIDER,N/A,,3863.956377001159,INFO,adaptador.request,true,exitoso,,,10170.994037558,10167.130081181,,,2026-09-05T00:17:54.195922Z
04f1238e-4869-4844-b8f2-66488a1a6062,run1_rep1,G,CLOSED,CLOSED,request,PROVIDER,N/A,,3752.8375849997246,INFO,adaptador.request,true,exitoso,,,10171.086630475,10167.33379289,,,2026-09-05T00:17:54.288511Z
183f9342-85a2-4dfa-8c40-1447d56bb208,run1_rep1,G,CLOSED,CLOSED,request,PROVIDER,N/A,,3743.512709999777,INFO,adaptador.request,true,exitoso,,,10171.182982516,10167.439469806,,,2026-09-05T00:17:54.384861Z
c34ca321-8f80-468d-b054-5491376b9761,run1_rep1,G,CLOSED,CLOSED,request,PROVIDER,N/A,,3824.6077510011673,INFO,adaptador.request,true,exitoso,,,10171.287045266,10167.462437515,,,2026-09-05T00:17:54.488921Z
e708daa4-0923-47d0-aac6-e8fd6c7785f4,run1_rep1,G,CLOSED,CLOSED,request,PROVIDER,N/A,,3792.703752000307,INFO,adaptador.request,true,exitoso,,,10171.383192892,10167.59048914,,,2026-09-05T00:17:54.585051Z
bf1f0da6-672d-48ef-8a7a-1bd450e6f006,run1_rep1,G,CLOSED,CLOSED,request,PROVIDER,N/A,,3772.2008359996835,INFO,adaptador.request,true,exitoso,,,10171.439794267,10167.667593431,,,2026-09-05T00:17:54.641818Z
c5c99040-4846-4b22-a5ee-fd2025d9b8c9,run1_rep1,G,CLOSED,CLOSED,request,PROVIDER,N/A,,3804.9084180001955,INFO,adaptador.request,true,exitoso,,,10171.543480433,10167.738572015,,,2026-09-05T00:17:54.745346Z
917fd496-86a5-40eb-95e8-482812cade07,run1_rep1,G,CLOSED,CLOSED,request,PROVIDER,N/A,,3645.9940019994974,INFO,adaptador.request,true,exitoso,,,10171.631793392,10167.98579939,,,2026-09-05T00:17:54.833663Z
2cfb9a7e-a34d-4b0c-b37b-d715c5699092,run1_rep1,G,CLOSED,CLOSED,request,PROVIDER,N/A,,3707.8049179999653,INFO,adaptador.request,true,exitoso,,,10171.703340683,10167.995535765,,,2026-09-05T00:17:54.905232Z
89e2c691-a637-4f6f-9c0a-21c2b019dd21,run1_rep1,G,CLOSED,CLOSED,request,PROVIDER,N/A,,3623.1235020004533,INFO,adaptador.request,true,exitoso,,,10171.769813475,10168.146689973,,,2026-09-05T00:17:54.971707Z
559a00a1-c1b3-4a53-bb11-52c251f0f398,run1_rep1,G,CLOSED,CLOSED,request,PROVIDER,N/A,,3707.740334999471,INFO,adaptador.request,true,exitoso,,,10171.865087183,10168.157346848,,,2026-09-05T00:17:55.067014Z
24022c78-b98d-40c9-b90a-3f5c17395ec1,run1_rep1,G,CLOSED,CLOSED,request,PROVIDER,N/A,,3783.2429600002797,INFO,adaptador.request,true,exitoso,,,10171.940992892,10168.157749932,,,2026-09-05T00:17:55.142876Z
4a96dc96-09fa-4359-ad4f-9bbcc504b3ba,run1_rep1,G,CLOSED,CLOSED,request,PROVIDER,N/A,,3856.7076260005706,INFO,adaptador.request,true,exitoso,,,10172.028033974,10168.171326348,,,2026-09-05T00:17:55.230597Z
c19d7e89-5521-4284-861a-36c2a9a30116,run1_rep1,G,CLOSED,CLOSED,request,PROVIDER,N/A,,3869.0677510003297,INFO,adaptador.request,true,exitoso,,,10172.094284724,10168.225216973,,,2026-09-05T00:17:55.296804Z
570cd5bf-2822-4677-8db7-9073eeeb5bf9,run1_rep1,G,CLOSED,CLOSED,request,PROVIDER,N/A,,3947.803418001058,INFO,adaptador.request,true,exitoso,,,10172.190093433,10168.242290015,,,2026-09-05T00:17:55.392626Z
5304cd35-e9b8-47db-8f5c-f95a53cc0150,run1_rep1,G,CLOSED,CLOSED,request,PROVIDER,N/A,,3839.091625999572,INFO,adaptador.request,true,exitoso,,,10172.272048183,10168.432956557,,,2026-09-05T00:17:55.474629Z
5ccec866-e368-4964-83db-94977c2a8ab3,run1_rep1,G,CLOSED,CLOSED,request,PROVIDER,N/A,,3894.6896670004207,INFO,adaptador.request,true,exitoso,,,10172.351820349,10168.457130682,,,2026-09-05T00:17:55.554417Z
138a3ec6-c844-4844-b187-67a9e79d3a9a,run1_rep1,G,CLOSED,CLOSED,request,PROVIDER,N/A,,3931.953543000418,INFO,adaptador.request,true,exitoso,,,10172.442721308,10168.510767765,,,2026-09-05T00:17:55.645324Z
d3d3af6e-c7be-46df-be47-d34d2f24cd6c,run1_rep1,G,CLOSED,CLOSED,request,PROVIDER,N/A,,3940.3969590002816,INFO,adaptador.request,true,exitoso,,,10172.536038558,10168.595641599,,,2026-09-05T00:17:55.738646Z
e3c7e141-33ab-4a25-bf74-82440267982e,run1_rep1,G,CLOSED,CLOSED,request,PROVIDER,N/A,,3857.804708999538,INFO,adaptador.request,true,exitoso,,,10172.612075141,10168.754270432,,,2026-09-05T00:17:55.814655Z
f6f2f62a-c123-4832-8c3b-cce9a133413d,run1_rep1,G,CLOSED,CLOSED,request,PROVIDER,N/A,,3781.8632509988674,INFO,adaptador.request,true,exitoso,,,10172.677734141,10168.89587089,,,2026-09-05T00:17:55.880328Z
f199a45c-6913-482c-8827-bc66a4137f51,run1_rep1,G,CLOSED,CLOSED,request,PROVIDER,N/A,,3836.7902919999324,INFO,adaptador.request,true,exitoso,,,10172.775371516,10168.938581224,,,2026-09-05T00:17:55.977941Z
541a8ced-9f6a-4077-a37e-30af85797aaa,run1_rep1,G,CLOSED,CLOSED,request,PROVIDER,N/A,,3861.4008339991415,INFO,adaptador.request,true,exitoso,,,10172.841462183,10168.980061349,,,2026-09-05T00:17:56.044037Z
5b47b0bf-84a9-4679-8834-7f5e35fcc95f,run1_rep1,G,CLOSED,CLOSED,request,PROVIDER,N/A,,3880.3502089995163,INFO,adaptador.request,true,exitoso,,,10172.916124058,10169.035773849,,,2026-09-05T00:17:56.118718Z
077076bf-9f82-424e-b5fd-d39e8a45255e,run1_rep1,G,CLOSED,CLOSED,request,PROVIDER,N/A,,3856.8491259993607,INFO,adaptador.request,true,exitoso,,,10173.009316808,10169.152467682,,,2026-09-05T00:17:56.211912Z
2694afb7-1f2c-4c8f-a8bc-66f6bba7884f,run1_rep1,G,CLOSED,CLOSED,request,PROVIDER,N/A,,3856.8798340002104,INFO,adaptador.request,true,exitoso,,,10173.086576058,10169.229696224,,,2026-09-05T00:17:56.289144Z
7826c226-0c11-4815-a39a-b449ca30a51e,run1_rep1,G,CLOSED,CLOSED,request,PROVIDER,N/A,,3799.581751000005,INFO,adaptador.request,true,exitoso,,,10173.17714885,10169.377567099,,,2026-09-05T00:17:56.379729Z
527b7328-c927-482d-871f-9466aa31a743,run1_rep1,G,CLOSED,CLOSED,request,PROVIDER,N/A,,3845.692124999914,INFO,adaptador.request,true,exitoso,,,10173.254411016,10169.408718891,,,2026-09-05T00:17:56.457002Z
8386a029-ba19-4423-a564-3538b0b87219,run1_rep1,G,CLOSED,CLOSED,request,PROVIDER,N/A,,3901.965499999278,INFO,adaptador.request,true,exitoso,,,10173.322862391,10169.420896891,,,2026-09-05T00:17:56.525480Z
b7d1f03f-52e9-472c-b4e1-abe5727942de,run1_rep1,G,CLOSED,CLOSED,request,PROVIDER,N/A,,3890.884875998381,INFO,adaptador.request,true,exitoso,,,10173.406945308,10169.516060432,,,2026-09-05T00:17:56.609569Z
fc9c58d3-246a-4500-bdcd-3aaf700a751b,run1_rep1,G,CLOSED,CLOSED,request,PROVIDER,N/A,,3900.221709000107,INFO,adaptador.request,true,exitoso,,,10173.507447725,10169.607226016,,,2026-09-05T00:17:56.710055Z
f5599c44-bf92-42e0-90af-17e224040296,run1_rep1,G,CLOSED,CLOSED,request,PROVIDER,N/A,,3901.017250998848,INFO,adaptador.request,true,exitoso,,,10173.602428183,10169.701410932,,,2026-09-05T00:17:56.805020Z
8ce93238-6265-48ef-a4ce-d96b70dc1bc8,run1_rep1,G,CLOSED,CLOSED,request,PROVIDER,N/A,,3895.8878759985964,INFO,adaptador.request,true,exitoso,,,10173.66231785,10169.766429974,,,2026-09-05T00:17:56.864898Z
2aa8f912-46c6-4b99-9b58-0c94797850fb,run1_rep1,G,CLOSED,CLOSED,request,PROVIDER,N/A,,3906.491208999796,INFO,adaptador.request,true,exitoso,,,10173.7470606,10169.840569391,,,2026-09-05T00:17:56.949620Z
fb3a51ff-25ee-4d0d-b5f5-1ddc41d03e4c,run1_rep1,G,CLOSED,CLOSED,request,PROVIDER,N/A,,3878.691335001349,INFO,adaptador.request,true,exitoso,,,10173.830955142,10169.952263807,,,2026-09-05T00:17:57.033564Z
8a816fca-690c-4fa4-b9c9-6c46a7fe32d5,run1_rep1,G,CLOSED,CLOSED,request,PROVIDER,N/A,,3727.145126000323,INFO,adaptador.request,true,exitoso,,,10173.902844892,10170.175699766,,,2026-09-05T00:17:57.105405Z
3850c9cf-3659-4a61-bee5-1326d8af161f,run1_rep1,G,CLOSED,CLOSED,request,PROVIDER,N/A,,3719.551917998615,INFO,adaptador.request,true,exitoso,,,10173.988778517,10170.269226599,,,2026-09-05T00:17:57.191463Z
e248ccc7-2b0b-4c09-aa52-f187a26b44c5,run1_rep1,G,CLOSED,CLOSED,request,PROVIDER,N/A,,3761.8517509999947,INFO,adaptador.request,true,exitoso,,,10174.0525316,10170.290679849,,,2026-09-05T00:17:57.255129Z
d1710c37-d070-42b0-82f1-279573feac0a,run1_rep1,G,CLOSED,CLOSED,request,PROVIDER,N/A,,3787.9106250002224,INFO,adaptador.request,true,exitoso,,,10174.114206433,10170.326295808,,,2026-09-05T00:17:57.316817Z
7deb84e8-bdcf-47d4-b229-8748f9e5d5c2,run1_rep1,G,CLOSED,CLOSED,request,PROVIDER,N/A,,3698.6977090000437,INFO,adaptador.request,true,exitoso,,,10174.184845225,10170.486147516,,,2026-09-05T00:17:57.387491Z
4ab6ce1b-c738-4252-90e8-b6b333f94950,run1_rep1,G,CLOSED,CLOSED,request,PROVIDER,N/A,,3708.8617099998373,INFO,adaptador.request,true,exitoso,,,10174.243576434,10170.534714724,,,2026-09-05T00:17:57.446169Z
b8474161-f7ca-434d-8787-d5c648b0e926,run1_rep1,G,CLOSED,CLOSED,request,PROVIDER,N/A,,3792.5710839990643,INFO,adaptador.request,true,exitoso,,,10174.3339516,10170.541380516,,,2026-09-05T00:17:57.536564Z
c6497d4f-9324-480b-9882-56f765d7869b,run1_rep1,G,CLOSED,CLOSED,request,PROVIDER,N/A,,3863.4599590004655,INFO,adaptador.request,true,exitoso,,,10174.442474517,10170.579014558,,,2026-09-05T00:17:57.645069Z
e106ed60-234a-4431-a26a-cf7fe0f102f1,run1_rep1,G,CLOSED,CLOSED,request,PROVIDER,N/A,,3709.244375999333,INFO,adaptador.request,true,exitoso,,,10174.539062267,10170.829817891,,,2026-09-05T00:17:57.741643Z
dd4d557d-cf3a-4cfb-941f-da02e216c8e6,run1_rep1,G,CLOSED,CLOSED,request,PROVIDER,N/A,,3756.391666998752,INFO,adaptador.request,true,exitoso,,,10174.619405475,10170.863013808,,,2026-09-05T00:17:57.821993Z
9f091914-e6a6-498b-be2c-cb357282d9d4,run1_rep1,G,CLOSED,CLOSED,request,PROVIDER,N/A,,3804.31441699875,INFO,adaptador.request,true,exitoso,,,10174.692155517,10170.8878411,,,2026-09-05T00:17:57.894729Z
93f74409-899f-4c97-b5db-283148761255,run1_rep1,G,CLOSED,CLOSED,request,PROVIDER,N/A,,3822.846543000196,INFO,adaptador.request,true,exitoso,,,10174.796415059,10170.973568516,,,2026-09-05T00:17:57.999063Z
dff3dd5f-4333-4e95-a8cc-bd2d73361d70,run1_rep1,G,CLOSED,CLOSED,request,PROVIDER,N/A,,3723.609292999754,INFO,adaptador.request,true,exitoso,,,10174.855380601,10171.131771308,,,2026-09-05T00:17:58.057979Z
0755c5fd-6f26-44ba-b486-e6e2f96aee81,run1_rep1,G,CLOSED,CLOSED,request,PROVIDER,N/A,,3771.740210000644,INFO,adaptador.request,true,exitoso,,,10174.941625101,10171.169884891,,,2026-09-05T00:17:58.144260Z
ef3563f8-b089-4010-92b8-660f191aa1b8,run1_rep1,G,CLOSED,CLOSED,request,PROVIDER,N/A,,3770.326625999587,INFO,adaptador.request,true,exitoso,,,10175.008826726,10171.2385001,,,2026-09-05T00:17:58.211422Z
bb3718ce-5452-4d21-a29d-a60f345fcd3a,run1_rep1,G,CLOSED,CLOSED,request,PROVIDER,N/A,,3751.7852510009106,INFO,adaptador.request,true,exitoso,,,10175.090467017,10171.338681766,,,2026-09-05T00:17:58.293108Z
1617c111-4ec0-4a55-8ef6-aa8da18477ae,run1_rep1,G,CLOSED,CLOSED,request,PROVIDER,N/A,,3821.186333998412,INFO,adaptador.request,true,exitoso,,,10175.175086184,10171.35389985,,,2026-09-05T00:17:58.377690Z
41772a21-e13a-4850-89fe-6a3c512f46a9,run1_rep1,G,CLOSED,CLOSED,request,PROVIDER,N/A,,3785.5500429996027,INFO,adaptador.request,true,exitoso,,,10175.258183101,10171.472633058,,,2026-09-05T00:17:58.460770Z
8495597d-d726-4674-bfe9-a35a6b117438,run1_rep1,G,CLOSED,CLOSED,request,PROVIDER,N/A,,3804.504124998857,INFO,adaptador.request,true,exitoso,,,10175.331308017,10171.526803892,,,2026-09-05T00:17:58.533902Z
9500852b-9a38-4028-9e74-3b2b905b2d50,run1_rep1,G,CLOSED,CLOSED,request,PROVIDER,N/A,,3691.73341700116,INFO,adaptador.request,true,exitoso,,,10175.398959517,10171.7072261,,,2026-09-05T00:17:58.601609Z
ba660c83-72c2-41cb-bc89-c92bfca0f2cc,run1_rep1,G,CLOSED,CLOSED,request,PROVIDER,N/A,,3678.6009170009493,INFO,adaptador.request,true,exitoso,,,10175.507666142,10171.829065225,,,2026-09-05T00:17:58.710243Z
0fb0fac4-fe71-4df1-82cb-d90136edb318,run1_rep1,G,CLOSED,CLOSED,request,PROVIDER,N/A,,3740.202668001075,INFO,adaptador.request,true,exitoso,,,10175.600253393,10171.860050725,,,2026-09-05T00:17:58.802856Z
8eaf53c6-41cb-4104-8ffd-9eb9b060123c,run1_rep1,G,CLOSED,CLOSED,request,PROVIDER,N/A,,3800.8981260009023,INFO,adaptador.request,true,exitoso,,,10175.670240768,10171.869342642,,,2026-09-05T00:17:58.872849Z
5d2efca4-83df-46bd-9dba-a39315501115,run1_rep1,G,CLOSED,CLOSED,request,PROVIDER,N/A,,3831.8672089990287,INFO,adaptador.request,true,exitoso,,,10175.776913684,10171.945046475,,,2026-09-05T00:17:58.979670Z
df506d73-fd7f-4b27-88e4-ecf8cff02b4c,run1_rep1,G,CLOSED,CLOSED,request,PROVIDER,N/A,,3809.307376999641,INFO,adaptador.request,true,exitoso,,,10175.860631476,10172.051324099,,,2026-09-05T00:17:59.063216Z
7aae4cdd-80b9-4e0c-b8e5-963d67b47721,run1_rep1,G,CLOSED,CLOSED,request,PROVIDER,N/A,,3779.958543000248,INFO,adaptador.request,true,exitoso,,,10175.952120434,10172.172161891,,,2026-09-05T00:17:59.154711Z
8eeeb73c-de41-4fae-8712-fa6a97f01f71,run1_rep1,G,CLOSED,CLOSED,request,PROVIDER,N/A,,3775.2941680009826,INFO,adaptador.request,true,exitoso,,,10176.035142684,10172.259848516,,,2026-09-05T00:17:59.237746Z
9e6d0455-c0d8-46ae-a790-a6a24449f325,run1_rep1,G,CLOSED,CLOSED,request,PROVIDER,N/A,,3618.7573770002928,INFO,adaptador.request,true,exitoso,,,10176.107099018,10172.488341641,,,2026-09-05T00:17:59.309687Z
63a2e1f9-36e2-4313-9ddb-b94ab9f3a3fb,run1_rep1,G,CLOSED,CLOSED,request,PROVIDER,N/A,,3688.027169000634,INFO,adaptador.request,true,exitoso,,,10176.176818643,10172.488791474,,,2026-09-05T00:17:59.379398Z
1d95bfa9-1eeb-4dac-ad4e-84e63b8be38d,run1_rep1,G,CLOSED,CLOSED,request,PROVIDER,N/A,,3723.115251999843,INFO,adaptador.request,true,exitoso,,,10176.243335268,10172.520220016,,,2026-09-05T00:17:59.445927Z
a1899d3c-a23c-4ceb-a66d-49b339ac500b,run1_rep1,G,CLOSED,CLOSED,request,PROVIDER,N/A,,3771.6260020006303,INFO,adaptador.request,true,exitoso,,,10176.32326506,10172.551639058,,,2026-09-05T00:17:59.525876Z
ec592ce7-3050-4b0d-b84a-7dee536ff35d,run1_rep1,G,CLOSED,CLOSED,request,PROVIDER,N/A,,3663.603126000453,INFO,adaptador.request,true,exitoso,,,10176.394705601,10172.731102475,,,2026-09-05T00:17:59.597279Z
2c4c9abe-bd75-4d2f-8c58-3347c57b599a,run1_rep1,G,CLOSED,CLOSED,request,PROVIDER,N/A,,3749.2192099998647,INFO,adaptador.request,true,exitoso,,,10176.485149185,10172.735929975,,,2026-09-05T00:17:59.687772Z
cd75256b-5e4f-41f4-aa01-6a3970ccb89c,run1_rep1,G,CLOSED,CLOSED,request,PROVIDER,N/A,,3651.3180849997298,INFO,adaptador.request,true,exitoso,,,10176.59412181,10172.942803725,,,2026-09-05T00:17:59.796749Z
a644802c-f407-4189-8c0c-05f3c9989f65,run1_rep1,G,CLOSED,CLOSED,request,PROVIDER,N/A,,3687.022127000091,INFO,adaptador.request,true,exitoso,,,10176.666216393,10172.979194266,,,2026-09-05T00:17:59.868780Z
af65ff8c-4de4-4021-9b29-374f2945e364,run1_rep1,G,CLOSED,CLOSED,request,PROVIDER,N/A,,3696.3532519985165,INFO,adaptador.request,true,exitoso,,,10176.743023643,10173.046670391,,,2026-09-05T00:17:59.945608Z
269dd85e-f218-4c5c-b194-7003d920268f,run1_rep1,G,CLOSED,CLOSED,request,PROVIDER,N/A,,3727.4937099991803,INFO,adaptador.request,true,exitoso,,,10176.81153756,10173.08404385,,,2026-09-05T00:18:00.014128Z
e8eb3421-cbfb-4612-8adf-a2844730057e,run1_rep1,G,CLOSED,CLOSED,request,PROVIDER,N/A,,3786.322334999568,INFO,adaptador.request,true,exitoso,,,10176.876377518,10173.090055183,,,2026-09-05T00:18:00.078968Z
f9cc9abe-7d8e-41e3-808f-6e32657d8a59,run1_rep1,G,CLOSED,CLOSED,request,PROVIDER,N/A,,3708.1166690004466,INFO,adaptador.request,true,exitoso,,,10176.937029102,10173.228912433,,,2026-09-05T00:18:00.139640Z
2e747897-0929-4d7d-b77b-0491c07ccf79,run1_rep1,G,CLOSED,CLOSED,request,PROVIDER,N/A,,3698.0631679998623,INFO,adaptador.request,true,exitoso,,,10177.009609768,10173.3115466,,,2026-09-05T00:18:00.212271Z
698e49f1-bc47-4105-9914-a02f499f1b9e,run1_rep1,G,CLOSED,CLOSED,request,PROVIDER,N/A,,3615.275959999053,INFO,adaptador.request,true,exitoso,,,10177.076237352,10173.460961392,,,2026-09-05T00:18:00.278833Z
7a00eede-1004-4b0e-9905-502dca9eed47,run1_rep1,G,CLOSED,CLOSED,request,PROVIDER,N/A,,3598.0779599995003,INFO,adaptador.request,true,exitoso,,,10177.141379435,10173.543301475,,,2026-09-05T00:18:00.343954Z
c2156132-5e3d-48ab-ae88-59303e6e020c,run1_rep1,G,CLOSED,CLOSED,request,PROVIDER,N/A,,3542.996543001209,INFO,adaptador.request,true,exitoso,,,10177.209794643,10173.6667981,,,2026-09-05T00:18:00.412382Z
e78f77ee-417e-45b8-978b-afbc24b920ce,run1_rep1,G,CLOSED,CLOSED,request,PROVIDER,N/A,,3568.080793000263,INFO,adaptador.request,true,exitoso,,,10177.288684518,10173.720603725,,,2026-09-05T00:18:00.491266Z
ab7bb7a7-c098-47a1-a984-b4cb8b63daac,run1_rep1,G,CLOSED,CLOSED,request,PROVIDER,N/A,,3578.1698769987997,INFO,adaptador.request,true,exitoso,,,10177.347147727,10173.76897785,,,2026-09-05T00:18:00.549751Z
b95f9eb3-9384-4f53-bef2-753e56dee221,run1_rep1,G,CLOSED,CLOSED,request,PROVIDER,N/A,,3590.672292999443,INFO,adaptador.request,true,exitoso,,,10177.447896435,10173.857224142,,,2026-09-05T00:18:00.650614Z
9894be05-860c-4a35-ae24-1b880393c401,run1_rep1,G,CLOSED,CLOSED,request,PROVIDER,N/A,,3653.8946260006924,INFO,adaptador.request,true,exitoso,,,10177.511563893,10173.857669267,,,2026-09-05T00:18:00.714152Z
1b1f350b-cced-4bce-9fcd-f7a7d881f83c,run1_rep1,G,CLOSED,CLOSED,request,PROVIDER,N/A,,3733.458918000906,INFO,adaptador.request,true,exitoso,,,10177.592120268,10173.85866135,,,2026-09-05T00:18:00.794720Z
084c509a-45d2-43a7-93ca-2721c1d002f3,run1_rep1,G,CLOSED,CLOSED,request,PROVIDER,N/A,,3732.407752000654,INFO,adaptador.request,true,exitoso,,,10177.690755727,10173.958347975,,,2026-09-05T00:18:00.893339Z
3efd2ffa-6361-4672-8a1a-251aaf3c4617,run1_rep1,G,CLOSED,CLOSED,request,PROVIDER,N/A,,3750.560209999094,INFO,adaptador.request,true,exitoso,,,10177.787673977,10174.037113767,,,2026-09-05T00:18:00.990264Z
5ad7dad3-1b14-44f8-9565-83df14fcfe42,run1_rep1,G,CLOSED,CLOSED,request,PROVIDER,N/A,,3804.336709999916,INFO,adaptador.request,true,exitoso,,,10177.86590631,10174.0615696,,,2026-09-05T00:18:01.068507Z
0914ab5e-205d-47ec-8013-607083cdf2a9,run1_rep1,G,CLOSED,CLOSED,request,PROVIDER,N/A,,3725.9020430010423,INFO,adaptador.request,true,exitoso,,,10177.944590102,10174.218688059,,,2026-09-05T00:18:01.147162Z
65a39179-5d9d-4466-a028-a83c5a0fce73,run1_rep1,G,CLOSED,CLOSED,request,PROVIDER,N/A,,3699.674668998341,INFO,adaptador.request,true,exitoso,,,10178.040939894,10174.341265225,,,2026-09-05T00:18:01.243590Z
8ce42623-d1a6-4c53-ba8f-4c0eaa82eedb,run1_rep1,G,CLOSED,CLOSED,request,PROVIDER,N/A,,3595.6147099986993,INFO,adaptador.request,true,exitoso,,,10178.122139435,10174.526524725,,,2026-09-05T00:18:01.324716Z
b04ff311-7384-4438-934f-8e0a53ba9ea4,run1_rep1,G,CLOSED,CLOSED,request,PROVIDER,N/A,,3660.724167999433,INFO,adaptador.request,true,exitoso,,,10178.221513477,10174.560789309,,,2026-09-05T00:18:01.424102Z
6a9ab9ab-a60d-4077-8b26-248a0ece749f,run1_rep1,G,CLOSED,CLOSED,request,PROVIDER,N/A,,3741.7144600003667,INFO,adaptador.request,true,exitoso,,,10178.324458519,10174.582744059,,,2026-09-05T00:18:01.527044Z
ff252155-9072-4f4e-a40b-676bc196f08b,run1_rep1,G,CLOSED,CLOSED,request,PROVIDER,N/A,,3680.4624600008538,INFO,adaptador.request,true,exitoso,,,10178.428608894,10174.748146434,,,2026-09-05T00:18:01.631210Z
efc3cdac-d06f-4bc8-ab3f-47aca1a9a590,run1_rep1,G,CLOSED,CLOSED,request,PROVIDER,N/A,,3713.0402099992352,INFO,adaptador.request,true,exitoso,,,10178.513370644,10174.800330434,,,2026-09-05T00:18:01.715947Z
7a1519e6-f16d-4008-a281-e4e01c160c86,run1_rep1,G,CLOSED,CLOSED,request,PROVIDER,N/A,,3779.5303359998798,INFO,adaptador.request,true,exitoso,,,10178.590937311,10174.811406975,,,2026-09-05T00:18:01.793542Z
791ead4c-2f4a-4f83-9171-19a2a534493f,run1_rep1,G,CLOSED,CLOSED,request,PROVIDER,N/A,,3708.019501000308,INFO,adaptador.request,true,exitoso,,,10178.688431477,10174.980411976,,,2026-09-05T00:18:01.891000Z
f2bdaa80-2afe-4c4b-999e-c7449cf17cda,run1_rep1,G,CLOSED,CLOSED,request,PROVIDER,N/A,,3657.05112699834,INFO,adaptador.request,true,exitoso,,,10178.788449519,10175.131398392,,,2026-09-05T00:18:01.991036Z
801722c9-0e98-409b-8062-645a3a7edbb0,run1_rep1,G,CLOSED,CLOSED,request,PROVIDER,N/A,,3638.713292999455,INFO,adaptador.request,true,exitoso,,,10178.872641144,10175.233927851,,,2026-09-05T00:18:02.075217Z
d6ff992c-a332-4015-b5dd-af0e511e3840,run1_rep1,G,CLOSED,CLOSED,request,PROVIDER,N/A,,3741.607001000375,INFO,adaptador.request,true,exitoso,,,10178.980491352,10175.238884351,,,2026-09-05T00:18:02.183091Z
18f53bf5-3052-4c87-959c-b47c74cdbd6b,run1_rep1,G,CLOSED,CLOSED,request,PROVIDER,N/A,,3821.5915429991583,INFO,adaptador.request,true,exitoso,,,10179.064150019,10175.242558476,,,2026-09-05T00:18:02.266744Z
2d1d4936-877e-494e-a10a-b8fc105b5960,run1_rep1,G,CLOSED,CLOSED,request,PROVIDER,N/A,,3748.177876999762,INFO,adaptador.request,true,exitoso,,,10179.138750519,10175.390572642,,,2026-09-05T00:18:02.341344Z
72f81b08-8c4c-4f7a-a912-111224962718,run1_rep1,G,CLOSED,CLOSED,request,PROVIDER,N/A,,3820.802836000439,INFO,adaptador.request,true,exitoso,,,10179.229504478,10175.408701642,,,2026-09-05T00:18:02.432092Z
1cd949e6-a621-400f-ae38-ed7687922076,run1_rep1,G,CLOSED,CLOSED,request,PROVIDER,N/A,,3789.5702099995106,INFO,adaptador.request,true,exitoso,,,10179.296507144,10175.506936934,,,2026-09-05T00:18:02.499097Z
b854e994-e8b0-476c-b62d-04f98db3e8ee,run1_rep1,G,CLOSED,CLOSED,request,PROVIDER,N/A,,3853.829917999974,INFO,adaptador.request,true,exitoso,,,10179.370183269,10175.516353351,,,2026-09-05T00:18:02.572752Z
af2d327d-7fe5-4f94-9c72-0ad2c8041c58,run1_rep1,G,CLOSED,CLOSED,request,PROVIDER,N/A,,3825.927834999675,INFO,adaptador.request,true,exitoso,,,10179.473670853,10175.647743018,,,2026-09-05T00:18:02.676266Z
e24c4ac2-3e27-451a-a435-ab33f7bd7910,run1_rep1,G,CLOSED,CLOSED,request,PROVIDER,N/A,,3810.656210000161,INFO,adaptador.request,true,exitoso,,,10179.548801019,10175.738144809,,,2026-09-05T00:18:02.751389Z
30352aec-88e9-4910-9bdc-4c3ede65ec5f,run1_rep1,G,CLOSED,CLOSED,request,PROVIDER,N/A,,3642.1094600009383,INFO,adaptador.request,true,exitoso,,,10179.619450394,10175.977340934,,,2026-09-05T00:18:02.822041Z
04b832d2-be60-4e61-a09f-5f9b396d50fd,run1_rep1,G,CLOSED,CLOSED,request,PROVIDER,N/A,,3717.446292999739,INFO,adaptador.request,true,exitoso,,,10179.711498769,10175.994052476,,,2026-09-05T00:18:02.914097Z
fa654d7c-c3c7-40e5-934c-0b671f03a8e2,run1_rep1,G,CLOSED,CLOSED,request,PROVIDER,N/A,,3762.524626999948,INFO,adaptador.request,true,exitoso,,,10179.768686436,10176.006161809,,,2026-09-05T00:18:02.971269Z
b22f2225-725e-48f6-b3f9-be750c11ba15,run1_rep1,G,CLOSED,CLOSED,request,PROVIDER,N/A,,3789.67408599965,INFO,adaptador.request,true,exitoso,,,10179.84685202,10176.057177934,,,2026-09-05T00:18:03.049428Z
87fce316-9a77-4501-a98b-fde9a5fa5afa,run1_rep1,G,CLOSED,CLOSED,request,PROVIDER,N/A,,3617.6557519993366,INFO,adaptador.request,true,exitoso,,,10179.922721395,10176.305065643,,,2026-09-05T00:18:03.125311Z
1f9d2edc-fed8-4d95-aa70-f3f1869e6b82,run1_rep1,G,CLOSED,CLOSED,request,PROVIDER,N/A,,3680.8766260000993,INFO,adaptador.request,true,exitoso,,,10180.008316436,10176.32743981,,,2026-09-05T00:18:03.210846Z
9ab7a104-f387-4501-9f52-b7509b85270b,run1_rep1,G,CLOSED,CLOSED,request,PROVIDER,N/A,,3680.4228349992627,INFO,adaptador.request,true,exitoso,,,10180.072528228,10176.392105393,,,2026-09-05T00:18:03.275092Z
6e3be6f3-fb15-460e-90ec-83b78d68e6d3,run1_rep1,G,CLOSED,CLOSED,request,PROVIDER,N/A,,3611.379001999012,INFO,adaptador.request,true,exitoso,,,10180.160474228,10176.549095226,,,2026-09-05T00:18:03.363069Z
7a36ce2b-9c45-4d57-a56d-d49f25483a28,run1_rep1,G,CLOSED,CLOSED,request,PROVIDER,N/A,,3696.2112929995783,INFO,adaptador.request,true,exitoso,,,10180.249245353,10176.55303406,,,2026-09-05T00:18:03.451828Z
f0bd33ba-7487-4011-8a9e-3143b430e35e,run1_rep1,G,CLOSED,CLOSED,request,PROVIDER,N/A,,3790.944627000499,INFO,adaptador.request,true,exitoso,,,10180.35733477,10176.566390143,,,2026-09-05T00:18:03.560067Z
cf1745ae-d107-4fae-a3a8-9f237835a419,run1_rep1,G,CLOSED,CLOSED,request,PROVIDER,N/A,,3808.836293999775,INFO,adaptador.request,true,exitoso,,,10180.427127812,10176.618291518,,,2026-09-05T00:18:03.629712Z
1ff755d7-8c5c-47c0-958e-142aea364a4e,run1_rep1,G,CLOSED,CLOSED,request,PROVIDER,N/A,,3796.3156690002506,INFO,adaptador.request,true,exitoso,,,10180.523810145,10176.727494476,,,2026-09-05T00:18:03.726409Z
ff6e7694-cc94-43f5-8a01-d767abdb34e8,run1_rep1,G,CLOSED,CLOSED,request,PROVIDER,N/A,,3802.9831269996066,INFO,adaptador.request,true,exitoso,,,10180.623376687,10176.82039356,,,2026-09-05T00:18:03.826001Z
7b82060e-242a-4edc-8ade-68f54d69d011,run1_rep1,G,CLOSED,CLOSED,request,PROVIDER,N/A,,3864.800834999187,INFO,adaptador.request,true,exitoso,,,10180.699844353,10176.835043518,,,2026-09-05T00:18:03.902433Z
586216dc-bdc7-4591-8d86-5387a7d2e4b4,run1_rep1,G,CLOSED,CLOSED,request,PROVIDER,N/A,,3912.4055440006487,INFO,adaptador.request,true,exitoso,,,10180.777909062,10176.865503518,,,2026-09-05T00:18:03.980533Z
1b7008e9-e87c-4b33-8760-17ca2d12da92,run1_rep1,G,CLOSED,CLOSED,request,PROVIDER,N/A,,3880.391417998908,INFO,adaptador.request,true,exitoso,,,10180.867672145,10176.987280727,,,2026-09-05T00:18:04.070258Z
fac030dd-7684-4b6b-819d-51f788a33aae,run1_rep1,G,CLOSED,CLOSED,request,PROVIDER,N/A,,3749.82325199926,INFO,adaptador.request,true,exitoso,,,10180.935776687,10177.185953435,,,2026-09-05T00:18:04.138406Z
61944b2f-4e03-4e5c-9c96-24b52d6ce577,run1_rep1,G,CLOSED,CLOSED,request,PROVIDER,N/A,,3787.7711270011787,INFO,adaptador.request,true,exitoso,,,10180.998432812,10177.210661685,,,2026-09-05T00:18:04.201064Z
d3ff81d5-c349-4c2e-9dfc-0a70172a9bf0,run1_rep1,G,CLOSED,CLOSED,request,PROVIDER,N/A,,3851.8132509998395,INFO,adaptador.request,true,exitoso,,,10181.101687103,10177.249873852,,,2026-09-05T00:18:04.304277Z
d152fab4-6f25-4662-8f90-9d5a4d12faee,run1_rep1,G,CLOSED,CLOSED,request,PROVIDER,N/A,,3877.1197519999987,INFO,adaptador.request,true,exitoso,,,10181.159199062,10177.28207931,,,2026-09-05T00:18:04.361782Z
d20f3111-c261-4838-b624-fd9e7aa5eb35,run1_rep1,G,CLOSED,CLOSED,request,PROVIDER,N/A,,3893.340460001127,INFO,adaptador.request,true,exitoso,,,10181.242229895,10177.348889435,,,2026-09-05T00:18:04.444824Z
ab8721ca-d06f-415a-b2ca-223e45ff382b,run1_rep1,G,CLOSED,CLOSED,request,PROVIDER,N/A,,3945.6660439991538,INFO,adaptador.request,true,exitoso,,,10181.330458687,10177.384792643,,,2026-09-05T00:18:04.533046Z
ff26568b-4c41-4316-80d0-2bbca72e5404,run1_rep1,G,CLOSED,CLOSED,request,PROVIDER,N/A,,3949.8922519996995,INFO,adaptador.request,true,exitoso,,,10181.43685627,10177.486964018,,,2026-09-05T00:18:04.639449Z
aa99b65d-6e5c-4894-b509-53f739e0ea9c,run1_rep1,G,CLOSED,CLOSED,request,PROVIDER,N/A,,3910.1116679994448,INFO,adaptador.request,true,exitoso,,,10181.503344395,10177.593232727,,,2026-09-05T00:18:04.705938Z
51e04ff4-9dab-4178-9d9c-2983170d6373,run1_rep1,G,CLOSED,CLOSED,request,PROVIDER,N/A,,3895.2501690000645,INFO,adaptador.request,true,exitoso,,,10181.579354729,10177.68410456,,,2026-09-05T00:18:04.781946Z
61f1e240-3492-44e8-baf9-44c8eca6a9f7,run1_rep1,G,CLOSED,CLOSED,request,PROVIDER,N/A,,3917.434252000021,INFO,adaptador.request,true,exitoso,,,10181.680516979,10177.763082727,,,2026-09-05T00:18:04.883097Z
a550a3a7-2a13-4330-8e59-c4afb871b386,run1_rep1,G,CLOSED,CLOSED,request,PROVIDER,N/A,,3927.1213770007307,INFO,adaptador.request,true,exitoso,,,10181.786286187,10177.85916481,,,2026-09-05T00:18:04.988876Z
6b562722-823e-4d42-8427-650564fce698,run1_rep1,G,CLOSED,CLOSED,request,PROVIDER,N/A,,3924.3309599987697,INFO,adaptador.request,true,exitoso,,,10181.841109312,10177.916778352,,,2026-09-05T00:18:05.043681Z
385a3852-3088-42e4-b8d8-4b9956a1cfe5,run1_rep1,G,CLOSED,CLOSED,request,PROVIDER,N/A,,3910.32937700038,INFO,adaptador.request,true,exitoso,,,10181.902851854,10177.992522477,,,2026-09-05T00:18:05.105446Z
7417aa4b-6a24-4ae1-911e-bbffd445bf6e,run1_rep1,G,CLOSED,CLOSED,request,PROVIDER,N/A,,3935.644877001323,INFO,adaptador.request,true,exitoso,,,10181.977955562,10178.042310685,,,2026-09-05T00:18:05.180572Z
b944b37d-5c51-4cd9-99c1-5dd75c1dfd41,run1_rep1,G,CLOSED,CLOSED,request,PROVIDER,N/A,,4003.169710000293,INFO,adaptador.request,true,exitoso,,,10182.082165104,10178.078995394,,,2026-09-05T00:18:05.284692Z
8a96ab54-afae-42f2-9775-4c05e52c55cf,run1_rep1,G,CLOSED,CLOSED,request,PROVIDER,N/A,,3970.7576270011486,INFO,adaptador.request,true,exitoso,,,10182.185289687,10178.21453206,,,2026-09-05T00:18:05.387830Z
2d07c2dd-62af-49b6-8e5f-fe28c5764c1e,run1_rep1,G,CLOSED,CLOSED,request,PROVIDER,N/A,,3980.9801270002936,INFO,adaptador.request,true,exitoso,,,10182.281951896,10178.300971769,,,2026-09-05T00:18:05.484552Z
bf9e8cb1-1db7-42b8-812a-538a08be2ae5,run1_rep1,G,CLOSED,CLOSED,request,PROVIDER,N/A,,3934.3140849996416,INFO,adaptador.request,true,exitoso,,,10182.382760479,10178.448446394,,,2026-09-05T00:18:05.585341Z
03ac523b-6d36-41b8-a330-20a9f1d30740,run1_rep1,G,CLOSED,CLOSED,request,PROVIDER,N/A,,3936.421251999491,INFO,adaptador.request,true,exitoso,,,10182.447958104,10178.511536852,,,2026-09-05T00:18:05.650580Z
c8350523-9ccb-4feb-a456-988b59a34e5d,run1_rep1,G,CLOSED,CLOSED,request,PROVIDER,N/A,,3894.090710000455,INFO,adaptador.request,true,exitoso,,,10182.531359604,10178.637268894,,,2026-09-05T00:18:05.733966Z
5b70eb54-552f-4bc7-9c90-c5eed371e7d8,run1_rep1,G,CLOSED,CLOSED,request,PROVIDER,N/A,,3972.137377000763,INFO,adaptador.request,true,exitoso,,,10182.621299271,10178.649161894,,,2026-09-05T00:18:05.823890Z
5447fb7b-5a91-49cb-ad48-51d5eb7872b0,run1_rep1,G,CLOSED,CLOSED,request,PROVIDER,N/A,,3759.41696100017,INFO,adaptador.request,true,exitoso,,,10182.701797938,10178.942380977,,,2026-09-05T00:18:05.904392Z
5949219c-d606-4e9f-a2d4-df89f4117daf,run1_rep1,G,CLOSED,CLOSED,request,PROVIDER,N/A,,3819.581002000632,INFO,adaptador.request,true,exitoso,,,10182.773461188,10178.953880186,,,2026-09-05T00:18:05.976056Z
db85529a-cc26-4230-9b66-877d8709d0b1,run1_rep1,G,CLOSED,CLOSED,request,PROVIDER,N/A,,3798.718584999733,INFO,adaptador.request,true,exitoso,,,10182.874547979,10179.075829394,,,2026-09-05T00:18:06.077146Z
8d8577dc-6b1f-485c-8a61-128a3d307bd6,run1_rep1,G,CLOSED,CLOSED,request,PROVIDER,N/A,,3878.3490440000605,INFO,adaptador.request,true,exitoso,,,10182.956572063,10179.078223019,,,2026-09-05T00:18:06.159163Z
0c05071c-97b8-417c-9df8-d0468be6e5cc,run1_rep1,G,CLOSED,CLOSED,request,PROVIDER,N/A,,3901.6833349996887,INFO,adaptador.request,true,exitoso,,,10183.032175646,10179.130492311,,,2026-09-05T00:18:06.234754Z
8debf7ec-9af5-4586-add9-50a054c7689f,run1_rep1,G,CLOSED,CLOSED,request,PROVIDER,N/A,,3798.5845429993788,INFO,adaptador.request,true,exitoso,,,10183.130814979,10179.332230436,,,2026-09-05T00:18:06.333413Z
81b683c7-c8be-4984-beaf-a96604ae2ae5,run1_rep1,G,CLOSED,CLOSED,request,PROVIDER,N/A,,3874.2885859992384,INFO,adaptador.request,true,exitoso,,,10183.220615105,10179.346326519,,,2026-09-05T00:18:06.423201Z
4ff21cff-7346-4918-9f68-1086074ec464,run1_rep1,G,CLOSED,CLOSED,request,PROVIDER,N/A,,3944.2416270012473,INFO,adaptador.request,true,exitoso,,,10183.291064896,10179.346823269,,,2026-09-05T00:18:06.493677Z
06299d49-a110-48bd-8827-cce74f6e5b1e,run1_rep1,G,CLOSED,CLOSED,request,PROVIDER,N/A,,4006.5270429986413,INFO,adaptador.request,true,exitoso,,,10183.356419396,10179.349892353,,,2026-09-05T00:18:06.559098Z
a4093d25-6dd2-42ee-884f-1df69221cfa2,run1_rep1,G,CLOSED,CLOSED,request,PROVIDER,N/A,,3915.2842099992995,INFO,adaptador.request,true,exitoso,,,10183.412327688,10179.497043478,,,2026-09-05T00:18:06.614929Z
8ee05bf5-8d44-4679-8354-8256b33d1e71,run1_rep1,G,CLOSED,CLOSED,request,PROVIDER,N/A,,3892.7474599986454,INFO,adaptador.request,true,exitoso,,,10183.510223438,10179.617475978,,,2026-09-05T00:18:06.712794Z
b48eb911-8621-4c39-9360-1fb1c942af2d,run1_rep1,G,CLOSED,CLOSED,request,PROVIDER,N/A,,3772.260460000325,INFO,adaptador.request,true,exitoso,,,10183.57664773,10179.80438727,,,2026-09-05T00:18:06.779256Z
2b1b0762-1405-4461-a545-512fee885a18,run1_rep1,G,CLOSED,CLOSED,request,PROVIDER,N/A,,3864.5780440001545,INFO,adaptador.request,true,exitoso,,,10183.676574855,10179.811996811,,,2026-09-05T00:18:06.879162Z
c22613b7-3a93-42e4-b2c5-5de737f0af5c,run1_rep1,G,CLOSED,CLOSED,request,PROVIDER,N/A,,3821.9492100015486,INFO,adaptador.request,true,exitoso,,,10183.774840563,10179.952891353,,,2026-09-05T00:18:06.977443Z
c2c6ed95-0167-4e52-9b32-5973e85a6976,run1_rep1,G,CLOSED,CLOSED,request,PROVIDER,N/A,,3863.1809599992266,INFO,adaptador.request,true,exitoso,,,10183.834727938,10179.971546978,,,2026-09-05T00:18:07.037326Z
24ac6788-94e7-46b7-8edb-b01e0a2fd0dc,run1_rep1,G,CLOSED,CLOSED,request,PROVIDER,N/A,,3814.349043999755,INFO,adaptador.request,true,exitoso,,,10183.903884105,10180.089535061,,,2026-09-05T00:18:07.106486Z
f6df7265-ae25-4124-a2df-d1ec46a7d0e2,run1_rep1,G,CLOSED,CLOSED,request,PROVIDER,N/A,,3862.2770860001765,INFO,adaptador.request,true,exitoso,,,10183.991729022,10180.129451936,,,2026-09-05T00:18:07.194327Z
4b0b60dd-3659-4edf-8f1e-e3cd18ef6ac1,run1_rep1,G,CLOSED,CLOSED,request,PROVIDER,N/A,,3915.1708350000263,INFO,adaptador.request,true,exitoso,,,10184.051428105,10180.13625727,,,2026-09-05T00:18:07.254002Z
c9a6305d-946f-4f53-819f-62299e3614de,run1_rep1,G,CLOSED,CLOSED,request,PROVIDER,N/A,,3955.9281269994244,INFO,adaptador.request,true,exitoso,,,10184.139746522,10180.183818395,,,2026-09-05T00:18:07.342322Z
58802047-ae39-406f-9a79-26b6b336e906,run1_rep1,G,CLOSED,CLOSED,request,PROVIDER,N/A,,3934.1286689996195,INFO,adaptador.request,true,exitoso,,,10184.218630397,10180.284501728,,,2026-09-05T00:18:07.421212Z
d9c02dcf-93dd-458f-bc79-220be29dc3fa,run1_rep1,G,CLOSED,CLOSED,request,PROVIDER,N/A,,3718.462209999416,INFO,adaptador.request,true,exitoso,,,10184.30460623,10180.58614402,,,2026-09-05T00:18:07.507199Z
2fb2f6a4-e580-4a9f-9ded-abf01acb8cf2,run1_rep1,G,CLOSED,CLOSED,request,PROVIDER,N/A,,3774.9415850012156,INFO,adaptador.request,true,exitoso,,,10184.403289563,10180.628347978,,,2026-09-05T00:18:07.605928Z
b9961a47-840c-4f6a-8a6b-56175af2b15f,run1_rep1,G,CLOSED,CLOSED,request,PROVIDER,N/A,,3829.4697100009216,INFO,adaptador.request,true,exitoso,,,10184.48375348,10180.65428377,,,2026-09-05T00:18:07.686341Z
e3cc506e-d7ad-495e-860e-b13fcf455789,run1_rep1,G,CLOSED,CLOSED,request,PROVIDER,N/A,,3821.940375999475,INFO,adaptador.request,true,exitoso,,,10184.563534313,10180.741593937,,,2026-09-05T00:18:07.766124Z
039dced4-1fa1-4f59-9599-214d282966a5,run1_rep1,G,CLOSED,CLOSED,request,PROVIDER,N/A,,3866.4129600001615,INFO,adaptador.request,true,exitoso,,,10184.64410623,10180.77769327,,,2026-09-05T00:18:07.846690Z
8f78e0d3-63fb-4ef7-a6fc-ce69bd89f703,run1_rep1,G,CLOSED,CLOSED,request,PROVIDER,N/A,,3832.770294000511,INFO,adaptador.request,true,exitoso,,,10184.720033689,10180.887263395,,,2026-09-05T00:18:07.922595Z
cf498b04-7769-43ac-b69e-d4d25a351818,run1_rep1,G,CLOSED,CLOSED,request,PROVIDER,N/A,,3879.767334999997,INFO,adaptador.request,true,exitoso,,,10184.78818548,10180.908418145,,,2026-09-05T00:18:07.990771Z
297c1e49-ec14-40cc-8b3e-6e0c7922010b,run1_rep1,G,CLOSED,CLOSED,request,PROVIDER,N/A,,3891.2737099999504,INFO,adaptador.request,true,exitoso,,,10184.892866355,10181.001592645,,,2026-09-05T00:18:08.095450Z
98b2301a-3ac1-4154-b512-e3051ce4993e,run1_rep1,G,CLOSED,CLOSED,request,PROVIDER,N/A,,3839.0593770000123,INFO,adaptador.request,true,exitoso,,,10184.976702022,10181.137642645,,,2026-09-05T00:18:08.179295Z
6961babb-ab08-4482-a9ca-7ed2ff954fe9,run1_rep1,G,CLOSED,CLOSED,request,PROVIDER,N/A,,3917.8915019983833,INFO,adaptador.request,true,exitoso,,,10185.072593189,10181.154701687,,,2026-09-05T00:18:08.275172Z
7b4d0ea4-e6c0-4522-aa37-3fdb68b08ecf,run1_rep1,G,CLOSED,CLOSED,request,PROVIDER,N/A,,3971.970667998903,INFO,adaptador.request,true,exitoso,,,10185.158506105,10181.186535437,,,2026-09-05T00:18:08.361122Z
1665116b-8532-41c3-935c-b12ea2b4215b,run1_rep1,G,CLOSED,CLOSED,request,PROVIDER,N/A,,3717.854835000253,INFO,adaptador.request,true,exitoso,,,10185.22233423,10181.504479395,,,2026-09-05T00:18:08.424919Z
08ab395b-2713-4447-96cd-d0e052f34f5c,run1_rep1,G,CLOSED,CLOSED,request,PROVIDER,N/A,,3749.9659180011804,INFO,adaptador.request,true,exitoso,,,10185.292822772,10181.542856854,,,2026-09-05T00:18:08.495404Z
38c35a18-ef47-42eb-9d01-c700d6a14141,run1_rep1,G,CLOSED,CLOSED,request,PROVIDER,N/A,,3741.967834999741,INFO,adaptador.request,true,exitoso,,,10185.387223189,10181.645255354,,,2026-09-05T00:18:08.589802Z
22c40b0d-ad6f-4281-8582-2ed5eea58ab3,run1_rep1,G,CLOSED,CLOSED,request,PROVIDER,N/A,,3848.377836000509,INFO,adaptador.request,true,exitoso,,,10185.494138231,10181.645760395,,,2026-09-05T00:18:08.696752Z
68f912f7-53cc-49fb-a8a2-b951db5d5c14,run1_rep1,G,CLOSED,CLOSED,request,PROVIDER,N/A,,3878.1808349995117,INFO,adaptador.request,true,exitoso,,,10185.582684939,10181.704504104,,,2026-09-05T00:18:08.785284Z
45128fa0-bdad-4a97-89ef-472b10061ec9,run1_rep1,G,CLOSED,CLOSED,request,PROVIDER,N/A,,3897.1923349999997,INFO,adaptador.request,true,exitoso,,,10185.651347022,10181.754154687,,,2026-09-05T00:18:08.853925Z
2f95e438-6d2c-4ae5-9d02-4ddca8d253fa,run1_rep1,G,CLOSED,CLOSED,request,PROVIDER,N/A,,3797.2354180001275,INFO,adaptador.request,true,exitoso,,,10185.742624897,10181.945389479,,,2026-09-05T00:18:08.945212Z
2ccbe489-a4f6-424d-8551-1d6e6b42cd49,run1_rep1,G,CLOSED,CLOSED,request,PROVIDER,N/A,,3871.399169000142,INFO,adaptador.request,true,exitoso,,,10185.830468356,10181.959069187,,,2026-09-05T00:18:09.033075Z
ff8d86b6-1807-47aa-ba6d-4b0d96df97cc,run1_rep1,G,CLOSED,CLOSED,request,PROVIDER,N/A,,3742.9302519994962,INFO,adaptador.request,true,exitoso,,,10185.933228314,10182.190298062,,,2026-09-05T00:18:09.135842Z
be29a4c3-48a3-4355-af48-78be24dbc9c8,run1_rep1,G,CLOSED,CLOSED,request,PROVIDER,N/A,,3786.837875999481,INFO,adaptador.request,true,exitoso,,,10185.999030897,10182.212193021,,,2026-09-05T00:18:09.201614Z
671e5eb8-c2b8-423a-9a14-59f5b7823f2a,run1_rep1,G,CLOSED,CLOSED,request,PROVIDER,N/A,,3860.5410020009003,INFO,adaptador.request,true,exitoso,,,10186.088377648,10182.227836646,,,2026-09-05T00:18:09.290958Z
5b445e42-9991-4241-90e8-4df81961ad5b,run1_rep1,G,CLOSED,CLOSED,request,PROVIDER,N/A,,3953.424876999634,INFO,adaptador.request,true,exitoso,,,10186.185384273,10182.231959396,,,2026-09-05T00:18:09.387980Z
c7434d15-eb95-41e4-b5e4-5f7d216a8aea,run1_rep1,G,CLOSED,CLOSED,request,PROVIDER,N/A,,3859.0485859986075,INFO,adaptador.request,true,exitoso,,,10186.285849273,10182.426800687,,,2026-09-05T00:18:09.488515Z
ee9e7210-7119-4829-8c29-2d073c8fd102,run1_rep1,G,CLOSED,CLOSED,request,PROVIDER,N/A,,3872.1192100001645,INFO,adaptador.request,true,exitoso,,,10186.376273356,10182.504154146,,,2026-09-05T00:18:09.578867Z
f60cf5de-08e4-4f26-86a3-4b62c369792a,run1_rep1,G,CLOSED,CLOSED,request,PROVIDER,N/A,,3931.989626998984,INFO,adaptador.request,true,exitoso,,,10186.457454398,10182.525464771,,,2026-09-05T00:18:09.660063Z
5f4bec29-bc54-4243-8b58-f723a7c910f1,run1_rep1,G,CLOSED,CLOSED,request,PROVIDER,N/A,,3743.6149600016506,INFO,adaptador.request,true,exitoso,,,10186.522759814,10182.779144854,,,2026-09-05T00:18:09.725354Z
43dc32b3-bb6e-4db9-812d-dd869d9440ed,run1_rep1,G,CLOSED,CLOSED,request,PROVIDER,N/A,,3798.982292999426,INFO,adaptador.request,true,exitoso,,,10186.605837981,10182.806855688,,,2026-09-05T00:18:09.808439Z
2b12272b-c056-4b6e-a9a6-e425b4880ce8,run1_rep1,G,CLOSED,CLOSED,request,PROVIDER,N/A,,3753.7797940003657,INFO,adaptador.request,true,exitoso,,,10186.676390023,10182.922610229,,,2026-09-05T00:18:09.878985Z
9a0c73e2-0d8a-4d72-b6f3-05c0dc224d7a,run1_rep1,G,CLOSED,CLOSED,request,PROVIDER,N/A,,3838.8070440014417,INFO,adaptador.request,true,exitoso,,,10186.779403648,10182.940596604,,,2026-09-05T00:18:09.982012Z
8c71cb3e-539b-4744-8d66-f4119be0fc6f,run1_rep1,G,CLOSED,CLOSED,request,PROVIDER,N/A,,3770.995335000407,INFO,adaptador.request,true,exitoso,,,10186.835410648,10183.064415313,,,2026-09-05T00:18:10.037994Z
db681f47-37c8-4baa-9a5e-065ded794f6e,run1_rep1,G,CLOSED,CLOSED,request,PROVIDER,N/A,,3772.513293999509,INFO,adaptador.request,true,exitoso,,,10186.943632315,10183.171119021,,,2026-09-05T00:18:10.146238Z
70fceba8-cb31-4be9-a469-cd105903e3ca,run1_rep1,G,CLOSED,CLOSED,request,PROVIDER,N/A,,3825.184459999946,INFO,adaptador.request,true,exitoso,,,10187.053125731,10183.227941271,,,2026-09-05T00:18:10.255738Z
08f0ebdc-4f60-468b-ad48-a1f42c03656b,run1_rep1,G,CLOSED,CLOSED,request,PROVIDER,N/A,,3847.309002001566,INFO,adaptador.request,true,exitoso,,,10187.142895565,10183.295586563,,,2026-09-05T00:18:10.345506Z
8594a364-8029-4840-a023-96b56355e2dc,run1_rep1,G,CLOSED,CLOSED,request,PROVIDER,N/A,,3900.404918998902,INFO,adaptador.request,true,exitoso,,,10187.196375815,10183.295970896,,,2026-09-05T00:18:10.398974Z
5f5b0fdf-3fdf-41ee-8792-d458737e3a75,run1_rep1,G,CLOSED,CLOSED,request,PROVIDER,N/A,,3928.5524599999917,INFO,adaptador.request,true,exitoso,,,10187.286538565,10183.357986105,,,2026-09-05T00:18:10.489148Z
b9cb9c2d-b4f5-4d14-8a63-d2348e06f8ca,run1_rep1,G,CLOSED,CLOSED,request,PROVIDER,N/A,,3913.0667520003044,INFO,adaptador.request,true,exitoso,,,10187.348600898,10183.435534146,,,2026-09-05T00:18:10.551195Z
76adf8b7-ad37-4cc7-acb2-7195332087ff,run1_rep1,G,CLOSED,CLOSED,request,PROVIDER,N/A,,3871.6204190004646,INFO,adaptador.request,true,exitoso,,,10187.435476815,10183.563856396,,,2026-09-05T00:18:10.638090Z
59c8bd74-8a7f-46db-b675-326321aad989,run1_rep1,G,CLOSED,CLOSED,request,PROVIDER,N/A,,3874.3570429996907,INFO,adaptador.request,true,exitoso,,,10187.497692273,10183.62333523,,,2026-09-05T00:18:10.700306Z
104b309d-534c-4fd1-a191-b380a82bf876,run1_rep1,G,CLOSED,CLOSED,request,PROVIDER,N/A,,3788.279418999082,INFO,adaptador.request,true,exitoso,,,10187.601183857,10183.812904438,,,2026-09-05T00:18:10.803781Z
3df5f12d-3541-4f40-95e9-63fe453cbea0,run1_rep1,G,CLOSED,CLOSED,request,PROVIDER,N/A,,3757.2467099998903,INFO,adaptador.request,true,exitoso,,,10187.668645732,10183.911399022,,,2026-09-05T00:18:10.871239Z
853a21f1-0c6f-49d9-b98a-0c09f30672bb,run1_rep1,G,CLOSED,CLOSED,request,PROVIDER,N/A,,3818.5825850014226,INFO,adaptador.request,true,exitoso,,,10187.733820732,10183.915238147,,,2026-09-05T00:18:10.936410Z
4f3f15c9-63bf-4377-9445-87756414ddc8,run1_rep1,G,CLOSED,CLOSED,request,PROVIDER,N/A,,3836.681167998904,INFO,adaptador.request,true,exitoso,,,10187.818152773,10183.981471605,,,2026-09-05T00:18:11.020757Z
dd7271de-23bf-41b1-8324-de85f0c01188,run1_rep1,G,CLOSED,CLOSED,request,PROVIDER,N/A,,3871.7380430007324,INFO,adaptador.request,true,exitoso,,,10187.877821148,10184.006083105,,,2026-09-05T00:18:11.080439Z
50875112-1cf2-49a8-9deb-fc854981fdaf,run1_rep1,G,CLOSED,CLOSED,request,PROVIDER,N/A,,3948.890877001759,INFO,adaptador.request,true,exitoso,,,10187.960065065,10184.011174188,,,2026-09-05T00:18:11.162661Z
a26ba405-52f6-4a32-b81b-e9f44f683396,run1_rep1,G,CLOSED,CLOSED,request,PROVIDER,N/A,,3886.758751999878,INFO,adaptador.request,true,exitoso,,,10188.042659857,10184.155901105,,,2026-09-05T00:18:11.245239Z
95cf6e3a-9b9b-49fd-86cb-e4a8043f632b,run1_rep1,G,CLOSED,CLOSED,request,PROVIDER,N/A,,3760.4805849987315,INFO,adaptador.request,true,exitoso,,,10188.143204232,10184.382723647,,,2026-09-05T00:18:11.345804Z
086e6563-0334-4dc3-84a4-047b0aae79e7,run1_rep1,G,CLOSED,CLOSED,request,PROVIDER,N/A,,3741.5827100012393,INFO,adaptador.request,true,exitoso,,,10188.232325815,10184.490743105,,,2026-09-05T00:18:11.434941Z
0ec6ef89-a128-4f75-9aaa-bd7d3af19a92,run1_rep1,G,CLOSED,CLOSED,request,PROVIDER,N/A,,3823.4074610008975,INFO,adaptador.request,true,exitoso,,,10188.325462274,10184.502054813,,,2026-09-05T00:18:11.528067Z
dae7e18d-2107-4740-baf8-9ffe820a7529,run1_rep1,G,CLOSED,CLOSED,request,PROVIDER,N/A,,3728.995584999211,INFO,adaptador.request,true,exitoso,,,10188.409965649,10184.680970064,,,2026-09-05T00:18:11.612598Z
c18f1304-cfcd-4dca-8b19-9d3b70eee3fa,run1_rep1,G,CLOSED,CLOSED,request,PROVIDER,N/A,,3773.086000999683,INFO,adaptador.request,true,exitoso,,,10188.475326315,10184.702240314,,,2026-09-05T00:18:11.677903Z
d4da46c4-cb99-4ecc-9004-804a13a79989,run1_rep1,G,CLOSED,CLOSED,request,PROVIDER,N/A,,3771.8198769998708,INFO,adaptador.request,true,exitoso,,,10188.535090732,10184.763270855,,,2026-09-05T00:18:11.737701Z
de824260-31b8-4cf9-a7fc-f5a7dcfdb346,run1_rep1,G,CLOSED,CLOSED,request,PROVIDER,N/A,,3757.011585001237,INFO,adaptador.request,true,exitoso,,,10188.63648744,10184.879475855,,,2026-09-05T00:18:11.839073Z
474ceaee-fa94-4244-a5ae-1947af59ab6a,run1_rep1,G,CLOSED,CLOSED,request,PROVIDER,N/A,,3779.916419000074,INFO,adaptador.request,true,exitoso,,,10188.700967899,10184.92105148,,,2026-09-05T00:18:11.903566Z
295c692a-73f8-4a15-a8b1-d2c35347d436,run1_rep1,G,CLOSED,CLOSED,request,PROVIDER,N/A,,3749.8130849999143,INFO,adaptador.request,true,exitoso,,,10188.772390649,10185.022577564,,,2026-09-05T00:18:11.974985Z
a99b753d-8726-46a3-ad86-81cf2dad78e8,run1_rep1,G,CLOSED,CLOSED,request,PROVIDER,N/A,,3775.000502000694,INFO,adaptador.request,true,exitoso,,,10188.845687191,10185.070686689,,,2026-09-05T00:18:12.048281Z
2190826c-6057-4888-be01-b33518834796,run1_rep1,G,CLOSED,CLOSED,request,PROVIDER,N/A,,3802.3214179993374,INFO,adaptador.request,true,exitoso,,,10188.906241857,10185.103920439,,,2026-09-05T00:18:12.108824Z
2db8d5db-a164-4658-ba11-cdab3a48afae,run1_rep1,G,CLOSED,CLOSED,request,PROVIDER,N/A,,3840.4173769995396,INFO,adaptador.request,true,exitoso,,,10189.006356732,10185.165939355,,,2026-09-05T00:18:12.208952Z
dd3f2f27-a3f8-4989-a540-ee97869d1fe5,run1_rep1,G,CLOSED,CLOSED,request,PROVIDER,N/A,,3781.3773350007978,INFO,adaptador.request,true,exitoso,,,10189.111472274,10185.330094939,,,2026-09-05T00:18:12.314050Z
78652766-79dd-45e5-8e75-63cdb991c405,run1_rep1,G,CLOSED,CLOSED,request,PROVIDER,N/A,,3822.20825100012,INFO,adaptador.request,true,exitoso,,,10189.171880857,10185.349672606,,,2026-09-05T00:18:12.374442Z
27a90bda-0790-461c-933c-60d54618f088,run1_rep1,G,CLOSED,CLOSED,request,PROVIDER,N/A,,3883.6421689993585,INFO,adaptador.request,true,exitoso,,,10189.268018441,10185.384376272,,,2026-09-05T00:18:12.470660Z
aff07c14-a890-48b5-b6e7-061d4e63842b,run1_rep1,G,CLOSED,CLOSED,request,PROVIDER,N/A,,3743.8810849998845,INFO,adaptador.request,true,exitoso,,,10189.331372982,10185.587491897,,,2026-09-05T00:18:12.533951Z
0884da0c-777f-45a2-afea-3c3c05c97661,run1_rep1,G,CLOSED,CLOSED,request,PROVIDER,N/A,,3770.43041899924,INFO,adaptador.request,true,exitoso,,,10189.391270691,10185.620840272,,,2026-09-05T00:18:12.593875Z
538ac15b-33b3-4173-8b74-7b26d8bfe5f7,run1_rep1,G,CLOSED,CLOSED,request,PROVIDER,N/A,,3648.2177100006083,INFO,adaptador.request,true,exitoso,,,10189.449136732,10185.800919022,,,2026-09-05T00:18:12.651732Z
235626c5-1a60-4682-890c-e9ee33ea66db,run1_rep1,G,CLOSED,CLOSED,request,PROVIDER,N/A,,3694.836876999034,INFO,adaptador.request,true,exitoso,,,10189.529298733,10185.834461856,,,2026-09-05T00:18:12.731883Z
ed7bf359-e558-47e6-90e8-40edef16737d,run1_rep1,G,CLOSED,CLOSED,request,PROVIDER,N/A,,3767.3032520015113,INFO,adaptador.request,true,exitoso,,,10189.602148399,10185.834845147,,,2026-09-05T00:18:12.804727Z
95e09183-8dda-49db-8932-1f1d6eafb20d,run1_rep1,G,CLOSED,CLOSED,request,PROVIDER,N/A,,3739.5408769989444,INFO,adaptador.request,true,exitoso,,,10189.675789608,10185.936248731,,,2026-09-05T00:18:12.878379Z
8e27f6c6-39ec-4c3f-8130-c3410a44cd22,run1_rep1,G,CLOSED,CLOSED,request,PROVIDER,N/A,,3758.389293001528,INFO,adaptador.request,true,exitoso,,,10189.750024524,10185.991635231,,,2026-09-05T00:18:12.952696Z
ca075552-5991-4322-b160-fd8f4a3fe421,run1_rep1,G,CLOSED,CLOSED,request,PROVIDER,N/A,,3741.3535849991604,INFO,adaptador.request,true,exitoso,,,10189.815908358,10186.074554773,,,2026-09-05T00:18:13.018507Z
72ce7025-8a2f-46e8-8ba1-534bd3a66b07,run1_rep1,G,CLOSED,CLOSED,request,PROVIDER,N/A,,3625.4475850000745,INFO,adaptador.request,true,exitoso,,,10189.888058524,10186.262610939,,,2026-09-05T00:18:13.090643Z
a2266cd0-33c3-446c-afff-f3b39fbb8472,run1_rep1,G,CLOSED,CLOSED,request,PROVIDER,N/A,,3689.6602930009976,INFO,adaptador.request,true,exitoso,,,10189.977357399,10186.287697106,,,2026-09-05T00:18:13.179903Z
70bf7d7c-4200-499b-8cd1-c9abcb09a3c1,run1_rep1,G,CLOSED,CLOSED,request,PROVIDER,N/A,,3540.153794001526,INFO,adaptador.request,true,exitoso,,,10190.042014983,10186.501861189,,,2026-09-05T00:18:13.244546Z
321440c6-80e1-4cc9-b153-120c0373e259,run1_rep1,G,CLOSED,CLOSED,request,PROVIDER,N/A,,3619.9827099990216,INFO,adaptador.request,true,exitoso,,,10190.134637733,10186.514655023,,,2026-09-05T00:18:13.337220Z
6fe84ac8-c988-43b3-932a-568f2508edbb,run1_rep1,G,CLOSED,CLOSED,request,PROVIDER,N/A,,3606.275210999229,INFO,adaptador.request,true,exitoso,,,10190.213580025,10186.607304814,,,2026-09-05T00:18:13.416186Z
39da08a1-1840-471a-83ec-2c0285d3dc4b,run1_rep1,G,CLOSED,CLOSED,request,PROVIDER,N/A,,3539.9067100006505,INFO,adaptador.request,true,exitoso,,,10190.289050816,10186.749144106,,,2026-09-05T00:18:13.491644Z
e7ea5838-a7e3-41ed-8c13-d71905136bc7,run1_rep1,G,CLOSED,CLOSED,request,PROVIDER,N/A,,3560.4584600005182,INFO,adaptador.request,true,exitoso,,,10190.3530274,10186.79256894,,,2026-09-05T00:18:13.555635Z
6ba64de9-048e-4302-af6b-c016cab00195,run1_rep1,G,CLOSED,CLOSED,request,PROVIDER,N/A,,3660.2472519989533,INFO,adaptador.request,true,exitoso,,,10190.457931025,10186.797683773,,,2026-09-05T00:18:13.660550Z
deb91a5a-36d9-4924-8c61-d2c89c4abb90,run1_rep1,G,CLOSED,CLOSED,request,PROVIDER,N/A,,3648.914875999253,INFO,adaptador.request,true,exitoso,,,10190.533088691,10186.884173815,,,2026-09-05T00:18:13.735697Z
0c3cf5b4-31d8-4e7a-bdaa-0329ce374536,run1_rep1,G,CLOSED,CLOSED,request,PROVIDER,N/A,,3666.327126999022,INFO,adaptador.request,true,exitoso,,,10190.629717983,10186.963390856,,,2026-09-05T00:18:13.832307Z
51de6221-5d0c-49de-a93f-701f53613490,run1_rep1,G,CLOSED,CLOSED,request,PROVIDER,N/A,,3725.9284179999668,INFO,adaptador.request,true,exitoso,,,10190.717296983,10186.991368565,,,2026-09-05T00:18:13.919880Z
3061063d-5190-433b-84c5-294d6354161e,run1_rep1,G,CLOSED,CLOSED,request,PROVIDER,N/A,,3596.8423760004953,INFO,adaptador.request,true,exitoso,,,10190.784089066,10187.18724669,,,2026-09-05T00:18:13.986680Z
5e574d36-8859-49b6-903b-afdde3807155,run1_rep1,G,CLOSED,CLOSED,request,PROVIDER,N/A,,3569.839959998717,INFO,adaptador.request,true,exitoso,,,10190.856122025,10187.286282065,,,2026-09-05T00:18:14.058708Z
560f1a6b-62c3-4230-9807-a4ebcb3aced8,run1_rep1,G,CLOSED,CLOSED,request,PROVIDER,N/A,,3625.8766679984546,INFO,adaptador.request,true,exitoso,,,10190.964914858,10187.33903819,,,2026-09-05T00:18:14.167624Z
d79a596f-95a2-4e13-acd8-d008d907179f,run1_rep1,G,CLOSED,CLOSED,request,PROVIDER,N/A,,3538.5295019987097,INFO,adaptador.request,true,exitoso,,,10191.0474979,10187.508968398,,,2026-09-05T00:18:14.250099Z
6b7667b0-f65a-42a1-a366-4f1bbebaed91,run1_rep1,G,CLOSED,CLOSED,request,PROVIDER,N/A,,3517.1134190004523,INFO,adaptador.request,true,exitoso,,,10191.109167192,10187.592053773,,,2026-09-05T00:18:14.311756Z
8fc14925-f673-427b-b34a-1506f21a24ae,run1_rep1,G,CLOSED,CLOSED,request,PROVIDER,N/A,,3522.537752000062,INFO,adaptador.request,true,exitoso,,,10191.204146192,10187.68160844,,,2026-09-05T00:18:14.406744Z
257882d2-99eb-4c49-9001-502319f7d432,run1_rep1,G,CLOSED,CLOSED,request,PROVIDER,N/A,,3556.9233349997376,INFO,adaptador.request,true,exitoso,,,10191.278701817,10187.721778482,,,2026-09-05T00:18:14.481409Z
c331a7b8-2878-43a8-a469-94944cd40c45,run1_rep1,G,CLOSED,CLOSED,request,PROVIDER,N/A,,3599.491709999711,INFO,adaptador.request,true,exitoso,,,10191.36839865,10187.76890694,,,2026-09-05T00:18:14.570970Z
a7caf4ad-e69f-4e37-9c19-e6db749df5c7,run1_rep1,G,CLOSED,CLOSED,request,PROVIDER,N/A,,3677.3474180008634,INFO,adaptador.request,true,exitoso,,,10191.469519525,10187.792172107,,,2026-09-05T00:18:14.672115Z
50db7a72-719d-4d88-b0b4-20b4aab594c1,run1_rep1,G,CLOSED,CLOSED,request,PROVIDER,N/A,,3668.2950430003984,INFO,adaptador.request,true,exitoso,,,10191.540326733,10187.87203169,,,2026-09-05T00:18:14.742925Z
94dfeda3-9162-4c63-8005-a4140581ec7a,run1_rep1,G,CLOSED,CLOSED,request,PROVIDER,N/A,,3607.729252000354,INFO,adaptador.request,true,exitoso,,,10191.608116859,10188.000387607,,,2026-09-05T00:18:14.810692Z
17bec167-f6ac-4ccc-821b-87e7589ab683,run1_rep1,G,CLOSED,CLOSED,request,PROVIDER,N/A,,3701.8987520004885,INFO,adaptador.request,true,exitoso,,,10191.714298067,10188.012399315,,,2026-09-05T00:18:14.916917Z
e6627813-1278-4bbe-a608-dfeee43e2ab6,run1_rep1,G,CLOSED,CLOSED,request,PROVIDER,N/A,,3765.7357110001612,INFO,adaptador.request,true,exitoso,,,10191.795621234,10188.029885523,,,2026-09-05T00:18:14.998227Z
c7195081-d27c-4fc9-a9e8-c47afb446bb4,run1_rep1,G,CLOSED,CLOSED,request,PROVIDER,N/A,,3798.411251998914,INFO,adaptador.request,true,exitoso,,,10191.8931089,10188.094697648,,,2026-09-05T00:18:15.095720Z
69e5b20e-57af-4f95-be96-60bd1a774822,run1_rep1,G,CLOSED,CLOSED,request,PROVIDER,N/A,,3780.0903349998407,INFO,adaptador.request,true,exitoso,,,10191.968343609,10188.188253274,,,2026-09-05T00:18:15.170947Z
61f5ab7f-551c-48f7-a12e-3ad805e2bc68,run1_rep1,G,CLOSED,CLOSED,request,PROVIDER,N/A,,3720.704459999979,INFO,adaptador.request,true,exitoso,,,10192.055780775,10188.335076315,,,2026-09-05T00:18:15.258302Z
2adf29fb-266a-4c56-92db-78cc38bc91ab,run1_rep1,G,CLOSED,CLOSED,request,PROVIDER,N/A,,3737.2494179999194,INFO,adaptador.request,true,exitoso,,,10192.152768525,10188.415519107,,,2026-09-05T00:18:15.355305Z
3eb00ce1-0b2f-4f75-94ba-9e548b1756dd,run1_rep1,G,CLOSED,CLOSED,request,PROVIDER,N/A,,3659.9897100004455,INFO,adaptador.request,true,exitoso,,,10192.230932192,10188.570942482,,,2026-09-05T00:18:15.433641Z
9e4d44ab-03fd-4d72-b1e9-953e8c9b6a13,run1_rep1,G,CLOSED,CLOSED,request,PROVIDER,N/A,,3667.26033499981,INFO,adaptador.request,true,exitoso,,,10192.310690692,10188.643430357,,,2026-09-05T00:18:15.513243Z
fd5f99fb-be3d-4c1c-9e43-9aaba1e21ced,run1_rep1,G,CLOSED,CLOSED,request,PROVIDER,N/A,,3627.0095439995202,INFO,adaptador.request,true,exitoso,,,10192.407898276,10188.780888732,,,2026-09-05T00:18:15.610507Z
da6fd257-3bc1-4ab7-ace1-00071aaf8df5,run1_rep1,G,CLOSED,CLOSED,request,PROVIDER,N/A,,3600.505251000868,INFO,adaptador.request,true,exitoso,,,10192.488964942,10188.888459691,,,2026-09-05T00:18:15.691701Z
05e436af-c350-45ba-a9ee-2422e7c0b416,run1_rep1,G,CLOSED,CLOSED,request,PROVIDER,N/A,,3669.809251001425,INFO,adaptador.request,true,exitoso,,,10192.560621942,10188.890812691,,,2026-09-05T00:18:15.763157Z
8c705a20-3eea-4be5-a2a0-9b3839481918,run1_rep1,G,CLOSED,CLOSED,request,PROVIDER,N/A,,3749.5671689994197,INFO,adaptador.request,true,exitoso,,,10192.657292151,10188.907724982,,,2026-09-05T00:18:15.859874Z
3bda9aa5-5e95-404e-b77b-14052f121e45,run1_rep1,G,CLOSED,CLOSED,request,PROVIDER,N/A,,3770.8250430005137,INFO,adaptador.request,true,exitoso,,,10192.749603942,10188.978778899,,,2026-09-05T00:18:15.952209Z
fbfc204d-ecc2-4c7a-8665-f3209180949d,run1_rep1,G,CLOSED,CLOSED,request,PROVIDER,N/A,,3716.8762929995864,INFO,adaptador.request,true,exitoso,,,10192.808558484,10189.091682191,,,2026-09-05T00:18:16.011157Z
3b31eefd-4906-4279-a418-12b7ef3a9311,run1_rep1,G,CLOSED,CLOSED,request,PROVIDER,N/A,,3573.770418001004,INFO,adaptador.request,true,exitoso,,,10192.889075109,10189.315304691,,,2026-09-05T00:18:16.091658Z
104e9764-9aa8-4c87-9e72-ce1e5b067ca4,run1_rep1,G,CLOSED,CLOSED,request,PROVIDER,N/A,,3607.090710000193,INFO,adaptador.request,true,exitoso,,,10192.959194692,10189.352103982,,,2026-09-05T00:18:16.161774Z
983759b9-c384-4ac3-bb69-3009e4b98da7,run1_rep1,G,CLOSED,CLOSED,request,PROVIDER,N/A,,3699.353627000164,INFO,adaptador.request,true,exitoso,,,10193.065675401,10189.366321774,,,2026-09-05T00:18:16.268263Z
a50c736b-3d14-4053-9a08-39017f140c1c,run1_rep1,G,CLOSED,CLOSED,request,PROVIDER,N/A,,3663.7277099998755,INFO,adaptador.request,true,exitoso,,,10193.125250609,10189.461522899,,,2026-09-05T00:18:16.327850Z
6c2a6e78-6cfa-4613-b7b8-f271d55c8f1c,run1_rep1,G,CLOSED,CLOSED,request,PROVIDER,N/A,,3687.173542999517,INFO,adaptador.request,true,exitoso,,,10193.194052109,10189.506878566,,,2026-09-05T00:18:16.396687Z
72cf0626-2553-4881-b622-2fa9afb2860a,run1_rep1,G,CLOSED,CLOSED,request,PROVIDER,N/A,,3739.1393770012655,INFO,adaptador.request,true,exitoso,,,10193.257259526,10189.518120149,,,2026-09-05T00:18:16.459870Z
461570df-19fe-4525-a5c4-e001ebd4c251,run1_rep1,G,CLOSED,CLOSED,request,PROVIDER,N/A,,3765.623584999048,INFO,adaptador.request,true,exitoso,,,10193.356242151,10189.590618566,,,2026-09-05T00:18:16.558823Z
7ecb5eb3-e09f-4399-bfef-379c3c93571f,run1_rep1,G,CLOSED,CLOSED,request,PROVIDER,N/A,,3865.1143759998376,INFO,adaptador.request,true,exitoso,,,10193.456585484,10189.591471108,,,2026-09-05T00:18:16.659183Z
e9add4bf-789c-4cf5-bdae-8a7273d44719,run1_rep1,G,CLOSED,CLOSED,request,PROVIDER,N/A,,3931.9859179995547,INFO,adaptador.request,true,exitoso,,,10193.524046276,10189.592060358,,,2026-09-05T00:18:16.726650Z
b6b4c03c-7dde-4780-8821-a3a42a753d39,run1_rep1,G,CLOSED,CLOSED,request,PROVIDER,N/A,,3868.426250999619,INFO,adaptador.request,true,exitoso,,,10193.623891984,10189.755465733,,,2026-09-05T00:18:16.826566Z
10c5c14f-b19e-4bfe-bc5b-ab75035eeaca,run1_rep1,G,CLOSED,CLOSED,request,PROVIDER,N/A,,3822.7549600014754,INFO,adaptador.request,true,exitoso,,,10193.707796901,10189.885041941,,,2026-09-05T00:18:16.910388Z
d78ae5e8-f859-4f7c-8a54-4620bff9efd2,run1_rep1,G,CLOSED,CLOSED,request,PROVIDER,N/A,,3832.579085001271,INFO,adaptador.request,true,exitoso,,,10193.788549651,10189.955970566,,,2026-09-05T00:18:16.991129Z
b5f8e1e7-9ffe-4e28-b6e9-4bbe5389a31e,run1_rep1,G,CLOSED,CLOSED,request,PROVIDER,N/A,,3929.985084998407,INFO,adaptador.request,true,exitoso,,,10193.891728943,10189.961743858,,,2026-09-05T00:18:17.094323Z
a5f077e6-853b-427b-adb5-fa929aaaf5ee,run1_rep1,G,CLOSED,CLOSED,request,PROVIDER,N/A,,3716.6069599988987,INFO,adaptador.request,true,exitoso,,,10193.95104561,10190.23443865,,,2026-09-05T00:18:17.153652Z
077d105f-72f6-42e6-9d22-17808ce0fac2,run1_rep1,G,CLOSED,CLOSED,request,PROVIDER,N/A,,3764.804626998739,INFO,adaptador.request,true,exitoso,,,10194.028898985,10190.264094358,,,2026-09-05T00:18:17.231456Z
70d0f19f-f1a8-4388-af52-bebe0782dffa,run1_rep1,G,CLOSED,CLOSED,request,PROVIDER,N/A,,3801.092751999022,INFO,adaptador.request,true,exitoso,,,10194.09718811,10190.296095358,,,2026-09-05T00:18:17.299801Z
964d5249-a992-41bc-afc5-a13534766f70,run1_rep1,G,CLOSED,CLOSED,request,PROVIDER,N/A,,3840.559876000043,INFO,adaptador.request,true,exitoso,,,10194.190307401,10190.349747525,,,2026-09-05T00:18:17.392907Z
69668ea0-945c-49a4-a429-4090b99d332c,run1_rep1,G,CLOSED,CLOSED,request,PROVIDER,N/A,,3844.268209999427,INFO,adaptador.request,true,exitoso,,,10194.26192911,10190.4176609,,,2026-09-05T00:18:17.464544Z
55b59965-9d83-4593-b32d-51da8cab6022,run1_rep1,G,CLOSED,CLOSED,request,PROVIDER,N/A,,3925.186959999337,INFO,adaptador.request,true,exitoso,,,10194.359710776,10190.434523816,,,2026-09-05T00:18:17.562306Z
1cf952ce-86e3-496d-bf0e-f23e7d6074f3,run1_rep1,G,CLOSED,CLOSED,request,PROVIDER,N/A,,3922.882002001643,INFO,adaptador.request,true,exitoso,,,10194.43110411,10190.508222108,,,2026-09-05T00:18:17.633709Z
cd68b962-df84-4df8-b792-f529090a61ae,run1_rep1,G,CLOSED,CLOSED,request,PROVIDER,N/A,,3975.4344190005213,INFO,adaptador.request,true,exitoso,,,10194.52309636,10190.547661941,,,2026-09-05T00:18:17.725692Z
8f85230c-659c-4153-8113-f693c922cf53,run1_rep1,G,CLOSED,CLOSED,request,PROVIDER,N/A,,3938.3563350002078,INFO,adaptador.request,true,exitoso,,,10194.602808693,10190.664452358,,,2026-09-05T00:18:17.805415Z
69d5949b-c614-4eb1-affc-8c30d4346822,run1_rep1,G,CLOSED,CLOSED,request,PROVIDER,N/A,,3889.931751999029,INFO,adaptador.request,true,exitoso,,,10194.65790011,10190.767968358,,,2026-09-05T00:18:17.860486Z
32b12d8f-5490-4f3e-82b0-a1d1ca421e4e,run1_rep1,G,CLOSED,CLOSED,request,PROVIDER,N/A,,3759.745834999194,INFO,adaptador.request,true,exitoso,,,10194.73415961,10190.974413775,,,2026-09-05T00:18:17.936744Z
a1976e7f-b4ad-4253-8ddc-c2bb9f110d1b,run1_rep1,G,CLOSED,CLOSED,request,PROVIDER,N/A,,3860.4061269998056,INFO,adaptador.request,true,exitoso,,,10194.835192277,10190.97478615,,,2026-09-05T00:18:18.037776Z
eb6a9b32-a9ff-4b5f-97a3-795bea93310a,run1_rep1,G,CLOSED,CLOSED,request,PROVIDER,N/A,,3799.3909179986076,INFO,adaptador.request,true,exitoso,,,10194.914687235,10191.115296317,,,2026-09-05T00:18:18.117275Z
821931e4-5bc4-4796-8d97-47780eb1218b,run1_rep1,G,CLOSED,CLOSED,request,PROVIDER,N/A,,3783.6158350000915,INFO,adaptador.request,true,exitoso,,,10195.005594193,10191.221978358,,,2026-09-05T00:18:18.208177Z
13c0a2f0-89a2-416e-bd86-3c5c9c40b127,run1_rep1,G,CLOSED,CLOSED,request,PROVIDER,N/A,,3843.1724600013695,INFO,adaptador.request,true,exitoso,,,10195.072597443,10191.229424983,,,2026-09-05T00:18:18.275229Z
606baa9c-18f1-4ecf-844a-eef9e436068d,run1_rep1,G,CLOSED,CLOSED,request,PROVIDER,N/A,,3652.9556269997556,INFO,adaptador.request,true,exitoso,,,10195.156312777,10191.50335715,,,2026-09-05T00:18:18.358905Z
2db3a1c3-6139-4ab2-9353-8dc8289db168,run1_rep1,G,CLOSED,CLOSED,request,PROVIDER,N/A,,3719.6333769988996,INFO,adaptador.request,true,exitoso,,,10195.228103569,10191.508470192,,,2026-09-05T00:18:18.430723Z
ee0dc4ed-adca-4ec2-815b-5e30d2727679,run1_rep1,G,CLOSED,CLOSED,request,PROVIDER,N/A,,3776.921960999971,INFO,adaptador.request,true,exitoso,,,10195.327872819,10191.550950858,,,2026-09-05T00:18:18.530495Z
c1a35a44-5699-4494-bb9f-65d0d018dac2,run1_rep1,G,CLOSED,CLOSED,request,PROVIDER,N/A,,3813.776085000427,INFO,adaptador.request,true,exitoso,,,10195.414769235,10191.60099315,,,2026-09-05T00:18:18.617392Z
f0165caa-76ac-4361-90de-edfc8239ff9e,run1_rep1,G,CLOSED,CLOSED,request,PROVIDER,N/A,,3848.4764599998016,INFO,adaptador.request,true,exitoso,,,10195.51475311,10191.66627665,,,2026-09-05T00:18:18.717350Z
d641bd94-32a8-4ad6-a848-10d5a3934cc1,run1_rep1,G,CLOSED,CLOSED,request,PROVIDER,N/A,,3824.414334998437,INFO,adaptador.request,true,exitoso,,,10195.598269985,10191.77385565,,,2026-09-05T00:18:18.800872Z
aac793f8-95fe-403b-8289-e32872ef0fbd,run1_rep1,G,CLOSED,CLOSED,request,PROVIDER,N/A,,3649.902668001232,INFO,adaptador.request,true,exitoso,,,10195.67220036,10192.022297692,,,2026-09-05T00:18:18.874794Z
53fd7502-579e-4256-ac06-182d8ebfb495,run1_rep1,G,CLOSED,CLOSED,request,PROVIDER,N/A,,3728.6794190004002,INFO,adaptador.request,true,exitoso,,,10195.752284319,10192.0236049,,,2026-09-05T00:18:18.954881Z
2ba33f38-eedb-4595-91bf-872f02f97fff,run1_rep1,G,CLOSED,CLOSED,request,PROVIDER,N/A,,3810.210335001102,INFO,adaptador.request,true,exitoso,,,10195.860259527,10192.050049192,,,2026-09-05T00:18:19.062885Z
53f81d19-c064-406d-b088-4c10050833d7,run1_rep1,G,CLOSED,CLOSED,request,PROVIDER,N/A,,3692.846918998839,INFO,adaptador.request,true,exitoso,,,10195.924747611,10192.231900692,,,2026-09-05T00:18:19.127324Z
40d975c8-c05b-4b52-835f-3bdf1dea02c0,run1_rep1,G,CLOSED,CLOSED,request,PROVIDER,N/A,,3684.9370439995255,INFO,adaptador.request,true,exitoso,,,10195.997094986,10192.312157942,,,2026-09-05T00:18:19.199726Z
43f9d645-5106-4153-b9d7-9a17774ad554,run1_rep1,G,CLOSED,CLOSED,request,PROVIDER,N/A,,3734.5660849987325,INFO,adaptador.request,true,exitoso,,,10196.097201694,10192.362635609,,,2026-09-05T00:18:19.299811Z
92e521c7-1b22-483a-bb61-c9c2b2f4d1d3,run1_rep1,G,CLOSED,CLOSED,request,PROVIDER,N/A,,3804.6260850005638,INFO,adaptador.request,true,exitoso,,,10196.196588236,10192.391962151,,,2026-09-05T00:18:19.399194Z
178a1a94-ff1a-4712-85a6-d3f3564b6587,run1_rep1,G,CLOSED,CLOSED,request,PROVIDER,N/A,,3884.9807100014004,INFO,adaptador.request,true,exitoso,,,10196.277321944,10192.392341234,,,2026-09-05T00:18:19.479938Z
7806b4e2-9daf-421b-a716-f99e4c04256e,run1_rep1,G,CLOSED,CLOSED,request,PROVIDER,N/A,,3855.339584999456,INFO,adaptador.request,true,exitoso,,,10196.348579069,10192.493239484,,,2026-09-05T00:18:19.551155Z
9e39099d-e843-4419-b109-a83099ed9fb0,run1_rep1,G,CLOSED,CLOSED,request,PROVIDER,N/A,,3894.76554400062,INFO,adaptador.request,true,exitoso,,,10196.447828361,10192.553062817,,,2026-09-05T00:18:19.650424Z
e73499f0-f2fc-4332-976b-436f3d23a823,run1_rep1,G,CLOSED,CLOSED,request,PROVIDER,N/A,,3916.4407520001987,INFO,adaptador.request,true,exitoso,,,10196.513638069,10192.597197317,,,2026-09-05T00:18:19.716229Z
30429b2e-55f3-4ce4-b971-086e082ea73b,run1_rep1,G,CLOSED,CLOSED,request,PROVIDER,N/A,,3762.380710000798,INFO,adaptador.request,true,exitoso,,,10196.573535194,10192.811154484,,,2026-09-05T00:18:19.776128Z
bb68fd0e-cf92-4a05-8819-9e151b5002e6,run1_rep1,G,CLOSED,CLOSED,request,PROVIDER,N/A,,3818.608334999226,INFO,adaptador.request,true,exitoso,,,10196.664820569,10192.846212234,,,2026-09-05T00:18:19.867460Z
50466f8a-c1a2-4065-aedd-07964c8ceb80,run1_rep1,G,CLOSED,CLOSED,request,PROVIDER,N/A,,3907.347751999623,INFO,adaptador.request,true,exitoso,,,10196.753908528,10192.846560776,,,2026-09-05T00:18:19.956493Z
5d6d9df6-955e-4b2d-9b7d-e4075158adea,run1_rep1,G,CLOSED,CLOSED,request,PROVIDER,N/A,,3881.598877000215,INFO,adaptador.request,true,exitoso,,,10196.840578736,10192.958979859,,,2026-09-05T00:18:20.043167Z
0c985523-02b5-4cb7-a919-da8b71f9f8ef,run1_rep1,G,CLOSED,CLOSED,request,PROVIDER,N/A,,3818.692918001034,INFO,adaptador.request,true,exitoso,,,10196.944752986,10193.126060068,,,2026-09-05T00:18:20.147367Z
33653871-9d1b-45d9-8a3c-c97737d097b8,run1_rep1,G,CLOSED,CLOSED,request,PROVIDER,N/A,,3759.2020430001867,INFO,adaptador.request,true,exitoso,,,10197.040747569,10193.281545526,,,2026-09-05T00:18:20.243318Z
b8069f16-b478-42fa-ae60-15e4e563753c,run1_rep1,G,CLOSED,CLOSED,request,PROVIDER,N/A,,3752.7857099994435,INFO,adaptador.request,true,exitoso,,,10197.114442278,10193.361656568,,,2026-09-05T00:18:20.317031Z
d528093a-bfac-42cc-9f9b-78f9ea146446,run1_rep1,G,CLOSED,CLOSED,request,PROVIDER,N/A,,3770.0725849990704,INFO,adaptador.request,true,exitoso,,,10197.181362528,10193.411289943,,,2026-09-05T00:18:20.383955Z
d25fd75a-9e44-4fb2-a93e-527ef342a21e,run1_rep1,G,CLOSED,CLOSED,request,PROVIDER,N/A,,3860.5581689989776,INFO,adaptador.request,true,exitoso,,,10197.272294153,10193.411735984,,,2026-09-05T00:18:20.474895Z
0904886f-c0f4-4bf5-b169-75db9623f47c,run1_rep1,G,CLOSED,CLOSED,request,PROVIDER,N/A,,3654.1000850011187,INFO,adaptador.request,true,exitoso,,,10197.339472903,10193.685372818,,,2026-09-05T00:18:20.542044Z
f7ce54b9-144c-4412-81a6-1668ed690cd7,run1_rep1,G,CLOSED,CLOSED,request,PROVIDER,N/A,,3733.0468359996303,INFO,adaptador.request,true,exitoso,,,10197.42111482,10193.688067984,,,2026-09-05T00:18:20.623695Z
18a3f80b-a179-4b32-a3f0-ea2f719c4546,run1_rep1,G,CLOSED,CLOSED,request,PROVIDER,N/A,,3728.3900849997735,INFO,adaptador.request,true,exitoso,,,10197.485833778,10193.757443693,,,2026-09-05T00:18:20.688529Z
410619ec-e1ac-420d-82fa-79ae969283fc,run1_rep1,G,CLOSED,CLOSED,request,PROVIDER,N/A,,3778.318042999672,INFO,adaptador.request,true,exitoso,,,10197.570662611,10193.792344568,,,2026-09-05T00:18:20.773190Z
973424ff-c521-4b5b-bb98-13bfb96707fb,run1_rep1,G,CLOSED,CLOSED,request,PROVIDER,N/A,,3840.1617939998687,INFO,adaptador.request,true,exitoso,,,10197.671780945,10193.831619151,,,2026-09-05T00:18:20.874331Z
0f365dfa-1fa0-415e-972b-5071639918bd,run1_rep1,G,CLOSED,CLOSED,request,PROVIDER,N/A,,3719.909834999271,INFO,adaptador.request,true,exitoso,,,10197.748690736,10194.028780901,,,2026-09-05T00:18:20.951269Z
f2175c4a-ac29-4dd7-901e-2ba152f47cce,run1_rep1,G,CLOSED,CLOSED,request,PROVIDER,N/A,,3742.913209998733,INFO,adaptador.request,true,exitoso,,,10197.848122528,10194.105209318,,,2026-09-05T00:18:21.050752Z
f6392db4-795d-46e1-9711-334f2c7b6dc7,run1_rep1,G,CLOSED,CLOSED,request,PROVIDER,N/A,,3809.95625200012,INFO,adaptador.request,true,exitoso,,,10197.935611028,10194.125654776,,,2026-09-05T00:18:21.138339Z
96135ef2-4933-49bf-9186-b155f869b10e,run1_rep1,G,CLOSED,CLOSED,request,PROVIDER,N/A,,3826.190043000679,INFO,adaptador.request,true,exitoso,,,10198.017785153,10194.19159511,,,2026-09-05T00:18:21.220387Z
b79d7e41-555e-405d-ae0d-cb37785d4c04,run1_rep1,G,CLOSED,CLOSED,request,PROVIDER,N/A,,3861.373793999519,INFO,adaptador.request,true,exitoso,,,10198.115801445,10194.254427651,,,2026-09-05T00:18:21.318389Z
3d95ef9a-8944-42c3-bda1-1bad17654ea4,run1_rep1,G,CLOSED,CLOSED,request,PROVIDER,N/A,,3923.1287099992187,INFO,adaptador.request,true,exitoso,,,10198.193509153,10194.270380443,,,2026-09-05T00:18:21.396087Z
4cb662c0-872a-4774-8736-7d7fcc3d31ae,run1_rep1,G,CLOSED,CLOSED,request,PROVIDER,N/A,,3868.8971680003306,INFO,adaptador.request,true,exitoso,,,10198.29681032,10194.427913152,,,2026-09-05T00:18:21.499402Z
89bd9691-b491-4aec-879d-b51112396029,run1_rep1,G,CLOSED,CLOSED,request,PROVIDER,N/A,,3913.335876999554,INFO,adaptador.request,true,exitoso,,,10198.356106612,10194.442770735,,,2026-09-05T00:18:21.558713Z
ca96ccf6-45c9-4cde-b914-2bd1d174b19a,run1_rep1,G,CLOSED,CLOSED,request,PROVIDER,N/A,,3750.4735439997603,INFO,adaptador.request,true,exitoso,,,10198.455136737,10194.704663193,,,2026-09-05T00:18:21.657730Z
3fa84ec8-f01f-4a75-98f4-e615908a80c4,run1_rep1,G,CLOSED,CLOSED,request,PROVIDER,N/A,,3809.705085001042,INFO,adaptador.request,true,exitoso,,,10198.556244903,10194.746539818,,,2026-09-05T00:18:21.758838Z
5982658a-aab7-49c4-9165-1211595316e2,run1_rep1,G,CLOSED,CLOSED,request,PROVIDER,N/A,,3878.447667999353,INFO,adaptador.request,true,exitoso,,,10198.65953707,10194.781089402,,,2026-09-05T00:18:21.862118Z
c5200016-be98-4eb3-9b21-9ecb83cf0d1e,run1_rep1,G,CLOSED,CLOSED,request,PROVIDER,N/A,,3958.2636679988354,INFO,adaptador.request,true,exitoso,,,10198.75361307,10194.795349402,,,2026-09-05T00:18:21.956204Z
424e7d26-fcab-457b-b331-8907e7cd41f5,run1_rep1,G,CLOSED,CLOSED,request,PROVIDER,N/A,,3868.2805850003206,INFO,adaptador.request,true,exitoso,,,10198.820172195,10194.95189161,,,2026-09-05T00:18:22.022745Z
c3c12803-d4a6-44a8-93c3-c9e509ca3aba,run1_rep1,G,CLOSED,CLOSED,request,PROVIDER,N/A,,3840.8115439997346,INFO,adaptador.request,true,exitoso,,,10198.914590404,10195.07377886,,,2026-09-05T00:18:22.117180Z
681c595e-e359-4dc1-b64e-3cde04fba7e4,run1_rep1,G,CLOSED,CLOSED,request,PROVIDER,N/A,,3878.750210000362,INFO,adaptador.request,true,exitoso,,,10198.98920057,10195.11045036,,,2026-09-05T00:18:22.191798Z
3d3aab1e-06fb-4f15-82b0-925bff34cc56,run1_rep1,G,CLOSED,CLOSED,request,PROVIDER,N/A,,3852.625210000042,INFO,adaptador.request,true,exitoso,,,10199.055471445,10195.202846235,,,2026-09-05T00:18:22.258077Z
fe7ca12b-5472-40ae-8a39-f17fdc05d555,run1_rep1,G,CLOSED,CLOSED,request,PROVIDER,N/A,,3854.3239179998636,INFO,adaptador.request,true,exitoso,,,10199.124421862,10195.270097944,,,2026-09-05T00:18:22.327018Z
5b6712b7-b8bf-4600-9263-dfcaca10b871,run1_rep1,G,CLOSED,CLOSED,request,PROVIDER,N/A,,3897.253709999859,INFO,adaptador.request,true,exitoso,,,10199.190644237,10195.293390527,,,2026-09-05T00:18:22.393251Z
8cb25597-f857-4509-981f-b20b6b4474c8,run1_rep1,G,CLOSED,CLOSED,request,PROVIDER,N/A,,3935.85566800175,INFO,adaptador.request,true,exitoso,,,10199.269754987,10195.333899319,,,2026-09-05T00:18:22.472406Z
9d468caf-9388-400c-86d5-fde9a0711e39,run1_rep1,G,CLOSED,CLOSED,request,PROVIDER,N/A,,3733.199751999564,INFO,adaptador.request,true,exitoso,,,10199.334397154,10195.601197402,,,2026-09-05T00:18:22.537016Z
db08793e-37cd-4100-801d-47a2117693f9,run1_rep1,G,CLOSED,CLOSED,request,PROVIDER,N/A,,3784.1265850001946,INFO,adaptador.request,true,exitoso,,,10199.399890279,10195.615763694,,,2026-09-05T00:18:22.602523Z
7e36809a-eb72-4400-8142-cb8d5d29908b,run1_rep1,G,CLOSED,CLOSED,request,PROVIDER,N/A,,3749.3444190004084,INFO,adaptador.request,true,exitoso,,,10199.464306446,10195.714962027,,,2026-09-05T00:18:22.666885Z
b2c9aec2-ae12-4814-be63-13edaa900a27,run1_rep1,G,CLOSED,CLOSED,request,PROVIDER,N/A,,3782.446209999762,INFO,adaptador.request,true,exitoso,,,10199.539554279,10195.757108069,,,2026-09-05T00:18:22.742148Z
c828a058-3746-4720-a220-eb117577f5ba,run1_rep1,G,CLOSED,CLOSED,request,PROVIDER,N/A,,3811.5485009984695,INFO,adaptador.request,true,exitoso,,,10199.606311237,10195.794762736,,,2026-09-05T00:18:22.808902Z
5280895a-d1f7-4a0b-99da-e54110a6f315,run1_rep1,G,CLOSED,CLOSED,request,PROVIDER,N/A,,3880.7297099992866,INFO,adaptador.request,true,exitoso,,,10199.676217696,10195.795487986,,,2026-09-05T00:18:22.878788Z
8b79d278-66ba-46d2-85d7-a91764d62c29,run1_rep1,G,CLOSED,CLOSED,request,PROVIDER,N/A,,3746.323876999668,INFO,adaptador.request,true,exitoso,,,10199.757580279,10196.011256402,,,2026-09-05T00:18:22.960166Z
18caa9e5-f8b6-409a-b2c0-51cb7899c455,run1_rep1,G,CLOSED,CLOSED,request,PROVIDER,N/A,,3716.7271689995687,INFO,adaptador.request,true,exitoso,,,10199.864820071,10196.148092902,,,2026-09-05T00:18:23.067437Z
c04c8e8c-716d-4cc9-90b4-06e148fd5cb6,run1_rep1,G,CLOSED,CLOSED,request,PROVIDER,N/A,,3765.454418000445,INFO,adaptador.request,true,exitoso,,,10199.931312654,10196.165858236,,,2026-09-05T00:18:23.133898Z
da271cf6-1746-4aed-b59c-d2cee3c27aa6,run1_rep1,G,CLOSED,CLOSED,request,PROVIDER,N/A,,3673.925085000519,INFO,adaptador.request,true,exitoso,,,10200.021187696,10196.347262611,,,2026-09-05T00:18:23.223718Z
2fb079f7-dfe9-4b7d-9c45-39a117e9079f,run1_rep1,G,CLOSED,CLOSED,request,PROVIDER,N/A,,3704.0525849988626,INFO,adaptador.request,true,exitoso,,,10200.095218321,10196.391165736,,,2026-09-05T00:18:23.297757Z
4ae31eb3-308c-4cfb-97dc-620ae7bb4419,run1_rep1,G,CLOSED,CLOSED,request,PROVIDER,N/A,,3754.27696099905,INFO,adaptador.request,true,exitoso,,,10200.179847738,10196.425570777,,,2026-09-05T00:18:23.382444Z
9531ea46-0785-44dd-96c7-9bdc48822d6f,run1_rep1,G,CLOSED,CLOSED,request,PROVIDER,N/A,,3732.259709999198,INFO,adaptador.request,true,exitoso,,,10200.248778738,10196.516519028,,,2026-09-05T00:18:23.451399Z
0b1678a2-5a62-46ee-87cc-5a63e08da97a,run1_rep1,G,CLOSED,CLOSED,request,PROVIDER,N/A,,3636.5255849996174,INFO,adaptador.request,true,exitoso,,,10200.305427154,10196.668901569,,,2026-09-05T00:18:23.508051Z
8139fe4b-e983-49ce-b3c8-40d749672b09,run1_rep1,G,CLOSED,CLOSED,request,PROVIDER,N/A,,3683.766210000613,INFO,adaptador.request,true,exitoso,,,10200.381082946,10196.697316736,,,2026-09-05T00:18:23.583669Z
28f6ee4d-32ee-43e3-b53e-3bd53a416eb2,run1_rep1,G,CLOSED,CLOSED,request,PROVIDER,N/A,,3672.6305009997304,INFO,adaptador.request,true,exitoso,,,10200.440809904,10196.768179403,,,2026-09-05T00:18:23.643402Z
1bfd0b5c-4b6d-4067-8d13-bbb3141a83b8,run1_rep1,G,CLOSED,CLOSED,request,PROVIDER,N/A,,3767.6171270013583,INFO,adaptador.request,true,exitoso,,,10200.547044196,10196.779427069,,,2026-09-05T00:18:23.749636Z
f32e38c5-a0a2-48e9-88cf-281714b9608b,run1_rep1,G,CLOSED,CLOSED,request,PROVIDER,N/A,,3777.8985850000026,INFO,adaptador.request,true,exitoso,,,10200.608276738,10196.830378153,,,2026-09-05T00:18:23.810870Z
fcae0db2-bd85-4019-8d14-4d2c56553afe,run1_rep1,G,CLOSED,CLOSED,request,PROVIDER,N/A,,3770.47875199969,INFO,adaptador.request,true,exitoso,,,10200.685558321,10196.915079569,,,2026-09-05T00:18:23.888316Z
7f1a359c-cf26-48b7-a512-9c303c8adbbb,run1_rep1,G,CLOSED,CLOSED,request,PROVIDER,N/A,,3831.345169000997,INFO,adaptador.request,true,exitoso,,,10200.791632655,10196.960287486,,,2026-09-05T00:18:23.994240Z
eb469640-bfa5-462a-b805-9b045c997582,run1_rep1,G,CLOSED,CLOSED,request,PROVIDER,N/A,,3894.7959189990797,INFO,adaptador.request,true,exitoso,,,10200.89673078,10197.001934861,,,2026-09-05T00:18:24.099284Z
66f09d29-b742-4f76-8f23-afa54c8109d6,run1_rep1,G,CLOSED,CLOSED,request,PROVIDER,N/A,,3626.3705020010093,INFO,adaptador.request,true,exitoso,,,10200.989749488,10197.363378986,,,2026-09-05T00:18:24.192339Z
a880348b-e77a-4004-bb49-cdbd81541735,run1_rep1,G,CLOSED,CLOSED,request,PROVIDER,N/A,,3670.6042929999967,INFO,adaptador.request,true,exitoso,,,10201.086170863,10197.41556657,,,2026-09-05T00:18:24.288750Z
6c73025f-87f8-45b9-89d0-3067b43b0078,run1_rep1,G,CLOSED,CLOSED,request,PROVIDER,N/A,,3709.263626999018,INFO,adaptador.request,true,exitoso,,,10201.159480113,10197.450216486,,,2026-09-05T00:18:24.362075Z
2d57ca57-7be3-4a5d-82d7-49b56b4b2bff,run1_rep1,G,CLOSED,CLOSED,request,PROVIDER,N/A,,3700.0567100003536,INFO,adaptador.request,true,exitoso,,,10201.243100738,10197.543044028,,,2026-09-05T00:18:24.445709Z
4c861ab7-dca8-4657-a2bc-0b991fd34b40,run1_rep1,G,CLOSED,CLOSED,request,PROVIDER,N/A,,3793.4040849995654,INFO,adaptador.request,true,exitoso,,,10201.336964738,10197.543560653,,,2026-09-05T00:18:24.539593Z
7daccc98-0841-4288-8af3-e02793e66a0f,run1_rep1,G,CLOSED,CLOSED,request,PROVIDER,N/A,,3834.241294000094,INFO,adaptador.request,true,exitoso,,,10201.42919878,10197.594957486,,,2026-09-05T00:18:24.631775Z
04152888-7e41-47c9-b01b-ac1267ddcde5,run1_rep1,G,CLOSED,CLOSED,request,PROVIDER,N/A,,3836.4421270016464,INFO,adaptador.request,true,exitoso,,,10201.505982447,10197.66954032,,,2026-09-05T00:18:24.708593Z
dbbf6d4a-ac7f-4418-a3ad-405285a8def8,run1_rep1,G,CLOSED,CLOSED,request,PROVIDER,N/A,,3868.30112700045,INFO,adaptador.request,true,exitoso,,,10201.583886363,10197.715585236,,,2026-09-05T00:18:24.786512Z
07d32a87-2848-473a-bdbf-a234bd8f5fcd,run1_rep1,G,CLOSED,CLOSED,request,PROVIDER,N/A,,3906.6937520001375,INFO,adaptador.request,true,exitoso,,,10201.67031853,10197.763624778,,,2026-09-05T00:18:24.872913Z
62bdab4b-5694-4997-ac03-6349cf5c6160,run1_rep1,G,CLOSED,CLOSED,request,PROVIDER,N/A,,3807.4672929997178,INFO,adaptador.request,true,exitoso,,,10201.74850753,10197.941040237,,,2026-09-05T00:18:24.951104Z
290707dc-e910-4073-9e2a-e9e5dc8f9c61,run1_rep1,G,CLOSED,CLOSED,request,PROVIDER,N/A,,3756.2187509993237,INFO,adaptador.request,true,exitoso,,,10201.849646988,10198.093428237,,,2026-09-05T00:18:25.052241Z
f6500a04-d1f3-4c4f-85bc-dc5c8f30e3c3,run1_rep1,G,CLOSED,CLOSED,request,PROVIDER,N/A,,3699.9605020009767,INFO,adaptador.request,true,exitoso,,,10201.93368928,10198.233728778,,,2026-09-05T00:18:25.136340Z
e06fd7a1-bb10-4cd1-8f85-870323c9ae87,run1_rep1,G,CLOSED,CLOSED,request,PROVIDER,N/A,,3674.010834998626,INFO,adaptador.request,true,exitoso,,,10201.991621655,10198.31761082,,,2026-09-05T00:18:25.194195Z
f078e6a9-0246-432c-83f5-5472c19c9bee,run1_rep1,G,CLOSED,CLOSED,request,PROVIDER,N/A,,3706.286751001244,INFO,adaptador.request,true,exitoso,,,10202.098653446,10198.392366695,,,2026-09-05T00:18:25.301530Z
48f03a01-dc31-4d57-aa34-487d3a2b2d57,run1_rep1,G,CLOSED,CLOSED,request,PROVIDER,N/A,,3735.3642510006466,INFO,adaptador.request,true,exitoso,,,10202.182606779,10198.447242528,,,2026-09-05T00:18:25.385511Z
6aae227c-f31b-4197-a050-e21921c22704,run1_rep1,G,CLOSED,CLOSED,request,PROVIDER,N/A,,3803.1457510005566,INFO,adaptador.request,true,exitoso,,,10202.282112821,10198.47896707,,,2026-09-05T00:18:25.485061Z
df00222b-03b1-4e27-9132-e3c8871acde7,run1_rep1,G,CLOSED,CLOSED,request,PROVIDER,N/A,,3814.53970900111,INFO,adaptador.request,true,exitoso,,,10202.340578404,10198.526038695,,,2026-09-05T00:18:25.543534Z
51952979-f40b-4807-be5c-f186b34b0636,run1_rep1,G,CLOSED,CLOSED,request,PROVIDER,N/A,,3793.1866250000894,INFO,adaptador.request,true,exitoso,,,10202.425035154,10198.631848529,,,2026-09-05T00:18:25.628239Z
ec4bcd0a-628f-4f49-aa39-7678001fb9fb,run1_rep1,G,CLOSED,CLOSED,request,PROVIDER,N/A,,3859.064959000534,INFO,adaptador.request,true,exitoso,,,10202.529318321,10198.670253362,,,2026-09-05T00:18:25.732250Z
fa0b34a0-9de6-4729-863b-9b96d44cfa46,run1_rep1,G,CLOSED,CLOSED,request,PROVIDER,N/A,,3662.137958999665,INFO,adaptador.request,true,exitoso,,,10202.610332404,10198.948194445,,,2026-09-05T00:18:25.813335Z
bd08edb4-c3f3-4ef0-9129-1416b4329206,run1_rep1,G,CLOSED,CLOSED,request,PROVIDER,N/A,,3639.1933760005486,INFO,adaptador.request,true,exitoso,,,10202.675287696,10199.03609432,,,2026-09-05T00:18:25.878323Z
2a779543-4482-4939-b933-9a41744014ff,run1_rep1,G,CLOSED,CLOSED,request,PROVIDER,N/A,,3722.0546680000552,INFO,adaptador.request,true,exitoso,,,10202.765410613,10199.043355945,,,2026-09-05T00:18:25.968503Z
096226d9-2461-4f44-8ec8-6738aab1f660,run1_rep1,G,CLOSED,CLOSED,request,PROVIDER,N/A,,3747.408543000347,INFO,adaptador.request,true,exitoso,,,10202.844918113,10199.09750957,,,2026-09-05T00:18:26.048056Z
0b67b971-4f3a-429b-a092-bc16572c6dc1,run1_rep1,G,CLOSED,CLOSED,request,PROVIDER,N/A,,3726.545501000146,INFO,adaptador.request,true,exitoso,,,10202.917952113,10199.191406612,,,2026-09-05T00:18:26.120981Z
984f000f-b8ff-46bb-b574-531cd1611c6f,run1_rep1,G,CLOSED,CLOSED,request,PROVIDER,N/A,,3764.416751000681,INFO,adaptador.request,true,exitoso,,,10203.003268946,10199.238852195,,,2026-09-05T00:18:26.206229Z
94155a3a-c63d-427a-85f2-c2935a7fe183,run1_rep1,G,CLOSED,CLOSED,request,PROVIDER,N/A,,3797.7779590000864,INFO,adaptador.request,true,exitoso,,,10203.073305613,10199.275527654,,,2026-09-05T00:18:26.276257Z
215d131a-462f-46fc-9643-3c074c01c8ac,run1_rep1,G,CLOSED,CLOSED,request,PROVIDER,N/A,,3776.8179169997893,INFO,adaptador.request,true,exitoso,,,10203.182048738,10199.405230821,,,2026-09-05T00:18:26.385038Z
34f5b7a8-dfc5-4472-9f33-8eac94ac4363,run1_rep1,G,CLOSED,CLOSED,request,PROVIDER,N/A,,3703.47404200038,INFO,adaptador.request,true,exitoso,,,10203.286067113,10199.582593071,,,2026-09-05T00:18:26.489041Z
3c02745c-ed8f-4642-bd00-21b01d056aad,run1_rep1,G,CLOSED,CLOSED,request,PROVIDER,N/A,,3691.0927089993493,INFO,adaptador.request,true,exitoso,,,10203.372947863,10199.681855154,,,2026-09-05T00:18:26.575958Z
3fed770f-96f7-4f7e-875b-5fc4f4b9ca74,run1_rep1,G,CLOSED,CLOSED,request,PROVIDER,N/A,,3686.3646260007954,INFO,adaptador.request,true,exitoso,,,10203.439310488,10199.752945862,,,2026-09-05T00:18:26.642268Z
25f7a7b1-ff74-46ff-9a90-cfb02ea2e30a,run1_rep1,G,CLOSED,CLOSED,request,PROVIDER,N/A,,3726.1543339991476,INFO,adaptador.request,true,exitoso,,,10203.54266403,10199.816509696,,,2026-09-05T00:18:26.745629Z
ce1047e1-f61a-4e07-8aef-c6ba21fc5332,run1_rep1,G,CLOSED,CLOSED,request,PROVIDER,N/A,,3807.2685430015554,INFO,adaptador.request,true,exitoso,,,10203.625787405,10199.818518862,,,2026-09-05T00:18:26.828745Z
f137bab6-c7db-422b-8519-7e1874bf29f4,run1_rep1,G,CLOSED,CLOSED,request,PROVIDER,N/A,,3831.4538760005235,INFO,adaptador.request,true,exitoso,,,10203.705237947,10199.873784071,,,2026-09-05T00:18:26.908233Z
179161e0-a6b0-4132-9530-83c170efc664,run1_rep1,G,CLOSED,CLOSED,request,PROVIDER,N/A,,3911.958834998586,INFO,adaptador.request,true,exitoso,,,10203.803256197,10199.891297362,,,2026-09-05T00:18:27.006197Z
c89c7e25-59f0-4327-8c67-1e9e21894748,run1_rep1,G,CLOSED,CLOSED,request,PROVIDER,N/A,,3942.607083999974,INFO,adaptador.request,true,exitoso,,,10203.878259613,10199.935652529,,,2026-09-05T00:18:27.081220Z
49488d0a-44dd-4448-a4e9-f91887231907,run1_rep1,G,CLOSED,CLOSED,request,PROVIDER,N/A,,4018.6055840003974,INFO,adaptador.request,true,exitoso,,,10203.98413853,10199.965532946,,,2026-09-05T00:18:27.187100Z
41256adf-e175-4cdd-a579-b59ccbbd62c4,run1_rep1,G,CLOSED,CLOSED,request,PROVIDER,N/A,,3785.376666999582,INFO,adaptador.request,true,exitoso,,,10204.06114028,10200.275763613,,,2026-09-05T00:18:27.264092Z
69323f59-7690-4ba5-9cc9-548dc585cab5,run1_rep1,G,CLOSED,CLOSED,request,PROVIDER,N/A,,3747.4551260002045,INFO,adaptador.request,true,exitoso,,,10204.14767653,10200.400221404,,,2026-09-05T00:18:27.350635Z
673949fe-9bf0-48f2-9def-f1bf8cd64a0d,run1_rep1,G,CLOSED,CLOSED,request,PROVIDER,N/A,,3774.0813759992307,INFO,adaptador.request,true,exitoso,,,10204.214159697,10200.440078321,,,2026-09-05T00:18:27.417106Z
4b9762e0-6b2f-4a2d-bd0b-a77e86ddc33c,run1_rep1,G,CLOSED,CLOSED,request,PROVIDER,N/A,,3868.0457930004195,INFO,adaptador.request,true,exitoso,,,10204.309476322,10200.441430529,,,2026-09-05T00:18:27.512442Z
fc5c0424-aa61-4e54-802e-4d292f2200b5,run1_rep1,G,CLOSED,CLOSED,request,PROVIDER,N/A,,3880.30241800152,INFO,adaptador.request,true,exitoso,,,10204.389318822,10200.509016404,,,2026-09-05T00:18:27.592277Z
80db13e1-a3df-48dc-9e96-71472226ed1d,run1_rep1,G,CLOSED,CLOSED,request,PROVIDER,N/A,,3924.6491260000766,INFO,adaptador.request,true,exitoso,,,10204.478694197,10200.554045071,,,2026-09-05T00:18:27.681609Z
feeeff00-49d5-467a-b7e3-8827992af9a8,run1_rep1,G,CLOSED,CLOSED,request,PROVIDER,N/A,,3927.513626000291,INFO,adaptador.request,true,exitoso,,,10204.570267239,10200.642753613,,,2026-09-05T00:18:27.773295Z
de6bcfb7-6906-435f-bf2c-bcdf3675ab54,run1_rep1,G,CLOSED,CLOSED,request,PROVIDER,N/A,,3984.9507510007243,INFO,adaptador.request,true,exitoso,,,10204.663703489,10200.678752738,,,2026-09-05T00:18:27.866647Z
30c4b95a-b9a4-42ef-8a7d-e6df51c072f5,run1_rep1,G,CLOSED,CLOSED,request,PROVIDER,N/A,,3932.828208999126,INFO,adaptador.request,true,exitoso,,,10204.749097905,10200.816269696,,,2026-09-05T00:18:27.952292Z
77a077eb-e75a-43be-a17e-e4a501dbc50f,run1_rep1,G,CLOSED,CLOSED,request,PROVIDER,N/A,,4015.7004590000724,INFO,adaptador.request,true,exitoso,,,10204.841251864,10200.825551405,,,2026-09-05T00:18:28.044198Z
4c18edad-42c2-41ff-a5d8-8561713fac04,run1_rep1,G,CLOSED,CLOSED,request,PROVIDER,N/A,,4071.7890839987376,INFO,adaptador.request,true,exitoso,,,10204.945519197,10200.873730113,,,2026-09-05T00:18:28.148510Z
e1d3ebd8-40a1-4645-98d6-ffeadb1b39ed,run1_rep1,G,CLOSED,CLOSED,request,PROVIDER,N/A,,4147.795625998697,INFO,adaptador.request,true,exitoso,,,10205.046121364,10200.898325738,,,2026-09-05T00:18:28.249787Z
2c2a329b-1e1b-4a55-b32b-b31ae6a8f8b5,run1_rep1,G,CLOSED,CLOSED,request,PROVIDER,N/A,,3958.981751000465,INFO,adaptador.request,true,exitoso,,,10205.150373156,10201.191391405,,,2026-09-05T00:18:28.353323Z
f18b54fe-b534-463f-957c-e90530cbb2e9,run1_rep1,G,CLOSED,CLOSED,request,PROVIDER,N/A,,3906.8155010008923,INFO,adaptador.request,true,exitoso,,,10205.260612864,10201.353797363,,,2026-09-05T00:18:28.463571Z
632433fe-b897-4a3c-a389-da37702015aa,run1_rep1,G,CLOSED,CLOSED,request,PROVIDER,N/A,,3933.2067929990444,INFO,adaptador.request,true,exitoso,,,10205.343116031,10201.409909238,,,2026-09-05T00:18:28.546116Z
6ef2789b-8640-414b-b033-175e7747398b,run1_rep1,G,CLOSED,CLOSED,request,PROVIDER,N/A,,4035.966293000456,INFO,adaptador.request,true,exitoso,,,10205.447909406,10201.411943113,,,2026-09-05T00:18:28.650865Z
b6225f81-3dd3-41e8-a577-d4b0daa25017,run1_rep1,G,CLOSED,CLOSED,request,PROVIDER,N/A,,4047.7782510006364,INFO,adaptador.request,true,exitoso,,,10205.505860281,10201.45808203,,,2026-09-05T00:18:28.708840Z
b8a3613b-412d-4682-92e5-f0796262c473,run1_rep1,G,CLOSED,CLOSED,request,PROVIDER,N/A,,4087.807834999694,INFO,adaptador.request,true,exitoso,,,10205.561723573,10201.473915738,,,2026-09-05T00:18:28.764670Z
2a96c2b2-3a84-426e-ae69-5f56355f08e5,run1_rep1,G,CLOSED,CLOSED,request,PROVIDER,N/A,,4045.1759600000514,INFO,adaptador.request,true,exitoso,,,10205.656972073,10201.611796113,,,2026-09-05T00:18:28.859974Z
487131ae-74bc-421e-b7a9-f67317163666,run1_rep1,G,CLOSED,CLOSED,request,PROVIDER,N/A,,4014.4055430009757,INFO,adaptador.request,true,exitoso,,,10205.731909656,10201.717504113,,,2026-09-05T00:18:28.934912Z
f74eb9b1-d52a-4f8c-856a-a924d5da13ef,run1_rep1,G,CLOSED,CLOSED,request,PROVIDER,N/A,,3964.492250999683,INFO,adaptador.request,true,exitoso,,,10205.815300281,10201.85080803,,,2026-09-05T00:18:29.018312Z
bd9ad4ee-db88-4936-a775-0569a84c5a73,run1_rep1,G,CLOSED,CLOSED,request,PROVIDER,N/A,,4026.957501000652,INFO,adaptador.request,true,exitoso,,,10205.903315531,10201.87635803,,,2026-09-05T00:18:29.106285Z
fe997135-6745-4ca0-ab18-baf1cdd97704,run1_rep1,G,CLOSED,CLOSED,request,PROVIDER,N/A,,4063.088418000916,INFO,adaptador.request,true,exitoso,,,10205.988072406,10201.924983988,,,2026-09-05T00:18:29.191036Z
7d629809-2703-4fb0-9a42-024528c7984d,run1_rep1,G,CLOSED,CLOSED,request,PROVIDER,N/A,,4143.871625999964,INFO,adaptador.request,true,exitoso,,,10206.081120781,10201.937249155,,,2026-09-05T00:18:29.284101Z
00c39654-7c29-4eab-a709-8640519da698,run1_rep1,G,CLOSED,CLOSED,request,PROVIDER,N/A,,4214.155125999241,INFO,adaptador.request,true,exitoso,,,10206.187337489,10201.973182363,,,2026-09-05T00:18:29.390308Z
3f363fc8-2429-411c-8963-bc81a8256343,run1_rep1,G,CLOSED,CLOSED,request,PROVIDER,N/A,,4148.050793999573,INFO,adaptador.request,true,exitoso,,,10206.252717323,10202.104666529,,,2026-09-05T00:18:29.455660Z
23695952-0b8e-4b8c-a9bc-f5410c9fe2ad,run1_rep1,G,CLOSED,CLOSED,request,PROVIDER,N/A,,3897.7345440016506,INFO,adaptador.request,true,exitoso,,,10206.33095074,10202.433216196,,,2026-09-05T00:18:29.533948Z
00aa7331-1548-4a6d-b718-97beb37e761b,run1_rep1,G,CLOSED,CLOSED,request,PROVIDER,N/A,,3930.632293999224,INFO,adaptador.request,true,exitoso,,,10206.422802865,10202.492170571,,,2026-09-05T00:18:29.625768Z
1133499d-56f8-47db-a5e6-c11b340570bb,run1_rep1,G,CLOSED,CLOSED,request,PROVIDER,N/A,,3999.8832929995842,INFO,adaptador.request,true,exitoso,,,10206.515684531,10202.515801238,,,2026-09-05T00:18:29.718656Z
26a77143-1fcd-4349-9888-021d0432c53a,run1_rep1,G,CLOSED,CLOSED,request,PROVIDER,N/A,,3963.6550020004506,INFO,adaptador.request,true,exitoso,,,10206.615095531,10202.651440529,,,2026-09-05T00:18:29.818069Z
da5abfda-cd4e-4778-8f65-6d018819c500,run1_rep1,G,CLOSED,CLOSED,request,PROVIDER,N/A,,4037.2278350005217,INFO,adaptador.request,true,exitoso,,,10206.718747948,10202.681520113,,,2026-09-05T00:18:29.921723Z
b2fefc61-26c8-426c-b70c-7967dd68b815,run1_rep1,G,CLOSED,CLOSED,request,PROVIDER,N/A,,4024.0519599992695,INFO,adaptador.request,true,exitoso,,,10206.806838531,10202.782786571,,,2026-09-05T00:18:30.009780Z
b95b8701-60d1-44c3-b9e1-119cb2d2fcff,run1_rep1,G,CLOSED,CLOSED,request,PROVIDER,N/A,,4081.6705849993014,INFO,adaptador.request,true,exitoso,,,10206.89303824,10202.811367655,,,2026-09-05T00:18:30.096002Z
1a4a1f61-d7f2-4801-a788-8605240c5646,run1_rep1,G,CLOSED,CLOSED,request,PROVIDER,N/A,,4129.302168999857,INFO,adaptador.request,true,exitoso,,,10206.969888907,10202.840586738,,,2026-09-05T00:18:30.172899Z
0d880bdc-c8b3-432b-89aa-a04b5e179e73,run1_rep1,G,CLOSED,CLOSED,request,PROVIDER,N/A,,4176.312417999725,INFO,adaptador.request,true,exitoso,,,10207.068650698,10202.89233828,,,2026-09-05T00:18:30.271598Z
13a173fb-f10e-486c-81f3-796b3c4a2e37,run1_rep1,G,CLOSED,CLOSED,request,PROVIDER,N/A,,4212.723585000276,INFO,adaptador.request,true,exitoso,,,10207.13041449,10202.917690905,,,2026-09-05T00:18:30.333339Z
5c2ef46a-59b3-4b0b-af09-64041df28edd,run1_rep1,G,CLOSED,CLOSED,request,PROVIDER,N/A,,4218.835585999841,INFO,adaptador.request,true,exitoso,,,10207.222870657,10203.004035071,,,2026-09-05T00:18:30.425902Z
2c9a088f-a7bb-42b4-b5b3-838a60c69813,run1_rep1,G,CLOSED,CLOSED,request,PROVIDER,N/A,,4203.333751998798,INFO,adaptador.request,true,exitoso,,,10207.29576799,10203.092434238,,,2026-09-05T00:18:30.498711Z
f07bc0a0-cccb-4740-b36d-e01bce6e6231,run1_rep1,G,CLOSED,CLOSED,request,PROVIDER,N/A,,4158.357752001393,INFO,adaptador.request,true,exitoso,,,10207.35530699,10203.196949238,,,2026-09-05T00:18:30.558255Z
37b7a5c8-be39-4655-be66-23c4eea9a89d,run1_rep1,G,CLOSED,CLOSED,request,PROVIDER,N/A,,4117.19341800017,INFO,adaptador.request,true,exitoso,,,10207.428685948,10203.31149253,,,2026-09-05T00:18:30.631629Z
468107b8-2583-4980-a012-ac54407b007f,run1_rep1,G,CLOSED,CLOSED,request,PROVIDER,N/A,,3914.9607100007415,INFO,adaptador.request,true,exitoso,,,10207.514843323,10203.599882613,,,2026-09-05T00:18:30.717800Z
67ad8d2a-cd49-49a7-88db-cb2da4c9c287,run1_rep1,G,CLOSED,CLOSED,request,PROVIDER,N/A,,4006.0787929996877,INFO,adaptador.request,true,exitoso,,,10207.61752724,10203.611448447,,,2026-09-05T00:18:30.820449Z
7d197565-24d4-4555-a22e-85e057f84614,run1_rep1,G,CLOSED,CLOSED,request,PROVIDER,N/A,,4000.791501999629,INFO,adaptador.request,true,exitoso,,,10207.692964074,10203.692172572,,,2026-09-05T00:18:30.896117Z
ab214e5f-54f6-4edd-8a01-8ffe7e7cf59c,run1_rep1,G,CLOSED,CLOSED,request,PROVIDER,N/A,,4006.542127001012,INFO,adaptador.request,true,exitoso,,,10207.762285115,10203.755742988,,,2026-09-05T00:18:30.965308Z
4e7e5c3f-7b66-4832-9b7a-eb9b0615c6b2,run1_rep1,G,CLOSED,CLOSED,request,PROVIDER,N/A,,4062.551042999985,INFO,adaptador.request,true,exitoso,,,10207.84335649,10203.780805447,,,2026-09-05T00:18:31.046329Z
5cd0bf1f-c6f2-4277-9b2e-ae53d6abc2eb,run1_rep1,G,CLOSED,CLOSED,request,PROVIDER,N/A,,4040.8146270001453,INFO,adaptador.request,true,exitoso,,,10207.909914574,10203.869099947,,,2026-09-05T00:18:31.112977Z
2760a7e6-4d50-4b0b-b5cc-55ed5f271874,run1_rep1,G,CLOSED,CLOSED,request,PROVIDER,N/A,,4066.209668999363,INFO,adaptador.request,true,exitoso,,,10207.970932032,10203.904722363,,,2026-09-05T00:18:31.173907Z
740949fe-e78f-4e7f-a90e-ff081e78071b,run1_rep1,G,CLOSED,CLOSED,request,PROVIDER,N/A,,3927.1164600013435,INFO,adaptador.request,true,exitoso,,,10208.03225924,10204.10514278,,,2026-09-05T00:18:31.235203Z
92e1c177-6b99-4ca4-b9de-8c395c0468b9,run1_rep1,G,CLOSED,CLOSED,request,PROVIDER,N/A,,4025.2766689991404,INFO,adaptador.request,true,exitoso,,,10208.135988282,10204.110711613,,,2026-09-05T00:18:31.338940Z
ad94a76c-4b4f-4f0b-89d8-019d8654634b,run1_rep1,G,CLOSED,CLOSED,request,PROVIDER,N/A,,4006.8917099997634,INFO,adaptador.request,true,exitoso,,,10208.197179032,10204.190287322,,,2026-09-05T00:18:31.400121Z
2243ba2e-5e3d-41ad-98dd-46dc59a98b7c,run1_rep1,G,CLOSED,CLOSED,request,PROVIDER,N/A,,3915.9110429991415,INFO,adaptador.request,true,exitoso,,,10208.28703224,10204.371121197,,,2026-09-05T00:18:31.490026Z
d0b51976-98b5-49b8-8f71-9554b735659a,run1_rep1,G,CLOSED,CLOSED,request,PROVIDER,N/A,,3907.869626998945,INFO,adaptador.request,true,exitoso,,,10208.345292199,10204.437422572,,,2026-09-05T00:18:31.548279Z
e8a5315e-91d4-45d1-b50b-96fa91880e61,run1_rep1,G,CLOSED,CLOSED,request,PROVIDER,N/A,,3929.468584999995,INFO,adaptador.request,true,exitoso,,,10208.425539949,10204.496071364,,,2026-09-05T00:18:31.628475Z
b6aef13e-0352-4e97-85b6-64e65189d92c,run1_rep1,G,CLOSED,CLOSED,request,PROVIDER,N/A,,3893.6526679990493,INFO,adaptador.request,true,exitoso,,,10208.498051407,10204.604398739,,,2026-09-05T00:18:31.701022Z
a6229416-1fb2-4105-aa6d-9f9d32f0335d,run1_rep1,G,CLOSED,CLOSED,request,PROVIDER,N/A,,3932.603876999565,INFO,adaptador.request,true,exitoso,,,10208.572885741,10204.640281864,,,2026-09-05T00:18:31.775930Z
2fb73298-1c22-421e-8656-ce233a35c335,run1_rep1,G,CLOSED,CLOSED,request,PROVIDER,N/A,,3910.5445020013576,INFO,adaptador.request,true,exitoso,,,10208.651069949,10204.740525447,,,2026-09-05T00:18:31.854034Z
caf3bc8f-50fc-4106-b3cc-9fe76e3211db,run1_rep1,G,CLOSED,CLOSED,request,PROVIDER,N/A,,3870.9802520006633,INFO,adaptador.request,true,exitoso,,,10208.711300741,10204.840320489,,,2026-09-05T00:18:31.914240Z
df1642c1-0dc0-4d72-b3de-41791d573e50,run1_rep1,G,CLOSED,CLOSED,request,PROVIDER,N/A,,3875.9475850001763,INFO,adaptador.request,true,exitoso,,,10208.793031491,10204.917083906,,,2026-09-05T00:18:31.995986Z
98627b17-8319-46a5-b016-0d19488238dc,run1_rep1,G,CLOSED,CLOSED,request,PROVIDER,N/A,,3897.2746260005806,INFO,adaptador.request,true,exitoso,,,10208.889159157,10204.991884531,,,2026-09-05T00:18:32.092122Z
25034a3f-5011-435b-a235-8f6526946321,run1_rep1,G,CLOSED,CLOSED,request,PROVIDER,N/A,,3902.828584999952,INFO,adaptador.request,true,exitoso,,,10208.949744407,10205.046915822,,,2026-09-05T00:18:32.152696Z
4b983af8-ca3f-4d5d-8cf1-300a2fd618b4,run1_rep1,G,CLOSED,CLOSED,request,PROVIDER,N/A,,3678.6517939999612,INFO,adaptador.request,true,exitoso,,,10209.051420908,10205.372769114,,,2026-09-05T00:18:32.254362Z
d75c0342-83e0-42b3-8468-81fa232d59e1,run1_rep1,G,CLOSED,CLOSED,request,PROVIDER,N/A,,3676.9182099997124,INFO,adaptador.request,true,exitoso,,,10209.124617116,10205.447698906,,,2026-09-05T00:18:32.327587Z
2e6017ef-2b73-42ca-934c-14f490216033,run1_rep1,G,CLOSED,CLOSED,request,PROVIDER,N/A,,3724.070918999132,INFO,adaptador.request,true,exitoso,,,10209.199928658,10205.475857739,,,2026-09-05T00:18:32.402956Z
d9828dcf-aca0-4936-a1c3-a24ff83cbd53,run1_rep1,G,CLOSED,CLOSED,request,PROVIDER,N/A,,3729.983042998356,INFO,adaptador.request,true,exitoso,,,10209.283930949,10205.553947906,,,2026-09-05T00:18:32.486880Z
b37a82a5-2ab7-40c8-9c94-4d34b71346db,run1_rep1,G,CLOSED,CLOSED,request,PROVIDER,N/A,,3702.7675850004016,INFO,adaptador.request,true,exitoso,,,10209.345656866,10205.642889281,,,2026-09-05T00:18:32.548613Z
9a0d9a2e-c11d-44b7-8914-8b9d15670f59,run1_rep1,G,CLOSED,CLOSED,request,PROVIDER,N/A,,3779.2820430004213,INFO,adaptador.request,true,exitoso,,,10209.443040741,10205.663758698,,,2026-09-05T00:18:32.646017Z
8f8f223d-0bf4-42f1-8557-55d998e71b44,run1_rep1,G,CLOSED,CLOSED,request,PROVIDER,N/A,,3609.465960000307,INFO,adaptador.request,true,exitoso,,,10209.550425866,10205.940959906,,,2026-09-05T00:18:32.753402Z
90619cde-a12b-4cc8-8d5a-eef8d21f5be5,run1_rep1,G,CLOSED,CLOSED,request,PROVIDER,N/A,,3682.4336270001368,INFO,adaptador.request,true,exitoso,,,10209.652878366,10205.970444739,,,2026-09-05T00:18:32.855854Z
c0656ad6-8e46-4a77-93af-571fe10e253c,run1_rep1,G,CLOSED,CLOSED,request,PROVIDER,N/A,,3756.364709999616,INFO,adaptador.request,true,exitoso,,,10209.754243533,10205.997878823,,,2026-09-05T00:18:32.957286Z
be006e82-190f-40ac-917d-faf48f988bc0,run1_rep1,G,CLOSED,CLOSED,request,PROVIDER,N/A,,3823.1277520008007,INFO,adaptador.request,true,exitoso,,,10209.854432325,10206.031304573,,,2026-09-05T00:18:33.057400Z
5bceebe5-6f58-488c-9485-b05b54bc2fef,run1_rep1,G,CLOSED,CLOSED,request,PROVIDER,N/A,,3799.3067520001205,INFO,adaptador.request,true,exitoso,,,10209.954892533,10206.155585781,,,2026-09-05T00:18:33.157851Z
d0169647-423d-470a-9f6a-62754334fc41,run1_rep1,G,CLOSED,CLOSED,request,PROVIDER,N/A,,3776.0596690004604,INFO,adaptador.request,true,exitoso,,,10210.03479345,10206.258733781,,,2026-09-05T00:18:33.237692Z
16446d80-e198-47f3-9536-13c0aee8902b,run1_rep1,G,CLOSED,CLOSED,request,PROVIDER,N/A,,3815.1009180000983,INFO,adaptador.request,true,exitoso,,,10210.097815116,10206.282714198,,,2026-09-05T00:18:33.300726Z
ba70cfd3-f6af-492b-baac-04c0e76bf4b3,run1_rep1,G,CLOSED,CLOSED,request,PROVIDER,N/A,,3707.5736679998954,INFO,adaptador.request,true,exitoso,,,10210.195657866,10206.488084198,,,2026-09-05T00:18:33.398624Z
5a5cf84c-a802-4a56-9160-fb80d1bd3ff1,run1_rep1,G,CLOSED,CLOSED,request,PROVIDER,N/A,,3749.78991900025,INFO,adaptador.request,true,exitoso,,,10210.254351075,10206.504561156,,,2026-09-05T00:18:33.457282Z
0ce97c68-3450-43a1-b997-e2cb6461b95f,run1_rep1,G,CLOSED,CLOSED,request,PROVIDER,N/A,,3756.913210001585,INFO,adaptador.request,true,exitoso,,,10210.346270866,10206.589357656,,,2026-09-05T00:18:33.549228Z
57f4196b-31fb-4257-9649-56bb413fa756,run1_rep1,G,CLOSED,CLOSED,request,PROVIDER,N/A,,3791.0818770014885,INFO,adaptador.request,true,exitoso,,,10210.427859408,10206.636777531,,,2026-09-05T00:18:33.630815Z
c086ed9a-afcf-444d-bb20-f45ddc1bbae9,run1_rep1,G,CLOSED,CLOSED,request,PROVIDER,N/A,,3717.5336689997494,INFO,adaptador.request,true,exitoso,,,10210.529209575,10206.811675906,,,2026-09-05T00:18:33.732164Z
5baa05a4-6f7a-4a42-b2df-d2916b519c57,run1_rep1,G,CLOSED,CLOSED,request,PROVIDER,N/A,,3671.7465020010422,INFO,adaptador.request,true,exitoso,,,10210.58868595,10206.916939448,,,2026-09-05T00:18:33.791637Z
80fc1374-5083-4947-9c54-2fc27d964939,run1_rep1,G,CLOSED,CLOSED,request,PROVIDER,N/A,,3727.399460000015,INFO,adaptador.request,true,exitoso,,,10210.648623117,10206.921223657,,,2026-09-05T00:18:33.851583Z
ec769110-9453-440e-802f-7fdbe09b2d07,run1_rep1,G,CLOSED,CLOSED,request,PROVIDER,N/A,,3762.80779300032,INFO,adaptador.request,true,exitoso,,,10210.73356945,10206.970761657,,,2026-09-05T00:18:33.936535Z
f3d26ee7-ba62-4b62-94fb-4eaacd323f7e,run1_rep1,G,CLOSED,CLOSED,request,PROVIDER,N/A,,3756.692918999761,INFO,adaptador.request,true,exitoso,,,10210.810152992,10207.053460073,,,2026-09-05T00:18:34.013113Z
3f19ad3a-c29b-4d6c-b19e-4479f07de5e0,run1_rep1,G,CLOSED,CLOSED,request,PROVIDER,N/A,,3613.4784599998966,INFO,adaptador.request,true,exitoso,,,10210.913036033,10207.299557573,,,2026-09-05T00:18:34.116006Z
d630ca3c-910a-40d8-9ec6-89c1dd2b1d10,run1_rep1,G,CLOSED,CLOSED,request,PROVIDER,N/A,,3641.0102099998767,INFO,adaptador.request,true,exitoso,,,10210.99746495,10207.35645474,,,2026-09-05T00:18:34.200453Z
1f9d1e23-4475-44c1-ab10-afa80f2eac54,run1_rep1,G,CLOSED,CLOSED,request,PROVIDER,N/A,,3595.68795999985,INFO,adaptador.request,true,exitoso,,,10211.1044047,10207.50871674,,,2026-09-05T00:18:34.307363Z
18301590-4d78-4247-b15d-a9371da66ace,run1_rep1,G,CLOSED,CLOSED,request,PROVIDER,N/A,,3676.3008769994485,INFO,adaptador.request,true,exitoso,,,10211.195921617,10207.51962074,,,2026-09-05T00:18:34.398903Z
85a7ccfa-b698-479c-a1a2-a4da8928fc60,run1_rep1,G,CLOSED,CLOSED,request,PROVIDER,N/A,,3657.260877000226,INFO,adaptador.request,true,exitoso,,,10211.266585534,10207.609324657,,,2026-09-05T00:18:34.469532Z
84b60fb0-d3c7-4308-a967-0695c6052aa8,run1_rep1,G,CLOSED,CLOSED,request,PROVIDER,N/A,,3722.33558500011,INFO,adaptador.request,true,exitoso,,,10211.33432895,10207.611993365,,,2026-09-05T00:18:34.537301Z
6e4e2557-9e78-41f0-bd59-8c95fbe1633a,run1_rep1,G,CLOSED,CLOSED,request,PROVIDER,N/A,,3708.1328770000255,INFO,adaptador.request,true,exitoso,,,10211.406303492,10207.698170615,,,2026-09-05T00:18:34.609272Z
bc486160-9b29-4094-836a-77c823027ed9,run1_rep1,G,CLOSED,CLOSED,request,PROVIDER,N/A,,3679.934918000072,INFO,adaptador.request,true,exitoso,,,10211.479435742,10207.799500824,,,2026-09-05T00:18:34.682374Z
be01bb63-f11e-4b12-b106-b429fe1ab3c7,run1_rep1,G,CLOSED,CLOSED,request,PROVIDER,N/A,,3704.53045999966,INFO,adaptador.request,true,exitoso,,,10211.545849409,10207.841318949,,,2026-09-05T00:18:34.748822Z
6f7bda6a-3762-4848-a998-d40b7a294025,run1_rep1,G,CLOSED,CLOSED,request,PROVIDER,N/A,,3742.8352930000983,INFO,adaptador.request,true,exitoso,,,10211.635578367,10207.892743074,,,2026-09-05T00:18:34.838580Z
f51505a4-8665-4cb1-860e-d075d3236bc3,run1_rep1,G,CLOSED,CLOSED,request,PROVIDER,N/A,,3808.9281680004206,INFO,adaptador.request,true,exitoso,,,10211.726302867,10207.917374699,,,2026-09-05T00:18:34.929287Z
3d8895c5-7730-4830-9d0e-b0e0f4a8fc88,run1_rep1,G,CLOSED,CLOSED,request,PROVIDER,N/A,,3691.054418999556,INFO,adaptador.request,true,exitoso,,,10211.788366534,10208.097312115,,,2026-09-05T00:18:34.991315Z
c51713c4-e856-4075-bcd1-3ad4056beea2,run1_rep1,G,CLOSED,CLOSED,request,PROVIDER,N/A,,3734.2852110014064,INFO,adaptador.request,true,exitoso,,,10211.877687951,10208.14340274,,,2026-09-05T00:18:35.080663Z
8daf70fd-47e8-4076-ad2c-b7482717ff53,run1_rep1,G,CLOSED,CLOSED,request,PROVIDER,N/A,,3788.0022099998314,INFO,adaptador.request,true,exitoso,,,10211.951866867,10208.163864657,,,2026-09-05T00:18:35.154865Z
a2e5b1ea-00e1-4400-b0a2-6aa608cbc498,run1_rep1,G,CLOSED,CLOSED,request,PROVIDER,N/A,,3639.261794000049,INFO,adaptador.request,true,exitoso,,,10212.025165326,10208.385903532,,,2026-09-05T00:18:35.228326Z
3f3b541b-711b-47b0-9d6c-29c096f8ad08,run1_rep1,G,CLOSED,CLOSED,request,PROVIDER,N/A,,3674.687835000441,INFO,adaptador.request,true,exitoso,,,10212.097911659,10208.423223824,,,2026-09-05T00:18:35.300790Z
294605c1-cb5b-486c-93e0-e2c77c7d2cb7,run1_rep1,G,CLOSED,CLOSED,request,PROVIDER,N/A,,3669.385710001734,INFO,adaptador.request,true,exitoso,,,10212.178703867,10208.509318157,,,2026-09-05T00:18:35.381606Z
2a171a89-df60-4960-8e59-c3bc3b3f19ab,run1_rep1,G,CLOSED,CLOSED,request,PROVIDER,N/A,,3724.669585000811,INFO,adaptador.request,true,exitoso,,,10212.242752534,10208.518082949,,,2026-09-05T00:18:35.445667Z
b94281eb-f38a-4264-aeea-5713ec57a300,run1_rep1,G,CLOSED,CLOSED,request,PROVIDER,N/A,,3753.9939600010257,INFO,adaptador.request,true,exitoso,,,10212.345892867,10208.591898907,,,2026-09-05T00:18:35.548878Z
5576cdbb-a90e-4920-ab36-612baf85489c,run1_rep1,G,CLOSED,CLOSED,request,PROVIDER,N/A,,3838.686085000518,INFO,adaptador.request,true,exitoso,,,10212.435557242,10208.596871157,,,2026-09-05T00:18:35.638518Z
495e8efb-61d8-4b9e-82b6-fa2324919038,run1_rep1,G,CLOSED,CLOSED,request,PROVIDER,N/A,,3869.944542999292,INFO,adaptador.request,true,exitoso,,,10212.525233409,10208.655288866,,,2026-09-05T00:18:35.728190Z
708cfa64-0b64-487a-89ac-240b631c302b,run1_rep1,G,CLOSED,CLOSED,request,PROVIDER,N/A,,3897.507126999699,INFO,adaptador.request,true,exitoso,,,10212.597492576,10208.699985449,,,2026-09-05T00:18:35.800437Z
b837f2a2-4791-4d27-9e28-f042dbe2d256,run1_rep1,G,CLOSED,CLOSED,request,PROVIDER,N/A,,3906.2775850015896,INFO,adaptador.request,true,exitoso,,,10212.700117034,10208.793839449,,,2026-09-05T00:18:35.903065Z
a52676c0-a5d2-4978-949f-c02f64eb2795,run1_rep1,G,CLOSED,CLOSED,request,PROVIDER,N/A,,3957.654044001174,INFO,adaptador.request,true,exitoso,,,10212.780559118,10208.822905074,,,2026-09-05T00:18:35.983495Z
7c8eb83a-5dd4-4010-8860-ec3589b3ed40,run1_rep1,G,CLOSED,CLOSED,request,PROVIDER,N/A,,3980.272460999913,INFO,adaptador.request,true,exitoso,,,10212.885898368,10208.905625907,,,2026-09-05T00:18:36.088900Z
ff4b600e-c689-473f-9d7d-6a79d010611f,run1_rep1,G,CLOSED,CLOSED,request,PROVIDER,N/A,,3864.2780850004783,INFO,adaptador.request,true,exitoso,,,10212.964608618,10209.100330533,,,2026-09-05T00:18:36.167549Z
3b1b5541-94c2-490a-ad95-4ae871c4457c,run1_rep1,G,CLOSED,CLOSED,request,PROVIDER,N/A,,3894.3082519999734,INFO,adaptador.request,true,exitoso,,,10213.050499326,10209.156191074,,,2026-09-05T00:18:36.253465Z
d067e9a5-0dfe-4a7b-bc6b-10ef7ffe590c,run1_rep1,G,CLOSED,CLOSED,request,PROVIDER,N/A,,3994.390250998549,INFO,adaptador.request,true,exitoso,,,10213.150959534,10209.156569283,,,2026-09-05T00:18:36.353951Z
780c6842-f8f8-4133-9843-64170f076049,run1_rep1,G,CLOSED,CLOSED,request,PROVIDER,N/A,,3738.205793000816,INFO,adaptador.request,true,exitoso,,,10213.218035201,10209.479829408,,,2026-09-05T00:18:36.420997Z
8daa813e-c7ab-4a76-9448-ec9e411b79e7,run1_rep1,G,CLOSED,CLOSED,request,PROVIDER,N/A,,3795.290586000192,INFO,adaptador.request,true,exitoso,,,10213.325887285,10209.530596699,,,2026-09-05T00:18:36.528852Z
d2ca5597-977e-469e-b6fe-1bf9d371dfcc,run1_rep1,G,CLOSED,CLOSED,request,PROVIDER,N/A,,3897.42975199988,INFO,adaptador.request,true,exitoso,,,10213.428422201,10209.530992449,,,2026-09-05T00:18:36.631366Z
b3b2533e-62c0-4de6-acf4-1224698c13b2,run1_rep1,G,CLOSED,CLOSED,request,PROVIDER,N/A,,3863.9037100001588,INFO,adaptador.request,true,exitoso,,,10213.496931201,10209.633027491,,,2026-09-05T00:18:36.699939Z
96cbdc54-f1ca-48b6-b1db-b82f5e76d719,run1_rep1,G,CLOSED,CLOSED,request,PROVIDER,N/A,,3920.674668999709,INFO,adaptador.request,true,exitoso,,,10213.554194993,10209.633520324,,,2026-09-05T00:18:36.757144Z
42ccb8f9-2a44-4738-824c-740b9b05f04a,run1_rep1,G,CLOSED,CLOSED,request,PROVIDER,N/A,,3957.5140430006286,INFO,adaptador.request,true,exitoso,,,10213.631269951,10209.673755908,,,2026-09-05T00:18:36.834221Z
b7febc03-ded0-4ec7-be84-e553442e5a09,run1_rep1,G,CLOSED,CLOSED,request,PROVIDER,N/A,,3997.7012100007414,INFO,adaptador.request,true,exitoso,,,10213.725751701,10209.728050491,,,2026-09-05T00:18:36.928699Z
1723aafd-1643-408c-ae26-24298e66cba9,run1_rep1,G,CLOSED,CLOSED,request,PROVIDER,N/A,,3817.2512520013697,INFO,adaptador.request,true,exitoso,,,10213.792378743,10209.975127491,,,2026-09-05T00:18:36.995306Z
8c1c6ea2-b252-48f3-9548-172b4a39edcc,run1_rep1,G,CLOSED,CLOSED,request,PROVIDER,N/A,,3763.5693769989302,INFO,adaptador.request,true,exitoso,,,10213.88805466,10210.124485283,,,2026-09-05T00:18:37.091014Z
a403785a-bf17-465f-b23e-1d4e400a8e86,run1_rep1,G,CLOSED,CLOSED,request,PROVIDER,N/A,,3759.9502519988164,INFO,adaptador.request,true,exitoso,,,10213.99285666,10210.232906408,,,2026-09-05T00:18:37.195843Z
9fd47e60-61c1-4f08-ace6-058e16994fd5,run1_rep1,G,CLOSED,CLOSED,request,PROVIDER,N/A,,3822.6419189995795,INFO,adaptador.request,true,exitoso,,,10214.061410452,10210.238768533,,,2026-09-05T00:18:37.264366Z
b85c00e3-b36c-4fd8-ab41-a76f9d68affa,run1_rep1,G,CLOSED,CLOSED,request,PROVIDER,N/A,,3859.693251999488,INFO,adaptador.request,true,exitoso,,,10214.119454493,10210.259761241,,,2026-09-05T00:18:37.322387Z
748790bb-67a3-458d-a1f1-60ff52e376a3,run1_rep1,G,CLOSED,CLOSED,request,PROVIDER,N/A,,3849.1618770003697,INFO,adaptador.request,true,exitoso,,,10214.214899743,10210.365737866,,,2026-09-05T00:18:37.417909Z
cb2482bc-ed52-40dc-8315-aff0d841ec51,run1_rep1,G,CLOSED,CLOSED,request,PROVIDER,N/A,,3845.9967100006907,INFO,adaptador.request,true,exitoso,,,10214.293174577,10210.447177867,,,2026-09-05T00:18:37.496149Z
a769686d-c853-4a39-8d10-cb586a629ed1,run1_rep1,G,CLOSED,CLOSED,request,PROVIDER,N/A,,3903.7406269999337,INFO,adaptador.request,true,exitoso,,,10214.366421202,10210.462680575,,,2026-09-05T00:18:37.569380Z
8bd9473b-0e2e-4482-ae41-c69465cf1e25,run1_rep1,G,CLOSED,CLOSED,request,PROVIDER,N/A,,3716.581293998388,INFO,adaptador.request,true,exitoso,,,10214.438960077,10210.722378783,,,2026-09-05T00:18:37.642034Z
30a7bd8e-6772-44ac-bfc8-a7169dbba65e,run1_rep1,G,CLOSED,CLOSED,request,PROVIDER,N/A,,3791.963167999711,INFO,adaptador.request,true,exitoso,,,10214.514805993,10210.722842825,,,2026-09-05T00:18:37.717782Z
ad77d583-e73f-4399-9abb-620d5d1ff2ae,run1_rep1,G,CLOSED,CLOSED,request,PROVIDER,N/A,,3835.075834998861,INFO,adaptador.request,true,exitoso,,,10214.594024035,10210.7589482,,,2026-09-05T00:18:37.796969Z
4e59b35a-06e3-49c3-8a9d-b31f988bce1c,run1_rep1,G,CLOSED,CLOSED,request,PROVIDER,N/A,,3750.6350860003295,INFO,adaptador.request,true,exitoso,,,10214.669313494,10210.918678408,,,2026-09-05T00:18:37.872273Z
2097bc74-b02f-4439-b21f-118dad5ca0d1,run1_rep1,G,CLOSED,CLOSED,request,PROVIDER,N/A,,3847.1160019998933,INFO,adaptador.request,true,exitoso,,,10214.768631077,10210.921515075,,,2026-09-05T00:18:37.971601Z
5d4442f6-2174-4079-b783-68ce73df49a6,run1_rep1,G,CLOSED,CLOSED,request,PROVIDER,N/A,,3829.861793999953,INFO,adaptador.request,true,exitoso,,,10214.838024744,10211.00816295,,,2026-09-05T00:18:38.040993Z
d1d459c2-0c32-44c6-a05d-36ec348d7a78,run1_rep1,G,CLOSED,CLOSED,request,PROVIDER,N/A,,3821.3894609998533,INFO,adaptador.request,true,exitoso,,,10214.912979119,10211.091589658,,,2026-09-05T00:18:38.115941Z
522bb91d-6b88-4d2d-950f-b74cc4f948cf,run1_rep1,G,CLOSED,CLOSED,request,PROVIDER,N/A,,3814.671834999899,INFO,adaptador.request,true,exitoso,,,10215.009713702,10211.195041867,,,2026-09-05T00:18:38.212663Z
a59da505-113c-416f-9ffc-03434efaaadd,run1_rep1,G,CLOSED,CLOSED,request,PROVIDER,N/A,,3841.259793000063,INFO,adaptador.request,true,exitoso,,,10215.07175541,10211.230495617,,,2026-09-05T00:18:38.274636Z
d623e46b-760b-4758-9700-8b796b17d35b,run1_rep1,G,CLOSED,CLOSED,request,PROVIDER,N/A,,3873.1194190004317,INFO,adaptador.request,true,exitoso,,,10215.140713744,10211.267594325,,,2026-09-05T00:18:38.343601Z
a5fbb793-cccd-425c-b408-a597d3bc4169,run1_rep1,G,CLOSED,CLOSED,request,PROVIDER,N/A,,3725.839709999491,INFO,adaptador.request,true,exitoso,,,10215.197151327,10211.471311617,,,2026-09-05T00:18:38.400064Z
3047988b-7793-432c-8be0-0a63b7b13d4d,run1_rep1,G,CLOSED,CLOSED,request,PROVIDER,N/A,,3803.6832100005995,INFO,adaptador.request,true,exitoso,,,10215.276315452,10211.472632242,,,2026-09-05T00:18:38.479369Z
fedf1097-0fe9-4255-888a-8a0ee2c3ab45,run1_rep1,G,CLOSED,CLOSED,request,PROVIDER,N/A,,3741.51596000047,INFO,adaptador.request,true,exitoso,,,10215.362965619,10211.621449659,,,2026-09-05T00:18:38.565936Z
647f6337-3cc7-4b9f-8dbf-f22b9ac9b1d7,run1_rep1,G,CLOSED,CLOSED,request,PROVIDER,N/A,,3739.5508350000455,INFO,adaptador.request,true,exitoso,,,10215.458916452,10211.719365617,,,2026-09-05T00:18:38.661917Z
0c310f2e-ec5e-4a50-a875-76dc4707d316,run1_rep1,G,CLOSED,CLOSED,request,PROVIDER,N/A,,3803.402294000989,INFO,adaptador.request,true,exitoso,,,10215.523179661,10211.719777367,,,2026-09-05T00:18:38.726116Z
2fd29b2e-32a5-4c74-a84e-627a0a11ec50,run1_rep1,G,CLOSED,CLOSED,request,PROVIDER,N/A,,3841.9468350002717,INFO,adaptador.request,true,exitoso,,,10215.605282869,10211.763336034,,,2026-09-05T00:18:38.808232Z
72515383-bbc9-4af1-bf2c-46a717aa5ecc,run1_rep1,G,CLOSED,CLOSED,request,PROVIDER,N/A,,3858.224085999609,INFO,adaptador.request,true,exitoso,,,10215.666715411,10211.808491325,,,2026-09-05T00:18:38.869662Z
cd4fd05e-9eb4-4579-9fa0-9a394fb99138,run1_rep1,G,CLOSED,CLOSED,request,PROVIDER,N/A,,3706.6166259992315,INFO,adaptador.request,true,exitoso,,,10215.733902077,10212.027285451,,,2026-09-05T00:18:38.936865Z
1fee0a22-2547-444d-9724-57afcad78b41,run1_rep1,G,CLOSED,CLOSED,request,PROVIDER,N/A,,3655.5144190006104,INFO,adaptador.request,true,exitoso,,,10215.798704536,10212.143190117,,,2026-09-05T00:18:39.001635Z
0c2fcd00-cd15-4071-96fb-c538225e1ec3,run1_rep1,G,CLOSED,CLOSED,request,PROVIDER,N/A,,3674.634627001069,INFO,adaptador.request,true,exitoso,,,10215.902028536,10212.227393909,,,2026-09-05T00:18:39.104980Z
94a40f1c-bbb2-49ea-b8a7-7cfd5345206b,run1_rep1,G,CLOSED,CLOSED,request,PROVIDER,N/A,,3602.7894179987925,INFO,adaptador.request,true,exitoso,,,10215.972833994,10212.370044576,,,2026-09-05T00:18:39.175788Z
02613620-873c-4547-9094-47cd7973bd51,run1_rep1,G,CLOSED,CLOSED,request,PROVIDER,N/A,,3670.137044000512,INFO,adaptador.request,true,exitoso,,,10216.045109203,10212.374972159,,,2026-09-05T00:18:39.248133Z
801974e1-48be-42a2-adb6-c369c6592e86,run1_rep1,G,CLOSED,CLOSED,request,PROVIDER,N/A,,3765.4946689999633,INFO,adaptador.request,true,exitoso,,,10216.152397828,10212.386903159,,,2026-09-05T00:18:39.355380Z
4b85a539-d426-465b-bb6b-ba2b4ba742e4,run1_rep1,G,CLOSED,CLOSED,request,PROVIDER,N/A,,3763.670418999027,INFO,adaptador.request,true,exitoso,,,10216.250488786,10212.486818367,,,2026-09-05T00:18:39.453481Z
2cfdfa9d-5308-433c-a92f-cfba8748bac0,run1_rep1,G,CLOSED,CLOSED,request,PROVIDER,N/A,,3663.2115019983758,INFO,adaptador.request,true,exitoso,,,10216.356857578,10212.693646076,,,2026-09-05T00:18:39.559911Z
3eb707a5-f87a-468b-86db-fa7b7208bb72,run1_rep1,G,CLOSED,CLOSED,request,PROVIDER,N/A,,3729.57346000112,INFO,adaptador.request,true,exitoso,,,10216.438075911,10212.708502451,,,2026-09-05T00:18:39.641132Z
c5c8c238-4e18-4273-86b1-2f246df20258,run1_rep1,G,CLOSED,CLOSED,request,PROVIDER,N/A,,3724.6356689993263,INFO,adaptador.request,true,exitoso,,,10216.496947578,10212.772311909,,,2026-09-05T00:18:39.699931Z
ce1940e1-b61e-4f99-a864-7ca5d20071d8,run1_rep1,G,CLOSED,CLOSED,request,PROVIDER,N/A,,3783.59141799956,INFO,adaptador.request,true,exitoso,,,10216.572531619,10212.788940201,,,2026-09-05T00:18:39.775427Z
5bbf1d5f-1cef-474d-8f0b-70a077ade7c4,run1_rep1,G,CLOSED,CLOSED,request,PROVIDER,N/A,,3731.4203349997115,INFO,adaptador.request,true,exitoso,,,10216.672764994,10212.941344659,,,2026-09-05T00:18:39.875726Z
ca1b6dc2-3757-4f05-b58d-d2ff19e605a3,run1_rep1,G,CLOSED,CLOSED,request,PROVIDER,N/A,,3683.7386270017305,INFO,adaptador.request,true,exitoso,,,10216.738314411,10213.054575784,,,2026-09-05T00:18:39.941268Z
1d336279-6eef-45c3-90db-ae3c3a26b1e4,run1_rep1,G,CLOSED,CLOSED,request,PROVIDER,N/A,,3624.7214610011724,INFO,adaptador.request,true,exitoso,,,10216.81767537,10213.192953909,,,2026-09-05T00:18:40.020638Z
940eb4a5-e549-4312-8fd1-cdee5769092f,run1_rep1,G,CLOSED,CLOSED,request,PROVIDER,N/A,,3681.000626000241,INFO,adaptador.request,true,exitoso,,,10216.909877161,10213.228876535,,,2026-09-05T00:18:40.112854Z
4468f659-54df-4b62-a63b-a1fab203c574,run1_rep1,G,CLOSED,CLOSED,request,PROVIDER,N/A,,3712.899627000297,INFO,adaptador.request,true,exitoso,,,10216.979276578,10213.266376951,,,2026-09-05T00:18:40.182247Z
a96f93ae-9a02-4772-b2b0-bf86a364deb3,run1_rep1,G,CLOSED,CLOSED,request,PROVIDER,N/A,,3660.5958769996505,INFO,adaptador.request,true,exitoso,,,10217.055176453,10213.394580576,,,2026-09-05T00:18:40.258124Z
9892af13-4b87-40ee-90c8-14c0bd5fc75c,run1_rep1,G,CLOSED,CLOSED,request,PROVIDER,N/A,,3506.6914599992742,INFO,adaptador.request,true,exitoso,,,10217.128997286,10213.622305826,,,2026-09-05T00:18:40.331951Z
0c664176-1488-4eb2-a2c2-e202ab2fae80,run1_rep1,G,CLOSED,CLOSED,request,PROVIDER,N/A,,3568.2572519999667,INFO,adaptador.request,true,exitoso,,,10217.221724078,10213.653466826,,,2026-09-05T00:18:40.424720Z
72704e16-01da-492e-9764-33eaef0b774a,run1_rep1,G,CLOSED,CLOSED,request,PROVIDER,N/A,,3614.5262099998945,INFO,adaptador.request,true,exitoso,,,10217.318823161,10213.704296951,,,2026-09-05T00:18:40.521760Z
f584c9c7-fdd4-436a-92b1-3c7c2c4834b7,run1_rep1,G,CLOSED,CLOSED,request,PROVIDER,N/A,,3614.3730439998762,INFO,adaptador.request,true,exitoso,,,10217.393232995,10213.778859951,,,2026-09-05T00:18:40.596182Z
afdbc976-a87a-4917-bf24-05d2ed49ac31,run1_rep1,G,CLOSED,CLOSED,request,PROVIDER,N/A,,3681.0250020007516,INFO,adaptador.request,true,exitoso,,,10217.477651495,10213.796626493,,,2026-09-05T00:18:40.680590Z
37cec9b3-d801-49c0-aecc-f84256ecc284,run1_rep1,G,CLOSED,CLOSED,request,PROVIDER,N/A,,3715.358252000442,INFO,adaptador.request,true,exitoso,,,10217.550638037,10213.835279785,,,2026-09-05T00:18:40.753582Z
8c5396a2-feeb-4ad8-a2c6-3b958777f9f0,run1_rep1,G,CLOSED,CLOSED,request,PROVIDER,N/A,,3773.5392109989334,INFO,adaptador.request,true,exitoso,,,10217.627203412,10213.853664201,,,2026-09-05T00:18:40.830199Z
55350560-5b6e-4dcb-80ab-971f5e682824,run1_rep1,G,CLOSED,CLOSED,request,PROVIDER,N/A,,3783.7310020004224,INFO,adaptador.request,true,exitoso,,,10217.728823912,10213.94509291,,,2026-09-05T00:18:40.931777Z
ae17c6cf-4a90-47cc-b400-5f108d56f891,run1_rep1,G,CLOSED,CLOSED,request,PROVIDER,N/A,,3711.948792999465,INFO,adaptador.request,true,exitoso,,,10217.815930453,10214.10398166,,,2026-09-05T00:18:41.018926Z
da44a753-0428-497a-a70b-dea4e34f8356,run1_rep1,G,CLOSED,CLOSED,request,PROVIDER,N/A,,3763.6073349985963,INFO,adaptador.request,true,exitoso,,,10217.876214703,10214.112607368,,,2026-09-05T00:18:41.079179Z
892f1ff7-c5e8-412b-ae40-4f8801a6c5c7,run1_rep1,G,CLOSED,CLOSED,request,PROVIDER,N/A,,3734.5007929998246,INFO,adaptador.request,true,exitoso,,,10217.956775245,10214.222274452,,,2026-09-05T00:18:41.159730Z
b42fe9f7-705d-4b99-a580-29162752ac20,run1_rep1,G,CLOSED,CLOSED,request,PROVIDER,N/A,,3758.7102930010587,INFO,adaptador.request,true,exitoso,,,10218.020250703,10214.26154041,,,2026-09-05T00:18:41.223217Z
351a75c9-2855-4110-8130-dee367cd01e8,run1_rep1,G,CLOSED,CLOSED,request,PROVIDER,N/A,,3708.302877001188,INFO,adaptador.request,true,exitoso,,,10218.10169237,10214.393389493,,,2026-09-05T00:18:41.304740Z
e821e91b-d0b0-4b0a-8630-fdb8babf2b69,run1_rep1,G,CLOSED,CLOSED,request,PROVIDER,N/A,,3662.7582519995485,INFO,adaptador.request,true,exitoso,,,10218.191308954,10214.528550702,,,2026-09-05T00:18:41.394254Z
a9327988-37e3-405e-a451-3cf242e6cb05,run1_rep1,G,CLOSED,CLOSED,request,PROVIDER,N/A,,3687.795668000035,INFO,adaptador.request,true,exitoso,,,10218.27125437,10214.583458702,,,2026-09-05T00:18:41.474223Z
4331f25d-3f4f-445a-b5e9-77661169457a,run1_rep1,G,CLOSED,CLOSED,request,PROVIDER,N/A,,3734.3993359991146,INFO,adaptador.request,true,exitoso,,,10218.329707579,10214.595308243,,,2026-09-05T00:18:41.532788Z
c449c578-1a40-4bfd-a0b2-f511b71c3267,run1_rep1,G,CLOSED,CLOSED,request,PROVIDER,N/A,,3817.8009600014775,INFO,adaptador.request,true,exitoso,,,10218.421256912,10214.603455952,,,2026-09-05T00:18:41.624225Z
7c643eb3-1907-445c-b59a-d4d792e1dc0f,run1_rep1,G,CLOSED,CLOSED,request,PROVIDER,N/A,,3627.01596000079,INFO,adaptador.request,true,exitoso,,,10218.48015637,10214.85314041,,,2026-09-05T00:18:41.683115Z
0b5335c2-1da6-4148-a368-37278913f032,run1_rep1,G,CLOSED,CLOSED,request,PROVIDER,N/A,,3610.35187699963,INFO,adaptador.request,true,exitoso,,,10218.577284662,10214.966932785,,,2026-09-05T00:18:41.780246Z
15f08f41-2a61-4a27-b836-32883467704f,run1_rep1,G,CLOSED,CLOSED,request,PROVIDER,N/A,,3609.7962930016365,INFO,adaptador.request,true,exitoso,,,10218.686117495,10215.076321202,,,2026-09-05T00:18:41.889092Z
9575c123-d912-43f1-acf7-0b8156978989,run1_rep1,G,CLOSED,CLOSED,request,PROVIDER,N/A,,3671.571335000408,INFO,adaptador.request,true,exitoso,,,10218.785884912,10215.114313577,,,2026-09-05T00:18:41.988855Z
b6375e05-83ab-479f-b4a1-375ee17f98da,run1_rep1,G,CLOSED,CLOSED,request,PROVIDER,N/A,,3708.02283500052,INFO,adaptador.request,true,exitoso,,,10218.896551079,10215.188528244,,,2026-09-05T00:18:42.099496Z
98f70aa7-7c90-49b6-9de5-ed32451b7c56,run1_rep1,G,CLOSED,CLOSED,request,PROVIDER,N/A,,3801.385709999522,INFO,adaptador.request,true,exitoso,,,10218.990105829,10215.188720119,,,2026-09-05T00:18:42.193065Z
9495b57e-eaf5-4013-a66c-5285d0002ffc,run1_rep1,G,CLOSED,CLOSED,request,PROVIDER,N/A,,3824.5094190006057,INFO,adaptador.request,true,exitoso,,,10219.096288121,10215.271778702,,,2026-09-05T00:18:42.299250Z
62206836-fd57-4ae1-ace6-42f1bb92c00a,run1_rep1,G,CLOSED,CLOSED,request,PROVIDER,N/A,,3833.5125430003245,INFO,adaptador.request,true,exitoso,,,10219.155125287,10215.321612744,,,2026-09-05T00:18:42.358091Z
3a759afb-1df4-493b-bd69-3c827848812e,run1_rep1,G,CLOSED,CLOSED,request,PROVIDER,N/A,,3868.3119599991187,INFO,adaptador.request,true,exitoso,,,10219.233859412,10215.365547452,,,2026-09-05T00:18:42.436820Z
966ea3ff-ed42-4dfd-a9ed-984c8aafc959,run1_rep1,G,CLOSED,CLOSED,request,PROVIDER,N/A,,3748.0833350000466,INFO,adaptador.request,true,exitoso,,,10219.329598579,10215.581515244,,,2026-09-05T00:18:42.532561Z
bdcdf569-d46b-49cb-a3b3-347f6baed4e9,run1_rep1,G,CLOSED,CLOSED,request,PROVIDER,N/A,,3825.5510849994607,INFO,adaptador.request,true,exitoso,,,10219.407493996,10215.581942911,,,2026-09-05T00:18:42.610432Z
4ba2c500-a5a4-444f-835b-ece04abeea02,run1_rep1,G,CLOSED,CLOSED,request,PROVIDER,N/A,,3800.9849179998128,INFO,adaptador.request,true,exitoso,,,10219.489387829,10215.688402911,,,2026-09-05T00:18:42.692376Z
89dbf6c7-553b-4d8a-a2bb-7af5ce874747,run1_rep1,G,CLOSED,CLOSED,request,PROVIDER,N/A,,3882.182127001215,INFO,adaptador.request,true,exitoso,,,10219.577921288,10215.695739161,,,2026-09-05T00:18:42.780871Z
fbe2170d-330d-4226-906f-a218fce826e1,run1_rep1,G,CLOSED,CLOSED,request,PROVIDER,N/A,,3802.5074180004594,INFO,adaptador.request,true,exitoso,,,10219.634478329,10215.831970911,,,2026-09-05T00:18:42.837422Z
9cd86123-7049-4f7c-8bf6-f801cfab142a,run1_rep1,G,CLOSED,CLOSED,request,PROVIDER,N/A,,3789.6889189996728,INFO,adaptador.request,true,exitoso,,,10219.699547621,10215.909858702,,,2026-09-05T00:18:42.902429Z
08cf69c8-fb6b-4c64-9d11-165d015aaf17,run1_rep1,G,CLOSED,CLOSED,request,PROVIDER,N/A,,3852.2185849997186,INFO,adaptador.request,true,exitoso,,,10219.803907954,10215.951689369,,,2026-09-05T00:18:43.006895Z
4b4faa1a-5793-4eb9-85b8-31288c009e0b,run1_rep1,G,CLOSED,CLOSED,request,PROVIDER,N/A,,3897.9681270011497,INFO,adaptador.request,true,exitoso,,,10219.867237746,10215.969269619,,,2026-09-05T00:18:43.070163Z
9e8e0d02-cf62-4816-a076-57405d057914,run1_rep1,G,CLOSED,CLOSED,request,PROVIDER,N/A,,3769.3030849986826,INFO,adaptador.request,true,exitoso,,,10219.929832454,10216.160529369,,,2026-09-05T00:18:43.132796Z
80ff344a-ae5e-46d5-91e9-a3a9df74026f,run1_rep1,G,CLOSED,CLOSED,request,PROVIDER,N/A,,3709.6282100010285,INFO,adaptador.request,true,exitoso,,,10220.001664829,10216.292036619,,,2026-09-05T00:18:43.204569Z
ed0c4b63-67ff-4d2a-b188-2a0031b91113,run1_rep1,G,CLOSED,CLOSED,request,PROVIDER,N/A,,3746.772043999954,INFO,adaptador.request,true,exitoso,,,10220.084927538,10216.338155494,,,2026-09-05T00:18:43.287912Z
eee02c34-147c-4980-9d03-b04ba6337825,run1_rep1,G,CLOSED,CLOSED,request,PROVIDER,N/A,,3740.7689600004232,INFO,adaptador.request,true,exitoso,,,10220.145369829,10216.404600869,,,2026-09-05T00:18:43.348336Z
56ef9a5d-0c4c-4954-995d-1baa2d83a2ed,run1_rep1,G,CLOSED,CLOSED,request,PROVIDER,N/A,,3808.4168350014806,INFO,adaptador.request,true,exitoso,,,10220.250508413,10216.442091578,,,2026-09-05T00:18:43.453526Z
9893b2a2-6481-4f86-b5d8-a07e006855d7,run1_rep1,G,CLOSED,CLOSED,request,PROVIDER,N/A,,3761.3912940014416,INFO,adaptador.request,true,exitoso,,,10220.339087288,10216.577695994,,,2026-09-05T00:18:43.542113Z
168e934b-4b8c-4912-8e15-baef87797554,run1_rep1,G,CLOSED,CLOSED,request,PROVIDER,N/A,,3804.3935850000707,INFO,adaptador.request,true,exitoso,,,10220.430835538,10216.626441953,,,2026-09-05T00:18:43.633808Z
e32a5fa5-5a60-425a-8e84-76a4d0475d2e,run1_rep1,G,CLOSED,CLOSED,request,PROVIDER,N/A,,3742.4622520011326,INFO,adaptador.request,true,exitoso,,,10220.53133008,10216.788867828,,,2026-09-05T00:18:43.734299Z
4b0d13ed-9cbe-49a5-b152-32a6ec36f133,run1_rep1,G,CLOSED,CLOSED,request,PROVIDER,N/A,,3818.614169000284,INFO,adaptador.request,true,exitoso,,,10220.610600455,10216.791986286,,,2026-09-05T00:18:43.813543Z
a3227fc8-4e57-48ae-b036-f202842e89b7,run1_rep1,G,CLOSED,CLOSED,request,PROVIDER,N/A,,3760.6596679997892,INFO,adaptador.request,true,exitoso,,,10220.676319246,10216.915659578,,,2026-09-05T00:18:43.879269Z
357ba5a7-a10a-4e78-b613-0c68557bbf5e,run1_rep1,G,CLOSED,CLOSED,request,PROVIDER,N/A,,3759.479542999543,INFO,adaptador.request,true,exitoso,,,10220.778736663,10217.01925712,,,2026-09-05T00:18:43.981708Z
da889136-c6a3-4511-9222-ff4efaa1ed14,run1_rep1,G,CLOSED,CLOSED,request,PROVIDER,N/A,,3796.5304190001916,INFO,adaptador.request,true,exitoso,,,10220.84434608,10217.047815661,,,2026-09-05T00:18:44.047308Z
4417dc28-1e94-4a74-a9df-7120f55c22b6,run1_rep1,G,CLOSED,CLOSED,request,PROVIDER,N/A,,3884.81191900064,INFO,adaptador.request,true,exitoso,,,10220.951582705,10217.066770786,,,2026-09-05T00:18:44.154551Z
18f385b5-8582-4a0d-aecf-84db43d5a05b,run1_rep1,G,CLOSED,CLOSED,request,PROVIDER,N/A,,3936.8022519993247,INFO,adaptador.request,true,exitoso,,,10221.006893913,10217.070091661,,,2026-09-05T00:18:44.209865Z
95577e60-7fd7-48f4-be5a-4d2d673aac6c,run1_rep1,G,CLOSED,CLOSED,request,PROVIDER,N/A,,3896.531459999096,INFO,adaptador.request,true,exitoso,,,10221.093142455,10217.196610995,,,2026-09-05T00:18:44.296098Z
5bde3866-2c7d-4fcb-99e7-b7700da6d3c3,run1_rep1,G,CLOSED,CLOSED,request,PROVIDER,N/A,,3786.614835000364,INFO,adaptador.request,true,exitoso,,,10221.159753205,10217.37313837,,,2026-09-05T00:18:44.362712Z
17702885-0847-4b94-91f2-70a788380fae,run1_rep1,G,CLOSED,CLOSED,request,PROVIDER,N/A,,3814.2335430002277,INFO,adaptador.request,true,exitoso,,,10221.25194358,10217.437710037,,,2026-09-05T00:18:44.454934Z
0aa09804-1654-4aad-9690-7d79d95ac1c3,run1_rep1,G,CLOSED,CLOSED,request,PROVIDER,N/A,,3668.6104600012186,INFO,adaptador.request,true,exitoso,,,10221.316508038,10217.647897578,,,2026-09-05T00:18:44.519462Z
787b60fb-459d-44a0-8c24-1b035965902e,run1_rep1,G,CLOSED,CLOSED,request,PROVIDER,N/A,,3725.8121680006298,INFO,adaptador.request,true,exitoso,,,10221.386410288,10217.66059812,,,2026-09-05T00:18:44.589366Z
25f71922-7896-43e0-84d2-972c9c5c7482,run1_rep1,G,CLOSED,CLOSED,request,PROVIDER,N/A,,3744.06941900088,INFO,adaptador.request,true,exitoso,,,10221.455636122,10217.711566703,,,2026-09-05T00:18:44.658617Z
6504efdb-e041-46d2-ab2d-54d9492b789b,run1_rep1,G,CLOSED,CLOSED,request,PROVIDER,N/A,,3816.6570020002837,INFO,adaptador.request,true,exitoso,,,10221.551162747,10217.734505745,,,2026-09-05T00:18:44.754113Z
b71bfca7-98b6-42a0-a0db-3a5a6907192c,run1_rep1,G,CLOSED,CLOSED,request,PROVIDER,N/A,,3775.0863769997522,INFO,adaptador.request,true,exitoso,,,10221.653964205,10217.878877828,,,2026-09-05T00:18:44.856926Z
f820f46b-05fb-4de8-86be-3770daadef06,run1_rep1,G,CLOSED,CLOSED,request,PROVIDER,N/A,,3793.207126998823,INFO,adaptador.request,true,exitoso,,,10221.749753289,10217.956546162,,,2026-09-05T00:18:44.952691Z
8906a0f4-e659-4eeb-8bd3-628c92117cd3,run1_rep1,G,CLOSED,CLOSED,request,PROVIDER,N/A,,3735.769502000039,INFO,adaptador.request,true,exitoso,,,10221.838999455,10218.103229953,,,2026-09-05T00:18:45.042020Z
d9fe9afe-461d-4a4a-a034-fcd03cd26bb9,run1_rep1,G,CLOSED,CLOSED,request,PROVIDER,N/A,,3752.8800439995393,INFO,adaptador.request,true,exitoso,,,10221.928458039,10218.175577995,,,2026-09-05T00:18:45.131454Z
a768cabf-d370-4137-934a-2fdb954fbfd4,run1_rep1,G,CLOSED,CLOSED,request,PROVIDER,N/A,,3802.130293001028,INFO,adaptador.request,true,exitoso,,,10222.010510705,10218.208380412,,,2026-09-05T00:18:45.213467Z
7f1ccacf-50ec-4e11-a7ad-b64f52db4e90,run1_rep1,G,CLOSED,CLOSED,request,PROVIDER,N/A,,3884.2994599999656,INFO,adaptador.request,true,exitoso,,,10222.097968164,10218.213668704,,,2026-09-05T00:18:45.300901Z
e64b954f-ebca-42b3-a957-5f5ad23918da,run1_rep1,G,CLOSED,CLOSED,request,PROVIDER,N/A,,3823.1190019996575,INFO,adaptador.request,true,exitoso,,,10222.157511622,10218.33439262,,,2026-09-05T00:18:45.360398Z
f629c2f5-c07a-4992-a50d-dadb238ce149,run1_rep1,G,CLOSED,CLOSED,request,PROVIDER,N/A,,3857.107542999074,INFO,adaptador.request,true,exitoso,,,10222.236606747,10218.379499204,,,2026-09-05T00:18:45.439514Z
dbad9ce8-91d1-4113-9906-870a067f9cb5,run1_rep1,G,CLOSED,CLOSED,request,PROVIDER,N/A,,3850.7186269998783,INFO,adaptador.request,true,exitoso,,,10222.304444581,10218.453725954,,,2026-09-05T00:18:45.507413Z
48f60f7a-da5e-4f01-aa79-360cebfc7021,run1_rep1,G,CLOSED,CLOSED,request,PROVIDER,N/A,,3864.1832940011227,INFO,adaptador.request,true,exitoso,,,10222.384098164,10218.51991487,,,2026-09-05T00:18:45.587026Z
57146de3-e5ff-4ff4-a36a-8446e662ef78,run1_rep1,G,CLOSED,CLOSED,request,PROVIDER,N/A,,3880.977544000416,INFO,adaptador.request,true,exitoso,,,10222.493186914,10218.61220937,,,2026-09-05T00:18:45.696146Z
415f0221-3568-4014-9a20-9b73aa61bb94,run1_rep1,G,CLOSED,CLOSED,request,PROVIDER,N/A,,3861.3016680010332,INFO,adaptador.request,true,exitoso,,,10222.600130122,10218.738828454,,,2026-09-05T00:18:45.803097Z
324ce008-0c36-4564-bdbd-40fa1c2cd42d,run1_rep1,G,CLOSED,CLOSED,request,PROVIDER,N/A,,3888.0337930004316,INFO,adaptador.request,true,exitoso,,,10222.683538997,10218.795505204,,,2026-09-05T00:18:45.886495Z
223c2831-434c-48ed-ae5d-5aea1a2d1367,run1_rep1,G,CLOSED,CLOSED,request,PROVIDER,N/A,,3933.3791680001013,INFO,adaptador.request,true,exitoso,,,10222.768516247,10218.835137079,,,2026-09-05T00:18:45.971486Z
2cb65420-8b70-4ccd-8c13-4579bc4e6110,run1_rep1,G,CLOSED,CLOSED,request,PROVIDER,N/A,,3849.293960000068,INFO,adaptador.request,true,exitoso,,,10222.851749206,10219.002455246,,,2026-09-05T00:18:46.054744Z
c2c2aacb-2674-4585-a966-c0d792f6ff82,run1_rep1,G,CLOSED,CLOSED,request,PROVIDER,N/A,,3878.722501998709,INFO,adaptador.request,true,exitoso,,,10222.916315956,10219.037593454,,,2026-09-05T00:18:46.119303Z
f84d4a48-3e26-45ae-87e8-9bafe1ba537a,run1_rep1,G,CLOSED,CLOSED,request,PROVIDER,N/A,,3767.178252001031,INFO,adaptador.request,true,exitoso,,,10223.016627331,10219.249449079,,,2026-09-05T00:18:46.219598Z
0c5afce9-b9c5-41f9-b414-5c3e9fe1ca68,run1_rep1,G,CLOSED,CLOSED,request,PROVIDER,N/A,,3748.7547939999786,INFO,adaptador.request,true,exitoso,,,10223.081449873,10219.332695079,,,2026-09-05T00:18:46.284412Z
438ce6ec-d342-4989-91f1-60a3cd0769b9,run1_rep1,G,CLOSED,CLOSED,request,PROVIDER,N/A,,3715.5191270012438,INFO,adaptador.request,true,exitoso,,,10223.171538123,10219.456018996,,,2026-09-05T00:18:46.374494Z
62d7688f-adc6-4de2-bf9a-bd21adc7ec70,run1_rep1,G,CLOSED,CLOSED,request,PROVIDER,N/A,,3746.9091689999914,INFO,adaptador.request,true,exitoso,,,10223.243245206,10219.496336037,,,2026-09-05T00:18:46.446234Z
0075b219-fb88-45a8-a95a-638e051ca295,run1_rep1,G,CLOSED,CLOSED,request,PROVIDER,N/A,,3784.2467519985803,INFO,adaptador.request,true,exitoso,,,10223.307175998,10219.522929246,,,2026-09-05T00:18:46.510156Z
bb095f7c-ac9b-4d60-8b29-dec3c774f080,run1_rep1,G,CLOSED,CLOSED,request,PROVIDER,N/A,,3842.2039179986314,INFO,adaptador.request,true,exitoso,,,10223.369647831,10219.527443913,,,2026-09-05T00:18:46.572613Z
a2d23d62-d48a-4651-a57a-ecf66f203ec6,run1_rep1,G,CLOSED,CLOSED,request,PROVIDER,N/A,,3836.191042999417,INFO,adaptador.request,true,exitoso,,,10223.448388664,10219.612197621,,,2026-09-05T00:18:46.651339Z
20816323-d583-4a6f-a641-c28472e3c26d,run1_rep1,G,CLOSED,CLOSED,request,PROVIDER,N/A,,3731.412585000726,INFO,adaptador.request,true,exitoso,,,10223.518553456,10219.787140871,,,2026-09-05T00:18:46.721520Z
5bdaa1eb-28e7-482b-9944-13aae80b5e5c,run1_rep1,G,CLOSED,CLOSED,request,PROVIDER,N/A,,3813.5516259990254,INFO,adaptador.request,true,exitoso,,,10223.601098414,10219.787546788,,,2026-09-05T00:18:46.804056Z
b0f0c2da-f07b-489c-83fe-f16a3b060dfa,run1_rep1,G,CLOSED,CLOSED,request,PROVIDER,N/A,,3711.0066269997333,INFO,adaptador.request,true,exitoso,,,10223.688407373,10219.977400746,,,2026-09-05T00:18:46.891333Z
de3f1194-8889-48f6-9a9a-3bef56c5ae1c,run1_rep1,G,CLOSED,CLOSED,request,PROVIDER,N/A,,3773.8180850010394,INFO,adaptador.request,true,exitoso,,,10223.774131623,10220.000313538,,,2026-09-05T00:18:46.977067Z
1d1c0148-9fcb-4a90-bd8b-a471db2c67dd,run1_rep1,G,CLOSED,CLOSED,request,PROVIDER,N/A,,3639.133292999759,INFO,adaptador.request,true,exitoso,,,10223.868898998,10220.229765705,,,2026-09-05T00:18:47.071893Z
3d77acb7-799a-4e39-bc0e-2d0ec10de2b1,run1_rep1,G,CLOSED,CLOSED,request,PROVIDER,N/A,,3650.5448349998915,INFO,adaptador.request,true,exitoso,,,10223.944044873,10220.293500038,,,2026-09-05T00:18:47.147016Z
fb30b27b-669c-4847-83d2-d10730190827,run1_rep1,G,CLOSED,CLOSED,request,PROVIDER,N/A,,3652.2685439995257,INFO,adaptador.request,true,exitoso,,,10224.018250415,10220.365981871,,,2026-09-05T00:18:47.221200Z
a27749f6-e95a-4f40-aa25-3c8e20f7bdba,run1_rep1,G,CLOSED,CLOSED,request,PROVIDER,N/A,,3677.127210001345,INFO,adaptador.request,true,exitoso,,,10224.113972331,10220.436845121,,,2026-09-05T00:18:47.317024Z
d2b1cd29-28bd-4b15-9a1b-9789c2b902cd,run1_rep1,G,CLOSED,CLOSED,request,PROVIDER,N/A,,3722.032752000814,INFO,adaptador.request,true,exitoso,,,10224.195732623,10220.473699871,,,2026-09-05T00:18:47.398670Z
ad8bb0a0-26b7-4680-b788-4b8ddfbc50ff,run1_rep1,G,CLOSED,CLOSED,request,PROVIDER,N/A,,3752.7049190011894,INFO,adaptador.request,true,exitoso,,,10224.269499915,10220.516794996,,,2026-09-05T00:18:47.472444Z
38dad2b1-fa35-4543-bf78-35025a5a48c6,run1_rep1,G,CLOSED,CLOSED,request,PROVIDER,N/A,,3781.187209999189,INFO,adaptador.request,true,exitoso,,,10224.358549748,10220.577362538,,,2026-09-05T00:18:47.561509Z
6f9fbc61-0662-4dc2-a873-3ff4f49b3bdc,run1_rep1,G,CLOSED,CLOSED,request,PROVIDER,N/A,,3640.3854599993792,INFO,adaptador.request,true,exitoso,,,10224.445967415,10220.805581955,,,2026-09-05T00:18:47.648955Z
c14934f3-9250-4c01-bca8-19f3993b583e,run1_rep1,G,CLOSED,CLOSED,request,PROVIDER,N/A,,3742.58012700011,INFO,adaptador.request,true,exitoso,,,10224.548555123,10220.805974996,,,2026-09-05T00:18:47.751524Z
1b15fdc0-ccd4-462c-8989-4e1cb1c0c52f,run1_rep1,G,CLOSED,CLOSED,request,PROVIDER,N/A,,3781.575001999954,INFO,adaptador.request,true,exitoso,,,10224.62574579,10220.844170788,,,2026-09-05T00:18:47.828713Z
a909382f-b5a8-45f6-8122-ed597ba6ef54,run1_rep1,G,CLOSED,CLOSED,request,PROVIDER,N/A,,3889.245917998778,INFO,adaptador.request,true,exitoso,,,10224.734179873,10220.844933955,,,2026-09-05T00:18:47.937145Z
0142efae-d63e-463b-ba41-6f116cf02f11,run1_rep1,G,CLOSED,CLOSED,request,PROVIDER,N/A,,3946.2289189996227,INFO,adaptador.request,true,exitoso,,,10224.839593165,10220.893364246,,,2026-09-05T00:18:48.042551Z
6c7dc75c-a219-40e9-944e-baa2cfcad7d7,run1_rep1,G,CLOSED,CLOSED,request,PROVIDER,N/A,,3833.499627000492,INFO,adaptador.request,true,exitoso,,,10224.91449429,10221.080994663,,,2026-09-05T00:18:48.117462Z
e92682cc-4bd6-4b5e-9dfd-00dc737f7d8f,run1_rep1,G,CLOSED,CLOSED,request,PROVIDER,N/A,,3882.6976269992883,INFO,adaptador.request,true,exitoso,,,10224.993848707,10221.11115108,,,2026-09-05T00:18:48.196787Z
86875c0e-0fb3-46ab-95fb-f9ee5342e33e,run1_rep1,G,CLOSED,CLOSED,request,PROVIDER,N/A,,3963.259084999663,INFO,adaptador.request,true,exitoso,,,10225.093285415,10221.13002633,,,2026-09-05T00:18:48.296241Z
7e4cce56-8947-4617-99eb-674bfe020bc8,run1_rep1,G,CLOSED,CLOSED,request,PROVIDER,N/A,,3824.3258359998435,INFO,adaptador.request,true,exitoso,,,10225.184808374,10221.360482538,,,2026-09-05T00:18:48.387796Z
3715d508-4543-4564-b252-00a6a105c93a,run1_rep1,G,CLOSED,CLOSED,request,PROVIDER,N/A,,3730.1443359992845,INFO,adaptador.request,true,exitoso,,,10225.251350874,10221.521206538,,,2026-09-05T00:18:48.454296Z
6f42dfd1-1e58-43b0-8413-c4f83eef743a,run1_rep1,G,CLOSED,CLOSED,request,PROVIDER,N/A,,3678.945334999298,INFO,adaptador.request,true,exitoso,,,10225.312784832,10221.633839497,,,2026-09-05T00:18:48.515789Z
3fc02b69-ca08-4b48-855d-12065bbf9b71,run1_rep1,G,CLOSED,CLOSED,request,PROVIDER,N/A,,3761.2220020000677,INFO,adaptador.request,true,exitoso,,,10225.395407624,10221.634185622,,,2026-09-05T00:18:48.598351Z
3c61d6d3-cbc1-4f06-a986-04a0d290e44d,run1_rep1,G,CLOSED,CLOSED,request,PROVIDER,N/A,,3839.9250010006654,INFO,adaptador.request,true,exitoso,,,10225.482156915,10221.642231914,,,2026-09-05T00:18:48.685264Z
46fcfa79-485c-4174-b163-3280e5952c53,run1_rep1,G,CLOSED,CLOSED,request,PROVIDER,N/A,,3855.7917100006307,INFO,adaptador.request,true,exitoso,,,10225.56743479,10221.71164308,,,2026-09-05T00:18:48.770382Z
ab561425-0b8d-4209-80fc-0ad004bfc16d,run1_rep1,G,CLOSED,CLOSED,request,PROVIDER,N/A,,3827.4035019985604,INFO,adaptador.request,true,exitoso,,,10225.668128749,10221.840725247,,,2026-09-05T00:18:48.871089Z
719c4e31-d4dc-44c2-b153-b35aa2c7c8c3,run1_rep1,G,CLOSED,CLOSED,request,PROVIDER,N/A,,3856.8327100001625,INFO,adaptador.request,true,exitoso,,,10225.735287624,10221.878454914,,,2026-09-05T00:18:48.938255Z
20b9e5b6-d082-40d8-a221-16e5efc0f21e,run1_rep1,G,CLOSED,CLOSED,request,PROVIDER,N/A,,3882.0345439999073,INFO,adaptador.request,true,exitoso,,,10225.801027124,10221.91899258,,,2026-09-05T00:18:49.003916Z
bcb83c28-5728-4528-b26b-c828dabeb39f,run1_rep1,G,CLOSED,CLOSED,request,PROVIDER,N/A,,3712.841501999719,INFO,adaptador.request,true,exitoso,,,10225.875133791,10222.162292289,,,2026-09-05T00:18:49.078095Z
3a1ff73d-41ab-44ac-8f1d-31a47bc26926,run1_rep1,G,CLOSED,CLOSED,request,PROVIDER,N/A,,3655.1536269998905,INFO,adaptador.request,true,exitoso,,,10225.959357249,10222.304203622,,,2026-09-05T00:18:49.162320Z
e4991cc9-2dee-44ca-9e03-ec4f861dbebc,run1_rep1,G,CLOSED,CLOSED,request,PROVIDER,N/A,,3703.085459999784,INFO,adaptador.request,true,exitoso,,,10226.023203416,10222.320117956,,,2026-09-05T00:18:49.226149Z
fb9fdd92-e51a-4d5b-84cf-7994b385aad4,run1_rep1,G,CLOSED,CLOSED,request,PROVIDER,N/A,,3758.737210000618,INFO,adaptador.request,true,exitoso,,,10226.090055249,10222.331318039,,,2026-09-05T00:18:49.292999Z
b4b7c941-b9c7-4cb4-bcc5-6d3e16d8fd25,run1_rep1,G,CLOSED,CLOSED,request,PROVIDER,N/A,,3844.9691269997857,INFO,adaptador.request,true,exitoso,,,10226.193238624,10222.348269497,,,2026-09-05T00:18:49.396187Z
9893cec7-b5d2-467d-9ea6-9fffc01c7881,run1_rep1,G,CLOSED,CLOSED,request,PROVIDER,N/A,,3692.4851269995997,INFO,adaptador.request,true,exitoso,,,10226.255628416,10222.563143289,,,2026-09-05T00:18:49.458577Z
49d77f11-5b64-499c-b0d1-2e2b0aff00bc,run1_rep1,G,CLOSED,CLOSED,request,PROVIDER,N/A,,3753.409251999983,INFO,adaptador.request,true,exitoso,,,10226.320561624,10222.567152372,,,2026-09-05T00:18:49.523507Z
0cb4a0b1-7e46-42d0-9eca-859f0018cb7a,run1_rep1,G,CLOSED,CLOSED,request,PROVIDER,N/A,,3831.631835000735,INFO,adaptador.request,true,exitoso,,,10226.402719124,10222.571087289,,,2026-09-05T00:18:49.605666Z
01e8e2c7-f45f-4281-b3bf-724853089f28,run1_rep1,G,CLOSED,CLOSED,request,PROVIDER,N/A,,3832.7575430012075,INFO,adaptador.request,true,exitoso,,,10226.468903082,10222.636145539,,,2026-09-05T00:18:49.671845Z
a4970f3c-e2bd-45ae-b117-ced677c482ba,run1_rep1,G,CLOSED,CLOSED,request,PROVIDER,N/A,,3833.553877000668,INFO,adaptador.request,true,exitoso,,,10226.551252249,10222.717698372,,,2026-09-05T00:18:49.754198Z
b232a3b9-bfbc-43c6-9430-ab26b21f31ab,run1_rep1,G,CLOSED,CLOSED,request,PROVIDER,N/A,,3708.809960000508,INFO,adaptador.request,true,exitoso,,,10226.621722749,10222.912912789,,,2026-09-05T00:18:49.824678Z
626fc1e5-dad4-4741-8c7f-bf0fb37ee975,run1_rep1,G,CLOSED,CLOSED,request,PROVIDER,N/A,,3588.7324179984716,INFO,adaptador.request,true,exitoso,,,10226.684207874,10223.095475456,,,2026-09-05T00:18:49.887153Z
d97561ae-aa70-4a8d-871d-6e2f93caf811,run1_rep1,G,CLOSED,CLOSED,request,PROVIDER,N/A,,3665.8457520006777,INFO,adaptador.request,true,exitoso,,,10226.761706416,10223.095860664,,,2026-09-05T00:18:49.964653Z
7338bd3c-b6a0-4efc-b6b2-ca2402591fb8,run1_rep1,G,CLOSED,CLOSED,request,PROVIDER,N/A,,3635.92008500018,INFO,adaptador.request,true,exitoso,,,10226.832028916,10223.196108831,,,2026-09-05T00:18:50.035010Z
b8ab84db-ef37-4fb7-94d4-4d775d05cc23,run1_rep1,G,CLOSED,CLOSED,request,PROVIDER,N/A,,3676.3345019990084,INFO,adaptador.request,true,exitoso,,,10226.900588583,10223.224254081,,,2026-09-05T00:18:50.103555Z
24ec2a1c-2924-4977-b1fb-4943ed9fbd99,run1_rep1,G,CLOSED,CLOSED,request,PROVIDER,N/A,,3556.791085000441,INFO,adaptador.request,true,exitoso,,,10226.976834958,10223.420043873,,,2026-09-05T00:18:50.179807Z
178300e4-6e43-42f5-a21b-a37312cbeaee,run1_rep1,G,CLOSED,CLOSED,request,PROVIDER,N/A,,3473.968584999966,INFO,adaptador.request,true,exitoso,,,10227.055867458,10223.581898873,,,2026-09-05T00:18:50.258942Z
e705f3a8-ada3-480f-9dc6-ff3a9f3565f8,run1_rep1,G,CLOSED,CLOSED,request,PROVIDER,N/A,,3570.293500999469,INFO,adaptador.request,true,exitoso,,,10227.152660999,10223.582367498,,,2026-09-05T00:18:50.355646Z
a5423032-280e-45a4-84a1-92eaf84dd77e,run1_rep1,G,CLOSED,CLOSED,request,PROVIDER,N/A,,3617.747001999305,INFO,adaptador.request,true,exitoso,,,10227.248419958,10223.630672956,,,2026-09-05T00:18:50.451358Z
b85d2838-d15c-4cb7-a883-3c78faa11643,run1_rep1,G,CLOSED,CLOSED,request,PROVIDER,N/A,,3641.8500859999767,INFO,adaptador.request,true,exitoso,,,10227.3274245,10223.685574414,,,2026-09-05T00:18:50.530366Z
35ffca6a-3247-4c47-8759-936e869854fa,run1_rep1,G,CLOSED,CLOSED,request,PROVIDER,N/A,,3716.274293999959,INFO,adaptador.request,true,exitoso,,,10227.402161375,10223.685887081,,,2026-09-05T00:18:50.605096Z
1bea137e-35d6-47d8-9ca8-ef7b322d8910,run1_rep1,G,CLOSED,CLOSED,request,PROVIDER,N/A,,3757.4307519989816,INFO,adaptador.request,true,exitoso,,,10227.478979,10223.721548248,,,2026-09-05T00:18:50.681963Z
c11363bb-92ec-454c-8af6-5610fadb9d21,run1_rep1,G,CLOSED,CLOSED,request,PROVIDER,N/A,,3775.262835000831,INFO,adaptador.request,true,exitoso,,,10227.584246458,10223.808983623,,,2026-09-05T00:18:50.787191Z
0d37eefe-9e2c-430b-9d76-b03be1a83e35,run1_rep1,G,CLOSED,CLOSED,request,PROVIDER,N/A,,3859.5661260005727,INFO,adaptador.request,true,exitoso,,,10227.694599916,10223.83503379,,,2026-09-05T00:18:50.897586Z
d48f6f90-7b4d-4fc3-915b-7a11da2e9904,run1_rep1,G,CLOSED,CLOSED,request,PROVIDER,N/A,,3909.9781260010786,INFO,adaptador.request,true,exitoso,,,10227.758330041,10223.848351915,,,2026-09-05T00:18:50.961300Z
f960c73e-667b-4deb-a53d-03617811f822,run1_rep1,G,CLOSED,CLOSED,request,PROVIDER,N/A,,3793.378043001212,INFO,adaptador.request,true,exitoso,,,10227.825579333,10224.03220129,,,2026-09-05T00:18:51.028515Z
5e655c1d-798e-485c-8e35-d87c0bb65b73,run1_rep1,G,CLOSED,CLOSED,request,PROVIDER,N/A,,3820.1679600006173,INFO,adaptador.request,true,exitoso,,,10227.888661166,10224.068493206,,,2026-09-05T00:18:51.091600Z
7d0669d5-5d3a-4b5f-87f2-8f6a2a3ae0a2,run1_rep1,G,CLOSED,CLOSED,request,PROVIDER,N/A,,3795.859960000598,INFO,adaptador.request,true,exitoso,,,10227.966399375,10224.170539415,,,2026-09-05T00:18:51.169333Z
cfad5f86-bad7-47af-bb62-cb5b0439b69a,run1_rep1,G,CLOSED,CLOSED,request,PROVIDER,N/A,,3871.242960000018,INFO,adaptador.request,true,exitoso,,,10228.073455958,10224.202212998,,,2026-09-05T00:18:51.276425Z
f0312b17-ca06-4ff8-a9f5-2c3d4006fd66,run1_rep1,G,CLOSED,CLOSED,request,PROVIDER,N/A,,3731.878376998793,INFO,adaptador.request,true,exitoso,,,10228.162268167,10224.43038979,,,2026-09-05T00:18:51.365232Z
ff80fd8f-d9ff-42d6-8438-bb221263c534,run1_rep1,G,CLOSED,CLOSED,request,PROVIDER,N/A,,3603.223460000663,INFO,adaptador.request,true,exitoso,,,10228.220181167,10224.616957707,,,2026-09-05T00:18:51.423114Z
061622fd-94ee-4ef1-a983-c7040fd05d05,run1_rep1,G,CLOSED,CLOSED,request,PROVIDER,N/A,,3633.783459999904,INFO,adaptador.request,true,exitoso,,,10228.30548925,10224.67170579,,,2026-09-05T00:18:51.508429Z
e21fde81-33ea-4fe5-bcf1-e00e9860e457,run1_rep1,G,CLOSED,CLOSED,request,PROVIDER,N/A,,3672.3359179995896,INFO,adaptador.request,true,exitoso,,,10228.38519725,10224.712861332,,,2026-09-05T00:18:51.588204Z
340e0364-e371-40e2-b346-fe640113a219,run1_rep1,G,CLOSED,CLOSED,request,PROVIDER,N/A,,3733.7941260011576,INFO,adaptador.request,true,exitoso,,,10228.485494708,10224.751700582,,,2026-09-05T00:18:51.688453Z
a7dbbd9f-7370-4b4e-9c53-28d1bb3387a4,run1_rep1,G,CLOSED,CLOSED,request,PROVIDER,N/A,,3765.69362599912,INFO,adaptador.request,true,exitoso,,,10228.550163208,10224.784469582,,,2026-09-05T00:18:51.753098Z
984ad9ba-df10-46b8-8b33-18f2b235bfcd,run1_rep1,G,CLOSED,CLOSED,request,PROVIDER,N/A,,3725.618668999232,INFO,adaptador.request,true,exitoso,,,10228.643445167,10224.917826498,,,2026-09-05T00:18:51.846410Z
4bea0442-0157-4430-bb7d-4b368b518e2b,run1_rep1,G,CLOSED,CLOSED,request,PROVIDER,N/A,,3740.733585000271,INFO,adaptador.request,true,exitoso,,,10228.732528167,10224.991794582,,,2026-09-05T00:18:51.935477Z
56eb716b-fc0d-4b1f-a5a9-2e15092797ae,run1_rep1,G,CLOSED,CLOSED,request,PROVIDER,N/A,,3532.6415429990448,INFO,adaptador.request,true,exitoso,,,10228.811106792,10225.278465249,,,2026-09-05T00:18:52.014045Z
02e681e9-3aeb-4393-bd90-739a87346730,run1_rep1,G,CLOSED,CLOSED,request,PROVIDER,N/A,,3521.209335000094,INFO,adaptador.request,true,exitoso,,,10228.872824292,10225.351614957,,,2026-09-05T00:18:52.075785Z
5be990ff-e3ca-4639-8703-6c62eaf10004,run1_rep1,G,CLOSED,CLOSED,request,PROVIDER,N/A,,3522.080544000346,INFO,adaptador.request,true,exitoso,,,10228.951559334,10225.42947879,,,2026-09-05T00:18:52.154498Z
780a5aa6-4af4-4c25-b376-48c05608b810,run1_rep1,G,CLOSED,CLOSED,request,PROVIDER,N/A,,3572.922669000036,INFO,adaptador.request,true,exitoso,,,10229.021358584,10225.448435915,,,2026-09-05T00:18:52.224322Z
e02390ce-17e1-4c58-b3da-c8097cb5c0c5,run1_rep1,G,CLOSED,CLOSED,request,PROVIDER,N/A,,3619.4526679992123,INFO,adaptador.request,true,exitoso,,,10229.109931375,10225.490478707,,,2026-09-05T00:18:52.312914Z
3c2f5a51-a74c-4877-8fff-602af0befa64,run1_rep1,G,CLOSED,CLOSED,request,PROVIDER,N/A,,3636.1420020002697,INFO,adaptador.request,true,exitoso,,,10229.171033334,10225.534891332,,,2026-09-05T00:18:52.374005Z
1e95cd84-7593-47a5-9dc0-2b0ac009cbcf,run1_rep1,G,CLOSED,CLOSED,request,PROVIDER,N/A,,3741.287002001627,INFO,adaptador.request,true,exitoso,,,10229.276647459,10225.535360457,,,2026-09-05T00:18:52.479606Z
6d6eb37a-76d2-4c7a-bc0b-2dd0dd358b63,run1_rep1,G,CLOSED,CLOSED,request,PROVIDER,N/A,,3751.913334999699,INFO,adaptador.request,true,exitoso,,,10229.376087167,10225.624173832,,,2026-09-05T00:18:52.579104Z
119006a7-e53c-4a76-b26b-33ae92c68492,run1_rep1,G,CLOSED,CLOSED,request,PROVIDER,N/A,,3765.7442939998873,INFO,adaptador.request,true,exitoso,,,10229.460416626,10225.694672332,,,2026-09-05T00:18:52.663377Z
71cc4e0e-a3fd-404c-8cb7-37a1d9b13a99,run1_rep1,G,CLOSED,CLOSED,request,PROVIDER,N/A,,3711.7243350003264,INFO,adaptador.request,true,exitoso,,,10229.560949417,10225.849225082,,,2026-09-05T00:18:52.763895Z
26a4c7e3-bb7f-42a6-8d8a-421a5b42b224,run1_rep1,G,CLOSED,CLOSED,request,PROVIDER,N/A,,3731.44991800109,INFO,adaptador.request,true,exitoso,,,10229.658841459,10225.927391541,,,2026-09-05T00:18:52.861812Z
bce7c33b-d9ff-4734-88e7-bdfabcfae034,run1_rep1,G,CLOSED,CLOSED,request,PROVIDER,N/A,,3815.785168999355,INFO,adaptador.request,true,exitoso,,,10229.759691251,10225.943906082,,,2026-09-05T00:18:52.962643Z
48ed33ae-b769-46e8-a1da-622ebac7a232,run1_rep1,G,CLOSED,CLOSED,request,PROVIDER,N/A,,3634.282210001402,INFO,adaptador.request,true,exitoso,,,10229.844371917,10226.210089707,,,2026-09-05T00:18:53.047418Z
006dc06a-c8c0-41bf-894d-8774302ee055,run1_rep1,G,CLOSED,CLOSED,request,PROVIDER,N/A,,3668.853709999894,INFO,adaptador.request,true,exitoso,,,10229.942706209,10226.273852499,,,2026-09-05T00:18:53.145666Z
08fcb321-3acf-49cc-a50a-59d98141b78d,run1_rep1,G,CLOSED,CLOSED,request,PROVIDER,N/A,,3716.681793999669,INFO,adaptador.request,true,exitoso,,,10230.035593876,10226.318912082,,,2026-09-05T00:18:53.238488Z
94596e65-a27d-4d0c-85c4-56eb92c8256d,run1_rep1,G,CLOSED,CLOSED,request,PROVIDER,N/A,,3733.6230850014545,INFO,adaptador.request,true,exitoso,,,10230.099775209,10226.366152124,,,2026-09-05T00:18:53.302669Z
099665b9-cfb7-4a8a-8e3e-5923c27a9aec,run1_rep1,G,CLOSED,CLOSED,request,PROVIDER,N/A,,3722.2095019988046,INFO,adaptador.request,true,exitoso,,,10230.175505668,10226.453296166,,,2026-09-05T00:18:53.378457Z
263ffe32-5047-474f-9d14-fe58cc31de6d,run1_rep1,G,CLOSED,CLOSED,request,PROVIDER,N/A,,3827.6512100001128,INFO,adaptador.request,true,exitoso,,,10230.281383459,10226.453732249,,,2026-09-05T00:18:53.484340Z
0850165d-ad7e-4a06-9357-076e033d155f,run1_rep1,G,CLOSED,CLOSED,request,PROVIDER,N/A,,3883.1205440001213,INFO,adaptador.request,true,exitoso,,,10230.371086001,10226.487965457,,,2026-09-05T00:18:53.574039Z
3e33afda-45e7-48e7-8ada-eb58507703c4,run1_rep1,G,CLOSED,CLOSED,request,PROVIDER,N/A,,3822.578251001687,INFO,adaptador.request,true,exitoso,,,10230.469233334,10226.646655083,,,2026-09-05T00:18:53.672179Z
512069fc-4e4c-4798-9f66-ce81c0217803,run1_rep1,G,CLOSED,CLOSED,request,PROVIDER,N/A,,3902.013000999432,INFO,adaptador.request,true,exitoso,,,10230.572514209,10226.670501208,,,2026-09-05T00:18:53.775473Z
061f3061-4806-44e1-98c9-0d597d6d8696,run1_rep1,G,CLOSED,CLOSED,request,PROVIDER,N/A,,3912.771459999931,INFO,adaptador.request,true,exitoso,,,10230.642026001,10226.729254541,,,2026-09-05T00:18:53.845026Z
2395d851-ff3c-4b0a-9474-08caaab8d641,run1_rep1,G,CLOSED,CLOSED,request,PROVIDER,N/A,,3927.509917999487,INFO,adaptador.request,true,exitoso,,,10230.703926876,10226.776416958,,,2026-09-05T00:18:53.906907Z
3b512d16-a2cc-408c-bd5c-922c52b897e6,run1_rep1,G,CLOSED,CLOSED,request,PROVIDER,N/A,,3799.3492940004217,INFO,adaptador.request,true,exitoso,,,10230.78368671,10226.984337416,,,2026-09-05T00:18:53.986654Z
4c2e0b80-101f-46ed-9463-2a2504486195,run1_rep1,G,CLOSED,CLOSED,request,PROVIDER,N/A,,3888.9286689991422,INFO,adaptador.request,true,exitoso,,,10230.878232668,10226.989303999,,,2026-09-05T00:18:54.081203Z
70b89c07-6950-43a3-b84e-752d553089be,run1_rep1,G,CLOSED,CLOSED,request,PROVIDER,N/A,,3871.8425020015275,INFO,adaptador.request,true,exitoso,,,10230.976246501,10227.104403999,,,2026-09-05T00:18:54.179206Z
e28140fa-394f-4998-8f50-2cba17663d2b,run1_rep1,G,CLOSED,CLOSED,request,PROVIDER,N/A,,3895.488751999437,INFO,adaptador.request,true,exitoso,,,10231.060569876,10227.165081124,,,2026-09-05T00:18:54.263559Z
cedb590f-6a06-493b-aa67-ca8f61ad16ce,run1_rep1,G,CLOSED,CLOSED,request,PROVIDER,N/A,,3939.861460001339,INFO,adaptador.request,true,exitoso,,,10231.121316668,10227.181455208,,,2026-09-05T00:18:54.324257Z
738a2ed8-65eb-4694-ab90-a645f5e28c0f,run1_rep1,G,CLOSED,CLOSED,request,PROVIDER,N/A,,3856.7285020017152,INFO,adaptador.request,true,exitoso,,,10231.186860543,10227.330132041,,,2026-09-05T00:18:54.389804Z
7f5f5c64-fe69-48ff-93fb-df218b928334,run1_rep1,G,CLOSED,CLOSED,request,PROVIDER,N/A,,3908.9268349998747,INFO,adaptador.request,true,exitoso,,,10231.258565043,10227.349638208,,,2026-09-05T00:18:54.461504Z
d8a8c5dd-cd93-4f2f-816d-30c691e63ee3,run1_rep1,G,CLOSED,CLOSED,request,PROVIDER,N/A,,3795.2555019983265,INFO,adaptador.request,true,exitoso,,,10231.321613043,10227.526357541,,,2026-09-05T00:18:54.524568Z
8f349d99-b195-4126-a935-73058dce9fb3,run1_rep1,G,CLOSED,CLOSED,request,PROVIDER,N/A,,3756.416585001716,INFO,adaptador.request,true,exitoso,,,10231.395807168,10227.639390583,,,2026-09-05T00:18:54.598764Z
376903f1-0721-4596-b461-72dea88467e9,run1_rep1,G,CLOSED,CLOSED,request,PROVIDER,N/A,,3788.2328770010645,INFO,adaptador.request,true,exitoso,,,10231.484636585,10227.696403708,,,2026-09-05T00:18:54.687602Z
6e0b8a39-a711-449c-bcf8-ccdc887f043f,run1_rep1,G,CLOSED,CLOSED,request,PROVIDER,N/A,,3826.099751999209,INFO,adaptador.request,true,exitoso,,,10231.543285085,10227.717185333,,,2026-09-05T00:18:54.746244Z
ff47b104-000f-4551-9a78-f0488b6f8de2,run1_rep1,G,CLOSED,CLOSED,request,PROVIDER,N/A,,3846.4238769993244,INFO,adaptador.request,true,exitoso,,,10231.602392752,10227.755968875,,,2026-09-05T00:18:54.805374Z
2ea58f47-0ace-46c1-b31c-97005947b3a4,run1_rep1,G,CLOSED,CLOSED,request,PROVIDER,N/A,,3805.0085439990653,INFO,adaptador.request,true,exitoso,,,10231.674426835,10227.869418291,,,2026-09-05T00:18:54.877401Z
8552349b-2b8c-4fa8-8b28-5ea9713a0cef,run1_rep1,G,CLOSED,CLOSED,request,PROVIDER,N/A,,3864.849043000504,INFO,adaptador.request,true,exitoso,,,10231.734681043,10227.869832,,,2026-09-05T00:18:54.937630Z
6f52a09d-d4dc-43c6-9979-0a6d380fd88f,run1_rep1,G,CLOSED,CLOSED,request,PROVIDER,N/A,,3727.7647930004605,INFO,adaptador.request,true,exitoso,,,10231.834820668,10228.107055875,,,2026-09-05T00:18:55.037806Z
967a03ff-c104-4fe4-8d20-a9b30208ab17,run1_rep1,G,CLOSED,CLOSED,request,PROVIDER,N/A,,3735.005751999779,INFO,adaptador.request,true,exitoso,,,10231.913259335,10228.178253583,,,2026-09-05T00:18:55.116234Z
75bc1c05-f690-4b67-8970-9e818abf0543,run1_rep1,G,CLOSED,CLOSED,request,PROVIDER,N/A,,3711.6406679997453,INFO,adaptador.request,true,exitoso,,,10231.97543371,10228.263793042,,,2026-09-05T00:18:55.178351Z
0711492d-1879-43cc-b3d9-ec8a51e14784,run1_rep1,G,CLOSED,CLOSED,request,PROVIDER,N/A,,3715.215210000679,INFO,adaptador.request,true,exitoso,,,10232.052623502,10228.337408292,,,2026-09-05T00:18:55.255875Z
964925f1-010f-4c71-b2b5-4734ca9420fd,run1_rep1,G,CLOSED,CLOSED,request,PROVIDER,N/A,,3803.588585000398,INFO,adaptador.request,true,exitoso,,,10232.141428293,10228.337839708,,,2026-09-05T00:18:55.344697Z
c633389d-6747-49f3-b10a-15fcc2f2f2dd,run1_rep1,G,CLOSED,CLOSED,request,PROVIDER,N/A,,3785.558460000175,INFO,adaptador.request,true,exitoso,,,10232.247282127,10228.461723667,,,2026-09-05T00:18:55.450583Z
91cb9cbe-b3d2-4cad-9527-4dd2dc433877,run1_rep1,G,CLOSED,CLOSED,request,PROVIDER,N/A,,3769.658792998598,INFO,adaptador.request,true,exitoso,,,10232.317272043,10228.54761325,,,2026-09-05T00:18:55.520581Z
33300881-9989-483c-aae2-9d80ec72c8f3,run1_rep1,G,CLOSED,CLOSED,request,PROVIDER,N/A,,3667.3185839990765,INFO,adaptador.request,true,exitoso,,,10232.387346918,10228.720028334,,,2026-09-05T00:18:55.590647Z
ad386af3-b7be-4e90-b992-a007e8d8ccc6,run1_rep1,G,CLOSED,CLOSED,request,PROVIDER,N/A,,3725.9965840003133,INFO,adaptador.request,true,exitoso,,,10232.476474043,10228.750477459,,,2026-09-05T00:18:55.679795Z
7433405d-fecf-4346-9803-cb03ed90d267,run1_rep1,G,CLOSED,CLOSED,request,PROVIDER,N/A,,3768.8370010000654,INFO,adaptador.request,true,exitoso,,,10232.57897771,10228.810140709,,,2026-09-05T00:18:55.782291Z
f134d422-9076-479d-831d-ce67504aa273,run1_rep1,G,CLOSED,CLOSED,request,PROVIDER,N/A,,3865.0484179997875,INFO,adaptador.request,true,exitoso,,,10232.675971835,10228.810923417,,,2026-09-05T00:18:55.879323Z
f8c6bef9-3013-4e1b-89fe-f2b523476683,run1_rep1,G,CLOSED,CLOSED,request,PROVIDER,N/A,,3800.5276690000755,INFO,adaptador.request,true,exitoso,,,10232.760963794,10228.960436125,,,2026-09-05T00:18:55.964305Z
fff51cb7-6da8-443c-b184-65f90de6635a,run1_rep1,G,CLOSED,CLOSED,request,PROVIDER,N/A,,3824.011292999785,INFO,adaptador.request,true,exitoso,,,10232.868854085,10229.044842792,,,2026-09-05T00:18:56.072181Z
1afd400b-af31-4008-a349-2bda7c64cf0c,run1_rep1,G,CLOSED,CLOSED,request,PROVIDER,N/A,,3771.1510849985643,INFO,adaptador.request,true,exitoso,,,10232.943447044,10229.172295959,,,2026-09-05T00:18:56.146736Z
f4a68acd-a261-447a-b3bb-6b7ed31f0294,run1_rep1,G,CLOSED,CLOSED,request,PROVIDER,N/A,,3801.2146269993536,INFO,adaptador.request,true,exitoso,,,10233.034833877,10229.23361925,,,2026-09-05T00:18:56.238175Z
0e7ba5d5-9a05-4d84-82cf-65f5fec50c2a,run1_rep1,G,CLOSED,CLOSED,request,PROVIDER,N/A,,3848.9662509982736,INFO,adaptador.request,true,exitoso,,,10233.139742585,10229.290776334,,,2026-09-05T00:18:56.343058Z
6256dc44-bd48-475d-9c44-a57823f50c01,run1_rep1,G,CLOSED,CLOSED,request,PROVIDER,N/A,,3839.355459000217,INFO,adaptador.request,true,exitoso,,,10233.22074621,10229.381390751,,,2026-09-05T00:18:56.424050Z
fafb5364-8b7f-4c30-b781-bda2542cd224,run1_rep1,G,CLOSED,CLOSED,request,PROVIDER,N/A,,3867.0234589990287,INFO,adaptador.request,true,exitoso,,,10233.288481335,10229.421457876,,,2026-09-05T00:18:56.491862Z
5c1a90f5-be60-4442-a6c8-6108cf8ad8e8,run1_rep1,G,CLOSED,CLOSED,request,PROVIDER,N/A,,3889.205667999704,INFO,adaptador.request,true,exitoso,,,10233.393878669,10229.504673001,,,2026-09-05T00:18:56.597237Z
6fed0cdf-06c0-46f4-822a-178d890c774f,run1_rep1,G,CLOSED,CLOSED,request,PROVIDER,N/A,,3937.8047099999094,INFO,adaptador.request,true,exitoso,,,10233.498591252,10229.560786542,,,2026-09-05T00:18:56.701881Z
8b46e14e-c885-4824-8705-6c52c3be4b1d,run1_rep1,G,CLOSED,CLOSED,request,PROVIDER,N/A,,3924.1325439998036,INFO,adaptador.request,true,exitoso,,,10233.595574586,10229.671442042,,,2026-09-05T00:18:56.798880Z
fd404e2d-8b16-4062-8454-813ee6abe092,run1_rep1,G,CLOSED,CLOSED,request,PROVIDER,N/A,,3987.3153769985947,INFO,adaptador.request,true,exitoso,,,10233.677489794,10229.690174417,,,2026-09-05T00:18:56.880846Z
0bef19ca-91a3-499e-9274-f58053a7efc2,run1_rep1,G,CLOSED,CLOSED,request,PROVIDER,N/A,,3845.762750999711,INFO,adaptador.request,true,exitoso,,,10233.739682752,10229.893920001,,,2026-09-05T00:18:56.943297Z
9637825b-5f1a-470f-a984-72630c9710a5,run1_rep1,G,CLOSED,CLOSED,request,PROVIDER,N/A,,3850.8534180000424,INFO,adaptador.request,true,exitoso,,,10233.798796752,10229.947943334,,,2026-09-05T00:18:57.002139Z
9e57e403-0b17-465c-b33f-b8a23a3a8800,run1_rep1,G,CLOSED,CLOSED,request,PROVIDER,N/A,,3848.271834998741,INFO,adaptador.request,true,exitoso,,,10233.884341836,10230.036070001,,,2026-09-05T00:18:57.087668Z
e1f5ad71-23d5-49bc-9426-40e6125458a1,run1_rep1,G,CLOSED,CLOSED,request,PROVIDER,N/A,,3838.6040839995985,INFO,adaptador.request,true,exitoso,,,10233.968027877,10230.129423793,,,2026-09-05T00:18:57.171329Z
efdd9163-1f68-49b4-a9a7-8031531b855b,run1_rep1,G,CLOSED,CLOSED,request,PROVIDER,N/A,,3912.592210001094,INFO,adaptador.request,true,exitoso,,,10234.055904044,10230.143311834,,,2026-09-05T00:18:57.259234Z
f4bc9b25-ab8f-43cb-8492-41a1f63b1e78,run1_rep1,G,CLOSED,CLOSED,request,PROVIDER,N/A,,3875.710125999831,INFO,adaptador.request,true,exitoso,,,10234.165537794,10230.289827668,,,2026-09-05T00:18:57.368863Z
40f157d8-d80f-413c-86c4-97ecd9a06fcc,run1_rep1,G,CLOSED,CLOSED,request,PROVIDER,N/A,,3747.2348350001994,INFO,adaptador.request,true,exitoso,,,10234.258019544,10230.510784709,,,2026-09-05T00:18:57.461323Z
55bea38b-eac6-499d-af54-74611dd6608c,run1_rep1,G,CLOSED,CLOSED,request,PROVIDER,N/A,,3798.7112939990766,INFO,adaptador.request,true,exitoso,,,10234.360167628,10230.561456334,,,2026-09-05T00:18:57.563498Z
d872b0f1-e12c-4e45-ba66-b63cb4ff311c,run1_rep1,G,CLOSED,CLOSED,request,PROVIDER,N/A,,3710.370750999573,INFO,adaptador.request,true,exitoso,,,10234.443899961,10230.73352921,,,2026-09-05T00:18:57.647259Z
9876a998-3b89-4afc-80f4-c6f98fae427e,run1_rep1,G,CLOSED,CLOSED,request,PROVIDER,N/A,,3730.8630850002373,INFO,adaptador.request,true,exitoso,,,10234.505661878,10230.774798793,,,2026-09-05T00:18:57.709008Z
e05eb34f-5ccb-4162-a659-2b049858e478,run1_rep1,G,CLOSED,CLOSED,request,PROVIDER,N/A,,3799.8901679984556,INFO,adaptador.request,true,exitoso,,,10234.609224711,10230.809334543,,,2026-09-05T00:18:57.812549Z
c88746eb-b44b-4ed1-8815-575df5eeef80,run1_rep1,G,CLOSED,CLOSED,request,PROVIDER,N/A,,3770.8476679999876,INFO,adaptador.request,true,exitoso,,,10234.674182169,10230.903334501,,,2026-09-05T00:18:57.877542Z
0424ff71-e1d1-4f45-9066-faa23b8fdaae,run1_rep1,G,CLOSED,CLOSED,request,PROVIDER,N/A,,3839.27179300008,INFO,adaptador.request,true,exitoso,,,10234.767190753,10230.92791896,,,2026-09-05T00:18:57.970530Z
861acfe9-5a59-4500-ae20-8fd509c7d816,run1_rep1,G,CLOSED,CLOSED,request,PROVIDER,N/A,,3847.201918000792,INFO,adaptador.request,true,exitoso,,,10234.838852253,10230.991650335,,,2026-09-05T00:18:58.042180Z
6a0a25ad-6706-40e7-a105-54e137521fba,run1_rep1,G,CLOSED,CLOSED,request,PROVIDER,N/A,,3804.128417999891,INFO,adaptador.request,true,exitoso,,,10234.914261836,10231.110133418,,,2026-09-05T00:18:58.117601Z
866dc053-f525-404f-88ac-71d0b7d057ac,run1_rep1,G,CLOSED,CLOSED,request,PROVIDER,N/A,,3805.4923770014284,INFO,adaptador.request,true,exitoso,,,10234.99002692,10231.184534543,,,2026-09-05T00:18:58.193357Z
151aa678-5db5-431c-b7b9-309d1df312ad,run1_rep1,G,CLOSED,CLOSED,request,PROVIDER,N/A,,3777.7365850015485,INFO,adaptador.request,true,exitoso,,,10235.057447753,10231.279711168,,,2026-09-05T00:18:58.260752Z
8b49941b-9a1a-41aa-a91b-69c55d738bf8,run1_rep1,G,CLOSED,CLOSED,request,PROVIDER,N/A,,3604.855501000202,INFO,adaptador.request,true,exitoso,,,10235.127143628,10231.522288127,,,2026-09-05T00:18:58.330487Z
9035486d-396e-4791-98f1-d5f704bb478c,run1_rep1,G,CLOSED,CLOSED,request,PROVIDER,N/A,,3683.4990010011097,INFO,adaptador.request,true,exitoso,,,10235.206276253,10231.522777252,,,2026-09-05T00:18:58.409593Z
0d85df2f-4492-432a-9bdd-359483177a48,run1_rep1,G,CLOSED,CLOSED,request,PROVIDER,N/A,,3746.7452100008813,INFO,adaptador.request,true,exitoso,,,10235.292489003,10231.545743793,,,2026-09-05T00:18:58.495826Z
1982099d-e070-4691-b5e5-0e91df152ce8,run1_rep1,G,CLOSED,CLOSED,request,PROVIDER,N/A,,3679.603501999736,INFO,adaptador.request,true,exitoso,,,10235.36057342,10231.680969918,,,2026-09-05T00:18:58.563959Z
7803b718-05ac-4854-8a90-941d11340f0b,run1_rep1,G,CLOSED,CLOSED,request,PROVIDER,N/A,,3755.27537599919,INFO,adaptador.request,true,exitoso,,,10235.436598711,10231.681323335,,,2026-09-05T00:18:58.640039Z
b55ff2dd-5fd4-411c-86cc-51f5ede301cd,run1_rep1,G,CLOSED,CLOSED,request,PROVIDER,N/A,,3833.4775009989244,INFO,adaptador.request,true,exitoso,,,10235.528313628,10231.694836127,,,2026-09-05T00:18:58.731662Z
6b533dd0-e3d8-49a7-99e2-d24111b82857,run1_rep1,G,CLOSED,CLOSED,request,PROVIDER,N/A,,3846.8311260003247,INFO,adaptador.request,true,exitoso,,,10235.590773878,10231.743942752,,,2026-09-05T00:18:58.794108Z
4409cd07-f947-48d4-b309-8c250c59f33d,run1_rep1,G,CLOSED,CLOSED,request,PROVIDER,N/A,,3795.150960000683,INFO,adaptador.request,true,exitoso,,,10235.683331545,10231.888180585,,,2026-09-05T00:18:58.886708Z
08b86809-e32c-448d-8ea0-f51925764dd6,run1_rep1,G,CLOSED,CLOSED,request,PROVIDER,N/A,,3830.7667930002935,INFO,adaptador.request,true,exitoso,,,10235.757434003,10231.92666721,,,2026-09-05T00:18:58.960739Z
f82cf4de-d2e6-49f9-8a01-7fa5efa68d6f,run1_rep1,G,CLOSED,CLOSED,request,PROVIDER,N/A,,3880.7375020005566,INFO,adaptador.request,true,exitoso,,,10235.838234545,10231.957497043,,,2026-09-05T00:18:59.041549Z
c4e530df-14fc-4676-81de-34ffc4d3d40b,run1_rep1,G,CLOSED,CLOSED,request,PROVIDER,N/A,,3874.978542999088,INFO,adaptador.request,true,exitoso,,,10235.931389045,10232.056410502,,,2026-09-05T00:18:59.134709Z
54d1c809-7194-4c13-b793-bbf7228258e9,run1_rep1,G,CLOSED,CLOSED,request,PROVIDER,N/A,,3890.2123770003527,INFO,adaptador.request,true,exitoso,,,10236.034358462,10232.144146085,,,2026-09-05T00:18:59.237673Z
a871f116-8c88-4c00-ba0a-1e212a13bd06,run1_rep1,G,CLOSED,CLOSED,request,PROVIDER,N/A,,3821.5089180012,INFO,adaptador.request,true,exitoso,,,10236.13487967,10232.313370752,,,2026-09-05T00:18:59.338211Z
a02e9951-e6c1-4e23-a664-2f930cc98240,run1_rep1,G,CLOSED,CLOSED,request,PROVIDER,N/A,,3878.7095849984325,INFO,adaptador.request,true,exitoso,,,10236.22338742,10232.344677835,,,2026-09-05T00:18:59.426667Z
c1519874-22b0-4c4c-8302-92bda4d28221,run1_rep1,G,CLOSED,CLOSED,request,PROVIDER,N/A,,3794.60766900047,INFO,adaptador.request,true,exitoso,,,10236.288134879,10232.49352721,,,2026-09-05T00:18:59.491553Z
b1765e51-5954-4e99-8ce7-777eeee5b964,run1_rep1,G,CLOSED,CLOSED,request,PROVIDER,N/A,,3853.9925850000145,INFO,adaptador.request,true,exitoso,,,10236.38572417,10232.531731585,,,2026-09-05T00:18:59.589266Z
264c9744-edae-4c6f-89c1-07be437c5808,run1_rep1,G,CLOSED,CLOSED,request,PROVIDER,N/A,,3808.9148349990865,INFO,adaptador.request,true,exitoso,,,10236.49037717,10232.681462335,,,2026-09-05T00:18:59.693792Z
d7c27359-2d84-435c-b80f-890e02f3aaf2,run1_rep1,G,CLOSED,CLOSED,request,PROVIDER,N/A,,3770.935376000125,INFO,adaptador.request,true,exitoso,,,10236.57386842,10232.802933044,,,2026-09-05T00:18:59.777171Z
5c3f37f5-a230-449c-a276-c875eef4f0d3,run1_rep1,G,CLOSED,CLOSED,request,PROVIDER,N/A,,3842.159043999345,INFO,adaptador.request,true,exitoso,,,10236.645533129,10232.803374085,,,2026-09-05T00:18:59.848857Z
06264202-0f1f-4fb6-9bab-b62668cf0bc1,run1_rep1,G,CLOSED,CLOSED,request,PROVIDER,N/A,,3875.00641799852,INFO,adaptador.request,true,exitoso,,,10236.709531837,10232.834525419,,,2026-09-05T00:18:59.912843Z
802e7eac-f0b1-4fdf-b846-cb722d1ba9cc,run1_rep1,G,CLOSED,CLOSED,request,PROVIDER,N/A,,3823.2992509983887,INFO,adaptador.request,true,exitoso,,,10236.80547267,10232.982173419,,,2026-09-05T00:19:00.008833Z
9415de62-db0c-4639-b271-d93492d42a9b,run1_rep1,G,CLOSED,CLOSED,request,PROVIDER,N/A,,3926.5083350001078,INFO,adaptador.request,true,exitoso,,,10236.910612504,10232.984104169,,,2026-09-05T00:19:00.113922Z
fd02bccc-2b91-437e-8b6b-642eca3b7c33,run1_rep1,G,CLOSED,CLOSED,request,PROVIDER,N/A,,3916.44725200058,INFO,adaptador.request,true,exitoso,,,10236.967325504,10233.050878252,,,2026-09-05T00:19:00.170634Z
9f53ba35-5148-44de-8ae6-3f64741d1105,run1_rep1,G,CLOSED,CLOSED,request,PROVIDER,N/A,,3819.008043999929,INFO,adaptador.request,true,exitoso,,,10237.028532879,10233.209524835,,,2026-09-05T00:19:00.231853Z
d9668d07-6815-4bd3-b8cb-173a0a73a8d7,run1_rep1,G,CLOSED,CLOSED,request,PROVIDER,N/A,,3882.012627000222,INFO,adaptador.request,true,exitoso,,,10237.092042629,10233.210030002,,,2026-09-05T00:19:00.295364Z
679bd993-24fd-4e59-bae1-7bdba1b642d2,run1_rep1,G,CLOSED,CLOSED,request,PROVIDER,N/A,,3919.149086001198,INFO,adaptador.request,true,exitoso,,,10237.174849671,10233.255700585,,,2026-09-05T00:19:00.378149Z
4f05e5af-50b1-4457-aae1-0b6d216474e3,run1_rep1,G,CLOSED,CLOSED,request,PROVIDER,N/A,,3790.5572930012568,INFO,adaptador.request,true,exitoso,,,10237.255782754,10233.465225461,,,2026-09-05T00:19:00.459100Z
0e6acaff-7bd9-4d04-8e8a-9a8ea6b7f45c,run1_rep1,G,CLOSED,CLOSED,request,PROVIDER,N/A,,3850.5292930003634,INFO,adaptador.request,true,exitoso,,,10237.328612087,10233.478082794,,,2026-09-05T00:19:00.531896Z
c0b13569-2021-4df9-9d34-46624ba10ebb,run1_rep1,G,CLOSED,CLOSED,request,PROVIDER,N/A,,3886.5202099987073,INFO,adaptador.request,true,exitoso,,,10237.412959962,10233.526439752,,,2026-09-05T00:19:00.616289Z
fcd77c84-cd76-43c0-8a97-177260446ece,run1_rep1,G,CLOSED,CLOSED,request,PROVIDER,N/A,,3873.7270010005886,INFO,adaptador.request,true,exitoso,,,10237.475840712,10233.602113711,,,2026-09-05T00:19:00.679152Z
8b8093df-b789-4e34-af18-33b362b3a336,run1_rep1,G,CLOSED,CLOSED,request,PROVIDER,N/A,,3814.368294000815,INFO,adaptador.request,true,exitoso,,,10237.574302671,10233.759934377,,,2026-09-05T00:19:00.777575Z
8d1f9fe8-2c9e-41f6-b59b-b7cf1a23094b,run1_rep1,G,CLOSED,CLOSED,request,PROVIDER,N/A,,3858.2659599996987,INFO,adaptador.request,true,exitoso,,,10237.634034921,10233.775768961,,,2026-09-05T00:19:00.837336Z
d6ed6c7d-316b-42c6-8c32-047dd83df169,run1_rep1,G,CLOSED,CLOSED,request,PROVIDER,N/A,,3815.176418000192,INFO,adaptador.request,true,exitoso,,,10237.715788754,10233.900612336,,,2026-09-05T00:19:00.919125Z
ede30e25-a0b1-4a0f-88ce-ed6006a97781,run1_rep1,G,CLOSED,CLOSED,request,PROVIDER,N/A,,3880.329501998858,INFO,adaptador.request,true,exitoso,,,10237.804194629,10233.923865127,,,2026-09-05T00:19:01.007516Z
fd707576-f322-4f4f-b57b-83293211cc2d,run1_rep1,G,CLOSED,CLOSED,request,PROVIDER,N/A,,3848.849586000142,INFO,adaptador.request,true,exitoso,,,10237.870527838,10234.021678252,,,2026-09-05T00:19:01.073937Z
af9df75c-af9d-4f70-aa5e-2278299a6a48,run1_rep1,G,CLOSED,CLOSED,request,PROVIDER,N/A,,3707.9955019999034,INFO,adaptador.request,true,exitoso,,,10237.950815588,10234.242820086,,,2026-09-05T00:19:01.154148Z
e276ffea-b1ee-4503-b9f5-ed5ce967fc8f,run1_rep1,G,CLOSED,CLOSED,request,PROVIDER,N/A,,3740.769084999556,INFO,adaptador.request,true,exitoso,,,10238.011945213,10234.271176128,,,2026-09-05T00:19:01.215301Z
317ada1d-976f-4df9-8fc7-d8c30ec5b3d3,run1_rep1,G,CLOSED,CLOSED,request,PROVIDER,N/A,,3712.0690850006213,INFO,adaptador.request,true,exitoso,,,10238.093528838,10234.381459753,,,2026-09-05T00:19:01.296876Z
a01f27f8-165c-4558-8204-f42e4f222c33,run1_rep1,G,CLOSED,CLOSED,request,PROVIDER,N/A,,3736.3800429993717,INFO,adaptador.request,true,exitoso,,,10238.188681754,10234.452301711,,,2026-09-05T00:19:01.391996Z
d5346f6f-bf9c-4ca5-aaa5-9f4fbb592d2e,run1_rep1,G,CLOSED,CLOSED,request,PROVIDER,N/A,,3767.537377001645,INFO,adaptador.request,true,exitoso,,,10238.297676796,10234.530139419,,,2026-09-05T00:19:01.501014Z
c52521fc-2e41-4843-8464-3a930cf38238,run1_rep1,G,CLOSED,CLOSED,request,PROVIDER,N/A,,3672.112626998569,INFO,adaptador.request,true,exitoso,,,10238.384987921,10234.712875294,,,2026-09-05T00:19:01.588373Z
9359d034-00a8-48ce-8007-92c3bfe3dcf2,run1_rep1,G,CLOSED,CLOSED,request,PROVIDER,N/A,,3752.932002000307,INFO,adaptador.request,true,exitoso,,,10238.470123171,10234.717191169,,,2026-09-05T00:19:01.673442Z
ab0c27ac-ece1-4e6e-ad3c-2ffbb337553e,run1_rep1,G,CLOSED,CLOSED,request,PROVIDER,N/A,,3657.8743350000877,INFO,adaptador.request,true,exitoso,,,10238.541246505,10234.88337217,,,2026-09-05T00:19:01.744608Z
7ecbaa60-8785-4286-8e35-17f495646313,run1_rep1,G,CLOSED,CLOSED,request,PROVIDER,N/A,,3627.875251999285,INFO,adaptador.request,true,exitoso,,,10238.597923505,10234.970048253,,,2026-09-05T00:19:01.801258Z
fea9b4c1-4f63-4fe5-9fd8-475ab640e003,run1_rep1,G,CLOSED,CLOSED,request,PROVIDER,N/A,,3608.485835000465,INFO,adaptador.request,true,exitoso,,,10238.699819713,10235.091333878,,,2026-09-05T00:19:01.903155Z
bc0be767-1ffe-4728-b55f-d886bf7ec055,run1_rep1,G,CLOSED,CLOSED,request,PROVIDER,N/A,,3588.480376998632,INFO,adaptador.request,true,exitoso,,,10238.759986005,10235.171505628,,,2026-09-05T00:19:01.963356Z
6cace2e7-9a56-426f-81d3-68afa6f236aa,run1_rep1,G,CLOSED,CLOSED,request,PROVIDER,N/A,,3599.1392100004305,INFO,adaptador.request,true,exitoso,,,10238.842914088,10235.243774878,,,2026-09-05T00:19:02.046246Z
7eeb759b-ec85-4a27-b342-cc426e424b54,run1_rep1,G,CLOSED,CLOSED,request,PROVIDER,N/A,,3686.2780429983104,INFO,adaptador.request,true,exitoso,,,10238.942514796,10235.256236753,,,2026-09-05T00:19:02.145849Z
9f54d5aa-1ee4-4e9f-8284-0c0f01588e0f,run1_rep1,G,CLOSED,CLOSED,request,PROVIDER,N/A,,3775.1389180011756,INFO,adaptador.request,true,exitoso,,,10239.043883713,10235.268744795,,,2026-09-05T00:19:02.247238Z
f62836ab-81b9-4068-889f-4981e1b07c72,run1_rep1,G,CLOSED,CLOSED,request,PROVIDER,N/A,,3824.4003349991544,INFO,adaptador.request,true,exitoso,,,10239.12186738,10235.297467045,,,2026-09-05T00:19:02.325212Z
2d01d96b-43e4-41f4-965a-7f6287122417,run1_rep1,G,CLOSED,CLOSED,request,PROVIDER,N/A,,3892.9741270003433,INFO,adaptador.request,true,exitoso,,,10239.192573005,10235.299598878,,,2026-09-05T00:19:02.395941Z
2c8fb00e-2bea-4e8a-bcec-b529907d44a8,run1_rep1,G,CLOSED,CLOSED,request,PROVIDER,N/A,,3877.949752000859,INFO,adaptador.request,true,exitoso,,,10239.255977172,10235.37802742,,,2026-09-05T00:19:02.459348Z
80869236-e5bf-491a-ae3a-545f4d16389d,run1_rep1,G,CLOSED,CLOSED,request,PROVIDER,N/A,,3889.818543999354,INFO,adaptador.request,true,exitoso,,,10239.341603547,10235.451785003,,,2026-09-05T00:19:02.544897Z
bfc93391-175e-44ef-98a7-bf49c6b68db1,run1_rep1,G,CLOSED,CLOSED,request,PROVIDER,N/A,,3868.738626999402,INFO,adaptador.request,true,exitoso,,,10239.409575172,10235.540836545,,,2026-09-05T00:19:02.612916Z
c8aac06c-6b01-4da9-a7e1-d9d329198ca5,run1_rep1,G,CLOSED,CLOSED,request,PROVIDER,N/A,,3626.2455850010156,INFO,adaptador.request,true,exitoso,,,10239.479903838,10235.853658253,,,2026-09-05T00:19:02.683229Z
8f7a51d0-dbf5-486e-a784-a42fcf43b3f1,run1_rep1,G,CLOSED,CLOSED,request,PROVIDER,N/A,,3691.861585000879,INFO,adaptador.request,true,exitoso,,,10239.545896255,10235.85403467,,,2026-09-05T00:19:02.749209Z
9cf0a000-ce50-4639-b4af-039b855732ca,run1_rep1,G,CLOSED,CLOSED,request,PROVIDER,N/A,,3741.0143759989296,INFO,adaptador.request,true,exitoso,,,10239.604832213,10235.863817837,,,2026-09-05T00:19:02.808159Z
38d4d5c5-fcf4-45bf-b3d0-65df7c0671da,run1_rep1,G,CLOSED,CLOSED,request,PROVIDER,N/A,,3606.657043001178,INFO,adaptador.request,true,exitoso,,,10239.68413438,10236.077477337,,,2026-09-05T00:19:02.887469Z
bc1f3c54-d08f-4c34-ba54-f589cf780ab7,run1_rep1,G,CLOSED,CLOSED,request,PROVIDER,N/A,,3608.6747930003185,INFO,adaptador.request,true,exitoso,,,10239.74912538,10236.140450587,,,2026-09-05T00:19:02.952444Z
29e55dba-e5ff-48bb-889a-fe6e21e8f2ac,run1_rep1,G,CLOSED,CLOSED,request,PROVIDER,N/A,,3678.566918000797,INFO,adaptador.request,true,exitoso,,,10239.852277755,10236.173710837,,,2026-09-05T00:19:03.055599Z
66cd5111-3594-4842-9f23-191bb77e9c20,run1_rep1,G,CLOSED,CLOSED,request,PROVIDER,N/A,,3701.9872099990607,INFO,adaptador.request,true,exitoso,,,10239.913721255,10236.211734045,,,2026-09-05T00:19:03.117294Z
acb45c87-324e-4fda-8e94-f956d38042c4,run1_rep1,G,CLOSED,CLOSED,request,PROVIDER,N/A,,3772.7255429999786,INFO,adaptador.request,true,exitoso,,,10240.002431255,10236.229705712,,,2026-09-05T00:19:03.205690Z
7f531a6c-2683-4137-9c4f-df052d7f074c,run1_rep1,G,CLOSED,CLOSED,request,PROVIDER,N/A,,3621.1250010001095,INFO,adaptador.request,true,exitoso,,,10240.071410005,10236.450285004,,,2026-09-05T00:19:03.274688Z
0b1a1edf-0036-44b0-a9e6-22553c3f3b03,run1_rep1,G,CLOSED,CLOSED,request,PROVIDER,N/A,,3691.1460850005824,INFO,adaptador.request,true,exitoso,,,10240.142724297,10236.451578212,,,2026-09-05T00:19:03.346033Z
d621a11b-2ee9-42b4-b2ec-080fdc9051d7,run1_rep1,G,CLOSED,CLOSED,request,PROVIDER,N/A,,3684.3713769994793,INFO,adaptador.request,true,exitoso,,,10240.221611547,10236.53724017,,,2026-09-05T00:19:03.424935Z
21e9d992-f042-494b-b361-a79100acbbb8,run1_rep1,G,CLOSED,CLOSED,request,PROVIDER,N/A,,3756.5324600000167,INFO,adaptador.request,true,exitoso,,,10240.317281964,10236.560749504,,,2026-09-05T00:19:03.520613Z
a9af156e-58c3-48ad-8ea0-c6668f4e979f,run1_rep1,G,CLOSED,CLOSED,request,PROVIDER,N/A,,3679.970584998955,INFO,adaptador.request,true,exitoso,,,10240.413800339,10236.733829754,,,2026-09-05T00:19:03.617101Z
6d304a1a-6ed5-4f6c-b1d8-c0a7abbc6f36,run1_rep1,G,CLOSED,CLOSED,request,PROVIDER,N/A,,3691.5535850002925,INFO,adaptador.request,true,exitoso,,,10240.503112922,10236.811559337,,,2026-09-05T00:19:03.706375Z
2feb880c-886e-40a7-a373-f1fcf3126ccf,run1_rep1,G,CLOSED,CLOSED,request,PROVIDER,N/A,,3732.0191689996136,INFO,adaptador.request,true,exitoso,,,10240.596498464,10236.864479295,,,2026-09-05T00:19:03.799811Z
5584adae-ab6f-42ab-a2d6-e4801817ed2d,run1_rep1,G,CLOSED,CLOSED,request,PROVIDER,N/A,,3663.1224600005226,INFO,adaptador.request,true,exitoso,,,10240.666531506,10237.003409046,,,2026-09-05T00:19:03.869851Z
d94ab69a-2e6c-423b-801a-cc2d06294133,run1_rep1,G,CLOSED,CLOSED,request,PROVIDER,N/A,,3679.8547510006756,INFO,adaptador.request,true,exitoso,,,10240.750654297,10237.070799546,,,2026-09-05T00:19:03.953986Z
65301147-9bfa-428b-b279-10f79cf5d5a4,run1_rep1,G,CLOSED,CLOSED,request,PROVIDER,N/A,,3621.663918000195,INFO,adaptador.request,true,exitoso,,,10240.806085422,10237.184421504,,,2026-09-05T00:19:04.009403Z
7acc61e6-8074-4a31-9dcc-2e8743634229,run1_rep1,G,CLOSED,CLOSED,request,PROVIDER,N/A,,3573.5940850008774,INFO,adaptador.request,true,exitoso,,,10240.881220506,10237.307626421,,,2026-09-05T00:19:04.084521Z
89928961-0702-4823-bef4-71915a04b771,run1_rep1,G,CLOSED,CLOSED,request,PROVIDER,N/A,,3596.4466679997713,INFO,adaptador.request,true,exitoso,,,10240.987068297,10237.390621629,,,2026-09-05T00:19:04.190399Z
d53fe350-ff66-40c9-a584-0e90505ebf32,run1_rep1,G,CLOSED,CLOSED,request,PROVIDER,N/A,,3599.0483349996794,INFO,adaptador.request,true,exitoso,,,10241.046074089,10237.447025754,,,2026-09-05T00:19:04.249406Z
f45e39c8-0b85-474a-9980-15ed9513e84d,run1_rep1,G,CLOSED,CLOSED,request,PROVIDER,N/A,,3643.293459999768,INFO,adaptador.request,true,exitoso,,,10241.107049297,10237.463755837,,,2026-09-05T00:19:04.310390Z
b5dfd73c-8a0f-4818-bd27-a42a56b71355,run1_rep1,G,CLOSED,CLOSED,request,PROVIDER,N/A,,3681.4650440010155,INFO,adaptador.request,true,exitoso,,,10241.193766881,10237.512301837,,,2026-09-05T00:19:04.397060Z
356a9f59-3190-43d2-8f9a-baacaf9e65d1,run1_rep1,G,CLOSED,CLOSED,request,PROVIDER,N/A,,3686.6408360001515,INFO,adaptador.request,true,exitoso,,,10241.264103423,10237.577462587,,,2026-09-05T00:19:04.467420Z
ec59affa-d292-4525-81a1-d2953bbcab1a,run1_rep1,G,CLOSED,CLOSED,request,PROVIDER,N/A,,3568.5025849998055,INFO,adaptador.request,true,exitoso,,,10241.321218256,10237.752715671,,,2026-09-05T00:19:04.524511Z
0ab18f40-6778-42e2-be83-3d418c275df3,run1_rep1,G,CLOSED,CLOSED,request,PROVIDER,N/A,,3593.195792998813,INFO,adaptador.request,true,exitoso,,,10241.404293131,10237.811097338,,,2026-09-05T00:19:04.607605Z
11247fe2-8984-4391-9f9e-2fbba152a1a2,run1_rep1,G,CLOSED,CLOSED,request,PROVIDER,N/A,,3629.816334998395,INFO,adaptador.request,true,exitoso,,,10241.463941756,10237.834125421,,,2026-09-05T00:19:04.667278Z
6eef8e09-b5f2-4bf9-935e-8f0692cbb7fb,run1_rep1,G,CLOSED,CLOSED,request,PROVIDER,N/A,,3601.8397099996946,INFO,adaptador.request,true,exitoso,,,10241.558145464,10237.956305754,,,2026-09-05T00:19:04.761435Z
f6c030da-4f05-49a2-bdd9-e4a6c08ba8f0,run1_rep1,G,CLOSED,CLOSED,request,PROVIDER,N/A,,3515.2847929985,INFO,adaptador.request,true,exitoso,,,10241.621439714,10238.106154921,,,2026-09-05T00:19:04.824721Z
4e13678f-af91-4dad-8c73-b5072b35ca3a,run1_rep1,G,CLOSED,CLOSED,request,PROVIDER,N/A,,3614.309543001582,INFO,adaptador.request,true,exitoso,,,10241.723836839,10238.109527296,,,2026-09-05T00:19:04.927180Z
204e3631-8291-426b-ba27-3f8b8fe99f6b,run1_rep1,G,CLOSED,CLOSED,request,PROVIDER,N/A,,3681.2729610010138,INFO,adaptador.request,true,exitoso,,,10241.82589659,10238.144623629,,,2026-09-05T00:19:05.029260Z
145019ce-0f51-43a7-b7cd-5a43cfd42311,run1_rep1,G,CLOSED,CLOSED,request,PROVIDER,N/A,,3715.3471270012233,INFO,adaptador.request,true,exitoso,,,10241.902122215,10238.186775088,,,2026-09-05T00:19:05.105427Z
d03cd611-25c1-4a6b-b8c6-bd42746ded04,run1_rep1,G,CLOSED,CLOSED,request,PROVIDER,N/A,,3763.9154189982946,INFO,adaptador.request,true,exitoso,,,10241.99789684,10238.233981421,,,2026-09-05T00:19:05.201259Z
6a772f8b-6069-47f6-83ed-0cedb3ef44bc,run1_rep1,G,CLOSED,CLOSED,request,PROVIDER,N/A,,3683.363960000861,INFO,adaptador.request,true,exitoso,,,10242.054431631,10238.371067671,,,2026-09-05T00:19:05.257701Z
a3eae9f0-cc3d-401b-966a-ab9b96846b93,run1_rep1,G,CLOSED,CLOSED,request,PROVIDER,N/A,,3679.0278349999426,INFO,adaptador.request,true,exitoso,,,10242.133272965,10238.45424513,,,2026-09-05T00:19:05.336531Z
a47076bd-7677-4d86-b696-6470b55ecf17,run1_rep1,G,CLOSED,CLOSED,request,PROVIDER,N/A,,3675.612210001418,INFO,adaptador.request,true,exitoso,,,10242.217744506,10238.542132296,,,2026-09-05T00:19:05.421021Z
51d28348-a3f7-4731-aba9-0be980179bbd,run1_rep1,G,CLOSED,CLOSED,request,PROVIDER,N/A,,3672.7910850004264,INFO,adaptador.request,true,exitoso,,,10242.315721048,10238.642929963,,,2026-09-05T00:19:05.519026Z
38795bf6-405e-42bb-8408-e14ee151884f,run1_rep1,G,CLOSED,CLOSED,request,PROVIDER,N/A,,3628.267919000791,INFO,adaptador.request,true,exitoso,,,10242.39352834,10238.765260421,,,2026-09-05T00:19:05.596919Z
67665273-2768-4226-bd65-7cd7847264e0,run1_rep1,G,CLOSED,CLOSED,request,PROVIDER,N/A,,3648.707876998742,INFO,adaptador.request,true,exitoso,,,10242.502982715,10238.854274838,,,2026-09-05T00:19:05.706307Z
303ebeda-5cb2-45dd-9e0d-25ab15d0769c,run1_rep1,G,CLOSED,CLOSED,request,PROVIDER,N/A,,3671.0873350002657,INFO,adaptador.request,true,exitoso,,,10242.563692423,10238.892605088,,,2026-09-05T00:19:05.767044Z
9dfd34df-2091-49a1-9518-f5456def096f,run1_rep1,G,CLOSED,CLOSED,request,PROVIDER,N/A,,3670.359419000306,INFO,adaptador.request,true,exitoso,,,10242.660431382,10238.990071963,,,2026-09-05T00:19:05.863740Z
0545a728-f44a-4306-a342-ec8bd0fb0eb3,run1_rep1,G,CLOSED,CLOSED,request,PROVIDER,N/A,,3508.2287509994785,INFO,adaptador.request,true,exitoso,,,10242.736669548,10239.228440797,,,2026-09-05T00:19:05.939982Z
fa48f531-5070-46bc-8f54-0eb6bc7c3133,run1_rep1,G,CLOSED,CLOSED,request,PROVIDER,N/A,,3554.017668000597,INFO,adaptador.request,true,exitoso,,,10242.813464798,10239.25944713,,,2026-09-05T00:19:06.016866Z
9def8821-06c9-4bde-b2eb-ff219ca160ee,run1_rep1,G,CLOSED,CLOSED,request,PROVIDER,N/A,,3583.953459999975,INFO,adaptador.request,true,exitoso,,,10242.910550757,10239.326597297,,,2026-09-05T00:19:06.113939Z
2d0942a4-839d-4da8-a545-2c5bfcb13726,run1_rep1,G,CLOSED,CLOSED,request,PROVIDER,N/A,,3666.8010849989514,INFO,adaptador.request,true,exitoso,,,10242.998916632,10239.332115547,,,2026-09-05T00:19:06.202327Z
e66549c7-1e0a-4b38-8d3c-7fbb239e0452,run1_rep1,G,CLOSED,CLOSED,request,PROVIDER,N/A,,3734.081876998971,INFO,adaptador.request,true,exitoso,,,10243.086282465,10239.352200588,,,2026-09-05T00:19:06.289585Z
efd731d5-b05e-44f1-8062-9c6301dbd9ff,run1_rep1,G,CLOSED,CLOSED,request,PROVIDER,N/A,,3735.254626999449,INFO,adaptador.request,true,exitoso,,,10243.16349934,10239.428244713,,,2026-09-05T00:19:06.366923Z
80458632-a742-4421-806b-fad3e35b7fae,run1_rep1,G,CLOSED,CLOSED,request,PROVIDER,N/A,,3801.0472930000105,INFO,adaptador.request,true,exitoso,,,10243.25794309,10239.456895797,,,2026-09-05T00:19:06.461287Z
27b19afe-4714-4d36-8322-366dc37df0f7,run1_rep1,G,CLOSED,CLOSED,request,PROVIDER,N/A,,3864.834543001052,INFO,adaptador.request,true,exitoso,,,10243.362871465,10239.498036922,,,2026-09-05T00:19:06.566167Z
7cba79ac-7703-4dc0-a932-2e7fe7fad8d5,run1_rep1,G,CLOSED,CLOSED,request,PROVIDER,N/A,,3755.192544000238,INFO,adaptador.request,true,exitoso,,,10243.421536632,10239.666344088,,,2026-09-05T00:19:06.624803Z
07e9fb6a-cff8-4c85-b607-e7877ae837ae,run1_rep1,G,CLOSED,CLOSED,request,PROVIDER,N/A,,3833.019793999483,INFO,adaptador.request,true,exitoso,,,10243.499934549,10239.666914755,,,2026-09-05T00:19:06.703268Z
faef5ab4-17e3-42ee-9c06-ce2503cec3b3,run1_rep1,G,CLOSED,CLOSED,request,PROVIDER,N/A,,3859.8871269987285,INFO,adaptador.request,true,exitoso,,,10243.561457507,10239.70157038,,,2026-09-05T00:19:06.764721Z
0fa08851-cb9f-4db5-8df3-43e96c16ee91,run1_rep1,G,CLOSED,CLOSED,request,PROVIDER,N/A,,3713.4552099996654,INFO,adaptador.request,true,exitoso,,,10243.62456809,10239.91111288,,,2026-09-05T00:19:06.827824Z
1f2c1e05-59d5-4ea8-ba2e-d62eccfc9551,run1_rep1,G,CLOSED,CLOSED,request,PROVIDER,N/A,,3610.733667999739,INFO,adaptador.request,true,exitoso,,,10243.68720209,10240.076468422,,,2026-09-05T00:19:06.890474Z
07fd6df5-1c98-4582-976f-598eb5193bb3,run1_rep1,G,CLOSED,CLOSED,request,PROVIDER,N/A,,3684.215793999101,INFO,adaptador.request,true,exitoso,,,10243.770116799,10240.085901005,,,2026-09-05T00:19:06.973355Z
c8627b56-2828-4ce4-b300-d760bc1a1880,run1_rep1,G,CLOSED,CLOSED,request,PROVIDER,N/A,,3611.9713769985538,INFO,adaptador.request,true,exitoso,,,10243.827271924,10240.215300547,,,2026-09-05T00:19:07.030552Z
f8e91a49-6bce-4692-8aaa-cabd45e2c152,run1_rep1,G,CLOSED,CLOSED,request,PROVIDER,N/A,,3680.3785849988344,INFO,adaptador.request,true,exitoso,,,10243.909775507,10240.229396922,,,2026-09-05T00:19:07.113095Z
2dd1e31e-1a4c-400a-bfd9-46c39175f67b,run1_rep1,G,CLOSED,CLOSED,request,PROVIDER,N/A,,3730.491334999897,INFO,adaptador.request,true,exitoso,,,10243.970182632,10240.239691297,,,2026-09-05T00:19:07.173485Z
8ca0ff40-8c9f-42cb-ac62-65c7a6468419,run1_rep1,G,CLOSED,CLOSED,request,PROVIDER,N/A,,3767.8317520003475,INFO,adaptador.request,true,exitoso,,,10244.040881507,10240.273049755,,,2026-09-05T00:19:07.244209Z
3284d05b-635f-4f12-9a60-6eb0da83c3f6,run1_rep1,G,CLOSED,CLOSED,request,PROVIDER,N/A,,3721.5797930002736,INFO,adaptador.request,true,exitoso,,,10244.148860507,10240.427280714,,,2026-09-05T00:19:07.352191Z
42b1fca6-c990-483b-9e40-55ba5d386b08,run1_rep1,G,CLOSED,CLOSED,request,PROVIDER,N/A,,3696.098251000876,INFO,adaptador.request,true,exitoso,,,10244.238276132,10240.542177881,,,2026-09-05T00:19:07.441583Z
03389318-2574-4dd2-9a5b-139f08860631,run1_rep1,G,CLOSED,CLOSED,request,PROVIDER,N/A,,3674.4242099994153,INFO,adaptador.request,true,exitoso,,,10244.329255841,10240.654831631,,,2026-09-05T00:19:07.532595Z
a85f2bd0-e1c5-4682-a448-7cd423feb86c,run1_rep1,G,CLOSED,CLOSED,request,PROVIDER,N/A,,3609.7984179996274,INFO,adaptador.request,true,exitoso,,,10244.421264257,10240.811465839,,,2026-09-05T00:19:07.624556Z
32f74fb5-29ef-438f-ada0-d4eef8dfa567,run1_rep1,G,CLOSED,CLOSED,request,PROVIDER,N/A,,3570.9700850002264,INFO,adaptador.request,true,exitoso,,,10244.485380632,10240.914410547,,,2026-09-05T00:19:07.688677Z
3f577754-dbf6-4de7-b732-f8c0f07aebf8,run1_rep1,G,CLOSED,CLOSED,request,PROVIDER,N/A,,3653.2160850001674,INFO,adaptador.request,true,exitoso,,,10244.592255632,10240.939039547,,,2026-09-05T00:19:07.795583Z
1db70210-27e7-4daa-a2ac-ffb3873e3cc0,run1_rep1,G,CLOSED,CLOSED,request,PROVIDER,N/A,,3724.47162699973,INFO,adaptador.request,true,exitoso,,,10244.671954758,10240.947483131,,,2026-09-05T00:19:07.875289Z
56379617-3040-404b-ad30-58e591e62066,run1_rep1,G,CLOSED,CLOSED,request,PROVIDER,N/A,,3696.7639609993057,INFO,adaptador.request,true,exitoso,,,10244.775237883,10241.078473922,,,2026-09-05T00:19:07.978581Z
d4da31ed-9d95-457d-ba46-8d78d43c8bd9,run1_rep1,G,CLOSED,CLOSED,request,PROVIDER,N/A,,3738.62629299947,INFO,adaptador.request,true,exitoso,,,10244.847162549,10241.108536256,,,2026-09-05T00:19:08.050485Z
d9352076-f095-4af7-b8de-443679f4d069,run1_rep1,G,CLOSED,CLOSED,request,PROVIDER,N/A,,3650.6190020008944,INFO,adaptador.request,true,exitoso,,,10244.904695466,10241.254076464,,,2026-09-05T00:19:08.108010Z
db8f4405-5ebc-49b2-9756-dcfe599d72c3,run1_rep1,G,CLOSED,CLOSED,request,PROVIDER,N/A,,3633.413752000706,INFO,adaptador.request,true,exitoso,,,10244.996037716,10241.362623964,,,2026-09-05T00:19:08.199337Z
290757a5-81d5-4b5e-a038-affad389c86a,run1_rep1,G,CLOSED,CLOSED,request,PROVIDER,N/A,,3724.047334999341,INFO,adaptador.request,true,exitoso,,,10245.087163049,10241.363115714,,,2026-09-05T00:19:08.290475Z
e5fcf005-c762-496b-aebd-c70a16e327f9,run1_rep1,G,CLOSED,CLOSED,request,PROVIDER,N/A,,3693.200084999262,INFO,adaptador.request,true,exitoso,,,10245.160331133,10241.467131048,,,2026-09-05T00:19:08.363638Z
94bfb2d7-54b8-444a-b48c-d754787fd1ee,run1_rep1,G,CLOSED,CLOSED,request,PROVIDER,N/A,,3661.19429399987,INFO,adaptador.request,true,exitoso,,,10245.229345633,10241.568151339,,,2026-09-05T00:19:08.432674Z
70e7df14-1f77-42c9-84ee-19c9b14c4cd5,run1_rep1,G,CLOSED,CLOSED,request,PROVIDER,N/A,,3742.0718360008323,INFO,adaptador.request,true,exitoso,,,10245.31102855,10241.568956714,,,2026-09-05T00:19:08.514333Z
e8cd0508-0388-4d2a-9ba8-793bd20254c4,run1_rep1,G,CLOSED,CLOSED,request,PROVIDER,N/A,,3760.2806689992576,INFO,adaptador.request,true,exitoso,,,10245.414615925,10241.654335256,,,2026-09-05T00:19:08.617948Z
5bb7c956-90dd-4594-91d2-5dae84d8fde9,run1_rep1,G,CLOSED,CLOSED,request,PROVIDER,N/A,,3703.5124609992636,INFO,adaptador.request,true,exitoso,,,10245.509042175,10241.805529714,,,2026-09-05T00:19:08.712361Z
d4537cb6-abaa-4d61-b026-76a45fce5289,run1_rep1,G,CLOSED,CLOSED,request,PROVIDER,N/A,,3740.1946259997203,INFO,adaptador.request,true,exitoso,,,10245.567300466,10241.82710584,,,2026-09-05T00:19:08.770631Z
52663bf0-3bfa-46b8-82a1-909251d6b5db,run1_rep1,G,CLOSED,CLOSED,request,PROVIDER,N/A,,3801.4067099993554,INFO,adaptador.request,true,exitoso,,,10245.645599091,10241.844192381,,,2026-09-05T00:19:08.848935Z
95711ef9-9ea8-4512-915a-c89e4da7b6a9,run1_rep1,G,CLOSED,CLOSED,request,PROVIDER,N/A,,3775.198127001204,INFO,adaptador.request,true,exitoso,,,10245.70803755,10241.932839423,,,2026-09-05T00:19:08.911412Z
8a7fbec7-e9c1-4f50-a2b1-60608e4713a7,run1_rep1,G,CLOSED,CLOSED,request,PROVIDER,N/A,,3659.7565850006504,INFO,adaptador.request,true,exitoso,,,10245.791555758,10242.131799173,,,2026-09-05T00:19:08.994919Z
3c300a26-5a46-46ab-93fe-ceaf3a3e778f,run1_rep1,G,CLOSED,CLOSED,request,PROVIDER,N/A,,3718.624043998716,INFO,adaptador.request,true,exitoso,,,10245.87785555,10242.159231506,,,2026-09-05T00:19:09.081156Z
4f540984-6ee5-4e0d-ac38-e42d8c070ea6,run1_rep1,G,CLOSED,CLOSED,request,PROVIDER,N/A,,3795.0617099995725,INFO,adaptador.request,true,exitoso,,,10245.963575508,10242.168513798,,,2026-09-05T00:19:09.166906Z
7d977ddd-f35e-4f5c-a3ce-2bdca08646d1,run1_rep1,G,CLOSED,CLOSED,request,PROVIDER,N/A,,3889.2876690006233,INFO,adaptador.request,true,exitoso,,,10246.068482217,10242.179194548,,,2026-09-05T00:19:09.271816Z
7355ce9a-9421-4a92-8a9e-44749e4f3997,run1_rep1,G,CLOSED,CLOSED,request,PROVIDER,N/A,,3932.425585000601,INFO,adaptador.request,true,exitoso,,,10246.137790008,10242.205364423,,,2026-09-05T00:19:09.341099Z
fd8a6e02-67b2-46c2-ab24-ad237e781391,run1_rep1,G,CLOSED,CLOSED,request,PROVIDER,N/A,,3866.821543999322,INFO,adaptador.request,true,exitoso,,,10246.203483092,10242.336661548,,,2026-09-05T00:19:09.406842Z
938e118c-c043-4637-83ee-7f061e115756,run1_rep1,G,CLOSED,CLOSED,request,PROVIDER,N/A,,3847.943751999992,INFO,adaptador.request,true,exitoso,,,10246.299324675,10242.451380923,,,2026-09-05T00:19:09.502642Z
9277db93-e974-4be8-8f54-ede426f24b17,run1_rep1,G,CLOSED,CLOSED,request,PROVIDER,N/A,,3697.1725009989314,INFO,adaptador.request,true,exitoso,,,10246.370621383,10242.673448882,,,2026-09-05T00:19:09.573993Z
f5454482-591b-4a04-b687-36c7fe1720e9,run1_rep1,G,CLOSED,CLOSED,request,PROVIDER,N/A,,3751.627126999665,INFO,adaptador.request,true,exitoso,,,10246.45783705,10242.706209923,,,2026-09-05T00:19:09.661175Z
923a3788-ae8a-40e0-b8ff-a3e11522c2c2,run1_rep1,G,CLOSED,CLOSED,request,PROVIDER,N/A,,3737.8182939992257,INFO,adaptador.request,true,exitoso,,,10246.543938592,10242.806120298,,,2026-09-05T00:19:09.747277Z
2cc41ba4-a4a9-4e2a-bc31-e121485081fd,run1_rep1,G,CLOSED,CLOSED,request,PROVIDER,N/A,,3628.7967520001985,INFO,adaptador.request,true,exitoso,,,10246.602459592,10242.97366284,,,2026-09-05T00:19:09.805760Z
