request_id,ejecucion_id,escenario,estado_circuito_fin,estado_circuito_inicio,event_type,fuente_respuesta,hit_miss,latencia_proveedor_ms,latencia_total_ms,level,logger,proveedor_invocado,resultado,tiempo_conmutacion_ms,timestamp_deteccion,timestamp_fin,timestamp_inicio,timestamp_respuesta_cache,tipo_error,ts_wall
51a38dda-201f-4f5c-bfb9-5682118100fa,run1_rep3,A,CLOSED,CLOSED,request,PROVIDER,N/A,,100.48354199898313,INFO,adaptador.request,true,exitoso,,,9086.993273105,9086.892789563,,,2026-09-04T23:59:50.189360Z
c72444b4-ac37-4328-82c2-8991f3333d69,run1_rep3,A,CLOSED,CLOSED,request,PROVIDER,N/A,,189.98349999856146,INFO,adaptador.request,true,exitoso,,,9087.08360798,9086.89362448,,,2026-09-04T23:59:50.279679Z
72d266c4-2077-41b6-8bc6-f76226fd0ed4,run1_rep3,A,CLOSED,CLOSED,request,PROVIDER,N/A,,86.94966700022633,INFO,adaptador.request,true,exitoso,,,9087.326349855,9087.239400188,,,2026-09-04T23:59:50.522463Z
fb434f97-8585-4b18-aad9-24deb2e4f915,run1_rep3,A,CLOSED,CLOSED,request,PROVIDER,N/A,,95.49104200050351,INFO,adaptador.request,true,exitoso,,,9087.48354298,9087.388051938,,,2026-09-04T23:59:50.679596Z
16d0ddee-dcc6-466b-83d6-81a409cec931,run1_rep3,A,CLOSED,CLOSED,request,PROVIDER,N/A,,95.95545799857064,INFO,adaptador.request,true,exitoso,,,9087.80242773,9087.706472272,,,2026-09-04T23:59:50.998515Z
bfdc4c04-732e-4304-a666-9a83acb06c39,run1_rep3,A,CLOSED,CLOSED,request,PROVIDER,N/A,,100.76425000079325,INFO,adaptador.request,true,exitoso,,,9087.858966022,9087.758201772,,,2026-09-04T23:59:51.055070Z
0953be96-97f9-4c66-afa6-a607403ebb97,run1_rep3,A,CLOSED,CLOSED,request,PROVIDER,N/A,,93.76308399987465,INFO,adaptador.request,true,exitoso,,,9088.398597939,9088.304834855,,,2026-09-04T23:59:51.594700Z
0f52bf12-4f99-479f-b10c-f48cbd0cbd78,run1_rep3,A,CLOSED,CLOSED,request,PROVIDER,N/A,,193.9639169995644,INFO,adaptador.request,true,exitoso,,,9088.499823147,9088.30585923,,,2026-09-04T23:59:51.695964Z
bd7f6979-a60e-45fb-bc65-01d636c67da2,run1_rep3,A,CLOSED,CLOSED,request,PROVIDER,N/A,,105.11891699934495,INFO,adaptador.request,true,exitoso,,,9088.854058939,9088.748940022,,,2026-09-04T23:59:52.050169Z
f598d1c0-55d2-4bfc-b954-cf7e57fc6bca,run1_rep3,A,CLOSED,CLOSED,request,PROVIDER,N/A,,84.73604199934925,INFO,adaptador.request,true,exitoso,,,9088.945199064,9088.860463022,,,2026-09-04T23:59:52.141262Z
b842f0ec-3abe-49ae-b0cf-74ea1c901870,run1_rep3,A,CLOSED,CLOSED,request,PROVIDER,N/A,,89.54450000055658,INFO,adaptador.request,true,exitoso,,,9089.216325481,9089.126780981,,,2026-09-04T23:59:52.412473Z
69c130d2-fcd1-4859-813c-ad68d0fd65fb,run1_rep3,A,CLOSED,CLOSED,request,PROVIDER,N/A,,75.29070900091028,INFO,adaptador.request,true,exitoso,,,9089.392422023,9089.317131314,,,2026-09-04T23:59:52.588536Z
bdb75e3a-9042-4f73-b6e5-9a7830cd74f7,run1_rep3,A,CLOSED,CLOSED,request,PROVIDER,N/A,,99.58299999925657,INFO,adaptador.request,true,exitoso,,,9089.479989898,9089.380406898,,,2026-09-04T23:59:52.676223Z
12c4868a-ec7b-4294-9ab4-46190d8a8491,run1_rep3,A,CLOSED,CLOSED,request,PROVIDER,N/A,,92.49049999925774,INFO,adaptador.request,true,exitoso,,,9089.712289731,9089.619799231,,,2026-09-04T23:59:52.908384Z
608cd239-840f-496b-b99e-feae3a3f9db9,run1_rep3,A,CLOSED,CLOSED,request,PROVIDER,N/A,,103.62933299984434,INFO,adaptador.request,true,exitoso,,,9089.860734814,9089.757105481,,,2026-09-04T23:59:53.056790Z
14f03a80-544b-47b1-aef2-6481d4864267,run1_rep3,A,CLOSED,CLOSED,request,PROVIDER,N/A,,76.46362500054238,INFO,adaptador.request,true,exitoso,,,9090.074576356,9089.998112731,,,2026-09-04T23:59:53.270654Z
8672b5f1-9b1e-4aa0-8a90-640ab56a1401,run1_rep3,A,CLOSED,CLOSED,request,PROVIDER,N/A,,75.9983750012907,INFO,adaptador.request,true,exitoso,,,9090.262543606,9090.186545231,,,2026-09-04T23:59:53.458626Z
ee1ce607-9ee2-4268-9a63-8f66a646f437,run1_rep3,A,CLOSED,CLOSED,request,PROVIDER,N/A,,133.2552920011949,INFO,adaptador.request,true,exitoso,,,9090.36720319,9090.233947898,,,2026-09-04T23:59:53.563330Z
5785ff0e-83ff-4d38-a8d0-3f87660824b3,run1_rep3,A,CLOSED,CLOSED,request,PROVIDER,N/A,,62.06858299992746,INFO,adaptador.request,true,exitoso,,,9090.642947315,9090.580878732,,,2026-09-04T23:59:53.839120Z
ee7958a5-5480-4c3e-94ca-94c9098a5e05,run1_rep3,A,CLOSED,CLOSED,request,PROVIDER,N/A,,65.09670900049969,INFO,adaptador.request,true,exitoso,,,9090.858449357,9090.793352648,,,2026-09-04T23:59:54.054551Z
9eb7ccba-0fba-469e-83e9-0643ec1f9b05,run1_rep3,A,CLOSED,CLOSED,request,PROVIDER,N/A,,99.28395799943246,INFO,adaptador.request,true,exitoso,,,9090.946594148,9090.84731019,,,2026-09-04T23:59:54.142735Z
bb78ef2d-d5ed-4c07-849c-0e8bb5a81fe1,run1_rep3,A,CLOSED,CLOSED,request,PROVIDER,N/A,,64.04400000064925,INFO,adaptador.request,true,exitoso,,,9091.149583357,9091.085539357,,,2026-09-04T23:59:54.345739Z
85f758f8-9baf-4739-ba12-ff847e4d8e15,run1_rep3,A,CLOSED,CLOSED,request,PROVIDER,N/A,,64.63962499947229,INFO,adaptador.request,true,exitoso,,,9091.283258607,9091.218618982,,,2026-09-04T23:59:54.479390Z
a036a5b3-d11c-4bda-8165-2c11a0e17e45,run1_rep3,A,CLOSED,CLOSED,request,PROVIDER,N/A,,104.61037499953818,INFO,adaptador.request,true,exitoso,,,9091.47974644,9091.375136065,,,2026-09-04T23:59:54.675827Z
037f66ae-2f7b-452e-b009-e032d4d8eaa7,run1_rep3,A,CLOSED,CLOSED,request,PROVIDER,N/A,,62.1515000002546,INFO,adaptador.request,true,exitoso,,,9091.725136899,9091.662985399,,,2026-09-04T23:59:54.921196Z
6873ce5e-bb3f-430c-b1b9-1a7256267b47,run1_rep3,A,CLOSED,CLOSED,request,PROVIDER,N/A,,83.15183400009118,INFO,adaptador.request,true,exitoso,,,9091.884985149,9091.801833315,,,2026-09-04T23:59:55.081093Z
5137c11a-351a-44a1-ae2f-46d216bad523,run1_rep3,A,CLOSED,CLOSED,request,PROVIDER,N/A,,88.63683399977162,INFO,adaptador.request,true,exitoso,,,9091.955709399,9091.867072565,,,2026-09-04T23:59:55.152181Z
b1dd446f-5029-4258-9fe7-b69189589625,run1_rep3,A,CLOSED,CLOSED,request,PROVIDER,N/A,,84.79070899920771,INFO,adaptador.request,true,exitoso,,,9092.365761899,9092.28097119,,,2026-09-04T23:59:55.562290Z
e3d3e964-9552-419a-b22f-881202ec4162,run1_rep3,A,CLOSED,CLOSED,request,PROVIDER,N/A,,59.02020800022001,INFO,adaptador.request,true,exitoso,,,9092.446890482,9092.387870274,,,2026-09-04T23:59:55.643433Z
c02f9bd9-b77d-4a1e-92c3-b39e41681eef,run1_rep3,A,CLOSED,CLOSED,request,PROVIDER,N/A,,87.12670899876684,INFO,adaptador.request,true,exitoso,,,9092.766379566,9092.679252857,,,2026-09-04T23:59:55.962976Z
80a0e26b-f2dc-4db1-86e5-6c9315012ef3,run1_rep3,A,CLOSED,CLOSED,request,PROVIDER,N/A,,78.95741699940118,INFO,adaptador.request,true,exitoso,,,9092.883405941,9092.804448524,,,2026-09-04T23:59:56.079920Z
938f4f28-acf5-481b-a3ec-8889d471cbc5,run1_rep3,A,CLOSED,CLOSED,request,PROVIDER,N/A,,73.49545800025226,INFO,adaptador.request,true,exitoso,,,9093.154213899,9093.080718441,,,2026-09-04T23:59:56.350713Z
3f86776d-6664-4042-9610-ee2a9a244e5b,run1_rep3,A,CLOSED,CLOSED,request,PROVIDER,N/A,,96.98699999898963,INFO,adaptador.request,true,exitoso,,,9093.287190316,9093.190203316,,,2026-09-04T23:59:56.483702Z
08e75b40-8f4a-475e-a99c-f4fb9fc1c6f9,run1_rep3,A,CLOSED,CLOSED,request,PROVIDER,N/A,,93.29516700017848,INFO,adaptador.request,true,exitoso,,,9093.517493108,9093.424197941,,,2026-09-04T23:59:56.714072Z
fb9aea4a-a832-4def-b467-71ec1abb26c2,run1_rep3,A,CLOSED,CLOSED,request,PROVIDER,N/A,,144.4205839998176,INFO,adaptador.request,true,exitoso,,,9093.577085483,9093.432664899,,,2026-09-04T23:59:56.773583Z
8cdd0d6c-0873-4a93-9320-9dfbe6af2bb1,run1_rep3,A,CLOSED,CLOSED,request,PROVIDER,N/A,,82.23383399854356,INFO,adaptador.request,true,exitoso,,,9093.976273608,9093.894039774,,,2026-09-04T23:59:57.172861Z
19407c25-02df-4df5-83c6-1d49b627c9aa,run1_rep3,A,CLOSED,CLOSED,request,PROVIDER,N/A,,135.81516700105567,INFO,adaptador.request,true,exitoso,,,9094.054123358,9093.918308191,,,2026-09-04T23:59:57.250634Z
a77511e0-5e65-4039-9697-5dd2d1d16581,run1_rep3,A,CLOSED,CLOSED,request,PROVIDER,N/A,,57.57770899981551,INFO,adaptador.request,true,exitoso,,,9094.471680775,9094.414103066,,,2026-09-04T23:59:57.668200Z
a593ef1a-aea5-49bd-a4c9-8196b6e95adc,run1_rep3,A,CLOSED,CLOSED,request,PROVIDER,N/A,,112.0522080000228,INFO,adaptador.request,true,exitoso,,,9094.566505358,9094.45445315,,,2026-09-04T23:59:57.763075Z
fc550e16-9160-4b6b-96d6-c11599f5afc0,run1_rep3,A,CLOSED,CLOSED,request,PROVIDER,N/A,,67.00837499920453,INFO,adaptador.request,true,exitoso,,,9094.714297608,9094.647289233,,,2026-09-04T23:59:57.910819Z
1a94df43-419a-4edc-99df-c98506337a0f,run1_rep3,A,CLOSED,CLOSED,request,PROVIDER,N/A,,98.16545899957418,INFO,adaptador.request,true,exitoso,,,9094.837138567,9094.738973108,,,2026-09-04T23:59:58.033719Z
9f5b552d-0e52-49e3-8a91-0a085a89fec2,run1_rep3,A,CLOSED,CLOSED,request,PROVIDER,N/A,,75.41466700058663,INFO,adaptador.request,true,exitoso,,,9095.197042942,9095.121628275,,,2026-09-04T23:59:58.393621Z
e233b5ea-b162-4884-ac96-6d929de5b138,run1_rep3,A,CLOSED,CLOSED,request,PROVIDER,N/A,,87.75708300163387,INFO,adaptador.request,true,exitoso,,,9095.361993775,9095.274236692,,,2026-09-04T23:59:58.558554Z
1edadf5f-6e7e-4115-bc17-ec60727a154f,run1_rep3,A,CLOSED,CLOSED,request,PROVIDER,N/A,,133.3544589997473,INFO,adaptador.request,true,exitoso,,,9095.457140442,9095.323785983,,,2026-09-04T23:59:58.653726Z
2e1e3f56-e90c-4ea0-a56f-e72b668053aa,run1_rep3,A,CLOSED,CLOSED,request,PROVIDER,N/A,,65.1212079992547,INFO,adaptador.request,true,exitoso,,,9095.660177025,9095.595055817,,,2026-09-04T23:59:58.856714Z
066926df-6537-4828-bdf5-3f1c204896e1,run1_rep3,A,CLOSED,CLOSED,request,PROVIDER,N/A,,117.41674999939278,INFO,adaptador.request,true,exitoso,,,9095.755151192,9095.637734442,,,2026-09-04T23:59:58.951670Z
e85aa09b-169d-4e8d-a8e7-0abac7c3a082,run1_rep3,A,CLOSED,CLOSED,request,PROVIDER,N/A,,69.38870799967845,INFO,adaptador.request,true,exitoso,,,9095.962131817,9095.892743109,,,2026-09-04T23:59:59.158648Z
59a5b67a-8364-4ccb-a653-e16d0c3f3e3f,run1_rep3,A,CLOSED,CLOSED,request,PROVIDER,N/A,,96.84766699865577,INFO,adaptador.request,true,exitoso,,,9096.249504151,9096.152656484,,,2026-09-04T23:59:59.446027Z
50363295-f88a-4c10-81fd-e71f8d9ecc3e,run1_rep3,A,CLOSED,CLOSED,request,PROVIDER,N/A,,156.9303750002291,INFO,adaptador.request,true,exitoso,,,9096.331302526,9096.174372151,,,2026-09-04T23:59:59.527792Z
076f97cc-311c-4eda-9558-1c5a22fbe992,run1_rep3,A,CLOSED,CLOSED,request,PROVIDER,N/A,,58.058374999745865,INFO,adaptador.request,true,exitoso,,,9096.508422984,9096.450364609,,,2026-09-04T23:59:59.704941Z
d1957796-5d0d-4e32-9351-394d97f724e9,run1_rep3,A,CLOSED,CLOSED,request,PROVIDER,N/A,,102.8452919999836,INFO,adaptador.request,true,exitoso,,,9096.829245818,9096.726400526,,,2026-09-05T00:00:00.025771Z
46025a85-a425-4f7a-8fe8-d66c1b313c08,run1_rep3,A,CLOSED,CLOSED,request,PROVIDER,N/A,,60.43041699922469,INFO,adaptador.request,true,exitoso,,,9097.038314026,9096.977883609,,,2026-09-05T00:00:00.234826Z
9c3f7a92-09ac-49aa-a55b-76857a09f06c,run1_rep3,A,CLOSED,CLOSED,request,PROVIDER,N/A,,139.25083299909602,INFO,adaptador.request,true,exitoso,,,9097.118206734,9096.978955901,,,2026-09-05T00:00:00.314726Z
233deda4-33dd-4ccb-ac1f-6c97424feed1,run1_rep3,A,CLOSED,CLOSED,request,PROVIDER,N/A,,107.2897499998362,INFO,adaptador.request,true,exitoso,,,9097.276718359,9097.169428609,,,2026-09-05T00:00:00.473215Z
c95f5f27-330a-4c26-901e-b2413c604ea4,run1_rep3,A,CLOSED,CLOSED,request,PROVIDER,N/A,,81.92645900089701,INFO,adaptador.request,true,exitoso,,,9097.394140693,9097.312214234,,,2026-09-05T00:00:00.590641Z
ac886027-cd69-493d-a286-3e403eaecf8f,run1_rep3,A,CLOSED,CLOSED,request,PROVIDER,N/A,,66.231709000931,INFO,adaptador.request,true,exitoso,,,9097.548492985,9097.482261276,,,2026-09-05T00:00:00.745087Z
e70c65f8-e3c1-4680-8d06-81c5afa5861b,run1_rep3,A,CLOSED,CLOSED,request,PROVIDER,N/A,,95.89541700006521,INFO,adaptador.request,true,exitoso,,,9097.704706985,9097.608811568,,,2026-09-05T00:00:00.901205Z
97ab0ef6-ca6c-4f7b-a8d5-4749917e55cf,run1_rep3,A,CLOSED,CLOSED,request,PROVIDER,N/A,,102.19858299933549,INFO,adaptador.request,true,exitoso,,,9097.818829401,9097.716630818,,,2026-09-05T00:00:01.015334Z
9adae7d1-506e-45bb-a8ef-4bbdd86366ae,run1_rep3,A,CLOSED,CLOSED,request,PROVIDER,N/A,,67.49008299993875,INFO,adaptador.request,true,exitoso,,,9098.044443943,9097.97695386,,,2026-09-05T00:00:01.240977Z
b908923a-9e33-4a3e-ba53-2096f1d2e20b,run1_rep3,A,CLOSED,CLOSED,request,PROVIDER,N/A,,168.5971660008363,INFO,adaptador.request,true,exitoso,,,9098.146561776,9097.97796461,,,2026-09-05T00:00:01.343114Z
23e9e7f4-0a67-460d-9aaf-cd0118d033e8,run1_rep3,A,CLOSED,CLOSED,request,PROVIDER,N/A,,125.55250100012927,INFO,adaptador.request,true,exitoso,,,9098.210136152,9098.084583651,,,2026-09-05T00:00:01.406675Z
ef83a3a5-310b-4d17-a3c9-55431ba9df3c,run1_rep3,A,CLOSED,CLOSED,request,PROVIDER,N/A,,88.91708299961465,INFO,adaptador.request,true,exitoso,,,9098.303552985,9098.214635902,,,2026-09-05T00:00:01.500078Z
320847b9-3512-4dc3-b5fe-539b4802d3fe,run1_rep3,A,CLOSED,CLOSED,request,PROVIDER,N/A,,101.82345800058101,INFO,adaptador.request,true,exitoso,,,9098.425882693,9098.324059235,,,2026-09-05T00:00:01.622436Z
b6f1e06b-e9d0-41ac-a7db-c48591706abb,run1_rep3,A,CLOSED,CLOSED,request,PROVIDER,N/A,,104.49949999929231,INFO,adaptador.request,true,exitoso,,,9098.658133485,9098.553633985,,,2026-09-05T00:00:01.854669Z
82c6f3f3-3c46-49a2-81ae-540598354277,run1_rep3,A,CLOSED,CLOSED,request,PROVIDER,N/A,,134.27099999898928,INFO,adaptador.request,true,exitoso,,,9098.756085443,9098.621814443,,,2026-09-05T00:00:01.952624Z
3bca9858-d457-433f-ace7-25907ac0e5f4,run1_rep3,A,CLOSED,CLOSED,request,PROVIDER,N/A,,211.79387499978475,INFO,adaptador.request,true,exitoso,,,9098.84125011,9098.629456235,,,2026-09-05T00:00:02.037802Z
c38f9970-4d7e-4b16-9fef-0dee9ab39270,run1_rep3,A,CLOSED,CLOSED,request,PROVIDER,N/A,,234.54708400095114,INFO,adaptador.request,true,exitoso,,,9098.946714694,9098.71216761,,,2026-09-05T00:00:02.143250Z
22449253-0f0d-4ed1-bc8a-8de804bba295,run1_rep3,A,CLOSED,CLOSED,request,PROVIDER,N/A,,220.86791699985042,INFO,adaptador.request,true,exitoso,,,9099.043170194,9098.822302277,,,2026-09-05T00:00:02.239729Z
fe6e5c8a-3d46-447f-a90f-335424ed4abb,run1_rep3,A,CLOSED,CLOSED,request,PROVIDER,N/A,,141.15412499995728,INFO,adaptador.request,true,exitoso,,,9099.122652444,9098.981498319,,,2026-09-05T00:00:02.319184Z
0490a9ce-672b-4393-a794-d9687a96988f,run1_rep3,A,CLOSED,CLOSED,request,PROVIDER,N/A,,245.62516700098058,INFO,adaptador.request,true,exitoso,,,9099.227548569,9098.981923402,,,2026-09-05T00:00:02.424075Z
2d036841-0b5f-4056-8dd0-e33ed9601a10,run1_rep3,A,CLOSED,CLOSED,request,PROVIDER,N/A,,257.89691700083495,INFO,adaptador.request,true,exitoso,,,9099.312380277,9099.05448336,,,2026-09-05T00:00:02.508896Z
8cb6175e-3cd0-4c97-939f-a7997519d802,run1_rep3,A,CLOSED,CLOSED,request,PROVIDER,N/A,,327.2360840001056,INFO,adaptador.request,true,exitoso,,,9099.411262444,9099.08402636,,,2026-09-05T00:00:02.607809Z
1f5e2464-abee-4118-ae09-d5462f30cff0,run1_rep3,A,CLOSED,CLOSED,request,PROVIDER,N/A,,215.35620899885544,INFO,adaptador.request,true,exitoso,,,9099.475092944,9099.259736735,,,2026-09-05T00:00:02.671622Z
7d10dd6e-82b9-4256-b654-bb6bc1b98126,run1_rep3,A,CLOSED,CLOSED,request,PROVIDER,N/A,,179.29145800007973,INFO,adaptador.request,true,exitoso,,,9099.567331985,9099.388040527,,,2026-09-05T00:00:02.763865Z
b0d6878e-0f4e-4e85-82a4-0fc41b4b09c6,run1_rep3,A,CLOSED,CLOSED,request,PROVIDER,N/A,,102.84620799939148,INFO,adaptador.request,true,exitoso,,,9099.632542402,9099.529696194,,,2026-09-05T00:00:02.829076Z
07782364-ba09-4afc-a632-7a2273db7d9f,run1_rep3,A,CLOSED,CLOSED,request,PROVIDER,N/A,,67.79529199957324,INFO,adaptador.request,true,exitoso,,,9099.702854444,9099.635059152,,,2026-09-05T00:00:02.899384Z
0105ae47-ed38-4fae-9783-e5d2dbee24ee,run1_rep3,A,CLOSED,CLOSED,request,PROVIDER,N/A,,93.49912499965285,INFO,adaptador.request,true,exitoso,,,9099.778046402,9099.684547277,,,2026-09-05T00:00:02.974620Z
e73a2445-5b6f-4af7-9bd2-149ebc393b18,run1_rep3,A,CLOSED,CLOSED,request,PROVIDER,N/A,,62.787917000605376,INFO,adaptador.request,true,exitoso,,,9099.862723319,9099.799935402,,,2026-09-05T00:00:03.059222Z
6525f904-fa59-481d-9f97-3cd3aef9f8d8,run1_rep3,A,CLOSED,CLOSED,request,PROVIDER,N/A,,91.06979199896159,INFO,adaptador.request,true,exitoso,,,9099.924772236,9099.833702444,,,2026-09-05T00:00:03.121259Z
7df7c18a-e965-450d-bf94-41ef8255d3e7,run1_rep3,A,CLOSED,CLOSED,request,PROVIDER,N/A,,103.24445799960813,INFO,adaptador.request,true,exitoso,,,9099.995217902,9099.891973444,,,2026-09-05T00:00:03.191690Z
6d939d8b-42a3-4095-9532-2b5f49e48f3b,run1_rep3,A,CLOSED,CLOSED,request,PROVIDER,N/A,,130.68883400046616,INFO,adaptador.request,true,exitoso,,,9100.057829236,9099.927140402,,,2026-09-05T00:00:03.254342Z
0fc593e3-7365-47dc-a0c1-97cc96daccbc,run1_rep3,A,CLOSED,CLOSED,request,PROVIDER,N/A,,168.97579199940083,INFO,adaptador.request,true,exitoso,,,9100.152103986,9099.983128194,,,2026-09-05T00:00:03.348673Z
8ff6d609-24a3-423a-8274-ede030114c71,run1_rep3,A,CLOSED,CLOSED,request,PROVIDER,N/A,,225.59883299982175,INFO,adaptador.request,true,exitoso,,,9100.209239819,9099.983640986,,,2026-09-05T00:00:03.405785Z
a469e24a-1047-482e-ac73-848edc7a2270,run1_rep3,A,CLOSED,CLOSED,request,PROVIDER,N/A,,317.67508299890324,INFO,adaptador.request,true,exitoso,,,9100.317165944,9099.999490861,,,2026-09-05T00:00:03.513666Z
fcba43bf-f8b1-4d90-bff3-cb386f908008,run1_rep3,A,CLOSED,CLOSED,request,PROVIDER,N/A,,391.21800099928805,INFO,adaptador.request,true,exitoso,,,9100.413696528,9100.022478527,,,2026-09-05T00:00:03.610201Z
6ea31f27-080d-4799-8089-5c8c69515bc0,run1_rep3,A,CLOSED,CLOSED,request,PROVIDER,N/A,,374.7220009990997,INFO,adaptador.request,true,exitoso,,,9100.484017153,9100.109295152,,,2026-09-05T00:00:03.680544Z
d00c85b5-1b8f-41ac-b272-e472bc6b9a60,run1_rep3,A,CLOSED,CLOSED,request,PROVIDER,N/A,,426.8908329995611,INFO,adaptador.request,true,exitoso,,,9100.593221194,9100.166330361,,,2026-09-05T00:00:03.789745Z
9e61f246-f442-4628-bee1-ec50efb6a4f4,run1_rep3,A,CLOSED,CLOSED,request,PROVIDER,N/A,,383.41050000053656,INFO,adaptador.request,true,exitoso,,,9100.691896278,9100.308485778,,,2026-09-05T00:00:03.888436Z
d250cd18-317c-4cf8-b6cc-b6470e3a08a8,run1_rep3,A,CLOSED,CLOSED,request,PROVIDER,N/A,,341.4688329994533,INFO,adaptador.request,true,exitoso,,,9100.796404986,9100.454936153,,,2026-09-05T00:00:03.992956Z
d96e9012-e3c9-4919-94b3-1b8d4e3b8d2d,run1_rep3,A,CLOSED,CLOSED,request,PROVIDER,N/A,,341.69570800077054,INFO,adaptador.request,true,exitoso,,,9100.891678944,9100.549983236,,,2026-09-05T00:00:04.088243Z
92749c51-9936-40b7-94f0-0f0e9fd31d95,run1_rep3,A,CLOSED,CLOSED,request,PROVIDER,N/A,,328.5096249983326,INFO,adaptador.request,true,exitoso,,,9100.966892194,9100.638382569,,,2026-09-05T00:00:04.163441Z
25355db6-535c-4292-9490-23d79383ddf3,run1_rep3,A,CLOSED,CLOSED,request,PROVIDER,N/A,,406.01841699935903,INFO,adaptador.request,true,exitoso,,,9101.061995111,9100.655976694,,,2026-09-05T00:00:04.258523Z
7e157980-84bc-4d9c-a5d4-b8b71d2a2caf,run1_rep3,A,CLOSED,CLOSED,request,PROVIDER,N/A,,474.1076249993057,INFO,adaptador.request,true,exitoso,,,9101.139403903,9100.665296278,,,2026-09-05T00:00:04.335934Z
633e685f-2dfd-4966-ae49-9aa978a08b4d,run1_rep3,A,CLOSED,CLOSED,request,PROVIDER,N/A,,331.7197500000475,INFO,adaptador.request,true,exitoso,,,9101.199250486,9100.867530736,,,2026-09-05T00:00:04.395748Z
4572ce67-6c6f-481a-ad97-f7e2e1812536,run1_rep3,A,CLOSED,CLOSED,request,PROVIDER,N/A,,398.6213330008468,INFO,adaptador.request,true,exitoso,,,9101.270993861,9100.872372528,,,2026-09-05T00:00:04.467555Z
da1e765a-42ee-4355-a4fe-38e04e7098e5,run1_rep3,A,CLOSED,CLOSED,request,PROVIDER,N/A,,458.5612079990824,INFO,adaptador.request,true,exitoso,,,9101.352259361,9100.893698153,,,2026-09-05T00:00:04.548784Z
81da56e1-294d-47d0-a8c0-692930367e3b,run1_rep3,A,CLOSED,CLOSED,request,PROVIDER,N/A,,439.97650100027386,INFO,adaptador.request,true,exitoso,,,9101.42568607,9100.985709569,,,2026-09-05T00:00:04.622262Z
7d5fccc3-4f82-4b12-b60d-29d731405014,run1_rep3,A,CLOSED,CLOSED,request,PROVIDER,N/A,,526.3850840001396,INFO,adaptador.request,true,exitoso,,,9101.512595695,9100.986210611,,,2026-09-05T00:00:04.709094Z
a1009a1d-04ba-4d43-9e53-67a27a011ecf,run1_rep3,A,CLOSED,CLOSED,request,PROVIDER,N/A,,538.4749999993801,INFO,adaptador.request,true,exitoso,,,9101.608325653,9101.069850653,,,2026-09-05T00:00:04.804857Z
c7443ce4-dcb0-4cd6-86d6-4a14d688c677,run1_rep3,A,CLOSED,CLOSED,request,PROVIDER,N/A,,414.1310830000293,INFO,adaptador.request,true,exitoso,,,9101.692527361,9101.278396278,,,2026-09-05T00:00:04.889053Z
7eaef19f-4fe3-4d23-9c38-cbdada8f8b53,run1_rep3,A,CLOSED,CLOSED,request,PROVIDER,N/A,,460.1623759990616,INFO,adaptador.request,true,exitoso,,,9101.766492862,9101.306330486,,,2026-09-05T00:00:04.963089Z
780a017a-8cdf-4ba8-911d-7cc9166e2e78,run1_rep3,A,CLOSED,CLOSED,request,PROVIDER,N/A,,512.4150000010559,INFO,adaptador.request,true,exitoso,,,9101.866609528,9101.354194528,,,2026-09-05T00:00:05.063119Z
bee99880-6b74-4682-935b-a84721d2b02c,run1_rep3,A,CLOSED,CLOSED,request,PROVIDER,N/A,,549.2010420002771,INFO,adaptador.request,true,exitoso,,,9101.94289782,9101.393696778,,,2026-09-05T00:00:05.139377Z
3be8ee9e-8442-4d5a-ab64-5da148278b2e,run1_rep3,A,CLOSED,CLOSED,request,PROVIDER,N/A,,503.5459170012473,INFO,adaptador.request,true,exitoso,,,9102.013773778,9101.510227861,,,2026-09-05T00:00:05.210237Z
8d21a43e-17b2-4aad-b3bd-5345ebc75244,run1_rep3,A,CLOSED,CLOSED,request,PROVIDER,N/A,,456.1686249999184,INFO,adaptador.request,true,exitoso,,,9102.07050132,9101.614332695,,,2026-09-05T00:00:05.266975Z
5e0eae1b-d257-41f5-9ebd-229cea7950f9,run1_rep3,A,CLOSED,CLOSED,request,PROVIDER,N/A,,488.34650099888677,INFO,adaptador.request,true,exitoso,,,9102.128787987,9101.640441486,,,2026-09-05T00:00:05.325288Z
ffed12d9-fcc0-4e6f-802d-495ca9c658eb,run1_rep3,A,CLOSED,CLOSED,request,PROVIDER,N/A,,505.5516259999422,INFO,adaptador.request,true,exitoso,,,9102.188288737,9101.682737111,,,2026-09-05T00:00:05.384833Z
ac41425d-8df0-4f8d-90a0-d70a78ca5c7b,run1_rep3,A,CLOSED,CLOSED,request,PROVIDER,N/A,,603.8468330007163,INFO,adaptador.request,true,exitoso,,,9102.287160403,9101.68331357,,,2026-09-05T00:00:05.483685Z
56b80d93-776f-4788-9a82-12c5005cb55b,run1_rep3,A,CLOSED,CLOSED,request,PROVIDER,N/A,,503.76991700068174,INFO,adaptador.request,true,exitoso,,,9102.354887695,9101.851117778,,,2026-09-05T00:00:05.551410Z
489a99c6-93c8-4b87-b912-00435da97a54,run1_rep3,A,CLOSED,CLOSED,request,PROVIDER,N/A,,579.6834169996146,INFO,adaptador.request,true,exitoso,,,9102.463586404,9101.883902987,,,2026-09-05T00:00:05.660378Z
e05e0151-cae0-47d2-b266-21b4eabee50c,run1_rep3,A,CLOSED,CLOSED,request,PROVIDER,N/A,,341.80270899923926,INFO,adaptador.request,true,exitoso,,,9102.537174612,9102.195371903,,,2026-09-05T00:00:05.733702Z
8bc83989-91cf-46eb-9da7-cb6179388012,run1_rep3,A,CLOSED,CLOSED,request,PROVIDER,N/A,,339.3827079999028,INFO,adaptador.request,true,exitoso,,,9102.59183882,9102.252456112,,,2026-09-05T00:00:05.788375Z
268750e9-fbeb-424d-a86e-6bb4d4586ab3,run1_rep3,A,CLOSED,CLOSED,request,PROVIDER,N/A,,429.3345000005502,INFO,adaptador.request,true,exitoso,,,9102.682199487,9102.252864987,,,2026-09-05T00:00:05.878768Z
7435b706-2a55-41dd-a362-69bc79acdd4d,run1_rep3,A,CLOSED,CLOSED,request,PROVIDER,N/A,,446.2110839995148,INFO,adaptador.request,true,exitoso,,,9102.750478529,9102.304267445,,,2026-09-05T00:00:05.947012Z
8a5194b0-5a53-4524-a44a-dd3a39fff8af,run1_rep3,A,CLOSED,CLOSED,request,PROVIDER,N/A,,497.5296669999807,INFO,adaptador.request,true,exitoso,,,9102.855139445,9102.357609778,,,2026-09-05T00:00:06.051685Z
d11575a1-e5dc-469a-a67b-8f82c219c0cf,run1_rep3,A,CLOSED,CLOSED,request,PROVIDER,N/A,,588.8806670009217,INFO,adaptador.request,true,exitoso,,,9102.959537695,9102.370657028,,,2026-09-05T00:00:06.156073Z
bdc182c8-8078-42bb-9267-d542aca8daaf,run1_rep3,A,CLOSED,CLOSED,request,PROVIDER,N/A,,497.837625000102,INFO,adaptador.request,true,exitoso,,,9103.021215112,9102.523377487,,,2026-09-05T00:00:06.217720Z
32672580-41bb-4c0b-979a-11fba22d1945,run1_rep3,A,CLOSED,CLOSED,request,PROVIDER,N/A,,506.12837500011665,INFO,adaptador.request,true,exitoso,,,9103.08364532,9102.577516945,,,2026-09-05T00:00:06.280158Z
00357e4e-954e-4199-93a3-c2562b0d5508,run1_rep3,A,CLOSED,CLOSED,request,PROVIDER,N/A,,553.3060010002373,INFO,adaptador.request,true,exitoso,,,9103.181523071,9102.62821707,,,2026-09-05T00:00:06.378046Z
c3098a2e-795a-4c22-b016-a9ac17020a92,run1_rep3,A,CLOSED,CLOSED,request,PROVIDER,N/A,,591.1579999992682,INFO,adaptador.request,true,exitoso,,,9103.262910029,9102.671752029,,,2026-09-05T00:00:06.459518Z
50fd4806-3e7c-45a2-8274-da617df48563,run1_rep3,A,CLOSED,CLOSED,request,PROVIDER,N/A,,612.9512919997069,INFO,adaptador.request,true,exitoso,,,9103.363288487,9102.750337195,,,2026-09-05T00:00:06.559806Z
45e312a8-89c0-4934-bb6e-49cfde8a8db7,run1_rep3,A,CLOSED,CLOSED,request,PROVIDER,N/A,,610.3928749998886,INFO,adaptador.request,true,exitoso,,,9103.434761237,9102.824368362,,,2026-09-05T00:00:06.631278Z
44e30d76-a2b4-4b43-9687-061954b52725,run1_rep3,A,CLOSED,CLOSED,request,PROVIDER,N/A,,410.2784589995281,INFO,adaptador.request,true,exitoso,,,9103.492645196,9103.082366737,,,2026-09-05T00:00:06.689196Z
95d96bb4-e1d7-46e1-a11e-dd7a271afd3e,run1_rep3,A,CLOSED,CLOSED,request,PROVIDER,N/A,,402.6361670003098,INFO,adaptador.request,true,exitoso,,,9103.557136779,9103.154500612,,,2026-09-05T00:00:06.753651Z
79e6bc8a-97ce-4938-9575-7bb2cba29071,run1_rep3,A,CLOSED,CLOSED,request,PROVIDER,N/A,,480.65574999964156,INFO,adaptador.request,true,exitoso,,,9103.657446529,9103.176790779,,,2026-09-05T00:00:06.853963Z
33ec67d1-b412-477b-baa7-e7b739ff8edd,run1_rep3,A,CLOSED,CLOSED,request,PROVIDER,N/A,,580.3051250004501,INFO,adaptador.request,true,exitoso,,,9103.757544904,9103.177239779,,,2026-09-05T00:00:06.954077Z
edfc4bda-92c9-4bbc-adc1-0deba7f1d9cf,run1_rep3,A,CLOSED,CLOSED,request,PROVIDER,N/A,,531.7049999994197,INFO,adaptador.request,true,exitoso,,,9103.821607946,9103.289902946,,,2026-09-05T00:00:07.018152Z
5b10c55d-c748-40d3-8bbd-cf37aaa55433,run1_rep3,A,CLOSED,CLOSED,request,PROVIDER,N/A,,564.825125000425,INFO,adaptador.request,true,exitoso,,,9103.904456946,9103.339631821,,,2026-09-05T00:00:07.101000Z
cd94d35b-4983-4e7e-81a7-c683f5871c2e,run1_rep3,A,CLOSED,CLOSED,request,PROVIDER,N/A,,491.903292000643,INFO,adaptador.request,true,exitoso,,,9103.992195029,9103.500291737,,,2026-09-05T00:00:07.188712Z
3b262437-2a20-4ede-b138-41a71cd562fb,run1_rep3,A,CLOSED,CLOSED,request,PROVIDER,N/A,,587.2487920005369,INFO,adaptador.request,true,exitoso,,,9104.090100113,9103.502851321,,,2026-09-05T00:00:07.286649Z
17e105c1-495d-4577-bea6-e3c7e50b1720,run1_rep3,A,CLOSED,CLOSED,request,PROVIDER,N/A,,516.6124169991235,INFO,adaptador.request,true,exitoso,,,9104.167972029,9103.651359612,,,2026-09-05T00:00:07.364507Z
da25c373-1cfe-48de-8194-d727799f8059,run1_rep3,A,CLOSED,CLOSED,request,PROVIDER,N/A,,448.14566599961836,INFO,adaptador.request,true,exitoso,,,9104.251176404,9103.803030738,,,2026-09-05T00:00:07.447740Z
bb42f79f-32e7-4a97-9724-9ee4e8925e43,run1_rep3,A,CLOSED,CLOSED,request,PROVIDER,N/A,,425.39079199923435,INFO,adaptador.request,true,exitoso,,,9104.320054238,9103.894663446,,,2026-09-05T00:00:07.516597Z
145c2739-e0a8-4cca-87ce-a0697bafc218,run1_rep3,A,CLOSED,CLOSED,request,PROVIDER,N/A,,485.6221669997467,INFO,adaptador.request,true,exitoso,,,9104.395968988,9103.910346821,,,2026-09-05T00:00:07.592547Z
870a0ad9-72e9-47bc-b112-b6ebcc656e26,run1_rep3,A,CLOSED,CLOSED,request,PROVIDER,N/A,,559.2485830002261,INFO,adaptador.request,true,exitoso,,,9104.486296904,9103.927048321,,,2026-09-05T00:00:07.682822Z
e27adb0f-30cb-4830-a4f6-a3e5af41abed,run1_rep3,A,CLOSED,CLOSED,request,PROVIDER,N/A,,553.7244169991027,INFO,adaptador.request,true,exitoso,,,9104.553649738,9103.999925321,,,2026-09-05T00:00:07.750177Z
eecd0ef9-159a-4e56-a8e2-6e466f57a6f5,run1_rep3,A,CLOSED,CLOSED,request,PROVIDER,N/A,,573.8559579986031,INFO,adaptador.request,true,exitoso,,,9104.644159446,9104.070303488,,,2026-09-05T00:00:07.840685Z
24723dfe-c6a8-468e-bee1-ce39398b1b65,run1_rep3,A,CLOSED,CLOSED,request,PROVIDER,N/A,,543.7678750004125,INFO,adaptador.request,true,exitoso,,,9104.704402238,9104.160634363,,,2026-09-05T00:00:07.900961Z
5b4a437e-3602-4129-8d3c-a259ab8b9f93,run1_rep3,A,CLOSED,CLOSED,request,PROVIDER,N/A,,598.3877509988815,INFO,adaptador.request,true,exitoso,,,9104.772093655,9104.173705904,,,2026-09-05T00:00:07.968627Z
79bd5134-d6d4-46a6-b774-2e848175b7c1,run1_rep3,A,CLOSED,CLOSED,request,PROVIDER,N/A,,404.40862600007677,INFO,adaptador.request,true,exitoso,,,9104.85588028,9104.451471654,,,2026-09-05T00:00:08.052397Z
73943f4d-ab84-4635-bbdc-2136c14870f8,run1_rep3,A,CLOSED,CLOSED,request,PROVIDER,N/A,,367.91166699913447,INFO,adaptador.request,true,exitoso,,,9104.929729905,9104.561818238,,,2026-09-05T00:00:08.126262Z
ce4e0305-44ac-41c6-9a7b-16ae7a8fdb75,run1_rep3,A,CLOSED,CLOSED,request,PROVIDER,N/A,,442.7357499989739,INFO,adaptador.request,true,exitoso,,,9105.009369155,9104.566633405,,,2026-09-05T00:00:08.205871Z
7c84d77e-486b-4d87-8554-330f0019d3f9,run1_rep3,A,CLOSED,CLOSED,request,PROVIDER,N/A,,486.8522919987299,INFO,adaptador.request,true,exitoso,,,9105.10103253,9104.614180238,,,2026-09-05T00:00:08.297578Z
4141f1bd-3ecb-4927-9693-07665e2432f7,run1_rep3,A,CLOSED,CLOSED,request,PROVIDER,N/A,,473.3585000012681,INFO,adaptador.request,true,exitoso,,,9105.189906571,9104.716548071,,,2026-09-05T00:00:08.386435Z
935fb97a-c38d-4136-a70c-c17fbe0259cc,run1_rep3,A,CLOSED,CLOSED,request,PROVIDER,N/A,,563.9629590004915,INFO,adaptador.request,true,exitoso,,,9105.29199878,9104.728035821,,,2026-09-05T00:00:08.488532Z
92f37376-b5ae-42a0-9ab4-769b07b33ed1,run1_rep3,A,CLOSED,CLOSED,request,PROVIDER,N/A,,616.0687920000782,INFO,adaptador.request,true,exitoso,,,9105.38752478,9104.771455988,,,2026-09-05T00:00:08.584052Z
973dc83b-7ed7-46a7-be2a-452c370d3d90,run1_rep3,A,CLOSED,CLOSED,request,PROVIDER,N/A,,642.8585840003507,INFO,adaptador.request,true,exitoso,,,9105.475828905,9104.832970321,,,2026-09-05T00:00:08.672354Z
6a252bfb-34af-4b9b-8f3d-6b7fb5b25a78,run1_rep3,A,CLOSED,CLOSED,request,PROVIDER,N/A,,689.4150839998474,INFO,adaptador.request,true,exitoso,,,9105.531465322,9104.842050238,,,2026-09-05T00:00:08.727980Z
14ab7f75-88de-416f-b5f9-54cbe9675e7a,run1_rep3,A,CLOSED,CLOSED,request,PROVIDER,N/A,,590.302917000372,INFO,adaptador.request,true,exitoso,,,9105.597246863,9105.006943946,,,2026-09-05T00:00:08.793757Z
b843664e-edfd-4171-ba4a-6e12711a6298,run1_rep3,A,CLOSED,CLOSED,request,PROVIDER,N/A,,505.24283300001116,INFO,adaptador.request,true,exitoso,,,9105.690147738,9105.184904905,,,2026-09-05T00:00:08.886678Z
378f292e-0fdf-408d-97c3-ac6aaa572432,run1_rep3,A,CLOSED,CLOSED,request,PROVIDER,N/A,,421.10720799973933,INFO,adaptador.request,true,exitoso,,,9105.794477738,9105.37337053,,,2026-09-05T00:00:08.990982Z
c948daf3-7507-4964-82bb-fbbfb9e9eda4,run1_rep3,A,CLOSED,CLOSED,request,PROVIDER,N/A,,411.5820420011005,INFO,adaptador.request,true,exitoso,,,9105.87641878,9105.464836738,,,2026-09-05T00:00:09.072990Z
3165a33b-edf7-4506-a8aa-0c244f141c80,run1_rep3,A,CLOSED,CLOSED,request,PROVIDER,N/A,,470.27374999925087,INFO,adaptador.request,true,exitoso,,,9105.955771322,9105.485497572,,,2026-09-05T00:00:09.152290Z
492dd270-7604-4b28-8793-87dcd7f9421f,run1_rep3,A,CLOSED,CLOSED,request,PROVIDER,N/A,,443.24362499901326,INFO,adaptador.request,true,exitoso,,,9106.047025322,9105.603781697,,,2026-09-05T00:00:09.243578Z
9a59f7d5-3ccc-4258-8a27-2d416318422f,run1_rep3,A,CLOSED,CLOSED,request,PROVIDER,N/A,,494.88108399964403,INFO,adaptador.request,true,exitoso,,,9106.105075447,9105.610194363,,,2026-09-05T00:00:09.301599Z
4b25e0b8-2bf3-4eb8-b032-01f996d2d6bd,run1_rep3,A,CLOSED,CLOSED,request,PROVIDER,N/A,,580.394583999805,INFO,adaptador.request,true,exitoso,,,9106.212882822,9105.632488238,,,2026-09-05T00:00:09.409428Z
b4e27fab-4366-4c40-a95a-f9a1455cf667,run1_rep3,A,CLOSED,CLOSED,request,PROVIDER,N/A,,645.0316249993193,INFO,adaptador.request,true,exitoso,,,9106.319747697,9105.674716072,,,2026-09-05T00:00:09.516258Z
285fdd65-558f-4ff0-bbc9-6572de24a692,run1_rep3,A,CLOSED,CLOSED,request,PROVIDER,N/A,,542.3217919997114,INFO,adaptador.request,true,exitoso,,,9106.398958114,9105.856636322,,,2026-09-05T00:00:09.595499Z
15081109-f739-4be3-a04a-9fa3a861b5c5,run1_rep3,A,CLOSED,CLOSED,request,PROVIDER,N/A,,557.0137919985427,INFO,adaptador.request,true,exitoso,,,9106.467249364,9105.910235572,,,2026-09-05T00:00:09.663776Z
7dd636a6-ff90-41a9-bb81-194e01ad7947,run1_rep3,A,CLOSED,CLOSED,request,PROVIDER,N/A,,594.0288330002659,INFO,adaptador.request,true,exitoso,,,9106.53873978,9105.944710947,,,2026-09-05T00:00:09.735252Z
83b8c60b-667a-4a2b-bdd8-a4993062325f,run1_rep3,A,CLOSED,CLOSED,request,PROVIDER,N/A,,598.5006259998045,INFO,adaptador.request,true,exitoso,,,9106.617253281,9106.018752655,,,2026-09-05T00:00:09.813770Z
352ba571-6a7b-48eb-bfc3-79284cacc5cc,run1_rep3,A,CLOSED,CLOSED,request,PROVIDER,N/A,,605.7580839988077,INFO,adaptador.request,true,exitoso,,,9106.679795031,9106.074036947,,,2026-09-05T00:00:09.876334Z
29a97c9f-9837-476d-ae82-78702aee8e01,run1_rep3,A,CLOSED,CLOSED,request,PROVIDER,N/A,,619.4158750004135,INFO,adaptador.request,true,exitoso,,,9106.749260072,9106.129844197,,,2026-09-05T00:00:09.945766Z
f15fbb1a-de11-47d4-8504-ea8d7ab78445,run1_rep3,A,CLOSED,CLOSED,request,PROVIDER,N/A,,604.6654590008984,INFO,adaptador.request,true,exitoso,,,9106.835816281,9106.231150822,,,2026-09-05T00:00:10.032360Z
709798bc-6051-4179-8bb6-bd2cfa06fb39,run1_rep3,A,CLOSED,CLOSED,request,PROVIDER,N/A,,604.6134169992001,INFO,adaptador.request,true,exitoso,,,9106.891231614,9106.286618197,,,2026-09-05T00:00:10.087740Z
85d82be0-b62b-4fef-a05a-1780168625eb,run1_rep3,A,CLOSED,CLOSED,request,PROVIDER,N/A,,486.7915000013454,INFO,adaptador.request,true,exitoso,,,9106.980709072,9106.493917572,,,2026-09-05T00:00:10.177242Z
172f3db4-b3ae-496b-9c2c-e73d657cc4bc,run1_rep3,A,CLOSED,CLOSED,request,PROVIDER,N/A,,485.368916999505,INFO,adaptador.request,true,exitoso,,,9107.071189281,9106.585820364,,,2026-09-05T00:00:10.267798Z
11209069-06da-4df3-b6b3-ceba819a5f37,run1_rep3,A,CLOSED,CLOSED,request,PROVIDER,N/A,,384.47645800079044,INFO,adaptador.request,true,exitoso,,,9107.134377114,9106.749900656,,,2026-09-05T00:00:10.330956Z
39247f7d-a430-4e20-b175-bc86bdd86bc5,run1_rep3,A,CLOSED,CLOSED,request,PROVIDER,N/A,,372.5392500000453,INFO,adaptador.request,true,exitoso,,,9107.229926739,9106.857387489,,,2026-09-05T00:00:10.426490Z
9f81804c-7aff-49b5-8b43-c9437135d09e,run1_rep3,A,CLOSED,CLOSED,request,PROVIDER,N/A,,416.3231670008827,INFO,adaptador.request,true,exitoso,,,9107.292465656,9106.876142489,,,2026-09-05T00:00:10.488983Z
0a0a676e-b8dc-4146-9409-c02ebfc51589,run1_rep3,A,CLOSED,CLOSED,request,PROVIDER,N/A,,443.8455419985985,INFO,adaptador.request,true,exitoso,,,9107.348627364,9106.904781822,,,2026-09-05T00:00:10.545146Z
0600e841-d55f-48b0-a7c0-8cb9252bdada,run1_rep3,A,CLOSED,CLOSED,request,PROVIDER,N/A,,434.67983300070046,INFO,adaptador.request,true,exitoso,,,9107.438070489,9107.003390656,,,2026-09-05T00:00:10.634611Z
0d44e95d-66d6-4374-8dda-86221ba05eaa,run1_rep3,A,CLOSED,CLOSED,request,PROVIDER,N/A,,506.70987500052433,INFO,adaptador.request,true,exitoso,,,9107.518539364,9107.011829489,,,2026-09-05T00:00:10.715097Z
f3307653-1782-4e9e-8dcc-d040b4206c4b,run1_rep3,A,CLOSED,CLOSED,request,PROVIDER,N/A,,578.5981670014735,INFO,adaptador.request,true,exitoso,,,9107.610182406,9107.031584239,,,2026-09-05T00:00:10.806705Z
dcee62b9-573c-4733-be77-c286c2d0869b,run1_rep3,A,CLOSED,CLOSED,request,PROVIDER,N/A,,429.12416699982714,INFO,adaptador.request,true,exitoso,,,9107.719621406,9107.290497239,,,2026-09-05T00:00:10.916141Z
6a5daa64-7bcd-46fe-8155-3fde1aca3b77,run1_rep3,A,CLOSED,CLOSED,request,PROVIDER,N/A,,506.0762089997297,INFO,adaptador.request,true,exitoso,,,9107.797026698,9107.290950489,,,2026-09-05T00:00:10.993566Z
b5eab7a9-ab5a-443b-8d6d-caf8e2dc3cd0,run1_rep3,A,CLOSED,CLOSED,request,PROVIDER,N/A,,526.2415420002071,INFO,adaptador.request,true,exitoso,,,9107.895572448,9107.369330906,,,2026-09-05T00:00:11.092103Z
54bc81f5-6f24-4f50-ac6c-66824cd6b0cb,run1_rep3,A,CLOSED,CLOSED,request,PROVIDER,N/A,,531.6019169986248,INFO,adaptador.request,true,exitoso,,,9107.984222156,9107.452620239,,,2026-09-05T00:00:11.180750Z
9fb26a45-a470-426a-b048-0eb7065be92e,run1_rep3,A,CLOSED,CLOSED,request,PROVIDER,N/A,,592.1347080002306,INFO,adaptador.request,true,exitoso,,,9108.045118656,9107.452983948,,,2026-09-05T00:00:11.241674Z
01f12b93-9198-4906-b939-78a4ce815bbd,run1_rep3,A,CLOSED,CLOSED,request,PROVIDER,N/A,,611.172083999918,INFO,adaptador.request,true,exitoso,,,9108.132390115,9107.521218031,,,2026-09-05T00:00:11.328914Z
84a59d55-d324-488a-9ef7-c163f55b6780,run1_rep3,A,CLOSED,CLOSED,request,PROVIDER,N/A,,459.15004200105614,INFO,adaptador.request,true,exitoso,,,9108.216560323,9107.757410281,,,2026-09-05T00:00:11.413082Z
53f89918-bb7b-4854-8b6d-7eb89cbc20e6,run1_rep3,A,CLOSED,CLOSED,request,PROVIDER,N/A,,334.18683399941074,INFO,adaptador.request,true,exitoso,,,9108.272542073,9107.938355239,,,2026-09-05T00:00:11.469057Z
5d41b628-dc2c-4b52-969f-4ba4cf5a19ad,run1_rep3,A,CLOSED,CLOSED,request,PROVIDER,N/A,,318.82054200104903,INFO,adaptador.request,true,exitoso,,,9108.337774448,9108.018953906,,,2026-09-05T00:00:11.534304Z
dc91b111-13ae-4819-817c-3443b472c953,run1_rep3,A,CLOSED,CLOSED,request,PROVIDER,N/A,,393.94958299999416,INFO,adaptador.request,true,exitoso,,,9108.413405698,9108.019456115,,,2026-09-05T00:00:11.609930Z
2d533b3d-5225-4e25-8754-2d47d7bb365f,run1_rep3,A,CLOSED,CLOSED,request,PROVIDER,N/A,,441.97158300084993,INFO,adaptador.request,true,exitoso,,,9108.493470531,9108.051498948,,,2026-09-05T00:00:11.689981Z
9ea62505-a986-4bd5-919d-57be362aa903,run1_rep3,A,CLOSED,CLOSED,request,PROVIDER,N/A,,375.42149999899266,INFO,adaptador.request,true,exitoso,,,9108.554859573,9108.179438073,,,2026-09-05T00:00:11.751446Z
89d7e2a0-5806-4b09-97da-14cea4a68c26,run1_rep3,A,CLOSED,CLOSED,request,PROVIDER,N/A,,414.71479200117756,INFO,adaptador.request,true,exitoso,,,9108.646124573,9108.231409781,,,2026-09-05T00:00:11.842706Z
e2b2c80e-11f6-4b0b-9ed4-05271e43c6ae,run1_rep3,A,CLOSED,CLOSED,request,PROVIDER,N/A,,493.7362510008825,INFO,adaptador.request,true,exitoso,,,9108.728087407,9108.234351156,,,2026-09-05T00:00:11.924640Z
762bc2a3-6431-4c12-80e7-4c749e4e0247,run1_rep3,A,CLOSED,CLOSED,request,PROVIDER,N/A,,393.7307090000104,INFO,adaptador.request,true,exitoso,,,9108.827584657,9108.433853948,,,2026-09-05T00:00:12.024108Z
c0e220e2-79bb-4b70-a5b6-b905915fe6be,run1_rep3,A,CLOSED,CLOSED,request,PROVIDER,N/A,,425.5566260017076,INFO,adaptador.request,true,exitoso,,,9108.892552282,9108.466995656,,,2026-09-05T00:00:12.089071Z
f1d0fa18-a9fa-4305-b652-f40fd3918272,run1_rep3,A,CLOSED,CLOSED,request,PROVIDER,N/A,,534.9339580006927,INFO,adaptador.request,true,exitoso,,,9109.002335198,9108.46740124,,,2026-09-05T00:00:12.198842Z
c4fcbcfd-9c81-44f8-afce-80ed917a696e,run1_rep3,A,CLOSED,CLOSED,request,PROVIDER,N/A,,487.41666699970665,INFO,adaptador.request,true,exitoso,,,9109.09636899,9108.608952323,,,2026-09-05T00:00:12.292874Z
4641ae86-4aee-4d6e-b11f-bc98deb6801e,run1_rep3,A,CLOSED,CLOSED,request,PROVIDER,N/A,,508.1710419999581,INFO,adaptador.request,true,exitoso,,,9109.169309365,9108.661138323,,,2026-09-05T00:00:12.365834Z
56a958d1-4a6c-4c0d-b3af-590311b4d564,run1_rep3,A,CLOSED,CLOSED,request,PROVIDER,N/A,,594.4145419998677,INFO,adaptador.request,true,exitoso,,,9109.262866698,9108.668452156,,,2026-09-05T00:00:12.459388Z
d46a5bc8-fb15-4e2d-8e85-ef9ae2aaef3a,run1_rep3,A,CLOSED,CLOSED,request,PROVIDER,N/A,,619.832000000315,INFO,adaptador.request,true,exitoso,,,9109.329473073,9108.709641073,,,2026-09-05T00:00:12.526059Z
8078f8f4-87a1-40c4-9485-9742aafce743,run1_rep3,A,CLOSED,CLOSED,request,PROVIDER,N/A,,586.1733340007049,INFO,adaptador.request,true,exitoso,,,9109.400036532,9108.813863198,,,2026-09-05T00:00:12.596574Z
8d99244c-2b6e-493a-b951-825afe2667d1,run1_rep3,A,CLOSED,CLOSED,request,PROVIDER,N/A,,552.3481250002078,INFO,adaptador.request,true,exitoso,,,9109.497696365,9108.94534824,,,2026-09-05T00:00:12.694209Z
158c18e3-32b2-440f-8024-fe66f4cc0c31,run1_rep3,A,CLOSED,CLOSED,request,PROVIDER,N/A,,504.4410419995984,INFO,adaptador.request,true,exitoso,,,9109.575662657,9109.071221615,,,2026-09-05T00:00:12.772166Z
11dbb35d-08df-4c1d-a3cf-f4b8cd830276,run1_rep3,A,CLOSED,CLOSED,request,PROVIDER,N/A,,552.1842079997441,INFO,adaptador.request,true,exitoso,,,9109.65463399,9109.102449782,,,2026-09-05T00:00:12.851142Z
7a1be40b-ab3d-4e46-9936-bf3c8486e7f7,run1_rep3,A,CLOSED,CLOSED,request,PROVIDER,N/A,,454.06349999939266,INFO,adaptador.request,true,exitoso,,,9109.741109032,9109.287045532,,,2026-09-05T00:00:12.937615Z
b5c4beaa-6e2c-4bfe-a326-e1786b04f868,run1_rep3,A,CLOSED,CLOSED,request,PROVIDER,N/A,,410.099208000247,INFO,adaptador.request,true,exitoso,,,9109.81735049,9109.407251282,,,2026-09-05T00:00:13.013866Z
8ebbab1c-a33b-44e4-b0ed-146e8591bd19,run1_rep3,A,CLOSED,CLOSED,request,PROVIDER,N/A,,368.1903329998022,INFO,adaptador.request,true,exitoso,,,9109.872677532,9109.504487199,,,2026-09-05T00:00:13.069232Z
5fbfb313-9604-42de-bb61-a4f2d00ed126,run1_rep3,A,CLOSED,CLOSED,request,PROVIDER,N/A,,370.1936249999562,INFO,adaptador.request,true,exitoso,,,9109.951650657,9109.581457032,,,2026-09-05T00:00:13.148127Z
e2be3740-3553-4568-9509-323a651e577c,run1_rep3,A,CLOSED,CLOSED,request,PROVIDER,N/A,,437.0101660006185,INFO,adaptador.request,true,exitoso,,,9110.02184474,9109.584834574,,,2026-09-05T00:00:13.218333Z
c054e2b9-7496-44a2-bcbf-04274b63b910,run1_rep3,A,CLOSED,CLOSED,request,PROVIDER,N/A,,484.74704200089036,INFO,adaptador.request,true,exitoso,,,9110.092213657,9109.607466615,,,2026-09-05T00:00:13.288730Z
882e7c71-ca28-45bd-b910-3315ad18ca3c,run1_rep3,A,CLOSED,CLOSED,request,PROVIDER,N/A,,466.75416699872585,INFO,adaptador.request,true,exitoso,,,9110.184227241,9109.717473074,,,2026-09-05T00:00:13.380775Z
fd070e9a-f15d-4957-816e-18d6d61f8cec,run1_rep3,A,CLOSED,CLOSED,request,PROVIDER,N/A,,508.798750999631,INFO,adaptador.request,true,exitoso,,,9110.278830991,9109.77003224,,,2026-09-05T00:00:13.475406Z
1d45cc93-565a-4a75-bc0f-d29107f8490f,run1_rep3,A,CLOSED,CLOSED,request,PROVIDER,N/A,,542.2589169993444,INFO,adaptador.request,true,exitoso,,,9110.358113991,9109.815855074,,,2026-09-05T00:00:13.554586Z
d11cf836-2177-4c6d-93b5-ba880a70a1fc,run1_rep3,A,CLOSED,CLOSED,request,PROVIDER,N/A,,516.6920840001694,INFO,adaptador.request,true,exitoso,,,9110.442094616,9109.925402532,,,2026-09-05T00:00:13.638612Z
05d8e677-9b07-41c1-8662-b57eb7bf78ab,run1_rep3,A,CLOSED,CLOSED,request,PROVIDER,N/A,,518.5046669994335,INFO,adaptador.request,true,exitoso,,,9110.515995741,9109.997491074,,,2026-09-05T00:00:13.712525Z
9c0e93b5-c78c-447a-b70e-4a5db2c05bd4,run1_rep3,A,CLOSED,CLOSED,request,PROVIDER,N/A,,476.0693749994971,INFO,adaptador.request,true,exitoso,,,9110.612140991,9110.136071616,,,2026-09-05T00:00:13.808663Z
5f220b3a-6ec9-4c1c-ae3d-2381aecfc7d4,run1_rep3,A,CLOSED,CLOSED,request,PROVIDER,N/A,,487.2614160012745,INFO,adaptador.request,true,exitoso,,,9110.672313032,9110.185051616,,,2026-09-05T00:00:13.868818Z
9cf7f823-3668-4f7f-99b2-2898b7d4bc0e,run1_rep3,A,CLOSED,CLOSED,request,PROVIDER,N/A,,520.6490000000485,INFO,adaptador.request,true,exitoso,,,9110.768935366,9110.248286366,,,2026-09-05T00:00:13.965492Z
8b1fd7ad-1e14-4f40-a3ef-ebf30c15f561,run1_rep3,A,CLOSED,CLOSED,request,PROVIDER,N/A,,599.7398749987042,INFO,adaptador.request,true,exitoso,,,9110.854396366,9110.254656491,,,2026-09-05T00:00:14.050921Z
3f3e61c8-ccd6-42bd-9b42-ccb54c521e07,run1_rep3,A,CLOSED,CLOSED,request,PROVIDER,N/A,,614.7754169996915,INFO,adaptador.request,true,exitoso,,,9110.942666866,9110.327891449,,,2026-09-05T00:00:14.139232Z
4b8f984b-88a1-4936-9d4f-227ca651a3d8,run1_rep3,A,CLOSED,CLOSED,request,PROVIDER,N/A,,620.3545839998696,INFO,adaptador.request,true,exitoso,,,9111.013548616,9110.393194032,,,2026-09-05T00:00:14.210053Z
5d2903b0-4bf1-43ce-811f-4bc21748fa16,run1_rep3,A,CLOSED,CLOSED,request,PROVIDER,N/A,,655.5557080009748,INFO,adaptador.request,true,exitoso,,,9111.106193699,9110.450637991,,,2026-09-05T00:00:14.302716Z
c40bc5c0-a354-489c-b9fc-15f5fb1c2306,run1_rep3,A,CLOSED,CLOSED,request,PROVIDER,N/A,,525.4077089994098,INFO,adaptador.request,true,exitoso,,,9111.203387241,9110.677979532,,,2026-09-05T00:00:14.399902Z
377d022e-3f06-4c93-91a9-dca3454935fe,run1_rep3,A,CLOSED,CLOSED,request,PROVIDER,N/A,,560.4980839998461,INFO,adaptador.request,true,exitoso,,,9111.276193241,9110.715695157,,,2026-09-05T00:00:14.472718Z
b687edfb-bbef-404b-8fd8-23a40aaf9761,run1_rep3,A,CLOSED,CLOSED,request,PROVIDER,N/A,,650.8933750010328,INFO,adaptador.request,true,exitoso,,,9111.366971949,9110.716078574,,,2026-09-05T00:00:14.563543Z
bb348b57-070b-4a4c-be39-2185eabb7a2a,run1_rep3,A,CLOSED,CLOSED,request,PROVIDER,N/A,,671.430499998678,INFO,adaptador.request,true,exitoso,,,9111.425795741,9110.754365241,,,2026-09-05T00:00:14.622353Z
a8a20b87-9171-4bde-aaa8-f66901f8c09d,run1_rep3,A,CLOSED,CLOSED,request,PROVIDER,N/A,,466.2536249998084,INFO,adaptador.request,true,exitoso,,,9111.490715783,9111.024462158,,,2026-09-05T00:00:14.687225Z
a03fb2ec-2115-48ab-adbc-8064d1fb8236,run1_rep3,A,CLOSED,CLOSED,request,PROVIDER,N/A,,389.4026669986488,INFO,adaptador.request,true,exitoso,,,9111.556017283,9111.166614616,,,2026-09-05T00:00:14.752539Z
52f0d054-5561-455c-8b93-5275cdf2d244,run1_rep3,A,CLOSED,CLOSED,request,PROVIDER,N/A,,435.7030829996802,INFO,adaptador.request,true,exitoso,,,9111.658879491,9111.223176408,,,2026-09-05T00:00:14.855391Z
06beb7b2-0b08-40fe-a420-28df56c98bd9,run1_rep3,A,CLOSED,CLOSED,request,PROVIDER,N/A,,500.1670000001468,INFO,adaptador.request,true,exitoso,,,9111.734232908,9111.234065908,,,2026-09-05T00:00:14.930739Z
28bae5d0-1733-4f94-9156-8f79103ef853,run1_rep3,A,CLOSED,CLOSED,request,PROVIDER,N/A,,564.5233340001141,INFO,adaptador.request,true,exitoso,,,9111.800329158,9111.235805824,,,2026-09-05T00:00:14.996836Z
4c48eb69-6ded-44d1-8483-f16de8a6b7d9,run1_rep3,A,CLOSED,CLOSED,request,PROVIDER,N/A,,419.30937500001164,INFO,adaptador.request,true,exitoso,,,9111.870968241,9111.451658866,,,2026-09-05T00:00:15.067506Z
18d845f0-2e4e-43ff-8dd1-31b169776290,run1_rep3,A,CLOSED,CLOSED,request,PROVIDER,N/A,,305.40929200105893,INFO,adaptador.request,true,exitoso,,,9111.924426825,9111.619017533,,,2026-09-05T00:00:15.120910Z
aa73833b-0992-49bd-887d-2ba9ada34441,run1_rep3,A,CLOSED,CLOSED,request,PROVIDER,N/A,,376.57150000086403,INFO,adaptador.request,true,exitoso,,,9112.020960116,9111.644388616,,,2026-09-05T00:00:15.217452Z
ed32f63a-9298-40ad-b3bf-6366f9dca059,run1_rep3,A,CLOSED,CLOSED,request,PROVIDER,N/A,,399.8782080016099,INFO,adaptador.request,true,exitoso,,,9112.099201991,9111.699323783,,,2026-09-05T00:00:15.295696Z
f6d3ebcd-44c5-4844-8994-c59b9755302c,run1_rep3,A,CLOSED,CLOSED,request,PROVIDER,N/A,,395.41449999887845,INFO,adaptador.request,true,exitoso,,,9112.195469408,9111.800054908,,,2026-09-05T00:00:15.391976Z
3a158f8f-e9d7-4c40-af0e-07d44da638bd,run1_rep3,A,CLOSED,CLOSED,request,PROVIDER,N/A,,427.33687500003725,INFO,adaptador.request,true,exitoso,,,9112.293235033,9111.865898158,,,2026-09-05T00:00:15.489753Z
394c2c33-42ec-4b95-b2f1-1195ddac676d,run1_rep3,A,CLOSED,CLOSED,request,PROVIDER,N/A,,508.0571250000503,INFO,adaptador.request,true,exitoso,,,9112.385886283,9111.877829158,,,2026-09-05T00:00:15.582458Z
25ac3c49-24b1-4776-9ef8-3982cf7a0884,run1_rep3,A,CLOSED,CLOSED,request,PROVIDER,N/A,,571.2662089990772,INFO,adaptador.request,true,exitoso,,,9112.455625075,9111.884358866,,,2026-09-05T00:00:15.652148Z
e620e8ec-079f-46d4-9279-19e5c6d6fddb,run1_rep3,A,CLOSED,CLOSED,request,PROVIDER,N/A,,451.8504170009692,INFO,adaptador.request,true,exitoso,,,9112.559487242,9112.107636825,,,2026-09-05T00:00:15.756041Z
fb532e11-80b0-47f4-9500-290c0ba7cb41,run1_rep3,A,CLOSED,CLOSED,request,PROVIDER,N/A,,506.07658399894717,INFO,adaptador.request,true,exitoso,,,9112.61931995,9112.113243366,,,2026-09-05T00:00:15.815836Z
09dd5074-2c98-49db-a3bb-d4149dbc7f0a,run1_rep3,A,CLOSED,CLOSED,request,PROVIDER,N/A,,515.874332999374,INFO,adaptador.request,true,exitoso,,,9112.7185567,9112.202682367,,,2026-09-05T00:00:15.915078Z
01d93307-312d-4abe-b099-94c59894a14b,run1_rep3,A,CLOSED,CLOSED,request,PROVIDER,N/A,,583.3809169998858,INFO,adaptador.request,true,exitoso,,,9112.786974367,9112.20359345,,,2026-09-05T00:00:15.983553Z
556b54f6-4e47-4d11-a134-5beaeab7dcf2,run1_rep3,A,CLOSED,CLOSED,request,PROVIDER,N/A,,546.61620799925,INFO,adaptador.request,true,exitoso,,,9112.845209533,9112.298593325,,,2026-09-05T00:00:16.041739Z
c8ec1cf1-210a-4bae-81c9-c753d2e68a07,run1_rep3,A,CLOSED,CLOSED,request,PROVIDER,N/A,,576.7874590001156,INFO,adaptador.request,true,exitoso,,,9112.913496659,9112.3367092,,,2026-09-05T00:00:16.110196Z
c5b713d0-2893-4018-9bd7-54987d3a8b79,run1_rep3,A,CLOSED,CLOSED,request,PROVIDER,N/A,,588.7542510008643,INFO,adaptador.request,true,exitoso,,,9113.014861784,9112.426107533,,,2026-09-05T00:00:16.211385Z
58dc9f40-f3e0-4b2b-8145-c4a4a5ceb912,run1_rep3,A,CLOSED,CLOSED,request,PROVIDER,N/A,,614.6443329998874,INFO,adaptador.request,true,exitoso,,,9113.079697575,9112.465053242,,,2026-09-05T00:00:16.276231Z
f93165a9-e74c-4fc4-a9ee-8074d9b3c632,run1_rep3,A,CLOSED,CLOSED,request,PROVIDER,N/A,,500.438209001004,INFO,adaptador.request,true,exitoso,,,9113.142475909,9112.6420377,,,2026-09-05T00:00:16.339063Z
7b1c9b22-e09a-40a5-8f29-6bd76c89d3a6,run1_rep3,A,CLOSED,CLOSED,request,PROVIDER,N/A,,533.1040009987191,INFO,adaptador.request,true,exitoso,,,9113.242842909,9112.709738908,,,2026-09-05T00:00:16.439355Z
fd8bb1a4-c624-4831-beb9-6eec0e8be08d,run1_rep3,A,CLOSED,CLOSED,request,PROVIDER,N/A,,534.6670420003647,INFO,adaptador.request,true,exitoso,,,9113.327147284,9112.792480242,,,2026-09-05T00:00:16.523662Z
c65f40bc-fb58-4e0a-9da8-61b836840f06,run1_rep3,A,CLOSED,CLOSED,request,PROVIDER,N/A,,560.8089590004965,INFO,adaptador.request,true,exitoso,,,9113.397118159,9112.8363092,,,2026-09-05T00:00:16.593698Z
bb7238ee-56bc-4178-83ce-346a0bef9781,run1_rep3,A,CLOSED,CLOSED,request,PROVIDER,N/A,,602.5040419990546,INFO,adaptador.request,true,exitoso,,,9113.489628492,9112.88712445,,,2026-09-05T00:00:16.686179Z
fe366898-2aac-4e4a-bf7e-7cf58f954f95,run1_rep3,A,CLOSED,CLOSED,request,PROVIDER,N/A,,571.0160830003588,INFO,adaptador.request,true,exitoso,,,9113.553924325,9112.982908242,,,2026-09-05T00:00:16.750459Z
3680739b-7fef-425d-89ed-71d4cc3b9c2c,run1_rep3,A,CLOSED,CLOSED,request,PROVIDER,N/A,,662.8712919991813,INFO,adaptador.request,true,exitoso,,,9113.661995159,9112.999123867,,,2026-09-05T00:00:16.858546Z
a3f29a71-137f-4353-aa9d-2a03e50bf89b,run1_rep3,A,CLOSED,CLOSED,request,PROVIDER,N/A,,633.3011670012638,INFO,adaptador.request,true,exitoso,,,9113.721663451,9113.088362284,,,2026-09-05T00:00:16.918197Z
5cf7bb13-f899-47bc-aab5-83eb493220ab,run1_rep3,A,CLOSED,CLOSED,request,PROVIDER,N/A,,619.2504589998862,INFO,adaptador.request,true,exitoso,,,9113.806584159,9113.1873337,,,2026-09-05T00:00:17.003120Z
c3320266-ae2c-4b4b-b5f1-1072768c44b0,run1_rep3,A,CLOSED,CLOSED,request,PROVIDER,N/A,,482.6485840003443,INFO,adaptador.request,true,exitoso,,,9113.894100326,9113.411451742,,,2026-09-05T00:00:17.090638Z
46dea984-41a3-440b-a595-07cd382b12bf,run1_rep3,A,CLOSED,CLOSED,request,PROVIDER,N/A,,537.0045420004317,INFO,adaptador.request,true,exitoso,,,9113.983647909,9113.446643367,,,2026-09-05T00:00:17.180232Z
36caff66-df5e-4fc6-97b9-756304c3a0e7,run1_rep3,A,CLOSED,CLOSED,request,PROVIDER,N/A,,617.4235420003242,INFO,adaptador.request,true,exitoso,,,9114.071813617,9113.454390075,,,2026-09-05T00:00:17.268354Z
4f38fb74-55f4-425d-9f45-0be660e54a88,run1_rep3,A,CLOSED,CLOSED,request,PROVIDER,N/A,,502.0803330007766,INFO,adaptador.request,true,exitoso,,,9114.165442367,9113.663362034,,,2026-09-05T00:00:17.361954Z
779ee459-f790-4507-b5b0-c3b4b263163d,run1_rep3,A,CLOSED,CLOSED,request,PROVIDER,N/A,,429.07370800094213,INFO,adaptador.request,true,exitoso,,,9114.223431742,9113.794358034,,,2026-09-05T00:00:17.419937Z
a23372cd-605c-4bf5-bfb5-618a86680d66,run1_rep3,A,CLOSED,CLOSED,request,PROVIDER,N/A,,410.75095800079,INFO,adaptador.request,true,exitoso,,,9114.291632659,9113.880881701,,,2026-09-05T00:00:17.488199Z
b766d7f1-aae6-4304-b4c4-8dcc711d1ccf,run1_rep3,A,CLOSED,CLOSED,request,PROVIDER,N/A,,460.0974170007248,INFO,adaptador.request,true,exitoso,,,9114.395646076,9113.935548659,,,2026-09-05T00:00:17.592241Z
84bcb86a-72f9-4105-90de-62cfb8710f2d,run1_rep3,A,CLOSED,CLOSED,request,PROVIDER,N/A,,476.6824580001412,INFO,adaptador.request,true,exitoso,,,9114.462933909,9113.986251451,,,2026-09-05T00:00:17.659498Z
b38bd829-9429-465b-8732-d331ec9ec718,run1_rep3,A,CLOSED,CLOSED,request,PROVIDER,N/A,,525.6441249985073,INFO,adaptador.request,true,exitoso,,,9114.564436951,9114.038792826,,,2026-09-05T00:00:17.760940Z
22005666-6803-486e-bb2c-50f39755032c,run1_rep3,A,CLOSED,CLOSED,request,PROVIDER,N/A,,529.8626259991579,INFO,adaptador.request,true,exitoso,,,9114.666815243,9114.136952617,,,2026-09-05T00:00:17.863341Z
a160d4af-cedf-4a2a-a637-988a4499a9dc,run1_rep3,A,CLOSED,CLOSED,request,PROVIDER,N/A,,634.3940000006114,INFO,adaptador.request,true,exitoso,,,9114.773103701,9114.138709701,,,2026-09-05T00:00:17.969699Z
20430906-2bff-44a4-9748-443fb3cc3c5b,run1_rep3,A,CLOSED,CLOSED,request,PROVIDER,N/A,,720.8781669996824,INFO,adaptador.request,true,exitoso,,,9114.877162784,9114.156284617,,,2026-09-05T00:00:18.073674Z
5080c97a-1558-4f3e-a4b8-873dcebd60bb,run1_rep3,A,CLOSED,CLOSED,request,PROVIDER,N/A,,614.6986250005284,INFO,adaptador.request,true,exitoso,,,9114.943236868,9114.328538243,,,2026-09-05T00:00:18.139790Z
87b65844-b0f1-4ef9-aac9-0369adb5c320,run1_rep3,A,CLOSED,CLOSED,request,PROVIDER,N/A,,497.1258340010536,INFO,adaptador.request,true,exitoso,,,9115.044408035,9114.547282201,,,2026-09-05T00:00:18.240905Z
e306d67f-ee01-43d2-858d-9defede3a828,run1_rep3,A,CLOSED,CLOSED,request,PROVIDER,N/A,,535.558208999646,INFO,adaptador.request,true,exitoso,,,9115.109313243,9114.573755034,,,2026-09-05T00:00:18.305865Z
e9000311-9335-4908-bdb2-a724e0ec13ad,run1_rep3,A,CLOSED,CLOSED,request,PROVIDER,N/A,,583.9034999989963,INFO,adaptador.request,true,exitoso,,,9115.214523076,9114.630619576,,,2026-09-05T00:00:18.411051Z
38203e84-5bb6-424b-bfd0-747c331e0c0c,run1_rep3,A,CLOSED,CLOSED,request,PROVIDER,N/A,,615.1166670006205,INFO,adaptador.request,true,exitoso,,,9115.289301076,9114.674184409,,,2026-09-05T00:00:18.485883Z
f913d934-07ba-4a5b-a764-43bdabf4ff54,run1_rep3,A,CLOSED,CLOSED,request,PROVIDER,N/A,,685.063500999604,INFO,adaptador.request,true,exitoso,,,9115.359575285,9114.674511784,,,2026-09-05T00:00:18.556147Z
19bf4519-872e-4b77-8531-6271b7e6a244,run1_rep3,A,CLOSED,CLOSED,request,PROVIDER,N/A,,621.9576250005048,INFO,adaptador.request,true,exitoso,,,9115.442120451,9114.820162826,,,2026-09-05T00:00:18.638655Z
8eac31ed-0ad9-422b-b1df-823c8c8800f9,run1_rep3,A,CLOSED,CLOSED,request,PROVIDER,N/A,,641.0440419986116,INFO,adaptador.request,true,exitoso,,,9115.525339826,9114.884295784,,,2026-09-05T00:00:18.721872Z
2e1f62c1-52d8-4185-ae12-ee82ede17cbc,run1_rep3,A,CLOSED,CLOSED,request,PROVIDER,N/A,,593.1186660000094,INFO,adaptador.request,true,exitoso,,,9115.617144576,9115.02402591,,,2026-09-05T00:00:18.813670Z
69138c49-0a54-4445-8c22-f9a149f20b3b,run1_rep3,A,CLOSED,CLOSED,request,PROVIDER,N/A,,556.1003759994492,INFO,adaptador.request,true,exitoso,,,9115.723670202,9115.167569826,,,2026-09-05T00:00:18.920239Z
a61d7247-f45e-4269-89fc-b259010977e9,run1_rep3,A,CLOSED,CLOSED,request,PROVIDER,N/A,,579.6663750006701,INFO,adaptador.request,true,exitoso,,,9115.801306535,9115.22164016,,,2026-09-05T00:00:18.997852Z
7101575a-7a35-435a-aef4-a0aa7c1afe8e,run1_rep3,A,CLOSED,CLOSED,request,PROVIDER,N/A,,659.3083749994548,INFO,adaptador.request,true,exitoso,,,9115.899855243,9115.240546868,,,2026-09-05T00:00:19.096391Z
b4bc25f2-3336-429e-81b5-71f793e66a70,run1_rep3,A,CLOSED,CLOSED,request,PROVIDER,N/A,,488.2111669994629,INFO,adaptador.request,true,exitoso,,,9115.983257535,9115.495046368,,,2026-09-05T00:00:19.179792Z
abed4f47-684d-4045-94c2-7a960479524a,run1_rep3,A,CLOSED,CLOSED,request,PROVIDER,N/A,,573.7208339996869,INFO,adaptador.request,true,exitoso,,,9116.07230091,9115.498580076,,,2026-09-05T00:00:19.268810Z
cd11d72b-b4a1-4634-a3d3-1d34093d7a36,run1_rep3,A,CLOSED,CLOSED,request,PROVIDER,N/A,,630.9129170003871,INFO,adaptador.request,true,exitoso,,,9116.131092035,9115.500179118,,,2026-09-05T00:00:19.327606Z
af896e58-9752-4594-a578-b772b6ede930,run1_rep3,A,CLOSED,CLOSED,request,PROVIDER,N/A,,477.7372499993362,INFO,adaptador.request,true,exitoso,,,9116.220865702,9115.743128452,,,2026-09-05T00:00:19.417403Z
2bbebad5-bc17-487c-a293-e694240941dd,run1_rep3,A,CLOSED,CLOSED,request,PROVIDER,N/A,,503.3778750002966,INFO,adaptador.request,true,exitoso,,,9116.280326452,9115.776948577,,,2026-09-05T00:00:19.476874Z
11cec766-5054-481c-87ed-acbc8204ff6e,run1_rep3,A,CLOSED,CLOSED,request,PROVIDER,N/A,,570.6996249991789,INFO,adaptador.request,true,exitoso,,,9116.364992452,9115.794292827,,,2026-09-05T00:00:19.561522Z
bbe1f054-a483-43f7-8a6d-029efd91d983,run1_rep3,A,CLOSED,CLOSED,request,PROVIDER,N/A,,618.3459170006245,INFO,adaptador.request,true,exitoso,,,9116.450382577,9115.83203666,,,2026-09-05T00:00:19.646970Z
80924ae6-6bb6-4446-98f9-f49bc0942c06,run1_rep3,A,CLOSED,CLOSED,request,PROVIDER,N/A,,675.1618329999474,INFO,adaptador.request,true,exitoso,,,9116.50981516,9115.834653327,,,2026-09-05T00:00:19.706355Z
a650d8cf-ec80-4730-94ed-ac18ae67bdca,run1_rep3,A,CLOSED,CLOSED,request,PROVIDER,N/A,,631.3034169997991,INFO,adaptador.request,true,exitoso,,,9116.612647327,9115.98134391,,,2026-09-05T00:00:19.809189Z
29599a87-1379-4eda-ba31-d666d3d3ee0a,run1_rep3,A,CLOSED,CLOSED,request,PROVIDER,N/A,,659.720916999504,INFO,adaptador.request,true,exitoso,,,9116.687584035,9116.027863118,,,2026-09-05T00:00:19.884114Z
28a3f50e-0693-4961-9cec-dc26c33ff998,run1_rep3,A,CLOSED,CLOSED,request,PROVIDER,N/A,,502.18225099888514,INFO,adaptador.request,true,exitoso,,,9116.768025619,9116.265843368,,,2026-09-05T00:00:19.964566Z
2e975374-11c1-4ae9-be9b-4e0154010a2d,run1_rep3,A,CLOSED,CLOSED,request,PROVIDER,N/A,,596.2776670003223,INFO,adaptador.request,true,exitoso,,,9116.87479041,9116.278512743,,,2026-09-05T00:00:20.071281Z
1970ce3d-a6c4-4e80-8f87-7cd22548f917,run1_rep3,A,CLOSED,CLOSED,request,PROVIDER,N/A,,497.37358300080814,INFO,adaptador.request,true,exitoso,,,9116.955332285,9116.457958702,,,2026-09-05T00:00:20.151865Z
a49caace-159a-4a95-9553-69b58f920459,run1_rep3,A,CLOSED,CLOSED,request,PROVIDER,N/A,,590.3433750008844,INFO,adaptador.request,true,exitoso,,,9117.048754244,9116.458410869,,,2026-09-05T00:00:20.245268Z
3431d183-e900-4d37-aff8-8da75afca8c9,run1_rep3,A,CLOSED,CLOSED,request,PROVIDER,N/A,,550.9564590010996,INFO,adaptador.request,true,exitoso,,,9117.110465244,9116.559508785,,,2026-09-05T00:00:20.307025Z
58a93eb1-af38-495c-b93d-6279665a5184,run1_rep3,A,CLOSED,CLOSED,request,PROVIDER,N/A,,593.4509589988011,INFO,adaptador.request,true,exitoso,,,9117.209710369,9116.61625941,,,2026-09-05T00:00:20.406269Z
52e64210-81da-444f-97c1-166841690407,run1_rep3,A,CLOSED,CLOSED,request,PROVIDER,N/A,,618.1039999992208,INFO,adaptador.request,true,exitoso,,,9117.273404619,9116.655300619,,,2026-09-05T00:00:20.470114Z
a1f817e1-eab5-4c82-91ef-4f47008eb02c,run1_rep3,A,CLOSED,CLOSED,request,PROVIDER,N/A,,576.1924590005947,INFO,adaptador.request,true,exitoso,,,9117.366870911,9116.790678452,,,2026-09-05T00:00:20.563407Z
25186525-73be-4678-8585-5e4d8bf19ca7,run1_rep3,A,CLOSED,CLOSED,request,PROVIDER,N/A,,400.8607089999714,INFO,adaptador.request,true,exitoso,,,9117.449016661,9117.048155952,,,2026-09-05T00:00:20.645556Z
1dc7964d-390f-4716-bbdb-1d75a86f7d2f,run1_rep3,A,CLOSED,CLOSED,request,PROVIDER,N/A,,465.05295899987686,INFO,adaptador.request,true,exitoso,,,9117.517935036,9117.052882077,,,2026-09-05T00:00:20.714504Z
3d4a341f-8b1a-4351-a556-66f086c00c6b,run1_rep3,A,CLOSED,CLOSED,request,PROVIDER,N/A,,488.29029199987417,INFO,adaptador.request,true,exitoso,,,9117.604588161,9117.116297869,,,2026-09-05T00:00:20.801120Z
45d0032e-a716-4157-8df4-0f4b6b88a50e,run1_rep3,A,CLOSED,CLOSED,request,PROVIDER,N/A,,400.9465409999393,INFO,adaptador.request,true,exitoso,,,9117.709206577,9117.308260036,,,2026-09-05T00:00:20.905766Z
80b6d288-0be8-4a06-a2fa-a1abe5747ba0,run1_rep3,A,CLOSED,CLOSED,request,PROVIDER,N/A,,389.4810830006463,INFO,adaptador.request,true,exitoso,,,9117.793597869,9117.404116786,,,2026-09-05T00:00:20.990133Z
3b40c4b5-0639-42a0-b793-d6314ae99e70,run1_rep3,A,CLOSED,CLOSED,request,PROVIDER,N/A,,480.9804169999552,INFO,adaptador.request,true,exitoso,,,9117.892219953,9117.411239536,,,2026-09-05T00:00:21.088737Z
0dc6992a-1f44-41c7-b43b-327cac50c83e,run1_rep3,A,CLOSED,CLOSED,request,PROVIDER,N/A,,532.0444169992697,INFO,adaptador.request,true,exitoso,,,9117.967437786,9117.435393369,,,2026-09-05T00:00:21.164009Z
482497fa-152f-463b-8d9d-413bba58c791,run1_rep3,A,CLOSED,CLOSED,request,PROVIDER,N/A,,478.29112600084045,INFO,adaptador.request,true,exitoso,,,9118.047250453,9117.568959327,,,2026-09-05T00:00:21.243743Z
56a496b0-6e14-49bc-ac0f-f5298528d631,run1_rep3,A,CLOSED,CLOSED,request,PROVIDER,N/A,,529.0869169984944,INFO,adaptador.request,true,exitoso,,,9118.141208578,9117.612121661,,,2026-09-05T00:00:21.337745Z
1d614e8f-890b-4c81-ae52-17da82cc560f,run1_rep3,A,CLOSED,CLOSED,request,PROVIDER,N/A,,627.7895839994017,INFO,adaptador.request,true,exitoso,,,9118.240280286,9117.612490702,,,2026-09-05T00:00:21.436816Z
016dd454-0d50-4065-b478-f62891783948,run1_rep3,A,CLOSED,CLOSED,request,PROVIDER,N/A,,515.1583749993733,INFO,adaptador.request,true,exitoso,,,9118.308183411,9117.793025036,,,2026-09-05T00:00:21.504723Z
78cab513-acb7-401d-ac54-7fe6ab10e552,run1_rep3,A,CLOSED,CLOSED,request,PROVIDER,N/A,,496.6154159992584,INFO,adaptador.request,true,exitoso,,,9118.369245494,9117.872630078,,,2026-09-05T00:00:21.565782Z
98f82976-cd73-4a20-a963-cf4fb4bcbcd9,run1_rep3,A,CLOSED,CLOSED,request,PROVIDER,N/A,,364.41466599899286,INFO,adaptador.request,true,exitoso,,,9118.436624994,9118.072210328,,,2026-09-05T00:00:21.633166Z
17c5ba2b-6feb-4fd8-ab33-8ce770479001,run1_rep3,A,CLOSED,CLOSED,request,PROVIDER,N/A,,429.3220420004218,INFO,adaptador.request,true,exitoso,,,9118.517545703,9118.088223661,,,2026-09-05T00:00:21.714072Z
dd75991c-e627-4c66-8b2e-e2f5a354104e,run1_rep3,A,CLOSED,CLOSED,request,PROVIDER,N/A,,404.5989999995072,INFO,adaptador.request,true,exitoso,,,9118.600580536,9118.195981536,,,2026-09-05T00:00:21.797147Z
5dced7c4-9245-4fbd-8987-4f343173a4e9,run1_rep3,A,CLOSED,CLOSED,request,PROVIDER,N/A,,448.12416700005997,INFO,adaptador.request,true,exitoso,,,9118.674354953,9118.226230786,,,2026-09-05T00:00:21.870835Z
9a81b3fe-0f21-47d8-a1d2-f2f0e7df7ce8,run1_rep3,A,CLOSED,CLOSED,request,PROVIDER,N/A,,449.0031250006723,INFO,adaptador.request,true,exitoso,,,9118.775239536,9118.326236411,,,2026-09-05T00:00:21.971781Z
a4229104-0f9d-4d9a-86d1-22c3e5bc9ff9,run1_rep3,A,CLOSED,CLOSED,request,PROVIDER,N/A,,501.2180009998701,INFO,adaptador.request,true,exitoso,,,9118.83479912,9118.333581119,,,2026-09-05T00:00:22.031356Z
6b6ff9b3-dc72-435d-930b-a21d3f33c24f,run1_rep3,A,CLOSED,CLOSED,request,PROVIDER,N/A,,452.5781249994907,INFO,adaptador.request,true,exitoso,,,9118.925841953,9118.473263828,,,2026-09-05T00:00:22.122510Z
2eeaaf1f-909a-4194-aec5-ee8a35a41bb0,run1_rep3,A,CLOSED,CLOSED,request,PROVIDER,N/A,,375.39066600038495,INFO,adaptador.request,true,exitoso,,,9119.029729661,9118.654338995,,,2026-09-05T00:00:22.226277Z
c51ea35d-3e17-4a16-b764-2a43106e9bac,run1_rep3,A,CLOSED,CLOSED,request,PROVIDER,N/A,,437.85304199991515,INFO,adaptador.request,true,exitoso,,,9119.092615578,9118.654762536,,,2026-09-05T00:00:22.289163Z
650cffdc-74ee-4996-a5ca-16a1657ca7d9,run1_rep3,A,CLOSED,CLOSED,request,PROVIDER,N/A,,468.3417919986823,INFO,adaptador.request,true,exitoso,,,9119.197171662,9118.72882987,,,2026-09-05T00:00:22.393686Z
7d963efa-fc09-4bd9-86f5-157b64b7aa76,run1_rep3,A,CLOSED,CLOSED,request,PROVIDER,N/A,,499.52050100000633,INFO,adaptador.request,true,exitoso,,,9119.269310287,9118.769789786,,,2026-09-05T00:00:22.465849Z
e9a1e197-6952-43e5-8f98-fbceeace0e5b,run1_rep3,A,CLOSED,CLOSED,request,PROVIDER,N/A,,474.56975000022794,INFO,adaptador.request,true,exitoso,,,9119.37099562,9118.89642587,,,2026-09-05T00:00:22.567530Z
bd64bb00-1d4f-43be-ac58-4f4a87596385,run1_rep3,A,CLOSED,CLOSED,request,PROVIDER,N/A,,511.2385419997736,INFO,adaptador.request,true,exitoso,,,9119.431319578,9118.920081036,,,2026-09-05T00:00:22.627850Z
e109ff2a-7dd0-4d5e-ae4b-7c0885fcf6bc,run1_rep3,A,CLOSED,CLOSED,request,PROVIDER,N/A,,525.8910419997846,INFO,adaptador.request,true,exitoso,,,9119.490365537,9118.964474495,,,2026-09-05T00:00:22.686893Z
db2ba6be-5a0c-4ca1-a721-1a7e32d9eff4,run1_rep3,A,CLOSED,CLOSED,request,PROVIDER,N/A,,525.4926249999698,INFO,adaptador.request,true,exitoso,,,9119.547106745,9119.02161412,,,2026-09-05T00:00:22.743615Z
305104d0-2170-4d40-9d63-65f3ecb85c06,run1_rep3,A,CLOSED,CLOSED,request,PROVIDER,N/A,,554.1027090002899,INFO,adaptador.request,true,exitoso,,,9119.64932812,9119.095225411,,,2026-09-05T00:00:22.845834Z
b97a9353-89e8-4e13-8db8-51fc3ad5a439,run1_rep3,A,CLOSED,CLOSED,request,PROVIDER,N/A,,499.85300000116695,INFO,adaptador.request,true,exitoso,,,9119.715586037,9119.215733037,,,2026-09-05T00:00:22.912130Z
8df08ab7-ac22-4e3b-8342-87bdfcbb4621,run1_rep3,A,CLOSED,CLOSED,request,PROVIDER,N/A,,503.39408299987554,INFO,adaptador.request,true,exitoso,,,9119.797710203,9119.29431612,,,2026-09-05T00:00:22.994249Z
c4f8de93-f1ab-4267-a710-f25d1f0e79a9,run1_rep3,A,CLOSED,CLOSED,request,PROVIDER,N/A,,528.8312080010655,INFO,adaptador.request,true,exitoso,,,9119.879081745,9119.350250537,,,2026-09-05T00:00:23.075568Z
9f7b50f1-5a54-4821-a472-1a51ec60a045,run1_rep3,A,CLOSED,CLOSED,request,PROVIDER,N/A,,528.2827089995408,INFO,adaptador.request,true,exitoso,,,9119.946158204,9119.417875495,,,2026-09-05T00:00:23.142650Z
988cd761-c778-4cc4-97ae-02e6cde91d80,run1_rep3,A,CLOSED,CLOSED,request,PROVIDER,N/A,,500.4689999987022,INFO,adaptador.request,true,exitoso,,,9120.034988287,9119.534519287,,,2026-09-05T00:00:23.231557Z
008a1094-ed15-403f-8a35-45885cacca06,run1_rep3,A,CLOSED,CLOSED,request,PROVIDER,N/A,,435.74850000004517,INFO,adaptador.request,true,exitoso,,,9120.11102787,9119.67527937,,,2026-09-05T00:00:23.307599Z
a0eff7bb-3f53-4a1d-94f0-ab0d6ba71fe9,run1_rep3,A,CLOSED,CLOSED,request,PROVIDER,N/A,,374.9165009994613,INFO,adaptador.request,true,exitoso,,,9120.173703079,9119.798786578,,,2026-09-05T00:00:23.370239Z
6811b929-2cbf-4bec-ad2b-640e53950c9c,run1_rep3,A,CLOSED,CLOSED,request,PROVIDER,N/A,,405.04141699966567,INFO,adaptador.request,true,exitoso,,,9120.25968937,9119.854647953,,,2026-09-05T00:00:23.456259Z
ed278508-ee0f-4b40-80d9-80ed2c0e3af0,run1_rep3,A,CLOSED,CLOSED,request,PROVIDER,N/A,,472.95245900022564,INFO,adaptador.request,true,exitoso,,,9120.328074162,9119.855121703,,,2026-09-05T00:00:23.524601Z
664ba23b-6c9d-4619-9950-afeecd74dcef,run1_rep3,A,CLOSED,CLOSED,request,PROVIDER,N/A,,520.7234999998036,INFO,adaptador.request,true,exitoso,,,9120.383257745,9119.862534245,,,2026-09-05T00:00:23.579800Z
46127167-0b32-47fa-bb29-0f20bae0d3a1,run1_rep3,A,CLOSED,CLOSED,request,PROVIDER,N/A,,382.1751659997972,INFO,adaptador.request,true,exitoso,,,9120.45209662,9120.069921454,,,2026-09-05T00:00:23.648605Z
499f9062-30c4-4ff1-b4bb-3adf090539ef,run1_rep3,A,CLOSED,CLOSED,request,PROVIDER,N/A,,392.0458749998943,INFO,adaptador.request,true,exitoso,,,9120.556987662,9120.164941787,,,2026-09-05T00:00:23.753572Z
4f54e418-74ef-4c3a-b95c-6f7e6522b85b,run1_rep3,A,CLOSED,CLOSED,request,PROVIDER,N/A,,432.2846670002036,INFO,adaptador.request,true,exitoso,,,9120.650627746,9120.218343079,,,2026-09-05T00:00:23.847157Z
3a00799e-a8f2-446a-9483-fc4127363db4,run1_rep3,A,CLOSED,CLOSED,request,PROVIDER,N/A,,459.7431250003865,INFO,adaptador.request,true,exitoso,,,9120.720834162,9120.261091037,,,2026-09-05T00:00:23.917371Z
261522ea-61ae-46b1-bbce-045a88df98e6,run1_rep3,A,CLOSED,CLOSED,request,PROVIDER,N/A,,481.54862499904993,INFO,adaptador.request,true,exitoso,,,9120.787419829,9120.305871204,,,2026-09-05T00:00:23.983971Z
58520243-7327-4260-9ee3-f4984254807e,run1_rep3,A,CLOSED,CLOSED,request,PROVIDER,N/A,,495.7831259998784,INFO,adaptador.request,true,exitoso,,,9120.872774996,9120.37699187,,,2026-09-05T00:00:24.069316Z
799a8f92-c828-43e6-b110-d5f1752caeda,run1_rep3,A,CLOSED,CLOSED,request,PROVIDER,N/A,,420.74220900030923,INFO,adaptador.request,true,exitoso,,,9120.950819496,9120.530077287,,,2026-09-05T00:00:24.147377Z
5f0bca0c-a3a5-4fc1-bd01-8f97969f81c0,run1_rep3,A,CLOSED,CLOSED,request,PROVIDER,N/A,,315.27345900030923,INFO,adaptador.request,true,exitoso,,,9121.027400621,9120.712127162,,,2026-09-05T00:00:24.224012Z
374b585d-d785-4b57-a3fd-e9eab5840374,run1_rep3,A,CLOSED,CLOSED,request,PROVIDER,N/A,,301.6301249990647,INFO,adaptador.request,true,exitoso,,,9121.129599621,9120.827969496,,,2026-09-05T00:00:24.326209Z
1e4e4290-6503-4ecc-a505-a11292cbd204,run1_rep3,A,CLOSED,CLOSED,request,PROVIDER,N/A,,349.35495799982164,INFO,adaptador.request,true,exitoso,,,9121.198027454,9120.848672496,,,2026-09-05T00:00:24.394533Z
e1567028-4382-49d3-a1c8-e596c0c86a30,run1_rep3,A,CLOSED,CLOSED,request,PROVIDER,N/A,,375.8211250005843,INFO,adaptador.request,true,exitoso,,,9121.259115829,9120.883294704,,,2026-09-05T00:00:24.455634Z
33817ff0-b704-4ea0-aed6-8b840131c967,run1_rep3,A,CLOSED,CLOSED,request,PROVIDER,N/A,,424.7145000008459,INFO,adaptador.request,true,exitoso,,,9121.327165204,9120.902450704,,,2026-09-05T00:00:24.523687Z
e766360e-005c-4648-b4ec-63c171fe890c,run1_rep3,A,CLOSED,CLOSED,request,PROVIDER,N/A,,384.5170839995262,INFO,adaptador.request,true,exitoso,,,9121.407738913,9121.023221829,,,2026-09-05T00:00:24.604275Z
102b51da-30f8-4150-9310-c9da1b0c3a2d,run1_rep3,A,CLOSED,CLOSED,request,PROVIDER,N/A,,463.8314169988007,INFO,adaptador.request,true,exitoso,,,9121.507159746,9121.043328329,,,2026-09-05T00:00:24.703754Z
54c8cfb4-f4be-4a9f-a370-83f61e13f286,run1_rep3,A,CLOSED,CLOSED,request,PROVIDER,N/A,,448.8852089998545,INFO,adaptador.request,true,exitoso,,,9121.611883996,9121.162998787,,,2026-09-05T00:00:24.808433Z
968b0bc1-e380-4f39-88cd-f65c4ffbfbe8,run1_rep3,A,CLOSED,CLOSED,request,PROVIDER,N/A,,507.39358399914636,INFO,adaptador.request,true,exitoso,,,9121.670849663,9121.163456079,,,2026-09-05T00:00:24.867384Z
ce09bac1-d2a6-4e21-83d8-bf9a4e92221d,run1_rep3,A,CLOSED,CLOSED,request,PROVIDER,N/A,,443.265291998614,INFO,adaptador.request,true,exitoso,,,9121.734899246,9121.291633954,,,2026-09-05T00:00:24.931432Z
4b179934-2e20-4108-913a-642e96793c7b,run1_rep3,A,CLOSED,CLOSED,request,PROVIDER,N/A,,434.0948330009269,INFO,adaptador.request,true,exitoso,,,9121.809438996,9121.375344163,,,2026-09-05T00:00:25.005962Z
b5b73450-d54d-4efd-8d21-54e74ade503c,run1_rep3,A,CLOSED,CLOSED,request,PROVIDER,N/A,,412.4990410000464,INFO,adaptador.request,true,exitoso,,,9121.870170579,9121.457671538,,,2026-09-05T00:00:25.066712Z
0d5ee580-ac11-4589-bc65-d74e386d0be5,run1_rep3,A,CLOSED,CLOSED,request,PROVIDER,N/A,,468.5435409992351,INFO,adaptador.request,true,exitoso,,,9121.95257887,9121.484035329,,,2026-09-05T00:00:25.149307Z
aa140f30-5f44-43d3-a8b8-3d91873df214,run1_rep3,A,CLOSED,CLOSED,request,PROVIDER,N/A,,445.98199900065083,INFO,adaptador.request,true,exitoso,,,9122.037730537,9121.591748538,,,2026-09-05T00:00:25.234516Z
3fb09a8f-3a7d-4a17-b913-bbe566f24d94,run1_rep3,A,CLOSED,CLOSED,request,PROVIDER,N/A,,516.7681250004534,INFO,adaptador.request,true,exitoso,,,9122.136840079,9121.620071954,,,2026-09-05T00:00:25.333594Z
a58c06df-be89-46ae-8ac1-0df7e0e5c91e,run1_rep3,A,CLOSED,CLOSED,request,PROVIDER,N/A,,593.1277079998836,INFO,adaptador.request,true,exitoso,,,9122.213576329,9121.620448621,,,2026-09-05T00:00:25.410420Z
a3535639-5f26-43b7-8682-36e334f32e63,run1_rep3,A,CLOSED,CLOSED,request,PROVIDER,N/A,,466.46366599998146,INFO,adaptador.request,true,exitoso,,,9122.28831437,9121.821850704,,,2026-09-05T00:00:25.485171Z
c1b57094-9b9b-4064-9892-ea37791b3609,run1_rep3,A,CLOSED,CLOSED,request,PROVIDER,N/A,,426.6512079993845,INFO,adaptador.request,true,exitoso,,,9122.360330745,9121.933679537,,,2026-09-05T00:00:25.557136Z
17799e04-8f43-459f-ab8c-4edb13855f4b,run1_rep3,A,CLOSED,CLOSED,request,PROVIDER,N/A,,356.9121250002354,INFO,adaptador.request,true,exitoso,,,9122.420247829,9122.063335704,,,2026-09-05T00:00:25.617059Z
9be46830-bf17-4ea2-a4a0-18af4644cfbb,run1_rep3,A,CLOSED,CLOSED,request,PROVIDER,N/A,,335.6992919998447,INFO,adaptador.request,true,exitoso,,,9122.492574912,9122.15687562,,,2026-09-05T00:00:25.689477Z
0c479558-08f8-48c8-b3fc-c0dda3f591bc,run1_rep3,A,CLOSED,CLOSED,request,PROVIDER,N/A,,345.78133300055924,INFO,adaptador.request,true,exitoso,,,9122.56337562,9122.217594287,,,2026-09-05T00:00:25.760169Z
dad7e4eb-1af1-4439-8572-9c4bb6b54a23,run1_rep3,A,CLOSED,CLOSED,request,PROVIDER,N/A,,416.6819589991064,INFO,adaptador.request,true,exitoso,,,9122.636887121,9122.220205162,,,2026-09-05T00:00:25.833660Z
aa32735d-e0c2-4d1d-a41c-7e986b8653fa,run1_rep3,A,CLOSED,CLOSED,request,PROVIDER,N/A,,281.8959169999289,INFO,adaptador.request,true,exitoso,,,9122.703373496,9122.421477579,,,2026-09-05T00:00:25.900156Z
62fb0a66-bb1b-4cc7-a1ad-11032d3e36ee,run1_rep3,A,CLOSED,CLOSED,request,PROVIDER,N/A,,337.4683339989133,INFO,adaptador.request,true,exitoso,,,9122.767657371,9122.430189037,,,2026-09-05T00:00:25.964437Z
d750c9f8-b47d-4bf6-a7b2-9f51fd91056d,run1_rep3,A,CLOSED,CLOSED,request,PROVIDER,N/A,,379.29195900142076,INFO,adaptador.request,true,exitoso,,,9122.876539704,9122.497247745,,,2026-09-05T00:00:26.073322Z
ebf0b2e5-2b6f-4a53-8032-36ac69427acf,run1_rep3,A,CLOSED,CLOSED,request,PROVIDER,N/A,,324.67370800077333,INFO,adaptador.request,true,exitoso,,,9122.956323954,9122.631650246,,,2026-09-05T00:00:26.153137Z
925079cf-19e1-442d-ad53-2fcb9a66c214,run1_rep3,A,CLOSED,CLOSED,request,PROVIDER,N/A,,343.12620899981994,INFO,adaptador.request,true,exitoso,,,9123.025374746,9122.682248537,,,2026-09-05T00:00:26.222155Z
e1f69006-60a9-48d3-beb9-4a7b23090a1c,run1_rep3,A,CLOSED,CLOSED,request,PROVIDER,N/A,,390.25458300056926,INFO,adaptador.request,true,exitoso,,,9123.091844204,9122.701589621,,,2026-09-05T00:00:26.288643Z
f0743159-2ae3-46d7-af36-80a5f25f0f01,run1_rep3,A,CLOSED,CLOSED,request,PROVIDER,N/A,,420.16433299977507,INFO,adaptador.request,true,exitoso,,,9123.189022204,9122.768857871,,,2026-09-05T00:00:26.385823Z
8dd6d705-af9d-414f-aedd-6a86c8147f03,run1_rep3,A,CLOSED,CLOSED,request,PROVIDER,N/A,,445.6121670009452,INFO,adaptador.request,true,exitoso,,,9123.248446621,9122.802834454,,,2026-09-05T00:00:26.445237Z
e3329a94-1517-49bb-9729-a3e33589c078,run1_rep3,A,CLOSED,CLOSED,request,PROVIDER,N/A,,361.7746250001801,INFO,adaptador.request,true,exitoso,,,9123.317855121,9122.956080496,,,2026-09-05T00:00:26.514949Z
d007e9c3-7c6c-44a9-9783-fde1a6f36e09,run1_rep3,A,CLOSED,CLOSED,request,PROVIDER,N/A,,424.1210830005002,INFO,adaptador.request,true,exitoso,,,9123.404756454,9122.980635371,,,2026-09-05T00:00:26.601566Z
b7787cad-0651-4c1d-9af7-1b28d458d68c,run1_rep3,A,CLOSED,CLOSED,request,PROVIDER,N/A,,378.98862499969255,INFO,adaptador.request,true,exitoso,,,9123.466639829,9123.087651204,,,2026-09-05T00:00:26.663443Z
ff416bc8-f2a7-4e73-9971-55149f86cf5c,run1_rep3,A,CLOSED,CLOSED,request,PROVIDER,N/A,,353.95195900127874,INFO,adaptador.request,true,exitoso,,,9123.559669496,9123.205717537,,,2026-09-05T00:00:26.756494Z
aa745d89-fa42-4ec2-8da9-49134b60d874,run1_rep3,A,CLOSED,CLOSED,request,PROVIDER,N/A,,431.0850420006318,INFO,adaptador.request,true,exitoso,,,9123.654176454,9123.223091412,,,2026-09-05T00:00:26.851010Z
c29e7d9c-5865-407e-9ddd-01b06dc00fab,run1_rep3,A,CLOSED,CLOSED,request,PROVIDER,N/A,,409.65541699915775,INFO,adaptador.request,true,exitoso,,,9123.730746246,9123.321090829,,,2026-09-05T00:00:26.927547Z
9a1635e4-9bc1-41a6-9ecd-cb833723d76f,run1_rep3,A,CLOSED,CLOSED,request,PROVIDER,N/A,,459.9439169996913,INFO,adaptador.request,true,exitoso,,,9123.839297288,9123.379353371,,,2026-09-05T00:00:27.036106Z
a66528e6-4252-4e39-9208-405a8cc434b2,run1_rep3,A,CLOSED,CLOSED,request,PROVIDER,N/A,,507.5633750002453,INFO,adaptador.request,true,exitoso,,,9123.912083246,9123.404519871,,,2026-09-05T00:00:27.108884Z
a7f3be1f-ff2f-4e2b-b05c-e80578057a38,run1_rep3,A,CLOSED,CLOSED,request,PROVIDER,N/A,,464.0697499999078,INFO,adaptador.request,true,exitoso,,,9123.973489871,9123.509420121,,,2026-09-05T00:00:27.170305Z
5df101c2-d7cc-457e-bbe0-cef7f5f99811,run1_rep3,A,CLOSED,CLOSED,request,PROVIDER,N/A,,505.1500000008673,INFO,adaptador.request,true,exitoso,,,9124.043103288,9123.537953288,,,2026-09-05T00:00:27.240000Z
50d58cfd-ec26-4cea-ae30-563c4b467c82,run1_rep3,A,CLOSED,CLOSED,request,PROVIDER,N/A,,595.9527919985703,INFO,adaptador.request,true,exitoso,,,9124.134491705,9123.538538913,,,2026-09-05T00:00:27.331299Z
37937c95-1818-4983-b4ed-56670e5ea882,run1_rep3,A,CLOSED,CLOSED,request,PROVIDER,N/A,,442.38954199863656,INFO,adaptador.request,true,exitoso,,,9124.196239955,9123.753850413,,,2026-09-05T00:00:27.393013Z
76328f46-59ed-4a9f-9561-47aa729e8c04,run1_rep3,A,CLOSED,CLOSED,request,PROVIDER,N/A,,425.6215000004886,INFO,adaptador.request,true,exitoso,,,9124.275442913,9123.849821413,,,2026-09-05T00:00:27.472255Z
57a7956c-f2a2-4d09-bd83-ffedf52093b4,run1_rep3,A,CLOSED,CLOSED,request,PROVIDER,N/A,,495.63879199922667,INFO,adaptador.request,true,exitoso,,,9124.354861413,9123.859222621,,,2026-09-05T00:00:27.551634Z
fa634d2e-aa02-4d28-91e8-b4c486fa0072,run1_rep3,A,CLOSED,CLOSED,request,PROVIDER,N/A,,508.2432510007493,INFO,adaptador.request,true,exitoso,,,9124.42809483,9123.919851579,,,2026-09-05T00:00:27.624914Z
0fb18a47-94fa-448c-9f42-847df3b8cc31,run1_rep3,A,CLOSED,CLOSED,request,PROVIDER,N/A,,422.675290999905,INFO,adaptador.request,true,exitoso,,,9124.510215621,9124.08754033,,,2026-09-05T00:00:27.707034Z
a4be3321-2fbb-416f-8a14-5545e877015d,run1_rep3,A,CLOSED,CLOSED,request,PROVIDER,N/A,,446.18883399925835,INFO,adaptador.request,true,exitoso,,,9124.58398958,9124.137800746,,,2026-09-05T00:00:27.780820Z
dda7e6db-9d1c-47d3-a6e4-31bfc83be3de,run1_rep3,A,CLOSED,CLOSED,request,PROVIDER,N/A,,522.9928749995452,INFO,adaptador.request,true,exitoso,,,9124.66669833,9124.143705455,,,2026-09-05T00:00:27.863486Z
aa8c2c20-190c-4736-b633-7c8b15bc5c16,run1_rep3,A,CLOSED,CLOSED,request,PROVIDER,N/A,,566.6254999996454,INFO,adaptador.request,true,exitoso,,,9124.745071955,9124.178446455,,,2026-09-05T00:00:27.941861Z
07011091-e187-4ec3-8232-adc66ef1e1a0,run1_rep3,A,CLOSED,CLOSED,request,PROVIDER,N/A,,629.4929169998795,INFO,adaptador.request,true,exitoso,,,9124.824629913,9124.195136996,,,2026-09-05T00:00:28.021514Z
ff88c04b-5e0f-4db6-a185-aaa65e6911f5,run1_rep3,A,CLOSED,CLOSED,request,PROVIDER,N/A,,509.75845900029526,INFO,adaptador.request,true,exitoso,,,9124.895992747,9124.386234288,,,2026-09-05T00:00:28.092836Z
c45f6856-4171-4b2d-9452-74be7dd38ec6,run1_rep3,A,CLOSED,CLOSED,request,PROVIDER,N/A,,401.1456669995823,INFO,adaptador.request,true,exitoso,,,9125.001167288,9124.600021621,,,2026-09-05T00:00:28.197963Z
b3a26fbc-f306-4695-a29a-5e22505b9b85,run1_rep3,A,CLOSED,CLOSED,request,PROVIDER,N/A,,439.0075009996508,INFO,adaptador.request,true,exitoso,,,9125.069706872,9124.630699371,,,2026-09-05T00:00:28.266513Z
112b640d-a6c6-4e96-b89f-20ed64fd640d,run1_rep3,A,CLOSED,CLOSED,request,PROVIDER,N/A,,497.7197509997495,INFO,adaptador.request,true,exitoso,,,9125.162793622,9124.665073871,,,2026-09-05T00:00:28.359573Z
49e25561-b37f-4bc6-b50c-8d723901dfe4,run1_rep3,A,CLOSED,CLOSED,request,PROVIDER,N/A,,577.9055830007565,INFO,adaptador.request,true,exitoso,,,9125.261602413,9124.68369683,,,2026-09-05T00:00:28.458373Z
c6276723-1763-4e60-8f81-305f98f3d9d9,run1_rep3,A,CLOSED,CLOSED,request,PROVIDER,N/A,,601.1660000003758,INFO,adaptador.request,true,exitoso,,,9125.362938538,9124.761772538,,,2026-09-05T00:00:28.559753Z
340bc79c-2ea0-4b02-9d45-2f1d89c46212,run1_rep3,A,CLOSED,CLOSED,request,PROVIDER,N/A,,641.6414169998461,INFO,adaptador.request,true,exitoso,,,9125.469342372,9124.827700955,,,2026-09-05T00:00:28.666129Z
691efd87-c8ae-4dad-986a-38c474d08e52,run1_rep3,A,CLOSED,CLOSED,request,PROVIDER,N/A,,730.9487920010724,INFO,adaptador.request,true,exitoso,,,9125.559079205,9124.828130413,,,2026-09-05T00:00:28.755903Z
cca9c842-5d70-4296-aa8f-bf3fc5a814d7,run1_rep3,A,CLOSED,CLOSED,request,PROVIDER,N/A,,567.0520010007749,INFO,adaptador.request,true,exitoso,,,9125.650667039,9125.083615038,,,2026-09-05T00:00:28.847475Z
6d15ff2d-ade3-4ea0-bdb3-bd265342e583,run1_rep3,A,CLOSED,CLOSED,request,PROVIDER,N/A,,609.3134170005214,INFO,adaptador.request,true,exitoso,,,9125.752939247,9125.14362583,,,2026-09-05T00:00:28.949759Z
8e33d576-1ba5-4ea7-875b-063ef92f78af,run1_rep3,A,CLOSED,CLOSED,request,PROVIDER,N/A,,671.9334999997955,INFO,adaptador.request,true,exitoso,,,9125.815884955,9125.143951455,,,2026-09-05T00:00:29.012665Z
1f9f8b14-3145-4ca1-8db3-72953cb13504,run1_rep3,A,CLOSED,CLOSED,request,PROVIDER,N/A,,702.4682500014023,INFO,adaptador.request,true,exitoso,,,9125.90591558,9125.20344733,,,2026-09-05T00:00:29.102745Z
6d9c5053-ae79-4bf7-bf6f-d3d4c76eb3e8,run1_rep3,A,CLOSED,CLOSED,request,PROVIDER,N/A,,662.7459170013026,INFO,adaptador.request,true,exitoso,,,9125.99285883,9125.330112913,,,2026-09-05T00:00:29.189882Z
1d2f2101-2ee9-4f17-ac8a-2407e063a3f8,run1_rep3,A,CLOSED,CLOSED,request,PROVIDER,N/A,,532.789082999443,INFO,adaptador.request,true,exitoso,,,9126.068319955,9125.535530872,,,2026-09-05T00:00:29.265109Z
3ae1651b-e2b2-4164-afb4-cc5c34edb1f3,run1_rep3,A,CLOSED,CLOSED,request,PROVIDER,N/A,,516.8875840008695,INFO,adaptador.request,true,exitoso,,,9126.131565539,9125.614677955,,,2026-09-05T00:00:29.328347Z
a9f8d302-c131-48e2-b9d1-bd9875cb7e07,run1_rep3,A,CLOSED,CLOSED,request,PROVIDER,N/A,,540.4843750002328,INFO,adaptador.request,true,exitoso,,,9126.204075497,9125.663591122,,,2026-09-05T00:00:29.400868Z
416bb783-cf59-4ce1-986a-1bcb1db8ffa9,run1_rep3,A,CLOSED,CLOSED,request,PROVIDER,N/A,,600.4231249989971,INFO,adaptador.request,true,exitoso,,,9126.264418997,9125.663995872,,,2026-09-05T00:00:29.461210Z
e83eec3c-9072-4fde-aeae-3071823a2781,run1_rep3,A,CLOSED,CLOSED,request,PROVIDER,N/A,,527.1457920007379,INFO,adaptador.request,true,exitoso,,,9126.354074622,9125.82692883,,,2026-09-05T00:00:29.550878Z
25bb178a-7ace-47ce-a6cc-07ef7b531dbe,run1_rep3,A,CLOSED,CLOSED,request,PROVIDER,N/A,,557.2376259988232,INFO,adaptador.request,true,exitoso,,,9126.438935081,9125.881697455,,,2026-09-05T00:00:29.635775Z
9130e8ee-539f-4cde-8b4f-adb5fdccf881,run1_rep3,A,CLOSED,CLOSED,request,PROVIDER,N/A,,569.4403760007845,INFO,adaptador.request,true,exitoso,,,9126.503630456,9125.93419008,,,2026-09-05T00:00:29.700440Z
5d26a94c-1b34-44e3-8383-6483a86fd63e,run1_rep3,A,CLOSED,CLOSED,request,PROVIDER,N/A,,340.04558400010865,INFO,adaptador.request,true,exitoso,,,9126.570650206,9126.230604622,,,2026-09-05T00:00:29.767428Z
4f5be0cb-5f8f-4122-8571-e2a8a1f96f42,run1_rep3,A,CLOSED,CLOSED,request,PROVIDER,N/A,,386.3616250000632,INFO,adaptador.request,true,exitoso,,,9126.656579164,9126.270217539,,,2026-09-05T00:00:29.853360Z
2e9d1f05-6a30-4d42-9cbb-1f4bda753664,run1_rep3,A,CLOSED,CLOSED,request,PROVIDER,N/A,,327.211083000293,INFO,adaptador.request,true,exitoso,,,9126.741853164,9126.414642081,,,2026-09-05T00:00:29.938743Z
195f5922-6747-4442-ada9-ca9b8f8245a7,run1_rep3,A,CLOSED,CLOSED,request,PROVIDER,N/A,,398.42520899946976,INFO,adaptador.request,true,exitoso,,,9126.838410998,9126.439985789,,,2026-09-05T00:00:30.035260Z
b3f4a639-dbe6-4402-98a3-b234980d9614,run1_rep3,A,CLOSED,CLOSED,request,PROVIDER,N/A,,455.63599999877624,INFO,adaptador.request,true,exitoso,,,9126.918506331,9126.462870331,,,2026-09-05T00:00:30.115295Z
01fe5ec6-4a71-4ad2-8137-1378a6c85b56,run1_rep3,A,CLOSED,CLOSED,request,PROVIDER,N/A,,514.3391670007986,INFO,adaptador.request,true,exitoso,,,9126.981960831,9126.467621664,,,2026-09-05T00:00:30.178808Z
5ba4560a-4b81-488d-90c1-1f7f22143039,run1_rep3,A,CLOSED,CLOSED,request,PROVIDER,N/A,,523.7430010001844,INFO,adaptador.request,true,exitoso,,,9127.080546498,9126.556803497,,,2026-09-05T00:00:30.277411Z
667b4409-fe99-4d4f-8848-b58b715a8ea3,run1_rep3,A,CLOSED,CLOSED,request,PROVIDER,N/A,,509.1626670000551,INFO,adaptador.request,true,exitoso,,,9127.160231289,9126.651068622,,,2026-09-05T00:00:30.357034Z
7585d812-2530-4f70-b0a8-d2e6274e96e6,run1_rep3,A,CLOSED,CLOSED,request,PROVIDER,N/A,,555.1218339987827,INFO,adaptador.request,true,exitoso,,,9127.240419331,9126.685297497,,,2026-09-05T00:00:30.437198Z
7263740e-d277-428b-b02b-53b0318ff05f,run1_rep3,A,CLOSED,CLOSED,request,PROVIDER,N/A,,608.3366669990937,INFO,adaptador.request,true,exitoso,,,9127.328407914,9126.720071247,,,2026-09-05T00:00:30.525209Z
f9863f11-6cc9-4236-94b3-405dc969a269,run1_rep3,A,CLOSED,CLOSED,request,PROVIDER,N/A,,539.7008750005625,INFO,adaptador.request,true,exitoso,,,9127.420060789,9126.880359914,,,2026-09-05T00:00:30.616855Z
d8ae5e4f-d504-4ddf-8af3-959e8419085d,run1_rep3,A,CLOSED,CLOSED,request,PROVIDER,N/A,,601.0188330001256,INFO,adaptador.request,true,exitoso,,,9127.519376331,9126.918357498,,,2026-09-05T00:00:30.716152Z
36d662f8-8533-415b-b4df-c1419a8e9773,run1_rep3,A,CLOSED,CLOSED,request,PROVIDER,N/A,,610.9742919998098,INFO,adaptador.request,true,exitoso,,,9127.61739854,9127.006424248,,,2026-09-05T00:00:30.814256Z
206ea4e5-9975-4258-97c2-e5de37f33adb,run1_rep3,A,CLOSED,CLOSED,request,PROVIDER,N/A,,541.8850830010342,INFO,adaptador.request,true,exitoso,,,9127.704546581,9127.162661498,,,2026-09-05T00:00:30.901342Z
07cc500f-0883-4297-b757-9b9b9c39b186,run1_rep3,A,CLOSED,CLOSED,request,PROVIDER,N/A,,528.7246669995511,INFO,adaptador.request,true,exitoso,,,9127.778553248,9127.249828581,,,2026-09-05T00:00:30.975324Z
91bcb6ca-03db-4771-99bc-7ac5befb0ed6,run1_rep3,A,CLOSED,CLOSED,request,PROVIDER,N/A,,548.4438329986006,INFO,adaptador.request,true,exitoso,,,9127.882017081,9127.333573248,,,2026-09-05T00:00:31.078864Z
17bb57e0-7176-4a17-8221-5dc907fa80dc,run1_rep3,A,CLOSED,CLOSED,request,PROVIDER,N/A,,560.6621669994638,INFO,adaptador.request,true,exitoso,,,9127.968200873,9127.407538706,,,2026-09-05T00:00:31.165014Z
033aa997-bbb6-4d85-9a95-bb03d17dcefa,run1_rep3,A,CLOSED,CLOSED,request,PROVIDER,N/A,,501.4173330000631,INFO,adaptador.request,true,exitoso,,,9128.069967831,9127.568550498,,,2026-09-05T00:00:31.266778Z
b1d731ea-a3a5-435e-909e-aee2c5d86b7a,run1_rep3,A,CLOSED,CLOSED,request,PROVIDER,N/A,,485.50062499998603,INFO,adaptador.request,true,exitoso,,,9128.175284748,9127.689784123,,,2026-09-05T00:00:31.372144Z
4bfc0293-c91a-4949-aecf-305e5fa1579e,run1_rep3,A,CLOSED,CLOSED,request,PROVIDER,N/A,,501.53441700058465,INFO,adaptador.request,true,exitoso,,,9128.235196998,9127.733662581,,,2026-09-05T00:00:31.432007Z
e6734ca7-ea61-46ea-a416-13cf390aa7d4,run1_rep3,A,CLOSED,CLOSED,request,PROVIDER,N/A,,585.4780839999876,INFO,adaptador.request,true,exitoso,,,9128.319595207,9127.734117123,,,2026-09-05T00:00:31.516386Z
38d32061-a70b-4620-9cbd-0acc49f35119,run1_rep3,A,CLOSED,CLOSED,request,PROVIDER,N/A,,550.0690839999152,INFO,adaptador.request,true,exitoso,,,9128.380443957,9127.830374873,,,2026-09-05T00:00:31.577261Z
7109b51a-c2bd-41d3-8fd0-16eb9bda2105,run1_rep3,A,CLOSED,CLOSED,request,PROVIDER,N/A,,638.9868750011374,INFO,adaptador.request,true,exitoso,,,9128.47729654,9127.838309665,,,2026-09-05T00:00:31.674075Z
9ed7c27c-8768-4209-878e-de2b3e2f14ad,run1_rep3,A,CLOSED,CLOSED,request,PROVIDER,N/A,,546.802499999103,INFO,adaptador.request,true,exitoso,,,9128.554095623,9128.007293123,,,2026-09-05T00:00:31.750884Z
b8a7782d-f5d2-4aa5-8efe-d793a23e8514,run1_rep3,A,CLOSED,CLOSED,request,PROVIDER,N/A,,617.581667000195,INFO,adaptador.request,true,exitoso,,,9128.633218457,9128.01563679,,,2026-09-05T00:00:31.830017Z
fb607d6e-a96f-493d-90c0-f189b84ac1eb,run1_rep3,A,CLOSED,CLOSED,request,PROVIDER,N/A,,400.1712919998681,INFO,adaptador.request,true,exitoso,,,9128.703493957,9128.303322665,,,2026-09-05T00:00:31.900323Z
a1032d67-bad1-4bd5-9ce5-c0443ed00b6f,run1_rep3,A,CLOSED,CLOSED,request,PROVIDER,N/A,,443.9262920004694,INFO,adaptador.request,true,exitoso,,,9128.803332665,9128.359406373,,,2026-09-05T00:00:32.000139Z
6e87efc0-24c0-43ad-b765-7787a27c5b92,run1_rep3,A,CLOSED,CLOSED,request,PROVIDER,N/A,,488.5113750005985,INFO,adaptador.request,true,exitoso,,,9128.88213204,9128.393620665,,,2026-09-05T00:00:32.078933Z
a510d42f-be21-45b5-9fc8-7699c111bafd,run1_rep3,A,CLOSED,CLOSED,request,PROVIDER,N/A,,448.30991699927836,INFO,adaptador.request,true,exitoso,,,9128.967410165,9128.519100248,,,2026-09-05T00:00:32.164190Z
c9822983-91a0-4c83-839e-2e880e6f5bf8,run1_rep3,A,CLOSED,CLOSED,request,PROVIDER,N/A,,505.0521260000096,INFO,adaptador.request,true,exitoso,,,9129.057310749,9128.552258623,,,2026-09-05T00:00:32.254093Z
ac198157-9d46-461c-9c18-0a94428f4de0,run1_rep3,A,CLOSED,CLOSED,request,PROVIDER,N/A,,512.1880419992522,INFO,adaptador.request,true,exitoso,,,9129.117983207,9128.605795165,,,2026-09-05T00:00:32.314812Z
c13c8a8d-ded8-4a2d-b79c-43fd652a63c7,run1_rep3,A,CLOSED,CLOSED,request,PROVIDER,N/A,,395.67054200051643,INFO,adaptador.request,true,exitoso,,,9129.186995499,9128.791324957,,,2026-09-05T00:00:32.383807Z
c15e87b4-b66a-4841-af38-6e696f7867b2,run1_rep3,A,CLOSED,CLOSED,request,PROVIDER,N/A,,429.75183299859054,INFO,adaptador.request,true,exitoso,,,9129.263192665,9128.833440832,,,2026-09-05T00:00:32.460009Z
ec33b2c0-c834-4f54-ac71-53a212ad6354,run1_rep3,A,CLOSED,CLOSED,request,PROVIDER,N/A,,351.95704199941247,INFO,adaptador.request,true,exitoso,,,9129.342109832,9128.99015279,,,2026-09-05T00:00:32.538964Z
12781c61-e197-4842-b13b-2362ab82466e,run1_rep3,A,CLOSED,CLOSED,request,PROVIDER,N/A,,408.52374999849417,INFO,adaptador.request,true,exitoso,,,9129.415258832,9129.006735082,,,2026-09-05T00:00:32.612099Z
4e08ea07-4d8e-4dc0-b114-ba486d4cd402,run1_rep3,A,CLOSED,CLOSED,request,PROVIDER,N/A,,506.6580000002432,INFO,adaptador.request,true,exitoso,,,9129.513797624,9129.007139624,,,2026-09-05T00:00:32.710610Z
c8a6f42a-bf8f-402e-973e-45d398f8a025,run1_rep3,A,CLOSED,CLOSED,request,PROVIDER,N/A,,532.9097089997958,INFO,adaptador.request,true,exitoso,,,9129.587106624,9129.054196915,,,2026-09-05T00:00:32.783910Z
ab1b15e4-62c1-4ce4-b79b-a97a6104522c,run1_rep3,A,CLOSED,CLOSED,request,PROVIDER,N/A,,418.42929199992795,INFO,adaptador.request,true,exitoso,,,9129.654687457,9129.236258165,,,2026-09-05T00:00:32.851482Z
85bf5560-f593-43c8-858a-484fd2dc61a2,run1_rep3,A,CLOSED,CLOSED,request,PROVIDER,N/A,,454.1326250000566,INFO,adaptador.request,true,exitoso,,,9129.753361957,9129.299229332,,,2026-09-05T00:00:32.950159Z
351caa3d-5b3f-4f34-8203-c52d34464ddd,run1_rep3,A,CLOSED,CLOSED,request,PROVIDER,N/A,,486.0894590001408,INFO,adaptador.request,true,exitoso,,,9129.822136999,9129.33604754,,,2026-09-05T00:00:33.018967Z
7c204eb7-3d16-4cbf-acf1-dc12563cb272,run1_rep3,A,CLOSED,CLOSED,request,PROVIDER,N/A,,473.7679170011688,INFO,adaptador.request,true,exitoso,,,9129.900460999,9129.426693082,,,2026-09-05T00:00:33.097189Z
63bc1554-980c-4dfe-becd-7fa054040e9c,run1_rep3,A,CLOSED,CLOSED,request,PROVIDER,N/A,,467.3609999990731,INFO,adaptador.request,true,exitoso,,,9129.993595457,9129.526234457,,,2026-09-05T00:00:33.190356Z
603b2008-ded9-4cc8-b968-8a5556e949ec,run1_rep3,A,CLOSED,CLOSED,request,PROVIDER,N/A,,505.9346670004743,INFO,adaptador.request,true,exitoso,,,9130.100775874,9129.594841207,,,2026-09-05T00:00:33.297601Z
fed808d9-8b80-49e4-a818-86904d177a90,run1_rep3,A,CLOSED,CLOSED,request,PROVIDER,N/A,,523.9491669999552,INFO,adaptador.request,true,exitoso,,,9130.169714416,9129.645765249,,,2026-09-05T00:00:33.366489Z
d3568035-b983-419a-852a-27fa66472ef5,run1_rep3,A,CLOSED,CLOSED,request,PROVIDER,N/A,,592.8621670009306,INFO,adaptador.request,true,exitoso,,,9130.272879624,9129.680017457,,,2026-09-05T00:00:33.469704Z
de0933cd-a2fc-4b53-935a-5956eb5bed5d,run1_rep3,A,CLOSED,CLOSED,request,PROVIDER,N/A,,533.9198759993451,INFO,adaptador.request,true,exitoso,,,9130.357602708,9129.823682832,,,2026-09-05T00:00:33.554405Z
299e87be-845b-4ccf-ac4e-ca55df5e0191,run1_rep3,A,CLOSED,CLOSED,request,PROVIDER,N/A,,576.1843750005937,INFO,adaptador.request,true,exitoso,,,9130.422070791,9129.845886416,,,2026-09-05T00:00:33.618883Z
2cfe45ed-e0e7-424d-9138-aaf281847d2c,run1_rep3,A,CLOSED,CLOSED,request,PROVIDER,N/A,,549.0450840006815,INFO,adaptador.request,true,exitoso,,,9130.485044166,9129.935999082,,,2026-09-05T00:00:33.681836Z
a956f03b-2267-477d-9b5d-86d0567ba13a,run1_rep3,A,CLOSED,CLOSED,request,PROVIDER,N/A,,608.5039580011653,INFO,adaptador.request,true,exitoso,,,9130.561970249,9129.953466291,,,2026-09-05T00:00:33.758794Z
0bad020c-e173-413e-bbc7-01a51b37b69b,run1_rep3,A,CLOSED,CLOSED,request,PROVIDER,N/A,,464.63883300020825,INFO,adaptador.request,true,exitoso,,,9130.628309499,9130.163670666,,,2026-09-05T00:00:33.825104Z
9506c6d3-195c-4632-9495-94d23dc2eeca,run1_rep3,A,CLOSED,CLOSED,request,PROVIDER,N/A,,550.0174590015376,INFO,adaptador.request,true,exitoso,,,9130.714294916,9130.164277457,,,2026-09-05T00:00:33.911085Z
bcaf8dfd-128e-4867-ae13-d1b30d2a9357,run1_rep3,A,CLOSED,CLOSED,request,PROVIDER,N/A,,604.1582920006476,INFO,adaptador.request,true,exitoso,,,9130.781987083,9130.177828791,,,2026-09-05T00:00:33.978806Z
ab8c9ccd-ed8b-4fb0-88bd-84e4492a4be8,run1_rep3,A,CLOSED,CLOSED,request,PROVIDER,N/A,,550.1944169991475,INFO,adaptador.request,true,exitoso,,,9130.842578916,9130.292384499,,,2026-09-05T00:00:34.039477Z
ab403ecd-ebf8-49c7-8678-b6e62bacb279,run1_rep3,A,CLOSED,CLOSED,request,PROVIDER,N/A,,554.1891250013578,INFO,adaptador.request,true,exitoso,,,9130.918173124,9130.363983999,,,2026-09-05T00:00:34.114952Z
a232649a-c718-4caf-b779-945a55a6bc59,run1_rep3,A,CLOSED,CLOSED,request,PROVIDER,N/A,,419.2390840016742,INFO,adaptador.request,true,exitoso,,,9130.981044583,9130.561805499,,,2026-09-05T00:00:34.177887Z
214517d1-ef9c-4379-acd1-1f29d692f4f6,run1_rep3,A,CLOSED,CLOSED,request,PROVIDER,N/A,,327.64241699987906,INFO,adaptador.request,true,exitoso,,,9131.086747541,9130.759105124,,,2026-09-05T00:00:34.283538Z
d26a999e-dfa7-4da0-9a63-4c12a673fe26,run1_rep3,A,CLOSED,CLOSED,request,PROVIDER,N/A,,403.0968339993706,INFO,adaptador.request,true,exitoso,,,9131.162585875,9130.759489041,,,2026-09-05T00:00:34.359385Z
bbdff8b2-6837-4bf4-be99-046306e00862,run1_rep3,A,CLOSED,CLOSED,request,PROVIDER,N/A,,442.8710009997303,INFO,adaptador.request,true,exitoso,,,9131.22173375,9130.778862749,,,2026-09-05T00:00:34.418530Z
1d25f8f7-ccf6-479f-81a4-b8945f4f79b3,run1_rep3,A,CLOSED,CLOSED,request,PROVIDER,N/A,,528.127334000601,INFO,adaptador.request,true,exitoso,,,9131.308327375,9130.780200041,,,2026-09-05T00:00:34.505122Z
b48bbc41-ec5d-4bcb-b19d-23ebc0897595,run1_rep3,A,CLOSED,CLOSED,request,PROVIDER,N/A,,556.7005419998168,INFO,adaptador.request,true,exitoso,,,9131.405735541,9130.849034999,,,2026-09-05T00:00:34.602545Z
ce7a2ee3-c808-4b7d-b66a-cbdcade7501c,run1_rep3,A,CLOSED,CLOSED,request,PROVIDER,N/A,,596.6801670001587,INFO,adaptador.request,true,exitoso,,,9131.490868083,9130.894187916,,,2026-09-05T00:00:34.687651Z
45679142-a18c-4d04-8e49-250fba66e34b,run1_rep3,A,CLOSED,CLOSED,request,PROVIDER,N/A,,562.7412080011709,INFO,adaptador.request,true,exitoso,,,9131.557764416,9130.995023208,,,2026-09-05T00:00:34.754543Z
afd05c2b-0740-4f35-8e40-c668402b4d66,run1_rep3,A,CLOSED,CLOSED,request,PROVIDER,N/A,,439.8200840005302,INFO,adaptador.request,true,exitoso,,,9131.64216875,9131.202348666,,,2026-09-05T00:00:34.838994Z
a2596872-8807-41e2-b1c4-929dae9958da,run1_rep3,A,CLOSED,CLOSED,request,PROVIDER,N/A,,488.7409580005624,INFO,adaptador.request,true,exitoso,,,9131.720880208,9131.23213925,,,2026-09-05T00:00:34.917649Z
91c49d1b-c998-4537-b64c-eac45bfde24c,run1_rep3,A,CLOSED,CLOSED,request,PROVIDER,N/A,,539.107917000365,INFO,adaptador.request,true,exitoso,,,9131.788078125,9131.248970208,,,2026-09-05T00:00:34.984893Z
f5749bb8-5108-4da3-8146-f6f6b814d348,run1_rep3,A,CLOSED,CLOSED,request,PROVIDER,N/A,,480.0145829995017,INFO,adaptador.request,true,exitoso,,,9131.865355083,9131.3853405,,,2026-09-05T00:00:35.062214Z
c02a164a-d610-4676-b3cc-bf254c67bc10,run1_rep3,A,CLOSED,CLOSED,request,PROVIDER,N/A,,446.23616700118873,INFO,adaptador.request,true,exitoso,,,9131.951705375,9131.505469208,,,2026-09-05T00:00:35.148440Z
efd9dcce-9109-4903-8db4-d822b41f6ef8,run1_rep3,A,CLOSED,CLOSED,request,PROVIDER,N/A,,379.052459000377,INFO,adaptador.request,true,exitoso,,,9132.033514875,9131.654462416,,,2026-09-05T00:00:35.230297Z
d29be8dc-8b2e-4ef3-bce3-e36e06b97d37,run1_rep3,A,CLOSED,CLOSED,request,PROVIDER,N/A,,407.19554199858976,INFO,adaptador.request,true,exitoso,,,9132.125853667,9131.718658125,,,2026-09-05T00:00:35.322600Z
1999dadb-25d7-4524-b2bf-ebcad8c571c8,run1_rep3,A,CLOSED,CLOSED,request,PROVIDER,N/A,,457.5932499992632,INFO,adaptador.request,true,exitoso,,,9132.230553083,9131.772959833,,,2026-09-05T00:00:35.427384Z
a0db364d-8866-42bb-ab02-84ea5d80be78,run1_rep3,A,CLOSED,CLOSED,request,PROVIDER,N/A,,449.11825000053796,INFO,adaptador.request,true,exitoso,,,9132.32036875,9131.8712505,,,2026-09-05T00:00:35.517213Z
fd242fff-3c2d-4870-9eee-99b3ecebc26d,run1_rep3,A,CLOSED,CLOSED,request,PROVIDER,N/A,,517.1149159996276,INFO,adaptador.request,true,exitoso,,,9132.388725583,9131.871610667,,,2026-09-05T00:00:35.585549Z
b02b5701-afd9-42dd-8289-ac86e1f1889f,run1_rep3,A,CLOSED,CLOSED,request,PROVIDER,N/A,,459.3287080006121,INFO,adaptador.request,true,exitoso,,,9132.458539375,9131.999210667,,,2026-09-05T00:00:35.655331Z
d290017d-d514-45d9-ac28-8c62591b0a20,run1_rep3,A,CLOSED,CLOSED,request,PROVIDER,N/A,,528.7966670002788,INFO,adaptador.request,true,exitoso,,,9132.550134709,9132.021338042,,,2026-09-05T00:00:35.746925Z
392464d5-3d07-4b67-96b9-6e8192e272a1,run1_rep3,A,CLOSED,CLOSED,request,PROVIDER,N/A,,514.8822920000384,INFO,adaptador.request,true,exitoso,,,9132.618368667,9132.103486375,,,2026-09-05T00:00:35.815166Z
c74c25c6-43d0-46cc-be65-e2f3bec5c626,run1_rep3,A,CLOSED,CLOSED,request,PROVIDER,N/A,,484.76983399996243,INFO,adaptador.request,true,exitoso,,,9132.716132584,9132.23136275,,,2026-09-05T00:00:35.912947Z
f0b05bf1-5d81-4139-8fc0-249669ecace3,run1_rep3,A,CLOSED,CLOSED,request,PROVIDER,N/A,,487.22820799957844,INFO,adaptador.request,true,exitoso,,,9132.776650875,9132.289422667,,,2026-09-05T00:00:35.973448Z
150c3f45-7926-4cd8-842e-c5779d0cfe3d,run1_rep3,A,CLOSED,CLOSED,request,PROVIDER,N/A,,368.96325000088837,INFO,adaptador.request,true,exitoso,,,9132.834871584,9132.465908334,,,2026-09-05T00:00:36.031666Z
8ebf4c40-e81d-4e96-9c36-684beb5acdad,run1_rep3,A,CLOSED,CLOSED,request,PROVIDER,N/A,,444.61408400093205,INFO,adaptador.request,true,exitoso,,,9132.925985334,9132.48137125,,,2026-09-05T00:00:36.122802Z
019c7f1c-8861-451e-96ad-2689b98c054a,run1_rep3,A,CLOSED,CLOSED,request,PROVIDER,N/A,,475.14379199856194,INFO,adaptador.request,true,exitoso,,,9132.988336542,9132.51319275,,,2026-09-05T00:00:36.185142Z
11decd23-760c-438f-a1b3-70ae6449c021,run1_rep3,A,CLOSED,CLOSED,request,PROVIDER,N/A,,552.6639159998012,INFO,adaptador.request,true,exitoso,,,9133.08132325,9132.528659334,,,2026-09-05T00:00:36.278116Z
42667b65-35cc-446a-a3af-478ecb351481,run1_rep3,A,CLOSED,CLOSED,request,PROVIDER,N/A,,506.5413339998486,INFO,adaptador.request,true,exitoso,,,9133.174521876,9132.667980542,,,2026-09-05T00:00:36.371317Z
3d4a4010-ad3e-4054-982b-fe04d41ba360,run1_rep3,A,CLOSED,CLOSED,request,PROVIDER,N/A,,596.8285420003667,INFO,adaptador.request,true,exitoso,,,9133.268081001,9132.671252459,,,2026-09-05T00:00:36.464860Z
77911ec3-f28f-4980-afb1-f5f2c880d1e3,run1_rep3,A,CLOSED,CLOSED,request,PROVIDER,N/A,,653.5274170000775,INFO,adaptador.request,true,exitoso,,,9133.335710459,9132.682183042,,,2026-09-05T00:00:36.532500Z
8aad8f02-796b-4b66-bfe5-7cf52b5d51ad,run1_rep3,A,CLOSED,CLOSED,request,PROVIDER,N/A,,605.3484590011067,INFO,adaptador.request,true,exitoso,,,9133.437628251,9132.832279792,,,2026-09-05T00:00:36.634427Z
e7b32e5d-c8db-407e-a955-f7601b8f2946,run1_rep3,A,CLOSED,CLOSED,request,PROVIDER,N/A,,595.8662920002098,INFO,adaptador.request,true,exitoso,,,9133.521434626,9132.925568334,,,2026-09-05T00:00:36.718242Z
cbd8a40e-5069-4060-93a2-311262098ee9,run1_rep3,A,CLOSED,CLOSED,request,PROVIDER,N/A,,524.2430420003075,INFO,adaptador.request,true,exitoso,,,9133.595081542,9133.0708385,,,2026-09-05T00:00:36.791878Z
7686eab2-051b-45a6-945f-de59742be2cf,run1_rep3,A,CLOSED,CLOSED,request,PROVIDER,N/A,,424.80141700070817,INFO,adaptador.request,true,exitoso,,,9133.651481584,9133.226680167,,,2026-09-05T00:00:36.848515Z
efc0e613-6cad-4ac9-a5a6-cd678306cc00,run1_rep3,A,CLOSED,CLOSED,request,PROVIDER,N/A,,440.9694589994615,INFO,adaptador.request,true,exitoso,,,9133.737282876,9133.296313417,,,2026-09-05T00:00:36.934075Z
cf7f7ca3-f56d-495c-8b2c-ac80bc932efb,run1_rep3,A,CLOSED,CLOSED,request,PROVIDER,N/A,,455.22866699866427,INFO,adaptador.request,true,exitoso,,,9133.820455001,9133.365226334,,,2026-09-05T00:00:37.017248Z
df2e43cf-00f8-4200-b32c-9d5927e6f28c,run1_rep3,A,CLOSED,CLOSED,request,PROVIDER,N/A,,463.7800420005078,INFO,adaptador.request,true,exitoso,,,9133.927929084,9133.464149042,,,2026-09-05T00:00:37.124773Z
d4915ad3-1a8d-49b2-8c3c-d382dcd32cdf,run1_rep3,A,CLOSED,CLOSED,request,PROVIDER,N/A,,438.1482919998234,INFO,adaptador.request,true,exitoso,,,9134.028785918,9133.590637626,,,2026-09-05T00:00:37.225607Z
0ddf90b0-2ec3-49c5-aa31-a3132124f539,run1_rep3,A,CLOSED,CLOSED,request,PROVIDER,N/A,,535.0527509999665,INFO,adaptador.request,true,exitoso,,,9134.126184793,9133.591132042,,,2026-09-05T00:00:37.323042Z
68eb32a4-0ef9-4026-a8ba-2508131f050e,run1_rep3,A,CLOSED,CLOSED,request,PROVIDER,N/A,,553.8393329989049,INFO,adaptador.request,true,exitoso,,,9134.207053584,9133.653214251,,,2026-09-05T00:00:37.403858Z
1c03ac77-5f88-4067-85c7-dab69c55d3a4,run1_rep3,A,CLOSED,CLOSED,request,PROVIDER,N/A,,601.7890000002808,INFO,adaptador.request,true,exitoso,,,9134.302566126,9133.700777126,,,2026-09-05T00:00:37.499329Z
7c6cf082-6214-4a8d-a304-f14d40b12cbc,run1_rep3,A,CLOSED,CLOSED,request,PROVIDER,N/A,,692.2371669988934,INFO,adaptador.request,true,exitoso,,,9134.400357334,9133.708120167,,,2026-09-05T00:00:37.597166Z
12b42ce2-5016-4c49-b0ee-21a0d97b43b9,run1_rep3,A,CLOSED,CLOSED,request,PROVIDER,N/A,,673.5269170003448,INFO,adaptador.request,true,exitoso,,,9134.469965168,9133.796438251,,,2026-09-05T00:00:37.666766Z
db7e136a-bd50-416e-bca0-ec7012ef521e,run1_rep3,A,CLOSED,CLOSED,request,PROVIDER,N/A,,632.0728340015194,INFO,adaptador.request,true,exitoso,,,9134.56120596,9133.929133126,,,2026-09-05T00:00:37.757983Z
b041f103-9735-4b23-b18b-3710eeea0996,run1_rep3,A,CLOSED,CLOSED,request,PROVIDER,N/A,,675.3858759984723,INFO,adaptador.request,true,exitoso,,,9134.642698335,9133.967312459,,,2026-09-05T00:00:37.839484Z
50434f93-4a4d-4ca5-a290-e1379f8eac26,run1_rep3,A,CLOSED,CLOSED,request,PROVIDER,N/A,,765.7517509996978,INFO,adaptador.request,true,exitoso,,,9134.73341896,9133.967667209,,,2026-09-05T00:00:37.930202Z
0b46910a-71a7-4295-a995-d52b77cdd40f,run1_rep3,A,CLOSED,CLOSED,request,PROVIDER,N/A,,723.9050829994085,INFO,adaptador.request,true,exitoso,,,9134.800943626,9134.077038543,,,2026-09-05T00:00:37.997777Z
ac3f4c1a-d3f6-46a0-a5f6-c2ada31ece69,run1_rep3,A,CLOSED,CLOSED,request,PROVIDER,N/A,,605.9208759998,INFO,adaptador.request,true,exitoso,,,9134.887089335,9134.281168459,,,2026-09-05T00:00:38.083925Z
fc3740e2-9606-4b39-b417-e86b6f8ed614,run1_rep3,A,CLOSED,CLOSED,request,PROVIDER,N/A,,610.2222080007778,INFO,adaptador.request,true,exitoso,,,9134.970602126,9134.360379918,,,2026-09-05T00:00:38.167520Z
e71e3479-b39e-4b4b-9ce9-76abda142694,run1_rep3,A,CLOSED,CLOSED,request,PROVIDER,N/A,,628.5532919991965,INFO,adaptador.request,true,exitoso,,,9135.042255376,9134.413702084,,,2026-09-05T00:00:38.239063Z
4d881770-ed16-435c-b12e-48c67cd5c842,run1_rep3,A,CLOSED,CLOSED,request,PROVIDER,N/A,,671.2230419998377,INFO,adaptador.request,true,exitoso,,,9135.129292001,9134.458068959,,,2026-09-05T00:00:38.326084Z
40573f10-6954-451b-bc55-1df0aa4abaaf,run1_rep3,A,CLOSED,CLOSED,request,PROVIDER,N/A,,417.8609169994161,INFO,adaptador.request,true,exitoso,,,9135.226206835,9134.808345918,,,2026-09-05T00:00:38.423000Z
fe76a6f6-ccdd-4d26-8114-0198022eff3c,run1_rep3,A,CLOSED,CLOSED,request,PROVIDER,N/A,,398.02391699959117,INFO,adaptador.request,true,exitoso,,,9135.304256043,9134.906232126,,,2026-09-05T00:00:38.501045Z
f63dc5dc-8a7e-48d0-b0a0-f145ad811325,run1_rep3,A,CLOSED,CLOSED,request,PROVIDER,N/A,,398.25737600040156,INFO,adaptador.request,true,exitoso,,,9135.374489252,9134.976231876,,,2026-09-05T00:00:38.571273Z
f5703b00-2587-4513-b59f-26652a606524,run1_rep3,A,CLOSED,CLOSED,request,PROVIDER,N/A,,431.6152079991298,INFO,adaptador.request,true,exitoso,,,9135.474484043,9135.042868835,,,2026-09-05T00:00:38.671260Z
fa801560-1e34-4864-8d47-19749c10325e,run1_rep3,A,CLOSED,CLOSED,request,PROVIDER,N/A,,520.3690419984923,INFO,adaptador.request,true,exitoso,,,9135.568964752,9135.04859571,,,2026-09-05T00:00:38.765808Z
861a48c8-88b4-403e-bc32-b40a8a782b4d,run1_rep3,A,CLOSED,CLOSED,request,PROVIDER,N/A,,566.5260419991682,INFO,adaptador.request,true,exitoso,,,9135.631623918,9135.065097876,,,2026-09-05T00:00:38.828548Z
8dd87b46-0973-4279-bcae-405a0b3864be,run1_rep3,A,CLOSED,CLOSED,request,PROVIDER,N/A,,562.7092510003422,INFO,adaptador.request,true,exitoso,,,9135.707014502,9135.144305251,,,2026-09-05T00:00:38.903825Z
d8c8d840-33ce-44a1-a327-706afb1abd5b,run1_rep3,A,CLOSED,CLOSED,request,PROVIDER,N/A,,442.479249999451,INFO,adaptador.request,true,exitoso,,,9135.79263496,9135.35015571,,,2026-09-05T00:00:38.989435Z
5a20885c-f04c-4ac5-8817-ef45727c010a,run1_rep3,A,CLOSED,CLOSED,request,PROVIDER,N/A,,546.1415829995531,INFO,adaptador.request,true,exitoso,,,9135.89671546,9135.350573877,,,2026-09-05T00:00:39.093510Z
361a91f0-31f7-4e23-93b5-139bd3c56808,run1_rep3,A,CLOSED,CLOSED,request,PROVIDER,N/A,,415.4073339996103,INFO,adaptador.request,true,exitoso,,,9135.961169752,9135.545762418,,,2026-09-05T00:00:39.157997Z
516378fd-0cd3-4e14-a5e3-447701cb0796,run1_rep3,A,CLOSED,CLOSED,request,PROVIDER,N/A,,490.1393330001156,INFO,adaptador.request,true,exitoso,,,9136.06197621,9135.571836877,,,2026-09-05T00:00:39.258798Z
9dc81658-3611-4985-8743-71c45a12bccb,run1_rep3,A,CLOSED,CLOSED,request,PROVIDER,N/A,,545.9480839999742,INFO,adaptador.request,true,exitoso,,,9136.120374627,9135.574426543,,,2026-09-05T00:00:39.317160Z
331aa858-a204-4129-a864-211cf25dee8a,run1_rep3,A,CLOSED,CLOSED,request,PROVIDER,N/A,,512.0663340003375,INFO,adaptador.request,true,exitoso,,,9136.191615252,9135.679548918,,,2026-09-05T00:00:39.388452Z
1b6a76be-cf43-4e82-ae00-e9d926a2f17d,run1_rep3,A,CLOSED,CLOSED,request,PROVIDER,N/A,,573.6692919999768,INFO,adaptador.request,true,exitoso,,,9136.284255544,9135.710586252,,,2026-09-05T00:00:39.481043Z
dd1e8656-eefb-43b9-8557-3122ccf496f2,run1_rep3,A,CLOSED,CLOSED,request,PROVIDER,N/A,,410.00733299915737,INFO,adaptador.request,true,exitoso,,,9136.371969335,9135.961962002,,,2026-09-05T00:00:39.568853Z
d1a9bf49-12a9-4839-8e6e-e80313ff4f5f,run1_rep3,A,CLOSED,CLOSED,request,PROVIDER,N/A,,498.041832999661,INFO,adaptador.request,true,exitoso,,,9136.479245585,9135.981203752,,,2026-09-05T00:00:39.676037Z
24464132-a4b3-4d28-9a73-3e62fe280d5a,run1_rep3,A,CLOSED,CLOSED,request,PROVIDER,N/A,,437.73254200095835,INFO,adaptador.request,true,exitoso,,,9136.538031377,9136.100298835,,,2026-09-05T00:00:39.734855Z
ce7752ce-1b8a-4567-b0a1-9c1a921e27f2,run1_rep3,A,CLOSED,CLOSED,request,PROVIDER,N/A,,441.5067509999062,INFO,adaptador.request,true,exitoso,,,9136.643333461,9136.20182671,,,2026-09-05T00:00:39.840134Z
ff5cf903-e940-46fb-b812-14e049b0402f,run1_rep3,A,CLOSED,CLOSED,request,PROVIDER,N/A,,395.4759999996895,INFO,adaptador.request,true,exitoso,,,9136.740941044,9136.345465044,,,2026-09-05T00:00:39.937835Z
840d601e-98d9-4c56-bf9f-2187438b646c,run1_rep3,A,CLOSED,CLOSED,request,PROVIDER,N/A,,494.4992920009099,INFO,adaptador.request,true,exitoso,,,9136.843156961,9136.348657669,,,2026-09-05T00:00:40.039971Z
5163f518-5bc6-46cf-ac76-9dfac7073854,run1_rep3,A,CLOSED,CLOSED,request,PROVIDER,N/A,,487.99608400076977,INFO,adaptador.request,true,exitoso,,,9136.909712044,9136.42171596,,,2026-09-05T00:00:40.106492Z
b4a5c874-9570-4471-b110-007e8ee74576,run1_rep3,A,CLOSED,CLOSED,request,PROVIDER,N/A,,515.1151669997489,INFO,adaptador.request,true,exitoso,,,9136.995900752,9136.480785585,,,2026-09-05T00:00:40.192728Z
857f369f-7ef3-4a6f-87a3-8b62c9f93d36,run1_rep3,A,CLOSED,CLOSED,request,PROVIDER,N/A,,532.4875839996821,INFO,adaptador.request,true,exitoso,,,9137.057822669,9136.525335085,,,2026-09-05T00:00:40.254676Z
359f9fa9-7bd5-4bdb-902e-264824f69f40,run1_rep3,A,CLOSED,CLOSED,request,PROVIDER,N/A,,559.2540420002479,INFO,adaptador.request,true,exitoso,,,9137.116084127,9136.556830085,,,2026-09-05T00:00:40.312864Z
c6dda451-324b-4da0-a191-53ef9e3a7059,run1_rep3,A,CLOSED,CLOSED,request,PROVIDER,N/A,,623.6815419997583,INFO,adaptador.request,true,exitoso,,,9137.192025044,9136.568343502,,,2026-09-05T00:00:40.388827Z
f65895c7-fb01-459b-b0b1-b137c3f768de,run1_rep3,A,CLOSED,CLOSED,request,PROVIDER,N/A,,554.6828339993226,INFO,adaptador.request,true,exitoso,,,9137.298924211,9136.744241377,,,2026-09-05T00:00:40.495667Z
22bfb40f-6951-47b0-9283-48a1e4c66146,run1_rep3,A,CLOSED,CLOSED,request,PROVIDER,N/A,,479.3777089998912,INFO,adaptador.request,true,exitoso,,,9137.382791128,9136.903413419,,,2026-09-05T00:00:40.579607Z
d34a84fb-9bae-413e-9d5d-bb2546bd13ac,run1_rep3,A,CLOSED,CLOSED,request,PROVIDER,N/A,,482.90300100052264,INFO,adaptador.request,true,exitoso,,,9137.444927503,9136.962024502,,,2026-09-05T00:00:40.641708Z
c9202fa0-3ffa-4507-9379-3940f29550ae,run1_rep3,A,CLOSED,CLOSED,request,PROVIDER,N/A,,509.3652920004388,INFO,adaptador.request,true,exitoso,,,9137.537656128,9137.028290836,,,2026-09-05T00:00:40.734421Z
4ba345c3-1cdc-4098-b72d-4aa618fb3d0a,run1_rep3,A,CLOSED,CLOSED,request,PROVIDER,N/A,,492.313082999317,INFO,adaptador.request,true,exitoso,,,9137.626164919,9137.133851836,,,2026-09-05T00:00:40.822956Z
45afabde-84a7-4202-9ff5-7d4cf691ccb0,run1_rep3,A,CLOSED,CLOSED,request,PROVIDER,N/A,,504.38483400102996,INFO,adaptador.request,true,exitoso,,,9137.731235503,9137.226850669,,,2026-09-05T00:00:40.928017Z
b2be7a25-54f7-4840-81fa-0875c4e5474e,run1_rep3,A,CLOSED,CLOSED,request,PROVIDER,N/A,,555.4641670005367,INFO,adaptador.request,true,exitoso,,,9137.828299503,9137.272835336,,,2026-09-05T00:00:41.025099Z
84b637eb-dd54-45da-8064-1ee5d6ec0b0d,run1_rep3,A,CLOSED,CLOSED,request,PROVIDER,N/A,,645.7292510003754,INFO,adaptador.request,true,exitoso,,,9137.920235628,9137.274506377,,,2026-09-05T00:00:41.117049Z
e0b840ae-f026-43f0-9c92-ce34b573dbfc,run1_rep3,A,CLOSED,CLOSED,request,PROVIDER,N/A,,445.4065010013437,INFO,adaptador.request,true,exitoso,,,9138.000792045,9137.555385544,,,2026-09-05T00:00:41.197655Z
7f92232a-0173-4fca-b6c6-ab37785680e7,run1_rep3,A,CLOSED,CLOSED,request,PROVIDER,N/A,,471.0345839994261,INFO,adaptador.request,true,exitoso,,,9138.078610503,9137.607575919,,,2026-09-05T00:00:41.275403Z
e52e6441-6071-4bcf-b4be-352c0cff956c,run1_rep3,A,CLOSED,CLOSED,request,PROVIDER,N/A,,555.7468750012049,INFO,adaptador.request,true,exitoso,,,9138.163679711,9137.607932836,,,2026-09-05T00:00:41.360459Z
caa6f9f3-4120-4b9f-ba59-874245cb0b55,run1_rep3,A,CLOSED,CLOSED,request,PROVIDER,N/A,,423.5649580004974,INFO,adaptador.request,true,exitoso,,,9138.227513086,9137.803948128,,,2026-09-05T00:00:41.424342Z
033e2d0d-bba5-4f4d-93fe-4352c42e0eb2,run1_rep3,A,CLOSED,CLOSED,request,PROVIDER,N/A,,437.6000419997581,INFO,adaptador.request,true,exitoso,,,9138.329362711,9137.891762669,,,2026-09-05T00:00:41.526169Z
e036d0e4-fcca-40c1-8ad7-813ad85a16e6,run1_rep3,A,CLOSED,CLOSED,request,PROVIDER,N/A,,425.4262499998731,INFO,adaptador.request,true,exitoso,,,9138.430870253,9138.005444003,,,2026-09-05T00:00:41.627666Z
17d273cf-1ee9-4d21-bf2f-42d01e95f809,run1_rep3,A,CLOSED,CLOSED,request,PROVIDER,N/A,,486.14474999885715,INFO,adaptador.request,true,exitoso,,,9138.492863836,9138.006719086,,,2026-09-05T00:00:41.689636Z
dc8b8e85-03d7-433e-b0a7-190b88dccc71,run1_rep3,A,CLOSED,CLOSED,request,PROVIDER,N/A,,576.0965839999699,INFO,adaptador.request,true,exitoso,,,9138.58322542,9138.007128836,,,2026-09-05T00:00:41.780036Z
2a96fb62-aec2-4682-b689-9bae72845d6a,run1_rep3,A,CLOSED,CLOSED,request,PROVIDER,N/A,,574.5287499994447,INFO,adaptador.request,true,exitoso,,,9138.640227253,9138.065698503,,,2026-09-05T00:00:41.837040Z
1c0c3121-9bd5-42a5-96bf-eb67eea15897,run1_rep3,A,CLOSED,CLOSED,request,PROVIDER,N/A,,588.628334000532,INFO,adaptador.request,true,exitoso,,,9138.743135212,9138.154506878,,,2026-09-05T00:00:41.940224Z
0f94d759-74c7-457b-806e-81b542a73792,run1_rep3,A,CLOSED,CLOSED,request,PROVIDER,N/A,,683.7592080009927,INFO,adaptador.request,true,exitoso,,,9138.849589628,9138.16583042,,,2026-09-05T00:00:42.046346Z
ef5abef9-216a-49bd-9f96-d5e9d39a5f8e,run1_rep3,A,CLOSED,CLOSED,request,PROVIDER,N/A,,668.8612090001698,INFO,adaptador.request,true,exitoso,,,9138.950551587,9138.281690378,,,2026-09-05T00:00:42.147353Z
82f62092-9913-46a8-b34e-34befd83d45f,run1_rep3,A,CLOSED,CLOSED,request,PROVIDER,N/A,,657.8545840002334,INFO,adaptador.request,true,exitoso,,,9139.020966045,9138.363111461,,,2026-09-05T00:00:42.217782Z
6aa12849-7269-41ba-92df-30f3c0d8a62d,run1_rep3,A,CLOSED,CLOSED,request,PROVIDER,N/A,,544.0915010003664,INFO,adaptador.request,true,exitoso,,,9139.111188962,9138.567097461,,,2026-09-05T00:00:42.308005Z
768333c5-cbcb-49da-83a0-c05610fababf,run1_rep3,A,CLOSED,CLOSED,request,PROVIDER,N/A,,449.58891600072093,INFO,adaptador.request,true,exitoso,,,9139.177037003,9138.727448087,,,2026-09-05T00:00:42.373858Z
5e208f8a-90a8-4c03-b539-ee140a348922,run1_rep3,A,CLOSED,CLOSED,request,PROVIDER,N/A,,509.8119169997517,INFO,adaptador.request,true,exitoso,,,9139.268410462,9138.758598545,,,2026-09-05T00:00:42.465251Z
05a8c62b-f047-45a4-a152-399bd4a60be3,run1_rep3,A,CLOSED,CLOSED,request,PROVIDER,N/A,,522.2976249988278,INFO,adaptador.request,true,exitoso,,,9139.332984587,9138.810686962,,,2026-09-05T00:00:42.529927Z
aabf8c47-6133-43a9-8772-a7a6405898e1,run1_rep3,A,CLOSED,CLOSED,request,PROVIDER,N/A,,580.0839589992393,INFO,adaptador.request,true,exitoso,,,9139.430744504,9138.850660545,,,2026-09-05T00:00:42.627907Z
4047c528-8fdd-4f13-be06-d2d414239516,run1_rep3,A,CLOSED,CLOSED,request,PROVIDER,N/A,,579.7121670002525,INFO,adaptador.request,true,exitoso,,,9139.491909379,9138.912197212,,,2026-09-05T00:00:42.688747Z
c574df8b-5560-4d0d-9ef3-a1e807aa7133,run1_rep3,A,CLOSED,CLOSED,request,PROVIDER,N/A,,608.9125420003256,INFO,adaptador.request,true,exitoso,,,9139.583988712,9138.97507617,,,2026-09-05T00:00:42.780804Z
d3beaf74-d1c4-4422-abbe-2654ae5e2e69,run1_rep3,A,CLOSED,CLOSED,request,PROVIDER,N/A,,656.6679170009593,INFO,adaptador.request,true,exitoso,,,9139.66734517,9139.010677253,,,2026-09-05T00:00:42.864142Z
86e53294-fbd3-4aec-a863-0e94f7c9c6c6,run1_rep3,A,CLOSED,CLOSED,request,PROVIDER,N/A,,553.7360420003097,INFO,adaptador.request,true,exitoso,,,9139.777173379,9139.223437337,,,2026-09-05T00:00:42.973991Z
246e33c5-21f9-4cf1-b7eb-57e32aa5b9cd,run1_rep3,A,CLOSED,CLOSED,request,PROVIDER,N/A,,501.5767919994687,INFO,adaptador.request,true,exitoso,,,9139.840662087,9139.339085295,,,2026-09-05T00:00:43.037444Z
5168d4ad-1e57-41a4-b336-72cebef7c356,run1_rep3,A,CLOSED,CLOSED,request,PROVIDER,N/A,,526.445251000041,INFO,adaptador.request,true,exitoso,,,9139.896983629,9139.370538378,,,2026-09-05T00:00:43.093767Z
0aaf67c1-3409-4b89-8697-f470d485c2c0,run1_rep3,A,CLOSED,CLOSED,request,PROVIDER,N/A,,512.4672080000892,INFO,adaptador.request,true,exitoso,,,9139.954484337,9139.442017129,,,2026-09-05T00:00:43.151293Z
13e0c714-4c03-4276-aac3-dc70ccf5365d,run1_rep3,A,CLOSED,CLOSED,request,PROVIDER,N/A,,511.3281249996362,INFO,adaptador.request,true,exitoso,,,9140.00868167,9139.497353545,,,2026-09-05T00:00:43.205452Z
4e37d81d-e837-442a-94d1-d8666076559d,run1_rep3,A,CLOSED,CLOSED,request,PROVIDER,N/A,,500.8858750006766,INFO,adaptador.request,true,exitoso,,,9140.070619837,9139.569733962,,,2026-09-05T00:00:43.267401Z
4c177a69-e76e-40eb-9e82-12a206b92b80,run1_rep3,A,CLOSED,CLOSED,request,PROVIDER,N/A,,404.35037499992177,INFO,adaptador.request,true,exitoso,,,9140.130210629,9139.725860254,,,2026-09-05T00:00:43.326982Z
4d1ca19c-52ea-422c-bd9e-22547efbc973,run1_rep3,A,CLOSED,CLOSED,request,PROVIDER,N/A,,472.29266699832806,INFO,adaptador.request,true,exitoso,,,9140.200350254,9139.728057587,,,2026-09-05T00:00:43.397174Z
1cf95a9c-1d2c-4712-b8a6-af8d513106da,run1_rep3,A,CLOSED,CLOSED,request,PROVIDER,N/A,,517.2136260007392,INFO,adaptador.request,true,exitoso,,,9140.295465546,9139.77825192,,,2026-09-05T00:00:43.492250Z
f69ed48b-25b2-4430-8d89-1de87c3de315,run1_rep3,A,CLOSED,CLOSED,request,PROVIDER,N/A,,481.0048339986679,INFO,adaptador.request,true,exitoso,,,9140.363956754,9139.88295192,,,2026-09-05T00:00:43.560787Z
ed76155a-f51a-4119-9e72-990f5efbc9e4,run1_rep3,A,CLOSED,CLOSED,request,PROVIDER,N/A,,345.7187910007633,INFO,adaptador.request,true,exitoso,,,9140.452557712,9140.106838921,,,2026-09-05T00:00:43.649363Z
e8b34d1c-0234-4c4c-8692-56eca89cfe18,run1_rep3,A,CLOSED,CLOSED,request,PROVIDER,N/A,,354.87874999853375,INFO,adaptador.request,true,exitoso,,,9140.528597796,9140.173719046,,,2026-09-05T00:00:43.725388Z
a18b9bf6-407e-4f81-aea6-c21b5bc64fec,run1_rep3,A,CLOSED,CLOSED,request,PROVIDER,N/A,,414.61462500046764,INFO,adaptador.request,true,exitoso,,,9140.632563671,9140.217949046,,,2026-09-05T00:00:43.829350Z
7cca9afa-a299-4df0-93ee-a792453ff30e,run1_rep3,A,CLOSED,CLOSED,request,PROVIDER,N/A,,404.95095900041633,INFO,adaptador.request,true,exitoso,,,9140.701162296,9140.296211337,,,2026-09-05T00:00:43.897935Z
6d135695-a0fd-41b2-9920-aada99be3d6b,run1_rep3,A,CLOSED,CLOSED,request,PROVIDER,N/A,,425.84179200093786,INFO,adaptador.request,true,exitoso,,,9140.774093754,9140.348251962,,,2026-09-05T00:00:43.971042Z
7394adb1-140d-4b7d-9971-71a7455a55f9,run1_rep3,A,CLOSED,CLOSED,request,PROVIDER,N/A,,491.1192089984979,INFO,adaptador.request,true,exitoso,,,9140.862577838,9140.371458629,,,2026-09-05T00:00:44.059417Z
4f5ffe4b-345a-4124-804e-4d7d26d99781,run1_rep3,A,CLOSED,CLOSED,request,PROVIDER,N/A,,579.5090419996995,INFO,adaptador.request,true,exitoso,,,9140.962135421,9140.382626379,,,2026-09-05T00:00:44.158925Z
18a41fc3-183a-4f86-b10b-ee9bab151a19,run1_rep3,A,CLOSED,CLOSED,request,PROVIDER,N/A,,563.8190419995226,INFO,adaptador.request,true,exitoso,,,9141.032385421,9140.468566379,,,2026-09-05T00:00:44.229239Z
cd1a11a9-161e-4418-8266-aa72c04789cd,run1_rep3,A,CLOSED,CLOSED,request,PROVIDER,N/A,,533.0999170000723,INFO,adaptador.request,true,exitoso,,,9141.136590629,9140.603490712,,,2026-09-05T00:00:44.333382Z
06ecce3b-f533-488b-8e9c-0df960f6e0d1,run1_rep3,A,CLOSED,CLOSED,request,PROVIDER,N/A,,577.740000000631,INFO,adaptador.request,true,exitoso,,,9141.207933504,9140.630193504,,,2026-09-05T00:00:44.404734Z
f60705e5-8e31-42d8-8913-80a72e93e350,run1_rep3,A,CLOSED,CLOSED,request,PROVIDER,N/A,,560.7463340002141,INFO,adaptador.request,true,exitoso,,,9141.308295588,9140.747549254,,,2026-09-05T00:00:44.505077Z
4b28cf77-b392-44b8-98c9-4cfc2c40014f,run1_rep3,A,CLOSED,CLOSED,request,PROVIDER,N/A,,564.5695830007753,INFO,adaptador.request,true,exitoso,,,9141.415907254,9140.851337671,,,2026-09-05T00:00:44.612720Z
fa6d3cbe-9df8-4ab6-82fc-d3ac3d3ead41,run1_rep3,A,CLOSED,CLOSED,request,PROVIDER,N/A,,558.9310420000402,INFO,adaptador.request,true,exitoso,,,9141.521610255,9140.962679213,,,2026-09-05T00:00:44.718419Z
22d7b12e-55bc-494e-ac50-b99a1d5c44f7,run1_rep3,A,CLOSED,CLOSED,request,PROVIDER,N/A,,572.7645419992768,INFO,adaptador.request,true,exitoso,,,9141.579950213,9141.007185671,,,2026-09-05T00:00:44.776743Z
6b25e247-62b1-4f4f-adbc-15c0f434de96,run1_rep3,A,CLOSED,CLOSED,request,PROVIDER,N/A,,569.933332999426,INFO,adaptador.request,true,exitoso,,,9141.662797046,9141.092863713,,,2026-09-05T00:00:44.859669Z
eea8de48-dd2b-4d79-9363-d9728239e39d,run1_rep3,A,CLOSED,CLOSED,request,PROVIDER,N/A,,616.1754170007043,INFO,adaptador.request,true,exitoso,,,9141.718133671,9141.101958254,,,2026-09-05T00:00:44.914978Z
4ad41da9-2ab5-41e5-9aae-8b3c4238d892,run1_rep3,A,CLOSED,CLOSED,request,PROVIDER,N/A,,559.1837920001126,INFO,adaptador.request,true,exitoso,,,9141.782496046,9141.223312254,,,2026-09-05T00:00:44.979346Z
e93205ac-5849-4909-b671-88dab5550513,run1_rep3,A,CLOSED,CLOSED,request,PROVIDER,N/A,,411.40100000120583,INFO,adaptador.request,true,exitoso,,,9141.871720921,9141.460319921,,,2026-09-05T00:00:45.068590Z
1856df4a-ea80-44fd-bae2-2a8c6303dff4,run1_rep3,A,CLOSED,CLOSED,request,PROVIDER,N/A,,400.7162079997215,INFO,adaptador.request,true,exitoso,,,9141.931807963,9141.531091755,,,2026-09-05T00:00:45.128551Z
1c57d1b0-926a-4ca1-89ef-f9875a3f08ec,run1_rep3,A,CLOSED,CLOSED,request,PROVIDER,N/A,,455.92245900115813,INFO,adaptador.request,true,exitoso,,,9141.99007838,9141.534155921,,,2026-09-05T00:00:45.186826Z
3387ae78-8848-4f8b-8ae1-843f0b6dec26,run1_rep3,A,CLOSED,CLOSED,request,PROVIDER,N/A,,445.1252500002738,INFO,adaptador.request,true,exitoso,,,9142.064950921,9141.619825671,,,2026-09-05T00:00:45.261707Z
d5328b18-5779-44dc-a9d5-50f386f00f1d,run1_rep3,A,CLOSED,CLOSED,request,PROVIDER,N/A,,485.92987499978335,INFO,adaptador.request,true,exitoso,,,9142.124084546,9141.638154671,,,2026-09-05T00:00:45.320845Z
a327e05d-9f05-4f9e-a8b9-dba9ba33807a,run1_rep3,A,CLOSED,CLOSED,request,PROVIDER,N/A,,341.765832999954,INFO,adaptador.request,true,exitoso,,,9142.194834963,9141.85306913,,,2026-09-05T00:00:45.391623Z
fd7cbde1-524d-4fd7-a9e8-e656aa9c5d68,run1_rep3,A,CLOSED,CLOSED,request,PROVIDER,N/A,,328.16325000021607,INFO,adaptador.request,true,exitoso,,,9142.265331588,9141.937168338,,,2026-09-05T00:00:45.462137Z
fe62c56e-adde-41e1-ba29-8cf003784ca5,run1_rep3,A,CLOSED,CLOSED,request,PROVIDER,N/A,,386.4612510005827,INFO,adaptador.request,true,exitoso,,,9142.348882922,9141.962421671,,,2026-09-05T00:00:45.545737Z
b1edd9ff-c43e-4967-80b9-bb3d4c346c8f,run1_rep3,A,CLOSED,CLOSED,request,PROVIDER,N/A,,370.47820900079387,INFO,adaptador.request,true,exitoso,,,9142.417619297,9142.047141088,,,2026-09-05T00:00:45.614405Z
a8e34403-6b16-4988-9028-34f4f7585f97,run1_rep3,A,CLOSED,CLOSED,request,PROVIDER,N/A,,373.21416700069676,INFO,adaptador.request,true,exitoso,,,9142.507616547,9142.13440238,,,2026-09-05T00:00:45.704404Z
371e8bbb-38f0-463c-a263-0d30388dcd38,run1_rep3,A,CLOSED,CLOSED,request,PROVIDER,N/A,,355.73529099929146,INFO,adaptador.request,true,exitoso,,,9142.591625588,9142.235890297,,,2026-09-05T00:00:45.788432Z
0ee6eb25-6db3-4fcb-8f02-fdec11afa198,run1_rep3,A,CLOSED,CLOSED,request,PROVIDER,N/A,,356.8901670005289,INFO,adaptador.request,true,exitoso,,,9142.651722797,9142.29483263,,,2026-09-05T00:00:45.848515Z
1488a552-925f-4e28-8ce3-6c9565914033,run1_rep3,A,CLOSED,CLOSED,request,PROVIDER,N/A,,418.00145900015195,INFO,adaptador.request,true,exitoso,,,9142.739990797,9142.321989338,,,2026-09-05T00:00:45.936810Z
27a920dc-c435-4021-9d3c-b1aeccd31b2b,run1_rep3,A,CLOSED,CLOSED,request,PROVIDER,N/A,,438.57212500006426,INFO,adaptador.request,true,exitoso,,,9142.819390963,9142.380818838,,,2026-09-05T00:00:46.016187Z
00bf9c88-ce34-4d6a-b23c-7d3e438ca0dd,run1_rep3,A,CLOSED,CLOSED,request,PROVIDER,N/A,,467.8960420005751,INFO,adaptador.request,true,exitoso,,,9142.913766755,9142.445870713,,,2026-09-05T00:00:46.110571Z
d8c452cb-6f64-4a41-847b-a2a11dedf9fb,run1_rep3,A,CLOSED,CLOSED,request,PROVIDER,N/A,,414.96783399998094,INFO,adaptador.request,true,exitoso,,,9142.970851714,9142.55588388,,,2026-09-05T00:00:46.167697Z
cc7ade3a-afe6-4e42-a9a5-7d035b5f98cf,run1_rep3,A,CLOSED,CLOSED,request,PROVIDER,N/A,,413.4624170001189,INFO,adaptador.request,true,exitoso,,,9143.049705672,9142.636243255,,,2026-09-05T00:00:46.246507Z
28f27d9b-839d-412d-80a4-296f3949521a,run1_rep3,A,CLOSED,CLOSED,request,PROVIDER,N/A,,503.6275000002206,INFO,adaptador.request,true,exitoso,,,9143.140263755,9142.636636255,,,2026-09-05T00:00:46.337034Z
bdd735db-27f6-469a-b9d0-26a7ea11fd26,run1_rep3,A,CLOSED,CLOSED,request,PROVIDER,N/A,,542.2883749997709,INFO,adaptador.request,true,exitoso,,,9143.221357547,9142.679069172,,,2026-09-05T00:00:46.418145Z
b85791e7-2854-481c-82b0-2bcab17f9e6c,run1_rep3,A,CLOSED,CLOSED,request,PROVIDER,N/A,,507.94041699919035,INFO,adaptador.request,true,exitoso,,,9143.304413672,9142.796473255,,,2026-09-05T00:00:46.501277Z
e6937353-e4f2-4ef9-9f9c-0673ca969483,run1_rep3,A,CLOSED,CLOSED,request,PROVIDER,N/A,,416.1303749988292,INFO,adaptador.request,true,exitoso,,,9143.37711638,9142.960986005,,,2026-09-05T00:00:46.573918Z
d47dc4b5-df2e-497a-8516-9c1c19c34d35,run1_rep3,A,CLOSED,CLOSED,request,PROVIDER,N/A,,416.45916600100463,INFO,adaptador.request,true,exitoso,,,9143.46832413,9143.051864964,,,2026-09-05T00:00:46.665105Z
d96c2e4a-f609-462f-a996-1c2f2b84a654,run1_rep3,A,CLOSED,CLOSED,request,PROVIDER,N/A,,417.75199999938195,INFO,adaptador.request,true,exitoso,,,9143.527115005,9143.109363005,,,2026-09-05T00:00:46.723912Z
ef34aa68-ff2a-4c3a-999d-c8ca99846e93,run1_rep3,A,CLOSED,CLOSED,request,PROVIDER,N/A,,303.64108399953693,INFO,adaptador.request,true,exitoso,,,9143.612117506,9143.308476422,,,2026-09-05T00:00:46.808929Z
8862325c-2d72-473d-9533-729e56b4c708,run1_rep3,A,CLOSED,CLOSED,request,PROVIDER,N/A,,365.7823339999595,INFO,adaptador.request,true,exitoso,,,9143.716403589,9143.350621255,,,2026-09-05T00:00:46.913201Z
0ca97127-0922-48bf-a5a1-5f1bed9172f6,run1_rep3,A,CLOSED,CLOSED,request,PROVIDER,N/A,,392.711208000037,INFO,adaptador.request,true,exitoso,,,9143.804262422,9143.411551214,,,2026-09-05T00:00:47.001115Z
4b18b7cb-c9ea-4697-883c-bb0c526eeda7,run1_rep3,A,CLOSED,CLOSED,request,PROVIDER,N/A,,463.3219170009397,INFO,adaptador.request,true,exitoso,,,9143.904203922,9143.440882005,,,2026-09-05T00:00:47.101009Z
0553dbca-02b4-46bd-a91d-fbd9908a90ce,run1_rep3,A,CLOSED,CLOSED,request,PROVIDER,N/A,,484.0408750005736,INFO,adaptador.request,true,exitoso,,,9143.974846339,9143.490805464,,,2026-09-05T00:00:47.171623Z
debfc5f5-f604-48f1-9a50-884958798bad,run1_rep3,A,CLOSED,CLOSED,request,PROVIDER,N/A,,512.0865839999169,INFO,adaptador.request,true,exitoso,,,9144.059410089,9143.547323505,,,2026-09-05T00:00:47.256270Z
c3102759-5d9e-4e89-9608-9abd05940b26,run1_rep3,A,CLOSED,CLOSED,request,PROVIDER,N/A,,482.6225000015256,INFO,adaptador.request,true,exitoso,,,9144.152748881,9143.670126381,,,2026-09-05T00:00:47.349543Z
a52dfe88-f207-40fa-946c-01d81536bd37,run1_rep3,A,CLOSED,CLOSED,request,PROVIDER,N/A,,557.5123750004423,INFO,adaptador.request,true,exitoso,,,9144.228013006,9143.670500631,,,2026-09-05T00:00:47.424804Z
617effc6-03b5-4c34-8060-de5890054d02,run1_rep3,A,CLOSED,CLOSED,request,PROVIDER,N/A,,594.3593749998399,INFO,adaptador.request,true,exitoso,,,9144.321910089,9143.727550714,,,2026-09-05T00:00:47.518729Z
ae240232-f3e3-4a40-b623-4ade073fc68c,run1_rep3,A,CLOSED,CLOSED,request,PROVIDER,N/A,,626.7590419993212,INFO,adaptador.request,true,exitoso,,,9144.409198381,9143.782439339,,,2026-09-05T00:00:47.606016Z
ffd812b1-d421-4e55-ad50-646509679f1c,run1_rep3,A,CLOSED,CLOSED,request,PROVIDER,N/A,,695.5885420011327,INFO,adaptador.request,true,exitoso,,,9144.508655964,9143.813067422,,,2026-09-05T00:00:47.705438Z
a8ccf0b9-d9c1-497e-9a31-e8d97da2439e,run1_rep3,A,CLOSED,CLOSED,request,PROVIDER,N/A,,528.216208998856,INFO,adaptador.request,true,exitoso,,,9144.594477923,9144.066261714,,,2026-09-05T00:00:47.791293Z
6ed5561a-e848-4dec-8a8d-0ce07235b7bf,run1_rep3,A,CLOSED,CLOSED,request,PROVIDER,N/A,,558.0818340004043,INFO,adaptador.request,true,exitoso,,,9144.666521006,9144.108439172,,,2026-09-05T00:00:47.863303Z
1b4c4cd1-2ff2-4f24-b3db-a26147378740,run1_rep3,A,CLOSED,CLOSED,request,PROVIDER,N/A,,581.007626000428,INFO,adaptador.request,true,exitoso,,,9144.754777423,9144.173769797,,,2026-09-05T00:00:47.951562Z
3706b53c-b68d-4a46-83e5-431345b59ac2,run1_rep3,A,CLOSED,CLOSED,request,PROVIDER,N/A,,638.6002090002876,INFO,adaptador.request,true,exitoso,,,9144.827055631,9144.188455422,,,2026-09-05T00:00:48.023943Z
41fec8ee-9995-4579-8000-de71b9772ea2,run1_rep3,A,CLOSED,CLOSED,request,PROVIDER,N/A,,570.5495000001974,INFO,adaptador.request,true,exitoso,,,9144.912046631,9144.341497131,,,2026-09-05T00:00:48.108837Z
ba641449-a4e8-4680-95ae-ecddfb6105c8,run1_rep3,A,CLOSED,CLOSED,request,PROVIDER,N/A,,563.771834000363,INFO,adaptador.request,true,exitoso,,,9144.970950298,9144.407178464,,,2026-09-05T00:00:48.167770Z
9213fd14-ce72-4872-9683-a3cff5eea5cf,run1_rep3,A,CLOSED,CLOSED,request,PROVIDER,N/A,,619.8322079999343,INFO,adaptador.request,true,exitoso,,,9145.033132381,9144.413300173,,,2026-09-05T00:00:48.229925Z
11145739-ee58-4bee-bcc9-24ecf8e77c6d,run1_rep3,A,CLOSED,CLOSED,request,PROVIDER,N/A,,576.8608329999552,INFO,adaptador.request,true,exitoso,,,9145.110334756,9144.533473923,,,2026-09-05T00:00:48.307125Z
efe689a6-cf16-4c96-bbe7-59d6123c8b0d,run1_rep3,A,CLOSED,CLOSED,request,PROVIDER,N/A,,439.50841700097953,INFO,adaptador.request,true,exitoso,,,9145.177159298,9144.737650881,,,2026-09-05T00:00:48.373946Z
d2e167f4-24e0-4632-a411-1646c053ea36,run1_rep3,A,CLOSED,CLOSED,request,PROVIDER,N/A,,467.9751669991674,INFO,adaptador.request,true,exitoso,,,9145.250650381,9144.782675214,,,2026-09-05T00:00:48.447485Z
417caf5c-2c84-45d4-9b4d-418c24355c62,run1_rep3,A,CLOSED,CLOSED,request,PROVIDER,N/A,,516.1463750009716,INFO,adaptador.request,true,exitoso,,,9145.346123256,9144.829976881,,,2026-09-05T00:00:48.542935Z
48b5a93e-ae4b-48df-ac5b-e3ab680b6114,run1_rep3,A,CLOSED,CLOSED,request,PROVIDER,N/A,,540.2151670004969,INFO,adaptador.request,true,exitoso,,,9145.441628256,9144.901413089,,,2026-09-05T00:00:48.638392Z
b961f4f9-9a08-40bc-86e0-65f5798fdf8f,run1_rep3,A,CLOSED,CLOSED,request,PROVIDER,N/A,,575.2324170007341,INFO,adaptador.request,true,exitoso,,,9145.533172173,9144.957939756,,,2026-09-05T00:00:48.729948Z
e723617d-1f07-4011-8f5c-193326211623,run1_rep3,A,CLOSED,CLOSED,request,PROVIDER,N/A,,552.6996669996151,INFO,adaptador.request,true,exitoso,,,9145.623764965,9145.071065298,,,2026-09-05T00:00:48.820564Z
bb8092d5-40a9-45b4-b42d-54936e83a96c,run1_rep3,A,CLOSED,CLOSED,request,PROVIDER,N/A,,438.72745799853874,INFO,adaptador.request,true,exitoso,,,9145.687416173,9145.248688715,,,2026-09-05T00:00:48.884226Z
f096dafa-106d-494d-ab03-24d84de29d3a,run1_rep3,A,CLOSED,CLOSED,request,PROVIDER,N/A,,534.0684170005261,INFO,adaptador.request,true,exitoso,,,9145.78774709,9145.253678673,,,2026-09-05T00:00:48.984570Z
b79bb3d5-21a6-47ce-bb6f-8b58f2d7ba88,run1_rep3,A,CLOSED,CLOSED,request,PROVIDER,N/A,,549.9934590006887,INFO,adaptador.request,true,exitoso,,,9145.865117257,9145.315123798,,,2026-09-05T00:00:49.061905Z
719b756e-e17d-429b-bc4f-2c490051e81b,run1_rep3,A,CLOSED,CLOSED,request,PROVIDER,N/A,,554.1151260003971,INFO,adaptador.request,true,exitoso,,,9145.949778507,9145.395663381,,,2026-09-05T00:00:49.146573Z
97f9a506-4bb5-4a27-86e8-d1d9d27bd7e0,run1_rep3,A,CLOSED,CLOSED,request,PROVIDER,N/A,,588.6530000007042,INFO,adaptador.request,true,exitoso,,,9146.024802923,9145.436149923,,,2026-09-05T00:00:49.221597Z
0fbfd04a-cda5-494c-be81-0475ae9488b5,run1_rep3,A,CLOSED,CLOSED,request,PROVIDER,N/A,,572.6358749998326,INFO,adaptador.request,true,exitoso,,,9146.090883215,9145.51824734,,,2026-09-05T00:00:49.287675Z
0ea9e9d3-586d-450f-8bd7-7c4078060209,run1_rep3,A,CLOSED,CLOSED,request,PROVIDER,N/A,,610.4844590008724,INFO,adaptador.request,true,exitoso,,,9146.165722715,9145.555238256,,,2026-09-05T00:00:49.362512Z
c9e03f5c-19e5-4eac-bf89-80379e42fe0f,run1_rep3,A,CLOSED,CLOSED,request,PROVIDER,N/A,,633.3686250000028,INFO,adaptador.request,true,exitoso,,,9146.273800465,9145.64043184,,,2026-09-05T00:00:49.470594Z
c14e1a01-86b8-435d-b3ac-bba06060e8c3,run1_rep3,A,CLOSED,CLOSED,request,PROVIDER,N/A,,502.99112500033516,INFO,adaptador.request,true,exitoso,,,9146.344841673,9145.841850548,,,2026-09-05T00:00:49.541633Z
c22e0663-915e-42f3-8d5f-e1148c006100,run1_rep3,A,CLOSED,CLOSED,request,PROVIDER,N/A,,485.75450099997397,INFO,adaptador.request,true,exitoso,,,9146.431271174,9145.945516673,,,2026-09-05T00:00:49.628047Z
07e4a3b6-b832-4992-8c46-edfd8e8e9c15,run1_rep3,A,CLOSED,CLOSED,request,PROVIDER,N/A,,533.4792499998002,INFO,adaptador.request,true,exitoso,,,9146.533592757,9146.000113507,,,2026-09-05T00:00:49.730373Z
d2dbf361-b6bc-44ec-87ec-a73f2527a642,run1_rep3,A,CLOSED,CLOSED,request,PROVIDER,N/A,,558.500457998889,INFO,adaptador.request,true,exitoso,,,9146.60527859,9146.046778132,,,2026-09-05T00:00:49.802065Z
0d9aaacf-9a6e-4855-bd45-13f94ec7fa6b,run1_rep3,A,CLOSED,CLOSED,request,PROVIDER,N/A,,567.9657920009049,INFO,adaptador.request,true,exitoso,,,9146.704508965,9146.136543173,,,2026-09-05T00:00:49.901325Z
a9618735-4211-4bc8-87b3-de4d7bda7125,run1_rep3,A,CLOSED,CLOSED,request,PROVIDER,N/A,,516.2812500002474,INFO,adaptador.request,true,exitoso,,,9146.77917534,9146.26289409,,,2026-09-05T00:00:49.975948Z
07964b0f-3c26-42b8-a513-20740f786fed,run1_rep3,A,CLOSED,CLOSED,request,PROVIDER,N/A,,592.2398339989741,INFO,adaptador.request,true,exitoso,,,9146.885473674,9146.29323384,,,2026-09-05T00:00:50.082271Z
26b839bc-9ed0-4ece-887a-83c5e6809796,run1_rep3,A,CLOSED,CLOSED,request,PROVIDER,N/A,,434.96699999923294,INFO,adaptador.request,true,exitoso,,,9146.942310424,9146.507343424,,,2026-09-05T00:00:50.139137Z
c6668635-a5b3-4ac4-9441-e3963bde7650,run1_rep3,A,CLOSED,CLOSED,request,PROVIDER,N/A,,413.77908299909905,INFO,adaptador.request,true,exitoso,,,9147.033510882,9146.619731799,,,2026-09-05T00:00:50.230300Z
ecef725d-0aa9-40e8-82a1-eae8ffee76a1,run1_rep3,A,CLOSED,CLOSED,request,PROVIDER,N/A,,456.9142500004091,INFO,adaptador.request,true,exitoso,,,9147.113213257,9146.656299007,,,2026-09-05T00:00:50.310007Z
6ee30586-77fd-402f-9b2c-d811cfb82351,run1_rep3,A,CLOSED,CLOSED,request,PROVIDER,N/A,,494.7431670007063,INFO,adaptador.request,true,exitoso,,,9147.200294299,9146.705551132,,,2026-09-05T00:00:50.397092Z
b62abe6e-f9d7-4058-8c62-a2c686a4f74f,run1_rep3,A,CLOSED,CLOSED,request,PROVIDER,N/A,,574.824917001024,INFO,adaptador.request,true,exitoso,,,9147.289557799,9146.714732882,,,2026-09-05T00:00:50.486354Z
cc5ccc46-8d77-49b4-950a-0b7e713fe3a4,run1_rep3,A,CLOSED,CLOSED,request,PROVIDER,N/A,,644.5276670001476,INFO,adaptador.request,true,exitoso,,,9147.380304132,9146.735776465,,,2026-09-05T00:00:50.577130Z
e7fb37d5-f446-477a-b56e-9b37a8b06429,run1_rep3,A,CLOSED,CLOSED,request,PROVIDER,N/A,,722.3502920005558,INFO,adaptador.request,true,exitoso,,,9147.470268507,9146.747918215,,,2026-09-05T00:00:50.667114Z
ee40149b-fa3d-4076-8a41-a9e566d26774,run1_rep3,A,CLOSED,CLOSED,request,PROVIDER,N/A,,461.5937920007127,INFO,adaptador.request,true,exitoso,,,9147.548377216,9147.086783424,,,2026-09-05T00:00:50.745153Z
28cf309b-e498-4c94-9252-4327360f426f,run1_rep3,A,CLOSED,CLOSED,request,PROVIDER,N/A,,491.7971250015398,INFO,adaptador.request,true,exitoso,,,9147.653927716,9147.162130591,,,2026-09-05T00:00:50.850738Z
a79d675b-8d59-4c8f-a6f9-f2ec0df9a42d,run1_rep3,A,CLOSED,CLOSED,request,PROVIDER,N/A,,582.1265829999902,INFO,adaptador.request,true,exitoso,,,9147.757087257,9147.174960674,,,2026-09-05T00:00:50.953881Z
9a08f7cb-6567-4e46-9dcc-0c9ec200bde6,run1_rep3,A,CLOSED,CLOSED,request,PROVIDER,N/A,,603.8027079994208,INFO,adaptador.request,true,exitoso,,,9147.835044549,9147.231241841,,,2026-09-05T00:00:51.031818Z
656ffc64-35a4-4fdd-aea7-3e563d6b216a,run1_rep3,A,CLOSED,CLOSED,request,PROVIDER,N/A,,661.168374999761,INFO,adaptador.request,true,exitoso,,,9147.894065466,9147.232897091,,,2026-09-05T00:00:51.090852Z
4b5c4c11-68f7-432c-8f3c-163f55b5eb93,run1_rep3,A,CLOSED,CLOSED,request,PROVIDER,N/A,,499.68591700053366,INFO,adaptador.request,true,exitoso,,,9147.995780591,9147.496094674,,,2026-09-05T00:00:51.192580Z
8d10f31e-3363-4de0-9dd2-a1a04d299e3c,run1_rep3,A,CLOSED,CLOSED,request,PROVIDER,N/A,,416.75320799913607,INFO,adaptador.request,true,exitoso,,,9148.053218174,9147.636464966,,,2026-09-05T00:00:51.250061Z
6dd9a317-989e-4900-a878-efb86386878e,run1_rep3,A,CLOSED,CLOSED,request,PROVIDER,N/A,,453.51770800152735,INFO,adaptador.request,true,exitoso,,,9148.151331049,9147.697813341,,,2026-09-05T00:00:51.348118Z
7412125c-f277-46bf-b28b-37c72a9ae078,run1_rep3,A,CLOSED,CLOSED,request,PROVIDER,N/A,,371.5407920008147,INFO,adaptador.request,true,exitoso,,,9148.215756841,9147.844216049,,,2026-09-05T00:00:51.412537Z
93d08b70-0a66-4c14-a95a-416b197b9ed7,run1_rep3,A,CLOSED,CLOSED,request,PROVIDER,N/A,,411.0644160009542,INFO,adaptador.request,true,exitoso,,,9148.301273674,9147.890209258,,,2026-09-05T00:00:51.498077Z
125fb5d6-bd5b-48ae-bd79-793505f469a9,run1_rep3,A,CLOSED,CLOSED,request,PROVIDER,N/A,,406.3849999984086,INFO,adaptador.request,true,exitoso,,,9148.377187674,9147.970802674,,,2026-09-05T00:00:51.573977Z
d4863bd3-6ed5-45ac-b647-c6c1bc1fa466,run1_rep3,A,CLOSED,CLOSED,request,PROVIDER,N/A,,424.35891700006323,INFO,adaptador.request,true,exitoso,,,9148.461196508,9148.036837591,,,2026-09-05T00:00:51.657984Z
5ea7b671-d1fd-4bc8-87e4-99d72bf97c62,run1_rep3,A,CLOSED,CLOSED,request,PROVIDER,N/A,,465.0407089993678,INFO,adaptador.request,true,exitoso,,,9148.5211348,9148.056094091,,,2026-09-05T00:00:51.717926Z
490b6e2d-25f5-4daf-9b8f-bc4b002eb723,run1_rep3,A,CLOSED,CLOSED,request,PROVIDER,N/A,,319.5176259996515,INFO,adaptador.request,true,exitoso,,,9148.58835455,9148.268836924,,,2026-09-05T00:00:51.785135Z
cea42beb-0b11-415e-be5e-e92160b32ee8,run1_rep3,A,CLOSED,CLOSED,request,PROVIDER,N/A,,366.6983340008301,INFO,adaptador.request,true,exitoso,,,9148.6704823,9148.303783966,,,2026-09-05T00:00:51.867280Z
b291253b-fa8c-4d03-a8fd-f39f922a7bfe,run1_rep3,A,CLOSED,CLOSED,request,PROVIDER,N/A,,364.26824999944074,INFO,adaptador.request,true,exitoso,,,9148.735451383,9148.371183133,,,2026-09-05T00:00:51.932254Z
3081bd50-a225-49ab-811e-fb07fa3e2a2d,run1_rep3,A,CLOSED,CLOSED,request,PROVIDER,N/A,,431.652250001207,INFO,adaptador.request,true,exitoso,,,9148.825310841,9148.393658591,,,2026-09-05T00:00:52.022102Z
f411fbe9-90e6-43b7-bc08-37a31b3c495b,run1_rep3,A,CLOSED,CLOSED,request,PROVIDER,N/A,,498.3238340009848,INFO,adaptador.request,true,exitoso,,,9148.925788508,9148.427464674,,,2026-09-05T00:00:52.122676Z
2fe80cd4-581f-436d-9afe-85323c61ea96,run1_rep3,A,CLOSED,CLOSED,request,PROVIDER,N/A,,567.588624999189,INFO,adaptador.request,true,exitoso,,,9149.021312383,9148.453723758,,,2026-09-05T00:00:52.218094Z
5ded8119-7034-4957-ab89-3d7e431b6515,run1_rep3,A,CLOSED,CLOSED,request,PROVIDER,N/A,,646.7983339989587,INFO,adaptador.request,true,exitoso,,,9149.100934883,9148.454136549,,,2026-09-05T00:00:52.297748Z
e2e27bfb-b317-405b-b07a-f46bce2f260e,run1_rep3,A,CLOSED,CLOSED,request,PROVIDER,N/A,,538.4750840003107,INFO,adaptador.request,true,exitoso,,,9149.191875342,9148.653400258,,,2026-09-05T00:00:52.388655Z
8fbbb69c-5748-409c-a84a-f34a0777fc9e,run1_rep3,A,CLOSED,CLOSED,request,PROVIDER,N/A,,511.1618759983685,INFO,adaptador.request,true,exitoso,,,9149.295352467,9148.784190591,,,2026-09-05T00:00:52.492124Z
ca983472-0c0e-4aaa-8f3c-870fd418bf52,run1_rep3,A,CLOSED,CLOSED,request,PROVIDER,N/A,,505.8422919992154,INFO,adaptador.request,true,exitoso,,,9149.370654675,9148.864812383,,,2026-09-05T00:00:52.567452Z
84913d83-bc7b-40c1-9002-6fbfd12f26ad,run1_rep3,A,CLOSED,CLOSED,request,PROVIDER,N/A,,418.54862499894807,INFO,adaptador.request,true,exitoso,,,9149.434709258,9149.016160633,,,2026-09-05T00:00:52.631514Z
a54dd652-0c61-4e0e-90ca-1fba998c522f,run1_rep3,A,CLOSED,CLOSED,request,PROVIDER,N/A,,514.7032919994672,INFO,adaptador.request,true,exitoso,,,9149.533359592,9149.0186563,,,2026-09-05T00:00:52.730156Z
a27782e8-c4f9-4473-a1bb-d62a52dbf8d3,run1_rep3,A,CLOSED,CLOSED,request,PROVIDER,N/A,,570.290458999807,INFO,adaptador.request,true,exitoso,,,9149.598111842,9149.027821383,,,2026-09-05T00:00:52.794892Z
ea8ed23a-a869-4c71-945e-098199e164d6,run1_rep3,A,CLOSED,CLOSED,request,PROVIDER,N/A,,634.833833999437,INFO,adaptador.request,true,exitoso,,,9149.686980592,9149.052146758,,,2026-09-05T00:00:52.883795Z
bd4e1376-6ed6-4b48-ae60-90be36380a22,run1_rep3,A,CLOSED,CLOSED,request,PROVIDER,N/A,,469.2982500000653,INFO,adaptador.request,true,exitoso,,,9149.770442175,9149.301143925,,,2026-09-05T00:00:52.967313Z
2092019e-e788-4aeb-ba0f-a90e0bcb6ff1,run1_rep3,A,CLOSED,CLOSED,request,PROVIDER,N/A,,558.7851669988595,INFO,adaptador.request,true,exitoso,,,9149.87451905,9149.315733883,,,2026-09-05T00:00:53.071307Z
2ac95374-ca38-415c-a972-ef6a48f39d33,run1_rep3,A,CLOSED,CLOSED,request,PROVIDER,N/A,,543.9613759990607,INFO,adaptador.request,true,exitoso,,,9149.962584509,9149.418623133,,,2026-09-05T00:00:53.159349Z
c6e4fe40-08be-49b8-b997-a4d80748474f,run1_rep3,A,CLOSED,CLOSED,request,PROVIDER,N/A,,611.477249998643,INFO,adaptador.request,true,exitoso,,,9150.034587092,9149.423109842,,,2026-09-05T00:00:53.231370Z
6413fef1-7653-48a2-98a1-16ed7d5ce239,run1_rep3,A,CLOSED,CLOSED,request,PROVIDER,N/A,,541.6805420009041,INFO,adaptador.request,true,exitoso,,,9150.118386759,9149.576706217,,,2026-09-05T00:00:53.315165Z
fe352f19-72c9-4e57-b498-b459e636acf3,run1_rep3,A,CLOSED,CLOSED,request,PROVIDER,N/A,,508.8654589999351,INFO,adaptador.request,true,exitoso,,,9150.186562467,9149.677697008,,,2026-09-05T00:00:53.383358Z
48c7f696-268f-40a3-854c-7db67c601585,run1_rep3,A,CLOSED,CLOSED,request,PROVIDER,N/A,,572.3020000004908,INFO,adaptador.request,true,exitoso,,,9150.292906175,9149.720604175,,,2026-09-05T00:00:53.489920Z
37115149-70e3-4164-ac38-d84d9331336d,run1_rep3,A,CLOSED,CLOSED,request,PROVIDER,N/A,,586.3173759989877,INFO,adaptador.request,true,exitoso,,,9150.362488259,9149.776170883,,,2026-09-05T00:00:53.559305Z
f85978bd-912c-45b1-a177-dfcaa19556e6,run1_rep3,A,CLOSED,CLOSED,request,PROVIDER,N/A,,542.0008750006673,INFO,adaptador.request,true,exitoso,,,9150.4252273,9149.883226425,,,2026-09-05T00:00:53.622047Z
ed5979ab-6b9c-4c06-97c7-ad6ec505585c,run1_rep3,A,CLOSED,CLOSED,request,PROVIDER,N/A,,527.2832909995486,INFO,adaptador.request,true,exitoso,,,9150.52021305,9149.992929759,,,2026-09-05T00:00:53.716992Z
11ba693d-5347-4a36-b73e-b02c10e99534,run1_rep3,A,CLOSED,CLOSED,request,PROVIDER,N/A,,439.0225829993142,INFO,adaptador.request,true,exitoso,,,9150.625450467,9150.186427884,,,2026-09-05T00:00:53.822319Z
be2dc15e-7974-4fb0-93a7-2a439d55ad64,run1_rep3,A,CLOSED,CLOSED,request,PROVIDER,N/A,,476.71891699974367,INFO,adaptador.request,true,exitoso,,,9150.725674426,9150.248955509,,,2026-09-05T00:00:53.922486Z
9cad9a09-af23-430b-96f7-58f5b2f0c313,run1_rep3,A,CLOSED,CLOSED,request,PROVIDER,N/A,,425.33970800104726,INFO,adaptador.request,true,exitoso,,,9150.825963592,9150.400623884,,,2026-09-05T00:00:54.022791Z
fd101f20-3914-4d81-b486-3b0bd5fb25d6,run1_rep3,A,CLOSED,CLOSED,request,PROVIDER,N/A,,494.7110839984816,INFO,adaptador.request,true,exitoso,,,9150.920685676,9150.425974592,,,2026-09-05T00:00:54.117484Z
0a77990b-60e3-4ee4-b3a1-13e70f7509b7,run1_rep3,A,CLOSED,CLOSED,request,PROVIDER,N/A,,529.8429169997689,INFO,adaptador.request,true,exitoso,,,9151.013371342,9150.483528425,,,2026-09-05T00:00:54.210189Z
66a195d5-6431-4e38-ba7d-e7a5cdbd4bb6,run1_rep3,A,CLOSED,CLOSED,request,PROVIDER,N/A,,548.9318749987433,INFO,adaptador.request,true,exitoso,,,9151.097701092,9150.548769217,,,2026-09-05T00:00:54.294503Z
fde5f8f2-6c36-4a5c-9ebc-8f69e4f94293,run1_rep3,A,CLOSED,CLOSED,request,PROVIDER,N/A,,640.6620840007236,INFO,adaptador.request,true,exitoso,,,9151.205135884,9150.5644738,,,2026-09-05T00:00:54.401968Z
7e8b3927-f57e-4e43-9898-eb01fb89dd54,run1_rep3,A,CLOSED,CLOSED,request,PROVIDER,N/A,,638.4720000005473,INFO,adaptador.request,true,exitoso,,,9151.267302467,9150.628830467,,,2026-09-05T00:00:54.464091Z
cfa6805a-db72-4902-babc-38c08353ac18,run1_rep3,A,CLOSED,CLOSED,request,PROVIDER,N/A,,678.9933340005518,INFO,adaptador.request,true,exitoso,,,9151.331310301,9150.652316967,,,2026-09-05T00:00:54.528127Z
83eaae93-ecb6-41fe-94e2-6dabacfabd96,run1_rep3,A,CLOSED,CLOSED,request,PROVIDER,N/A,,446.21374999951513,INFO,adaptador.request,true,exitoso,,,9151.387520426,9150.941306676,,,2026-09-05T00:00:54.584361Z
949baa89-b4ef-40d1-9072-17f64ab3e2cd,run1_rep3,A,CLOSED,CLOSED,request,PROVIDER,N/A,,494.21533400163753,INFO,adaptador.request,true,exitoso,,,9151.460734968,9150.966519634,,,2026-09-05T00:00:54.657546Z
e964aafd-c4f2-49bb-9973-5ed281109eb4,run1_rep3,A,CLOSED,CLOSED,request,PROVIDER,N/A,,396.94841699929384,INFO,adaptador.request,true,exitoso,,,9151.565681176,9151.168732759,,,2026-09-05T00:00:54.762448Z
acb07bc0-9e1c-4da4-a181-92d5ebca9e75,run1_rep3,A,CLOSED,CLOSED,request,PROVIDER,N/A,,413.9372919999005,INFO,adaptador.request,true,exitoso,,,9151.631227259,9151.217289967,,,2026-09-05T00:00:54.828060Z
ff554e86-e114-4a65-b722-4e84dd71a50c,run1_rep3,A,CLOSED,CLOSED,request,PROVIDER,N/A,,459.9856670010922,INFO,adaptador.request,true,exitoso,,,9151.694279051,9151.234293384,,,2026-09-05T00:00:54.891057Z
aad2570d-e6e5-432d-81cc-143f56504dfe,run1_rep3,A,CLOSED,CLOSED,request,PROVIDER,N/A,,530.669375000798,INFO,adaptador.request,true,exitoso,,,9151.797800676,9151.267131301,,,2026-09-05T00:00:54.994642Z
589ae80a-9ec6-432d-ae87-696290615183,run1_rep3,A,CLOSED,CLOSED,request,PROVIDER,N/A,,460.36416700007976,INFO,adaptador.request,true,exitoso,,,9151.874268676,9151.413904509,,,2026-09-05T00:00:55.071018Z
6c084ec6-3bc4-417c-873d-0d4a257d747b,run1_rep3,A,CLOSED,CLOSED,request,PROVIDER,N/A,,393.0697080013488,INFO,adaptador.request,true,exitoso,,,9151.959883592,9151.566813884,,,2026-09-05T00:00:55.156836Z
25b9aa8e-3f88-4468-a71c-76d53166ffe0,run1_rep3,A,CLOSED,CLOSED,request,PROVIDER,N/A,,382.3819579993142,INFO,adaptador.request,true,exitoso,,,9152.014805926,9151.632423968,,,2026-09-05T00:00:55.211784Z
c9b548bf-ed42-4320-9f5d-b30212e0aad7,run1_rep3,A,CLOSED,CLOSED,request,PROVIDER,N/A,,372.3534999990079,INFO,adaptador.request,true,exitoso,,,9152.081606134,9151.709252634,,,2026-09-05T00:00:55.278600Z
6852c669-175f-4b27-93e7-889d2adbceaa,run1_rep3,A,CLOSED,CLOSED,request,PROVIDER,N/A,,430.16466600056447,INFO,adaptador.request,true,exitoso,,,9152.156928884,9151.726764218,,,2026-09-05T00:00:55.353936Z
936e7bcb-4459-40ac-8efc-b029e535fbaa,run1_rep3,A,CLOSED,CLOSED,request,PROVIDER,N/A,,419.2490829991584,INFO,adaptador.request,true,exitoso,,,9152.218270426,9151.799021343,,,2026-09-05T00:00:55.415266Z
dee4cedf-b200-42fe-99d7-3ba537132664,run1_rep3,A,CLOSED,CLOSED,request,PROVIDER,N/A,,473.8176660011959,INFO,adaptador.request,true,exitoso,,,9152.301670217,9151.827852551,,,2026-09-05T00:00:55.498670Z
8d05a47c-7f61-45b4-be59-e554df71456a,run1_rep3,A,CLOSED,CLOSED,request,PROVIDER,N/A,,510.109332999491,INFO,adaptador.request,true,exitoso,,,9152.370700967,9151.860591634,,,2026-09-05T00:00:55.567712Z
dd755a7a-f00a-49e0-a4de-e7880d48493f,run1_rep3,A,CLOSED,CLOSED,request,PROVIDER,N/A,,589.9960409988125,INFO,adaptador.request,true,exitoso,,,9152.461786134,9151.871790093,,,2026-09-05T00:00:55.658853Z
8a82818b-3fb3-41d6-8a18-02ae1430e524,run1_rep3,A,CLOSED,CLOSED,request,PROVIDER,N/A,,618.3035829999426,INFO,adaptador.request,true,exitoso,,,9152.556783759,9151.938480176,,,2026-09-05T00:00:55.753795Z
516c30ea-9af2-45db-913a-83a9a98a8af8,run1_rep3,A,CLOSED,CLOSED,request,PROVIDER,N/A,,540.4457500007993,INFO,adaptador.request,true,exitoso,,,9152.623886759,9152.083441009,,,2026-09-05T00:00:55.820883Z
5a9a6bcd-56d7-405a-a14e-37df6f5ad283,run1_rep3,A,CLOSED,CLOSED,request,PROVIDER,N/A,,457.1094590010034,INFO,adaptador.request,true,exitoso,,,9152.730801301,9152.273691842,,,2026-09-05T00:00:55.927970Z
cd5a6f93-347e-45b6-8e70-ea76b6ca2f75,run1_rep3,A,CLOSED,CLOSED,request,PROVIDER,N/A,,443.00604199997906,INFO,adaptador.request,true,exitoso,,,9152.812068384,9152.369062342,,,2026-09-05T00:00:56.009075Z
c7aaf8bd-157f-47ca-b230-8b0594d05a3a,run1_rep3,A,CLOSED,CLOSED,request,PROVIDER,N/A,,444.6661669990135,INFO,adaptador.request,true,exitoso,,,9152.921773134,9152.477106967,,,2026-09-05T00:00:56.118802Z
cdc0703d-02f7-4fe7-880c-1dd1710862e6,run1_rep3,A,CLOSED,CLOSED,request,PROVIDER,N/A,,493.73708400162286,INFO,adaptador.request,true,exitoso,,,9153.012833426,9152.519096342,,,2026-09-05T00:00:56.209846Z
2b3d6aa4-0ae9-40d6-a388-c670be1fdaed,run1_rep3,A,CLOSED,CLOSED,request,PROVIDER,N/A,,544.4320420010627,INFO,adaptador.request,true,exitoso,,,9153.099189176,9152.554757134,,,2026-09-05T00:00:56.296209Z
c5348268-8b6a-44be-a0c2-5d37d732c8d3,run1_rep3,A,CLOSED,CLOSED,request,PROVIDER,N/A,,613.4231669984729,INFO,adaptador.request,true,exitoso,,,9153.180468718,9152.567045551,,,2026-09-05T00:00:56.377458Z
966f26b1-3533-4ec9-a7b9-76f51d544453,run1_rep3,A,CLOSED,CLOSED,request,PROVIDER,N/A,,673.785749999297,INFO,adaptador.request,true,exitoso,,,9153.260441051,9152.586655301,,,2026-09-05T00:00:56.457457Z
0f0fef5d-2083-4a3d-b461-df50c180557a,run1_rep3,A,CLOSED,CLOSED,request,PROVIDER,N/A,,557.1834999991552,INFO,adaptador.request,true,exitoso,,,9153.363963176,9152.806779676,,,2026-09-05T00:00:56.561028Z
961edd38-03e9-47bd-b0b1-5daf5be390b4,run1_rep3,A,CLOSED,CLOSED,request,PROVIDER,N/A,,464.2676669991488,INFO,adaptador.request,true,exitoso,,,9153.44660351,9152.982335843,,,2026-09-05T00:00:56.643698Z
97c3ad9d-7381-4998-a026-f3c88fc5a74a,run1_rep3,A,CLOSED,CLOSED,request,PROVIDER,N/A,,524.2292499988253,INFO,adaptador.request,true,exitoso,,,9153.533787301,9153.009558051,,,2026-09-05T00:00:56.730824Z
aab7f611-ce62-4428-9af2-46eafd5ed5c6,run1_rep3,A,CLOSED,CLOSED,request,PROVIDER,N/A,,585.5471249997208,INFO,adaptador.request,true,exitoso,,,9153.595886468,9153.010339343,,,2026-09-05T00:00:56.792887Z
519d0ddf-41fc-4e41-9ddd-b831c9d36b99,run1_rep3,A,CLOSED,CLOSED,request,PROVIDER,N/A,,447.87108399941644,INFO,adaptador.request,true,exitoso,,,9153.683029093,9153.235158009,,,2026-09-05T00:00:56.880088Z
7c700d43-9f5b-4a96-b434-374e1fe6e213,run1_rep3,A,CLOSED,CLOSED,request,PROVIDER,N/A,,428.917041999739,INFO,adaptador.request,true,exitoso,,,9153.759988593,9153.331071551,,,2026-09-05T00:00:56.957037Z
81c8ea1f-7936-40fa-895f-0d8994f42762,run1_rep3,A,CLOSED,CLOSED,request,PROVIDER,N/A,,439.7877499995957,INFO,adaptador.request,true,exitoso,,,9153.817210468,9153.377422718,,,2026-09-05T00:00:57.014372Z
1588c445-1771-4b34-80b7-a407f8f0840e,run1_rep3,A,CLOSED,CLOSED,request,PROVIDER,N/A,,538.6410419996537,INFO,adaptador.request,true,exitoso,,,9153.922584135,9153.383943093,,,2026-09-05T00:00:57.119641Z
47fae336-8a96-4e28-923c-056637eaf70a,run1_rep3,A,CLOSED,CLOSED,request,PROVIDER,N/A,,473.01320800033864,INFO,adaptador.request,true,exitoso,,,9153.987993093,9153.514979885,,,2026-09-05T00:00:57.185021Z
c5d5ad10-7dd3-495a-a8a7-9dba93516704,run1_rep3,A,CLOSED,CLOSED,request,PROVIDER,N/A,,576.4294999989943,INFO,adaptador.request,true,exitoso,,,9154.091874843,9153.515445343,,,2026-09-05T00:00:57.288953Z
32659ef3-16da-4b3f-aa0a-e7ae34b2e660,run1_rep3,A,CLOSED,CLOSED,request,PROVIDER,N/A,,374.0262499995879,INFO,adaptador.request,true,exitoso,,,9154.180216843,9153.806190593,,,2026-09-05T00:00:57.377236Z
f3d2dc6c-38a2-47ab-ac67-494516c63120,run1_rep3,A,CLOSED,CLOSED,request,PROVIDER,N/A,,418.3582089990523,INFO,adaptador.request,true,exitoso,,,9154.280842802,9153.862484593,,,2026-09-05T00:00:57.477859Z
c8b86462-54f4-4713-8e3a-3f739909012d,run1_rep3,A,CLOSED,CLOSED,request,PROVIDER,N/A,,504.2605420003383,INFO,adaptador.request,true,exitoso,,,9154.367145135,9153.862884593,,,2026-09-05T00:00:57.564180Z
9e3044cd-63b4-4b5e-ba59-f79dc0fad883,run1_rep3,A,CLOSED,CLOSED,request,PROVIDER,N/A,,522.1582079993823,INFO,adaptador.request,true,exitoso,,,9154.462075968,9153.93991776,,,2026-09-05T00:00:57.659105Z
af10bf89-ba4a-46e5-b4c7-65155780c3c1,run1_rep3,A,CLOSED,CLOSED,request,PROVIDER,N/A,,516.0382080011914,INFO,adaptador.request,true,exitoso,,,9154.560623343,9154.044585135,,,2026-09-05T00:00:57.757644Z
57139f42-5181-45a7-baec-9e1870296b89,run1_rep3,A,CLOSED,CLOSED,request,PROVIDER,N/A,,524.2996249999123,INFO,adaptador.request,true,exitoso,,,9154.615960927,9154.091661302,,,2026-09-05T00:00:57.813051Z
8a0029a9-eea5-474b-9ae8-1f65b0fa93fa,run1_rep3,A,CLOSED,CLOSED,request,PROVIDER,N/A,,454.85658299912757,INFO,adaptador.request,true,exitoso,,,9154.695133468,9154.240276885,,,2026-09-05T00:00:57.892130Z
c8ca8168-fd76-42ee-862b-3c786c8c1b3d,run1_rep3,A,CLOSED,CLOSED,request,PROVIDER,N/A,,464.02554199994483,INFO,adaptador.request,true,exitoso,,,9154.789205219,9154.325179677,,,2026-09-05T00:00:57.986274Z
b66cd107-bcb1-40d1-a285-01883304a76b,run1_rep3,A,CLOSED,CLOSED,request,PROVIDER,N/A,,527.3397079999995,INFO,adaptador.request,true,exitoso,,,9154.87261826,9154.345278552,,,2026-09-05T00:00:58.069618Z
cd1a4146-70be-4a07-9c4f-0ee91fc8c731,run1_rep3,A,CLOSED,CLOSED,request,PROVIDER,N/A,,586.9637499999953,INFO,adaptador.request,true,exitoso,,,9154.932638552,9154.345674802,,,2026-09-05T00:00:58.129705Z
ed75a153-caf7-4a23-acda-b2ea111286e5,run1_rep3,A,CLOSED,CLOSED,request,PROVIDER,N/A,,586.6062509994663,INFO,adaptador.request,true,exitoso,,,9154.991861469,9154.405255218,,,2026-09-05T00:00:58.188865Z
1b2dd6bc-b756-4c68-8aec-ac8974772516,run1_rep3,A,CLOSED,CLOSED,request,PROVIDER,N/A,,502.75295800020103,INFO,adaptador.request,true,exitoso,,,9155.06398801,9154.561235052,,,2026-09-05T00:00:58.261053Z
50a4917f-8a1d-439b-a2fb-69399d4bde8b,run1_rep3,A,CLOSED,CLOSED,request,PROVIDER,N/A,,473.19187500033877,INFO,adaptador.request,true,exitoso,,,9155.142219885,9154.66902801,,,2026-09-05T00:00:58.339240Z
10932e0e-2e64-4ff2-9a78-3173a88ae185,run1_rep3,A,CLOSED,CLOSED,request,PROVIDER,N/A,,455.4448330000014,INFO,adaptador.request,true,exitoso,,,9155.211782677,9154.756337844,,,2026-09-05T00:00:58.408790Z
03302a7f-c321-4a3a-b423-6a13d83436b1,run1_rep3,A,CLOSED,CLOSED,request,PROVIDER,N/A,,465.2543339998374,INFO,adaptador.request,true,exitoso,,,9155.281411094,9154.81615676,,,2026-09-05T00:00:58.478429Z
4faae3c6-2c60-4d2b-97f6-a6387e3ddc5c,run1_rep3,A,CLOSED,CLOSED,request,PROVIDER,N/A,,539.9614590005513,INFO,adaptador.request,true,exitoso,,,9155.367597094,9154.827635635,,,2026-09-05T00:00:58.564636Z
e2d5ad5d-3e3f-40b8-ae15-ffec5bebdb1e,run1_rep3,A,CLOSED,CLOSED,request,PROVIDER,N/A,,535.1630419991125,INFO,adaptador.request,true,exitoso,,,9155.471395969,9154.936232927,,,2026-09-05T00:00:58.668435Z
9926cd7b-f98f-4121-807e-a59521b3afaf,run1_rep3,A,CLOSED,CLOSED,request,PROVIDER,N/A,,539.960375001101,INFO,adaptador.request,true,exitoso,,,9155.555602844,9155.015642469,,,2026-09-05T00:00:58.752643Z
5c9233f3-83a5-4d2f-b203-6dbbc7173619,run1_rep3,A,CLOSED,CLOSED,request,PROVIDER,N/A,,326.8955839994305,INFO,adaptador.request,true,exitoso,,,9155.654396761,9155.327501177,,,2026-09-05T00:00:58.851420Z
2803f41e-ae01-423b-be70-b0ad415830d5,run1_rep3,A,CLOSED,CLOSED,request,PROVIDER,N/A,,368.1039579987555,INFO,adaptador.request,true,exitoso,,,9155.761168427,9155.393064469,,,2026-09-05T00:00:58.958178Z
8c38c974-6280-422d-86a8-778b8449833b,run1_rep3,A,CLOSED,CLOSED,request,PROVIDER,N/A,,468.24204199947417,INFO,adaptador.request,true,exitoso,,,9155.861720719,9155.393478677,,,2026-09-05T00:00:59.058723Z
652be703-5e44-4a16-b1b1-6e55cc924aa7,run1_rep3,A,CLOSED,CLOSED,request,PROVIDER,N/A,,507.118374998754,INFO,adaptador.request,true,exitoso,,,9155.944467594,9155.437349219,,,2026-09-05T00:00:59.141506Z
28f7cc9c-c786-45b9-b343-2aee9c7fc7b4,run1_rep3,A,CLOSED,CLOSED,request,PROVIDER,N/A,,612.5049170004786,INFO,adaptador.request,true,exitoso,,,9156.050392219,9155.437887302,,,2026-09-05T00:00:59.247448Z
4023fe57-e19e-42d4-a761-d685de98b54c,run1_rep3,A,CLOSED,CLOSED,request,PROVIDER,N/A,,646.6283760000806,INFO,adaptador.request,true,exitoso,,,9156.138767678,9155.492139302,,,2026-09-05T00:00:59.335786Z
bb9d2e0b-ade5-4d1f-b37d-af6a3f753842,run1_rep3,A,CLOSED,CLOSED,request,PROVIDER,N/A,,609.6342079999886,INFO,adaptador.request,true,exitoso,,,9156.245049094,9155.635414886,,,2026-09-05T00:00:59.442079Z
5a62abb3-9e4a-4f10-a43a-d473d1f3b8b2,run1_rep3,A,CLOSED,CLOSED,request,PROVIDER,N/A,,619.8497499990481,INFO,adaptador.request,true,exitoso,,,9156.347104219,9155.727254469,,,2026-09-05T00:00:59.544133Z
e1d75c08-4174-4965-89fe-f8114ad7ef53,run1_rep3,A,CLOSED,CLOSED,request,PROVIDER,N/A,,613.8455000000249,INFO,adaptador.request,true,exitoso,,,9156.453060344,9155.839214844,,,2026-09-05T00:00:59.650080Z
3b1abe55-1c04-4a2e-8485-ed6b2cf4c0c6,run1_rep3,A,CLOSED,CLOSED,request,PROVIDER,N/A,,576.480542000354,INFO,adaptador.request,true,exitoso,,,9156.522279053,9155.945798511,,,2026-09-05T00:00:59.719342Z
260da550-a811-4f8b-b540-26979e37aa76,run1_rep3,A,CLOSED,CLOSED,request,PROVIDER,N/A,,666.4671250000538,INFO,adaptador.request,true,exitoso,,,9156.615603886,9155.949136761,,,2026-09-05T00:00:59.812721Z
000196d7-df2e-447f-bcb4-b92b8b8171bc,run1_rep3,A,CLOSED,CLOSED,request,PROVIDER,N/A,,526.0156250005821,INFO,adaptador.request,true,exitoso,,,9156.704729428,9156.178713803,,,2026-09-05T00:00:59.901734Z
a5bbfa67-7884-4202-a886-25a86daf935e,run1_rep3,A,CLOSED,CLOSED,request,PROVIDER,N/A,,564.5146250008111,INFO,adaptador.request,true,exitoso,,,9156.813269886,9156.248755261,,,2026-09-05T00:01:00.010269Z
7ceb2858-4733-4684-8e00-be332d315431,run1_rep3,A,CLOSED,CLOSED,request,PROVIDER,N/A,,541.5094590007357,INFO,adaptador.request,true,exitoso,,,9156.877021553,9156.335512094,,,2026-09-05T00:01:00.074035Z
38aba306-ecbe-4413-aa0c-c45447b6b1b2,run1_rep3,A,CLOSED,CLOSED,request,PROVIDER,N/A,,589.8524999993242,INFO,adaptador.request,true,exitoso,,,9156.958131386,9156.368278886,,,2026-09-05T00:01:00.155119Z
0a1fff5d-277a-49cb-be12-4ac5db899d35,run1_rep3,A,CLOSED,CLOSED,request,PROVIDER,N/A,,658.6797919990204,INFO,adaptador.request,true,exitoso,,,9157.05821772,9156.399537928,,,2026-09-05T00:01:00.255266Z
880df55e-3995-402e-8d9e-809377bba959,run1_rep3,A,CLOSED,CLOSED,request,PROVIDER,N/A,,602.8322090005531,INFO,adaptador.request,true,exitoso,,,9157.13435172,9156.531519511,,,2026-09-05T00:01:00.331292Z
ab5755eb-05ee-4a6b-9e12-872453951eb6,run1_rep3,A,CLOSED,CLOSED,request,PROVIDER,N/A,,486.1385419990256,INFO,adaptador.request,true,exitoso,,,9157.19824772,9156.712109178,,,2026-09-05T00:01:00.395190Z
54af89ad-4363-4eed-ba55-ff1baa8ec3cb,run1_rep3,A,CLOSED,CLOSED,request,PROVIDER,N/A,,507.869250001022,INFO,adaptador.request,true,exitoso,,,9157.288478553,9156.780609303,,,2026-09-05T00:01:00.485434Z
55f575f0-8fff-4a3f-8fc0-ffcea1ea6bc4,run1_rep3,A,CLOSED,CLOSED,request,PROVIDER,N/A,,536.618375001126,INFO,adaptador.request,true,exitoso,,,9157.362804636,9156.826186261,,,2026-09-05T00:01:00.559776Z
