request_id,ejecucion_id,escenario,estado_circuito_fin,estado_circuito_inicio,event_type,fuente_respuesta,hit_miss,latencia_proveedor_ms,latencia_total_ms,level,logger,proveedor_invocado,resultado,tiempo_conmutacion_ms,timestamp_deteccion,timestamp_fin,timestamp_inicio,timestamp_respuesta_cache,tipo_error,ts_wall
b891d67f-ed07-4589-8a77-dfb7e8401196,run1_rep3,B,CLOSED,CLOSED,request,PROVIDER,N/A,,60.43608400068479,INFO,adaptador.request,true,exitoso,,,9309.774514332,9309.714078248,,,2026-09-05T00:03:32.972536Z
91fd49a9-efe5-40d7-8228-608ad1ee66c0,run1_rep3,B,CLOSED,CLOSED,request,PROVIDER,N/A,,158.52970800006005,INFO,adaptador.request,true,exitoso,,,9309.87343679,9309.714907082,,,2026-09-05T00:03:33.071481Z
42f2a0a3-ae72-41ad-b623-11e33b8fe239,run1_rep3,B,CLOSED,CLOSED,request,PROVIDER,N/A,,87.66995900077745,INFO,adaptador.request,true,exitoso,,,9310.268029207,9310.180359248,,,2026-09-05T00:03:33.466075Z
333efea9-5131-444f-bc74-b821268dba30,run1_rep3,B,CLOSED,CLOSED,request,PROVIDER,N/A,,101.90508300001966,INFO,adaptador.request,true,exitoso,,,9310.386774915,9310.284869832,,,2026-09-05T00:03:33.584819Z
5e2a5f74-adea-47b7-adb2-21fa5f783525,run1_rep3,B,CLOSED,CLOSED,request,PROVIDER,N/A,,59.66950000038196,INFO,adaptador.request,true,exitoso,,,9310.536939624,9310.477270124,,,2026-09-05T00:03:33.735000Z
0f5c2224-a168-4de7-81de-d693ed6c0743,run1_rep3,B,CLOSED,CLOSED,request,PROVIDER,N/A,,72.39141700119944,INFO,adaptador.request,true,exitoso,,,9310.723422749,9310.651031332,,,2026-09-05T00:03:33.921480Z
9d44a118-9070-45a4-b422-f51f28d12446,run1_rep3,B,CLOSED,CLOSED,request,PROVIDER,N/A,,77.11962500070513,INFO,adaptador.request,true,exitoso,,,9310.845430957,9310.768311332,,,2026-09-05T00:03:34.043468Z
494e778d-0366-49be-8bc5-a6947a84c795,run1_rep3,B,CLOSED,CLOSED,request,PROVIDER,N/A,,60.12337500033027,INFO,adaptador.request,true,exitoso,,,9311.202670541,9311.142547166,,,2026-09-05T00:03:34.400707Z
dccd4722-c0bf-45a2-898b-3d6438bc3615,run1_rep3,B,CLOSED,CLOSED,request,PROVIDER,N/A,,131.26916700093716,INFO,adaptador.request,true,exitoso,,,9311.274948541,9311.143679374,,,2026-09-05T00:03:34.473089Z
e0748d8a-2b2c-4b1a-9305-645bebadcbc5,run1_rep3,B,CLOSED,CLOSED,request,PROVIDER,N/A,,58.428041000297526,INFO,adaptador.request,true,exitoso,,,9311.382425332,9311.323997291,,,2026-09-05T00:03:34.580481Z
c6728474-ec35-45f8-bb0f-2028ad8dac32,run1_rep3,B,CLOSED,CLOSED,request,PROVIDER,N/A,,97.65808299925993,INFO,adaptador.request,true,exitoso,,,9311.758318249,9311.660660166,,,2026-09-05T00:03:34.956370Z
e0c9a074-2848-4caf-bf4e-27a27796de22,run1_rep3,B,CLOSED,CLOSED,request,PROVIDER,N/A,,113.20941599842627,INFO,adaptador.request,true,exitoso,,,9311.860231124,9311.747021708,,,2026-09-05T00:03:35.058332Z
60f447c7-ca2b-4fa2-b867-afff05c3230c,run1_rep3,B,CLOSED,CLOSED,request,PROVIDER,N/A,,65.8408330000384,INFO,adaptador.request,true,exitoso,,,9311.972439541,9311.906598708,,,2026-09-05T00:03:35.170416Z
69f161ef-d311-4a92-91d5-36d8117a4180,run1_rep3,B,CLOSED,CLOSED,request,PROVIDER,N/A,,110.99362500135612,INFO,adaptador.request,true,exitoso,,,9312.288781208,9312.177787583,,,2026-09-05T00:03:35.486838Z
8f3c2a0c-a0c0-4f8b-ac82-571e74322499,run1_rep3,B,CLOSED,CLOSED,request,PROVIDER,N/A,,130.6414999999106,INFO,adaptador.request,true,exitoso,,,9312.347688166,9312.217046666,,,2026-09-05T00:03:35.545747Z
5256f33e-abb1-48be-9194-e8d2594c3c19,run1_rep3,B,CLOSED,CLOSED,request,PROVIDER,N/A,,81.68008299981011,INFO,adaptador.request,true,exitoso,,,9312.639816458,9312.558136375,,,2026-09-05T00:03:35.837857Z
5a4bfde7-e9ee-4c7c-beb9-834f8ea9ba9e,run1_rep3,B,CLOSED,CLOSED,request,PROVIDER,N/A,,56.667834000108996,INFO,adaptador.request,true,exitoso,,,9312.812511875,9312.755844041,,,2026-09-05T00:03:36.010550Z
be53a3d6-bf82-4650-b552-5c0732b65b42,run1_rep3,B,CLOSED,CLOSED,request,PROVIDER,N/A,,91.66916700087313,INFO,adaptador.request,true,exitoso,,,9312.890694083,9312.799024916,,,2026-09-05T00:03:36.088714Z
b8e0b722-147f-4eef-b69d-bc350bb91321,run1_rep3,B,CLOSED,CLOSED,request,PROVIDER,N/A,,95.48845899917069,INFO,adaptador.request,true,exitoso,,,9313.147812542,9313.052324083,,,2026-09-05T00:03:36.345862Z
b4ba63e7-75fe-4e61-ae17-d349138bdb40,run1_rep3,B,CLOSED,CLOSED,request,PROVIDER,N/A,,140.72049999958836,INFO,adaptador.request,true,exitoso,,,9313.217951375,9313.077230875,,,2026-09-05T00:03:36.416024Z
ab315b3f-fb09-4f81-905c-6f40e767ab2a,run1_rep3,B,CLOSED,CLOSED,request,PROVIDER,N/A,,94.94987499965646,INFO,adaptador.request,true,exitoso,,,9313.484390167,9313.389440292,,,2026-09-05T00:03:36.682404Z
bd775c67-6ca7-4a63-ac10-e11637fa518f,run1_rep3,B,CLOSED,CLOSED,request,PROVIDER,N/A,,127.2915829995327,INFO,adaptador.request,true,exitoso,,,9313.544845125,9313.417553542,,,2026-09-05T00:03:36.742895Z
70067d29-670c-475f-9792-6e1d33c6560d,run1_rep3,B,CLOSED,CLOSED,request,PROVIDER,N/A,,93.79491700019571,INFO,adaptador.request,true,exitoso,,,9313.802293917,9313.708499,,,2026-09-05T00:03:37.000323Z
2f22f47b-1265-4f9e-beec-52cf7ae14369,run1_rep3,B,CLOSED,CLOSED,request,PROVIDER,N/A,,73.22750000093947,INFO,adaptador.request,true,exitoso,,,9313.980832167,9313.907604667,,,2026-09-05T00:03:37.178885Z
bc55930a-415f-4a44-8baf-e6ee15e31f5b,run1_rep3,B,CLOSED,CLOSED,request,PROVIDER,N/A,,97.8116250007588,INFO,adaptador.request,true,exitoso,,,9314.342418667,9314.244607042,,,2026-09-05T00:03:37.540410Z
6a1c5261-e1ff-40f4-86d6-2574597f9385,run1_rep3,B,CLOSED,CLOSED,request,PROVIDER,N/A,,104.10558299918193,INFO,adaptador.request,true,exitoso,,,9314.532159667,9314.428054084,,,2026-09-05T00:03:37.730170Z
2a862942-e03a-4ff8-a718-e562ce4cd98b,run1_rep3,B,CLOSED,CLOSED,request,PROVIDER,N/A,,96.92408400042041,INFO,adaptador.request,true,exitoso,,,9314.625634376,9314.528710292,,,2026-09-05T00:03:37.823698Z
e5ff240e-4146-4d10-8ea2-29dc5bd1b38b,run1_rep3,B,CLOSED,CLOSED,request,PROVIDER,N/A,,89.14145800008555,INFO,adaptador.request,true,exitoso,,,9315.012845334,9314.923703876,,,2026-09-05T00:03:38.210900Z
6ed9bb3a-655e-44e8-b641-495602a90188,run1_rep3,B,CLOSED,CLOSED,request,PROVIDER,N/A,,96.62458300044818,INFO,adaptador.request,true,exitoso,,,9315.110795834,9315.014171251,,,2026-09-05T00:03:38.308825Z
7f66b14e-6b38-48d0-96df-977254199dd5,run1_rep3,B,CLOSED,CLOSED,request,PROVIDER,N/A,,104.75816699909046,INFO,adaptador.request,true,exitoso,,,9315.261745626,9315.156987459,,,2026-09-05T00:03:38.459853Z
38f6dca6-97af-4023-93de-f419515a1c1f,run1_rep3,B,CLOSED,CLOSED,request,PROVIDER,N/A,,94.24650000073598,INFO,adaptador.request,true,exitoso,,,9315.701838293,9315.607591793,,,2026-09-05T00:03:38.899969Z
7250e325-b7f8-4eb7-83ee-6fc8b6463448,run1_rep3,B,CLOSED,CLOSED,request,PROVIDER,N/A,,105.42687499946624,INFO,adaptador.request,true,exitoso,,,9315.828746584,9315.723319709,,,2026-09-05T00:03:39.026828Z
ee408675-c440-4142-8d03-351e07013094,run1_rep3,B,CLOSED,CLOSED,request,PROVIDER,N/A,,104.65695799939567,INFO,adaptador.request,true,exitoso,,,9316.019523501,9315.914866543,,,2026-09-05T00:03:39.217586Z
7bc352ef-7e1d-400a-9bce-1ef506576a00,run1_rep3,B,CLOSED,CLOSED,request,PROVIDER,N/A,,106.99724999903992,INFO,adaptador.request,true,exitoso,,,9316.08755321,9315.98055596,,,2026-09-05T00:03:39.285568Z
511f48df-97cd-49f3-8821-2e30ea4fe9fe,run1_rep3,B,CLOSED,CLOSED,request,PROVIDER,N/A,,94.2724159995123,INFO,adaptador.request,true,exitoso,,,9316.418878751,9316.324606335,,,2026-09-05T00:03:39.616942Z
34653389-73c6-42e5-a62f-00de63011ed1,run1_rep3,B,CLOSED,CLOSED,request,PROVIDER,N/A,,179.67658399902575,INFO,adaptador.request,true,exitoso,,,9316.505406335,9316.325729751,,,2026-09-05T00:03:39.703444Z
be3152fe-1132-43af-9f72-22d82a5b6d08,run1_rep3,B,CLOSED,CLOSED,request,PROVIDER,N/A,,73.52054100010719,INFO,adaptador.request,true,exitoso,,,9316.805682418,9316.732161877,,,2026-09-05T00:03:40.003778Z
3dbb87b3-a804-427c-82dc-51c691b6bd11,run1_rep3,B,CLOSED,CLOSED,request,PROVIDER,N/A,,65.38774999899033,INFO,adaptador.request,true,exitoso,,,9316.926769335,9316.861381585,,,2026-09-05T00:03:40.124804Z
e251a2fa-3af2-47a1-925b-956f979d724f,run1_rep3,B,CLOSED,CLOSED,request,PROVIDER,N/A,,66.00774999969872,INFO,adaptador.request,true,exitoso,,,9317.063989252,9316.997981502,,,2026-09-05T00:03:40.262027Z
04848995-fd16-415d-b66d-bc732721eb3d,run1_rep3,B,CLOSED,CLOSED,request,PROVIDER,N/A,,83.75991600041743,INFO,adaptador.request,true,exitoso,,,9317.159871668,9317.076111752,,,2026-09-05T00:03:40.357898Z
624dcded-a326-4678-84cf-7eadb2633c06,run1_rep3,B,CLOSED,CLOSED,request,PROVIDER,N/A,,104.0846670002793,INFO,adaptador.request,true,exitoso,,,9317.380893169,9317.276808502,,,2026-09-05T00:03:40.579021Z
59f61c1b-44c1-48fc-b389-5192ecedc722,run1_rep3,B,CLOSED,CLOSED,request,PROVIDER,N/A,,83.7914580006327,INFO,adaptador.request,true,exitoso,,,9317.63663171,9317.552840252,,,2026-09-05T00:03:40.834690Z
d50b1aff-ff15-4e78-9ca7-ec705a09de13,run1_rep3,B,CLOSED,CLOSED,request,PROVIDER,N/A,,141.68741700086684,INFO,adaptador.request,true,exitoso,,,9317.728283377,9317.58659596,,,2026-09-05T00:03:40.926367Z
b5a84f1a-5b3a-472d-8b97-7c80811c6a88,run1_rep3,B,CLOSED,CLOSED,request,PROVIDER,N/A,,68.07983299950138,INFO,adaptador.request,true,exitoso,,,9317.894204377,9317.826124544,,,2026-09-05T00:03:41.092222Z
55ec4490-99b1-4747-b15c-ee96274c88b5,run1_rep3,B,CLOSED,CLOSED,request,PROVIDER,N/A,,93.50033399823587,INFO,adaptador.request,true,exitoso,,,9318.152905336,9318.059405002,,,2026-09-05T00:03:41.350983Z
9df85029-ba9f-4b05-b5eb-bb8e3c21158e,run1_rep3,B,CLOSED,CLOSED,request,PROVIDER,N/A,,94.97824999925797,INFO,adaptador.request,true,exitoso,,,9318.472706919,9318.377728669,,,2026-09-05T00:03:41.670804Z
a7077bb9-97b3-4f7e-a89f-783c53fc0844,run1_rep3,B,CLOSED,CLOSED,request,PROVIDER,N/A,,94.8360420006793,INFO,adaptador.request,true,exitoso,,,9318.630787919,9318.535951877,,,2026-09-05T00:03:41.828818Z
a14d0e5f-6c8a-470e-8aa2-5aed43d6deae,run1_rep3,B,CLOSED,CLOSED,request,PROVIDER,N/A,,58.79541699869151,INFO,adaptador.request,true,exitoso,,,9318.755289378,9318.696493961,,,2026-09-05T00:03:41.953376Z
23f2405d-d9c5-4041-a69f-5cd78a57c499,run1_rep3,B,CLOSED,CLOSED,request,PROVIDER,N/A,,75.06004100105201,INFO,adaptador.request,true,exitoso,,,9319.112752794,9319.037692753,,,2026-09-05T00:03:42.310779Z
3393cc06-bd44-4ab2-9feb-453a33fad0a9,run1_rep3,B,CLOSED,CLOSED,request,PROVIDER,N/A,,128.58679199962353,INFO,adaptador.request,true,exitoso,,,9319.193468128,9319.064881336,,,2026-09-05T00:03:42.391483Z
386d802d-ddb5-4008-bdd1-a95e56047400,run1_rep3,B,CLOSED,CLOSED,request,PROVIDER,N/A,,97.68129200165276,INFO,adaptador.request,true,exitoso,,,9319.489467253,9319.391785961,,,2026-09-05T00:03:42.687574Z
4e338a78-7f27-43c1-ab00-9a240fb18b2e,run1_rep3,B,CLOSED,CLOSED,request,PROVIDER,N/A,,70.15662499907194,INFO,adaptador.request,true,exitoso,,,9319.580702586,9319.510545961,,,2026-09-05T00:03:42.778772Z
f4cb7acb-e82e-4493-ba97-d593e06ef9b8,run1_rep3,B,OPEN,CLOSED,request,CACHE,HIT,708.469958999558,709.4737919996987,INFO,adaptador.request,true,degradado,0.8301249999931315,9320.511147587,9320.51215142,9319.802677628,9320.511977712,CIRCUIT_OPEN,2026-09-05T00:03:43.710197Z
bbba6a0f-4c9c-4f60-a768-de19fad084cf,run1_rep3,B,OPEN,CLOSED,request,CACHE,HIT,707.6076249995822,709.6330000003945,INFO,adaptador.request,true,degradado,1.9572500004869653,9320.511380295,9320.51340567,9319.80377267,9320.513337545,CIRCUIT_OPEN,2026-09-05T00:03:43.711401Z
a18361f1-2326-4cd1-84d4-25228584274e,run1_rep3,B,OPEN,OPEN,request,CACHE,HIT,0.057208000725950114,0.7892079993325751,INFO,adaptador.request,false,degradado,0.645500000246102,9320.730552503,9320.731284503,9320.730495295,9320.731198003,CIRCUIT_OPEN,2026-09-05T00:03:43.929306Z
92c97299-820f-4298-bebf-83ba1f4acec1,run1_rep3,B,OPEN,OPEN,request,CACHE,HIT,0.04933300078846514,1.297541000894853,INFO,adaptador.request,false,degradado,1.1574999989534263,9320.80435792,9320.805606128,9320.804308587,9320.80551542,CIRCUIT_OPEN,2026-09-05T00:03:44.004295Z
f3d440f7-548a-4402-a8ab-e36c83f04a87,run1_rep3,B,OPEN,OPEN,request,CACHE,HIT,0.02166699960071128,1.4646670006186469,INFO,adaptador.request,false,degradado,1.389167000525049,9320.804848295,9320.806291295,9320.804826628,9320.806237462,CIRCUIT_OPEN,2026-09-05T00:03:44.004778Z
91bdedac-6fa6-4917-87cf-824e39c1e40d,run1_rep3,B,OPEN,OPEN,request,CACHE,HIT,0.018791999536915682,0.8353339999302989,INFO,adaptador.request,false,degradado,0.7796669997333083,9320.805964087,9320.806780629,9320.805945295,9320.806743754,CIRCUIT_OPEN,2026-09-05T00:03:44.005723Z
5c7db71f-563e-4b8e-8f6d-d9057c299d94,run1_rep3,B,OPEN,OPEN,request,CACHE,HIT,0.053041998398839496,0.8837919995130505,INFO,adaptador.request,false,degradado,0.7259160011017229,9320.913120254,9320.913951004,9320.913067212,9320.91384617,CIRCUIT_OPEN,2026-09-05T00:03:44.111994Z
241843aa-04f7-4403-bc91-e7080749dfa1,run1_rep3,B,OPEN,OPEN,request,CACHE,HIT,0.051375000111875124,0.8217499998863786,INFO,adaptador.request,false,degradado,0.6824169995525153,9321.001564795,9321.00233517,9321.00151342,9321.002247212,CIRCUIT_OPEN,2026-09-05T00:03:44.200348Z
e88e0115-5f61-46f9-b85d-a4ade98e3936,run1_rep3,B,OPEN,OPEN,request,CACHE,HIT,0.050708000344457105,0.7863329992687795,INFO,adaptador.request,false,degradado,0.6385839988070074,9321.094563295,9321.09529892,9321.094512587,9321.095201879,CIRCUIT_OPEN,2026-09-05T00:03:44.293330Z
545f242e-8fb8-4e44-8ca9-1c99c80687ff,run1_rep3,B,OPEN,OPEN,request,CACHE,HIT,0.05420800152933225,0.8138330013025552,INFO,adaptador.request,false,degradado,0.6596669991267845,9321.286629587,9321.287389212,9321.286575379,9321.287289254,CIRCUIT_OPEN,2026-09-05T00:03:44.485417Z
3b39fbd6-0b5a-4c99-8086-b6eee5804f13,run1_rep3,B,OPEN,OPEN,request,CACHE,HIT,0.0452090007456718,0.7023750004009344,INFO,adaptador.request,false,degradado,0.5830829995829845,9321.310847629,9321.311504795,9321.31080242,9321.311430712,CIRCUIT_OPEN,2026-09-05T00:03:44.509508Z
16c306af-f518-4e6d-a205-a300aaf8edf8,run1_rep3,B,OPEN,OPEN,request,CACHE,HIT,0.05545800013351254,0.8537080011592479,INFO,adaptador.request,false,degradado,0.6959170004847692,9321.490971087,9321.491769337,9321.490915629,9321.491667004,CIRCUIT_OPEN,2026-09-05T00:03:44.689798Z
8afd3e0e-8a4a-4dee-a0eb-6f7c6e6abf61,run1_rep3,B,OPEN,OPEN,request,CACHE,HIT,0.04887500108452514,0.714707999577513,INFO,adaptador.request,false,degradado,0.5467499995575054,9321.503230087,9321.50389592,9321.503181212,9321.503776837,CIRCUIT_OPEN,2026-09-05T00:03:44.701911Z
8814c017-c027-4c0a-9efd-55ff59f700c3,run1_rep3,B,OPEN,OPEN,request,CACHE,HIT,0.032791998819448054,0.6127919987193309,INFO,adaptador.request,false,degradado,0.5059579998487607,9321.506576004,9321.507156004,9321.506543212,9321.507081962,CIRCUIT_OPEN,2026-09-05T00:03:44.705179Z
8b1ac1ef-ade9-4be5-9ac3-787f10a05305,run1_rep3,B,OPEN,OPEN,request,CACHE,HIT,0.022165999325807206,0.5214159991737688,INFO,adaptador.request,false,degradado,0.4444170008355286,9321.508836087,9321.509335337,9321.508813921,9321.509280504,CIRCUIT_OPEN,2026-09-05T00:03:44.707352Z
7abdcd10-17b0-4b96-a88f-c6c4433ccdb1,run1_rep3,B,OPEN,OPEN,request,CACHE,HIT,0.04904200068267528,0.8044170008361107,INFO,adaptador.request,false,degradado,0.6636660000367556,9321.668992921,9321.669748296,9321.668943879,9321.669656587,CIRCUIT_OPEN,2026-09-05T00:03:44.867764Z
0d53ab73-803a-4315-ac90-a55df9716718,run1_rep3,B,OPEN,OPEN,request,CACHE,HIT,0.03970900070271455,0.6329999996523838,INFO,adaptador.request,false,degradado,0.5295409991958877,9321.690666046,9321.691259337,9321.690626337,9321.691195587,CIRCUIT_OPEN,2026-09-05T00:03:44.889257Z
08703306-ffa1-4314-a881-b5dbe2badf23,run1_rep3,B,OPEN,OPEN,request,CACHE,HIT,0.03566699888324365,0.6378329999279231,INFO,adaptador.request,false,degradado,0.5174160014576046,9321.753105421,9321.753707587,9321.753069754,9321.753622837,CIRCUIT_OPEN,2026-09-05T00:03:44.951739Z
80e2bdb5-8516-4d13-a432-1f55fa63f42f,run1_rep3,B,OPEN,OPEN,request,CACHE,HIT,0.04995800009055529,1.4584159998776158,INFO,adaptador.request,false,degradado,1.3294169984874316,9321.805474254,9321.806882712,9321.805424296,9321.806803671,CIRCUIT_OPEN,2026-09-05T00:03:45.005146Z
e0a6d7a6-9b83-4d75-873d-5d10b47bc07b,run1_rep3,B,OPEN,OPEN,request,CACHE,HIT,0.018834000002243556,0.981917000899557,INFO,adaptador.request,false,degradado,0.9177080009976635,9321.806178046,9321.807141129,9321.806159212,9321.807095754,CIRCUIT_OPEN,2026-09-05T00:03:45.005436Z
f3f6faac-e54c-47f2-a3e2-254697db7253,run1_rep3,B,OPEN,OPEN,request,CACHE,HIT,0.0279159994533984,0.4152080000494607,INFO,adaptador.request,false,degradado,0.3425840004638303,9321.821066337,9321.821453629,9321.821038421,9321.821408921,CIRCUIT_OPEN,2026-09-05T00:03:45.019436Z
92365ef0-9a88-4aac-ba7a-7aa217b2537b,run1_rep3,B,OPEN,OPEN,request,CACHE,HIT,0.041125000279862434,0.6482919998234138,INFO,adaptador.request,false,degradado,0.5412499995145481,9321.867767879,9321.868375046,9321.867726754,9321.868309129,CIRCUIT_OPEN,2026-09-05T00:03:45.066366Z
8ece006e-56eb-49ea-b423-59a3996dbea7,run1_rep3,B,OPEN,OPEN,request,CACHE,HIT,0.03208399903087411,0.5772919994342374,INFO,adaptador.request,false,degradado,0.47254099990823306,9321.910068046,9321.910613254,9321.910035962,9321.910540587,CIRCUIT_OPEN,2026-09-05T00:03:45.108635Z
2eae8353-db61-4d46-903b-676da50e5b5a,run1_rep3,B,OPEN,OPEN,request,CACHE,HIT,0.024208000468206592,0.47612500020477455,INFO,adaptador.request,false,degradado,0.4112919996259734,9321.956691379,9321.957143296,9321.956667171,9321.957102671,CIRCUIT_OPEN,2026-09-05T00:03:45.155111Z
c59a6b00-86f9-4003-a485-b05fe2f4b732,run1_rep3,B,OPEN,OPEN,request,CACHE,HIT,0.02112500078510493,0.4443340003490448,INFO,adaptador.request,false,degradado,0.3758749990083743,9321.961508962,9321.961932171,9321.961487837,9321.961884837,CIRCUIT_OPEN,2026-09-05T00:03:45.159900Z
1ae2ef15-0d89-47b5-8779-66b9bce5bd30,run1_rep3,B,OPEN,OPEN,request,CACHE,HIT,0.01887500002339948,0.40991700006998144,INFO,adaptador.request,false,degradado,0.3426249986659968,9321.977185629,9321.977576671,9321.977166754,9321.977528254,CIRCUIT_OPEN,2026-09-05T00:03:45.175557Z
771db1e8-dc6c-4085-be9e-0199013d7b7a,run1_rep3,B,OPEN,OPEN,request,CACHE,HIT,0.022707999960402958,0.4656250002881279,INFO,adaptador.request,false,degradado,0.3904999994119862,9322.060653212,9322.061096129,9322.060630504,9322.061043712,CIRCUIT_OPEN,2026-09-05T00:03:45.259100Z
f5702d06-8aeb-4723-9847-4997ef97761e,run1_rep3,B,OPEN,OPEN,request,CACHE,HIT,0.02312499964318704,0.7307500000024447,INFO,adaptador.request,false,degradado,0.6597920000785962,9322.090666879,9322.091374504,9322.090643754,9322.091326671,CIRCUIT_OPEN,2026-09-05T00:03:45.289363Z
d551ab69-7ddf-4707-8d84-860c4d9395b1,run1_rep3,B,OPEN,OPEN,request,CACHE,HIT,0.017500000467407517,0.6556250009452924,INFO,adaptador.request,false,degradado,0.5948750003881287,9322.091260837,9322.091898962,9322.091243337,9322.091855712,CIRCUIT_OPEN,2026-09-05T00:03:45.290117Z
fec64297-0e82-422d-9338-bb387bcad970,run1_rep3,B,OPEN,OPEN,request,CACHE,HIT,0.04445899867278058,0.7486670001526363,INFO,adaptador.request,false,degradado,0.6287910000537522,9322.187786296,9322.188490504,9322.187741837,9322.188415087,CIRCUIT_OPEN,2026-09-05T00:03:45.386497Z
c770a04e-232d-4b08-bfc3-4d3e713dab7e,run1_rep3,B,OPEN,OPEN,request,CACHE,HIT,0.05454200072563253,0.8309170007123612,INFO,adaptador.request,false,degradado,0.6811250004830072,9322.280979838,9322.281756213,9322.280925296,9322.281660963,CIRCUIT_OPEN,2026-09-05T00:03:45.479782Z
3ea73d26-9241-413b-b29d-245106835806,run1_rep3,B,OPEN,OPEN,request,CACHE,HIT,0.04187499871477485,0.6791249998059357,INFO,adaptador.request,false,degradado,0.5526250006369082,9322.312619588,9322.313256838,9322.312577713,9322.313172213,CIRCUIT_OPEN,2026-09-05T00:03:45.511294Z
3e3bf599-47a4-4cfe-8f64-724a492ba0c9,run1_rep3,B,OPEN,OPEN,request,CACHE,HIT,0.06454200047301129,1.0660000007192139,INFO,adaptador.request,false,degradado,0.9185420003632316,9322.363163046,9322.364164504,9322.363098504,9322.364081588,CIRCUIT_OPEN,2026-09-05T00:03:45.562187Z
01de6651-db59-433a-93c4-4386d0791890,run1_rep3,B,OPEN,OPEN,request,CACHE,HIT,0.022542000806424767,0.8106669993139803,INFO,adaptador.request,false,degradado,0.7320829990931088,9322.363943296,9322.364731421,9322.363920754,9322.364675379,CIRCUIT_OPEN,2026-09-05T00:03:45.562918Z
5750558b-37ec-4524-8aa5-204434dd4037,run1_rep3,B,OPEN,OPEN,request,CACHE,HIT,0.042749999920488335,0.6678329991700593,INFO,adaptador.request,false,degradado,0.5448749998322455,9322.461897338,9322.462522421,9322.461854588,9322.462442213,CIRCUIT_OPEN,2026-09-05T00:03:45.660541Z
6db73b8c-35b9-4706-b4fe-310ca87ffd6d,run1_rep3,B,OPEN,OPEN,request,CACHE,HIT,0.05224999949859921,0.9523749995423714,INFO,adaptador.request,false,degradado,0.7632920005562482,9322.559417004,9322.560317129,9322.559364754,9322.560180296,CIRCUIT_OPEN,2026-09-05T00:03:45.758347Z
9b5b8cfd-b7ae-44b4-abea-6c8a2959047e,run1_rep3,B,OPEN,OPEN,request,CACHE,HIT,0.03533299968694337,0.6599580010515638,INFO,adaptador.request,false,degradado,0.549166999917361,9322.572986254,9322.573610879,9322.572950921,9322.573535421,CIRCUIT_OPEN,2026-09-05T00:03:45.771633Z
a2e2d4da-651d-42e8-a71d-405e0c9cda40,run1_rep3,B,OPEN,OPEN,request,CACHE,HIT,0.02325000059499871,0.429457999416627,INFO,adaptador.request,false,degradado,0.3539159988577012,9322.583150213,9322.583556421,9322.583126963,9322.583504129,CIRCUIT_OPEN,2026-09-05T00:03:45.781547Z
2dfa8073-9da0-476e-804e-02036dea16a7,run1_rep3,B,OPEN,OPEN,request,CACHE,HIT,0.03541699879860971,0.684582999383565,INFO,adaptador.request,false,degradado,0.5808750011055963,9322.643831963,9322.644481129,9322.643796546,9322.644412838,CIRCUIT_OPEN,2026-09-05T00:03:45.842498Z
0b780fa6-5339-4b86-a1ed-34388322d5a6,run1_rep3,B,OPEN,OPEN,request,CACHE,HIT,0.05075000080978498,0.8070420008152723,INFO,adaptador.request,false,degradado,0.6593749985768227,9322.725120921,9322.725877213,9322.725070171,9322.725780296,CIRCUIT_OPEN,2026-09-05T00:03:45.923893Z
3c01e11c-3cd5-4d00-9f00-9b28c04193dc,run1_rep3,B,OPEN,OPEN,request,CACHE,HIT,0.01558399890200235,1.1389589999453165,INFO,adaptador.request,false,degradado,1.0824580003827577,9322.763659338,9322.764782713,9322.763643754,9322.764741796,CIRCUIT_OPEN,2026-09-05T00:03:45.962769Z
6ec93169-6dda-4222-afd7-122249eb7dc1,run1_rep3,B,OPEN,OPEN,request,CACHE,HIT,0.0329590002365876,1.3262920001579914,INFO,adaptador.request,false,degradado,1.2360830005491152,9322.763253088,9322.764546421,9322.763220129,9322.764489171,CIRCUIT_OPEN,2026-09-05T00:03:45.963074Z
b8e47629-d269-4712-b705-185a710ae55c,run1_rep3,B,OPEN,OPEN,request,CACHE,HIT,0.020500001483014785,1.742708000165294,INFO,adaptador.request,false,degradado,1.6797499993117526,9322.764103171,9322.765825379,9322.764082671,9322.765782921,CIRCUIT_OPEN,2026-09-05T00:03:45.963816Z
5bbfaf73-f8df-4ffb-ade0-37a5aa565f88,run1_rep3,B,OPEN,OPEN,request,CACHE,HIT,0.03737500082934275,1.0375420006312197,INFO,adaptador.request,false,degradado,0.9204999987559859,9322.811443254,9322.812443421,9322.811405879,9322.812363754,CIRCUIT_OPEN,2026-09-05T00:03:46.010735Z
5f2cdd3d-cff8-4e18-a2cf-e3c2d8d017c4,run1_rep3,B,OPEN,OPEN,request,CACHE,HIT,0.022332998923957348,0.8057079994614469,INFO,adaptador.request,false,degradado,0.72116699993785,9322.811926129,9322.812709504,9322.811903796,9322.812647296,CIRCUIT_OPEN,2026-09-05T00:03:46.011048Z
315627e4-2456-4314-b6fd-87825f04f53b,run1_rep3,B,OPEN,OPEN,request,CACHE,HIT,0.04454099871509243,1.1494159989524633,INFO,adaptador.request,false,degradado,0.9998340010497486,9322.856197254,9322.857302129,9322.856152713,9322.857197088,CIRCUIT_OPEN,2026-09-05T00:03:46.055312Z
f0364ce0-71ff-4afd-a614-83f78ffd7e61,run1_rep3,B,OPEN,OPEN,request,CACHE,HIT,0.05866699939360842,0.9731669997563586,INFO,adaptador.request,false,degradado,0.8007920005184133,9322.937572338,9322.938486838,9322.937513671,9322.93837313,CIRCUIT_OPEN,2026-09-05T00:03:46.136532Z
d93e893d-898f-4e2c-9b6a-8a309a2999cd,run1_rep3,B,OPEN,OPEN,request,CACHE,HIT,0.052457999117905274,0.8434999999735737,INFO,adaptador.request,false,degradado,0.7014999991952209,9322.992960046,9322.993751088,9322.992907588,9322.993661546,CIRCUIT_OPEN,2026-09-05T00:03:46.191764Z
e9bf70a0-8146-4979-b400-d003ee98c7bd,run1_rep3,B,OPEN,OPEN,request,CACHE,HIT,0.03691700112540275,0.5693750008504139,INFO,adaptador.request,false,degradado,0.4713750004157191,9322.999780713,9323.000313171,9322.999743796,9323.000252088,CIRCUIT_OPEN,2026-09-05T00:03:46.198309Z
2ff7769b-cddd-46c0-9a68-582a2744c31a,run1_rep3,B,OPEN,OPEN,request,CACHE,HIT,0.04808300036529545,0.7533749994763639,INFO,adaptador.request,false,degradado,0.6229999999050051,9323.058084713,9323.058790005,9323.05803663,9323.058707713,CIRCUIT_OPEN,2026-09-05T00:03:46.256811Z
69da6897-c322-4bf3-be07-9d9d186f8081,run1_rep3,B,OPEN,OPEN,request,CACHE,HIT,0.037707999581471086,0.6372500010911608,INFO,adaptador.request,false,degradado,0.5259170011413516,9323.069717796,9323.070317338,9323.069680088,9323.070243713,CIRCUIT_OPEN,2026-09-05T00:03:46.268320Z
b92e4dd5-fed1-4040-937d-f8ac0278eac7,run1_rep3,B,OPEN,OPEN,request,CACHE,HIT,0.04720800097857136,0.6655420002061874,INFO,adaptador.request,false,degradado,0.5306249986460898,9323.136281921,9323.136900255,9323.136234713,9323.136812546,CIRCUIT_OPEN,2026-09-05T00:03:46.334942Z
2ce69dcf-c4a4-4cdb-8695-aa2d1ea81da1,run1_rep3,B,OPEN,OPEN,request,CACHE,HIT,0.04666699896915816,0.7440419994964032,INFO,adaptador.request,false,degradado,0.5680829999619164,9323.180362463,9323.181059838,9323.180315796,9323.180930546,CIRCUIT_OPEN,2026-09-05T00:03:46.379091Z
0b9d9b0a-20d9-4c7e-ad19-750c88079fd9,run1_rep3,B,OPEN,OPEN,request,CACHE,HIT,0.03416599975025747,0.5253749986877665,INFO,adaptador.request,false,degradado,0.427167000452755,9323.190250546,9323.190741755,9323.19021638,9323.190677713,CIRCUIT_OPEN,2026-09-05T00:03:46.388754Z
604c4f23-eb2d-4ab7-bab4-acf920a9c2aa,run1_rep3,B,OPEN,OPEN,request,CACHE,HIT,0.038083000617916696,0.726542000847985,INFO,adaptador.request,false,degradado,0.5677919998561265,9323.240623296,9323.241311755,9323.240585213,9323.241191088,CIRCUIT_OPEN,2026-09-05T00:03:46.439390Z
2ff041b6-a25f-43f8-8d4f-8a0aba9c53ea,run1_rep3,B,OPEN,OPEN,request,CACHE,HIT,0.033749998692655936,0.5144169990671799,INFO,adaptador.request,false,degradado,0.4109170004085172,9323.243865338,9323.244346005,9323.243831588,9323.244276255,CIRCUIT_OPEN,2026-09-05T00:03:46.442359Z
659ca415-1198-4f5b-b5de-a0731a392aef,run1_rep3,B,OPEN,OPEN,request,CACHE,HIT,0.034374999813735485,0.6774590001441538,INFO,adaptador.request,false,degradado,0.561500000912929,9323.248919921,9323.249563005,9323.248885546,9323.249481421,CIRCUIT_OPEN,2026-09-05T00:03:46.447586Z
e8a0cffe-b65d-4145-bdb2-111b8e8ca916,run1_rep3,B,OPEN,OPEN,request,CACHE,HIT,0.021042000298621133,0.4603340003086487,INFO,adaptador.request,false,degradado,0.36908299989590887,9323.258687713,9323.259127005,9323.258666671,9323.259056796,CIRCUIT_OPEN,2026-09-05T00:03:46.457151Z
e9b9fef1-6d06-4157-97e3-3099ddc001db,run1_rep3,B,OPEN,OPEN,request,CACHE,HIT,0.0445829991804203,0.7289999994100071,INFO,adaptador.request,false,degradado,0.5920000003243331,9323.341484838,9323.342169255,9323.341440255,9323.342076838,CIRCUIT_OPEN,2026-09-05T00:03:46.540189Z
65480804-353e-4e9e-b85d-0c1ee442582b,run1_rep3,B,OPEN,OPEN,request,CACHE,HIT,0.061333001212915406,0.8106250006676419,INFO,adaptador.request,false,degradado,0.671124998916639,9323.373060046,9323.373809338,9323.372998713,9323.373731171,CIRCUIT_OPEN,2026-09-05T00:03:46.571810Z
5c58f90d-48f7-493d-853d-9ffd39761fcf,run1_rep3,B,OPEN,OPEN,request,CACHE,HIT,0.07191700024122838,0.7344580008066259,INFO,adaptador.request,false,degradado,0.5824580002808943,9323.40003463,9323.400697171,9323.399962713,9323.400617088,CIRCUIT_OPEN,2026-09-05T00:03:46.598713Z
6ea9a66c-1037-4be1-b118-a9906242795a,run1_rep3,B,OPEN,OPEN,request,CACHE,HIT,0.0669999990350334,0.7741669996903511,INFO,adaptador.request,false,degradado,0.6220830000529531,9323.448065338,9323.448772505,9323.447998338,9323.448687421,CIRCUIT_OPEN,2026-09-05T00:03:46.646791Z
44f1c7e3-4c8e-47dc-a898-54e756a1a8ce,run1_rep3,B,OPEN,OPEN,request,CACHE,HIT,0.023042000975692645,0.6930420004209736,INFO,adaptador.request,false,degradado,0.5841249985678587,9323.531600005,9323.532270005,9323.531576963,9323.53218413,CIRCUIT_OPEN,2026-09-05T00:03:46.730544Z
10eb2177-320f-43d1-8989-fb98c320f5f7,run1_rep3,B,OPEN,OPEN,request,CACHE,HIT,0.0440419989899965,1.4995839992479887,INFO,adaptador.request,false,degradado,1.415583001289633,9323.531098213,9323.532553755,9323.531054171,9323.532513796,CIRCUIT_OPEN,2026-09-05T00:03:46.730825Z
697239b5-a2eb-4fa4-b7c9-b652c397f3a1,run1_rep3,B,OPEN,OPEN,request,CACHE,HIT,0.030416998924920335,0.7486249996873084,INFO,adaptador.request,false,degradado,0.6160830016597174,9323.543947088,9323.544665296,9323.543916671,9323.544563171,CIRCUIT_OPEN,2026-09-05T00:03:46.742691Z
c5a703ab-18c5-4f6a-802b-6b3a56b8893d,run1_rep3,B,OPEN,OPEN,request,CACHE,HIT,0.028375001420499757,0.6613330006075557,INFO,adaptador.request,false,degradado,0.5548749995796243,9323.545778838,9323.546411796,9323.545750463,9323.546333713,CIRCUIT_OPEN,2026-09-05T00:03:46.744419Z
fb28ad23-54ba-4b2b-b13b-3453ca245bb4,run1_rep3,B,OPEN,OPEN,request,CACHE,HIT,0.04954200085194316,0.8395830009249039,INFO,adaptador.request,false,degradado,0.6980829984968295,9323.677983547,9323.678773588,9323.677934005,9323.67868163,CIRCUIT_OPEN,2026-09-05T00:03:46.876797Z
9a0c45de-d9bf-42e8-9231-96b23ea91dd0,run1_rep3,B,OPEN,OPEN,request,CACHE,HIT,0.0664589988446096,0.7708749999437714,INFO,adaptador.request,false,degradado,0.607541000135825,9323.709254172,9323.709958588,9323.709187713,9323.709861713,CIRCUIT_OPEN,2026-09-05T00:03:46.908015Z
5046d016-bb44-4b07-99d7-aaf35076de32,run1_rep3,B,OPEN,OPEN,request,CACHE,HIT,0.03420799839659594,0.8684579988766927,INFO,adaptador.request,false,degradado,0.7752920009806985,9323.722362505,9323.723196755,9323.722328297,9323.723137797,CIRCUIT_OPEN,2026-09-05T00:03:46.922078Z
ad3b0a42-a007-43a8-a8a0-5464dd18db32,run1_rep3,B,OPEN,OPEN,request,CACHE,HIT,0.017082998965634033,1.2362500001472654,INFO,adaptador.request,false,degradado,1.097374999517342,9323.722761505,9323.723980672,9323.722744422,9323.72385888,CIRCUIT_OPEN,2026-09-05T00:03:46.922462Z
c025ece5-c07a-44e0-8670-29389cd4a58c,run1_rep3,B,OPEN,OPEN,request,CACHE,HIT,0.035708999348571524,1.7070419999072328,INFO,adaptador.request,false,degradado,1.603583001269726,9323.814236047,9323.81590738,9323.814200338,9323.81583963,CIRCUIT_OPEN,2026-09-05T00:03:47.014639Z
8ae66d2b-0508-4644-bee0-7774a211c781,run1_rep3,B,OPEN,OPEN,request,CACHE,HIT,0.012833999790018424,1.630124999792315,INFO,adaptador.request,false,degradado,1.5633330003765877,9323.814848422,9323.816465713,9323.814835588,9323.816411755,CIRCUIT_OPEN,2026-09-05T00:03:47.015750Z
5808dde7-86c6-4eb5-956e-07ffa7418527,run1_rep3,B,OPEN,OPEN,request,CACHE,HIT,0.018834000002243556,3.2287499998346902,INFO,adaptador.request,false,degradado,3.0703749998792773,9323.814529422,9323.817739338,9323.814510588,9323.817599797,CIRCUIT_OPEN,2026-09-05T00:03:47.016323Z
5da5b5cd-3cec-4561-9929-c29db676d6af,run1_rep3,B,OPEN,OPEN,request,CACHE,HIT,0.01650000012887176,3.0497499992634403,INFO,adaptador.request,false,degradado,2.9996670000400627,9323.81531238,9323.81834563,9323.81529588,9323.818312047,CIRCUIT_OPEN,2026-09-05T00:03:47.016800Z
104d37d4-850e-40d6-9986-ba90cfc5f536,run1_rep3,B,OPEN,OPEN,request,CACHE,HIT,0.026499999876250513,0.5726660001528217,INFO,adaptador.request,false,degradado,0.4803749998245621,9323.858981297,9323.859527463,9323.858954797,9323.859461672,CIRCUIT_OPEN,2026-09-05T00:03:47.057555Z
66bf813e-af49-48f9-90bf-e49a62e9f803,run1_rep3,B,OPEN,OPEN,request,CACHE,HIT,0.04537499989964999,0.8013329988898477,INFO,adaptador.request,false,degradado,0.6649579991062637,9323.869869255,9323.870625213,9323.86982388,9323.870534213,CIRCUIT_OPEN,2026-09-05T00:03:47.068652Z
3094e328-714f-46bb-b112-f24370d5436b,run1_rep3,B,OPEN,OPEN,request,CACHE,HIT,0.026749999960884452,0.44845800039183814,INFO,adaptador.request,false,degradado,0.3655420005088672,9323.89444038,9323.894862088,9323.89441363,9323.894805922,CIRCUIT_OPEN,2026-09-05T00:03:47.092867Z
31606b76-9ca5-42ce-86cd-c1e87f33eeca,run1_rep3,B,OPEN,OPEN,request,CACHE,HIT,0.050708000344457105,0.7311250010388903,INFO,adaptador.request,false,degradado,0.5909579995204695,9323.980177505,9323.980857922,9323.980126797,9323.980768463,CIRCUIT_OPEN,2026-09-05T00:03:47.178866Z
4bc7bf6a-1a29-491a-b910-bb779d9d230a,run1_rep3,B,OPEN,OPEN,request,CACHE,HIT,0.054082998758531176,0.8354579986189492,INFO,adaptador.request,false,degradado,0.6887500003358582,9324.09510438,9324.095885755,9324.095050297,9324.09579313,CIRCUIT_OPEN,2026-09-05T00:03:47.293906Z
6b8b3441-cb7b-4aad-9faf-6c1c5768ba62,run1_rep3,B,OPEN,OPEN,request,CACHE,HIT,0.03300000025774352,0.7726669991825474,INFO,adaptador.request,false,degradado,0.6107499993959209,9324.116748713,9324.11748838,9324.116715713,9324.117359463,CIRCUIT_OPEN,2026-09-05T00:03:47.315510Z
ddb8e27b-b59e-4105-9235-0bcdc87a5557,run1_rep3,B,OPEN,OPEN,request,CACHE,HIT,0.043582998841884546,0.6848749999335269,INFO,adaptador.request,false,degradado,0.5665830012731021,9324.15788913,9324.158530422,9324.157845547,9324.158455713,CIRCUIT_OPEN,2026-09-05T00:03:47.356541Z
f7f54ff3-7621-452a-a512-5a8a6d3eaa48,run1_rep3,B,OPEN,OPEN,request,CACHE,HIT,0.033082998925237916,0.5217910002102144,INFO,adaptador.request,false,degradado,0.43504200039024,9324.168475505,9324.168964213,9324.168442422,9324.168910547,CIRCUIT_OPEN,2026-09-05T00:03:47.366972Z
c3a08c5b-920e-4adc-9c34-4709c79beb95,run1_rep3,B,OPEN,OPEN,request,CACHE,HIT,0.04741600059787743,1.147250000940403,INFO,adaptador.request,false,degradado,1.0167090003960766,9324.220772588,9324.221872422,9324.220725172,9324.221789297,CIRCUIT_OPEN,2026-09-05T00:03:47.419895Z
afb05b23-f59d-41f3-bc3f-41ce617b88e4,run1_rep3,B,OPEN,OPEN,request,CACHE,HIT,0.02033300006587524,1.8707500003074529,INFO,adaptador.request,false,degradado,1.7310420007561333,9324.221681505,9324.223531922,9324.221661172,9324.223412547,CIRCUIT_OPEN,2026-09-05T00:03:47.422150Z
519f290e-1f8c-4bcd-9553-a50654719c53,run1_rep3,B,OPEN,OPEN,request,CACHE,HIT,0.021374999050749466,1.4919999994162936,INFO,adaptador.request,false,degradado,1.4173330000630813,9324.222652547,9324.224123172,9324.222631172,9324.22406988,CIRCUIT_OPEN,2026-09-05T00:03:47.422689Z
fc378272-1e68-496b-8f8e-9ab3a1b53649,run1_rep3,B,OPEN,OPEN,request,CACHE,HIT,0.04041699867229909,0.6552089998876909,INFO,adaptador.request,false,degradado,0.5310000015015248,9324.260790755,9324.261405547,9324.260750338,9324.261321755,CIRCUIT_OPEN,2026-09-05T00:03:47.459419Z
9bef26e3-7a72-40fe-81a5-26999bf0e4e5,run1_rep3,B,OPEN,OPEN,request,CACHE,HIT,0.04891699973086361,0.7757499988656491,INFO,adaptador.request,false,degradado,0.6412080001609866,9324.322826047,9324.32355288,9324.32277713,9324.323467255,CIRCUIT_OPEN,2026-09-05T00:03:47.521580Z
acd5362f-2786-428b-851d-baed6fdd1f8b,run1_rep3,B,OPEN,OPEN,request,CACHE,HIT,0.060999998822808266,0.8070829990174389,INFO,adaptador.request,false,degradado,0.6631250016653212,9324.360197297,9324.36094338,9324.360136297,9324.360860422,CIRCUIT_OPEN,2026-09-05T00:03:47.558971Z
fd678fcd-9a5c-4857-87d3-437cd247b757,run1_rep3,B,OPEN,OPEN,request,CACHE,HIT,0.04920799983665347,1.2585000004037283,INFO,adaptador.request,false,degradado,1.110417000745656,9324.42668588,9324.427895172,9324.426636672,9324.427796297,CIRCUIT_OPEN,2026-09-05T00:03:47.626216Z
2d76d919-ec5c-4c75-aae0-a19cb87f574e,run1_rep3,B,OPEN,OPEN,request,CACHE,HIT,0.02404100087005645,1.0067080002045259,INFO,adaptador.request,false,degradado,0.924459000088973,9324.42721863,9324.428201297,9324.427194589,9324.428143089,CIRCUIT_OPEN,2026-09-05T00:03:47.626499Z
10230f9d-5a05-48f1-8656-fc0fcf49844d,run1_rep3,B,OPEN,OPEN,request,CACHE,HIT,0.031958001272869296,0.7026250004855683,INFO,adaptador.request,false,degradado,0.6076669997128192,9324.43473063,9324.435401297,9324.434698672,9324.435338297,CIRCUIT_OPEN,2026-09-05T00:03:47.633399Z
278d505e-4997-476f-9d89-ea8ca7e166fc,run1_rep3,B,OPEN,OPEN,request,CACHE,HIT,0.021750000087195076,0.4774590015586,INFO,adaptador.request,false,degradado,0.39612500040675513,9324.44396313,9324.444418839,9324.44394138,9324.444359255,CIRCUIT_OPEN,2026-09-05T00:03:47.642434Z
bd7e68e6-a8e1-4e5a-901b-e7f75b51fa26,run1_rep3,B,OPEN,OPEN,request,CACHE,HIT,0.03787499917962123,0.9250000002793968,INFO,adaptador.request,false,degradado,0.8199170006264467,9324.49409413,9324.494981255,9324.494056255,9324.494914047,CIRCUIT_OPEN,2026-09-05T00:03:47.693022Z
38dc77d2-3621-4236-ba89-41bb67a67672,run1_rep3,B,OPEN,OPEN,request,CACHE,HIT,0.03287499930593185,0.8207499995478429,INFO,adaptador.request,false,degradado,0.7414579995383974,9324.494835672,9324.495623547,9324.494802797,9324.49557713,CIRCUIT_OPEN,2026-09-05T00:03:47.693615Z
32425d35-0dd4-44ae-af74-16423132dae3,run1_rep3,B,OPEN,OPEN,request,CACHE,HIT,0.04616700061887968,0.730166999346693,INFO,adaptador.request,false,degradado,0.6039159998181276,9324.536134464,9324.536818464,9324.536088297,9324.53673838,CIRCUIT_OPEN,2026-09-05T00:03:47.734826Z
f426e1c6-b5f2-4e84-9f08-a19c13173dca,run1_rep3,B,OPEN,OPEN,request,CACHE,HIT,0.05229199996392708,0.8277500000986038,INFO,adaptador.request,false,degradado,0.6777909984521102,9324.602683839,9324.603459297,9324.602631547,9324.60336163,CIRCUIT_OPEN,2026-09-05T00:03:47.801499Z
648400bb-3bde-40c3-8984-61830cc4fa79,run1_rep3,B,OPEN,OPEN,request,CACHE,HIT,0.03858399941236712,0.7364169996435521,INFO,adaptador.request,false,degradado,0.5904160007048631,9324.626340714,9324.627038547,9324.62630213,9324.62693113,CIRCUIT_OPEN,2026-09-05T00:03:47.825041Z
d6f408b6-fe13-4f58-9b9f-2a2f9a5f86e7,run1_rep3,B,OPEN,OPEN,request,CACHE,HIT,0.031584000680595636,0.5910840009164531,INFO,adaptador.request,false,degradado,0.4866250001214212,9324.681360839,9324.681920339,9324.681329255,9324.681847464,CIRCUIT_OPEN,2026-09-05T00:03:47.879957Z
03bffb9f-6839-4130-bdcd-f8d66019dba6,run1_rep3,B,OPEN,OPEN,request,CACHE,HIT,0.031166999178822152,0.5584169994108379,INFO,adaptador.request,false,degradado,0.4704160000983393,9324.696894214,9324.697421464,9324.696863047,9324.69736463,CIRCUIT_OPEN,2026-09-05T00:03:47.895421Z
a5f4c436-ac36-4594-adf3-4f681e484677,run1_rep3,B,OPEN,OPEN,request,CACHE,HIT,0.031583000236423686,0.571165999645018,INFO,adaptador.request,false,degradado,0.4766669990203809,9324.716914422,9324.717454005,9324.716882839,9324.717391089,CIRCUIT_OPEN,2026-09-05T00:03:47.915459Z
1a89d970-ec27-4758-8610-2b651939da47,run1_rep3,B,OPEN,OPEN,request,CACHE,HIT,0.028374999601510353,0.6922920001670718,INFO,adaptador.request,false,degradado,0.525583000126062,9324.727628797,9324.728292714,9324.727600422,9324.72815438,CIRCUIT_OPEN,2026-09-05T00:03:47.926317Z
22d73ba6-b508-4f55-9130-3737ef784251,run1_rep3,B,OPEN,OPEN,request,CACHE,HIT,0.037957999666105025,0.5689999998139683,INFO,adaptador.request,false,degradado,0.45641699944098946,9324.74244688,9324.742977922,9324.742408922,9324.742903297,CIRCUIT_OPEN,2026-09-05T00:03:47.941014Z
6a188845-611e-4494-a0b6-816c923a8318,run1_rep3,B,OPEN,OPEN,request,CACHE,HIT,0.03895800000464078,0.6750829998054542,INFO,adaptador.request,false,degradado,0.5171249995328253,9324.779419422,9324.780055547,9324.779380464,9324.779936547,CIRCUIT_OPEN,2026-09-05T00:03:47.978075Z
698f7e9b-a39d-4969-a0a9-948388c59568,run1_rep3,B,OPEN,OPEN,request,CACHE,HIT,0.04470800013223197,0.6522500007122289,INFO,adaptador.request,false,degradado,0.525542000104906,9324.809104672,9324.809712214,9324.809059964,9324.809630214,CIRCUIT_OPEN,2026-09-05T00:03:48.007748Z
2ec9a559-8f64-482f-a927-1acc0a2c6ac1,run1_rep3,B,OPEN,OPEN,request,CACHE,HIT,0.06362500062095933,1.0797909999382682,INFO,adaptador.request,false,degradado,0.8990000005724141,9324.907641214,9324.90865738,9324.907577589,9324.908540214,CIRCUIT_OPEN,2026-09-05T00:03:48.106690Z
6ff0e74a-7de8-4105-b8ef-95c81d49b969,run1_rep3,B,OPEN,OPEN,request,CACHE,HIT,0.023165999664342962,0.4690000005211914,INFO,adaptador.request,false,degradado,0.3652499999589054,9324.91124138,9324.911687214,9324.911218214,9324.91160663,CIRCUIT_OPEN,2026-09-05T00:03:48.109709Z
4429740d-41f0-413f-a136-be8458df9a1d,run1_rep3,B,OPEN,OPEN,request,CACHE,HIT,0.04374999844003469,1.1775839993788395,INFO,adaptador.request,false,degradado,1.0469590015418362,9324.946684755,9324.947818589,9324.946641005,9324.947731714,CIRCUIT_OPEN,2026-09-05T00:03:48.145840Z
bd905439-8392-4659-a25f-4c0d59266a2d,run1_rep3,B,OPEN,OPEN,request,CACHE,HIT,0.04504100070334971,1.0128330013685627,INFO,adaptador.request,false,degradado,0.8705840009497479,9324.98360788,9324.984575672,9324.983562839,9324.984478464,CIRCUIT_OPEN,2026-09-05T00:03:48.182604Z
f28ab39f-1421-4b9e-a60f-41912cc94ec8,run1_rep3,B,OPEN,OPEN,request,CACHE,HIT,0.05770799907622859,1.333082998826285,INFO,adaptador.request,false,degradado,1.1882079998031259,9325.069133714,9325.070409089,9325.069076006,9325.070321922,CIRCUIT_OPEN,2026-09-05T00:03:48.269153Z
00c45d33-2bd0-41a9-8f5d-5e6ea26585b5,run1_rep3,B,OPEN,OPEN,request,CACHE,HIT,0.026583998987916857,1.4135419987724163,INFO,adaptador.request,false,degradado,1.3357500010897638,9325.069723006,9325.071109964,9325.069696422,9325.071058756,CIRCUIT_OPEN,2026-09-05T00:03:48.269527Z
f708c04f-abdb-45e5-afa0-0dc3dbd74410,run1_rep3,B,OPEN,OPEN,request,CACHE,HIT,0.020666000636992976,1.1005409996869275,INFO,adaptador.request,false,degradado,0.9973750002245652,9325.070964172,9325.072044047,9325.070943506,9325.071961547,CIRCUIT_OPEN,2026-09-05T00:03:48.270413Z
3ecee9f7-5a22-4727-a614-1fbd2d67e2aa,run1_rep3,B,OPEN,OPEN,request,CACHE,HIT,0.028375001420499757,0.6414170002244646,INFO,adaptador.request,false,degradado,0.5264169994916301,9325.076528297,9325.077141339,9325.076499922,9325.077054714,CIRCUIT_OPEN,2026-09-05T00:03:48.275166Z
51d9ef58-d20c-435c-9c22-a8ab6ac2bf14,run1_rep3,B,OPEN,OPEN,request,CACHE,HIT,0.047416999223059975,0.7668339985684725,INFO,adaptador.request,false,degradado,0.6255000007513445,9325.135268839,9325.135988256,9325.135221422,9325.135894339,CIRCUIT_OPEN,2026-09-05T00:03:48.334075Z
cccb74ee-31b1-428a-b345-b88cc09aa0dd,run1_rep3,B,OPEN,OPEN,request,CACHE,HIT,0.049250000301981345,0.7531249993917299,INFO,adaptador.request,false,degradado,0.6258749999688007,9325.168579047,9325.169282922,9325.168529797,9325.169204922,CIRCUIT_OPEN,2026-09-05T00:03:48.367296Z
4e256125-dd27-4462-adfd-d2f512764a74,run1_rep3,B,OPEN,OPEN,request,CACHE,HIT,0.05058300121163484,0.7927910010039341,INFO,adaptador.request,false,degradado,0.6444579994422384,9325.227807339,9325.228549547,9325.227756756,9325.228451797,CIRCUIT_OPEN,2026-09-05T00:03:48.426583Z
ba10ea6f-de84-42da-9641-55a7d45de5a9,run1_rep3,B,OPEN,OPEN,request,CACHE,HIT,0.03950000063923653,1.0419999998703133,INFO,adaptador.request,false,degradado,0.9223329998349072,9325.253881381,9325.254883881,9325.253841881,9325.254803714,CIRCUIT_OPEN,2026-09-05T00:03:48.452894Z
32c5dd60-4a43-47ec-a3f9-92bd91838827,run1_rep3,B,OPEN,OPEN,request,CACHE,HIT,0.03233399911550805,0.839292000819114,INFO,adaptador.request,false,degradado,0.7423750012094388,9325.269598881,9325.270405839,9325.269566547,9325.270341256,CIRCUIT_OPEN,2026-09-05T00:03:48.468422Z
bb349f0f-d88b-4e5c-9175-c67bdbe6fc6f,run1_rep3,B,OPEN,OPEN,request,CACHE,HIT,0.028041999030392617,0.9834590000536991,INFO,adaptador.request,false,degradado,0.8923750010580989,9325.270237214,9325.271192631,9325.270209172,9325.271129589,CIRCUIT_OPEN,2026-09-05T00:03:48.469387Z
9938dc0e-6232-4749-b655-c1aab7d249e6,run1_rep3,B,OPEN,OPEN,request,CACHE,HIT,0.03841599937004503,0.6522499988932395,INFO,adaptador.request,false,degradado,0.5421670011855895,9325.295724172,9325.296338006,9325.295685756,9325.296266339,CIRCUIT_OPEN,2026-09-05T00:03:48.494340Z
c5f96d6c-6c9a-4452-8b8a-c36e716ae3a3,run1_rep3,B,OPEN,OPEN,request,CACHE,HIT,0.041916000554920174,0.6725830007781042,INFO,adaptador.request,false,degradado,0.5476249989442294,9325.323057047,9325.323687714,9325.323015131,9325.323604672,CIRCUIT_OPEN,2026-09-05T00:03:48.521708Z
d1c036e4-e75c-4682-9217-dc8fc591053e,run1_rep3,B,OPEN,OPEN,request,CACHE,HIT,0.05333300032361876,0.5799999998998828,INFO,adaptador.request,false,degradado,0.45654200039280113,9325.339047214,9325.339573881,9325.338993881,9325.339503756,CIRCUIT_OPEN,2026-09-05T00:03:48.537592Z
7414c46e-80e0-4d1d-b2ec-be9a82ecf0cf,run1_rep3,B,OPEN,OPEN,request,CACHE,HIT,0.05545800013351254,0.7880409993958892,INFO,adaptador.request,false,degradado,0.6397079996531829,9325.380669964,9325.381402547,9325.380614506,9325.381309672,CIRCUIT_OPEN,2026-09-05T00:03:48.579424Z
edce7f18-db0a-417c-8fbf-8f9f9dd17502,run1_rep3,B,OPEN,OPEN,request,CACHE,HIT,0.04562499998428393,0.6410000005416805,INFO,adaptador.request,false,degradado,0.5220000002736924,9325.403769089,9325.404364464,9325.403723464,9325.404291089,CIRCUIT_OPEN,2026-09-05T00:03:48.602378Z
90b33db4-9f02-4588-9d4a-97f51890e3be,run1_rep3,B,OPEN,OPEN,request,CACHE,HIT,0.03420799839659594,0.6004999995639082,INFO,adaptador.request,false,degradado,0.4890000000159489,9325.445792714,9325.446359006,9325.445758506,9325.446281714,CIRCUIT_OPEN,2026-09-05T00:03:48.644381Z
bc7ca95b-c6f6-4ba0-8662-046b8fc511de,run1_rep3,B,OPEN,OPEN,request,CACHE,HIT,0.03933300104108639,0.6150830013211817,INFO,adaptador.request,false,degradado,0.48087499999383,9325.466109589,9325.466685339,9325.466070256,9325.466590464,CIRCUIT_OPEN,2026-09-05T00:03:48.664715Z
85943cd4-7e14-4a75-8faa-8b584c68eb9c,run1_rep3,B,OPEN,OPEN,request,CACHE,HIT,0.034624999898369424,0.6115409996709786,INFO,adaptador.request,false,degradado,0.5007910003769211,9325.490677631,9325.491254547,9325.490643006,9325.491178422,CIRCUIT_OPEN,2026-09-05T00:03:48.689281Z
8b8dea37-9df8-4021-8c95-afa92be10794,run1_rep3,B,OPEN,OPEN,request,CACHE,HIT,0.030666999009554274,0.5731669989472721,INFO,adaptador.request,false,degradado,0.47412499952770304,9325.507682631,9325.508225131,9325.507651964,9325.508156756,CIRCUIT_OPEN,2026-09-05T00:03:48.706243Z
4fb8e14b-7779-48ba-9bd7-3fa37006ef25,run1_rep3,B,OPEN,OPEN,request,CACHE,HIT,0.02499999936844688,0.5723750000470318,INFO,adaptador.request,false,degradado,0.4510830003709998,9325.512878131,9325.513425506,9325.512853131,9325.513329214,CIRCUIT_OPEN,2026-09-05T00:03:48.711464Z
6a04d4bb-5143-4a23-89d5-56cdc5b448d6,run1_rep3,B,OPEN,OPEN,request,CACHE,HIT,0.04787499892699998,1.2132499996369006,INFO,adaptador.request,false,degradado,1.059666999935871,9325.578937047,9325.580102422,9325.578889172,9325.579996714,CIRCUIT_OPEN,2026-09-05T00:03:48.778416Z
a169afda-ada9-4dbe-ac60-cb890ff8a2f5,run1_rep3,B,OPEN,OPEN,request,CACHE,HIT,0.022582999008591287,0.9366249996674014,INFO,adaptador.request,false,degradado,0.8562500006519258,9325.579485047,9325.580399089,9325.579462464,9325.580341297,CIRCUIT_OPEN,2026-09-05T00:03:48.778720Z
7a6eb5f3-2b3a-4602-9a09-8b8c81ca229e,run1_rep3,B,OPEN,OPEN,request,CACHE,HIT,0.049500000386615284,0.9212909990310436,INFO,adaptador.request,false,degradado,0.767249999626074,9325.652509506,9325.653381297,9325.652460006,9325.653276756,CIRCUIT_OPEN,2026-09-05T00:03:48.851416Z
20cbd58f-e1d3-4ff9-a7a0-fab58d3300b7,run1_rep3,B,OPEN,OPEN,request,CACHE,HIT,0.03945900061808061,0.6887920008011861,INFO,adaptador.request,false,degradado,0.5404999992606463,9325.696442631,9325.697091964,9325.696403172,9325.696983131,CIRCUIT_OPEN,2026-09-05T00:03:48.895114Z
293320b6-964a-48df-826a-fb8afc6cdaed,run1_rep3,B,OPEN,OPEN,request,CACHE,HIT,0.03058299989788793,0.5034999994677491,INFO,adaptador.request,false,degradado,0.4126250005356269,9325.703450756,9325.703923673,9325.703420173,9325.703863381,CIRCUIT_OPEN,2026-09-05T00:03:48.901940Z
07b16a04-9407-42c3-bca1-29ec31e14e67,run1_rep3,B,OPEN,OPEN,request,CACHE,HIT,0.032124999052030034,0.5718749998777639,INFO,adaptador.request,false,degradado,0.4730830005428288,9325.731246173,9325.731785923,9325.731214048,9325.731719256,CIRCUIT_OPEN,2026-09-05T00:03:48.929794Z
6e604d34-81fb-4f8c-afcc-bedf4da92c98,run1_rep3,B,OPEN,OPEN,request,CACHE,HIT,0.0407090010412503,0.7052920009300578,INFO,adaptador.request,false,degradado,0.5606659997283714,9325.747371923,9325.748036506,9325.747331214,9325.747932589,CIRCUIT_OPEN,2026-09-05T00:03:48.946063Z
92ba9f86-2586-4c2c-a69f-c550d6724401,run1_rep3,B,OPEN,OPEN,request,CACHE,HIT,0.035791001209872775,0.5361250005080365,INFO,adaptador.request,false,degradado,0.43470899981912225,9325.779101714,9325.779602048,9325.779065923,9325.779536423,CIRCUIT_OPEN,2026-09-05T00:03:48.977614Z
27a1367d-95e9-4790-b33c-aca9c0d921a4,run1_rep3,B,OPEN,OPEN,request,CACHE,HIT,0.04179200004728045,0.9095419991353992,INFO,adaptador.request,false,degradado,0.7995409996510716,9325.805376423,9325.806244173,9325.805334631,9325.806175964,CIRCUIT_OPEN,2026-09-05T00:03:49.004263Z
0951f8c2-df8f-4aa6-838c-234485be09b5,run1_rep3,B,OPEN,OPEN,request,CACHE,HIT,0.022625001292908564,0.7846250009606592,INFO,adaptador.request,false,degradado,0.701916998878005,9325.806075131,9325.806837131,9325.806052506,9325.806777048,CIRCUIT_OPEN,2026-09-05T00:03:49.005140Z
1fcf8b38-7c33-405d-88b6-a3a2122cf22c,run1_rep3,B,OPEN,OPEN,request,CACHE,HIT,0.0335000004270114,0.6750000011379598,INFO,adaptador.request,false,degradado,0.5262920003588079,9325.926407006,9325.927048506,9325.926373506,9325.926933298,CIRCUIT_OPEN,2026-09-05T00:03:49.125080Z
46cf5368-bddb-48f9-95f8-3c81470dba7a,run1_rep3,B,OPEN,OPEN,request,CACHE,HIT,0.048874999265535735,0.9019579993037041,INFO,adaptador.request,false,degradado,0.7674160005990416,9326.003361423,9326.004214506,9326.003312548,9326.004128839,CIRCUIT_OPEN,2026-09-05T00:03:49.202235Z
319a99b8-bfe4-4f5d-a39a-eeba6793a3d5,run1_rep3,B,OPEN,OPEN,request,CACHE,HIT,0.02470800063747447,1.2312079998082481,INFO,adaptador.request,false,degradado,1.1660839991236571,9326.004058589,9326.005265089,9326.004033881,9326.005224673,CIRCUIT_OPEN,2026-09-05T00:03:49.203943Z
714c5d62-5f31-4d5a-b166-1bdc710c8780,run1_rep3,B,OPEN,OPEN,request,CACHE,HIT,0.016666999727021903,0.9429590008949162,INFO,adaptador.request,false,degradado,0.8835000007820781,9326.004732631,9326.005658923,9326.004715964,9326.005616131,CIRCUIT_OPEN,2026-09-05T00:03:49.204381Z
03fd5f88-f4e8-44a9-abba-4bf5099709b9,run1_rep3,B,OPEN,OPEN,request,CACHE,HIT,0.02670800131454598,0.7888750005804468,INFO,adaptador.request,false,degradado,0.6946249995962717,9326.010758214,9326.011520381,9326.010731506,9326.011452839,CIRCUIT_OPEN,2026-09-05T00:03:49.209542Z
4e16e07b-38d9-4a4d-9aa2-c627f3ca4e63,run1_rep3,B,OPEN,OPEN,request,CACHE,HIT,0.019375000192667358,0.952083000811399,INFO,adaptador.request,false,degradado,0.8782909990259213,9326.011358173,9326.012290881,9326.011338798,9326.012236464,CIRCUIT_OPEN,2026-09-05T00:03:49.210467Z
d29edd12-ad69-46f1-8e47-ecc1b7725bf2,run1_rep3,B,OPEN,OPEN,request,CACHE,HIT,0.04620800064003561,0.727708000340499,INFO,adaptador.request,false,degradado,0.5890829997952096,9326.122520381,9326.123201881,9326.122474173,9326.123109464,CIRCUIT_OPEN,2026-09-05T00:03:49.321220Z
5971615f-1733-4bdb-8d05-4ca1d1d1ba73,run1_rep3,B,OPEN,OPEN,request,CACHE,HIT,0.035167000532965176,0.6815420001657913,INFO,adaptador.request,false,degradado,0.5737499996030238,9326.132890256,9326.133536631,9326.132855089,9326.133464006,CIRCUIT_OPEN,2026-09-05T00:03:49.331551Z
a58bb309-b059-4352-a1ff-20f0bd9cc6dc,run1_rep3,B,OPEN,OPEN,request,CACHE,HIT,0.04945799992128741,1.1888749995705439,INFO,adaptador.request,false,degradado,1.052249999702326,9326.190750381,9326.191889798,9326.190700923,9326.191802631,CIRCUIT_OPEN,2026-09-05T00:03:49.389909Z
9e770d4d-eab9-46cf-aad9-de134849ff7c,run1_rep3,B,OPEN,OPEN,request,CACHE,HIT,0.04099999932805076,0.8768329989834456,INFO,adaptador.request,false,degradado,0.7673750005778857,9326.212588798,9326.213424631,9326.212547798,9326.213356173,CIRCUIT_OPEN,2026-09-05T00:03:49.411436Z
38ee5ba5-90ce-4eb3-b199-3f1684dfc14f,run1_rep3,B,OPEN,OPEN,request,CACHE,HIT,0.018708999050431885,0.7179999993240926,INFO,adaptador.request,false,degradado,0.6443330003094161,9326.213295798,9326.213995089,9326.213277089,9326.213940131,CIRCUIT_OPEN,2026-09-05T00:03:49.412176Z
47d8030a-98bc-4e2f-810e-1ee82aea23f8,run1_rep3,B,OPEN,OPEN,request,CACHE,HIT,0.05120800051372498,0.7053750014165416,INFO,adaptador.request,false,degradado,0.5758330007665791,9326.272201381,9326.272855548,9326.272150173,9326.272777214,CIRCUIT_OPEN,2026-09-05T00:03:49.470867Z
33b5b8bb-86c2-46df-a416-a950e212d283,run1_rep3,B,OPEN,OPEN,request,CACHE,HIT,0.027791998945758678,0.9521669999230653,INFO,adaptador.request,false,degradado,0.8554169999115402,9326.279238381,9326.280162756,9326.279210589,9326.280093798,CIRCUIT_OPEN,2026-09-05T00:03:49.478392Z
4eef64a2-c716-4a23-a14a-58e0f1e8a9ea,run1_rep3,B,OPEN,OPEN,request,CACHE,HIT,0.015499999790336005,0.8076670001173625,INFO,adaptador.request,false,degradado,0.7553750001534354,9326.279606339,9326.280398506,9326.279590839,9326.280361714,CIRCUIT_OPEN,2026-09-05T00:03:49.478638Z
df9206b0-c04c-4b66-a210-0efba1d4d25b,run1_rep3,B,OPEN,OPEN,request,CACHE,HIT,0.052999999752501026,0.862917000631569,INFO,adaptador.request,false,degradado,0.7060419993649703,9326.351377964,9326.352187881,9326.351324964,9326.352084006,CIRCUIT_OPEN,2026-09-05T00:03:49.550217Z
193c94ef-96f5-4f59-8138-20d64a90c60f,run1_rep3,B,OPEN,OPEN,request,CACHE,HIT,0.058874999012914486,0.8217079994210508,INFO,adaptador.request,false,degradado,0.6713750008202624,9326.368413548,9326.369176381,9326.368354673,9326.369084923,CIRCUIT_OPEN,2026-09-05T00:03:49.567197Z
5c87d8b9-1614-42ea-b7c1-4e28979c2025,run1_rep3,B,OPEN,OPEN,request,CACHE,HIT,0.04870799966738559,0.5405829997471301,INFO,adaptador.request,false,degradado,0.42704199950094335,9326.374044839,9326.374536714,9326.373996131,9326.374471881,CIRCUIT_OPEN,2026-09-05T00:03:49.572542Z
bc1b0e06-b1e4-4577-8758-088d4271d374,run1_rep3,B,OPEN,OPEN,request,CACHE,HIT,0.05158299973118119,1.3391669999691658,INFO,adaptador.request,false,degradado,1.1981669995293487,9326.473411756,9326.47469934,9326.473360173,9326.474609923,CIRCUIT_OPEN,2026-09-05T00:03:49.672730Z
afbfc6ed-c66a-4afc-9334-24376014bb42,run1_rep3,B,OPEN,OPEN,request,CACHE,HIT,0.029167000320740044,1.4296250010374933,INFO,adaptador.request,false,degradado,1.3335000003280584,9326.47451959,9326.475920048,9326.474490423,9326.47585309,CIRCUIT_OPEN,2026-09-05T00:03:49.674660Z
67ff35ee-f8b8-460a-a22a-6a2552bd765a,run1_rep3,B,OPEN,OPEN,request,CACHE,HIT,0.02049999966402538,0.9937920003721956,INFO,adaptador.request,false,degradado,0.9135420004895423,9326.475598506,9326.476571798,9326.475578006,9326.476512048,CIRCUIT_OPEN,2026-09-05T00:03:49.675136Z
2b2eb1ab-b677-454a-b294-77914e23dcdf,run1_rep3,B,OPEN,OPEN,request,CACHE,HIT,0.04879100015386939,0.7452910012943903,INFO,adaptador.request,false,degradado,0.5898750005144393,9326.525344381,9326.526040881,9326.52529559,9326.525934256,CIRCUIT_OPEN,2026-09-05T00:03:49.724063Z
8571d0f2-a428-4c0f-96a0-2cba6c5794a1,run1_rep3,B,OPEN,OPEN,request,CACHE,HIT,0.040875000195228495,0.6271670008572983,INFO,adaptador.request,false,degradado,0.49745800060918555,9326.545339798,9326.54592609,9326.545298923,9326.545837256,CIRCUIT_OPEN,2026-09-05T00:03:49.743962Z
3d23c0ac-440f-4f0e-9c02-47cbec976f47,run1_rep3,B,OPEN,OPEN,request,CACHE,HIT,0.029625000024680048,0.9917500010487856,INFO,adaptador.request,false,degradado,0.8906660004868172,9326.57418484,9326.575146965,9326.574155215,9326.575075506,CIRCUIT_OPEN,2026-09-05T00:03:49.773430Z
366719f8-0b64-4ee8-8d1a-c685f2083a42,run1_rep3,B,OPEN,OPEN,request,CACHE,HIT,0.016416001017205417,0.8211660006054444,INFO,adaptador.request,false,degradado,0.7618750005349284,9326.574609506,9326.575414256,9326.57459309,9326.575371381,CIRCUIT_OPEN,2026-09-05T00:03:49.773686Z
7035ebae-d31d-4a02-923e-abdea67e7662,run1_rep3,B,OPEN,OPEN,request,CACHE,HIT,0.04829200042877346,1.1633329995675012,INFO,adaptador.request,false,degradado,1.0395409990451299,9326.69314384,9326.694258881,9326.693095548,9326.694183381,CIRCUIT_OPEN,2026-09-05T00:03:49.892497Z
110d6c45-902a-43e0-8079-872f143649c4,run1_rep3,B,OPEN,OPEN,request,CACHE,HIT,0.019999999494757503,0.6854169987491332,INFO,adaptador.request,false,degradado,0.6266250002227025,9326.693840131,9326.694505548,9326.693820131,9326.694466756,CIRCUIT_OPEN,2026-09-05T00:03:49.892767Z
7e47db65-406d-404e-aced-c18b09f645a1,run1_rep3,B,OPEN,OPEN,request,CACHE,HIT,0.02304199915670324,0.4202919990348164,INFO,adaptador.request,false,degradado,0.3422919999138685,9326.703578048,9326.703975298,9326.703555006,9326.70392034,CIRCUIT_OPEN,2026-09-05T00:03:49.901978Z
29a1861b-b6f4-4180-b7c2-88464f5409f3,run1_rep3,B,OPEN,OPEN,request,CACHE,HIT,0.05225000131758861,0.7684160009375773,INFO,adaptador.request,false,degradado,0.6334999998216517,9326.78717834,9326.787894506,9326.78712609,9326.78781184,CIRCUIT_OPEN,2026-09-05T00:03:49.985901Z
186bce9d-6483-4491-bdef-b300e31ca9f2,run1_rep3,B,OPEN,OPEN,request,CACHE,HIT,0.05020800017518923,0.6726249994244426,INFO,adaptador.request,false,degradado,0.522833001014078,9326.827403423,9326.82802584,9326.827353215,9326.827926256,CIRCUIT_OPEN,2026-09-05T00:03:50.026033Z
50f39ca7-4f17-4f26-bf71-721bbf01310e,run1_rep3,B,OPEN,OPEN,request,CACHE,HIT,0.023749998945277184,0.4242079994583037,INFO,adaptador.request,false,degradado,0.35291600033815484,9326.837393965,9326.837794423,9326.837370215,9326.837746881,CIRCUIT_OPEN,2026-09-05T00:03:50.035784Z
32fc0234-9666-4c2a-a678-a6025757a852,run1_rep3,B,OPEN,OPEN,request,CACHE,HIT,0.022792000891058706,0.38733399924240075,INFO,adaptador.request,false,degradado,0.31645799936086405,9326.840221173,9326.840585715,9326.840198381,9326.840537631,CIRCUIT_OPEN,2026-09-05T00:03:50.038573Z
a33a9463-a532-4153-8eec-1fc75f3d307c,run1_rep3,B,OPEN,OPEN,request,CACHE,HIT,0.04116600030101836,1.2582079998537665,INFO,adaptador.request,false,degradado,1.1367919996700948,9326.901404381,9326.902621423,9326.901363215,9326.902541173,CIRCUIT_OPEN,2026-09-05T00:03:50.100909Z
3714e0d4-7016-445a-8cd5-aebedb4d445d,run1_rep3,B,OPEN,OPEN,request,CACHE,HIT,0.03320800169603899,0.9425000007468043,INFO,adaptador.request,false,degradado,0.8432089998677839,9326.901989006,9326.902898298,9326.901955798,9326.902832215,CIRCUIT_OPEN,2026-09-05T00:03:50.101188Z
07315a60-7430-4a3a-917e-59b42965e83c,run1_rep3,B,OPEN,OPEN,request,CACHE,HIT,0.03508300142129883,0.6878750009491341,INFO,adaptador.request,false,degradado,0.5755839993071277,9326.949696756,9326.950349548,9326.949661673,9326.95027234,CIRCUIT_OPEN,2026-09-05T00:03:50.148370Z
88a97323-6aad-42e1-849c-f3838ece2fd5,run1_rep3,B,OPEN,OPEN,request,CACHE,HIT,0.03241699960199185,0.6078339993109694,INFO,adaptador.request,false,degradado,0.48150000111490954,9326.965499048,9326.966074465,9326.965466631,9326.965980548,CIRCUIT_OPEN,2026-09-05T00:03:50.164092Z
0752485d-4cdf-4261-989a-02c870552b31,run1_rep3,B,OPEN,OPEN,request,CACHE,HIT,0.05104199954075739,0.9341250006400514,INFO,adaptador.request,false,degradado,0.8049580010265345,9327.088903798,9327.089786881,9327.088852756,9327.089708756,CIRCUIT_OPEN,2026-09-05T00:03:50.287797Z
9c8b9199-f6cb-4b27-bda3-0b2850115d61,run1_rep3,B,OPEN,OPEN,request,CACHE,HIT,0.02350000067963265,0.9560840007907245,INFO,adaptador.request,false,degradado,0.8796250003797468,9327.089660881,9327.090593465,9327.089637381,9327.090540506,CIRCUIT_OPEN,2026-09-05T00:03:50.288593Z
ce9f0d7b-e823-4b46-9935-23ef2c3a6d5c,run1_rep3,B,OPEN,OPEN,request,CACHE,HIT,0.05200000123295467,0.561042001208989,INFO,adaptador.request,false,degradado,0.44999999954598024,9327.112029673,9327.112538715,9327.111977673,9327.112479673,CIRCUIT_OPEN,2026-09-05T00:03:50.310529Z
db36fca9-3e2d-4ee9-b0d3-0ff3c0bd2792,run1_rep3,B,OPEN,OPEN,request,CACHE,HIT,0.033291000363533385,1.036499999827356,INFO,adaptador.request,false,degradado,0.9204170000884915,9327.127627923,9327.128631132,9327.127594632,9327.12854834,CIRCUIT_OPEN,2026-09-05T00:03:50.326659Z
204ff3a2-704a-431f-9056-f2a35d8fc3ee,run1_rep3,B,OPEN,OPEN,request,CACHE,HIT,0.020292000044719316,0.9773340007086517,INFO,adaptador.request,false,degradado,0.8886249997885898,9327.128451965,9327.129409007,9327.128431673,9327.12934059,CIRCUIT_OPEN,2026-09-05T00:03:50.327618Z
d576083d-d2ca-4a7b-a2ba-4126975a3ad9,run1_rep3,B,OPEN,OPEN,request,CACHE,HIT,0.037165998946875334,0.6332079992716899,INFO,adaptador.request,false,degradado,0.536750001629116,9327.179896048,9327.18049209,9327.179858882,9327.180432798,CIRCUIT_OPEN,2026-09-05T00:03:50.378490Z
b990503a-e78a-48c7-a881-af730dbbf4eb,run1_rep3,B,OPEN,OPEN,request,CACHE,HIT,0.031583000236423686,0.588916998822242,INFO,adaptador.request,false,degradado,0.4800419992534444,9327.194673923,9327.195231257,9327.19464234,9327.195153965,CIRCUIT_OPEN,2026-09-05T00:03:50.393257Z
af295261-26a2-4846-a59f-f2a80be82650,run1_rep3,B,OPEN,OPEN,request,CACHE,HIT,0.03133300015178975,0.5053329987276811,INFO,adaptador.request,false,degradado,0.40208399877883494,9327.196742173,9327.197216173,9327.19671084,9327.197144257,CIRCUIT_OPEN,2026-09-05T00:03:50.395239Z
3e16cb3d-39b4-4c9d-9d74-55bac2a9e9ad,run1_rep3,B,OPEN,OPEN,request,CACHE,HIT,0.05062500167696271,1.1886250013048993,INFO,adaptador.request,false,degradado,1.059707999957027,9327.290626215,9327.291764215,9327.29057559,9327.291685923,CIRCUIT_OPEN,2026-09-05T00:03:50.490013Z
1dba9fc2-749e-4b9f-aa76-9ae91ce43e4f,run1_rep3,B,OPEN,OPEN,request,CACHE,HIT,0.02329199924133718,0.8527499994670507,INFO,adaptador.request,false,degradado,0.786541000707075,9327.291158507,9327.291987965,9327.291135215,9327.291945048,CIRCUIT_OPEN,2026-09-05T00:03:50.490323Z
21197136-7d13-4fec-897b-102e7c46b136,run1_rep3,B,OPEN,OPEN,request,CACHE,HIT,0.03537500015227124,0.6794159999117255,INFO,adaptador.request,false,degradado,0.5356660003599245,9327.306595507,9327.307239548,9327.306560132,9327.307131173,CIRCUIT_OPEN,2026-09-05T00:03:50.505266Z
b019f59c-18cd-4191-a5cb-ddf3c9e09f5d,run1_rep3,B,OPEN,OPEN,request,CACHE,HIT,0.051790999350487255,1.1437079992902,INFO,adaptador.request,false,degradado,0.9961670002667233,9327.445781548,9327.446873465,9327.445729757,9327.446777715,CIRCUIT_OPEN,2026-09-05T00:03:50.644901Z
9ca0a166-77c1-4b39-87c4-0f6f6fa0aa61,run1_rep3,B,OPEN,OPEN,request,CACHE,HIT,0.02708300053200219,0.8444579998467816,INFO,adaptador.request,false,degradado,0.7687500001338776,9327.446643298,9327.447460673,9327.446616215,9327.447412048,CIRCUIT_OPEN,2026-09-05T00:03:50.645611Z
072ede85-2d54-47fa-bd2e-5f0ee4caefda,run1_rep3,B,OPEN,OPEN,request,CACHE,HIT,0.033499998608022,0.6296669998846482,INFO,adaptador.request,false,degradado,0.5322080014593666,9327.472872215,9327.473468382,9327.472838715,9327.473404423,CIRCUIT_OPEN,2026-09-05T00:03:50.671469Z
71137659-6adb-49e2-b075-6205f6cb0fbf,run1_rep3,B,OPEN,OPEN,request,CACHE,HIT,0.05600000076810829,0.8697909997863462,INFO,adaptador.request,false,degradado,0.724374998753774,9327.538118382,9327.538932173,9327.538062382,9327.538842757,CIRCUIT_OPEN,2026-09-05T00:03:50.736974Z
01e16745-a93d-4fd1-bc96-1bf3c22f74e1,run1_rep3,B,OPEN,OPEN,request,CACHE,HIT,0.04508300116867758,0.7132080008886987,INFO,adaptador.request,false,degradado,0.5962919985904591,9327.567129548,9327.567797673,9327.567084465,9327.56772584,CIRCUIT_OPEN,2026-09-05T00:03:50.765805Z
11493656-d784-401e-802d-9ad11a696c93,run1_rep3,B,OPEN,OPEN,request,CACHE,HIT,0.02166699960071128,0.4108749999431893,INFO,adaptador.request,false,degradado,0.3259999994043028,9327.584960257,9327.585349465,9327.58493859,9327.585286257,CIRCUIT_OPEN,2026-09-05T00:03:50.783363Z
034cf080-eb8b-43c6-acf0-6f55859b2156,run1_rep3,B,OPEN,OPEN,request,CACHE,HIT,0.018417000319459476,0.3650420003395993,INFO,adaptador.request,false,degradado,0.2962079997814726,9327.58790134,9327.588247965,9327.587882923,9327.588197548,CIRCUIT_OPEN,2026-09-05T00:03:50.786240Z
d857994e-3e92-4ce0-8285-b7e89ec3c0ae,run1_rep3,B,OPEN,OPEN,request,CACHE,HIT,0.014624998584622517,0.35429199851932935,INFO,adaptador.request,false,degradado,0.28970900166314095,9327.601486548,9327.601826215,9327.601471923,9327.601776257,CIRCUIT_OPEN,2026-09-05T00:03:50.799836Z
e0864e30-fe59-415d-9489-4acfe8ef5ff5,run1_rep3,B,OPEN,OPEN,request,CACHE,HIT,0.01704199894447811,0.30566699933842756,INFO,adaptador.request,false,degradado,0.24408300123468507,9327.620062507,9327.620351132,9327.620045465,9327.62030659,CIRCUIT_OPEN,2026-09-05T00:03:50.818343Z
44324e31-cf0a-493b-8c49-973038e43eb8,run1_rep3,B,OPEN,OPEN,request,CACHE,HIT,0.03587500032153912,0.6607079994864762,INFO,adaptador.request,false,degradado,0.5225000004429603,9327.684420382,9327.685045215,9327.684384507,9327.684942882,CIRCUIT_OPEN,2026-09-05T00:03:50.883059Z
74437070-add9-4363-9355-66ece9d0c259,run1_rep3,B,OPEN,OPEN,request,CACHE,HIT,0.04516599983617198,0.6895830010762438,INFO,adaptador.request,false,degradado,0.5680419999407604,9327.690752673,9327.69139709,9327.690707507,9327.691320715,CIRCUIT_OPEN,2026-09-05T00:03:50.889419Z
b21e4e3b-651a-48f6-be68-e881ccec74e6,run1_rep3,B,OPEN,OPEN,request,CACHE,HIT,0.040625000110594556,0.7451669989677612,INFO,adaptador.request,false,degradado,0.6292090001807082,9327.774907798,9327.77561234,9327.774867173,9327.775537007,CIRCUIT_OPEN,2026-09-05T00:03:50.973639Z
376fff03-0217-4bc0-9b86-72d989375a71,run1_rep3,B,OPEN,OPEN,request,CACHE,HIT,0.037542000427492894,0.6828330006101169,INFO,adaptador.request,false,degradado,0.5816659995616646,9327.832766799,9327.83341209,9327.832729257,9327.833348465,CIRCUIT_OPEN,2026-09-05T00:03:51.031415Z
41a42cb9-d3ad-4438-9740-7a77648f614d,run1_rep3,B,OPEN,OPEN,request,CACHE,HIT,0.021707999621867202,0.48137499834410846,INFO,adaptador.request,false,degradado,0.3920839990314562,9327.85627634,9327.856736007,9327.856254632,9327.856668424,CIRCUIT_OPEN,2026-09-05T00:03:51.054756Z
542813d3-0e27-49ce-813f-fa7bf5361ca1,run1_rep3,B,OPEN,OPEN,request,CACHE,HIT,0.03379199915798381,0.7325419992412208,INFO,adaptador.request,false,degradado,0.6252500006667105,9327.876271882,9327.876970632,9327.87623809,9327.876897132,CIRCUIT_OPEN,2026-09-05T00:03:51.075018Z
30ba2e5d-a311-4363-b6c9-e100329f538d,run1_rep3,B,OPEN,OPEN,request,CACHE,HIT,0.03320799987704959,0.673333001032006,INFO,adaptador.request,false,degradado,0.5611670003418112,9327.94978159,9327.950421715,9327.949748382,9327.950342757,CIRCUIT_OPEN,2026-09-05T00:03:51.148442Z
3db97780-3ae6-4bd2-885d-57e5e1381856,run1_rep3,B,OPEN,OPEN,request,CACHE,HIT,0.039165999623946846,1.2403330001689028,INFO,adaptador.request,false,degradado,1.0926249997282866,9328.008853465,9328.010054632,9328.008814299,9328.00994609,CIRCUIT_OPEN,2026-09-05T00:03:51.208366Z
f8d4a9de-057b-45a8-830f-3c5e2b3f0afd,run1_rep3,B,OPEN,OPEN,request,CACHE,HIT,0.02037499871221371,1.0439999987283954,INFO,adaptador.request,false,degradado,0.9715000014693942,9328.009328674,9328.010352299,9328.009308299,9328.010300174,CIRCUIT_OPEN,2026-09-05T00:03:51.208683Z
fc6edb85-ee2a-499f-abb5-073ecf6a2c3f,run1_rep3,B,OPEN,OPEN,request,CACHE,HIT,0.017500000467407517,0.34595800025272183,INFO,adaptador.request,false,degradado,0.28616700001293793,9328.016321757,9328.016650215,9328.016304257,9328.016607924,CIRCUIT_OPEN,2026-09-05T00:03:51.214637Z
e61a2fe8-f50d-4b37-b20a-2559b0e43358,run1_rep3,B,OPEN,OPEN,request,CACHE,HIT,0.0228749995585531,0.45245799992699176,INFO,adaptador.request,false,degradado,0.36191599974699784,9328.019173924,9328.019603507,9328.019151049,9328.01953584,CIRCUIT_OPEN,2026-09-05T00:03:51.217625Z
db921191-c30f-44b9-9cb6-33c1d2a2467e,run1_rep3,B,OPEN,OPEN,request,CACHE,HIT,0.0194589993043337,0.41345899990119506,INFO,adaptador.request,false,degradado,0.34058300116157625,9328.035046799,9328.035440799,9328.03502734,9328.035387382,CIRCUIT_OPEN,2026-09-05T00:03:51.233438Z
8e6598ce-7cba-487e-be2d-829660fa59bb,run1_rep3,B,OPEN,OPEN,request,CACHE,HIT,0.03620799907366745,0.6133749993750826,INFO,adaptador.request,false,degradado,0.5117500004416797,9328.082517382,9328.083094549,9328.082481174,9328.083029132,CIRCUIT_OPEN,2026-09-05T00:03:51.281111Z
50705436-c6c6-4d34-9dff-53db1fc9b3d0,run1_rep3,B,OPEN,OPEN,request,CACHE,HIT,0.037709000025643036,0.6818340007157531,INFO,adaptador.request,false,degradado,0.5634160006593447,9328.154271549,9328.154915674,9328.15423384,9328.154834965,CIRCUIT_OPEN,2026-09-05T00:03:51.352922Z
9ddec8db-c293-4995-a75f-a3a37272cd2c,run1_rep3,B,OPEN,OPEN,request,CACHE,HIT,0.03591699896787759,1.0439589987072395,INFO,adaptador.request,false,degradado,0.9415420008735964,9328.183427757,9328.184435799,9328.18339184,9328.184369299,CIRCUIT_OPEN,2026-09-05T00:03:51.382711Z
32ddf896-88a6-4686-9d9b-2df30df1b4fe,run1_rep3,B,OPEN,OPEN,request,CACHE,HIT,0.01991700082726311,0.8142500009853393,INFO,adaptador.request,false,degradado,0.7477500003005844,9328.183901799,9328.184696132,9328.183881882,9328.184649549,CIRCUIT_OPEN,2026-09-05T00:03:51.383046Z
a2229961-5084-4fa4-b568-ab52b8181f87,run1_rep3,B,OPEN,OPEN,request,CACHE,HIT,0.03183399894624017,0.5905419984628679,INFO,adaptador.request,false,degradado,0.4780830004165182,9328.204494799,9328.205053507,9328.204462965,9328.204972882,CIRCUIT_OPEN,2026-09-05T00:03:51.403062Z
f4cee241-461d-4763-839d-de5826c5c325,run1_rep3,B,OPEN,OPEN,request,CACHE,HIT,0.049208001655642875,0.651083000775543,INFO,adaptador.request,false,degradado,0.5254579991742503,9328.254590132,9328.255192007,9328.254540924,9328.25511559,CIRCUIT_OPEN,2026-09-05T00:03:51.453214Z
7668fd17-2d58-4280-be1d-b144fca9b5e0,run1_rep3,B,OPEN,OPEN,request,CACHE,HIT,0.06008300078974571,0.7387910009128973,INFO,adaptador.request,false,degradado,0.5997080006636679,9328.308018382,9328.30869709,9328.307958299,9328.30861809,CIRCUIT_OPEN,2026-09-05T00:03:51.506718Z
a755101d-e1f5-49be-bf7b-b886701876a0,run1_rep3,B,OPEN,OPEN,request,CACHE,HIT,0.03449999894655775,0.6902499990246724,INFO,adaptador.request,false,degradado,0.574250001591281,9328.328630424,9328.329286174,9328.328595924,9328.329204674,CIRCUIT_OPEN,2026-09-05T00:03:51.527310Z
94854b4d-6215-48b2-81dc-277a359a8b08,run1_rep3,B,OPEN,OPEN,request,CACHE,HIT,0.03108400051132776,0.9355420006613713,INFO,adaptador.request,false,degradado,0.7705829993938096,9328.331226299,9328.332130757,9328.331195215,9328.331996882,CIRCUIT_OPEN,2026-09-05T00:03:51.530178Z
1684df1e-d61f-44e2-a963-4aecdb81f2c2,run1_rep3,B,OPEN,OPEN,request,CACHE,HIT,0.05020900061936118,0.781624999945052,INFO,adaptador.request,false,degradado,0.6364580003719311,9328.357788674,9328.35852009,9328.357738465,9328.358425132,CIRCUIT_OPEN,2026-09-05T00:03:51.556540Z
bfce9b09-50d5-48fb-aaa8-46a6ba6ed9ed,run1_rep3,B,OPEN,OPEN,request,CACHE,HIT,0.03945800017390866,0.8899999993445817,INFO,adaptador.request,false,degradado,0.7769999992888188,9328.373676965,9328.374527507,9328.373637507,9328.374453965,CIRCUIT_OPEN,2026-09-05T00:03:51.572555Z
7674a3d9-2d58-4e91-8f4a-1a62474e4596,run1_rep3,B,OPEN,OPEN,request,CACHE,HIT,0.03212500087101944,0.9495000012975652,INFO,adaptador.request,false,degradado,0.857082999573322,9328.414288549,9328.415205924,9328.414256424,9328.415145632,CIRCUIT_OPEN,2026-09-05T00:03:51.613447Z
de477cf1-87d0-427f-9ef9-c9a7197689c7,run1_rep3,B,OPEN,OPEN,request,CACHE,HIT,0.017874999684863724,0.7420840011036489,INFO,adaptador.request,false,degradado,0.6839590005256468,9328.41472734,9328.415451549,9328.414709465,9328.415411299,CIRCUIT_OPEN,2026-09-05T00:03:51.614085Z
a4974ad5-ce3c-43a2-a0b4-301c1bba7bf9,run1_rep3,B,OPEN,OPEN,request,CACHE,HIT,0.05045899888500571,0.835291999464971,INFO,adaptador.request,false,degradado,0.6974160005484009,9328.481554424,9328.482339257,9328.481503965,9328.48225184,CIRCUIT_OPEN,2026-09-05T00:03:51.680368Z
66708272-e6f4-4526-916e-dae9bd91e74c,run1_rep3,B,OPEN,OPEN,request,CACHE,HIT,0.037040999814053066,0.6047910010238411,INFO,adaptador.request,false,degradado,0.49737500012270175,9328.508556132,9328.509123882,9328.508519091,9328.509053507,CIRCUIT_OPEN,2026-09-05T00:03:51.707150Z
2a2e890c-e98d-4cfe-8e11-9a031ed33e8f,run1_rep3,B,OPEN,OPEN,request,CACHE,HIT,0.03375000051164534,0.60124999981781,INFO,adaptador.request,false,degradado,0.4959999987477204,9328.514329424,9328.514896924,9328.514295674,9328.514825424,CIRCUIT_OPEN,2026-09-05T00:03:51.712919Z
f8bbc30c-b195-4182-b855-b9e3543c2b1e,run1_rep3,B,OPEN,OPEN,request,CACHE,HIT,0.05158299973118119,0.7395829998131376,INFO,adaptador.request,false,degradado,0.5934170003456529,9328.563111799,9328.563799799,9328.563060216,9328.563705216,CIRCUIT_OPEN,2026-09-05T00:03:51.761823Z
023900a3-1058-4a98-8ead-741994c49a59,run1_rep3,B,OPEN,OPEN,request,CACHE,HIT,0.030084000172792003,0.708874998963438,INFO,adaptador.request,false,degradado,0.6088329992053332,9328.568795716,9328.569474507,9328.568765632,9328.569404549,CIRCUIT_OPEN,2026-09-05T00:03:51.767496Z
5fa21901-a64b-421d-abc7-9b3ad6afd658,run1_rep3,B,OPEN,OPEN,request,CACHE,HIT,0.022000000171829015,0.49250000120082404,INFO,adaptador.request,false,degradado,0.4007920015283162,9328.575186674,9328.575657174,9328.575164674,9328.575587466,CIRCUIT_OPEN,2026-09-05T00:03:51.773679Z
59c655f5-da80-4c5e-9a5a-31eb437f56c0,run1_rep3,B,OPEN,OPEN,request,CACHE,HIT,0.018124999769497663,0.4527909986791201,INFO,adaptador.request,false,degradado,0.3726249997271225,9328.583780966,9328.584215632,9328.583762841,9328.584153591,CIRCUIT_OPEN,2026-09-05T00:03:51.782232Z
25b536a3-cfe1-4315-bb27-c4528ed2f403,run1_rep3,B,OPEN,OPEN,request,CACHE,HIT,0.016042000424931757,0.33954200080188457,INFO,adaptador.request,false,degradado,0.27916699946217705,9328.597237299,9328.597560799,9328.597221257,9328.597516466,CIRCUIT_OPEN,2026-09-05T00:03:51.795542Z
b46aa7f4-5680-410e-b753-503c2a83b8eb,run1_rep3,B,OPEN,OPEN,request,CACHE,HIT,0.014290999388322234,0.5044999998062849,INFO,adaptador.request,false,degradado,0.4411249992699595,9328.609774507,9328.610264716,9328.609760216,9328.610215632,CIRCUIT_OPEN,2026-09-05T00:03:51.808253Z
d03fa4dc-c59a-4d60-92a4-3177037e040e,run1_rep3,B,OPEN,OPEN,request,CACHE,HIT,0.052583000069716945,0.8288749995699618,INFO,adaptador.request,false,degradado,0.6852919996163109,9328.751507007,9328.752283299,9328.751454424,9328.752192299,CIRCUIT_OPEN,2026-09-05T00:03:51.950294Z
eb55afe3-0868-4d3b-a840-a492c45bc9c7,run1_rep3,B,OPEN,OPEN,request,CACHE,HIT,0.07287500011443626,1.0105000001203734,INFO,adaptador.request,false,degradado,0.816416000816389,9328.803018591,9328.803956216,9328.802945716,9328.803835007,CIRCUIT_OPEN,2026-09-05T00:03:52.002030Z
81f14c74-266f-497a-880e-dd27cb86d1fb,run1_rep3,B,OPEN,OPEN,request,CACHE,HIT,0.03524999920045957,0.6563749993802048,INFO,adaptador.request,false,degradado,0.5444170001283055,9328.808670424,9328.809291549,9328.808635174,9328.809214841,CIRCUIT_OPEN,2026-09-05T00:03:52.007315Z
040d5349-5ed6-4557-9bf9-7078ea5528bc,run1_rep3,B,OPEN,OPEN,request,CACHE,HIT,0.02312499964318704,0.5087500012450619,INFO,adaptador.request,false,degradado,0.42304200178477913,9328.823414382,9328.823900007,9328.823391257,9328.823837424,CIRCUIT_OPEN,2026-09-05T00:03:52.021969Z
1ee0c913-7247-4242-83fc-ec99b6ecebe7,run1_rep3,B,OPEN,OPEN,request,CACHE,HIT,0.02370899892412126,0.460208999356837,INFO,adaptador.request,false,degradado,0.3913330001523718,9328.847903466,9328.848339966,9328.847879757,9328.848294799,CIRCUIT_OPEN,2026-09-05T00:03:52.046329Z
a9a86633-74af-430d-9ee2-882054eaa3f4,run1_rep3,B,OPEN,OPEN,request,CACHE,HIT,0.0167500002135057,0.36658400131273083,INFO,adaptador.request,false,degradado,0.30775000050198287,9328.874409257,9328.874759091,9328.874392507,9328.874717007,CIRCUIT_OPEN,2026-09-05T00:03:52.072744Z
9c2b3ff4-ab77-4a3f-9963-32bd4b23aa59,run1_rep3,B,OPEN,OPEN,request,CACHE,HIT,0.049500000386615284,0.7992080008989433,INFO,adaptador.request,false,degradado,0.6634159999521216,9328.942363716,9328.943113424,9328.942314216,9328.943027132,CIRCUIT_OPEN,2026-09-05T00:03:52.141135Z
ccce1366-4f9f-44bd-b580-ef10f8bf3a17,run1_rep3,B,OPEN,OPEN,request,CACHE,HIT,0.029958000595797785,0.6578749998880085,INFO,adaptador.request,false,degradado,0.5510829996637767,9328.949683174,9328.950311091,9328.949653216,9328.950234257,CIRCUIT_OPEN,2026-09-05T00:03:52.148333Z
fef27529-b030-4590-abbe-0aacb2f0ed6d,run1_rep3,B,OPEN,OPEN,request,CACHE,HIT,0.025458000891376287,0.4823750005016336,INFO,adaptador.request,false,degradado,0.3967499997088453,9328.973286132,9328.973743049,9328.973260674,9328.973682882,CIRCUIT_OPEN,2026-09-05T00:03:52.171742Z
40579411-e479-44a3-b869-c532eb94f463,run1_rep3,B,OPEN,OPEN,request,CACHE,HIT,0.021042000298621133,1.1426670007494977,INFO,adaptador.request,false,degradado,1.066625000021304,9328.977983424,9328.979105049,9328.977962382,9328.979050049,CIRCUIT_OPEN,2026-09-05T00:03:52.177364Z
c77e4fa6-29a9-482a-b5e9-1694793ccc34,run1_rep3,B,OPEN,OPEN,request,CACHE,HIT,0.02062499879684765,0.8023329992283834,INFO,adaptador.request,false,degradado,0.7468750009138603,9328.978580799,9328.979362507,9328.978560174,9328.979327674,CIRCUIT_OPEN,2026-09-05T00:03:52.177609Z
0782d9a3-e705-41be-871b-d73b6b626cb6,run1_rep3,B,OPEN,OPEN,request,CACHE,HIT,0.01820900070015341,0.44337500003166497,INFO,adaptador.request,false,degradado,0.37474999953701627,9329.025786966,9329.026212132,9329.025768757,9329.026161716,CIRCUIT_OPEN,2026-09-05T00:03:52.224199Z
979aecd1-af56-45e0-902f-ce8437c19f1e,run1_rep3,B,OPEN,OPEN,request,CACHE,HIT,0.04958300087309908,0.8264580010290956,INFO,adaptador.request,false,degradado,0.699833999533439,9329.080834132,9329.081611007,9329.080784549,9329.081533966,CIRCUIT_OPEN,2026-09-05T00:03:52.279613Z
ba89a7bf-fa10-43c8-8d3c-8d318029569b,run1_rep3,B,OPEN,OPEN,request,CACHE,HIT,0.036124998587183654,0.6863329999760026,INFO,adaptador.request,false,degradado,0.5660410006385064,9329.098770091,9329.099420299,9329.098733966,9329.099336132,CIRCUIT_OPEN,2026-09-05T00:03:52.297446Z
b762a16c-4e78-4158-875c-dd0323ab2df7,run1_rep3,B,OPEN,OPEN,request,CACHE,HIT,0.03491699862934183,0.7062919994496042,INFO,adaptador.request,false,degradado,0.5549160014197696,9329.130092966,9329.130764341,9329.130058049,9329.130647882,CIRCUIT_OPEN,2026-09-05T00:03:52.328767Z
47266514-60bf-4635-9d6d-a5525c28ec8c,run1_rep3,B,OPEN,OPEN,request,CACHE,HIT,0.0317920002999017,0.6147500007500639,INFO,adaptador.request,false,degradado,0.5038750005041948,9329.139937049,9329.140520007,9329.139905257,9329.140440924,CIRCUIT_OPEN,2026-09-05T00:03:52.338541Z
96033bc3-f385-462c-b104-f6cabc58a915,run1_rep3,B,OPEN,OPEN,request,CACHE,HIT,0.025291999918408692,0.49124999895866495,INFO,adaptador.request,false,degradado,0.4003750000265427,9329.146438841,9329.146904799,9329.146413549,9329.146839216,CIRCUIT_OPEN,2026-09-05T00:03:52.344908Z
387e2a67-491e-44ea-99c3-4787a90ea4de,run1_rep3,B,OPEN,OPEN,request,CACHE,HIT,0.045290998968994245,0.6434999995690305,INFO,adaptador.request,false,degradado,0.524417000633548,9329.199982424,9329.200580633,9329.199937133,9329.200506841,CIRCUIT_OPEN,2026-09-05T00:03:52.398605Z
c7208655-05f7-435d-9d7d-83979abf76ff,run1_rep3,B,OPEN,OPEN,request,CACHE,HIT,0.036249999538995326,0.6530829996336251,INFO,adaptador.request,false,degradado,0.5351669988158392,9329.214539966,9329.215156799,9329.214503716,9329.215075133,CIRCUIT_OPEN,2026-09-05T00:03:52.413180Z
028e6136-a23a-420b-9615-b9260a460ac4,run1_rep3,B,OPEN,OPEN,request,CACHE,HIT,0.030208000680431724,0.5535830005101161,INFO,adaptador.request,false,degradado,0.4459169995243428,9329.233389174,9329.233912549,9329.233358966,9329.233835091,CIRCUIT_OPEN,2026-09-05T00:03:52.431945Z
fd36c40c-052a-4f46-8dac-6956168b958a,run1_rep3,B,OPEN,OPEN,request,CACHE,HIT,0.04095800068171229,0.9858749999693828,INFO,adaptador.request,false,degradado,0.8574170005886117,9329.318377341,9329.319322258,9329.318336383,9329.319234758,CIRCUIT_OPEN,2026-09-05T00:03:52.517353Z
905990dd-a764-4d49-bfdd-63838ae79ea8,run1_rep3,B,OPEN,OPEN,request,CACHE,HIT,0.02379200122959446,0.8567090008000378,INFO,adaptador.request,false,degradado,0.7801249994372483,9329.319125091,9329.319958008,9329.319101299,9329.319905216,CIRCUIT_OPEN,2026-09-05T00:03:52.518169Z
fe564b2f-8960-4088-9700-fbf727c240f0,run1_rep3,B,OPEN,OPEN,request,CACHE,HIT,0.05020800017518923,0.7535830009146594,INFO,adaptador.request,false,degradado,0.6142080001154682,9329.363495341,9329.364198716,9329.363445133,9329.364109549,CIRCUIT_OPEN,2026-09-05T00:03:52.562211Z
97592327-23e5-4197-989e-2e0272eb77be,run1_rep3,B,OPEN,OPEN,request,CACHE,HIT,0.048207999498117715,0.8353749999514548,INFO,adaptador.request,false,degradado,0.6840419991931412,9329.414890799,9329.415677966,9329.414842591,9329.415574841,CIRCUIT_OPEN,2026-09-05T00:03:52.613710Z
f5499adb-f14d-426e-a342-559978778968,run1_rep3,B,OPEN,OPEN,request,CACHE,HIT,0.037125000744708814,0.8485840007779188,INFO,adaptador.request,false,degradado,0.7370000002993038,9329.447303674,9329.448115133,9329.447266549,9329.448040674,CIRCUIT_OPEN,2026-09-05T00:03:52.646144Z
cf8b57c8-e91e-4e84-ac7b-7c7ee9597f4f,run1_rep3,B,OPEN,OPEN,request,CACHE,HIT,0.022915999579709023,0.8408329995290842,INFO,adaptador.request,false,degradado,0.7693339994148118,9329.447945049,9329.448762966,9329.447922133,9329.448714383,CIRCUIT_OPEN,2026-09-05T00:03:52.647012Z
99e1f1a2-2e72-4959-baa0-4c3f6db953ee,run1_rep3,B,OPEN,OPEN,request,CACHE,HIT,0.03191599898855202,0.9762909994606161,INFO,adaptador.request,false,degradado,0.8380420003959443,9329.460322174,9329.461266549,9329.460290258,9329.461160216,CIRCUIT_OPEN,2026-09-05T00:03:52.659289Z
283982e2-2be5-48df-affd-202c8455cd57,run1_rep3,B,OPEN,OPEN,request,CACHE,HIT,0.043999998524668626,0.7154169998102589,INFO,adaptador.request,false,degradado,0.5884580004931195,9329.513684966,9329.514356383,9329.513640966,9329.514273424,CIRCUIT_OPEN,2026-09-05T00:03:52.712372Z
a4552a8b-596a-4a94-993f-2ebd83249b20,run1_rep3,B,OPEN,OPEN,request,CACHE,HIT,0.05020799835619982,0.8842499992169905,INFO,adaptador.request,false,degradado,0.7383330012089573,9329.592287466,9329.593121508,9329.592237258,9329.593025799,CIRCUIT_OPEN,2026-09-05T00:03:52.791145Z
2625652d-c395-4d16-8ab5-4f8415e2d846,run1_rep3,B,OPEN,OPEN,request,CACHE,HIT,0.04949999856762588,0.8181670000340091,INFO,adaptador.request,false,degradado,0.6843750015832484,9329.638345966,9329.639114633,9329.638296466,9329.639030341,CIRCUIT_OPEN,2026-09-05T00:03:52.837133Z
6c6d2ec0-df25-4ee6-bbf0-0304c2bea77a,run1_rep3,B,OPEN,OPEN,request,CACHE,HIT,0.03416700019442942,0.6885420007165521,INFO,adaptador.request,false,degradado,0.5763749995821854,9329.645233841,9329.645888216,9329.645199674,9329.645810216,CIRCUIT_OPEN,2026-09-05T00:03:52.843908Z
ba26b95d-47fc-442c-85ec-102fece8be40,run1_rep3,B,OPEN,OPEN,request,CACHE,HIT,0.03470900082902517,0.6080840012145927,INFO,adaptador.request,false,degradado,0.504249999721651,9329.674862508,9329.675435883,9329.674827799,9329.675366758,CIRCUIT_OPEN,2026-09-05T00:03:52.873436Z
51ac1631-f512-45a0-9efa-05d0bfd73dc9,run1_rep3,B,OPEN,OPEN,request,CACHE,HIT,0.04687499858846422,0.7731249988864874,INFO,adaptador.request,false,degradado,0.6343330005620373,9329.755852383,9329.756578633,9329.755805508,9329.756486716,CIRCUIT_OPEN,2026-09-05T00:03:52.954605Z
bc1ab47f-b959-499e-9904-7e4994e6fc22,run1_rep3,B,OPEN,OPEN,request,CACHE,HIT,0.050874999942607246,1.1947080001846189,INFO,adaptador.request,false,degradado,1.028708000376355,9329.800195466,9329.801339299,9329.800144591,9329.801224174,CIRCUIT_OPEN,2026-09-05T00:03:52.999369Z
1ec43356-c1e3-44ff-a2e7-b8326151497a,run1_rep3,B,OPEN,OPEN,request,CACHE,HIT,0.033999998777289875,0.5303749985614559,INFO,adaptador.request,false,degradado,0.4393330000311835,9329.815180966,9329.815677341,9329.815146966,9329.815620299,CIRCUIT_OPEN,2026-09-05T00:03:53.013670Z
67c13707-f6e4-4503-b869-ba3bebd43dea,run1_rep3,B,OPEN,OPEN,request,CACHE,HIT,0.032084000849863514,0.8067920007306384,INFO,adaptador.request,false,degradado,0.7160410004871665,9329.843215633,9329.843990341,9329.843183549,9329.843931674,CIRCUIT_OPEN,2026-09-05T00:03:53.042016Z
18f140e7-a56d-4750-9003-001acd285a50,run1_rep3,B,OPEN,OPEN,request,CACHE,HIT,0.01716699989628978,0.7761249999020947,INFO,adaptador.request,false,degradado,0.7101669998519355,9329.843830466,9329.844589424,9329.843813299,9329.844540633,CIRCUIT_OPEN,2026-09-05T00:03:53.042753Z
75593237-1ab0-46bc-ae69-d6ba92943337,run1_rep3,B,OPEN,OPEN,request,CACHE,HIT,0.015874999007792212,0.3262919999542646,INFO,adaptador.request,false,degradado,0.27179200151294935,9329.848641341,9329.848951758,9329.848625466,9329.848913133,CIRCUIT_OPEN,2026-09-05T00:03:53.046948Z
fb40ac13-ca70-4733-929e-2c7a7b81543e,run1_rep3,B,OPEN,OPEN,request,CACHE,HIT,0.019874998542945832,0.35770799877354875,INFO,adaptador.request,false,degradado,0.29858300149498973,9329.911337425,9329.911675258,9329.91131755,9329.911636008,CIRCUIT_OPEN,2026-09-05T00:03:53.109662Z
5a464324-fd47-4b09-a2ee-cab2c73d4b61,run1_rep3,B,OPEN,OPEN,request,CACHE,HIT,0.013083999874652363,0.24366700017708354,INFO,adaptador.request,false,degradado,0.20166600006632507,9329.923968175,9329.924198758,9329.923955091,9329.924169841,CIRCUIT_OPEN,2026-09-05T00:03:53.122161Z
012bade5-7bab-4fb6-a5b3-3f59e50adbda,run1_rep3,B,OPEN,OPEN,request,CACHE,HIT,0.026542000341578387,0.2439580002828734,INFO,adaptador.request,false,degradado,0.18237499898532405,9329.933021425,9329.933238841,9329.932994883,9329.9332038,CIRCUIT_OPEN,2026-09-05T00:03:53.131209Z
8e63c61f-9e44-4a27-b56e-bee09413efc1,run1_rep3,B,OPEN,OPEN,request,CACHE,HIT,0.013374999980442226,0.4704999992100056,INFO,adaptador.request,false,degradado,0.4174169989710208,9329.960505008,9329.960962133,9329.960491633,9329.960922425,CIRCUIT_OPEN,2026-09-05T00:03:53.158966Z
943cb228-1aaa-4a71-ac23-710b1d6c170a,run1_rep3,B,OPEN,OPEN,request,CACHE,HIT,0.010874999134102836,0.722999999197782,INFO,adaptador.request,false,degradado,0.6820409998908872,9329.96087605,9329.961588175,9329.960865175,9329.961558091,CIRCUIT_OPEN,2026-09-05T00:03:53.159556Z
858f0cc8-5cca-4fd3-becc-aaf5dfeff5a0,run1_rep3,B,OPEN,OPEN,request,CACHE,HIT,0.02245799987576902,0.7859170000301674,INFO,adaptador.request,false,degradado,0.7175419996201526,9330.002912841,9330.0036763,9330.002890383,9330.003630383,CIRCUIT_OPEN,2026-09-05T00:03:53.201657Z
addcc7ca-8ec7-4117-bc8c-3b0dda41bdb5,run1_rep3,B,OPEN,OPEN,request,CACHE,HIT,0.020834000679315068,0.5867920008313376,INFO,adaptador.request,false,degradado,0.5256660006125458,9330.03849805,9330.039064008,9330.038477216,9330.039023716,CIRCUIT_OPEN,2026-09-05T00:03:53.237032Z
2b483785-1577-4989-ba4e-19492c9ad49a,run1_rep3,B,OPEN,OPEN,request,CACHE,HIT,0.019541001165634952,0.4171660002612043,INFO,adaptador.request,false,degradado,0.31995899917092174,9330.082279591,9330.082677216,9330.08226005,9330.08259955,CIRCUIT_OPEN,2026-09-05T00:03:53.280664Z
fe71063d-cfc3-465c-b4b2-8f1eec1f7405,run1_rep3,B,OPEN,OPEN,request,CACHE,HIT,0.03545800063875504,0.915000000532018,INFO,adaptador.request,false,degradado,0.7682089999434538,9330.125538091,9330.126417633,9330.125502633,9330.1263063,CIRCUIT_OPEN,2026-09-05T00:03:53.324444Z
936c06ff-db52-4b92-bae5-ff6fdadf2091,run1_rep3,B,OPEN,OPEN,request,CACHE,HIT,0.04491700019570999,0.7961669998621801,INFO,adaptador.request,false,degradado,0.6707080010528443,9330.220846175,9330.221597425,9330.220801258,9330.221516883,CIRCUIT_OPEN,2026-09-05T00:03:53.419616Z
a2ed616f-4ebf-4ffd-af1d-f78b75d6a167,run1_rep3,B,OPEN,OPEN,request,CACHE,HIT,0.04099999932805076,0.7789589999447344,INFO,adaptador.request,false,degradado,0.614709000728908,9330.246082216,9330.246820175,9330.246041216,9330.246696925,CIRCUIT_OPEN,2026-09-05T00:03:53.444907Z
34bc19fd-1b7e-4739-9d29-13feb2a62927,run1_rep3,B,OPEN,OPEN,request,CACHE,HIT,0.02975000097649172,0.48145800064958166,INFO,adaptador.request,false,degradado,0.39112499871407636,9330.249530675,9330.249982383,9330.249500925,9330.2499218,CIRCUIT_OPEN,2026-09-05T00:03:53.448008Z
d9897fb0-f4c2-49ae-b729-a5e0bc83cad6,run1_rep3,B,OPEN,OPEN,request,CACHE,HIT,0.028625001505133696,0.5639160008286126,INFO,adaptador.request,false,degradado,0.47866599925328046,9330.270878425,9330.271413716,9330.2708498,9330.271357091,CIRCUIT_OPEN,2026-09-05T00:03:53.469410Z
b3ca2e04-7da9-4961-ada4-01cf00388602,run1_rep3,B,OPEN,OPEN,request,CACHE,HIT,0.03262499922129791,0.6313329995464301,INFO,adaptador.request,false,degradado,0.5192499993427191,9330.278662633,9330.279261341,9330.278630008,9330.279181883,CIRCUIT_OPEN,2026-09-05T00:03:53.477293Z
946247bc-d486-464f-814e-d312e0b295a4,run1_rep3,B,OPEN,OPEN,request,CACHE,HIT,0.02191700150433462,0.45687500096391886,INFO,adaptador.request,false,degradado,0.37045799945190083,9330.28751655,9330.287951508,9330.287494633,9330.287887008,CIRCUIT_OPEN,2026-09-05T00:03:53.485996Z
bd8ab773-7d29-40f1-a513-f0bef7bb1c96,run1_rep3,B,OPEN,OPEN,request,CACHE,HIT,0.023874999897088856,0.7102920008037472,INFO,adaptador.request,false,degradado,0.6377499994414393,9330.317118841,9330.317805258,9330.317094966,9330.317756591,CIRCUIT_OPEN,2026-09-05T00:03:53.515813Z
670b0208-303b-47b3-9ac7-cc95bbdb52e9,run1_rep3,B,OPEN,OPEN,request,CACHE,HIT,0.017291000403929502,0.8043750003707828,INFO,adaptador.request,false,degradado,0.7318749994738027,9330.317650216,9330.3184373,9330.317632925,9330.318382091,CIRCUIT_OPEN,2026-09-05T00:03:53.516435Z
4da34d9c-fa63-4cd3-8ea8-737ba3117d9c,run1_rep3,B,OPEN,OPEN,request,CACHE,HIT,0.05124999916006345,0.8462499990855576,INFO,adaptador.request,false,degradado,0.7150410001486307,9330.388969675,9330.389764675,9330.388918425,9330.389684716,CIRCUIT_OPEN,2026-09-05T00:03:53.587768Z
ce835583-6fdb-47f9-8f14-0e5f076bd16d,run1_rep3,B,OPEN,HALF_OPEN,request,CACHE,HIT,681.3995000011346,682.3705840015464,INFO,adaptador.request,true,degradado,0.8275839991256362,9331.223151758,9331.224122842,9330.541752258,9331.223979342,CIRCUIT_OPEN,2026-09-05T00:03:54.422159Z
75fdd5b7-e199-4c92-a083-d83de207e8cd,run1_rep3,B,OPEN,OPEN,request,CACHE,HIT,708.6151250005059,711.3263339997502,INFO,adaptador.request,false,degradado,2.648625000801985,9331.222817758,9331.225528967,9330.514202633,9331.225466383,CIRCUIT_OPEN,2026-09-05T00:03:54.425771Z
92e4a55e-e6fd-4288-be8a-6595be1f6ae6,run1_rep3,B,OPEN,HALF_OPEN,request,CACHE,HIT,681.2972080006148,683.9687499996217,INFO,adaptador.request,true,degradado,2.6039169988507638,9331.223344133,9331.226015675,9330.542046925,9331.22594805,CIRCUIT_OPEN,2026-09-05T00:03:54.426380Z
9030fa66-a3de-4fa4-8b04-f1e8e01ad4ec,run1_rep3,B,OPEN,HALF_OPEN,request,CACHE,HIT,667.0370419997198,669.7853759997088,INFO,adaptador.request,true,degradado,2.6903750003839377,9331.224427633,9331.227175967,9330.557390591,9331.227118008,CIRCUIT_OPEN,2026-09-05T00:03:54.428138Z
7c4ce2b6-ba30-4fa7-b29a-3587309c2634,run1_rep3,B,OPEN,HALF_OPEN,request,CACHE,HIT,621.1189170007856,623.6850839995896,INFO,adaptador.request,true,degradado,2.5065419995371485,9331.224979925,9331.227546092,9330.603861008,9331.227486467,CIRCUIT_OPEN,2026-09-05T00:03:54.428519Z
5a6a746b-7b8a-418c-a853-f1461baeefed,run1_rep3,B,OPEN,HALF_OPEN,request,CACHE,HIT,633.2939580006496,636.8497500006924,INFO,adaptador.request,true,degradado,3.487083999061724,9331.224787633,9331.228343425,9330.591493675,9331.228274717,CIRCUIT_OPEN,2026-09-05T00:03:54.429101Z
fdaacc02-c29b-4dde-8c51-c86bd6bdadd3,run1_rep3,B,OPEN,HALF_OPEN,request,CACHE,HIT,617.6955000009912,621.4393330010353,INFO,adaptador.request,true,degradado,3.6952499995095422,9331.2251128,9331.228856633,9330.6074173,9331.22880805,CIRCUIT_OPEN,2026-09-05T00:03:54.429693Z
e89494b9-ed0c-43a3-994e-f169ebb30558,run1_rep3,B,OPEN,HALF_OPEN,request,CACHE,HIT,616.325708999284,619.5902919989749,INFO,adaptador.request,true,degradado,3.221124999981839,9331.225836217,9331.2291008,9330.609510508,9331.229057342,CIRCUIT_OPEN,2026-09-05T00:03:54.430416Z
a2649361-5e12-4f1e-b401-229458f18cd3,run1_rep3,B,OPEN,HALF_OPEN,request,CACHE,HIT,524.3581250015268,527.3649999999179,INFO,adaptador.request,true,degradado,2.961416999823996,9331.226346175,9331.22935305,9330.70198805,9331.229307592,CIRCUIT_OPEN,2026-09-05T00:03:54.430849Z
08641336-1d6b-4285-8a4c-e8612c890fdc,run1_rep3,B,OPEN,HALF_OPEN,request,CACHE,HIT,477.2612089982431,480.62587499953224,INFO,adaptador.request,true,degradado,3.1912500016915146,9331.226672967,9331.230037633,9330.749411758,9331.229864217,CIRCUIT_OPEN,2026-09-05T00:03:54.431511Z
690b95fb-6379-46cb-806f-22a98e72abbf,run1_rep3,B,OPEN,OPEN,request,CACHE,HIT,0.058290999731980264,0.9723749990371289,INFO,adaptador.request,false,degradado,0.8131670001603197,9331.375954175,9331.376868259,9331.375895884,9331.376767342,CIRCUIT_OPEN,2026-09-05T00:03:54.574871Z
dc8b9899-e464-429d-afcf-d6dd37ea8b10,run1_rep3,B,OPEN,OPEN,request,CACHE,HIT,0.030916999094188213,0.6196670001372695,INFO,adaptador.request,false,degradado,0.515916000949801,9331.381850884,9331.382439634,9331.381819967,9331.3823668,CIRCUIT_OPEN,2026-09-05T00:03:54.580461Z
9f11445a-31bd-4870-b23c-b3e8e0d17f5c,run1_rep3,B,OPEN,OPEN,request,CACHE,HIT,0.043916001231991686,0.7596660016133683,INFO,adaptador.request,false,degradado,0.6273750004766043,9331.462267425,9331.462983175,9331.462223509,9331.4628948,CIRCUIT_OPEN,2026-09-05T00:03:54.661019Z
1c200c00-a49b-440f-8a9c-dfe8196597b5,run1_rep3,B,OPEN,OPEN,request,CACHE,HIT,0.042541998482192867,0.7262919989443617,INFO,adaptador.request,false,degradado,0.5959580012131482,9331.495752009,9331.496435759,9331.495709467,9331.496347967,CIRCUIT_OPEN,2026-09-05T00:03:54.694456Z
71739275-cb95-4754-bf18-cc49876babc9,run1_rep3,B,OPEN,OPEN,request,CACHE,HIT,0.032750000173109584,0.5698749992006924,INFO,adaptador.request,false,degradado,0.4750829994009109,9331.509381592,9331.509918717,9331.509348842,9331.509856675,CIRCUIT_OPEN,2026-09-05T00:03:54.707938Z
c2b2fce0-ef01-4a06-91f2-a0ca576cdff8,run1_rep3,B,OPEN,OPEN,request,CACHE,HIT,0.050499998906161636,0.7475409984181169,INFO,adaptador.request,false,degradado,0.6016660008754116,9331.628490759,9331.6291878,9331.628440259,9331.629092425,CIRCUIT_OPEN,2026-09-05T00:03:54.827211Z
a3adb3b8-71f6-4844-90e4-bac15b23af6d,run1_rep3,B,OPEN,OPEN,request,CACHE,HIT,0.02912499985541217,0.670458999593393,INFO,adaptador.request,false,degradado,0.565124999411637,9331.634892675,9331.635534009,9331.63486355,9331.6354578,CIRCUIT_OPEN,2026-09-05T00:03:54.833560Z
2db68794-558a-4961-89d6-dc677d4505af,run1_rep3,B,OPEN,OPEN,request,CACHE,HIT,0.02137500086973887,0.70525000046473,INFO,adaptador.request,false,degradado,0.6333750006888295,9331.661043217,9331.661727092,9331.661021842,9331.661676592,CIRCUIT_OPEN,2026-09-05T00:03:54.859749Z
799c2a84-d4e0-4289-b0ab-c710139cd489,run1_rep3,B,OPEN,OPEN,request,CACHE,HIT,0.013790999219054356,0.7415000000037253,INFO,adaptador.request,false,degradado,0.6784170000173617,9331.66160605,9331.662333759,9331.661592259,9331.662284467,CIRCUIT_OPEN,2026-09-05T00:03:54.860329Z
9ff3d817-6adc-4ca1-841f-61078571e891,run1_rep3,B,OPEN,OPEN,request,CACHE,HIT,0.021624999135383405,0.608667000051355,INFO,adaptador.request,false,degradado,0.5388749996200204,9331.6655483,9331.666135342,9331.665526675,9331.666087175,CIRCUIT_OPEN,2026-09-05T00:03:54.864131Z
e659fa33-3c0e-4b59-9ce2-c18b608e4ff5,run1_rep3,B,OPEN,OPEN,request,CACHE,HIT,0.035167000532965176,0.6692500010103686,INFO,adaptador.request,false,degradado,0.5427500000223517,9331.729351259,9331.729985342,9331.729316092,9331.729894009,CIRCUIT_OPEN,2026-09-05T00:03:54.928051Z
a1d547a9-ee58-4415-b990-1a0b5947888c,run1_rep3,B,OPEN,OPEN,request,CACHE,HIT,0.027749998480430804,0.48945899834507145,INFO,adaptador.request,false,degradado,0.4014170008304063,9331.7329693,9331.733431009,9331.73294155,9331.733370717,CIRCUIT_OPEN,2026-09-05T00:03:54.931427Z
91199cbd-88a6-4a68-9c4e-ace01c570a63,run1_rep3,B,OPEN,OPEN,request,CACHE,HIT,0.0324159991578199,0.8184999987861374,INFO,adaptador.request,false,degradado,0.6446669995057164,9331.7474838,9331.748269884,9331.747451384,9331.748128467,CIRCUIT_OPEN,2026-09-05T00:03:54.946366Z
9c4168b3-f17c-412a-ab92-5cfdd5c1d114,run1_rep3,B,OPEN,OPEN,request,CACHE,HIT,0.03933300104108639,0.9214159999828553,INFO,adaptador.request,false,degradado,0.7597079984407173,9331.937873467,9331.93875555,9331.937834134,9331.938633175,CIRCUIT_OPEN,2026-09-05T00:03:55.136516Z
1bad7209-cd8f-4101-b71b-9f166a396b64,run1_rep3,B,OPEN,OPEN,request,CACHE,HIT,0.012332999176578596,0.5136659983691061,INFO,adaptador.request,false,degradado,0.4714169990620576,9331.970343592,9331.970844925,9331.970331259,9331.970815009,CIRCUIT_OPEN,2026-09-05T00:03:55.168546Z
364b888c-43e7-40bc-9dc5-171ef9144374,run1_rep3,B,OPEN,OPEN,request,CACHE,HIT,0.020292000044719316,0.6333749988698401,INFO,adaptador.request,false,degradado,0.5627079990517814,9331.970054092,9331.970667175,9331.9700338,9331.9706168,CIRCUIT_OPEN,2026-09-05T00:03:55.168720Z
08fae8c3-c946-4708-a859-78b27b1da25c,run1_rep3,B,OPEN,OPEN,request,CACHE,HIT,0.01487500048824586,0.28087499958928674,INFO,adaptador.request,false,degradado,0.23270800011232495,9331.980095134,9331.980361134,9331.980080259,9331.980327842,CIRCUIT_OPEN,2026-09-05T00:03:55.178063Z
89c2dd62-10de-4b9c-b261-c19058244dee,run1_rep3,B,OPEN,OPEN,request,CACHE,HIT,0.01887500002339948,0.36379199991642963,INFO,adaptador.request,false,degradado,0.3032079985132441,9332.015938717,9332.016283634,9332.015919842,9332.016241925,CIRCUIT_OPEN,2026-09-05T00:03:55.214002Z
280240d6-72b4-418f-962c-07cc02f1f797,run1_rep3,B,OPEN,OPEN,request,CACHE,HIT,0.012124999557272531,0.2594580000732094,INFO,adaptador.request,false,degradado,0.21120800010976382,9332.021437884,9332.021685217,9332.021425759,9332.021649092,CIRCUIT_OPEN,2026-09-05T00:03:55.219398Z
3e9d89de-1427-410a-afa7-bba69dba6ed0,run1_rep3,B,OPEN,OPEN,request,CACHE,HIT,0.012000000424450263,0.5867079999006819,INFO,adaptador.request,false,degradado,0.5402910010161577,9332.053549384,9332.054124092,9332.053537384,9332.054089675,CIRCUIT_OPEN,2026-09-05T00:03:55.252012Z
0b9225b8-b288-443b-a9bf-d333daef4bc6,run1_rep3,B,OPEN,OPEN,request,CACHE,HIT,0.007791999451001175,0.5125829993630759,INFO,adaptador.request,false,degradado,0.47554100092384033,9332.053793259,9332.05429805,9332.053785467,9332.0542688,CIRCUIT_OPEN,2026-09-05T00:03:55.252168Z
a68e9f1b-f6a0-4468-9282-e714df065a52,run1_rep3,B,OPEN,OPEN,request,CACHE,HIT,0.011250000170548446,0.2720830016187392,INFO,adaptador.request,false,degradado,0.22275000083027408,9332.060928259,9332.061189092,9332.060917009,9332.061151009,CIRCUIT_OPEN,2026-09-05T00:03:55.258903Z
d87c689e-4021-4a1f-a5cf-d27bd6ee0284,run1_rep3,B,OPEN,OPEN,request,CACHE,HIT,0.028083000870537944,0.6109580008342164,INFO,adaptador.request,false,degradado,0.513208999109338,9332.159744925,9332.1603278,9332.159716842,9332.160258134,CIRCUIT_OPEN,2026-09-05T00:03:55.358080Z
14bed687-4c5d-412f-8e29-e65e0327d746,run1_rep3,B,OPEN,OPEN,request,CACHE,HIT,0.012667000191868283,0.5917090002185432,INFO,adaptador.request,false,degradado,0.49854200005938765,9332.222715967,9332.223295009,9332.2227033,9332.223214509,CIRCUIT_OPEN,2026-09-05T00:03:55.421305Z
f126dc13-77bb-4050-9662-e51698964d90,run1_rep3,B,OPEN,OPEN,request,CACHE,HIT,0.044042000808985904,1.2346670009719674,INFO,adaptador.request,false,degradado,1.1357499988662312,9332.222363134,9332.223553759,9332.222319092,9332.223498884,CIRCUIT_OPEN,2026-09-05T00:03:55.421577Z
25094a06-fea1-4e36-a582-32c4d4bf31cb,run1_rep3,B,OPEN,OPEN,request,CACHE,HIT,0.016791000234661624,0.885583000126644,INFO,adaptador.request,false,degradado,0.821166999230627,9332.31709355,9332.317962342,9332.317076759,9332.317914717,CIRCUIT_OPEN,2026-09-05T00:03:55.515715Z
41ddb96a-0c91-4716-bae8-d6398c66d23c,run1_rep3,B,OPEN,OPEN,request,CACHE,HIT,0.053375000788946636,1.165499999842723,INFO,adaptador.request,false,degradado,1.0319159991922788,9332.316593509,9332.317705634,9332.316540134,9332.317625425,CIRCUIT_OPEN,2026-09-05T00:03:55.515951Z
8336228c-e1b7-4c9e-99dc-92728c0a9c00,run1_rep3,B,OPEN,OPEN,request,CACHE,HIT,0.04066700057592243,0.6549589998030569,INFO,adaptador.request,false,degradado,0.5409999994299142,9332.373150092,9332.373764384,9332.373109425,9332.373691092,CIRCUIT_OPEN,2026-09-05T00:03:55.571498Z
32e7cecd-08d2-41f2-a151-db6e7e3bced3,run1_rep3,B,OPEN,OPEN,request,CACHE,HIT,0.03808299879892729,0.6033329991623759,INFO,adaptador.request,false,degradado,0.503999999637017,9332.39030005,9332.3908653,9332.390261967,9332.39080405,CIRCUIT_OPEN,2026-09-05T00:03:55.588596Z
fb77cd64-1786-4e7e-8afc-cb894ab62e6b,run1_rep3,B,OPEN,OPEN,request,CACHE,HIT,0.035208999179303646,1.0185419996560086,INFO,adaptador.request,false,degradado,0.9128750007221242,9332.420427759,9332.421411092,9332.42039255,9332.421340634,CIRCUIT_OPEN,2026-09-05T00:03:55.619366Z
702c4415-eb8b-40ec-92ff-40c972cbf219,run1_rep3,B,OPEN,OPEN,request,CACHE,HIT,0.017207999917445704,0.8007920005184133,INFO,adaptador.request,false,degradado,0.7492090007872321,9332.420848675,9332.421632259,9332.420831467,9332.421597884,CIRCUIT_OPEN,2026-09-05T00:03:55.619674Z
f2254427-59c4-48ba-9764-d24036dec1aa,run1_rep3,B,OPEN,OPEN,request,CACHE,HIT,0.04016700040665455,0.6160419998195721,INFO,adaptador.request,false,degradado,0.5037499995523831,9332.445185842,9332.445761717,9332.445145675,9332.445689592,CIRCUIT_OPEN,2026-09-05T00:03:55.643504Z
5739ac26-e6a0-4a6b-83bc-660e1b014d42,run1_rep3,B,OPEN,OPEN,request,CACHE,HIT,0.049500000386615284,0.8508750015607802,INFO,adaptador.request,false,degradado,0.7105000004230533,9332.550821759,9332.551623134,9332.550772259,9332.551532259,CIRCUIT_OPEN,2026-09-05T00:03:55.749386Z
58d307a0-ca62-4c37-a368-fba5ec991a1b,run1_rep3,B,OPEN,OPEN,request,CACHE,HIT,0.04333400102041196,0.7079999995767139,INFO,adaptador.request,false,degradado,0.578790999497869,9332.583243634,9332.5839083,9332.5832003,9332.583822425,CIRCUIT_OPEN,2026-09-05T00:03:55.781689Z
885fe4ca-aadb-431c-bc2c-c91c8313c7f8,run1_rep3,B,OPEN,OPEN,request,CACHE,HIT,0.021791000108351,0.534124999830965,INFO,adaptador.request,false,degradado,0.4317500006436603,9332.607586675,9332.608099009,9332.607564884,9332.608018425,CIRCUIT_OPEN,2026-09-05T00:03:55.805840Z
4d35becb-2996-439a-ade7-067fe8588f7f,run1_rep3,B,OPEN,OPEN,request,CACHE,HIT,0.025834000553004444,0.4396250005811453,INFO,adaptador.request,false,degradado,0.3471249983704183,9332.627070009,9332.6274838,9332.627044175,9332.627417134,CIRCUIT_OPEN,2026-09-05T00:03:55.825239Z
546f3d9a-11e2-4e60-a724-3c16c5395d90,run1_rep3,B,OPEN,OPEN,request,CACHE,HIT,0.017124999430961907,0.5002919988328358,INFO,adaptador.request,false,degradado,0.42991699956473894,9332.637656134,9332.638139301,9332.637639009,9332.638086051,CIRCUIT_OPEN,2026-09-05T00:03:55.836162Z
8c693fd4-eaa1-4a4e-870c-3c8d5f1c1932,run1_rep3,B,OPEN,OPEN,request,CACHE,HIT,0.020166999092907645,1.17537499863829,INFO,adaptador.request,false,degradado,1.1053750004066387,9332.637256634,9332.638411842,9332.637236467,9332.638362009,CIRCUIT_OPEN,2026-09-05T00:03:55.836431Z
406eae79-2cd6-4bac-aaea-230eefcf5a63,run1_rep3,B,OPEN,OPEN,request,CACHE,HIT,0.018999999156221747,0.3708749991346849,INFO,adaptador.request,false,degradado,0.30570899980375543,9332.670272967,9332.670624842,9332.670253967,9332.670578676,CIRCUIT_OPEN,2026-09-05T00:03:55.868348Z
916ee193-3728-4da5-9317-0335234a5936,run1_rep3,B,OPEN,OPEN,request,CACHE,HIT,0.037290999898687005,0.661915999444318,INFO,adaptador.request,false,degradado,0.5562089991144603,9332.708913717,9332.709538342,9332.708876426,9332.709469926,CIRCUIT_OPEN,2026-09-05T00:03:55.907279Z
1d50f502-7875-4b14-9fa8-6636554c1fed,run1_rep3,B,OPEN,OPEN,request,CACHE,HIT,0.029625000024680048,0.49566699999559205,INFO,adaptador.request,false,degradado,0.4129169992665993,9332.716160967,9332.716627009,9332.716131342,9332.716573884,CIRCUIT_OPEN,2026-09-05T00:03:55.914355Z
83996ecb-b5af-43c2-a7d9-9408f1b91479,run1_rep3,B,OPEN,OPEN,request,CACHE,HIT,0.03087499862886034,0.5588749991147779,INFO,adaptador.request,false,degradado,0.47079200157895684,9332.766686967,9332.767214967,9332.766656092,9332.767157759,CIRCUIT_OPEN,2026-09-05T00:03:55.964953Z
a431acb3-b8d4-4332-a2df-43158e090e55,run1_rep3,B,OPEN,OPEN,request,CACHE,HIT,0.04074999924341682,0.656291998893721,INFO,adaptador.request,false,degradado,0.5078750000393484,9332.829438342,9332.830053884,9332.829397592,9332.829946217,CIRCUIT_OPEN,2026-09-05T00:03:56.027805Z
bfd85022-67e5-4110-b186-6c4a9d81ec2c,run1_rep3,B,OPEN,OPEN,request,CACHE,HIT,0.029749999157502316,0.6214999993972015,INFO,adaptador.request,false,degradado,0.532083000507555,9332.848977009,9332.849568759,9332.848947259,9332.849509092,CIRCUIT_OPEN,2026-09-05T00:03:56.047303Z
203f26fa-a7b2-4cbd-9071-05a1fed5ebd5,run1_rep3,B,OPEN,OPEN,request,CACHE,HIT,0.017291000403929502,0.45791599950462114,INFO,adaptador.request,false,degradado,0.38166699960129336,9332.865930467,9332.866371092,9332.865913176,9332.866312134,CIRCUIT_OPEN,2026-09-05T00:03:56.064127Z
b938f7e3-5901-4ed5-a2e1-c074748ad037,run1_rep3,B,OPEN,OPEN,request,CACHE,HIT,0.045041999328532256,0.7356249989243224,INFO,adaptador.request,false,degradado,0.6218329999683192,9332.917423301,9332.918113884,9332.917378259,9332.918045134,CIRCUIT_OPEN,2026-09-05T00:03:56.115848Z
de0a07a9-f03c-4b0b-92c0-3e08517a5b8b,run1_rep3,B,OPEN,OPEN,request,CACHE,HIT,0.04583400004776195,0.753083999370574,INFO,adaptador.request,false,degradado,0.6097080004110467,9332.933941551,9332.934648801,9332.933895717,9332.934551259,CIRCUIT_OPEN,2026-09-05T00:03:56.132402Z
c863be1a-0fe1-40a8-b700-805e8bc1ae93,run1_rep3,B,OPEN,OPEN,request,CACHE,HIT,0.06024999856890645,0.7975839998834999,INFO,adaptador.request,false,degradado,0.6505000001197914,9332.973014217,9332.973751551,9332.972953967,9332.973664717,CIRCUIT_OPEN,2026-09-05T00:03:56.171495Z
746e4e81-91f2-4c13-9754-305127e532d4,run1_rep3,B,OPEN,OPEN,request,CACHE,HIT,0.039916001696838066,0.6969580008444609,INFO,adaptador.request,false,degradado,0.578791999942041,9333.015783717,9333.016440759,9333.015743801,9333.016362509,CIRCUIT_OPEN,2026-09-05T00:03:56.214201Z
c43e71af-637c-4747-8eab-e5acd1ef01c7,run1_rep3,B,OPEN,OPEN,request,CACHE,HIT,0.03191599898855202,0.5047909999120748,INFO,adaptador.request,false,degradado,0.4180840005574282,9333.026350592,9333.026823467,9333.026318676,9333.026768676,CIRCUIT_OPEN,2026-09-05T00:03:56.224551Z
c46688dc-ec89-410a-b7e8-d37854b71e98,run1_rep3,B,OPEN,OPEN,request,CACHE,HIT,0.02925000080722384,0.7599580003443407,INFO,adaptador.request,false,degradado,0.6597909996344242,9333.040602551,9333.041333259,9333.040573301,9333.041262342,CIRCUIT_OPEN,2026-09-05T00:03:56.239093Z
3d7b6b22-a990-4494-bb6c-660a7470c95d,run1_rep3,B,OPEN,OPEN,request,CACHE,HIT,0.03524999920045957,0.616082999840728,INFO,adaptador.request,false,degradado,0.5031670007156208,9333.103357634,9333.103938467,9333.103322384,9333.103860801,CIRCUIT_OPEN,2026-09-05T00:03:56.301719Z
12da03fb-b6f5-4743-b386-a5f191ec52f2,run1_rep3,B,OPEN,OPEN,request,CACHE,HIT,0.030499999411404133,0.580624999201973,INFO,adaptador.request,false,degradado,0.47400000039488077,9333.153727592,9333.154277717,9333.153697092,9333.154201592,CIRCUIT_OPEN,2026-09-05T00:03:56.352033Z
47dd41dc-6725-42a3-853b-56a9150af5f9,run1_rep3,B,OPEN,OPEN,request,CACHE,HIT,0.049958998715737835,0.6492089996754657,INFO,adaptador.request,false,degradado,0.5185830013942905,9333.170038301,9333.170637551,9333.169988342,9333.170556884,CIRCUIT_OPEN,2026-09-05T00:03:56.368411Z
20e7b5e8-a5ea-4b7f-a24a-d481d787cb58,run1_rep3,B,OPEN,OPEN,request,CACHE,HIT,0.054957999964244664,0.7195830003183801,INFO,adaptador.request,false,degradado,0.5866250012331875,9333.216759967,9333.217424592,9333.216705009,9333.217346592,CIRCUIT_OPEN,2026-09-05T00:03:56.415181Z
587131ce-8a06-44da-84c2-9f2b6680d1fb,run1_rep3,B,OPEN,OPEN,request,CACHE,HIT,0.030791999961365946,0.5290839999361197,INFO,adaptador.request,false,degradado,0.43320799886714667,9333.224089134,9333.224587426,9333.224058342,9333.224522342,CIRCUIT_OPEN,2026-09-05T00:03:56.422331Z
b6219a4a-5899-4ffc-b8b7-b9e43565310e,run1_rep3,B,OPEN,OPEN,request,CACHE,HIT,0.041041999793378636,0.6129169996711425,INFO,adaptador.request,false,degradado,0.4941669994877884,9333.264196634,9333.264768509,9333.264155592,9333.264690801,CIRCUIT_OPEN,2026-09-05T00:03:56.462525Z
36fdb61b-53cd-4af7-9002-674c772fcfb0,run1_rep3,B,OPEN,OPEN,request,CACHE,HIT,0.029959001039969735,0.5317089999152813,INFO,adaptador.request,false,degradado,0.41658299960545264,9333.286550426,9333.287052176,9333.286520467,9333.286967009,CIRCUIT_OPEN,2026-09-05T00:03:56.484788Z
15a6ea3e-d01f-4a28-9426-7ae2864a8a98,run1_rep3,B,OPEN,OPEN,request,CACHE,HIT,0.0401659999624826,0.6509579998237314,INFO,adaptador.request,false,degradado,0.5296670005918713,9333.320922092,9333.321532884,9333.320881926,9333.321451759,CIRCUIT_OPEN,2026-09-05T00:03:56.519289Z
780d2ec8-08e2-4c03-b0a8-c18b07b821f6,run1_rep3,B,OPEN,OPEN,request,CACHE,HIT,0.04108400025870651,0.6277089996729046,INFO,adaptador.request,false,degradado,0.5191660002310527,9333.340147093,9333.340733718,9333.340106009,9333.340666259,CIRCUIT_OPEN,2026-09-05T00:03:56.538486Z
1aa21927-38e8-4a88-b491-639bc19383bc,run1_rep3,B,OPEN,OPEN,request,CACHE,HIT,0.02300000051036477,0.9719580011733342,INFO,adaptador.request,false,degradado,0.9040829991135979,9333.428855426,9333.429804384,9333.428832426,9333.429759509,CIRCUIT_OPEN,2026-09-05T00:03:56.627530Z
1ed55b08-4055-404f-92a6-0cfd019e7687,run1_rep3,B,OPEN,OPEN,request,CACHE,HIT,0.057249999372288585,1.27845899987733,INFO,adaptador.request,false,degradado,1.1206250001123408,9333.428316884,9333.429538093,9333.428259634,9333.429437509,CIRCUIT_OPEN,2026-09-05T00:03:56.627805Z
9655ea83-c97c-4e92-8e34-475dc83ba274,run1_rep3,B,OPEN,OPEN,request,CACHE,HIT,0.04187499871477485,0.9365839996462455,INFO,adaptador.request,false,degradado,0.7905420006864006,9333.472204384,9333.473099093,9333.472162509,9333.472994926,CIRCUIT_OPEN,2026-09-05T00:03:56.670857Z
43a13dc2-46cc-4926-a7f2-44f469ba3b27,run1_rep3,B,OPEN,OPEN,request,CACHE,HIT,0.02237499938928522,0.8595830004196614,INFO,adaptador.request,false,degradado,0.7783750006638002,9333.472886426,9333.473723634,9333.472864051,9333.473664801,CIRCUIT_OPEN,2026-09-05T00:03:56.671629Z
e8dc2735-9b65-48c5-981a-84124db7ec25,run1_rep3,B,OPEN,OPEN,request,CACHE,HIT,0.03991700032202061,0.611166999078705,INFO,adaptador.request,false,degradado,0.49983299868472386,9333.503887426,9333.504458676,9333.503847509,9333.504387259,CIRCUIT_OPEN,2026-09-05T00:03:56.702209Z
c6f9b955-8d79-48be-a118-ec6dae816bcb,run1_rep3,B,OPEN,OPEN,request,CACHE,HIT,0.02975000097649172,0.5631250005535549,INFO,adaptador.request,false,degradado,0.4778339989570668,9333.524980259,9333.525513634,9333.524950509,9333.525458093,CIRCUIT_OPEN,2026-09-05T00:03:56.723242Z
0301b68e-7c81-457b-86d0-be0fad3ae5ee,run1_rep3,B,OPEN,OPEN,request,CACHE,HIT,0.03825000021606684,1.0700420007196954,INFO,adaptador.request,false,degradado,0.9542080006212927,9333.544539551,9333.545571343,9333.544501301,9333.545493759,CIRCUIT_OPEN,2026-09-05T00:03:56.743591Z
5ec0389d-5a89-47f4-9cc0-13f503080269,run1_rep3,B,OPEN,OPEN,request,CACHE,HIT,0.021583000489044935,0.8580000012443634,INFO,adaptador.request,false,degradado,0.7758749998174608,9333.544998259,9333.545834676,9333.544976676,9333.545774134,CIRCUIT_OPEN,2026-09-05T00:03:56.743906Z
08e8d42b-8c9b-49a9-b6a9-5455fb2d4736,run1_rep3,B,OPEN,OPEN,request,CACHE,HIT,0.02937499994004611,0.5433330006781034,INFO,adaptador.request,false,degradado,0.45641700125997886,9333.568427801,9333.568941759,9333.568398426,9333.568884218,CIRCUIT_OPEN,2026-09-05T00:03:56.766692Z
8b3927f4-1730-42f6-a6af-1ccdd69355a0,run1_rep3,B,OPEN,OPEN,request,CACHE,HIT,0.04325000008975621,0.6656250006926712,INFO,adaptador.request,false,degradado,0.5461670007207431,9333.623152384,9333.623774759,9333.623109134,9333.623698551,CIRCUIT_OPEN,2026-09-05T00:03:56.821517Z
f09419ea-4e44-40e4-967d-710efa6be741,run1_rep3,B,OPEN,OPEN,request,CACHE,HIT,0.031042000045999885,0.5122499987919582,INFO,adaptador.request,false,degradado,0.41783300002862234,9333.638337676,9333.638818884,9333.638306634,9333.638755509,CIRCUIT_OPEN,2026-09-05T00:03:56.836553Z
44a0cb2d-8650-4c45-8e22-13cf39b4fe75,run1_rep3,B,OPEN,OPEN,request,CACHE,HIT,0.03870799992000684,0.5952500014245743,INFO,adaptador.request,false,degradado,0.4696670002886094,9333.715493384,9333.716049926,9333.715454676,9333.715963051,CIRCUIT_OPEN,2026-09-05T00:03:56.913805Z
5669f56c-8f1e-41af-8bc6-300bdd85f1ca,run1_rep3,B,OPEN,OPEN,request,CACHE,HIT,0.03233399911550805,0.6214170007297071,INFO,adaptador.request,false,degradado,0.5041660006099846,9333.728455718,9333.729044801,9333.728423384,9333.728959884,CIRCUIT_OPEN,2026-09-05T00:03:56.926788Z
b0204406-47e9-4256-a626-7b19dc4b1fc2,run1_rep3,B,OPEN,OPEN,request,CACHE,HIT,0.03208399903087411,0.6022500001563458,INFO,adaptador.request,false,degradado,0.4995830004190793,9333.751670093,9333.752240259,9333.751638009,9333.752169676,CIRCUIT_OPEN,2026-09-05T00:03:56.949986Z
fddbea4b-e7d5-49cf-b9e9-1c079ce6cab2,run1_rep3,B,OPEN,OPEN,request,CACHE,HIT,0.025208000806742348,0.5107920005684718,INFO,adaptador.request,false,degradado,0.4210419992887182,9333.762444009,9333.762929593,9333.762418801,9333.762865051,CIRCUIT_OPEN,2026-09-05T00:03:56.960699Z
17a623d1-c2ef-493b-8d0b-c2f601ae8b77,run1_rep3,B,OPEN,OPEN,request,CACHE,HIT,0.016832998881000094,0.5524579992197687,INFO,adaptador.request,false,degradado,0.45733300066785887,9333.780208051,9333.780743676,9333.780191218,9333.780665384,CIRCUIT_OPEN,2026-09-05T00:03:56.978768Z
7988c7ab-5f96-469f-8335-0d44db230a91,run1_rep3,B,OPEN,OPEN,request,CACHE,HIT,0.03141699926345609,1.2134999997215346,INFO,adaptador.request,false,degradado,1.111999999920954,9333.779839551,9333.781021634,9333.779808134,9333.780951551,CIRCUIT_OPEN,2026-09-05T00:03:56.979051Z
ac01ae45-c524-4fa3-90fa-f8e35ace19f6,run1_rep3,B,OPEN,OPEN,request,CACHE,HIT,0.043791000280180015,0.6729159995302325,INFO,adaptador.request,false,degradado,0.5413340004452039,9333.858694634,9333.859323759,9333.858650843,9333.859235968,CIRCUIT_OPEN,2026-09-05T00:03:57.057085Z
7c103887-a59b-4790-8901-3c9b456694cd,run1_rep3,B,OPEN,OPEN,request,CACHE,HIT,0.042499999835854396,0.7347500013565877,INFO,adaptador.request,false,degradado,0.6037080001988215,9333.917752843,9333.918445093,9333.917710343,9333.918356551,CIRCUIT_OPEN,2026-09-05T00:03:57.116206Z
ba58c479-fa23-45b0-ba69-b78cb4961a91,run1_rep3,B,OPEN,OPEN,request,CACHE,HIT,0.02499999936844688,0.8247499990829965,INFO,adaptador.request,false,degradado,0.5304160004016012,9333.919705843,9333.920505593,9333.919680843,9333.920236259,CIRCUIT_OPEN,2026-09-05T00:03:57.118298Z
8d599bad-dd6c-42ec-967e-ba33ebc3aaa2,run1_rep3,B,OPEN,OPEN,request,CACHE,HIT,0.028792001103283837,0.5403329996624961,INFO,adaptador.request,false,degradado,0.46520799878635444,9333.944892343,9333.945403884,9333.944863551,9333.945357551,CIRCUIT_OPEN,2026-09-05T00:03:57.143110Z
3bfb46c6-b157-46b8-8349-2208a22ba4fb,run1_rep3,B,OPEN,OPEN,request,CACHE,HIT,0.040499999158782884,0.6789170001866296,INFO,adaptador.request,false,degradado,0.5655830009345664,9333.987165301,9333.987803718,9333.987124801,9333.987730884,CIRCUIT_OPEN,2026-09-05T00:03:57.185552Z
9833635c-9b01-4a07-902d-bf1b04b41da6,run1_rep3,B,OPEN,OPEN,request,CACHE,HIT,0.03441700027906336,0.7006670002738247,INFO,adaptador.request,false,degradado,0.5846669992024545,9334.023838801,9334.024505051,9334.023804384,9334.024423468,CIRCUIT_OPEN,2026-09-05T00:03:57.222269Z
cdbbc8de-5899-4924-9f7c-9046efcc90a9,run1_rep3,B,OPEN,OPEN,request,CACHE,HIT,0.046458000724669546,0.7537500005128095,INFO,adaptador.request,false,degradado,0.6273340004554484,9334.091686926,9334.092394218,9334.091640468,9334.09231426,CIRCUIT_OPEN,2026-09-05T00:03:57.290145Z
2645b7c4-a5d7-45d8-aadb-e29e49301836,run1_rep3,B,OPEN,OPEN,request,CACHE,HIT,0.027583000701270066,0.5941250001342269,INFO,adaptador.request,false,degradado,0.4759999992529629,9334.108459801,9334.109026343,9334.108432218,9334.108935801,CIRCUIT_OPEN,2026-09-05T00:03:57.306781Z
6d7542aa-daea-4d18-8fff-d126c906cfa7,run1_rep3,B,OPEN,OPEN,request,CACHE,HIT,0.021500000002561137,0.40920800165622495,INFO,adaptador.request,false,degradado,0.3293330009910278,9334.171637843,9334.172025551,9334.171616343,9334.171967176,CIRCUIT_OPEN,2026-09-05T00:03:57.369762Z
79c9c39a-ff83-4cff-a24e-7d394577ee35,run1_rep3,B,OPEN,OPEN,request,CACHE,HIT,0.027167001462657936,0.5072500007372582,INFO,adaptador.request,false,degradado,0.42387499888718594,9334.18244376,9334.182923843,9334.182416593,9334.182867635,CIRCUIT_OPEN,2026-09-05T00:03:57.380676Z
95a91349-f459-41d9-b067-b837b862c2bc,run1_rep3,B,OPEN,OPEN,request,CACHE,HIT,0.05166700066183694,0.824500000817352,INFO,adaptador.request,false,degradado,0.6724579998262925,9334.210281885,9334.211054718,9334.210230218,9334.210954343,CIRCUIT_OPEN,2026-09-05T00:03:57.408798Z
3b0d1c0f-ecab-45b4-b1ca-e6d1bdbb5343,run1_rep3,B,OPEN,OPEN,request,CACHE,HIT,0.054082998758531176,0.7970419992489042,INFO,adaptador.request,false,degradado,0.6573749997187406,9334.255955301,9334.25669826,9334.255901218,9334.256612676,CIRCUIT_OPEN,2026-09-05T00:03:57.454453Z
13edeb6e-e7c2-46d0-b5a4-72038ea28a44,run1_rep3,B,OPEN,OPEN,request,CACHE,HIT,0.031292000130633824,0.7397090012091212,INFO,adaptador.request,false,degradado,0.6399169997166609,9334.266729718,9334.267438135,9334.266698426,9334.267369635,CIRCUIT_OPEN,2026-09-05T00:03:57.465184Z
2a96fe60-bb22-4848-b683-87499ac978b9,run1_rep3,B,OPEN,OPEN,request,CACHE,HIT,0.03270800152677111,1.101416000892641,INFO,adaptador.request,false,degradado,0.980416998572764,9334.302958218,9334.304026926,9334.30292551,9334.303938635,CIRCUIT_OPEN,2026-09-05T00:03:57.502024Z
75756913-46f4-4d1f-99ff-cf297c5c345e,run1_rep3,B,OPEN,OPEN,request,CACHE,HIT,0.022083000658312812,0.8169579996319953,INFO,adaptador.request,false,degradado,0.7467920004273765,9334.303484926,9334.304279801,9334.303462843,9334.304231718,CIRCUIT_OPEN,2026-09-05T00:03:57.502299Z
50afc839-cbfd-43c2-8f67-7357417e3323,run1_rep3,B,OPEN,OPEN,request,CACHE,HIT,0.02470800063747447,0.3653330004453892,INFO,adaptador.request,false,degradado,0.30624999999417923,9334.316930093,9334.317270718,9334.316905385,9334.317236343,CIRCUIT_OPEN,2026-09-05T00:03:57.514988Z
59585439-2e94-44fa-9707-dbd6e98907f8,run1_rep3,B,OPEN,OPEN,request,CACHE,HIT,0.03387499964446761,0.5580420001933817,INFO,adaptador.request,false,degradado,0.46150000162015203,9334.345451426,9334.345975593,9334.345417551,9334.345912926,CIRCUIT_OPEN,2026-09-05T00:03:57.543746Z
32ff171b-6bf3-43b6-a271-e273c028b62f,run1_rep3,B,OPEN,OPEN,request,CACHE,HIT,0.054957999964244664,0.9655829999246635,INFO,adaptador.request,false,degradado,0.718083998435759,9334.415429676,9334.416340301,9334.415374718,9334.41614776,CIRCUIT_OPEN,2026-09-05T00:03:57.614146Z
27a37057-e9b6-490e-a837-808ca3ba21dc,run1_rep3,B,OPEN,OPEN,request,CACHE,HIT,0.028374999601510353,0.5157089999556774,INFO,adaptador.request,false,degradado,0.43300000106683,9334.417501801,9334.417989135,9334.417473426,9334.417934801,CIRCUIT_OPEN,2026-09-05T00:03:57.615733Z
357f3e82-f45f-4435-819a-7fb31866432e,run1_rep3,B,OPEN,OPEN,request,CACHE,HIT,0.027999998565064743,0.9472089986957144,INFO,adaptador.request,false,degradado,0.8555420008633519,9334.420347426,9334.421266635,9334.420319426,9334.421202968,CIRCUIT_OPEN,2026-09-05T00:03:57.619010Z
2240ed0c-0d86-47f7-ab72-2ad0020b9adb,run1_rep3,B,OPEN,OPEN,request,CACHE,HIT,0.022292000721790828,0.509167000927846,INFO,adaptador.request,false,degradado,0.43937499867752194,9334.423603093,9334.424089968,9334.423580801,9334.424042468,CIRCUIT_OPEN,2026-09-05T00:03:57.621824Z
8f5e7aca-3fac-44ce-9426-683c8d745bd4,run1_rep3,B,OPEN,OPEN,request,CACHE,HIT,0.02137500086973887,0.42104100066353567,INFO,adaptador.request,false,degradado,0.35158299942850135,9334.43792876,9334.438328426,9334.437907385,9334.438280343,CIRCUIT_OPEN,2026-09-05T00:03:57.636056Z
bc1f3dad-0356-43f2-870a-b2bc24ac5749,run1_rep3,B,OPEN,OPEN,request,CACHE,HIT,0.036749999708263204,0.676042000122834,INFO,adaptador.request,false,degradado,0.5532089999178424,9334.620844676,9334.621483968,9334.620807926,9334.621397885,CIRCUIT_OPEN,2026-09-05T00:03:57.819231Z
3a1e9a15-7a74-41b9-a6d0-181103c6e1a9,run1_rep3,B,OPEN,OPEN,request,CACHE,HIT,0.0318750007863855,0.712417000613641,INFO,adaptador.request,false,degradado,0.6049589992471738,9334.627991051,9334.628671593,9334.627959176,9334.62859601,CIRCUIT_OPEN,2026-09-05T00:03:57.826431Z
da9c3184-0254-4e4e-ac93-5863c04fec7a,run1_rep3,B,OPEN,OPEN,request,CACHE,HIT,0.05595800030278042,0.8919169995351695,INFO,adaptador.request,false,degradado,0.7264169998961734,9334.688978676,9334.689814635,9334.688922718,9334.689705093,CIRCUIT_OPEN,2026-09-05T00:03:57.887594Z
07929d18-8e89-48cb-97fe-272d28981964,run1_rep3,B,OPEN,OPEN,request,CACHE,HIT,0.036082999940845184,1.0393749998911517,INFO,adaptador.request,false,degradado,0.8617500006948831,9334.696074843,9334.697078135,9334.69603876,9334.696936593,CIRCUIT_OPEN,2026-09-05T00:03:57.894860Z
85e808dd-3cc6-45d2-ad91-0c27bf08c1d2,run1_rep3,B,OPEN,OPEN,request,CACHE,HIT,0.043000000005122274,0.689292000970454,INFO,adaptador.request,false,degradado,0.5779590010206448,9334.725462801,9334.726109093,9334.725419801,9334.72604076,CIRCUIT_OPEN,2026-09-05T00:03:57.923853Z
66be041f-8efd-476d-be9e-0d29ec186b40,run1_rep3,B,OPEN,OPEN,request,CACHE,HIT,0.04158400042797439,0.8495420006511267,INFO,adaptador.request,false,degradado,0.7387500008917414,9334.746944052,9334.74775201,9334.746902468,9334.747682802,CIRCUIT_OPEN,2026-09-05T00:03:57.945507Z
7c638699-319e-4c0c-9acd-81e2b00d5545,run1_rep3,B,OPEN,OPEN,request,CACHE,HIT,0.054292000640998594,0.9204170000884915,INFO,adaptador.request,false,degradado,0.7521249990531942,9334.817993302,9334.818859427,9334.81793901,9334.818745427,CIRCUIT_OPEN,2026-09-05T00:03:58.016643Z
5ee70b1a-3a2a-4a1e-9863-19cb88ed021f,run1_rep3,B,OPEN,OPEN,request,CACHE,HIT,0.06008300078974571,1.7884579992824001,INFO,adaptador.request,false,degradado,1.625249999051448,9334.85892326,9334.860651635,9334.858863177,9334.86054851,CIRCUIT_OPEN,2026-09-05T00:03:58.058786Z
85f9c820-471b-4686-a80d-269c623744ec,run1_rep3,B,OPEN,OPEN,request,CACHE,HIT,0.037709000025643036,1.2498750002123415,INFO,adaptador.request,false,degradado,1.1762909998651594,9334.859767927,9334.860980093,9334.859730218,9334.860944218,CIRCUIT_OPEN,2026-09-05T00:03:58.059232Z
3675e5d2-3bd0-43a6-a6f6-a8527eeec916,run1_rep3,B,OPEN,OPEN,request,CACHE,HIT,0.0211669994314434,0.5282080001052236,INFO,adaptador.request,false,degradado,0.449875000413158,9334.863685302,9334.864192343,9334.863664135,9334.864135177,CIRCUIT_OPEN,2026-09-05T00:03:58.061944Z
088fe508-b2c4-40d5-b75c-7fc2482310d8,run1_rep3,B,OPEN,OPEN,request,CACHE,HIT,0.032916999771259725,0.45437499829859007,INFO,adaptador.request,false,degradado,0.36691700006485917,9334.870015885,9334.870437343,9334.869982968,9334.870382802,CIRCUIT_OPEN,2026-09-05T00:03:58.068172Z
dc5b2695-0ac7-4c05-96f7-1c77f82dcb0a,run1_rep3,B,OPEN,OPEN,request,CACHE,HIT,0.018958000509883277,0.6872920002933824,INFO,adaptador.request,false,degradado,0.6262919996515848,9334.870767218,9334.871435552,9334.87074826,9334.87139351,CIRCUIT_OPEN,2026-09-05T00:03:58.069161Z
d58a1958-2add-4e7e-b198-d07c575af510,run1_rep3,B,OPEN,OPEN,request,CACHE,HIT,0.01275000067835208,0.30624999999417923,INFO,adaptador.request,false,degradado,0.2545419993111864,9334.879216968,9334.879510468,9334.879204218,9334.87947151,CIRCUIT_OPEN,2026-09-05T00:03:58.077226Z
d916bb76-2c30-43f4-bd5f-dc17ce22b07b,run1_rep3,B,OPEN,OPEN,request,CACHE,HIT,0.019332999727339484,0.3389999983482994,INFO,adaptador.request,false,degradado,0.27645799855235964,9334.88719101,9334.887510677,9334.887171677,9334.887467468,CIRCUIT_OPEN,2026-09-05T00:03:58.085226Z
865d849a-b970-4ef7-a4d7-0923e6282a26,run1_rep3,B,OPEN,OPEN,request,CACHE,HIT,0.05079199945612345,1.0891249985434115,INFO,adaptador.request,false,degradado,0.9327080006187316,9335.03378926,9335.034827593,9335.033738468,9335.034721968,CIRCUIT_OPEN,2026-09-05T00:03:58.232906Z
fb74aae6-c3c6-4ebc-b2b3-ac52fac66acb,run1_rep3,B,OPEN,OPEN,request,CACHE,HIT,0.01424999936716631,0.9733329989103368,INFO,adaptador.request,false,degradado,0.9032910002133576,9335.034193177,9335.03515226,9335.034178927,9335.035096468,CIRCUIT_OPEN,2026-09-05T00:03:58.233191Z
afbe4931-0891-46f3-af80-f14a7fcfa470,run1_rep3,B,OPEN,OPEN,request,CACHE,HIT,0.05479100036609452,0.8666660014569061,INFO,adaptador.request,false,degradado,0.6989169996813871,9335.070847718,9335.071659593,9335.070792927,9335.071546635,CIRCUIT_OPEN,2026-09-05T00:03:58.269491Z
5d9d5642-5ce4-46aa-a681-01c90fa6e14e,run1_rep3,B,OPEN,OPEN,request,CACHE,HIT,0.030290999347926117,0.5597500003204914,INFO,adaptador.request,false,degradado,0.45816700003342703,9335.078195843,9335.078725302,9335.078165552,9335.07865401,CIRCUIT_OPEN,2026-09-05T00:03:58.276483Z
077a91ea-f36f-4a92-abe2-340d419f5b3d,run1_rep3,B,OPEN,OPEN,request,CACHE,HIT,0.01766700006555766,0.4711250003310852,INFO,adaptador.request,false,degradado,0.4015829999843845,9335.083838385,9335.084291843,9335.083820718,9335.084239968,CIRCUIT_OPEN,2026-09-05T00:03:58.282020Z
9c234b1f-deeb-4eb8-afaf-81581c14ca31,run1_rep3,B,OPEN,OPEN,request,CACHE,HIT,0.054292000640998594,0.6612920005863998,INFO,adaptador.request,false,degradado,0.5236249999143183,9335.12503501,9335.12564201,9335.124980718,9335.125558635,CIRCUIT_OPEN,2026-09-05T00:03:58.323397Z
d69a1549-3388-4c68-b26a-e97a0213cd1f,run1_rep3,B,OPEN,OPEN,request,CACHE,HIT,0.04762500066135544,1.2321249996603,INFO,adaptador.request,false,degradado,1.0946669990516966,9335.174347218,9335.175531718,9335.174299593,9335.175441885,CIRCUIT_OPEN,2026-09-05T00:03:58.373527Z
ecd7ac5f-4ad7-40df-90a7-5166eaffc32b,run1_rep3,B,OPEN,OPEN,request,CACHE,HIT,0.02191600106016267,0.988916001006146,INFO,adaptador.request,false,degradado,0.9262919993489049,9335.174827843,9335.175794843,9335.174805927,9335.175754135,CIRCUIT_OPEN,2026-09-05T00:03:58.373846Z
8b949c3a-7101-4c5f-ac16-00ec679a16f8,run1_rep3,B,OPEN,OPEN,request,CACHE,HIT,0.05441699977382086,0.8886669984349282,INFO,adaptador.request,false,degradado,0.7338329996855464,9335.221783552,9335.222617802,9335.221729135,9335.222517385,CIRCUIT_OPEN,2026-09-05T00:03:58.420391Z
dc2ec9b5-a131-4eeb-9437-1c393ecd139b,run1_rep3,B,OPEN,OPEN,request,CACHE,HIT,0.03216699951735791,0.610916998994071,INFO,adaptador.request,false,degradado,0.5027919996791752,9335.228411385,9335.228990135,9335.228379218,9335.228914177,CIRCUIT_OPEN,2026-09-05T00:03:58.426769Z
3af4795c-55e7-4347-95d4-a97e7e87f98e,run1_rep3,B,OPEN,OPEN,request,CACHE,HIT,0.057375000324100256,0.9554580010444624,INFO,adaptador.request,false,degradado,0.7889579992479412,9335.372609135,9335.373507218,9335.37255176,9335.373398093,CIRCUIT_OPEN,2026-09-05T00:03:58.571272Z
0c92d6e6-1600-430d-bcd6-369fb3390337,run1_rep3,B,OPEN,OPEN,request,CACHE,HIT,0.0457500009360956,0.7603750000271248,INFO,adaptador.request,false,degradado,0.6071249990782235,9335.402564927,9335.403279552,9335.402519177,9335.403172052,CIRCUIT_OPEN,2026-09-05T00:03:58.601064Z
92764b75-cc4e-454d-8f01-3e661a2e1e7b,run1_rep3,B,OPEN,OPEN,request,CACHE,HIT,0.04345799970906228,0.7229170005302876,INFO,adaptador.request,false,degradado,0.6037090006429935,9335.429783343,9335.430462802,9335.429739885,9335.430387052,CIRCUIT_OPEN,2026-09-05T00:03:58.628209Z
2c498e9a-31ce-45c1-a869-8485196111e8,run1_rep3,B,OPEN,OPEN,request,CACHE,HIT,0.04604099922289606,0.6130830006441101,INFO,adaptador.request,false,degradado,0.49366700113750994,9335.475593135,9335.476160177,9335.475547094,9335.476086802,CIRCUIT_OPEN,2026-09-05T00:03:58.673919Z
39d83e75-033d-4c94-9f02-27c1802bbba7,run1_rep3,B,OPEN,OPEN,request,CACHE,HIT,0.041416000385652296,0.6453330006479518,INFO,adaptador.request,false,degradado,0.5347089991118992,9335.495557635,9335.496161552,9335.495516219,9335.496092344,CIRCUIT_OPEN,2026-09-05T00:03:58.693910Z
919bc74a-c56a-4bac-be15-273ea604cfa8,run1_rep3,B,OPEN,OPEN,request,CACHE,HIT,0.025207998987752944,0.9287499997299165,INFO,adaptador.request,false,degradado,0.7927090009616222,9335.49961401,9335.500517552,9335.499588802,9335.500406719,CIRCUIT_OPEN,2026-09-05T00:03:58.698286Z
8d72edab-b0f4-4040-b9ff-df69694ada57,run1_rep3,B,OPEN,OPEN,request,CACHE,HIT,0.04083299972990062,1.1459159995865775,INFO,adaptador.request,false,degradado,1.02537499878963,9335.546539802,9335.547644885,9335.546498969,9335.547565177,CIRCUIT_OPEN,2026-09-05T00:03:58.745739Z
232bebc2-1740-45bd-b017-9d6f8b1ca756,run1_rep3,B,OPEN,OPEN,request,CACHE,HIT,0.02312499964318704,0.9194579997711116,INFO,adaptador.request,false,degradado,0.8387910002056742,9335.547064344,9335.547960677,9335.547041219,9335.547903135,CIRCUIT_OPEN,2026-09-05T00:03:58.746029Z
a6ce12cf-f4d2-48a3-8fbb-c62991535c61,run1_rep3,B,OPEN,OPEN,request,CACHE,HIT,0.030749999496038072,1.0860829988814658,INFO,adaptador.request,false,degradado,0.985541999398265,9335.577923302,9335.578978635,9335.577892552,9335.578908844,CIRCUIT_OPEN,2026-09-05T00:03:58.777038Z
33ef9c2b-14be-42ff-9091-f092e22be101,run1_rep3,B,OPEN,OPEN,request,CACHE,HIT,0.014457998986472376,0.8994580002763541,INFO,adaptador.request,false,degradado,0.8318750005855691,9335.578398802,9335.579283802,9335.578384344,9335.579230677,CIRCUIT_OPEN,2026-09-05T00:03:58.777367Z
937aec68-50bd-4a1e-854e-b8813b2bee29,run1_rep3,B,OPEN,OPEN,request,CACHE,HIT,0.018583999917609617,0.380000001314329,INFO,adaptador.request,false,degradado,0.31683300039730966,9335.584694344,9335.58505576,9335.58467576,9335.585011177,CIRCUIT_OPEN,2026-09-05T00:03:58.782784Z
c80c2187-f352-4e3f-bf1b-7aabf251a195,run1_rep3,B,OPEN,OPEN,request,CACHE,HIT,0.03616699905251153,0.6779999985155882,INFO,adaptador.request,false,degradado,0.5628750004689209,9335.659957094,9335.660598927,9335.659920927,9335.660519969,CIRCUIT_OPEN,2026-09-05T00:03:58.858355Z
98d0c1ea-69a2-4250-b431-634e6bf38d62,run1_rep3,B,OPEN,OPEN,request,CACHE,HIT,0.027709000278264284,0.584375000471482,INFO,adaptador.request,false,degradado,0.48483299906365573,9335.666070719,9335.666627385,9335.66604301,9335.666555552,CIRCUIT_OPEN,2026-09-05T00:03:58.864385Z
a9ee8da5-bd3a-4f27-b77b-80457cee3dba,run1_rep3,B,OPEN,OPEN,request,CACHE,HIT,0.03866699989885092,0.9288330002164003,INFO,adaptador.request,false,degradado,0.8078329992713407,9335.759731344,9335.76062151,9335.759692677,9335.760539177,CIRCUIT_OPEN,2026-09-05T00:03:58.958394Z
5bb7dba0-0540-42be-953d-2157cec517f8,run1_rep3,B,OPEN,OPEN,request,CACHE,HIT,0.02245900031994097,0.9020420002343599,INFO,adaptador.request,false,degradado,0.8291249996545957,9335.760429344,9335.761308927,9335.760406885,9335.761258469,CIRCUIT_OPEN,2026-09-05T00:03:58.959249Z
f02b9898-70a6-4bf6-8933-ed130390f129,run1_rep3,B,OPEN,OPEN,request,CACHE,HIT,0.061916998674860224,0.8951249983510934,INFO,adaptador.request,false,degradado,0.6758750005246839,9335.879783719,9335.880616927,9335.879721802,9335.880459594,CIRCUIT_OPEN,2026-09-05T00:03:59.078396Z
d3017387-34f1-4a93-9b26-8fe49ce02bdf,run1_rep3,B,OPEN,OPEN,request,CACHE,HIT,0.02874999881896656,0.7069579987728503,INFO,adaptador.request,false,degradado,0.5478750008478528,9335.882693552,9335.88337176,9335.882664802,9335.883241427,CIRCUIT_OPEN,2026-09-05T00:03:59.081214Z
c7a2965f-4453-45f8-b7c7-9754a66a4ba7,run1_rep3,B,OPEN,OPEN,request,CACHE,HIT,0.03020899930561427,0.5535420004889602,INFO,adaptador.request,false,degradado,0.4523330007941695,9335.892999094,9335.893522427,9335.892968885,9335.893451427,CIRCUIT_OPEN,2026-09-05T00:03:59.091275Z
0e81f153-76f3-4727-a350-aa6f236fce4f,run1_rep3,B,OPEN,OPEN,request,CACHE,HIT,0.01716599945211783,0.3574999991542427,INFO,adaptador.request,false,degradado,0.29183399965404533,9335.89736526,9335.897705594,9335.897348094,9335.897657094,CIRCUIT_OPEN,2026-09-05T00:03:59.095435Z
2e743478-38da-4432-99d9-cd954159205a,run1_rep3,B,OPEN,OPEN,request,CACHE,HIT,0.01570899985381402,0.3237919991079252,INFO,adaptador.request,false,degradado,0.26945799982058816,9335.909445469,9335.909753552,9335.90942976,9335.909714927,CIRCUIT_OPEN,2026-09-05T00:03:59.107469Z
f3a45133-66e5-4e41-9a09-f668733a21b4,run1_rep3,B,OPEN,OPEN,request,CACHE,HIT,0.03474999903119169,0.6044999990990618,INFO,adaptador.request,false,degradado,0.4825830001209397,9335.930494802,9335.931064552,9335.930460052,9335.930977385,CIRCUIT_OPEN,2026-09-05T00:03:59.128804Z
75a86fbe-dda3-46b4-96da-0063449c2491,run1_rep3,B,OPEN,OPEN,request,CACHE,HIT,0.04000000080850441,0.6805829998484114,INFO,adaptador.request,false,degradado,0.5627919999824371,9335.987304177,9335.98794476,9335.987264177,9335.987866969,CIRCUIT_OPEN,2026-09-05T00:03:59.185722Z
6a731082-cf64-4d78-a893-af650823a7e7,run1_rep3,B,OPEN,OPEN,request,CACHE,HIT,0.03241699960199185,0.6168750005599577,INFO,adaptador.request,false,degradado,0.5170420008653309,9336.018739177,9336.019323635,9336.01870676,9336.019256219,CIRCUIT_OPEN,2026-09-05T00:03:59.217074Z
3300ecf2-811a-4c0a-99f9-38689b791d96,run1_rep3,B,OPEN,OPEN,request,CACHE,HIT,0.08245800017903093,0.661915999444318,INFO,adaptador.request,false,degradado,0.5098329984321026,9336.041076052,9336.04165551,9336.040993594,9336.041585885,CIRCUIT_OPEN,2026-09-05T00:03:59.239409Z
ea5a39ac-93e4-48ca-9978-18c1b45e55c6,run1_rep3,B,OPEN,OPEN,request,CACHE,HIT,0.03220799953851383,0.5478330003825249,INFO,adaptador.request,false,degradado,0.4467090002435725,9336.072209635,9336.07272526,9336.072177427,9336.072656344,CIRCUIT_OPEN,2026-09-05T00:03:59.270470Z
1e328f9d-912e-494a-818c-cb9aee57e0ee,run1_rep3,B,OPEN,OPEN,request,CACHE,HIT,0.04391599941300228,0.6085829991206992,INFO,adaptador.request,false,degradado,0.5055000001448207,9336.10172626,9336.102290927,9336.101682344,9336.10223176,CIRCUIT_OPEN,2026-09-05T00:03:59.300029Z
830a86c7-9ac9-4bed-9708-507b584bfb1a,run1_rep3,B,OPEN,OPEN,request,CACHE,HIT,0.020125000446569175,0.6897920011397218,INFO,adaptador.request,false,degradado,0.5842089994985145,9336.163196677,9336.163866344,9336.163176552,9336.163780886,CIRCUIT_OPEN,2026-09-05T00:03:59.361944Z
6ef37503-0122-448e-8a7e-d2f05a6fc41b,run1_rep3,B,OPEN,OPEN,request,CACHE,HIT,0.04495899884204846,1.5229170003294712,INFO,adaptador.request,false,degradado,1.4166250002745073,9336.162710386,9336.164188344,9336.162665427,9336.164127011,CIRCUIT_OPEN,2026-09-05T00:03:59.362258Z
055f2d2e-cd21-443a-a860-6b41a33c3ab3,run1_rep3,B,OPEN,OPEN,request,CACHE,HIT,0.058957999499398284,1.8403329995635431,INFO,adaptador.request,false,degradado,1.701416998912464,9336.208124302,9336.209905677,9336.208065344,9336.209825719,CIRCUIT_OPEN,2026-09-05T00:03:59.407713Z
83124a5a-857e-40d3-8c1e-5ca6824a5499,run1_rep3,B,OPEN,OPEN,request,CACHE,HIT,0.027874999432242475,1.8622919997142162,INFO,adaptador.request,false,degradado,1.6769579997344408,9336.209726719,9336.211561136,9336.209698844,9336.211403677,CIRCUIT_OPEN,2026-09-05T00:03:59.409382Z
36092d82-ef0f-4506-95ab-e89e68b11213,run1_rep3,B,OPEN,OPEN,request,CACHE,HIT,0.02258400127175264,0.4493340002227342,INFO,adaptador.request,false,degradado,0.383624999813037,9336.227935761,9336.228362511,9336.227913177,9336.228319386,CIRCUIT_OPEN,2026-09-05T00:03:59.426079Z
7a0a393c-aa6a-48c1-99d8-be0fe2bae67a,run1_rep3,B,OPEN,OPEN,request,CACHE,HIT,0.01379100103804376,0.33525000071676914,INFO,adaptador.request,false,degradado,0.2584169997135177,9336.230710427,9336.231031886,9336.230696636,9336.230968844,CIRCUIT_OPEN,2026-09-05T00:03:59.428755Z
47408b22-ebb1-4d15-8465-62923e658194,run1_rep3,B,OPEN,OPEN,request,CACHE,HIT,0.015083000107551925,0.33179199999722186,INFO,adaptador.request,false,degradado,0.270417000137968,9336.240460302,9336.240777011,9336.240445219,9336.240730719,CIRCUIT_OPEN,2026-09-05T00:03:59.438497Z
4ea1940b-3e5e-4a20-9c01-406a6af79993,run1_rep3,B,OPEN,OPEN,request,CACHE,HIT,0.06399999983841553,0.8436670013907133,INFO,adaptador.request,false,degradado,0.6747500010533258,9336.327664927,9336.328444594,9336.327600927,9336.328339677,CIRCUIT_OPEN,2026-09-05T00:03:59.526210Z
b6df84d6-6aa3-4b00-b797-2623f334e38c,run1_rep3,B,OPEN,OPEN,request,CACHE,HIT,0.04891699973086361,0.8122920007735956,INFO,adaptador.request,false,degradado,0.6717500000377186,9336.353641261,9336.354404636,9336.353592344,9336.354313011,CIRCUIT_OPEN,2026-09-05T00:03:59.552160Z
e9cda69e-cfe1-445a-bc06-745f783390d8,run1_rep3,B,OPEN,OPEN,request,CACHE,HIT,0.0335000004270114,0.622334000581759,INFO,adaptador.request,false,degradado,0.51004200031457,9336.369814927,9336.370403761,9336.369781427,9336.370324969,CIRCUIT_OPEN,2026-09-05T00:03:59.568164Z
3032ce51-f511-4fcb-b5e4-4a649e5decb3,run1_rep3,B,OPEN,OPEN,request,CACHE,HIT,0.053124998885323294,0.8029579985304736,INFO,adaptador.request,false,degradado,0.6568749995494727,9336.447128344,9336.447878177,9336.447075219,9336.447785219,CIRCUIT_OPEN,2026-09-05T00:03:59.645639Z
217ca6ad-c2f0-4040-b69b-17651ba75746,run1_rep3,B,OPEN,OPEN,request,CACHE,HIT,0.05437500112748239,0.8346670001628809,INFO,adaptador.request,false,degradado,0.6836249995103572,9336.494378719,9336.495159011,9336.494324344,9336.495062344,CIRCUIT_OPEN,2026-09-05T00:03:59.692927Z
5ba5d10a-af41-43f3-b3c0-618855e5ba94,run1_rep3,B,OPEN,OPEN,request,CACHE,HIT,0.03429100070206914,0.9904580001602881,INFO,adaptador.request,false,degradado,0.859583999044844,9336.504075052,9336.505031219,9336.504040761,9336.504934636,CIRCUIT_OPEN,2026-09-05T00:03:59.702798Z
f7b912e3-78b3-4888-b12e-1a49e5f3af1d,run1_rep3,B,OPEN,OPEN,request,CACHE,HIT,0.014749999536434188,1.7665420000412269,INFO,adaptador.request,false,degradado,1.6944580002018483,9336.504468094,9336.506219886,9336.504453344,9336.506162552,CIRCUIT_OPEN,2026-09-05T00:03:59.703958Z
86ea0b67-0f1d-439e-a139-634aff557474,run1_rep3,B,OPEN,OPEN,request,CACHE,HIT,0.018000000636675395,1.133125000706059,INFO,adaptador.request,false,degradado,1.0755000002973247,9336.505646427,9336.506761552,9336.505628427,9336.506721927,CIRCUIT_OPEN,2026-09-05T00:03:59.704935Z
3a3d14a8-14e6-42ce-bc8a-dfcb786ba68c,run1_rep3,B,OPEN,OPEN,request,CACHE,HIT,0.015249999705702066,0.34087499989254866,INFO,adaptador.request,false,degradado,0.2844579994416563,9336.510767844,9336.511093469,9336.510752594,9336.511052302,CIRCUIT_OPEN,2026-09-05T00:03:59.708810Z
b5fd9dcd-db6e-4665-b333-a1ad57f3a449,run1_rep3,B,OPEN,OPEN,request,CACHE,HIT,0.018417000319459476,0.338249999913387,INFO,adaptador.request,false,degradado,0.27891600075236056,9336.512423761,9336.512743594,9336.512405344,9336.512702677,CIRCUIT_OPEN,2026-09-05T00:03:59.710463Z
d95b23fd-dded-4856-a2f9-2ec850f812b0,run1_rep3,B,OPEN,OPEN,request,CACHE,HIT,0.04695799907494802,0.7271670001500752,INFO,adaptador.request,false,degradado,0.5914170014875708,9336.621620052,9336.622300261,9336.621573094,9336.622211469,CIRCUIT_OPEN,2026-09-05T00:03:59.820049Z
8edc010f-bf54-4054-b822-e666338642a2,run1_rep3,B,OPEN,OPEN,request,CACHE,HIT,0.025708000976010226,0.6394170013663825,INFO,adaptador.request,false,degradado,0.5398339999374002,9336.623538927,9336.624152636,9336.623513219,9336.624078761,CIRCUIT_OPEN,2026-09-05T00:03:59.821921Z
0a5a3670-95fa-45d7-b3fe-9a7166600695,run1_rep3,B,OPEN,OPEN,request,CACHE,HIT,0.043166999603272416,0.6604169993806863,INFO,adaptador.request,false,degradado,0.5466250004246831,9336.669840011,9336.670457261,9336.669796844,9336.670386636,CIRCUIT_OPEN,2026-09-05T00:03:59.868199Z
2e32d48a-c56b-4747-b1b5-b31e69cfc354,run1_rep3,B,OPEN,OPEN,request,CACHE,HIT,0.03758400089282077,1.1920840006496292,INFO,adaptador.request,false,degradado,1.074290999895311,9336.739959136,9336.741113636,9336.739921552,9336.741033427,CIRCUIT_OPEN,2026-09-05T00:03:59.939604Z
cfb04451-be00-4f47-8650-fe5bcdbce514,run1_rep3,B,OPEN,OPEN,request,CACHE,HIT,0.02191600106016267,1.2775830000464339,INFO,adaptador.request,false,degradado,1.203416999487672,9336.740462677,9336.741718344,9336.740440761,9336.741666094,CIRCUIT_OPEN,2026-09-05T00:03:59.940190Z
e0433b82-707b-4629-8e20-7be192df9b35,run1_rep3,B,OPEN,OPEN,request,CACHE,HIT,0.021874999220017344,1.0132079987670295,INFO,adaptador.request,false,degradado,0.9552080009598285,9336.741474011,9336.742465344,9336.741452136,9336.742429219,CIRCUIT_OPEN,2026-09-05T00:03:59.940503Z
06f23362-7b25-4896-9737-834f5ebd1c94,run1_rep3,B,OPEN,OPEN,request,CACHE,HIT,0.026290999812772498,0.5720000008295756,INFO,adaptador.request,false,degradado,0.47241699940059334,9336.754783302,9336.755329011,9336.754757011,9336.755255719,CIRCUIT_OPEN,2026-09-05T00:03:59.953084Z
f5c0aa11-f42e-4c51-9485-1d6f5ca992bf,run1_rep3,B,OPEN,OPEN,request,CACHE,HIT,0.04770799932884984,0.8615829992777435,INFO,adaptador.request,false,degradado,0.5687080010829959,9336.850118011,9336.850931886,9336.850070303,9336.850686719,CIRCUIT_OPEN,2026-09-05T00:04:00.048811Z
bcee1f6d-e052-4fa4-8c0d-eaefe2370ae1,run1_rep3,B,OPEN,OPEN,request,CACHE,HIT,0.03354199907334987,0.8852089995343704,INFO,adaptador.request,false,degradado,0.7828329999028938,9336.858100386,9336.858952053,9336.858066844,9336.858883219,CIRCUIT_OPEN,2026-09-05T00:04:00.057066Z
50b4be8d-d609-482f-a230-d084394c4f94,run1_rep3,B,OPEN,OPEN,request,CACHE,HIT,0.013916998796048574,0.8816669997031568,INFO,adaptador.request,false,degradado,0.8166660009010229,9336.858454053,9336.859321803,9336.858440136,9336.859270719,CIRCUIT_OPEN,2026-09-05T00:04:00.057322Z
97e25069-1228-4bb3-935c-8ad1e382341f,run1_rep3,B,OPEN,OPEN,request,CACHE,HIT,0.024375000066356733,0.44549999984155875,INFO,adaptador.request,false,degradado,0.3723329991771607,9336.901955261,9336.902376386,9336.901930886,9336.902327594,CIRCUIT_OPEN,2026-09-05T00:04:00.100112Z
56ce60ab-848a-4d77-a80c-507b83a8a558,run1_rep3,B,OPEN,OPEN,request,CACHE,HIT,0.05095899905427359,0.8267089997389121,INFO,adaptador.request,false,degradado,0.6943330008652993,9336.958537428,9336.959313178,9336.958486469,9336.959231761,CIRCUIT_OPEN,2026-09-05T00:04:00.157044Z
e16f70cd-f1db-4cc8-b09e-5ce887d11ea8,run1_rep3,B,OPEN,OPEN,request,CACHE,HIT,0.03495800046948716,0.6680829992546933,INFO,adaptador.request,false,degradado,0.549166999917361,9336.970127094,9336.970760219,9336.970092136,9336.970676261,CIRCUIT_OPEN,2026-09-05T00:04:00.168510Z
b9f3d828-b0ed-4705-8010-51d7c518b5a6,run1_rep3,B,OPEN,OPEN,request,CACHE,HIT,0.043416999687906355,0.7071250001899898,INFO,adaptador.request,false,degradado,0.5665829994541127,9337.000389178,9337.001052886,9337.000345761,9337.000955761,CIRCUIT_OPEN,2026-09-05T00:04:00.198795Z
bc6b09ce-afe1-4da6-8a2a-557e5fa3f9d6,run1_rep3,B,OPEN,OPEN,request,CACHE,HIT,0.0335000004270114,1.0029170007328503,INFO,adaptador.request,false,degradado,0.8967079993453808,9337.028316636,9337.029286053,9337.028283136,9337.029213344,CIRCUIT_OPEN,2026-09-05T00:04:00.227323Z
5435be92-0c2d-4afd-9628-5d48b893f1a1,run1_rep3,B,OPEN,OPEN,request,CACHE,HIT,0.017499998648418114,0.8412079987465404,INFO,adaptador.request,false,degradado,0.7742500001768349,9337.028747428,9337.029571136,9337.028729928,9337.029521678,CIRCUIT_OPEN,2026-09-05T00:04:00.227591Z
35a342e9-bea6-4edf-8c81-1efc9421588f,run1_rep3,B,OPEN,OPEN,request,CACHE,HIT,0.04620800064003561,1.0675000012270175,INFO,adaptador.request,false,degradado,0.9313339996879222,9337.113098344,9337.114119636,9337.113052136,9337.114029678,CIRCUIT_OPEN,2026-09-05T00:04:00.311882Z
a83b9fe5-4503-4cba-a6ad-33ee892f34b7,run1_rep3,B,OPEN,OPEN,request,CACHE,HIT,0.03383400144230109,0.6509170016215649,INFO,adaptador.request,false,degradado,0.5381249993661186,9337.146747303,9337.147364386,9337.146713469,9337.147285428,CIRCUIT_OPEN,2026-09-05T00:04:00.345128Z
7224128b-3d9e-472f-adef-2416d909b691,run1_rep3,B,OPEN,OPEN,request,CACHE,HIT,0.032250000003841706,0.6089589987823274,INFO,adaptador.request,false,degradado,0.5116249994898681,9337.175853094,9337.176429803,9337.175820844,9337.176364719,CIRCUIT_OPEN,2026-09-05T00:04:00.374175Z
dd2e2277-eb62-4a32-9458-e9bebc269caa,run1_rep3,B,OPEN,OPEN,request,CACHE,HIT,0.040625000110594556,0.9544999993522651,INFO,adaptador.request,false,degradado,0.8456249997834675,9337.264533428,9337.265447303,9337.264492803,9337.265379053,CIRCUIT_OPEN,2026-09-05T00:04:00.463406Z
030ef59f-ddf5-4dc8-8996-073cb76f5573,run1_rep3,B,OPEN,OPEN,request,CACHE,HIT,0.017082998965634033,0.7583329988847254,INFO,adaptador.request,false,degradado,0.7070000010571675,9337.264934636,9337.265675886,9337.264917553,9337.265641636,CIRCUIT_OPEN,2026-09-05T00:04:00.463697Z
111e3c37-7ccd-4384-a60d-7cd0d7377e9c,run1_rep3,B,OPEN,OPEN,request,CACHE,HIT,0.051125000027241185,0.8250840000982862,INFO,adaptador.request,false,degradado,0.6903339999553282,9337.314850344,9337.315624303,9337.314799219,9337.315540678,CIRCUIT_OPEN,2026-09-05T00:04:00.513375Z
8a5236f4-ed48-4cfd-9fb7-2a8a0272694c,run1_rep3,B,OPEN,OPEN,request,CACHE,HIT,0.03174999983457383,0.634541998806526,INFO,adaptador.request,false,degradado,0.522458998602815,9337.324615469,9337.325218261,9337.324583719,9337.325137928,CIRCUIT_OPEN,2026-09-05T00:04:00.522978Z
dcfde91c-48ed-4cba-99a8-829736195de0,run1_rep3,B,OPEN,OPEN,request,CACHE,HIT,0.02204100019298494,0.4261249996488914,INFO,adaptador.request,false,degradado,0.35316700086696073,9337.342560219,9337.342964303,9337.342538178,9337.342913386,CIRCUIT_OPEN,2026-09-05T00:04:00.540751Z
b51d6085-fd62-4581-9328-4f0018701a6a,run1_rep3,B,OPEN,OPEN,request,CACHE,HIT,0.02350000067963265,0.4884169993601972,INFO,adaptador.request,false,degradado,0.3934169999411097,9337.347207844,9337.347672761,9337.347184344,9337.347601261,CIRCUIT_OPEN,2026-09-05T00:04:00.545432Z
9ebea732-825f-4762-8ddf-dd21065cfec5,run1_rep3,B,OPEN,OPEN,request,CACHE,HIT,0.06712499998684507,0.8472909994452493,INFO,adaptador.request,false,degradado,0.6788749997213017,9337.449032053,9337.449812219,9337.448964928,9337.449710928,CIRCUIT_OPEN,2026-09-05T00:04:00.647584Z
0e9f72f7-13bf-4fba-a2ca-9caf78bbe1e9,run1_rep3,B,OPEN,OPEN,request,CACHE,HIT,0.05037499977333937,1.2512920002336614,INFO,adaptador.request,false,degradado,1.109042001189664,9337.479488636,9337.480689553,9337.479438261,9337.480597678,CIRCUIT_OPEN,2026-09-05T00:04:00.678707Z
10851a4e-b25d-4f3b-aa17-a2c3ca99ee34,run1_rep3,B,OPEN,OPEN,request,CACHE,HIT,0.10529199971642811,0.9386250003444729,INFO,adaptador.request,false,degradado,0.7846250009606592,9337.480096803,9337.480930136,9337.479991511,9337.480881428,CIRCUIT_OPEN,2026-09-05T00:04:00.679028Z
7e4063c3-44ac-4518-bda0-c0f696301d43,run1_rep3,B,OPEN,OPEN,request,CACHE,HIT,0.027207999664824456,0.5674160001944983,INFO,adaptador.request,false,degradado,0.4673750008805655,9337.491057886,9337.491598094,9337.491030678,9337.491525261,CIRCUIT_OPEN,2026-09-05T00:04:00.689355Z
01146363-2186-49ce-a31a-9661ac0c69f7,run1_rep3,B,OPEN,OPEN,request,CACHE,HIT,0.02954199953819625,0.5564170005527558,INFO,adaptador.request,false,degradado,0.4655419998016441,9337.515343886,9337.515870761,9337.515314344,9337.515809428,CIRCUIT_OPEN,2026-09-05T00:04:00.713598Z
99b749a1-d971-4017-9112-7c4f8d96d3aa,run1_rep3,B,OPEN,OPEN,request,CACHE,HIT,0.02750000021478627,0.5899999996472616,INFO,adaptador.request,false,degradado,0.4873749985563336,9337.52969522,9337.53025772,9337.52966772,9337.530182595,CIRCUIT_OPEN,2026-09-05T00:04:00.728016Z
4fd78050-1023-43ba-8c66-ab791fddcb08,run1_rep3,B,OPEN,OPEN,request,CACHE,HIT,0.028667000151472166,0.5432500001916196,INFO,adaptador.request,false,degradado,0.45154200051911175,9337.560591803,9337.561106386,9337.560563136,9337.561043345,CIRCUIT_OPEN,2026-09-05T00:04:00.758853Z
e6393ccc-93ba-48c9-a8e5-81548064e852,run1_rep3,B,OPEN,OPEN,request,CACHE,HIT,0.0719580002623843,0.8885829993232619,INFO,adaptador.request,false,degradado,0.7268339995789574,9337.621145761,9337.621962386,9337.621073803,9337.621872595,CIRCUIT_OPEN,2026-09-05T00:04:00.819760Z
7791ce7c-4983-44e7-a211-0cef27cdd418,run1_rep3,B,OPEN,OPEN,request,CACHE,HIT,0.058834000810747966,1.0218749994237442,INFO,adaptador.request,false,degradado,0.8473750003759051,9337.68034622,9337.681309261,9337.680287386,9337.681193595,CIRCUIT_OPEN,2026-09-05T00:04:00.879094Z
eb17b873-bf8c-478d-97b6-890c0c33ce5d,run1_rep3,B,OPEN,OPEN,request,CACHE,HIT,0.023708000298938714,1.5590829989378108,INFO,adaptador.request,false,degradado,1.4723749991389923,9337.681971178,9337.683506553,9337.68194747,9337.683443553,CIRCUIT_OPEN,2026-09-05T00:04:00.881999Z
adb9f008-0f60-4570-974a-b3e5f3a72c5e,run1_rep3,B,OPEN,OPEN,request,CACHE,HIT,0.018999999156221747,1.2549999992188532,INFO,adaptador.request,false,degradado,1.0609590008243686,9337.682908636,9337.684144636,9337.682889636,9337.683969595,CIRCUIT_OPEN,2026-09-05T00:04:00.882646Z
0b3446ba-abf0-4575-9ce7-d6561250a353,run1_rep3,B,OPEN,OPEN,request,CACHE,HIT,0.04475000059755985,0.7376250014203833,INFO,adaptador.request,false,degradado,0.599458000579034,9337.76495422,9337.765647095,9337.76490947,9337.765553678,CIRCUIT_OPEN,2026-09-05T00:04:00.963415Z
7c48ab48-a52b-4f67-abc2-8314753f68d6,run1_rep3,B,OPEN,OPEN,request,CACHE,HIT,0.04199999966658652,1.029166000080295,INFO,adaptador.request,false,degradado,0.913666000997182,9337.82516372,9337.826150886,9337.82512172,9337.826077386,CIRCUIT_OPEN,2026-09-05T00:04:01.024143Z
022eac4b-b845-4596-b8a4-0f64cb9352d6,run1_rep3,B,OPEN,OPEN,request,CACHE,HIT,0.01912500010803342,0.817541000287747,INFO,adaptador.request,false,degradado,0.7603750000271248,9337.82559622,9337.826394636,9337.825577095,9337.826356595,CIRCUIT_OPEN,2026-09-05T00:04:01.024410Z
12e5883d-9884-416c-81e5-882e0090eaa8,run1_rep3,B,OPEN,OPEN,request,CACHE,HIT,0.05237500045041088,0.8832080002321163,INFO,adaptador.request,false,degradado,0.7284160001290729,9337.91573547,9337.916566303,9337.915683095,9337.916463886,CIRCUIT_OPEN,2026-09-05T00:04:01.114323Z
cc8c7dc7-d16e-42c1-82c9-e04070a8d23b,run1_rep3,B,OPEN,OPEN,request,CACHE,HIT,0.028084001314709894,0.5720000008295756,INFO,adaptador.request,false,degradado,0.4698329994425876,9337.922257595,9337.922801511,9337.922229511,9337.922727428,CIRCUIT_OPEN,2026-09-05T00:04:01.120556Z
04e75b96-46a3-45bd-a496-f029f039735b,run1_rep3,B,OPEN,OPEN,request,CACHE,HIT,0.018415999875287525,0.6672079998679692,INFO,adaptador.request,false,degradado,0.5842089994985145,9337.932179261,9337.932828053,9337.932160845,9337.93276347,CIRCUIT_OPEN,2026-09-05T00:04:01.130583Z
d2771f93-fa0f-4729-b963-fde443fa76ea,run1_rep3,B,OPEN,OPEN,request,CACHE,HIT,0.029582999559352174,0.7001249996392289,INFO,adaptador.request,false,degradado,0.6113330000516726,9337.967079303,9337.967749845,9337.96704972,9337.967690636,CIRCUIT_OPEN,2026-09-05T00:04:01.165485Z
f679d0dc-c93e-4547-8adb-18e75ca858cd,run1_rep3,B,OPEN,OPEN,request,CACHE,HIT,0.04020799860882107,0.9650829997553956,INFO,adaptador.request,false,degradado,0.8566250016883714,9338.018488011,9338.019412886,9338.018447803,9338.019344636,CIRCUIT_OPEN,2026-09-05T00:04:01.217195Z
49b6ed96-98e8-4809-8362-5b0778995837,run1_rep3,B,OPEN,OPEN,request,CACHE,HIT,0.021915999241173267,1.0223329991276842,INFO,adaptador.request,false,degradado,0.9461669997108402,9338.019214511,9338.020214928,9338.019192595,9338.020160678,CIRCUIT_OPEN,2026-09-05T00:04:01.218118Z
9e04ebf1-4c24-4ad7-bd80-a5dfff9c3d0f,run1_rep3,B,OPEN,OPEN,request,CACHE,HIT,0.039583999750902876,0.6714589999319287,INFO,adaptador.request,false,degradado,0.5608749997918494,9338.05873022,9338.059362095,9338.058690636,9338.059291095,CIRCUIT_OPEN,2026-09-05T00:04:01.257113Z
e2794c81-c256-4fe3-b06d-7ba4146c8805,run1_rep3,B,OPEN,OPEN,request,CACHE,HIT,0.037082998460391536,0.6458749994635582,INFO,adaptador.request,false,degradado,0.533667000127025,9338.072825553,9338.073434345,9338.07278847,9338.07335922,CIRCUIT_OPEN,2026-09-05T00:04:01.271180Z
68bac627-4dee-433f-add5-63f90f3244d7,run1_rep3,B,OPEN,OPEN,request,CACHE,HIT,0.03299999843875412,0.5777909991593333,INFO,adaptador.request,false,degradado,0.4670830003306037,9338.101193595,9338.101738386,9338.101160595,9338.101660678,CIRCUIT_OPEN,2026-09-05T00:04:01.299502Z
c6dbd34c-71d2-401b-90e9-c89931b6563c,run1_rep3,B,OPEN,OPEN,request,CACHE,HIT,0.04187500053376425,1.2249159990460612,INFO,adaptador.request,false,degradado,1.0860409984161379,9338.202444095,9338.203627136,9338.20240222,9338.203530136,CIRCUIT_OPEN,2026-09-05T00:04:01.401399Z
01a6f2f2-e0c8-481c-a82e-eae6efd0f0ea,run1_rep3,B,OPEN,OPEN,request,CACHE,HIT,0.028792001103283837,1.3799589996779105,INFO,adaptador.request,false,degradado,1.2565419983729953,9338.203084553,9338.20443572,9338.203055761,9338.204341095,CIRCUIT_OPEN,2026-09-05T00:04:01.402368Z
529ac636-f239-4b66-9b2c-c10905ffdec8,run1_rep3,B,OPEN,OPEN,request,CACHE,HIT,0.030042001526453532,0.586000000112108,INFO,adaptador.request,false,degradado,0.4812079987459583,9338.21008147,9338.210637428,9338.210051428,9338.210562678,CIRCUIT_OPEN,2026-09-05T00:04:01.408397Z
e50df9b9-c862-419f-8c87-4b621d19e693,run1_rep3,B,OPEN,OPEN,request,CACHE,HIT,0.02020799911406357,0.6352500004140893,INFO,adaptador.request,false,degradado,0.567542001590482,9338.243174053,9338.243789095,9338.243153845,9338.243741595,CIRCUIT_OPEN,2026-09-05T00:04:01.441523Z
b9c34f57-161e-43d4-a0b2-f895cc13fc6c,run1_rep3,B,OPEN,OPEN,request,CACHE,HIT,0.015125000572879799,0.37920900103927124,INFO,adaptador.request,false,degradado,0.29820899908372667,9338.250688303,9338.251052387,9338.250673178,9338.250986512,CIRCUIT_OPEN,2026-09-05T00:04:01.448770Z
60c32d4c-dec9-4bb6-9379-701261bfde72,run1_rep3,B,OPEN,OPEN,request,CACHE,HIT,0.01620799957890995,0.420458000007784,INFO,adaptador.request,false,degradado,0.34558399966044817,9338.262827178,9338.263231428,9338.26281097,9338.263172762,CIRCUIT_OPEN,2026-09-05T00:04:01.460976Z
71ae3f5d-3003-4f16-b20b-cb8981703a0e,run1_rep3,B,OPEN,OPEN,request,CACHE,HIT,0.03216599907318596,0.7696249995206017,INFO,adaptador.request,false,degradado,0.5144170008861693,9338.289433553,9338.290171012,9338.289401387,9338.28994797,CIRCUIT_OPEN,2026-09-05T00:04:01.487993Z
031ef312-070c-4527-a22c-81ee47a7a75b,run1_rep3,B,OPEN,OPEN,request,CACHE,HIT,0.05416699968918692,0.902457999472972,INFO,adaptador.request,false,degradado,0.7507909995183581,9338.364744762,9338.365593053,9338.364690595,9338.365495553,CIRCUIT_OPEN,2026-09-05T00:04:01.563353Z
fa32e839-f1ee-4a68-914c-f34f736be5e9,run1_rep3,B,OPEN,OPEN,request,CACHE,HIT,0.027957999918726273,0.5634999997710111,INFO,adaptador.request,false,degradado,0.4716669991466915,9338.39124547,9338.391781012,9338.391217512,9338.391717137,CIRCUIT_OPEN,2026-09-05T00:04:01.589519Z
ac6622a3-b8b3-4adb-9b67-77a81835559e,run1_rep3,B,OPEN,OPEN,request,CACHE,HIT,0.03429099888307974,0.9389999995619291,INFO,adaptador.request,false,degradado,0.8395840013690758,9338.418722678,9338.419627387,9338.418688387,9338.419562262,CIRCUIT_OPEN,2026-09-05T00:04:01.617393Z
c80d4fa0-7856-4572-ab9d-1940ee6a7e09,run1_rep3,B,OPEN,OPEN,request,CACHE,HIT,0.019999999494757503,1.1257500009378418,INFO,adaptador.request,false,degradado,1.0382090003986377,9338.419170553,9338.420276303,9338.419150553,9338.420208762,CIRCUIT_OPEN,2026-09-05T00:04:01.618026Z
73dbe4fe-efaa-49cf-a0df-a01a8bbe26d6,run1_rep3,B,OPEN,OPEN,request,CACHE,HIT,0.01758399957907386,0.36262499997974373,INFO,adaptador.request,false,degradado,0.29762499980279244,9338.424323762,9338.424668803,9338.424306178,9338.424621387,CIRCUIT_OPEN,2026-09-05T00:04:01.622396Z
2548cf4b-eb27-47ed-be30-7ad8cf69a188,run1_rep3,B,OPEN,OPEN,request,CACHE,HIT,0.045000000682193786,0.7167500007199124,INFO,adaptador.request,false,degradado,0.5914579996897373,9338.50975622,9338.51042797,9338.50971122,9338.510347678,CIRCUIT_OPEN,2026-09-05T00:04:01.708184Z
5d0b0010-a894-4fad-8090-840b13060469,run1_rep3,B,OPEN,OPEN,request,CACHE,HIT,0.036666999221779406,0.6179169995448319,INFO,adaptador.request,false,degradado,0.48304200026905164,9338.53949247,9338.54007372,9338.539455803,9338.539975512,CIRCUIT_OPEN,2026-09-05T00:04:01.737829Z
8e0a5281-0b84-446d-9edf-325473b6e66e,run1_rep3,B,OPEN,OPEN,request,CACHE,HIT,0.032083000405691564,1.022165999529534,INFO,adaptador.request,false,degradado,0.9003750001284061,9338.65102397,9338.652014053,9338.650991887,9338.651924345,CIRCUIT_OPEN,2026-09-05T00:04:01.850225Z
8eb4f90c-5c47-4508-b804-868041ed0c1f,run1_rep3,B,OPEN,OPEN,request,CACHE,HIT,0.015749999874969944,0.930042000618414,INFO,adaptador.request,false,degradado,0.8655420006107306,9338.651350303,9338.652264595,9338.651334553,9338.652215845,CIRCUIT_OPEN,2026-09-05T00:04:01.850482Z
71e5aadb-7793-4f7d-8e66-5fcfb8f84a37,run1_rep3,B,OPEN,OPEN,request,CACHE,HIT,0.04266699943400454,1.9694170005095657,INFO,adaptador.request,false,degradado,1.88950000119803,9338.650558262,9338.652485012,9338.650515595,9338.652447762,CIRCUIT_OPEN,2026-09-05T00:04:01.850721Z
b1845f86-489d-4b06-afd5-47aa7d2a55bd,run1_rep3,B,OPEN,OPEN,request,CACHE,HIT,0.025124998501269147,0.5264999999781139,INFO,adaptador.request,false,degradado,0.43245800043223426,9338.658419012,9338.658920387,9338.658393887,9338.65885147,CIRCUIT_OPEN,2026-09-05T00:04:01.856701Z
f4d689ea-d0d7-4b06-b10a-39931c4dc00b,run1_rep3,B,OPEN,OPEN,request,CACHE,HIT,0.01925000105984509,0.4283340003894409,INFO,adaptador.request,false,degradado,0.3440000000409782,9338.685465803,9338.685874887,9338.685446553,9338.685809803,CIRCUIT_OPEN,2026-09-05T00:04:01.883630Z
6d49efe8-c2b2-46a0-bcba-1a7427db73ec,run1_rep3,B,OPEN,OPEN,request,CACHE,HIT,0.03391599966562353,0.6320829998003319,INFO,adaptador.request,false,degradado,0.5339170002116589,9338.729588303,9338.73018647,9338.729554387,9338.73012222,CIRCUIT_OPEN,2026-09-05T00:04:01.927922Z
c443cd85-a986-46eb-9263-7d9d2dcde8e1,run1_rep3,B,OPEN,OPEN,request,CACHE,HIT,0.030250001145759597,0.6522080002469011,INFO,adaptador.request,false,degradado,0.5384999985835748,9338.764657387,9338.765279345,9338.764627137,9338.765195887,CIRCUIT_OPEN,2026-09-05T00:04:01.963031Z
c57bfff3-e148-4f82-8701-e517c2bc37b2,run1_rep3,B,OPEN,OPEN,request,CACHE,HIT,0.032250000003841706,0.5528750007215422,INFO,adaptador.request,false,degradado,0.4480419993342366,9338.78039747,9338.780918095,9338.78036522,9338.780845512,CIRCUIT_OPEN,2026-09-05T00:04:01.978697Z
e98e0471-a383-4db4-a775-7ae5f8563bc7,run1_rep3,B,OPEN,OPEN,request,CACHE,HIT,0.040875000195228495,0.6860410012450302,INFO,adaptador.request,false,degradado,0.576083000851213,9338.883464887,9338.884110053,9338.883424012,9338.88404097,CIRCUIT_OPEN,2026-09-05T00:04:02.081862Z
4da63e00-4d23-4311-853a-eec125a6f83f,run1_rep3,B,OPEN,OPEN,request,CACHE,HIT,0.028374999601510353,0.5661249997501727,INFO,adaptador.request,false,degradado,0.47379100033140276,9338.892584762,9338.893122512,9338.892556387,9338.893058553,CIRCUIT_OPEN,2026-09-05T00:04:02.090865Z
cc971bfe-92ae-40c7-a2c1-26fdcf6aac23,run1_rep3,B,OPEN,OPEN,request,CACHE,HIT,0.019625000277301297,0.6756249986210605,INFO,adaptador.request,false,degradado,0.5791249986941693,9338.924090095,9338.924746095,9338.92407047,9338.92466922,CIRCUIT_OPEN,2026-09-05T00:04:02.122969Z
fadbf53a-8122-4d24-b899-2a48f3b4065e,run1_rep3,B,OPEN,OPEN,request,CACHE,HIT,0.023874999897088856,1.426415999958408,INFO,adaptador.request,false,degradado,1.33862499933457,9338.923631137,9338.925033678,9338.923607262,9338.924969762,CIRCUIT_OPEN,2026-09-05T00:04:02.123255Z
fe9d2470-ccb6-4638-9582-edefa1c1c9f2,run1_rep3,B,OPEN,OPEN,request,CACHE,HIT,0.03883300087181851,2.1155419999558944,INFO,adaptador.request,false,degradado,2.0397499993123347,9338.923159428,9338.925236137,9338.923120595,9338.925199178,CIRCUIT_OPEN,2026-09-05T00:04:02.123502Z
5d50b0c9-72a8-4fd3-af26-8255f1b22edd,run1_rep3,B,OPEN,OPEN,request,CACHE,HIT,0.05120800051372498,0.7961250012158416,INFO,adaptador.request,false,degradado,0.6420419995265547,9339.034509637,9339.035254554,9339.034458429,9339.035151679,CIRCUIT_OPEN,2026-09-05T00:04:02.233021Z
1c923bef-b918-4185-a225-9d2c01a22b24,run1_rep3,B,OPEN,OPEN,request,CACHE,HIT,0.04029099909530487,0.7693749994359678,INFO,adaptador.request,false,degradado,0.635584001429379,9339.07158597,9339.072315054,9339.071545679,9339.072221554,CIRCUIT_OPEN,2026-09-05T00:04:02.270123Z
233e5306-4431-4a0e-9fa6-52eb616e34bf,run1_rep3,B,OPEN,OPEN,request,CACHE,HIT,0.030709001293871552,0.5194590012251865,INFO,adaptador.request,false,degradado,0.428082999860635,9339.074990429,9339.075479179,9339.07495972,9339.075418512,CIRCUIT_OPEN,2026-09-05T00:04:02.273217Z
1e37da00-bb63-422e-b44e-dc83f1be2283,run1_rep3,B,OPEN,OPEN,request,CACHE,HIT,0.03083299998252187,0.5667499990522629,INFO,adaptador.request,false,degradado,0.4686249994847458,9339.105698637,9339.106234554,9339.105667804,9339.106167262,CIRCUIT_OPEN,2026-09-05T00:04:02.303976Z
c7cc0fb3-58b4-4523-91b0-682fd48eb05b,run1_rep3,B,OPEN,OPEN,request,CACHE,HIT,0.038333000702550635,0.6711669993819669,INFO,adaptador.request,false,degradado,0.5619999992632074,9339.152710345,9339.153343179,9339.152672012,9339.153272345,CIRCUIT_OPEN,2026-09-05T00:04:02.351085Z
2f9d83a1-8926-4297-b13f-d23623c2c6e1,run1_rep3,B,OPEN,OPEN,request,CACHE,HIT,0.03470800038485322,1.0494580001250142,INFO,adaptador.request,false,degradado,0.8873330007190816,9339.185102512,9339.186117262,9339.185067804,9339.185989845,CIRCUIT_OPEN,2026-09-05T00:04:02.383874Z
b3209470-b398-41e1-85ad-37e0877ffc1e,run1_rep3,B,OPEN,OPEN,request,CACHE,HIT,0.018500000805943273,1.3863750009477371,INFO,adaptador.request,false,degradado,1.2967909988219617,9339.185590679,9339.186958554,9339.185572179,9339.18688747,CIRCUIT_OPEN,2026-09-05T00:04:02.384943Z
48d2b49f-b448-4ecf-a3d2-aef590f0fff9,run1_rep3,B,OPEN,OPEN,request,CACHE,HIT,0.027957999918726273,0.6068749989935895,INFO,adaptador.request,false,degradado,0.49287500041828025,9339.192447845,9339.193026762,9339.192419887,9339.19294072,CIRCUIT_OPEN,2026-09-05T00:04:02.390789Z
052744a7-2823-4c4b-ae5b-b9b5b30fc07c,run1_rep3,B,OPEN,OPEN,request,CACHE,HIT,0.02049999966402538,0.43495800127857365,INFO,adaptador.request,false,degradado,0.3542910017131362,9339.198275054,9339.198689512,9339.198254554,9339.198629345,CIRCUIT_OPEN,2026-09-05T00:04:02.396435Z
60a985e4-a570-458c-a2c1-04293767d860,run1_rep3,B,OPEN,OPEN,request,CACHE,HIT,0.03174999983457383,0.7748329990135971,INFO,adaptador.request,false,degradado,0.6694999992760131,9339.231359887,9339.23210297,9339.231328137,9339.232029387,CIRCUIT_OPEN,2026-09-05T00:04:02.429859Z
f4c2b9b2-1d39-4a7f-9cb6-fd0a5780fd18,run1_rep3,B,OPEN,OPEN,request,CACHE,HIT,0.020125000446569175,0.44625000009546056,INFO,adaptador.request,false,degradado,0.3652079994935775,9339.247458887,9339.247885012,9339.247438762,9339.247824095,CIRCUIT_OPEN,2026-09-05T00:04:02.445650Z
fff05c70-af63-4774-a39d-cb901acb1d1c,run1_rep3,B,OPEN,OPEN,request,CACHE,HIT,0.020292000044719316,0.41854200026136823,INFO,adaptador.request,false,degradado,0.34616700031619985,9339.268855012,9339.269253262,9339.26883472,9339.269201179,CIRCUIT_OPEN,2026-09-05T00:04:02.467025Z
40affa89-3d7d-46b0-a2be-e96cadd1c403,run1_rep3,B,OPEN,OPEN,request,CACHE,HIT,0.05600000076810829,0.8861250007612398,INFO,adaptador.request,false,degradado,0.7127919998310972,9339.428100887,9339.428931012,9339.428044887,9339.428813679,CIRCUIT_OPEN,2026-09-05T00:04:02.626732Z
a54ec379-1176-4ea8-91ea-11c20176e245,run1_rep3,B,OPEN,OPEN,request,CACHE,HIT,0.03908300095645245,0.6157080006232718,INFO,adaptador.request,false,degradado,0.5005000002711313,9339.483156095,9339.48373272,9339.483117012,9339.483656595,CIRCUIT_OPEN,2026-09-05T00:04:02.681483Z
e60de3cb-b67c-4884-802b-9b3e63854c4f,run1_rep3,B,OPEN,OPEN,request,CACHE,HIT,0.032500000088475645,0.8412080005655298,INFO,adaptador.request,false,degradado,0.7431659996655071,9339.489537554,9339.490346262,9339.489505054,9339.49028072,CIRCUIT_OPEN,2026-09-05T00:04:02.688086Z
e10348c5-3b61-4032-bb8b-ccf805261419,run1_rep3,B,OPEN,OPEN,request,CACHE,HIT,0.038540998502867296,1.047165998897981,INFO,adaptador.request,false,degradado,0.9375420013384428,9339.52590872,9339.526917345,9339.525870179,9339.526846262,CIRCUIT_OPEN,2026-09-05T00:04:02.724755Z
0ff7addc-e5af-4dbc-8a4f-a86f10752bd4,run1_rep3,B,OPEN,OPEN,request,CACHE,HIT,0.026959000024362467,0.8640839987492654,INFO,adaptador.request,false,degradado,0.7776660004310543,9339.526761179,9339.527598304,9339.52673422,9339.527538845,CIRCUIT_OPEN,2026-09-05T00:04:02.725505Z
2436bbd0-1d16-4044-b427-9271d7e62e76,run1_rep3,B,OPEN,OPEN,request,CACHE,HIT,0.026875000912696123,0.7533750012953533,INFO,adaptador.request,false,degradado,0.6493749988294439,9339.529882679,9339.530609179,9339.529855804,9339.530532054,CIRCUIT_OPEN,2026-09-05T00:04:02.728397Z
cfafda2f-388a-400e-8731-357381f19e20,run1_rep3,B,OPEN,OPEN,request,CACHE,HIT,0.03749999996216502,1.031416999467183,INFO,adaptador.request,false,degradado,0.8995419993880205,9339.60908897,9339.610082887,9339.60905147,9339.609988512,CIRCUIT_OPEN,2026-09-05T00:04:02.808079Z
a1c9d3ef-762d-4022-8a7d-d12e15633f2e,run1_rep3,B,OPEN,OPEN,request,CACHE,HIT,0.015874999007792212,0.8591669993620599,INFO,adaptador.request,false,degradado,0.803167000412941,9339.609494887,9339.610338179,9339.609479012,9339.610298054,CIRCUIT_OPEN,2026-09-05T00:04:02.808387Z
6613064e-3044-4ece-941e-10292822f7b7,run1_rep3,B,OPEN,OPEN,request,CACHE,HIT,0.03745799949683715,0.577875000089989,INFO,adaptador.request,false,degradado,0.4681669997808058,9339.674109262,9339.674649679,9339.674071804,9339.674577429,CIRCUIT_OPEN,2026-09-05T00:04:02.872394Z
d2b1fb74-c7cc-4980-a659-0ab71f534ab7,run1_rep3,B,OPEN,OPEN,request,CACHE,HIT,0.0458330014225794,0.6127920005383203,INFO,adaptador.request,false,degradado,0.48024999887275044,9339.702692262,9339.703259221,9339.702646429,9339.703172512,CIRCUIT_OPEN,2026-09-05T00:04:02.901021Z
2dc8eb27-1873-4880-84fe-71546b0c6e4c,run1_rep3,B,OPEN,OPEN,request,CACHE,HIT,0.027959000362898223,0.8880000004864996,INFO,adaptador.request,false,degradado,0.7690000002185116,9339.731223221,9339.732083262,9339.731195262,9339.731992221,CIRCUIT_OPEN,2026-09-05T00:04:02.929837Z
c93f363e-8586-4c7f-9877-d2761aade207,run1_rep3,B,OPEN,OPEN,request,CACHE,HIT,0.022958000045036897,0.9814169989112997,INFO,adaptador.request,false,degradado,0.9084169996640412,9339.731902137,9339.732860596,9339.731879179,9339.732810554,CIRCUIT_OPEN,2026-09-05T00:04:02.930603Z
5747bfc0-eaaa-4fdb-9c73-e20a6f1585ef,run1_rep3,B,OPEN,OPEN,request,CACHE,HIT,0.04216699926473666,0.7590419991174713,INFO,adaptador.request,false,degradado,0.5904999998165295,9339.843352471,9339.844069346,9339.843310304,9339.843942971,CIRCUIT_OPEN,2026-09-05T00:04:03.041838Z
518b0d3b-9131-41ec-8429-5bbd0fc2a75f,run1_rep3,B,OPEN,OPEN,request,CACHE,HIT,0.031000001399661414,0.8360000010725344,INFO,adaptador.request,false,degradado,0.6592499994440004,9339.847748304,9339.848553304,9339.847717304,9339.848407554,CIRCUIT_OPEN,2026-09-05T00:04:03.046379Z
00af8576-dba1-4a31-b88e-bba1712c4cb2,run1_rep3,B,OPEN,OPEN,request,CACHE,HIT,0.023332999262493104,0.720750000255066,INFO,adaptador.request,false,degradado,0.6472500008385396,9339.902964304,9339.903661721,9339.902940971,9339.903611554,CIRCUIT_OPEN,2026-09-05T00:04:03.101387Z
6ae8d0e5-70ec-4e48-8efa-a66055ee1e98,run1_rep3,B,OPEN,OPEN,request,CACHE,HIT,0.01966700074262917,0.3369169990037335,INFO,adaptador.request,false,degradado,0.2814999988913769,9339.912094929,9339.912412179,9339.912075262,9339.912376429,CIRCUIT_OPEN,2026-09-05T00:04:03.110115Z
782c8f0b-60f9-4a68-8687-edf4884507f0,run1_rep3,B,OPEN,OPEN,request,CACHE,HIT,0.014000001101521775,0.2851250010280637,INFO,adaptador.request,false,degradado,0.23424999926646706,9339.927855596,9339.928126721,9339.927841596,9339.928089846,CIRCUIT_OPEN,2026-09-05T00:04:03.125839Z
6bb0839b-0bfc-404f-b9b3-878eceedf5db,run1_rep3,B,OPEN,OPEN,request,CACHE,HIT,0.013708000551559962,0.5955830001767026,INFO,adaptador.request,false,degradado,0.5238329995336244,9339.977473679,9339.978055554,9339.977459971,9339.977997512,CIRCUIT_OPEN,2026-09-05T00:04:03.175761Z
150ef511-5a44-4bd3-8255-ba435adbe444,run1_rep3,B,OPEN,OPEN,request,CACHE,HIT,0.012124999557272531,0.30449999940174166,INFO,adaptador.request,false,degradado,0.2557500010880176,9340.010645846,9340.010938221,9340.010633721,9340.010901596,CIRCUIT_OPEN,2026-09-05T00:04:03.208655Z
30afeb7e-73b9-4ed4-b6ac-403e65dd6e0a,run1_rep3,B,OPEN,OPEN,request,CACHE,HIT,0.014540999472956173,0.2991659985127626,INFO,adaptador.request,false,degradado,0.2451250002195593,9340.031508762,9340.031793387,9340.031494221,9340.031753887,CIRCUIT_OPEN,2026-09-05T00:04:03.229514Z
54e295c7-8409-4e64-bb97-634e9acc21c6,run1_rep3,B,OPEN,OPEN,request,CACHE,HIT,0.014624998584622517,0.5895409994991496,INFO,adaptador.request,false,degradado,0.4975000010745134,9340.092165346,9340.092740262,9340.092150721,9340.092662846,CIRCUIT_OPEN,2026-09-05T00:04:03.290730Z
0bb7adfd-2348-432d-90b0-7cc79cb94e4d,run1_rep3,B,OPEN,OPEN,request,CACHE,HIT,0.03591699896787759,1.186999999845284,INFO,adaptador.request,false,degradado,1.1144580003019655,9340.091823596,9340.092974679,9340.091787679,9340.092938054,CIRCUIT_OPEN,2026-09-05T00:04:03.291014Z
b9199dc1-9e8e-4ae2-ad60-c92d01c2ddfb,run1_rep3,B,OPEN,OPEN,request,CACHE,HIT,0.045124999815016054,0.8801659987511812,INFO,adaptador.request,false,degradado,0.7373329990514321,9340.158967096,9340.159802137,9340.158921971,9340.159704429,CIRCUIT_OPEN,2026-09-05T00:04:03.357559Z
bc623d9c-1a06-405e-8860-918cb460eeec,run1_rep3,B,OPEN,OPEN,request,CACHE,HIT,0.03783300053328276,0.6698750003124587,INFO,adaptador.request,false,degradado,0.5522499996004626,9340.181562012,9340.182194054,9340.181524179,9340.182114262,CIRCUIT_OPEN,2026-09-05T00:04:03.379951Z
d97b35d4-03f6-4175-b977-9bc34fc56377,run1_rep3,B,OPEN,OPEN,request,CACHE,HIT,0.038790998587501235,0.7329159998334944,INFO,adaptador.request,false,degradado,0.5144590013514971,9340.214418012,9340.215112137,9340.214379221,9340.214932471,CIRCUIT_OPEN,2026-09-05T00:04:03.412924Z
1aee9d39-ca18-4005-bf2d-ee40ee8ae0ec,run1_rep3,B,OPEN,OPEN,request,CACHE,HIT,0.02870900061680004,0.4640419992938405,INFO,adaptador.request,false,degradado,0.38554099955945276,9340.217439096,9340.217874429,9340.217410387,9340.217824637,CIRCUIT_OPEN,2026-09-05T00:04:03.415600Z
6b8d5b17-52b4-4252-9957-70300acdd015,run1_rep3,B,OPEN,OPEN,request,CACHE,HIT,0.027541000235942192,0.5821659997309325,INFO,adaptador.request,false,degradado,0.47687500045867637,9340.222251387,9340.222806012,9340.222223846,9340.222728262,CIRCUIT_OPEN,2026-09-05T00:04:03.420564Z
a698007b-776b-4bd9-bcb3-8f9770d45450,run1_rep3,B,OPEN,OPEN,request,CACHE,HIT,0.01700000029813964,0.6939579998288536,INFO,adaptador.request,false,degradado,0.6111250004323665,9340.252787804,9340.253464762,9340.252770804,9340.253398929,CIRCUIT_OPEN,2026-09-05T00:04:03.451492Z
bdebd12d-36b9-489d-a409-d67dd9653a6a,run1_rep3,B,OPEN,OPEN,request,CACHE,HIT,0.020125000446569175,0.7160839995776769,INFO,adaptador.request,false,degradado,0.6488340004580095,9340.253050887,9340.253746846,9340.253030762,9340.253699721,CIRCUIT_OPEN,2026-09-05T00:04:03.451794Z
3bf84685-7438-4555-9fcb-3f6b3790be1f,run1_rep3,B,OPEN,OPEN,request,CACHE,HIT,0.032875001124921255,0.673792001180118,INFO,adaptador.request,false,degradado,0.5580839988397202,9340.374989054,9340.375629971,9340.374956179,9340.375547138,CIRCUIT_OPEN,2026-09-05T00:04:03.573390Z
41c8f2cf-7ae0-45c1-9df6-9e75e3a94ebb,run1_rep3,B,OPEN,OPEN,request,CACHE,HIT,0.051500001063686796,1.0617500010994263,INFO,adaptador.request,false,degradado,0.9326669987785863,9340.447780971,9340.448791221,9340.447729471,9340.448713638,CIRCUIT_OPEN,2026-09-05T00:04:03.646769Z
3e66c63a-ccbf-497d-aea4-d6027530d7dc,run1_rep3,B,OPEN,OPEN,request,CACHE,HIT,0.0167500002135057,0.8390839993808186,INFO,adaptador.request,false,degradado,0.7648749997315463,9340.448207179,9340.449029513,9340.448190429,9340.448972054,CIRCUIT_OPEN,2026-09-05T00:04:03.647074Z
2b8a1ee4-05ca-4443-b6cd-86ee9b50e3f7,run1_rep3,B,OPEN,OPEN,request,CACHE,HIT,0.037833999158465303,1.0245419998682337,INFO,adaptador.request,false,degradado,0.9149580000666901,9340.490980138,9340.491966846,9340.490942304,9340.491895096,CIRCUIT_OPEN,2026-09-05T00:04:03.689739Z
46a879ef-a519-47ca-bb4b-5fb16d12d8d0,run1_rep3,B,OPEN,OPEN,request,CACHE,HIT,0.03041600029973779,0.6047909992048517,INFO,adaptador.request,false,degradado,0.5165839993424015,9340.517871054,9340.518445429,9340.517840638,9340.518387638,CIRCUIT_OPEN,2026-09-05T00:04:03.716180Z
5c828b64-9913-4e51-855d-1f4028d1a20c,run1_rep3,B,OPEN,OPEN,request,CACHE,HIT,0.026415998945594765,0.5345409990695771,INFO,adaptador.request,false,degradado,0.43854200157511514,9340.530983804,9340.531491929,9340.530957388,9340.531422346,CIRCUIT_OPEN,2026-09-05T00:04:03.729236Z
42cd07da-f398-4d9e-b570-6b3b9bb30097,run1_rep3,B,OPEN,OPEN,request,CACHE,HIT,0.037583999073831365,1.2262500003998866,INFO,adaptador.request,false,degradado,1.0806660011439817,9340.594913513,9340.596102179,9340.594875929,9340.595994179,CIRCUIT_OPEN,2026-09-05T00:04:03.793855Z
3092b0b2-7ade-4bca-9dd6-d2f06949d273,run1_rep3,B,OPEN,OPEN,request,CACHE,HIT,0.029791000997647643,0.5937910009379266,INFO,adaptador.request,false,degradado,0.489874999402673,9340.626909929,9340.627473929,9340.626880138,9340.627399804,CIRCUIT_OPEN,2026-09-05T00:04:03.825229Z
fed6722a-3f70-4349-88b1-a07918c1421f,run1_rep3,B,OPEN,OPEN,request,CACHE,HIT,0.04675000127463136,0.9502499997324776,INFO,adaptador.request,false,degradado,0.7849169996916316,9340.686526179,9340.687429679,9340.686479429,9340.687311096,CIRCUIT_OPEN,2026-09-05T00:04:03.885209Z
a3289def-f197-41ea-b68d-41d3b3b83d66,run1_rep3,B,OPEN,OPEN,request,CACHE,HIT,0.024375000066356733,1.8229160014016088,INFO,adaptador.request,false,degradado,1.686000001427601,9340.690116888,9340.691915429,9340.690092513,9340.691802888,CIRCUIT_OPEN,2026-09-05T00:04:03.890099Z
1a08f582-7f51-4adf-a4f9-d59d78e85692,run1_rep3,B,OPEN,OPEN,request,CACHE,HIT,0.04704200000560377,1.6192080001928844,INFO,adaptador.request,false,degradado,1.5107500003068708,9340.690751888,9340.692324054,9340.690704846,9340.692262638,CIRCUIT_OPEN,2026-09-05T00:04:03.890553Z
3fb3f1ac-6bd4-4b46-a4f2-14163f8d0e23,run1_rep3,B,OPEN,OPEN,request,CACHE,HIT,0.02525000127207022,0.46704200030944776,INFO,adaptador.request,false,degradado,0.36933399860572536,9340.711547929,9340.711989721,9340.711522679,9340.711917263,CIRCUIT_OPEN,2026-09-05T00:04:03.909776Z
2d97c4b3-5c1c-4db1-b9f2-71ab34bcbb42,run1_rep3,B,OPEN,OPEN,request,CACHE,HIT,0.04070800059707835,0.9637500006647315,INFO,adaptador.request,false,degradado,0.8597500000178115,9340.789730471,9340.790653513,9340.789689763,9340.790590221,CIRCUIT_OPEN,2026-09-05T00:04:03.988403Z
5cf077da-6042-449e-90aa-b7b154c7b851,run1_rep3,B,OPEN,OPEN,request,CACHE,HIT,0.02579200008767657,0.8687079989613267,INFO,adaptador.request,false,degradado,0.7860829991841456,9340.790482513,9340.791325429,9340.790456721,9340.791268596,CIRCUIT_OPEN,2026-09-05T00:04:03.989235Z
d5e9935f-2952-4a64-8a2d-383951751c59,run1_rep3,B,OPEN,OPEN,request,CACHE,HIT,0.031417001082445495,0.8636670008854708,INFO,adaptador.request,false,degradado,0.7725830000708811,9340.832997846,9340.833830096,9340.832966429,9340.833770429,CIRCUIT_OPEN,2026-09-05T00:04:04.031591Z
9fb91f16-afbf-4103-a3c0-f926093bbcd5,run1_rep3,B,OPEN,OPEN,request,CACHE,HIT,0.020957999367965385,0.8190409989765612,INFO,adaptador.request,false,degradado,0.7437919994117692,9340.833666846,9340.834464929,9340.833645888,9340.834410638,CIRCUIT_OPEN,2026-09-05T00:04:04.032370Z
c7053262-c057-46c0-a901-2358d49d41f7,run1_rep3,B,OPEN,OPEN,request,CACHE,HIT,0.05662500007019844,0.7379170001513558,INFO,adaptador.request,false,degradado,0.5896250004298054,9340.900523346,9340.901204638,9340.900466721,9340.901112971,CIRCUIT_OPEN,2026-09-05T00:04:04.098976Z
fa06afd6-0439-4954-8cdc-07ae785d65d7,run1_rep3,B,OPEN,OPEN,request,CACHE,HIT,0.030957999115344137,0.6353329990815837,INFO,adaptador.request,false,degradado,0.5258750006760238,9340.906600596,9340.907204971,9340.906569638,9340.907126471,CIRCUIT_OPEN,2026-09-05T00:04:04.104966Z
fbcbb49e-bf50-4d8b-9de3-c0add01890b2,run1_rep3,B,OPEN,OPEN,request,CACHE,HIT,0.02708400097617414,0.622125000518281,INFO,adaptador.request,false,degradado,0.5247499993856763,9340.915591638,9340.916186679,9340.915564554,9340.916116388,CIRCUIT_OPEN,2026-09-05T00:04:04.113923Z
db44151e-58b3-458d-b4ce-056361bf8d60,run1_rep3,B,OPEN,OPEN,request,CACHE,HIT,0.02091599890263751,0.4272499991202494,INFO,adaptador.request,false,degradado,0.34291700103494804,9340.929562054,9340.929968388,9340.929541138,9340.929904971,CIRCUIT_OPEN,2026-09-05T00:04:04.127732Z
a7d5f2ea-bb15-4f21-b282-426ebabaa333,run1_rep3,B,OPEN,OPEN,request,CACHE,HIT,0.01912500010803342,0.4055420013173716,INFO,adaptador.request,false,degradado,0.3337090001878096,9340.946739554,9340.947125971,9340.946720429,9340.947073263,CIRCUIT_OPEN,2026-09-05T00:04:04.144864Z
7879b52d-b30d-45ca-859d-9170d3922eb6,run1_rep3,B,OPEN,OPEN,request,CACHE,HIT,0.016166999557754025,0.40016700040723663,INFO,adaptador.request,false,degradado,0.3272499998274725,9340.983835013,9340.984219013,9340.983818846,9340.984162263,CIRCUIT_OPEN,2026-09-05T00:04:04.181961Z
10c9b050-8331-42c2-b05c-b30506c08a19,run1_rep3,B,OPEN,OPEN,request,CACHE,HIT,0.03825000021606684,0.6918750004842877,INFO,adaptador.request,false,degradado,0.5662919993483229,9341.038599013,9341.039252638,9341.038560763,9341.039165305,CIRCUIT_OPEN,2026-09-05T00:04:04.237023Z
566d6688-cf42-4b9d-87a5-d0efa8005670,run1_rep3,B,OPEN,OPEN,request,CACHE,HIT,0.03616699905251153,0.675582999974722,INFO,adaptador.request,false,degradado,0.5702079997718101,9341.070464805,9341.071104221,9341.070428638,9341.071035013,CIRCUIT_OPEN,2026-09-05T00:04:04.268856Z
5255af59-8c4f-4e78-84bb-ba20e8c07e27,run1_rep3,B,OPEN,OPEN,request,CACHE,HIT,0.03154200021526776,0.6000000012136297,INFO,adaptador.request,false,degradado,0.493875000756816,9341.12782618,9341.128394638,9341.127794638,9341.128320055,CIRCUIT_OPEN,2026-09-05T00:04:04.326158Z
abf6407d-dd41-4441-921b-5f12aca0ae52,run1_rep3,B,OPEN,OPEN,request,CACHE,HIT,0.029792001441819593,0.9279170008085202,INFO,adaptador.request,false,degradado,0.8369999995920807,9341.13877343,9341.139671555,9341.138743638,9341.13961043,CIRCUIT_OPEN,2026-09-05T00:04:04.337427Z
06e74cf7-930b-4580-ba17-d17131636a9b,run1_rep3,B,OPEN,OPEN,request,CACHE,HIT,0.019958000848419033,1.0285410007782048,INFO,adaptador.request,false,degradado,0.9564169995428529,9341.139261013,9341.140269596,9341.139241055,9341.14021743,CIRCUIT_OPEN,2026-09-05T00:04:04.338168Z
a882e2a9-548f-4714-acae-b0aed872e0fd,run1_rep3,B,OPEN,OPEN,request,CACHE,HIT,0.06533300074806903,0.6622500004596077,INFO,adaptador.request,false,degradado,0.5261249989416683,9341.162198763,9341.16279568,9341.16213343,9341.162724888,CIRCUIT_OPEN,2026-09-05T00:04:04.360543Z
603b796c-ea72-4724-ad9e-f53f2dc465cc,run1_rep3,B,OPEN,OPEN,request,CACHE,HIT,0.02950000089185778,0.41583300117054023,INFO,adaptador.request,false,degradado,0.3317079990665661,9341.166122638,9341.166508971,9341.166093138,9341.166454346,CIRCUIT_OPEN,2026-09-05T00:04:04.364523Z
7193d5af-d83f-43f7-aca6-4329d91f035b,run1_rep3,B,OPEN,OPEN,request,CACHE,HIT,0.05075000080978498,0.7442499991157092,INFO,adaptador.request,false,degradado,0.6062499996914994,9341.202982721,9341.203676221,9341.202931971,9341.203588971,CIRCUIT_OPEN,2026-09-05T00:04:04.401445Z
b6260a7a-cd75-4dfa-87b0-ca2f26588ab3,run1_rep3,B,OPEN,HALF_OPEN,request,CACHE,HIT,695.1530839996849,696.3488759993197,INFO,adaptador.request,true,degradado,1.162708000265411,9342.00314418,9342.004339972,9341.307991096,9342.004306888,CIRCUIT_OPEN,2026-09-05T00:04:05.202054Z
00d81e11-ef92-4389-a2bc-d948076a624a,run1_rep3,B,OPEN,OPEN,request,CACHE,HIT,703.2810420005262,703.8150419994054,INFO,adaptador.request,false,degradado,0.4807089990208624,9342.003049888,9342.003583888,9341.299768846,9342.003530597,CIRCUIT_OPEN,2026-09-05T00:04:05.203356Z
4091f5d7-ff99-45f3-b1e1-9f5b85c42992,run1_rep3,B,OPEN,HALF_OPEN,request,CACHE,HIT,654.013584000495,655.6280010008777,INFO,adaptador.request,true,degradado,1.5876249999564607,9342.00378443,9342.005398847,9341.349770846,9342.005372055,CIRCUIT_OPEN,2026-09-05T00:04:05.204365Z
3ec7f1dd-f37a-451a-9af6-61aed7160d7e,run1_rep3,B,OPEN,HALF_OPEN,request,CACHE,HIT,654.323166998438,656.306584000049,INFO,adaptador.request,true,degradado,1.9535420015017735,9342.003665055,9342.005648472,9341.349341888,9342.005618597,CIRCUIT_OPEN,2026-09-05T00:04:05.204920Z
a451a5b5-ec3a-47c8-a654-b6118312124e,run1_rep3,B,OPEN,HALF_OPEN,request,CACHE,HIT,694.4033330000821,697.1095000008063,INFO,adaptador.request,true,degradado,2.684749999389169,9342.003328138,9342.006034305,9341.308924805,9342.006012888,CIRCUIT_OPEN,2026-09-05T00:04:05.205418Z
555b002f-5fd5-499c-8f91-1e04cddc7cf9,run1_rep3,B,OPEN,HALF_OPEN,request,CACHE,HIT,610.193459000584,612.4773749997985,INFO,adaptador.request,true,degradado,2.2410410001612036,9342.003937097,9342.006221013,9341.393743638,9342.006178138,CIRCUIT_OPEN,2026-09-05T00:04:05.205617Z
24afb3a9-abd1-411e-98c5-ca416e1433f1,run1_rep3,B,OPEN,HALF_OPEN,request,CACHE,HIT,446.9707500011282,448.9488750004966,INFO,adaptador.request,true,degradado,1.961250000022119,9342.004507055,9342.00648518,9341.557536305,9342.006468305,CIRCUIT_OPEN,2026-09-05T00:04:05.205917Z
e5e935b0-051b-4939-8462-e4eef17a732e,run1_rep3,B,OPEN,HALF_OPEN,request,CACHE,HIT,474.06079200118256,476.2404590001097,INFO,adaptador.request,true,degradado,2.1416669987956993,9342.004469055,9342.006648722,9341.530408263,9342.006610722,CIRCUIT_OPEN,2026-09-05T00:04:05.206080Z
936e3ba1-a65d-442f-a77c-ff52446aa5f9,run1_rep3,B,OPEN,HALF_OPEN,request,CACHE,HIT,497.0793339998636,500.2557089992479,INFO,adaptador.request,true,degradado,3.1432910000148695,9342.003996097,9342.007172472,9341.506916763,9342.007139388,CIRCUIT_OPEN,2026-09-05T00:04:05.206331Z
e43d59ce-cbdb-45ad-bb1a-89c4a03f6bd9,run1_rep3,B,OPEN,HALF_OPEN,request,CACHE,HIT,367.7070419998927,370.8464589999494,INFO,adaptador.request,true,degradado,3.117500000371365,9342.004576055,9342.007715472,9341.636869013,9342.007693555,CIRCUIT_OPEN,2026-09-05T00:04:05.206577Z
abd917ec-da92-4d43-a6aa-b3f0ed034628,run1_rep3,B,OPEN,OPEN,request,CACHE,HIT,0.030084000172792003,0.4790840011992259,INFO,adaptador.request,false,degradado,0.39941600152815226,9342.130453597,9342.130902597,9342.130423513,9342.130853013,CIRCUIT_OPEN,2026-09-05T00:04:05.328615Z
dbce82f8-d4eb-424d-ba5a-9dee3d40e604,run1_rep3,B,OPEN,OPEN,request,CACHE,HIT,0.036875000660074875,0.6277500015130499,INFO,adaptador.request,false,degradado,0.525333000041428,9342.191611597,9342.192202472,9342.191574722,9342.19213693,CIRCUIT_OPEN,2026-09-05T00:04:05.389935Z
5a3ba527-5454-43c5-979f-26bfad201848,run1_rep3,B,OPEN,OPEN,request,CACHE,HIT,0.03670899968710728,1.0094999997818377,INFO,adaptador.request,false,degradado,0.8875829989847261,9342.228924597,9342.229897388,9342.228887888,9342.22981218,CIRCUIT_OPEN,2026-09-05T00:04:05.427955Z
cdaa796e-af46-4d75-983c-e136208a9aad,run1_rep3,B,OPEN,OPEN,request,CACHE,HIT,0.019042001440539025,0.8634590012661647,INFO,adaptador.request,false,degradado,0.8005829986359458,9342.229362055,9342.230206472,9342.229343013,9342.230162638,CIRCUIT_OPEN,2026-09-05T00:04:05.428225Z
cb4af18f-5a5d-4ad4-8b18-9510c62536b5,run1_rep3,B,OPEN,OPEN,request,CACHE,HIT,0.030249999326770194,0.6993330007389886,INFO,adaptador.request,false,degradado,0.599000000875094,9342.24758593,9342.248255013,9342.24755568,9342.24818493,CIRCUIT_OPEN,2026-09-05T00:04:05.446013Z
3a28c524-2d99-454c-8173-4cdf67402bfc,run1_rep3,B,OPEN,OPEN,request,CACHE,HIT,0.03804100015258882,0.6692910010315245,INFO,adaptador.request,false,degradado,0.5524589996639406,9342.298098763,9342.298730013,9342.298060722,9342.298651222,CIRCUIT_OPEN,2026-09-05T00:04:05.496489Z
86408598-9f32-43ad-90df-9c75803f616f,run1_rep3,B,OPEN,OPEN,request,CACHE,HIT,0.047792000259505585,0.8002499998838175,INFO,adaptador.request,false,degradado,0.6589169988728827,9342.33393518,9342.334687638,9342.333887388,9342.334594097,CIRCUIT_OPEN,2026-09-05T00:04:05.532447Z
f18de954-9357-4e30-8abf-1b010b24c943,run1_rep3,B,OPEN,OPEN,request,CACHE,HIT,0.04787499892699998,0.7359589999396121,INFO,adaptador.request,false,degradado,0.616291999904206,9342.388166263,9342.388854347,9342.388118388,9342.388782555,CIRCUIT_OPEN,2026-09-05T00:04:05.586593Z
e07724dd-b9a6-44a7-aee6-91d1d75afbce,run1_rep3,B,OPEN,OPEN,request,CACHE,HIT,0.031458999728783965,0.5965839991404209,INFO,adaptador.request,false,degradado,0.5088749985588947,9342.418297222,9342.418862347,9342.418265763,9342.418806097,CIRCUIT_OPEN,2026-09-05T00:04:05.616590Z
a8d32da7-6a07-4e04-a2ea-f180f7d65015,run1_rep3,B,OPEN,OPEN,request,CACHE,HIT,0.028041999030392617,0.9294169994973345,INFO,adaptador.request,false,degradado,0.8201670007110806,9342.442860972,9342.443762347,9342.44283293,9342.443681139,CIRCUIT_OPEN,2026-09-05T00:04:05.641772Z
c0372d7c-07d7-4f24-8796-3c15d01190fc,run1_rep3,B,OPEN,OPEN,request,CACHE,HIT,0.018792001355905086,0.7551670005341293,INFO,adaptador.request,false,degradado,0.675833000059356,9342.443291764,9342.444028139,9342.443272972,9342.443967597,CIRCUIT_OPEN,2026-09-05T00:04:05.642012Z
195e85e9-411a-44d5-a229-023cf771d88f,run1_rep3,B,OPEN,OPEN,request,CACHE,HIT,0.04945799992128741,0.8427920001849998,INFO,adaptador.request,false,degradado,0.7082500014803372,9342.529692305,9342.530485639,9342.529642847,9342.530400555,CIRCUIT_OPEN,2026-09-05T00:04:05.728235Z
83fbf7e6-621d-4fe5-8654-fbcde5689cbb,run1_rep3,B,OPEN,OPEN,request,CACHE,HIT,0.04041699867229909,0.631375000011758,INFO,adaptador.request,false,degradado,0.530958001036197,9342.551350347,9342.551941305,9342.55130993,9342.551881305,CIRCUIT_OPEN,2026-09-05T00:04:05.749683Z
f064794a-d314-46e5-b94f-630dd8e258c7,run1_rep3,B,OPEN,OPEN,request,CACHE,HIT,0.044584001443581656,0.805208999736351,INFO,adaptador.request,false,degradado,0.6608749990846263,9342.601382889,9342.602143514,9342.601338305,9342.602043764,CIRCUIT_OPEN,2026-09-05T00:04:05.799906Z
4a297fbf-2516-4c99-bd68-70a63a45eee8,run1_rep3,B,OPEN,OPEN,request,CACHE,HIT,0.022542000806424767,0.4922500011161901,INFO,adaptador.request,false,degradado,0.4024579993711086,9342.606848014,9342.607317722,9342.606825472,9342.607250472,CIRCUIT_OPEN,2026-09-05T00:04:05.805054Z
85d1a104-4998-419d-9471-7528ad14092c,run1_rep3,B,OPEN,OPEN,request,CACHE,HIT,0.026290999812772498,0.4772499996761326,INFO,adaptador.request,false,degradado,0.39887500133772846,9342.62817443,9342.628625389,9342.628148139,9342.628573305,CIRCUIT_OPEN,2026-09-05T00:04:05.826356Z
23807560-1374-4b8c-a2c5-e4c59de8bfcc,run1_rep3,B,OPEN,OPEN,request,CACHE,HIT,0.04362500112620182,1.2850830007664626,INFO,adaptador.request,false,degradado,1.15945799916517,9342.709650139,9342.710891597,9342.709606514,9342.710809597,CIRCUIT_OPEN,2026-09-05T00:04:05.908917Z
43aff66d-e723-4074-aff7-ba1077e7814c,run1_rep3,B,OPEN,OPEN,request,CACHE,HIT,0.024750001102802344,0.8831249997456325,INFO,adaptador.request,false,degradado,0.8230000003095483,9342.710317597,9342.711175972,9342.710292847,9342.711140597,CIRCUIT_OPEN,2026-09-05T00:04:05.909340Z
1e644f54-1baa-456e-ab2e-76dfda43bd97,run1_rep3,B,OPEN,OPEN,request,CACHE,HIT,0.025458000891376287,1.5284159999282565,INFO,adaptador.request,false,degradado,1.4029579997441033,9342.712075597,9342.713578555,9342.712050139,9342.713478555,CIRCUIT_OPEN,2026-09-05T00:04:05.911368Z
08f1d968-af97-4152-9f92-bd24c714aef1,run1_rep3,B,OPEN,OPEN,request,CACHE,HIT,0.04091700066055637,1.07916700108035,INFO,adaptador.request,false,degradado,0.9534580003673909,9342.752666139,9342.753704389,9342.752625222,9342.753619597,CIRCUIT_OPEN,2026-09-05T00:04:05.951725Z
1291078d-a311-4dab-9fb0-88c702f62ba2,run1_rep3,B,OPEN,OPEN,request,CACHE,HIT,0.018124999769497663,0.8625000009487849,INFO,adaptador.request,false,degradado,0.7992920000106096,9342.75310893,9342.753953305,9342.753090805,9342.753908222,CIRCUIT_OPEN,2026-09-05T00:04:05.952094Z
dba16aaf-b516-4ab7-b4ae-0b0758df433d,run1_rep3,B,OPEN,OPEN,request,CACHE,HIT,0.11866599925269838,1.2677909999183612,INFO,adaptador.request,false,degradado,1.0706670000217855,9342.84474243,9342.845891555,9342.844623764,9342.845813097,CIRCUIT_OPEN,2026-09-05T00:04:06.043653Z
ce9284ea-db87-4f95-b00a-93279c4946fb,run1_rep3,B,OPEN,OPEN,request,CACHE,HIT,0.02683300044736825,0.88425000103598,INFO,adaptador.request,false,degradado,0.8118749992718222,9342.845698055,9342.846555472,9342.845671222,9342.84650993,CIRCUIT_OPEN,2026-09-05T00:04:06.044434Z
33d6691e-767f-423f-91f5-431a06e289d5,run1_rep3,B,OPEN,OPEN,request,CACHE,HIT,0.032083000405691564,0.6063750006433111,INFO,adaptador.request,false,degradado,0.5029589992773253,9342.855752805,9342.856327097,9342.855720722,9342.856255764,CIRCUIT_OPEN,2026-09-05T00:04:06.054087Z
0a6794b7-91c6-4c56-b139-4b62b13bc9db,run1_rep3,B,OPEN,OPEN,request,CACHE,HIT,0.021124998966115527,0.7009580003796145,INFO,adaptador.request,false,degradado,0.6222500014700927,9342.872464764,9342.873144597,9342.872443639,9342.873087014,CIRCUIT_OPEN,2026-09-05T00:04:06.070880Z
67aa2f7c-5adc-4407-96e3-0a3415102c07,run1_rep3,B,OPEN,OPEN,request,CACHE,HIT,0.017250000382773578,0.6903329995111562,INFO,adaptador.request,false,degradado,0.6263329996727407,9342.873037847,9342.87371093,9342.873020597,9342.87366418,CIRCUIT_OPEN,2026-09-05T00:04:06.071596Z
ddb4d17b-ac7b-4e75-a5c2-3e982b85a07c,run1_rep3,B,OPEN,OPEN,request,CACHE,HIT,0.06716600000800099,0.8226659992942587,INFO,adaptador.request,false,degradado,0.6628749997616978,9342.948050555,9342.948806055,9342.947983389,9342.94871343,CIRCUIT_OPEN,2026-09-05T00:04:06.146568Z
73db7e94-4c3a-49df-97dc-38128c104c1d,run1_rep3,B,OPEN,OPEN,request,CACHE,HIT,0.03195799945387989,0.796874999650754,INFO,adaptador.request,false,degradado,0.6664590000582393,9342.95429118,9342.955056097,9342.954259222,9342.954957639,CIRCUIT_OPEN,2026-09-05T00:04:06.152816Z
c580c3f7-fca4-41fa-9a45-3656c9013202,run1_rep3,B,OPEN,OPEN,request,CACHE,HIT,0.03937499968742486,0.7582909984193975,INFO,adaptador.request,false,degradado,0.6348749993776437,9343.011903639,9343.012622555,9343.011864264,9343.012538514,CIRCUIT_OPEN,2026-09-05T00:04:06.210384Z
5d5309eb-c404-4d39-b395-35bb6df0161c,run1_rep3,B,OPEN,OPEN,request,CACHE,HIT,0.029249998988234438,0.5735830000048736,INFO,adaptador.request,false,degradado,0.4702080004790332,9343.019373889,9343.019918222,9343.019344639,9343.019844097,CIRCUIT_OPEN,2026-09-05T00:04:06.217679Z
782aadb2-7c46-4ea0-9de5-dd38f099427e,run1_rep3,B,OPEN,OPEN,request,CACHE,HIT,0.03816699972958304,0.659625000480446,INFO,adaptador.request,false,degradado,0.5373750009312062,9343.066578597,9343.067200055,9343.06654043,9343.067115972,CIRCUIT_OPEN,2026-09-05T00:04:06.264956Z
b003a06d-f8b4-48eb-8770-f01e9cf24d47,run1_rep3,B,OPEN,OPEN,request,CACHE,HIT,0.03841699981421698,0.6726669998897705,INFO,adaptador.request,false,degradado,0.5590000000665896,9343.098849597,9343.099483847,9343.09881118,9343.099408597,CIRCUIT_OPEN,2026-09-05T00:04:06.297238Z
0c304775-9106-4bfb-8eee-30d80963dbb8,run1_rep3,B,OPEN,OPEN,request,CACHE,HIT,0.044249998609302565,0.8024999988265336,INFO,adaptador.request,false,degradado,0.674000000799424,9343.161086764,9343.161845014,9343.161042514,9343.161760764,CIRCUIT_OPEN,2026-09-05T00:04:06.359603Z
01a2abd8-5b9f-4ed7-ad45-14b3c3bf9b78,run1_rep3,B,OPEN,OPEN,request,CACHE,HIT,0.04212500061839819,0.6499589999293676,INFO,adaptador.request,false,degradado,0.5239589991106186,9343.191178597,9343.191786431,9343.191136472,9343.191702556,CIRCUIT_OPEN,2026-09-05T00:04:06.389548Z
fd026547-9a26-40bb-8bb5-a817de5018e8,run1_rep3,B,OPEN,OPEN,request,CACHE,HIT,0.03633300002547912,0.7188330000644783,INFO,adaptador.request,false,degradado,0.5678750003426103,9343.221540847,9343.222223347,9343.221504514,9343.222108722,CIRCUIT_OPEN,2026-09-05T00:04:06.420030Z
f5572d9b-98f0-4bae-b3ad-2029c9428837,run1_rep3,B,OPEN,OPEN,request,CACHE,HIT,0.029082999390084296,0.45866599975852296,INFO,adaptador.request,false,degradado,0.3664579999167472,9343.224669014,9343.225098597,9343.224639931,9343.225035472,CIRCUIT_OPEN,2026-09-05T00:04:06.422845Z
7e443e43-b51e-46ca-8796-d0d18456918f,run1_rep3,B,OPEN,OPEN,request,CACHE,HIT,0.02654100171639584,0.5340830011846265,INFO,adaptador.request,false,degradado,0.45108399899618234,9343.235717097,9343.236224639,9343.235690556,9343.236168181,CIRCUIT_OPEN,2026-09-05T00:04:06.433964Z
04b0f07f-6ee9-459d-bc09-f732d30988e5,run1_rep3,B,OPEN,OPEN,request,CACHE,HIT,0.033042000723071396,0.6528339999931632,INFO,adaptador.request,false,degradado,0.5155829985596938,9343.263303264,9343.263923056,9343.263270222,9343.263818847,CIRCUIT_OPEN,2026-09-05T00:04:06.461732Z
efcc9064-fd32-4584-be86-0d93ea2b2f7a,run1_rep3,B,OPEN,OPEN,request,CACHE,HIT,0.02979099917865824,0.5165000002307352,INFO,adaptador.request,false,degradado,0.42874999962805305,9343.268607347,9343.269094056,9343.268577556,9343.269036097,CIRCUIT_OPEN,2026-09-05T00:04:06.466847Z
0a7321b5-7e04-44c9-9745-d4d3804dee87,run1_rep3,B,OPEN,OPEN,request,CACHE,HIT,0.04637500023818575,0.7612499994138489,INFO,adaptador.request,false,degradado,0.6297499985521426,9343.346518931,9343.347233806,9343.346472556,9343.347148681,CIRCUIT_OPEN,2026-09-05T00:04:06.545002Z
623454cf-ccd6-49a0-ad14-135f81f29648,run1_rep3,B,OPEN,OPEN,request,CACHE,HIT,0.04866699964622967,0.787875000241911,INFO,adaptador.request,false,degradado,0.6309170003078179,9343.363288514,9343.364027722,9343.363239847,9343.363919431,CIRCUIT_OPEN,2026-09-05T00:04:06.561787Z
6b0772bb-9918-45bf-ac2d-751017af5886,run1_rep3,B,OPEN,OPEN,request,CACHE,HIT,0.03770800140046049,0.6190830008563353,INFO,adaptador.request,false,degradado,0.5129589990247041,9343.430212847,9343.430794222,9343.430175139,9343.430725806,CIRCUIT_OPEN,2026-09-05T00:04:06.628535Z
617d9e78-ea64-4667-8f76-80e0b6942ff5,run1_rep3,B,OPEN,OPEN,request,CACHE,HIT,0.03204099994036369,1.0767080002551666,INFO,adaptador.request,false,degradado,0.976084000285482,9343.501654972,9343.502699639,9343.501622931,9343.502631056,CIRCUIT_OPEN,2026-09-05T00:04:06.700796Z
8213ccd1-d67f-4834-b55d-12f29c135cba,run1_rep3,B,OPEN,OPEN,request,CACHE,HIT,0.025499999537714757,0.8671670002513565,INFO,adaptador.request,false,degradado,0.7617080009367783,9343.502178764,9343.503020431,9343.502153264,9343.502940472,CIRCUIT_OPEN,2026-09-05T00:04:06.701107Z
49d6f2df-00e5-4b40-b603-85be696dcc87,run1_rep3,B,OPEN,OPEN,request,CACHE,HIT,0.06170899905555416,1.280041999052628,INFO,adaptador.request,false,degradado,1.0254999997414416,9343.610369306,9343.611587639,9343.610307597,9343.611394806,CIRCUIT_OPEN,2026-09-05T00:04:06.809442Z
ab3bdb50-fccc-41a2-8b2d-542c926bbc01,run1_rep3,B,OPEN,OPEN,request,CACHE,HIT,0.029499999072868377,0.8921669996198034,INFO,adaptador.request,false,degradado,0.8060000000114087,9343.615542597,9343.616405264,9343.615513097,9343.616348597,CIRCUIT_OPEN,2026-09-05T00:04:06.814166Z
3587cbbe-f54e-4405-8167-8f3b83d7e1f7,run1_rep3,B,OPEN,OPEN,request,CACHE,HIT,0.02058300015050918,0.8405419994232943,INFO,adaptador.request,false,degradado,0.744541999665671,9343.616235097,9343.617055056,9343.616214514,9343.616979639,CIRCUIT_OPEN,2026-09-05T00:04:06.815006Z
16680ca9-fcbc-4235-8a26-38012bc80704,run1_rep3,B,OPEN,OPEN,request,CACHE,HIT,0.019167000573361292,0.9327080006187316,INFO,adaptador.request,false,degradado,0.8641659987915773,9343.641361431,9343.642274972,9343.641342264,9343.642225597,CIRCUIT_OPEN,2026-09-05T00:04:06.840266Z
8f6797cb-de2d-4256-bedb-d03f53780bfe,run1_rep3,B,OPEN,OPEN,request,CACHE,HIT,0.01941600021382328,0.7722910013399087,INFO,adaptador.request,false,degradado,0.718000001143082,9343.641777472,9343.642530347,9343.641758056,9343.642495472,CIRCUIT_OPEN,2026-09-05T00:04:06.840550Z
b7582379-b7d9-4872-b97e-83b1104dfd83,run1_rep3,B,OPEN,OPEN,request,CACHE,HIT,0.01700000029813964,0.3977920005127089,INFO,adaptador.request,false,degradado,0.3344169999763835,9343.655469889,9343.655850681,9343.655452889,9343.655804306,CIRCUIT_OPEN,2026-09-05T00:04:06.853586Z
fff80bfa-6b36-4b7c-841d-ad6f64f09551,run1_rep3,B,OPEN,OPEN,request,CACHE,HIT,0.019375000192667358,0.3791250001086155,INFO,adaptador.request,false,degradado,0.2963330007332843,9343.689422389,9343.689782139,9343.689403014,9343.689718722,CIRCUIT_OPEN,2026-09-05T00:04:06.887537Z
2d755492-67ef-4135-b852-b2cb20d646fd,run1_rep3,B,OPEN,OPEN,request,CACHE,HIT,0.014332999853650108,0.3166659989801701,INFO,adaptador.request,false,degradado,0.2642500003275927,9343.702392264,9343.702694597,9343.702377931,9343.702656514,CIRCUIT_OPEN,2026-09-05T00:04:06.900408Z
2efad7ed-4598-417a-a711-d7d89f24e3cf,run1_rep3,B,OPEN,OPEN,request,CACHE,HIT,0.0424169993493706,0.6589169988728827,INFO,adaptador.request,false,degradado,0.5361250005080365,9343.816125931,9343.816742431,9343.816083514,9343.816662056,CIRCUIT_OPEN,2026-09-05T00:04:07.014504Z
6c5e9762-9248-450b-9224-b08a05722738,run1_rep3,B,OPEN,OPEN,request,CACHE,HIT,0.03199999991920777,0.6029159994795918,INFO,adaptador.request,false,degradado,0.5012080000597052,9343.825834473,9343.826405389,9343.825802473,9343.826335681,CIRCUIT_OPEN,2026-09-05T00:04:07.024148Z
6538916b-810c-4ff4-b0a7-ec5248851784,run1_rep3,B,OPEN,OPEN,request,CACHE,HIT,0.032750000173109584,0.5858750009792857,INFO,adaptador.request,false,degradado,0.49374999980500434,9343.830180264,9343.830733389,9343.830147514,9343.830674014,CIRCUIT_OPEN,2026-09-05T00:04:07.028492Z
decf74c8-3319-4d39-8e0b-a443a6bbe4ed,run1_rep3,B,OPEN,OPEN,request,CACHE,HIT,0.02191600106016267,0.4845000003115274,INFO,adaptador.request,false,degradado,0.37716699989687186,9343.844552889,9343.845015473,9343.844530973,9343.844930056,CIRCUIT_OPEN,2026-09-05T00:04:07.042780Z
754d5a47-4c44-40d5-94fb-cf599924c22f,run1_rep3,B,OPEN,OPEN,request,CACHE,HIT,0.019625000277301297,0.7408749988826457,INFO,adaptador.request,false,degradado,0.669332999677863,9343.880206223,9343.880927473,9343.880186598,9343.880875556,CIRCUIT_OPEN,2026-09-05T00:04:07.078675Z
17e7f480-42af-4afa-a273-f16dbe7b98f9,run1_rep3,B,OPEN,OPEN,request,CACHE,HIT,0.02258300082758069,0.983750000159489,INFO,adaptador.request,false,degradado,0.906083998415852,9343.879717764,9343.880678931,9343.879695181,9343.880623848,CIRCUIT_OPEN,2026-09-05T00:04:07.078930Z
f6fd50a1-35bf-40ed-8470-bc2ae4c2ef19,run1_rep3,B,OPEN,OPEN,request,CACHE,HIT,0.03483299951767549,0.8344170000782469,INFO,adaptador.request,false,degradado,0.7264169998961734,9343.924556889,9343.925356473,9343.924522056,9343.925283306,CIRCUIT_OPEN,2026-09-05T00:04:07.123115Z
373da65c-6ffa-444e-b1d4-b01cb4a68afd,run1_rep3,B,OPEN,OPEN,request,CACHE,HIT,0.03812500108324457,0.6643329998041736,INFO,adaptador.request,false,degradado,0.5524169991986128,9343.972219556,9343.972845764,9343.972181431,9343.972771973,CIRCUIT_OPEN,2026-09-05T00:04:07.170608Z
bfba888e-8cd9-41f9-b66c-cae4d666b385,run1_rep3,B,OPEN,OPEN,request,CACHE,HIT,0.021333000404410996,0.666833000650513,INFO,adaptador.request,false,degradado,0.5970000001980225,9343.973773514,9343.974419014,9343.973752181,9343.974370514,CIRCUIT_OPEN,2026-09-05T00:04:07.172148Z
8224146f-5b73-4f95-b021-b082e1f1dad5,run1_rep3,B,OPEN,OPEN,request,CACHE,HIT,0.030124998374958523,0.565999998798361,INFO,adaptador.request,false,degradado,0.47212500066962093,9343.993766556,9343.994302431,9343.993736431,9343.994238681,CIRCUIT_OPEN,2026-09-05T00:04:07.192040Z
d92967c9-f9eb-4ffa-85ff-e8b74bdeaf8e,run1_rep3,B,OPEN,OPEN,request,CACHE,HIT,0.05116700049256906,0.8924590001697652,INFO,adaptador.request,false,degradado,0.7587500003864989,9344.011992181,9344.012833473,9344.011941014,9344.012750931,CIRCUIT_OPEN,2026-09-05T00:04:07.210597Z
17f3286a-8fee-4e38-92ef-c81b92424571,run1_rep3,B,OPEN,OPEN,request,CACHE,HIT,0.035666000258061104,0.6545830001414288,INFO,adaptador.request,false,degradado,0.5431669997051358,9344.066867389,9344.067486306,9344.066831723,9344.067410556,CIRCUIT_OPEN,2026-09-05T00:04:07.265244Z
f88e1997-9b45-4eff-8907-189435f9cf83,run1_rep3,B,OPEN,OPEN,request,CACHE,HIT,0.02925000080722384,0.5673340001521865,INFO,adaptador.request,false,degradado,0.47087500024645124,9344.092803014,9344.093341098,9344.092773764,9344.093273889,CIRCUIT_OPEN,2026-09-05T00:04:07.291089Z
99a94d92-10f9-4cd1-85e2-743d2e6f914f,run1_rep3,B,OPEN,OPEN,request,CACHE,HIT,0.028124999516876414,0.4619999999704305,INFO,adaptador.request,false,degradado,0.38066600063757505,9344.100056348,9344.100490223,9344.100028223,9344.100437014,CIRCUIT_OPEN,2026-09-05T00:04:07.298214Z
2828f88f-e228-487f-ba49-052a42d9bce6,run1_rep3,B,OPEN,OPEN,request,CACHE,HIT,0.035416000173427165,0.6802909992984496,INFO,adaptador.request,false,degradado,0.5724169986933703,9344.203887264,9344.204532139,9344.203851848,9344.204459681,CIRCUIT_OPEN,2026-09-05T00:04:07.402287Z
d744e019-f648-44cb-b958-eed6516ea73e,run1_rep3,B,OPEN,OPEN,request,CACHE,HIT,0.032250000003841706,0.9756250001373701,INFO,adaptador.request,false,degradado,0.870750000103726,9344.219587681,9344.220531056,9344.219555431,9344.220458431,CIRCUIT_OPEN,2026-09-05T00:04:07.418289Z
b0782f3a-7e70-4791-a994-9c1c9937cc70,run1_rep3,B,OPEN,OPEN,request,CACHE,HIT,0.026875000912696123,1.6217500015045516,INFO,adaptador.request,false,degradado,1.5117910006665625,9344.220072848,9344.221667723,9344.220045973,9344.221584639,CIRCUIT_OPEN,2026-09-05T00:04:07.419645Z
8eccef4c-60c2-4996-98da-a3c90b50c92d,run1_rep3,B,OPEN,OPEN,request,CACHE,HIT,0.024916000256780535,0.47870799971860833,INFO,adaptador.request,false,degradado,0.3997089988843072,9344.244811389,9344.245265181,9344.244786473,9344.245211098,CIRCUIT_OPEN,2026-09-05T00:04:07.442991Z
04eaf395-3cef-4fed-9900-ff14cbfb555a,run1_rep3,B,OPEN,OPEN,request,CACHE,HIT,0.036916999306413345,1.0260839990223758,INFO,adaptador.request,false,degradado,0.9114170006796485,9344.284200306,9344.285189473,9344.284163389,9344.285111723,CIRCUIT_OPEN,2026-09-05T00:04:07.483187Z
b4e6ab58-0128-40c3-935d-5976e44934c5,run1_rep3,B,OPEN,OPEN,request,CACHE,HIT,0.017292000848101452,0.8365840003534686,INFO,adaptador.request,false,degradado,0.7806670000718441,9344.284631806,9344.285451098,9344.284614514,9344.285412473,CIRCUIT_OPEN,2026-09-05T00:04:07.483495Z
a5292072-112d-451c-abdb-46fa75520dd6,run1_rep3,B,OPEN,OPEN,request,CACHE,HIT,0.03779100006795488,0.7477080016542459,INFO,adaptador.request,false,degradado,0.6257920013013063,9344.341623264,9344.342333181,9344.341585473,9344.342249056,CIRCUIT_OPEN,2026-09-05T00:04:07.540099Z
7364b4f5-8e5a-43ab-b752-980ea8e40275,run1_rep3,B,OPEN,OPEN,request,CACHE,HIT,0.03320799987704959,0.5196250003791647,INFO,adaptador.request,false,degradado,0.4090839993295958,9344.344351639,9344.344838056,9344.344318431,9344.344760723,CIRCUIT_OPEN,2026-09-05T00:04:07.542581Z
0298a04d-04eb-41d7-a04f-d5a40643c58c,run1_rep3,B,OPEN,OPEN,request,CACHE,HIT,0.056959001085488126,0.7866670002840692,INFO,adaptador.request,false,degradado,0.6490830000984715,9344.358033348,9344.358763056,9344.357976389,9344.358682431,CIRCUIT_OPEN,2026-09-05T00:04:07.556520Z
c5555e73-6679-49b2-b114-25e4fa6f2164,run1_rep3,B,OPEN,OPEN,request,CACHE,HIT,0.034083001082763076,0.635125001281267,INFO,adaptador.request,false,degradado,0.5304169990267837,9344.393988431,9344.394589473,9344.393954348,9344.394518848,CIRCUIT_OPEN,2026-09-05T00:04:07.592332Z
a705cb97-53fb-4cde-8755-653e7788ee96,run1_rep3,B,OPEN,OPEN,request,CACHE,HIT,0.07825000102457125,1.1493330002849689,INFO,adaptador.request,false,degradado,0.968708000073093,9344.437279723,9344.438350806,9344.437201473,9344.438248431,CIRCUIT_OPEN,2026-09-05T00:04:07.636128Z
6961a9f9-c51e-4b72-b843-cf858483e433,run1_rep3,B,OPEN,OPEN,request,CACHE,HIT,0.030082999728620052,0.9068330000445712,INFO,adaptador.request,false,degradado,0.8066249993134988,9344.447950181,9344.448826931,9344.447920098,9344.448756806,CIRCUIT_OPEN,2026-09-05T00:04:07.646585Z
79132b95-5c1e-449c-866c-f59d428583ea,run1_rep3,B,OPEN,OPEN,request,CACHE,HIT,0.01941600021382328,0.4654580006899778,INFO,adaptador.request,false,degradado,0.3823750012088567,9344.458873639,9344.459319681,9344.458854223,9344.459256014,CIRCUIT_OPEN,2026-09-05T00:04:07.657063Z
3658f82e-2eb5-4ae4-b325-eff482e198fc,run1_rep3,B,OPEN,OPEN,request,CACHE,HIT,0.03345900040585548,0.6347500002448214,INFO,adaptador.request,false,degradado,0.5379579997679684,9344.532634015,9344.533235306,9344.532600556,9344.533171973,CIRCUIT_OPEN,2026-09-05T00:04:07.730972Z
7442f96c-06b7-4151-971f-942c711daf8f,run1_rep3,B,OPEN,OPEN,request,CACHE,HIT,0.05458400119096041,0.8424590014328714,INFO,adaptador.request,false,degradado,0.6942910003999714,9344.634088765,9344.63487664,9344.634034181,9344.634783056,CIRCUIT_OPEN,2026-09-05T00:04:07.832636Z
0ce65103-3517-4d22-8634-33758bfb39d7,run1_rep3,B,OPEN,OPEN,request,CACHE,HIT,0.039582999306730926,1.126582999859238,INFO,adaptador.request,false,degradado,0.9926670009008376,9344.677196431,9344.678283431,9344.677156848,9344.678189098,CIRCUIT_OPEN,2026-09-05T00:04:07.876057Z
c3827039-3f35-4a71-b73d-5131fa3a86c8,run1_rep3,B,OPEN,OPEN,request,CACHE,HIT,0.01929199970618356,0.8848750003380701,INFO,adaptador.request,false,degradado,0.8194170004571788,9344.678074598,9344.678940181,9344.678055306,9344.678894015,CIRCUIT_OPEN,2026-09-05T00:04:07.876866Z
d1c40687-212b-4548-ab41-723ced59bbc3,run1_rep3,B,OPEN,OPEN,request,CACHE,HIT,0.0469170008727815,1.0466250005265465,INFO,adaptador.request,false,degradado,0.9156669984804466,9344.747910223,9344.748909931,9344.747863306,9344.74882589,CIRCUIT_OPEN,2026-09-05T00:04:07.946682Z
e6252295-f0c0-49d0-becf-9e9fa531206d,run1_rep3,B,OPEN,OPEN,request,CACHE,HIT,0.023208000129670836,0.7795829988026526,INFO,adaptador.request,false,degradado,0.7175829996413086,9344.748718098,9344.749474473,9344.74869489,9344.749435681,CIRCUIT_OPEN,2026-09-05T00:04:07.947380Z
cd0770f2-58f9-486e-b6d0-b45d8aeed18c,run1_rep3,B,OPEN,OPEN,request,CACHE,HIT,0.04166699909546878,0.8291670001199236,INFO,adaptador.request,false,degradado,0.7084580010996433,9344.765175723,9344.765963223,9344.765134056,9344.765884181,CIRCUIT_OPEN,2026-09-05T00:04:07.963757Z
78a026db-23fe-4d1c-b8eb-95a19f32e21a,run1_rep3,B,OPEN,OPEN,request,CACHE,HIT,0.04466700011107605,1.1619999986578478,INFO,adaptador.request,false,degradado,1.0269169997627614,9344.819376973,9344.820494306,9344.819332306,9344.82040389,CIRCUIT_OPEN,2026-09-05T00:04:08.018541Z
4ac88f00-ea89-40b7-b79a-6ee696aa837e,run1_rep3,B,OPEN,OPEN,request,CACHE,HIT,0.023499998860643245,0.9407089983142214,INFO,adaptador.request,false,degradado,0.8607920008216752,9344.819862056,9344.820779265,9344.819838556,9344.820722848,CIRCUIT_OPEN,2026-09-05T00:04:08.018860Z
dd49143e-cc65-49f2-9b16-ffedce7340be,run1_rep3,B,OPEN,OPEN,request,CACHE,HIT,0.06358300015563145,1.1078749994339887,INFO,adaptador.request,false,degradado,0.9699999991426012,9344.858052181,9344.859096473,9344.857988598,9344.859022181,CIRCUIT_OPEN,2026-09-05T00:04:08.057066Z
0e8901d6-f411-4763-93b8-72de5949f461,run1_rep3,B,OPEN,OPEN,request,CACHE,HIT,0.02074999974865932,0.7587920008518267,INFO,adaptador.request,false,degradado,0.7040420005068881,9344.858587181,9344.859325223,9344.858566431,9344.859291223,CIRCUIT_OPEN,2026-09-05T00:04:08.057349Z
23cd3f9c-354c-457b-a9eb-fe626efdd744,run1_rep3,B,OPEN,OPEN,request,CACHE,HIT,0.028249998649698682,0.57004100017366,INFO,adaptador.request,false,degradado,0.4775830002472503,9344.86566364,9344.866205431,9344.86563539,9344.866141223,CIRCUIT_OPEN,2026-09-05T00:04:08.063958Z
689aec79-8ab1-4dd3-9476-250c1dfff0ba,run1_rep3,B,OPEN,OPEN,request,CACHE,HIT,0.04887500108452514,0.7968750014697434,INFO,adaptador.request,false,degradado,0.6599169992114184,9344.934975181,9344.935723181,9344.934926306,9344.935635098,CIRCUIT_OPEN,2026-09-05T00:04:08.133482Z
f90f852c-904c-4ebc-ac64-b41a338e4781,run1_rep3,B,OPEN,OPEN,request,CACHE,HIT,0.041957999201258644,0.6981249989621574,INFO,adaptador.request,false,degradado,0.568000001294422,9344.980098556,9344.980754723,9344.980056598,9344.980666556,CIRCUIT_OPEN,2026-09-05T00:04:08.178523Z
6851a6b9-3c81-4ab3-8079-2549bcb6bd26,run1_rep3,B,OPEN,OPEN,request,CACHE,HIT,0.028750000637955964,0.45574999967357144,INFO,adaptador.request,false,degradado,0.3734579986485187,9344.984431598,9344.984858598,9344.984402848,9344.984805056,CIRCUIT_OPEN,2026-09-05T00:04:08.182590Z
6e46d37a-9e9a-4b7d-9fbf-224335cbc6cb,run1_rep3,B,OPEN,OPEN,request,CACHE,HIT,0.03933299922209699,0.6533329997182591,INFO,adaptador.request,false,degradado,0.5305419999785954,9345.039323431,9345.039937431,9345.039284098,9345.039853973,CIRCUIT_OPEN,2026-09-05T00:04:08.237730Z
3f8a8272-564d-418d-8697-e6d08773fdc3,run1_rep3,B,OPEN,OPEN,request,CACHE,HIT,0.06029199903423432,0.8941670002968749,INFO,adaptador.request,false,degradado,0.7242920000862796,9345.080562348,9345.081396223,9345.080502056,9345.08128664,CIRCUIT_OPEN,2026-09-05T00:04:08.279156Z
e205903e-1df0-482f-81f7-84b7d7f21619,run1_rep3,B,OPEN,OPEN,request,CACHE,HIT,0.03425000068091322,0.7201250009529758,INFO,adaptador.request,false,degradado,0.6058750004740432,9345.09157264,9345.092258515,9345.09153839,9345.092178515,CIRCUIT_OPEN,2026-09-05T00:04:08.290020Z
e67d8d90-ff0c-46ac-ba8a-5323ddd9402b,run1_rep3,B,OPEN,OPEN,request,CACHE,HIT,0.021457999537233263,0.5486249992827652,INFO,adaptador.request,false,degradado,0.4636670000763843,9345.094057306,9345.094584473,9345.094035848,9345.094520973,CIRCUIT_OPEN,2026-09-05T00:04:08.292339Z
e4151c07-0e1c-4399-8170-a7d8f6ea4723,run1_rep3,B,OPEN,OPEN,request,CACHE,HIT,0.06820799899287522,1.4701669988426147,INFO,adaptador.request,false,degradado,1.3010000002395827,9345.154477306,9345.155879265,9345.154409098,9345.155778306,CIRCUIT_OPEN,2026-09-05T00:04:08.353688Z
115a3ad9-79d4-45bd-ab4d-c3a21b043315,run1_rep3,B,OPEN,OPEN,request,CACHE,HIT,0.03554199975042138,1.3299589991220273,INFO,adaptador.request,false,degradado,1.2060419994668337,9345.155704098,9345.156998515,9345.155668556,9345.15691014,CIRCUIT_OPEN,2026-09-05T00:04:08.354768Z
aa70f6aa-abeb-4e50-81ef-1be1c538ef6f,run1_rep3,B,OPEN,OPEN,request,CACHE,HIT,0.04741700104204938,0.7003339997027069,INFO,adaptador.request,false,degradado,0.5649999984598253,9345.208535723,9345.20918864,9345.208488306,9345.209100723,CIRCUIT_OPEN,2026-09-05T00:04:08.406949Z
475b964d-e177-4579-aa62-c381a0302915,run1_rep3,B,OPEN,OPEN,request,CACHE,HIT,0.053209001634968445,0.8028340016608126,INFO,adaptador.request,false,degradado,0.653832999887527,9345.260211557,9345.260961182,9345.260158348,9345.26086539,CIRCUIT_OPEN,2026-09-05T00:04:08.458752Z
4fdd28c1-555f-43f2-b5ae-c69fd0a24be6,run1_rep3,B,OPEN,OPEN,request,CACHE,HIT,0.03533299968694337,0.7087920002959436,INFO,adaptador.request,false,degradado,0.594958999499795,9345.275702723,9345.276376182,9345.27566739,9345.276297682,CIRCUIT_OPEN,2026-09-05T00:04:08.474139Z
65935fc0-a8a9-4449-b04d-8c34c540fc6d,run1_rep3,B,OPEN,OPEN,request,CACHE,HIT,0.042541998482192867,1.1937079998460831,INFO,adaptador.request,false,degradado,1.0734160005085869,9345.316734932,9345.317886098,9345.31669239,9345.317808348,CIRCUIT_OPEN,2026-09-05T00:04:08.516111Z
79e7da80-75bc-412e-8f89-6d86e6d90005,run1_rep3,B,OPEN,OPEN,request,CACHE,HIT,0.02237499938928522,1.0487500003364403,INFO,adaptador.request,false,degradado,0.9588339999027085,9345.317267223,9345.318293598,9345.317244848,9345.318226057,CIRCUIT_OPEN,2026-09-05T00:04:08.516467Z
9498fec5-0f3f-4f4e-8bab-7e305a547f9c,run1_rep3,B,OPEN,OPEN,request,CACHE,HIT,0.05874999988009222,1.539625000077649,INFO,adaptador.request,false,degradado,1.3610000005428446,9345.403871098,9345.405351973,9345.403812348,9345.405232098,CIRCUIT_OPEN,2026-09-05T00:04:08.603111Z
636edf1d-0ad6-4f9b-b607-9f995d3ca2f6,run1_rep3,B,OPEN,OPEN,request,CACHE,HIT,0.024832999770296738,1.5649580000172136,INFO,adaptador.request,false,degradado,1.441209000404342,9345.404514973,9345.406055098,9345.40449014,9345.405956182,CIRCUIT_OPEN,2026-09-05T00:04:08.604413Z
dce7cdc0-7541-4165-a85c-00d088b0e74c,run1_rep3,B,OPEN,OPEN,request,CACHE,HIT,0.04762500066135544,0.7805840014043497,INFO,adaptador.request,false,degradado,0.6280840007093502,9345.440909473,9345.441642432,9345.440861848,9345.441537557,CIRCUIT_OPEN,2026-09-05T00:04:08.639458Z
c6416739-7aeb-4eac-a13c-13cc614a7590,run1_rep3,B,OPEN,OPEN,request,CACHE,HIT,0.05433300066215452,0.9159580004052259,INFO,adaptador.request,false,degradado,0.7399999994959217,9345.527604598,9345.528466223,9345.527550265,9345.528344598,CIRCUIT_OPEN,2026-09-05T00:04:08.726254Z
c71bd792-2fb0-4c76-a6d0-3c86e9ddda4a,run1_rep3,B,OPEN,OPEN,request,CACHE,HIT,0.0758339992898982,1.4157090008666273,INFO,adaptador.request,false,degradado,1.2702080002782168,9345.552786432,9345.554126307,9345.552710598,9345.55405664,CIRCUIT_OPEN,2026-09-05T00:04:08.752197Z
a6ae4128-7ae1-44e5-b514-ee656f8cf786,run1_rep3,B,OPEN,OPEN,request,CACHE,HIT,0.019208999219699763,0.934124998821062,INFO,adaptador.request,false,degradado,0.8496660011587664,9345.553507182,9345.554422098,9345.553487973,9345.554356848,CIRCUIT_OPEN,2026-09-05T00:04:08.752572Z
412b29fa-0b04-4aec-8d75-f5bdd0b53805,run1_rep3,B,OPEN,OPEN,request,CACHE,HIT,0.02325000059499871,0.4905420009890804,INFO,adaptador.request,false,degradado,0.4042919990752125,9345.563417223,9345.563884515,9345.563393973,9345.563821515,CIRCUIT_OPEN,2026-09-05T00:04:08.761630Z
7e4ce53e-9931-4ed3-ade5-3a4176ec1a6b,run1_rep3,B,OPEN,OPEN,request,CACHE,HIT,0.01983299989660736,0.3539580011420185,INFO,adaptador.request,false,degradado,0.29025000003457535,9345.568211015,9345.56854514,9345.568191182,9345.568501265,CIRCUIT_OPEN,2026-09-05T00:04:08.766271Z
7ed32865-424f-496c-b0eb-c3753e30e9ec,run1_rep3,B,OPEN,OPEN,request,CACHE,HIT,0.05704099930881057,1.2893749990325887,INFO,adaptador.request,false,degradado,1.1327499996696133,9345.724340223,9345.725572557,9345.724283182,9345.725472973,CIRCUIT_OPEN,2026-09-05T00:04:08.923566Z
efded0ff-4323-455d-81ae-ff782d18c895,run1_rep3,B,OPEN,OPEN,request,CACHE,HIT,0.022416999854613096,0.9708329998829868,INFO,adaptador.request,false,degradado,0.9074999998119893,9345.724882182,9345.725830598,9345.724859765,9345.725789682,CIRCUIT_OPEN,2026-09-05T00:04:08.923899Z
a1cd69dd-b946-4c86-91f6-cd7bb054b48c,run1_rep3,B,OPEN,OPEN,request,CACHE,HIT,0.026957999580190517,0.5561669986491324,INFO,adaptador.request,false,degradado,0.4574590002448531,9345.745230098,9345.745759307,9345.74520314,9345.745687557,CIRCUIT_OPEN,2026-09-05T00:04:08.943518Z
612f180a-e432-4393-b770-c34d197f903c,run1_rep3,B,OPEN,OPEN,request,CACHE,HIT,0.020833000235143118,0.9102909989451291,INFO,adaptador.request,false,degradado,0.8284999985335162,9345.75075389,9345.751643348,9345.750733057,9345.75158239,CIRCUIT_OPEN,2026-09-05T00:04:08.949656Z
e3c3a568-fc53-4d99-b9fa-1d9dd97047e3,run1_rep3,B,OPEN,OPEN,request,CACHE,HIT,0.016042000424931757,0.7254169995576376,INFO,adaptador.request,false,degradado,0.6591660003323341,9345.751202182,9345.751911557,9345.75118614,9345.751861348,CIRCUIT_OPEN,2026-09-05T00:04:08.949973Z
66801f1c-6ebb-4dd2-ae67-b0d08ec43a82,run1_rep3,B,OPEN,OPEN,request,CACHE,HIT,0.01616700137674343,0.5682920000253944,INFO,adaptador.request,false,degradado,0.400249999074731,9345.78098289,9345.781535015,9345.780966723,9345.78138314,CIRCUIT_OPEN,2026-09-05T00:04:08.979323Z
7f1003e2-8199-4e00-8cf7-586931053420,run1_rep3,B,OPEN,OPEN,request,CACHE,HIT,0.016416001017205417,0.4052500007674098,INFO,adaptador.request,false,degradado,0.338458999976865,9345.783301223,9345.783690057,9345.783284807,9345.783639682,CIRCUIT_OPEN,2026-09-05T00:04:08.981445Z
dbc6c7e5-4389-414b-b6b8-241be8efdb7e,run1_rep3,B,OPEN,OPEN,request,CACHE,HIT,0.033958000130951405,1.2282080006116303,INFO,adaptador.request,false,degradado,1.1152919996675337,9345.831864348,9345.833058598,9345.83183039,9345.83297964,CIRCUIT_OPEN,2026-09-05T00:04:09.031066Z
b52a70a1-b0e5-4f31-89f4-84d45b392b40,run1_rep3,B,OPEN,OPEN,request,CACHE,HIT,0.019834000340779312,1.1096670004917542,INFO,adaptador.request,false,degradado,1.0501659999135882,9345.832236932,9345.833326765,9345.832217098,9345.833287098,CIRCUIT_OPEN,2026-09-05T00:04:09.031396Z
3e6a1d61-95f1-4efd-a6a3-dca074368dc7,run1_rep3,B,OPEN,OPEN,request,CACHE,HIT,0.05191699892748147,0.7963749994814862,INFO,adaptador.request,false,degradado,0.6500420004158514,9345.921070932,9345.92181539,9345.921019015,9345.921720974,CIRCUIT_OPEN,2026-09-05T00:04:09.119581Z
8ef6ccbb-c0e5-4513-bcc5-1c0d3ff54ad0,run1_rep3,B,OPEN,OPEN,request,CACHE,HIT,0.052584000513888896,1.1059170010412345,INFO,adaptador.request,false,degradado,0.952958000198123,9345.987932974,9345.988986307,9345.98788039,9345.988885932,CIRCUIT_OPEN,2026-09-05T00:04:09.186783Z
779c423d-51e5-45f0-9276-dcab0c1268c9,run1_rep3,B,OPEN,OPEN,request,CACHE,HIT,0.022332998923957348,0.8724999988771742,INFO,adaptador.request,false,degradado,0.8093750002444722,9345.98877239,9345.989622557,9345.988750057,9345.989581765,CIRCUIT_OPEN,2026-09-05T00:04:09.187494Z
04b19d3c-1ccd-4ac2-8ee5-99280c21126f,run1_rep3,B,OPEN,OPEN,request,CACHE,HIT,0.03779199869313743,0.6368329995893873,INFO,adaptador.request,false,degradado,0.522375001310138,9346.020927724,9346.021526765,9346.020889932,9346.021450099,CIRCUIT_OPEN,2026-09-05T00:04:09.219274Z
d73bcade-2f9f-4495-ad42-d1aa3959e6e7,run1_rep3,B,OPEN,OPEN,request,CACHE,HIT,0.060791000578319654,0.6622910004807636,INFO,adaptador.request,false,degradado,0.5260839989205124,9346.06204364,9346.06264514,9346.061982849,9346.062569724,CIRCUIT_OPEN,2026-09-05T00:04:09.260409Z
e8fe23d9-ed7f-4745-ae48-fbb0a5aca786,run1_rep3,B,OPEN,OPEN,request,CACHE,HIT,0.03304199890408199,1.1528339982760372,INFO,adaptador.request,false,degradado,1.050875000146334,9346.089593682,9346.090713474,9346.08956064,9346.090644557,CIRCUIT_OPEN,2026-09-05T00:04:09.288717Z
11271afa-2486-4b2a-a1f6-da155783f865,run1_rep3,B,OPEN,OPEN,request,CACHE,HIT,0.02220799979113508,0.9147079999820562,INFO,adaptador.request,false,degradado,0.8475419999740552,9346.090067265,9346.090959765,9346.090045057,9346.090914807,CIRCUIT_OPEN,2026-09-05T00:04:09.289013Z
48b9ec4f-a9b1-4efd-b140-0ac691b927fd,run1_rep3,B,OPEN,OPEN,request,CACHE,HIT,0.03162500070175156,0.712208000550163,INFO,adaptador.request,false,degradado,0.6123330003902083,9346.103733807,9346.10441439,9346.103702182,9346.10434614,CIRCUIT_OPEN,2026-09-05T00:04:09.302171Z
5c178bc8-262d-446a-a7f2-4642da2b87a5,run1_rep3,B,OPEN,OPEN,request,CACHE,HIT,0.031125000532483682,0.5309589996613795,INFO,adaptador.request,false,degradado,0.4390840003907215,9346.14348389,9346.143983724,9346.143452765,9346.143922974,CIRCUIT_OPEN,2026-09-05T00:04:09.341739Z
8e9628f1-d567-4f10-b04c-63dcba8e07ba,run1_rep3,B,OPEN,OPEN,request,CACHE,HIT,0.05695899926649872,1.2736249991576187,INFO,adaptador.request,false,degradado,1.087250000637141,9346.253827849,9346.255044515,9346.25377089,9346.254915099,CIRCUIT_OPEN,2026-09-05T00:04:09.452831Z
5d9f2d40-e271-4f46-bfca-171407572a1f,run1_rep3,B,OPEN,OPEN,request,CACHE,HIT,0.030291999792098068,1.0106249992531957,INFO,adaptador.request,false,degradado,0.9259170001314487,9346.254770807,9346.25575114,9346.254740515,9346.255696724,CIRCUIT_OPEN,2026-09-05T00:04:09.453632Z
ce18445c-7e1d-457b-9ffb-ba23724c2219,run1_rep3,B,OPEN,OPEN,request,CACHE,HIT,0.06033300087437965,0.846708000608487,INFO,adaptador.request,false,degradado,0.6568749995494727,9346.328247182,9346.329033557,9346.328186849,9346.328904057,CIRCUIT_OPEN,2026-09-05T00:04:09.526798Z
b117783f-53f6-4101-95b9-e3442e6690e8,run1_rep3,B,OPEN,OPEN,request,CACHE,HIT,0.05245800093689468,1.0357080009271158,INFO,adaptador.request,false,degradado,0.8816669997031568,9346.414567682,9346.415550932,9346.414515224,9346.415449349,CIRCUIT_OPEN,2026-09-05T00:04:09.613311Z
a9ba5a46-1e17-45ba-811c-ce028b5926e8,run1_rep3,B,OPEN,OPEN,request,CACHE,HIT,0.02058400059468113,0.7924590008769883,INFO,adaptador.request,false,degradado,0.7267080000019632,9346.415351849,9346.416123724,9346.415331265,9346.416078557,CIRCUIT_OPEN,2026-09-05T00:04:09.614034Z
c4ad6f78-b140-4b5e-903a-af37e8befeae,run1_rep3,B,OPEN,OPEN,request,CACHE,HIT,0.046749999455641955,1.6938329990807688,INFO,adaptador.request,false,degradado,1.5649580000172136,9346.435337932,9346.436985015,9346.435291182,9346.43690289,CIRCUIT_OPEN,2026-09-05T00:04:09.635157Z
5ef400cb-0dac-44c1-8901-5833dd620af6,run1_rep3,B,OPEN,OPEN,request,CACHE,HIT,0.015499999790336005,1.417875000697677,INFO,adaptador.request,false,degradado,1.342375000604079,9346.435985932,9346.437388307,9346.435970432,9346.437328307,CIRCUIT_OPEN,2026-09-05T00:04:09.635558Z
38fb0056-e05f-4bf3-bf1d-4f25f096ca27,run1_rep3,B,OPEN,OPEN,request,CACHE,HIT,0.02104199847963173,1.8154169993067626,INFO,adaptador.request,false,degradado,1.7124580008385237,9346.439220182,9346.441014557,9346.43919914,9346.44093264,CIRCUIT_OPEN,2026-09-05T00:04:09.639109Z
61caa316-ae41-46d4-897e-532bca54ba0d,run1_rep3,B,OPEN,OPEN,request,CACHE,HIT,0.0195419997908175,1.5231670004141051,INFO,adaptador.request,false,degradado,1.4485409992630593,9346.439842599,9346.441346224,9346.439823057,9346.44129114,CIRCUIT_OPEN,2026-09-05T00:04:09.639339Z
6a75dc60-7e28-45b6-9979-f4cb2dad717e,run1_rep3,B,OPEN,OPEN,request,CACHE,HIT,0.02141699951607734,0.43283299964969046,INFO,adaptador.request,false,degradado,0.3686660002131248,9346.456376724,9346.45678814,9346.456355307,9346.45674539,CIRCUIT_OPEN,2026-09-05T00:04:09.654500Z
a20fb0cf-4a39-42a6-9dcd-046cd426e599,run1_rep3,B,OPEN,OPEN,request,CACHE,HIT,0.03258299875597004,0.6371250001393491,INFO,adaptador.request,false,degradado,0.5254580009932397,9346.573986057,9346.574590599,9346.573953474,9346.574511515,CIRCUIT_OPEN,2026-09-05T00:04:09.772347Z
a80b2726-6fe7-4003-b09f-31eea98006d8,run1_rep3,B,OPEN,OPEN,request,CACHE,HIT,0.02433299960102886,0.4678330005845055,INFO,adaptador.request,false,degradado,0.3767500002140878,9346.587721015,9346.588164515,9346.587696682,9346.588097765,CIRCUIT_OPEN,2026-09-05T00:04:09.785915Z
a378311f-4b12-46f9-98af-8c9551d6d576,run1_rep3,B,OPEN,OPEN,request,CACHE,HIT,0.048040999899967574,0.5337500006135087,INFO,adaptador.request,false,degradado,0.42045900045195594,9346.60703714,9346.607522849,9346.606989099,9346.607457599,CIRCUIT_OPEN,2026-09-05T00:04:09.805276Z
b0272f6d-87b7-4cd6-99f4-1261e8ea1491,run1_rep3,B,OPEN,OPEN,request,CACHE,HIT,0.04616700061887968,0.8142919996316778,INFO,adaptador.request,false,degradado,0.6916669990459923,9346.663364099,9346.664132224,9346.663317932,9346.664055766,CIRCUIT_OPEN,2026-09-05T00:04:09.861874Z
1a3ad9ee-7578-4a37-9be3-fa5b0a7e6d31,run1_rep3,B,OPEN,OPEN,request,CACHE,HIT,0.049917000069399364,0.7615840004291385,INFO,adaptador.request,false,degradado,0.6348330007313052,9346.712122599,9346.712834266,9346.712072682,9346.712757432,CIRCUIT_OPEN,2026-09-05T00:04:09.910576Z
a6100465-21b3-496a-9d47-28a0fbb04643,run1_rep3,B,OPEN,OPEN,request,CACHE,HIT,0.028374999601510353,0.4771669991896488,INFO,adaptador.request,false,degradado,0.3872919987770729,9346.717190932,9346.717639724,9346.717162557,9346.717578224,CIRCUIT_OPEN,2026-09-05T00:04:09.915379Z
1d2e37e6-b295-4486-af31-422dd489d8c4,run1_rep3,B,OPEN,OPEN,request,CACHE,HIT,0.03579099939088337,0.5844580009579659,INFO,adaptador.request,false,degradado,0.48429200069222134,9346.735608807,9346.736157474,9346.735573016,9346.736093099,CIRCUIT_OPEN,2026-09-05T00:04:09.933907Z
e5143548-4ea5-47e1-8f48-4b79f34387f0,run1_rep3,B,OPEN,OPEN,request,CACHE,HIT,0.02975000097649172,0.6350000003294554,INFO,adaptador.request,false,degradado,0.49612499969953205,9346.754439099,9346.755044349,9346.754409349,9346.754935224,CIRCUIT_OPEN,2026-09-05T00:04:09.952807Z
06caa787-ce3e-4ed7-a5d9-815579cf91d7,run1_rep3,B,OPEN,OPEN,request,CACHE,HIT,0.02487500023562461,0.457500000266009,INFO,adaptador.request,false,degradado,0.3762500000448199,9346.771157182,9346.771589807,9346.771132307,9346.771533432,CIRCUIT_OPEN,2026-09-05T00:04:09.969325Z
d3eaef96-5ecf-4df9-b0c9-024185d6f23c,run1_rep3,B,OPEN,OPEN,request,CACHE,HIT,0.032750000173109584,0.6021250010235235,INFO,adaptador.request,false,degradado,0.4975420015398413,9346.798535224,9346.799104599,9346.798502474,9346.799032766,CIRCUIT_OPEN,2026-09-05T00:04:09.996852Z
a9cc12bb-f759-489b-9a12-bb5e666e0fa4,run1_rep3,B,OPEN,OPEN,request,CACHE,HIT,0.056167000366258435,0.8616670002083993,INFO,adaptador.request,false,degradado,0.6954999989829957,9346.930879891,9346.931685391,9346.930823724,9346.931575391,CIRCUIT_OPEN,2026-09-05T00:04:10.129455Z
c64a6e2c-9da8-49d3-8f13-74cf0e29ab2f,run1_rep3,B,OPEN,OPEN,request,CACHE,HIT,0.02829100048984401,0.7030000015220139,INFO,adaptador.request,false,degradado,0.4610420000972226,9346.932688182,9346.933362891,9346.932659891,9346.933149224,CIRCUIT_OPEN,2026-09-05T00:04:10.131224Z
5f6b17bd-a3da-402f-8190-537f6256852f,run1_rep3,B,OPEN,OPEN,request,CACHE,HIT,0.032083000405691564,0.5369579994294327,INFO,adaptador.request,false,degradado,0.4284169990569353,9346.939073849,9346.939578724,9346.939041766,9346.939502266,CIRCUIT_OPEN,2026-09-05T00:04:10.137336Z
714cae19-b2f6-40b8-a134-00ae3b762b4f,run1_rep3,B,OPEN,OPEN,request,CACHE,HIT,0.023708000298938714,0.5519579990505008,INFO,adaptador.request,false,degradado,0.4767089994857088,9346.965915807,9346.966444057,9346.965892099,9346.966392516,CIRCUIT_OPEN,2026-09-05T00:04:10.164170Z
6499ca9d-af10-4252-8c51-9e8f5cd90239,run1_rep3,B,OPEN,OPEN,request,CACHE,HIT,0.01758299913490191,0.40379200072493404,INFO,adaptador.request,false,degradado,0.3333750009915093,9346.991551557,9346.991937766,9346.991533974,9346.991884932,CIRCUIT_OPEN,2026-09-05T00:04:10.189698Z
1e3c4164-7139-4d11-ab1c-dec081b5d819,run1_rep3,B,OPEN,OPEN,request,CACHE,HIT,0.032291998650180176,0.5362499996408587,INFO,adaptador.request,false,degradado,0.4515000000537839,9347.025226974,9347.025730932,9347.025194682,9347.025678474,CIRCUIT_OPEN,2026-09-05T00:04:10.223454Z
fa36541e-826f-48d4-b757-ee5a50616189,run1_rep3,B,OPEN,OPEN,request,CACHE,HIT,0.014958000974729657,0.6422500009648502,INFO,adaptador.request,false,degradado,0.5591249991994118,9347.078089557,9347.078716849,9347.078074599,9347.078648682,CIRCUIT_OPEN,2026-09-05T00:04:10.276715Z
288278eb-fda8-431e-890d-81b50dd1943a,run1_rep3,B,OPEN,OPEN,request,CACHE,HIT,0.0396249997720588,1.2891249989479547,INFO,adaptador.request,false,degradado,1.2144590000389144,9347.077710932,9347.078960432,9347.077671307,9347.078925391,CIRCUIT_OPEN,2026-09-05T00:04:10.276964Z
5a35b3ef-1327-4985-bea5-df6ef7db5a25,run1_rep3,B,OPEN,OPEN,request,CACHE,HIT,0.015749999874969944,1.2127919999329606,INFO,adaptador.request,false,degradado,1.129041998865432,9347.099996474,9347.101193516,9347.099980724,9347.101125516,CIRCUIT_OPEN,2026-09-05T00:04:10.298952Z
5ef798aa-bb22-486f-a0a1-2e84df94187c,run1_rep3,B,OPEN,OPEN,request,CACHE,HIT,0.03508299960230943,1.0949999996228144,INFO,adaptador.request,false,degradado,0.9126250006374903,9347.099670474,9347.100730391,9347.099635391,9347.100583099,CIRCUIT_OPEN,2026-09-05T00:04:10.299275Z
807aaf55-ffb9-46e3-8b27-c38177ed1668,run1_rep3,B,OPEN,OPEN,request,CACHE,HIT,0.03416599975025747,0.5794579992652871,INFO,adaptador.request,false,degradado,0.47900000026857015,9347.137265182,9347.137810474,9347.137231016,9347.137744182,CIRCUIT_OPEN,2026-09-05T00:04:10.335552Z
73352d36-ca33-4441-a2d4-0e0b7b48ad5c,run1_rep3,B,OPEN,OPEN,request,CACHE,HIT,0.06408300032489933,0.7104169999365695,INFO,adaptador.request,false,degradado,0.5647919988405192,9347.200028682,9347.200675016,9347.199964599,9347.200593474,CIRCUIT_OPEN,2026-09-05T00:04:10.398430Z
c9ce6db6-e3a8-4a90-acb0-5b7343f1b708,run1_rep3,B,OPEN,OPEN,request,CACHE,HIT,0.03112499871349428,0.5093330000818241,INFO,adaptador.request,false,degradado,0.417291001213016,9347.205993016,9347.206471224,9347.205961891,9347.206410307,CIRCUIT_OPEN,2026-09-05T00:04:10.404202Z
ee375111-535a-44a6-9bd6-e6ca224c4b02,run1_rep3,B,OPEN,OPEN,request,CACHE,HIT,0.039040998672135174,0.5769579984189477,INFO,adaptador.request,false,degradado,0.46962499982328154,9347.236149682,9347.236687599,9347.236110641,9347.236619307,CIRCUIT_OPEN,2026-09-05T00:04:10.434440Z
4282f710-d46e-4485-b76d-e80f6ff0e3b4,run1_rep3,B,OPEN,OPEN,request,CACHE,HIT,0.028333000955171883,0.5622080007015029,INFO,adaptador.request,false,degradado,0.47529199946438894,9347.242776932,9347.243310807,9347.242748599,9347.243252224,CIRCUIT_OPEN,2026-09-05T00:04:10.441042Z
2e28f2eb-93a2-4d44-b29c-477d3319adde,run1_rep3,B,OPEN,OPEN,request,CACHE,HIT,0.050999999075429514,0.822082998638507,INFO,adaptador.request,false,degradado,0.691332999849692,9347.402558516,9347.403329599,9347.402507516,9347.403249849,CIRCUIT_OPEN,2026-09-05T00:04:10.601072Z
2458f392-50fb-4adf-b007-9b6e2618c44c,run1_rep3,B,OPEN,OPEN,request,CACHE,HIT,0.039041999116307124,0.641707998511265,INFO,adaptador.request,false,degradado,0.5107910001242999,9347.446433808,9347.447036474,9347.446394766,9347.446944599,CIRCUIT_OPEN,2026-09-05T00:04:10.644777Z
8a4d32c1-972a-4fee-b17d-ce34a42f67c8,run1_rep3,B,OPEN,OPEN,request,CACHE,HIT,0.03379099871381186,0.6212079988472397,INFO,adaptador.request,false,degradado,0.5173750014364487,9347.504765974,9347.505353391,9347.504732183,9347.505283349,CIRCUIT_OPEN,2026-09-05T00:04:10.703095Z
024d4996-c91a-4e04-8862-946cfd0c7e33,run1_rep3,B,OPEN,OPEN,request,CACHE,HIT,0.025833000108832493,1.0536669997236459,INFO,adaptador.request,false,degradado,0.9135840009548701,9347.509699724,9347.510727558,9347.509673891,9347.510613308,CIRCUIT_OPEN,2026-09-05T00:04:10.708489Z
c641e693-3197-45b7-aeff-cf0c13999706,run1_rep3,B,OPEN,OPEN,request,CACHE,HIT,0.02616600067995023,0.477250001495122,INFO,adaptador.request,false,degradado,0.38579200008825865,9347.531329849,9347.531780933,9347.531303683,9347.531715641,CIRCUIT_OPEN,2026-09-05T00:04:10.729538Z
c99192fc-e008-4c52-95f4-19a1c49089b5,run1_rep3,B,OPEN,OPEN,request,CACHE,HIT,0.03625000135798473,0.6066670011932729,INFO,adaptador.request,false,degradado,0.5002919988328358,9347.583324474,9347.583894891,9347.583288224,9347.583824766,CIRCUIT_OPEN,2026-09-05T00:04:10.781638Z
3a6bcc5f-5788-494a-ac15-fade5a8e968f,run1_rep3,B,OPEN,OPEN,request,CACHE,HIT,0.0272919987764908,0.6203329994605156,INFO,adaptador.request,false,degradado,0.5141250003362074,9347.587808183,9347.588401224,9347.587780891,9347.588322308,CIRCUIT_OPEN,2026-09-05T00:04:10.786157Z
e103506a-6605-4f8e-ac6f-ece1d180082c,run1_rep3,B,OPEN,OPEN,request,CACHE,HIT,0.032500000088475645,0.6182919987622881,INFO,adaptador.request,false,degradado,0.5087919998914003,9347.624191266,9347.624777058,9347.624158766,9347.624700058,CIRCUIT_OPEN,2026-09-05T00:04:10.822536Z
b2fb4540-6051-4033-9f2c-36d28d576681,run1_rep3,B,OPEN,OPEN,request,CACHE,HIT,0.07404200005112216,0.7845830004953314,INFO,adaptador.request,false,degradado,0.6272500013437821,9347.660070183,9347.660780724,9347.659996141,9347.660697433,CIRCUIT_OPEN,2026-09-05T00:04:10.858528Z
4a6a3cc0-b4d5-4054-80ce-3d367e8e3846,run1_rep3,B,OPEN,OPEN,request,CACHE,HIT,0.029041999368928373,0.9261670002160827,INFO,adaptador.request,false,degradado,0.8022080000955611,9347.662451683,9347.663348808,9347.662422641,9347.663253891,CIRCUIT_OPEN,2026-09-05T00:04:10.861102Z
ff360d33-71c0-472d-84a7-e8cbe6e995ff,run1_rep3,B,OPEN,OPEN,request,CACHE,HIT,0.02937499994004611,0.6567079999513226,INFO,adaptador.request,false,degradado,0.5670420014212141,9347.666655766,9347.667283099,9347.666626391,9347.667222808,CIRCUIT_OPEN,2026-09-05T00:04:10.865017Z
0e2091a9-ec21-4154-b37b-e85e7ce199ab,run1_rep3,B,OPEN,OPEN,request,CACHE,HIT,0.03149999974993989,0.8228749993577367,INFO,adaptador.request,false,degradado,0.7125829997676192,9347.705792391,9347.706583766,9347.705760891,9347.706504974,CIRCUIT_OPEN,2026-09-05T00:04:10.904345Z
9a07a7cb-2bcb-4b04-aa36-af55eeb0b506,run1_rep3,B,OPEN,OPEN,request,CACHE,HIT,0.03724999987753108,0.7367500002146699,INFO,adaptador.request,false,degradado,0.5959170011919923,9347.768326016,9347.769025516,9347.768288766,9347.768921933,CIRCUIT_OPEN,2026-09-05T00:04:10.966836Z
0e24f5af-a163-4f78-aff0-f7620cac91d8,run1_rep3,B,OPEN,OPEN,request,CACHE,HIT,0.02604200017231051,0.5335419991752133,INFO,adaptador.request,false,degradado,0.45283299914444797,9347.771782391,9347.772289891,9347.771756349,9347.772235224,CIRCUIT_OPEN,2026-09-05T00:04:10.970025Z
ffd07d3b-eb88-47cd-9869-3969996b9473,run1_rep3,B,OPEN,OPEN,request,CACHE,HIT,0.02849999873433262,0.6116669992479729,INFO,adaptador.request,false,degradado,0.5191670006752247,9347.781346474,9347.781929641,9347.781317974,9347.781865641,CIRCUIT_OPEN,2026-09-05T00:04:10.979692Z
a016392e-fe94-49ab-939f-394e02e4d714,run1_rep3,B,OPEN,OPEN,request,CACHE,HIT,0.0407920015277341,0.6675420008832589,INFO,adaptador.request,false,degradado,0.543791999007226,9347.849910516,9347.850537266,9347.849869724,9347.850454308,CIRCUIT_OPEN,2026-09-05T00:04:11.048305Z
e2a7ec83-7e4a-446a-a473-4363bf47f88d,run1_rep3,B,OPEN,OPEN,request,CACHE,HIT,0.027749998480430804,0.7013750000623986,INFO,adaptador.request,false,degradado,0.5312080011208309,9347.851528266,9347.852201891,9347.851500516,9347.852059474,CIRCUIT_OPEN,2026-09-05T00:04:11.049959Z
6671d931-1c1b-4ee4-967e-00534a75e09d,run1_rep3,B,OPEN,OPEN,request,CACHE,HIT,0.04345900015323423,0.7727499996690312,INFO,adaptador.request,false,degradado,0.6472499990195502,9347.888064933,9347.888794224,9347.888021474,9347.888712183,CIRCUIT_OPEN,2026-09-05T00:04:11.086557Z
a042f767-5ae5-45a0-acae-6ea51aa07f16,run1_rep3,B,OPEN,OPEN,request,CACHE,HIT,0.05383299867389724,0.8627909992355853,INFO,adaptador.request,false,degradado,0.7067500009725336,9347.945190141,9347.945999099,9347.945136308,9347.945896891,CIRCUIT_OPEN,2026-09-05T00:04:11.143788Z
8028f4d3-306a-4fa8-8768-790b2b1daacc,run1_rep3,B,OPEN,OPEN,request,CACHE,HIT,0.04291699951863848,0.7771250002406305,INFO,adaptador.request,false,degradado,0.6514579999929992,9347.959819433,9347.960553641,9347.959776516,9347.960470891,CIRCUIT_OPEN,2026-09-05T00:04:11.158312Z
bd09fba7-d427-4f56-a705-a6778581868a,run1_rep3,B,OPEN,OPEN,request,CACHE,HIT,0.07287500011443626,0.8023749996937113,INFO,adaptador.request,false,degradado,0.6397910001396667,9348.004025683,9348.004755183,9348.003952808,9348.004665474,CIRCUIT_OPEN,2026-09-05T00:04:11.202517Z
5132c87b-3f14-4a3f-82e8-134de291dad9,run1_rep3,B,OPEN,OPEN,request,CACHE,HIT,0.034416998460073955,0.6065829984436277,INFO,adaptador.request,false,degradado,0.4625410001608543,9348.03947185,9348.040044016,9348.039437433,9348.039934391,CIRCUIT_OPEN,2026-09-05T00:04:11.237806Z
759ed33c-5097-4167-93e3-13f190a295c8,run1_rep3,B,OPEN,OPEN,request,CACHE,HIT,0.03445900074439123,0.6100000009610085,INFO,adaptador.request,false,degradado,0.503332999869599,9348.074542725,9348.075118266,9348.074508266,9348.075046058,CIRCUIT_OPEN,2026-09-05T00:04:11.272869Z
e51fa9eb-d678-4caa-928a-00123e8905ea,run1_rep3,B,OPEN,OPEN,request,CACHE,HIT,0.028917000236106105,0.5368330002966104,INFO,adaptador.request,false,degradado,0.41616599992266856,9348.1105816,9348.111089516,9348.110552683,9348.110997766,CIRCUIT_OPEN,2026-09-05T00:04:11.308837Z
544fa9c3-7288-4bcd-932b-dd115bdefd4e,run1_rep3,B,OPEN,OPEN,request,CACHE,HIT,0.031833000321057625,0.5731660003220895,INFO,adaptador.request,false,degradado,0.4577079998853151,9348.122835183,9348.123376516,9348.12280335,9348.123292891,CIRCUIT_OPEN,2026-09-05T00:04:11.321123Z
9ddbc84f-c7ac-4977-b8e2-00765acfa137,run1_rep3,B,OPEN,OPEN,request,CACHE,HIT,0.03783300053328276,0.7388329995592358,INFO,adaptador.request,false,degradado,0.6345420006255154,9348.127425433,9348.128126433,9348.1273876,9348.128059975,CIRCUIT_OPEN,2026-09-05T00:04:11.325886Z
1a582bc9-d9b7-4279-9abb-a68f783bb121,run1_rep3,B,OPEN,OPEN,request,CACHE,HIT,0.02345899883948732,0.5242499992164085,INFO,adaptador.request,false,degradado,0.45124999996914994,9348.130249225,9348.130750016,9348.130225766,9348.130700475,CIRCUIT_OPEN,2026-09-05T00:04:11.328496Z
41701658-5f09-4f99-82f5-1219138fee75,run1_rep3,B,OPEN,OPEN,request,CACHE,HIT,0.02354199932597112,0.5057500002294546,INFO,adaptador.request,false,degradado,0.4217080004309537,9348.134043683,9348.134525891,9348.134020141,9348.134465391,CIRCUIT_OPEN,2026-09-05T00:04:11.332274Z
4eacd146-22fc-4a38-985a-29c5648fa389,run1_rep3,B,OPEN,OPEN,request,CACHE,HIT,0.015042000086396001,0.40483399970980827,INFO,adaptador.request,false,degradado,0.34116700044251047,9348.166237058,9348.16662685,9348.166222016,9348.166578225,CIRCUIT_OPEN,2026-09-05T00:04:11.364359Z
2388846a-72ba-4b91-a908-10d7d2bd2dd2,run1_rep3,B,OPEN,OPEN,request,CACHE,HIT,0.05062499985797331,0.8242080002673902,INFO,adaptador.request,false,degradado,0.6782500004192116,9348.251659975,9348.252433558,9348.25160935,9348.252338225,CIRCUIT_OPEN,2026-09-05T00:04:11.450204Z
23604316-dd6f-40dd-b9dd-45bd34eec7f2,run1_rep3,B,OPEN,OPEN,request,CACHE,HIT,0.028624999686144292,0.6147499989310745,INFO,adaptador.request,false,degradado,0.5095830001664581,9348.256539808,9348.257125933,9348.256511183,9348.257049391,CIRCUIT_OPEN,2026-09-05T00:04:11.454889Z
e3f902b1-a823-4620-b08e-64546c33ff07,run1_rep3,B,OPEN,OPEN,request,CACHE,HIT,0.04479200106288772,0.6916670008649817,INFO,adaptador.request,false,degradado,0.5334999987098854,9348.299438808,9348.300085683,9348.299394016,9348.299972308,CIRCUIT_OPEN,2026-09-05T00:04:11.497852Z
314a91d2-9a10-47e4-a3a9-9fc54881eb7d,run1_rep3,B,OPEN,OPEN,request,CACHE,HIT,0.03391700010979548,0.6048750001355074,INFO,adaptador.request,false,degradado,0.502875000165659,9348.31879285,9348.319363808,9348.318758933,9348.319295725,CIRCUIT_OPEN,2026-09-05T00:04:11.517111Z
46c44176-98e6-476a-b943-8819f960dec6,run1_rep3,B,OPEN,OPEN,request,CACHE,HIT,0.04995800009055529,0.8163330003299052,INFO,adaptador.request,false,degradado,0.6696250002278248,9348.409992641,9348.410759016,9348.409942683,9348.410662266,CIRCUIT_OPEN,2026-09-05T00:04:11.608524Z
4eb6e59c-76a3-44e6-9457-982d86bba543,run1_rep3,B,OPEN,OPEN,request,CACHE,HIT,0.04416599949763622,0.6330409996735398,INFO,adaptador.request,false,degradado,0.5197919999773148,9348.421177516,9348.421766391,9348.42113335,9348.421697308,CIRCUIT_OPEN,2026-09-05T00:04:11.619513Z
965a9c09-6308-4ac8-bcb3-1a217dc07fc0,run1_rep3,B,OPEN,OPEN,request,CACHE,HIT,0.03358400135766715,0.5814590003865305,INFO,adaptador.request,false,degradado,0.47237499893526547,9348.4452476,9348.445795475,9348.445214016,9348.445719975,CIRCUIT_OPEN,2026-09-05T00:04:11.643547Z
acf2c078-3cd7-4ce1-bdd0-2486a022ffcf,run1_rep3,B,OPEN,OPEN,request,CACHE,HIT,0.020375000531203113,0.7904169997345889,INFO,adaptador.request,false,degradado,0.7094169995980337,9348.467495433,9348.468265475,9348.467475058,9348.46820485,CIRCUIT_OPEN,2026-09-05T00:04:11.666007Z
1d3ac2e5-3b36-4af5-9a37-3b9889c8b33e,run1_rep3,B,OPEN,OPEN,request,CACHE,HIT,0.03754199860850349,0.9717499997350387,INFO,adaptador.request,false,degradado,0.8659579998493427,9348.4670591,9348.467993308,9348.467021558,9348.467925058,CIRCUIT_OPEN,2026-09-05T00:04:11.666245Z
0c478afb-a4ec-41ae-9771-4d9270c22575,run1_rep3,B,OPEN,OPEN,request,CACHE,HIT,0.03737499901035335,0.6044170004315674,INFO,adaptador.request,false,degradado,0.49154200132761616,9348.518255766,9348.518822808,9348.518218391,9348.518747308,CIRCUIT_OPEN,2026-09-05T00:04:11.716572Z
ccecc70c-65bd-4cd5-a0c2-f4d1cc63346b,run1_rep3,B,OPEN,OPEN,request,CACHE,HIT,0.037540999983320944,1.1597500015341211,INFO,adaptador.request,false,degradado,1.048834001267096,9348.547633391,9348.5487556,9348.54759585,9348.548682225,CIRCUIT_OPEN,2026-09-05T00:04:11.746493Z
ec19798e-9d1b-44da-bf85-a75f2bdfe368,run1_rep3,B,OPEN,OPEN,request,CACHE,HIT,0.0256669991358649,1.2371669999993173,INFO,adaptador.request,false,degradado,1.1542920001375023,9348.548134808,9348.549346308,9348.548109141,9348.5492891,CIRCUIT_OPEN,2026-09-05T00:04:11.747258Z
3d337977-2912-4921-89f2-04af25477010,run1_rep3,B,OPEN,OPEN,request,CACHE,HIT,0.031125000532483682,0.773042000218993,INFO,adaptador.request,false,degradado,0.6714589999319287,9348.554897391,9348.555639308,9348.554866266,9348.55556885,CIRCUIT_OPEN,2026-09-05T00:04:11.753394Z
a5df95a1-560f-4533-9640-77b6ee4021e3,run1_rep3,B,OPEN,OPEN,request,CACHE,HIT,0.0369160006812308,1.0983330012095394,INFO,adaptador.request,false,degradado,0.984874999630847,9348.679655266,9348.680716683,9348.67961835,9348.680640141,CIRCUIT_OPEN,2026-09-05T00:04:11.878800Z
cd076918-de37-4f12-9690-42e461f9857b,run1_rep3,B,OPEN,OPEN,request,CACHE,HIT,0.02245799987576902,0.8648749990243232,INFO,adaptador.request,false,degradado,0.7479590003640624,9348.680189016,9348.681031433,9348.680166558,9348.680936975,CIRCUIT_OPEN,2026-09-05T00:04:11.879063Z
30ec4e38-e842-4dd8-9a64-253fb286b63c,run1_rep3,B,OPEN,OPEN,request,CACHE,HIT,0.021875001039006747,0.39170800118881743,INFO,adaptador.request,false,degradado,0.325707998854341,9348.687179975,9348.687549808,9348.6871581,9348.687505683,CIRCUIT_OPEN,2026-09-05T00:04:11.885276Z
a6e01ba6-0062-453d-970c-5a7b4633dbe2,run1_rep3,B,OPEN,OPEN,request,CACHE,HIT,0.02329199924133718,0.657457998386235,INFO,adaptador.request,false,degradado,0.5888329997105757,9348.705978725,9348.706612891,9348.705955433,9348.706567558,CIRCUIT_OPEN,2026-09-05T00:04:11.904347Z
3d89fe37-2a02-4eab-b141-d36742b6c0fb,run1_rep3,B,OPEN,OPEN,request,CACHE,HIT,0.01462500040361192,0.6554999999934807,INFO,adaptador.request,false,degradado,0.6002919999446021,9348.706496766,9348.707137641,9348.706482141,9348.707097058,CIRCUIT_OPEN,2026-09-05T00:04:11.905001Z
0b7fc680-4edc-4a53-bda0-a9422cacfab9,run1_rep3,B,OPEN,OPEN,request,CACHE,HIT,0.021166000806260854,0.4135409999435069,INFO,adaptador.request,false,degradado,0.3480420000414597,9348.715979433,9348.716371808,9348.715958267,9348.716327475,CIRCUIT_OPEN,2026-09-05T00:04:11.914087Z
a3c04dbd-ce47-4c71-874f-10194fd800cf,run1_rep3,B,OPEN,OPEN,request,CACHE,HIT,0.020166000467725098,0.36750000072061084,INFO,adaptador.request,false,degradado,0.3128339994873386,9348.723922183,9348.724269517,9348.723902017,9348.724235017,CIRCUIT_OPEN,2026-09-05T00:04:11.921971Z
7d8a2873-19f7-49b1-8f4a-03640dd9d317,run1_rep3,B,OPEN,OPEN,request,CACHE,HIT,0.022542000806424767,0.4287920000933809,INFO,adaptador.request,false,degradado,0.35608299913292285,9348.743552725,9348.743958975,9348.743530183,9348.743908808,CIRCUIT_OPEN,2026-09-05T00:04:11.941712Z
22771065-490a-4c2b-a725-53505b537c63,run1_rep3,B,OPEN,OPEN,request,CACHE,HIT,0.043666999772540294,0.7729589997325093,INFO,adaptador.request,false,degradado,0.6339170013234252,9348.7703381,9348.771067392,9348.770294433,9348.770972017,CIRCUIT_OPEN,2026-09-05T00:04:11.968825Z
8d19bb63-3791-4457-919b-ff0262d4e5f8,run1_rep3,B,OPEN,OPEN,request,CACHE,HIT,0.052833000154350884,0.9409579997736728,INFO,adaptador.request,false,degradado,0.7665419998375,9349.029416558,9349.030304683,9349.029363725,9349.0301831,CIRCUIT_OPEN,2026-09-05T00:04:12.228075Z
ffe0be4f-0578-4105-956c-b04dd340a97f,run1_rep3,B,OPEN,OPEN,request,CACHE,HIT,0.03154200021526776,0.6406669999705628,INFO,adaptador.request,false,degradado,0.519540999448509,9349.034448892,9349.035058017,9349.03441735,9349.034968433,CIRCUIT_OPEN,2026-09-05T00:04:12.232822Z
2799d545-6e90-4bd9-8f0f-a9d604133bfa,run1_rep3,B,OPEN,OPEN,request,CACHE,HIT,0.03308300074422732,0.5906250007683411,INFO,adaptador.request,false,degradado,0.49891699927684385,9349.070324225,9349.070881767,9349.070291142,9349.070823142,CIRCUIT_OPEN,2026-09-05T00:04:12.268617Z
0480d491-3659-4bd1-86c3-2c4bb0589100,run1_rep3,B,OPEN,OPEN,request,CACHE,HIT,0.030958999559516087,0.69108400020923,INFO,adaptador.request,false,degradado,0.5852909998793621,9349.078300517,9349.078960642,9349.078269558,9349.078885808,CIRCUIT_OPEN,2026-09-05T00:04:12.276775Z
a8d74f1b-bc81-40c9-bf73-549b12e2cb72,run1_rep3,B,OPEN,OPEN,request,CACHE,HIT,0.017874999684863724,0.4923329997836845,INFO,adaptador.request,false,degradado,0.40099999932863284,9349.083804225,9349.084278683,9349.08378635,9349.084205225,CIRCUIT_OPEN,2026-09-05T00:04:12.282038Z
284ea44e-a757-441a-ad4d-7fcb94372f47,run1_rep3,B,OPEN,OPEN,request,CACHE,HIT,0.018165999790653586,0.3709579996211687,INFO,adaptador.request,false,degradado,0.30358399999386165,9349.095349058,9349.09570185,9349.095330892,9349.095652642,CIRCUIT_OPEN,2026-09-05T00:04:12.293440Z
4ea4b888-abd5-4e0a-8d07-8cc4e33d416a,run1_rep3,B,OPEN,OPEN,request,CACHE,HIT,0.015458999769180082,0.3895840000041062,INFO,adaptador.request,false,degradado,0.3240000005462207,9349.125556017,9349.125930142,9349.125540558,9349.125880017,CIRCUIT_OPEN,2026-09-05T00:04:12.323690Z
eed0c0cb-cd56-4e87-aeb2-928be90ac307,run1_rep3,B,OPEN,OPEN,request,CACHE,HIT,0.0167500002135057,0.6415420011762762,INFO,adaptador.request,false,degradado,0.590458001170191,9349.13216985,9349.132794642,9349.1321531,9349.132760308,CIRCUIT_OPEN,2026-09-05T00:04:12.330520Z
8de35540-bc53-4ef1-b289-af94b1564084,run1_rep3,B,OPEN,OPEN,request,CACHE,HIT,0.016333999155904166,0.6410839996533468,INFO,adaptador.request,false,degradado,0.5823330011480721,9349.132685767,9349.133310517,9349.132669433,9349.1332681,CIRCUIT_OPEN,2026-09-05T00:04:12.331029Z
28600fe9-ff2b-455e-be8c-14956e302ea6,run1_rep3,B,OPEN,OPEN,request,CACHE,HIT,0.0156660007633036,0.350583000908955,INFO,adaptador.request,false,degradado,0.291750000542379,9349.147908183,9349.1482431,9349.147892517,9349.148199933,CIRCUIT_OPEN,2026-09-05T00:04:12.345965Z
1878da0f-8b9d-45e7-a412-49b4aae4f5a3,run1_rep3,B,OPEN,OPEN,request,CACHE,HIT,0.03270900015195366,0.560792001124355,INFO,adaptador.request,false,degradado,0.46395800018217415,9349.195633267,9349.19616135,9349.195600558,9349.196097225,CIRCUIT_OPEN,2026-09-05T00:04:12.393901Z
6215bafa-e0d3-4135-ae1f-b6708620f4d2,run1_rep3,B,OPEN,OPEN,request,CACHE,HIT,0.04595800055540167,0.7477500003005844,INFO,adaptador.request,false,degradado,0.6127500000729924,9349.291836225,9349.292538017,9349.291790267,9349.292448975,CIRCUIT_OPEN,2026-09-05T00:04:12.490332Z
0fb5e7a6-9db9-45cf-b220-b80e8143f618,run1_rep3,B,OPEN,OPEN,request,CACHE,HIT,0.0597079997533001,0.8830829992803046,INFO,adaptador.request,false,degradado,0.6918750004842877,9349.391234933,9349.392058308,9349.391175225,9349.391926808,CIRCUIT_OPEN,2026-09-05T00:04:12.589824Z
5998ca5b-d000-46fc-8529-4f127e4ee520,run1_rep3,B,OPEN,OPEN,request,CACHE,HIT,0.049917000069399364,0.7018750002316665,INFO,adaptador.request,false,degradado,0.573207998968428,9349.420335892,9349.42098785,9349.420285975,9349.4209091,CIRCUIT_OPEN,2026-09-05T00:04:12.618750Z
399a86c2-f034-473e-9d27-bd2fcc5b6c79,run1_rep3,B,OPEN,OPEN,request,CACHE,HIT,0.0407090010412503,0.7693340012338012,INFO,adaptador.request,false,degradado,0.638749999779975,9349.432109059,9349.432837684,9349.43206835,9349.432747809,CIRCUIT_OPEN,2026-09-05T00:04:12.630577Z
1f231173-fbf5-4705-b7ef-9f14ee1aeafb,run1_rep3,B,OPEN,OPEN,request,CACHE,HIT,0.03483399996184744,0.5176250015210826,INFO,adaptador.request,false,degradado,0.41054100074688904,9349.437810184,9349.438292975,9349.43777535,9349.438220725,CIRCUIT_OPEN,2026-09-05T00:04:12.636051Z
33939165-c62b-46ae-a6a2-64bf1a09d761,run1_rep3,B,OPEN,OPEN,request,CACHE,HIT,0.016666999727021903,0.3455830010352656,INFO,adaptador.request,false,degradado,0.2810000005410984,9349.443403184,9349.4437321,9349.443386517,9349.443684184,CIRCUIT_OPEN,2026-09-05T00:04:12.641466Z
3fb2ea87-c0c8-433b-ab3c-00be83722ee2,run1_rep3,B,OPEN,OPEN,request,CACHE,HIT,0.0167500002135057,0.3791250001086155,INFO,adaptador.request,false,degradado,0.32612500035611447,9349.4507846,9349.451146975,9349.45076785,9349.451110725,CIRCUIT_OPEN,2026-09-05T00:04:12.648868Z
f099f841-aa63-4771-8d86-2ab3a9882e03,run1_rep3,B,OPEN,OPEN,request,CACHE,HIT,0.030082999728620052,0.37045799945190083,INFO,adaptador.request,false,degradado,0.3066669996769633,9349.47002185,9349.470362225,9349.469991767,9349.470328517,CIRCUIT_OPEN,2026-09-05T00:04:12.668077Z
5f2b487f-653a-4860-ac0b-87aeae2d15ed,run1_rep3,B,OPEN,OPEN,request,CACHE,HIT,0.013667000530404039,0.3321670010336675,INFO,adaptador.request,false,degradado,0.2613750002637971,9349.480497892,9349.480816392,9349.480484225,9349.480759267,CIRCUIT_OPEN,2026-09-05T00:04:12.678561Z
f771cfdb-d9d8-49b7-8c2f-d7a1e0db3eb4,run1_rep3,B,OPEN,OPEN,request,CACHE,HIT,0.045000000682193786,0.7656249999854481,INFO,adaptador.request,false,degradado,0.6127079996076645,9349.525502892,9349.526223517,9349.525457892,9349.5261156,CIRCUIT_OPEN,2026-09-05T00:04:12.723977Z
909f1a3e-8bbc-4d7e-adb9-aea3881076eb,run1_rep3,B,OPEN,OPEN,request,CACHE,HIT,0.028750000637955964,0.695791000907775,INFO,adaptador.request,false,degradado,0.5547910004679579,9349.528758434,9349.529425475,9349.528729684,9349.529313225,CIRCUIT_OPEN,2026-09-05T00:04:12.727189Z
4c58c1c9-26f4-48d9-9118-12173d64a9af,run1_rep3,B,OPEN,OPEN,request,CACHE,HIT,0.02237499938928522,0.8696659988345345,INFO,adaptador.request,false,degradado,0.7942909996927483,9349.542115184,9349.542962475,9349.542092809,9349.542909475,CIRCUIT_OPEN,2026-09-05T00:04:12.740716Z
d9961d5e-ce62-46e9-bc22-5ca93decef6c,run1_rep3,B,OPEN,OPEN,request,CACHE,HIT,0.03666600059659686,0.6677080000372371,INFO,adaptador.request,false,degradado,0.5580420001933817,9349.58736385,9349.587994892,9349.587327184,9349.587921892,CIRCUIT_OPEN,2026-09-05T00:04:12.785765Z
0e013e67-d4f0-4fae-b886-719db27afde5,run1_rep3,B,OPEN,OPEN,request,CACHE,HIT,0.029958000595797785,0.6007079991832143,INFO,adaptador.request,false,degradado,0.4994589999114396,9349.600791725,9349.601362475,9349.600761767,9349.601291184,CIRCUIT_OPEN,2026-09-05T00:04:12.799124Z
62d10d86-740a-4262-b81b-53649970d50d,run1_rep3,B,OPEN,OPEN,request,CACHE,HIT,0.03712499892571941,0.729291999959969,INFO,adaptador.request,false,degradado,0.584834000619594,9349.633590725,9349.634282892,9349.6335536,9349.634175559,CIRCUIT_OPEN,2026-09-05T00:04:12.832083Z
1090bf34-9723-4238-9fbd-8851877542d9,run1_rep3,B,OPEN,OPEN,request,CACHE,HIT,0.047375000576721504,0.7558750003227033,INFO,adaptador.request,false,degradado,0.6301670000539161,9349.7538891,9349.7545976,9349.753841725,9349.754519267,CIRCUIT_OPEN,2026-09-05T00:04:12.952342Z
999c22ce-5feb-4c74-b191-7f55bff9b4ae,run1_rep3,B,OPEN,OPEN,request,CACHE,HIT,0.04991600144421682,0.7492080003430601,INFO,adaptador.request,false,degradado,0.6173339988890802,9349.79365085,9349.794350142,9349.793600934,9349.794268184,CIRCUIT_OPEN,2026-09-05T00:04:12.992093Z
b259663f-3b7d-4f46-b952-d619a779ab27,run1_rep3,B,OPEN,OPEN,request,CACHE,HIT,0.04641600025934167,0.7137079992389772,INFO,adaptador.request,false,degradado,0.5731250003009336,9349.83472235,9349.835389642,9349.834675934,9349.835295475,CIRCUIT_OPEN,2026-09-05T00:04:13.033156Z
1939d693-221f-4e91-8ed1-40249d09aca8,run1_rep3,B,OPEN,OPEN,request,CACHE,HIT,0.034750000850181095,0.5659160015056841,INFO,adaptador.request,false,degradado,0.4625830006261822,9349.847468684,9349.84799985,9349.847433934,9349.847931267,CIRCUIT_OPEN,2026-09-05T00:04:13.045764Z
df191395-3f99-410b-9f81-cea7a0462e18,run1_rep3,B,OPEN,OPEN,request,CACHE,HIT,0.04704100138042122,0.8865409999998519,INFO,adaptador.request,false,degradado,0.692666999384528,9349.889204225,9349.890043725,9349.889157184,9349.889896892,CIRCUIT_OPEN,2026-09-05T00:04:13.087792Z
c4adda2a-0130-4f2c-aaa1-56fce72d283e,run1_rep3,B,OPEN,OPEN,request,CACHE,HIT,0.024124999981722794,0.7682499999646097,INFO,adaptador.request,false,degradado,0.6308749998424901,9349.895458225,9349.89620235,9349.8954341,9349.8960891,CIRCUIT_OPEN,2026-09-05T00:04:13.093944Z
bff1f7d0-c671-4cbf-97e8-498983667c1d,run1_rep3,B,OPEN,OPEN,request,CACHE,HIT,0.04149999949731864,0.4644999989977805,INFO,adaptador.request,false,degradado,0.3582919998734724,9349.9010351,9349.9014581,9349.9009936,9349.901393392,CIRCUIT_OPEN,2026-09-05T00:04:13.099198Z
aa6fa784-f561-41dc-a9dd-e519ac833fbf,run1_rep3,B,OPEN,OPEN,request,CACHE,HIT,0.01620799957890995,0.7407079992844956,INFO,adaptador.request,false,degradado,0.6432919999497244,9349.90245485,9349.90317935,9349.902438642,9349.903098142,CIRCUIT_OPEN,2026-09-05T00:04:13.100906Z
ffcec815-9675-488a-82e6-2956ce587f10,run1_rep3,B,OPEN,OPEN,request,CACHE,HIT,0.015832998542464338,0.384749999284395,INFO,adaptador.request,false,degradado,0.3161670010740636,9349.908766767,9349.909135684,9349.908750934,9349.909082934,CIRCUIT_OPEN,2026-09-05T00:04:13.106843Z
616ef771-9e23-4cc8-89a2-7ba4517b7ce2,run1_rep3,B,OPEN,OPEN,request,CACHE,HIT,0.017500000467407517,0.3865830003633164,INFO,adaptador.request,false,degradado,0.3241659997001989,9349.934981684,9349.935350767,9349.934964184,9349.93530585,CIRCUIT_OPEN,2026-09-05T00:04:13.133071Z
9db53641-81d0-4d5a-83d9-012c55dd73d2,run1_rep3,B,OPEN,OPEN,request,CACHE,HIT,0.0637499997537816,1.0428329987917095,INFO,adaptador.request,false,degradado,0.8369579991267528,9350.081106059,9350.082085142,9350.081042309,9350.081943017,CIRCUIT_OPEN,2026-09-05T00:04:13.279898Z
b00cd267-11aa-4377-8b0a-cf92a22f1647,run1_rep3,B,OPEN,OPEN,request,CACHE,HIT,0.03208399903087411,0.5650419989251532,INFO,adaptador.request,false,degradado,0.4507079993345542,9350.084546184,9350.085079142,9350.0845141,9350.084996892,CIRCUIT_OPEN,2026-09-05T00:04:13.282809Z
64500f0d-0c10-4430-9f98-a4e267cb7975,run1_rep3,B,OPEN,OPEN,request,CACHE,HIT,0.052999999752501026,0.9608749987819465,INFO,adaptador.request,false,degradado,0.7855410003685392,9350.240336351,9350.241244226,9350.240283351,9350.241121892,CIRCUIT_OPEN,2026-09-05T00:04:13.439009Z
e41c56f4-240f-44b2-a74f-d0c8bbf1c2fe,run1_rep3,B,OPEN,OPEN,request,CACHE,HIT,0.036249999538995326,0.7863749997341074,INFO,adaptador.request,false,degradado,0.6727079999109264,9350.244095934,9350.244846059,9350.244059684,9350.244768642,CIRCUIT_OPEN,2026-09-05T00:04:13.442605Z
fe9cf31f-f79a-4c30-b5c9-e9507c7084ef,run1_rep3,B,OPEN,OPEN,request,CACHE,HIT,0.018000000636675395,0.6158750002214219,INFO,adaptador.request,false,degradado,0.5182909990253393,9350.246313726,9350.246911601,9350.246295726,9350.246832017,CIRCUIT_OPEN,2026-09-05T00:04:13.444642Z
91877304-2f02-430e-aab5-ef63866afe96,run1_rep3,B,OPEN,OPEN,request,CACHE,HIT,0.03574999936972745,0.47204200018313713,INFO,adaptador.request,false,degradado,0.3710000000864966,9350.252024892,9350.252461184,9350.251989142,9350.252395892,CIRCUIT_OPEN,2026-09-05T00:04:13.450216Z
ee4527ec-a69d-4e43-a23f-c3d7134eae50,run1_rep3,B,OPEN,OPEN,request,CACHE,HIT,0.04108400025870651,0.7098339992808178,INFO,adaptador.request,false,degradado,0.5898330000491114,9350.309747851,9350.310416601,9350.309706767,9350.310337684,CIRCUIT_OPEN,2026-09-05T00:04:13.508177Z
f95747ec-2262-4cd8-8b4f-3a7896e13e84,run1_rep3,B,OPEN,OPEN,request,CACHE,HIT,0.027375001081964,0.9253330008505145,INFO,adaptador.request,false,degradado,0.7875829996919492,9350.315589726,9350.316487684,9350.315562351,9350.316377309,CIRCUIT_OPEN,2026-09-05T00:04:13.514261Z
03c0a51e-0c2f-4ed5-9d35-67cd486251bf,run1_rep3,B,OPEN,OPEN,request,CACHE,HIT,0.06129199937277008,1.023291999445064,INFO,adaptador.request,false,degradado,0.8162920003087493,9350.370680934,9350.371642934,9350.370619642,9350.371497226,CIRCUIT_OPEN,2026-09-05T00:04:13.569496Z
3cdb1376-02b7-441e-a360-536602fa8fad,run1_rep3,B,OPEN,OPEN,request,CACHE,HIT,0.035291999665787444,0.8521250001649605,INFO,adaptador.request,false,degradado,0.740041001336067,9350.374422976,9350.375239809,9350.374387684,9350.375163017,CIRCUIT_OPEN,2026-09-05T00:04:13.573013Z
599426a5-5aa4-4128-a29a-658ab6ad3366,run1_rep3,B,OPEN,OPEN,request,CACHE,HIT,0.03508299960230943,0.6214159984665457,INFO,adaptador.request,false,degradado,0.475499999083695,9350.403492559,9350.404078892,9350.403457476,9350.403968059,CIRCUIT_OPEN,2026-09-05T00:04:13.601836Z
ea81e958-a8fc-47cc-b358-25312363301c,run1_rep3,B,OPEN,OPEN,request,CACHE,HIT,0.057875000493368134,0.6520410006487509,INFO,adaptador.request,false,degradado,0.5263330003799638,9350.427029851,9350.427624017,9350.426971976,9350.427556184,CIRCUIT_OPEN,2026-09-05T00:04:13.625364Z
45d374b9-0f88-43fe-82b8-403a41ac9135,run1_rep3,B,OPEN,OPEN,request,CACHE,HIT,0.030125000193947926,0.7066250000207219,INFO,adaptador.request,false,degradado,0.6060420000721933,9350.435756267,9350.436432767,9350.435726142,9350.436362309,CIRCUIT_OPEN,2026-09-05T00:04:13.634186Z
c4eda6d1-1121-4bf2-a9ae-d3de2c6dc7a8,run1_rep3,B,OPEN,OPEN,request,CACHE,HIT,0.031166999178822152,0.588957998843398,INFO,adaptador.request,false,degradado,0.49820800086308736,9350.491881601,9350.492439392,9350.491850434,9350.492379809,CIRCUIT_OPEN,2026-09-05T00:04:13.690176Z
0d2478fa-0545-4d69-b34b-7b90be942f7a,run1_rep3,B,OPEN,OPEN,request,CACHE,HIT,0.04120799894735683,0.6963329997233814,INFO,adaptador.request,false,degradado,0.5707920008717338,9350.528880892,9350.529536017,9350.528839684,9350.529451684,CIRCUIT_OPEN,2026-09-05T00:04:13.727304Z
820ec7cd-2762-483e-97e9-0427de24a2b7,run1_rep3,B,OPEN,OPEN,request,CACHE,HIT,0.039833999835536815,0.9065000012924429,INFO,adaptador.request,false,degradado,0.7968330010044156,9350.561758101,9350.562624767,9350.561718267,9350.562554934,CIRCUIT_OPEN,2026-09-05T00:04:13.760378Z
30a0eaa8-477e-40f2-b0b2-38b29c6d3373,run1_rep3,B,OPEN,OPEN,request,CACHE,HIT,0.021208001271588728,0.7976670003699837,INFO,adaptador.request,false,degradado,0.7317499985219911,9350.562458267,9350.563234726,9350.562437059,9350.563190017,CIRCUIT_OPEN,2026-09-05T00:04:13.761127Z
c3b72368-cd85-42f6-8cfc-cd46afcffc3f,run1_rep3,B,OPEN,OPEN,request,CACHE,HIT,0.0486250009998912,0.6992920007178327,INFO,adaptador.request,false,degradado,0.562625000384287,9350.637578017,9350.638228684,9350.637529392,9350.638140642,CIRCUIT_OPEN,2026-09-05T00:04:13.835980Z
bca1e9a6-2158-449b-bb90-07e5d15f1800,run1_rep3,B,OPEN,OPEN,request,CACHE,HIT,0.03329099854454398,0.8656659992993809,INFO,adaptador.request,false,degradado,0.7648340015293797,9350.666477267,9350.667309642,9350.666443976,9350.667242101,CIRCUIT_OPEN,2026-09-05T00:04:13.865068Z
6a0faa40-d2d8-4116-93b0-15072c5bb6ec,run1_rep3,B,OPEN,OPEN,request,CACHE,HIT,0.021292000383255072,0.8071249994827667,INFO,adaptador.request,false,degradado,0.7421249993058154,9350.667128809,9350.667914642,9350.667107517,9350.667870934,CIRCUIT_OPEN,2026-09-05T00:04:13.865856Z
12f53199-5300-46c4-9814-a965fc4e7503,run1_rep3,B,OPEN,OPEN,request,CACHE,HIT,0.05679199966834858,1.045291999616893,INFO,adaptador.request,false,degradado,0.8792499993433012,9350.714650976,9350.715639476,9350.714594184,9350.715530226,CIRCUIT_OPEN,2026-09-05T00:04:13.913386Z
6aa60b78-94cf-4e12-a790-ad6046053d2b,run1_rep3,B,OPEN,OPEN,request,CACHE,HIT,0.033582999094505794,0.6581669986189809,INFO,adaptador.request,false,degradado,0.5503339998540469,9350.758956017,9350.759580601,9350.758922434,9350.759506351,CIRCUIT_OPEN,2026-09-05T00:04:13.957341Z
efde1c8a-0951-4e82-900e-ac7f8652afd7,run1_rep3,B,OPEN,OPEN,request,CACHE,HIT,0.03883300087181851,0.6860000012238743,INFO,adaptador.request,false,degradado,0.5631249987345655,9350.850679351,9350.851326518,9350.850640518,9350.851242476,CIRCUIT_OPEN,2026-09-05T00:04:14.049090Z
8fe38393-d53e-4c23-accb-4afd3d318a75,run1_rep3,B,OPEN,OPEN,request,CACHE,HIT,0.039417000152752735,1.1012920003850013,INFO,adaptador.request,false,degradado,0.9919579988491023,9350.871917893,9350.872979768,9350.871878476,9350.872909851,CIRCUIT_OPEN,2026-09-05T00:04:14.071006Z
55cb0359-33da-4f36-adf9-91c75171aaca,run1_rep3,B,OPEN,OPEN,request,CACHE,HIT,0.019209001038689166,0.8580840003560297,INFO,adaptador.request,false,degradado,0.7850410001992714,9350.872411393,9350.873250268,9350.872392184,9350.873196434,CIRCUIT_OPEN,2026-09-05T00:04:14.071317Z
595b169f-fd34-426e-8896-4aab88176121,run1_rep3,B,OPEN,OPEN,request,CACHE,HIT,0.025584000468370505,0.5556249998335261,INFO,adaptador.request,false,degradado,0.4544160001387354,9350.883347768,9350.883877809,9350.883322184,9350.883802184,CIRCUIT_OPEN,2026-09-05T00:04:14.081640Z
f212fe8f-dfab-4839-be79-8336cb5ac703,run1_rep3,B,OPEN,OPEN,request,CACHE,HIT,0.025875000574160367,0.5342910008039325,INFO,adaptador.request,false,degradado,0.444957999206963,9350.917438393,9350.917946809,9350.917412518,9350.917883351,CIRCUIT_OPEN,2026-09-05T00:04:14.115713Z
8dd90531-dcf4-4b5e-9e08-5b7edecf435c,run1_rep3,B,OPEN,OPEN,request,CACHE,HIT,0.025499999537714757,0.5814169999212027,INFO,adaptador.request,false,degradado,0.4987089996575378,9350.925079809,9350.925635726,9350.925054309,9350.925578518,CIRCUIT_OPEN,2026-09-05T00:04:14.123366Z
7e6b9dca-9d74-42f9-a1ed-10352b8bf2e5,run1_rep3,B,OPEN,OPEN,request,CACHE,HIT,0.05304100159264635,0.7818330013833474,INFO,adaptador.request,false,degradado,0.6345839992718538,9351.042882809,9351.043611601,9351.042829768,9351.043517393,CIRCUIT_OPEN,2026-09-05T00:04:14.241379Z
cf189a16-adaa-45a6-9e18-c8b62b45628d,run1_rep3,B,OPEN,OPEN,request,CACHE,HIT,0.038750000385334715,0.6432919999497244,INFO,adaptador.request,false,degradado,0.5210829986026511,9351.061386101,9351.061990643,9351.061347351,9351.061907184,CIRCUIT_OPEN,2026-09-05T00:04:14.259774Z
87c31767-8fa3-44b5-ab84-74c54a0c6f88,run1_rep3,B,OPEN,OPEN,request,CACHE,HIT,0.03429199932725169,0.5790839986730134,INFO,adaptador.request,false,degradado,0.47420800001418684,9351.093975226,9351.094520018,9351.093940934,9351.094449434,CIRCUIT_OPEN,2026-09-05T00:04:14.292267Z
79377d75-5a46-4dab-88c0-c1f863069f66,run1_rep3,B,OPEN,OPEN,request,CACHE,HIT,0.03441700027906336,0.623042000370333,INFO,adaptador.request,false,degradado,0.5157909999979893,9351.134701518,9351.135290143,9351.134667101,9351.135217309,CIRCUIT_OPEN,2026-09-05T00:04:14.333039Z
44a1a633-dc1f-4066-b8fe-d6a61f4b0fd4,run1_rep3,B,OPEN,OPEN,request,CACHE,HIT,0.03112499871349428,0.5247499993856763,INFO,adaptador.request,false,degradado,0.4199170016363496,9351.149067059,9351.149560684,9351.149035934,9351.149486976,CIRCUIT_OPEN,2026-09-05T00:04:14.347311Z
ff4d7028-4530-4db5-ab38-b52780f1b659,run1_rep3,B,OPEN,OPEN,request,CACHE,HIT,0.03816699972958304,0.5984170002193423,INFO,adaptador.request,false,degradado,0.4829580011573853,9351.205722476,9351.206282726,9351.205684309,9351.206205434,CIRCUIT_OPEN,2026-09-05T00:04:14.404035Z
760aa94e-3806-4d0b-9ae0-9e4877cc6cb0,run1_rep3,B,OPEN,OPEN,request,CACHE,HIT,0.02541699905123096,0.45162499918660615,INFO,adaptador.request,false,degradado,0.3697909996844828,9351.211358768,9351.211784976,9351.211333351,9351.211728559,CIRCUIT_OPEN,2026-09-05T00:04:14.409519Z
0c09ea34-3602-4c72-bec0-2dcd6d1d8e09,run1_rep3,B,OPEN,OPEN,request,CACHE,HIT,0.04595800055540167,0.8120000002236338,INFO,adaptador.request,false,degradado,0.6738749998476123,9351.259367809,9351.260133851,9351.259321851,9351.260041684,CIRCUIT_OPEN,2026-09-05T00:04:14.457880Z
5fd03cae-8d96-4458-a3b8-24e9de5cfbf4,run1_rep3,B,OPEN,OPEN,request,CACHE,HIT,0.029582999559352174,0.6008330001350259,INFO,adaptador.request,false,degradado,0.503792000017711,9351.264778976,9351.265350226,9351.264749393,9351.265282768,CIRCUIT_OPEN,2026-09-05T00:04:14.463098Z
33b92570-6819-4b05-a331-2e2f4577b484,run1_rep3,B,OPEN,OPEN,request,CACHE,HIT,0.189124999451451,1.0885419997066492,INFO,adaptador.request,false,degradado,0.8143329996528337,9351.271674226,9351.272573643,9351.271485101,9351.272488559,CIRCUIT_OPEN,2026-09-05T00:04:14.470334Z
bc41cf90-e905-4ea3-96b3-4ce8cfdeb1f8,run1_rep3,B,OPEN,OPEN,request,CACHE,HIT,0.02808299905154854,0.9745419993123505,INFO,adaptador.request,false,degradado,0.751042000047164,9351.288823809,9351.289770268,9351.288795726,9351.289574851,CIRCUIT_OPEN,2026-09-05T00:04:14.488196Z
20eb99fc-c9f6-4019-9f51-f073b7b069ac,run1_rep3,B,OPEN,OPEN,request,CACHE,HIT,0.012917000276502222,1.2897919987153728,INFO,adaptador.request,false,degradado,1.2064579987054458,9351.289164768,9351.290441643,9351.289151851,9351.290371226,CIRCUIT_OPEN,2026-09-05T00:04:14.488532Z
f0492419-3fa4-41c2-889e-a31d3d049f60,run1_rep3,B,OPEN,OPEN,request,CACHE,HIT,0.0424169993493706,0.6802499992772937,INFO,adaptador.request,false,degradado,0.5647500001941808,9351.348736226,9351.349374059,9351.348693809,9351.349300976,CIRCUIT_OPEN,2026-09-05T00:04:14.547118Z
04de99e0-aaf4-4e92-988a-8e3fc3ad669c,run1_rep3,B,OPEN,OPEN,request,CACHE,HIT,0.05295799928717315,0.8492920005664928,INFO,adaptador.request,false,degradado,0.7007500007603085,9351.370888434,9351.371684768,9351.370835476,9351.371589184,CIRCUIT_OPEN,2026-09-05T00:04:14.569446Z
76ba9edd-b4a4-4e78-82c6-0df42d5204bb,run1_rep3,B,OPEN,OPEN,request,CACHE,HIT,0.046084000132395886,0.7634169996890705,INFO,adaptador.request,false,degradado,0.6325409995042719,9351.448860143,9351.449577476,9351.448814059,9351.449492684,CIRCUIT_OPEN,2026-09-05T00:04:14.647318Z
2b1e4ec0-2ad1-450f-8f67-4cbf91b561b9,run1_rep3,B,OPEN,OPEN,request,CACHE,HIT,0.04345799970906228,1.293457999054226,INFO,adaptador.request,false,degradado,1.1398749993531965,9351.494365351,9351.495615351,9351.494321893,9351.495505226,CIRCUIT_OPEN,2026-09-05T00:04:14.693383Z
148b8a28-14c7-43ff-a0c1-902a42242ad8,run1_rep3,B,OPEN,OPEN,request,CACHE,HIT,0.03004099926329218,0.8095409993984504,INFO,adaptador.request,false,degradado,0.629292000667192,9351.504628059,9351.505407559,9351.504598018,9351.505257351,CIRCUIT_OPEN,2026-09-05T00:04:14.703233Z
fea869d7-ab75-44d4-99b0-c0a346517308,run1_rep3,B,OPEN,OPEN,request,CACHE,HIT,0.028125001335865818,0.507583001308376,INFO,adaptador.request,false,degradado,0.4097080000065034,9351.520256768,9351.520736226,9351.520228643,9351.520666476,CIRCUIT_OPEN,2026-09-05T00:04:14.718495Z
fbd2918a-bbce-426f-9be8-aa183ab121f8,run1_rep3,B,OPEN,OPEN,request,CACHE,HIT,0.020249999579391442,0.4207500005577458,INFO,adaptador.request,false,degradado,0.3450420008448418,9351.526942268,9351.527342768,9351.526922018,9351.52728731,CIRCUIT_OPEN,2026-09-05T00:04:14.725078Z
383a408d-bc09-4fcb-a05f-343921fa782b,run1_rep3,B,OPEN,OPEN,request,CACHE,HIT,0.02750000021478627,0.8907089995773276,INFO,adaptador.request,false,degradado,0.8135839998431038,9351.550797226,9351.551660435,9351.550769726,9351.55161081,CIRCUIT_OPEN,2026-09-05T00:04:14.749790Z
5365fd0b-e08e-4ad8-9976-06aa7395aa28,run1_rep3,B,OPEN,OPEN,request,CACHE,HIT,0.01716599945211783,0.7527079997089459,INFO,adaptador.request,false,degradado,0.6834169998910511,9351.551239851,9351.551975393,9351.551222685,9351.551923268,CIRCUIT_OPEN,2026-09-05T00:04:14.750277Z
53252f6a-66c4-4b9f-9cf6-6ff360473030,run1_rep3,B,OPEN,OPEN,request,CACHE,HIT,0.01795800017134752,0.33224999970116187,INFO,adaptador.request,false,degradado,0.2731669992499519,9351.578394976,9351.578709268,9351.578377018,9351.578668143,CIRCUIT_OPEN,2026-09-05T00:04:14.776424Z
0741f2c7-9b4d-4e34-b216-10bb839bbf28,run1_rep3,B,OPEN,OPEN,request,CACHE,HIT,0.040625000110594556,0.688375001118402,INFO,adaptador.request,false,degradado,0.5717080002796138,9351.611463643,9351.612111393,9351.611423018,9351.612035351,CIRCUIT_OPEN,2026-09-05T00:04:14.809847Z
5b45b260-8cbc-4a2c-9e2a-c7fe930dd059,run1_rep3,B,OPEN,OPEN,request,CACHE,HIT,0.044459000491769984,0.7332090008276282,INFO,adaptador.request,false,degradado,0.608457999987877,9351.695678435,9351.696367185,9351.695633976,9351.696286893,CIRCUIT_OPEN,2026-09-05T00:04:14.894119Z
86d803e5-143d-4687-8e33-5ce023de1be8,run1_rep3,B,OPEN,OPEN,request,CACHE,HIT,0.04433299909578636,0.7129579989850754,INFO,adaptador.request,false,degradado,0.5869169999641599,9351.792564893,9351.793233518,9351.79252056,9351.79315181,CIRCUIT_OPEN,2026-09-05T00:04:14.990980Z
5f753a88-2d3c-4dfe-8cd3-4946e8f98384,run1_rep3,B,OPEN,OPEN,request,CACHE,HIT,0.03966599979321472,0.6189159994391957,INFO,adaptador.request,false,degradado,0.5005000002711313,9351.816110226,9351.816689476,9351.81607056,9351.816610726,CIRCUIT_OPEN,2026-09-05T00:04:15.014447Z
765ef791-81c2-4259-a20a-2b5009795c89,run1_rep3,B,OPEN,OPEN,request,CACHE,HIT,0.06766700062144082,1.3982920008857036,INFO,adaptador.request,false,degradado,1.2552499993034871,9351.88501806,9351.886348685,9351.884950393,9351.88627331,CIRCUIT_OPEN,2026-09-05T00:04:15.084515Z
30cb0a6a-6bf5-4218-a96e-6ba7b026d5fc,run1_rep3,B,OPEN,OPEN,request,CACHE,HIT,0.018124999769497663,1.1612090002017794,INFO,adaptador.request,false,degradado,1.102334001188865,9351.885520351,9351.886663435,9351.885502226,9351.886622685,CIRCUIT_OPEN,2026-09-05T00:04:15.084834Z
17dc7d3c-8aac-499a-8aae-331a74ec2114,run1_rep3,B,OPEN,OPEN,request,CACHE,HIT,0.025124998501269147,1.4999169998191064,INFO,adaptador.request,false,degradado,1.4208340016921284,9351.886067851,9351.887542643,9351.886042726,9351.887488685,CIRCUIT_OPEN,2026-09-05T00:04:15.085583Z
8f7ffe81-b18c-4f9e-bdbc-809d95f7daac,run1_rep3,B,OPEN,OPEN,request,CACHE,HIT,0.02224999843747355,0.3895419995387783,INFO,adaptador.request,false,degradado,0.32000000101106707,9351.960144476,9351.960511768,9351.960122226,9351.960464476,CIRCUIT_OPEN,2026-09-05T00:04:15.158241Z
e55ec4ca-9a1b-4a30-bbb1-f8a250600a41,run1_rep3,B,OPEN,OPEN,request,CACHE,HIT,0.015790999896125868,0.3177500002493616,INFO,adaptador.request,false,degradado,0.25266699958592653,9351.962810101,9351.96311206,9351.96279431,9351.963062768,CIRCUIT_OPEN,2026-09-05T00:04:15.160838Z
9fc98654-1715-4f38-a760-7aa6a93f2726,run1_rep3,B,OPEN,OPEN,request,CACHE,HIT,0.01620799957890995,0.2852079996955581,INFO,adaptador.request,false,degradado,0.23700000019744039,9351.984599976,9351.984868976,9351.984583768,9351.984836976,CIRCUIT_OPEN,2026-09-05T00:04:15.182566Z
35e21d53-a187-4779-99ab-458539462543,run1_rep3,B,OPEN,OPEN,request,CACHE,HIT,0.015166999219218269,0.30570899980375543,INFO,adaptador.request,false,degradado,0.25991700022132136,9351.996842268,9351.99713281,9351.996827101,9351.997102185,CIRCUIT_OPEN,2026-09-05T00:04:15.194834Z
b6b0da94-9654-4f29-b159-a7cdb1cd0276,run1_rep3,B,OPEN,OPEN,request,CACHE,HIT,707.8454169986799,708.9937509990705,INFO,adaptador.request,false,degradado,0.9905420010909438,9352.721338643,9352.722486977,9352.013493226,9352.722329185,CIRCUIT_OPEN,2026-09-05T00:04:15.920311Z
767948d8-264b-4242-9773-96be82c7b08a,run1_rep3,B,OPEN,HALF_OPEN,request,CACHE,HIT,682.0324169984815,684.6940420000465,INFO,adaptador.request,true,degradado,2.601458001663559,9352.721574352,9352.724235977,9352.039541935,9352.72417581,CIRCUIT_OPEN,2026-09-05T00:04:15.924239Z
e9581c6f-b862-4f91-b980-07522d9932a5,run1_rep3,B,OPEN,HALF_OPEN,request,CACHE,HIT,592.3570009999821,595.7934170000954,INFO,adaptador.request,true,degradado,3.372916000444093,9352.722262477,9352.725698893,9352.129905476,9352.725635393,CIRCUIT_OPEN,2026-09-05T00:04:15.925671Z
9daedf9c-2199-4fd4-b431-89a27c254233,run1_rep3,B,OPEN,HALF_OPEN,request,CACHE,HIT,581.0134170005767,584.2692920014088,INFO,adaptador.request,true,degradado,3.1792080008017365,9352.722777227,9352.726033102,9352.14176381,9352.725956435,CIRCUIT_OPEN,2026-09-05T00:04:15.925910Z
2811a516-ba97-4dec-9921-268195e7471f,run1_rep3,B,OPEN,HALF_OPEN,request,CACHE,HIT,378.3011670002452,381.059584000468,INFO,adaptador.request,true,degradado,2.7068330000474816,9352.72373131,9352.726489727,9352.345430143,9352.726438143,CIRCUIT_OPEN,2026-09-05T00:04:15.926439Z
e968c163-01cf-4115-bd15-693325b07f62,run1_rep3,B,OPEN,HALF_OPEN,request,CACHE,HIT,532.643458000166,536.4134999999806,INFO,adaptador.request,true,degradado,3.720958999110735,9352.723299268,9352.72706931,9352.19065581,9352.727020227,CIRCUIT_OPEN,2026-09-05T00:04:15.927284Z
e73becb0-f76a-40a5-80c7-eebcb5681d12,run1_rep3,B,OPEN,HALF_OPEN,request,CACHE,HIT,527.7795420006441,531.5793750014564,INFO,adaptador.request,true,degradado,3.7667079996026587,9352.723455935,9352.727255768,9352.195676393,9352.727222643,CIRCUIT_OPEN,2026-09-05T00:04:15.927623Z
99060f8f-d53a-4135-92a3-2e5b030fe84f,run1_rep3,B,OPEN,HALF_OPEN,request,CACHE,HIT,615.7615000010992,621.0302500003309,INFO,adaptador.request,true,degradado,5.22787499903643,9352.722181143,9352.727449893,9352.106419643,9352.727409018,CIRCUIT_OPEN,2026-09-05T00:04:15.928123Z
2757db26-d0ab-4feb-ac87-c7b9fa3ef1df,run1_rep3,B,OPEN,HALF_OPEN,request,CACHE,HIT,357.0370830002503,360.79775000143854,INFO,adaptador.request,true,degradado,3.7151249998714775,9352.72393606,9352.727696727,9352.366898977,9352.727651185,CIRCUIT_OPEN,2026-09-05T00:04:15.928545Z
a77a457b-0a46-499e-bdba-5a587e285755,run1_rep3,B,OPEN,HALF_OPEN,request,CACHE,HIT,274.1884580009355,277.60975000092003,INFO,adaptador.request,true,degradado,3.358500000103959,9352.724512893,9352.727934185,9352.450324435,9352.727871393,CIRCUIT_OPEN,2026-09-05T00:04:15.928921Z
d25ce9cc-bb74-4020-82e4-396e7cf5f64a,run1_rep3,B,OPEN,OPEN,request,CACHE,HIT,0.05166600021766499,0.79691599967191,INFO,adaptador.request,false,degradado,0.6575839997822186,9352.916388435,9352.917133685,9352.916336769,9352.917046019,CIRCUIT_OPEN,2026-09-05T00:04:16.114893Z
3eefbf55-d00d-4a25-8073-3e7604f083dd,run1_rep3,B,OPEN,OPEN,request,CACHE,HIT,0.05999999848427251,0.7201669995993143,INFO,adaptador.request,false,degradado,0.5857080013811355,9352.934022102,9352.934682269,9352.933962102,9352.93460781,CIRCUIT_OPEN,2026-09-05T00:04:16.132428Z
e22b3652-6d1b-497c-a0c3-0fa41d2a2260,run1_rep3,B,OPEN,OPEN,request,CACHE,HIT,0.02762500116659794,0.64162500166276,INFO,adaptador.request,false,degradado,0.5133329996169778,9352.939423644,9352.940037644,9352.939396019,9352.939936977,CIRCUIT_OPEN,2026-09-05T00:04:16.137794Z
c4be9888-39c4-4955-8c49-9e565526a201,run1_rep3,B,OPEN,OPEN,request,CACHE,HIT,0.02008400042541325,0.5064590004622005,INFO,adaptador.request,false,degradado,0.4058329996041721,9352.948776269,9352.949262644,9352.948756185,9352.949182102,CIRCUIT_OPEN,2026-09-05T00:04:16.147018Z
a4d9d335-75eb-421e-b9e6-e339490e1c40,run1_rep3,B,OPEN,OPEN,request,CACHE,HIT,0.021874999220017344,0.4280419998394791,INFO,adaptador.request,false,degradado,0.3500830007396871,9352.959506352,9352.959912519,9352.959484477,9352.959856435,CIRCUIT_OPEN,2026-09-05T00:04:16.157655Z
c68900a8-3e7c-49a2-ae25-2ed35e24c8e1,run1_rep3,B,OPEN,OPEN,request,CACHE,HIT,0.025208000806742348,0.3397920008865185,INFO,adaptador.request,false,degradado,0.2736669994192198,9352.967024435,9352.967339019,9352.966999227,9352.967298102,CIRCUIT_OPEN,2026-09-05T00:04:16.165052Z
d6f8d097-571c-4d5c-8f6e-4f0d38e4e5d9,run1_rep3,B,OPEN,OPEN,request,CACHE,HIT,0.048166000851779245,0.7534579999628477,INFO,adaptador.request,false,degradado,0.6281249989115167,9353.054704185,9353.055409477,9353.054656019,9353.05533231,CIRCUIT_OPEN,2026-09-05T00:04:16.253155Z
0834ad78-b273-45ec-bede-2ae2e9f9c26e,run1_rep3,B,OPEN,OPEN,request,CACHE,HIT,0.04645899934985209,0.8758749991102377,INFO,adaptador.request,false,degradado,0.7148330005293246,9353.125271269,9353.126100685,9353.12522481,9353.125986102,CIRCUIT_OPEN,2026-09-05T00:04:16.323870Z
955ec58a-9aba-4b6d-be54-90ad36b7abbd,run1_rep3,B,OPEN,OPEN,request,CACHE,HIT,0.03149999974993989,0.47791599899937864,INFO,adaptador.request,false,degradado,0.36387500040291343,9353.128161019,9353.128607435,9353.128129519,9353.128524894,CIRCUIT_OPEN,2026-09-05T00:04:16.326351Z
fcdb94c8-564b-4fbe-a544-ea325e1a61a9,run1_rep3,B,OPEN,OPEN,request,CACHE,HIT,0.029999999242136255,0.6115840005804785,INFO,adaptador.request,false,degradado,0.5011670000385493,9353.132369435,9353.132951019,9353.132339435,9353.132870602,CIRCUIT_OPEN,2026-09-05T00:04:16.330732Z
7bab4df0-9bca-447a-b09f-da2232a42c8d,run1_rep3,B,OPEN,OPEN,request,CACHE,HIT,0.021374999050749466,0.7612919998791767,INFO,adaptador.request,false,degradado,0.6798750000598375,9353.150139185,9353.150879102,9353.15011781,9353.15081906,CIRCUIT_OPEN,2026-09-05T00:04:16.348631Z
14c1c9ea-8b1f-48eb-b871-0783cff69f8d,run1_rep3,B,OPEN,OPEN,request,CACHE,HIT,0.015416999303852208,0.40058299964584876,INFO,adaptador.request,false,degradado,0.33762500061129685,9353.152293394,9353.15267856,9353.152277977,9353.152631019,CIRCUIT_OPEN,2026-09-05T00:04:16.350460Z
0b7c1f94-e26b-43dd-931e-3ed9a88e46e0,run1_rep3,B,OPEN,OPEN,request,CACHE,HIT,0.02016700091189705,0.391708999814,INFO,adaptador.request,false,degradado,0.3172919987264322,9353.184461852,9353.184833394,9353.184441685,9353.184779144,CIRCUIT_OPEN,2026-09-05T00:04:16.382587Z
77289fd1-6185-4686-ac28-56a556e5f8c9,run1_rep3,B,OPEN,OPEN,request,CACHE,HIT,0.0457500009360956,0.7111249997251434,INFO,adaptador.request,false,degradado,0.5819169982714811,9353.226182685,9353.22684806,9353.226136935,9353.226764602,CIRCUIT_OPEN,2026-09-05T00:04:16.424606Z
9dea37fa-4aea-47c4-b7d8-c33bd5e9fcc2,run1_rep3,B,OPEN,OPEN,request,CACHE,HIT,0.030667000828543678,1.0140000013052486,INFO,adaptador.request,false,degradado,0.9087079997698311,9353.245700894,9353.246684227,9353.245670227,9353.246609602,CIRCUIT_OPEN,2026-09-05T00:04:16.444915Z
c2a83d58-84a3-4a04-9f59-4e8650fd0c95,run1_rep3,B,OPEN,OPEN,request,CACHE,HIT,0.016957999832811765,0.8766249993641395,INFO,adaptador.request,false,degradado,0.788792000093963,9353.246108727,9353.246968394,9353.246091769,9353.246897519,CIRCUIT_OPEN,2026-09-05T00:04:16.445221Z
efd59962-b108-4fc6-8e94-b4cf844f5958,run1_rep3,B,OPEN,OPEN,request,CACHE,HIT,0.026749999960884452,0.9110839982895413,INFO,adaptador.request,false,degradado,0.8130419992085081,9353.250737685,9353.251622019,9353.250710935,9353.251550727,CIRCUIT_OPEN,2026-09-05T00:04:16.449383Z
138f098d-4f06-4c4f-a56d-be0efd41339b,run1_rep3,B,OPEN,OPEN,request,CACHE,HIT,0.021249999917927198,0.4277080006431788,INFO,adaptador.request,false,degradado,0.34870799936470576,9353.268420519,9353.268826977,9353.268399269,9353.268769227,CIRCUIT_OPEN,2026-09-05T00:04:16.466578Z
e76fc9df-9e11-427d-a14e-b2be5cfd6733,run1_rep3,B,OPEN,OPEN,request,CACHE,HIT,0.05750000127591193,0.6376670007739449,INFO,adaptador.request,false,degradado,0.505124999108375,9353.31903806,9353.319618227,9353.31898056,9353.319543185,CIRCUIT_OPEN,2026-09-05T00:04:16.517376Z
a658aa53-89ca-4cc6-9b87-101eee5bf774,run1_rep3,B,OPEN,OPEN,request,CACHE,HIT,0.05400000009103678,0.7705000007263152,INFO,adaptador.request,false,degradado,0.6210840001585893,9353.35415731,9353.35487381,9353.35410331,9353.354778394,CIRCUIT_OPEN,2026-09-05T00:04:16.552635Z
184c1185-48e2-4fe8-8caa-426d5a3aebef,run1_rep3,B,OPEN,OPEN,request,CACHE,HIT,0.049500000386615284,0.7630410000274424,INFO,adaptador.request,false,degradado,0.6203329994605156,9353.404908019,9353.40562156,9353.404858519,9353.405528352,CIRCUIT_OPEN,2026-09-05T00:04:16.603369Z
49a392bd-2c50-402b-8869-0406ebdb8ea0,run1_rep3,B,OPEN,OPEN,request,CACHE,HIT,0.031083000067155808,0.6302500005403999,INFO,adaptador.request,false,degradado,0.540584000191302,9353.41377381,9353.414372977,9353.413742727,9353.414314394,CIRCUIT_OPEN,2026-09-05T00:04:16.612107Z
404959d2-47f6-46ad-ae86-3cd66e70ee47,run1_rep3,B,OPEN,OPEN,request,CACHE,HIT,0.019625000277301297,0.5227080000622664,INFO,adaptador.request,false,degradado,0.43841699880431406,9353.437945977,9353.43844906,9353.437926352,9353.438384394,CIRCUIT_OPEN,2026-09-05T00:04:16.636178Z
9b9d3c8f-22b4-4cd7-b9bb-3116fde35909,run1_rep3,B,OPEN,OPEN,request,CACHE,HIT,0.04283400085114408,0.7070420015224954,INFO,adaptador.request,false,degradado,0.5830409991176566,9353.487700144,9353.488364352,9353.48765731,9353.488283185,CIRCUIT_OPEN,2026-09-05T00:04:16.686128Z
ff3f6d93-2ca1-4bde-8045-efd26c40f490,run1_rep3,B,OPEN,OPEN,request,CACHE,HIT,0.03283300065959338,0.8485830003337469,INFO,adaptador.request,false,degradado,0.742042000638321,9353.496905352,9353.497721102,9353.496872519,9353.497647394,CIRCUIT_OPEN,2026-09-05T00:04:16.695466Z
7c28bc80-e5cb-4492-9c51-841054e20865,run1_rep3,B,OPEN,OPEN,request,CACHE,HIT,0.06608399962715339,0.7856249994802056,INFO,adaptador.request,false,degradado,0.6250410006032325,9353.597061269,9353.59778081,9353.596995185,9353.59768631,CIRCUIT_OPEN,2026-09-05T00:04:16.795546Z
e2f6fdfa-0874-4792-a1fe-beb0b59c516f,run1_rep3,B,OPEN,OPEN,request,CACHE,HIT,0.04029099909530487,0.671124998916639,INFO,adaptador.request,false,degradado,0.5326669997884892,9353.618183227,9353.618814061,9353.618142936,9353.618715894,CIRCUIT_OPEN,2026-09-05T00:04:16.816576Z
c1efa5b7-a06f-42d2-979c-37ebabfecd69,run1_rep3,B,OPEN,OPEN,request,CACHE,HIT,0.028792001103283837,0.5521250004676403,INFO,adaptador.request,false,degradado,0.44225000056030694,9353.624695061,9353.625218394,9353.624666269,9353.625137311,CIRCUIT_OPEN,2026-09-05T00:04:16.822957Z
234d55f5-a92e-4834-a412-2dc08f222147,run1_rep3,B,OPEN,OPEN,request,CACHE,HIT,0.026916999559034593,0.6159579988889163,INFO,adaptador.request,false,degradado,0.519082999744569,9353.630766561,9353.631355602,9353.630739644,9353.631285644,CIRCUIT_OPEN,2026-09-05T00:04:16.829119Z
787f3f1f-80bc-42c4-a67c-ec1f0c99c4db,run1_rep3,B,OPEN,OPEN,request,CACHE,HIT,0.020666999262175523,0.45375000081548933,INFO,adaptador.request,false,degradado,0.36625000029744115,9353.643444561,9353.643877644,9353.643423894,9353.643810811,CIRCUIT_OPEN,2026-09-05T00:04:16.841640Z
ac5722b6-7f6f-41c6-b52c-4074fa8b02a3,run1_rep3,B,OPEN,OPEN,request,CACHE,HIT,0.029499999072868377,0.6710829984513111,INFO,adaptador.request,false,degradado,0.5695410000043921,9353.681232436,9353.681874019,9353.681202936,9353.681801977,CIRCUIT_OPEN,2026-09-05T00:04:16.879633Z
4f305c16-57cb-4300-865f-62321e02c8ae,run1_rep3,B,OPEN,OPEN,request,CACHE,HIT,0.04199999966658652,0.6627089987887302,INFO,adaptador.request,false,degradado,0.5439169999590376,9353.730185602,9353.730806311,9353.730143602,9353.730729519,CIRCUIT_OPEN,2026-09-05T00:04:16.928563Z
303be655-92ad-4dfc-a221-61620c32abc7,run1_rep3,B,OPEN,OPEN,request,CACHE,HIT,0.03354199907334987,0.6261670005187625,INFO,adaptador.request,false,degradado,0.5151250006747432,9353.752671686,9353.753264311,9353.752638144,9353.753186811,CIRCUIT_OPEN,2026-09-05T00:04:16.951021Z
21383e8f-3587-4ac2-8952-b999615edb47,run1_rep3,B,OPEN,OPEN,request,CACHE,HIT,0.028417000066838227,0.4922919997625286,INFO,adaptador.request,false,degradado,0.3890829993906664,9353.780378686,9353.780842561,9353.780350269,9353.780767769,CIRCUIT_OPEN,2026-09-05T00:04:16.978598Z
c4daf61d-2784-40ba-9025-b8fba5c9ca47,run1_rep3,B,OPEN,OPEN,request,CACHE,HIT,0.03762499909498729,0.6037080001988215,INFO,adaptador.request,false,degradado,0.4924160002701683,9353.800061936,9353.800628019,9353.800024311,9353.800554352,CIRCUIT_OPEN,2026-09-05T00:04:16.998376Z
d39b62c8-0628-4d61-b543-000aa1e3f134,run1_rep3,B,OPEN,OPEN,request,CACHE,HIT,0.02787500125123188,0.49216600018553436,INFO,adaptador.request,false,degradado,0.4032910001114942,9353.805264561,9353.805728852,9353.805236686,9353.805667852,CIRCUIT_OPEN,2026-09-05T00:04:17.003454Z
f31ef199-107f-4276-a1fe-5ac03949ed8a,run1_rep3,B,OPEN,OPEN,request,CACHE,HIT,0.029083999834256247,0.5610839998553274,INFO,adaptador.request,false,degradado,0.47541599997202866,9353.835910561,9353.836442561,9353.835881477,9353.836385977,CIRCUIT_OPEN,2026-09-05T00:04:17.034171Z
bdaee8af-5ea4-4ea6-85ea-bd19882af4fe,run1_rep3,B,OPEN,OPEN,request,CACHE,HIT,0.030209001124603674,0.5148750005901093,INFO,adaptador.request,false,degradado,0.42116599979635794,9353.853607311,9353.854091977,9353.853577102,9353.854028477,CIRCUIT_OPEN,2026-09-05T00:04:17.051832Z
bcc8f744-4c01-40c9-908e-804a05bdd696,run1_rep3,B,OPEN,OPEN,request,CACHE,HIT,0.046334000217029825,0.6330420001177117,INFO,adaptador.request,false,degradado,0.4816250002477318,9353.895231811,9353.895818519,9353.895185477,9353.895713436,CIRCUIT_OPEN,2026-09-05T00:04:17.093585Z
2449c9f0-150b-4084-a1d5-1779f669311a,run1_rep3,B,OPEN,OPEN,request,CACHE,HIT,0.04520800030149985,0.9303330007242039,INFO,adaptador.request,false,degradado,0.8058339990384411,9353.922919352,9353.923804477,9353.922874144,9353.923725186,CIRCUIT_OPEN,2026-09-05T00:04:17.121564Z
392816ec-fe76-4a51-bd82-16d9cba3b026,run1_rep3,B,OPEN,OPEN,request,CACHE,HIT,0.0513340000907192,0.7895420003478648,INFO,adaptador.request,false,degradado,0.6563749993802048,9353.956946061,9353.957684269,9353.956894727,9353.957602436,CIRCUIT_OPEN,2026-09-05T00:04:17.155427Z
51dbf021-80d5-42d9-9518-33135f22c882,run1_rep3,B,OPEN,OPEN,request,CACHE,HIT,0.06025000038789585,0.6943749995116377,INFO,adaptador.request,false,degradado,0.5611659998976393,9353.998041311,9353.998675436,9353.997981061,9353.998602477,CIRCUIT_OPEN,2026-09-05T00:04:17.196412Z
a8cbe1c3-0d5c-4889-bfee-f1b940f51cd8,run1_rep3,B,OPEN,OPEN,request,CACHE,HIT,0.05274999966786709,0.7550419995823177,INFO,adaptador.request,false,degradado,0.5984580002404982,9354.075292894,9354.075995186,9354.075240144,9354.075891352,CIRCUIT_OPEN,2026-09-05T00:04:17.273781Z
5d2565fd-cb20-48d8-abb4-1c2a8b6da4e0,run1_rep3,B,OPEN,OPEN,request,CACHE,HIT,0.03058299989788793,0.7305830004042946,INFO,adaptador.request,false,degradado,0.6324170008156216,9354.080996894,9354.081696894,9354.080966311,9354.081629311,CIRCUIT_OPEN,2026-09-05T00:04:17.279457Z
003adaa3-fe3d-4af9-a98f-10d904efef1b,run1_rep3,B,OPEN,OPEN,request,CACHE,HIT,0.03975000072387047,0.7078750004438916,INFO,adaptador.request,false,degradado,0.5892079989280319,9354.132630436,9354.133298561,9354.132590686,9354.133219644,CIRCUIT_OPEN,2026-09-05T00:04:17.331058Z
cce07ea5-5a7c-4583-b4e7-f7f1518b2e1a,run1_rep3,B,OPEN,OPEN,request,CACHE,HIT,0.021791998733533546,0.7706669985054759,INFO,adaptador.request,false,degradado,0.6680000005871989,9354.235363061,9354.236111936,9354.235341269,9354.236031061,CIRCUIT_OPEN,2026-09-05T00:04:17.434263Z
62ee3811-831b-459c-b9ad-823090a685b9,run1_rep3,B,OPEN,OPEN,request,CACHE,HIT,0.046958000893937424,1.9370410009287298,INFO,adaptador.request,false,degradado,1.8541249992267694,9354.234459519,9354.236349602,9354.234412561,9354.236313644,CIRCUIT_OPEN,2026-09-05T00:04:17.434521Z
ca43c40b-72fe-4fd0-a380-dc731ae85deb,run1_rep3,B,OPEN,OPEN,request,CACHE,HIT,0.017458000002079643,1.6494579995196545,INFO,adaptador.request,false,degradado,1.6028339996410068,9354.234906852,9354.236538852,9354.234889394,9354.236509686,CIRCUIT_OPEN,2026-09-05T00:04:17.434741Z
8f5a3802-58b9-4255-8f93-df6733c0e12a,run1_rep3,B,OPEN,OPEN,request,CACHE,HIT,0.027207999664824456,0.7252920004248153,INFO,adaptador.request,false,degradado,0.6257500008359784,9354.241964477,9354.242662561,9354.241937269,9354.242590227,CIRCUIT_OPEN,2026-09-05T00:04:17.440424Z
8df11a7f-ab52-4fbf-b232-15cf85ae5131,run1_rep3,B,OPEN,OPEN,request,CACHE,HIT,0.021500000002561137,0.45891700028732885,INFO,adaptador.request,false,degradado,0.3795419997913996,9354.250897269,9354.251334686,9354.250875769,9354.251276811,CIRCUIT_OPEN,2026-09-05T00:04:17.449085Z
61f8ab55-d063-42ce-854c-f3e3d2768a75,run1_rep3,B,OPEN,OPEN,request,CACHE,HIT,0.014375000318977982,0.42341700100223534,INFO,adaptador.request,false,degradado,0.36220800029695965,9354.255884519,9354.256293561,9354.255870144,9354.256246727,CIRCUIT_OPEN,2026-09-05T00:04:17.454015Z
dab32b24-cd3e-440e-a621-9201d546cd03,run1_rep3,B,OPEN,OPEN,request,CACHE,HIT,0.015124998753890395,0.3848749984172173,INFO,adaptador.request,false,degradado,0.3242920010961825,9354.287986852,9354.288356602,9354.287971727,9354.288311144,CIRCUIT_OPEN,2026-09-05T00:04:17.486084Z
2a41eab6-34a1-4a9c-9b8a-0a4e093edd7a,run1_rep3,B,OPEN,OPEN,request,CACHE,HIT,0.013958999261376448,0.40387499939242844,INFO,adaptador.request,false,degradado,0.3449160012678476,9354.300790811,9354.301180727,9354.300776852,9354.301135727,CIRCUIT_OPEN,2026-09-05T00:04:17.498908Z
bbaa456f-ae61-47a3-9f40-9b23b0a61e77,run1_rep3,B,OPEN,OPEN,request,CACHE,HIT,0.0529589997313451,1.2004170002910541,INFO,adaptador.request,false,degradado,1.0616660001687706,9354.370786853,9354.371934311,9354.370733894,9354.371848519,CIRCUIT_OPEN,2026-09-05T00:04:17.569975Z
38405588-281e-4189-8b8d-b36c9fba7cec,run1_rep3,B,OPEN,OPEN,request,CACHE,HIT,0.017624999600229785,0.9506249989499338,INFO,adaptador.request,false,degradado,0.8772080000198912,9354.371303853,9354.372236853,9354.371286228,9354.372181061,CIRCUIT_OPEN,2026-09-05T00:04:17.570276Z
ccff2e50-1e3d-4f0e-a2d0-11dd25bf2d31,run1_rep3,B,OPEN,OPEN,request,CACHE,HIT,0.046582999857491814,0.7545829994342057,INFO,adaptador.request,false,degradado,0.6319589992926922,9354.421809269,9354.422517269,9354.421762686,9354.422441228,CIRCUIT_OPEN,2026-09-05T00:04:17.620258Z
6e25fb28-2319-49ba-924e-b7be2b7c6546,run1_rep3,B,OPEN,OPEN,request,CACHE,HIT,0.03199999991920777,0.8134159998007817,INFO,adaptador.request,false,degradado,0.6334999998216517,9354.431460478,9354.432241894,9354.431428478,9354.432093978,CIRCUIT_OPEN,2026-09-05T00:04:17.630068Z
f499daef-f84f-4032-b7e7-9792cba3b9d1,run1_rep3,B,OPEN,OPEN,request,CACHE,HIT,0.025708000976010226,0.5099999998492422,INFO,adaptador.request,false,degradado,0.41670899918244686,9354.437970519,9354.438454811,9354.437944811,9354.438387228,CIRCUIT_OPEN,2026-09-05T00:04:17.636215Z
79728051-a476-4cdc-afa5-035888f848ea,run1_rep3,B,OPEN,OPEN,request,CACHE,HIT,0.046875000407453626,0.7451250003214227,INFO,adaptador.request,false,degradado,0.611624998782645,9354.505646436,9354.506344686,9354.505599561,9354.506258061,CIRCUIT_OPEN,2026-09-05T00:04:17.704095Z
d77c014e-d485-45e5-87e5-a9f31cd7867a,run1_rep3,B,OPEN,OPEN,request,CACHE,HIT,0.03937499968742486,0.5576669991569361,INFO,adaptador.request,false,degradado,0.45641699944098946,9354.525169061,9354.525687353,9354.525129686,9354.525625478,CIRCUIT_OPEN,2026-09-05T00:04:17.723426Z
6df25cff-eb80-4606-aec0-99de5e41e600,run1_rep3,B,OPEN,OPEN,request,CACHE,HIT,0.045667000449611805,0.7589590004499769,INFO,adaptador.request,false,degradado,0.6429999993997626,9354.581399936,9354.582113228,9354.581354269,9354.582042936,CIRCUIT_OPEN,2026-09-05T00:04:17.779844Z
15d6b2c1-1444-4925-9a76-17d44729c408,run1_rep3,B,OPEN,OPEN,request,CACHE,HIT,0.047166999138426036,0.9110840001085307,INFO,adaptador.request,false,degradado,0.7855420008127112,9354.604419811,9354.605283728,9354.604372644,9354.605205353,CIRCUIT_OPEN,2026-09-05T00:04:17.803038Z
2ce4ef40-8a5e-4ce6-9d2e-f8c241379805,run1_rep3,B,OPEN,OPEN,request,CACHE,HIT,0.02058300015050918,0.8348749997821869,INFO,adaptador.request,false,degradado,0.773292000303627,9354.605161686,9354.605975978,9354.605141103,9354.605934978,CIRCUIT_OPEN,2026-09-05T00:04:17.803706Z
5e46e46c-7a93-4aa2-8343-ccfe580d94c6,run1_rep3,B,OPEN,OPEN,request,CACHE,HIT,0.04375000025902409,0.7203749992186204,INFO,adaptador.request,false,degradado,0.6034580001141876,9354.655691103,9354.656367728,9354.655647353,9354.656294561,CIRCUIT_OPEN,2026-09-05T00:04:17.854108Z
255aa84a-cd49-41d4-9e0b-25a83e01f923,run1_rep3,B,OPEN,OPEN,request,CACHE,HIT,0.033541000448167324,0.5937499990977813,INFO,adaptador.request,false,degradado,0.48799999967741314,9354.705764644,9354.706324853,9354.705731103,9354.706252644,CIRCUIT_OPEN,2026-09-05T00:04:17.904069Z
2327df69-dc2c-4943-8cc2-9b31fe109826,run1_rep3,B,OPEN,OPEN,request,CACHE,HIT,0.03937499968742486,0.6307500007096678,INFO,adaptador.request,false,degradado,0.5202089996600989,9354.729126769,9354.729718144,9354.729087394,9354.729646978,CIRCUIT_OPEN,2026-09-05T00:04:17.927452Z
650e2260-3382-4876-aa3f-fccc493f7959,run1_rep3,B,OPEN,OPEN,request,CACHE,HIT,0.04199999966658652,0.7860829991841456,INFO,adaptador.request,false,degradado,0.6573749997187406,9354.797410686,9354.798154769,9354.797368686,9354.798068061,CIRCUIT_OPEN,2026-09-05T00:04:17.995902Z
c9e06697-5beb-4f4a-8a25-7dfa5616c163,run1_rep3,B,OPEN,OPEN,request,CACHE,HIT,0.05891699947824236,2.263499998662155,INFO,adaptador.request,false,degradado,2.025583000431652,9354.856419603,9354.858624186,9354.856360686,9354.858445186,CIRCUIT_OPEN,2026-09-05T00:04:18.056428Z
383c8f8d-fcad-4a61-b471-e8737f3b7d7c,run1_rep3,B,OPEN,OPEN,request,CACHE,HIT,0.04616700061887968,0.9947079997800756,INFO,adaptador.request,false,degradado,0.877958000273793,9354.862871228,9354.863819769,9354.862825061,9354.863749186,CIRCUIT_OPEN,2026-09-05T00:04:18.061578Z
209a295a-a4f8-4d09-9e43-1f07e6f82fad,run1_rep3,B,OPEN,OPEN,request,CACHE,HIT,0.019999999494757503,1.7427919992769603,INFO,adaptador.request,false,degradado,1.661416999922949,9354.864899519,9354.866622311,9354.864879519,9354.866560936,CIRCUIT_OPEN,2026-09-05T00:04:18.064766Z
99c09b3d-fc7f-4225-8426-024698efc069,run1_rep3,B,OPEN,OPEN,request,CACHE,HIT,0.011916999937966466,1.4312500006781192,INFO,adaptador.request,false,degradado,1.3302080005814787,9354.865541686,9354.866961019,9354.865529769,9354.866871894,CIRCUIT_OPEN,2026-09-05T00:04:18.065264Z
49afcdd0-0530-48ad-8222-546fdbea7e92,run1_rep3,B,OPEN,OPEN,request,CACHE,HIT,0.03662499875645153,0.7542919993284158,INFO,adaptador.request,false,degradado,0.6244590003916528,9354.975947894,9354.976665561,9354.975911269,9354.976572353,CIRCUIT_OPEN,2026-09-05T00:04:18.174427Z
162282e0-ae13-4237-8848-82dd4a4cd982,run1_rep3,B,OPEN,OPEN,request,CACHE,HIT,0.036875000660074875,0.6645829998888075,INFO,adaptador.request,false,degradado,0.5668750000040745,9354.984985686,9354.985613394,9354.984948811,9354.985552561,CIRCUIT_OPEN,2026-09-05T00:04:18.183342Z
7af2226d-dea5-443f-880b-75c57a8b5373,run1_rep3,B,OPEN,OPEN,request,CACHE,HIT,0.021500000002561137,0.7507499994972022,INFO,adaptador.request,false,degradado,0.6391250008164207,9354.995417561,9354.996146811,9354.995396061,9354.996056686,CIRCUIT_OPEN,2026-09-05T00:04:18.193908Z
7265e66b-a88c-4639-b526-b06b21c0f356,run1_rep3,B,OPEN,OPEN,request,CACHE,HIT,0.02700000004551839,0.4995830004190793,INFO,adaptador.request,false,degradado,0.4138749991398072,9355.02348777,9355.023960353,9355.02346077,9355.023901645,CIRCUIT_OPEN,2026-09-05T00:04:18.221709Z
2cf616d5-e9dd-43e1-acd2-566522e48c96,run1_rep3,B,OPEN,OPEN,request,CACHE,HIT,0.028624999686144292,0.6057499995222315,INFO,adaptador.request,false,degradado,0.5041669992351672,9355.035857228,9355.036434353,9355.035828603,9355.036361395,CIRCUIT_OPEN,2026-09-05T00:04:18.234188Z
7935d15a-e33b-4813-9496-46257b8e5859,run1_rep3,B,OPEN,OPEN,request,CACHE,HIT,0.04187499871477485,0.6812079991505016,INFO,adaptador.request,false,degradado,0.569333000385086,9355.086151728,9355.086791061,9355.086109853,9355.086721061,CIRCUIT_OPEN,2026-09-05T00:04:18.284537Z
e9cfd24b-1dae-42d7-bb64-63d7a904cbfd,run1_rep3,B,OPEN,OPEN,request,CACHE,HIT,0.02725000013015233,0.4817499993805541,INFO,adaptador.request,false,degradado,0.40462499964633025,9355.098156811,9355.098611311,9355.098129561,9355.098561436,CIRCUIT_OPEN,2026-09-05T00:04:18.296336Z
0857f1b4-bea2-4064-b0c5-7e7299a510ec,run1_rep3,B,OPEN,OPEN,request,CACHE,HIT,0.0535830004082527,0.7725830000708811,INFO,adaptador.request,false,degradado,0.6080420007492648,9355.147265353,9355.147984353,9355.14721177,9355.147873395,CIRCUIT_OPEN,2026-09-05T00:04:18.345769Z
bf576850-6ca0-4f19-af70-1e558a5956a4,run1_rep3,B,OPEN,OPEN,request,CACHE,HIT,0.025999999706982635,0.4805829994438682,INFO,adaptador.request,false,degradado,0.4012500012322562,9355.150700478,9355.151155061,9355.150674478,9355.151101728,CIRCUIT_OPEN,2026-09-05T00:04:18.348878Z
57c03315-933e-408b-bd22-66855d2f466a,run1_rep3,B,OPEN,OPEN,request,CACHE,HIT,0.04166699909546878,1.073792000170215,INFO,adaptador.request,false,degradado,0.9493329998804256,9355.205713603,9355.206745728,9355.205671936,9355.206662936,CIRCUIT_OPEN,2026-09-05T00:04:18.404505Z
fa453517-bda1-43f2-9b03-43ad5aa43156,run1_rep3,B,OPEN,OPEN,request,CACHE,HIT,0.03137500061711762,0.6645000012213131,INFO,adaptador.request,false,degradado,0.5333339995559072,9355.211775811,9355.212408936,9355.211744436,9355.212309145,CIRCUIT_OPEN,2026-09-05T00:04:18.410171Z
55039f1d-2e4b-42a3-b468-0ee43d72f588,run1_rep3,B,OPEN,OPEN,request,CACHE,HIT,0.043916001231991686,0.742750000426895,INFO,adaptador.request,false,degradado,0.6157499992696103,9355.281478311,9355.282177145,9355.281434395,9355.282094061,CIRCUIT_OPEN,2026-09-05T00:04:18.479927Z
6d7d69de-f6ce-4557-bda9-d9c2cbc5aa02,run1_rep3,B,OPEN,OPEN,request,CACHE,HIT,0.03387500146345701,0.5811660012113862,INFO,adaptador.request,false,degradado,0.47945799997251015,9355.29092452,9355.291471811,9355.290890645,9355.291403978,CIRCUIT_OPEN,2026-09-05T00:04:18.489200Z
60ae8fbb-37e5-4df5-b911-8e5a9e67062f,run1_rep3,B,OPEN,OPEN,request,CACHE,HIT,0.028250000468688086,0.9270000009564683,INFO,adaptador.request,false,degradado,0.8414999992965022,9355.30644627,9355.30734502,9355.30641802,9355.30728777,CIRCUIT_OPEN,2026-09-05T00:04:18.505076Z
29b62cf6-475e-48de-9a9a-e9549aa134ef,run1_rep3,B,OPEN,OPEN,request,CACHE,HIT,0.04887500108452514,0.8198330015147803,INFO,adaptador.request,false,degradado,0.6745829996361863,9355.34240827,9355.343179228,9355.342359395,9355.343082853,CIRCUIT_OPEN,2026-09-05T00:04:18.540943Z
d865096d-6c9f-43a5-ba70-aef62c7cf194,run1_rep3,B,OPEN,OPEN,request,CACHE,HIT,0.022041998818167485,1.6525839982932666,INFO,adaptador.request,false,degradado,1.561875000334112,9355.405350853,9355.406981395,9355.405328811,9355.406912728,CIRCUIT_OPEN,2026-09-05T00:04:18.605582Z
8d341baf-8a47-4252-99b9-75bf13caca3c,run1_rep3,B,OPEN,OPEN,request,CACHE,HIT,0.020249999579391442,1.909082999191014,INFO,adaptador.request,false,degradado,1.8461660001776181,9355.405683395,9355.407572228,9355.405663145,9355.407529561,CIRCUIT_OPEN,2026-09-05T00:04:18.606018Z
2e8ee3e9-55b7-4c84-9a54-48d0352e7f94,run1_rep3,B,OPEN,OPEN,request,CACHE,HIT,0.018834000002243556,1.7596249999769498,INFO,adaptador.request,false,degradado,1.6815409999253461,9355.406092145,9355.407832936,9355.406073311,9355.407773686,CIRCUIT_OPEN,2026-09-05T00:04:18.606285Z
58849206-a26a-4074-bd2a-ff6ef48f208b,run1_rep3,B,OPEN,OPEN,request,CACHE,HIT,0.05791700095869601,2.6739590011857217,INFO,adaptador.request,false,degradado,2.5607919997128192,9355.404664853,9355.407280895,9355.404606936,9355.407225645,CIRCUIT_OPEN,2026-09-05T00:04:18.606598Z
5fa6e907-506b-4216-9a80-83e39c9b63c7,run1_rep3,B,OPEN,OPEN,request,CACHE,HIT,0.03766699956031516,0.6736249997629784,INFO,adaptador.request,false,degradado,0.5502080002770526,9355.447941645,9355.448577603,9355.447903978,9355.448491853,CIRCUIT_OPEN,2026-09-05T00:04:18.646330Z
7f24e8c4-86ff-4be1-b1d4-eadd112f1912,run1_rep3,B,OPEN,OPEN,request,CACHE,HIT,0.041125000279862434,0.848083000164479,INFO,adaptador.request,false,degradado,0.6093749998399289,9355.483575853,9355.484382811,9355.483534728,9355.484185228,CIRCUIT_OPEN,2026-09-05T00:04:18.682154Z
bad67466-b744-49b1-abec-064cf085101b,run1_rep3,B,OPEN,OPEN,request,CACHE,HIT,0.03891699998348486,0.6949580001673894,INFO,adaptador.request,false,degradado,0.5781660001957789,9355.502865895,9355.503521936,9355.502826978,9355.503444061,CIRCUIT_OPEN,2026-09-05T00:04:18.701269Z
b673eb3b-1942-4f80-b59d-78cbf7c83684,run1_rep3,B,OPEN,OPEN,request,CACHE,HIT,0.046958000893937424,0.6894580001244321,INFO,adaptador.request,false,degradado,0.5534579995583044,9355.557540603,9355.558183103,9355.557493645,9355.558094061,CIRCUIT_OPEN,2026-09-05T00:04:18.755947Z
98dff3f2-dab1-41cf-a8cc-61dd9e3a05d1,run1_rep3,B,OPEN,OPEN,request,CACHE,HIT,0.0542090001545148,0.60033400040993,INFO,adaptador.request,false,degradado,0.48725000124250073,9355.57104277,9355.571588895,9355.570988561,9355.57153002,CIRCUIT_OPEN,2026-09-05T00:04:18.769328Z
0e9521f7-dc92-4cdc-b69c-ecb6049ef9c7,run1_rep3,B,OPEN,OPEN,request,CACHE,HIT,0.03174999983457383,0.5982500006211922,INFO,adaptador.request,false,degradado,0.49525000031280797,9355.577945811,9355.578512311,9355.577914061,9355.578441061,CIRCUIT_OPEN,2026-09-05T00:04:18.776272Z
6a3a89d0-fc7d-4c37-a535-d85a23e31d61,run1_rep3,B,OPEN,OPEN,request,CACHE,HIT,0.029000000722589903,0.7646250014659017,INFO,adaptador.request,false,degradado,0.6757089995517163,9355.598792936,9355.599528561,9355.598763936,9355.599468645,CIRCUIT_OPEN,2026-09-05T00:04:18.797266Z
fcecb605-984b-440f-84c4-5ac1767e0f25,run1_rep3,B,OPEN,OPEN,request,CACHE,HIT,0.022707999960402958,0.5342080003174488,INFO,adaptador.request,false,degradado,0.4399999997986015,9355.610701311,9355.611212811,9355.610678603,9355.611141311,CIRCUIT_OPEN,2026-09-05T00:04:18.808971Z
b38d88c7-022c-4a05-af6f-a1c3911e1072,run1_rep3,B,OPEN,OPEN,request,CACHE,HIT,0.01741699998092372,0.44916699880559463,INFO,adaptador.request,false,degradado,0.3822919989033835,9355.625954478,9355.626386228,9355.625937061,9355.62633677,CIRCUIT_OPEN,2026-09-05T00:04:18.824115Z
275dad6f-bf83-43ef-9f1d-99667beca956,run1_rep3,B,OPEN,OPEN,request,CACHE,HIT,0.015540999811491929,0.3788329995586537,INFO,adaptador.request,false,degradado,0.3168340008414816,9355.642875811,9355.643239103,9355.64286027,9355.643192645,CIRCUIT_OPEN,2026-09-05T00:04:18.840966Z
f38cb304-c43f-45b3-bae2-ce05a9c1e2b5,run1_rep3,B,OPEN,OPEN,request,CACHE,HIT,0.014457998986472376,0.385207998988335,INFO,adaptador.request,false,degradado,0.31620899972040206,9355.659484561,9355.659855311,9355.659470103,9355.65980077,CIRCUIT_OPEN,2026-09-05T00:04:18.857606Z
d32677dd-6d9c-40ff-bdec-fffdc1caa781,run1_rep3,B,OPEN,OPEN,request,CACHE,HIT,0.04858299871557392,0.799165998614626,INFO,adaptador.request,false,degradado,0.6462500005000038,9355.736138645,9355.736889228,9355.736090062,9355.736784895,CIRCUIT_OPEN,2026-09-05T00:04:18.934684Z
8df73538-4f0e-4bc8-b7db-593d38a35050,run1_rep3,B,OPEN,OPEN,request,CACHE,HIT,0.034083001082763076,0.5273750011838274,INFO,adaptador.request,false,degradado,0.4258329990989296,9355.746287145,9355.746780437,9355.746253062,9355.746712978,CIRCUIT_OPEN,2026-09-05T00:04:18.944524Z
863a9d07-0d1b-4b90-aac1-22f4813907a4,run1_rep3,B,OPEN,OPEN,request,CACHE,HIT,0.04816699947696179,0.9933330002240837,INFO,adaptador.request,false,degradado,0.8543749991076766,9355.847419312,9355.848364478,9355.847371145,9355.848273687,CIRCUIT_OPEN,2026-09-05T00:04:19.046131Z
378c1b06-6db4-4132-aab5-6c4165f44009,run1_rep3,B,OPEN,OPEN,request,CACHE,HIT,0.01783299921953585,0.8246659999713302,INFO,adaptador.request,false,degradado,0.7475830007024342,9355.84818277,9355.848989603,9355.848164937,9355.848930353,CIRCUIT_OPEN,2026-09-05T00:04:19.046758Z
c1f48e4b-658b-4b78-bd78-36bba09c71c0,run1_rep3,B,OPEN,OPEN,request,CACHE,HIT,0.042584000766510144,0.729499999579275,INFO,adaptador.request,false,degradado,0.601957999606384,9355.892531437,9355.893218353,9355.892488853,9355.893133395,CIRCUIT_OPEN,2026-09-05T00:04:19.090973Z
57eb38e5-9763-4a81-8069-99a9a8adcdce,run1_rep3,B,OPEN,OPEN,request,CACHE,HIT,0.037165998946875334,0.5879580003238516,INFO,adaptador.request,false,degradado,0.4623750010068761,9355.906529228,9355.90708002,9355.906492062,9355.906991603,CIRCUIT_OPEN,2026-09-05T00:04:19.104824Z
ea69e923-9cf4-43f3-b4f2-926031be8c3e,run1_rep3,B,OPEN,OPEN,request,CACHE,HIT,0.05179200161364861,0.8278750010504154,INFO,adaptador.request,false,degradado,0.6805409993830835,9355.958435062,9355.959211145,9355.95838327,9355.959115603,CIRCUIT_OPEN,2026-09-05T00:04:19.156979Z
125ae4c2-c71b-4b66-8cb4-5be632a1f70f,run1_rep3,B,OPEN,OPEN,request,CACHE,HIT,0.04787500074598938,0.8094170007098,INFO,adaptador.request,false,degradado,0.6620839994866401,9356.016546978,9356.01730852,9356.016499103,9356.017209062,CIRCUIT_OPEN,2026-09-05T00:04:19.215094Z
6fb8498b-64dd-47a9-9733-749177bc3ead,run1_rep3,B,OPEN,OPEN,request,CACHE,HIT,0.03829100023722276,1.1032909987989115,INFO,adaptador.request,false,degradado,0.9932499997375999,9356.046358228,9356.047423228,9356.046319937,9356.047351478,CIRCUIT_OPEN,2026-09-05T00:04:19.245171Z
0811db8e-482e-4542-8e67-c111a5c02099,run1_rep3,B,OPEN,OPEN,request,CACHE,HIT,0.01720899854262825,1.1024169998563593,INFO,adaptador.request,false,degradado,1.0403750002296874,9356.046818062,9356.04790327,9356.046800853,9356.047858437,CIRCUIT_OPEN,2026-09-05T00:04:19.245835Z
cfd748c4-fdbe-4573-846c-00f9f74294ec,run1_rep3,B,OPEN,OPEN,request,CACHE,HIT,0.02766699981293641,0.5788329999631969,INFO,adaptador.request,false,degradado,0.4772079992108047,9356.056278312,9356.056829478,9356.056250645,9356.05675552,CIRCUIT_OPEN,2026-09-05T00:04:19.254593Z
ace310f1-9960-4e54-86e7-42fcb5b8ebc5,run1_rep3,B,OPEN,OPEN,request,CACHE,HIT,0.04924999848299194,0.7550419995823177,INFO,adaptador.request,false,degradado,0.6195420010044472,9356.11312902,9356.113834812,9356.11307977,9356.113748562,CIRCUIT_OPEN,2026-09-05T00:04:19.311593Z
871fc683-3496-4d75-9bd8-0d28e2457bd6,run1_rep3,B,OPEN,OPEN,request,CACHE,HIT,0.02208299883932341,0.4967079985362943,INFO,adaptador.request,false,degradado,0.4092920007678913,9356.121907645,9356.12238227,9356.121885562,9356.122316937,CIRCUIT_OPEN,2026-09-05T00:04:19.320141Z
56b08f72-da7e-46c3-88c6-ab33bc217a25,run1_rep3,B,OPEN,OPEN,request,CACHE,HIT,0.03612500040617306,0.6662499999947613,INFO,adaptador.request,false,degradado,0.5472079992614454,9356.18399877,9356.184628895,9356.183962645,9356.184545978,CIRCUIT_OPEN,2026-09-05T00:04:19.382387Z
9f574708-cc63-4891-b1b3-d732278487a0,run1_rep3,B,OPEN,OPEN,request,CACHE,HIT,0.031083000067155808,0.5490830008056946,INFO,adaptador.request,false,degradado,0.4529170000751037,9356.194960103,9356.195478103,9356.19492902,9356.19541302,CIRCUIT_OPEN,2026-09-05T00:04:19.393224Z
4b293c8f-38b8-4224-ab30-fd390579f050,run1_rep3,B,OPEN,OPEN,request,CACHE,HIT,0.04329100011091214,1.0934580004686723,INFO,adaptador.request,false,degradado,0.9526670000923332,9356.232879228,9356.233929395,9356.232835937,9356.233831895,CIRCUIT_OPEN,2026-09-05T00:04:19.431712Z
330b8958-12d5-4c19-b032-f1c270726190,run1_rep3,B,OPEN,OPEN,request,CACHE,HIT,0.04358300066087395,0.9874999996100087,INFO,adaptador.request,false,degradado,0.8542920004401822,9356.260116645,9356.261060562,9356.260073062,9356.260970937,CIRCUIT_OPEN,2026-09-05T00:04:19.458816Z
83a24c69-3d19-40f0-a775-24ac39ae08a8,run1_rep3,B,OPEN,OPEN,request,CACHE,HIT,0.021083998944959603,1.1006669992639218,INFO,adaptador.request,false,degradado,1.029375000143773,9356.260606687,9356.26168627,9356.260585603,9356.261636062,CIRCUIT_OPEN,2026-09-05T00:04:19.459422Z
49dd744d-240d-4d18-8beb-d481a719708f,run1_rep3,B,OPEN,OPEN,request,CACHE,HIT,0.03216699951735791,0.5492919990501832,INFO,adaptador.request,false,degradado,0.46670799929415807,9356.27593152,9356.276448645,9356.275899353,9356.276398228,CIRCUIT_OPEN,2026-09-05T00:04:19.474171Z
4ce82292-5bb8-4fa2-bd07-360fc7d49986,run1_rep3,B,OPEN,OPEN,request,CACHE,HIT,0.07658300091861747,0.7862500006012851,INFO,adaptador.request,false,degradado,0.6052919998182915,9356.346030478,9356.346740145,9356.345953895,9356.34663577,CIRCUIT_OPEN,2026-09-05T00:04:19.544502Z
6fe6079f-52ce-4cb3-a0c9-033c3d4e46e6,run1_rep3,B,OPEN,OPEN,request,CACHE,HIT,0.06487499922513962,1.4392909997695824,INFO,adaptador.request,false,degradado,1.2872500010416843,9356.399037812,9356.400412228,9356.398972937,9356.400325062,CIRCUIT_OPEN,2026-09-05T00:04:19.598370Z
eea26ce8-462c-45b2-af0c-00ff02ab028e,run1_rep3,B,OPEN,OPEN,request,CACHE,HIT,0.027874999432242475,1.003708001007908,INFO,adaptador.request,false,degradado,0.9367080001538852,9356.399662187,9356.40063802,9356.399634312,9356.400598895,CIRCUIT_OPEN,2026-09-05T00:04:19.598648Z
002de946-20af-41b6-a8cc-62cba0df398d,run1_rep3,B,OPEN,OPEN,request,CACHE,HIT,0.038083000617916696,0.6511250012408709,INFO,adaptador.request,false,degradado,0.5446670002129395,9356.43075727,9356.431370312,9356.430719187,9356.431301937,CIRCUIT_OPEN,2026-09-05T00:04:19.629104Z
ff1ecc71-fd61-469e-9edd-7336dd5833a4,run1_rep3,B,OPEN,OPEN,request,CACHE,HIT,0.026166999305132776,0.5017919993406394,INFO,adaptador.request,false,degradado,0.4199579998385161,9356.435895854,9356.436371479,9356.435869687,9356.436315812,CIRCUIT_OPEN,2026-09-05T00:04:19.634104Z
28207b49-0014-4d11-b70e-0d11e021ccd0,run1_rep3,B,OPEN,OPEN,request,CACHE,HIT,0.018791999536915682,0.3691669990075752,INFO,adaptador.request,false,degradado,0.30333299946505576,9356.447610604,9356.447960979,9356.447591812,9356.447913937,CIRCUIT_OPEN,2026-09-05T00:04:19.645710Z
ebd8e5f1-00eb-4801-a858-b949bd33d447,run1_rep3,B,OPEN,OPEN,request,CACHE,HIT,0.01874999907158781,0.8872500002325978,INFO,adaptador.request,false,degradado,0.8199580006476026,9356.461435479,9356.462303979,9356.461416729,9356.462255437,CIRCUIT_OPEN,2026-09-05T00:04:19.660284Z
4e5b9e3b-d99e-4ef6-b1af-4958c9c6c26e,run1_rep3,B,OPEN,OPEN,request,CACHE,HIT,0.011916999937966466,0.7688749992666999,INFO,adaptador.request,false,degradado,0.7062499989842763,9356.461781354,9356.462538312,9356.461769437,9356.462487604,CIRCUIT_OPEN,2026-09-05T00:04:19.660500Z
af9099e9-df47-455e-ac82-202edbd546f0,run1_rep3,B,OPEN,OPEN,request,CACHE,HIT,0.015749999874969944,0.3600000000005821,INFO,adaptador.request,false,degradado,0.3007079994858941,9356.510134562,9356.510478812,9356.510118812,9356.51043527,CIRCUIT_OPEN,2026-09-05T00:04:19.708200Z
7658a052-9061-4490-a766-4590f24cb76a,run1_rep3,B,OPEN,OPEN,request,CACHE,HIT,0.0531250007043127,1.2946670012752293,INFO,adaptador.request,false,degradado,1.1435420001362218,9356.628678395,9356.629919937,9356.62862527,9356.629821937,CIRCUIT_OPEN,2026-09-05T00:04:19.827704Z
a93e39cb-c408-4587-9430-75029f18c3d5,run1_rep3,B,OPEN,OPEN,request,CACHE,HIT,0.027333000616636127,1.268750000235741,INFO,adaptador.request,false,degradado,1.1921669993171236,9356.62967677,9356.630918187,9356.629649437,9356.630868937,CIRCUIT_OPEN,2026-09-05T00:04:19.828955Z
ea0308df-b372-4063-b8c3-534c85a05966,run1_rep3,B,OPEN,OPEN,request,CACHE,HIT,0.017875001503853127,1.3744590014539426,INFO,adaptador.request,false,degradado,1.225916999828769,9356.63082702,9356.632183604,9356.630809145,9356.632052937,CIRCUIT_OPEN,2026-09-05T00:04:19.830409Z
7d057d3f-3893-4850-b427-a15710abdaa9,run1_rep3,B,OPEN,OPEN,request,CACHE,HIT,0.05687500015483238,0.856624999869382,INFO,adaptador.request,false,degradado,0.7038330004434101,9356.740977979,9356.741777729,9356.740921104,9356.741681812,CIRCUIT_OPEN,2026-09-05T00:04:19.939541Z
769b837a-c481-4db0-887e-5519a880b371,run1_rep3,B,OPEN,OPEN,request,CACHE,HIT,0.06758400013495702,1.6969999996945262,INFO,adaptador.request,false,degradado,1.5377909985545557,9356.798637604,9356.80026702,9356.79857002,9356.800175395,CIRCUIT_OPEN,2026-09-05T00:04:19.998357Z
b7d8ac29-2b8e-4e24-a9d8-563bd42ebb90,run1_rep3,B,OPEN,OPEN,request,CACHE,HIT,0.03695799932756927,1.0356249986216426,INFO,adaptador.request,false,degradado,0.9428329994989326,9356.799553187,9356.800551854,9356.799516229,9356.80049602,CIRCUIT_OPEN,2026-09-05T00:04:19.998843Z
fc30c99e-ce76-4184-a992-f374cb136eb6,run1_rep3,B,OPEN,OPEN,request,CACHE,HIT,0.025583000024198554,2.2059160000935663,INFO,adaptador.request,false,degradado,2.1207080008025514,9356.802508812,9356.804689145,9356.802483229,9356.80462952,CIRCUIT_OPEN,2026-09-05T00:04:20.002907Z
9731525e-625a-490d-a19c-ea094bffc546,run1_rep3,B,OPEN,OPEN,request,CACHE,HIT,0.02062499879684765,1.9582499990065116,INFO,adaptador.request,false,degradado,1.8642920003912877,9356.803131312,9356.805068937,9356.803110687,9356.804995604,CIRCUIT_OPEN,2026-09-05T00:04:20.003285Z
a3a71b35-0170-4e2c-8f04-accfd3ad9546,run1_rep3,B,OPEN,OPEN,request,CACHE,HIT,0.052999999752501026,1.217084000018076,INFO,adaptador.request,false,degradado,1.0810419989866205,9356.904132145,9356.905296229,9356.904079145,9356.905213187,CIRCUIT_OPEN,2026-09-05T00:04:20.103256Z
14e4e146-56be-4565-af11-125239dd6ae6,run1_rep3,B,OPEN,OPEN,request,CACHE,HIT,0.019999999494757503,0.8575000010750955,INFO,adaptador.request,false,degradado,0.8060000000114087,9356.904693104,9356.905530604,9356.904673104,9356.905499104,CIRCUIT_OPEN,2026-09-05T00:04:20.103509Z
42b867ea-dcfa-48a4-a688-4b25c1b1af01,run1_rep3,B,OPEN,OPEN,request,CACHE,HIT,0.04220800110488199,0.8346670001628809,INFO,adaptador.request,false,degradado,0.6981249989621574,9356.931325395,9356.932117854,9356.931283187,9356.93202352,CIRCUIT_OPEN,2026-09-05T00:04:20.129876Z
ae69bb75-15a1-4c95-b06c-bc374112e548,run1_rep3,B,OPEN,OPEN,request,CACHE,HIT,0.023582999347127043,0.5483749991981313,INFO,adaptador.request,false,degradado,0.42570900041027926,9356.946399645,9356.946924437,9356.946376062,9356.946825354,CIRCUIT_OPEN,2026-09-05T00:04:20.144643Z
ebd858c2-518e-4cfa-a133-277fb322975a,run1_rep3,B,OPEN,OPEN,request,CACHE,HIT,0.032083000405691564,0.6507500002044253,INFO,adaptador.request,false,degradado,0.5415420000645099,9356.994550395,9356.995169062,9356.994518312,9356.995091937,CIRCUIT_OPEN,2026-09-05T00:04:20.192926Z
44e468a1-902b-4f43-a90c-6a982c68e593,run1_rep3,B,OPEN,OPEN,request,CACHE,HIT,0.018791999536915682,0.5731670007662615,INFO,adaptador.request,false,degradado,0.5102080012875376,9356.997914229,9356.998468604,9356.997895437,9356.998424437,CIRCUIT_OPEN,2026-09-05T00:04:20.196390Z
eaf79521-3eca-409c-8392-37f6af6c2cef,run1_rep3,B,OPEN,OPEN,request,CACHE,HIT,0.009707999197416939,0.48749999950814527,INFO,adaptador.request,false,degradado,0.4482500007725321,9356.99819502,9356.998672812,9356.998185312,9356.99864327,CIRCUIT_OPEN,2026-09-05T00:04:20.196600Z
2e579301-468b-4ff3-a1a0-02e47c0a1d19,run1_rep3,B,OPEN,OPEN,request,CACHE,HIT,0.028374999601510353,0.6033339996065479,INFO,adaptador.request,false,degradado,0.49020900041796267,9357.05594427,9357.056519229,9357.055915895,9357.056434479,CIRCUIT_OPEN,2026-09-05T00:04:20.254293Z
19455412-3982-4f8b-8058-c776ee537f5a,run1_rep3,B,OPEN,OPEN,request,CACHE,HIT,0.025167000785586424,0.5097089997434523,INFO,adaptador.request,false,degradado,0.41083299947786145,9357.061421562,9357.061906104,9357.061396395,9357.061832395,CIRCUIT_OPEN,2026-09-05T00:04:20.259637Z
ef5450e4-71f4-48e5-9908-0963579f7a3a,run1_rep3,B,OPEN,OPEN,request,CACHE,HIT,0.04283399903215468,0.703041998349363,INFO,adaptador.request,false,degradado,0.5906250007683411,9357.120337896,9357.120998104,9357.120295062,9357.120928521,CIRCUIT_OPEN,2026-09-05T00:04:20.318769Z
79f277a8-743c-4474-aaa7-1b07bbb12a91,run1_rep3,B,OPEN,OPEN,request,CACHE,HIT,0.03529200148477685,0.645957999950042,INFO,adaptador.request,false,degradado,0.541540999620338,9357.139911771,9357.140522437,9357.139876479,9357.140453312,CIRCUIT_OPEN,2026-09-05T00:04:20.338265Z
8556f2ca-87b4-473b-9bcc-4dd0a9513a16,run1_rep3,B,OPEN,OPEN,request,CACHE,HIT,0.015415998859680258,1.5212500002235174,INFO,adaptador.request,false,degradado,1.4651250003225869,9357.220931687,9357.222437521,9357.220916271,9357.222396812,CIRCUIT_OPEN,2026-09-05T00:04:20.420166Z
9c7827f0-9988-471b-bcd2-f824fc56184c,run1_rep3,B,OPEN,OPEN,request,CACHE,HIT,0.04962499951943755,1.554000000396627,INFO,adaptador.request,false,degradado,1.4150420010992093,9357.220486937,9357.221991312,9357.220437312,9357.221901979,CIRCUIT_OPEN,2026-09-05T00:04:20.420728Z
41330792-a8d4-470a-9231-62268b504c41,run1_rep3,B,OPEN,OPEN,request,CACHE,HIT,0.018333999832975678,1.160333998996066,INFO,adaptador.request,false,degradado,1.090707999537699,9357.221825896,9357.222967896,9357.221807562,9357.222916604,CIRCUIT_OPEN,2026-09-05T00:04:20.421086Z
0b4334fd-0abb-48b5-a9d6-491747ae8041,run1_rep3,B,OPEN,OPEN,request,CACHE,HIT,0.04479200106288772,1.2147500001447042,INFO,adaptador.request,false,degradado,1.0905830004048767,9357.260796729,9357.261966687,9357.260751937,9357.261887312,CIRCUIT_OPEN,2026-09-05T00:04:20.459941Z
a86700dd-7434-42e1-9999-1d0b36c1f12d,run1_rep3,B,OPEN,OPEN,request,CACHE,HIT,0.02233300074294675,0.9345420003228355,INFO,adaptador.request,false,degradado,0.8799170009297086,9357.261301437,9357.262213646,9357.261279104,9357.262181354,CIRCUIT_OPEN,2026-09-05T00:04:20.460225Z
eb572e0b-72ec-45a6-ae74-d0fad45fbb5b,run1_rep3,B,OPEN,OPEN,request,CACHE,HIT,0.04462500146473758,0.6997500004217727,INFO,adaptador.request,false,degradado,0.5727919997298159,9357.286130562,9357.286785687,9357.286085937,9357.286703354,CIRCUIT_OPEN,2026-09-05T00:04:20.484540Z
b75dacee-5ad6-4aa4-9879-6a0a25b864ba,run1_rep3,B,OPEN,OPEN,request,CACHE,HIT,0.04891699973086361,1.1912919999303995,INFO,adaptador.request,false,degradado,1.056708000760409,9357.337600021,9357.338742396,9357.337551104,9357.338656729,CIRCUIT_OPEN,2026-09-05T00:04:20.536743Z
00d6fcf5-0661-4d82-a7b8-6a3f78d5ada8,run1_rep3,B,OPEN,OPEN,request,CACHE,HIT,0.021333000404410996,0.8952920015872223,INFO,adaptador.request,false,degradado,0.8372499996767147,9357.338111812,9357.338985771,9357.338090479,9357.338949062,CIRCUIT_OPEN,2026-09-05T00:04:20.537029Z
3727e21b-b6ec-4efc-bcd3-ff3414044c51,run1_rep3,B,OPEN,OPEN,request,CACHE,HIT,0.0428749990533106,1.2145419987064088,INFO,adaptador.request,false,degradado,1.0826670004462358,9357.363122354,9357.364294021,9357.363079479,9357.364205021,CIRCUIT_OPEN,2026-09-05T00:04:20.562057Z
ceb1f43f-9fc3-47f3-ba5b-4e1e3a6e6bbc,run1_rep3,B,OPEN,OPEN,request,CACHE,HIT,0.051500001063686796,1.0242920016025892,INFO,adaptador.request,false,degradado,0.8431249989371281,9357.481776937,9357.482749729,9357.481725437,9357.482620062,CIRCUIT_OPEN,2026-09-05T00:04:20.680536Z
7d1cfea1-8f39-447a-bbfa-e00e989bfa6e,run1_rep3,B,OPEN,OPEN,request,CACHE,HIT,0.030500001230393536,0.7375840013992274,INFO,adaptador.request,false,degradado,0.6215419998625293,9357.489369937,9357.490077021,9357.489339437,9357.489991479,CIRCUIT_OPEN,2026-09-05T00:04:20.687835Z
62997340-5694-4b30-b4b0-91a66a67afa5,run1_rep3,B,OPEN,OPEN,request,CACHE,HIT,0.030458000765065663,0.7302499998331768,INFO,adaptador.request,false,degradado,0.625291999313049,9357.519449687,9357.520149479,9357.519419229,9357.520074979,CIRCUIT_OPEN,2026-09-05T00:04:20.717910Z
23022a52-01ba-488c-98c5-ca2f5fb10b0f,run1_rep3,B,OPEN,OPEN,request,CACHE,HIT,0.019209001038689166,0.47929200081853196,INFO,adaptador.request,false,degradado,0.39024999932735227,9357.525781771,9357.526241854,9357.525762562,9357.526172021,CIRCUIT_OPEN,2026-09-05T00:04:20.723997Z
d11f3500-6ae4-4420-b48f-ed30cdb4cc69,run1_rep3,B,OPEN,OPEN,request,CACHE,HIT,0.0256669991358649,0.5261669994069962,INFO,adaptador.request,false,degradado,0.42516600115050096,9357.569429521,9357.569930021,9357.569403854,9357.569854687,CIRCUIT_OPEN,2026-09-05T00:04:20.767689Z
1461c362-bc7b-430b-9861-bb2e5b2fba67,run1_rep3,B,OPEN,OPEN,request,CACHE,HIT,0.017750000552041456,0.4033330005768221,INFO,adaptador.request,false,degradado,0.33925000025192276,9357.584567229,9357.584952812,9357.584549479,9357.584906479,CIRCUIT_OPEN,2026-09-05T00:04:20.782695Z
c27817da-5447-4b5d-aed1-70e1e6f06c6c,run1_rep3,B,OPEN,OPEN,request,CACHE,HIT,0.02391599991824478,0.37974999941070564,INFO,adaptador.request,false,degradado,0.3042919997824356,9357.599085812,9357.599441646,9357.599061896,9357.599390104,CIRCUIT_OPEN,2026-09-05T00:04:20.797179Z
ed5547d0-3326-448b-a47f-44330d1345bc,run1_rep3,B,OPEN,OPEN,request,CACHE,HIT,0.020790999769815244,0.3832500005955808,INFO,adaptador.request,false,degradado,0.31350000062957406,9357.629464437,9357.629826896,9357.629443646,9357.629777937,CIRCUIT_OPEN,2026-09-05T00:04:20.827554Z
cd75003f-c980-465b-b51b-64ee48ea6024,run1_rep3,B,OPEN,OPEN,request,CACHE,HIT,0.01612499909242615,0.376666999727604,INFO,adaptador.request,false,degradado,0.3111670012003742,9357.634060187,9357.634420729,9357.634044062,9357.634371354,CIRCUIT_OPEN,2026-09-05T00:04:20.832148Z
35ca61f6-d5c3-4ffa-9a65-7f1b4ff665e5,run1_rep3,B,OPEN,OPEN,request,CACHE,HIT,0.04962499951943755,0.7777909995638765,INFO,adaptador.request,false,degradado,0.6409580000763526,9357.719548771,9357.720276937,9357.719499146,9357.720189729,CIRCUIT_OPEN,2026-09-05T00:04:20.918037Z
ecb4a2f2-11b9-4b3f-bb27-0b5c9ccea9bf,run1_rep3,B,OPEN,OPEN,request,CACHE,HIT,0.04266699943400454,0.7270829992194194,INFO,adaptador.request,false,degradado,0.6143330010672798,9357.753698146,9357.754382562,9357.753655479,9357.754312479,CIRCUIT_OPEN,2026-09-05T00:04:20.952119Z
903c35f5-2605-4575-b199-22573b7fccb9,run1_rep3,B,OPEN,OPEN,request,CACHE,HIT,0.042749999920488335,0.7631659991602646,INFO,adaptador.request,false,degradado,0.6262499991862569,9357.800501813,9357.801222229,9357.800459063,9357.801128063,CIRCUIT_OPEN,2026-09-05T00:04:20.999002Z
cb01561c-d7aa-4544-953a-652853fcef05,run1_rep3,B,OPEN,OPEN,request,CACHE,HIT,0.049000000217347406,0.585542000408168,INFO,adaptador.request,false,degradado,0.4591670003719628,9357.832087771,9357.832624313,9357.832038771,9357.832546938,CIRCUIT_OPEN,2026-09-05T00:04:21.030381Z
f1bd1ab5-7b2c-4743-b8a9-4c7fdce64772,run1_rep3,B,OPEN,OPEN,request,CACHE,HIT,0.04895900019619148,0.59875000079046,INFO,adaptador.request,false,degradado,0.47216600069077685,9357.857034563,9357.857584354,9357.856985604,9357.857506729,CIRCUIT_OPEN,2026-09-05T00:04:21.055337Z
ea9874b9-3e7a-4400-a9b9-ab1c5113dc08,run1_rep3,B,OPEN,OPEN,request,CACHE,HIT,0.033833999623311684,0.6239169997570571,INFO,adaptador.request,false,degradado,0.5147499996382976,9357.883882938,9357.884473021,9357.883849104,9357.884397688,CIRCUIT_OPEN,2026-09-05T00:04:21.082235Z
54d2d8f6-13ab-471a-b5d1-0df9e2f1fc15,run1_rep3,B,OPEN,OPEN,request,CACHE,HIT,0.03879100040649064,0.6508749993372476,INFO,adaptador.request,false,degradado,0.5318749990692595,9357.905211854,9357.905823938,9357.905173063,9357.905743729,CIRCUIT_OPEN,2026-09-05T00:04:21.103582Z
08ed6f08-65c6-41b5-a014-4abda64ca88c,run1_rep3,B,OPEN,OPEN,request,CACHE,HIT,0.04812500083062332,1.090207999368431,INFO,adaptador.request,false,degradado,0.911457998881815,9357.942594771,9357.943636854,9357.942546646,9357.943506229,CIRCUIT_OPEN,2026-09-05T00:04:21.141403Z
e2f3ba8f-7bbb-44fb-bfc3-ec5f5bbebde2,run1_rep3,B,OPEN,OPEN,request,CACHE,HIT,0.05529200097953435,1.35187500018219,INFO,adaptador.request,false,degradado,1.217375000123866,9357.984298396,9357.985594979,9357.984243104,9357.985515771,CIRCUIT_OPEN,2026-09-05T00:04:21.183339Z
98d5a5d7-1015-4cec-a2cf-d41925e3794a,run1_rep3,B,OPEN,OPEN,request,CACHE,HIT,0.021500000002561137,1.4549589996022405,INFO,adaptador.request,false,degradado,1.3472499995259568,9357.985043979,9357.986477438,9357.985022479,9357.986391229,CIRCUIT_OPEN,2026-09-05T00:04:21.184239Z
c9619e8f-da6b-498c-a52f-af14ea090d92,run1_rep3,B,OPEN,OPEN,request,CACHE,HIT,0.03491700044833124,0.6580000008398201,INFO,adaptador.request,false,degradado,0.5452500008686911,9358.001273938,9358.001897021,9358.001239021,9358.001819188,CIRCUIT_OPEN,2026-09-05T00:04:21.199688Z
143218ac-0a9d-4e16-bdf3-5b99063aa1e4,run1_rep3,B,OPEN,OPEN,request,CACHE,HIT,0.037165998946875334,0.8617499988758937,INFO,adaptador.request,false,degradado,0.7576669995614793,9358.024997854,9358.025822438,9358.024960688,9358.025755521,CIRCUIT_OPEN,2026-09-05T00:04:21.223564Z
aefad288-07b1-49ec-a5a6-664f52764038,run1_rep3,B,OPEN,OPEN,request,CACHE,HIT,0.024040999051067047,0.4462910001166165,INFO,adaptador.request,false,degradado,0.36866700065729674,9358.038562479,9358.038984729,9358.038538438,9358.038931146,CIRCUIT_OPEN,2026-09-05T00:04:21.236745Z
36a67f18-b49e-4e56-b928-c7185dbd520d,run1_rep3,B,OPEN,OPEN,request,CACHE,HIT,0.04933399941364769,1.0672089993022382,INFO,adaptador.request,false,degradado,0.9277080007450422,9358.114353813,9358.115371688,9358.114304479,9358.115281521,CIRCUIT_OPEN,2026-09-05T00:04:21.313141Z
d9664a54-9ecb-466a-b5aa-fb0b82c54517,run1_rep3,B,OPEN,OPEN,request,CACHE,HIT,0.023374999727820978,0.7817919995432021,INFO,adaptador.request,false,degradado,0.705917000232148,9358.115174646,9358.115933063,9358.115151271,9358.115880563,CIRCUIT_OPEN,2026-09-05T00:04:21.313895Z
e9775878-4a31-4192-883c-d2574f40ba1d,run1_rep3,B,OPEN,OPEN,request,CACHE,HIT,0.03375000051164534,0.5889580006623873,INFO,adaptador.request,false,degradado,0.49479199878987856,9358.147202771,9358.147757979,9358.147169021,9358.147697563,CIRCUIT_OPEN,2026-09-05T00:04:21.345484Z
ff78594f-78c7-408b-a677-3455194f1b97,run1_rep3,B,OPEN,OPEN,request,CACHE,HIT,0.030707999030710198,0.6336659989756299,INFO,adaptador.request,false,degradado,0.5354999993869569,9358.159835146,9358.160438104,9358.159804438,9358.160370646,CIRCUIT_OPEN,2026-09-05T00:04:21.358180Z
4c5551bc-d3de-4d3b-b7c4-d2086b5967e2,run1_rep3,B,OPEN,OPEN,request,CACHE,HIT,0.04320900006860029,0.6812920000811573,INFO,adaptador.request,false,degradado,0.5509160000656266,9358.216511938,9358.217150021,9358.216468729,9358.217062854,CIRCUIT_OPEN,2026-09-05T00:04:21.414892Z
a5d96f49-bb1b-4fa2-8013-ad8a54e293af,run1_rep3,B,OPEN,OPEN,request,CACHE,HIT,0.05079200127511285,1.162750000730739,INFO,adaptador.request,false,degradado,1.030041999911191,9358.303646771,9358.304758729,9358.303595979,9358.304676813,CIRCUIT_OPEN,2026-09-05T00:04:21.502786Z
c3285ebf-e5cf-4680-ab0b-c353d8139f80,run1_rep3,B,OPEN,OPEN,request,CACHE,HIT,0.022666999939247034,0.8436669995717239,INFO,adaptador.request,false,degradado,0.7691659993724898,9358.304172063,9358.304993063,9358.304149396,9358.304941229,CIRCUIT_OPEN,2026-09-05T00:04:21.503083Z
2ef121c5-87a9-4b1f-b8ef-6c04ee634e58,run1_rep3,B,OPEN,OPEN,request,CACHE,HIT,0.027291000151308253,0.5547499986278126,INFO,adaptador.request,false,degradado,0.4697499989561038,9358.312231854,9358.312759313,9358.312204563,9358.312701604,CIRCUIT_OPEN,2026-09-05T00:04:21.510493Z
97b57ddf-70b1-4229-bc30-50ce538652c5,run1_rep3,B,OPEN,OPEN,request,CACHE,HIT,0.022250000256462954,0.45720900016021915,INFO,adaptador.request,false,degradado,0.38041700099711306,9358.321392729,9358.321827688,9358.321370479,9358.321773146,CIRCUIT_OPEN,2026-09-05T00:04:21.519561Z
e9ca677c-943a-46ca-9729-81c2311b8ee2,run1_rep3,B,OPEN,OPEN,request,CACHE,HIT,0.018500000805943273,0.35633399966172874,INFO,adaptador.request,false,degradado,0.29349999931582715,9358.334185104,9358.334522938,9358.334166604,9358.334478604,CIRCUIT_OPEN,2026-09-05T00:04:21.532243Z
2b231411-961c-4d9c-82f5-349ede13b2d8,run1_rep3,B,OPEN,OPEN,request,CACHE,HIT,0.017332999050267972,0.3843750000669388,INFO,adaptador.request,false,degradado,0.31833399953029584,9358.355256854,9358.355623896,9358.355239521,9358.355575188,CIRCUIT_OPEN,2026-09-05T00:04:21.553354Z
e438802f-5049-4776-8e09-f76f18b695bf,run1_rep3,B,OPEN,OPEN,request,CACHE,HIT,0.05012499968870543,0.8559170000808081,INFO,adaptador.request,false,degradado,0.70570800016867,9358.410657396,9358.411463188,9358.410607271,9358.411363104,CIRCUIT_OPEN,2026-09-05T00:04:21.609233Z
eff6e4f8-97e9-4f4a-9194-ed290eebaad8,run1_rep3,B,OPEN,OPEN,request,CACHE,HIT,0.07299999924725853,0.7937499995023245,INFO,adaptador.request,false,degradado,0.6254590007301886,9358.541167521,9358.541888271,9358.541094521,9358.54179298,CIRCUIT_OPEN,2026-09-05T00:04:21.739652Z
adb52010-be83-43f7-884d-9d91fefb0f91,run1_rep3,B,OPEN,OPEN,request,CACHE,HIT,0.033708000046317466,0.7085830002324656,INFO,adaptador.request,false,degradado,0.6056669990357477,9358.549154438,9358.549829313,9358.54912073,9358.549760105,CIRCUIT_OPEN,2026-09-05T00:04:21.747586Z
f53e921f-7d63-4d89-b2af-a28384f02fe1,run1_rep3,B,OPEN,OPEN,request,CACHE,HIT,0.020917001165798865,0.4879589996562572,INFO,adaptador.request,false,degradado,0.3941249997296836,9358.563397813,9358.563864855,9358.563376896,9358.563791938,CIRCUIT_OPEN,2026-09-05T00:04:21.761624Z
b88a3452-9da9-4697-9799-bfc1f33d7dc7,run1_rep3,B,OPEN,OPEN,request,CACHE,HIT,0.04599999920174014,0.7392499992420198,INFO,adaptador.request,false,degradado,0.60079200011387,9358.625538146,9358.626231396,9358.625492146,9358.626138938,CIRCUIT_OPEN,2026-09-05T00:04:21.823989Z
117bbc2f-f6e0-498c-9886-3f6145e5f8b6,run1_rep3,B,OPEN,OPEN,request,CACHE,HIT,0.04850000004807953,0.7791669995640405,INFO,adaptador.request,false,degradado,0.638999999864609,9358.672639146,9358.673369813,9358.672590646,9358.673278146,CIRCUIT_OPEN,2026-09-05T00:04:21.871130Z
93d14324-8499-4abb-a28d-c43ab08972f2,run1_rep3,B,OPEN,OPEN,request,CACHE,HIT,0.0413329998991685,1.0780419997900026,INFO,adaptador.request,false,degradado,0.9628339994378621,9358.721664896,9358.722701605,9358.721623563,9358.72262773,CIRCUIT_OPEN,2026-09-05T00:04:21.920780Z
66e41561-97ea-4fd6-9acf-9e74c184c95a,run1_rep3,B,OPEN,OPEN,request,CACHE,HIT,0.01424999936716631,0.8982919989648508,INFO,adaptador.request,false,degradado,0.8164169994415715,9358.722105813,9358.722989855,9358.722091563,9358.72292223,CIRCUIT_OPEN,2026-09-05T00:04:21.921074Z
368311a5-9deb-4207-b236-bfc6bf4d0c15,run1_rep3,B,OPEN,OPEN,request,CACHE,HIT,0.03870799992000684,0.6939159993635258,INFO,adaptador.request,false,degradado,0.5871670000487939,9358.753777938,9358.754433146,9358.75373923,9358.754365105,CIRCUIT_OPEN,2026-09-05T00:04:21.952169Z
c6599fa6-5f89-4f62-8a5c-80772c55d054,run1_rep3,B,OPEN,OPEN,request,CACHE,HIT,0.03724999987753108,0.6947080000827555,INFO,adaptador.request,false,degradado,0.5597500003204914,9358.761370855,9358.762028313,9358.761333605,9358.761930605,CIRCUIT_OPEN,2026-09-05T00:04:21.959799Z
a2d5e6bc-37d7-43be-9004-c91fa682c81e,run1_rep3,B,OPEN,OPEN,request,CACHE,HIT,0.026708999939728528,0.46787500104983337,INFO,adaptador.request,false,degradado,0.38391599991882686,9358.786946105,9358.787387271,9358.786919396,9358.787330021,CIRCUIT_OPEN,2026-09-05T00:04:21.985142Z
f1e00d04-1cc1-4d74-9e5f-52227bf69044,run1_rep3,B,OPEN,OPEN,request,CACHE,HIT,0.052166000386932865,0.8146660002239514,INFO,adaptador.request,false,degradado,0.6634590008616215,9358.913807771,9358.914570271,9358.913755605,9358.91447123,CIRCUIT_OPEN,2026-09-05T00:04:22.112337Z
0ee1d828-e339-452d-a256-515b1843b002,run1_rep3,B,OPEN,OPEN,request,CACHE,HIT,0.04229200021654833,0.6933330005267635,INFO,adaptador.request,false,degradado,0.5632079992210492,9358.93874648,9358.939397521,9358.938704188,9358.939309688,CIRCUIT_OPEN,2026-09-05T00:04:22.137162Z
bdeb5aee-09e2-481c-8319-da9c5914bf85,run1_rep3,B,OPEN,OPEN,request,CACHE,HIT,0.023374999727820978,0.4733750010927906,INFO,adaptador.request,false,degradado,0.3971250007452909,9358.955806855,9358.956256855,9358.95578348,9358.95620398,CIRCUIT_OPEN,2026-09-05T00:04:22.153995Z
385b6394-afa0-46f6-9d9a-1ddd5086be30,run1_rep3,B,OPEN,OPEN,request,CACHE,HIT,0.025749999622348696,0.7598749998578569,INFO,adaptador.request,false,degradado,0.6854170005681226,9358.977124313,9358.977858438,9358.977098563,9358.97780973,CIRCUIT_OPEN,2026-09-05T00:04:22.175599Z
e3173562-a615-46a3-83d7-047d25d84376,run1_rep3,B,OPEN,OPEN,request,CACHE,HIT,0.017207999917445704,0.7953750009619398,INFO,adaptador.request,false,degradado,0.7424590003211051,9358.977700521,9358.978478688,9358.977683313,9358.97844298,CIRCUIT_OPEN,2026-09-05T00:04:22.176378Z
fd7c12c5-08cf-460b-be70-bb5a049e3fee,run1_rep3,B,OPEN,OPEN,request,CACHE,HIT,0.024083001335384324,0.749250000808388,INFO,adaptador.request,false,degradado,0.6434579991037026,9359.002544688,9359.003269855,9359.002520605,9359.003188146,CIRCUIT_OPEN,2026-09-05T00:04:22.201039Z
cfebdc44-1f22-48d7-b0aa-7bd267b74833,run1_rep3,B,OPEN,OPEN,request,CACHE,HIT,0.023374999727820978,0.6869589997222647,INFO,adaptador.request,false,degradado,0.6202090007718652,9359.019922271,9359.020585855,9359.019898896,9359.02054248,CIRCUIT_OPEN,2026-09-05T00:04:22.218299Z
7964a7d0-22ae-45c6-9383-9375d0c44c73,run1_rep3,B,OPEN,OPEN,request,CACHE,HIT,0.04733300011139363,0.991167000393034,INFO,adaptador.request,false,degradado,0.832792000437621,9359.073077396,9359.07402123,9359.073030063,9359.073910188,CIRCUIT_OPEN,2026-09-05T00:04:22.271806Z
da1dc7ca-8ded-4804-9fbf-51548ba97636,run1_rep3,B,OPEN,OPEN,request,CACHE,HIT,0.018291999367647804,0.7981670005392516,INFO,adaptador.request,false,degradado,0.7296250005310867,9359.07382323,9359.074603105,9359.073804938,9359.074552855,CIRCUIT_OPEN,2026-09-05T00:04:22.272498Z
6afd966b-892b-48cf-991a-1c05868f2756,run1_rep3,B,OPEN,OPEN,request,CACHE,HIT,0.04799999987881165,0.7656249999854481,INFO,adaptador.request,false,degradado,0.6455829989135964,9359.111845605,9359.11256323,9359.111797605,9359.112491188,CIRCUIT_OPEN,2026-09-05T00:04:22.310302Z
4cea8dc1-91bf-4039-bba1-42d19659497f,run1_rep3,B,OPEN,OPEN,request,CACHE,HIT,0.0323329986713361,0.6831249993410893,INFO,adaptador.request,false,degradado,0.5670420014212141,9359.149332938,9359.14998373,9359.149300605,9359.14989998,CIRCUIT_OPEN,2026-09-05T00:04:22.347755Z
85a1a1a1-395b-4f07-89f1-afcfa1f4da95,run1_rep3,B,OPEN,OPEN,request,CACHE,HIT,0.031583000236423686,0.568666000617668,INFO,adaptador.request,false,degradado,0.48062499990919605,9359.158932688,9359.159469771,9359.158901105,9359.159413313,CIRCUIT_OPEN,2026-09-05T00:04:22.357204Z
38724cf8-51c3-4acf-8276-2cb84a6a01de,run1_rep3,B,OPEN,OPEN,request,CACHE,HIT,0.022917000023880973,0.5043329983891454,INFO,adaptador.request,false,degradado,0.4269999990356155,9359.162428355,9359.162909771,9359.162405438,9359.162855355,CIRCUIT_OPEN,2026-09-05T00:04:22.360677Z
5f0b000a-9b74-421b-9ce5-650ec49e5bde,run1_rep3,B,OPEN,OPEN,request,CACHE,HIT,0.04141699901083484,0.684832999468199,INFO,adaptador.request,false,degradado,0.5721249999623979,9359.185819605,9359.186463021,9359.185778188,9359.18639173,CIRCUIT_OPEN,2026-09-05T00:04:22.384204Z
84281ffb-326e-4a69-bda4-c26a0eb7cf80,run1_rep3,B,OPEN,OPEN,request,CACHE,HIT,0.049915999625227414,0.7442499991157092,INFO,adaptador.request,false,degradado,0.607542000579997,9359.290273813,9359.290968147,9359.290223897,9359.290881355,CIRCUIT_OPEN,2026-09-05T00:04:22.488777Z
103f8471-c8f5-40f8-8fff-2df80563b75b,run1_rep3,B,OPEN,OPEN,request,CACHE,HIT,0.046875000407453626,0.8051660006458405,INFO,adaptador.request,false,degradado,0.669749999360647,9359.320106272,9359.320864563,9359.320059397,9359.320776022,CIRCUIT_OPEN,2026-09-05T00:04:22.518679Z
5308c984-df4e-4d8a-83a5-02bec2238d88,run1_rep3,B,OPEN,OPEN,request,CACHE,HIT,0.030541999876732007,0.6332499997370178,INFO,adaptador.request,false,degradado,0.5407079988799524,9359.325500397,9359.326103105,9359.325469855,9359.326041105,CIRCUIT_OPEN,2026-09-05T00:04:22.523841Z
47e31e44-5312-4439-b079-ee14df0b976c,run1_rep3,B,OPEN,OPEN,request,CACHE,HIT,0.01941700065799523,0.38504199983435683,INFO,adaptador.request,false,degradado,0.311541998598841,9359.33037248,9359.330738105,9359.330353063,9359.330684022,CIRCUIT_OPEN,2026-09-05T00:04:22.528473Z
f9fa008e-e585-4c32-91d4-1f828baadfc8,run1_rep3,B,OPEN,OPEN,request,CACHE,HIT,0.014749999536434188,0.3316670008643996,INFO,adaptador.request,false,degradado,0.2743340010056272,9359.334630938,9359.334947855,9359.334616188,9359.334905272,CIRCUIT_OPEN,2026-09-05T00:04:22.532674Z
16e14633-6585-4871-8830-612badd04264,run1_rep3,B,OPEN,OPEN,request,CACHE,HIT,0.014500001270789653,0.41445799979555886,INFO,adaptador.request,false,degradado,0.35158299942850135,9359.36496473,9359.365364688,9359.36495023,9359.365316313,CIRCUIT_OPEN,2026-09-05T00:04:22.563094Z
f84632cc-bd7c-4b98-833c-d7330f1ddb78,run1_rep3,B,OPEN,OPEN,request,CACHE,HIT,0.01954099934664555,0.34679099917411804,INFO,adaptador.request,false,degradado,0.2920000006270129,9359.371337563,9359.371664813,9359.371318022,9359.371629563,CIRCUIT_OPEN,2026-09-05T00:04:22.569371Z
d545f666-2ea8-417a-9eb4-965a5590169f,run1_rep3,B,OPEN,OPEN,request,CACHE,HIT,0.04762500066135544,0.7716250001976732,INFO,adaptador.request,false,degradado,0.6321660002868157,9359.537476772,9359.538200772,9359.537429147,9359.538108938,CIRCUIT_OPEN,2026-09-05T00:04:22.735963Z
1b99ddca-352b-4e18-9a1f-fc7cbc91a855,run1_rep3,B,OPEN,OPEN,request,CACHE,HIT,0.03099999958067201,0.6965829998080153,INFO,adaptador.request,false,degradado,0.5932920012128307,9359.54465923,9359.545324813,9359.54462823,9359.545252522,CIRCUIT_OPEN,2026-09-05T00:04:22.743090Z
cee74e41-41b4-4d1a-9557-7a8b7bfb09de,run1_rep3,B,OPEN,OPEN,request,CACHE,HIT,0.018957998690893874,0.43845799882547,INFO,adaptador.request,false,degradado,0.35466700137476437,9359.555993105,9359.556412605,9359.555974147,9359.556347772,CIRCUIT_OPEN,2026-09-05T00:04:22.754171Z
14de0106-dd5b-44c3-81bb-62720150ce13,run1_rep3,B,OPEN,OPEN,request,CACHE,HIT,0.05433400110632647,0.9535000008327188,INFO,adaptador.request,false,degradado,0.7222080002975417,9359.635541272,9359.636440438,9359.635486938,9359.63626348,CIRCUIT_OPEN,2026-09-05T00:04:22.834232Z
85edca72-c0b6-4a3f-a07d-cdfb55dcb3d4,run1_rep3,B,OPEN,OPEN,request,CACHE,HIT,0.03470900082902517,0.7973749998200219,INFO,adaptador.request,false,degradado,0.6235829987417674,9359.638945397,9359.639708063,9359.638910688,9359.63956898,CIRCUIT_OPEN,2026-09-05T00:04:22.837555Z
ce4e9877-5574-44ce-a3fe-65abb478783e,run1_rep3,B,OPEN,OPEN,request,CACHE,HIT,0.027750000299420208,0.5384169999160804,INFO,adaptador.request,false,degradado,0.4455840007722145,9359.654124813,9359.65463548,9359.654097063,9359.654570397,CIRCUIT_OPEN,2026-09-05T00:04:22.852380Z
3c820778-54c8-4243-b7f9-b8d1d7d42677,run1_rep3,B,OPEN,OPEN,request,CACHE,HIT,0.017833001038525254,0.3704169994307449,INFO,adaptador.request,false,degradado,0.30929199965612497,9359.663219063,9359.663571647,9359.66320123,9359.663528355,CIRCUIT_OPEN,2026-09-05T00:04:22.861291Z
dfcc3bcd-fcc4-4122-b977-c5a12610fa39,run1_rep3,B,OPEN,OPEN,request,CACHE,HIT,0.02137500086973887,0.8182500005204929,INFO,adaptador.request,false,degradado,0.7434589988406515,9359.671421438,9359.672218313,9359.671400063,9359.672164897,CIRCUIT_OPEN,2026-09-05T00:04:22.869958Z
0fb97bc5-c2d0-4173-b934-15d97e96512e,run1_rep3,B,OPEN,OPEN,request,CACHE,HIT,0.018250000721309334,0.8155409996106755,INFO,adaptador.request,false,degradado,0.7526249992224621,9359.671987772,9359.672785063,9359.671969522,9359.672740397,CIRCUIT_OPEN,2026-09-05T00:04:22.870697Z
78f1b04f-a640-4d97-acf7-13773f8c379c,run1_rep3,B,OPEN,OPEN,request,CACHE,HIT,0.012583001080201939,0.31187500098894816,INFO,adaptador.request,false,degradado,0.2601249998406274,9359.68184948,9359.682148772,9359.681836897,9359.682109605,CIRCUIT_OPEN,2026-09-05T00:04:22.879873Z
947b89d1-ae9d-44ba-b08f-adbfd18639f0,run1_rep3,B,OPEN,OPEN,request,CACHE,HIT,0.011459000234026462,0.29725000058533624,INFO,adaptador.request,false,degradado,0.23850000070524402,9359.690270022,9359.690555813,9359.690258563,9359.690508522,CIRCUIT_OPEN,2026-09-05T00:04:22.888285Z
7c8232a5-9313-4fd2-aa9d-235598a7fdd1,run1_rep3,B,OPEN,OPEN,request,CACHE,HIT,0.012957998478668742,0.32987499980663415,INFO,adaptador.request,false,degradado,0.26979200083587784,9359.713489605,9359.713806522,9359.713476647,9359.713759397,CIRCUIT_OPEN,2026-09-05T00:04:22.911537Z
04359502-4d29-4f77-901a-1bc6b88cb7ea,run1_rep3,B,OPEN,OPEN,request,CACHE,HIT,0.023499998860643245,0.4841249992750818,INFO,adaptador.request,false,degradado,0.40270800127473194,9359.906386439,9359.906847064,9359.906362939,9359.906789147,CIRCUIT_OPEN,2026-09-05T00:04:23.104608Z
fde82846-4132-46ae-9147-45089d8ade2e,run1_rep3,B,OPEN,OPEN,request,CACHE,HIT,0.027957999918726273,0.8242499989137286,INFO,adaptador.request,false,degradado,0.6707499996991828,9359.918221522,9359.919017814,9359.918193564,9359.918892272,CIRCUIT_OPEN,2026-09-05T00:04:23.117073Z
4008dc37-41e9-42ae-a834-f51625d2dabe,run1_rep3,B,OPEN,OPEN,request,CACHE,HIT,0.02245799987576902,0.7747079998807749,INFO,adaptador.request,false,degradado,0.7046249993436504,9359.963880272,9359.964632522,9359.963857814,9359.964584897,CIRCUIT_OPEN,2026-09-05T00:04:23.162540Z
5bfa59b3-a7ec-49bf-a635-07010d89a2ea,run1_rep3,B,OPEN,OPEN,request,CACHE,HIT,0.016040999980759807,0.5729580007027835,INFO,adaptador.request,false,degradado,0.5297090010571992,9359.964263105,9359.964820022,9359.964247064,9359.964792814,CIRCUIT_OPEN,2026-09-05T00:04:23.162752Z
3aaaa41a-ae1e-4cc8-a340-50138098c8ee,run1_rep3,B,OPEN,OPEN,request,CACHE,HIT,0.010540999937802553,0.6847499989817152,INFO,adaptador.request,false,degradado,0.6229999999050051,9359.96537123,9359.966045439,9359.965360689,9359.96599423,CIRCUIT_OPEN,2026-09-05T00:04:23.163761Z
1acf3670-04bb-4148-8e8a-64997b36edd8,run1_rep3,B,OPEN,OPEN,request,CACHE,HIT,0.017459000446251594,0.262084000496543,INFO,adaptador.request,false,degradado,0.2117079984600423,9359.968211814,9359.968456439,9359.968194355,9359.968423522,CIRCUIT_OPEN,2026-09-05T00:04:23.166160Z
694b8239-c107-4539-a78e-cc91d4c4a262,run1_rep3,B,OPEN,OPEN,request,CACHE,HIT,0.015207999240374193,0.3004160007549217,INFO,adaptador.request,false,degradado,0.24691700127732474,9360.022640647,9360.022925855,9360.022625439,9360.022887564,CIRCUIT_OPEN,2026-09-05T00:04:23.220640Z
2efbdbb2-83ba-4218-b2f5-d1cdfab14f94,run1_rep3,B,OPEN,OPEN,request,CACHE,HIT,0.045250000766827725,1.0745420004241168,INFO,adaptador.request,false,degradado,0.9460419987590285,9360.109098897,9360.110128189,9360.109053647,9360.110044939,CIRCUIT_OPEN,2026-09-05T00:04:23.308145Z
40dd2f9a-517d-42ba-ad01-7ad43c693cef,run1_rep3,B,OPEN,OPEN,request,CACHE,HIT,0.01420900116499979,0.8791670006758068,INFO,adaptador.request,false,degradado,0.8169579996319953,9360.109537439,9360.110402397,9360.10952323,9360.110354397,CIRCUIT_OPEN,2026-09-05T00:04:23.308430Z
22e412c7-0949-4863-b06f-4cd56325f8cd,run1_rep3,B,OPEN,OPEN,request,CACHE,HIT,0.029207998522906564,0.6251249997148989,INFO,adaptador.request,false,degradado,0.49166700046043843,9360.12246098,9360.123056897,9360.122431772,9360.122952647,CIRCUIT_OPEN,2026-09-05T00:04:23.320816Z
85421ecd-660c-4418-b02f-bc10e2498407,run1_rep3,B,OPEN,OPEN,request,CACHE,HIT,0.059500000133994035,0.9987910016207024,INFO,adaptador.request,false,degradado,0.8532910014764639,9360.193176939,9360.19411623,9360.193117439,9360.19403023,CIRCUIT_OPEN,2026-09-05T00:04:23.391874Z
efaf7ca7-23f1-4b72-9b2a-3869e2ce7e4d,run1_rep3,B,OPEN,OPEN,request,CACHE,HIT,0.02129199856426567,0.9499579991825158,INFO,adaptador.request,false,degradado,0.8776250015216647,9360.193968814,9360.19489748,9360.193947522,9360.194846439,CIRCUIT_OPEN,2026-09-05T00:04:23.392627Z
0e0ec12f-460d-481b-a23f-cae087932c51,run1_rep3,B,OPEN,OPEN,request,CACHE,HIT,0.0687079991621431,0.7426659994962392,INFO,adaptador.request,false,degradado,0.5894999994779937,9360.264062147,9360.264736105,9360.263993439,9360.264651647,CIRCUIT_OPEN,2026-09-05T00:04:23.462499Z
d5c4cbc2-0454-41c9-b3de-a5c397ffd50d,run1_rep3,B,OPEN,OPEN,request,CACHE,HIT,0.04558299951895606,0.7415410000248812,INFO,adaptador.request,false,degradado,0.6112499995651888,9360.304105522,9360.30480148,9360.304059939,9360.304716772,CIRCUIT_OPEN,2026-09-05T00:04:23.502558Z
9810c98e-a5d5-4f8e-bc0b-c631b7d9481d,run1_rep3,B,OPEN,OPEN,request,CACHE,HIT,0.034208000215585344,0.8142909991875058,INFO,adaptador.request,false,degradado,0.713999999788939,9360.311884397,9360.31266448,9360.311850189,9360.312598397,CIRCUIT_OPEN,2026-09-05T00:04:23.510424Z
866187e3-b0b1-4f30-94d7-a0d406313f7e,run1_rep3,B,OPEN,OPEN,request,CACHE,HIT,0.0351250000676373,0.5815419990540249,INFO,adaptador.request,false,degradado,0.4827920001844177,9360.341810272,9360.342356689,9360.341775147,9360.342293064,CIRCUIT_OPEN,2026-09-05T00:04:23.540086Z
edde071e-2021-4dbb-b068-a22cb36c7e8e,run1_rep3,B,OPEN,OPEN,request,CACHE,HIT,0.050459000703995116,1.1364590009179665,INFO,adaptador.request,false,degradado,1.0084160003316356,9360.401574439,9360.402660439,9360.40152398,9360.402582855,CIRCUIT_OPEN,2026-09-05T00:04:23.600390Z
656a0d17-a122-4c14-8ae2-f1d6cf0556a9,run1_rep3,B,OPEN,OPEN,request,CACHE,HIT,0.017749998733052053,1.1192499987373594,INFO,adaptador.request,false,degradado,1.0566250002739253,9360.402052647,9360.403154147,9360.402034897,9360.403109272,CIRCUIT_OPEN,2026-09-05T00:04:23.600874Z
2f138079-f6dd-4ae0-8938-00695f2cc767,run1_rep3,B,OPEN,OPEN,request,CACHE,HIT,0.02766599936876446,0.5819579982926371,INFO,adaptador.request,false,degradado,0.4795419990841765,9360.409729105,9360.410283397,9360.409701439,9360.410208647,CIRCUIT_OPEN,2026-09-05T00:04:23.608040Z
ad8169dc-fae9-41b7-b02e-23641a38b083,run1_rep3,B,OPEN,OPEN,request,CACHE,HIT,0.02391700036241673,0.5643340009555686,INFO,adaptador.request,false,degradado,0.4850829991482897,9360.427211147,9360.427751564,9360.42718723,9360.42769623,CIRCUIT_OPEN,2026-09-05T00:04:23.625484Z
42ff3bd4-0d1f-496c-a754-7d3912f50aeb,run1_rep3,B,OPEN,OPEN,request,CACHE,HIT,0.018708999050431885,1.062874998751795,INFO,adaptador.request,false,degradado,0.968915999692399,9360.430436064,9360.43148023,9360.430417355,9360.43140498,CIRCUIT_OPEN,2026-09-05T00:04:23.629266Z
98627f78-251f-4785-98a3-47da0acc48bf,run1_rep3,B,OPEN,OPEN,request,CACHE,HIT,0.014958999599912204,1.1922499998036074,INFO,adaptador.request,false,degradado,1.117125000746455,9360.430860314,9360.432037605,9360.430845355,9360.431977439,CIRCUIT_OPEN,2026-09-05T00:04:23.629755Z
a8f47986-e5a5-4a1b-b89a-231c1368c11d,run1_rep3,B,OPEN,OPEN,request,CACHE,HIT,0.012791000699508004,0.6653750006080372,INFO,adaptador.request,false,degradado,0.609583999903407,9360.43280923,9360.433461814,9360.432796439,9360.433418814,CIRCUIT_OPEN,2026-09-05T00:04:23.631194Z
2ff98a63-4651-40fd-9a0e-349e6377b523,run1_rep3,B,OPEN,OPEN,request,CACHE,HIT,0.015208999684546143,0.34450000021024607,INFO,adaptador.request,false,degradado,0.283208000837476,9360.463141064,9360.463470355,9360.463125855,9360.463424272,CIRCUIT_OPEN,2026-09-05T00:04:23.661188Z
48e769ca-3bd8-4858-8cf5-5182fe917343,run1_rep3,B,OPEN,OPEN,request,CACHE,HIT,0.04875000013271347,0.8603339992987458,INFO,adaptador.request,false,degradado,0.7217499987746123,9360.643765647,9360.644577231,9360.643716897,9360.644487397,CIRCUIT_OPEN,2026-09-05T00:04:23.842337Z
a5f50671-d150-439f-927a-2676e9b7bd49,run1_rep3,B,OPEN,OPEN,request,CACHE,HIT,0.04099999932805076,0.7108329991751816,INFO,adaptador.request,false,degradado,0.5897080009162892,9360.683829356,9360.684499189,9360.683788356,9360.684419064,CIRCUIT_OPEN,2026-09-05T00:04:23.882255Z
03b9f0c5-886f-406f-a5ea-eb60ffc38858,run1_rep3,B,OPEN,OPEN,request,CACHE,HIT,0.05391700142354239,0.8344170000782469,INFO,adaptador.request,false,degradado,0.6825410000601551,9360.799478356,9360.800258856,9360.799424439,9360.800160897,CIRCUIT_OPEN,2026-09-05T00:04:23.998021Z
0bfb4ae8-cd59-4dcc-a85a-8b1793138a19,run1_rep3,B,OPEN,OPEN,request,CACHE,HIT,0.02912499985541217,0.6739170003129402,INFO,adaptador.request,false,degradado,0.5755839993071277,9360.806486022,9360.807130814,9360.806456897,9360.807061606,CIRCUIT_OPEN,2026-09-05T00:04:24.004887Z
0e8823ae-0b73-46a8-85bc-af3094122eda,run1_rep3,B,OPEN,OPEN,request,CACHE,HIT,0.022292000721790828,0.470042001325055,INFO,adaptador.request,false,degradado,0.3999580003437586,9360.815972356,9360.816420106,9360.815950064,9360.816372314,CIRCUIT_OPEN,2026-09-05T00:04:24.014156Z
3e3187d0-9749-43a5-ac25-1a59d8cf2bb4,run1_rep3,B,OPEN,OPEN,request,CACHE,HIT,0.020375000531203113,0.43545900007302407,INFO,adaptador.request,false,degradado,0.34866699934354983,9360.844045772,9360.844460856,9360.844025397,9360.844394439,CIRCUIT_OPEN,2026-09-05T00:04:24.042219Z
73a852d6-d3f8-4497-9b4e-d54211ffee95,run1_rep3,B,OPEN,OPEN,request,CACHE,HIT,0.015124998753890395,0.41191699892806355,INFO,adaptador.request,false,degradado,0.3293330009910278,9360.852722814,9360.853119606,9360.852707689,9360.853052147,CIRCUIT_OPEN,2026-09-05T00:04:24.050886Z
57361516-60c2-4c3d-a9cf-38baf7ba5587,run1_rep3,B,OPEN,OPEN,request,CACHE,HIT,0.03933399966626894,0.6542920000356389,INFO,adaptador.request,false,degradado,0.549165999473189,9360.878945856,9360.879560814,9360.878906522,9360.879495022,CIRCUIT_OPEN,2026-09-05T00:04:24.077297Z
f7a8e3e8-9d73-4979-961e-ea3167b34384,run1_rep3,B,OPEN,OPEN,request,CACHE,HIT,0.033958000130951405,0.7473749992641388,INFO,adaptador.request,false,degradado,0.6208329996297834,9360.893979814,9360.894693231,9360.893945856,9360.894600647,CIRCUIT_OPEN,2026-09-05T00:04:24.092449Z
9af746ae-eacc-485a-97bc-16bfd3c7fe2f,run1_rep3,B,OPEN,OPEN,request,CACHE,HIT,0.1921659986692248,1.4702499993290985,INFO,adaptador.request,false,degradado,1.178209000499919,9360.926666147,9360.927944231,9360.926473981,9360.927844356,CIRCUIT_OPEN,2026-09-05T00:04:24.126222Z
17c297cb-ec2f-4e1f-9dc0-ecf1a13e6bd9,run1_rep3,B,OPEN,OPEN,request,CACHE,HIT,0.050874999942607246,0.7991670008777874,INFO,adaptador.request,false,degradado,0.6645829998888075,9361.004734814,9361.005483106,9361.004683939,9361.005399397,CIRCUIT_OPEN,2026-09-05T00:04:24.203243Z
e609d2d1-33ec-4996-aef4-8820eff43b87,run1_rep3,B,OPEN,OPEN,request,CACHE,HIT,0.05062499985797331,0.9062919998541474,INFO,adaptador.request,false,degradado,0.7260000002133893,9361.079250022,9361.080105689,9361.079199397,9361.079976022,CIRCUIT_OPEN,2026-09-05T00:04:24.277879Z
4234460f-dca3-40ff-be56-8b92736c05cd,run1_rep3,B,OPEN,OPEN,request,CACHE,HIT,0.03216699951735791,0.6160419998195721,INFO,adaptador.request,false,degradado,0.5145000013726531,9361.084787814,9361.085371689,9361.084755647,9361.085302314,CIRCUIT_OPEN,2026-09-05T00:04:24.283166Z
f33433ee-8461-4261-843b-8da456a1f1c3,run1_rep3,B,OPEN,OPEN,request,CACHE,HIT,0.021584000933216885,0.5055420006101485,INFO,adaptador.request,false,degradado,0.3917499998351559,9361.089398856,9361.089882814,9361.089377272,9361.089790606,CIRCUIT_OPEN,2026-09-05T00:04:24.287606Z
7f6b9f1b-672c-4a55-9679-fd48b5f94c3a,run1_rep3,B,OPEN,OPEN,request,CACHE,HIT,0.019791999875451438,0.3873750010825461,INFO,adaptador.request,false,degradado,0.3187910006090533,9361.122060356,9361.122427939,9361.122040564,9361.122379147,CIRCUIT_OPEN,2026-09-05T00:04:24.320148Z
b258f33d-4a04-4624-9f4b-4422f54dcbc5,run1_rep3,B,OPEN,OPEN,request,CACHE,HIT,0.05287500061967876,0.8102910014713416,INFO,adaptador.request,false,degradado,0.6795410008635372,9361.179195981,9361.179953397,9361.179143106,9361.179875522,CIRCUIT_OPEN,2026-09-05T00:04:24.377722Z
1d208303-fa8c-44ec-9ae1-339448013b66,run1_rep3,B,OPEN,OPEN,request,CACHE,HIT,0.04262500078766607,1.1434170010033995,INFO,adaptador.request,false,degradado,0.9982080009649508,9361.203946189,9361.205046981,9361.203903564,9361.204944397,CIRCUIT_OPEN,2026-09-05T00:04:24.403032Z
4e2e47f8-2a40-4610-aab8-d9c89cb19e71,run1_rep3,B,OPEN,OPEN,request,CACHE,HIT,0.023582999347127043,0.8111669994832482,INFO,adaptador.request,false,degradado,0.7462089997716248,9361.204509022,9361.205296606,9361.204485439,9361.205255231,CIRCUIT_OPEN,2026-09-05T00:04:24.403337Z
be7258bd-fb32-471e-a4cb-715faa2b0423,run1_rep3,B,OPEN,OPEN,request,CACHE,HIT,0.03841599937004503,0.6713329985359451,INFO,adaptador.request,false,degradado,0.5490419989655493,9361.261849147,9361.262482064,9361.261810731,9361.262398189,CIRCUIT_OPEN,2026-09-05T00:04:24.460234Z
075f0a98-7f84-4991-8711-dc6e3129da80,run1_rep3,B,OPEN,OPEN,request,CACHE,HIT,0.03733300036401488,0.6039159998181276,INFO,adaptador.request,false,degradado,0.4750829994009109,9361.286520189,9361.287086772,9361.286482856,9361.286995272,CIRCUIT_OPEN,2026-09-05T00:04:24.484841Z
4a82f3b6-357e-4a30-b229-b77a5d714339,run1_rep3,B,OPEN,OPEN,request,CACHE,HIT,0.027584001145442016,0.5674170006386703,INFO,adaptador.request,false,degradado,0.4698329994425876,9361.291817731,9361.292357564,9361.291790147,9361.292287564,CIRCUIT_OPEN,2026-09-05T00:04:24.490105Z
829cbd9b-0b99-4cfc-8995-2ada71b35315,run1_rep3,B,OPEN,OPEN,request,CACHE,HIT,0.03783400097745471,0.6899170002725441,INFO,adaptador.request,false,degradado,0.549832999240607,9361.332418898,9361.333070981,9361.332381064,9361.332968731,CIRCUIT_OPEN,2026-09-05T00:04:24.530833Z
31f90a09-3aa0-48d8-8d71-8867ea6333d8,run1_rep3,B,OPEN,OPEN,request,CACHE,HIT,0.03129100150545128,0.5577500014624093,INFO,adaptador.request,false,degradado,0.4545419997157296,9361.348323939,9361.348850398,9361.348292648,9361.348778481,CIRCUIT_OPEN,2026-09-05T00:04:24.546608Z
741822d4-01a2-43a7-82f8-03834c9bd32a,run1_rep3,B,OPEN,OPEN,request,CACHE,HIT,0.05050000072515104,0.8037500010686927,INFO,adaptador.request,false,degradado,0.6723749993398087,9361.383374273,9361.384127523,9361.383323773,9361.384046648,CIRCUIT_OPEN,2026-09-05T00:04:24.581874Z
89a593be-0d41-4542-8ebd-896f5f3110a0,run1_rep3,B,OPEN,OPEN,request,CACHE,HIT,0.03474999903119169,0.5886669987376081,INFO,adaptador.request,false,degradado,0.4906249996565748,9361.402135814,9361.402689731,9361.402101064,9361.402626439,CIRCUIT_OPEN,2026-09-05T00:04:24.600420Z
9396e1d7-2070-41fb-8c83-a27bd3013fb2,run1_rep3,B,OPEN,OPEN,request,CACHE,HIT,0.040625000110594556,0.6841670001449529,INFO,adaptador.request,false,degradado,0.5731250003009336,9361.437945606,9361.438589148,9361.437904981,9361.438518731,CIRCUIT_OPEN,2026-09-05T00:04:24.636335Z
786cabd3-2eed-4525-bf75-b72a2bf7b8e4,run1_rep3,B,OPEN,OPEN,request,CACHE,HIT,0.04366599932836834,0.7272080001712311,INFO,adaptador.request,false,degradado,0.5935419994784752,9361.499606689,9361.500290231,9361.499563023,9361.500200231,CIRCUIT_OPEN,2026-09-05T00:04:24.698054Z
385cde2b-c786-429a-8301-f6b022964805,run1_rep3,B,OPEN,OPEN,request,CACHE,HIT,0.06154200127639342,1.0424590000184253,INFO,adaptador.request,false,degradado,0.783874998887768,9361.557118606,9361.558099523,9361.557057064,9361.557902481,CIRCUIT_OPEN,2026-09-05T00:04:24.755912Z
fbeff8b6-9a5c-4644-8ec0-3beb610ef86c,run1_rep3,B,OPEN,OPEN,request,CACHE,HIT,0.03020899930561427,0.7470420005120104,INFO,adaptador.request,false,degradado,0.6475410009443294,9361.560993148,9361.561709981,9361.560962939,9361.561640689,CIRCUIT_OPEN,2026-09-05T00:04:24.759465Z
2d1b3def-ec43-422a-b6f0-1d28db1234e9,run1_rep3,B,OPEN,OPEN,request,CACHE,HIT,0.019875000361935236,0.47825000001466833,INFO,adaptador.request,false,degradado,0.40254200030176435,9361.587335564,9361.587793939,9361.587315689,9361.587738106,CIRCUIT_OPEN,2026-09-05T00:04:24.785545Z
c99291f8-234c-4671-a3bf-d8dd62b13bc9,run1_rep3,B,OPEN,OPEN,request,CACHE,HIT,0.03312499939056579,0.6469580002885778,INFO,adaptador.request,false,degradado,0.5390829992393265,9361.628492856,9361.629106689,9361.628459731,9361.629031939,CIRCUIT_OPEN,2026-09-05T00:04:24.826861Z
792f6f29-d9f7-4fb1-b496-48e44cc2f305,run1_rep3,B,OPEN,OPEN,request,CACHE,HIT,0.03083400042669382,0.5765000005339971,INFO,adaptador.request,false,degradado,0.48299999980372377,9361.641414648,9361.641960314,9361.641383814,9361.641897648,CIRCUIT_OPEN,2026-09-05T00:04:24.839723Z
90d1ee03-1bb9-496e-acc4-139687d55f45,run1_rep3,B,OPEN,OPEN,request,CACHE,HIT,0.026959000024362467,0.4991669993614778,INFO,adaptador.request,false,degradado,0.4077499997947598,9361.661354898,9361.661827106,9361.661327939,9361.661762648,CIRCUIT_OPEN,2026-09-05T00:04:24.859567Z
1e5c7ec6-4653-4c30-b7fe-6e0f6649454c,run1_rep3,B,OPEN,OPEN,request,CACHE,HIT,0.03149999974993989,0.571583999771974,INFO,adaptador.request,false,degradado,0.47525000081805047,9361.678595439,9361.679135523,9361.678563939,9361.679070689,CIRCUIT_OPEN,2026-09-05T00:04:24.876882Z
8dd9f854-642f-4d50-bb5a-e14e69a42874,run1_rep3,B,OPEN,OPEN,request,CACHE,HIT,0.028041999030392617,0.5398339999374002,INFO,adaptador.request,false,degradado,0.4363749994809041,9361.704586856,9361.705098648,9361.704558814,9361.705023231,CIRCUIT_OPEN,2026-09-05T00:04:24.902855Z
ef578d06-2bd2-43df-b6f8-89b84d16fef9,run1_rep3,B,OPEN,OPEN,request,CACHE,HIT,0.031292000130633824,0.8412499992118683,INFO,adaptador.request,false,degradado,0.7343329998548143,9361.708622648,9361.709432606,9361.708591356,9361.709356981,CIRCUIT_OPEN,2026-09-05T00:04:24.907203Z
ed2920be-8326-4295-a919-1a84249a0ea6,run1_rep3,B,OPEN,OPEN,request,CACHE,HIT,0.030541999876732007,0.50958400061063,INFO,adaptador.request,false,degradado,0.4194169996480923,9361.735084606,9361.735563648,9361.735054064,9361.735504023,CIRCUIT_OPEN,2026-09-05T00:04:24.933323Z
0ae43663-4935-4337-b2c9-f6a9cde67776,run1_rep3,B,OPEN,OPEN,request,CACHE,HIT,0.0134170004457701,0.3662919989437796,INFO,adaptador.request,false,degradado,0.29099999846948776,9361.739606106,9361.739958981,9361.739592689,9361.739897106,CIRCUIT_OPEN,2026-09-05T00:04:24.937712Z
cf5b69ca-57e1-4088-b8f7-c50edd823a73,run1_rep3,B,OPEN,OPEN,request,CACHE,HIT,0.027833999411086552,0.5439169999590376,INFO,adaptador.request,false,degradado,0.4576660012389766,9361.783248523,9361.783764606,9361.783220689,9361.783706189,CIRCUIT_OPEN,2026-09-05T00:04:24.981497Z
731f458a-b60e-4261-bd0e-875960d91634,run1_rep3,B,OPEN,OPEN,request,CACHE,HIT,0.0401659999624826,0.6666660010523628,INFO,adaptador.request,false,degradado,0.5529590016521979,9361.841291439,9361.841917939,9361.841251273,9361.841844398,CIRCUIT_OPEN,2026-09-05T00:04:25.039684Z
46b8fdb5-5c60-4284-abc1-f4aa512d518a,run1_rep3,B,OPEN,OPEN,request,CACHE,HIT,0.046749999455641955,0.7322919991565868,INFO,adaptador.request,false,degradado,0.5870420009159716,9361.922628981,9361.923314523,9361.922582231,9361.923216023,CIRCUIT_OPEN,2026-09-05T00:04:25.121083Z
684a46fd-5fb8-4d62-bc02-dc0b73c9a78b,run1_rep3,B,OPEN,OPEN,request,CACHE,HIT,0.03325000034237746,0.9810829997149995,INFO,adaptador.request,false,degradado,0.8937910006352467,9361.946522856,9361.947470689,9361.946489606,9361.947416647,CIRCUIT_OPEN,2026-09-05T00:04:25.145680Z
9a97d513-9f3e-4920-918a-f56b4351e444,run1_rep3,B,OPEN,OPEN,request,CACHE,HIT,0.029208000341895968,0.7181250002759043,INFO,adaptador.request,false,degradado,0.6492920001619495,9361.947018147,9361.947707064,9361.946988939,9361.947667439,CIRCUIT_OPEN,2026-09-05T00:04:25.145943Z
78f01d56-6e02-48c1-bcf2-c786e40654bd,run1_rep3,B,OPEN,OPEN,request,CACHE,HIT,0.018667000404093415,0.3344169999763835,INFO,adaptador.request,false,degradado,0.28045799990650266,9361.987172064,9361.987487814,9361.987153397,9361.987452522,CIRCUIT_OPEN,2026-09-05T00:04:25.185420Z
d40a9c08-864a-4bbd-b5ab-a89748798225,run1_rep3,B,OPEN,OPEN,request,CACHE,HIT,0.02216600114479661,0.8148329998221016,INFO,adaptador.request,false,degradado,0.7448339983966434,9362.091292147,9362.092084814,9362.091269981,9362.092036981,CIRCUIT_OPEN,2026-09-05T00:04:25.290237Z
60571757-9642-4691-8241-958ca13e141b,run1_rep3,B,OPEN,OPEN,request,CACHE,HIT,0.015999999959603883,0.6457920007960638,INFO,adaptador.request,false,degradado,0.5975830008537741,9362.091651064,9362.092280856,9362.091635064,9362.092248647,CIRCUIT_OPEN,2026-09-05T00:04:25.290467Z
9c6dd674-6c5c-4e64-9759-e6bd3de80d48,run1_rep3,B,OPEN,OPEN,request,CACHE,HIT,0.01612499909242615,0.3331669995532138,INFO,adaptador.request,false,degradado,0.27016700005333405,9362.095510189,9362.095827231,9362.095494064,9362.095780356,CIRCUIT_OPEN,2026-09-05T00:04:25.293771Z
835b1754-4890-4eed-b4c8-b55f722e30fd,run1_rep3,B,OPEN,OPEN,request,CACHE,HIT,0.013875000149710104,0.2830000012181699,INFO,adaptador.request,false,degradado,0.23275000057765283,9362.097089481,9362.097358606,9362.097075606,9362.097322231,CIRCUIT_OPEN,2026-09-05T00:04:25.295303Z
18116ccd-01b2-46ff-9e54-f21c653eeb8c,run1_rep3,B,OPEN,OPEN,request,CACHE,HIT,0.019749999410123564,0.42020799992315006,INFO,adaptador.request,false,degradado,0.3538330001902068,9362.150900231,9362.151300689,9362.150880481,9362.151254064,CIRCUIT_OPEN,2026-09-05T00:04:25.349255Z
07404913-6c2f-4367-a2b5-15197b77dbad,run1_rep3,B,OPEN,OPEN,request,CACHE,HIT,0.059250000049360096,1.1206250001123408,INFO,adaptador.request,false,degradado,0.9873750004771864,9362.221723272,9362.222784647,9362.221664022,9362.222710647,CIRCUIT_OPEN,2026-09-05T00:04:25.421069Z
039709f8-85dd-41c7-a16b-d89a794fcb1b,run1_rep3,B,OPEN,OPEN,request,CACHE,HIT,0.01766700006555766,0.8797919999778969,INFO,adaptador.request,false,degradado,0.8093750002444722,9362.222217814,9362.223079939,9362.222200147,9362.223027189,CIRCUIT_OPEN,2026-09-05T00:04:25.421386Z
d8962887-9b5c-4722-85a4-6030fd22669f,run1_rep3,B,OPEN,OPEN,request,CACHE,HIT,0.029542001357185654,0.5895419999433216,INFO,adaptador.request,false,degradado,0.46966699846962,9362.230508189,9362.231068189,9362.230478647,9362.230977856,CIRCUIT_OPEN,2026-09-05T00:04:25.429059Z
eca57e06-2417-40b5-9968-d09948600d4c,run1_rep3,B,OPEN,OPEN,request,CACHE,HIT,0.04308400093577802,1.441500000510132,INFO,adaptador.request,false,degradado,1.3181659996917006,9362.295227856,9362.296626272,9362.295184772,9362.296546022,CIRCUIT_OPEN,2026-09-05T00:04:25.494625Z
f41b3f86-47c7-4d23-be18-82a153210e62,run1_rep3,B,OPEN,OPEN,request,CACHE,HIT,0.019209001038689166,1.667874999839114,INFO,adaptador.request,false,degradado,1.6105409995361697,9362.295735231,9362.297383897,9362.295716022,9362.297345772,CIRCUIT_OPEN,2026-09-05T00:04:25.495698Z
c5d32e41-cb69-4195-a8b3-3914a1ae6fd2,run1_rep3,B,OPEN,OPEN,request,CACHE,HIT,0.01966700074262917,1.2562499996420229,INFO,adaptador.request,false,degradado,1.20233300003747,9362.296498731,9362.297735314,9362.296479064,9362.297701064,CIRCUIT_OPEN,2026-09-05T00:04:25.495962Z
ce378e78-bdd6-4f3e-98c5-ccf7668dfb3a,run1_rep3,B,OPEN,OPEN,request,CACHE,HIT,0.03929200101993047,1.0652090004441561,INFO,adaptador.request,false,degradado,0.9567500001139706,9362.332725689,9362.333751606,9362.332686397,9362.333682439,CIRCUIT_OPEN,2026-09-05T00:04:25.531954Z
ea1f29ae-9f56-4f70-bc14-1200ce4bc9cf,run1_rep3,B,OPEN,OPEN,request,CACHE,HIT,0.02020799911406357,0.7747079998807749,INFO,adaptador.request,false,degradado,0.7162920010159723,9362.333216022,9362.333970522,9362.333195814,9362.333932314,CIRCUIT_OPEN,2026-09-05T00:04:25.532211Z
fd80cf44-8fde-4cc4-85d2-51e4e6cfa771,run1_rep3,B,OPEN,OPEN,request,CACHE,HIT,0.027332998797646724,0.6020419987180503,INFO,adaptador.request,false,degradado,0.5134590010129614,9362.338864147,9362.339438856,9362.338836814,9362.339377606,CIRCUIT_OPEN,2026-09-05T00:04:25.537406Z
5cb6bd34-e1b9-48af-a4fe-8019ef366826,run1_rep3,B,OPEN,OPEN,request,CACHE,HIT,0.030916999094188213,0.5702919988834765,INFO,adaptador.request,false,degradado,0.48145800064958166,9362.387906606,9362.388445981,9362.387875689,9362.388388064,CIRCUIT_OPEN,2026-09-05T00:04:25.586414Z
0d48fc7b-8b1e-4dce-9857-efcec463a73c,run1_rep3,B,OPEN,OPEN,request,CACHE,HIT,0.05208400034462102,1.162500000646105,INFO,adaptador.request,false,degradado,1.000624999505817,9362.563834106,9362.564944522,9362.563782022,9362.564834731,CIRCUIT_OPEN,2026-09-05T00:04:25.762972Z
3006cfd5-1927-4e7e-ac28-38130e62e4f7,run1_rep3,B,OPEN,OPEN,request,CACHE,HIT,0.02829200093401596,0.5079170005046763,INFO,adaptador.request,false,degradado,0.408124999012216,9362.584622689,9362.585102314,9362.584594397,9362.585030814,CIRCUIT_OPEN,2026-09-05T00:04:25.783096Z
c3ae915c-dca9-4025-8d22-fc058cb7f963,run1_rep3,B,OPEN,OPEN,request,CACHE,HIT,0.020707999283331446,0.4862909991061315,INFO,adaptador.request,false,degradado,0.4089579997526016,9362.608093939,9362.608559522,9362.608073231,9362.608502897,CIRCUIT_OPEN,2026-09-05T00:04:25.806551Z
73344090-840b-4d33-b317-1fcb06acd0a5,run1_rep3,B,OPEN,OPEN,request,CACHE,HIT,0.040583001464256085,0.897708001502906,INFO,adaptador.request,false,degradado,0.7790829986333847,9362.610937064,9362.611794189,9362.610896481,9362.611716147,CIRCUIT_OPEN,2026-09-05T00:04:25.809912Z
c6a41c60-128f-4c41-b510-b8ba59a3ae5a,run1_rep3,B,OPEN,OPEN,request,CACHE,HIT,0.019582999811973423,0.3592079992813524,INFO,adaptador.request,false,degradado,0.29333400016184896,9362.614135272,9362.614474897,9362.614115689,9362.614428606,CIRCUIT_OPEN,2026-09-05T00:04:25.812441Z
384801a2-8f79-4619-a1d2-10fa389cf7f7,run1_rep3,B,OPEN,OPEN,request,CACHE,HIT,0.016833000699989498,0.43170800017833244,INFO,adaptador.request,false,degradado,0.3369169990037335,9362.628641064,9362.629055939,9362.628624231,9362.628977981,CIRCUIT_OPEN,2026-09-05T00:04:25.827025Z
11f414af-39da-4539-bb1e-5663fd57a997,run1_rep3,B,OPEN,OPEN,request,CACHE,HIT,0.05166600021766499,0.8243329994002124,INFO,adaptador.request,false,degradado,0.6714169994666008,9362.693288814,9362.694061481,9362.693237148,9362.693960231,CIRCUIT_OPEN,2026-09-05T00:04:25.892054Z
e82e3b30-73b3-4670-8c22-3d12ce7ce349,run1_rep3,B,OPEN,HALF_OPEN,request,CACHE,HIT,700.3326670001115,702.0216670007358,INFO,adaptador.request,true,degradado,1.5658749998692656,9363.435064815,9363.436753815,9362.734732148,9363.43663069,CIRCUIT_OPEN,2026-09-05T00:04:26.636331Z
fb849c2f-1c1b-4692-8306-bcd2bedb4256,run1_rep3,B,OPEN,HALF_OPEN,request,CACHE,HIT,680.122959000073,682.704126000317,INFO,adaptador.request,true,degradado,2.523417000702466,9363.435387148,9363.437968315,9362.755264189,9363.437910565,CIRCUIT_OPEN,2026-09-05T00:04:26.637545Z
1de0bef8-d4b5-4555-89f3-6e9e0354b525,run1_rep3,B,OPEN,HALF_OPEN,request,CACHE,HIT,535.1674169996841,537.8528339988407,INFO,adaptador.request,true,degradado,2.64262500058976,9363.436399856,9363.439085273,9362.901232439,9363.439042481,CIRCUIT_OPEN,2026-09-05T00:04:26.638980Z
f8f5b72d-3976-4af9-8723-3f0650450f11,run1_rep3,B,OPEN,HALF_OPEN,request,CACHE,HIT,396.5584580000723,398.9125830012199,INFO,adaptador.request,true,degradado,2.3024590009299573,9363.436959731,9363.439313856,9363.040401273,9363.43926219,CIRCUIT_OPEN,2026-09-05T00:04:26.639256Z
907d1573-5e99-4239-85b4-fb936ab00713,run1_rep3,B,OPEN,OPEN,request,CACHE,HIT,707.8202510001574,712.6117919997341,INFO,adaptador.request,false,degradado,4.736957998829894,9363.434763065,9363.439554606,9362.726942814,9363.439500023,CIRCUIT_OPEN,2026-09-05T00:04:26.639446Z
4d3c0336-7690-43ef-965f-4cb3bdf9df2e,run1_rep3,B,OPEN,HALF_OPEN,request,CACHE,HIT,346.8823330003943,349.44924999945215,INFO,adaptador.request,true,degradado,2.527749998989748,9363.437516231,9363.440083148,9363.090633898,9363.440043981,CIRCUIT_OPEN,2026-09-05T00:04:26.640386Z
e98fe89f-ef1c-4790-98d6-47cdb1f4c66c,run1_rep3,B,OPEN,HALF_OPEN,request,CACHE,HIT,562.4783340008435,566.9680840001092,INFO,adaptador.request,true,degradado,4.459541998585337,9363.435790273,9363.440280023,9362.873311939,9363.440249815,CIRCUIT_OPEN,2026-09-05T00:04:26.641106Z
f6642ad6-8b2f-42ee-b1cc-b04f908c075e,run1_rep3,B,OPEN,HALF_OPEN,request,CACHE,HIT,602.924750000966,607.8161250006815,INFO,adaptador.request,true,degradado,4.85508399833634,9363.435574356,9363.440465731,9362.832649606,9363.44042944,CIRCUIT_OPEN,2026-09-05T00:04:26.641832Z
6194c022-7e49-4c6f-bfe0-e72d33842ce5,run1_rep3,B,OPEN,HALF_OPEN,request,CACHE,HIT,261.726541999451,264.7892919994774,INFO,adaptador.request,true,degradado,3.033958000742132,9363.437595315,9363.440658065,9363.175868773,9363.440629273,CIRCUIT_OPEN,2026-09-05T00:04:26.642325Z
fe6b8ef1-381e-477e-8c70-b86738cacfe1,run1_rep3,B,OPEN,HALF_OPEN,request,CACHE,HIT,365.9771249986079,369.63316699984716,INFO,adaptador.request,true,degradado,3.6228330009180354,9363.437180648,9363.44083669,9363.071203523,9363.440803481,CIRCUIT_OPEN,2026-09-05T00:04:26.642589Z
95cf55f0-962c-4f60-b042-c27ee03527cb,run1_rep3,B,OPEN,OPEN,request,CACHE,HIT,0.05120799869473558,0.7847910001146374,INFO,adaptador.request,false,degradado,0.6467500006692717,9363.577238773,9363.577972356,9363.577187565,9363.577885523,CIRCUIT_OPEN,2026-09-05T00:04:26.775975Z
140855de-5dea-48d7-a94b-d6fd321d2243,run1_rep3,B,OPEN,OPEN,request,CACHE,HIT,0.04720799915958196,0.759832999392529,INFO,adaptador.request,false,degradado,0.4795840013684938,9363.588018481,9363.588731106,9363.587971273,9363.588498065,CIRCUIT_OPEN,2026-09-05T00:04:26.786847Z
ac26714a-ce89-47b2-a902-70a214416b65,run1_rep3,B,OPEN,OPEN,request,CACHE,HIT,0.0474579992442159,0.5466249986056937,INFO,adaptador.request,false,degradado,0.428542000008747,9363.607031398,9363.607530565,9363.60698394,9363.60745994,CIRCUIT_OPEN,2026-09-05T00:04:26.805523Z
409560fb-88d7-4c7a-b147-f1d56c298383,run1_rep3,B,OPEN,OPEN,request,CACHE,HIT,0.01887500002339948,0.43304100108798593,INFO,adaptador.request,false,degradado,0.3672910006571328,9363.625809815,9363.626223981,9363.62579094,9363.626177106,CIRCUIT_OPEN,2026-09-05T00:04:26.824185Z
f5e6bec8-6911-4131-a604-82148ceb65c2,run1_rep3,B,OPEN,OPEN,request,CACHE,HIT,0.03479100087133702,0.7282080005097669,INFO,adaptador.request,false,degradado,0.4643749998649582,9363.650200481,9363.650893898,9363.65016569,9363.650664856,CIRCUIT_OPEN,2026-09-05T00:04:26.849016Z
e5e1de4a-d4f8-4681-9877-26562ae9170d,run1_rep3,B,OPEN,OPEN,request,CACHE,HIT,0.028374999601510353,0.5064169999968726,INFO,adaptador.request,false,degradado,0.40420799996354617,9363.663858273,9363.664336315,9363.663829898,9363.664262481,CIRCUIT_OPEN,2026-09-05T00:04:26.862332Z
85fe027f-7bd1-48da-90a4-ff5b93f9d1d4,run1_rep3,B,OPEN,OPEN,request,CACHE,HIT,0.044207999962964095,0.7477500003005844,INFO,adaptador.request,false,degradado,0.59875000079046,9363.741586606,9363.742290148,9363.741542398,9363.742185356,CIRCUIT_OPEN,2026-09-05T00:04:26.940285Z
6a683a69-d974-4b50-828d-c3c1d35a5216,run1_rep3,B,OPEN,OPEN,request,CACHE,HIT,0.04216600063955411,0.6960829996387474,INFO,adaptador.request,false,degradado,0.5604590005532373,9363.788996981,9363.789650898,9363.788954815,9363.78955744,CIRCUIT_OPEN,2026-09-05T00:04:26.987653Z
6c1818a4-3f67-409e-8b40-4e77513d385a,run1_rep3,B,OPEN,OPEN,request,CACHE,HIT,0.04879099833487999,0.5992499991407385,INFO,adaptador.request,false,degradado,0.48170900117838755,9363.809048856,9363.809599315,9363.809000065,9363.809530565,CIRCUIT_OPEN,2026-09-05T00:04:27.007585Z
1310d45b-d5e9-4d0b-8300-c8173930d302,run1_rep3,B,OPEN,OPEN,request,CACHE,HIT,0.05574999886448495,0.8015829989744816,INFO,adaptador.request,false,degradado,0.6313330013654195,9363.883326148,9363.884071981,9363.883270398,9363.883957481,CIRCUIT_OPEN,2026-09-05T00:04:27.082050Z
66dd1e66-a416-4ce4-9c02-cd8633cda9f6,run1_rep3,B,OPEN,OPEN,request,CACHE,HIT,0.03037499845959246,0.6829590001871111,INFO,adaptador.request,false,degradado,0.5810000002384186,9363.892288856,9363.89294144,9363.892258481,9363.892869856,CIRCUIT_OPEN,2026-09-05T00:04:27.090958Z
4a10435c-d1c0-436b-ae5b-2a9450ada325,run1_rep3,B,OPEN,OPEN,request,CACHE,HIT,0.0407920015277341,0.8028330012166407,INFO,adaptador.request,false,degradado,0.675582999974722,9363.93041344,9363.931175481,9363.930372648,9363.931089023,CIRCUIT_OPEN,2026-09-05T00:04:27.129170Z
ccff7715-4c50-4bf6-bdf2-c89513f86f95,run1_rep3,B,OPEN,OPEN,request,CACHE,HIT,0.03041700074390974,0.9642090008128434,INFO,adaptador.request,false,degradado,0.7619999996677507,9363.936797773,9363.937731565,9363.936767356,9363.937559773,CIRCUIT_OPEN,2026-09-05T00:04:27.135983Z
ea1ce4be-203f-47cc-919b-2d16aa69a2a6,run1_rep3,B,OPEN,OPEN,request,CACHE,HIT,0.022292000721790828,0.45191699973656796,INFO,adaptador.request,false,degradado,0.36691700006485917,9363.973188898,9363.973618523,9363.973166606,9363.973555815,CIRCUIT_OPEN,2026-09-05T00:04:27.171596Z
3d5c8d44-6001-4596-adf6-b4317a249d80,run1_rep3,B,OPEN,OPEN,request,CACHE,HIT,0.0162090000230819,0.4515000000537839,INFO,adaptador.request,false,degradado,0.3817910001089331,9363.997790565,9363.998225856,9363.997774356,9363.998172356,CIRCUIT_OPEN,2026-09-05T00:04:27.196194Z
e3bf8857-0546-41a5-b253-1912e8db74c8,run1_rep3,B,OPEN,OPEN,request,CACHE,HIT,0.019999999494757503,0.38429099913628306,INFO,adaptador.request,false,degradado,0.31350000062957406,9364.001385565,9364.001749856,9364.001365565,9364.001699065,CIRCUIT_OPEN,2026-09-05T00:04:27.199711Z
9fd5f606-9004-4c1c-8e3f-a7119d95758a,run1_rep3,B,OPEN,OPEN,request,CACHE,HIT,0.018999999156221747,0.3683750001073349,INFO,adaptador.request,false,degradado,0.30854199940222315,9364.017089731,9364.017439106,9364.017070731,9364.017398273,CIRCUIT_OPEN,2026-09-05T00:04:27.215393Z
a162568c-b279-43b8-9a48-c505d407b403,run1_rep3,B,OPEN,OPEN,request,CACHE,HIT,0.05854200026078615,0.8075419991655508,INFO,adaptador.request,false,degradado,0.6546660006279126,9364.131044857,9364.131793857,9364.130986315,9364.131699523,CIRCUIT_OPEN,2026-09-05T00:04:27.329789Z
252253db-8ef2-4657-84b5-6858114c6de6,run1_rep3,B,OPEN,OPEN,request,CACHE,HIT,0.03575000118871685,1.0417500016046688,INFO,adaptador.request,false,degradado,0.9386669989908114,9364.15739894,9364.15840494,9364.15736319,9364.158337607,CIRCUIT_OPEN,2026-09-05T00:04:27.356670Z
28a3bca7-a6ad-4c85-a297-bad64f9108eb,run1_rep3,B,OPEN,OPEN,request,CACHE,HIT,0.01904199962154962,0.8449580000160495,INFO,adaptador.request,false,degradado,0.7681250008317875,9364.157852482,9364.158678398,9364.15783344,9364.158620607,CIRCUIT_OPEN,2026-09-05T00:04:27.356917Z
eedb6722-567e-454c-88b7-d6bbd8a2c914,run1_rep3,B,OPEN,OPEN,request,CACHE,HIT,0.04224999975122046,0.6667079996987013,INFO,adaptador.request,false,degradado,0.5455419995996635,9364.246487065,9364.247111523,9364.246444815,9364.247032607,CIRCUIT_OPEN,2026-09-05T00:04:27.445106Z
25b7f112-d513-468f-8afd-1cbbe0dc67ea,run1_rep3,B,OPEN,OPEN,request,CACHE,HIT,0.05545900057768449,1.0489169999345904,INFO,adaptador.request,false,degradado,0.908750000235159,9364.308030107,9364.309023565,9364.307974648,9364.308938857,CIRCUIT_OPEN,2026-09-05T00:04:27.507296Z
a84c8a6e-ea3e-4bb0-901b-5a6b983f6f6c,run1_rep3,B,OPEN,OPEN,request,CACHE,HIT,0.01633300053072162,0.8370420000574086,INFO,adaptador.request,false,degradado,0.7666250003239838,9364.308479023,9364.309299732,9364.30846269,9364.309245648,CIRCUIT_OPEN,2026-09-05T00:04:27.507604Z
619887dc-d703-4b80-a9ff-ce5cd4431942,run1_rep3,B,OPEN,OPEN,request,CACHE,HIT,0.033292000807705335,0.7317500003409805,INFO,adaptador.request,false,degradado,0.6190829990373459,9364.31348319,9364.314181648,9364.313449898,9364.314102273,CIRCUIT_OPEN,2026-09-05T00:04:27.512187Z
a023b6bf-0193-415e-89d5-a1418870854d,run1_rep3,B,OPEN,OPEN,request,CACHE,HIT,0.020041999960085377,0.8254170006694039,INFO,adaptador.request,false,degradado,0.7545419994130498,9364.32330869,9364.324114065,9364.323288648,9364.324063232,CIRCUIT_OPEN,2026-09-05T00:04:27.522335Z
b02ee57d-f8b9-4d67-bbcf-ef70ced51258,run1_rep3,B,OPEN,OPEN,request,CACHE,HIT,0.012917000276502222,0.6876669995108387,INFO,adaptador.request,false,degradado,0.6422079986805329,9364.323695565,9364.324370315,9364.323682648,9364.324337773,CIRCUIT_OPEN,2026-09-05T00:04:27.522631Z
6d8d4beb-11ce-447e-ae0e-d1069b699cfd,run1_rep3,B,OPEN,OPEN,request,CACHE,HIT,0.022917000023880973,0.43495800127857365,INFO,adaptador.request,false,degradado,0.3580410011636559,9364.352586357,9364.352998398,9364.35256344,9364.352944398,CIRCUIT_OPEN,2026-09-05T00:04:27.551001Z
187c31ca-b05e-4692-a083-13078870efe1,run1_rep3,B,OPEN,OPEN,request,CACHE,HIT,0.016041998605942354,0.38416699862864334,INFO,adaptador.request,false,degradado,0.3236250013287645,9364.356832815,9364.35720094,9364.356816773,9364.35715644,CIRCUIT_OPEN,2026-09-05T00:04:27.555162Z
42e409cb-0a9b-4125-9662-7b93040f6504,run1_rep3,B,OPEN,OPEN,request,CACHE,HIT,0.051791999794659205,0.7860829991841456,INFO,adaptador.request,false,degradado,0.638999999864609,9364.430242982,9364.430977273,9364.43019119,9364.430881982,CIRCUIT_OPEN,2026-09-05T00:04:27.629009Z
442a08a8-d9c2-4e52-8990-62d2c0f1845c,run1_rep3,B,OPEN,OPEN,request,CACHE,HIT,0.03950000063923653,0.6366249999700813,INFO,adaptador.request,false,degradado,0.5298750002111774,9364.499696023,9364.500293148,9364.499656523,9364.500225898,CIRCUIT_OPEN,2026-09-05T00:04:27.698259Z
8bd1d7d5-a6e7-418e-b89c-28b08f805929,run1_rep3,B,OPEN,OPEN,request,CACHE,HIT,0.03549999928509351,0.5713339996873401,INFO,adaptador.request,false,degradado,0.4504589996940922,9364.523103898,9364.523639732,9364.523068398,9364.523554357,CIRCUIT_OPEN,2026-09-05T00:04:27.721625Z
78765df7-e12b-4c9a-a6ee-a088a4b1e711,run1_rep3,B,OPEN,OPEN,request,CACHE,HIT,0.0546669998584548,0.6924170011188835,INFO,adaptador.request,false,degradado,0.5618750001303852,9364.559939357,9364.560577107,9364.55988469,9364.560501232,CIRCUIT_OPEN,2026-09-05T00:04:27.758559Z
066f2ba4-09a9-4747-8b0d-53b2689c1b51,run1_rep3,B,OPEN,OPEN,request,CACHE,HIT,0.03291600114607718,0.5085830016469117,INFO,adaptador.request,false,degradado,0.4077499997947598,9364.583219148,9364.583694815,9364.583186232,9364.583626898,CIRCUIT_OPEN,2026-09-05T00:04:27.781665Z
c15a645e-3c37-4ec5-b2c1-f45692844677,run1_rep3,B,OPEN,OPEN,request,CACHE,HIT,0.03524999920045957,0.5662919993483229,INFO,adaptador.request,false,degradado,0.4636670000763843,9364.613262148,9364.61379319,9364.613226898,9364.613725815,CIRCUIT_OPEN,2026-09-05T00:04:27.811769Z
6deb2bd5-60f7-46be-959a-6f77521c2797,run1_rep3,B,OPEN,OPEN,request,CACHE,HIT,0.029207998522906564,0.4951249993609963,INFO,adaptador.request,false,degradado,0.40987500142364297,9364.624387023,9364.62485294,9364.624357815,9364.624796898,CIRCUIT_OPEN,2026-09-05T00:04:27.822826Z
0c81d8e0-23ce-4be0-b280-ae9b031f63e6,run1_rep3,B,OPEN,OPEN,request,CACHE,HIT,0.03874999856634531,0.6181659991852939,INFO,adaptador.request,false,degradado,0.493875000756816,9364.664610232,9364.665189648,9364.664571482,9364.665104107,CIRCUIT_OPEN,2026-09-05T00:04:27.863186Z
52f4ad37-4808-4d5a-bb9f-2f30442d6dd6,run1_rep3,B,OPEN,OPEN,request,CACHE,HIT,0.03320900032122154,0.6060840005375212,INFO,adaptador.request,false,degradado,0.4902499986201292,9364.728602732,9364.729175607,9364.728569523,9364.729092982,CIRCUIT_OPEN,2026-09-05T00:04:27.927183Z
668bece8-e654-4fb2-ae92-e7dc0a6fac3e,run1_rep3,B,OPEN,OPEN,request,CACHE,HIT,0.028124999516876414,0.611624998782645,INFO,adaptador.request,false,degradado,0.518374999955995,9364.73251469,9364.73309819,9364.732486565,9364.733033065,CIRCUIT_OPEN,2026-09-05T00:04:27.931093Z
16fbf9f6-2bd5-419e-98fe-c6e07e352e57,run1_rep3,B,OPEN,OPEN,request,CACHE,HIT,0.036375000490807,0.6299579999904381,INFO,adaptador.request,false,degradado,0.51050000001851,9364.784987399,9364.785580982,9364.784951024,9364.785497899,CIRCUIT_OPEN,2026-09-05T00:04:27.983573Z
56d199f8-9bda-4321-98f4-701a9d6095a1,run1_rep3,B,OPEN,OPEN,request,CACHE,HIT,0.03204200038453564,0.5909999999857973,INFO,adaptador.request,false,degradado,0.4898330007563345,9364.801784107,9364.802343065,9364.801752065,9364.80227394,CIRCUIT_OPEN,2026-09-05T00:04:28.000332Z
4db1e034-cbe1-4b6c-af81-eb6c24bb0625,run1_rep3,B,OPEN,OPEN,request,CACHE,HIT,0.044624999645748176,0.6947500005480833,INFO,adaptador.request,false,degradado,0.5655000004480826,9364.854284774,9364.854934899,9364.854240149,9364.854850274,CIRCUIT_OPEN,2026-09-05T00:04:28.052963Z
3467bac5-68b2-4191-bb0b-ef1c82fe5ba4,run1_rep3,B,OPEN,OPEN,request,CACHE,HIT,0.03320799987704959,0.5912920005357591,INFO,adaptador.request,false,degradado,0.47766699935891666,9364.877789815,9364.878347899,9364.877756607,9364.878267482,CIRCUIT_OPEN,2026-09-05T00:04:28.076332Z
8fc3a7fc-ed02-4fda-83b9-36c85dc46014,run1_rep3,B,OPEN,OPEN,request,CACHE,HIT,0.04562499998428393,0.9361249994981335,INFO,adaptador.request,false,degradado,0.7983329996932298,9364.922187274,9364.923077774,9364.922141649,9364.922985607,CIRCUIT_OPEN,2026-09-05T00:04:28.121086Z
b83c1896-0c14-4e29-9f7f-c4b47bc1a5e0,run1_rep3,B,OPEN,OPEN,request,CACHE,HIT,0.02474999928381294,0.8939169983932516,INFO,adaptador.request,false,degradado,0.8115420005196938,9364.922881982,9364.923751149,9364.922857232,9364.923693524,CIRCUIT_OPEN,2026-09-05T00:04:28.121944Z
a87c50a8-21c0-4a7a-8d68-8ca2e000925a,run1_rep3,B,OPEN,OPEN,request,CACHE,HIT,0.05037499977333937,0.809458000730956,INFO,adaptador.request,false,degradado,0.6602499997825362,9365.022534024,9365.023293107,9365.022483649,9365.023194274,CIRCUIT_OPEN,2026-09-05T00:04:28.221286Z
e39c3f61-06ee-413e-aeb1-dcde87176a13,run1_rep3,B,OPEN,OPEN,request,CACHE,HIT,0.03699999979289714,0.5936670004302869,INFO,adaptador.request,false,degradado,0.4930000013700919,9365.033294857,9365.033851524,9365.033257857,9365.033787857,CIRCUIT_OPEN,2026-09-05T00:04:28.231821Z
2949d79c-6fcd-46ba-a6ac-96c74b368120,run1_rep3,B,OPEN,OPEN,request,CACHE,HIT,0.03299999843875412,0.5731249984819442,INFO,adaptador.request,false,degradado,0.4738340012409026,9365.05377019,9365.054310315,9365.05373719,9365.054244024,CIRCUIT_OPEN,2026-09-05T00:04:28.252284Z
ddec6183-6a2a-44bd-8a12-53eff4f20ab3,run1_rep3,B,OPEN,OPEN,request,CACHE,HIT,0.0407090010412503,0.6519170001411112,INFO,adaptador.request,false,degradado,0.5291249999572756,9365.097311149,9365.097922357,9365.09727044,9365.097840274,CIRCUIT_OPEN,2026-09-05T00:04:28.295919Z
ec4eb626-ea77-41a0-95aa-f52b3dd42340,run1_rep3,B,OPEN,OPEN,request,CACHE,HIT,0.031458999728783965,0.5880419994355179,INFO,adaptador.request,false,degradado,0.48529099876759574,9365.135794399,9365.136350982,9365.13576294,9365.13627969,CIRCUIT_OPEN,2026-09-05T00:04:28.334333Z
d8aa6055-8a49-472f-8085-0a5eea0e9f4d,run1_rep3,B,OPEN,OPEN,request,CACHE,HIT,0.029499999072868377,0.541957999303122,INFO,adaptador.request,false,degradado,0.43416600055934396,9365.156594024,9365.157106482,9365.156564524,9365.15702819,CIRCUIT_OPEN,2026-09-05T00:04:28.355093Z
b4ba9035-7528-435f-bbde-17acb5b76107,run1_rep3,B,OPEN,OPEN,request,CACHE,HIT,0.02499999936844688,0.4535000007308554,INFO,adaptador.request,false,degradado,0.3714160011440981,9365.160431149,9365.160859649,9365.160406149,9365.160802565,CIRCUIT_OPEN,2026-09-05T00:04:28.358836Z
39bb44d8-2f0d-49f2-a520-5aa13a6cf8c6,run1_rep3,B,OPEN,OPEN,request,CACHE,HIT,0.045541999497800134,0.630667000223184,INFO,adaptador.request,false,degradado,0.4993330003344454,9365.210159649,9365.210744774,9365.210114107,9365.210658982,CIRCUIT_OPEN,2026-09-05T00:04:28.408745Z
f5810cde-8763-499d-a7c7-abc25751188a,run1_rep3,B,OPEN,OPEN,request,CACHE,HIT,0.030583998523070477,0.6249999987630872,INFO,adaptador.request,false,degradado,0.5165000002307352,9365.257697774,9365.25829219,9365.25766719,9365.258214274,CIRCUIT_OPEN,2026-09-05T00:04:28.456278Z
c74b0075-361a-4fbf-97cf-6d9955ae3bf7,run1_rep3,B,OPEN,OPEN,request,CACHE,HIT,0.049124999350169674,0.8705419986654306,INFO,adaptador.request,false,degradado,0.7307920004677726,9365.354718482,9365.355539899,9365.354669357,9365.355449274,CIRCUIT_OPEN,2026-09-05T00:04:28.553532Z
c2baa78c-59e9-41f6-b82d-10f96f463aff,run1_rep3,B,OPEN,OPEN,request,CACHE,HIT,0.02579200008767657,0.5831250000483124,INFO,adaptador.request,false,degradado,0.49987499915005174,9365.359704107,9365.36026144,9365.359678315,9365.360203982,CIRCUIT_OPEN,2026-09-05T00:04:28.558233Z
37cca13a-6828-4deb-a0ac-d7d2ad21d83e,run1_rep3,B,OPEN,OPEN,request,CACHE,HIT,0.022750000425730832,0.5062079999333946,INFO,adaptador.request,false,degradado,0.40341699968848843,9365.365489607,9365.365973065,9365.365466857,9365.365893024,CIRCUIT_OPEN,2026-09-05T00:04:28.563988Z
46c3210c-d61d-4e02-9799-5762abc0df53,run1_rep3,B,OPEN,OPEN,request,CACHE,HIT,0.017083000784623437,0.614708000284736,INFO,adaptador.request,false,degradado,0.5527920002350584,9365.38584744,9365.386445065,9365.385830357,9365.386400232,CIRCUIT_OPEN,2026-09-05T00:04:28.584398Z
932e03e0-e898-4a7a-96f0-78bdc42ba742,run1_rep3,B,OPEN,OPEN,request,CACHE,HIT,0.012124999557272531,0.7437499989464413,INFO,adaptador.request,false,degradado,0.6953339998290176,9365.386344315,9365.38707594,9365.38633219,9365.387039649,CIRCUIT_OPEN,2026-09-05T00:04:28.585216Z
0c64b96c-98e7-4b8b-ae25-0e452cebb254,run1_rep3,B,OPEN,OPEN,request,CACHE,HIT,0.04004199945484288,0.6534580006700708,INFO,adaptador.request,false,degradado,0.5411250003817258,9365.424082274,9365.42469569,9365.424042232,9365.424623399,CIRCUIT_OPEN,2026-09-05T00:04:28.622672Z
a705c201-f8f0-422e-b12c-ba439f4340b8,run1_rep3,B,OPEN,OPEN,request,CACHE,HIT,0.03645899960247334,0.6983749990467913,INFO,adaptador.request,false,degradado,0.5900409996684175,9365.477849941,9365.478511857,9365.477813482,9365.478439982,CIRCUIT_OPEN,2026-09-05T00:04:28.676487Z
940401e8-dc5e-4c6c-8b5f-b5ca1309522d,run1_rep3,B,OPEN,OPEN,request,CACHE,HIT,0.03095800093433354,0.7772080007271143,INFO,adaptador.request,false,degradado,0.6852089991298271,9365.483354857,9365.484101107,9365.483323899,9365.484040066,CIRCUIT_OPEN,2026-09-05T00:04:28.682074Z
e5b12424-1dad-4f39-bc6c-066277ff5bff,run1_rep3,B,OPEN,OPEN,request,CACHE,HIT,0.032500000088475645,0.5758749994129175,INFO,adaptador.request,false,degradado,0.47649999942223076,9365.515563982,9365.516107357,9365.515531482,9365.516040482,CIRCUIT_OPEN,2026-09-05T00:04:28.714081Z
baa96b65-b2af-4dfb-8345-1e11b746cff5,run1_rep3,B,OPEN,OPEN,request,CACHE,HIT,0.04495800021686591,1.0548330010351492,INFO,adaptador.request,false,degradado,0.9286670010624221,9365.652863357,9365.653873232,9365.652818399,9365.653792024,CIRCUIT_OPEN,2026-09-05T00:04:28.852187Z
23688181-0697-4417-9199-9900058e73c8,run1_rep3,B,OPEN,OPEN,request,CACHE,HIT,0.017459000446251594,0.895708999451017,INFO,adaptador.request,false,degradado,0.8175829989340855,9365.653317816,9365.654196066,9365.653300357,9365.654135399,CIRCUIT_OPEN,2026-09-05T00:04:28.852478Z
f6f3e0b0-fc98-46b3-991e-b4e9dd543a60,run1_rep3,B,OPEN,OPEN,request,CACHE,HIT,0.02937499994004611,0.5592079996858956,INFO,adaptador.request,false,degradado,0.4602919998433208,9365.672882899,9365.673412732,9365.672853524,9365.673343191,CIRCUIT_OPEN,2026-09-05T00:04:28.871392Z
103ff264-5ee9-41b8-b131-823821c1f3f4,run1_rep3,B,OPEN,OPEN,request,CACHE,HIT,0.029625000024680048,0.5281659996398957,INFO,adaptador.request,false,degradado,0.4396660006023012,9365.697251566,9365.697750107,9365.697221941,9365.697691232,CIRCUIT_OPEN,2026-09-05T00:04:28.895724Z
cc50564f-b665-4a29-b589-cc7f1fbd80f7,run1_rep3,B,OPEN,OPEN,request,CACHE,HIT,0.055958998927962966,0.6444169994210824,INFO,adaptador.request,false,degradado,0.5194580007810146,9365.731631566,9365.732220024,9365.731575607,9365.732151024,CIRCUIT_OPEN,2026-09-05T00:04:28.930205Z
cc52ae47-8222-49f5-ad24-1e62abb0e257,run1_rep3,B,OPEN,OPEN,request,CACHE,HIT,0.03141699926345609,0.57208299949707,INFO,adaptador.request,false,degradado,0.47620800069125835,9365.752798566,9365.753339232,9365.752767149,9365.753274774,CIRCUIT_OPEN,2026-09-05T00:04:28.951321Z
99532ff4-b6e8-4c48-ab7f-7d8d726bfa5b,run1_rep3,B,OPEN,OPEN,request,CACHE,HIT,0.030750001315027475,0.9947500002454035,INFO,adaptador.request,false,degradado,0.9028749991557561,9365.763133607,9365.764097607,9365.763102857,9365.764036482,CIRCUIT_OPEN,2026-09-05T00:04:28.962288Z
ce986893-7270-4e1d-b8b7-0af05c0fcfa4,run1_rep3,B,OPEN,OPEN,request,CACHE,HIT,0.020292000044719316,0.7012499991105869,INFO,adaptador.request,false,degradado,0.638333000097191,9365.763635399,9365.764316357,9365.763615107,9365.764273732,CIRCUIT_OPEN,2026-09-05T00:04:28.962513Z
ef4233c7-c1a9-48a3-ada6-4b1cdf085dbf,run1_rep3,B,OPEN,OPEN,request,CACHE,HIT,0.043000000005122274,0.745249999454245,INFO,adaptador.request,false,degradado,0.6192079999891575,9365.841447524,9365.842149774,9365.841404524,9365.842066732,CIRCUIT_OPEN,2026-09-05T00:04:29.040137Z
a0ea5a5d-c90c-49a7-a820-70c3d2815d99,run1_rep3,B,OPEN,OPEN,request,CACHE,HIT,0.03416599975025747,0.6721250010741642,INFO,adaptador.request,false,degradado,0.5063340013293782,9365.861480732,9365.862118691,9365.861446566,9365.861987066,CIRCUIT_OPEN,2026-09-05T00:04:29.060126Z
26b92d06-6132-46b7-90c5-05268bf14d4f,run1_rep3,B,OPEN,OPEN,request,CACHE,HIT,0.052040999435121194,0.8331249991897494,INFO,adaptador.request,false,degradado,0.645500000246102,9365.970375857,9365.971156941,9365.970323816,9365.971021357,CIRCUIT_OPEN,2026-09-05T00:04:29.169155Z
27658ecd-864a-4a73-9802-fb0cb3395607,run1_rep3,B,OPEN,OPEN,request,CACHE,HIT,0.029707998692174442,0.6393749990820652,INFO,adaptador.request,false,degradado,0.5260830002953298,9365.975309774,9365.975919441,9365.975280066,9365.975835857,CIRCUIT_OPEN,2026-09-05T00:04:29.173937Z
05a7d553-d592-424a-888a-2f65c2357a8f,run1_rep3,B,OPEN,OPEN,request,CACHE,HIT,0.048459000026923604,0.7670840004720958,INFO,adaptador.request,false,degradado,0.6313330013654195,9366.047485316,9366.048203941,9366.047436857,9366.048116649,CIRCUIT_OPEN,2026-09-05T00:04:29.246182Z
49c46d56-0a0f-44ed-9c74-242c63a8e27d,run1_rep3,B,OPEN,OPEN,request,CACHE,HIT,0.038209000194910914,0.7139169993024552,INFO,adaptador.request,false,degradado,0.6129579996922985,9366.054140566,9366.054816274,9366.054102357,9366.054753524,CIRCUIT_OPEN,2026-09-05T00:04:29.252791Z
bc579c66-d06d-4469-83a1-d3aa02161015,run1_rep3,B,OPEN,OPEN,request,CACHE,HIT,0.01929099926201161,0.47783299851289485,INFO,adaptador.request,false,degradado,0.39262499922188,9366.065750107,9366.066208649,9366.065730816,9366.066142732,CIRCUIT_OPEN,2026-09-05T00:04:29.264188Z
5a7aafd1-3e07-4f33-9603-b21512218875,run1_rep3,B,OPEN,OPEN,request,CACHE,HIT,0.02204100019298494,0.3926659992430359,INFO,adaptador.request,false,degradado,0.32395899870607536,9366.089066357,9366.089436982,9366.089044316,9366.089390316,CIRCUIT_OPEN,2026-09-05T00:04:29.287392Z
02513b87-21dd-4713-a2cf-8a1be23f726a,run1_rep3,B,OPEN,OPEN,request,CACHE,HIT,0.041125000279862434,0.7157500003813766,INFO,adaptador.request,false,degradado,0.5782089992862893,9366.148870899,9366.149545524,9366.148829774,9366.149449108,CIRCUIT_OPEN,2026-09-05T00:04:29.347553Z
521aea48-2838-4669-b91d-8a7ac06347e7,run1_rep3,B,OPEN,OPEN,request,CACHE,HIT,0.031082998248166405,0.7837909997761017,INFO,adaptador.request,false,degradado,0.607750000199303,9366.153103566,9366.153856274,9366.153072483,9366.153711316,CIRCUIT_OPEN,2026-09-05T00:04:29.351938Z
b6ce6409-13f6-4f0f-b4db-2ab958059996,run1_rep3,B,OPEN,OPEN,request,CACHE,HIT,0.041708999560796656,0.6457919989770744,INFO,adaptador.request,false,degradado,0.5319579995557433,9366.204337858,9366.204941941,9366.204296149,9366.204869816,CIRCUIT_OPEN,2026-09-05T00:04:29.402940Z
4031d3bc-814f-4e68-9432-53f9356c3793,run1_rep3,B,OPEN,OPEN,request,CACHE,HIT,0.03404200106160715,0.6164170008560177,INFO,adaptador.request,false,degradado,0.5097079992992803,9366.224297691,9366.224880066,9366.224263649,9366.224807399,CIRCUIT_OPEN,2026-09-05T00:04:29.422854Z
c12c55e8-370c-4d50-aae1-1beab5045cc3,run1_rep3,B,OPEN,OPEN,request,CACHE,HIT,0.049500000386615284,0.5249580008239718,INFO,adaptador.request,false,degradado,0.4199579998385161,9366.227035066,9366.227510524,9366.226985566,9366.227455024,CIRCUIT_OPEN,2026-09-05T00:04:29.425465Z
a3d05e04-c322-420e-996d-10844a6456aa,run1_rep3,B,OPEN,OPEN,request,CACHE,HIT,0.05041700023866724,0.7717499993304955,INFO,adaptador.request,false,degradado,0.6245000004128087,9366.321748983,9366.322470316,9366.321698566,9366.322373483,CIRCUIT_OPEN,2026-09-05T00:04:29.520466Z
f143beb7-8364-4729-930a-823fadee878d,run1_rep3,B,OPEN,OPEN,request,CACHE,HIT,0.03804200059676077,0.6319999993138481,INFO,adaptador.request,false,degradado,0.5155409999133553,9366.339932983,9366.340526941,9366.339894941,9366.340448524,CIRCUIT_OPEN,2026-09-05T00:04:29.538513Z
a5868bc6-f7fc-4bd3-8f49-0d766f1a041d,run1_rep3,B,OPEN,OPEN,request,CACHE,HIT,0.033709000490489416,0.5964170013612602,INFO,adaptador.request,false,degradado,0.48712500029068906,9366.375607733,9366.376170441,9366.375574024,9366.376094858,CIRCUIT_OPEN,2026-09-05T00:04:29.574175Z
f0db9d45-cdf8-4c62-868a-f228c2ab0ced,run1_rep3,B,OPEN,OPEN,request,CACHE,HIT,0.04895799975201953,0.7736660008959007,INFO,adaptador.request,false,degradado,0.6356670000968734,9366.397813691,9366.398538399,9366.397764733,9366.398449358,CIRCUIT_OPEN,2026-09-05T00:04:29.596527Z
a2a76270-ab4b-43d0-9b56-3d34c6fbe970,run1_rep3,B,OPEN,OPEN,request,CACHE,HIT,0.038750000385334715,1.1522919994604308,INFO,adaptador.request,false,degradado,1.044874999934109,9366.481311441,9366.482424983,9366.481272691,9366.482356316,CIRCUIT_OPEN,2026-09-05T00:04:29.680615Z
811be974-eed6-4bde-a776-caceadbefa45,run1_rep3,B,OPEN,OPEN,request,CACHE,HIT,0.014540999472956173,0.7824579988664482,INFO,adaptador.request,false,degradado,0.728584000171395,9366.481875399,9366.482643316,9366.481860858,9366.482603983,CIRCUIT_OPEN,2026-09-05T00:04:29.680873Z
c654ad0d-0d84-4728-9e86-796908f8ac13,run1_rep3,B,OPEN,OPEN,request,CACHE,HIT,0.03487499998300336,0.551874998564017,INFO,adaptador.request,false,degradado,0.4608330000337446,9366.510573191,9366.511090191,9366.510538316,9366.511034024,CIRCUIT_OPEN,2026-09-05T00:04:29.709046Z
5b375d93-b5a1-409b-b236-784530bcdb77,run1_rep3,B,OPEN,OPEN,request,CACHE,HIT,0.040499999158782884,0.8727499989618082,INFO,adaptador.request,false,degradado,0.7483329991373466,9366.593573483,9366.594405733,9366.593532983,9366.594321816,CIRCUIT_OPEN,2026-09-05T00:04:29.792399Z
f66dbd5f-d36a-4b75-ac42-e4c6a88e181e,run1_rep3,B,OPEN,OPEN,request,CACHE,HIT,0.04075000106240623,1.0013750015787082,INFO,adaptador.request,false,degradado,0.8783749999565771,9366.627767566,9366.628728191,9366.627726816,9366.628645941,CIRCUIT_OPEN,2026-09-05T00:04:29.827560Z
5067a751-9fd6-4b73-a5da-3150962da06d,run1_rep3,B,OPEN,OPEN,request,CACHE,HIT,0.019584000256145373,1.3651249992108205,INFO,adaptador.request,false,degradado,1.2357079995126696,9366.628209983,9366.629555524,9366.628190399,9366.629445691,CIRCUIT_OPEN,2026-09-05T00:04:29.828018Z
bae67811-efd6-44da-a84b-6628976bbe8c,run1_rep3,B,OPEN,OPEN,request,CACHE,HIT,0.028166999982204288,0.5425420004030457,INFO,adaptador.request,false,degradado,0.44958299986319616,9366.651050108,9366.651564483,9366.651021941,9366.651499691,CIRCUIT_OPEN,2026-09-05T00:04:29.849550Z
eecba350-0d12-4327-bffc-315c1725d1f6,run1_rep3,B,OPEN,OPEN,request,CACHE,HIT,0.06308299998636357,0.8077499987848569,INFO,adaptador.request,false,degradado,0.6532499992317753,9366.781619691,9366.782364358,9366.781556608,9366.782272941,CIRCUIT_OPEN,2026-09-05T00:04:29.980356Z
a9824ae6-8757-450b-9f2d-0248ebe717dc,run1_rep3,B,OPEN,OPEN,request,CACHE,HIT,0.0324160009768093,0.7668329999432899,INFO,adaptador.request,false,degradado,0.5759169998782454,9366.787373274,9366.788107691,9366.787340858,9366.787949191,CIRCUIT_OPEN,2026-09-05T00:04:29.986164Z
49c9d102-90f9-46b7-9fb5-cc9d53c1fcb9,run1_rep3,B,OPEN,OPEN,request,CACHE,HIT,0.029000000722589903,0.5058750011812663,INFO,adaptador.request,false,degradado,0.42316600047342945,9366.802364858,9366.802841733,9366.802335858,9366.802788024,CIRCUIT_OPEN,2026-09-05T00:04:30.000810Z
9fb2c7bd-798f-45f2-9cf7-79630a8993e8,run1_rep3,B,OPEN,OPEN,request,CACHE,HIT,0.04033299956063274,0.49612499969953205,INFO,adaptador.request,false,degradado,0.41158300155075267,9366.822031441,9366.822487233,9366.821991108,9366.822443024,CIRCUIT_OPEN,2026-09-05T00:04:30.020447Z
5bb2d443-5bad-42c1-a7b7-136b72d0eb25,run1_rep3,B,OPEN,OPEN,request,CACHE,HIT,0.04058299964526668,0.6434999995690305,INFO,adaptador.request,false,degradado,0.5266669995762641,9366.882211733,9366.88281465,9366.88217115,9366.8827384,CIRCUIT_OPEN,2026-09-05T00:04:30.080808Z
d3706144-884f-48a2-832c-a6bbe97de2e5,run1_rep3,B,OPEN,OPEN,request,CACHE,HIT,0.045040998884360306,0.8086660000117263,INFO,adaptador.request,false,degradado,0.6163340003695339,9366.922359691,9366.923123316,9366.92231465,9366.922976025,CIRCUIT_OPEN,2026-09-05T00:04:30.121171Z
6d5abefe-e978-4e8b-bce4-ec537e420fc9,run1_rep3,B,OPEN,OPEN,request,CACHE,HIT,0.036625000575440936,0.7735830004094169,INFO,adaptador.request,false,degradado,0.6640419996983837,9366.957980358,9366.958717316,9366.957943733,9366.9586444,CIRCUIT_OPEN,2026-09-05T00:04:30.156689Z
e5f99edc-4013-439d-918f-f60d759930b9,run1_rep3,B,OPEN,OPEN,request,CACHE,HIT,0.03775000004679896,1.1057920000894228,INFO,adaptador.request,false,degradado,0.9634170000936138,9366.991897608,9366.99296565,9366.991859858,9366.992861025,CIRCUIT_OPEN,2026-09-05T00:04:30.190992Z
f0b392df-9bd4-45bc-ac40-f65fd6fe7fff,run1_rep3,B,OPEN,OPEN,request,CACHE,HIT,0.027333000616636127,0.46358299914572854,INFO,adaptador.request,false,degradado,0.37354199957917444,9367.000463566,9367.000899816,9367.000436233,9367.000837108,CIRCUIT_OPEN,2026-09-05T00:04:30.198878Z
0310bf4f-500a-454e-9b2b-c36111cb2892,run1_rep3,B,OPEN,OPEN,request,CACHE,HIT,0.04216599882056471,0.8931659995141672,INFO,adaptador.request,false,degradado,0.7790840008965461,9367.033904941,9367.034755941,9367.033862775,9367.034684025,CIRCUIT_OPEN,2026-09-05T00:04:30.232752Z
0836c10e-5d7b-4d56-9a84-321a8fc3685c,run1_rep3,B,OPEN,OPEN,request,CACHE,HIT,0.07525000000896398,0.8796670008450747,INFO,adaptador.request,false,degradado,0.7131250004022149,9367.068338608,9367.069143025,9367.068263358,9367.069051733,CIRCUIT_OPEN,2026-09-05T00:04:30.267142Z
5e176888-94c9-4e2d-87ff-d0607b004495,run1_rep3,B,OPEN,OPEN,request,CACHE,HIT,0.052457999117905274,0.8242499989137286,INFO,adaptador.request,false,degradado,0.6885420007165521,9367.103536608,9367.1043084,9367.10348415,9367.10422515,CIRCUIT_OPEN,2026-09-05T00:04:30.302301Z
9a9b6ba1-b7e7-4714-8473-c1fe714a2502,run1_rep3,B,OPEN,OPEN,request,CACHE,HIT,0.04120899939152878,0.9070839987543877,INFO,adaptador.request,false,degradado,0.7898749990999931,9367.124279775,9367.12514565,9367.124238566,9367.12506965,CIRCUIT_OPEN,2026-09-05T00:04:30.323140Z
91fd88ff-7716-457c-82ca-aad482b5d9e9,run1_rep3,B,OPEN,OPEN,request,CACHE,HIT,0.021707999621867202,0.7967500005179318,INFO,adaptador.request,false,degradado,0.7354999997915002,9367.124928316,9367.125703358,9367.124906608,9367.125663816,CIRCUIT_OPEN,2026-09-05T00:04:30.323816Z
0a04c78d-4107-4548-8770-95923405bb45,run1_rep3,B,OPEN,OPEN,request,CACHE,HIT,0.04729200009023771,0.73737499951676,INFO,adaptador.request,false,degradado,0.601916999585228,9367.194466358,9367.195156441,9367.194419066,9367.195068275,CIRCUIT_OPEN,2026-09-05T00:04:30.393142Z
48ef8591-6c31-4b2c-92d1-617e1eea18bf,run1_rep3,B,OPEN,OPEN,request,CACHE,HIT,0.04166599865129683,0.6874579994473606,INFO,adaptador.request,false,degradado,0.5661670002155006,9367.214685566,9367.215331358,9367.2146439,9367.215251733,CIRCUIT_OPEN,2026-09-05T00:04:30.413322Z
ba75e2f9-1bb8-45eb-aa07-e08aa14408ba,run1_rep3,B,OPEN,OPEN,request,CACHE,HIT,0.015833000361453742,0.9580410005582962,INFO,adaptador.request,false,degradado,0.8689170008437941,9367.303999733,9367.304941941,9367.3039839,9367.30486865,CIRCUIT_OPEN,2026-09-05T00:04:30.503418Z
702b4360-efbe-4197-8762-19f8de0e44f1,run1_rep3,B,OPEN,OPEN,request,CACHE,HIT,0.010957999620586634,0.889457998709986,INFO,adaptador.request,false,degradado,0.8214589997805888,9367.304349816,9367.305228316,9367.304338858,9367.305171275,CIRCUIT_OPEN,2026-09-05T00:04:30.503689Z
f980ed46-be56-4404-aa09-9cee69b590fb,run1_rep3,B,OPEN,OPEN,request,CACHE,HIT,0.04162500044913031,1.750999999785563,INFO,adaptador.request,false,degradado,1.6767500001151348,9367.303746108,9367.305455483,9367.303704483,9367.305422858,CIRCUIT_OPEN,2026-09-05T00:04:30.503974Z
fee80398-53cb-4b74-b2c9-2fa327d9058f,run1_rep3,B,OPEN,OPEN,request,CACHE,HIT,0.028124999516876414,0.5235839998931624,INFO,adaptador.request,false,degradado,0.4148340012761764,9367.338560191,9367.33905565,9367.338532066,9367.338975025,CIRCUIT_OPEN,2026-09-05T00:04:30.537051Z
817706b1-06d6-49a0-a06b-035dd355fbca,run1_rep3,B,OPEN,OPEN,request,CACHE,HIT,0.032791998819448054,0.6248329991649371,INFO,adaptador.request,false,degradado,0.523291000718018,9367.39679315,9367.397385191,9367.396760358,9367.397316441,CIRCUIT_OPEN,2026-09-05T00:04:30.595367Z
e01bc4df-629d-45bf-9af1-a5babe10801a,run1_rep3,B,OPEN,OPEN,request,CACHE,HIT,0.04895799975201953,0.7623330002388684,INFO,adaptador.request,false,degradado,0.6336250007734634,9367.415902858,9367.416616233,9367.4158539,9367.416536483,CIRCUIT_OPEN,2026-09-05T00:04:30.614596Z
bbe35d78-a3a4-4147-adb3-40541f921829,run1_rep3,B,OPEN,OPEN,request,CACHE,HIT,0.03679200017359108,0.6764170011592796,INFO,adaptador.request,false,degradado,0.5745420003222534,9367.439979858,9367.440619483,9367.439943066,9367.4405544,CIRCUIT_OPEN,2026-09-05T00:04:30.638598Z
96e17938-758e-4e39-8c5f-62854c50130e,run1_rep3,B,OPEN,OPEN,request,CACHE,HIT,0.04120800076634623,0.7375000004685717,INFO,adaptador.request,false,degradado,0.5983749997540144,9367.462530691,9367.463226983,9367.462489483,9367.463129066,CIRCUIT_OPEN,2026-09-05T00:04:30.661249Z
7eef3e7d-4cf9-46d6-9649-0cfe38cde299,run1_rep3,B,OPEN,OPEN,request,CACHE,HIT,0.05041700023866724,1.0831670006155036,INFO,adaptador.request,false,degradado,0.9555830001772847,9367.586863942,9367.587896692,9367.586813525,9367.587819525,CIRCUIT_OPEN,2026-09-05T00:04:30.785860Z
2f21ac8f-9862-4f57-9f34-5adabe797361,run1_rep3,B,OPEN,OPEN,request,CACHE,HIT,0.04624999928637408,0.7729999997536652,INFO,adaptador.request,false,degradado,0.6466670001827879,9367.633676025,9367.634402775,9367.633629775,9367.634322692,CIRCUIT_OPEN,2026-09-05T00:04:30.832393Z
6aa9bda2-bd13-4eed-b764-76aaa8eef33f,run1_rep3,B,OPEN,OPEN,request,CACHE,HIT,0.050708000344457105,1.1651250006252667,INFO,adaptador.request,false,degradado,1.0298750003130408,9367.748665775,9367.749780192,9367.748615067,9367.74969565,CIRCUIT_OPEN,2026-09-05T00:04:30.948014Z
2bc38f8e-cb7e-4b5f-894f-b1a2f2e01740,run1_rep3,B,OPEN,OPEN,request,CACHE,HIT,0.015666999388486147,0.9192079996864777,INFO,adaptador.request,false,degradado,0.8610410004621372,9367.749150192,9367.750053733,9367.749134525,9367.750011233,CIRCUIT_OPEN,2026-09-05T00:04:30.948290Z
debddb58-1858-4f2a-ba2b-63be28bf9a0f,run1_rep3,B,OPEN,OPEN,request,CACHE,HIT,0.036875000660074875,0.6006670009810477,INFO,adaptador.request,false,degradado,0.49691700041876175,9367.771695775,9367.772259567,9367.7716589,9367.772192692,CIRCUIT_OPEN,2026-09-05T00:04:30.970233Z
f7bdac0c-7cc8-4cf3-b443-72411ffa8de4,run1_rep3,B,OPEN,OPEN,request,CACHE,HIT,0.02937499994004611,0.655833999189781,INFO,adaptador.request,false,degradado,0.5519999995158287,9367.783889233,9367.784515692,9367.783859858,9367.784441233,CIRCUIT_OPEN,2026-09-05T00:04:30.982509Z
702cb2df-3e13-4d33-a0ae-f566b53d021f,run1_rep3,B,OPEN,OPEN,request,CACHE,HIT,0.02258300082758069,0.5339159997674869,INFO,adaptador.request,false,degradado,0.4514999982347945,9367.787710525,9367.788221858,9367.787687942,9367.788162025,CIRCUIT_OPEN,2026-09-05T00:04:30.986212Z
a21c01de-5b21-42f8-b286-2e1d121b9c7d,run1_rep3,B,OPEN,OPEN,request,CACHE,HIT,0.019834000340779312,0.4118750002817251,INFO,adaptador.request,false,degradado,0.3454159996181261,9367.807237442,9367.807629483,9367.807217608,9367.807582858,CIRCUIT_OPEN,2026-09-05T00:04:31.005591Z
180fa25d-7db6-4b5e-9cb4-446244b43a37,run1_rep3,B,OPEN,OPEN,request,CACHE,HIT,0.017500000467407517,0.3988330008724006,INFO,adaptador.request,false,degradado,0.32616700082144234,9367.822669525,9367.823050858,9367.822652025,9367.822995692,CIRCUIT_OPEN,2026-09-05T00:04:31.021010Z
089db061-2509-4019-b8cc-31679b447f6e,run1_rep3,B,OPEN,OPEN,request,CACHE,HIT,0.042083000153070316,0.6957499990676297,INFO,adaptador.request,false,degradado,0.5737920000683516,9367.911990733,9367.9126444,9367.91194865,9367.912564525,CIRCUIT_OPEN,2026-09-05T00:04:31.110638Z
ea19eb8f-65da-4e50-802c-5b0647100845,run1_rep3,B,OPEN,OPEN,request,CACHE,HIT,0.03045899939024821,0.7983750001585577,INFO,adaptador.request,false,degradado,0.6903329995111562,9367.919213817,9367.919981733,9367.919183358,9367.91990415,CIRCUIT_OPEN,2026-09-05T00:04:31.118003Z
c34693ee-4bf4-4e59-bf10-ada1678a5623,run1_rep3,B,OPEN,OPEN,request,CACHE,HIT,0.02416700044705067,0.5365840006561484,INFO,adaptador.request,false,degradado,0.42799999937415123,9367.93742215,9367.937934567,9367.937397983,9367.93785015,CIRCUIT_OPEN,2026-09-05T00:04:31.135918Z
a54cccd6-95d6-4321-9e7c-7eba278a3318,run1_rep3,B,OPEN,OPEN,request,CACHE,HIT,0.02162500095437281,0.4592500008584466,INFO,adaptador.request,false,degradado,0.3722499986906769,9367.950153317,9367.950590942,9367.950131692,9367.950525567,CIRCUIT_OPEN,2026-09-05T00:04:31.148570Z
8d9794cc-a502-47c4-8255-71a8794032bc,run1_rep3,B,OPEN,OPEN,request,CACHE,HIT,0.06404200030374341,0.7564999996247934,INFO,adaptador.request,false,degradado,0.6185419988469221,9368.036021775,9368.036714233,9368.035957733,9368.036640317,CIRCUIT_OPEN,2026-09-05T00:04:31.234699Z
d8cc3b4c-b348-40db-bc29-314606c22467,run1_rep3,B,OPEN,OPEN,request,CACHE,HIT,0.027542000680114143,0.6957499990676297,INFO,adaptador.request,false,degradado,0.6080829989514314,9368.040993525,9368.041661733,9368.040965983,9368.041601608,CIRCUIT_OPEN,2026-09-05T00:04:31.239626Z
95ebc88d-3bda-43fc-9a3a-bb5faead9db4,run1_rep3,B,OPEN,OPEN,request,CACHE,HIT,0.017750000552041456,0.5033750003349269,INFO,adaptador.request,false,degradado,0.4255839994584676,9368.048828483,9368.049314108,9368.048810733,9368.049254067,CIRCUIT_OPEN,2026-09-05T00:04:31.247289Z
99dcbdfe-b2f5-46d8-89b7-ab0f77a532aa,run1_rep3,B,OPEN,OPEN,request,CACHE,HIT,0.02058300015050918,0.3741250002349261,INFO,adaptador.request,false,degradado,0.3052499996556435,9368.053604858,9368.0539584,9368.053584275,9368.053910108,CIRCUIT_OPEN,2026-09-05T00:04:31.251919Z
0cd7cda0-9226-4ab8-8258-5e5d02b0b3ed,run1_rep3,B,OPEN,OPEN,request,CACHE,HIT,0.046999999540275894,0.6251659997360548,INFO,adaptador.request,false,degradado,0.5018329993617954,9368.155850317,9368.156428483,9368.155803317,9368.15635215,CIRCUIT_OPEN,2026-09-05T00:04:31.354425Z
ba96d204-3ae7-45d1-9df6-8e3d3518bbd1,run1_rep3,B,OPEN,OPEN,request,CACHE,HIT,0.025208000806742348,0.49975000001722947,INFO,adaptador.request,false,degradado,0.4118750002817251,9368.1572954,9368.157769942,9368.157270192,9368.157707275,CIRCUIT_OPEN,2026-09-05T00:04:31.355760Z
c7775da6-efde-4995-8a70-68d6ec0f73c4,run1_rep3,B,OPEN,OPEN,request,CACHE,HIT,0.028415999622666277,0.5495829991559731,INFO,adaptador.request,false,degradado,0.45633400077349506,9368.170951983,9368.17147315,9368.170923567,9368.171408317,CIRCUIT_OPEN,2026-09-05T00:04:31.369444Z
ec925a90-f9d2-48e0-8a91-3c3e6fdb056e,run1_rep3,B,OPEN,OPEN,request,CACHE,HIT,0.04229200021654833,0.8826670000416925,INFO,adaptador.request,false,degradado,0.7323329991777427,9368.172657567,9368.173497942,9368.172615275,9368.1733899,CIRCUIT_OPEN,2026-09-05T00:04:31.371492Z
a0d71fc6-c551-4888-a166-4cae491ba06e,run1_rep3,B,OPEN,OPEN,request,CACHE,HIT,0.033166999855893664,0.6155840001156321,INFO,adaptador.request,false,degradado,0.5085829998279223,9368.2128779,9368.213460317,9368.212844733,9368.213386483,CIRCUIT_OPEN,2026-09-05T00:04:31.411453Z
adb12360-7066-482d-b8f2-496ec03c8908,run1_rep3,B,OPEN,OPEN,request,CACHE,HIT,0.051875000281143,1.1417500008974457,INFO,adaptador.request,false,degradado,0.9987089997594012,9368.348664025,9368.3497539,9368.34861215,9368.349662734,CIRCUIT_OPEN,2026-09-05T00:04:31.547750Z
606e62d9-e1bb-45ed-8aae-f07ff695286f,run1_rep3,B,OPEN,OPEN,request,CACHE,HIT,0.028250000468688086,1.2539160015876405,INFO,adaptador.request,false,degradado,1.1779579999711132,9368.349575859,9368.350801525,9368.349547609,9368.350753817,CIRCUIT_OPEN,2026-09-05T00:04:31.549029Z
50a116c3-83f2-4e0b-9068-216fd68b0310,run1_rep3,B,OPEN,OPEN,request,CACHE,HIT,0.01912500010803342,1.2358749991108198,INFO,adaptador.request,false,degradado,1.0425839991512476,9368.350611525,9368.351828275,9368.3505924,9368.351654109,CIRCUIT_OPEN,2026-09-05T00:04:31.550436Z
d48e5281-5447-4897-81c8-7332326ffb4b,run1_rep3,B,OPEN,OPEN,request,CACHE,HIT,0.04375000025902409,0.6909590010764077,INFO,adaptador.request,false,degradado,0.5657500005327165,9368.3799919,9368.380639109,9368.37994815,9368.38055765,CIRCUIT_OPEN,2026-09-05T00:04:31.578618Z
137a7057-d1fa-4b62-b1a7-a80ee7a00c03,run1_rep3,B,OPEN,OPEN,request,CACHE,HIT,0.04362499930721242,0.709332998667378,INFO,adaptador.request,false,degradado,0.5794579992652871,9368.435832317,9368.436498025,9368.435788692,9368.436411775,CIRCUIT_OPEN,2026-09-05T00:04:31.634483Z
f8959089-3b72-4b7f-98d3-9f166977e1c6,run1_rep3,B,OPEN,OPEN,request,CACHE,HIT,0.03949999882024713,0.6223330001375871,INFO,adaptador.request,false,degradado,0.500375001138309,9368.482248109,9368.482830942,9368.482208609,9368.482748484,CIRCUIT_OPEN,2026-09-05T00:04:31.680823Z
c710f5a3-fa62-4b5d-923e-a0574f86fc49,run1_rep3,B,OPEN,OPEN,request,CACHE,HIT,0.0301670006592758,0.9592499991413206,INFO,adaptador.request,false,degradado,0.8542079995095264,9368.508556692,9368.509485775,9368.508526525,9368.5094109,CIRCUIT_OPEN,2026-09-05T00:04:31.707701Z
1d60e436-c325-4570-845f-d759649a5b70,run1_rep3,B,OPEN,OPEN,request,CACHE,HIT,0.016375000996049494,0.7686250010010554,INFO,adaptador.request,false,degradado,0.713542000084999,9368.508973525,9368.509725775,9368.50895715,9368.509687067,CIRCUIT_OPEN,2026-09-05T00:04:31.708000Z
6fda7213-78c4-4da5-8fd1-7addf96cb08e,run1_rep3,B,OPEN,OPEN,request,CACHE,HIT,0.038333000702550635,0.5860830005985918,INFO,adaptador.request,false,degradado,0.47045799874467775,9368.553120942,9368.553668692,9368.553082609,9368.5535914,CIRCUIT_OPEN,2026-09-05T00:04:31.751655Z
59d1a012-2ef6-4e55-b2aa-9e14310368df,run1_rep3,B,OPEN,OPEN,request,CACHE,HIT,0.04154100133746397,0.718041001164238,INFO,adaptador.request,false,degradado,0.593374999880325,9368.59472715,9368.59540365,9368.594685609,9368.595320525,CIRCUIT_OPEN,2026-09-05T00:04:31.793385Z
cfb9477a-0d4d-4191-b715-f0cd7fc50f7f,run1_rep3,B,OPEN,OPEN,request,CACHE,HIT,0.043666999772540294,0.6795839999540476,INFO,adaptador.request,false,degradado,0.5534170013561379,9368.625082317,9368.625718234,9368.62503865,9368.625635734,CIRCUIT_OPEN,2026-09-05T00:04:31.823698Z
653be5e7-fdf3-4e0f-b183-1d3761d35950,run1_rep3,B,OPEN,OPEN,request,CACHE,HIT,0.04241700116836,1.1695420016621938,INFO,adaptador.request,false,degradado,1.0591249993012752,9368.653495442,9368.654622567,9368.653453025,9368.654554567,CIRCUIT_OPEN,2026-09-05T00:04:31.852888Z
3e21e599-45c2-49bf-ba8c-51f1706b63f8,run1_rep3,B,OPEN,OPEN,request,CACHE,HIT,0.019332999727339484,0.9422500006621704,INFO,adaptador.request,false,degradado,0.8717500004422618,9368.653981275,9368.654904192,9368.653961942,9368.654853025,CIRCUIT_OPEN,2026-09-05T00:04:31.853206Z
53c2dc5d-0c61-4e12-8c9b-08ee0d3148c3,run1_rep3,B,OPEN,OPEN,request,CACHE,HIT,0.02766599936876446,0.5901249987800838,INFO,adaptador.request,false,degradado,0.4906670001219027,9368.660783525,9368.661345984,9368.660755859,9368.661274192,CIRCUIT_OPEN,2026-09-05T00:04:31.859334Z
913c53b4-5af6-41f0-9a44-9290e07ab93a,run1_rep3,B,OPEN,OPEN,request,CACHE,HIT,0.02870800017262809,0.6730419991072267,INFO,adaptador.request,false,degradado,0.49029199908545706,9368.6972449,9368.697889234,9368.697216192,9368.697735192,CIRCUIT_OPEN,2026-09-05T00:04:31.896000Z
219cc662-e666-4ab1-80f1-b5f0b93c34cc,run1_rep3,B,OPEN,OPEN,request,CACHE,HIT,0.04183300006843638,0.6092909989092732,INFO,adaptador.request,false,degradado,0.49524999849381857,9368.726401317,9368.726968775,9368.726359484,9368.726896567,CIRCUIT_OPEN,2026-09-05T00:04:31.924974Z
2a7cda62-5e94-408e-9396-357c5177729a,run1_rep3,B,OPEN,OPEN,request,CACHE,HIT,0.04475000059755985,0.6016249990352662,INFO,adaptador.request,false,degradado,0.4651669987651985,9368.758489817,9368.759046692,9368.758445067,9368.758954984,CIRCUIT_OPEN,2026-09-05T00:04:31.957034Z
21fa91a4-c59d-4349-8d6e-0c006d4da356,run1_rep3,B,OPEN,OPEN,request,CACHE,HIT,0.03712499892571941,0.6455839993577683,INFO,adaptador.request,false,degradado,0.5152920002728933,9368.787502775,9368.788111234,9368.78746565,9368.788018067,CIRCUIT_OPEN,2026-09-05T00:04:31.986094Z
c12e62ac-2ec8-49a8-8944-5dff396aeb69,run1_rep3,B,OPEN,OPEN,request,CACHE,HIT,0.04429200089361984,0.554750000446802,INFO,adaptador.request,false,degradado,0.4519579997577239,9368.800038109,9368.800548567,9368.799993817,9368.800490067,CIRCUIT_OPEN,2026-09-05T00:04:31.998509Z
97323b3c-7378-4109-91fa-e237ecae0d03,run1_rep3,B,OPEN,OPEN,request,CACHE,HIT,0.04512500163400546,0.7041250009933719,INFO,adaptador.request,false,degradado,0.5660829992848448,9368.845119109,9368.845778109,9368.845073984,9368.845685192,CIRCUIT_OPEN,2026-09-05T00:04:32.043776Z
10908850-f651-47c5-be66-a03e620fd606,run1_rep3,B,OPEN,OPEN,request,CACHE,HIT,0.04279099994164426,0.6368329995893873,INFO,adaptador.request,false,degradado,0.5203339987929212,9368.860514525,9368.861108567,9368.860471734,9368.861034859,CIRCUIT_OPEN,2026-09-05T00:04:32.059086Z
fc10c48b-3f84-44de-a433-8b06a1a3aec6,run1_rep3,B,OPEN,OPEN,request,CACHE,HIT,0.032625001040287316,0.6030000004102476,INFO,adaptador.request,false,degradado,0.49212500016437843,9368.88433115,9368.884901525,9368.884298525,9368.884823275,CIRCUIT_OPEN,2026-09-05T00:04:32.082909Z
ec6a1179-2940-4ba9-9ccc-4c77ff9b510e,run1_rep3,B,OPEN,OPEN,request,CACHE,HIT,0.05108400000608526,0.8523339984094491,INFO,adaptador.request,false,degradado,0.7008749998931307,9368.926043859,9368.926845109,9368.925992775,9368.926744734,CIRCUIT_OPEN,2026-09-05T00:04:32.124833Z
0a9d2488-edf9-4277-9b0c-a9f1ae61c04d,run1_rep3,B,OPEN,OPEN,request,CACHE,HIT,0.05662500007019844,1.3376249989960343,INFO,adaptador.request,false,degradado,1.0333749996789265,9368.947811984,9368.949092984,9368.947755359,9368.948845359,CIRCUIT_OPEN,2026-09-05T00:04:32.147127Z
82d6c773-3d66-4e03-a18d-ff81f9ceed1b,run1_rep3,B,OPEN,OPEN,request,CACHE,HIT,0.025833000108832493,0.5460420015879208,INFO,adaptador.request,false,degradado,0.46091700096440036,9368.952379567,9368.952899776,9368.952353734,9368.952840484,CIRCUIT_OPEN,2026-09-05T00:04:32.150866Z
78740d65-f0fa-4f19-a967-59e09ba4de04,run1_rep3,B,OPEN,OPEN,request,CACHE,HIT,0.02950000089185778,0.6490830000984715,INFO,adaptador.request,false,degradado,0.5509999991772929,9368.980334026,9368.980953609,9368.980304526,9368.980885026,CIRCUIT_OPEN,2026-09-05T00:04:32.178966Z
4ab74043-98d4-4287-ab1b-14a7b8192373,run1_rep3,B,OPEN,OPEN,request,CACHE,HIT,0.02262499947391916,0.5346250000002328,INFO,adaptador.request,false,degradado,0.45229200077301357,9368.983944692,9368.984456692,9368.983922067,9368.984396984,CIRCUIT_OPEN,2026-09-05T00:04:32.182427Z
7026210a-dc3c-467c-9f45-2a1b79a3eb87,run1_rep3,B,OPEN,OPEN,request,CACHE,HIT,0.017082998965634033,0.375292000171612,INFO,adaptador.request,false,degradado,0.31641700115869753,9369.002545192,9369.002903401,9369.002528109,9369.002861609,CIRCUIT_OPEN,2026-09-05T00:04:32.200855Z
4332fbc2-22fb-4aef-8bd2-f7163f579281,run1_rep3,B,OPEN,OPEN,request,CACHE,HIT,0.014041001122677699,0.4654580006899778,INFO,adaptador.request,false,degradado,0.40387499939242844,9369.007813067,9369.008264484,9369.007799026,9369.008216942,CIRCUIT_OPEN,2026-09-05T00:04:32.206224Z
d746a46f-3844-4c20-a6f7-c524447d1656,run1_rep3,B,OPEN,OPEN,request,CACHE,HIT,0.037042000258225016,0.7190420001279563,INFO,adaptador.request,false,degradado,0.609582999459235,9369.100683401,9369.101365401,9369.100646359,9369.101292984,CIRCUIT_OPEN,2026-09-05T00:04:32.299355Z
00f16e17-2484-4562-8991-089308450f20,run1_rep3,B,OPEN,OPEN,request,CACHE,HIT,0.030250001145759597,0.6120420002844185,INFO,adaptador.request,false,degradado,0.5085419998067664,9369.113729692,9369.114311484,9369.113699442,9369.114238234,CIRCUIT_OPEN,2026-09-05T00:04:32.312301Z
893f47a0-82c9-4321-b052-1cfa80d7f1f9,run1_rep3,B,OPEN,OPEN,request,CACHE,HIT,0.0439589985035127,0.7133339986467035,INFO,adaptador.request,false,degradado,0.5847080010425998,9369.156952901,9369.157622276,9369.156908942,9369.157537609,CIRCUIT_OPEN,2026-09-05T00:04:32.355610Z
54c76f21-4bff-41e5-855e-6432387c8a81,run1_rep3,B,OPEN,OPEN,request,CACHE,HIT,0.030084000172792003,0.9532919993944233,INFO,adaptador.request,false,degradado,0.8145409992721397,9369.161831276,9369.162754484,9369.161801192,9369.162645817,CIRCUIT_OPEN,2026-09-05T00:04:32.360751Z
1f1aec44-fe73-4f69-b2fe-df45481d6828,run1_rep3,B,OPEN,OPEN,request,CACHE,HIT,0.04137500036449637,0.7046249993436504,INFO,adaptador.request,false,degradado,0.5732919998990837,9369.219447859,9369.220111109,9369.219406484,9369.220021151,CIRCUIT_OPEN,2026-09-05T00:04:32.418111Z
db02132c-a14a-42cc-a629-72ae7c015009,run1_rep3,B,OPEN,OPEN,request,CACHE,HIT,0.028374999601510353,0.952500000494183,INFO,adaptador.request,false,degradado,0.8257909994426882,9369.223532651,9369.224456776,9369.223504276,9369.224358442,CIRCUIT_OPEN,2026-09-05T00:04:32.422435Z
1d6af63e-a940-40ec-bdf9-305c185e5610,run1_rep3,B,OPEN,OPEN,request,CACHE,HIT,0.04604099922289606,0.6382079991453793,INFO,adaptador.request,false,degradado,0.5262089998723241,9369.264306817,9369.264898984,9369.264260776,9369.264833026,CIRCUIT_OPEN,2026-09-05T00:04:32.462870Z
f294fc87-c5c8-411e-97a9-9e318e874ed2,run1_rep3,B,OPEN,OPEN,request,CACHE,HIT,0.03245900006731972,0.588249999054824,INFO,adaptador.request,false,degradado,0.48158299978240393,9369.275688526,9369.276244317,9369.275656067,9369.276170109,CIRCUIT_OPEN,2026-09-05T00:04:32.474235Z
13805fbb-74af-4e95-ac8f-2b3562f0447e,run1_rep3,B,OPEN,OPEN,request,CACHE,HIT,0.036665998777607456,0.6135000003268942,INFO,adaptador.request,false,degradado,0.49729200145520736,9369.303100692,9369.303677526,9369.303064026,9369.303597984,CIRCUIT_OPEN,2026-09-05T00:04:32.501668Z
67070995-96c4-4855-8b55-92e84ce829f9,run1_rep3,B,OPEN,OPEN,request,CACHE,HIT,0.04224999975122046,0.8623329995316453,INFO,adaptador.request,false,degradado,0.7352920001721941,9369.349316484,9369.350136567,9369.349274234,9369.350051776,CIRCUIT_OPEN,2026-09-05T00:04:32.548153Z
91c04156-c391-4d8e-995d-0b9d9386f8ca,run1_rep3,B,OPEN,OPEN,request,CACHE,HIT,0.03270799970778171,0.60216599922569,INFO,adaptador.request,false,degradado,0.4960000005667098,9369.380415984,9369.380985442,9369.380383276,9369.380911984,CIRCUIT_OPEN,2026-09-05T00:04:32.579011Z
29b341e0-5923-43aa-848d-9da401856100,run1_rep3,B,OPEN,OPEN,request,CACHE,HIT,0.021084000763949007,1.2769590011885157,INFO,adaptador.request,false,degradado,1.1677080001391005,9369.381457276,9369.382713151,9369.381436192,9369.382624984,CIRCUIT_OPEN,2026-09-05T00:04:32.580685Z
e491c4f4-f76d-44f2-a053-f4ed15b347d7,run1_rep3,B,OPEN,OPEN,request,CACHE,HIT,0.019582999811973423,0.8391249994019745,INFO,adaptador.request,false,degradado,0.7702500006416813,9369.382547984,9369.383367526,9369.382528401,9369.383318234,CIRCUIT_OPEN,2026-09-05T00:04:32.581528Z
9feb55da-4996-4f6c-a499-6abe3bcc63a4,run1_rep3,B,OPEN,OPEN,request,CACHE,HIT,0.054667001677444205,0.8514590008417144,INFO,adaptador.request,false,degradado,0.7118329995137174,9369.469909859,9369.470706651,9369.469855192,9369.470621692,CIRCUIT_OPEN,2026-09-05T00:04:32.668690Z
fb190c8b-6ec7-4a20-9d0e-6eeb018626f8,run1_rep3,B,OPEN,OPEN,request,CACHE,HIT,0.03945900061808061,0.653584000247065,INFO,adaptador.request,false,degradado,0.5425409999588737,9369.503142526,9369.503756651,9369.503103067,9369.503685067,CIRCUIT_OPEN,2026-09-05T00:04:32.701739Z
b9cbdae1-06f1-45e5-bd0f-670625f302a1,run1_rep3,B,OPEN,OPEN,request,CACHE,HIT,0.036749999708263204,0.5872080000699498,INFO,adaptador.request,false,degradado,0.4731250010081567,9369.519147234,9369.519697692,9369.519110484,9369.519620359,CIRCUIT_OPEN,2026-09-05T00:04:32.717676Z
7708b667-19e3-4825-9c36-a10408c546f1,run1_rep3,B,OPEN,OPEN,request,CACHE,HIT,0.03625000135798473,0.5340000006981427,INFO,adaptador.request,false,degradado,0.4179999996267725,9369.535613567,9369.536111317,9369.535577317,9369.536031567,CIRCUIT_OPEN,2026-09-05T00:04:32.734100Z
86964a68-755e-4a07-b8e5-4b8fbd1222fc,run1_rep3,B,OPEN,OPEN,request,CACHE,HIT,0.06283299990172964,0.6839580000814749,INFO,adaptador.request,false,degradado,0.5385000004025642,9369.619036442,9369.619657567,9369.618973609,9369.619574942,CIRCUIT_OPEN,2026-09-05T00:04:32.817649Z
7f0884d1-bec1-4448-97c0-d7c37cf56017,run1_rep3,B,OPEN,OPEN,request,CACHE,HIT,0.030208000680431724,0.5812920007883804,INFO,adaptador.request,false,degradado,0.4792500003532041,9369.651373109,9369.651924193,9369.651342901,9369.651852359,CIRCUIT_OPEN,2026-09-05T00:04:32.849910Z
2112377c-179b-4112-94b6-36a8f858e280,run1_rep3,B,OPEN,OPEN,request,CACHE,HIT,0.02658300036273431,0.5094579992146464,INFO,adaptador.request,false,degradado,0.3856249986711191,9369.679547526,9369.680030401,9369.679520943,9369.679933151,CIRCUIT_OPEN,2026-09-05T00:04:32.878018Z
339503c9-059f-4187-9ea8-c6446518bdb2,run1_rep3,B,OPEN,OPEN,request,CACHE,HIT,0.026375000743428245,0.48704199980420526,INFO,adaptador.request,false,degradado,0.398000000132015,9369.689716609,9369.690177276,9369.689690234,9369.690114609,CIRCUIT_OPEN,2026-09-05T00:04:32.888158Z
38e47137-2a86-4a7e-b160-19925540937a,run1_rep3,B,OPEN,OPEN,request,CACHE,HIT,0.026832998628378846,0.49737500012270175,INFO,adaptador.request,false,degradado,0.4161670003668405,9369.709370984,9369.709841526,9369.709344151,9369.709787151,CIRCUIT_OPEN,2026-09-05T00:04:32.907811Z
94ea3e46-12cf-4f9e-a489-6cdc77f89c30,run1_rep3,B,OPEN,OPEN,request,CACHE,HIT,0.036833000194747,0.5970830006845063,INFO,adaptador.request,false,degradado,0.48104199959198013,9369.729161026,9369.729721276,9369.729124193,9369.729642068,CIRCUIT_OPEN,2026-09-05T00:04:32.927714Z
e1cd9304-4e1c-4641-95a6-5f256a44ac41,run1_rep3,B,OPEN,OPEN,request,CACHE,HIT,0.03229100002499763,0.5476249989442294,INFO,adaptador.request,false,degradado,0.4437499992491212,9369.758887484,9369.759402818,9369.758855193,9369.759331234,CIRCUIT_OPEN,2026-09-05T00:04:32.957381Z
995d858d-75db-4d10-a173-eeb1f1a0cf2b,run1_rep3,B,OPEN,OPEN,request,CACHE,HIT,0.04458399962459225,0.6374590011546388,INFO,adaptador.request,false,degradado,0.5183330013096565,9369.808881193,9369.809474068,9369.808836609,9369.809399526,CIRCUIT_OPEN,2026-09-05T00:04:33.007452Z
bf0ddd8f-7515-4b52-8aa2-3f20442ce3a7,run1_rep3,B,OPEN,OPEN,request,CACHE,HIT,0.03304199890408199,0.5829170004290063,INFO,adaptador.request,false,degradado,0.4629580016626278,9369.821487651,9369.822037526,9369.821454609,9369.821950609,CIRCUIT_OPEN,2026-09-05T00:04:33.020030Z
363a0a01-c19b-422c-9168-5918174e6267,run1_rep3,B,OPEN,OPEN,request,CACHE,HIT,0.023542001144960523,0.47516700033156667,INFO,adaptador.request,false,degradado,0.38183299875527155,9369.918296776,9369.918748401,9369.918273234,9369.918678609,CIRCUIT_OPEN,2026-09-05T00:04:33.116708Z
4c66f73a-de86-498a-bb33-f9bc9c791c71,run1_rep3,B,OPEN,OPEN,request,CACHE,HIT,0.019958000848419033,0.397083000279963,INFO,adaptador.request,false,degradado,0.3121249992545927,9369.953425234,9369.953802359,9369.953405276,9369.953737359,CIRCUIT_OPEN,2026-09-05T00:04:33.151808Z
49f6e6a4-7262-4cb1-b479-8aebe2a4603b,run1_rep3,B,OPEN,OPEN,request,CACHE,HIT,0.015000001440057531,0.3147080005874159,INFO,adaptador.request,false,degradado,0.2615829998831032,9369.963987151,9369.964286859,9369.963972151,9369.964248734,CIRCUIT_OPEN,2026-09-05T00:04:33.162235Z
85111d38-75e0-4034-86d3-70941ad1ba4b,run1_rep3,B,OPEN,OPEN,request,CACHE,HIT,0.011916999937966466,0.3034170003957115,INFO,adaptador.request,false,degradado,0.2523750008549541,9369.973966693,9369.974258193,9369.973954776,9369.974219068,CIRCUIT_OPEN,2026-09-05T00:04:33.172215Z
6c2532d3-85de-437f-a495-ecb809e45528,run1_rep3,B,OPEN,OPEN,request,CACHE,HIT,0.018582999473437667,0.34749999940686394,INFO,adaptador.request,false,degradado,0.2869589989131782,9370.018268734,9370.018597651,9370.018250151,9370.018555693,CIRCUIT_OPEN,2026-09-05T00:04:33.216538Z
ff59b65f-df91-48d4-a5eb-77403b1d083a,run1_rep3,B,OPEN,OPEN,request,CACHE,HIT,0.05608299943560269,1.006458000119892,INFO,adaptador.request,false,degradado,0.864249999722233,9370.125563151,9370.126513526,9370.125507068,9370.126427401,CIRCUIT_OPEN,2026-09-05T00:04:33.324515Z
65bf9e59-094f-4d37-99d4-d25382cacf16,run1_rep3,B,OPEN,OPEN,request,CACHE,HIT,0.01804200110200327,0.8445420007774374,INFO,adaptador.request,false,degradado,0.7801669999025762,9370.126326776,9370.127153276,9370.126308734,9370.127106943,CIRCUIT_OPEN,2026-09-05T00:04:33.325127Z
b235e2ad-1e37-4258-8ff4-b59a5a7fe34e,run1_rep3,B,OPEN,OPEN,request,CACHE,HIT,0.03470800038485322,1.0629999997036066,INFO,adaptador.request,false,degradado,0.9681249994173413,9370.160251776,9370.161280068,9370.160217068,9370.161219901,CIRCUIT_OPEN,2026-09-05T00:04:33.360294Z
26796c46-6285-44b9-ae1f-0396d0640da7,run1_rep3,B,OPEN,OPEN,request,CACHE,HIT,0.01716699989628978,1.5908329987723846,INFO,adaptador.request,false,degradado,1.5361249988927739,9370.160768943,9370.162342609,9370.160751776,9370.162305068,CIRCUIT_OPEN,2026-09-05T00:04:33.361038Z
8bda22f2-df9f-44bf-a92e-81706e8fac6e,run1_rep3,B,OPEN,OPEN,request,CACHE,HIT,0.016125000911415555,1.3654169997607823,INFO,adaptador.request,false,degradado,1.286791999518755,9370.161704234,9370.163053526,9370.161688109,9370.162991026,CIRCUIT_OPEN,2026-09-05T00:04:33.361640Z
a32a9e4e-dfe9-43cc-8b28-60685a086bab,run1_rep3,B,OPEN,OPEN,request,CACHE,HIT,0.017291000403929502,1.5896250006335322,INFO,adaptador.request,false,degradado,1.5300840004783822,9370.161952609,9370.163524943,9370.161935318,9370.163482693,CIRCUIT_OPEN,2026-09-05T00:04:33.362195Z
0606f988-bf29-481d-a4ab-421d87af84ae,run1_rep3,B,OPEN,OPEN,request,CACHE,HIT,0.038584001231356524,1.1352920009812806,INFO,adaptador.request,false,degradado,1.015874999211519,9370.264390193,9370.265486901,9370.264351609,9370.265406068,CIRCUIT_OPEN,2026-09-05T00:04:33.463462Z
6d835cde-0bb8-4c37-9967-5af778dd80ce,run1_rep3,B,OPEN,OPEN,request,CACHE,HIT,0.028208000003360212,0.5920830008108169,INFO,adaptador.request,false,degradado,0.4922090010950342,9370.269709609,9370.270273484,9370.269681401,9370.270201818,CIRCUIT_OPEN,2026-09-05T00:04:33.468265Z
19df9568-b7ac-48ed-b0e5-ee944edbe256,run1_rep3,B,OPEN,OPEN,request,CACHE,HIT,0.040333001379622146,0.7857079999666894,INFO,adaptador.request,false,degradado,0.650041998596862,9370.327712443,9370.328457818,9370.32767211,9370.328362485,CIRCUIT_OPEN,2026-09-05T00:04:33.526479Z
1084c14a-e90d-4304-afaf-47652378bae6,run1_rep3,B,OPEN,OPEN,request,CACHE,HIT,0.04629099930753,1.1990829989372287,INFO,adaptador.request,false,degradado,1.0686250006983755,9370.432309651,9370.433462443,9370.43226336,9370.433378276,CIRCUIT_OPEN,2026-09-05T00:04:33.631683Z
897392ab-456c-42f0-a1a2-630e61c1a2ce,run1_rep3,B,OPEN,OPEN,request,CACHE,HIT,0.038124999264255166,0.7216670001071179,INFO,adaptador.request,false,degradado,0.6379580008797348,9370.433027443,9370.433710985,9370.432989318,9370.433665401,CIRCUIT_OPEN,2026-09-05T00:04:33.632269Z
4b5c22c9-1e37-4bfb-881f-2bdadf0edb71,run1_rep3,B,OPEN,OPEN,request,CACHE,HIT,0.02829200093401596,0.5323330005921889,INFO,adaptador.request,false,degradado,0.43004100007237867,9370.44483636,9370.445340401,9370.444808068,9370.445266401,CIRCUIT_OPEN,2026-09-05T00:04:33.643332Z
da77dfa9-92a0-48fe-9b10-66c85fb64c1c,run1_rep3,B,OPEN,OPEN,request,CACHE,HIT,0.01608300044608768,0.8385830005863681,INFO,adaptador.request,false,degradado,0.7344999994529644,9370.501083526,9370.501906026,9370.501067443,9370.501818026,CIRCUIT_OPEN,2026-09-05T00:04:33.700256Z
e16e8726-e7a6-4f3b-8fe9-88a9da60eb39,run1_rep3,B,OPEN,OPEN,request,CACHE,HIT,0.04387499939184636,1.6175000000657747,INFO,adaptador.request,false,degradado,1.5182090010057436,9370.500661151,9370.502234776,9370.500617276,9370.50217936,CIRCUIT_OPEN,2026-09-05T00:04:33.700755Z
8cab2b8a-30ab-49fc-82e2-f80b9ed89809,run1_rep3,B,OPEN,OPEN,request,CACHE,HIT,0.030375000278581865,0.6910419997439021,INFO,adaptador.request,false,degradado,0.5884170004719635,9370.506220276,9370.506880943,9370.506189901,9370.506808693,CIRCUIT_OPEN,2026-09-05T00:04:33.704871Z
ae8c7fc9-3499-46cb-b972-2c3d65bce731,run1_rep3,B,OPEN,OPEN,request,CACHE,HIT,0.022375001208274625,0.4879160005657468,INFO,adaptador.request,false,degradado,0.4008329997304827,9370.509891235,9370.510356776,9370.50986886,9370.510292068,CIRCUIT_OPEN,2026-09-05T00:04:33.708348Z
688ff161-aa4e-4ad2-9aad-ef8ac52c9f77,run1_rep3,B,OPEN,OPEN,request,CACHE,HIT,0.04462500146473758,1.2111250016459962,INFO,adaptador.request,false,degradado,1.061915998434415,9370.58265736,9370.58382386,9370.582612735,9370.583719276,CIRCUIT_OPEN,2026-09-05T00:04:33.782219Z
c450f16d-2ca9-4089-bf58-0cfed01c393c,run1_rep3,B,OPEN,OPEN,request,CACHE,HIT,0.018917000488727354,1.07916700108035,INFO,adaptador.request,false,degradado,0.9639170002628816,9370.583148943,9370.584209193,9370.583130026,9370.58411286,CIRCUIT_OPEN,2026-09-05T00:04:33.782646Z
57cd190c-8ea9-4c3d-9173-12f5cf10a5d7,run1_rep3,B,OPEN,OPEN,request,CACHE,HIT,0.03154200021526776,0.6647089994658018,INFO,adaptador.request,false,degradado,0.5205830002523726,9370.587478943,9370.58811211,9370.587447401,9370.587999526,CIRCUIT_OPEN,2026-09-05T00:04:33.786130Z
3f77c697-d216-4002-921f-f17f2ed49e77,run1_rep3,B,OPEN,OPEN,request,CACHE,HIT,0.022791999072069302,0.4906670001219027,INFO,adaptador.request,false,degradado,0.3958329998567933,9370.601620693,9370.602088568,9370.601597901,9370.602016526,CIRCUIT_OPEN,2026-09-05T00:04:33.800077Z
e120635d-abf9-402a-b4d7-cf72d352447e,run1_rep3,B,OPEN,OPEN,request,CACHE,HIT,0.03883300087181851,0.7753330010018544,INFO,adaptador.request,false,degradado,0.6532080005854368,9370.644984818,9370.645721318,9370.644945985,9370.645638026,CIRCUIT_OPEN,2026-09-05T00:04:33.843722Z
7da2a351-2ac5-4d5d-863d-e6b7964d8d40,run1_rep3,B,OPEN,OPEN,request,CACHE,HIT,0.05062499985797331,0.504915999044897,INFO,adaptador.request,false,degradado,0.3931659994123038,9370.65104436,9370.651498651,9370.650993735,9370.651437526,CIRCUIT_OPEN,2026-09-05T00:04:33.849476Z
65da040c-6924-41fe-a539-7c2f00f2c5e3,run1_rep3,B,OPEN,OPEN,request,CACHE,HIT,0.041290999433840625,0.5967500001133885,INFO,adaptador.request,false,degradado,0.4840000001422595,9370.657018401,9370.65757386,9370.65697711,9370.657502401,CIRCUIT_OPEN,2026-09-05T00:04:33.855567Z
4f8d5ce5-0af6-48a9-a9cc-96d0eed4a882,run1_rep3,B,OPEN,OPEN,request,CACHE,HIT,0.03174999983457383,0.6102909992478089,INFO,adaptador.request,false,degradado,0.5135829997016117,9370.69875161,9370.699330151,9370.69871986,9370.699265193,CIRCUIT_OPEN,2026-09-05T00:04:33.897305Z
6d2940c8-210b-4e5a-a875-9948f5f96ce0,run1_rep3,B,OPEN,OPEN,request,CACHE,HIT,0.09495899939793162,1.2331249999988358,INFO,adaptador.request,false,degradado,1.056000000971835,9370.790139485,9370.791277651,9370.790044526,9370.791195485,CIRCUIT_OPEN,2026-09-05T00:04:33.990060Z
0029df05-9c76-4ff8-b76a-d614f1c6db42,run1_rep3,B,OPEN,OPEN,request,CACHE,HIT,0.053875000958214514,1.9911670005967608,INFO,adaptador.request,false,degradado,1.8923749994428363,9370.789575568,9370.79151286,9370.789521693,9370.791467943,CIRCUIT_OPEN,2026-09-05T00:04:33.990576Z
2288e9f1-8975-4e36-91ab-d1d9673716e7,run1_rep3,B,OPEN,OPEN,request,CACHE,HIT,0.019208000594517216,1.2661670007219072,INFO,adaptador.request,false,degradado,1.027709000481991,9370.790665651,9370.79191261,9370.790646443,9370.79169336,CIRCUIT_OPEN,2026-09-05T00:04:33.990915Z
d65a1ec3-fb6d-4693-b3fb-b82dced73020,run1_rep3,B,OPEN,OPEN,request,CACHE,HIT,0.04879100015386939,0.763833000746672,INFO,adaptador.request,false,degradado,0.6297090003499761,9370.838779901,9370.839494943,9370.83873111,9370.83940961,CIRCUIT_OPEN,2026-09-05T00:04:34.037481Z
c20e9773-1c49-4597-8f06-9e0fd4a322e2,run1_rep3,B,OPEN,OPEN,request,CACHE,HIT,0.0714170000719605,0.8040000011533266,INFO,adaptador.request,false,degradado,0.643708001007326,9370.898043193,9370.898775776,9370.897971776,9370.898686901,CIRCUIT_OPEN,2026-09-05T00:04:34.096755Z
c17afd9a-118e-4c79-b295-2a05ee09bcf3,run1_rep3,B,OPEN,OPEN,request,CACHE,HIT,0.05795799916086253,0.8547500001441222,INFO,adaptador.request,false,degradado,0.7002500005910406,9370.954141526,9370.954938318,9370.954083568,9370.954841776,CIRCUIT_OPEN,2026-09-05T00:04:34.152935Z
f3f29730-e2d5-43ec-a3a3-c87a52c5e155,run1_rep3,B,OPEN,OPEN,request,CACHE,HIT,0.029291000828379765,0.5939160000707489,INFO,adaptador.request,false,degradado,0.506291999045061,9370.957637776,9370.958202401,9370.957608485,9370.958144068,CIRCUIT_OPEN,2026-09-05T00:04:34.156170Z
9f00aa74-e078-4931-ac89-beb608632b8c,run1_rep3,B,OPEN,OPEN,request,CACHE,HIT,0.021292000383255072,0.6664579996140674,INFO,adaptador.request,false,degradado,0.5687499997293344,9370.95939286,9370.960038026,9370.959371568,9370.95996161,CIRCUIT_OPEN,2026-09-05T00:04:34.158066Z
2c86c836-0054-4910-be52-62d0a667b353,run1_rep3,B,OPEN,OPEN,request,CACHE,HIT,0.021208001271588728,0.3923330004909076,INFO,adaptador.request,false,degradado,0.31999999919207767,9370.973367193,9370.973738318,9370.973345985,9370.973687193,CIRCUIT_OPEN,2026-09-05T00:04:34.171704Z
287737ac-67b9-4ebf-afe6-9e9e058db460,run1_rep3,B,OPEN,OPEN,request,CACHE,HIT,0.03904200093529653,0.6847500008007046,INFO,adaptador.request,false,degradado,0.5748749990743818,9371.059915902,9371.06056161,9371.05987686,9371.060490777,CIRCUIT_OPEN,2026-09-05T00:04:34.258532Z
b0c11178-720a-4471-8347-97359b466e98,run1_rep3,B,OPEN,OPEN,request,CACHE,HIT,0.045124999815016054,0.7938329999888083,INFO,adaptador.request,false,degradado,0.6635829995502718,9371.089439902,9371.09018861,9371.089394777,9371.090103485,CIRCUIT_OPEN,2026-09-05T00:04:34.288187Z
ccd5390c-522e-4675-bdd9-c416943c7fef,run1_rep3,B,OPEN,OPEN,request,CACHE,HIT,0.03404199924261775,0.5942499992670491,INFO,adaptador.request,false,degradado,0.48591700033284724,9371.107694235,9371.108254443,9371.107660193,9371.108180152,CIRCUIT_OPEN,2026-09-05T00:04:34.306246Z
b2265019-2b07-47a9-9558-605bfbf70243,run1_rep3,B,OPEN,OPEN,request,CACHE,HIT,0.036749999708263204,1.037916999848676,INFO,adaptador.request,false,degradado,0.9294579995184904,9371.15893336,9371.159934527,9371.15889661,9371.159862818,CIRCUIT_OPEN,2026-09-05T00:04:34.357955Z
b63df9ab-05f6-456c-8424-33aece11bdf3,run1_rep3,B,OPEN,OPEN,request,CACHE,HIT,0.026541998522588983,0.8421669990639202,INFO,adaptador.request,false,degradado,0.7724580009380588,9371.159739902,9371.160555527,9371.15971336,9371.16051236,CIRCUIT_OPEN,2026-09-05T00:04:34.358699Z
51a071ce-3d25-4e27-94d5-833182928034,run1_rep3,B,OPEN,OPEN,request,CACHE,HIT,0.03733400080818683,0.6067089998396114,INFO,adaptador.request,false,degradado,0.4967909990227781,9371.191562652,9371.192132027,9371.191525318,9371.192059443,CIRCUIT_OPEN,2026-09-05T00:04:34.390127Z
bc3414ed-9e23-4ce7-966c-8142a96d7a3c,run1_rep3,B,OPEN,OPEN,request,CACHE,HIT,0.03758300044864882,0.6179579995659878,INFO,adaptador.request,false,degradado,0.5003339992981637,9371.227382068,9371.227962443,9371.227344485,9371.227882402,CIRCUIT_OPEN,2026-09-05T00:04:34.425980Z
0e5f197c-9781-4f9c-8211-5163ac909de4,run1_rep3,B,OPEN,OPEN,request,CACHE,HIT,0.05295799928717315,0.5676250002579764,INFO,adaptador.request,false,degradado,0.4538339999271557,9371.251050943,9371.25156561,9371.250997985,9371.251504777,CIRCUIT_OPEN,2026-09-05T00:04:34.449539Z
29cc0f15-9aef-481a-b5b6-28539cb57b06,run1_rep3,B,OPEN,OPEN,request,CACHE,HIT,0.03195799945387989,0.57208299949707,INFO,adaptador.request,false,degradado,0.46533400018233806,9371.266308818,9371.266848943,9371.26627686,9371.266774152,CIRCUIT_OPEN,2026-09-05T00:04:34.464849Z
9f75ed2c-a6d3-418d-9498-fa7396a7f7b6,run1_rep3,B,OPEN,OPEN,request,CACHE,HIT,0.02604099972813856,0.4556659987429157,INFO,adaptador.request,false,degradado,0.3659169997263234,9371.269684568,9371.270114193,9371.269658527,9371.270050485,CIRCUIT_OPEN,2026-09-05T00:04:34.468096Z
71dea1e6-37fe-461f-a601-192bfea3a92d,run1_rep3,B,OPEN,OPEN,request,CACHE,HIT,0.05529199916054495,0.8331249991897494,INFO,adaptador.request,false,degradado,0.6700829999317648,9371.324188777,9371.32496661,9371.324133485,9371.32485886,CIRCUIT_OPEN,2026-09-05T00:04:34.523004Z
0c700269-deea-4ab3-898a-86f4af87f85d,run1_rep3,B,OPEN,OPEN,request,CACHE,HIT,0.043582998841884546,1.0604580002109287,INFO,adaptador.request,false,degradado,0.9445000014238758,9371.353169068,9371.354185943,9371.353125485,9371.354113568,CIRCUIT_OPEN,2026-09-05T00:04:34.552415Z
8c9b6153-65a1-4d2a-a266-e30665ee4f6d,run1_rep3,B,OPEN,OPEN,request,CACHE,HIT,0.018791999536915682,0.8115420005196938,INFO,adaptador.request,false,degradado,0.7450829998560948,9371.35364611,9371.35443886,9371.353627318,9371.354391193,CIRCUIT_OPEN,2026-09-05T00:04:34.552675Z
c250e1ca-59d1-4edb-9e9c-73e4d7ed8737,run1_rep3,B,OPEN,OPEN,request,CACHE,HIT,0.05124999916006345,0.826749999760068,INFO,adaptador.request,false,degradado,0.6774590001441538,9371.402519693,9371.403295193,9371.402468443,9371.403197152,CIRCUIT_OPEN,2026-09-05T00:04:34.601294Z
bb43ad6b-116d-4e89-a9a6-fbdd308d92e5,run1_rep3,B,OPEN,OPEN,request,CACHE,HIT,0.07029200060060248,1.4539170006173663,INFO,adaptador.request,false,degradado,1.293915998758166,9371.446069027,9371.447452652,9371.445998735,9371.447362943,CIRCUIT_OPEN,2026-09-05T00:04:34.645688Z
6cc356dc-581f-45ae-b61f-e9f65ff33666,run1_rep3,B,OPEN,OPEN,request,CACHE,HIT,0.028666998332482763,0.9513749992038356,INFO,adaptador.request,false,degradado,0.8789580006123288,9371.446790985,9371.447713693,9371.446762318,9371.447669943,CIRCUIT_OPEN,2026-09-05T00:04:34.646031Z
c718bcc0-7432-4e29-b418-186171382521,run1_rep3,B,OPEN,OPEN,request,CACHE,HIT,0.029041000743745826,0.6065410016162787,INFO,adaptador.request,false,degradado,0.4943750009260839,9371.477442943,9371.478020443,9371.477413902,9371.477937318,CIRCUIT_OPEN,2026-09-05T00:04:34.676003Z
57de6138-404e-4394-ad11-e7fa32b37bf3,run1_rep3,B,OPEN,OPEN,request,CACHE,HIT,0.024124999981722794,0.4529589987214422,INFO,adaptador.request,false,degradado,0.36579199877451174,9371.488041443,9371.488470277,9371.488017318,9371.488407235,CIRCUIT_OPEN,2026-09-05T00:04:34.686434Z
bc3eb825-13d5-4d0e-8c34-449232dc0406,run1_rep3,B,OPEN,OPEN,request,CACHE,HIT,0.04662500032281969,0.7782089996908326,INFO,adaptador.request,false,degradado,0.608874999670661,9371.519364693,9371.520096277,9371.519318068,9371.519973568,CIRCUIT_OPEN,2026-09-05T00:04:34.718087Z
dc4baae3-ba1a-4fc2-b463-7d1c216535b3,run1_rep3,B,OPEN,OPEN,request,CACHE,HIT,0.020666000636992976,0.4874580008618068,INFO,adaptador.request,false,degradado,0.36695900053018704,9371.561627068,9371.56209386,9371.561606402,9371.561994027,CIRCUIT_OPEN,2026-09-05T00:04:34.760098Z
6ac984fe-64be-4614-8293-932aa5ae362d,run1_rep3,B,OPEN,OPEN,request,CACHE,HIT,0.04058400008943863,0.7239999995363178,INFO,adaptador.request,false,degradado,0.6037909988663159,9371.586282902,9371.586966318,9371.586242318,9371.586886693,CIRCUIT_OPEN,2026-09-05T00:04:34.784970Z
5e4677cd-1952-4f56-aa31-9ab1fa0709f3,run1_rep3,B,OPEN,OPEN,request,CACHE,HIT,0.039832999391364865,0.7087079993652878,INFO,adaptador.request,false,degradado,0.5989170003886102,9371.637764693,9371.638433568,9371.63772486,9371.63836361,CIRCUIT_OPEN,2026-09-05T00:04:34.836409Z
658dbc33-88ed-4071-8521-a49972f37405,run1_rep3,B,OPEN,OPEN,request,CACHE,HIT,0.037292000342858955,1.0025829997175606,INFO,adaptador.request,false,degradado,0.9003749983094167,9371.696300527,9371.697265818,9371.696263235,9371.697200902,CIRCUIT_OPEN,2026-09-05T00:04:34.895259Z
2ce0b139-ab9d-447a-9c57-65296e72bf08,run1_rep3,B,OPEN,OPEN,request,CACHE,HIT,0.029041999368928373,0.8054589998209849,INFO,adaptador.request,false,degradado,0.7140830002754228,9371.69709736,9371.697873777,9371.697068318,9371.697811443,CIRCUIT_OPEN,2026-09-05T00:04:34.896033Z
8f655788-0247-44e3-9734-14542b1cd66d,run1_rep3,B,OPEN,OPEN,request,CACHE,HIT,0.043000000005122274,0.5731670007662615,INFO,adaptador.request,false,degradado,0.4609580009855563,9371.742078152,9371.742608319,9371.742035152,9371.74253911,CIRCUIT_OPEN,2026-09-05T00:04:34.940590Z
f6f7198b-36b4-43f3-b7b5-2e96c5a3d9b5,run1_rep3,B,OPEN,OPEN,request,CACHE,HIT,0.028249998649698682,0.5744579993915977,INFO,adaptador.request,false,degradado,0.487375000375323,9371.752974902,9371.75352111,9371.752946652,9371.753462277,CIRCUIT_OPEN,2026-09-05T00:04:34.951495Z
5e6d1fad-cfcc-4de9-8bf1-af939d77cafb,run1_rep3,B,OPEN,OPEN,request,CACHE,HIT,0.07391600047412794,0.7605829996464308,INFO,adaptador.request,false,degradado,0.5943749983998714,9371.825025485,9371.825712152,9371.824951569,9371.82561986,CIRCUIT_OPEN,2026-09-05T00:04:35.023699Z
ce332385-e997-49c8-833f-08bbe443f693,run1_rep3,B,OPEN,OPEN,request,CACHE,HIT,0.05062499985797331,0.8448750013485551,INFO,adaptador.request,false,degradado,0.7050420008454239,9371.87591711,9371.87671136,9371.875866485,9371.876622152,CIRCUIT_OPEN,2026-09-05T00:04:35.074705Z
d51c9425-e6e1-47e1-b303-9bb22c65777c,run1_rep3,B,OPEN,OPEN,request,CACHE,HIT,0.05254099960438907,0.8138329994835658,INFO,adaptador.request,false,degradado,0.6437920001189923,9371.925315735,9371.926077027,9371.925263194,9371.925959527,CIRCUIT_OPEN,2026-09-05T00:04:35.124065Z
da1b4207-c059-4709-8fb3-e2b87bbf2456,run1_rep3,B,OPEN,OPEN,request,CACHE,HIT,0.04345799970906228,1.5662499990867218,INFO,adaptador.request,false,degradado,1.256624998859479,9371.934882985,9371.936405777,9371.934839527,9371.93613961,CIRCUIT_OPEN,2026-09-05T00:04:35.134656Z
46a4b8e1-2278-479e-8c1e-07e6c8d6e289,run1_rep3,B,OPEN,OPEN,request,CACHE,HIT,0.02074999974865932,0.4020409996883245,INFO,adaptador.request,false,degradado,0.3332500000396976,9371.966852444,9371.967233735,9371.966831694,9371.967185694,CIRCUIT_OPEN,2026-09-05T00:04:35.165186Z
b6dc4899-2c0f-41ca-bfee-222da272c6ab,run1_rep3,B,OPEN,OPEN,request,CACHE,HIT,0.015375000657513738,0.29387500035227276,INFO,adaptador.request,false,degradado,0.24166699950001203,9371.98590986,9371.98618836,9371.985894485,9371.986151527,CIRCUIT_OPEN,2026-09-05T00:04:35.184130Z
66e9e816-aaa3-4fe4-a565-ecc48b2f8f54,run1_rep3,B,OPEN,OPEN,request,CACHE,HIT,0.01929099926201161,0.3984159993706271,INFO,adaptador.request,false,degradado,0.3332920005050255,9371.98929211,9371.989671235,9371.989272819,9371.989625402,CIRCUIT_OPEN,2026-09-05T00:04:35.187621Z
e9bf2b28-d08b-4121-a585-629415d559ce,run1_rep3,B,OPEN,OPEN,request,CACHE,HIT,0.016666999727021903,0.3242920010961825,INFO,adaptador.request,false,degradado,0.2707920011744136,9372.055504027,9372.055811652,9372.05548736,9372.055774819,CIRCUIT_OPEN,2026-09-05T00:04:35.253753Z
a6b2770c-0cae-46de-99cc-26f5573fbd0b,run1_rep3,B,OPEN,OPEN,request,CACHE,HIT,0.012208998668938875,0.26779200015880633,INFO,adaptador.request,false,degradado,0.21279100110405125,9372.073784444,9372.074040027,9372.073772235,9372.073997235,CIRCUIT_OPEN,2026-09-05T00:04:35.271973Z
11ce586e-cbed-4d59-81b8-b9b33d5cb6c5,run1_rep3,B,OPEN,OPEN,request,CACHE,HIT,0.036875000660074875,0.6240000002435409,INFO,adaptador.request,false,degradado,0.5354999993869569,9372.145028027,9372.145615152,9372.144991152,9372.145563527,CIRCUIT_OPEN,2026-09-05T00:04:35.343573Z
1175274b-649a-4ae4-993f-24a2c9445179,run1_rep3,B,OPEN,OPEN,request,CACHE,HIT,0.022790998627897352,0.52466600027401,INFO,adaptador.request,false,degradado,0.42608400144672487,9372.16509786,9372.165599735,9372.165075069,9372.165523944,CIRCUIT_OPEN,2026-09-05T00:04:35.363579Z
98edc8dd-9cf8-4bc5-8605-8e9236b86415,run1_rep3,B,OPEN,OPEN,request,CACHE,HIT,0.017874999684863724,0.4252500002621673,INFO,adaptador.request,false,degradado,0.34899999991466757,9372.168443319,9372.168850694,9372.168425444,9372.168792319,CIRCUIT_OPEN,2026-09-05T00:04:35.366826Z
26f7288f-efd6-435a-a779-bf5df77f5e33,run1_rep3,B,OPEN,OPEN,request,CACHE,HIT,0.014375000318977982,0.32741700124461204,INFO,adaptador.request,false,degradado,0.27445799969427753,9372.183582402,9372.183895444,9372.183568027,9372.18385686,CIRCUIT_OPEN,2026-09-05T00:04:35.381840Z
31a82024-03a8-4c97-9203-3e5ec74dcc51,run1_rep3,B,OPEN,OPEN,request,CACHE,HIT,0.015333000192185864,0.3589999996620463,INFO,adaptador.request,false,degradado,0.30199999855540227,9372.223574027,9372.223917694,9372.223558694,9372.223876027,CIRCUIT_OPEN,2026-09-05T00:04:35.421865Z
c6cf8682-c19f-4381-b72f-a2fd19c8e420,run1_rep3,B,OPEN,OPEN,request,CACHE,HIT,0.041540999518474564,0.7136250005714828,INFO,adaptador.request,false,degradado,0.5961250008112984,9372.25290036,9372.253572444,9372.252858819,9372.253496485,CIRCUIT_OPEN,2026-09-05T00:04:35.451549Z
bf54ee5e-51b1-45b1-a7be-64b2d1d5bbeb,run1_rep3,B,OPEN,OPEN,request,CACHE,HIT,0.03545800063875504,0.9449580011278158,INFO,adaptador.request,false,degradado,0.8675419994688127,9372.336029152,9372.336938652,9372.335993694,9372.336896694,CIRCUIT_OPEN,2026-09-05T00:04:35.534908Z
dd49c9a0-998b-4dd8-83ae-db52b6e1707b,run1_rep3,B,OPEN,OPEN,request,CACHE,HIT,0.05041700023866724,1.1737090007954976,INFO,adaptador.request,false,degradado,1.0367079994466621,9372.335548277,9372.336671569,9372.33549786,9372.336584985,CIRCUIT_OPEN,2026-09-05T00:04:35.535185Z
f99ff301-3107-4934-b938-b772714c5c9f,run1_rep3,B,OPEN,OPEN,request,CACHE,HIT,0.05162500019650906,0.8482499997626292,INFO,adaptador.request,false,degradado,0.6958750000194414,9372.38090786,9372.381704485,9372.380856235,9372.381603735,CIRCUIT_OPEN,2026-09-05T00:04:35.579705Z
88f81e56-9f0d-482b-ae53-49b74ba6a8fa,run1_rep3,B,OPEN,OPEN,request,CACHE,HIT,0.031083998692338355,0.6362499989336357,INFO,adaptador.request,false,degradado,0.5322079996403772,9372.386693944,9372.38729911,9372.38666286,9372.387226152,CIRCUIT_OPEN,2026-09-05T00:04:35.585291Z
8905ef93-9f2a-4875-a281-64603384dc06,run1_rep3,B,OPEN,OPEN,request,CACHE,HIT,0.02179200055252295,0.48304200026905164,INFO,adaptador.request,false,degradado,0.39279199882003013,9372.410426902,9372.410888152,9372.41040511,9372.410819694,CIRCUIT_OPEN,2026-09-05T00:04:35.608880Z
52a28037-63c7-4404-b82e-7415e9762ca3,run1_rep3,B,OPEN,OPEN,request,CACHE,HIT,0.015708001228631474,0.8237910005846061,INFO,adaptador.request,false,degradado,0.7456249986717012,9372.426638069,9372.427446152,9372.426622361,9372.427383694,CIRCUIT_OPEN,2026-09-05T00:04:35.625432Z
bc1bae92-2455-4b6f-be31-86ba0dc3ceaa,run1_rep3,B,OPEN,OPEN,request,CACHE,HIT,0.04620800064003561,0.7552080005552853,INFO,adaptador.request,false,degradado,0.630000000455766,9372.493159652,9372.493868652,9372.493113444,9372.493789652,CIRCUIT_OPEN,2026-09-05T00:04:35.691866Z
2777b334-7ff5-4734-8828-1de665298ed4,run1_rep3,B,OPEN,OPEN,request,CACHE,HIT,0.06349999966914766,0.7610419997945428,INFO,adaptador.request,false,degradado,0.6202090007718652,9372.498060527,9372.498758069,9372.497997027,9372.498680736,CIRCUIT_OPEN,2026-09-05T00:04:35.696752Z
2c335cb2-7097-4872-b1bd-45c0437fca43,run1_rep3,B,OPEN,OPEN,request,CACHE,HIT,0.023583001166116446,0.48933300058706664,INFO,adaptador.request,false,degradado,0.3985419989476213,9372.513435819,9372.513901569,9372.513412236,9372.513834361,CIRCUIT_OPEN,2026-09-05T00:04:35.711906Z
f48f28cc-a60b-403c-839f-b5e4ec0d7dc3,run1_rep3,B,OPEN,OPEN,request,CACHE,HIT,0.041040999349206686,0.6633329994656378,INFO,adaptador.request,false,degradado,0.539459000719944,9372.601907777,9372.602530069,9372.601866736,9372.602447236,CIRCUIT_OPEN,2026-09-05T00:04:35.800530Z
6bae1b64-5ab1-43d6-9cd8-56f6213516c3,run1_rep3,B,OPEN,OPEN,request,CACHE,HIT,0.03724999987753108,0.8512089989380911,INFO,adaptador.request,false,degradado,0.751499999751104,9372.634122027,9372.634935986,9372.634084777,9372.634873527,CIRCUIT_OPEN,2026-09-05T00:04:35.832947Z
21ec5602-7c35-4a10-8930-ebb09cce3c6a,run1_rep3,B,OPEN,OPEN,request,CACHE,HIT,0.0228749995585531,0.7523749991378281,INFO,adaptador.request,false,degradado,0.6819589998485753,9372.634784402,9372.635513902,9372.634761527,9372.635466361,CIRCUIT_OPEN,2026-09-05T00:04:35.833655Z
1f68fa2f-c5b9-46c9-a40b-7ad61b45d0ee,run1_rep3,B,OPEN,OPEN,request,CACHE,HIT,0.0490829988848418,1.278665999052464,INFO,adaptador.request,false,degradado,1.108583001041552,9372.730685444,9372.731915027,9372.730636361,9372.731794027,CIRCUIT_OPEN,2026-09-05T00:04:35.929993Z
e0e42af5-effc-4157-b94c-a855bf447728,run1_rep3,B,OPEN,OPEN,request,CACHE,HIT,0.04054099917993881,0.6056660004105652,INFO,adaptador.request,false,degradado,0.4969590008840896,9372.734652402,9372.735217527,9372.734611861,9372.735149361,CIRCUIT_OPEN,2026-09-05T00:04:35.933186Z
ea1215e4-1cfa-472d-af50-638bb1615fd7,run1_rep3,B,OPEN,OPEN,request,CACHE,HIT,0.0547500003449386,0.8187500006897608,INFO,adaptador.request,false,degradado,0.6824169995525153,9372.761030194,9372.761794194,9372.760975444,9372.761712611,CIRCUIT_OPEN,2026-09-05T00:04:35.959788Z
7ae9b150-a818-431a-a2d7-793ce24c0328,run1_rep3,B,OPEN,OPEN,request,CACHE,HIT,0.025416000426048413,0.5357499994715909,INFO,adaptador.request,false,degradado,0.43574999835982453,9372.772547402,9372.773057736,9372.772521986,9372.772983152,CIRCUIT_OPEN,2026-09-05T00:04:35.971046Z
a8213502-72d6-47e1-826f-c0637cb7e2c2,run1_rep3,B,OPEN,OPEN,request,CACHE,HIT,0.03720899985637516,0.6395420004992047,INFO,adaptador.request,false,degradado,0.527374999364838,9372.829532861,9372.830135194,9372.829495652,9372.830060236,CIRCUIT_OPEN,2026-09-05T00:04:36.028112Z
8b6d5d21-33c1-4c87-9f96-12179166d7dc,run1_rep3,B,OPEN,OPEN,request,CACHE,HIT,0.03166699934809003,0.57412499882048,INFO,adaptador.request,false,degradado,0.46966599984443747,9372.853234986,9372.853777444,9372.853203319,9372.853704652,CIRCUIT_OPEN,2026-09-05T00:04:36.051761Z
5fa713dc-a13e-4948-944a-246914362564,run1_rep3,B,OPEN,OPEN,request,CACHE,HIT,0.0334169999405276,0.5667080004059244,INFO,adaptador.request,false,degradado,0.4638330010493519,9372.903152111,9372.903685402,9372.903118694,9372.903615944,CIRCUIT_OPEN,2026-09-05T00:04:36.101674Z
ae47b527-b41d-463a-8108-fe83a907b57e,run1_rep3,B,OPEN,OPEN,request,CACHE,HIT,0.046291001126519404,0.7649580002180301,INFO,adaptador.request,false,degradado,0.6365839999489253,9372.937383902,9372.938102569,9372.937337611,9372.938020486,CIRCUIT_OPEN,2026-09-05T00:04:36.136077Z
8472d870-04db-4420-a3b9-034b2b2b3194,run1_rep3,B,OPEN,OPEN,request,CACHE,HIT,0.031042000045999885,0.49612499969953205,INFO,adaptador.request,false,degradado,0.4073750005773036,9372.941516194,9372.941981277,9372.941485152,9372.941923569,CIRCUIT_OPEN,2026-09-05T00:04:36.139974Z
12167a2a-cfda-488f-89c8-957a7f8c39df,run1_rep3,B,OPEN,OPEN,request,CACHE,HIT,0.0497920009365771,0.7128340002964251,INFO,adaptador.request,false,degradado,0.5767499987996416,9372.978034694,9372.978697736,9372.977984902,9372.978611444,CIRCUIT_OPEN,2026-09-05T00:04:36.176691Z
e5f02a42-0a95-4383-8603-662af7c030cd,run1_rep3,B,OPEN,OPEN,request,CACHE,HIT,0.021833000573678873,0.43125000047439244,INFO,adaptador.request,false,degradado,0.3594579993659863,9372.989385944,9372.989795361,9372.989364111,9372.989745402,CIRCUIT_OPEN,2026-09-05T00:04:36.187758Z
d63be00d-1002-417e-bce5-7eac584a72cf,run1_rep3,B,OPEN,OPEN,request,CACHE,HIT,0.035958000808022916,0.6440830002247822,INFO,adaptador.request,false,degradado,0.5228329991950886,9373.032353319,9373.032961444,9373.032317361,9373.032876152,CIRCUIT_OPEN,2026-09-05T00:04:36.230973Z
4b94e320-a7b0-45e6-8629-ff9c58cde54c,run1_rep3,B,OPEN,OPEN,request,CACHE,HIT,0.02308300099684857,0.6945830009499332,INFO,adaptador.request,false,degradado,0.6214999993972015,9373.033539444,9373.034210944,9373.033516361,9373.034160944,CIRCUIT_OPEN,2026-09-05T00:04:36.232175Z
5266f628-3563-43c8-806b-3948ac37ed0d,run1_rep3,B,OPEN,OPEN,request,CACHE,HIT,0.02766699981293641,0.6172499997774139,INFO,adaptador.request,false,degradado,0.5172080000193091,9373.043981944,9373.044571527,9373.043954277,9373.044499152,CIRCUIT_OPEN,2026-09-05T00:04:36.242565Z
9bb4169b-813b-4f2e-bbd4-b7ffab26f6b0,run1_rep3,B,OPEN,OPEN,request,CACHE,HIT,0.016833000699989498,0.4532080001808936,INFO,adaptador.request,false,degradado,0.3630419996625278,9373.055605944,9373.056042319,9373.055589111,9373.055968986,CIRCUIT_OPEN,2026-09-05T00:04:36.254018Z
b81900ee-e114-40bf-a9c5-0f8ce9cdb2ae,run1_rep3,B,OPEN,OPEN,request,CACHE,HIT,0.01716699989628978,0.3860420001728926,INFO,adaptador.request,false,degradado,0.3092920014751144,9373.060190694,9373.060559569,9373.060173527,9373.060499986,CIRCUIT_OPEN,2026-09-05T00:04:36.258544Z
070ffd4b-3103-4ff6-acc6-020dd2690451,run1_rep3,B,OPEN,OPEN,request,CACHE,HIT,0.03808299879892729,0.6515419991046656,INFO,adaptador.request,false,degradado,0.5478750008478528,9373.125256819,9373.125870278,9373.125218736,9373.125804694,CIRCUIT_OPEN,2026-09-05T00:04:36.323843Z
a0d65fd7-31db-412f-854a-a3a422515395,run1_rep3,B,OPEN,OPEN,request,CACHE,HIT,0.0396249997720588,0.6229579994396772,INFO,adaptador.request,false,degradado,0.5158330004633171,9373.157053236,9373.157636569,9373.157013611,9373.157569069,CIRCUIT_OPEN,2026-09-05T00:04:36.355605Z
ab72b84f-c83a-43dd-9857-b9893142c70b,run1_rep3,B,OPEN,OPEN,request,CACHE,HIT,0.03879200085066259,0.6900830012455117,INFO,adaptador.request,false,degradado,0.5833750001329463,9373.177940653,9373.178591944,9373.177901861,9373.178524028,CIRCUIT_OPEN,2026-09-05T00:04:36.376573Z
a41a1dd7-6c19-4c1a-b365-738bcafa29c0,run1_rep3,B,OPEN,OPEN,request,CACHE,HIT,0.027292000595480204,0.524417000633548,INFO,adaptador.request,false,degradado,0.4379579986562021,9373.196906028,9373.197403153,9373.196878736,9373.197343986,CIRCUIT_OPEN,2026-09-05T00:04:36.395378Z
c5de1caa-c4a8-44ab-95de-5f255776c35a,run1_rep3,B,OPEN,OPEN,request,CACHE,HIT,0.031208999644150026,0.5984590006846702,INFO,adaptador.request,false,degradado,0.48187500033236574,9373.209499403,9373.210066653,9373.209468194,9373.209981278,CIRCUIT_OPEN,2026-09-05T00:04:36.408035Z
6306c613-bd7f-44d5-9264-2dbf49eae670,run1_rep3,B,OPEN,OPEN,request,CACHE,HIT,0.05662500007019844,0.9190000000671716,INFO,adaptador.request,false,degradado,0.7784589997754665,9373.296847819,9373.297710194,9373.296791194,9373.297626278,CIRCUIT_OPEN,2026-09-05T00:04:36.495693Z
be45cc30-adce-492c-b0b6-09bf6daf3d3f,run1_rep3,B,OPEN,OPEN,request,CACHE,HIT,0.0334169999405276,0.5450419994303957,INFO,adaptador.request,false,degradado,0.4445829999895068,9373.299702361,9373.300213986,9373.299668944,9373.300146944,CIRCUIT_OPEN,2026-09-05T00:04:36.498184Z
581af57e-d693-4ce3-893c-68714c0c9987,run1_rep3,B,OPEN,OPEN,request,CACHE,HIT,0.052416000471566804,1.196207998873433,INFO,adaptador.request,false,degradado,1.059666999935871,9373.430588319,9373.431732111,9373.430535903,9373.431647986,CIRCUIT_OPEN,2026-09-05T00:04:36.629971Z
1ed73c66-d828-43bf-bf48-cea9cd6d84c1,run1_rep3,B,OPEN,OPEN,request,CACHE,HIT,0.021374999050749466,0.8497500002704328,INFO,adaptador.request,false,degradado,0.7785409998177784,9373.431129903,9373.431958278,9373.431108528,9373.431908444,CIRCUIT_OPEN,2026-09-05T00:04:36.630269Z
40f1935d-5e84-42fc-851c-ffff34e04821,run1_rep3,B,OPEN,OPEN,request,CACHE,HIT,708.2429589991079,710.2355419992818,INFO,adaptador.request,false,degradado,1.9327919999341248,9374.155717278,9374.157709861,9373.447474319,9374.15765007,CIRCUIT_OPEN,2026-09-05T00:04:37.355695Z
25dd2c8d-2335-446b-ba3f-7c135e27087d,run1_rep3,B,OPEN,OPEN,request,CACHE,HIT,708.6184170002525,709.8589170000196,INFO,adaptador.request,false,degradado,1.110417000745656,9374.155452403,9374.156692903,9373.446833986,9374.15656282,CIRCUIT_OPEN,2026-09-05T00:04:37.357388Z
356cffe1-d621-4dc8-a60e-adca84706d84,run1_rep3,B,OPEN,HALF_OPEN,request,CACHE,HIT,707.3400000008405,710.1276250014052,INFO,adaptador.request,true,degradado,2.7167919997737044,9374.156248403,9374.159036028,9373.448908403,9374.158965195,CIRCUIT_OPEN,2026-09-05T00:04:37.359114Z
0111ae76-6e59-44f5-b252-a5ed721d459d,run1_rep3,B,OPEN,HALF_OPEN,request,CACHE,HIT,542.1617089996289,544.5862090000446,INFO,adaptador.request,true,degradado,2.375000000029104,9374.156983028,9374.159407528,9373.614821319,9374.159358028,CIRCUIT_OPEN,2026-09-05T00:04:37.359692Z
b24674e2-0418-4c09-aec6-c9f589aa3acb,run1_rep3,B,OPEN,HALF_OPEN,request,CACHE,HIT,341.6452509991359,344.13033399869164,INFO,adaptador.request,true,degradado,2.4367500009248033,9374.15739857,9374.159883653,9373.815753319,9374.15983532,CIRCUIT_OPEN,2026-09-05T00:04:37.360702Z
850f2ebf-9853-49ea-90df-c6a6c38c7573,run1_rep3,B,OPEN,HALF_OPEN,request,CACHE,HIT,592.0267089986737,595.3150839995942,INFO,adaptador.request,true,degradado,3.2539580006414326,9374.156921945,9374.16021032,9373.564895236,9374.160175903,CIRCUIT_OPEN,2026-09-05T00:04:37.361276Z
12e96393-2f41-4e92-82ca-80ae12f71896,run1_rep3,B,OPEN,HALF_OPEN,request,CACHE,HIT,250.55674999930488,253.18624999999884,INFO,adaptador.request,true,degradado,2.599333000034676,9374.157905945,9374.160535445,9373.907349195,9374.160505278,CIRCUIT_OPEN,2026-09-05T00:04:37.361617Z
915b6597-f171-4916-ad6a-80415a280750,run1_rep3,B,OPEN,HALF_OPEN,request,CACHE,HIT,624.4950829986919,628.4651669993764,INFO,adaptador.request,true,degradado,3.9388750010402873,9374.156850111,9374.160820195,9373.532355028,9374.160788986,CIRCUIT_OPEN,2026-09-05T00:04:37.362130Z
d98cb9dc-8dcc-4b71-90fb-ecba11dfbc65,run1_rep3,B,OPEN,HALF_OPEN,request,CACHE,HIT,478.44487600013963,482.18658400037384,INFO,adaptador.request,true,degradado,3.694000000905362,9374.157336445,9374.161078153,9373.678891569,9374.161030445,CIRCUIT_OPEN,2026-09-05T00:04:37.362519Z
2f6c4e33-49f4-40a6-b99e-f43c6bb1076c,run1_rep3,B,OPEN,HALF_OPEN,request,CACHE,HIT,705.9247079996567,711.1400419998972,INFO,adaptador.request,true,degradado,5.175667000003159,9374.156503611,9374.161718945,9373.450578903,9374.161679278,CIRCUIT_OPEN,2026-09-05T00:04:37.363068Z
55411f0b-1390-4805-ae61-7a1bb09b9f87,run1_rep3,B,OPEN,OPEN,request,CACHE,HIT,0.048042000344139524,0.741167001251597,INFO,adaptador.request,false,degradado,0.6050829997548135,9374.290771778,9374.291464903,9374.290723736,9374.291376861,CIRCUIT_OPEN,2026-09-05T00:04:37.489459Z
d63e8e48-522f-4e0e-9d81-ec1eb294294d,run1_rep3,B,OPEN,OPEN,request,CACHE,HIT,0.03245799962314777,0.5137080006534234,INFO,adaptador.request,false,degradado,0.4179170009592781,9374.303284736,9374.303765986,9374.303252278,9374.303702653,CIRCUIT_OPEN,2026-09-05T00:04:37.501743Z
79f75b64-f59e-4706-9719-0d0c0b5581e7,run1_rep3,B,OPEN,OPEN,request,CACHE,HIT,0.03704199843923561,0.6329169991659,INFO,adaptador.request,false,degradado,0.5292500009090872,9374.330821945,9374.33141782,9374.330784903,9374.331351195,CIRCUIT_OPEN,2026-09-05T00:04:37.529394Z
d0f349cc-a08e-445f-b0b2-9f4f5739df2d,run1_rep3,B,OPEN,OPEN,request,CACHE,HIT,0.03733300036401488,0.6283330003498122,INFO,adaptador.request,false,degradado,0.5245419997663703,9374.396545153,9374.397136153,9374.39650782,9374.397069695,CIRCUIT_OPEN,2026-09-05T00:04:37.595098Z
fa2bad76-fe6e-4279-a0a1-4b397b0298be,run1_rep3,B,OPEN,OPEN,request,CACHE,HIT,0.03124999966530595,0.6265829997573746,INFO,adaptador.request,false,degradado,0.506875001519802,9374.44343432,9374.444029653,9374.44340307,9374.443941195,CIRCUIT_OPEN,2026-09-05T00:04:37.641994Z
a32f9236-0979-4f7c-8cbc-e488f37496c1,run1_rep3,B,OPEN,OPEN,request,CACHE,HIT,0.011417001587687992,0.591125000937609,INFO,adaptador.request,false,degradado,0.5457079987536417,9374.443909195,9374.444488903,9374.443897778,9374.444454903,CIRCUIT_OPEN,2026-09-05T00:04:37.642439Z
6180084b-5c19-40c9-a8e5-301fff22e956,run1_rep3,B,OPEN,OPEN,request,CACHE,HIT,0.015167001038207673,0.3672920011013048,INFO,adaptador.request,false,degradado,0.314208000418148,9374.484820153,9374.485172278,9374.484804986,9374.485134361,CIRCUIT_OPEN,2026-09-05T00:04:37.683115Z
486f7e0a-5228-422b-9fc3-253b43842687,run1_rep3,B,OPEN,OPEN,request,CACHE,HIT,0.011415999324526638,0.28449999990698416,INFO,adaptador.request,false,degradado,0.23304199930862524,9374.502482111,9374.502755195,9374.502470695,9374.502715153,CIRCUIT_OPEN,2026-09-05T00:04:37.700701Z
a881c4db-b5ad-4a4c-92ab-4b6ef840bb05,run1_rep3,B,OPEN,OPEN,request,CACHE,HIT,0.015499999790336005,0.2875829995900858,INFO,adaptador.request,false,degradado,0.23925000095914584,9374.51567757,9374.515949653,9374.51566207,9374.51591682,CIRCUIT_OPEN,2026-09-05T00:04:37.713887Z
23bddecd-1d5a-4968-ab9b-edaa9ad17b31,run1_rep3,B,OPEN,OPEN,request,CACHE,HIT,0.011915999493794516,0.25475000074948184,INFO,adaptador.request,false,degradado,0.20529200082819443,9374.529273653,9374.529516487,9374.529261737,9374.529478945,CIRCUIT_OPEN,2026-09-05T00:04:37.727461Z
6fe0c454-845e-4819-9b76-72aa181c2ee4,run1_rep3,B,OPEN,OPEN,request,CACHE,HIT,0.017749998733052053,0.42424999992363155,INFO,adaptador.request,false,degradado,0.3438750009081559,9374.600347028,9374.600753528,9374.600329278,9374.600690903,CIRCUIT_OPEN,2026-09-05T00:04:37.798788Z
740802d3-1fff-4d33-8c3c-a60a35be9a3b,run1_rep3,B,OPEN,OPEN,request,CACHE,HIT,0.019708000763785094,0.47016600001370534,INFO,adaptador.request,false,degradado,0.4072499996254919,9374.602472945,9374.602923403,9374.602453237,9374.602880195,CIRCUIT_OPEN,2026-09-05T00:04:37.800938Z
7bb4a35e-8f67-4008-932f-b80ed3f3685f,run1_rep3,B,OPEN,OPEN,request,CACHE,HIT,0.03524999920045957,0.6216250003490131,INFO,adaptador.request,false,degradado,0.5137500011187512,9374.636583487,9374.637169862,9374.636548237,9374.637097237,CIRCUIT_OPEN,2026-09-05T00:04:37.835156Z
21e4472c-3db0-40d2-961a-221c131f2ef3,run1_rep3,B,OPEN,OPEN,request,CACHE,HIT,0.026499999876250513,0.522458998602815,INFO,adaptador.request,false,degradado,0.41191699892806355,9374.651527153,9374.652023112,9374.651500653,9374.65193907,CIRCUIT_OPEN,2026-09-05T00:04:37.850010Z
51190416-a8ae-4b8b-99b5-64246014cdf6,run1_rep3,B,OPEN,OPEN,request,CACHE,HIT,0.051541999710025266,0.7889589996921131,INFO,adaptador.request,false,degradado,0.645500000246102,9374.74413557,9374.744872987,9374.744084028,9374.74478107,CIRCUIT_OPEN,2026-09-05T00:04:37.942868Z
31be1370-3215-42e7-af86-6f511ef7260f,run1_rep3,B,OPEN,OPEN,request,CACHE,HIT,0.06337500053632539,1.170792000266374,INFO,adaptador.request,false,degradado,1.0116249995917315,9374.810600278,9374.811707695,9374.810536903,9374.811611903,CIRCUIT_OPEN,2026-09-05T00:04:38.009719Z
be836e6b-914d-4cb9-a063-297413644f5c,run1_rep3,B,OPEN,OPEN,request,CACHE,HIT,0.02750000021478627,0.9105410008487524,INFO,adaptador.request,false,degradado,0.8364999994228128,9374.811493362,9374.812376403,9374.811465862,9374.812329862,CIRCUIT_OPEN,2026-09-05T00:04:38.010500Z
37121f2c-2dbf-43b9-94d0-797ba7d87bcf,run1_rep3,B,OPEN,OPEN,request,CACHE,HIT,0.025874998755170964,0.6236669996724231,INFO,adaptador.request,false,degradado,0.5250419999356382,9374.817739695,9374.818337487,9374.81771382,9374.818264737,CIRCUIT_OPEN,2026-09-05T00:04:38.016329Z
0f4d1ce8-4c52-4797-abc5-94cd3f55bbcc,run1_rep3,B,OPEN,OPEN,request,CACHE,HIT,0.018667000404093415,0.4476670001167804,INFO,adaptador.request,false,degradado,0.3769169998122379,9374.838902195,9374.839331195,9374.838883528,9374.839279112,CIRCUIT_OPEN,2026-09-05T00:04:38.037291Z
059b3a22-008d-4921-96d5-0c1af0b6503b,run1_rep3,B,OPEN,OPEN,request,CACHE,HIT,0.036375000490807,0.9806670004763873,INFO,adaptador.request,false,degradado,0.8321669993165415,9374.868944903,9374.869889195,9374.868908528,9374.86977707,CIRCUIT_OPEN,2026-09-05T00:04:38.067888Z
ef437998-433a-4df5-9791-8dc3d0c9272a,run1_rep3,B,OPEN,OPEN,request,CACHE,HIT,0.03712499892571941,0.6741249999322463,INFO,adaptador.request,false,degradado,0.5375000000640284,9374.901780862,9374.902417862,9374.901743737,9374.902318362,CIRCUIT_OPEN,2026-09-05T00:04:38.100417Z
e9d8ca25-fa8e-4604-9cb7-dda23498cdd8,run1_rep3,B,OPEN,OPEN,request,CACHE,HIT,0.028917000236106105,0.6585840001207544,INFO,adaptador.request,false,degradado,0.5339580002328148,9374.90645932,9374.907088987,9374.906430403,9374.906993278,CIRCUIT_OPEN,2026-09-05T00:04:38.105092Z
93c5916b-ecae-4df8-886e-690cebb34a24,run1_rep3,B,OPEN,OPEN,request,CACHE,HIT,0.03429200114624109,0.59875000079046,INFO,adaptador.request,false,degradado,0.47733300016261637,9374.945464987,9374.946029445,9374.945430695,9374.94594232,CIRCUIT_OPEN,2026-09-05T00:04:38.144012Z
0b57e018-023f-4ad6-9d9a-5ac376dc8d99,run1_rep3,B,OPEN,OPEN,request,CACHE,HIT,0.050542001190478913,1.0337920011807,INFO,adaptador.request,false,degradado,0.901542000065092,9375.005902945,9375.006886195,9375.005852403,9375.006804487,CIRCUIT_OPEN,2026-09-05T00:04:38.204870Z
05d741d3-a756-401a-b1f8-5beb16375d09,run1_rep3,B,OPEN,OPEN,request,CACHE,HIT,0.023750000764266588,0.9666250007285271,INFO,adaptador.request,false,degradado,0.8975000000646105,9375.006686737,9375.007629612,9375.006662987,9375.007584237,CIRCUIT_OPEN,2026-09-05T00:04:38.205787Z
b129bd30-4c2f-4153-a7f5-f7c91ebc7ee3,run1_rep3,B,OPEN,OPEN,request,CACHE,HIT,0.03033299981325399,0.6219159986358136,INFO,adaptador.request,false,degradado,0.5039579991716892,9375.012119945,9375.012711528,9375.012089612,9375.012623903,CIRCUIT_OPEN,2026-09-05T00:04:38.210701Z
9d59bb18-0390-4b17-b4da-f8a583d29335,run1_rep3,B,OPEN,OPEN,request,CACHE,HIT,0.04720799915958196,0.7934169989312068,INFO,adaptador.request,false,degradado,0.6575000006705523,9375.079608278,9375.080354487,9375.07956107,9375.080265778,CIRCUIT_OPEN,2026-09-05T00:04:38.278358Z
1f92e995-c35f-490b-aae0-745ff980fa9c,run1_rep3,B,OPEN,OPEN,request,CACHE,HIT,0.049915999625227414,0.7620830001542345,INFO,adaptador.request,false,degradado,0.6162090012367116,9375.171118903,9375.17183107,9375.171068987,9375.171735112,CIRCUIT_OPEN,2026-09-05T00:04:38.369828Z
af0c505c-c16d-4422-9c52-1fe2c6e693ee,run1_rep3,B,OPEN,OPEN,request,CACHE,HIT,0.045124999815016054,0.6379999995260732,INFO,adaptador.request,false,degradado,0.5141250003362074,9375.220152529,9375.220745404,9375.220107404,9375.220666654,CIRCUIT_OPEN,2026-09-05T00:04:38.418728Z
9c54ff5b-22dc-45d8-b0d2-8daafca362fa,run1_rep3,B,OPEN,OPEN,request,CACHE,HIT,0.03491700044833124,0.5555829993681982,INFO,adaptador.request,false,degradado,0.4535829993983498,9375.248426779,9375.248947445,9375.248391862,9375.248880362,CIRCUIT_OPEN,2026-09-05T00:04:38.446959Z
bcb0f840-9796-472a-82d1-56a35658a618,run1_rep3,B,OPEN,OPEN,request,CACHE,HIT,0.03154200021526776,0.5396670003392501,INFO,adaptador.request,false,degradado,0.43941599869867787,9375.258072279,9375.258580404,9375.258040737,9375.258511695,CIRCUIT_OPEN,2026-09-05T00:04:38.456564Z
23978d80-bfe1-41c6-beff-4d13509e46fd,run1_rep3,B,OPEN,OPEN,request,CACHE,HIT,0.023999999029911123,0.47191699923132546,INFO,adaptador.request,false,degradado,0.3958329998567933,9375.262838112,9375.263286029,9375.262814112,9375.263233945,CIRCUIT_OPEN,2026-09-05T00:04:38.461247Z
62e2439b-187a-42e2-bc32-2521a49c1e1c,run1_rep3,B,OPEN,OPEN,request,CACHE,HIT,0.03283300065959338,0.6017499999870779,INFO,adaptador.request,false,degradado,0.5002090001653414,9375.29952507,9375.300093987,9375.299492237,9375.300025279,CIRCUIT_OPEN,2026-09-05T00:04:38.498072Z
4aa28f9d-a69d-4125-b85f-436e7847210b,run1_rep3,B,OPEN,OPEN,request,CACHE,HIT,0.043125000956933945,1.1230000000068685,INFO,adaptador.request,false,degradado,1.0072079985548044,9375.368390154,9375.369470029,9375.368347029,9375.369397362,CIRCUIT_OPEN,2026-09-05T00:04:38.567679Z
8deb2738-5d53-442c-9ddc-7935e56705d5,run1_rep3,B,OPEN,OPEN,request,CACHE,HIT,0.0200829999812413,0.8851249986037146,INFO,adaptador.request,false,degradado,0.8178339994628914,9375.368840945,9375.369705987,9375.368820862,9375.369658779,CIRCUIT_OPEN,2026-09-05T00:04:38.567955Z
ada76209-6465-4aa7-a53e-e97fc36c72b2,run1_rep3,B,OPEN,OPEN,request,CACHE,HIT,0.04045799869345501,0.6810409995523514,INFO,adaptador.request,false,degradado,0.5603330009762431,9375.397461862,9375.398102445,9375.397421404,9375.398022195,CIRCUIT_OPEN,2026-09-05T00:04:38.596086Z
4e90b50b-0249-4498-8594-1959ee10b683,run1_rep3,B,OPEN,OPEN,request,CACHE,HIT,0.03199999991920777,0.9066250004252652,INFO,adaptador.request,false,degradado,0.7833750005374895,9375.399470154,9375.400344779,9375.399438154,9375.400253529,CIRCUIT_OPEN,2026-09-05T00:04:38.598317Z
9e5dced9-a59e-4ce5-ba07-64e2867c33d1,run1_rep3,B,OPEN,OPEN,request,CACHE,HIT,0.0335830009134952,0.6139160013844958,INFO,adaptador.request,false,degradado,0.519749999511987,9375.429090362,9375.429670695,9375.429056779,9375.429610112,CIRCUIT_OPEN,2026-09-05T00:04:38.627639Z
af792776-0cbb-48ee-b348-801be21393f1,run1_rep3,B,OPEN,OPEN,request,CACHE,HIT,0.02595899968582671,0.5655839995597489,INFO,adaptador.request,false,degradado,0.45704100011789706,9375.435321904,9375.435861529,9375.435295945,9375.435778945,CIRCUIT_OPEN,2026-09-05T00:04:38.633852Z
498e9649-f595-49dd-afa3-ddcfd22c5550,run1_rep3,B,OPEN,OPEN,request,CACHE,HIT,0.02208299883932341,0.557249999474152,INFO,adaptador.request,false,degradado,0.47520900079689454,9375.43857757,9375.439112737,9375.438555487,9375.439052779,CIRCUIT_OPEN,2026-09-05T00:04:38.637089Z
d39652e8-59b3-4377-8625-df02397bd97c,run1_rep3,B,OPEN,OPEN,request,CACHE,HIT,0.03637499867181759,0.6063339988031657,INFO,adaptador.request,false,degradado,0.4929170008836081,9375.49856282,9375.499132779,9375.498526445,9375.499055737,CIRCUIT_OPEN,2026-09-05T00:04:38.697127Z
6d568838-14be-48f6-ad6c-c0e5ef311d2b,run1_rep3,B,OPEN,OPEN,request,CACHE,HIT,0.04304200047045015,0.6613330006075557,INFO,adaptador.request,false,degradado,0.5351250001695007,9375.545270029,9375.54588832,9375.545226987,9375.545805154,CIRCUIT_OPEN,2026-09-05T00:04:38.743878Z
4e321d44-7cba-4db7-bc72-de05def5585a,run1_rep3,B,OPEN,OPEN,request,CACHE,HIT,0.04429199907463044,0.826749999760068,INFO,adaptador.request,false,degradado,0.7004580002103467,9375.586715779,9375.587498237,9375.586671487,9375.587416237,CIRCUIT_OPEN,2026-09-05T00:04:38.785492Z
f55e66fb-310c-461a-bd96-072091ce4182,run1_rep3,B,OPEN,OPEN,request,CACHE,HIT,0.025124998501269147,0.5170409986021696,INFO,adaptador.request,false,degradado,0.4404580013215309,9375.606180779,9375.606672695,9375.606155654,9375.606621237,CIRCUIT_OPEN,2026-09-05T00:04:38.804629Z
733bdff5-cccf-4354-b077-cdc2f9302572,run1_rep3,B,OPEN,OPEN,request,CACHE,HIT,0.01862499993876554,0.38379199941118713,INFO,adaptador.request,false,degradado,0.31016699904284906,9375.61058482,9375.610949987,9375.610566195,9375.610894987,CIRCUIT_OPEN,2026-09-05T00:04:38.808938Z
1a32d778-5cc0-4e61-95f3-9d42be841781,run1_rep3,B,OPEN,OPEN,request,CACHE,HIT,0.030750001315027475,0.5856670013599796,INFO,adaptador.request,false,degradado,0.4850839995924616,9375.654609945,9375.655164862,9375.654579195,9375.655095029,CIRCUIT_OPEN,2026-09-05T00:04:38.853153Z
2de067ba-0ac6-434a-98f7-9900c8f3ee56,run1_rep3,B,OPEN,OPEN,request,CACHE,HIT,0.04666700078814756,0.7862500006012851,INFO,adaptador.request,false,degradado,0.6545830001414288,9375.689733862,9375.690473445,9375.689687195,9375.690388445,CIRCUIT_OPEN,2026-09-05T00:04:38.888456Z
94c205a3-b31e-4d02-8fdc-1d0803a02722,run1_rep3,B,OPEN,OPEN,request,CACHE,HIT,0.045250000766827725,0.7509580009354977,INFO,adaptador.request,false,degradado,0.6266250002227025,9375.727517654,9375.728223362,9375.727472404,9375.728144279,CIRCUIT_OPEN,2026-09-05T00:04:38.926212Z
59ca452f-d77c-479c-80b5-ba96ddb2881d,run1_rep3,B,OPEN,OPEN,request,CACHE,HIT,0.035457998819765635,1.052915999025572,INFO,adaptador.request,false,degradado,0.9524170000076992,9375.802548237,9375.803565695,9375.802512779,9375.803500654,CIRCUIT_OPEN,2026-09-05T00:04:39.001828Z
f5039823-a613-4adf-981d-032f344c3052,run1_rep3,B,OPEN,OPEN,request,CACHE,HIT,0.02137500086973887,0.9289589997933945,INFO,adaptador.request,false,degradado,0.8558749996154802,9375.802933945,9375.803841529,9375.80291257,9375.80378982,CIRCUIT_OPEN,2026-09-05T00:04:39.002136Z
f3f69d57-5ad3-408e-8b10-0149e31c72b8,run1_rep3,B,OPEN,OPEN,request,CACHE,HIT,0.028833999749622308,0.5782919997727731,INFO,adaptador.request,false,degradado,0.4763329998240806,9375.819889279,9375.820438737,9375.819860445,9375.820365612,CIRCUIT_OPEN,2026-09-05T00:04:39.018426Z
468c81a4-86ee-465a-9857-465ebfb80bc9,run1_rep3,B,OPEN,OPEN,request,CACHE,HIT,0.03295799979241565,0.6302910005615558,INFO,adaptador.request,false,degradado,0.5142500012880191,9375.828964362,9375.829561695,9375.828931404,9375.829478612,CIRCUIT_OPEN,2026-09-05T00:04:39.027541Z
b8e4d1b6-0d0c-4b8d-9989-761ded1253ad,run1_rep3,B,OPEN,OPEN,request,CACHE,HIT,0.04475000059755985,0.6675829990854254,INFO,adaptador.request,false,degradado,0.5531249989871867,9375.867871279,9375.868494112,9375.867826529,9375.868424404,CIRCUIT_OPEN,2026-09-05T00:04:39.066478Z
b83bdab9-4a04-4793-9e4d-a4bd31bb696d,run1_rep3,B,OPEN,OPEN,request,CACHE,HIT,0.031457999284612015,0.5564579987549223,INFO,adaptador.request,false,degradado,0.456584000858129,9375.881229195,9375.881754195,9375.881197737,9375.881685779,CIRCUIT_OPEN,2026-09-05T00:04:39.079728Z
f2e39c87-34cd-463c-b1a4-c01e12812d51,run1_rep3,B,OPEN,OPEN,request,CACHE,HIT,0.05437499930849299,0.8169169996108394,INFO,adaptador.request,false,degradado,0.645500000246102,9375.963494779,9375.964257321,9375.963440404,9375.964140279,CIRCUIT_OPEN,2026-09-05T00:04:39.162263Z
a9d4fb0a-37da-4486-800a-7a0f8de89eac,run1_rep3,B,OPEN,OPEN,request,CACHE,HIT,0.042208999730064534,0.6391670012817485,INFO,adaptador.request,false,degradado,0.49949999993259553,9375.979451946,9375.980048904,9375.979409737,9375.979951446,CIRCUIT_OPEN,2026-09-05T00:04:39.178029Z
82022b45-eb5f-4614-b122-bf1c8b44af7f,run1_rep3,B,OPEN,OPEN,request,CACHE,HIT,0.05358399903343525,0.8922919987526257,INFO,adaptador.request,false,degradado,0.7408330002363073,9376.046557696,9376.047396404,9376.046504112,9376.047298529,CIRCUIT_OPEN,2026-09-05T00:04:39.245401Z
586c9a24-cd20-4868-9486-9865feaa75e9,run1_rep3,B,OPEN,OPEN,request,CACHE,HIT,0.036749999708263204,0.6554999999934807,INFO,adaptador.request,false,degradado,0.5367499998101266,9376.057589279,9376.058208029,9376.057552529,9376.058126029,CIRCUIT_OPEN,2026-09-05T00:04:39.256208Z
e4fb45c8-ab61-43f4-b6d6-a7da35c211a8,run1_rep3,B,OPEN,OPEN,request,CACHE,HIT,0.04537499989964999,2.7079999999841675,INFO,adaptador.request,false,degradado,2.5751249995664693,9376.104825446,9376.107488071,9376.104780071,9376.107400571,CIRCUIT_OPEN,2026-09-05T00:04:39.306318Z
0e2d2886-3a64-48b5-8da6-4da4c20de79e,run1_rep3,B,OPEN,OPEN,request,CACHE,HIT,0.018834000002243556,2.521500000511878,INFO,adaptador.request,false,degradado,2.4221250005211914,9376.105544196,9376.108046862,9376.105525362,9376.107966321,CIRCUIT_OPEN,2026-09-05T00:04:39.306961Z
6a0822f9-3eff-4cb5-842e-9616f9453518,run1_rep3,B,OPEN,OPEN,request,CACHE,HIT,0.02099999983329326,3.2129169994732365,INFO,adaptador.request,false,degradado,3.1508339998254087,9376.105148362,9376.108340279,9376.105127362,9376.108299196,CIRCUIT_OPEN,2026-09-05T00:04:39.307242Z
d00bb865-95bd-4c0c-bc08-997691a46b56,run1_rep3,B,OPEN,OPEN,request,CACHE,HIT,0.03199999991920777,2.1995839997543953,INFO,adaptador.request,false,degradado,2.111292000336107,9376.106760737,9376.108928321,9376.106728737,9376.108872029,CIRCUIT_OPEN,2026-09-05T00:04:39.307714Z
218b8838-c90c-4a41-a980-a8e387f259f9,run1_rep3,B,OPEN,OPEN,request,CACHE,HIT,0.05291699926601723,1.3059590000921162,INFO,adaptador.request,false,degradado,1.1535419998836005,9376.230399154,9376.231652196,9376.230346237,9376.231552696,CIRCUIT_OPEN,2026-09-05T00:04:39.429980Z
1777e532-298e-4aa8-9c80-6fc03c235ddf,run1_rep3,B,OPEN,OPEN,request,CACHE,HIT,0.0257500014413381,0.8218330003728624,INFO,adaptador.request,false,degradado,0.7425829990097554,9376.231161404,9376.231957487,9376.231135654,9376.231903987,CIRCUIT_OPEN,2026-09-05T00:04:39.430339Z
4c51ccd6-1b49-4d20-9ced-49c7f3775825,run1_rep3,B,OPEN,OPEN,request,CACHE,HIT,0.03237500095565338,0.6402910003089346,INFO,adaptador.request,false,degradado,0.5330410003807629,9376.250321821,9376.250929737,9376.250289446,9376.250854862,CIRCUIT_OPEN,2026-09-05T00:04:39.448950Z
0c3e7732-e4b0-4ef3-945f-b6a0b5afa7eb,run1_rep3,B,OPEN,OPEN,request,CACHE,HIT,0.04787499892699998,1.0729999994509853,INFO,adaptador.request,false,degradado,0.9189170013996772,9376.296850112,9376.297875237,9376.296802237,9376.297769029,CIRCUIT_OPEN,2026-09-05T00:04:39.495920Z
869667d2-72e5-40f4-bbe7-a7d1828bd29c,run1_rep3,B,OPEN,OPEN,request,CACHE,HIT,0.030500001230393536,0.5192910011828644,INFO,adaptador.request,false,degradado,0.4172909993940266,9376.305361946,9376.305850737,9376.305331446,9376.305779237,CIRCUIT_OPEN,2026-09-05T00:04:39.503841Z
d4055d15-f1ec-4379-99b5-bd7b17448a08,run1_rep3,B,OPEN,OPEN,request,CACHE,HIT,0.021874999220017344,3.126957999484148,INFO,adaptador.request,false,degradado,3.055708000829327,9376.319294821,9376.322399904,9376.319272946,9376.322350529,CIRCUIT_OPEN,2026-09-05T00:04:39.520359Z
394fbf05-5d0f-4161-8285-89b46c94287a,run1_rep3,B,OPEN,OPEN,request,CACHE,HIT,0.01950000114447903,0.4088750010851072,INFO,adaptador.request,false,degradado,0.33037499997590203,9376.329360154,9376.329749529,9376.329340654,9376.329690529,CIRCUIT_OPEN,2026-09-05T00:04:39.527726Z
c80b1e58-4a29-4ac9-8ad6-035e178ce49d,run1_rep3,B,OPEN,OPEN,request,CACHE,HIT,0.04683299994212575,0.8208749986806652,INFO,adaptador.request,false,degradado,0.6823339990660315,9376.424392737,9376.425166779,9376.424345904,9376.425075071,CIRCUIT_OPEN,2026-09-05T00:04:39.623165Z
7c830333-3b91-4d2a-93a7-36932ddb40d4,run1_rep3,B,OPEN,OPEN,request,CACHE,HIT,0.04362499930721242,0.7348339986492647,INFO,adaptador.request,false,degradado,0.6160419998195721,9376.499439362,9376.500130571,9376.499395737,9376.500055404,CIRCUIT_OPEN,2026-09-05T00:04:39.698107Z
8ed671c3-33a4-4d13-a226-9159b7e9f8b1,run1_rep3,B,OPEN,OPEN,request,CACHE,HIT,0.03737499901035335,0.6247919991437811,INFO,adaptador.request,false,degradado,0.5004590002499754,9376.545809112,9376.546396529,9376.545771737,9376.546309571,CIRCUIT_OPEN,2026-09-05T00:04:39.744397Z
35393691-8f77-4a07-b541-dd98545636f6,run1_rep3,B,OPEN,OPEN,request,CACHE,HIT,0.02429100095469039,0.4874580008618068,INFO,adaptador.request,false,degradado,0.41104199954133946,9376.547225487,9376.547688654,9376.547201196,9376.547636529,CIRCUIT_OPEN,2026-09-05T00:04:39.745656Z
575666fa-f345-4bd1-b961-93568e6d45e4,run1_rep3,B,OPEN,OPEN,request,CACHE,HIT,0.039582999306730926,0.9570000001986045,INFO,adaptador.request,false,degradado,0.7991670008777874,9376.586913029,9376.587830446,9376.586873446,9376.587712196,CIRCUIT_OPEN,2026-09-05T00:04:39.785833Z
5ee94207-2d04-450d-8b6b-73fdef068105,run1_rep3,B,OPEN,OPEN,request,CACHE,HIT,0.027207999664824456,0.5310830001690192,INFO,adaptador.request,false,degradado,0.4492920015763957,9376.600763112,9376.601266987,9376.600735904,9376.601212404,CIRCUIT_OPEN,2026-09-05T00:04:39.799232Z
f9eafd88-edc6-4830-a5a2-ca02ca39b4e3,run1_rep3,B,OPEN,OPEN,request,CACHE,HIT,0.018583999917609617,0.4281250003259629,INFO,adaptador.request,false,degradado,0.36745800025528297,9376.604664071,9376.605073612,9376.604645487,9376.605031529,CIRCUIT_OPEN,2026-09-05T00:04:39.803028Z
d3bc04e3-87d1-40b8-b1d2-41bf07c2e987,run1_rep3,B,OPEN,OPEN,request,CACHE,HIT,0.01449999945180025,0.4291659988666652,INFO,adaptador.request,false,degradado,0.37024999983259477,9376.622963238,9376.623377904,9376.622948738,9376.623333488,CIRCUIT_OPEN,2026-09-05T00:04:39.821337Z
adefedd0-dfae-4dfb-886f-1a7d548c7307,run1_rep3,B,OPEN,OPEN,request,CACHE,HIT,0.0340410006174352,0.6735410006513121,INFO,adaptador.request,false,degradado,0.5714590006391518,9376.661291654,9376.661931154,9376.661257613,9376.661863113,CIRCUIT_OPEN,2026-09-05T00:04:39.859945Z
eef25c76-6e71-4ccd-8339-2ac3bd924cd2,run1_rep3,B,OPEN,OPEN,request,CACHE,HIT,0.022958000045036897,0.4837079995922977,INFO,adaptador.request,false,degradado,0.3937919991585659,9376.670375529,9376.670836279,9376.670352571,9376.670769321,CIRCUIT_OPEN,2026-09-05T00:04:39.868828Z
5175df3f-b075-42cd-8498-f0406589e15b,run1_rep3,B,OPEN,OPEN,request,CACHE,HIT,0.05345799945644103,0.9896249994199025,INFO,adaptador.request,false,degradado,0.8605000002717134,9376.773703821,9376.774639988,9376.773650363,9376.774564321,CIRCUIT_OPEN,2026-09-05T00:04:39.972613Z
0b544adf-f8ce-469e-9ae3-04f68e3febcb,run1_rep3,B,OPEN,OPEN,request,CACHE,HIT,0.020833000235143118,0.8090829996945104,INFO,adaptador.request,false,degradado,0.7449170007021166,9376.774491904,9376.775280154,9376.774471071,9376.775236821,CIRCUIT_OPEN,2026-09-05T00:04:39.973417Z
93b061aa-8f3d-4559-b84e-2dac2a63211a,run1_rep3,B,OPEN,OPEN,request,CACHE,HIT,0.028624999686144292,0.6292079997365363,INFO,adaptador.request,false,degradado,0.5249999994703103,9376.779654946,9376.780255529,9376.779626321,9376.780179946,CIRCUIT_OPEN,2026-09-05T00:04:39.978252Z
98117eec-3782-4f05-94eb-88ca8a29b485,run1_rep3,B,OPEN,OPEN,request,CACHE,HIT,0.02091699934680946,0.4488750000746222,INFO,adaptador.request,false,degradado,0.3684170005726628,9376.789664446,9376.790092404,9376.789643529,9376.790032863,CIRCUIT_OPEN,2026-09-05T00:04:39.988072Z
44eabb4d-e5d9-472a-9f0a-68bd3d99c026,run1_rep3,B,OPEN,OPEN,request,CACHE,HIT,0.03137500061711762,1.2569999998959247,INFO,adaptador.request,false,degradado,1.1370829997758847,9376.835438946,9376.836664571,9376.835407571,9376.836576029,CIRCUIT_OPEN,2026-09-05T00:04:40.034705Z
456d5ac0-5861-48eb-b9ef-f9081946a516,run1_rep3,B,OPEN,OPEN,request,CACHE,HIT,0.0407089992222609,1.171542000520276,INFO,adaptador.request,false,degradado,1.0653750014171237,9376.836385988,9376.837516821,9376.836345279,9376.837451363,CIRCUIT_OPEN,2026-09-05T00:04:40.035720Z
8bedd232-21f4-48c9-8cd4-4574001202f9,run1_rep3,B,OPEN,OPEN,request,CACHE,HIT,0.02325000059499871,0.4312090004532365,INFO,adaptador.request,false,degradado,0.3605839992815163,9376.844397029,9376.844804988,9376.844373779,9376.844757613,CIRCUIT_OPEN,2026-09-05T00:04:40.042761Z
a8f9d84a-21d1-4dfb-9c19-268d4f0d0094,run1_rep3,B,OPEN,OPEN,request,CACHE,HIT,0.05454199890664313,0.9028339991346002,INFO,adaptador.request,false,degradado,0.7474579997506225,9376.927892446,9376.928740738,9376.927837904,9376.928639904,CIRCUIT_OPEN,2026-09-05T00:04:40.126740Z
5e2b5651-a26f-41c3-b49b-26d301b76f62,run1_rep3,B,OPEN,OPEN,request,CACHE,HIT,0.030082999728620052,0.5694580013368977,INFO,adaptador.request,false,degradado,0.4703330014308449,9376.943784946,9376.944324321,9376.943754863,9376.944255279,CIRCUIT_OPEN,2026-09-05T00:04:40.142314Z
221189e3-ccb2-4720-b1f1-95179dee9939,run1_rep3,B,OPEN,OPEN,request,CACHE,HIT,0.054457999794976786,0.7626669994351687,INFO,adaptador.request,false,degradado,0.6261670005187625,9376.987919154,9376.988627363,9376.987864696,9376.988545321,CIRCUIT_OPEN,2026-09-05T00:04:40.186604Z
22cedfd4-81d6-428f-a904-709132b8da99,run1_rep3,B,OPEN,OPEN,request,CACHE,HIT,0.03650000144261867,0.6597500014322577,INFO,adaptador.request,false,degradado,0.5409589994087582,9377.018826404,9377.019449654,9377.018789904,9377.019367363,CIRCUIT_OPEN,2026-09-05T00:04:40.217443Z
8fa713e4-3f9c-4e66-89e3-4534d2a1ecf2,run1_rep3,B,OPEN,OPEN,request,CACHE,HIT,0.04841699956159573,0.9998749992519151,INFO,adaptador.request,false,degradado,0.8652920005260967,9377.074531696,9377.075483154,9377.074483279,9377.075396988,CIRCUIT_OPEN,2026-09-05T00:04:40.273473Z
1885ef8b-c281-46c2-84bf-9c996db3f1c6,run1_rep3,B,OPEN,OPEN,request,CACHE,HIT,0.03816699972958304,0.73941699884017,INFO,adaptador.request,false,degradado,0.6269999994401587,9377.188591238,9377.189292488,9377.188553071,9377.189218238,CIRCUIT_OPEN,2026-09-05T00:04:40.387265Z
d984c855-50ac-459b-b517-7b0eb29871c3,run1_rep3,B,OPEN,OPEN,request,CACHE,HIT,0.04337499922257848,1.4539579988195328,INFO,adaptador.request,false,degradado,1.3349580003705341,9377.226851988,9377.228262571,9377.226808613,9377.228186946,CIRCUIT_OPEN,2026-09-05T00:04:40.426645Z
790f9db0-c62a-41e2-8fb3-2281ddd4f701,run1_rep3,B,OPEN,OPEN,request,CACHE,HIT,0.018667000404093415,1.3725419994443655,INFO,adaptador.request,false,degradado,1.3060829987807665,9377.227315488,9377.228669363,9377.227296821,9377.228621571,CIRCUIT_OPEN,2026-09-05T00:04:40.427203Z
7dcfe79c-8a84-41fb-979a-b95665f26b2e,run1_rep3,B,OPEN,OPEN,request,CACHE,HIT,0.016459000107715838,1.1402919990359806,INFO,adaptador.request,false,degradado,1.0525830002734438,9377.228103113,9377.229226946,9377.228086654,9377.229155696,CIRCUIT_OPEN,2026-09-05T00:04:40.427570Z
347d9fc8-89a3-4c58-81cf-ca267053b8d7,run1_rep3,B,OPEN,OPEN,request,CACHE,HIT,0.02741699972830247,0.7196249989647185,INFO,adaptador.request,false,degradado,0.6304170001385501,9377.232464696,9377.233156904,9377.232437279,9377.233095113,CIRCUIT_OPEN,2026-09-05T00:04:40.431181Z
051a86db-6272-4757-8c60-fa73200242dd,run1_rep3,B,OPEN,OPEN,request,CACHE,HIT,0.04083299972990062,1.906833000248298,INFO,adaptador.request,false,degradado,1.8212920003861655,9377.292762571,9377.294628571,9377.292721738,9377.294583863,CIRCUIT_OPEN,2026-09-05T00:04:40.492599Z
d2300369-db45-4603-a7e1-fffc61c0cb3a,run1_rep3,B,OPEN,OPEN,request,CACHE,HIT,0.02245900031994097,1.007083999866154,INFO,adaptador.request,false,degradado,0.9066660004464211,9377.293257238,9377.294241863,9377.293234779,9377.294163904,CIRCUIT_OPEN,2026-09-05T00:04:40.493106Z
1acb694a-6b44-4119-9c16-88e58356684a,run1_rep3,B,OPEN,OPEN,request,CACHE,HIT,0.016874999346327968,1.4934579994587693,INFO,adaptador.request,false,degradado,1.432958000805229,9377.293662863,9377.295139446,9377.293645988,9377.295095821,CIRCUIT_OPEN,2026-09-05T00:04:40.493424Z
9f75b719-096a-41f4-abe2-423e29220f53,run1_rep3,B,OPEN,OPEN,request,CACHE,HIT,0.05516700002772268,0.8676249999552965,INFO,adaptador.request,false,degradado,0.7129999994504033,9377.384652113,9377.385464571,9377.384596946,9377.385365113,CIRCUIT_OPEN,2026-09-05T00:04:40.583457Z
7a587e5f-2537-4c84-91d0-5f1e11259143,run1_rep3,B,OPEN,OPEN,request,CACHE,HIT,0.045916000090073794,0.7412080012727529,INFO,adaptador.request,false,degradado,0.6163750003906898,9377.424867696,9377.425562988,9377.42482178,9377.425484071,CIRCUIT_OPEN,2026-09-05T00:04:40.623541Z
77181f6c-199b-4f04-a1c5-decac870a5bc,run1_rep3,B,OPEN,OPEN,request,CACHE,HIT,0.030666999009554274,0.8265830001619179,INFO,adaptador.request,false,degradado,0.7219580002129078,9377.431399905,9377.432195821,9377.431369238,9377.432121863,CIRCUIT_OPEN,2026-09-05T00:04:40.630190Z
924d9717-85c1-41f0-9f79-2d1253d33384,run1_rep3,B,OPEN,OPEN,request,CACHE,HIT,0.04495800021686591,0.726333000784507,INFO,adaptador.request,false,degradado,0.6042500008334173,9377.495976863,9377.496658238,9377.495931905,9377.496581113,CIRCUIT_OPEN,2026-09-05T00:04:40.694647Z
60cbd024-0201-4958-9982-4b4d4ceafd8b,run1_rep3,B,OPEN,OPEN,request,CACHE,HIT,0.03508299960230943,1.003708001007908,INFO,adaptador.request,false,degradado,0.9030830005940516,9377.568158613,9377.569127238,9377.56812353,9377.569061696,CIRCUIT_OPEN,2026-09-05T00:04:40.767763Z
9d8cd120-559a-48b2-a083-0d86f305913c,run1_rep3,B,OPEN,OPEN,request,CACHE,HIT,0.012833001164835878,1.1439580011938233,INFO,adaptador.request,false,degradado,1.0908330004895106,9377.568582738,9377.569713863,9377.568569905,9377.569673571,CIRCUIT_OPEN,2026-09-05T00:04:40.768298Z
f518c540-11a1-4cf6-97ee-3ae98261c3ad,run1_rep3,B,OPEN,OPEN,request,CACHE,HIT,0.019458000679151155,1.4500000015686965,INFO,adaptador.request,false,degradado,1.357917000859743,9377.569623738,9377.57105428,9377.56960428,9377.570981655,CIRCUIT_OPEN,2026-09-05T00:04:40.769279Z
8ca2e7ac-2e36-463e-8c10-6943e987a3f0,run1_rep3,B,OPEN,OPEN,request,CACHE,HIT,0.03604099947551731,0.6653750006080372,INFO,adaptador.request,false,degradado,0.553625000975444,9377.622978446,9377.62360778,9377.622942405,9377.623532071,CIRCUIT_OPEN,2026-09-05T00:04:40.821603Z
2c0984b1-f34e-408d-adc0-42723a8a6bb4,run1_rep3,B,OPEN,OPEN,request,CACHE,HIT,0.027166001018485986,0.49487499927636236,INFO,adaptador.request,false,degradado,0.4067089994350681,9377.628818446,9377.629286155,9377.62879128,9377.629225155,CIRCUIT_OPEN,2026-09-05T00:04:40.827264Z
d350343c-ff35-4967-8a3b-ed2b7b53e418,run1_rep3,B,OPEN,OPEN,request,CACHE,HIT,0.03154200021526776,0.5968339992250549,INFO,adaptador.request,false,degradado,0.4917499991279328,9377.637376863,9377.637942155,9377.637345321,9377.637868613,CIRCUIT_OPEN,2026-09-05T00:04:40.835971Z
684f4f3e-4208-4078-80a1-3a36ca8cdc68,run1_rep3,B,OPEN,OPEN,request,CACHE,HIT,0.03083400042669382,0.6067499998607673,INFO,adaptador.request,false,degradado,0.49591599963605404,9377.687646405,9377.688222321,9377.687615571,9377.688142321,CIRCUIT_OPEN,2026-09-05T00:04:40.886230Z
2ff1e3dd-88d4-4a5e-b422-9013557263cf,run1_rep3,B,OPEN,OPEN,request,CACHE,HIT,0.021457999537233263,0.5360409995773807,INFO,adaptador.request,false,degradado,0.4512920004344778,9377.690166363,9377.690680946,9377.690144905,9377.690617655,CIRCUIT_OPEN,2026-09-05T00:04:40.888667Z
b255bdf8-f720-428c-80b1-6b63592206ad,run1_rep3,B,OPEN,OPEN,request,CACHE,HIT,0.025707999157020822,0.5008329990232596,INFO,adaptador.request,false,degradado,0.4100839996681316,9377.716740946,9377.717216071,9377.716715238,9377.71715103,CIRCUIT_OPEN,2026-09-05T00:04:40.915197Z
45df50ca-4e5a-4722-993c-2e00177a9aa8,run1_rep3,B,OPEN,OPEN,request,CACHE,HIT,0.05354099994292483,0.7221659998322139,INFO,adaptador.request,false,degradado,0.5980420010018861,9377.789675446,9377.790344071,9377.789621905,9377.790273488,CIRCUIT_OPEN,2026-09-05T00:04:40.988337Z
cf8b19f2-3985-493c-b690-a92ce26e12d1,run1_rep3,B,OPEN,OPEN,request,CACHE,HIT,0.022500000341096893,0.5454170004668413,INFO,adaptador.request,false,degradado,0.4800419992534444,9377.797951196,9377.798474113,9377.797928696,9377.798431238,CIRCUIT_OPEN,2026-09-05T00:04:40.996426Z
1fb697d4-e98b-413b-a028-f6e58340c717,run1_rep3,B,OPEN,OPEN,request,CACHE,HIT,0.015749999874969944,0.338040999849909,INFO,adaptador.request,false,degradado,0.27479100026539527,9377.801126155,9377.801448446,9377.801110405,9377.801400946,CIRCUIT_OPEN,2026-09-05T00:04:40.999413Z
9aa7225b-da87-4fd0-8be5-7933ba7d5354,run1_rep3,B,OPEN,OPEN,request,CACHE,HIT,0.04224999975122046,0.6827090001024771,INFO,adaptador.request,false,degradado,0.5605000005743932,9377.862696696,9377.863337155,9377.862654446,9377.863257196,CIRCUIT_OPEN,2026-09-05T00:04:41.061326Z
02184135-0b2e-43b2-b396-bda7972c6e0c,run1_rep3,B,OPEN,OPEN,request,CACHE,HIT,0.033749998692655936,0.9245419987564674,INFO,adaptador.request,false,degradado,0.8252500010712538,9377.885858696,9377.886749488,9377.885824946,9377.886683946,CIRCUIT_OPEN,2026-09-05T00:04:41.085033Z
4a592cc2-3084-4694-9b14-cc1a8e02efb9,run1_rep3,B,OPEN,OPEN,request,CACHE,HIT,0.014040999303688295,0.7862499987822957,INFO,adaptador.request,false,degradado,0.6954170003155014,9377.886268446,9377.887040655,9377.886254405,9377.886963863,CIRCUIT_OPEN,2026-09-05T00:04:41.085333Z
918f01ad-f4dd-42e9-9cba-5951afc894fd,run1_rep3,B,OPEN,OPEN,request,CACHE,HIT,0.02804100040521007,0.5510829996637767,INFO,adaptador.request,false,degradado,0.4497089994401904,9377.895316071,9377.895839113,9377.89528803,9377.89576578,CIRCUIT_OPEN,2026-09-05T00:04:41.093825Z
f5170604-2a2b-42a8-969b-c40f8ae22b7b,run1_rep3,B,OPEN,OPEN,request,CACHE,HIT,0.023042000975692645,0.5175420010345988,INFO,adaptador.request,false,degradado,0.43729199933295604,9377.903986863,9377.904481363,9377.903963821,9377.904424155,CIRCUIT_OPEN,2026-09-05T00:04:41.102452Z
af84e00b-8073-4ff5-9d2b-2e01b30c3dd7,run1_rep3,B,OPEN,OPEN,request,CACHE,HIT,0.015416000678669661,0.4090000002179295,INFO,adaptador.request,false,degradado,0.34233399856020696,9377.910986696,9377.91138028,9377.91097128,9377.91132903,CIRCUIT_OPEN,2026-09-05T00:04:41.109361Z
97857708-eed7-4187-ba3a-51f15bab89de,run1_rep3,B,OPEN,OPEN,request,CACHE,HIT,0.05149999924469739,0.811500000054366,INFO,adaptador.request,false,degradado,0.6631250016653212,9377.975142405,9377.975902405,9377.975090905,9377.97580553,CIRCUIT_OPEN,2026-09-05T00:04:41.173884Z
4aa95940-61a5-4441-8207-03c9cc78b26b,run1_rep3,B,OPEN,OPEN,request,CACHE,HIT,0.04050000097777229,0.8505000005243346,INFO,adaptador.request,false,degradado,0.7052499986457406,9378.004491821,9378.005301821,9378.004451321,9378.005197071,CIRCUIT_OPEN,2026-09-05T00:04:41.203294Z
b0c412ed-a3c2-4f0d-9343-b0a7f2b6fb95,run1_rep3,B,OPEN,OPEN,request,CACHE,HIT,0.021874999220017344,0.46683300024596974,INFO,adaptador.request,false,degradado,0.37783300103910733,9378.010438738,9378.010883696,9378.010416863,9378.010816571,CIRCUIT_OPEN,2026-09-05T00:04:41.208860Z
30001d4b-27e3-4285-9e1e-29e966a2054d,run1_rep3,B,OPEN,OPEN,request,CACHE,HIT,0.03866599945467897,0.6426660002034623,INFO,adaptador.request,false,degradado,0.5345839999790769,9378.066672488,9378.067276488,9378.066633822,9378.067207072,CIRCUIT_OPEN,2026-09-05T00:04:41.265263Z
9b8e51ab-1f9e-47ca-9829-0be6c074d855,run1_rep3,B,OPEN,OPEN,request,CACHE,HIT,0.04624999928637408,0.7166669984144391,INFO,adaptador.request,false,degradado,0.5786670008092187,9378.099558238,9378.100228655,9378.099511988,9378.100136905,CIRCUIT_OPEN,2026-09-05T00:04:41.298227Z
027eb8f1-77dd-442b-9964-f8ab27230635,run1_rep3,B,OPEN,OPEN,request,CACHE,HIT,0.04216600063955411,0.6465000005846377,INFO,adaptador.request,false,degradado,0.5234999989625067,9378.155070613,9378.155674947,9378.155028447,9378.155594113,CIRCUIT_OPEN,2026-09-05T00:04:41.353655Z
c6892646-13a2-4c71-a4a4-0099a8929bf3,run1_rep3,B,OPEN,OPEN,request,CACHE,HIT,0.04949999856762588,0.769540998589946,INFO,adaptador.request,false,degradado,0.6177909999678377,9378.238474572,9378.239194613,9378.238425072,9378.239092363,CIRCUIT_OPEN,2026-09-05T00:04:41.437204Z
850cb0d8-1d1b-455e-883a-732c246bacd6,run1_rep3,B,OPEN,OPEN,request,CACHE,HIT,0.03487499998300336,0.5904589997953735,INFO,adaptador.request,false,degradado,0.47958399954950437,9378.244680988,9378.245236572,9378.244646113,9378.245160572,CIRCUIT_OPEN,2026-09-05T00:04:41.443225Z
932696c2-aaf7-4815-9c55-9131abb53b0f,run1_rep3,B,OPEN,OPEN,request,CACHE,HIT,0.03366700002516154,0.6066670011932729,INFO,adaptador.request,false,degradado,0.5117500004416797,9378.249175447,9378.249748447,9378.24914178,9378.249687197,CIRCUIT_OPEN,2026-09-05T00:04:41.447716Z
83a693df-0ce5-4afb-a01a-df71c6cafdae,run1_rep3,B,OPEN,OPEN,request,CACHE,HIT,0.019584000256145373,0.5070839997642906,INFO,adaptador.request,false,degradado,0.4179579991614446,9378.260828197,9378.261315697,9378.260808613,9378.261246155,CIRCUIT_OPEN,2026-09-05T00:04:41.459307Z
1c8cfaaf-2642-460f-b7a3-7d3a86a5cb44,run1_rep3,B,OPEN,OPEN,request,CACHE,HIT,0.02366700027778279,0.4345420002209721,INFO,adaptador.request,false,degradado,0.3648330002761213,9378.262069155,9378.26248003,9378.262045488,9378.262433988,CIRCUIT_OPEN,2026-09-05T00:04:41.460439Z
47052ef5-4d89-4111-b7d3-7cd072462760,run1_rep3,B,OPEN,OPEN,request,CACHE,HIT,0.019790999431279488,0.38995800059637986,INFO,adaptador.request,false,degradado,0.3086670003540348,9378.274685113,9378.27505528,9378.274665322,9378.27499378,CIRCUIT_OPEN,2026-09-05T00:04:41.473006Z
d54dfa44-a623-4c46-836b-36284c87698c,run1_rep3,B,OPEN,OPEN,request,CACHE,HIT,0.015458001143997535,0.337583000145969,INFO,adaptador.request,false,degradado,0.2855419988918584,9378.285610405,9378.28593253,9378.285594947,9378.285895947,CIRCUIT_OPEN,2026-09-05T00:04:41.483879Z
bbadaf40-f1cd-4a19-9357-e6c4cdaa747e,run1_rep3,B,OPEN,OPEN,request,CACHE,HIT,0.015624998923158273,0.4309579999244306,INFO,adaptador.request,false,degradado,0.3506250013742829,9378.299995155,9378.300410488,9378.29997953,9378.30034578,CIRCUIT_OPEN,2026-09-05T00:04:41.498401Z
aaa6f710-0128-411f-a771-5deca7f00ec9,run1_rep3,B,OPEN,OPEN,request,CACHE,HIT,0.013666000086232089,0.33816599898273125,INFO,adaptador.request,false,degradado,0.2809590005199425,9378.314584988,9378.314909488,9378.314571322,9378.314865947,CIRCUIT_OPEN,2026-09-05T00:04:41.512862Z
a7d8fc68-6f9d-4b9f-adde-8cd7b2250235,run1_rep3,B,OPEN,OPEN,request,CACHE,HIT,0.051750001148320735,0.8350830012204824,INFO,adaptador.request,false,degradado,0.6794169985369081,9378.410460405,9378.411243738,9378.410408655,9378.411139822,CIRCUIT_OPEN,2026-09-05T00:04:41.609245Z
57aaafdf-61e0-4308-b64f-3a4aaf8e14f3,run1_rep3,B,OPEN,OPEN,request,CACHE,HIT,0.04333399920142256,0.6394590000127209,INFO,adaptador.request,false,degradado,0.5139580007380573,9378.483338822,9378.483934947,9378.483295488,9378.48385278,CIRCUIT_OPEN,2026-09-05T00:04:41.681948Z
0c271584-3ce9-4822-bb85-b41f5507c710,run1_rep3,B,OPEN,OPEN,request,CACHE,HIT,0.03695800114655867,0.641666001683916,INFO,adaptador.request,false,degradado,0.5101669994473923,9378.498438405,9378.499043113,9378.498401447,9378.498948572,CIRCUIT_OPEN,2026-09-05T00:04:41.697034Z
3bf3a171-c178-45dc-96c2-1966c69f286f,run1_rep3,B,OPEN,OPEN,request,CACHE,HIT,0.05704100112779997,0.6988330005697208,INFO,adaptador.request,false,degradado,0.5532920004043262,9378.608048738,9378.60869053,9378.607991697,9378.60860203,CIRCUIT_OPEN,2026-09-05T00:04:41.806681Z
c429bd60-00f4-4b44-9f90-26b1ba125c20,run1_rep3,B,OPEN,OPEN,request,CACHE,HIT,0.037582998629659414,0.6191669999680016,INFO,adaptador.request,false,degradado,0.5098750007164199,9378.624213738,9378.624795322,9378.624176155,9378.624723613,CIRCUIT_OPEN,2026-09-05T00:04:41.822773Z
d904a42a-e150-4635-92cd-f177cf145131,run1_rep3,B,OPEN,OPEN,request,CACHE,HIT,0.027624999347608536,0.5172919991309755,INFO,adaptador.request,false,degradado,0.42587499956425745,9378.637471405,9378.637961072,9378.63744378,9378.63789728,CIRCUIT_OPEN,2026-09-05T00:04:41.835958Z
551cc94e-96d7-4355-bb2b-9c129f7e724f,run1_rep3,B,OPEN,OPEN,request,CACHE,HIT,0.027042000510846265,0.5209169994486729,INFO,adaptador.request,false,degradado,0.4304999984015012,9378.64583753,9378.646331405,9378.645810488,9378.64626803,CIRCUIT_OPEN,2026-09-05T00:04:41.844310Z
8a164245-5100-41ce-955a-ad7de595d235,run1_rep3,B,OPEN,OPEN,request,CACHE,HIT,0.03866699989885092,1.1478750002424931,INFO,adaptador.request,false,degradado,1.0304580009687925,9378.708594572,9378.70970378,9378.708555905,9378.70962503,CIRCUIT_OPEN,2026-09-05T00:04:41.907704Z
013500f2-b60d-420c-9cc2-e6787476beeb,run1_rep3,B,OPEN,OPEN,request,CACHE,HIT,0.02262499947391916,0.8734160001040436,INFO,adaptador.request,false,degradado,0.7887910014687805,9378.709508822,9378.710359613,9378.709486197,9378.710297613,CIRCUIT_OPEN,2026-09-05T00:04:41.908514Z
331b7779-fb5c-4ed6-ab7a-d673f1a10055,run1_rep3,B,OPEN,OPEN,request,CACHE,HIT,0.03325000034237746,0.5666670003847685,INFO,adaptador.request,false,degradado,0.47279200043703895,9378.741064155,9378.741597572,9378.741030905,9378.741536947,CIRCUIT_OPEN,2026-09-05T00:04:41.939574Z
258c2f48-8475-4578-b73d-49ef02546144,run1_rep3,B,OPEN,OPEN,request,CACHE,HIT,0.028583001039805822,0.5647500001941808,INFO,adaptador.request,false,degradado,0.45958400005474687,9378.75598453,9378.756520697,9378.755955947,9378.756444114,CIRCUIT_OPEN,2026-09-05T00:04:41.954511Z
1bf64fb1-7d73-4e62-836b-593ad002c5b0,run1_rep3,B,OPEN,OPEN,request,CACHE,HIT,0.027125000997330062,0.49200000103155617,INFO,adaptador.request,false,degradado,0.4040000003442401,9378.763782947,9378.764247822,9378.763755822,9378.764186947,CIRCUIT_OPEN,2026-09-05T00:04:41.962223Z
c527c95b-914b-4428-b55a-66dd4568abee,run1_rep3,B,OPEN,OPEN,request,CACHE,HIT,0.04183300006843638,0.6787080001231516,INFO,adaptador.request,false,degradado,0.5459999993036035,9378.841532405,9378.84216928,9378.841490572,9378.842078405,CIRCUIT_OPEN,2026-09-05T00:04:42.040180Z
687e8032-020f-4efe-b5ec-411907f8942f,run1_rep3,B,OPEN,OPEN,request,CACHE,HIT,0.03654099964478519,0.6140000004961621,INFO,adaptador.request,false,degradado,0.5117500004416797,9378.861668905,9378.862246364,9378.861632364,9378.862180655,CIRCUIT_OPEN,2026-09-05T00:04:42.060222Z
0bf9fc3f-d818-4c80-879b-23b41415026e,run1_rep3,B,OPEN,OPEN,request,CACHE,HIT,0.032250000003841706,1.052916999469744,INFO,adaptador.request,false,degradado,0.9093329990719212,9378.894855697,9378.895876364,9378.894823447,9378.89576503,CIRCUIT_OPEN,2026-09-05T00:04:42.094162Z
14b7bac6-dcd8-498a-b836-fef676842b22,run1_rep3,B,OPEN,OPEN,request,CACHE,HIT,0.021458001356222667,0.8526250003342284,INFO,adaptador.request,false,degradado,0.7795419987814967,9378.895339655,9378.896170822,9378.895318197,9378.896119197,CIRCUIT_OPEN,2026-09-05T00:04:42.094413Z
eddb8044-3c09-4889-b7ee-fbdc4b4ac567,run1_rep3,B,OPEN,OPEN,request,CACHE,HIT,0.053375000788946636,0.8667500005685724,INFO,adaptador.request,false,degradado,0.6975420001253951,9378.964247697,9378.965061072,9378.964194322,9378.964945239,CIRCUIT_OPEN,2026-09-05T00:04:42.163046Z
3abedef8-ce2d-471a-b9b1-580c9f1f7a1b,run1_rep3,B,OPEN,OPEN,request,CACHE,HIT,0.04095800068171229,0.6454579997807741,INFO,adaptador.request,false,degradado,0.5266249991109362,9379.01606653,9379.01667103,9379.016025572,9379.016593155,CIRCUIT_OPEN,2026-09-05T00:04:42.214657Z
e2570f17-73e8-42a5-b4ac-3a1afad9d9d1,run1_rep3,B,OPEN,OPEN,request,CACHE,HIT,0.02937499994004611,0.5952499996055849,INFO,adaptador.request,false,degradado,0.5037499995523831,9379.021281072,9379.021846947,9379.021251697,9379.021784822,CIRCUIT_OPEN,2026-09-05T00:04:42.219820Z
41ab1b69-ddb0-4100-96d8-4aef1d2ca07e,run1_rep3,B,OPEN,OPEN,request,CACHE,HIT,0.07079200076987036,0.8253750002040761,INFO,adaptador.request,false,degradado,0.6467909988714382,9379.081057989,9379.081812572,9379.080987197,9379.08170478,CIRCUIT_OPEN,2026-09-05T00:04:42.279855Z
c38688d4-bc8d-4ddc-aa04-bf075c48ff22,run1_rep3,B,OPEN,OPEN,request,CACHE,HIT,0.02887499977077823,0.4917499991279328,INFO,adaptador.request,false,degradado,0.3999999989900971,9379.084338405,9379.08480128,9379.08430953,9379.084738405,CIRCUIT_OPEN,2026-09-05T00:04:42.282779Z
c4141e33-3782-45e4-b912-c8f52433a07e,run1_rep3,B,OPEN,OPEN,request,CACHE,HIT,0.027209000108996406,0.5655839995597489,INFO,adaptador.request,false,degradado,0.46641599874419626,9379.088725989,9379.089264364,9379.08869878,9379.089192405,CIRCUIT_OPEN,2026-09-05T00:04:42.287255Z
a978432b-5dda-4ada-8a0e-35ed6ae52773,run1_rep3,B,OPEN,OPEN,request,CACHE,HIT,0.01754200093273539,0.44312499994703103,INFO,adaptador.request,false,degradado,0.36787499993806705,9379.109755822,9379.110181405,9379.10973828,9379.110123697,CIRCUIT_OPEN,2026-09-05T00:04:42.308145Z
fbf8941a-feb7-4334-b517-9d60079f537a,run1_rep3,B,OPEN,OPEN,request,CACHE,HIT,0.03491700044833124,0.5841250003868481,INFO,adaptador.request,false,degradado,0.4805829994438682,9379.147290489,9379.147839697,9379.147255572,9379.147771072,CIRCUIT_OPEN,2026-09-05T00:04:42.345821Z
c0247b9e-ec8d-4f37-9cc8-3894cae18589,run1_rep3,B,OPEN,OPEN,request,CACHE,HIT,0.04799999987881165,0.7567920001747552,INFO,adaptador.request,false,degradado,0.6222089996299474,9379.179941655,9379.180650447,9379.179893655,9379.180563864,CIRCUIT_OPEN,2026-09-05T00:04:42.378636Z
bccc425e-db10-47de-90cb-5e6078430250,run1_rep3,B,OPEN,OPEN,request,CACHE,HIT,0.026875000912696123,0.5449159998534014,INFO,adaptador.request,false,degradado,0.45237499944050796,9379.189329864,9379.189847905,9379.189302989,9379.189782239,CIRCUIT_OPEN,2026-09-05T00:04:42.387835Z
fec035a4-2060-4930-9f55-ff4915c434e6,run1_rep3,B,OPEN,OPEN,request,CACHE,HIT,0.051083001380902715,0.7333749999816064,INFO,adaptador.request,false,degradado,0.6012920002831379,9379.276133322,9379.276815614,9379.276082239,9379.276734614,CIRCUIT_OPEN,2026-09-05T00:04:42.474797Z
111415ae-c43b-4521-a25b-fc362e8da599,run1_rep3,B,OPEN,OPEN,request,CACHE,HIT,0.03241700142098125,0.5636670011881506,INFO,adaptador.request,false,degradado,0.4714169990620576,9379.292629822,9379.293161072,9379.292597405,9379.293101239,CIRCUIT_OPEN,2026-09-05T00:04:42.491130Z
078082dd-9898-4639-90ed-78e985e50b64,run1_rep3,B,OPEN,OPEN,request,CACHE,HIT,0.039041999116307124,0.608874999670661,INFO,adaptador.request,false,degradado,0.4906659996777307,9379.342097239,9379.342667072,9379.342058197,9379.342587905,CIRCUIT_OPEN,2026-09-05T00:04:42.540656Z
8117f4be-31f2-4d9c-94c5-cc9cc0b433ca,run1_rep3,B,OPEN,OPEN,request,CACHE,HIT,0.04333400102041196,0.7527500001742737,INFO,adaptador.request,false,degradado,0.6137500004115282,9379.363860739,9379.364570155,9379.363817405,9379.364474489,CIRCUIT_OPEN,2026-09-05T00:04:42.562564Z
8d9e13d4-4e17-4435-b4b6-4bebdad8cadf,run1_rep3,B,OPEN,OPEN,request,CACHE,HIT,0.03279100019426551,0.578790999497869,INFO,adaptador.request,false,degradado,0.4782089999935124,9379.372906905,9379.373452905,9379.372874114,9379.373385114,CIRCUIT_OPEN,2026-09-05T00:04:42.571432Z
e9f37a23-a53c-4954-a37f-3d878249c5ae,run1_rep3,B,OPEN,OPEN,request,CACHE,HIT,0.04679199992096983,0.7377500005532056,INFO,adaptador.request,false,degradado,0.6038749997969717,9379.471696739,9379.472387697,9379.471649947,9379.472300614,CIRCUIT_OPEN,2026-09-05T00:04:42.670406Z
6948a9f8-dae9-44f3-bf57-6152ec10e294,run1_rep3,B,OPEN,OPEN,request,CACHE,HIT,0.0351250000676373,0.8707090000825701,INFO,adaptador.request,false,degradado,0.7685420005145716,9379.495779947,9379.496615531,9379.495744822,9379.496548489,CIRCUIT_OPEN,2026-09-05T00:04:42.694602Z
552bd472-8af4-40e2-a017-a056bf1beeee,run1_rep3,B,OPEN,OPEN,request,CACHE,HIT,0.021916999685345218,0.7286250001925509,INFO,adaptador.request,false,degradado,0.6571670000994345,9379.496445989,9379.497152697,9379.496424072,9379.497103156,CIRCUIT_OPEN,2026-09-05T00:04:42.695123Z
4e136ca4-fac7-4801-8ed4-2522527a9b3d,run1_rep3,B,OPEN,OPEN,request,CACHE,HIT,0.048624999180901796,0.6976669992582174,INFO,adaptador.request,false,degradado,0.5582920002780156,9379.609947072,9379.610596114,9379.609898447,9379.610505364,CIRCUIT_OPEN,2026-09-05T00:04:42.808588Z
cd4d94d6-6ba3-4788-b1ca-2df01d5f14ff,run1_rep3,B,OPEN,OPEN,request,CACHE,HIT,0.055917000281624496,0.733042001229478,INFO,adaptador.request,false,degradado,0.5908750008529751,9379.657936656,9379.658613781,9379.657880739,9379.658527531,CIRCUIT_OPEN,2026-09-05T00:04:42.856608Z
742d076a-6337-43d0-83f8-0b075d7579bc,run1_rep3,B,OPEN,OPEN,request,CACHE,HIT,0.033499998608022,0.550540999029181,INFO,adaptador.request,false,degradado,0.4624580014933599,9379.670816531,9379.671333572,9379.670783031,9379.671278989,CIRCUIT_OPEN,2026-09-05T00:04:42.869291Z
2b5eca13-d67a-4d12-8385-ad2592aadfa5,run1_rep3,B,OPEN,OPEN,request,CACHE,HIT,0.051540999265853316,0.7184999994933605,INFO,adaptador.request,false,degradado,0.5790420000266749,9379.722174072,9379.722841031,9379.722122531,9379.722753114,CIRCUIT_OPEN,2026-09-05T00:04:42.920835Z
