request_id,ejecucion_id,escenario,estado_circuito_fin,estado_circuito_inicio,event_type,fuente_respuesta,hit_miss,latencia_proveedor_ms,latencia_total_ms,level,logger,proveedor_invocado,resultado,tiempo_conmutacion_ms,timestamp_deteccion,timestamp_fin,timestamp_inicio,timestamp_respuesta_cache,tipo_error,ts_wall
1e48a7f8-2855-42de-a82a-242e8d279e5a,run1_rep2,A,CLOSED,CLOSED,request,PROVIDER,N/A,,102.6506669986702,INFO,adaptador.request,true,exitoso,,,9012.740830529,9012.638179862,,,2026-09-04T23:58:35.937315Z
fa5d798f-6efe-49c5-9f56-cbb8d5f4e48f,run1_rep2,A,CLOSED,CLOSED,request,PROVIDER,N/A,,191.48645799941733,INFO,adaptador.request,true,exitoso,,,9012.830362945,9012.638876487,,,2026-09-04T23:58:36.026832Z
40dea0eb-d44d-47fc-8d0c-e4305595341a,run1_rep2,A,CLOSED,CLOSED,request,PROVIDER,N/A,,58.89695800033223,INFO,adaptador.request,true,exitoso,,,9012.987890445,9012.928993487,,,2026-09-04T23:58:36.184442Z
7fc4c54e-5a40-43df-824b-36054d963790,run1_rep2,A,CLOSED,CLOSED,request,PROVIDER,N/A,,100.8237089990871,INFO,adaptador.request,true,exitoso,,,9013.344766571,9013.243942862,,,2026-09-04T23:58:36.541309Z
c8e77792-7883-44bf-a713-54c55900c6ec,run1_rep2,A,CLOSED,CLOSED,request,PROVIDER,N/A,,67.07804100005887,INFO,adaptador.request,true,exitoso,,,9013.559859737,9013.492781696,,,2026-09-04T23:58:36.756411Z
be80eadd-24cd-4982-8af4-b7a39795beae,run1_rep2,A,CLOSED,CLOSED,request,PROVIDER,N/A,,103.0022499999177,INFO,adaptador.request,true,exitoso,,,9013.650292321,9013.547290071,,,2026-09-04T23:58:36.846783Z
e5692d61-e89a-445a-a2d9-0dd2f3acd0a5,run1_rep2,A,CLOSED,CLOSED,request,PROVIDER,N/A,,74.13108300170279,INFO,adaptador.request,true,exitoso,,,9014.110571196,9014.036440113,,,2026-09-04T23:58:37.307033Z
4b63d986-c155-4fa4-a683-4c82b69b87f4,run1_rep2,A,CLOSED,CLOSED,request,PROVIDER,N/A,,67.34700000015437,INFO,adaptador.request,true,exitoso,,,9014.195520571,9014.128173571,,,2026-09-04T23:58:37.391965Z
50544ca4-3ae3-4987-bb4d-645bc3ae145e,run1_rep2,A,CLOSED,CLOSED,request,PROVIDER,N/A,,95.04324999943492,INFO,adaptador.request,true,exitoso,,,9014.350879321,9014.255836071,,,2026-09-04T23:58:37.547457Z
6cc6c91e-58b5-46cc-8bfe-120465ffb77d,run1_rep2,A,CLOSED,CLOSED,request,PROVIDER,N/A,,58.19720799991046,INFO,adaptador.request,true,exitoso,,,9014.639365446,9014.581168238,,,2026-09-04T23:58:37.835848Z
c1577da2-e424-4928-9f78-9f4e2b9c5ba1,run1_rep2,A,CLOSED,CLOSED,request,PROVIDER,N/A,,59.12499999976717,INFO,adaptador.request,true,exitoso,,,9014.754607113,9014.695482113,,,2026-09-04T23:58:37.951077Z
a37ecae9-f0e7-4b88-9ed9-7a279750a362,run1_rep2,A,CLOSED,CLOSED,request,PROVIDER,N/A,,85.04333300152211,INFO,adaptador.request,true,exitoso,,,9015.040733113,9014.95568978,,,2026-09-04T23:58:38.237263Z
3f8d0088-b593-4f94-983e-f4b087b8ff02,run1_rep2,A,CLOSED,CLOSED,request,PROVIDER,N/A,,67.31500000023516,INFO,adaptador.request,true,exitoso,,,9015.130187238,9015.062872238,,,2026-09-04T23:58:38.326720Z
fc67caea-e0d2-4e8a-8402-01068ab3f582,run1_rep2,A,CLOSED,CLOSED,request,PROVIDER,N/A,,65.53324999913457,INFO,adaptador.request,true,exitoso,,,9015.513368155,9015.447834905,,,2026-09-04T23:58:38.709848Z
19bbd3fa-b697-4599-bf97-69bff5f52a8c,run1_rep2,A,CLOSED,CLOSED,request,PROVIDER,N/A,,80.49891700102307,INFO,adaptador.request,true,exitoso,,,9015.609842947,9015.52934403,,,2026-09-04T23:58:38.806406Z
cb5aa003-b4d1-4b33-9d15-d6a3992f7851,run1_rep2,A,CLOSED,CLOSED,request,PROVIDER,N/A,,99.34870799952478,INFO,adaptador.request,true,exitoso,,,9015.83583353,9015.736484822,,,2026-09-04T23:58:39.032340Z
8e228c0a-9e56-4bba-ac95-72863179f5dd,run1_rep2,A,CLOSED,CLOSED,request,PROVIDER,N/A,,125.21683299928554,INFO,adaptador.request,true,exitoso,,,9015.89797328,9015.772756447,,,2026-09-04T23:58:39.094479Z
10050841-fb0a-435b-ad1d-168f5e20eb18,run1_rep2,A,CLOSED,CLOSED,request,PROVIDER,N/A,,73.55937499960419,INFO,adaptador.request,true,exitoso,,,9016.121461947,9016.047902572,,,2026-09-04T23:58:39.317937Z
1f1186b6-7f75-4a31-a582-1e49c193bdd7,run1_rep2,A,CLOSED,CLOSED,request,PROVIDER,N/A,,87.4431669999467,INFO,adaptador.request,true,exitoso,,,9016.297838364,9016.210395197,,,2026-09-04T23:58:39.494332Z
4327f336-7ac0-42b2-8db5-122290ca1af2,run1_rep2,A,CLOSED,CLOSED,request,PROVIDER,N/A,,63.343791000079364,INFO,adaptador.request,true,exitoso,,,9016.55481703,9016.491473239,,,2026-09-04T23:58:39.751355Z
22f3b6fc-fd1f-426f-94fd-ac0c32a23822,run1_rep2,A,CLOSED,CLOSED,request,PROVIDER,N/A,,56.155915999624995,INFO,adaptador.request,true,exitoso,,,9016.685187447,9016.629031531,,,2026-09-04T23:58:39.881676Z
94cf62fe-6b27-441d-8d96-1039a8b99e03,run1_rep2,A,CLOSED,CLOSED,request,PROVIDER,N/A,,90.58191599979182,INFO,adaptador.request,true,exitoso,,,9017.045556197,9016.954974281,,,2026-09-04T23:58:40.242057Z
b91d1d3d-fc36-43cd-8929-ce3c8563abda,run1_rep2,A,CLOSED,CLOSED,request,PROVIDER,N/A,,78.91654099876177,INFO,adaptador.request,true,exitoso,,,9017.214016322,9017.135099781,,,2026-09-04T23:58:40.410487Z
2b17dd39-a5d1-4a32-890c-0f53a3dfbcdb,run1_rep2,A,CLOSED,CLOSED,request,PROVIDER,N/A,,106.65416700066999,INFO,adaptador.request,true,exitoso,,,9017.350401406,9017.243747239,,,2026-09-04T23:58:40.546901Z
204c82b2-a1b0-4a2f-bf94-2e419c12375c,run1_rep2,A,CLOSED,CLOSED,request,PROVIDER,N/A,,78.68850000159,INFO,adaptador.request,true,exitoso,,,9017.598990906,9017.520302406,,,2026-09-04T23:58:40.795485Z
ba20964f-f3ba-415c-be67-8bd46510272c,run1_rep2,A,CLOSED,CLOSED,request,PROVIDER,N/A,,92.8223330010951,INFO,adaptador.request,true,exitoso,,,9017.780683364,9017.687861031,,,2026-09-04T23:58:40.977221Z
dfbba2a3-9526-4ce5-aa12-135127e19c39,run1_rep2,A,CLOSED,CLOSED,request,PROVIDER,N/A,,63.09020899971074,INFO,adaptador.request,true,exitoso,,,9018.038323323,9017.975233114,,,2026-09-04T23:58:41.234870Z
28ce5351-9e1d-4633-8385-011ca69ee259,run1_rep2,A,CLOSED,CLOSED,request,PROVIDER,N/A,,78.77191700026742,INFO,adaptador.request,true,exitoso,,,9018.311515615,9018.232743698,,,2026-09-04T23:58:41.508010Z
a871b819-5140-4256-a955-9b54ebde9723,run1_rep2,A,CLOSED,CLOSED,request,PROVIDER,N/A,,63.376375001098495,INFO,adaptador.request,true,exitoso,,,9018.556568198,9018.493191823,,,2026-09-04T23:58:41.753077Z
55654ea2-7153-47e7-873f-39c24662d667,run1_rep2,A,CLOSED,CLOSED,request,PROVIDER,N/A,,138.68324999930337,INFO,adaptador.request,true,exitoso,,,9018.635192406,9018.496509156,,,2026-09-04T23:58:41.831721Z
ec9d4522-faaa-4458-ab1e-e89d3a3d2818,run1_rep2,A,CLOSED,CLOSED,request,PROVIDER,N/A,,79.18387499921664,INFO,adaptador.request,true,exitoso,,,9019.09088324,9019.011699365,,,2026-09-04T23:58:42.287404Z
63cb98dc-3c6b-4a16-bab1-3032f6608c81,run1_rep2,A,CLOSED,CLOSED,request,PROVIDER,N/A,,98.41037499973027,INFO,adaptador.request,true,exitoso,,,9019.146967657,9019.048557282,,,2026-09-04T23:58:42.343501Z
9dc26007-dc32-4d57-a8cf-5d19a3690f23,run1_rep2,A,CLOSED,CLOSED,request,PROVIDER,N/A,,82.06583299943304,INFO,adaptador.request,true,exitoso,,,9019.477682615,9019.395616782,,,2026-09-04T23:58:42.674136Z
f7546abd-87c7-4348-bc52-806484070583,run1_rep2,A,CLOSED,CLOSED,request,PROVIDER,N/A,,125.14004100012244,INFO,adaptador.request,true,exitoso,,,9019.551064365,9019.425924324,,,2026-09-04T23:58:42.747520Z
f8c67501-6908-40ca-af80-b87c0800ab86,run1_rep2,A,CLOSED,CLOSED,request,PROVIDER,N/A,,74.28937500117172,INFO,adaptador.request,true,exitoso,,,9019.795507282,9019.721217907,,,2026-09-04T23:58:42.992001Z
664c516a-4d32-4b24-9b44-4b3b8c630b1b,run1_rep2,A,CLOSED,CLOSED,request,PROVIDER,N/A,,99.11054199983482,INFO,adaptador.request,true,exitoso,,,9020.007599449,9019.908488907,,,2026-09-04T23:58:43.204118Z
73c38c53-73a7-4a3e-91dd-3d2da517cf82,run1_rep2,A,CLOSED,CLOSED,request,PROVIDER,N/A,,66.58424999841372,INFO,adaptador.request,true,exitoso,,,9020.163380449,9020.096796199,,,2026-09-04T23:58:43.359853Z
cf22c628-873d-4820-89c1-3b904b190ba6,run1_rep2,A,CLOSED,CLOSED,request,PROVIDER,N/A,,100.63858299872663,INFO,adaptador.request,true,exitoso,,,9020.238803199,9020.138164616,,,2026-09-04T23:58:43.435302Z
4b5f1fe4-fd0f-458d-bb9b-0a496d3b95db,run1_rep2,A,CLOSED,CLOSED,request,PROVIDER,N/A,,89.6992500001943,INFO,adaptador.request,true,exitoso,,,9020.570179241,9020.480479991,,,2026-09-04T23:58:43.766661Z
dacb68ea-b91e-4040-9d81-f16d34a70ab8,run1_rep2,A,CLOSED,CLOSED,request,PROVIDER,N/A,,92.30170900082157,INFO,adaptador.request,true,exitoso,,,9020.660198616,9020.567896907,,,2026-09-04T23:58:43.856695Z
3d8b3635-703d-4689-8e31-db17e4fefa57,run1_rep2,A,CLOSED,CLOSED,request,PROVIDER,N/A,,73.29208299961465,INFO,adaptador.request,true,exitoso,,,9020.945355741,9020.872063658,,,2026-09-04T23:58:44.141856Z
d2fb21b8-1286-4399-806e-c55506cf8fbb,run1_rep2,A,CLOSED,CLOSED,request,PROVIDER,N/A,,124.53029099924606,INFO,adaptador.request,true,exitoso,,,9021.019245824,9020.894715533,,,2026-09-04T23:58:44.215732Z
addcb8ba-faa7-4a80-8eb0-471ac4d0e453,run1_rep2,A,CLOSED,CLOSED,request,PROVIDER,N/A,,63.61250000009022,INFO,adaptador.request,true,exitoso,,,9021.173832408,9021.110219908,,,2026-09-04T23:58:44.370270Z
cb36b2d5-bb03-46b7-926e-0aa5b22781da,run1_rep2,A,CLOSED,CLOSED,request,PROVIDER,N/A,,91.92525000071328,INFO,adaptador.request,true,exitoso,,,9021.240418158,9021.148492908,,,2026-09-04T23:58:44.436842Z
01db135a-3b40-4658-9512-ed8492c08e63,run1_rep2,A,CLOSED,CLOSED,request,PROVIDER,N/A,,73.72412500080827,INFO,adaptador.request,true,exitoso,,,9021.5694762,9021.495752075,,,2026-09-04T23:58:44.765960Z
fa24c53c-3b02-4994-b00d-c8d1339f8456,run1_rep2,A,CLOSED,CLOSED,request,PROVIDER,N/A,,65.27012500009732,INFO,adaptador.request,true,exitoso,,,9021.681568741,9021.616298616,,,2026-09-04T23:58:44.878058Z
eb5dcf82-6f63-40ba-9a73-b2191a9c6db0,run1_rep2,A,CLOSED,CLOSED,request,PROVIDER,N/A,,91.3953750005021,INFO,adaptador.request,true,exitoso,,,9021.85391295,9021.762517575,,,2026-09-04T23:58:45.050445Z
a950f324-4519-4118-beab-50f1c2eb6f76,run1_rep2,A,CLOSED,CLOSED,request,PROVIDER,N/A,,93.76066599907062,INFO,adaptador.request,true,exitoso,,,9022.003478116,9021.90971745,,,2026-09-04T23:58:45.199924Z
4c091722-6cda-4485-934b-fe62a144a597,run1_rep2,A,CLOSED,CLOSED,request,PROVIDER,N/A,,62.02516700068372,INFO,adaptador.request,true,exitoso,,,9022.406051992,9022.344026825,,,2026-09-04T23:58:45.602562Z
c3ad42b8-bc69-4178-b39f-79a87a2275fb,run1_rep2,A,CLOSED,CLOSED,request,PROVIDER,N/A,,155.38591599943175,INFO,adaptador.request,true,exitoso,,,9022.500585908,9022.345199992,,,2026-09-04T23:58:45.697032Z
382d6f1b-237f-4c89-aae8-bb4567531502,run1_rep2,A,CLOSED,CLOSED,request,PROVIDER,N/A,,106.24004199962656,INFO,adaptador.request,true,exitoso,,,9022.82216245,9022.715922408,,,2026-09-04T23:58:46.018812Z
da22bf9a-dbdc-4686-a82f-45cc0aa51731,run1_rep2,A,CLOSED,CLOSED,request,PROVIDER,N/A,,206.6106669990404,INFO,adaptador.request,true,exitoso,,,9022.923570492,9022.716959825,,,2026-09-04T23:58:46.120071Z
388647c2-0967-47e4-9002-6d9857bca648,run1_rep2,A,CLOSED,CLOSED,request,PROVIDER,N/A,,104.67312500077242,INFO,adaptador.request,true,exitoso,,,9023.076851742,9022.972178617,,,2026-09-04T23:58:46.273356Z
54aefe75-754f-4626-ad94-42ce092ad7ce,run1_rep2,A,CLOSED,CLOSED,request,PROVIDER,N/A,,84.89391700095439,INFO,adaptador.request,true,exitoso,,,9023.293519909,9023.208625992,,,2026-09-04T23:58:46.490016Z
891d29aa-993d-4854-9306-7689dd0f2efc,run1_rep2,A,CLOSED,CLOSED,request,PROVIDER,N/A,,95.49570799936191,INFO,adaptador.request,true,exitoso,,,9023.533591492,9023.438095784,,,2026-09-04T23:58:46.730135Z
98195e06-2a63-4175-a5e3-469416a79746,run1_rep2,A,CLOSED,CLOSED,request,PROVIDER,N/A,,72.25245900008304,INFO,adaptador.request,true,exitoso,,,9023.738836701,9023.666584242,,,2026-09-04T23:58:46.935302Z
a2384cd3-ecf5-4247-af0e-aac10c9bb000,run1_rep2,A,CLOSED,CLOSED,request,PROVIDER,N/A,,95.39408400087268,INFO,adaptador.request,true,exitoso,,,9023.813611326,9023.718217242,,,2026-09-04T23:58:47.010078Z
140b43bb-367c-4d7e-bde1-d01a8eef03eb,run1_rep2,A,CLOSED,CLOSED,request,PROVIDER,N/A,,192.0806670004822,INFO,adaptador.request,true,exitoso,,,9023.910770409,9023.718689742,,,2026-09-04T23:58:47.107239Z
eb97fa37-31da-4796-a3bc-b178a2bd3888,run1_rep2,A,CLOSED,CLOSED,request,PROVIDER,N/A,,93.81237500019779,INFO,adaptador.request,true,exitoso,,,9023.997685742,9023.903873367,,,2026-09-04T23:58:47.194222Z
2cd7cfae-bf0f-4f37-b880-577553a1a9b2,run1_rep2,A,CLOSED,CLOSED,request,PROVIDER,N/A,,69.44100000146136,INFO,adaptador.request,true,exitoso,,,9024.110792826,9024.041351826,,,2026-09-04T23:58:47.307288Z
6e504326-524d-4199-b37e-86b25010ab25,run1_rep2,A,CLOSED,CLOSED,request,PROVIDER,N/A,,94.28012500029581,INFO,adaptador.request,true,exitoso,,,9024.196153326,9024.101873201,,,2026-09-04T23:58:47.392689Z
b6aed035-28d9-4a25-afaf-fd4df30a9719,run1_rep2,A,CLOSED,CLOSED,request,PROVIDER,N/A,,81.9120420001127,INFO,adaptador.request,true,exitoso,,,9024.340969868,9024.259057826,,,2026-09-04T23:58:47.537490Z
5f48e80b-d7bd-4770-a184-e7aedbf98f1c,run1_rep2,A,CLOSED,CLOSED,request,PROVIDER,N/A,,123.9175000009709,INFO,adaptador.request,true,exitoso,,,9024.444200993,9024.320283493,,,2026-09-04T23:58:47.640695Z
aa147cfe-faf5-4633-a5d9-ecbe4d27c728,run1_rep2,A,CLOSED,CLOSED,request,PROVIDER,N/A,,163.39816700019583,INFO,adaptador.request,true,exitoso,,,9024.539826326,9024.376428159,,,2026-09-04T23:58:47.736309Z
f4877fcb-5efc-4086-9240-bb6faca9fb5b,run1_rep2,A,CLOSED,CLOSED,request,PROVIDER,N/A,,221.0260420015402,INFO,adaptador.request,true,exitoso,,,9024.625988076,9024.404962034,,,2026-09-04T23:58:47.822525Z
9c2f1f8e-b730-4e6e-8bdd-74a5b0615862,run1_rep2,A,CLOSED,CLOSED,request,PROVIDER,N/A,,103.17795800074236,INFO,adaptador.request,true,exitoso,,,9024.771661409,9024.668483451,,,2026-09-04T23:58:47.968150Z
c17550f6-8440-4da2-bb96-53e21a5375e0,run1_rep2,A,CLOSED,CLOSED,request,PROVIDER,N/A,,143.5809579998022,INFO,adaptador.request,true,exitoso,,,9024.864750159,9024.721169201,,,2026-09-04T23:58:48.061232Z
1071760e-2534-4460-9e49-5d91d72a4d63,run1_rep2,A,CLOSED,CLOSED,request,PROVIDER,N/A,,237.60837499867193,INFO,adaptador.request,true,exitoso,,,9024.959180159,9024.721571784,,,2026-09-04T23:58:48.155679Z
2ba7fb57-f24a-460e-a561-fa36cffab581,run1_rep2,A,CLOSED,CLOSED,request,PROVIDER,N/A,,293.885416998819,INFO,adaptador.request,true,exitoso,,,9025.027987368,9024.734101951,,,2026-09-04T23:58:48.224492Z
1a800a08-f794-4940-a128-3ecc8b341aa5,run1_rep2,A,CLOSED,CLOSED,request,PROVIDER,N/A,,350.5975000007311,INFO,adaptador.request,true,exitoso,,,9025.100237618,9024.749640118,,,2026-09-04T23:58:48.296715Z
930a3c3c-386b-40f0-951c-d3d3cc346be4,run1_rep2,A,CLOSED,CLOSED,request,PROVIDER,N/A,,100.23604200068803,INFO,adaptador.request,true,exitoso,,,9025.167859743,9025.067623701,,,2026-09-04T23:58:48.364365Z
2b7a1506-77c8-4891-a161-a6ac5156694e,run1_rep2,A,CLOSED,CLOSED,request,PROVIDER,N/A,,161.17345800012117,INFO,adaptador.request,true,exitoso,,,9025.233351076,9025.072177618,,,2026-09-04T23:58:48.429812Z
ae698b51-aa72-4c11-b5e8-fc8819d155ac,run1_rep2,A,CLOSED,CLOSED,request,PROVIDER,N/A,,158.50791599950753,INFO,adaptador.request,true,exitoso,,,9025.293842826,9025.13533491,,,2026-09-04T23:58:48.490336Z
fc16e51e-d891-4a08-9013-6b8ad697480a,run1_rep2,A,CLOSED,CLOSED,request,PROVIDER,N/A,,180.2345409996633,INFO,adaptador.request,true,exitoso,,,9025.385098951,9025.20486441,,,2026-09-04T23:58:48.581570Z
563252d2-cfe4-420d-b84d-96dbe063293f,run1_rep2,A,CLOSED,CLOSED,request,PROVIDER,N/A,,239.58245900030306,INFO,adaptador.request,true,exitoso,,,9025.471417785,9025.231835326,,,2026-09-04T23:58:48.667950Z
24522377-c9e9-4c8f-8e5f-114ff5f7df51,run1_rep2,A,CLOSED,CLOSED,request,PROVIDER,N/A,,69.08479100093246,INFO,adaptador.request,true,exitoso,,,9025.541913826,9025.472829035,,,2026-09-04T23:58:48.738405Z
f504b871-0fbb-4652-a90e-196381267230,run1_rep2,A,CLOSED,CLOSED,request,PROVIDER,N/A,,104.80758400080958,INFO,adaptador.request,true,exitoso,,,9025.66440741,9025.559599826,,,2026-09-04T23:58:48.860902Z
166ef90c-e9a5-4fcd-a0e1-4d38442dafb6,run1_rep2,A,CLOSED,CLOSED,request,PROVIDER,N/A,,181.44575000042096,INFO,adaptador.request,true,exitoso,,,9025.759131368,9025.577685618,,,2026-09-04T23:58:48.955609Z
542a6106-49f5-46b3-b837-c29416a4d97f,run1_rep2,A,CLOSED,CLOSED,request,PROVIDER,N/A,,136.8160000001808,INFO,adaptador.request,true,exitoso,,,9025.860574077,9025.723758077,,,2026-09-04T23:58:49.057089Z
2f53e39d-8093-4709-a9f8-4c73a3b9e2a1,run1_rep2,A,CLOSED,CLOSED,request,PROVIDER,N/A,,220.92979099943477,INFO,adaptador.request,true,exitoso,,,9025.944985993,9025.724056202,,,2026-09-04T23:58:49.141519Z
8c398308-a290-4bd6-a971-cb332cb219ec,run1_rep2,A,CLOSED,CLOSED,request,PROVIDER,N/A,,314.56050000088,INFO,adaptador.request,true,exitoso,,,9026.03897791,9025.72441741,,,2026-09-04T23:58:49.235486Z
ec37843f-ce38-46ed-ac7b-933e87557e57,run1_rep2,A,CLOSED,CLOSED,request,PROVIDER,N/A,,212.70966600059182,INFO,adaptador.request,true,exitoso,,,9026.102017993,9025.889308327,,,2026-09-04T23:58:49.298548Z
29cd1714-41ce-4bd9-9dcb-547db2aa0c9b,run1_rep2,A,CLOSED,CLOSED,request,PROVIDER,N/A,,295.1776659992902,INFO,adaptador.request,true,exitoso,,,9026.184911993,9025.889734327,,,2026-09-04T23:58:49.381471Z
03d291f5-6529-4df4-bdc8-5b89b8f7dba1,run1_rep2,A,CLOSED,CLOSED,request,PROVIDER,N/A,,293.2239580004534,INFO,adaptador.request,true,exitoso,,,9026.281409993,9025.988186035,,,2026-09-04T23:58:49.477861Z
278a9275-30dc-4bf2-81b8-2aef82cc8642,run1_rep2,A,CLOSED,CLOSED,request,PROVIDER,N/A,,319.65041699913854,INFO,adaptador.request,true,exitoso,,,9026.341512202,9026.021861785,,,2026-09-04T23:58:49.538000Z
36729cba-fdf0-4138-b437-c80983b829bf,run1_rep2,A,CLOSED,CLOSED,request,PROVIDER,N/A,,177.2621669988439,INFO,adaptador.request,true,exitoso,,,9026.429969702,9026.252707535,,,2026-09-04T23:58:49.626490Z
504a6078-e1f2-4c67-b38e-b8f4781b5b49,run1_rep2,A,CLOSED,CLOSED,request,PROVIDER,N/A,,268.84850100032054,INFO,adaptador.request,true,exitoso,,,9026.529451994,9026.260603493,,,2026-09-04T23:58:49.725939Z
2176abcf-47ab-423e-8d40-361b559411a5,run1_rep2,A,CLOSED,CLOSED,request,PROVIDER,N/A,,327.91616700160375,INFO,adaptador.request,true,exitoso,,,9026.60359566,9026.275679493,,,2026-09-04T23:58:49.800103Z
9ae94279-450d-4c22-b105-a6f9bfb5c8dc,run1_rep2,A,CLOSED,CLOSED,request,PROVIDER,N/A,,386.9911259989749,INFO,adaptador.request,true,exitoso,,,9026.671596494,9026.284605368,,,2026-09-04T23:58:49.868086Z
1d568df7-67fb-4a14-96d5-dc29b219c3da,run1_rep2,A,CLOSED,CLOSED,request,PROVIDER,N/A,,185.8782079998491,INFO,adaptador.request,true,exitoso,,,9026.758417785,9026.572539577,,,2026-09-04T23:58:49.954894Z
c1ea8d83-31b3-48f5-81ff-be8fc64bfd12,run1_rep2,A,CLOSED,CLOSED,request,PROVIDER,N/A,,236.8616669991752,INFO,adaptador.request,true,exitoso,,,9026.841617327,9026.60475566,,,2026-09-04T23:58:50.038108Z
f222da43-e1f2-43f5-96aa-d87e4b840695,run1_rep2,A,CLOSED,CLOSED,request,PROVIDER,N/A,,319.9046659992746,INFO,adaptador.request,true,exitoso,,,9026.927850785,9026.607946119,,,2026-09-04T23:58:50.124356Z
6932a59e-5fb8-4d3e-9d38-18eb93998934,run1_rep2,A,CLOSED,CLOSED,request,PROVIDER,N/A,,400.8897080002498,INFO,adaptador.request,true,exitoso,,,9027.01041741,9026.609527702,,,2026-09-04T23:58:50.206921Z
ea77a205-2cdd-47d4-a2c3-ca42c691765c,run1_rep2,A,CLOSED,CLOSED,request,PROVIDER,N/A,,485.9837919993879,INFO,adaptador.request,true,exitoso,,,9027.115621911,9026.629638119,,,2026-09-04T23:58:50.312074Z
692b21d0-e076-472b-af19-cf24ccd4dc2e,run1_rep2,A,CLOSED,CLOSED,request,PROVIDER,N/A,,484.02024999995774,INFO,adaptador.request,true,exitoso,,,9027.206904244,9026.722883994,,,2026-09-04T23:58:50.403475Z
f1ad0e77-a9e8-4a46-8edd-ed24df4a14ea,run1_rep2,A,CLOSED,CLOSED,request,PROVIDER,N/A,,570.3336669994314,INFO,adaptador.request,true,exitoso,,,9027.293679411,9026.723345744,,,2026-09-04T23:58:50.490175Z
4a913eeb-3773-4f4f-a65c-eeec440ad85a,run1_rep2,A,CLOSED,CLOSED,request,PROVIDER,N/A,,436.65825000061886,INFO,adaptador.request,true,exitoso,,,9027.365993994,9026.929335744,,,2026-09-04T23:58:50.562558Z
83ae567d-b821-42b6-9c45-dd75d878c25b,run1_rep2,A,CLOSED,CLOSED,request,PROVIDER,N/A,,368.3065000004717,INFO,adaptador.request,true,exitoso,,,9027.422234619,9027.053928119,,,2026-09-04T23:58:50.618737Z
ccb38264-1542-4ed2-b9dc-de0663dd8fe7,run1_rep2,A,CLOSED,CLOSED,request,PROVIDER,N/A,,413.2872079990193,INFO,adaptador.request,true,exitoso,,,9027.503148494,9027.089861286,,,2026-09-04T23:58:50.699633Z
90c7a656-438b-48ba-86f4-050c3b888f04,run1_rep2,A,CLOSED,CLOSED,request,PROVIDER,N/A,,493.1001250006375,INFO,adaptador.request,true,exitoso,,,9027.583470494,9027.090370369,,,2026-09-04T23:58:50.779928Z
def327ee-85da-4980-a856-5b4232c6a5f0,run1_rep2,A,CLOSED,CLOSED,request,PROVIDER,N/A,,562.5765839995438,INFO,adaptador.request,true,exitoso,,,9027.653486411,9027.090909827,,,2026-09-04T23:58:50.849972Z
bd07a208-8ece-438c-8c13-a2ad95ea94e4,run1_rep2,A,CLOSED,CLOSED,request,PROVIDER,N/A,,540.6784170008905,INFO,adaptador.request,true,exitoso,,,9027.718329744,9027.177651327,,,2026-09-04T23:58:50.914817Z
119d755f-6651-4277-b268-4e8f2d47e0b5,run1_rep2,A,CLOSED,CLOSED,request,PROVIDER,N/A,,477.0827089996601,INFO,adaptador.request,true,exitoso,,,9027.785525703,9027.308442994,,,2026-09-04T23:58:50.982050Z
efae48ec-751c-4b14-bbf9-785fd7d0642b,run1_rep2,A,CLOSED,CLOSED,request,PROVIDER,N/A,,440.3624580008909,INFO,adaptador.request,true,exitoso,,,9027.862386994,9027.422024536,,,2026-09-04T23:58:51.058874Z
6984405e-a8e5-4bc3-9391-7110074216a0,run1_rep2,A,CLOSED,CLOSED,request,PROVIDER,N/A,,426.5537499995844,INFO,adaptador.request,true,exitoso,,,9027.944712161,9027.518158411,,,2026-09-04T23:58:51.141190Z
4e850612-f194-4830-947b-83a6e4d2249a,run1_rep2,A,CLOSED,CLOSED,request,PROVIDER,N/A,,471.1257510007272,INFO,adaptador.request,true,exitoso,,,9028.010583703,9027.539457952,,,2026-09-04T23:58:51.207074Z
35ef4920-e1ea-4b6c-932f-97115e9f0406,run1_rep2,A,CLOSED,CLOSED,request,PROVIDER,N/A,,560.8318750000763,INFO,adaptador.request,true,exitoso,,,9028.110527494,9027.549695619,,,2026-09-04T23:58:51.307011Z
c585f958-465a-4323-bc70-5dab36760672,run1_rep2,A,CLOSED,CLOSED,request,PROVIDER,N/A,,384.2154159992788,INFO,adaptador.request,true,exitoso,,,9028.210447119,9027.826231703,,,2026-09-04T23:58:51.406948Z
fa12bfef-90ed-4f1c-ba48-11b365e3ce00,run1_rep2,A,CLOSED,CLOSED,request,PROVIDER,N/A,,441.7923750006594,INFO,adaptador.request,true,exitoso,,,9028.320208411,9027.878416036,,,2026-09-04T23:58:51.516712Z
8258f0f1-bdbb-4c9a-a10a-b9a59fd15c18,run1_rep2,A,CLOSED,CLOSED,request,PROVIDER,N/A,,501.18325000039476,INFO,adaptador.request,true,exitoso,,,9028.391870494,9027.890687244,,,2026-09-04T23:58:51.588359Z
b4457c89-9361-43f1-8682-9cc509bbf8af,run1_rep2,A,CLOSED,CLOSED,request,PROVIDER,N/A,,559.4933339998533,INFO,adaptador.request,true,exitoso,,,9028.492892703,9027.933399369,,,2026-09-04T23:58:51.689401Z
48cf263b-79f6-4043-8956-ec073b5a81aa,run1_rep2,A,CLOSED,CLOSED,request,PROVIDER,N/A,,640.7328749992303,INFO,adaptador.request,true,exitoso,,,9028.594172078,9027.953439203,,,2026-09-04T23:58:51.790689Z
5898d295-f790-4725-96b8-d4484dd596b6,run1_rep2,A,CLOSED,CLOSED,request,PROVIDER,N/A,,669.2475420004484,INFO,adaptador.request,true,exitoso,,,9028.679686078,9028.010438536,,,2026-09-04T23:58:51.876293Z
f4c119c1-14ad-4bef-b41d-f0dc305c6f36,run1_rep2,A,CLOSED,CLOSED,request,PROVIDER,N/A,,635.895666999204,INFO,adaptador.request,true,exitoso,,,9028.77799262,9028.142096953,,,2026-09-04T23:58:51.974483Z
e06efaa3-f67e-4e06-9461-1076f41279a4,run1_rep2,A,CLOSED,CLOSED,request,PROVIDER,N/A,,682.5245839991112,INFO,adaptador.request,true,exitoso,,,9028.863181828,9028.180657244,,,2026-09-04T23:58:52.059653Z
77142029-b1a6-4a17-9298-1c4da71e1647,run1_rep2,A,CLOSED,CLOSED,request,PROVIDER,N/A,,745.4030419994524,INFO,adaptador.request,true,exitoso,,,9028.93286537,9028.187462328,,,2026-09-04T23:58:52.129348Z
a8f51058-3aeb-4df3-ae6d-36cc04696a56,run1_rep2,A,CLOSED,CLOSED,request,PROVIDER,N/A,,440.4507500003092,INFO,adaptador.request,true,exitoso,,,9028.996318828,9028.555868078,,,2026-09-04T23:58:52.192777Z
285c1708-1578-4d6c-a47d-4fda97c2c861,run1_rep2,A,CLOSED,CLOSED,request,PROVIDER,N/A,,464.1493339986482,INFO,adaptador.request,true,exitoso,,,9029.05955687,9028.595407536,,,2026-09-04T23:58:52.256031Z
4aa8dc0c-8e40-4cdf-adaf-745f37bd1bb7,run1_rep2,A,CLOSED,CLOSED,request,PROVIDER,N/A,,478.77729199899477,INFO,adaptador.request,true,exitoso,,,9029.158292245,9028.679514953,,,2026-09-04T23:58:52.354794Z
e797a69f-1ce8-49d9-ae6a-12a6cc8e616c,run1_rep2,A,CLOSED,CLOSED,request,PROVIDER,N/A,,509.90337500115857,INFO,adaptador.request,true,exitoso,,,9029.230529828,9028.720626453,,,2026-09-04T23:58:52.427010Z
f5a6409b-f827-4add-9e4b-1b08244c95f9,run1_rep2,A,CLOSED,CLOSED,request,PROVIDER,N/A,,573.2830010001635,INFO,adaptador.request,true,exitoso,,,9029.317328287,9028.744045286,,,2026-09-04T23:58:52.513853Z
049dd249-366b-474d-8537-b88923112710,run1_rep2,A,CLOSED,CLOSED,request,PROVIDER,N/A,,547.9787919994124,INFO,adaptador.request,true,exitoso,,,9029.385535828,9028.837557036,,,2026-09-04T23:58:52.582022Z
fe3be2c7-645d-4592-93ad-7f9ca3144ad5,run1_rep2,A,CLOSED,CLOSED,request,PROVIDER,N/A,,514.6605829995679,INFO,adaptador.request,true,exitoso,,,9029.486430953,9028.97177037,,,2026-09-04T23:58:52.682946Z
181ee4df-df35-4c4e-a5c0-fd85da3c3549,run1_rep2,A,CLOSED,CLOSED,request,PROVIDER,N/A,,456.74637599950074,INFO,adaptador.request,true,exitoso,,,9029.568887037,9029.112140661,,,2026-09-04T23:58:52.765528Z
596c5fca-d369-48f3-9841-17b8b4a68fca,run1_rep2,A,CLOSED,CLOSED,request,PROVIDER,N/A,,454.6331250003277,INFO,adaptador.request,true,exitoso,,,9029.661086037,9029.206452912,,,2026-09-04T23:58:52.857565Z
c9fd0682-0406-49c6-95e1-5b1d575e6483,run1_rep2,A,CLOSED,CLOSED,request,PROVIDER,N/A,,520.3571660003945,INFO,adaptador.request,true,exitoso,,,9029.760826328,9029.240469162,,,2026-09-04T23:58:52.957345Z
0ae560f5-c5b1-40f4-8a9a-dc90138a09b7,run1_rep2,A,CLOSED,CLOSED,request,PROVIDER,N/A,,531.3697500005219,INFO,adaptador.request,true,exitoso,,,9029.86269087,9029.33132112,,,2026-09-04T23:58:53.059152Z
4fefa644-56dd-4ada-8f9a-03560e5cfc82,run1_rep2,A,CLOSED,CLOSED,request,PROVIDER,N/A,,464.70262600087153,INFO,adaptador.request,true,exitoso,,,9029.927314454,9029.462611828,,,2026-09-04T23:58:53.123765Z
b82692ce-197b-4587-8d54-fc612cd2c7cc,run1_rep2,A,CLOSED,CLOSED,request,PROVIDER,N/A,,539.8819580004783,INFO,adaptador.request,true,exitoso,,,9030.002848495,9029.462966537,,,2026-09-04T23:58:53.199287Z
98854703-f790-4d82-87fc-3f23b219a499,run1_rep2,A,CLOSED,CLOSED,request,PROVIDER,N/A,,510.72437500079104,INFO,adaptador.request,true,exitoso,,,9030.101995412,9029.591271037,,,2026-09-04T23:58:53.298538Z
5cded597-ed20-4bc1-af19-310c7fa212f9,run1_rep2,A,CLOSED,CLOSED,request,PROVIDER,N/A,,546.4702500012208,INFO,adaptador.request,true,exitoso,,,9030.20568212,9029.65921187,,,2026-09-04T23:58:53.402170Z
351a1a4b-a60d-4d37-8947-d7becf9e94bf,run1_rep2,A,CLOSED,CLOSED,request,PROVIDER,N/A,,552.8243329990801,INFO,adaptador.request,true,exitoso,,,9030.278578245,9029.725753912,,,2026-09-04T23:58:53.475100Z
f9070b67-17e0-49fc-8df5-486f9d5dab60,run1_rep2,A,CLOSED,CLOSED,request,PROVIDER,N/A,,579.3750419998105,INFO,adaptador.request,true,exitoso,,,9030.360980579,9029.781605537,,,2026-09-04T23:58:53.557496Z
e4cbc609-e2c2-4daa-98c4-9f224fd97747,run1_rep2,A,CLOSED,CLOSED,request,PROVIDER,N/A,,574.1982090003148,INFO,adaptador.request,true,exitoso,,,9030.430769454,9029.856571245,,,2026-09-04T23:58:53.627257Z
fbfae29d-7c7f-4ab2-b6e5-362995847e6f,run1_rep2,A,CLOSED,CLOSED,request,PROVIDER,N/A,,662.1343749993684,INFO,adaptador.request,true,exitoso,,,9030.536713704,9029.874579329,,,2026-09-04T23:58:53.733214Z
7fa9319f-90d9-49df-a710-e1d261bc0640,run1_rep2,A,CLOSED,CLOSED,request,PROVIDER,N/A,,592.5119170005928,INFO,adaptador.request,true,exitoso,,,9030.641726954,9030.049215037,,,2026-09-04T23:58:53.838209Z
e122f55b-a499-4eb4-a43a-6c7b63a3c0d9,run1_rep2,A,CLOSED,CLOSED,request,PROVIDER,N/A,,592.4965829999564,INFO,adaptador.request,true,exitoso,,,9030.722564162,9030.130067579,,,2026-09-04T23:58:53.919066Z
6e9cb234-189c-4e4a-a797-5f2f9b673907,run1_rep2,A,CLOSED,CLOSED,request,PROVIDER,N/A,,685.9637919988018,INFO,adaptador.request,true,exitoso,,,9030.816332162,9030.13036837,,,2026-09-04T23:58:54.012856Z
0b4ff4cc-12fc-4040-887f-e829a8577562,run1_rep2,A,CLOSED,CLOSED,request,PROVIDER,N/A,,736.227751000115,INFO,adaptador.request,true,exitoso,,,9030.906032621,9030.16980487,,,2026-09-04T23:58:54.102499Z
5748088c-eab1-4710-9236-722303bcd0e2,run1_rep2,A,CLOSED,CLOSED,request,PROVIDER,N/A,,662.2950420005509,INFO,adaptador.request,true,exitoso,,,9030.984429037,9030.322133995,,,2026-09-04T23:58:54.180944Z
ee5101a6-1d58-49cf-be0e-0cb7fb68333e,run1_rep2,A,CLOSED,CLOSED,request,PROVIDER,N/A,,607.5956670010783,INFO,adaptador.request,true,exitoso,,,9031.058990912,9030.451395245,,,2026-09-04T23:58:54.255511Z
3e5857e6-6996-453f-97f9-10c472e00c7b,run1_rep2,A,CLOSED,CLOSED,request,PROVIDER,N/A,,604.6785840007942,INFO,adaptador.request,true,exitoso,,,9031.148109329,9030.543430745,,,2026-09-04T23:58:54.344652Z
d5f9831d-d0c7-4684-b085-5f2fa857e3ad,run1_rep2,A,CLOSED,CLOSED,request,PROVIDER,N/A,,678.9417090003553,INFO,adaptador.request,true,exitoso,,,9031.222754746,9030.543813037,,,2026-09-04T23:58:54.419240Z
75f1d37f-1770-4735-af12-e27a40a32a91,run1_rep2,A,CLOSED,CLOSED,request,PROVIDER,N/A,,715.9307500005525,INFO,adaptador.request,true,exitoso,,,9031.287243371,9030.571312621,,,2026-09-04T23:58:54.483708Z
42b15f2d-aad4-484a-b395-aadb04411558,run1_rep2,A,CLOSED,CLOSED,request,PROVIDER,N/A,,366.03087600087747,INFO,adaptador.request,true,exitoso,,,9031.356805788,9030.990774912,,,2026-09-04T23:58:54.553796Z
adb28805-60c2-4b1b-862b-4363be559b06,run1_rep2,A,CLOSED,CLOSED,request,PROVIDER,N/A,,330.84345899987966,INFO,adaptador.request,true,exitoso,,,9031.422590163,9031.091746704,,,2026-09-04T23:58:54.619065Z
7f34c8c4-def8-400c-8c6b-0886c8fbe894,run1_rep2,A,CLOSED,CLOSED,request,PROVIDER,N/A,,344.38208299980033,INFO,adaptador.request,true,exitoso,,,9031.497324329,9031.152942246,,,2026-09-04T23:58:54.693823Z
4567c2c1-2fbb-49fe-9ba7-c02bd7b9bcb9,run1_rep2,A,CLOSED,CLOSED,request,PROVIDER,N/A,,394.3739590013138,INFO,adaptador.request,true,exitoso,,,9031.595410288,9031.201036329,,,2026-09-04T23:58:54.791896Z
a96748b6-226f-47bd-bfeb-6548a09972fa,run1_rep2,A,CLOSED,CLOSED,request,PROVIDER,N/A,,430.8144579990767,INFO,adaptador.request,true,exitoso,,,9031.655293204,9031.224478746,,,2026-09-04T23:58:54.851765Z
3d35a695-ae9e-42bc-882c-2e739cf019cb,run1_rep2,A,CLOSED,CLOSED,request,PROVIDER,N/A,,429.67220799982897,INFO,adaptador.request,true,exitoso,,,9031.713474079,9031.283801871,,,2026-09-04T23:58:54.909958Z
0ddb42c8-759e-48fb-95a2-a44b1c716099,run1_rep2,A,CLOSED,CLOSED,request,PROVIDER,N/A,,296.1962499994115,INFO,adaptador.request,true,exitoso,,,9031.809458163,9031.513261913,,,2026-09-04T23:58:55.005929Z
a53d76d9-5be3-459c-80bf-e732c60ca9f5,run1_rep2,A,CLOSED,CLOSED,request,PROVIDER,N/A,,368.4014170012233,INFO,adaptador.request,true,exitoso,,,9031.896849913,9031.528448496,,,2026-09-04T23:58:55.093352Z
fa99f678-712f-4874-b49f-2411a93b58d4,run1_rep2,A,CLOSED,CLOSED,request,PROVIDER,N/A,,458.88449999984005,INFO,adaptador.request,true,exitoso,,,9031.993470496,9031.534585996,,,2026-09-04T23:58:55.189800Z
e28931d6-d8f8-4424-8dbe-1eadde1dca85,run1_rep2,A,CLOSED,CLOSED,request,PROVIDER,N/A,,378.5837499999616,INFO,adaptador.request,true,exitoso,,,9032.052176246,9031.673592496,,,2026-09-04T23:58:55.248498Z
4c8019a8-3d77-403b-8750-d3184b5b78c0,run1_rep2,A,CLOSED,CLOSED,request,PROVIDER,N/A,,393.63420799963933,INFO,adaptador.request,true,exitoso,,,9032.114979079,9031.721344871,,,2026-09-04T23:58:55.311329Z
19025d95-2e82-4601-81aa-14701c90e52f,run1_rep2,A,CLOSED,CLOSED,request,PROVIDER,N/A,,393.7631249991682,INFO,adaptador.request,true,exitoso,,,9032.200477329,9031.806714204,,,2026-09-04T23:58:55.396892Z
798f77ee-49e0-4d2f-8f4b-e515e23bfb8a,run1_rep2,A,CLOSED,CLOSED,request,PROVIDER,N/A,,392.98445799977344,INFO,adaptador.request,true,exitoso,,,9032.260919037,9031.867934579,,,2026-09-04T23:58:55.457321Z
78410d82-dc7d-483d-ac16-1cf44088f337,run1_rep2,A,CLOSED,CLOSED,request,PROVIDER,N/A,,375.56695900093473,INFO,adaptador.request,true,exitoso,,,9032.323916121,9031.948349162,,,2026-09-04T23:58:55.520322Z
3cb27a9e-527d-4d6b-b539-a6466fe1839c,run1_rep2,A,CLOSED,CLOSED,request,PROVIDER,N/A,,479.6681250008987,INFO,adaptador.request,true,exitoso,,,9032.428269037,9031.948600912,,,2026-09-04T23:58:55.624667Z
b2505f6f-5b85-41e3-9ca4-9df9fde4e5cd,run1_rep2,A,CLOSED,CLOSED,request,PROVIDER,N/A,,558.343833001345,INFO,adaptador.request,true,exitoso,,,9032.527058162,9031.968714329,,,2026-09-04T23:58:55.723461Z
9ae8f4f5-2c29-4847-8ad6-43f4ddfc76ef,run1_rep2,A,CLOSED,CLOSED,request,PROVIDER,N/A,,450.5524169999262,INFO,adaptador.request,true,exitoso,,,9032.605064704,9032.154512287,,,2026-09-04T23:58:55.801468Z
c26ab689-cdd4-4cda-b8be-e8a16b08b155,run1_rep2,A,CLOSED,CLOSED,request,PROVIDER,N/A,,515.6693760000053,INFO,adaptador.request,true,exitoso,,,9032.700949163,9032.185279787,,,2026-09-04T23:58:55.897421Z
93ff8502-68d0-4f0f-942f-da03b81c8158,run1_rep2,A,CLOSED,CLOSED,request,PROVIDER,N/A,,394.0302500013786,INFO,adaptador.request,true,exitoso,,,9032.778524621,9032.384494371,,,2026-09-04T23:58:55.974920Z
0d7b4ee1-d83b-4772-8933-e984c1e2f54c,run1_rep2,A,CLOSED,CLOSED,request,PROVIDER,N/A,,393.77341699946555,INFO,adaptador.request,true,exitoso,,,9032.865356913,9032.471583496,,,2026-09-04T23:58:56.061740Z
aa277b53-5889-4e5a-8185-3217d10083b7,run1_rep2,A,CLOSED,CLOSED,request,PROVIDER,N/A,,378.12387499980105,INFO,adaptador.request,true,exitoso,,,9032.971694371,9032.593570496,,,2026-09-04T23:58:56.168089Z
be4bd87a-a8d2-4ae1-b398-44255fda9c71,run1_rep2,A,CLOSED,CLOSED,request,PROVIDER,N/A,,461.3742920009827,INFO,adaptador.request,true,exitoso,,,9033.075496538,9032.614122246,,,2026-09-04T23:58:56.271866Z
00fd6e97-b2f8-472f-89b7-4c8645ac134f,run1_rep2,A,CLOSED,CLOSED,request,PROVIDER,N/A,,484.93079200125067,INFO,adaptador.request,true,exitoso,,,9033.149917496,9032.664986704,,,2026-09-04T23:58:56.346312Z
e44889f5-14b4-43c8-9000-0cda1e67afa0,run1_rep2,A,CLOSED,CLOSED,request,PROVIDER,N/A,,515.4272079998918,INFO,adaptador.request,true,exitoso,,,9033.224531329,9032.709104121,,,2026-09-04T23:58:56.420945Z
d97daf04-d688-4d97-930c-4e403c9fac7e,run1_rep2,A,CLOSED,CLOSED,request,PROVIDER,N/A,,519.4287919985072,INFO,adaptador.request,true,exitoso,,,9033.297798663,9032.778369871,,,2026-09-04T23:58:56.494186Z
30500fd5-ca96-4777-aa0f-398aa004ac5d,run1_rep2,A,CLOSED,CLOSED,request,PROVIDER,N/A,,587.2854169992934,INFO,adaptador.request,true,exitoso,,,9033.370040705,9032.782755288,,,2026-09-04T23:58:56.566423Z
bed09042-e2de-4ffc-8bbe-abe2f9358285,run1_rep2,A,CLOSED,CLOSED,request,PROVIDER,N/A,,615.6481260004512,INFO,adaptador.request,true,exitoso,,,9033.479320955,9032.863672829,,,2026-09-04T23:58:56.675693Z
3c3e7368-8e95-4823-a922-fac76ff40b5d,run1_rep2,A,CLOSED,CLOSED,request,PROVIDER,N/A,,620.9857920002833,INFO,adaptador.request,true,exitoso,,,9033.542592121,9032.921606329,,,2026-09-04T23:58:56.739040Z
543cf2cc-6cea-40f2-81fd-fce7bfb4b73d,run1_rep2,A,CLOSED,CLOSED,request,PROVIDER,N/A,,449.16241700047976,INFO,adaptador.request,true,exitoso,,,9033.626619455,9033.177457038,,,2026-09-04T23:58:56.823017Z
c6ebcf3f-5bb1-4131-8571-5ea4eb221477,run1_rep2,A,CLOSED,CLOSED,request,PROVIDER,N/A,,506.09137500032375,INFO,adaptador.request,true,exitoso,,,9033.721776121,9033.215684746,,,2026-09-04T23:58:56.918171Z
d3f55435-e6e0-4e14-9167-7e08ac9f2312,run1_rep2,A,CLOSED,CLOSED,request,PROVIDER,N/A,,416.5176669994253,INFO,adaptador.request,true,exitoso,,,9033.78039258,9033.363874913,,,2026-09-04T23:58:56.976785Z
6141a0ef-b378-4ef9-935f-003080af9cbd,run1_rep2,A,CLOSED,CLOSED,request,PROVIDER,N/A,,479.59150000133377,INFO,adaptador.request,true,exitoso,,,9033.870187455,9033.390595955,,,2026-09-04T23:58:57.066573Z
8f9d0c6b-9d74-4397-b577-cb62934fba94,run1_rep2,A,CLOSED,CLOSED,request,PROVIDER,N/A,,474.8996670004999,INFO,adaptador.request,true,exitoso,,,9033.940976205,9033.466076538,,,2026-09-04T23:58:57.137400Z
44bc4222-59ad-4fea-b771-b8e711e52848,run1_rep2,A,CLOSED,CLOSED,request,PROVIDER,N/A,,525.0463340016722,INFO,adaptador.request,true,exitoso,,,9034.023514955,9033.498468621,,,2026-09-04T23:58:57.219910Z
1724640d-cca8-4490-9d67-39c637f1635a,run1_rep2,A,CLOSED,CLOSED,request,PROVIDER,N/A,,522.6802499983023,INFO,adaptador.request,true,exitoso,,,9034.088700788,9033.566020538,,,2026-09-04T23:58:57.285091Z
fc8c9a5d-881b-49be-b449-719e2696060c,run1_rep2,A,CLOSED,CLOSED,request,PROVIDER,N/A,,548.3966669999063,INFO,adaptador.request,true,exitoso,,,9034.192244705,9033.643848038,,,2026-09-04T23:58:57.388651Z
4f19d66d-2243-41bb-9f5e-036b8f8a3602,run1_rep2,A,CLOSED,CLOSED,request,PROVIDER,N/A,,400.7634169993253,INFO,adaptador.request,true,exitoso,,,9034.295416955,9033.894653538,,,2026-09-04T23:58:57.491795Z
d343e21d-942d-4b4d-b1de-2be1338f1565,run1_rep2,A,CLOSED,CLOSED,request,PROVIDER,N/A,,452.9220419990452,INFO,adaptador.request,true,exitoso,,,9034.393794622,9033.94087258,,,2026-09-04T23:58:57.590172Z
6f84eae0-7cbf-4597-9b05-ea71cdd936ba,run1_rep2,A,CLOSED,CLOSED,request,PROVIDER,N/A,,525.0405829992815,INFO,adaptador.request,true,exitoso,,,9034.469878663,9033.94483808,,,2026-09-04T23:58:57.666267Z
526c89a1-93f6-4c32-8931-aa8dad0da02c,run1_rep2,A,CLOSED,CLOSED,request,PROVIDER,N/A,,505.9804590000567,INFO,adaptador.request,true,exitoso,,,9034.541587247,9034.035606788,,,2026-09-04T23:58:57.737970Z
366f42be-a82d-42d4-b3d8-1d67f04a6c67,run1_rep2,A,CLOSED,CLOSED,request,PROVIDER,N/A,,523.7384579995705,INFO,adaptador.request,true,exitoso,,,9034.635681663,9034.111943205,,,2026-09-04T23:58:57.832073Z
eac6f955-4147-4ecf-ad32-991e23c5f1bb,run1_rep2,A,CLOSED,CLOSED,request,PROVIDER,N/A,,543.5749589996703,INFO,adaptador.request,true,exitoso,,,9034.717836914,9034.174261955,,,2026-09-04T23:58:57.914237Z
8ac9c350-01a2-420c-87e2-d97543d37730,run1_rep2,A,CLOSED,CLOSED,request,PROVIDER,N/A,,481.6282499996305,INFO,adaptador.request,true,exitoso,,,9034.79772458,9034.31609633,,,2026-09-04T23:58:57.994132Z
93dc7885-38f9-48dd-a73f-f82c976a57cd,run1_rep2,A,CLOSED,CLOSED,request,PROVIDER,N/A,,523.7190009993355,INFO,adaptador.request,true,exitoso,,,9034.854882664,9034.331163663,,,2026-09-04T23:58:58.051255Z
61447fef-bdab-4c70-9b17-6c08153b0157,run1_rep2,A,CLOSED,CLOSED,request,PROVIDER,N/A,,565.1130000005651,INFO,adaptador.request,true,exitoso,,,9034.93020758,9034.36509458,,,2026-09-04T23:58:58.126601Z
6f859a59-c1df-4c86-8e62-bf68c170671d,run1_rep2,A,CLOSED,CLOSED,request,PROVIDER,N/A,,589.0994589990441,INFO,adaptador.request,true,exitoso,,,9035.016495372,9034.427395913,,,2026-09-04T23:58:58.212885Z
e8bef8fc-5616-40b6-87ca-b9de1deb158f,run1_rep2,A,CLOSED,CLOSED,request,PROVIDER,N/A,,391.8287500000588,INFO,adaptador.request,true,exitoso,,,9035.07582433,9034.68399558,,,2026-09-04T23:58:58.272171Z
7a42b845-cc08-432e-a611-68692d9a67ca,run1_rep2,A,CLOSED,CLOSED,request,PROVIDER,N/A,,440.82258399976126,INFO,adaptador.request,true,exitoso,,,9035.152288289,9034.711465705,,,2026-09-04T23:58:58.348676Z
719f7384-dbb6-446f-9c40-621ae70a193b,run1_rep2,A,CLOSED,CLOSED,request,PROVIDER,N/A,,438.41941699974996,INFO,adaptador.request,true,exitoso,,,9035.244401497,9034.80598208,,,2026-09-04T23:58:58.440768Z
c2917cd6-cf35-4d55-b97b-ed24be4dda6b,run1_rep2,A,CLOSED,CLOSED,request,PROVIDER,N/A,,481.77662499983853,INFO,adaptador.request,true,exitoso,,,9035.306386164,9034.824609539,,,2026-09-04T23:58:58.502766Z
177d47f1-8a25-4c59-b313-328ebce62221,run1_rep2,A,CLOSED,CLOSED,request,PROVIDER,N/A,,466.7349999999715,INFO,adaptador.request,true,exitoso,,,9035.393664914,9034.926929914,,,2026-09-04T23:58:58.590041Z
46b9243a-4720-4efe-9ffa-f54e38478288,run1_rep2,A,CLOSED,CLOSED,request,PROVIDER,N/A,,541.0154170003807,INFO,adaptador.request,true,exitoso,,,9035.488295581,9034.947280164,,,2026-09-04T23:58:58.684675Z
f36a82a0-efc8-471d-b278-3c951f0fe8f6,run1_rep2,A,CLOSED,CLOSED,request,PROVIDER,N/A,,553.4259579999343,INFO,adaptador.request,true,exitoso,,,9035.549687872,9034.996261914,,,2026-09-04T23:58:58.746049Z
339ba277-65a8-4793-b53e-b790db1143ab,run1_rep2,A,CLOSED,CLOSED,request,PROVIDER,N/A,,468.30291700098314,INFO,adaptador.request,true,exitoso,,,9035.627112706,9035.158809789,,,2026-09-04T23:58:58.823492Z
776399fe-e4f5-4d29-a1fe-589b9e8e2c99,run1_rep2,A,CLOSED,CLOSED,request,PROVIDER,N/A,,521.9196250000095,INFO,adaptador.request,true,exitoso,,,9035.684243414,9035.162323789,,,2026-09-04T23:58:58.880686Z
51a26693-dd6f-4c38-b931-f5b2474b96a9,run1_rep2,A,CLOSED,CLOSED,request,PROVIDER,N/A,,371.26445899957616,INFO,adaptador.request,true,exitoso,,,9035.758813164,9035.387548705,,,2026-09-04T23:58:58.955164Z
1252f2ff-eab4-4014-990c-95492ab89cc5,run1_rep2,A,CLOSED,CLOSED,request,PROVIDER,N/A,,374.123415998838,INFO,adaptador.request,true,exitoso,,,9035.845476997,9035.471353581,,,2026-09-04T23:58:59.041912Z
223b528b-7368-4c56-bb3e-0e8d6bd6870b,run1_rep2,A,CLOSED,CLOSED,request,PROVIDER,N/A,,439.15279199973156,INFO,adaptador.request,true,exitoso,,,9035.935089331,9035.495936539,,,2026-09-04T23:58:59.131490Z
bf454926-3fff-430a-9331-0898f4f1409a,run1_rep2,A,CLOSED,CLOSED,request,PROVIDER,N/A,,434.0555830003723,INFO,adaptador.request,true,exitoso,,,9036.030449622,9035.596394039,,,2026-09-04T23:58:59.226848Z
fa9d98b2-9d2d-474c-b539-ce4b3c5db1e7,run1_rep2,A,CLOSED,CLOSED,request,PROVIDER,N/A,,442.98820899894054,INFO,adaptador.request,true,exitoso,,,9036.106241373,9035.663253164,,,2026-09-04T23:58:59.302642Z
755a3e23-1ed4-4218-8fc3-81b4ce709e9f,run1_rep2,A,CLOSED,CLOSED,request,PROVIDER,N/A,,516.2985000006302,INFO,adaptador.request,true,exitoso,,,9036.179957081,9035.663658581,,,2026-09-04T23:58:59.376383Z
65f3efec-69f1-4632-948f-fc1a48877cca,run1_rep2,A,CLOSED,CLOSED,request,PROVIDER,N/A,,480.34108399951947,INFO,adaptador.request,true,exitoso,,,9036.289064706,9035.808723622,,,2026-09-04T23:58:59.485447Z
d4c3755f-11c2-4ce1-a97d-25d85ecb319e,run1_rep2,A,CLOSED,CLOSED,request,PROVIDER,N/A,,519.1088760002458,INFO,adaptador.request,true,exitoso,,,9036.367839373,9035.848730497,,,2026-09-04T23:58:59.564245Z
f253e471-705d-47e6-a002-e5b154841911,run1_rep2,A,CLOSED,CLOSED,request,PROVIDER,N/A,,396.8288329997449,INFO,adaptador.request,true,exitoso,,,9036.428457289,9036.031628456,,,2026-09-04T23:58:59.624853Z
ad41a6aa-6c44-4944-96f7-d6f2b209ab19,run1_rep2,A,CLOSED,CLOSED,request,PROVIDER,N/A,,472.657624999556,INFO,adaptador.request,true,exitoso,,,9036.517057539,9036.044399914,,,2026-09-04T23:58:59.713461Z
fce1d12a-809f-4b6b-b71e-59a3d7a4379e,run1_rep2,A,CLOSED,CLOSED,request,PROVIDER,N/A,,517.6907509994635,INFO,adaptador.request,true,exitoso,,,9036.575354248,9036.057663497,,,2026-09-04T23:58:59.771777Z
e697f48d-1468-4588-a039-de8eb360fc54,run1_rep2,A,CLOSED,CLOSED,request,PROVIDER,N/A,,558.6062080001284,INFO,adaptador.request,true,exitoso,,,9036.642207914,9036.083601706,,,2026-09-04T23:58:59.838587Z
198689c7-06f9-49e4-88fa-09a1fd5c3726,run1_rep2,A,CLOSED,CLOSED,request,PROVIDER,N/A,,469.33425000133866,INFO,adaptador.request,true,exitoso,,,9036.727485289,9036.258151039,,,2026-09-04T23:58:59.923859Z
abf59d88-827a-4718-bd6e-fe4d8d4b4e17,run1_rep2,A,CLOSED,CLOSED,request,PROVIDER,N/A,,511.07662499998696,INFO,adaptador.request,true,exitoso,,,9036.824629331,9036.313552706,,,2026-09-04T23:59:00.021025Z
309c6e14-6e9b-4f2d-a133-ec3b89b9d210,run1_rep2,A,CLOSED,CLOSED,request,PROVIDER,N/A,,555.6105420000677,INFO,adaptador.request,true,exitoso,,,9036.926333248,9036.370722706,,,2026-09-04T23:59:00.122730Z
97fad7ed-f83a-48a0-a20d-880e794c455f,run1_rep2,A,CLOSED,CLOSED,request,PROVIDER,N/A,,543.4889999996813,INFO,adaptador.request,true,exitoso,,,9037.029620873,9036.486131873,,,2026-09-04T23:59:00.226010Z
7afd0092-78bc-4226-9bc6-50632f9fff50,run1_rep2,A,CLOSED,CLOSED,request,PROVIDER,N/A,,607.8448330008541,INFO,adaptador.request,true,exitoso,,,9037.131216956,9036.523372123,,,2026-09-04T23:59:00.327598Z
e1138f60-32f1-4456-b397-e07c682d29d9,run1_rep2,A,CLOSED,CLOSED,request,PROVIDER,N/A,,414.3197079993115,INFO,adaptador.request,true,exitoso,,,9037.218999206,9036.804679498,,,2026-09-04T23:59:00.415468Z
c31a4f3a-cfc5-4343-85f0-c67f864c9634,run1_rep2,A,CLOSED,CLOSED,request,PROVIDER,N/A,,424.80266699931235,INFO,adaptador.request,true,exitoso,,,9037.284235415,9036.859432748,,,2026-09-04T23:59:00.480661Z
96e2314f-afaa-4f6a-af7b-4aa0cf6049f9,run1_rep2,A,CLOSED,CLOSED,request,PROVIDER,N/A,,429.8612080001476,INFO,adaptador.request,true,exitoso,,,9037.362372831,9036.932511623,,,2026-09-04T23:59:00.558762Z
c24e5291-bd28-431a-86b2-adbc589ce203,run1_rep2,A,CLOSED,CLOSED,request,PROVIDER,N/A,,422.17512499883014,INFO,adaptador.request,true,exitoso,,,9037.439716373,9037.017541248,,,2026-09-04T23:59:00.636095Z
a3848ab4-b031-4768-a0f8-c6d81e2e1d0d,run1_rep2,A,CLOSED,CLOSED,request,PROVIDER,N/A,,485.7977920000849,INFO,adaptador.request,true,exitoso,,,9037.509269748,9037.023471956,,,2026-09-04T23:59:00.705706Z
7f4d20d9-5f24-493c-9af0-817ce4d7ad4f,run1_rep2,A,CLOSED,CLOSED,request,PROVIDER,N/A,,567.7471250000963,INFO,adaptador.request,true,exitoso,,,9037.611413373,9037.043666248,,,2026-09-04T23:59:00.807799Z
8d23057f-3de4-4693-80b9-5f694fdc18dc,run1_rep2,A,CLOSED,CLOSED,request,PROVIDER,N/A,,544.7402919999149,INFO,adaptador.request,true,exitoso,,,9037.685505332,9037.14076504,,,2026-09-04T23:59:00.881892Z
3a3b81b0-69b3-49b2-933d-485ced10fb95,run1_rep2,A,CLOSED,CLOSED,request,PROVIDER,N/A,,412.0344590010063,INFO,adaptador.request,true,exitoso,,,9037.75812754,9037.346093081,,,2026-09-04T23:59:00.954544Z
067ca3ec-a76a-4064-aece-a6367d9f75ca,run1_rep2,A,CLOSED,CLOSED,request,PROVIDER,N/A,,419.3699170009495,INFO,adaptador.request,true,exitoso,,,9037.83548279,9037.416112873,,,2026-09-04T23:59:01.031927Z
746c1d7b-304c-4101-a825-7979b1087484,run1_rep2,A,CLOSED,CLOSED,request,PROVIDER,N/A,,515.2432510003564,INFO,adaptador.request,true,exitoso,,,9037.931756582,9037.416513331,,,2026-09-04T23:59:01.128140Z
b2c1ac7b-4532-497d-b2c3-e9fcaf384b0c,run1_rep2,A,CLOSED,CLOSED,request,PROVIDER,N/A,,524.3942090000928,INFO,adaptador.request,true,exitoso,,,9037.99446829,9037.470074081,,,2026-09-04T23:59:01.190864Z
5e810f20-4565-4922-9081-9c679ba2a8c7,run1_rep2,A,CLOSED,CLOSED,request,PROVIDER,N/A,,501.70758400054183,INFO,adaptador.request,true,exitoso,,,9038.094455457,9037.592747873,,,2026-09-04T23:59:01.290848Z
ca36c0a4-7584-4e4c-a4e4-46c58379e0d4,run1_rep2,A,CLOSED,CLOSED,request,PROVIDER,N/A,,598.6116669992043,INFO,adaptador.request,true,exitoso,,,9038.203510124,9037.604898457,,,2026-09-04T23:59:01.399905Z
cf9d174f-a4a1-4139-bfec-f4331622f153,run1_rep2,A,CLOSED,CLOSED,request,PROVIDER,N/A,,507.09679200008395,INFO,adaptador.request,true,exitoso,,,9038.272562749,9037.765465957,,,2026-09-04T23:59:01.468964Z
92d986f5-7b3c-4f2e-9780-2b5f9e45975d,run1_rep2,A,CLOSED,CLOSED,request,PROVIDER,N/A,,515.5450839993136,INFO,adaptador.request,true,exitoso,,,9038.364108832,9037.848563748,,,2026-09-04T23:59:01.560543Z
cf42e1b3-0167-411c-bc9b-81af6980dee2,run1_rep2,A,CLOSED,CLOSED,request,PROVIDER,N/A,,493.04633300016576,INFO,adaptador.request,true,exitoso,,,9038.423220915,9037.930174582,,,2026-09-04T23:59:01.619590Z
b7c66dff-3f6e-4edb-be30-1928df7f2e68,run1_rep2,A,CLOSED,CLOSED,request,PROVIDER,N/A,,532.7580419998412,INFO,adaptador.request,true,exitoso,,,9038.499390582,9037.96663254,,,2026-09-04T23:59:01.695810Z
ed39ef6d-7ce6-42c6-a042-ff6849e31de0,run1_rep2,A,CLOSED,CLOSED,request,PROVIDER,N/A,,499.93745800020406,INFO,adaptador.request,true,exitoso,,,9038.597810415,9038.097872957,,,2026-09-04T23:59:01.794200Z
8b9748ec-2faf-4bf7-b3b8-075f70232d5b,run1_rep2,A,CLOSED,CLOSED,request,PROVIDER,N/A,,575.6805419987359,INFO,adaptador.request,true,exitoso,,,9038.674028332,9038.09834779,,,2026-09-04T23:59:01.870409Z
5299b1a9-8e26-4e5e-8b48-9afbdd6cad2e,run1_rep2,A,CLOSED,CLOSED,request,PROVIDER,N/A,,452.61199999913515,INFO,adaptador.request,true,exitoso,,,9038.765223207,9038.312611207,,,2026-09-04T23:59:01.961663Z
56911353-cc01-4307-b222-ad799d93b5d5,run1_rep2,A,CLOSED,CLOSED,request,PROVIDER,N/A,,475.1747919999616,INFO,adaptador.request,true,exitoso,,,9038.834585999,9038.359411207,,,2026-09-04T23:59:02.030945Z
2ca8aee4-0406-4700-844d-8edc80dc5bb1,run1_rep2,A,CLOSED,CLOSED,request,PROVIDER,N/A,,443.21420900087105,INFO,adaptador.request,true,exitoso,,,9038.942323916,9038.499109707,,,2026-09-04T23:59:02.138712Z
86f49c03-efdd-42ae-9986-1f8b6004b25f,run1_rep2,A,CLOSED,CLOSED,request,PROVIDER,N/A,,525.0849999993079,INFO,adaptador.request,true,exitoso,,,9039.026939999,9038.501854999,,,2026-09-04T23:59:02.223333Z
2c657c16-9fa4-4bba-bbca-54d749d9af71,run1_rep2,A,CLOSED,CLOSED,request,PROVIDER,N/A,,525.7627920000232,INFO,adaptador.request,true,exitoso,,,9039.088171124,9038.562408332,,,2026-09-04T23:59:02.284533Z
394fea97-9cbd-44b3-850e-711038eb7dd6,run1_rep2,A,CLOSED,CLOSED,request,PROVIDER,N/A,,439.43420899995544,INFO,adaptador.request,true,exitoso,,,9039.158398999,9038.71896479,,,2026-09-04T23:59:02.354797Z
487cfe2a-226e-4bc5-bb17-7b3ed4b5c8df,run1_rep2,A,CLOSED,CLOSED,request,PROVIDER,N/A,,525.4717509997135,INFO,adaptador.request,true,exitoso,,,9039.244853791,9038.71938204,,,2026-09-04T23:59:02.441226Z
022d4baa-be77-446d-ad01-44dad169c000,run1_rep2,A,CLOSED,CLOSED,request,PROVIDER,N/A,,572.3273329986114,INFO,adaptador.request,true,exitoso,,,9039.353360082,9038.781032749,,,2026-09-04T23:59:02.549779Z
6939c959-c709-4e06-9a12-62e14428b26a,run1_rep2,A,CLOSED,CLOSED,request,PROVIDER,N/A,,638.1612090008275,INFO,adaptador.request,true,exitoso,,,9039.419650541,9038.781489332,,,2026-09-04T23:59:02.616042Z
93a40996-d10e-4a3a-96c4-39fd2cd8f034,run1_rep2,A,CLOSED,CLOSED,request,PROVIDER,N/A,,554.8677080005291,INFO,adaptador.request,true,exitoso,,,9039.525710582,9038.970842874,,,2026-09-04T23:59:02.722094Z
bf324656-27dc-46b7-bf07-d68c27dabb71,run1_rep2,A,CLOSED,CLOSED,request,PROVIDER,N/A,,489.11649999899964,INFO,adaptador.request,true,exitoso,,,9039.588903666,9039.099787166,,,2026-09-04T23:59:02.785350Z
a2f57a83-bd14-4d74-8ebf-35042f45aa5b,run1_rep2,A,CLOSED,CLOSED,request,PROVIDER,N/A,,487.67787600081647,INFO,adaptador.request,true,exitoso,,,9039.651165458,9039.163487582,,,2026-09-04T23:59:02.847583Z
7392be66-7425-4282-a25d-9ae3b0dd8f87,run1_rep2,A,CLOSED,CLOSED,request,PROVIDER,N/A,,513.1798340007663,INFO,adaptador.request,true,exitoso,,,9039.710744041,9039.197564207,,,2026-09-04T23:59:02.907120Z
3b9bd02a-cb8a-4a4c-a8df-57e2b2f26517,run1_rep2,A,CLOSED,CLOSED,request,PROVIDER,N/A,,606.2304169990966,INFO,adaptador.request,true,exitoso,,,9039.804282083,9039.198051666,,,2026-09-04T23:59:03.000679Z
2ea47bbf-d842-44e7-9c35-5907ca97e361,run1_rep2,A,CLOSED,CLOSED,request,PROVIDER,N/A,,524.5080000004236,INFO,adaptador.request,true,exitoso,,,9039.883016041,9039.358508041,,,2026-09-04T23:59:03.079361Z
1b9eee84-a161-477d-b334-4f8e99128535,run1_rep2,A,CLOSED,CLOSED,request,PROVIDER,N/A,,457.89670800149906,INFO,adaptador.request,true,exitoso,,,9039.987524624,9039.529627916,,,2026-09-04T23:59:03.183888Z
e57acff7-8e4a-4422-90c8-a15d35b6a9b4,run1_rep2,A,CLOSED,CLOSED,request,PROVIDER,N/A,,409.883541000454,INFO,adaptador.request,true,exitoso,,,9040.065496749,9039.655613208,,,2026-09-04T23:59:03.261877Z
45300f5f-b693-42f0-8528-368a3add42b1,run1_rep2,A,CLOSED,CLOSED,request,PROVIDER,N/A,,482.0815000002767,INFO,adaptador.request,true,exitoso,,,9040.150677958,9039.668596458,,,2026-09-04T23:59:03.347069Z
b60fbf21-c9fb-4b6a-9b5c-fc8ffdb58778,run1_rep2,A,CLOSED,CLOSED,request,PROVIDER,N/A,,492.8080410008988,INFO,adaptador.request,true,exitoso,,,9040.232041249,9039.739233208,,,2026-09-04T23:59:03.428409Z
ffb7799c-6c20-41ae-b59d-b0f7e045ad4e,run1_rep2,A,CLOSED,CLOSED,request,PROVIDER,N/A,,561.3051670006826,INFO,adaptador.request,true,exitoso,,,9040.32934525,9039.768040083,,,2026-09-04T23:59:03.525770Z
66166cd7-0f67-4376-ac0b-261462ea1c17,run1_rep2,A,CLOSED,CLOSED,request,PROVIDER,N/A,,586.0732509991067,INFO,adaptador.request,true,exitoso,,,9040.397579875,9039.811506624,,,2026-09-04T23:59:03.593968Z
508deaeb-46c1-4274-9180-ce4d45fa7bd4,run1_rep2,A,CLOSED,CLOSED,request,PROVIDER,N/A,,626.4684170000692,INFO,adaptador.request,true,exitoso,,,9040.487867833,9039.861399416,,,2026-09-04T23:59:03.684245Z
313f5ce9-5b7f-4592-a4ce-d063a9468342,run1_rep2,A,CLOSED,CLOSED,request,PROVIDER,N/A,,702.4338339997485,INFO,adaptador.request,true,exitoso,,,9040.569758,9039.867324166,,,2026-09-04T23:59:03.766131Z
baa2e4ea-0b39-4580-9e9c-37f1b7c29c96,run1_rep2,A,CLOSED,CLOSED,request,PROVIDER,N/A,,629.359624999779,INFO,adaptador.request,true,exitoso,,,9040.641936916,9040.012577291,,,2026-09-04T23:59:03.838379Z
719c5538-29c5-4fc5-b4ab-848ff8d9b205,run1_rep2,A,CLOSED,CLOSED,request,PROVIDER,N/A,,575.2427089992125,INFO,adaptador.request,true,exitoso,,,9040.7311015,9040.155858791,,,2026-09-04T23:59:03.927497Z
2f382c94-0bf1-4cfd-b3b0-e7d06438bbe6,run1_rep2,A,CLOSED,CLOSED,request,PROVIDER,N/A,,563.8987080001243,INFO,adaptador.request,true,exitoso,,,9040.837118041,9040.273219333,,,2026-09-04T23:59:04.033516Z
bbee5726-b17e-465e-ac7e-3fcb225d11ef,run1_rep2,A,CLOSED,CLOSED,request,PROVIDER,N/A,,524.5962080007303,INFO,adaptador.request,true,exitoso,,,9040.893961416,9040.369365208,,,2026-09-04T23:59:04.090457Z
96413fee-067b-4694-9264-029c89cca7a7,run1_rep2,A,CLOSED,CLOSED,request,PROVIDER,N/A,,520.2512910000223,INFO,adaptador.request,true,exitoso,,,9040.951240666,9040.430989375,,,2026-09-04T23:59:04.147620Z
9eb1b72f-7e35-4fcc-aba2-288726b8e4e8,run1_rep2,A,CLOSED,CLOSED,request,PROVIDER,N/A,,416.80950000045414,INFO,adaptador.request,true,exitoso,,,9041.0467585,9040.629949,,,2026-09-04T23:59:04.243196Z
6330fd3d-26de-4bfe-9a7f-a25c128dbf7a,run1_rep2,A,CLOSED,CLOSED,request,PROVIDER,N/A,,434.62545900001714,INFO,adaptador.request,true,exitoso,,,9041.104213375,9040.669587916,,,2026-09-04T23:59:04.300649Z
85678514-5e52-49c3-bac5-eeff808f056d,run1_rep2,A,CLOSED,CLOSED,request,PROVIDER,N/A,,477.83862500000396,INFO,adaptador.request,true,exitoso,,,9041.184050583,9040.706211958,,,2026-09-04T23:59:04.380497Z
f0e512bb-d0a1-49db-9087-ad065fafd29e,run1_rep2,A,CLOSED,CLOSED,request,PROVIDER,N/A,,544.0474589995574,INFO,adaptador.request,true,exitoso,,,9041.2788955,9040.734848041,,,2026-09-04T23:59:04.475324Z
b6b161aa-b5db-4acb-a0ad-765d06b40077,run1_rep2,A,CLOSED,CLOSED,request,PROVIDER,N/A,,505.05758300096204,INFO,adaptador.request,true,exitoso,,,9041.342739583,9040.837682,,,2026-09-04T23:59:04.539176Z
e8624ba9-5f5f-4bf3-8ac4-f6089fba18e3,run1_rep2,A,CLOSED,CLOSED,request,PROVIDER,N/A,,406.65016700040724,INFO,adaptador.request,true,exitoso,,,9041.397183833,9040.990533666,,,2026-09-04T23:59:04.593570Z
16c00617-4af9-412f-8dbd-798b2efec931,run1_rep2,A,CLOSED,CLOSED,request,PROVIDER,N/A,,338.93924999938463,INFO,adaptador.request,true,exitoso,,,9041.478996917,9041.140057667,,,2026-09-04T23:59:04.675386Z
76dd2e07-6f22-4d16-a0cb-a8fe11318e02,run1_rep2,A,CLOSED,CLOSED,request,PROVIDER,N/A,,392.2366659990075,INFO,adaptador.request,true,exitoso,,,9041.552654833,9041.160418167,,,2026-09-04T23:59:04.749335Z
4999535e-c007-475b-9b02-5b12b1c4a1aa,run1_rep2,A,CLOSED,CLOSED,request,PROVIDER,N/A,,419.1793750014767,INFO,adaptador.request,true,exitoso,,,9041.657171,9041.237991625,,,2026-09-04T23:59:04.853615Z
ffe12782-aedd-41c1-b8df-eda50f7f744e,run1_rep2,A,CLOSED,CLOSED,request,PROVIDER,N/A,,393.9360009990196,INFO,adaptador.request,true,exitoso,,,9041.750784834,9041.356848833,,,2026-09-04T23:59:04.947216Z
754423e2-2742-43f8-8e3d-4d39dacda0cc,run1_rep2,A,CLOSED,CLOSED,request,PROVIDER,N/A,,461.777833999804,INFO,adaptador.request,true,exitoso,,,9041.826976209,9041.365198375,,,2026-09-04T23:59:05.023387Z
82f5211a-7463-4786-b06c-07984d90e4e4,run1_rep2,A,CLOSED,CLOSED,request,PROVIDER,N/A,,543.006666999645,INFO,adaptador.request,true,exitoso,,,9041.931942625,9041.388935958,,,2026-09-04T23:59:05.128311Z
2d96c3b1-0c4d-44bb-ae52-aafbc675c5cc,run1_rep2,A,CLOSED,CLOSED,request,PROVIDER,N/A,,544.3713329987077,INFO,adaptador.request,true,exitoso,,,9042.022320625,9041.477949292,,,2026-09-04T23:59:05.218655Z
3245405c-2407-43d0-8fb8-7e6a2ce68fe9,run1_rep2,A,CLOSED,CLOSED,request,PROVIDER,N/A,,443.1265000002895,INFO,adaptador.request,true,exitoso,,,9042.080649917,9041.637523417,,,2026-09-04T23:59:05.276994Z
673841ee-dddc-49a7-8555-132edfd12d38,run1_rep2,A,CLOSED,CLOSED,request,PROVIDER,N/A,,435.26708300123573,INFO,adaptador.request,true,exitoso,,,9042.158263875,9041.722996792,,,2026-09-04T23:59:05.354650Z
5676d587-fa7f-412e-9c07-a44cba3494cf,run1_rep2,A,CLOSED,CLOSED,request,PROVIDER,N/A,,462.95083400036674,INFO,adaptador.request,true,exitoso,,,9042.221051084,9041.75810025,,,2026-09-04T23:59:05.417406Z
d42c329c-14b6-4117-9abb-494a2736dde2,run1_rep2,A,CLOSED,CLOSED,request,PROVIDER,N/A,,368.39450000115903,INFO,adaptador.request,true,exitoso,,,9042.2816595,9041.913265,,,2026-09-04T23:59:05.478038Z
339404db-4d12-4fcc-abfb-b3bf6a5e97fe,run1_rep2,A,CLOSED,CLOSED,request,PROVIDER,N/A,,323.48512499993376,INFO,adaptador.request,true,exitoso,,,9042.343019542,9042.019534417,,,2026-09-04T23:59:05.539417Z
4b6a647e-e2f7-4b8a-ab02-975bb03c3c56,run1_rep2,A,CLOSED,CLOSED,request,PROVIDER,N/A,,353.25087499950314,INFO,adaptador.request,true,exitoso,,,9042.428634959,9042.075384084,,,2026-09-04T23:59:05.625020Z
94a2111d-c9a8-4d01-908c-12a3ca5efa19,run1_rep2,A,CLOSED,CLOSED,request,PROVIDER,N/A,,355.73041700081376,INFO,adaptador.request,true,exitoso,,,9042.497591167,9042.14186075,,,2026-09-04T23:59:05.694054Z
02afb746-30e1-4793-b685-cc427e6fb738,run1_rep2,A,CLOSED,CLOSED,request,PROVIDER,N/A,,412.2210420009651,INFO,adaptador.request,true,exitoso,,,9042.576069917,9042.163848875,,,2026-09-04T23:59:05.772455Z
c801606c-3759-45a8-b551-91e3aee83acc,run1_rep2,A,CLOSED,CLOSED,request,PROVIDER,N/A,,472.76116699868,INFO,adaptador.request,true,exitoso,,,9042.678338167,9042.205577,,,2026-09-04T23:59:05.874715Z
3afb5283-b27e-4aa0-9aa3-a7310e5f747c,run1_rep2,A,CLOSED,CLOSED,request,PROVIDER,N/A,,364.62774999927205,INFO,adaptador.request,true,exitoso,,,9042.752901167,9042.388273417,,,2026-09-04T23:59:05.949262Z
8d7f6da6-f9d0-4aba-9a0a-f35735cb7405,run1_rep2,A,CLOSED,CLOSED,request,PROVIDER,N/A,,396.21612500013725,INFO,adaptador.request,true,exitoso,,,9042.818690167,9042.422474042,,,2026-09-04T23:59:06.015068Z
6af1655a-437d-46b9-97db-855c714ac5f5,run1_rep2,A,CLOSED,CLOSED,request,PROVIDER,N/A,,262.0142920004582,INFO,adaptador.request,true,exitoso,,,9042.891036834,9042.629022542,,,2026-09-04T23:59:06.087423Z
5d83e570-9ff8-467f-81d0-a6d055fc9f5a,run1_rep2,A,CLOSED,CLOSED,request,PROVIDER,N/A,,347.0641670010082,INFO,adaptador.request,true,exitoso,,,9042.984419209,9042.637355042,,,2026-09-04T23:59:06.180808Z
7e0c46ed-cae7-444d-bd58-8429086872b9,run1_rep2,A,CLOSED,CLOSED,request,PROVIDER,N/A,,435.3681669999787,INFO,adaptador.request,true,exitoso,,,9043.073419876,9042.638051709,,,2026-09-04T23:59:06.269809Z
b108980e-b0cf-4f06-abb7-1e3e52a915e8,run1_rep2,A,CLOSED,CLOSED,request,PROVIDER,N/A,,514.9783340002614,INFO,adaptador.request,true,exitoso,,,9043.153501376,9042.638523042,,,2026-09-04T23:59:06.349939Z
ccf1ba0b-5a58-4c28-8671-077ca74a5ab7,run1_rep2,A,CLOSED,CLOSED,request,PROVIDER,N/A,,372.79483400016034,INFO,adaptador.request,true,exitoso,,,9043.217127376,9042.844332542,,,2026-09-04T23:59:06.413502Z
004b6d6b-67c1-4f2d-ae61-0d6b0f1ca631,run1_rep2,A,CLOSED,CLOSED,request,PROVIDER,N/A,,471.16708400062635,INFO,adaptador.request,true,exitoso,,,9043.315900043,9042.844732959,,,2026-09-04T23:59:06.512290Z
e554f386-e734-4fe5-a901-beb45f98b083,run1_rep2,A,CLOSED,CLOSED,request,PROVIDER,N/A,,503.92454199936765,INFO,adaptador.request,true,exitoso,,,9043.396134626,9042.892210084,,,2026-09-04T23:59:06.592523Z
58155a64-3983-4124-b861-db35fa334cd6,run1_rep2,A,CLOSED,CLOSED,request,PROVIDER,N/A,,488.2785830013745,INFO,adaptador.request,true,exitoso,,,9043.479611209,9042.991332626,,,2026-09-04T23:59:06.675973Z
228f4f8d-c371-4eb8-9638-446cdab51210,run1_rep2,A,CLOSED,CLOSED,request,PROVIDER,N/A,,539.2690419994324,INFO,adaptador.request,true,exitoso,,,9043.559145959,9043.019876917,,,2026-09-04T23:59:06.755504Z
1a10a714-f497-4bfc-b46b-535aea6cd3df,run1_rep2,A,CLOSED,CLOSED,request,PROVIDER,N/A,,525.8889169999748,INFO,adaptador.request,true,exitoso,,,9043.617736959,9043.091848042,,,2026-09-04T23:59:06.814171Z
000066a2-3159-4791-b1b7-58bc55af2688,run1_rep2,A,CLOSED,CLOSED,request,PROVIDER,N/A,,525.9628749990952,INFO,adaptador.request,true,exitoso,,,9043.688290876,9043.162328001,,,2026-09-04T23:59:06.884646Z
5dca5195-aa8e-4b8b-9757-7b4d8c4282bd,run1_rep2,A,CLOSED,CLOSED,request,PROVIDER,N/A,,542.1243330001744,INFO,adaptador.request,true,exitoso,,,9043.767175834,9043.225051501,,,2026-09-04T23:59:06.963544Z
1789d696-1993-4f56-8720-67f26a3a3cb4,run1_rep2,A,CLOSED,CLOSED,request,PROVIDER,N/A,,516.48858399858,INFO,adaptador.request,true,exitoso,,,9043.873774335,9043.357285751,,,2026-09-04T23:59:07.070157Z
cb276daf-3480-45c7-8721-eb512382449a,run1_rep2,A,CLOSED,CLOSED,request,PROVIDER,N/A,,520.6092089993035,INFO,adaptador.request,true,exitoso,,,9043.97420021,9043.453591001,,,2026-09-04T23:59:07.170588Z
534cb300-833b-4f3a-af79-80f7d485b460,run1_rep2,A,CLOSED,CLOSED,request,PROVIDER,N/A,,522.8817080005683,INFO,adaptador.request,true,exitoso,,,9044.031132876,9043.508251168,,,2026-09-04T23:59:07.227515Z
c7383a0d-c45d-4eea-afb4-a39191d8dd04,run1_rep2,A,CLOSED,CLOSED,request,PROVIDER,N/A,,468.1945419997646,INFO,adaptador.request,true,exitoso,,,9044.12731971,9043.659125168,,,2026-09-04T23:59:07.323704Z
d58f815d-360b-4c65-8d31-a4cdc3a0e533,run1_rep2,A,CLOSED,CLOSED,request,PROVIDER,N/A,,568.0684999988443,INFO,adaptador.request,true,exitoso,,,9044.227581001,9043.659512501,,,2026-09-04T23:59:07.423932Z
26f42e2f-54ff-416d-8587-2df17bf4e5ab,run1_rep2,A,CLOSED,CLOSED,request,PROVIDER,N/A,,602.6766249997308,INFO,adaptador.request,true,exitoso,,,9044.293114043,9043.690437418,,,2026-09-04T23:59:07.489482Z
d65efbc0-92d8-4e00-8096-b96988e96357,run1_rep2,A,CLOSED,CLOSED,request,PROVIDER,N/A,,685.3861250001501,INFO,adaptador.request,true,exitoso,,,9044.388594001,9043.703207876,,,2026-09-04T23:59:07.584979Z
cf6f3289-b8c2-4df8-9759-c5c171d7bb66,run1_rep2,A,CLOSED,CLOSED,request,PROVIDER,N/A,,607.8474579990143,INFO,adaptador.request,true,exitoso,,,9044.488762918,9043.88091546,,,2026-09-04T23:59:07.685144Z
dc23d2bb-566b-4754-add3-4cd5c5be066b,run1_rep2,A,CLOSED,CLOSED,request,PROVIDER,N/A,,599.8251250002795,INFO,adaptador.request,true,exitoso,,,9044.585410668,9043.985585543,,,2026-09-04T23:59:07.781784Z
bc8a3fc7-8c97-44b0-9685-a1eb7e890456,run1_rep2,A,CLOSED,CLOSED,request,PROVIDER,N/A,,556.0878759988555,INFO,adaptador.request,true,exitoso,,,9044.686166127,9044.130078251,,,2026-09-04T23:59:07.882566Z
ed6028b5-e288-470e-a8d5-6bbeeb52ad0b,run1_rep2,A,CLOSED,CLOSED,request,PROVIDER,N/A,,592.4109169991425,INFO,adaptador.request,true,exitoso,,,9044.782828877,9044.19041796,,,2026-09-04T23:59:07.979196Z
90b7dbb5-5110-4e9e-96f5-349b9e0d7637,run1_rep2,A,CLOSED,CLOSED,request,PROVIDER,N/A,,498.5400839996146,INFO,adaptador.request,true,exitoso,,,9044.86171746,9044.363177376,,,2026-09-04T23:59:08.058110Z
4b3027f3-9604-4365-85fd-1d7feb7541d6,run1_rep2,A,CLOSED,CLOSED,request,PROVIDER,N/A,,593.0981259989494,INFO,adaptador.request,true,exitoso,,,9044.956699502,9044.363601376,,,2026-09-04T23:59:08.153108Z
49d06cd0-dd7e-4817-b30d-394dcd7b961c,run1_rep2,A,CLOSED,CLOSED,request,PROVIDER,N/A,,663.0293329999404,INFO,adaptador.request,true,exitoso,,,9045.042081043,9044.37905171,,,2026-09-04T23:59:08.238444Z
b25d0d8d-eb24-4457-bfb5-f4ca01c79717,run1_rep2,A,CLOSED,CLOSED,request,PROVIDER,N/A,,667.0100419996743,INFO,adaptador.request,true,exitoso,,,9045.117512252,9044.45050221,,,2026-09-04T23:59:08.313951Z
121995f7-2bc1-49ca-919f-50679b6f8948,run1_rep2,A,CLOSED,CLOSED,request,PROVIDER,N/A,,677.8858750003565,INFO,adaptador.request,true,exitoso,,,9045.192755085,9044.51486921,,,2026-09-04T23:59:08.389142Z
ecf1253a-8acc-425e-afb8-dedea7fd8ff1,run1_rep2,A,CLOSED,CLOSED,request,PROVIDER,N/A,,587.8000420016178,INFO,adaptador.request,true,exitoso,,,9045.270162377,9044.682362335,,,2026-09-04T23:59:08.466548Z
5e53bc84-5ecd-4547-967b-7e8a498eb178,run1_rep2,A,CLOSED,CLOSED,request,PROVIDER,N/A,,673.6204170010751,INFO,adaptador.request,true,exitoso,,,9045.364264252,9044.690643835,,,2026-09-04T23:59:08.560660Z
cb92dd40-dda3-4bed-9f49-ac5db9341a69,run1_rep2,A,CLOSED,CLOSED,request,PROVIDER,N/A,,642.5139170005423,INFO,adaptador.request,true,exitoso,,,9045.455912919,9044.813399002,,,2026-09-04T23:59:08.652304Z
d380e4a3-c7af-4088-8866-d466e86106db,run1_rep2,A,CLOSED,CLOSED,request,PROVIDER,N/A,,580.9860839999601,INFO,adaptador.request,true,exitoso,,,9045.541322127,9044.960336043,,,2026-09-04T23:59:08.737695Z
72d606ea-1880-4737-98af-13af455577f9,run1_rep2,A,CLOSED,CLOSED,request,PROVIDER,N/A,,629.0702509995754,INFO,adaptador.request,true,exitoso,,,9045.599711544,9044.970641293,,,2026-09-04T23:59:08.796118Z
77a038a7-584d-4a4f-96e3-229cb7ff781e,run1_rep2,A,CLOSED,CLOSED,request,PROVIDER,N/A,,621.5246259998821,INFO,adaptador.request,true,exitoso,,,9045.705436419,9045.083911793,,,2026-09-04T23:59:08.901810Z
25df766f-4e78-4b7a-a969-f79e42ad2a0f,run1_rep2,A,CLOSED,CLOSED,request,PROVIDER,N/A,,613.0102919996716,INFO,adaptador.request,true,exitoso,,,9045.791096377,9045.178086085,,,2026-09-04T23:59:08.987486Z
4924ff3e-3afb-476c-9e9a-e71a411c11e4,run1_rep2,A,CLOSED,CLOSED,request,PROVIDER,N/A,,531.9157079993602,INFO,adaptador.request,true,exitoso,,,9045.859654752,9045.327739044,,,2026-09-04T23:59:09.056042Z
b9e84da1-9ad0-4a19-9663-6869ca0bf0c5,run1_rep2,A,CLOSED,CLOSED,request,PROVIDER,N/A,,537.5540419991012,INFO,adaptador.request,true,exitoso,,,9045.934823377,9045.397269335,,,2026-09-04T23:59:09.131200Z
7c9a4e80-7f49-4f2d-bbaa-72bf0e787058,run1_rep2,A,CLOSED,CLOSED,request,PROVIDER,N/A,,536.8934999987687,INFO,adaptador.request,true,exitoso,,,9046.005064169,9045.468170669,,,2026-09-04T23:59:09.201464Z
cb06c7e4-4838-4244-94ed-b2ffe007ce97,run1_rep2,A,CLOSED,CLOSED,request,PROVIDER,N/A,,403.9003750003758,INFO,adaptador.request,true,exitoso,,,9046.109135002,9045.705234627,,,2026-09-04T23:59:09.305523Z
82b55b57-25da-4c52-8719-ea89782ab683,run1_rep2,A,CLOSED,CLOSED,request,PROVIDER,N/A,,410.22658399924694,INFO,adaptador.request,true,exitoso,,,9046.173558961,9045.763332377,,,2026-09-04T23:59:09.369953Z
f39d71fd-922f-4fe7-83b6-dbc2109a4afe,run1_rep2,A,CLOSED,CLOSED,request,PROVIDER,N/A,,385.91283399910026,INFO,adaptador.request,true,exitoso,,,9046.268445794,9045.88253296,,,2026-09-04T23:59:09.464837Z
a094bad7-138e-4e29-8a5b-f95f953442b7,run1_rep2,A,CLOSED,CLOSED,request,PROVIDER,N/A,,411.76541700042435,INFO,adaptador.request,true,exitoso,,,9046.371746544,9045.959981127,,,2026-09-04T23:59:09.568137Z
7349d5a3-4c28-4458-a68a-d5531441ed6d,run1_rep2,A,CLOSED,CLOSED,request,PROVIDER,N/A,,430.68570800096495,INFO,adaptador.request,true,exitoso,,,9046.446671419,9046.015985711,,,2026-09-04T23:59:09.643048Z
0a062375-5af4-4241-b88e-b5da4331270e,run1_rep2,A,CLOSED,CLOSED,request,PROVIDER,N/A,,511.09824999912234,INFO,adaptador.request,true,exitoso,,,9046.551885919,9046.040787669,,,2026-09-04T23:59:09.748256Z
18dbc2cd-0f8f-428e-a216-def549561222,run1_rep2,A,CLOSED,CLOSED,request,PROVIDER,N/A,,567.63008300004,INFO,adaptador.request,true,exitoso,,,9046.612357794,9046.044727711,,,2026-09-04T23:59:09.808777Z
cbb115b9-d481-4487-a293-1c0c9f37039b,run1_rep2,A,CLOSED,CLOSED,request,PROVIDER,N/A,,622.8540419997444,INFO,adaptador.request,true,exitoso,,,9046.667982044,9046.045128002,,,2026-09-04T23:59:09.864377Z
a2164e42-f1d8-4e8b-9feb-81d0a6323362,run1_rep2,A,CLOSED,CLOSED,request,PROVIDER,N/A,,596.6527079999651,INFO,adaptador.request,true,exitoso,,,9046.775930919,9046.179278211,,,2026-09-04T23:59:09.972375Z
3a9e2168-eae2-4fc6-9e07-29d7071084f5,run1_rep2,A,CLOSED,CLOSED,request,PROVIDER,N/A,,593.9222500001051,INFO,adaptador.request,true,exitoso,,,9046.867570294,9046.273648044,,,2026-09-04T23:59:10.063960Z
d4e54c60-efe5-45e6-93c5-a14a47337a70,run1_rep2,A,CLOSED,CLOSED,request,PROVIDER,N/A,,603.2700840005418,INFO,adaptador.request,true,exitoso,,,9046.959674586,9046.356404502,,,2026-09-04T23:59:10.156130Z
dfb87bfc-d7d8-4c36-ae26-eaf5498b3a19,run1_rep2,A,CLOSED,CLOSED,request,PROVIDER,N/A,,628.065250999498,INFO,adaptador.request,true,exitoso,,,9047.026281503,9046.398216252,,,2026-09-04T23:59:10.222660Z
e91a9fd9-315c-422a-b58a-14a2be7cfa47,run1_rep2,A,CLOSED,CLOSED,request,PROVIDER,N/A,,661.0439590003807,INFO,adaptador.request,true,exitoso,,,9047.115023586,9046.453979627,,,2026-09-04T23:59:10.311402Z
ed54e07b-00cc-4cca-94a7-beab35c82679,run1_rep2,A,CLOSED,CLOSED,request,PROVIDER,N/A,,672.4873750008555,INFO,adaptador.request,true,exitoso,,,9047.174186586,9046.501699211,,,2026-09-04T23:59:10.370623Z
8b5e396a-a90a-40e3-bfff-a905f642cf00,run1_rep2,A,CLOSED,CLOSED,request,PROVIDER,N/A,,506.9120000007388,INFO,adaptador.request,true,exitoso,,,9047.243426253,9046.736514253,,,2026-09-04T23:59:10.439802Z
a94aaf31-15f5-4de9-a19f-d1b8f2bd539a,run1_rep2,A,CLOSED,CLOSED,request,PROVIDER,N/A,,419.25616699882085,INFO,adaptador.request,true,exitoso,,,9047.317970253,9046.898714086,,,2026-09-04T23:59:10.514417Z
d9e1f9de-2cd7-4aba-9824-c21d0e88c4bd,run1_rep2,A,CLOSED,CLOSED,request,PROVIDER,N/A,,480.68187500030035,INFO,adaptador.request,true,exitoso,,,9047.390263336,9046.909581461,,,2026-09-04T23:59:10.586652Z
c662e4f9-da29-4032-b692-fe6b4d600c36,run1_rep2,A,CLOSED,CLOSED,request,PROVIDER,N/A,,558.1272920007905,INFO,adaptador.request,true,exitoso,,,9047.47638367,9046.918256378,,,2026-09-04T23:59:10.672750Z
039ab131-be82-44b8-9564-13da40b4ebbd,run1_rep2,A,CLOSED,CLOSED,request,PROVIDER,N/A,,598.2306250007241,INFO,adaptador.request,true,exitoso,,,9047.561761753,9046.963531128,,,2026-09-04T23:59:10.758177Z
2feb0143-7f30-4ff5-9c6e-bdd40e7897c6,run1_rep2,A,CLOSED,CLOSED,request,PROVIDER,N/A,,476.04941699864867,INFO,adaptador.request,true,exitoso,,,9047.654896003,9047.178846586,,,2026-09-04T23:59:10.851287Z
27875004-7613-4031-bf3c-9e37bac4c0c6,run1_rep2,A,CLOSED,CLOSED,request,PROVIDER,N/A,,319.0218330000789,INFO,adaptador.request,true,exitoso,,,9047.750597128,9047.431575295,,,2026-09-04T23:59:10.946958Z
3dccb432-926b-4e6c-aaa1-033f807ad326,run1_rep2,A,CLOSED,CLOSED,request,PROVIDER,N/A,,407.1452500011219,INFO,adaptador.request,true,exitoso,,,9047.839090711,9047.431945461,,,2026-09-04T23:59:11.035471Z
81058f48-490f-4bba-9a4e-013df7f8b19e,run1_rep2,A,CLOSED,CLOSED,request,PROVIDER,N/A,,489.03654100104177,INFO,adaptador.request,true,exitoso,,,9047.937283961,9047.44824742,,,2026-09-04T23:59:11.133700Z
48bb4da8-5730-4e5d-9040-8c3a89d48139,run1_rep2,A,CLOSED,CLOSED,request,PROVIDER,N/A,,537.226208998618,INFO,adaptador.request,true,exitoso,,,9048.01411067,9047.476884461,,,2026-09-04T23:59:11.210498Z
b0c80e18-c50e-45af-a5eb-5af4337fb62e,run1_rep2,A,CLOSED,CLOSED,request,PROVIDER,N/A,,568.8105000008363,INFO,adaptador.request,true,exitoso,,,9048.084527253,9047.515716753,,,2026-09-04T23:59:11.280975Z
cc452894-2dd2-47c1-b2f4-4a098e0c5cac,run1_rep2,A,CLOSED,CLOSED,request,PROVIDER,N/A,,585.0949589985248,INFO,adaptador.request,true,exitoso,,,9048.150343045,9047.565248086,,,2026-09-04T23:59:11.346780Z
af1ea105-2da8-4190-8382-5f21bdde2563,run1_rep2,A,CLOSED,CLOSED,request,PROVIDER,N/A,,656.8735419987206,INFO,adaptador.request,true,exitoso,,,9048.238464212,9047.58159067,,,2026-09-04T23:59:11.434845Z
810006f4-3b42-43d9-aaac-91d1e7358359,run1_rep2,A,CLOSED,CLOSED,request,PROVIDER,N/A,,590.1141249996726,INFO,adaptador.request,true,exitoso,,,9048.311710045,9047.72159592,,,2026-09-04T23:59:11.508121Z
7b6c7613-1cec-41a9-a486-12fad98f6a4b,run1_rep2,A,CLOSED,CLOSED,request,PROVIDER,N/A,,652.764834001573,INFO,adaptador.request,true,exitoso,,,9048.390252712,9047.737487878,,,2026-09-04T23:59:11.586617Z
5f84bf4f-5ecf-4f25-a7cc-a4ef74668927,run1_rep2,A,CLOSED,CLOSED,request,PROVIDER,N/A,,400.95725000173843,INFO,adaptador.request,true,exitoso,,,9048.459705753,9048.058748503,,,2026-09-04T23:59:11.656078Z
466f9adf-a034-404a-86ef-9cee87df6b8c,run1_rep2,A,CLOSED,CLOSED,request,PROVIDER,N/A,,436.51904100079264,INFO,adaptador.request,true,exitoso,,,9048.543468378,9048.106949337,,,2026-09-04T23:59:11.739853Z
4cc0d1ce-70ac-4c07-9ee7-96ca1b4862da,run1_rep2,A,CLOSED,CLOSED,request,PROVIDER,N/A,,528.3960830001888,INFO,adaptador.request,true,exitoso,,,9048.635718045,9048.107321962,,,2026-09-04T23:59:11.832086Z
cd10eda8-9ffb-4edd-ab5f-c97b25b276f6,run1_rep2,A,CLOSED,CLOSED,request,PROVIDER,N/A,,434.0652090013464,INFO,adaptador.request,true,exitoso,,,9048.724513212,9048.290448003,,,2026-09-04T23:59:11.920878Z
63b85e82-46e2-4c3a-8a17-423c97ab727e,run1_rep2,A,CLOSED,CLOSED,request,PROVIDER,N/A,,496.2688759987941,INFO,adaptador.request,true,exitoso,,,9048.808780004,9048.312511128,,,2026-09-04T23:59:12.005153Z
0895f5e8-c6b8-4464-a91c-212f9a8c7493,run1_rep2,A,CLOSED,CLOSED,request,PROVIDER,N/A,,472.40858400073193,INFO,adaptador.request,true,exitoso,,,9048.869470879,9048.397062295,,,2026-09-04T23:59:12.065921Z
fead828e-aa86-496b-88d0-462106933c6d,run1_rep2,A,CLOSED,CLOSED,request,PROVIDER,N/A,,515.8145000004879,INFO,adaptador.request,true,exitoso,,,9048.965505087,9048.449690587,,,2026-09-04T23:59:12.161889Z
8abd3c47-ad6b-4603-8e8f-2dce66c94696,run1_rep2,A,CLOSED,CLOSED,request,PROVIDER,N/A,,613.3287920001749,INFO,adaptador.request,true,exitoso,,,9049.070601004,9048.457272212,,,2026-09-04T23:59:12.266974Z
8c8be3d5-7ba5-4272-817a-3176ec035e3c,run1_rep2,A,CLOSED,CLOSED,request,PROVIDER,N/A,,661.1001670007681,INFO,adaptador.request,true,exitoso,,,9049.167272712,9048.506172545,,,2026-09-04T23:59:12.363684Z
2221e189-7b5b-4eaa-8001-5f8262900297,run1_rep2,A,CLOSED,CLOSED,request,PROVIDER,N/A,,703.9325420009845,INFO,adaptador.request,true,exitoso,,,9049.248445379,9048.544512837,,,2026-09-04T23:59:12.444823Z
2d0adfbb-4af1-4a99-ac7f-d90433d9a19a,run1_rep2,A,CLOSED,CLOSED,request,PROVIDER,N/A,,645.8871249997173,INFO,adaptador.request,true,exitoso,,,9049.34217042,9048.696283295,,,2026-09-04T23:59:12.538537Z
6d3ad59f-17d0-46fc-96e6-54072ff81df5,run1_rep2,A,CLOSED,CLOSED,request,PROVIDER,N/A,,648.7171250009851,INFO,adaptador.request,true,exitoso,,,9049.445238254,9048.796521129,,,2026-09-04T23:59:12.641607Z
1acbec29-6ee5-4248-90d5-fab97ed200a9,run1_rep2,A,CLOSED,CLOSED,request,PROVIDER,N/A,,725.655457999892,INFO,adaptador.request,true,exitoso,,,9049.550160962,9048.824505504,,,2026-09-04T23:59:12.746537Z
fbafa5eb-2d40-44af-9d82-d193cb9b5fca,run1_rep2,A,CLOSED,CLOSED,request,PROVIDER,N/A,,568.3113750001212,INFO,adaptador.request,true,exitoso,,,9049.613720504,9049.045409129,,,2026-09-04T23:59:12.810091Z
7d8504c1-8600-4bc4-8fd8-f0e8d49ac49f,run1_rep2,A,CLOSED,CLOSED,request,PROVIDER,N/A,,514.7503749994939,INFO,adaptador.request,true,exitoso,,,9049.699576629,9049.184826254,,,2026-09-04T23:59:12.895942Z
c9379b22-f8ee-4b23-8af1-e045d3b66384,run1_rep2,A,CLOSED,CLOSED,request,PROVIDER,N/A,,540.3363749992423,INFO,adaptador.request,true,exitoso,,,9049.800214087,9049.259877712,,,2026-09-04T23:59:12.996589Z
ed70e650-402e-49f2-90eb-cb99c1f2cdee,run1_rep2,A,CLOSED,CLOSED,request,PROVIDER,N/A,,537.7138340008969,INFO,adaptador.request,true,exitoso,,,9049.877514379,9049.339800545,,,2026-09-04T23:59:13.073977Z
e4703eae-c4ac-41e5-bfbd-ab8bfb60c8b0,run1_rep2,A,CLOSED,CLOSED,request,PROVIDER,N/A,,580.5757500002073,INFO,adaptador.request,true,exitoso,,,9049.966635796,9049.386060046,,,2026-09-04T23:59:13.162977Z
08da9226-1d09-4a1f-8dad-aa2007e51b1e,run1_rep2,A,CLOSED,CLOSED,request,PROVIDER,N/A,,592.1467079988361,INFO,adaptador.request,true,exitoso,,,9050.039537837,9049.447391129,,,2026-09-04T23:59:13.235942Z
2a4618d0-6dee-4cae-8368-eb68311c527c,run1_rep2,A,CLOSED,CLOSED,request,PROVIDER,N/A,,641.1530840014166,INFO,adaptador.request,true,exitoso,,,9050.108480213,9049.467327129,,,2026-09-04T23:59:13.304891Z
dab84de1-6d2d-4e65-a53e-1007aa6c1346,run1_rep2,A,CLOSED,CLOSED,request,PROVIDER,N/A,,577.0465830009925,INFO,adaptador.request,true,exitoso,,,9050.205892754,9049.628846171,,,2026-09-04T23:59:13.402292Z
d7d01180-7414-47c5-b31d-fcea03103e3c,run1_rep2,A,CLOSED,CLOSED,request,PROVIDER,N/A,,534.5332920005603,INFO,adaptador.request,true,exitoso,,,9050.291478546,9049.756945254,,,2026-09-04T23:59:13.487863Z
ca7b9404-d56c-4a9a-9dae-468d6c4db107,run1_rep2,A,CLOSED,CLOSED,request,PROVIDER,N/A,,575.7515839995904,INFO,adaptador.request,true,exitoso,,,9050.386432546,9049.810680962,,,2026-09-04T23:59:13.582814Z
dc93bc99-0116-4d7d-941a-01b80d84d83e,run1_rep2,A,CLOSED,CLOSED,request,PROVIDER,N/A,,591.7100419992494,INFO,adaptador.request,true,exitoso,,,9050.473418296,9049.881708254,,,2026-09-04T23:59:13.669807Z
7ad5ded2-7501-4074-81cf-849cb13a5ca6,run1_rep2,A,CLOSED,CLOSED,request,PROVIDER,N/A,,617.3721670002124,INFO,adaptador.request,true,exitoso,,,9050.571286088,9049.953913921,,,2026-09-04T23:59:13.767663Z
d6eadfcc-0307-443f-a62b-9755ae50d73d,run1_rep2,A,CLOSED,CLOSED,request,PROVIDER,N/A,,622.5465840016113,INFO,adaptador.request,true,exitoso,,,9050.656239088,9050.033692504,,,2026-09-04T23:59:13.852638Z
13201448-b4b9-4ead-917a-44ecd3f3ea8e,run1_rep2,A,CLOSED,CLOSED,request,PROVIDER,N/A,,702.7029170003516,INFO,adaptador.request,true,exitoso,,,9050.743687963,9050.040985046,,,2026-09-04T23:59:13.940077Z
0cd06793-c52b-4169-a9c6-7577a5566a85,run1_rep2,A,CLOSED,CLOSED,request,PROVIDER,N/A,,690.9875830006058,INFO,adaptador.request,true,exitoso,,,9050.804326796,9050.113339213,,,2026-09-04T23:59:14.000700Z
2c7d6249-5b99-49ad-b517-221bb7a2acf1,run1_rep2,A,CLOSED,CLOSED,request,PROVIDER,N/A,,574.7843749995809,INFO,adaptador.request,true,exitoso,,,9050.907026046,9050.332241671,,,2026-09-04T23:59:14.103404Z
a9300092-39d6-4258-b699-0ab46966dde5,run1_rep2,A,CLOSED,CLOSED,request,PROVIDER,N/A,,538.8806669998303,INFO,adaptador.request,true,exitoso,,,9050.971967338,9050.433086671,,,2026-09-04T23:59:14.168344Z
7692313b-55fc-4828-a64d-90da73202167,run1_rep2,A,CLOSED,CLOSED,request,PROVIDER,N/A,,540.2551249990211,INFO,adaptador.request,true,exitoso,,,9051.042334421,9050.502079296,,,2026-09-04T23:59:14.238716Z
1a7585ad-de7c-4b8f-aad7-730d97c505a5,run1_rep2,A,CLOSED,CLOSED,request,PROVIDER,N/A,,515.7643750007992,INFO,adaptador.request,true,exitoso,,,9051.109598088,9050.593833713,,,2026-09-04T23:59:14.306013Z
2fbf0d15-1cb4-4508-8b3e-4a9a450b220e,run1_rep2,A,CLOSED,CLOSED,request,PROVIDER,N/A,,500.2746249992924,INFO,adaptador.request,true,exitoso,,,9051.174478046,9050.674203421,,,2026-09-04T23:59:14.370842Z
1c6318c9-bf31-4d21-8a73-e10b4a3d567f,run1_rep2,A,CLOSED,CLOSED,request,PROVIDER,N/A,,441.2130000000616,INFO,adaptador.request,true,exitoso,,,9051.23157513,9050.79036213,,,2026-09-04T23:59:14.427962Z
bc21191f-ef76-4187-99bf-337319174b83,run1_rep2,A,CLOSED,CLOSED,request,PROVIDER,N/A,,334.92225000009057,INFO,adaptador.request,true,exitoso,,,9051.326873755,9050.991951505,,,2026-09-04T23:59:14.523255Z
2ea30196-47bf-4a53-a6d6-cfb3b60ee8af,run1_rep2,A,CLOSED,CLOSED,request,PROVIDER,N/A,,404.0181249984016,INFO,adaptador.request,true,exitoso,,,9051.408351588,9051.004333463,,,2026-09-04T23:59:14.604729Z
3709b036-f327-4ab2-bd65-d9e4488d2680,run1_rep2,A,CLOSED,CLOSED,request,PROVIDER,N/A,,426.9670000012411,INFO,adaptador.request,true,exitoso,,,9051.48535688,9051.05838988,,,2026-09-04T23:59:14.681763Z
3f575aa4-7fa1-42a6-91a7-a57bb902917b,run1_rep2,A,CLOSED,CLOSED,request,PROVIDER,N/A,,336.25545900031284,INFO,adaptador.request,true,exitoso,,,9051.55870938,9051.222453921,,,2026-09-04T23:59:14.755048Z
ea698ec9-8079-4f42-8238-372f11a8e0d2,run1_rep2,A,CLOSED,CLOSED,request,PROVIDER,N/A,,423.28433399961796,INFO,adaptador.request,true,exitoso,,,9051.646156755,9051.222872421,,,2026-09-04T23:59:14.842548Z
aa169a8f-52cc-4396-9c30-29107c410e0f,run1_rep2,A,CLOSED,CLOSED,request,PROVIDER,N/A,,461.24699999927543,INFO,adaptador.request,true,exitoso,,,9051.742213713,9051.280966713,,,2026-09-04T23:59:14.938617Z
bd736796-0f09-48fa-bfb9-c200f2322706,run1_rep2,A,CLOSED,CLOSED,request,PROVIDER,N/A,,510.0971669999126,INFO,adaptador.request,true,exitoso,,,9051.808350838,9051.298253671,,,2026-09-04T23:59:15.004741Z
d3f4fea0-2906-458e-b59a-8fc5dd69bf61,run1_rep2,A,CLOSED,CLOSED,request,PROVIDER,N/A,,479.0685839998332,INFO,adaptador.request,true,exitoso,,,9051.880185505,9051.401116921,,,2026-09-04T23:59:15.076590Z
ad64fab6-ac41-4da6-9a9c-4c146a19be74,run1_rep2,A,CLOSED,CLOSED,request,PROVIDER,N/A,,473.25637500034645,INFO,adaptador.request,true,exitoso,,,9051.964770797,9051.491514422,,,2026-09-04T23:59:15.161119Z
63f1f283-9eef-4460-8394-f53fadf0c35a,run1_rep2,A,CLOSED,CLOSED,request,PROVIDER,N/A,,515.0824169995758,INFO,adaptador.request,true,exitoso,,,9052.030617047,9051.51553463,,,2026-09-04T23:59:15.226946Z
9c99ff27-8979-4072-b5f7-562b6ea164b2,run1_rep2,A,CLOSED,CLOSED,request,PROVIDER,N/A,,539.47270900062,INFO,adaptador.request,true,exitoso,,,9052.091271297,9051.551798588,,,2026-09-04T23:59:15.287653Z
b9ce3874-5510-4cd3-875c-5ba137505651,run1_rep2,A,CLOSED,CLOSED,request,PROVIDER,N/A,,427.6401250008348,INFO,adaptador.request,true,exitoso,,,9052.158935338,9051.731295213,,,2026-09-04T23:59:15.355343Z
3f5e1d88-d300-4a9b-95fd-6f42bf90b696,run1_rep2,A,CLOSED,CLOSED,request,PROVIDER,N/A,,425.0490009999339,INFO,adaptador.request,true,exitoso,,,9052.222112464,9051.797063463,,,2026-09-04T23:59:15.418580Z
eb582d9f-04a0-4333-b3d9-e4a37aad20c9,run1_rep2,A,CLOSED,CLOSED,request,PROVIDER,N/A,,414.0809590007848,INFO,adaptador.request,true,exitoso,,,9052.295423214,9051.881342255,,,2026-09-04T23:59:15.491791Z
2aa2d5e4-dc67-4561-92e5-d054aaebeb43,run1_rep2,A,CLOSED,CLOSED,request,PROVIDER,N/A,,387.0170420013892,INFO,adaptador.request,true,exitoso,,,9052.387818839,9052.000801797,,,2026-09-04T23:59:15.584203Z
c4ffe7f2-d877-470d-9518-6039f01217e4,run1_rep2,A,CLOSED,CLOSED,request,PROVIDER,N/A,,434.35108400080935,INFO,adaptador.request,true,exitoso,,,9052.465311422,9052.030960338,,,2026-09-04T23:59:15.661698Z
debdc400-4772-4204-b457-d989af7ff44a,run1_rep2,A,CLOSED,CLOSED,request,PROVIDER,N/A,,487.6176670004497,INFO,adaptador.request,true,exitoso,,,9052.565754089,9052.078136422,,,2026-09-04T23:59:15.762126Z
e35009e3-d5be-4439-b19d-42499b15d3e6,run1_rep2,A,CLOSED,CLOSED,request,PROVIDER,N/A,,458.17566699952295,INFO,adaptador.request,true,exitoso,,,9052.637868005,9052.179692338,,,2026-09-04T23:59:15.834256Z
494b902c-64fe-42ab-87cd-ecb724a38976,run1_rep2,A,CLOSED,CLOSED,request,PROVIDER,N/A,,442.1150830003171,INFO,adaptador.request,true,exitoso,,,9052.746611672,9052.304496589,,,2026-09-04T23:59:15.942971Z
d1461580-8833-4c81-9f95-7f1973b1ba02,run1_rep2,A,CLOSED,CLOSED,request,PROVIDER,N/A,,439.2534580001666,INFO,adaptador.request,true,exitoso,,,9052.83294613,9052.393692672,,,2026-09-04T23:59:16.029349Z
305a56d1-46b6-45eb-9a58-7d5a7bf5fb1d,run1_rep2,A,CLOSED,CLOSED,request,PROVIDER,N/A,,443.20999999945343,INFO,adaptador.request,true,exitoso,,,9052.909692464,9052.466482464,,,2026-09-04T23:59:16.106077Z
c6fa49ca-65c6-4e89-9339-5de959c4dcc8,run1_rep2,A,CLOSED,CLOSED,request,PROVIDER,N/A,,544.8771249994024,INFO,adaptador.request,true,exitoso,,,9053.012445339,9052.467568214,,,2026-09-04T23:59:16.208827Z
5dbdb871-3a7a-414d-ab97-c40490cf243d,run1_rep2,A,CLOSED,CLOSED,request,PROVIDER,N/A,,451.5977920000296,INFO,adaptador.request,true,exitoso,,,9053.083805006,9052.632207214,,,2026-09-04T23:59:16.280178Z
bbf61832-9f2d-4755-8f56-b84ee6b45bb4,run1_rep2,A,CLOSED,CLOSED,request,PROVIDER,N/A,,478.59745800087694,INFO,adaptador.request,true,exitoso,,,9053.150165797,9052.671568339,,,2026-09-04T23:59:16.346527Z
62bbe1a1-781c-4411-87a3-4d785aa5653c,run1_rep2,A,CLOSED,CLOSED,request,PROVIDER,N/A,,507.79029200020886,INFO,adaptador.request,true,exitoso,,,9053.210355756,9052.702565464,,,2026-09-04T23:59:16.406732Z
960dc830-4065-4f2d-854b-3a8132fdd3bf,run1_rep2,A,CLOSED,CLOSED,request,PROVIDER,N/A,,517.7581250009098,INFO,adaptador.request,true,exitoso,,,9053.301453422,9052.783695297,,,2026-09-04T23:59:16.497862Z
18fccff2-418a-4ba7-879d-4d963eb68b60,run1_rep2,A,CLOSED,CLOSED,request,PROVIDER,N/A,,605.2877500005707,INFO,adaptador.request,true,exitoso,,,9053.389399172,9052.784111422,,,2026-09-04T23:59:16.585790Z
d10fb82a-81c1-4806-9182-d1c2dd177259,run1_rep2,A,CLOSED,CLOSED,request,PROVIDER,N/A,,602.2741259985196,INFO,adaptador.request,true,exitoso,,,9053.460677131,9052.858403005,,,2026-09-04T23:59:16.657041Z
404d1428-c817-47ba-9e86-66012e8de2fc,run1_rep2,A,CLOSED,CLOSED,request,PROVIDER,N/A,,550.1486670000304,INFO,adaptador.request,true,exitoso,,,9053.558260881,9053.008112214,,,2026-09-04T23:59:16.754633Z
7fb7011c-c0db-43ce-bccb-8641d967c081,run1_rep2,A,CLOSED,CLOSED,request,PROVIDER,N/A,,581.8239590007579,INFO,adaptador.request,true,exitoso,,,9053.634858423,9053.053034464,,,2026-09-04T23:59:16.831235Z
2091a025-4ab6-4318-bc26-12cfb20bc09e,run1_rep2,A,CLOSED,CLOSED,request,PROVIDER,N/A,,442.06341700009943,INFO,adaptador.request,true,exitoso,,,9053.728248839,9053.286185422,,,2026-09-04T23:59:16.924601Z
8e90dedf-d441-492b-968d-e663de7d4807,run1_rep2,A,CLOSED,CLOSED,request,PROVIDER,N/A,,439.90999999914493,INFO,adaptador.request,true,exitoso,,,9053.797985631,9053.358075631,,,2026-09-04T23:59:16.994384Z
70465a87-c95d-49b6-8fe8-fa5160c7ba44,run1_rep2,A,CLOSED,CLOSED,request,PROVIDER,N/A,,405.31670800010033,INFO,adaptador.request,true,exitoso,,,9053.872196589,9053.466879881,,,2026-09-04T23:59:17.068569Z
9daaf684-6907-4f5b-bf16-6886794f8ada,run1_rep2,A,CLOSED,CLOSED,request,PROVIDER,N/A,,441.6940009996324,INFO,adaptador.request,true,exitoso,,,9053.926361423,9053.484667422,,,2026-09-04T23:59:17.122751Z
d215aeab-d84b-4890-b72f-1b1ea8eef60d,run1_rep2,A,CLOSED,CLOSED,request,PROVIDER,N/A,,500.86737600031483,INFO,adaptador.request,true,exitoso,,,9054.012629923,9053.511762547,,,2026-09-04T23:59:17.209008Z
039f3f13-05f6-4402-aba9-5f79032933bc,run1_rep2,A,CLOSED,CLOSED,request,PROVIDER,N/A,,556.2260419992526,INFO,adaptador.request,true,exitoso,,,9054.068290923,9053.512064881,,,2026-09-04T23:59:17.264663Z
4198fb22-8d48-4b1f-8892-11b453351b1b,run1_rep2,A,CLOSED,CLOSED,request,PROVIDER,N/A,,554.7819170005823,INFO,adaptador.request,true,exitoso,,,9054.134604131,9053.579822214,,,2026-09-04T23:59:17.330986Z
ab430b40-c625-445b-b152-82519e411b2a,run1_rep2,A,CLOSED,CLOSED,request,PROVIDER,N/A,,560.2657080016797,INFO,adaptador.request,true,exitoso,,,9054.229217964,9053.668952256,,,2026-09-04T23:59:17.425609Z
8a225462-9c35-4d51-9c29-5e5ff4dc36cd,run1_rep2,A,CLOSED,CLOSED,request,PROVIDER,N/A,,480.3674579998187,INFO,adaptador.request,true,exitoso,,,9054.324413756,9053.844046298,,,2026-09-04T23:59:17.520797Z
257c5038-caf5-4a6b-b07c-71339137b67a,run1_rep2,A,CLOSED,CLOSED,request,PROVIDER,N/A,,481.8347510008607,INFO,adaptador.request,true,exitoso,,,9054.400261965,9053.918427214,,,2026-09-04T23:59:17.596630Z
5e339fb7-ac50-4f1c-9f06-da7086166461,run1_rep2,A,CLOSED,CLOSED,request,PROVIDER,N/A,,500.1592509997863,INFO,adaptador.request,true,exitoso,,,9054.46247384,9053.962314589,,,2026-09-04T23:59:17.658825Z
33bc2633-8106-4919-b2dd-f58b600eb2bc,run1_rep2,A,CLOSED,CLOSED,request,PROVIDER,N/A,,409.946708001371,INFO,adaptador.request,true,exitoso,,,9054.549755006,9054.139808298,,,2026-09-04T23:59:17.746134Z
805e3b67-1ce1-4ec2-8db0-180fd7f9bd70,run1_rep2,A,CLOSED,CLOSED,request,PROVIDER,N/A,,478.86600000128965,INFO,adaptador.request,true,exitoso,,,9054.631833256,9054.152967256,,,2026-09-04T23:59:17.828228Z
e22ca57d-8336-42ef-99a2-60684ffa74b0,run1_rep2,A,CLOSED,CLOSED,request,PROVIDER,N/A,,489.8100419995899,INFO,adaptador.request,true,exitoso,,,9054.733386131,9054.243576089,,,2026-09-04T23:59:17.929778Z
fa92dd08-dfed-433c-bf55-92acc835d4fb,run1_rep2,A,CLOSED,CLOSED,request,PROVIDER,N/A,,586.5775000002031,INFO,adaptador.request,true,exitoso,,,9054.831466548,9054.244889048,,,2026-09-04T23:59:18.027832Z
296586d1-4f8d-496c-8f30-aaccccc00314,run1_rep2,A,CLOSED,CLOSED,request,PROVIDER,N/A,,522.0516669996869,INFO,adaptador.request,true,exitoso,,,9054.89574009,9054.373688423,,,2026-09-04T23:59:18.092138Z
bf62ed49-557c-4d97-9494-8f85f9b0903d,run1_rep2,A,CLOSED,CLOSED,request,PROVIDER,N/A,,530.8736660008435,INFO,adaptador.request,true,exitoso,,,9054.975370631,9054.444496965,,,2026-09-04T23:59:18.171770Z
8f2e94a1-09f8-499b-b807-68d136acd3d0,run1_rep2,A,CLOSED,CLOSED,request,PROVIDER,N/A,,542.7083340000536,INFO,adaptador.request,true,exitoso,,,9055.067180465,9054.524472131,,,2026-09-04T23:59:18.263603Z
03fcee44-470d-4c5e-8f60-64bad20f020d,run1_rep2,A,CLOSED,CLOSED,request,PROVIDER,N/A,,615.63925000155,INFO,adaptador.request,true,exitoso,,,9055.163486048,9054.547846798,,,2026-09-04T23:59:18.359880Z
fbb32912-ef6b-4a55-b478-a01830b0fb1e,run1_rep2,A,CLOSED,CLOSED,request,PROVIDER,N/A,,630.6829590012057,INFO,adaptador.request,true,exitoso,,,9055.26488009,9054.634197131,,,2026-09-04T23:59:18.461260Z
91e400cf-72a2-45e8-99e0-22b76692ac20,run1_rep2,A,CLOSED,CLOSED,request,PROVIDER,N/A,,626.372500000798,INFO,adaptador.request,true,exitoso,,,9055.326152423,9054.699779923,,,2026-09-04T23:59:18.522593Z
6a890a4a-c19b-4aa0-8cd1-3c0b6cbb05ea,run1_rep2,A,CLOSED,CLOSED,request,PROVIDER,N/A,,655.539499999577,INFO,adaptador.request,true,exitoso,,,9055.406305923,9054.750766423,,,2026-09-04T23:59:18.602688Z
dc562b29-6a14-4b27-9775-4e5b674981d2,run1_rep2,A,CLOSED,CLOSED,request,PROVIDER,N/A,,522.44970799984,INFO,adaptador.request,true,exitoso,,,9055.505520465,9054.983070757,,,2026-09-04T23:59:18.701910Z
793c25e7-8029-4694-9459-1ee7c196f60b,run1_rep2,A,CLOSED,CLOSED,request,PROVIDER,N/A,,523.4791670009145,INFO,adaptador.request,true,exitoso,,,9055.566684507,9055.04320534,,,2026-09-04T23:59:18.763088Z
379b8fd2-fb61-4380-8dfc-f0bd405200bf,run1_rep2,A,CLOSED,CLOSED,request,PROVIDER,N/A,,514.6346249985072,INFO,adaptador.request,true,exitoso,,,9055.655212507,9055.140577882,,,2026-09-04T23:59:18.851603Z
f6f52453-b767-4c2a-b598-ec3549fceb12,run1_rep2,A,CLOSED,CLOSED,request,PROVIDER,N/A,,428.64120899866975,INFO,adaptador.request,true,exitoso,,,9055.723488257,9055.294847048,,,2026-09-04T23:59:18.919861Z
11c6d0b9-1009-4f6e-af81-852d6cfafef7,run1_rep2,A,CLOSED,CLOSED,request,PROVIDER,N/A,,438.6032919992431,INFO,adaptador.request,true,exitoso,,,9055.816809049,9055.378205757,,,2026-09-04T23:59:19.013204Z
259c9269-ac19-448e-bcf3-a1a41b6310e0,run1_rep2,A,CLOSED,CLOSED,request,PROVIDER,N/A,,426.86241699993843,INFO,adaptador.request,true,exitoso,,,9055.876599299,9055.449736882,,,2026-09-04T23:59:19.072979Z
c922b28d-035d-4fec-b996-9c278065ac38,run1_rep2,A,CLOSED,CLOSED,request,PROVIDER,N/A,,364.2199999994773,INFO,adaptador.request,true,exitoso,,,9055.934307382,9055.570087382,,,2026-09-04T23:59:19.130703Z
4b43310b-7e83-4a27-b4aa-ef5910e664f5,run1_rep2,A,CLOSED,CLOSED,request,PROVIDER,N/A,,449.15504200071155,INFO,adaptador.request,true,exitoso,,,9056.019721674,9055.570566632,,,2026-09-04T23:59:19.216100Z
d5175797-66e0-4206-92ee-0f80aac4f810,run1_rep2,A,CLOSED,CLOSED,request,PROVIDER,N/A,,467.82379199976276,INFO,adaptador.request,true,exitoso,,,9056.097485799,9055.629662007,,,2026-09-04T23:59:19.293872Z
f42871a8-842a-4262-afd8-38be3be2bb48,run1_rep2,A,CLOSED,CLOSED,request,PROVIDER,N/A,,475.08470799948554,INFO,adaptador.request,true,exitoso,,,9056.160254965,9055.685170257,,,2026-09-04T23:59:19.356630Z
a10473eb-4bab-44ab-9c15-28eb5a22ab99,run1_rep2,A,CLOSED,CLOSED,request,PROVIDER,N/A,,356.2849999998434,INFO,adaptador.request,true,exitoso,,,9056.23069784,9055.87441284,,,2026-09-04T23:59:19.427060Z
7cfe455f-fdd2-4f43-ae82-9b862947f482,run1_rep2,A,CLOSED,CLOSED,request,PROVIDER,N/A,,402.578999999605,INFO,adaptador.request,true,exitoso,,,9056.29439034,9055.89181134,,,2026-09-04T23:59:19.490763Z
71008e33-5b15-4c04-89d0-84fe849c0698,run1_rep2,A,CLOSED,CLOSED,request,PROVIDER,N/A,,448.3338760001061,INFO,adaptador.request,true,exitoso,,,9056.389963716,9055.94162984,,,2026-09-04T23:59:19.586363Z
9de4ee2b-73dd-49c8-be11-a59abc073154,run1_rep2,A,CLOSED,CLOSED,request,PROVIDER,N/A,,463.56083399950876,INFO,adaptador.request,true,exitoso,,,9056.462401591,9055.998840757,,,2026-09-04T23:59:19.658773Z
e81f19af-fa19-4e70-b62c-8a9eb27ac4fa,run1_rep2,A,CLOSED,CLOSED,request,PROVIDER,N/A,,394.5099169995956,INFO,adaptador.request,true,exitoso,,,9056.537993341,9056.143483424,,,2026-09-04T23:59:19.734399Z
3534a595-83bc-421f-b267-35ce0c73797a,run1_rep2,A,CLOSED,CLOSED,request,PROVIDER,N/A,,454.2121260001295,INFO,adaptador.request,true,exitoso,,,9056.600137341,9056.145925215,,,2026-09-04T23:59:19.796496Z
a237fea1-7f23-4d8f-8f6a-ade07b50cf8c,run1_rep2,A,CLOSED,CLOSED,request,PROVIDER,N/A,,317.1772919995419,INFO,adaptador.request,true,exitoso,,,9056.659333091,9056.342155799,,,2026-09-04T23:59:19.855713Z
c90ca62e-af75-4eaf-8b9b-d46610472827,run1_rep2,A,CLOSED,CLOSED,request,PROVIDER,N/A,,400.21345800050767,INFO,adaptador.request,true,exitoso,,,9056.750844007,9056.350630549,,,2026-09-04T23:59:19.947222Z
8b6b6e8c-87ad-4bd5-9f89-b041766181ed,run1_rep2,A,CLOSED,CLOSED,request,PROVIDER,N/A,,417.55175000071176,INFO,adaptador.request,true,exitoso,,,9056.822491757,9056.404940007,,,2026-09-04T23:59:20.018876Z
67e35e77-5c60-4677-983e-c86ec7839813,run1_rep2,A,CLOSED,CLOSED,request,PROVIDER,N/A,,459.55845800017414,INFO,adaptador.request,true,exitoso,,,9056.918710007,9056.459151549,,,2026-09-04T23:59:20.115074Z
85832b13-33e3-4c69-904f-e976a108c0e9,run1_rep2,A,CLOSED,CLOSED,request,PROVIDER,N/A,,415.79608299980464,INFO,adaptador.request,true,exitoso,,,9057.014315674,9056.598519591,,,2026-09-04T23:59:20.210705Z
eec1140c-3d0d-4d1a-a0d3-8267995a793a,run1_rep2,A,CLOSED,CLOSED,request,PROVIDER,N/A,,432.3263340011181,INFO,adaptador.request,true,exitoso,,,9057.070941841,9056.638615507,,,2026-09-04T23:59:20.267339Z
075fbb5b-e699-4fae-bbe1-1d53c377aeb9,run1_rep2,A,CLOSED,CLOSED,request,PROVIDER,N/A,,466.83170899996185,INFO,adaptador.request,true,exitoso,,,9057.148534966,9056.681703257,,,2026-09-04T23:59:20.344948Z
8bd51201-a861-4a73-b69c-546837381681,run1_rep2,A,CLOSED,CLOSED,request,PROVIDER,N/A,,494.43491700003506,INFO,adaptador.request,true,exitoso,,,9057.208708008,9056.714273091,,,2026-09-04T23:59:20.405074Z
a19552f9-c5fa-47f4-b850-065f3dedf479,run1_rep2,A,CLOSED,CLOSED,request,PROVIDER,N/A,,544.3572499989386,INFO,adaptador.request,true,exitoso,,,9057.301304091,9056.756946841,,,2026-09-04T23:59:20.497675Z
5a904ab4-340f-4431-9162-10c6422000d1,run1_rep2,A,CLOSED,CLOSED,request,PROVIDER,N/A,,515.9404589994665,INFO,adaptador.request,true,exitoso,,,9057.400050133,9056.884109674,,,2026-09-04T23:59:20.596412Z
38a000f4-7497-4109-a91d-62cac561630e,run1_rep2,A,CLOSED,CLOSED,request,PROVIDER,N/A,,543.8657920003607,INFO,adaptador.request,true,exitoso,,,9057.473505049,9056.929639257,,,2026-09-04T23:59:20.669888Z
76a052ef-847c-4fb0-8319-b7b9e39fd2b9,run1_rep2,A,CLOSED,CLOSED,request,PROVIDER,N/A,,470.96474999852944,INFO,adaptador.request,true,exitoso,,,9057.548713633,9057.077748883,,,2026-09-04T23:59:20.745079Z
faeb2cd5-cb2d-4cc7-9c13-8a67e4d95e27,run1_rep2,A,CLOSED,CLOSED,request,PROVIDER,N/A,,467.69175000008545,INFO,adaptador.request,true,exitoso,,,9057.621401591,9057.153709841,,,2026-09-04T23:59:20.817776Z
3c7a9c8f-7763-4cdc-a58c-5859311bedfe,run1_rep2,A,CLOSED,CLOSED,request,PROVIDER,N/A,,458.18662499914353,INFO,adaptador.request,true,exitoso,,,9057.713086549,9057.254899924,,,2026-09-04T23:59:20.909453Z
5dec438c-3e8c-45e4-89af-436f5cfd6d6b,run1_rep2,A,CLOSED,CLOSED,request,PROVIDER,N/A,,524.1727920001722,INFO,adaptador.request,true,exitoso,,,9057.783463216,9057.259290424,,,2026-09-04T23:59:20.979874Z
1e9e8afd-a739-488e-b2c1-a00006610a9f,run1_rep2,A,CLOSED,CLOSED,request,PROVIDER,N/A,,481.4299169993319,INFO,adaptador.request,true,exitoso,,,9057.841895508,9057.360465591,,,2026-09-04T23:59:21.038293Z
12f971ff-a02a-449c-a214-c109051c625f,run1_rep2,A,CLOSED,CLOSED,request,PROVIDER,N/A,,555.0348329998087,INFO,adaptador.request,true,exitoso,,,9057.947364591,9057.392329758,,,2026-09-04T23:59:21.143777Z
f2264181-d2bd-433a-baf1-0e1c2b9968d2,run1_rep2,A,CLOSED,CLOSED,request,PROVIDER,N/A,,586.739125999884,INFO,adaptador.request,true,exitoso,,,9058.01978405,9057.433044924,,,2026-09-04T23:59:21.216170Z
d483407e-f7f4-4702-9cb2-f12d2e7f09a1,run1_rep2,A,CLOSED,CLOSED,request,PROVIDER,N/A,,550.0995419988612,INFO,adaptador.request,true,exitoso,,,9058.101088675,9057.550989133,,,2026-09-04T23:59:21.297479Z
fe947764-cba5-45a3-ab06-a3f01e52305e,run1_rep2,A,CLOSED,CLOSED,request,PROVIDER,N/A,,615.1777499999298,INFO,adaptador.request,true,exitoso,,,9058.199219716,9057.584041966,,,2026-09-04T23:59:21.395587Z
7648d010-d35a-473d-89e7-f3ffa2f3464c,run1_rep2,A,CLOSED,CLOSED,request,PROVIDER,N/A,,691.3668750003126,INFO,adaptador.request,true,exitoso,,,9058.305302383,9057.613935508,,,2026-09-04T23:59:21.501690Z
b179da2b-0e5d-4fae-8fee-f91df04b4b39,run1_rep2,A,CLOSED,CLOSED,request,PROVIDER,N/A,,623.091082999963,INFO,adaptador.request,true,exitoso,,,9058.389269216,9057.766178133,,,2026-09-04T23:59:21.585646Z
9bb411dc-2a4f-4048-883c-2fe25b58825e,run1_rep2,A,CLOSED,CLOSED,request,PROVIDER,N/A,,469.90774999903806,INFO,adaptador.request,true,exitoso,,,9058.453503841,9057.983596091,,,2026-09-04T23:59:21.649886Z
bdf0cdd1-6ab2-4456-bf80-e6eab6657d70,run1_rep2,A,CLOSED,CLOSED,request,PROVIDER,N/A,,553.4954169997945,INFO,adaptador.request,true,exitoso,,,9058.5473153,9057.993819883,,,2026-09-04T23:59:21.743739Z
ceaf2df6-d8ea-457c-8c35-1800e463b4af,run1_rep2,A,CLOSED,CLOSED,request,PROVIDER,N/A,,431.2145010007953,INFO,adaptador.request,true,exitoso,,,9058.606318467,9058.175103966,,,2026-09-04T23:59:21.802711Z
5aafc8b7-1b0b-4e42-ad8f-430700a5da6f,run1_rep2,A,CLOSED,CLOSED,request,PROVIDER,N/A,,488.7062919988239,INFO,adaptador.request,true,exitoso,,,9058.688727133,9058.200020841,,,2026-09-04T23:59:21.885141Z
b01024c6-c86b-4558-95e0-fe1ffbd9dcdd,run1_rep2,A,CLOSED,CLOSED,request,PROVIDER,N/A,,461.82137499999953,INFO,adaptador.request,true,exitoso,,,9058.771028758,9058.309207383,,,2026-09-04T23:59:21.967401Z
8e25d8fe-552b-4399-b7d3-2c62bf5a006f,run1_rep2,A,CLOSED,CLOSED,request,PROVIDER,N/A,,468.47375099969213,INFO,adaptador.request,true,exitoso,,,9058.873284342,9058.404810591,,,2026-09-04T23:59:22.069667Z
7e7fa6de-637d-46b7-9c61-9bd7964d960d,run1_rep2,A,CLOSED,CLOSED,request,PROVIDER,N/A,,521.1541259996011,INFO,adaptador.request,true,exitoso,,,9058.945273967,9058.424119841,,,2026-09-04T23:59:22.141675Z
243e3b6c-a412-4ea3-a59a-858c1f8d9ee5,run1_rep2,A,CLOSED,CLOSED,request,PROVIDER,N/A,,576.0581259983155,INFO,adaptador.request,true,exitoso,,,9059.008632467,9058.432574341,,,2026-09-04T23:59:22.205009Z
877576de-8f33-4399-8d2e-04ec1142c8a8,run1_rep2,A,CLOSED,CLOSED,request,PROVIDER,N/A,,536.1707920001209,INFO,adaptador.request,true,exitoso,,,9059.0865803,9058.550409508,,,2026-09-04T23:59:22.282974Z
41c33c83-cd08-4453-af3c-2f08aefb10c0,run1_rep2,A,CLOSED,CLOSED,request,PROVIDER,N/A,,465.8467919998657,INFO,adaptador.request,true,exitoso,,,9059.172030509,9058.706183717,,,2026-09-04T23:59:22.368411Z
293f0ca1-0af5-4ab0-a8df-b65f32116c18,run1_rep2,A,CLOSED,CLOSED,request,PROVIDER,N/A,,383.78712499979883,INFO,adaptador.request,true,exitoso,,,9059.26887355,9058.885086425,,,2026-09-04T23:59:22.465252Z
529dd339-a06a-4ac6-bcd9-010e39cef225,run1_rep2,A,CLOSED,CLOSED,request,PROVIDER,N/A,,354.05604200059315,INFO,adaptador.request,true,exitoso,,,9059.346444675,9058.992388633,,,2026-09-04T23:59:22.542825Z
f00e5ef6-513b-49fe-aacf-352b3b5d2d03,run1_rep2,A,CLOSED,CLOSED,request,PROVIDER,N/A,,420.3346670001338,INFO,adaptador.request,true,exitoso,,,9059.44516555,9059.024830883,,,2026-09-04T23:59:22.641553Z
88e77444-e918-4ce9-a4ce-5463663577a8,run1_rep2,A,CLOSED,CLOSED,request,PROVIDER,N/A,,477.0490000009886,INFO,adaptador.request,true,exitoso,,,9059.521875467,9059.044826467,,,2026-09-04T23:59:22.718252Z
8b809306-9bad-4f5e-8a21-83a569c5b43e,run1_rep2,A,CLOSED,CLOSED,request,PROVIDER,N/A,,525.9928340001352,INFO,adaptador.request,true,exitoso,,,9059.617531342,9059.091538508,,,2026-09-04T23:59:22.813946Z
fc5f4146-6c8b-4b6c-b16e-30b777f42a14,run1_rep2,A,CLOSED,CLOSED,request,PROVIDER,N/A,,544.1845839995949,INFO,adaptador.request,true,exitoso,,,9059.677404467,9059.133219883,,,2026-09-04T23:59:22.873787Z
9b722961-b6c2-46f0-8d04-13adbd231336,run1_rep2,A,CLOSED,CLOSED,request,PROVIDER,N/A,,638.4839590009506,INFO,adaptador.request,true,exitoso,,,9059.772044592,9059.133560633,,,2026-09-04T23:59:22.968439Z
04af97b7-9788-4578-93d8-26411bd8c051,run1_rep2,A,CLOSED,CLOSED,request,PROVIDER,N/A,,473.1713330002094,INFO,adaptador.request,true,exitoso,,,9059.848649592,9059.375478259,,,2026-09-04T23:59:23.045189Z
033a4831-add0-4ea4-92fb-aea5b94ff34d,run1_rep2,A,CLOSED,CLOSED,request,PROVIDER,N/A,,531.9664590006141,INFO,adaptador.request,true,exitoso,,,9059.922665051,9059.390698592,,,2026-09-04T23:59:23.118993Z
9f3d8836-ac15-41f8-a003-b7b211b5c55b,run1_rep2,A,CLOSED,CLOSED,request,PROVIDER,N/A,,570.2694169995084,INFO,adaptador.request,true,exitoso,,,9059.986504217,9059.4162348,,,2026-09-04T23:59:23.182850Z
aab6c747-b964-498f-97c1-c4ceef5c45c1,run1_rep2,A,CLOSED,CLOSED,request,PROVIDER,N/A,,588.813709000533,INFO,adaptador.request,true,exitoso,,,9060.051433634,9059.462619925,,,2026-09-04T23:59:23.247795Z
1f604cd4-7f74-44b6-bdc1-89588ceb0d27,run1_rep2,A,CLOSED,CLOSED,request,PROVIDER,N/A,,522.9472089995397,INFO,adaptador.request,true,exitoso,,,9060.146140301,9059.623193092,,,2026-09-04T23:59:23.342520Z
0f4a4f36-8bd8-47fa-8c6b-997c0da97bc6,run1_rep2,A,CLOSED,CLOSED,request,PROVIDER,N/A,,606.3108340003964,INFO,adaptador.request,true,exitoso,,,9060.229976176,9059.623665342,,,2026-09-04T23:59:23.426377Z
b92eb603-a18f-424b-b22d-e6304fbc9d3b,run1_rep2,A,CLOSED,CLOSED,request,PROVIDER,N/A,,479.00045800088265,INFO,adaptador.request,true,exitoso,,,9060.335825217,9059.856824759,,,2026-09-04T23:59:23.532190Z
c96ffee3-97f9-4347-bf69-70d986a257ee,run1_rep2,A,CLOSED,CLOSED,request,PROVIDER,N/A,,554.7819170005823,INFO,adaptador.request,true,exitoso,,,9060.437340634,9059.882558717,,,2026-09-04T23:59:23.633714Z
227722cb-fb0a-49c0-a6a7-70574ffd42f8,run1_rep2,A,CLOSED,CLOSED,request,PROVIDER,N/A,,577.0756249985425,INFO,adaptador.request,true,exitoso,,,9060.539224801,9059.962149176,,,2026-09-04T23:59:23.735597Z
be109809-0817-48be-b78a-bd1a6c47b6e1,run1_rep2,A,CLOSED,CLOSED,request,PROVIDER,N/A,,563.8817079998262,INFO,adaptador.request,true,exitoso,,,9060.613510384,9060.049628676,,,2026-09-04T23:59:23.809892Z
8e4b25d4-dd89-4cb6-a865-6c0ef73bffab,run1_rep2,A,CLOSED,CLOSED,request,PROVIDER,N/A,,645.008625000628,INFO,adaptador.request,true,exitoso,,,9060.709948926,9060.064940301,,,2026-09-04T23:59:23.906349Z
e9a347d9-9178-455b-9299-0181798d1ac7,run1_rep2,A,CLOSED,CLOSED,request,PROVIDER,N/A,,586.864416998651,INFO,adaptador.request,true,exitoso,,,9060.780437634,9060.193573217,,,2026-09-04T23:59:23.976838Z
0473d81d-18ab-4000-9c8d-586d18c06ff2,run1_rep2,A,CLOSED,CLOSED,request,PROVIDER,N/A,,647.8749590005464,INFO,adaptador.request,true,exitoso,,,9060.863967468,9060.216092509,,,2026-09-04T23:59:24.060393Z
a6251b6f-ea69-446c-883a-8976539deead,run1_rep2,A,CLOSED,CLOSED,request,PROVIDER,N/A,,712.7531669993914,INFO,adaptador.request,true,exitoso,,,9060.951628384,9060.238875217,,,2026-09-04T23:59:24.148005Z
2cfc02c6-fbbf-4bf4-be8e-e8117129819a,run1_rep2,A,CLOSED,CLOSED,request,PROVIDER,N/A,,772.2095830013131,INFO,adaptador.request,true,exitoso,,,9061.056459134,9060.284249551,,,2026-09-04T23:59:24.252847Z
32f1a7d1-c4da-4113-9299-caa664be21d1,run1_rep2,A,CLOSED,CLOSED,request,PROVIDER,N/A,,698.0459999995219,INFO,adaptador.request,true,exitoso,,,9061.123904634,9060.425858634,,,2026-09-04T23:59:24.320298Z
a8bb3d3e-12f5-4840-a616-cb57bbb95beb,run1_rep2,A,CLOSED,CLOSED,request,PROVIDER,N/A,,394.4246659993951,INFO,adaptador.request,true,exitoso,,,9061.209725009,9060.815300343,,,2026-09-04T23:59:24.406131Z
a463bdce-f866-4edb-a5b8-9dad521ba875,run1_rep2,A,CLOSED,CLOSED,request,PROVIDER,N/A,,467.3326669999369,INFO,adaptador.request,true,exitoso,,,9061.287837968,9060.820505301,,,2026-09-04T23:59:24.484211Z
8726e252-aede-49ed-b02a-ebd7eae7cfca,run1_rep2,A,CLOSED,CLOSED,request,PROVIDER,N/A,,528.238376000445,INFO,adaptador.request,true,exitoso,,,9061.350705635,9060.822467259,,,2026-09-04T23:59:24.547073Z
81e9f26f-08e2-447b-aea7-ca945d4bdb16,run1_rep2,A,CLOSED,CLOSED,request,PROVIDER,N/A,,383.4785839990218,INFO,adaptador.request,true,exitoso,,,9061.431870093,9061.048391509,,,2026-09-04T23:59:24.628259Z
01e7e537-7b39-43a8-bd23-93e72e09ae5c,run1_rep2,A,CLOSED,CLOSED,request,PROVIDER,N/A,,438.8245000009192,INFO,adaptador.request,true,exitoso,,,9061.487619051,9061.048794551,,,2026-09-04T23:59:24.684007Z
59f99f86-5a1d-4c30-bc39-f07d1cba1bd1,run1_rep2,A,CLOSED,CLOSED,request,PROVIDER,N/A,,416.86437600037607,INFO,adaptador.request,true,exitoso,,,9061.555081385,9061.138217009,,,2026-09-04T23:59:24.751455Z
2a6e7f24-17cb-4fd3-82ef-365654078504,run1_rep2,A,CLOSED,CLOSED,request,PROVIDER,N/A,,496.8147079998744,INFO,adaptador.request,true,exitoso,,,9061.637047551,9061.140232843,,,2026-09-04T23:59:24.833466Z
0bd367cd-dcff-4900-9563-25ecd6a943cc,run1_rep2,A,CLOSED,CLOSED,request,PROVIDER,N/A,,470.2984590003325,INFO,adaptador.request,true,exitoso,,,9061.742971635,9061.272673176,,,2026-09-04T23:59:24.939382Z
1cb85c16-3d89-4f58-b9ae-d72b155ed04b,run1_rep2,A,CLOSED,CLOSED,request,PROVIDER,N/A,,480.26712499995483,INFO,adaptador.request,true,exitoso,,,9061.837608968,9061.357341843,,,2026-09-04T23:59:25.033979Z
8cecab66-3e69-4386-97f4-c054ad961ce4,run1_rep2,A,CLOSED,CLOSED,request,PROVIDER,N/A,,479.4732499995007,INFO,adaptador.request,true,exitoso,,,9061.939921176,9061.460447926,,,2026-09-04T23:59:25.135966Z
6c68212a-f3e9-4726-97f1-631972bb59c7,run1_rep2,A,CLOSED,CLOSED,request,PROVIDER,N/A,,478.33833299955586,INFO,adaptador.request,true,exitoso,,,9062.024517176,9061.546178843,,,2026-09-04T23:59:25.220555Z
35444b22-29d6-4b96-9842-19f6238e8164,run1_rep2,A,CLOSED,CLOSED,request,PROVIDER,N/A,,554.3037499992352,INFO,adaptador.request,true,exitoso,,,9062.12875851,9061.57445476,,,2026-09-04T23:59:25.324901Z
557dda05-67f5-4ade-848b-1b56ec0308d3,run1_rep2,A,CLOSED,CLOSED,request,PROVIDER,N/A,,591.1788330013223,INFO,adaptador.request,true,exitoso,,,9062.203333551,9061.612154718,,,2026-09-04T23:59:25.399415Z
0bbd89f8-1efc-44b1-b63c-99c7426098cf,run1_rep2,A,CLOSED,CLOSED,request,PROVIDER,N/A,,521.6504590007389,INFO,adaptador.request,true,exitoso,,,9062.29484176,9061.773191301,,,2026-09-04T23:59:25.490989Z
ba5217b0-217c-4500-adc4-264445eeb75d,run1_rep2,A,CLOSED,CLOSED,request,PROVIDER,N/A,,599.8907499997586,INFO,adaptador.request,true,exitoso,,,9062.377426968,9061.777536218,,,2026-09-04T23:59:25.573498Z
bc3fc312-12bd-4387-9db8-970b1d605066,run1_rep2,A,CLOSED,CLOSED,request,PROVIDER,N/A,,699.8392500008777,INFO,adaptador.request,true,exitoso,,,9062.478256426,9061.778417176,,,2026-09-04T23:59:25.674340Z
9260c52b-d79a-4542-99de-0e4cdd15d228,run1_rep2,A,CLOSED,CLOSED,request,PROVIDER,N/A,,570.2038340004947,INFO,adaptador.request,true,exitoso,,,9062.557899885,9061.987696051,,,2026-09-04T23:59:25.754050Z
e855d2f5-d01d-4b81-a679-2fc33a05b398,run1_rep2,A,CLOSED,CLOSED,request,PROVIDER,N/A,,644.731625001441,INFO,adaptador.request,true,exitoso,,,9062.655372343,9062.010640718,,,2026-09-04T23:59:25.851461Z
b23524d3-4013-4e31-a886-3ebef36622d3,run1_rep2,A,CLOSED,CLOSED,request,PROVIDER,N/A,,553.0907499996829,INFO,adaptador.request,true,exitoso,,,9062.734780093,9062.181689343,,,2026-09-04T23:59:25.930877Z
8fee8848-80f6-4288-ab66-b74a404a6829,run1_rep2,A,CLOSED,CLOSED,request,PROVIDER,N/A,,591.299292000258,INFO,adaptador.request,true,exitoso,,,9062.825903927,9062.234604635,,,2026-09-04T23:59:26.022014Z
024a2533-07a9-46d4-bc00-d5747277ef78,run1_rep2,A,CLOSED,CLOSED,request,PROVIDER,N/A,,545.5024589991808,INFO,adaptador.request,true,exitoso,,,9062.91876476,9062.373262301,,,2026-09-04T23:59:26.114862Z
7b534bd4-67fd-453a-a423-320b0daad2a9,run1_rep2,A,CLOSED,CLOSED,request,PROVIDER,N/A,,560.2617510012351,INFO,adaptador.request,true,exitoso,,,9062.984724677,9062.424462926,,,2026-09-04T23:59:26.180810Z
7397869a-0e0b-4eda-b830-20f859743341,run1_rep2,A,CLOSED,CLOSED,request,PROVIDER,N/A,,567.0544580007117,INFO,adaptador.request,true,exitoso,,,9063.068561968,9062.50150751,,,2026-09-04T23:59:26.264701Z
d7bb881e-3e4a-47d5-8d2e-b42ffdee2aa3,run1_rep2,A,CLOSED,CLOSED,request,PROVIDER,N/A,,599.0930829993886,INFO,adaptador.request,true,exitoso,,,9063.160540093,9062.56144701,,,2026-09-04T23:59:26.356681Z
96437665-5b2b-41b6-b562-ad65b0038dea,run1_rep2,A,CLOSED,CLOSED,request,PROVIDER,N/A,,614.9607499992271,INFO,adaptador.request,true,exitoso,,,9063.237530052,9062.622569302,,,2026-09-04T23:59:26.433603Z
3b9720ea-751b-4f89-a575-cca06eba97dd,run1_rep2,A,CLOSED,CLOSED,request,PROVIDER,N/A,,515.9068749999278,INFO,adaptador.request,true,exitoso,,,9063.315696302,9062.799789427,,,2026-09-04T23:59:26.511791Z
27d3c3f6-349d-44da-aa97-d258453fafe1,run1_rep2,A,CLOSED,CLOSED,request,PROVIDER,N/A,,603.40104199895,INFO,adaptador.request,true,exitoso,,,9063.403683469,9062.800282427,,,2026-09-04T23:59:26.599745Z
39e36f67-a816-473c-9877-cc92ca3f0947,run1_rep2,A,CLOSED,CLOSED,request,PROVIDER,N/A,,584.9731669986795,INFO,adaptador.request,true,exitoso,,,9063.47246426,9062.887491093,,,2026-09-04T23:59:26.668546Z
c5def29d-e3d4-4071-80a9-1d773fed7900,run1_rep2,A,CLOSED,CLOSED,request,PROVIDER,N/A,,453.2024169984652,INFO,adaptador.request,true,exitoso,,,9063.55718101,9063.103978593,,,2026-09-04T23:59:26.753318Z
e961ae9c-2990-4eb1-8e1d-8dcd9719185b,run1_rep2,A,CLOSED,CLOSED,request,PROVIDER,N/A,,420.75629200007825,INFO,adaptador.request,true,exitoso,,,9063.655661177,9063.234904885,,,2026-09-04T23:59:26.851743Z
51d6835e-1fba-4ccc-ade0-490519a8d83a,run1_rep2,A,CLOSED,CLOSED,request,PROVIDER,N/A,,396.4061250007944,INFO,adaptador.request,true,exitoso,,,9063.71544026,9063.319034135,,,2026-09-04T23:59:26.911509Z
e64ef53a-5f36-4db3-bd43-987c0ab9ed0a,run1_rep2,A,CLOSED,CLOSED,request,PROVIDER,N/A,,458.6742500014225,INFO,adaptador.request,true,exitoso,,,9063.818383469,9063.359709219,,,2026-09-04T23:59:27.014464Z
86a642e2-02f7-457e-85fd-7b31c571d5dd,run1_rep2,A,CLOSED,CLOSED,request,PROVIDER,N/A,,490.7668340001692,INFO,adaptador.request,true,exitoso,,,9063.881038969,9063.390272135,,,2026-09-04T23:59:27.077129Z
db34a280-f5d5-4d90-bb2c-36c8f8cfe308,run1_rep2,A,CLOSED,CLOSED,request,PROVIDER,N/A,,582.3973329988803,INFO,adaptador.request,true,exitoso,,,9063.985503052,9063.403105719,,,2026-09-04T23:59:27.181588Z
d8df07b8-e810-4c1e-9caa-3dc4612b3ef0,run1_rep2,A,CLOSED,CLOSED,request,PROVIDER,N/A,,624.4577090001258,INFO,adaptador.request,true,exitoso,,,9064.069996761,9063.445539052,,,2026-09-04T23:59:27.266167Z
a5d89c0e-f50c-4ab0-aabc-84c00f34baea,run1_rep2,A,CLOSED,CLOSED,request,PROVIDER,N/A,,516.9190830001753,INFO,adaptador.request,true,exitoso,,,9064.171890927,9063.654971844,,,2026-09-04T23:59:27.368026Z
2fd9ca1b-f8d4-4115-8b73-06337a3c0f67,run1_rep2,A,CLOSED,CLOSED,request,PROVIDER,N/A,,512.4425839985634,INFO,adaptador.request,true,exitoso,,,9064.269932594,9063.75749001,,,2026-09-04T23:59:27.466034Z
b3d0cf87-3230-403c-8bdf-b63af606b9ae,run1_rep2,A,CLOSED,CLOSED,request,PROVIDER,N/A,,520.285167000111,INFO,adaptador.request,true,exitoso,,,9064.338030386,9063.817745219,,,2026-09-04T23:59:27.534097Z
1d02b7ea-475b-4141-a3bd-be0dd39ed1aa,run1_rep2,A,CLOSED,CLOSED,request,PROVIDER,N/A,,483.82045900143567,INFO,adaptador.request,true,exitoso,,,9064.408468469,9063.92464801,,,2026-09-04T23:59:27.604584Z
8969f71c-a087-4d87-a8bf-1ba8fb76407d,run1_rep2,A,CLOSED,CLOSED,request,PROVIDER,N/A,,572.6094169986027,INFO,adaptador.request,true,exitoso,,,9064.504633386,9063.932023969,,,2026-09-04T23:59:27.700709Z
f7eba1df-d938-493a-b20f-697b6d41281c,run1_rep2,A,CLOSED,CLOSED,request,PROVIDER,N/A,,606.1852920011006,INFO,adaptador.request,true,exitoso,,,9064.579801469,9063.973616177,,,2026-09-04T23:59:27.775902Z
e7a6713f-4dd1-4409-b148-c1aa82bf7f5f,run1_rep2,A,CLOSED,CLOSED,request,PROVIDER,N/A,,619.2369170003076,INFO,adaptador.request,true,exitoso,,,9064.658879844,9064.039642927,,,2026-09-04T23:59:27.854985Z
05d4499e-02fa-4cdb-bdb5-87a2dc3261ef,run1_rep2,A,CLOSED,CLOSED,request,PROVIDER,N/A,,698.7959170000977,INFO,adaptador.request,true,exitoso,,,9064.738777636,9064.039981719,,,2026-09-04T23:59:27.934862Z
fe844519-613d-43f3-ae9e-859fb0f0e24d,run1_rep2,A,CLOSED,CLOSED,request,PROVIDER,N/A,,700.5615420002869,INFO,adaptador.request,true,exitoso,,,9064.826691886,9064.126130344,,,2026-09-04T23:59:28.022786Z
2d0307d8-830e-4433-8f58-3ac8c5e254c8,run1_rep2,A,CLOSED,CLOSED,request,PROVIDER,N/A,,673.584125999696,INFO,adaptador.request,true,exitoso,,,9064.918238928,9064.244654802,,,2026-09-04T23:59:28.114350Z
9075bde8-5c52-4fe9-bc20-bc7f0c402950,run1_rep2,A,CLOSED,CLOSED,request,PROVIDER,N/A,,520.7091249994846,INFO,adaptador.request,true,exitoso,,,9065.017050261,9064.496341136,,,2026-09-04T23:59:28.213141Z
e60a637e-1392-45a8-adba-031d58903b45,run1_rep2,A,CLOSED,CLOSED,request,PROVIDER,N/A,,551.0551259994827,INFO,adaptador.request,true,exitoso,,,9065.100045303,9064.548990177,,,2026-09-04T23:59:28.296111Z
7c61b20d-946d-4105-939a-2b655b9d3313,run1_rep2,A,CLOSED,CLOSED,request,PROVIDER,N/A,,480.3339589998359,INFO,adaptador.request,true,exitoso,,,9065.187989511,9064.707655552,,,2026-09-04T23:59:28.384090Z
aaca0acc-9653-4d46-a8b4-83f9ea0893c7,run1_rep2,A,CLOSED,CLOSED,request,PROVIDER,N/A,,501.8659170000319,INFO,adaptador.request,true,exitoso,,,9065.277945178,9064.776079261,,,2026-09-04T23:59:28.474046Z
4314da3d-eab9-4fc0-af11-ee75b7b961aa,run1_rep2,A,CLOSED,CLOSED,request,PROVIDER,N/A,,515.0707920001878,INFO,adaptador.request,true,exitoso,,,9065.347881886,9064.832811094,,,2026-09-04T23:59:28.543953Z
3eb7898e-d197-4f25-be22-3a54018cc5e9,run1_rep2,A,CLOSED,CLOSED,request,PROVIDER,N/A,,557.9831249997369,INFO,adaptador.request,true,exitoso,,,9065.418291303,9064.860308178,,,2026-09-04T23:59:28.614371Z
289ffb4a-f83a-4b6d-9ced-b51aa4f93829,run1_rep2,A,CLOSED,CLOSED,request,PROVIDER,N/A,,570.3532090010413,INFO,adaptador.request,true,exitoso,,,9065.505977553,9064.935624344,,,2026-09-04T23:59:28.702117Z
8368c36f-45d4-45c3-b97b-829f977c776a,run1_rep2,A,CLOSED,CLOSED,request,PROVIDER,N/A,,465.45029200024146,INFO,adaptador.request,true,exitoso,,,9065.59567897,9065.130228678,,,2026-09-04T23:59:28.791748Z
694d7fe3-cf51-4349-ad15-b53d62537f3a,run1_rep2,A,CLOSED,CLOSED,request,PROVIDER,N/A,,533.8324169988482,INFO,adaptador.request,true,exitoso,,,9065.664443553,9065.130611136,,,2026-09-04T23:59:28.860519Z
694903da-2c9c-46b3-b8c5-cd3980af78b5,run1_rep2,A,CLOSED,CLOSED,request,PROVIDER,N/A,,599.0168339994852,INFO,adaptador.request,true,exitoso,,,9065.756313095,9065.157296261,,,2026-09-04T23:59:28.952382Z
6ee4ed59-1c09-46f5-9a1a-74e9c5163623,run1_rep2,A,CLOSED,CLOSED,request,PROVIDER,N/A,,542.7517919997626,INFO,adaptador.request,true,exitoso,,,9065.846299511,9065.303547719,,,2026-09-04T23:59:29.042379Z
36660a87-d9e0-4fa7-89e2-197411cbeb85,run1_rep2,A,CLOSED,CLOSED,request,PROVIDER,N/A,,638.9407499991648,INFO,adaptador.request,true,exitoso,,,9065.942799928,9065.303859178,,,2026-09-04T23:59:29.138886Z
88b8cba5-512b-431f-a4da-98bffeca1baa,run1_rep2,A,CLOSED,CLOSED,request,PROVIDER,N/A,,573.0930419995275,INFO,adaptador.request,true,exitoso,,,9065.998334345,9065.425241303,,,2026-09-04T23:59:29.194409Z
7c1becaf-ef1e-407c-9802-f9c76cc6d41d,run1_rep2,A,CLOSED,CLOSED,request,PROVIDER,N/A,,616.636708000442,INFO,adaptador.request,true,exitoso,,,9066.059989428,9065.44335272,,,2026-09-04T23:59:29.256170Z
18f5f0f6-8ea1-4a1e-9d8c-f26a0c8449ff,run1_rep2,A,CLOSED,CLOSED,request,PROVIDER,N/A,,519.0383339995606,INFO,adaptador.request,true,exitoso,,,9066.153900137,9065.634861803,,,2026-09-04T23:59:29.349999Z
986c5bb5-8873-4b12-991b-2bf8fcc26085,run1_rep2,A,CLOSED,CLOSED,request,PROVIDER,N/A,,427.8254169985303,INFO,adaptador.request,true,exitoso,,,9066.231619178,9065.803793761,,,2026-09-04T23:59:29.427707Z
2acf4f6a-e060-44e9-86d5-6d3368bacb20,run1_rep2,A,CLOSED,CLOSED,request,PROVIDER,N/A,,406.4449580000655,INFO,adaptador.request,true,exitoso,,,9066.333580428,9065.92713547,,,2026-09-04T23:59:29.529638Z
76727d88-4571-4737-8665-2dfbf74e74ac,run1_rep2,A,CLOSED,CLOSED,request,PROVIDER,N/A,,498.1971249999333,INFO,adaptador.request,true,exitoso,,,9066.427611553,9065.929414428,,,2026-09-04T23:59:29.623681Z
d7ebef46-0863-4714-a2ec-71599c3f6467,run1_rep2,A,CLOSED,CLOSED,request,PROVIDER,N/A,,543.5017920008249,INFO,adaptador.request,true,exitoso,,,9066.490065553,9065.946563761,,,2026-09-04T23:59:29.686133Z
0ca7011b-2ed8-46b8-ab0a-10ae43586966,run1_rep2,A,CLOSED,CLOSED,request,PROVIDER,N/A,,423.64616699887847,INFO,adaptador.request,true,exitoso,,,9066.560127137,9066.13648097,,,2026-09-04T23:59:29.756210Z
bc034336-1301-40e7-b1a4-5e1e8c4403fd,run1_rep2,A,CLOSED,CLOSED,request,PROVIDER,N/A,,478.8250839992543,INFO,adaptador.request,true,exitoso,,,9066.655239262,9066.176414178,,,2026-09-04T23:59:29.851318Z
d6934f06-dfda-499a-84e1-f796bc08a220,run1_rep2,A,CLOSED,CLOSED,request,PROVIDER,N/A,,480.4369579997001,INFO,adaptador.request,true,exitoso,,,9066.72362522,9066.243188262,,,2026-09-04T23:59:29.919696Z
ad3e7a3b-e076-49ba-9df6-8bb74d06f1f6,run1_rep2,A,CLOSED,CLOSED,request,PROVIDER,N/A,,470.1985000010609,INFO,adaptador.request,true,exitoso,,,9066.782911262,9066.312712762,,,2026-09-04T23:59:29.978987Z
38c466ba-16c2-4ca0-9989-11db8d3c22b6,run1_rep2,A,CLOSED,CLOSED,request,PROVIDER,N/A,,450.47516700105916,INFO,adaptador.request,true,exitoso,,,9066.84894347,9066.398468303,,,2026-09-04T23:59:30.045063Z
f4db9615-9b0c-4a8b-a8c7-f33651bb8244,run1_rep2,A,CLOSED,CLOSED,request,PROVIDER,N/A,,421.40450000079,INFO,adaptador.request,true,exitoso,,,9066.946565762,9066.525161262,,,2026-09-04T23:59:30.142647Z
c98326c2-74a1-4d65-8194-911eee05c366,run1_rep2,A,CLOSED,CLOSED,request,PROVIDER,N/A,,450.2029169998423,INFO,adaptador.request,true,exitoso,,,9067.010137429,9066.559934512,,,2026-09-04T23:59:30.206245Z
959db0f3-a88d-4f85-917b-cf5d2cc0c32b,run1_rep2,A,CLOSED,CLOSED,request,PROVIDER,N/A,,438.91304200042214,INFO,adaptador.request,true,exitoso,,,9067.095203512,9066.65629047,,,2026-09-04T23:59:30.291290Z
7509bed0-dcf9-4e32-93f6-6518d294198d,run1_rep2,A,CLOSED,CLOSED,request,PROVIDER,N/A,,420.3208330000052,INFO,adaptador.request,true,exitoso,,,9067.186736345,9066.766415512,,,2026-09-04T23:59:30.382904Z
30a03a02-92d1-47c9-b090-6fe34e15b906,run1_rep2,A,CLOSED,CLOSED,request,PROVIDER,N/A,,505.27874999897904,INFO,adaptador.request,true,exitoso,,,9067.286364762,9066.781086012,,,2026-09-04T23:59:30.482440Z
ada4d71f-8728-4a58-aff8-912c62cd1817,run1_rep2,A,CLOSED,CLOSED,request,PROVIDER,N/A,,494.5579169998382,INFO,adaptador.request,true,exitoso,,,9067.343030512,9066.848472595,,,2026-09-04T23:59:30.539128Z
46c84f7d-de4b-49fa-a77f-f79d70454191,run1_rep2,A,CLOSED,CLOSED,request,PROVIDER,N/A,,527.331958999639,INFO,adaptador.request,true,exitoso,,,9067.437714554,9066.910382595,,,2026-09-04T23:59:30.633813Z
d4eeb395-81d1-4797-b4c5-e3d71e3393d5,run1_rep2,A,CLOSED,CLOSED,request,PROVIDER,N/A,,571.7132089994266,INFO,adaptador.request,true,exitoso,,,9067.504408679,9066.93269547,,,2026-09-04T23:59:30.700501Z
b67ea10c-8fcb-455d-b6c8-ae0612476828,run1_rep2,A,CLOSED,CLOSED,request,PROVIDER,N/A,,452.9756250012724,INFO,adaptador.request,true,exitoso,,,9067.562196012,9067.109220387,,,2026-09-04T23:59:30.758285Z
779c6b06-e569-4fe1-b759-0f0c0affea4c,run1_rep2,A,CLOSED,CLOSED,request,PROVIDER,N/A,,453.4719169987511,INFO,adaptador.request,true,exitoso,,,9067.664092554,9067.210620637,,,2026-09-04T23:59:30.860173Z
e1a3b9f2-53cd-448d-88ad-74b42c8d3b98,run1_rep2,A,CLOSED,CLOSED,request,PROVIDER,N/A,,510.22350099992764,INFO,adaptador.request,true,exitoso,,,9067.731851596,9067.221628095,,,2026-09-04T23:59:30.927920Z
1401b701-441f-41dd-aab1-a9e0e4c5f240,run1_rep2,A,CLOSED,CLOSED,request,PROVIDER,N/A,,432.294666999951,INFO,adaptador.request,true,exitoso,,,9067.828607887,9067.39631322,,,2026-09-04T23:59:31.024696Z
5cdd9894-9b1d-4b94-bd24-ad06c0dab63c,run1_rep2,A,CLOSED,CLOSED,request,PROVIDER,N/A,,512.8878329996951,INFO,adaptador.request,true,exitoso,,,9067.909561387,9067.396673554,,,2026-09-04T23:59:31.105643Z
964d7445-6080-49b5-9ef1-6c33b27c68bb,run1_rep2,A,CLOSED,CLOSED,request,PROVIDER,N/A,,507.31616700068116,INFO,adaptador.request,true,exitoso,,,9067.969778179,9067.462462012,,,2026-09-04T23:59:31.165878Z
bf18b3b1-1afe-4452-bbb1-21299e976eab,run1_rep2,A,CLOSED,CLOSED,request,PROVIDER,N/A,,515.9450840001227,INFO,adaptador.request,true,exitoso,,,9068.069371596,9067.553426512,,,2026-09-04T23:59:31.265444Z
49f9a67f-8ee5-47b1-bd8f-0424f8891870,run1_rep2,A,CLOSED,CLOSED,request,PROVIDER,N/A,,527.5379159993463,INFO,adaptador.request,true,exitoso,,,9068.170860012,9067.643322096,,,2026-09-04T23:59:31.366931Z
78f6c653-98fe-4887-8b98-862fad8dd7a8,run1_rep2,A,CLOSED,CLOSED,request,PROVIDER,N/A,,623.7131670004601,INFO,adaptador.request,true,exitoso,,,9068.267459221,9067.643746054,,,2026-09-04T23:59:31.463579Z
b3f6bd0f-5c44-44e8-946d-77c258d7912d,run1_rep2,A,CLOSED,CLOSED,request,PROVIDER,N/A,,529.0289170006872,INFO,adaptador.request,true,exitoso,,,9068.331786638,9067.802757721,,,2026-09-04T23:59:31.527855Z
2c9a6765-e46e-48ac-b602-b8a25a574be3,run1_rep2,A,CLOSED,CLOSED,request,PROVIDER,N/A,,512.7643759988132,INFO,adaptador.request,true,exitoso,,,9068.387666763,9067.874902387,,,2026-09-04T23:59:31.583738Z
14d324a6-313d-438e-83fe-0c1145265516,run1_rep2,A,CLOSED,CLOSED,request,PROVIDER,N/A,,557.9407919994992,INFO,adaptador.request,true,exitoso,,,9068.485664554,9067.927723762,,,2026-09-04T23:59:31.681734Z
b487aad9-ec8a-4235-980a-5739db131270,run1_rep2,A,CLOSED,CLOSED,request,PROVIDER,N/A,,611.2332919983601,INFO,adaptador.request,true,exitoso,,,9068.583537554,9067.972304262,,,2026-09-04T23:59:31.779585Z
69019526-8a78-464d-825d-c6e0df54d055,run1_rep2,A,CLOSED,CLOSED,request,PROVIDER,N/A,,655.9120420006366,INFO,adaptador.request,true,exitoso,,,9068.679444554,9068.023532512,,,2026-09-04T23:59:31.875534Z
fe43a351-c85a-4406-b5be-47201d3ac1bd,run1_rep2,A,CLOSED,CLOSED,request,PROVIDER,N/A,,589.4300839991047,INFO,adaptador.request,true,exitoso,,,9068.759771721,9068.170341637,,,2026-09-04T23:59:31.955925Z
cfb02b0c-306b-44c3-93b8-fea1e5ae784e,run1_rep2,A,CLOSED,CLOSED,request,PROVIDER,N/A,,598.1310000006488,INFO,adaptador.request,true,exitoso,,,9068.814611596,9068.216480596,,,2026-09-04T23:59:32.010704Z
76580b19-f45a-4f38-a4cb-e4417f32d094,run1_rep2,A,CLOSED,CLOSED,request,PROVIDER,N/A,,655.3770000009536,INFO,adaptador.request,true,exitoso,,,9068.903642888,9068.248265888,,,2026-09-04T23:59:32.099685Z
11890e70-6627-455d-ae11-fdaa49bb9b55,run1_rep2,A,CLOSED,CLOSED,request,PROVIDER,N/A,,699.8318339992693,INFO,adaptador.request,true,exitoso,,,9068.99772143,9068.297889596,,,2026-09-04T23:59:32.193808Z
a0f45780-7f5d-4e01-baa9-04a481b312b3,run1_rep2,A,CLOSED,CLOSED,request,PROVIDER,N/A,,475.2452920001815,INFO,adaptador.request,true,exitoso,,,9069.08799418,9068.612748888,,,2026-09-04T23:59:32.284134Z
986a8d03-3f5f-460d-9c9b-037e3f77a3ae,run1_rep2,A,CLOSED,CLOSED,request,PROVIDER,N/A,,516.4778750004189,INFO,adaptador.request,true,exitoso,,,9069.168672471,9068.652194596,,,2026-09-04T23:59:32.364759Z
b67b9834-7eb3-47e5-a1ef-85e3813b96db,run1_rep2,A,CLOSED,CLOSED,request,PROVIDER,N/A,,568.8370839998242,INFO,adaptador.request,true,exitoso,,,9069.232811513,9068.663974429,,,2026-09-04T23:59:32.428933Z
442e6345-88e4-467d-b421-95d7c2b25f38,run1_rep2,A,CLOSED,CLOSED,request,PROVIDER,N/A,,486.8453340004635,INFO,adaptador.request,true,exitoso,,,9069.307103763,9068.820258429,,,2026-09-04T23:59:32.503182Z
03936795-575b-4356-a07f-bf647a529c4d,run1_rep2,A,CLOSED,CLOSED,request,PROVIDER,N/A,,550.1919580001413,INFO,adaptador.request,true,exitoso,,,9069.370903346,9068.820711388,,,2026-09-04T23:59:32.567032Z
4fc85dbe-b624-4d43-b1c0-d5fc2347b545,run1_rep2,A,CLOSED,CLOSED,request,PROVIDER,N/A,,586.8542500011245,INFO,adaptador.request,true,exitoso,,,9069.467338471,9068.880484221,,,2026-09-04T23:59:32.663422Z
1553a6e7-1b48-4932-8ca7-649de5a86d55,run1_rep2,A,CLOSED,CLOSED,request,PROVIDER,N/A,,575.9321660007117,INFO,adaptador.request,true,exitoso,,,9069.521433596,9068.94550143,,,2026-09-04T23:59:32.717555Z
49400c51-9f61-4d23-b351-ce92ca8dfef3,run1_rep2,A,CLOSED,CLOSED,request,PROVIDER,N/A,,458.43537600012496,INFO,adaptador.request,true,exitoso,,,9069.617456847,9069.159021471,,,2026-09-04T23:59:32.813598Z
aacb9577-0da0-4d75-91f7-2e3a1f10da4f,run1_rep2,A,CLOSED,CLOSED,request,PROVIDER,N/A,,435.58929200116836,INFO,adaptador.request,true,exitoso,,,9069.671515055,9069.235925763,,,2026-09-04T23:59:32.867642Z
3876bd57-84b8-4c7e-8f51-a03663ec62d9,run1_rep2,A,CLOSED,CLOSED,request,PROVIDER,N/A,,401.1858330013638,INFO,adaptador.request,true,exitoso,,,9069.730478388,9069.329292555,,,2026-09-04T23:59:32.926550Z
66a918b1-22f1-4fbe-86c9-0116edbc12ad,run1_rep2,A,CLOSED,CLOSED,request,PROVIDER,N/A,,442.7847089991701,INFO,adaptador.request,true,exitoso,,,9069.784479097,9069.341694388,,,2026-09-04T23:59:32.980554Z
ca7a31b6-6a53-4bc4-8cd1-4defd0fb7f7c,run1_rep2,A,CLOSED,CLOSED,request,PROVIDER,N/A,,437.966667001092,INFO,adaptador.request,true,exitoso,,,9069.869409138,9069.431442471,,,2026-09-04T23:59:33.065785Z
f5c19218-e8ef-4b31-bdcb-4e2c711d96a1,run1_rep2,A,CLOSED,CLOSED,request,PROVIDER,N/A,,399.34358400023484,INFO,adaptador.request,true,exitoso,,,9069.92725743,9069.527913846,,,2026-09-04T23:59:33.123297Z
2d2e6bcb-54d5-4210-b37a-fc053cb21ade,run1_rep2,A,CLOSED,CLOSED,request,PROVIDER,N/A,,401.71749999899475,INFO,adaptador.request,true,exitoso,,,9070.002775055,9069.601057555,,,2026-09-04T23:59:33.198824Z
239bfed1-42ba-4135-87d1-0b591da93e3a,run1_rep2,A,CLOSED,CLOSED,request,PROVIDER,N/A,,447.1462920009799,INFO,adaptador.request,true,exitoso,,,9070.07946993,9069.632323638,,,2026-09-04T23:59:33.275595Z
d1d93f31-6cf0-4da3-a3c5-ea9937e09883,run1_rep2,A,CLOSED,CLOSED,request,PROVIDER,N/A,,446.39037500019185,INFO,adaptador.request,true,exitoso,,,9070.146088805,9069.69969843,,,2026-09-04T23:59:33.342196Z
03b91224-143c-44fa-8bcb-5b89db830108,run1_rep2,A,CLOSED,CLOSED,request,PROVIDER,N/A,,455.7434580001427,INFO,adaptador.request,true,exitoso,,,9070.229994138,9069.77425068,,,2026-09-04T23:59:33.426108Z
ca64739e-b4ff-4c6c-8cd8-a7dac9718753,run1_rep2,A,CLOSED,CLOSED,request,PROVIDER,N/A,,509.14141700013715,INFO,adaptador.request,true,exitoso,,,9070.291286222,9069.782144805,,,2026-09-04T23:59:33.487352Z
747f7ff0-b48d-4b6b-95c3-e0a301bb0f34,run1_rep2,A,CLOSED,CLOSED,request,PROVIDER,N/A,,537.6603340009751,INFO,adaptador.request,true,exitoso,,,9070.375753472,9069.838093138,,,2026-09-04T23:59:33.571833Z
3443be70-ad39-4369-9151-8184b60b8883,run1_rep2,A,CLOSED,CLOSED,request,PROVIDER,N/A,,461.1288760006573,INFO,adaptador.request,true,exitoso,,,9070.441400889,9069.980272013,,,2026-09-04T23:59:33.637477Z
b9cbb1ed-8e29-4fd4-a8bf-5dd9efc1914e,run1_rep2,A,CLOSED,CLOSED,request,PROVIDER,N/A,,505.83562499923573,INFO,adaptador.request,true,exitoso,,,9070.506933347,9070.001097722,,,2026-09-04T23:59:33.703013Z
135421f2-3b35-4b03-8def-fb6268588a0f,run1_rep2,A,CLOSED,CLOSED,request,PROVIDER,N/A,,428.40604199955123,INFO,adaptador.request,true,exitoso,,,9070.59457343,9070.166167388,,,2026-09-04T23:59:33.790659Z
f2945368-415a-432f-af6d-0add41c90b79,run1_rep2,A,CLOSED,CLOSED,request,PROVIDER,N/A,,407.86608300004445,INFO,adaptador.request,true,exitoso,,,9070.684659305,9070.276793222,,,2026-09-04T23:59:33.880738Z
3dceade2-b8e4-4489-8e4c-7f37a10d6228,run1_rep2,A,CLOSED,CLOSED,request,PROVIDER,N/A,,472.6871669990942,INFO,adaptador.request,true,exitoso,,,9070.782443764,9070.309756597,,,2026-09-04T23:59:33.978536Z
fae91a7f-ffd5-4ca7-98a8-b8a784f2d48e,run1_rep2,A,CLOSED,CLOSED,request,PROVIDER,N/A,,448.98737499897834,INFO,adaptador.request,true,exitoso,,,9070.841948472,9070.392961097,,,2026-09-04T23:59:34.038043Z
23ac738e-9683-4b3b-b23a-719930443167,run1_rep2,A,CLOSED,CLOSED,request,PROVIDER,N/A,,472.87854199930734,INFO,adaptador.request,true,exitoso,,,9070.905836847,9070.432958305,,,2026-09-04T23:59:34.101914Z
2595e860-ff63-44ca-998b-907bb0647bf4,run1_rep2,A,CLOSED,CLOSED,request,PROVIDER,N/A,,423.26041699925554,INFO,adaptador.request,true,exitoso,,,9071.009049056,9070.585788639,,,2026-09-04T23:59:34.205143Z
00d86434-fded-47fd-9784-e8425bbf4d4d,run1_rep2,A,CLOSED,CLOSED,request,PROVIDER,N/A,,489.13241700029175,INFO,adaptador.request,true,exitoso,,,9071.095523222,9070.606390805,,,2026-09-04T23:59:34.291576Z
9d93e3c4-8586-4136-8d65-6f726c311e7d,run1_rep2,A,CLOSED,CLOSED,request,PROVIDER,N/A,,515.8255840015045,INFO,adaptador.request,true,exitoso,,,9071.197490889,9070.681665305,,,2026-09-04T23:59:34.393638Z
a296d967-b7a1-45e8-bc77-0cc0bb6b3f64,run1_rep2,A,CLOSED,CLOSED,request,PROVIDER,N/A,,472.2177080002439,INFO,adaptador.request,true,exitoso,,,9071.261726347,9070.789508639,,,2026-09-04T23:59:34.457801Z
0a5e7850-d96d-4360-8af6-ef6627b73394,run1_rep2,A,CLOSED,CLOSED,request,PROVIDER,N/A,,547.0129999994242,INFO,adaptador.request,true,exitoso,,,9071.337522639,9070.790509639,,,2026-09-04T23:59:34.533606Z
8c02012d-8549-4dc1-953f-1894f48343ca,run1_rep2,A,CLOSED,CLOSED,request,PROVIDER,N/A,,495.3834169991751,INFO,adaptador.request,true,exitoso,,,9071.397890597,9070.90250718,,,2026-09-04T23:59:34.594002Z
b0275485-e504-457e-814d-bb7bcfa9cd6f,run1_rep2,A,CLOSED,CLOSED,request,PROVIDER,N/A,,508.45316699997056,INFO,adaptador.request,true,exitoso,,,9071.470885931,9070.962432764,,,2026-09-04T23:59:34.667042Z
fe34ac06-88cb-44a2-b660-847177280edd,run1_rep2,A,CLOSED,CLOSED,request,PROVIDER,N/A,,524.688250001418,INFO,adaptador.request,true,exitoso,,,9071.534247306,9071.009559056,,,2026-09-04T23:59:34.730400Z
4f7a6963-7900-4241-bb9c-5361296d6d32,run1_rep2,A,CLOSED,CLOSED,request,PROVIDER,N/A,,520.843041000262,INFO,adaptador.request,true,exitoso,,,9071.618638347,9071.097795306,,,2026-09-04T23:59:34.814728Z
b394cd15-5dd1-467e-b596-4b3883cf8662,run1_rep2,A,CLOSED,CLOSED,request,PROVIDER,N/A,,571.8572500009032,INFO,adaptador.request,true,exitoso,,,9071.709271514,9071.137414264,,,2026-09-04T23:59:34.905387Z
5b5c193d-1ffd-45d0-a9b8-956e90d0f5f0,run1_rep2,A,CLOSED,CLOSED,request,PROVIDER,N/A,,442.49541699900874,INFO,adaptador.request,true,exitoso,,,9071.774195306,9071.331699889,,,2026-09-04T23:59:34.970254Z
bf0e6e3a-b20c-46d8-98ba-8f1c34e613de,run1_rep2,A,CLOSED,CLOSED,request,PROVIDER,N/A,,482.1661670011963,INFO,adaptador.request,true,exitoso,,,9071.882242056,9071.400075889,,,2026-09-04T23:59:35.078309Z
1cd69818-2564-422b-9fca-a9f601b1a6e9,run1_rep2,A,CLOSED,CLOSED,request,PROVIDER,N/A,,429.8985420009558,INFO,adaptador.request,true,exitoso,,,9071.967831514,9071.537932972,,,2026-09-04T23:59:35.163858Z
8ff5ded7-9fd9-4af0-b9a8-a68b151e158c,run1_rep2,A,CLOSED,CLOSED,request,PROVIDER,N/A,,423.8645000004908,INFO,adaptador.request,true,exitoso,,,9072.029452139,9071.605587639,,,2026-09-04T23:59:35.225492Z
75b5da9c-87b4-4baf-ae7f-693d4b8c9169,run1_rep2,A,CLOSED,CLOSED,request,PROVIDER,N/A,,516.160042001502,INFO,adaptador.request,true,exitoso,,,9072.132868848,9071.616708806,,,2026-09-04T23:59:35.329004Z
54bd1712-8dda-499d-b7cc-303140f689b1,run1_rep2,A,CLOSED,CLOSED,request,PROVIDER,N/A,,476.4390000000276,INFO,adaptador.request,true,exitoso,,,9072.205861931,9071.729422931,,,2026-09-04T23:59:35.401940Z
9358a07f-6896-42d3-a411-3b5fa4158ec5,run1_rep2,A,CLOSED,CLOSED,request,PROVIDER,N/A,,503.7844580001547,INFO,adaptador.request,true,exitoso,,,9072.284763931,9071.780979473,,,2026-09-04T23:59:35.480835Z
704510a6-c863-4b2b-b989-f8274eee8e97,run1_rep2,A,CLOSED,CLOSED,request,PROVIDER,N/A,,576.2897079985123,INFO,adaptador.request,true,exitoso,,,9072.384128306,9071.807838598,,,2026-09-04T23:59:35.580227Z
c799878e-8af0-43ba-831b-2676d5ab024d,run1_rep2,A,CLOSED,CLOSED,request,PROVIDER,N/A,,608.1822500000271,INFO,adaptador.request,true,exitoso,,,9072.451998056,9071.843815806,,,2026-09-04T23:59:35.648103Z
f4265050-8ca1-4760-b2d3-cb2f3106d535,run1_rep2,A,CLOSED,CLOSED,request,PROVIDER,N/A,,536.1480000010488,INFO,adaptador.request,true,exitoso,,,9072.533278806,9071.997130806,,,2026-09-04T23:59:35.729350Z
da41dca9-719b-4b65-a263-1f1e15aaf83c,run1_rep2,A,CLOSED,CLOSED,request,PROVIDER,N/A,,589.8869169996033,INFO,adaptador.request,true,exitoso,,,9072.619675181,9072.029788264,,,2026-09-04T23:59:35.815753Z
ba68162f-d08e-43ee-890c-9525af07f7fc,run1_rep2,A,CLOSED,CLOSED,request,PROVIDER,N/A,,557.9562499988242,INFO,adaptador.request,true,exitoso,,,9072.694973306,9072.137017056,,,2026-09-04T23:59:35.891071Z
3682c108-6238-4680-b156-8edce8a229cd,run1_rep2,A,CLOSED,CLOSED,request,PROVIDER,N/A,,597.9019170008542,INFO,adaptador.request,true,exitoso,,,9072.758675723,9072.160773806,,,2026-09-04T23:59:35.954728Z
6f27159e-6577-47ed-8a50-075020af22e9,run1_rep2,A,CLOSED,CLOSED,request,PROVIDER,N/A,,519.3626669988589,INFO,adaptador.request,true,exitoso,,,9072.822826765,9072.303464098,,,2026-09-04T23:59:36.018905Z
df16fba2-c499-48d7-89a8-6052864d7025,run1_rep2,A,CLOSED,CLOSED,request,PROVIDER,N/A,,610.5117919996701,INFO,adaptador.request,true,exitoso,,,9072.917507348,9072.306995556,,,2026-09-04T23:59:36.113606Z
c9c80b09-0101-4a98-8e0b-f8df0d750991,run1_rep2,A,CLOSED,CLOSED,request,PROVIDER,N/A,,512.9313750003348,INFO,adaptador.request,true,exitoso,,,9072.975749765,9072.46281839,,,2026-09-04T23:59:36.171846Z
ab276da0-258e-471d-af61-2d51069db9c3,run1_rep2,A,CLOSED,CLOSED,request,PROVIDER,N/A,,600.1538330001495,INFO,adaptador.request,true,exitoso,,,9073.080034348,9072.479880515,,,2026-09-04T23:59:36.276114Z
e49f60fc-0835-4887-a044-e00663ab4f80,run1_rep2,A,CLOSED,CLOSED,request,PROVIDER,N/A,,608.6245830010739,INFO,adaptador.request,true,exitoso,,,9073.141808098,9072.533183515,,,2026-09-04T23:59:36.337904Z
6ef9f1a5-a799-4cee-a9ae-e5f7a37bc311,run1_rep2,A,CLOSED,CLOSED,request,PROVIDER,N/A,,493.37020900020434,INFO,adaptador.request,true,exitoso,,,9073.233773682,9072.740403473,,,2026-09-04T23:59:36.429846Z
a2c4dcde-735d-49d2-8cd3-b87ed574c20e,run1_rep2,A,CLOSED,CLOSED,request,PROVIDER,N/A,,500.228667000556,INFO,adaptador.request,true,exitoso,,,9073.318397057,9072.81816839,,,2026-09-04T23:59:36.514463Z
01dd17af-5765-4aee-8d6e-a6ed546a65f5,run1_rep2,A,CLOSED,CLOSED,request,PROVIDER,N/A,,557.233625999288,INFO,adaptador.request,true,exitoso,,,9073.395292557,9072.838058931,,,2026-09-04T23:59:36.591361Z
4fdef623-ca4e-47f9-aa97-8d7a7bf00de6,run1_rep2,A,CLOSED,CLOSED,request,PROVIDER,N/A,,572.2886260009545,INFO,adaptador.request,true,exitoso,,,9073.455143057,9072.882854431,,,2026-09-04T23:59:36.651222Z
69440b1e-78a8-4a5a-b291-15b609e34bb8,run1_rep2,A,CLOSED,CLOSED,request,PROVIDER,N/A,,521.4752920001047,INFO,adaptador.request,true,exitoso,,,9073.561105765,9073.039630473,,,2026-09-04T23:59:36.757186Z
c31e1e2c-1f32-4be6-93df-83585d30f667,run1_rep2,A,CLOSED,CLOSED,request,PROVIDER,N/A,,453.00954099911905,INFO,adaptador.request,true,exitoso,,,9073.638548723,9073.185539182,,,2026-09-04T23:59:36.834652Z
b7c12ddd-58a5-4be7-afc2-87049ff9c5c1,run1_rep2,A,CLOSED,CLOSED,request,PROVIDER,N/A,,482.0783750001283,INFO,adaptador.request,true,exitoso,,,9073.730268682,9073.248190307,,,2026-09-04T23:59:36.926354Z
4bfc8a19-2fd9-4726-8616-95fa28eb0192,run1_rep2,A,CLOSED,CLOSED,request,PROVIDER,N/A,,578.8598340004683,INFO,adaptador.request,true,exitoso,,,9073.833095182,9073.254235348,,,2026-09-04T23:59:37.029187Z
13e0e613-11b8-4a9a-b980-0713f94be5ef,run1_rep2,A,CLOSED,CLOSED,request,PROVIDER,N/A,,597.438876000524,INFO,adaptador.request,true,exitoso,,,9073.921158224,9073.323719348,,,2026-09-04T23:59:37.117239Z
a186f6f5-59d0-469e-9a18-4d681e3ff1b5,run1_rep2,A,CLOSED,CLOSED,request,PROVIDER,N/A,,599.7874580007192,INFO,adaptador.request,true,exitoso,,,9073.990477515,9073.390690057,,,2026-09-04T23:59:37.186572Z
c4c0ef89-c7b4-4a0e-92f1-efb369858773,run1_rep2,A,CLOSED,CLOSED,request,PROVIDER,N/A,,526.4657919997262,INFO,adaptador.request,true,exitoso,,,9074.054781765,9073.528315973,,,2026-09-04T23:59:37.250889Z
71c6579d-8d96-4913-a58e-280cb7a74d55,run1_rep2,A,CLOSED,CLOSED,request,PROVIDER,N/A,,579.2900420001388,INFO,adaptador.request,true,exitoso,,,9074.15948564,9073.580195598,,,2026-09-04T23:59:37.355529Z
d84cb72a-3b52-464c-8285-1444ea1e10e4,run1_rep2,A,CLOSED,CLOSED,request,PROVIDER,N/A,,576.5899590005574,INFO,adaptador.request,true,exitoso,,,9074.216265182,9073.639675223,,,2026-09-04T23:59:37.412291Z
a8e8292f-87a1-48ab-ac84-35ea70728443,run1_rep2,A,CLOSED,CLOSED,request,PROVIDER,N/A,,633.8851669988799,INFO,adaptador.request,true,exitoso,,,9074.278075265,9073.644190098,,,2026-09-04T23:59:37.474110Z
82b2c31c-3e28-4b6d-9f23-39f319c7c41e,run1_rep2,A,CLOSED,CLOSED,request,PROVIDER,N/A,,408.01774999999907,INFO,adaptador.request,true,exitoso,,,9074.377751765,9073.969734015,,,2026-09-04T23:59:37.573817Z
979b67f4-ad58-4bac-8e68-57802afe337e,run1_rep2,A,CLOSED,CLOSED,request,PROVIDER,N/A,,462.2952499994426,INFO,adaptador.request,true,exitoso,,,9074.479874015,9074.017578765,,,2026-09-04T23:59:37.675954Z
2408dc93-bf54-46a4-af93-0633aeacf271,run1_rep2,A,CLOSED,CLOSED,request,PROVIDER,N/A,,443.4572500013019,INFO,adaptador.request,true,exitoso,,,9074.556081057,9074.112623807,,,2026-09-04T23:59:37.752156Z
94fc52e1-fe46-4b0b-8767-446fd583b897,run1_rep2,A,CLOSED,CLOSED,request,PROVIDER,N/A,,445.4704170002515,INFO,adaptador.request,true,exitoso,,,9074.609903224,9074.164432807,,,2026-09-04T23:59:37.806067Z
8ae1c389-c3b1-4bba-b69d-a3a3d79ba328,run1_rep2,A,CLOSED,CLOSED,request,PROVIDER,N/A,,449.1091670006426,INFO,adaptador.request,true,exitoso,,,9074.673230224,9074.224121057,,,2026-09-04T23:59:37.869309Z
320d0d97-87f3-4119-b841-dbde1d85c0ee,run1_rep2,A,CLOSED,CLOSED,request,PROVIDER,N/A,,499.423334000312,INFO,adaptador.request,true,exitoso,,,9074.733722141,9074.234298807,,,2026-09-04T23:59:37.929813Z
2c428d14-7538-44f7-bdc6-91bd47b49d2f,run1_rep2,A,CLOSED,CLOSED,request,PROVIDER,N/A,,422.4535419998574,INFO,adaptador.request,true,exitoso,,,9074.794566266,9074.372112724,,,2026-09-04T23:59:37.990633Z
b99583db-d4ee-4f01-bede-0fbea311c00d,run1_rep2,A,CLOSED,CLOSED,request,PROVIDER,N/A,,440.71275100031926,INFO,adaptador.request,true,exitoso,,,9074.893889266,9074.453176515,,,2026-09-04T23:59:38.089988Z
3e11ca1e-b253-464e-a245-632b39e0cf5f,run1_rep2,A,CLOSED,CLOSED,request,PROVIDER,N/A,,458.702625001024,INFO,adaptador.request,true,exitoso,,,9074.987815057,9074.529112432,,,2026-09-04T23:59:38.183924Z
88fa1afc-3d20-4643-aa50-98345725f8d4,run1_rep2,A,CLOSED,CLOSED,request,PROVIDER,N/A,,515.2107079993584,INFO,adaptador.request,true,exitoso,,,9075.069382349,9074.554171641,,,2026-09-04T23:59:38.265452Z
f63a2386-a0f3-4740-9094-7b3b7693e071,run1_rep2,A,CLOSED,CLOSED,request,PROVIDER,N/A,,446.64866700077255,INFO,adaptador.request,true,exitoso,,,9075.145455849,9074.698807182,,,2026-09-04T23:59:38.341564Z
d2238e2e-04af-465a-a640-c7142da819df,run1_rep2,A,CLOSED,CLOSED,request,PROVIDER,N/A,,459.130457998981,INFO,adaptador.request,true,exitoso,,,9075.212273599,9074.753143141,,,2026-09-04T23:59:38.408348Z
c3f08137-5621-4d2e-b5fe-46badd053e15,run1_rep2,A,CLOSED,CLOSED,request,PROVIDER,N/A,,486.07320899827755,INFO,adaptador.request,true,exitoso,,,9075.278382808,9074.792309599,,,2026-09-04T23:59:38.474461Z
1c034182-99e4-48ad-a0b4-159646b4636a,run1_rep2,A,CLOSED,CLOSED,request,PROVIDER,N/A,,485.9718759998941,INFO,adaptador.request,true,exitoso,,,9075.373479183,9074.887507307,,,2026-09-04T23:59:38.569559Z
186e04f9-3fa0-42bd-a3ed-589f3bf67529,run1_rep2,A,CLOSED,CLOSED,request,PROVIDER,N/A,,523.4984590006206,INFO,adaptador.request,true,exitoso,,,9075.434413183,9074.910914724,,,2026-09-04T23:59:38.630472Z
9cd71a98-3b8a-4828-9aad-787f1cb26d36,run1_rep2,A,CLOSED,CLOSED,request,PROVIDER,N/A,,589.8536250006146,INFO,adaptador.request,true,exitoso,,,9075.538054099,9074.948200474,,,2026-09-04T23:59:38.734127Z
98fb036a-5492-4669-8a18-7d9dfd41b14d,run1_rep2,A,CLOSED,CLOSED,request,PROVIDER,N/A,,618.3569589993567,INFO,adaptador.request,true,exitoso,,,9075.609730141,9074.991373182,,,2026-09-04T23:59:38.805805Z
5f1f4502-e508-4759-9397-cf87648c41ec,run1_rep2,A,CLOSED,CLOSED,request,PROVIDER,N/A,,316.2762499996461,INFO,adaptador.request,true,exitoso,,,9075.715904558,9075.399628308,,,2026-09-04T23:59:38.912068Z
094e70fa-c660-482a-8ada-949b77b9c92f,run1_rep2,A,CLOSED,CLOSED,request,PROVIDER,N/A,,362.5072920003731,INFO,adaptador.request,true,exitoso,,,9075.796160933,9075.433653641,,,2026-09-04T23:59:38.992233Z
90ed50df-bd4b-43b6-b0f6-6a679e6affc1,run1_rep2,A,CLOSED,CLOSED,request,PROVIDER,N/A,,402.4634170000354,INFO,adaptador.request,true,exitoso,,,9075.898460308,9075.495996891,,,2026-09-04T23:59:39.094535Z
d8f7ddda-c888-4124-82b4-cf5b1b14ed7b,run1_rep2,A,CLOSED,CLOSED,request,PROVIDER,N/A,,453.83091700023215,INFO,adaptador.request,true,exitoso,,,9075.963531975,9075.509701058,,,2026-09-04T23:59:39.159603Z
63b4ff92-fec6-43b7-907e-a63ffb85ca06,run1_rep2,A,CLOSED,CLOSED,request,PROVIDER,N/A,,485.41120900154056,INFO,adaptador.request,true,exitoso,,,9076.024794475,9075.539383266,,,2026-09-04T23:59:39.220875Z
c6c56d5b-9154-4230-bb7c-de6760dd0bdf,run1_rep2,A,CLOSED,CLOSED,request,PROVIDER,N/A,,367.12995800007775,INFO,adaptador.request,true,exitoso,,,9076.097257266,9075.730127308,,,2026-09-04T23:59:39.293326Z
4b6be1b0-adfd-4dc3-a875-ee10ebff9042,run1_rep2,A,CLOSED,CLOSED,request,PROVIDER,N/A,,432.06875000032596,INFO,adaptador.request,true,exitoso,,,9076.205812558,9075.773743808,,,2026-09-04T23:59:39.401894Z
a4328e29-76d8-4b48-b857-87c7d74883fa,run1_rep2,A,CLOSED,CLOSED,request,PROVIDER,N/A,,414.51495900037116,INFO,adaptador.request,true,exitoso,,,9076.27358485,9075.859069891,,,2026-09-04T23:59:39.469675Z
a4156d7d-85b3-4c00-89f7-728388451efb,run1_rep2,A,CLOSED,CLOSED,request,PROVIDER,N/A,,482.6429580007243,INFO,adaptador.request,true,exitoso,,,9076.378871266,9075.896228308,,,2026-09-04T23:59:39.574998Z
1ea80379-9c95-44eb-8bf0-26b269afb9c0,run1_rep2,A,CLOSED,CLOSED,request,PROVIDER,N/A,,568.9195000013569,INFO,adaptador.request,true,exitoso,,,9076.465582975,9075.896663475,,,2026-09-04T23:59:39.661711Z
b24038ac-5332-4feb-9879-ffc2cdca1e23,run1_rep2,A,CLOSED,CLOSED,request,PROVIDER,N/A,,649.9837909996131,INFO,adaptador.request,true,exitoso,,,9076.559253141,9075.90926935,,,2026-09-04T23:59:39.755318Z
dada45da-cdb9-43cd-bcbc-974443448210,run1_rep2,A,CLOSED,CLOSED,request,PROVIDER,N/A,,617.3290000006091,INFO,adaptador.request,true,exitoso,,,9076.667078225,9076.049749225,,,2026-09-04T23:59:39.863145Z
161eed7c-0216-447f-8609-490c38ecd10d,run1_rep2,A,CLOSED,CLOSED,request,PROVIDER,N/A,,627.0468330003496,INFO,adaptador.request,true,exitoso,,,9076.725454808,9076.098407975,,,2026-09-04T23:59:39.921516Z
96c6ebb4-6879-4b3b-a218-87b83e87109a,run1_rep2,A,CLOSED,CLOSED,request,PROVIDER,N/A,,624.8386669994943,INFO,adaptador.request,true,exitoso,,,9076.796353392,9076.171514725,,,2026-09-04T23:59:39.992430Z
d0f3436e-942c-4f5b-9389-56309f547e79,run1_rep2,A,CLOSED,CLOSED,request,PROVIDER,N/A,,661.2419590001082,INFO,adaptador.request,true,exitoso,,,9076.892924225,9076.231682266,,,2026-09-04T23:59:40.089012Z
8533f3c9-5385-4281-8f03-48f896b17a07,run1_rep2,A,CLOSED,CLOSED,request,PROVIDER,N/A,,641.8108760008181,INFO,adaptador.request,true,exitoso,,,9076.971477142,9076.329666266,,,2026-09-04T23:59:40.167547Z
167b2fe6-cc00-4eec-87ec-40d88e71b5db,run1_rep2,A,CLOSED,CLOSED,request,PROVIDER,N/A,,496.7374590014515,INFO,adaptador.request,true,exitoso,,,9077.064234642,9076.567497183,,,2026-09-04T23:59:40.260317Z
c5a1791f-7334-42c0-b346-1d88ae7af8bb,run1_rep2,A,CLOSED,CLOSED,request,PROVIDER,N/A,,448.63516700024775,INFO,adaptador.request,true,exitoso,,,9077.1724806,9076.723845433,,,2026-09-04T23:59:40.368552Z
af9d8613-e53a-4fbc-b12a-c7b0da379e08,run1_rep2,A,CLOSED,CLOSED,request,PROVIDER,N/A,,486.5147499986051,INFO,adaptador.request,true,exitoso,,,9077.258363058,9076.771848308,,,2026-09-04T23:59:40.454437Z
14ed247d-eb77-48da-9b42-ff4c3eaa0741,run1_rep2,A,CLOSED,CLOSED,request,PROVIDER,N/A,,524.5453339994128,INFO,adaptador.request,true,exitoso,,,9077.321429767,9076.796884433,,,2026-09-04T23:59:40.517561Z
9326c5e7-9e99-4abe-813c-2ae9db849121,run1_rep2,A,CLOSED,CLOSED,request,PROVIDER,N/A,,550.4957920002198,INFO,adaptador.request,true,exitoso,,,9077.411913267,9076.861417475,,,2026-09-04T23:59:40.608066Z
774f6e7a-71c7-43bd-bee7-a30edf8fa571,run1_rep2,A,CLOSED,CLOSED,request,PROVIDER,N/A,,500.44550100028573,INFO,adaptador.request,true,exitoso,,,9077.471356684,9076.970911183,,,2026-09-04T23:59:40.667473Z
3cca029f-e1a3-4fcd-b939-9918f79b22a4,run1_rep2,A,CLOSED,CLOSED,request,PROVIDER,N/A,,493.5288329998002,INFO,adaptador.request,true,exitoso,,,9077.530720475,9077.037191642,,,2026-09-04T23:59:40.726792Z
c589b462-e849-44d8-840d-8b3a831bcac7,run1_rep2,A,CLOSED,CLOSED,request,PROVIDER,N/A,,460.1461249985732,INFO,adaptador.request,true,exitoso,,,9077.595622767,9077.135476642,,,2026-09-04T23:59:40.791707Z
e3497195-a173-4617-942d-854771609258,run1_rep2,A,CLOSED,CLOSED,request,PROVIDER,N/A,,418.02245899998525,INFO,adaptador.request,true,exitoso,,,9077.677200267,9077.259177808,,,2026-09-04T23:59:40.873264Z
27d1c4a8-1270-4052-a0dc-0783a37df259,run1_rep2,A,CLOSED,CLOSED,request,PROVIDER,N/A,,495.1187080005184,INFO,adaptador.request,true,exitoso,,,9077.76975985,9077.274641142,,,2026-09-04T23:59:40.965847Z
678ac098-389f-4cd6-88ef-caa0e653de8d,run1_rep2,A,CLOSED,CLOSED,request,PROVIDER,N/A,,593.9762920006615,INFO,adaptador.request,true,exitoso,,,9077.875696059,9077.281719767,,,2026-09-04T23:59:41.071793Z
d768372a-4a7c-4a12-b5ce-9d24f20544ad,run1_rep2,A,CLOSED,CLOSED,request,PROVIDER,N/A,,454.2596249993949,INFO,adaptador.request,true,exitoso,,,9077.9613546,9077.507094975,,,2026-09-04T23:59:41.157434Z
2eb1b1f4-442a-4dc5-a1aa-fce4d54bea2a,run1_rep2,A,CLOSED,CLOSED,request,PROVIDER,N/A,,395.5124579988478,INFO,adaptador.request,true,exitoso,,,9078.056326892,9077.660814434,,,2026-09-04T23:59:41.252472Z
3b408e98-6e8d-4f52-a5c4-b0b3d31c0bdb,run1_rep2,A,CLOSED,CLOSED,request,PROVIDER,N/A,,476.7568339993886,INFO,adaptador.request,true,exitoso,,,9078.163406851,9077.686650017,,,2026-09-04T23:59:41.359477Z
4bf16478-48f2-477b-a8f1-7f4c2c8748ee,run1_rep2,A,CLOSED,CLOSED,request,PROVIDER,N/A,,542.1312090002175,INFO,adaptador.request,true,exitoso,,,9078.249396226,9077.707265017,,,2026-09-04T23:59:41.445535Z
ea245888-21a7-4ef8-b557-66df46b4bb2d,run1_rep2,A,CLOSED,CLOSED,request,PROVIDER,N/A,,560.1895830004651,INFO,adaptador.request,true,exitoso,,,9078.348125267,9077.787935684,,,2026-09-04T23:59:41.544211Z
ac179a6f-341b-4ed4-9e9b-6b2f88e9aa1e,run1_rep2,A,CLOSED,CLOSED,request,PROVIDER,N/A,,585.5012080010056,INFO,adaptador.request,true,exitoso,,,9078.403536767,9077.818035559,,,2026-09-04T23:59:41.599610Z
7f223ac8-af75-472a-b20e-3dba01cccf63,run1_rep2,A,CLOSED,CLOSED,request,PROVIDER,N/A,,609.3872500005091,INFO,adaptador.request,true,exitoso,,,9078.466454059,9077.857066809,,,2026-09-04T23:59:41.662563Z
554f7cf9-3395-42bd-8747-4406849b832c,run1_rep2,A,CLOSED,CLOSED,request,PROVIDER,N/A,,701.5890419988864,INFO,adaptador.request,true,exitoso,,,9078.564542642,9077.8629536,,,2026-09-04T23:59:41.760637Z
b6d7df76-0cde-4eff-9280-336e5d8397d6,run1_rep2,A,CLOSED,CLOSED,request,PROVIDER,N/A,,590.8386659993994,INFO,adaptador.request,true,exitoso,,,9078.655698642,9078.064859976,,,2026-09-04T23:59:41.851777Z
d29c2169-a89d-4bd6-92b6-a9fe33289d56,run1_rep2,A,CLOSED,CLOSED,request,PROVIDER,N/A,,609.7205420010141,INFO,adaptador.request,true,exitoso,,,9078.735202768,9078.125482226,,,2026-09-04T23:59:41.931283Z
d1ec41c0-afc4-4296-9c90-cc5d5965959f,run1_rep2,A,CLOSED,CLOSED,request,PROVIDER,N/A,,505.52345899996,INFO,adaptador.request,true,exitoso,,,9078.809669351,9078.304145892,,,2026-09-04T23:59:42.005810Z
229dff2a-e821-4239-8b53-6f7b02bf00c3,run1_rep2,A,CLOSED,CLOSED,request,PROVIDER,N/A,,597.0161669993104,INFO,adaptador.request,true,exitoso,,,9078.903276684,9078.306260517,,,2026-09-04T23:59:42.099385Z
5773492c-11c0-4243-aa9c-86c3080de2d5,run1_rep2,A,CLOSED,CLOSED,request,PROVIDER,N/A,,547.628917000111,INFO,adaptador.request,true,exitoso,,,9078.983965476,9078.436336559,,,2026-09-04T23:59:42.180067Z
aeabbf13-60f2-49e4-bf7e-14bc384daeda,run1_rep2,A,CLOSED,CLOSED,request,PROVIDER,N/A,,512.676125001235,INFO,adaptador.request,true,exitoso,,,9079.071291476,9078.558615351,,,2026-09-04T23:59:42.267385Z
f0c31a4a-bf2a-4d8e-aef5-ea1374b72a66,run1_rep2,A,CLOSED,CLOSED,request,PROVIDER,N/A,,557.8803759999573,INFO,adaptador.request,true,exitoso,,,9079.134619268,9078.576738892,,,2026-09-04T23:59:42.330760Z
2afcba07-2d97-47ae-8533-5f098328505f,run1_rep2,A,CLOSED,CLOSED,request,PROVIDER,N/A,,535.2263340009813,INFO,adaptador.request,true,exitoso,,,9079.213379143,9078.678152809,,,2026-09-04T23:59:42.409457Z
5e48f4a8-c53d-4d42-a2a4-02b908e4bc23,run1_rep2,A,CLOSED,CLOSED,request,PROVIDER,N/A,,557.4156660004519,INFO,adaptador.request,true,exitoso,,,9079.276771184,9078.719355518,,,2026-09-04T23:59:42.472824Z
eda42bfa-7240-495a-93c7-f7766dc772bd,run1_rep2,A,CLOSED,CLOSED,request,PROVIDER,N/A,,550.7488339990232,INFO,adaptador.request,true,exitoso,,,9079.365250518,9078.814501684,,,2026-09-04T23:59:42.561328Z
a9a56023-4ed9-442c-8185-1194089874ee,run1_rep2,A,CLOSED,CLOSED,request,PROVIDER,N/A,,582.3174999986804,INFO,adaptador.request,true,exitoso,,,9079.469275893,9078.886958393,,,2026-09-04T23:59:42.665359Z
dc88680e-ec59-4d63-96ca-a5cb78091e60,run1_rep2,A,CLOSED,CLOSED,request,PROVIDER,N/A,,590.0183339999785,INFO,adaptador.request,true,exitoso,,,9079.569149935,9078.979131601,,,2026-09-04T23:59:42.765227Z
e183231a-f20a-4eb6-8e9a-a8d579fdfdf5,run1_rep2,A,CLOSED,CLOSED,request,PROVIDER,N/A,,565.4875000000175,INFO,adaptador.request,true,exitoso,,,9079.647914268,9079.082426768,,,2026-09-04T23:59:42.843998Z
6a598bb4-d7ec-4381-96bb-5f949d3c3860,run1_rep2,A,CLOSED,CLOSED,request,PROVIDER,N/A,,472.74566699888965,INFO,adaptador.request,true,exitoso,,,9079.746469643,9079.273723976,,,2026-09-04T23:59:42.942525Z
cdd58999-eddf-41c3-a7af-a51c0c0fcb2a,run1_rep2,A,CLOSED,CLOSED,request,PROVIDER,N/A,,535.3937509989919,INFO,adaptador.request,true,exitoso,,,9079.815813935,9079.280420184,,,2026-09-04T23:59:43.011882Z
73b7d802-c05a-4ea8-a80a-6ee07b95c805,run1_rep2,A,CLOSED,CLOSED,request,PROVIDER,N/A,,463.5094579989527,INFO,adaptador.request,true,exitoso,,,9079.908697518,9079.44518806,,,2026-09-04T23:59:43.104724Z
615e1bdb-8e10-4d3d-96f1-7e442528105a,run1_rep2,A,CLOSED,CLOSED,request,PROVIDER,N/A,,480.2397080002265,INFO,adaptador.request,true,exitoso,,,9079.977567643,9079.497327935,,,2026-09-04T23:59:43.173609Z
c1577ed6-c57b-4790-b782-c4e7ae7bb91c,run1_rep2,A,CLOSED,CLOSED,request,PROVIDER,N/A,,501.8958749988087,INFO,adaptador.request,true,exitoso,,,9080.050296643,9079.548400768,,,2026-09-04T23:59:43.246364Z
1be4e209-6893-4457-bea3-0660715a39e0,run1_rep2,A,CLOSED,CLOSED,request,PROVIDER,N/A,,518.0164590001368,INFO,adaptador.request,true,exitoso,,,9080.113836477,9079.595820018,,,2026-09-04T23:59:43.309905Z
1490d320-095e-4561-b367-3378f573278f,run1_rep2,A,CLOSED,CLOSED,request,PROVIDER,N/A,,586.6195420003351,INFO,adaptador.request,true,exitoso,,,9080.193769685,9079.607150143,,,2026-09-04T23:59:43.389866Z
4b9bb316-1656-4ebb-912b-a92f0e684b38,run1_rep2,A,CLOSED,CLOSED,request,PROVIDER,N/A,,547.284625001339,INFO,adaptador.request,true,exitoso,,,9080.263277018,9079.715992393,,,2026-09-04T23:59:43.459405Z
3c368e44-7d7e-4949-9a1c-fa16159b827b,run1_rep2,A,CLOSED,CLOSED,request,PROVIDER,N/A,,546.3959589997103,INFO,adaptador.request,true,exitoso,,,9080.33723331,9079.790837351,,,2026-09-04T23:59:43.533310Z
c5b920ba-3165-4948-9885-ab9c779e3846,run1_rep2,A,CLOSED,CLOSED,request,PROVIDER,N/A,,471.0552509986883,INFO,adaptador.request,true,exitoso,,,9080.413873602,9079.942818351,,,2026-09-04T23:59:43.609957Z
98d58385-19a3-44b6-8ad3-bed7ad64a057,run1_rep2,A,CLOSED,CLOSED,request,PROVIDER,N/A,,425.59895800150116,INFO,adaptador.request,true,exitoso,,,9080.521521643,9080.095922685,,,2026-09-04T23:59:43.717616Z
376c06d4-c1a1-4bbc-9632-7d2731738847,run1_rep2,A,CLOSED,CLOSED,request,PROVIDER,N/A,,434.5592499994382,INFO,adaptador.request,true,exitoso,,,9080.579679352,9080.145120102,,,2026-09-04T23:59:43.775796Z
349fca8f-578d-4791-90ee-b2db462546fb,run1_rep2,A,CLOSED,CLOSED,request,PROVIDER,N/A,,450.7205829995655,INFO,adaptador.request,true,exitoso,,,9080.648189143,9080.19746856,,,2026-09-04T23:59:43.844243Z
b4df26e6-f6cb-4c67-b348-4f348ab13bd1,run1_rep2,A,CLOSED,CLOSED,request,PROVIDER,N/A,,552.7869170000486,INFO,adaptador.request,true,exitoso,,,9080.75381206,9080.201025143,,,2026-09-04T23:59:43.949955Z
2cf92578-8aaf-485e-9c8d-b3002a0be02e,run1_rep2,A,CLOSED,CLOSED,request,PROVIDER,N/A,,548.3374579998781,INFO,adaptador.request,true,exitoso,,,9080.840593435,9080.292255977,,,2026-09-04T23:59:44.036683Z
034eceae-32d2-469a-842e-9990147616ba,run1_rep2,A,CLOSED,CLOSED,request,PROVIDER,N/A,,431.7907919994468,INFO,adaptador.request,true,exitoso,,,9080.902188769,9080.470397977,,,2026-09-04T23:59:44.098255Z
4d966d72-5b4e-41e9-812e-9c64e7847bcb,run1_rep2,A,CLOSED,CLOSED,request,PROVIDER,N/A,,535.5004579996603,INFO,adaptador.request,true,exitoso,,,9081.009279185,9080.473778727,,,2026-09-04T23:59:44.205362Z
5907a54b-dc7e-4711-8325-2507edcdeae4,run1_rep2,A,CLOSED,CLOSED,request,PROVIDER,N/A,,555.6237919990963,INFO,adaptador.request,true,exitoso,,,9081.112027227,9080.556403435,,,2026-09-04T23:59:44.308112Z
f5a51c66-a3a7-411e-a0f2-9df3315ac3b9,run1_rep2,A,CLOSED,CLOSED,request,PROVIDER,N/A,,620.9335830008058,INFO,adaptador.request,true,exitoso,,,9081.206069185,9080.585135602,,,2026-09-04T23:59:44.402210Z
399f5d49-4499-4321-9d8f-f2ec4db3e518,run1_rep2,A,CLOSED,CLOSED,request,PROVIDER,N/A,,568.5269170007814,INFO,adaptador.request,true,exitoso,,,9081.292751727,9080.72422481,,,2026-09-04T23:59:44.488830Z
636ac26d-d7b0-4132-86e5-2ee61c2e89a8,run1_rep2,A,CLOSED,CLOSED,request,PROVIDER,N/A,,560.3459579997434,INFO,adaptador.request,true,exitoso,,,9081.354144935,9080.793798977,,,2026-09-04T23:59:44.550232Z
91877d99-93ef-4c42-bb20-49b072dfe5fb,run1_rep2,A,CLOSED,CLOSED,request,PROVIDER,N/A,,564.6324999997887,INFO,adaptador.request,true,exitoso,,,9081.444735685,9080.880103185,,,2026-09-04T23:59:44.640816Z
2d7ddb3b-edde-44fb-8bc3-76779125e783,run1_rep2,A,CLOSED,CLOSED,request,PROVIDER,N/A,,603.5017500016693,INFO,adaptador.request,true,exitoso,,,9081.535393227,9080.931891477,,,2026-09-04T23:59:44.731473Z
6f5dcff7-1194-45f2-8aff-aa977aed7cd5,run1_rep2,A,CLOSED,CLOSED,request,PROVIDER,N/A,,653.9310829994065,INFO,adaptador.request,true,exitoso,,,9081.607981602,9080.954050519,,,2026-09-04T23:59:44.804067Z
4a920c69-95bf-4260-91dd-1c2d2583c7f3,run1_rep2,A,CLOSED,CLOSED,request,PROVIDER,N/A,,639.5847919993685,INFO,adaptador.request,true,exitoso,,,9081.691013352,9081.05142856,,,2026-09-04T23:59:44.887110Z
1b13b87d-f1b9-43e3-a5c3-b619016cf51a,run1_rep2,A,CLOSED,CLOSED,request,PROVIDER,N/A,,640.034709000247,INFO,adaptador.request,true,exitoso,,,9081.777351186,9081.137316477,,,2026-09-04T23:59:44.973423Z
b6ad1959-d305-4b3b-a6fe-9bb14d943334,run1_rep2,A,CLOSED,CLOSED,request,PROVIDER,N/A,,518.3639999995648,INFO,adaptador.request,true,exitoso,,,9081.866736019,9081.348372019,,,2026-09-04T23:59:45.062812Z
9ccaa969-f04b-4be4-a91b-3c6f006503e9,run1_rep2,A,CLOSED,CLOSED,request,PROVIDER,N/A,,518.4275840001646,INFO,adaptador.request,true,exitoso,,,9081.952011811,9081.433584227,,,2026-09-04T23:59:45.148055Z
7827acb6-5f66-493e-8f5b-88bb4eb3e385,run1_rep2,A,CLOSED,CLOSED,request,PROVIDER,N/A,,596.6150420008489,INFO,adaptador.request,true,exitoso,,,9082.032752769,9081.436137727,,,2026-09-04T23:59:45.228777Z
0ded3614-cfb0-42f7-8a9f-ccd1aa6cb279,run1_rep2,A,CLOSED,CLOSED,request,PROVIDER,N/A,,601.802791999944,INFO,adaptador.request,true,exitoso,,,9082.134541519,9081.532738727,,,2026-09-04T23:59:45.330613Z
f6dc2bb6-462c-4587-b156-e77540eff242,run1_rep2,A,CLOSED,CLOSED,request,PROVIDER,N/A,,547.6240000007238,INFO,adaptador.request,true,exitoso,,,9082.229849936,9081.682225936,,,2026-09-04T23:59:45.425930Z
1555d475-a5cc-40f2-81a6-64f1e24fcf18,run1_rep2,A,CLOSED,CLOSED,request,PROVIDER,N/A,,588.1791259998863,INFO,adaptador.request,true,exitoso,,,9082.297355853,9081.709176727,,,2026-09-04T23:59:45.493492Z
195166ac-eb6d-4cbb-ad63-2b550fc483d5,run1_rep2,A,CLOSED,CLOSED,request,PROVIDER,N/A,,448.80933399872447,INFO,adaptador.request,true,exitoso,,,9082.401401561,9081.952592227,,,2026-09-04T23:59:45.597494Z
2953723c-7199-4908-9654-1f27a42eb3d8,run1_rep2,A,CLOSED,CLOSED,request,PROVIDER,N/A,,490.30470799880277,INFO,adaptador.request,true,exitoso,,,9082.459224269,9081.968919561,,,2026-09-04T23:59:45.655297Z
5f30bf85-7a05-408b-a408-623ce0888e36,run1_rep2,A,CLOSED,CLOSED,request,PROVIDER,N/A,,551.8109170006937,INFO,adaptador.request,true,exitoso,,,9082.520933186,9081.969122269,,,2026-09-04T23:59:45.717077Z
766d4bbc-efa3-4df0-a1e0-6937da8387ff,run1_rep2,A,CLOSED,CLOSED,request,PROVIDER,N/A,,466.21529199910583,INFO,adaptador.request,true,exitoso,,,9082.610665769,9082.144450477,,,2026-09-04T23:59:45.806739Z
58f2f76a-6eda-4dc9-93db-6e6a361aeb77,run1_rep2,A,CLOSED,CLOSED,request,PROVIDER,N/A,,500.54029200146033,INFO,adaptador.request,true,exitoso,,,9082.671206061,9082.170665769,,,2026-09-04T23:59:45.867353Z
659c96b9-5f15-4e1d-84e8-3c922e044dc3,run1_rep2,A,CLOSED,CLOSED,request,PROVIDER,N/A,,583.5760840000148,INFO,adaptador.request,true,exitoso,,,9082.765983561,9082.182407477,,,2026-09-04T23:59:45.962086Z
bf74e8b0-465a-47a8-914d-a025c1cda6aa,run1_rep2,A,CLOSED,CLOSED,request,PROVIDER,N/A,,644.9100840000028,INFO,adaptador.request,true,exitoso,,,9082.851857853,9082.206947769,,,2026-09-04T23:59:46.047875Z
734c9f01-9259-46e5-8d0a-93c67e4345e4,run1_rep2,A,CLOSED,CLOSED,request,PROVIDER,N/A,,412.03629199844727,INFO,adaptador.request,true,exitoso,,,9082.91851502,9082.506478728,,,2026-09-04T23:59:46.114539Z
c228e716-97c0-4e16-9765-d2d332f57ee9,run1_rep2,A,CLOSED,CLOSED,request,PROVIDER,N/A,,458.1151250004041,INFO,adaptador.request,true,exitoso,,,9082.982569853,9082.524454728,,,2026-09-04T23:59:46.178584Z
a4b49404-4605-43e9-a457-a2fb69cb08a2,run1_rep2,A,CLOSED,CLOSED,request,PROVIDER,N/A,,476.8712080003752,INFO,adaptador.request,true,exitoso,,,9083.065992061,9082.589120853,,,2026-09-04T23:59:46.262050Z
69f4eaa7-154e-48e2-a11f-62203a77d61c,run1_rep2,A,CLOSED,CLOSED,request,PROVIDER,N/A,,569.1622510003072,INFO,adaptador.request,true,exitoso,,,9083.16421752,9082.595055269,,,2026-09-04T23:59:46.360290Z
