request_id,ejecucion_id,escenario,estado_circuito_fin,estado_circuito_inicio,event_type,fuente_respuesta,hit_miss,latencia_proveedor_ms,latencia_total_ms,level,logger,proveedor_invocado,resultado,tiempo_conmutacion_ms,timestamp_deteccion,timestamp_fin,timestamp_inicio,timestamp_respuesta_cache,tipo_error,ts_wall
fd8bb939-3e99-406f-b6b8-c42431ed8500,run1_rep1,B,CLOSED,CLOSED,request,PROVIDER,N/A,,61.46012499993958,INFO,adaptador.request,true,exitoso,,,9161.222947597,9161.161487472,,,2026-09-05T00:01:04.419975Z
8b82db3c-dd06-4fc7-8ff1-e60185e602fd,run1_rep1,B,CLOSED,CLOSED,request,PROVIDER,N/A,,147.95333400070376,INFO,adaptador.request,true,exitoso,,,9161.310182847,9161.162229513,,,2026-09-05T00:01:04.507133Z
7463056f-b64e-4909-a977-ba75daa3c203,run1_rep1,B,CLOSED,CLOSED,request,PROVIDER,N/A,,108.54404200108547,INFO,adaptador.request,true,exitoso,,,9161.63725793,9161.528713888,,,2026-09-05T00:01:04.834273Z
65d56114-7711-469d-a09a-cca601804d2f,run1_rep1,B,CLOSED,CLOSED,request,PROVIDER,N/A,,88.84458300053666,INFO,adaptador.request,true,exitoso,,,9161.847290972,9161.758446389,,,2026-09-05T00:01:05.044345Z
9dde2730-ba12-4a6f-938a-9ec53b48ac25,run1_rep1,B,CLOSED,CLOSED,request,PROVIDER,N/A,,81.84429199900478,INFO,adaptador.request,true,exitoso,,,9161.939233722,9161.85738943,,,2026-09-05T00:01:05.136196Z
1387ee14-2a8f-49a9-93b5-8a89a1ec5ad4,run1_rep1,B,CLOSED,CLOSED,request,PROVIDER,N/A,,104.36220799965668,INFO,adaptador.request,true,exitoso,,,9162.14749643,9162.043134222,,,2026-09-05T00:01:05.344496Z
9210f820-b7f0-4fd6-bb04-3a1789fe555b,run1_rep1,B,CLOSED,CLOSED,request,PROVIDER,N/A,,61.03400000029069,INFO,adaptador.request,true,exitoso,,,9162.39265143,9162.33161743,,,2026-09-05T00:01:05.589695Z
840b07b1-142e-4f16-a3f8-c3532485b911,run1_rep1,B,CLOSED,CLOSED,request,PROVIDER,N/A,,94.2681669985177,INFO,adaptador.request,true,exitoso,,,9162.459910847,9162.36564268,,,2026-09-05T00:01:05.657016Z
1868ffbb-83ac-49f0-adc4-bd68ae80c898,run1_rep1,B,CLOSED,CLOSED,request,PROVIDER,N/A,,104.58112500054995,INFO,adaptador.request,true,exitoso,,,9162.741027264,9162.636446139,,,2026-09-05T00:01:05.938029Z
a919b761-716f-4dd1-97af-8b51b119b629,run1_rep1,B,CLOSED,CLOSED,request,PROVIDER,N/A,,194.86958299967228,INFO,adaptador.request,true,exitoso,,,9162.832393347,9162.637523764,,,2026-09-05T00:01:06.029449Z
24dde3ef-33c5-4922-ad0c-967134461d1a,run1_rep1,B,CLOSED,CLOSED,request,PROVIDER,N/A,,100.40329100047529,INFO,adaptador.request,true,exitoso,,,9163.004433222,9162.904029931,,,2026-09-05T00:01:06.201434Z
c9cc82a6-16f7-4798-a97e-da6a872af9e7,run1_rep1,B,CLOSED,CLOSED,request,PROVIDER,N/A,,82.32112499899813,INFO,adaptador.request,true,exitoso,,,9163.253288098,9163.170966973,,,2026-09-05T00:01:06.450278Z
d45a7bec-e3ca-4777-8cb9-4c9b9d93e761,run1_rep1,B,CLOSED,CLOSED,request,PROVIDER,N/A,,83.2873750005092,INFO,adaptador.request,true,exitoso,,,9163.322892348,9163.239604973,,,2026-09-05T00:01:06.519879Z
ed29f5d4-e09b-492f-bfad-eda690e6d80a,run1_rep1,B,CLOSED,CLOSED,request,PROVIDER,N/A,,101.014457999554,INFO,adaptador.request,true,exitoso,,,9163.629135889,9163.528121431,,,2026-09-05T00:01:06.826147Z
b495642a-f3ce-4bc3-b1d5-c6b7c39b75de,run1_rep1,B,CLOSED,CLOSED,request,PROVIDER,N/A,,145.40095800111885,INFO,adaptador.request,true,exitoso,,,9163.696643056,9163.551242098,,,2026-09-05T00:01:06.893703Z
d466890f-b18c-4def-9f55-57b9ed155dac,run1_rep1,B,CLOSED,CLOSED,request,PROVIDER,N/A,,73.51870899947244,INFO,adaptador.request,true,exitoso,,,9163.909475515,9163.835956806,,,2026-09-05T00:01:07.106480Z
9899985e-a50a-46df-8522-2b76e1f9bbae,run1_rep1,B,CLOSED,CLOSED,request,PROVIDER,N/A,,153.03225000025122,INFO,adaptador.request,true,exitoso,,,9163.99369139,9163.84065914,,,2026-09-05T00:01:07.190693Z
a569c861-4db6-4f3c-92ea-db9b560d74d3,run1_rep1,B,CLOSED,CLOSED,request,PROVIDER,N/A,,99.17241699986334,INFO,adaptador.request,true,exitoso,,,9164.206814223,9164.107641806,,,2026-09-05T00:01:07.403807Z
1622a03d-21f4-42ff-9979-fa8052d6e554,run1_rep1,B,CLOSED,CLOSED,request,PROVIDER,N/A,,105.61662500003877,INFO,adaptador.request,true,exitoso,,,9164.444997556,9164.339380931,,,2026-09-05T00:01:07.642019Z
156ee898-86ae-4dad-9de2-98fb406e6095,run1_rep1,B,CLOSED,CLOSED,request,PROVIDER,N/A,,115.06758399991668,INFO,adaptador.request,true,exitoso,,,9164.520245557,9164.405177973,,,2026-09-05T00:01:07.717234Z
59011595-5680-433b-9fe3-488fa017cd05,run1_rep1,B,CLOSED,CLOSED,request,PROVIDER,N/A,,84.27612499872339,INFO,adaptador.request,true,exitoso,,,9164.85065189,9164.766375765,,,2026-09-05T00:01:08.047678Z
f39f2958-6e0f-498f-8820-ae4b46b61e2d,run1_rep1,B,CLOSED,CLOSED,request,PROVIDER,N/A,,128.29970799975854,INFO,adaptador.request,true,exitoso,,,9164.94603039,9164.817730682,,,2026-09-05T00:01:08.143065Z
4f3fc551-308d-4462-b56a-044e468683cb,run1_rep1,B,CLOSED,CLOSED,request,PROVIDER,N/A,,63.052084000446484,INFO,adaptador.request,true,exitoso,,,9165.217712932,9165.154660848,,,2026-09-05T00:01:08.414693Z
f6b3a052-5de3-4d95-8de8-f913ded043ab,run1_rep1,B,CLOSED,CLOSED,request,PROVIDER,N/A,,74.41333300084807,INFO,adaptador.request,true,exitoso,,,9165.299773015,9165.225359682,,,2026-09-05T00:01:08.496837Z
7c39e802-8c03-4158-a7ca-b77b08f14507,run1_rep1,B,CLOSED,CLOSED,request,PROVIDER,N/A,,95.41704199909873,INFO,adaptador.request,true,exitoso,,,9165.429453182,9165.33403614,,,2026-09-05T00:01:08.626464Z
d8151a36-10fe-4710-9a0a-815d50d53893,run1_rep1,B,CLOSED,CLOSED,request,PROVIDER,N/A,,73.96375000098487,INFO,adaptador.request,true,exitoso,,,9165.557298599,9165.483334849,,,2026-09-05T00:01:08.754334Z
9c88733d-5ce3-4b04-b3b7-bd725f6be506,run1_rep1,B,CLOSED,CLOSED,request,PROVIDER,N/A,,68.78008400053659,INFO,adaptador.request,true,exitoso,,,9165.973236016,9165.904455932,,,2026-09-05T00:01:09.170230Z
01bf7c01-449d-41eb-b178-c23b4f1d5c2d,run1_rep1,B,CLOSED,CLOSED,request,PROVIDER,N/A,,105.08329200092703,INFO,adaptador.request,true,exitoso,,,9166.076356141,9165.971272849,,,2026-09-05T00:01:09.273385Z
1f24b3d4-a57a-4fc8-a6e8-08327ad6f8ae,run1_rep1,B,CLOSED,CLOSED,request,PROVIDER,N/A,,91.23595799974282,INFO,adaptador.request,true,exitoso,,,9166.492479182,9166.401243224,,,2026-09-05T00:01:09.689546Z
9790219e-c66b-458a-8451-6a1dcc8b669b,run1_rep1,B,CLOSED,CLOSED,request,PROVIDER,N/A,,72.29962500059628,INFO,adaptador.request,true,exitoso,,,9166.658146141,9166.585846516,,,2026-09-05T00:01:09.855179Z
5dc606b0-63a4-4b26-a1f5-02538bedef66,run1_rep1,B,CLOSED,CLOSED,request,PROVIDER,N/A,,68.74224999955914,INFO,adaptador.request,true,exitoso,,,9166.868727391,9166.799985141,,,2026-09-05T00:01:10.065767Z
c8f21305-3f76-4ad3-9583-73474f107e09,run1_rep1,B,CLOSED,CLOSED,request,PROVIDER,N/A,,85.57345799999894,INFO,adaptador.request,true,exitoso,,,9167.020857099,9166.935283641,,,2026-09-05T00:01:10.217878Z
129d387f-62ad-4dff-81c4-40a859154009,run1_rep1,B,CLOSED,CLOSED,request,PROVIDER,N/A,,104.16329200052132,INFO,adaptador.request,true,exitoso,,,9167.471183725,9167.367020433,,,2026-09-05T00:01:10.668213Z
6f6e42c4-ac15-4640-a940-a1b918d87713,run1_rep1,B,CLOSED,CLOSED,request,PROVIDER,N/A,,148.2220830002916,INFO,adaptador.request,true,exitoso,,,9167.579421933,9167.43119985,,,2026-09-05T00:01:10.776408Z
c84aa59f-0128-4ccc-b22b-01b2d103cbfa,run1_rep1,B,CLOSED,CLOSED,request,PROVIDER,N/A,,103.49570800099173,INFO,adaptador.request,true,exitoso,,,9168.039967683,9167.936471975,,,2026-09-05T00:01:11.237086Z
f071f377-c6d1-47c7-9e35-59e0e98e5083,run1_rep1,B,CLOSED,CLOSED,request,PROVIDER,N/A,,99.95312499995634,INFO,adaptador.request,true,exitoso,,,9168.174472642,9168.074519517,,,2026-09-05T00:01:11.371556Z
7994950d-bd59-472a-b225-1fa43b184170,run1_rep1,B,CLOSED,CLOSED,request,PROVIDER,N/A,,75.94787499874656,INFO,adaptador.request,true,exitoso,,,9168.409380308,9168.333432433,,,2026-09-05T00:01:11.606359Z
aef08190-d5df-4526-a287-3ba2b7bc8385,run1_rep1,B,CLOSED,CLOSED,request,PROVIDER,N/A,,103.726250001273,INFO,adaptador.request,true,exitoso,,,9168.6361656,9168.53243935,,,2026-09-05T00:01:11.833171Z
48888cb6-89ec-4ac7-9acb-61f0f7256513,run1_rep1,B,CLOSED,CLOSED,request,PROVIDER,N/A,,96.61633299947425,INFO,adaptador.request,true,exitoso,,,9168.696595975,9168.599979642,,,2026-09-05T00:01:11.893671Z
938c467b-7fd8-43f4-9bc8-73430479b64e,run1_rep1,B,CLOSED,CLOSED,request,PROVIDER,N/A,,108.27616599999601,INFO,adaptador.request,true,exitoso,,,9168.959126475,9168.850850309,,,2026-09-05T00:01:12.156281Z
4f092d54-0ece-41a6-b22c-0516fce82efa,run1_rep1,B,CLOSED,CLOSED,request,PROVIDER,N/A,,135.16429199989943,INFO,adaptador.request,true,exitoso,,,9169.023454892,9168.8882906,,,2026-09-05T00:01:12.220514Z
9c12a91b-6306-47de-82a6-33d4c1839c6c,run1_rep1,B,CLOSED,CLOSED,request,PROVIDER,N/A,,89.71033399939188,INFO,adaptador.request,true,exitoso,,,9169.240802684,9169.15109235,,,2026-09-05T00:01:12.437839Z
a2181c75-e5a1-490c-8651-45722959f213,run1_rep1,B,CLOSED,CLOSED,request,PROVIDER,N/A,,97.09924999879149,INFO,adaptador.request,true,exitoso,,,9169.492535184,9169.395435934,,,2026-09-05T00:01:12.689541Z
33e57518-5ec6-4f44-b1a7-e06e2acbb9fe,run1_rep1,B,CLOSED,CLOSED,request,PROVIDER,N/A,,64.83408400163171,INFO,adaptador.request,true,exitoso,,,9169.781221851,9169.716387767,,,2026-09-05T00:01:12.978234Z
241913bc-528d-4195-a450-73dea8c87a63,run1_rep1,B,CLOSED,CLOSED,request,PROVIDER,N/A,,148.63241700004437,INFO,adaptador.request,true,exitoso,,,9169.877066851,9169.728434434,,,2026-09-05T00:01:13.074046Z
86738493-48fd-4162-bb55-a4a3dd155e3d,run1_rep1,B,CLOSED,CLOSED,request,PROVIDER,N/A,,93.58104199964146,INFO,adaptador.request,true,exitoso,,,9170.008726809,9169.915145767,,,2026-09-05T00:01:13.205697Z
3e2807ef-64df-4b1e-b0ff-e466a4c2cfb0,run1_rep1,B,CLOSED,CLOSED,request,PROVIDER,N/A,,104.15320900028746,INFO,adaptador.request,true,exitoso,,,9170.204193643,9170.100040434,,,2026-09-05T00:01:13.401221Z
3cef865b-8ff5-4d90-999a-bde0b2a46081,run1_rep1,B,CLOSED,CLOSED,request,PROVIDER,N/A,,63.47125000138476,INFO,adaptador.request,true,exitoso,,,9170.270182976,9170.206711726,,,2026-09-05T00:01:13.467189Z
66140a6d-e015-4dbe-9040-b1f49a211cf3,run1_rep1,B,CLOSED,CLOSED,request,PROVIDER,N/A,,71.77920800131687,INFO,adaptador.request,true,exitoso,,,9170.446679184,9170.374899976,,,2026-09-05T00:01:13.643721Z
fbaa209e-48f6-4b7f-a760-7c287c07b2ee,run1_rep1,B,CLOSED,CLOSED,request,PROVIDER,N/A,,101.20491700035927,INFO,adaptador.request,true,exitoso,,,9170.640861851,9170.539656934,,,2026-09-05T00:01:13.837969Z
435af97c-6f66-4e55-af32-1aa8793a1434,run1_rep1,B,CLOSED,CLOSED,request,PROVIDER,N/A,,117.95958299990161,INFO,adaptador.request,true,exitoso,,,9170.715837601,9170.597878018,,,2026-09-05T00:01:13.912939Z
264ce838-fd2c-4f1b-a0ef-49040160a4ed,run1_rep1,B,CLOSED,CLOSED,request,PROVIDER,N/A,,81.58662499954517,INFO,adaptador.request,true,exitoso,,,9171.029837768,9170.948251143,,,2026-09-05T00:01:14.226868Z
2627ce60-d4e8-4b9b-82a4-e3fd96ed6adc,run1_rep1,B,CLOSED,CLOSED,request,PROVIDER,N/A,,171.90595899955952,INFO,adaptador.request,true,exitoso,,,9171.12983281,9170.957926851,,,2026-09-05T00:01:14.326836Z
a457708f-f0e9-46da-b0c1-3f38daee4ff8,run1_rep1,B,OPEN,CLOSED,request,CACHE,HIT,706.2642510009027,706.6680839998298,INFO,adaptador.request,true,degradado,0.33320799957436975,9171.951112602,9171.951516435,9171.244848351,9171.95144581,CIRCUIT_OPEN,2026-09-05T00:01:15.148477Z
d2e4e833-b929-4739-b8d2-e21a87b91efa,run1_rep1,B,OPEN,CLOSED,request,CACHE,HIT,705.2460419999989,706.3961259991629,INFO,adaptador.request,true,degradado,1.1127090001537,9171.951208143,9171.952358227,9171.245962101,9171.952320852,CIRCUIT_OPEN,2026-09-05T00:01:15.149299Z
aa269a48-cdff-4f0c-aba3-d8b6d53e8ebb,run1_rep1,B,OPEN,OPEN,request,CACHE,HIT,0.05675000102201011,0.8993749997898703,INFO,adaptador.request,false,degradado,0.7065419995342381,9172.18428006,9172.185122685,9172.18422331,9172.184986602,CIRCUIT_OPEN,2026-09-05T00:01:15.382113Z
8fee16cd-ca13-4ea2-8ecf-e033ee6b4f9e,run1_rep1,B,OPEN,OPEN,request,CACHE,HIT,0.036499999623629265,0.8117500001389999,INFO,adaptador.request,false,degradado,0.7009580003796145,9172.204887769,9172.205663019,9172.204851269,9172.205588727,CIRCUIT_OPEN,2026-09-05T00:01:15.402657Z
0ccd041d-ef98-4a6c-bbad-63453987ee20,run1_rep1,B,OPEN,OPEN,request,CACHE,HIT,0.05745800081058405,1.1083749996032566,INFO,adaptador.request,false,degradado,0.9832079995248932,9172.248046852,9172.249097769,9172.247989394,9172.24903006,CIRCUIT_OPEN,2026-09-05T00:01:15.446312Z
f00f4c8c-8b2f-401a-996a-3e329cced700,run1_rep1,B,OPEN,OPEN,request,CACHE,HIT,0.022791000446886756,0.8264999996754341,INFO,adaptador.request,false,degradado,0.7682089999434538,9172.24854181,9172.249345519,9172.248519019,9172.249310019,CIRCUIT_OPEN,2026-09-05T00:01:15.446569Z
18e54309-380b-4245-9338-4f7cf0e725d4,run1_rep1,B,OPEN,OPEN,request,CACHE,HIT,0.05662500007019844,1.0128750000149012,INFO,adaptador.request,false,degradado,0.8340419990418013,9172.500913477,9172.501869727,9172.500856852,9172.501747519,CIRCUIT_OPEN,2026-09-05T00:01:15.698878Z
7002d444-4104-4c87-b891-23ca71b18e7a,run1_rep1,B,OPEN,OPEN,request,CACHE,HIT,0.05704100112779997,1.2336660001892596,INFO,adaptador.request,false,degradado,1.0139589994651033,9172.59590356,9172.597080185,9172.595846519,9172.596917519,CIRCUIT_OPEN,2026-09-05T00:01:15.794160Z
e4ba8645-9968-459c-827e-d09982e0dd8b,run1_rep1,B,OPEN,OPEN,request,CACHE,HIT,0.02912499985541217,1.2850840012106346,INFO,adaptador.request,false,degradado,1.168375001725508,9172.59681756,9172.598073519,9172.596788435,9172.597985935,CIRCUIT_OPEN,2026-09-05T00:01:15.795212Z
d9168ef4-5909-42cb-9ace-3dfdbebc9552,run1_rep1,B,OPEN,OPEN,request,CACHE,HIT,0.05733400030294433,1.1087090006185463,INFO,adaptador.request,false,degradado,0.9342079993075458,9172.648862894,9172.649914269,9172.64880556,9172.649797102,CIRCUIT_OPEN,2026-09-05T00:01:15.846933Z
4c2e3f37-3cc9-46dc-9a5a-28c4b0cddae4,run1_rep1,B,OPEN,OPEN,request,CACHE,HIT,0.05304100159264635,1.2642910005524755,INFO,adaptador.request,false,degradado,1.0736669992184034,9172.875716435,9172.876927685,9172.875663394,9172.876790102,CIRCUIT_OPEN,2026-09-05T00:01:16.073969Z
9fa9a36a-7a1a-40dc-bb19-51deb886b549,run1_rep1,B,OPEN,OPEN,request,CACHE,HIT,0.036082999940845184,0.7189169991761446,INFO,adaptador.request,false,degradado,0.5823749997944105,9172.88840431,9172.889087144,9172.888368227,9172.888986685,CIRCUIT_OPEN,2026-09-05T00:01:16.086081Z
8f16976d-4f03-4212-98ce-6b797338c14e,run1_rep1,B,OPEN,OPEN,request,CACHE,HIT,0.053916999604552984,0.8210830001189606,INFO,adaptador.request,false,degradado,0.6762499997421401,9173.044740936,9173.045508102,9173.044687019,9173.045417186,CIRCUIT_OPEN,2026-09-05T00:01:16.242501Z
16a030a1-9313-4c55-8a47-ce34a6a59895,run1_rep1,B,OPEN,OPEN,request,CACHE,HIT,0.04037500002596062,0.7138750006561168,INFO,adaptador.request,false,degradado,0.586874999498832,9173.062846936,9173.063520436,9173.062806561,9173.063433811,CIRCUIT_OPEN,2026-09-05T00:01:16.260510Z
9b5e7194-a1da-42b6-b2da-0cffdfbdce66,run1_rep1,B,OPEN,OPEN,request,CACHE,HIT,0.038540998502867296,0.641499998891959,INFO,adaptador.request,false,degradado,0.5255840005702339,9173.088082227,9173.088685186,9173.088043686,9173.088607811,CIRCUIT_OPEN,2026-09-05T00:01:16.285657Z
cb124015-2ff3-4f00-b79d-c39a90a401d7,run1_rep1,B,OPEN,OPEN,request,CACHE,HIT,0.03312499939056579,0.6245419990591472,INFO,adaptador.request,false,degradado,0.528082999153412,9173.109581769,9173.110173186,9173.109548644,9173.110109852,CIRCUIT_OPEN,2026-09-05T00:01:16.307142Z
400937a8-ab71-403e-b5ff-8b0f89807701,run1_rep1,B,OPEN,OPEN,request,CACHE,HIT,0.049540998588781804,0.736040999981924,INFO,adaptador.request,false,degradado,0.5913750010222429,9173.175269352,9173.175955852,9173.175219811,9173.175860727,CIRCUIT_OPEN,2026-09-05T00:01:16.372977Z
8d5a8b5b-83cd-4ccc-a8a5-d733dafee69e,run1_rep1,B,OPEN,OPEN,request,CACHE,HIT,0.04720800097857136,1.3732920015172567,INFO,adaptador.request,false,degradado,1.2383749999571592,9173.249633477,9173.250959561,9173.249586269,9173.250871852,CIRCUIT_OPEN,2026-09-05T00:01:16.448252Z
45caa2bc-0941-4224-a74d-904ad4100c1b,run1_rep1,B,OPEN,OPEN,request,CACHE,HIT,0.01849999898695387,1.1632499990810174,INFO,adaptador.request,false,degradado,1.085875001081149,9173.250108186,9173.251252936,9173.250089686,9173.251194061,CIRCUIT_OPEN,2026-09-05T00:01:16.448587Z
eb1dd8fd-d2b1-4eba-97f3-7dc729f3884f,run1_rep1,B,OPEN,OPEN,request,CACHE,HIT,0.058290999731980264,0.8697909997863462,INFO,adaptador.request,false,degradado,0.70479200076079,9173.353439477,9173.354250977,9173.353381186,9173.354144269,CIRCUIT_OPEN,2026-09-05T00:01:16.551257Z
539c7b42-8824-4ad4-84cf-0bb6515244ef,run1_rep1,B,OPEN,OPEN,request,CACHE,HIT,0.07720900066487957,1.1787500006903429,INFO,adaptador.request,false,degradado,0.9822909996728413,9173.493552811,9173.494654352,9173.493475602,9173.494535102,CIRCUIT_OPEN,2026-09-05T00:01:16.691639Z
744266e1-180e-4eef-affc-549492e6e260,run1_rep1,B,OPEN,OPEN,request,CACHE,HIT,0.030250001145759597,0.5799580012535444,INFO,adaptador.request,false,degradado,0.47954100045899395,9173.497347061,9173.497896769,9173.497316811,9173.497826602,CIRCUIT_OPEN,2026-09-05T00:01:16.694885Z
dec794a0-6e4e-473e-a77b-85258255aa0f,run1_rep1,B,OPEN,OPEN,request,CACHE,HIT,0.02179200055252295,0.45570799920824356,INFO,adaptador.request,false,degradado,0.36424999962036964,9173.514276936,9173.514710852,9173.514255144,9173.514641186,CIRCUIT_OPEN,2026-09-05T00:01:16.711699Z
e7208cf5-0bf2-4fa8-be33-34657e627135,run1_rep1,B,OPEN,OPEN,request,CACHE,HIT,0.05841699930897448,1.008041999739362,INFO,adaptador.request,false,degradado,0.8255829998233821,9173.617751728,9173.618701353,9173.617693311,9173.618577311,CIRCUIT_OPEN,2026-09-05T00:01:16.815711Z
328862f7-1049-4e09-9af1-963cf805d2ce,run1_rep1,B,OPEN,OPEN,request,CACHE,HIT,0.034416998460073955,0.6297919990174705,INFO,adaptador.request,false,degradado,0.5173750014364487,9173.656648436,9173.657243811,9173.656614019,9173.657165811,CIRCUIT_OPEN,2026-09-05T00:01:16.854237Z
e4e83646-2daf-4c72-a5ec-8b85171cbd8e,run1_rep1,B,OPEN,OPEN,request,CACHE,HIT,0.03487499998300336,0.5880419994355179,INFO,adaptador.request,false,degradado,0.4791249994013924,9173.704348436,9173.704901603,9173.704313561,9173.704827561,CIRCUIT_OPEN,2026-09-05T00:01:16.901887Z
d185235a-42fd-44e6-8fdc-7f20ef1d0ff1,run1_rep1,B,OPEN,OPEN,request,CACHE,HIT,0.03220899998268578,0.5077499990875367,INFO,adaptador.request,false,degradado,0.4129999997530831,9173.710485228,9173.710960769,9173.710453019,9173.710898228,CIRCUIT_OPEN,2026-09-05T00:01:16.907950Z
a81a81f8-1abf-45c4-a4ef-f3f47b5b95a1,run1_rep1,B,OPEN,OPEN,request,CACHE,HIT,0.05662500007019844,0.8580409994465299,INFO,adaptador.request,false,degradado,0.6893329991726205,9173.874914603,9173.875716019,9173.874857978,9173.875603936,CIRCUIT_OPEN,2026-09-05T00:01:17.072722Z
dfad8e83-50bb-4238-a1b9-0228eabe6b88,run1_rep1,B,OPEN,OPEN,request,CACHE,HIT,0.06174999907671008,0.9504999998171115,INFO,adaptador.request,false,degradado,0.805208999736351,9173.882264769,9173.883153519,9173.882203019,9173.883069978,CIRCUIT_OPEN,2026-09-05T00:01:17.080148Z
55ebf9a4-83fc-47dd-868f-9e4a4432931d,run1_rep1,B,OPEN,OPEN,request,CACHE,HIT,0.06849999954283703,1.112416999603738,INFO,adaptador.request,false,degradado,0.9322090008936357,9173.980827144,9173.981871061,9173.980758644,9173.981759353,CIRCUIT_OPEN,2026-09-05T00:01:17.178869Z
f946ac42-99c1-40bf-ad95-d4423ed12778,run1_rep1,B,OPEN,OPEN,request,CACHE,HIT,0.04095799886272289,0.7599579985253513,INFO,adaptador.request,false,degradado,0.638749999779975,9173.995401519,9173.996120519,9173.995360561,9173.996040269,CIRCUIT_OPEN,2026-09-05T00:01:17.193111Z
a155c59f-fc92-4c35-897d-24012fb79762,run1_rep1,B,OPEN,OPEN,request,CACHE,HIT,0.03829200068139471,0.9245420005754568,INFO,adaptador.request,false,degradado,0.7874999992054654,9174.041868603,9174.042754853,9174.041830311,9174.042656103,CIRCUIT_OPEN,2026-09-05T00:01:17.239737Z
46cf77bf-cda8-437f-819f-b2962b52b916,run1_rep1,B,OPEN,OPEN,request,CACHE,HIT,0.0654579998808913,1.0202920002484461,INFO,adaptador.request,false,degradado,0.8352090007974766,9174.121946394,9174.122901228,9174.121880936,9174.122781603,CIRCUIT_OPEN,2026-09-05T00:01:17.319926Z
08641532-44e2-4693-8d1f-2600660f4d4a,run1_rep1,B,OPEN,OPEN,request,CACHE,HIT,0.05891699947824236,0.888291999217472,INFO,adaptador.request,false,degradado,0.7330829994316446,9174.146713978,9174.147543353,9174.146655061,9174.147447061,CIRCUIT_OPEN,2026-09-05T00:01:17.344545Z
8c4656e0-1242-4ad9-adbf-f7f8958576bc,run1_rep1,B,OPEN,OPEN,request,CACHE,HIT,0.052583000069716945,0.9491670007264474,INFO,adaptador.request,false,degradado,0.7864170001994353,9174.195792019,9174.196688603,9174.195739436,9174.196578436,CIRCUIT_OPEN,2026-09-05T00:01:17.393694Z
512b397c-1cee-4bf1-b425-456b80009a6d,run1_rep1,B,OPEN,OPEN,request,CACHE,HIT,0.06704199950036127,1.2591670001711464,INFO,adaptador.request,false,degradado,1.0634999998728745,9174.252860478,9174.254052603,9174.252793436,9174.253923978,CIRCUIT_OPEN,2026-09-05T00:01:17.451343Z
41fa8291-74ba-44b3-a512-6c4e9f46f31e,run1_rep1,B,OPEN,OPEN,request,CACHE,HIT,0.016250000044237822,1.0249999995721737,INFO,adaptador.request,false,degradado,0.9395419983775355,9174.253343644,9174.254352394,9174.253327394,9174.254283186,CIRCUIT_OPEN,2026-09-05T00:01:17.451933Z
a3e52ff1-ff75-4d43-b49a-ef1964d18614,run1_rep1,B,OPEN,OPEN,request,CACHE,HIT,0.05291700108500663,0.9023750008054776,INFO,adaptador.request,false,degradado,0.7352079992415383,9174.328219728,9174.329069186,9174.328166811,9174.328954936,CIRCUIT_OPEN,2026-09-05T00:01:17.526063Z
77a50242-f42d-4a45-8cdf-0d01a32d4a3c,run1_rep1,B,OPEN,OPEN,request,CACHE,HIT,0.05837500066263601,0.7099160011421191,INFO,adaptador.request,false,degradado,0.5858750009792857,9174.33426152,9174.334913061,9174.334203145,9174.334847395,CIRCUIT_OPEN,2026-09-05T00:01:17.531882Z
3f7334c2-2354-4ce3-8d45-36a069f5f71a,run1_rep1,B,OPEN,OPEN,request,CACHE,HIT,0.05104100091557484,0.9598330016160617,INFO,adaptador.request,false,degradado,0.8061669996095588,9174.382074936,9174.382983728,9174.382023895,9174.382881103,CIRCUIT_OPEN,2026-09-05T00:01:17.580010Z
4e4c2cd3-bccd-4e85-ada8-437f171a081f,run1_rep1,B,OPEN,OPEN,request,CACHE,HIT,0.044083999455324374,0.7483749996026745,INFO,adaptador.request,false,degradado,0.6282079993980005,9174.39784727,9174.398551561,9174.397803186,9174.398475478,CIRCUIT_OPEN,2026-09-05T00:01:17.595537Z
687ed01b-ae68-4073-a094-fff910e6a781,run1_rep1,B,OPEN,OPEN,request,CACHE,HIT,0.0335000004270114,0.5625419998978032,INFO,adaptador.request,false,degradado,0.4612079992512008,9174.408630853,9174.409159895,9174.408597353,9174.409092061,CIRCUIT_OPEN,2026-09-05T00:01:17.606137Z
9308a852-d509-4834-9188-aa486aafebc8,run1_rep1,B,OPEN,OPEN,request,CACHE,HIT,0.020249999579391442,1.5027500012365635,INFO,adaptador.request,false,degradado,1.4485410010820488,9174.43081402,9174.43229652,9174.43079377,9174.432262561,CIRCUIT_OPEN,2026-09-05T00:01:17.629244Z
c0cae852-05f3-4e7f-a3dc-03132d161aea,run1_rep1,B,OPEN,OPEN,request,CACHE,HIT,0.04545900083030574,1.6794170005596243,INFO,adaptador.request,false,degradado,1.5384999987873016,9174.43035027,9174.431984228,9174.430304811,9174.43188877,CIRCUIT_OPEN,2026-09-05T00:01:17.629480Z
94dd6aa3-c64e-4cd6-8182-564eb11c6988,run1_rep1,B,OPEN,OPEN,request,CACHE,HIT,0.03041700074390974,1.269000000320375,INFO,adaptador.request,false,degradado,1.181416999315843,9174.543134228,9174.544372811,9174.543103811,9174.544315645,CIRCUIT_OPEN,2026-09-05T00:01:17.741910Z
1563b3a9-5cfd-4311-91cf-06fd27a078af,run1_rep1,B,OPEN,OPEN,request,CACHE,HIT,0.019625000277301297,1.4165840002533514,INFO,adaptador.request,false,degradado,1.328292000835063,9174.543536436,9174.544933395,9174.543516811,9174.544864728,CIRCUIT_OPEN,2026-09-05T00:01:17.742417Z
0f4a7eea-6421-47d1-8c6a-81733d4c50d5,run1_rep1,B,OPEN,OPEN,request,CACHE,HIT,0.01766700006555766,1.217375000123866,INFO,adaptador.request,false,degradado,1.1493750007502967,9174.544231978,9174.545431686,9174.544214311,9174.545381353,CIRCUIT_OPEN,2026-09-05T00:01:17.742768Z
f96b9163-bb35-49e6-a3e6-1ce3d09f5d58,run1_rep1,B,OPEN,OPEN,request,CACHE,HIT,0.02937499994004611,0.39762500091455877,INFO,adaptador.request,false,degradado,0.32000000101106707,9174.555889311,9174.556257561,9174.555859936,9174.556209311,CIRCUIT_OPEN,2026-09-05T00:01:17.753210Z
b7e66858-d388-4fd6-9112-a46c8ba74a18,run1_rep1,B,OPEN,OPEN,request,CACHE,HIT,0.02708400097617414,0.4455420003068866,INFO,adaptador.request,false,degradado,0.3662079998321133,9174.56840202,9174.568820478,9174.568374936,9174.568768228,CIRCUIT_OPEN,2026-09-05T00:01:17.765762Z
b0aa95cf-3b14-433d-a2ac-35a63e5e7e5a,run1_rep1,B,OPEN,OPEN,request,CACHE,HIT,0.04695799907494802,2.9237910002848366,INFO,adaptador.request,false,degradado,2.8130829996371176,9174.664914853,9174.667791686,9174.664867895,9174.667727936,CIRCUIT_OPEN,2026-09-05T00:01:17.864748Z
de3f523d-a5bc-4720-a108-567ec74c4f63,run1_rep1,B,OPEN,OPEN,request,CACHE,HIT,0.03445799848122988,0.6757079991075443,INFO,adaptador.request,false,degradado,0.5431670015241252,9174.745386853,9174.746028103,9174.745352395,9174.74593002,CIRCUIT_OPEN,2026-09-05T00:01:17.943026Z
9c3e9316-4d5b-44f6-85db-ba1e438641f1,run1_rep1,B,OPEN,OPEN,request,CACHE,HIT,0.03645799915830139,0.7409579993691295,INFO,adaptador.request,false,degradado,0.610041999607347,9174.773154936,9174.773859436,9174.773118478,9174.773764978,CIRCUIT_OPEN,2026-09-05T00:01:17.970840Z
cdb83c98-0734-41cb-a0af-17bf9025d28f,run1_rep1,B,OPEN,OPEN,request,CACHE,HIT,0.04612500015355181,0.8260000013251556,INFO,adaptador.request,false,degradado,0.6575839997822186,9174.825284436,9174.826064311,9174.825238311,9174.82594202,CIRCUIT_OPEN,2026-09-05T00:01:18.023067Z
1f5875fa-bce4-42b2-b65d-7b119dd6ea68,run1_rep1,B,OPEN,OPEN,request,CACHE,HIT,0.04774999979417771,1.1362089990143431,INFO,adaptador.request,false,degradado,1.0251669991703238,9174.899685311,9174.90077377,9174.899637561,9174.900710478,CIRCUIT_OPEN,2026-09-05T00:01:18.098011Z
f68721bd-53d8-4b59-a4b8-011592e77853,run1_rep1,B,OPEN,OPEN,request,CACHE,HIT,0.02141699951607734,0.7359579994954402,INFO,adaptador.request,false,degradado,0.6748750001861481,9174.90027577,9174.900990311,9174.900254353,9174.900950645,CIRCUIT_OPEN,2026-09-05T00:01:18.098438Z
25ff940c-dbdc-4dea-b579-7b164391ffef,run1_rep1,B,OPEN,OPEN,request,CACHE,HIT,0.05220900129643269,0.9107090008910745,INFO,adaptador.request,false,degradado,0.7739159991615452,9174.961780645,9174.962639145,9174.961728436,9174.962554561,CIRCUIT_OPEN,2026-09-05T00:01:18.159622Z
7fdff6df-c1bb-46c2-8113-187b1deec7ce,run1_rep1,B,OPEN,OPEN,request,CACHE,HIT,0.03904100049112458,0.8782080003584269,INFO,adaptador.request,false,degradado,0.7172089990490349,9175.008371853,9175.00921102,9175.008332812,9175.009089062,CIRCUIT_OPEN,2026-09-05T00:01:18.206216Z
ea148dac-9bb8-4377-be36-d7877b73ac4c,run1_rep1,B,OPEN,OPEN,request,CACHE,HIT,0.025457999072386883,0.5928329992457293,INFO,adaptador.request,false,degradado,0.49412500084144995,9175.060301353,9175.060868728,9175.060275895,9175.060795478,CIRCUIT_OPEN,2026-09-05T00:01:18.257856Z
24b0663e-3bde-4e5a-abe6-6848225072c6,run1_rep1,B,OPEN,OPEN,request,CACHE,HIT,0.03741699947568122,0.9537089990772074,INFO,adaptador.request,false,degradado,0.7920419993752148,9175.10672652,9175.107642812,9175.106689103,9175.107518562,CIRCUIT_OPEN,2026-09-05T00:01:18.304720Z
f2342718-7d6a-43b5-9ec3-f5773f0acd22,run1_rep1,B,OPEN,OPEN,request,CACHE,HIT,0.0542090001545148,0.9112500010814983,INFO,adaptador.request,false,degradado,0.7803330008755438,9175.123925687,9175.124782728,9175.123871478,9175.12470602,CIRCUIT_OPEN,2026-09-05T00:01:18.321742Z
859a751e-d924-49bb-9444-63da156a22c9,run1_rep1,B,OPEN,OPEN,request,CACHE,HIT,0.05599999894911889,1.271749999432359,INFO,adaptador.request,false,degradado,1.104124999983469,9175.256643812,9175.257859562,9175.256587812,9175.257747937,CIRCUIT_OPEN,2026-09-05T00:01:18.455126Z
db90ec42-a18e-408a-ad8c-a258615da386,run1_rep1,B,OPEN,OPEN,request,CACHE,HIT,0.01462500040361192,1.019875000565662,INFO,adaptador.request,false,degradado,0.9533749998809071,9175.257123103,9175.258128353,9175.257108478,9175.258076478,CIRCUIT_OPEN,2026-09-05T00:01:18.455639Z
a18e95be-4677-49ba-8d31-21e6f55a3261,run1_rep1,B,OPEN,OPEN,request,CACHE,HIT,0.047500001528533176,1.2140830003772862,INFO,adaptador.request,false,degradado,1.0757499985629693,9175.29511002,9175.296276603,9175.29506252,9175.29618577,CIRCUIT_OPEN,2026-09-05T00:01:18.493572Z
7d88feef-67fc-41f6-8d95-22e57d8061e0,run1_rep1,B,OPEN,OPEN,request,CACHE,HIT,0.016542000594199635,0.9962919993995456,INFO,adaptador.request,false,degradado,0.9297500000684522,9175.295593687,9175.296573437,9175.295577145,9175.296523437,CIRCUIT_OPEN,2026-09-05T00:01:18.493957Z
61d55451-6127-4c57-8841-8e74b36e828b,run1_rep1,B,OPEN,OPEN,request,CACHE,HIT,0.041000001147040166,0.803625000116881,INFO,adaptador.request,false,degradado,0.6617499984713504,9175.317507645,9175.31827027,9175.317466645,9175.318169395,CIRCUIT_OPEN,2026-09-05T00:01:18.515247Z
d77436fd-8f92-4640-8664-19f127e9ef73,run1_rep1,B,OPEN,OPEN,request,CACHE,HIT,0.025499999537714757,0.5120420009916415,INFO,adaptador.request,false,degradado,0.4305830007069744,9175.32167627,9175.322162812,9175.32165077,9175.322106853,CIRCUIT_OPEN,2026-09-05T00:01:18.519127Z
7539cb67-ef28-4510-99cc-c073587b53fa,run1_rep1,B,OPEN,OPEN,request,CACHE,HIT,0.02420899909338914,0.6726669998897705,INFO,adaptador.request,false,degradado,0.5889160001970595,9175.353707187,9175.354355645,9175.353682978,9175.354296103,CIRCUIT_OPEN,2026-09-05T00:01:18.551342Z
af594896-9b49-453c-b4e9-a194c0a4ebf6,run1_rep1,B,OPEN,OPEN,request,CACHE,HIT,0.02312499964318704,0.5912920005357591,INFO,adaptador.request,false,degradado,0.5031250002502929,9175.358678145,9175.359246312,9175.35865502,9175.35918127,CIRCUIT_OPEN,2026-09-05T00:01:18.556206Z
76d99663-1ab1-42e5-b438-21b609c92743,run1_rep1,B,OPEN,OPEN,request,CACHE,HIT,0.022500000341096893,0.4797080000571441,INFO,adaptador.request,false,degradado,0.3979169996455312,9175.387723895,9175.388181103,9175.387701395,9175.388121812,CIRCUIT_OPEN,2026-09-05T00:01:18.585154Z
bcd4c796-3482-4dfc-bbc9-4868541e0f3b,run1_rep1,B,OPEN,OPEN,request,CACHE,HIT,0.024917000700952485,0.5130420013301773,INFO,adaptador.request,false,degradado,0.4220829996484099,9175.406885687,9175.407373812,9175.40686077,9175.40730777,CIRCUIT_OPEN,2026-09-05T00:01:18.604352Z
720a235f-f0a5-4f12-a1a7-48ba98bcbbb9,run1_rep1,B,OPEN,OPEN,request,CACHE,HIT,0.02366599983361084,0.530708000951563,INFO,adaptador.request,false,degradado,0.4405840008985251,9175.426825853,9175.427332895,9175.426802187,9175.427266437,CIRCUIT_OPEN,2026-09-05T00:01:18.624301Z
2bc57f4b-642e-47d0-8025-f8feccb720c1,run1_rep1,B,OPEN,OPEN,request,CACHE,HIT,0.05291600064083468,0.8350000007339986,INFO,adaptador.request,false,degradado,0.6824590000178432,9175.508587728,9175.509369812,9175.508534812,9175.509270187,CIRCUIT_OPEN,2026-09-05T00:01:18.706403Z
a23e6eb6-e34d-46d8-8c13-33c1d5d3fd1f,run1_rep1,B,OPEN,OPEN,request,CACHE,HIT,0.05079199945612345,1.153958000941202,INFO,adaptador.request,false,degradado,1.0088330000144197,9175.595232437,9175.596335603,9175.595181645,9175.59624127,CIRCUIT_OPEN,2026-09-05T00:01:18.793578Z
73931c2d-a686-42d6-8ab1-ba9ca99f7d40,run1_rep1,B,OPEN,OPEN,request,CACHE,HIT,0.01445800080546178,0.939749999815831,INFO,adaptador.request,false,degradado,0.8794999994279351,9175.595676228,9175.59660152,9175.59566177,9175.596555728,CIRCUIT_OPEN,2026-09-05T00:01:18.793911Z
b76ca932-34e4-490d-9059-e9b8dbe0ac7d,run1_rep1,B,OPEN,OPEN,request,CACHE,HIT,0.0637499997537816,0.9757919997355202,INFO,adaptador.request,false,degradado,0.8246670004155021,9175.631953228,9175.63286527,9175.631889478,9175.632777895,CIRCUIT_OPEN,2026-09-05T00:01:18.829860Z
d2de84a8-4b45-4e42-afed-ac6cfabf4c2f,run1_rep1,B,OPEN,OPEN,request,CACHE,HIT,0.06858300002932083,0.8857500015437836,INFO,adaptador.request,false,degradado,0.7243330001074355,9175.701037562,9175.701854729,9175.700968979,9175.701761895,CIRCUIT_OPEN,2026-09-05T00:01:18.898851Z
9de3bfcd-94e2-42dc-b83d-474958825833,run1_rep1,B,OPEN,OPEN,request,CACHE,HIT,0.0501669983350439,0.9171669989882503,INFO,adaptador.request,false,degradado,0.7756250015518162,9175.710754187,9175.711621187,9175.71070402,9175.711529812,CIRCUIT_OPEN,2026-09-05T00:01:18.908604Z
493282f1-3e75-4d1f-bceb-1ee232096d38,run1_rep1,B,OPEN,OPEN,request,CACHE,HIT,0.057208000725950114,1.1237500002607703,INFO,adaptador.request,false,degradado,0.8152499995048856,9175.762092645,9175.763159187,9175.762035437,9175.762907895,CIRCUIT_OPEN,2026-09-05T00:01:18.960209Z
221daf4c-9427-4452-8a71-a7170031f6e6,run1_rep1,B,OPEN,OPEN,request,CACHE,HIT,0.049041998863685876,1.0447919994476251,INFO,adaptador.request,false,degradado,0.8935830010159407,9175.768297854,9175.769293604,9175.768248812,9175.769191437,CIRCUIT_OPEN,2026-09-05T00:01:18.966289Z
a77897cb-3538-47f3-b208-6cbb97df4fbb,run1_rep1,B,OPEN,OPEN,request,CACHE,HIT,0.04158400042797439,0.7328339997911826,INFO,adaptador.request,false,degradado,0.6103329997131368,9175.785696604,9175.786387854,9175.78565502,9175.786306937,CIRCUIT_OPEN,2026-09-05T00:01:18.983371Z
5734cf7d-8973-4903-b277-61d855b73770,run1_rep1,B,OPEN,OPEN,request,CACHE,HIT,0.035040999136981554,0.5750000000261934,INFO,adaptador.request,false,degradado,0.4695839998021256,9175.796265145,9175.796805104,9175.796230104,9175.796734729,CIRCUIT_OPEN,2026-09-05T00:01:18.993773Z
227f01f1-cd6d-4d17-a614-19f53681fa9c,run1_rep1,B,OPEN,OPEN,request,CACHE,HIT,0.05454200072563253,1.314125000135391,INFO,adaptador.request,false,degradado,1.1031670001102611,9175.856958562,9175.858218145,9175.85690402,9175.858061729,CIRCUIT_OPEN,2026-09-05T00:01:19.055260Z
7cd17241-f19c-48b2-8b69-981b5a5ba2c7,run1_rep1,B,OPEN,OPEN,request,CACHE,HIT,0.05650000093737617,0.8810409999568947,INFO,adaptador.request,false,degradado,0.7247909998113755,9175.974092979,9175.97491752,9175.974036479,9175.97481777,CIRCUIT_OPEN,2026-09-05T00:01:19.171916Z
e78a5843-e153-4e1b-a3b6-18a6af8be741,run1_rep1,B,OPEN,OPEN,request,CACHE,HIT,0.032916999771259725,0.6111249986133771,INFO,adaptador.request,false,degradado,0.5150420001882594,9175.980571562,9175.98114977,9175.980538645,9175.981086604,CIRCUIT_OPEN,2026-09-05T00:01:19.178119Z
6d5196d1-f59e-41f0-8cb0-89e686bc0677,run1_rep1,B,OPEN,OPEN,request,CACHE,HIT,0.02670800131454598,0.5115830008435296,INFO,adaptador.request,false,degradado,0.41362499905517325,9175.99439777,9175.994882645,9175.994371062,9175.994811395,CIRCUIT_OPEN,2026-09-05T00:01:19.191875Z
cdaf17c3-753f-4139-9d53-e0faa207d741,run1_rep1,B,OPEN,OPEN,request,CACHE,HIT,0.024375000066356733,0.7195409998530522,INFO,adaptador.request,false,degradado,0.6226659988897154,9176.027939604,9176.02863477,9176.027915229,9176.02856227,CIRCUIT_OPEN,2026-09-05T00:01:19.225613Z
8226402e-0ec7-4660-9085-f528958af5a2,run1_rep1,B,OPEN,OPEN,request,CACHE,HIT,0.012667000191868283,0.7613329999003327,INFO,adaptador.request,false,degradado,0.7019160002528224,9176.028515729,9176.029264395,9176.028503062,9176.029217645,CIRCUIT_OPEN,2026-09-05T00:01:19.226234Z
c48ede04-16d5-434d-8bd1-2eb9815d156a,run1_rep1,B,OPEN,OPEN,request,CACHE,HIT,0.01941700065799523,0.48429200069222134,INFO,adaptador.request,false,degradado,0.42191600005025975,9176.032765104,9176.033229979,9176.032745687,9176.03318702,CIRCUIT_OPEN,2026-09-05T00:01:19.230172Z
6e35ff16-47d5-4c10-959d-0a2506d84e3e,run1_rep1,B,OPEN,OPEN,request,CACHE,HIT,0.02912499985541217,0.645042000542162,INFO,adaptador.request,false,degradado,0.5389170000853483,9176.047606937,9176.048222854,9176.047577812,9176.048145854,CIRCUIT_OPEN,2026-09-05T00:01:19.245209Z
bea64ddb-7356-4640-ad0e-c66f87859aaa,run1_rep1,B,OPEN,OPEN,request,CACHE,HIT,0.017624999600229785,0.5713329992431682,INFO,adaptador.request,false,degradado,0.48329099990951363,9176.048991229,9176.049544937,9176.048973604,9176.04947452,CIRCUIT_OPEN,2026-09-05T00:01:19.246495Z
1512d99f-3528-4ecf-949d-1c8bd38bcb4c,run1_rep1,B,OPEN,OPEN,request,CACHE,HIT,0.024417000531684607,0.41716700070537627,INFO,adaptador.request,false,degradado,0.3417080006329343,9176.088165854,9176.088558604,9176.088141437,9176.088507562,CIRCUIT_OPEN,2026-09-05T00:01:19.285518Z
3acd0575-4759-4e05-8b6e-5eb2ab2ab51b,run1_rep1,B,OPEN,OPEN,request,CACHE,HIT,0.023874999897088856,0.4904160014120862,INFO,adaptador.request,false,degradado,0.40479100061929785,9176.097990104,9176.098456645,9176.097966229,9176.098394895,CIRCUIT_OPEN,2026-09-05T00:01:19.295430Z
3e003f1b-20ba-4ce7-ab0a-f86e875d2e4f,run1_rep1,B,OPEN,OPEN,request,CACHE,HIT,0.057208000725950114,0.9397079993505031,INFO,adaptador.request,false,degradado,0.7562920000054874,9176.201953645,9176.202836145,9176.201896437,9176.202709937,CIRCUIT_OPEN,2026-09-05T00:01:19.399973Z
56474ef9-41b8-4588-9683-5a2e9ce8a079,run1_rep1,B,OPEN,OPEN,request,CACHE,HIT,0.031042000045999885,0.5877920011698734,INFO,adaptador.request,false,degradado,0.48654100100975484,9176.207366604,9176.207923354,9176.207335562,9176.207853145,CIRCUIT_OPEN,2026-09-05T00:01:19.404935Z
ff34f7e6-f483-46c0-a891-bcd502553627,run1_rep1,B,OPEN,OPEN,request,CACHE,HIT,0.04720899960375391,0.4681669997808058,INFO,adaptador.request,false,degradado,0.36433300010685343,9176.231028604,9176.231449562,9176.230981395,9176.231392937,CIRCUIT_OPEN,2026-09-05T00:01:19.428434Z
c3e641b5-4637-435c-b3e5-c20c69944dc5,run1_rep1,B,OPEN,OPEN,request,CACHE,HIT,0.05533299918170087,1.7008329996315297,INFO,adaptador.request,false,degradado,1.5431669999088626,9176.308645312,9176.310290812,9176.308589979,9176.310188479,CIRCUIT_OPEN,2026-09-05T00:01:19.507544Z
9d848e48-cfc3-43e4-a17d-7e5e024c1eb7,run1_rep1,B,OPEN,OPEN,request,CACHE,HIT,0.03004199970746413,1.2303749990678625,INFO,adaptador.request,false,degradado,1.1597079992498038,9176.309366104,9176.310566437,9176.309336062,9176.310525812,CIRCUIT_OPEN,2026-09-05T00:01:19.507907Z
67f13040-5ac5-460f-abd4-75c8fc3cc040,run1_rep1,B,OPEN,OPEN,request,CACHE,HIT,0.056832999689504504,0.8748330001253635,INFO,adaptador.request,false,degradado,0.6988749992160592,9176.353075437,9176.353893437,9176.353018604,9176.353774312,CIRCUIT_OPEN,2026-09-05T00:01:19.550885Z
cc03d3fe-942f-4342-acda-687c382ff2bd,run1_rep1,B,OPEN,OPEN,request,CACHE,HIT,0.03633300002547912,0.9454579994780943,INFO,adaptador.request,false,degradado,0.6925830002728617,9176.386840854,9176.387749979,9176.386804521,9176.387533437,CIRCUIT_OPEN,2026-09-05T00:01:19.584763Z
2f020cb2-0f9a-4857-8c40-a3cfea3c8598,run1_rep1,B,OPEN,OPEN,request,CACHE,HIT,0.03483399996184744,0.6675420008832589,INFO,adaptador.request,false,degradado,0.5544579998968402,9176.390842271,9176.391474979,9176.390807437,9176.391396729,CIRCUIT_OPEN,2026-09-05T00:01:19.588456Z
37b3be71-62fe-4e1f-9dc5-3d1266f382a6,run1_rep1,B,OPEN,OPEN,request,CACHE,HIT,0.0195419997908175,0.4369590005808277,INFO,adaptador.request,false,degradado,0.35762500010605436,9176.394712729,9176.395130146,9176.394693187,9176.395070354,CIRCUIT_OPEN,2026-09-05T00:01:19.592110Z
fea62d52-c17e-4728-9f83-14d0efb831fa,run1_rep1,B,OPEN,OPEN,request,CACHE,HIT,0.04029099909530487,0.721415999578312,INFO,adaptador.request,false,degradado,0.6015840008330997,9176.440608062,9176.441289187,9176.440567771,9176.441209646,CIRCUIT_OPEN,2026-09-05T00:01:19.638254Z
3258237e-8690-4b8f-8446-5911ce164153,run1_rep1,B,OPEN,OPEN,request,CACHE,HIT,0.07245800043165218,1.5794579994690139,INFO,adaptador.request,false,degradado,1.3797499996144325,9176.500541354,9176.502048354,9176.500468896,9176.501921104,CIRCUIT_OPEN,2026-09-05T00:01:19.699344Z
3caedbb9-1aca-49c4-9fad-a6341d4fb1e2,run1_rep1,B,OPEN,OPEN,request,CACHE,HIT,0.02670800131454598,1.1819160008599283,INFO,adaptador.request,false,degradado,1.1092079985246528,9176.501198104,9176.502353312,9176.501171396,9176.502307312,CIRCUIT_OPEN,2026-09-05T00:01:19.699662Z
48fc4259-b0c1-4f85-a70b-26e5fd63eb8d,run1_rep1,B,OPEN,OPEN,request,CACHE,HIT,0.02845800008799415,0.5143329999555135,INFO,adaptador.request,false,degradado,0.42349999966972973,9176.512098562,9176.512584437,9176.512070104,9176.512522062,CIRCUIT_OPEN,2026-09-05T00:01:19.709569Z
748fae32-70b2-476e-a844-ff0b128c901a,run1_rep1,B,OPEN,OPEN,request,CACHE,HIT,0.03166599890391808,0.7271249996847473,INFO,adaptador.request,false,degradado,0.5955420001555467,9176.537837187,9176.538532646,9176.537805521,9176.538432729,CIRCUIT_OPEN,2026-09-05T00:01:19.735585Z
80827865-12ff-4213-94f1-04536dc1f3b4,run1_rep1,B,OPEN,OPEN,request,CACHE,HIT,0.019332999727339484,0.5004169997846475,INFO,adaptador.request,false,degradado,0.32883399944694247,9176.540647312,9176.541128396,9176.540627979,9176.540976146,CIRCUIT_OPEN,2026-09-05T00:01:19.738129Z
ec64eef5-f72d-484b-8bc6-d1fc4342b38e,run1_rep1,B,OPEN,OPEN,request,CACHE,HIT,0.019584000256145373,0.4162500008533243,INFO,adaptador.request,false,degradado,0.34470799982955214,9176.565932771,9176.566329437,9176.565913187,9176.566277479,CIRCUIT_OPEN,2026-09-05T00:01:19.763290Z
5aa5810c-43c7-48c8-8319-d96013d7b0e9,run1_rep1,B,OPEN,OPEN,request,CACHE,HIT,0.024000000848900527,0.4854580001847353,INFO,adaptador.request,false,degradado,0.4121669990126975,9176.591986854,9176.592448312,9176.591962854,9176.592399021,CIRCUIT_OPEN,2026-09-05T00:01:19.789406Z
12a9736e-25a7-4573-a7f1-38e683e216ec,run1_rep1,B,OPEN,OPEN,request,CACHE,HIT,0.02129099993908312,0.4642080002668081,INFO,adaptador.request,false,degradado,0.3665000003820751,9176.603661437,9176.604104354,9176.603640146,9176.604027937,CIRCUIT_OPEN,2026-09-05T00:01:19.801081Z
34e4500c-70d8-48e2-8c5b-b736f602eede,run1_rep1,B,OPEN,OPEN,request,CACHE,HIT,0.04025000089313835,0.585292000323534,INFO,adaptador.request,false,degradado,0.48433299889438786,9176.645284104,9176.645829146,9176.645243854,9176.645768437,CIRCUIT_OPEN,2026-09-05T00:01:19.842785Z
45693573-2b35-4141-a21f-4b4e7aed0a47,run1_rep1,B,OPEN,OPEN,request,CACHE,HIT,0.05020800017518923,0.5925830009800848,INFO,adaptador.request,false,degradado,0.48408399925392587,9176.653328937,9176.653871312,9176.653278729,9176.653813021,CIRCUIT_OPEN,2026-09-05T00:01:19.850838Z
faae47e6-91fb-4b72-bce7-f611424ca6b6,run1_rep1,B,OPEN,OPEN,request,CACHE,HIT,0.025291999918408692,0.49020900041796267,INFO,adaptador.request,false,degradado,0.4105000007257331,9176.657093979,9176.657558896,9176.657068687,9176.657504479,CIRCUIT_OPEN,2026-09-05T00:01:19.854519Z
c2303a4a-6662-4c1c-95d9-54364d49e84b,run1_rep1,B,OPEN,OPEN,request,CACHE,HIT,0.022375001208274625,0.49479200060886797,INFO,adaptador.request,false,degradado,0.4196249992673984,9176.712835562,9176.713307979,9176.712813187,9176.713255187,CIRCUIT_OPEN,2026-09-05T00:01:19.910304Z
9de5f77b-538a-44ef-9d77-ebe060d738c7,run1_rep1,B,OPEN,OPEN,request,CACHE,HIT,0.030791999961365946,0.6110829999670386,INFO,adaptador.request,false,degradado,0.480665999930352,9176.748468271,9176.749048562,9176.748437479,9176.748948937,CIRCUIT_OPEN,2026-09-05T00:01:19.946037Z
10bdd263-2ba8-4055-b5cc-5c9233c33270,run1_rep1,B,OPEN,OPEN,request,CACHE,HIT,0.02829100048984401,0.6923750006535556,INFO,adaptador.request,false,degradado,0.5876249997527339,9176.772210187,9176.772874271,9176.772181896,9176.772797812,CIRCUIT_OPEN,2026-09-05T00:01:19.969833Z
1925aaa6-1f1b-477a-be1a-9938be314ba3,run1_rep1,B,OPEN,OPEN,request,CACHE,HIT,0.02445800055284053,0.49379099982616026,INFO,adaptador.request,false,degradado,0.4121249985473696,9176.786193354,9176.786662687,9176.786168896,9176.786605479,CIRCUIT_OPEN,2026-09-05T00:01:19.983630Z
87dda828-1536-432e-92ac-659531160f09,run1_rep1,B,OPEN,OPEN,request,CACHE,HIT,0.056582999604870565,1.5580830004182644,INFO,adaptador.request,false,degradado,1.3769590004812926,9176.851550062,9176.853051562,9176.851493479,9176.852927021,CIRCUIT_OPEN,2026-09-05T00:01:20.050285Z
b5276dd0-347f-4070-b916-a92b19af854e,run1_rep1,B,OPEN,OPEN,request,CACHE,HIT,0.02991700057464186,1.0399170005257474,INFO,adaptador.request,false,degradado,0.9747910007718019,9176.852310646,9176.853320646,9176.852280729,9176.853285437,CIRCUIT_OPEN,2026-09-05T00:01:20.050572Z
e7a0bf58-ab92-4bff-ae3a-26fbbbec6b03,run1_rep1,B,OPEN,OPEN,request,CACHE,HIT,0.02525000127207022,0.5550000005314359,INFO,adaptador.request,false,degradado,0.46187499901861884,9176.858881271,9176.859411021,9176.858856021,9176.859343146,CIRCUIT_OPEN,2026-09-05T00:01:20.056403Z
ea86f7de-8cd1-4943-8122-4be8d82c9a1c,run1_rep1,B,OPEN,OPEN,request,CACHE,HIT,0.053375000788946636,0.7010410008660983,INFO,adaptador.request,false,degradado,0.5690830003004521,9176.900793396,9176.901441062,9176.900740021,9176.901362479,CIRCUIT_OPEN,2026-09-05T00:01:20.098419Z
01bbdd4f-009a-4131-8fd4-324f3016182d,run1_rep1,B,OPEN,OPEN,request,CACHE,HIT,0.05400000009103678,0.7685420005145716,INFO,adaptador.request,false,degradado,0.618582998868078,9176.943369479,9176.944084021,9176.943315479,9176.943988062,CIRCUIT_OPEN,2026-09-05T00:01:20.141057Z
d4d1b06a-8b01-467e-87c3-220613d7e66d,run1_rep1,B,OPEN,OPEN,request,CACHE,HIT,0.055250000514206477,0.9708750003483146,INFO,adaptador.request,false,degradado,0.8080419993348187,9177.013566854,9177.014482479,9177.013511604,9177.014374896,CIRCUIT_OPEN,2026-09-05T00:01:20.211479Z
eb0cbb52-ebef-4518-87de-5a07162e5543,run1_rep1,B,OPEN,OPEN,request,CACHE,HIT,0.05220800085226074,0.7585830007883487,INFO,adaptador.request,false,degradado,0.6072090000088792,9177.028340187,9177.029046562,9177.028287979,9177.028947396,CIRCUIT_OPEN,2026-09-05T00:01:20.226014Z
de3e0690-db9c-49f3-9f7a-545d0abcc662,run1_rep1,B,OPEN,OPEN,request,CACHE,HIT,0.044459000491769984,0.9975420016417047,INFO,adaptador.request,false,degradado,0.8596660009061452,9177.044310271,9177.045263354,9177.044265812,9177.045169937,CIRCUIT_OPEN,2026-09-05T00:01:20.242244Z
5af7763f-10c5-4a19-8d64-8f9adf693e21,run1_rep1,B,OPEN,OPEN,request,CACHE,HIT,0.018500000805943273,0.7942920001369203,INFO,adaptador.request,false,degradado,0.730624999050633,9177.045048062,9177.045823854,9177.045029562,9177.045778687,CIRCUIT_OPEN,2026-09-05T00:01:20.243026Z
de2a8875-f13e-4d48-b051-fdebe1547a12,run1_rep1,B,OPEN,OPEN,request,CACHE,HIT,0.040666998756933026,0.6644579989369959,INFO,adaptador.request,false,degradado,0.5377910001698183,9177.058425021,9177.059048812,9177.058384354,9177.058962812,CIRCUIT_OPEN,2026-09-05T00:01:20.256026Z
ac3faf36-7fc4-41b6-9cde-88aae77a6832,run1_rep1,B,OPEN,OPEN,request,CACHE,HIT,0.027541000235942192,0.6326250004349276,INFO,adaptador.request,false,degradado,0.5285420011205133,9177.071145937,9177.071751021,9177.071118396,9177.071674479,CIRCUIT_OPEN,2026-09-05T00:01:20.268717Z
65823227-4272-4520-8d9a-5e5fd94eb1de,run1_rep1,B,OPEN,OPEN,request,CACHE,HIT,0.04229099977237638,0.6941249994270038,INFO,adaptador.request,false,degradado,0.5753749992436497,9177.097453979,9177.098105813,9177.097411688,9177.098029354,CIRCUIT_OPEN,2026-09-05T00:01:20.295071Z
58abae2d-4be7-4f4c-8e6e-dac278eb1986,run1_rep1,B,OPEN,OPEN,request,CACHE,HIT,0.052167000831104815,0.969583999903989,INFO,adaptador.request,false,degradado,0.8084580003924202,9177.168570271,9177.169487688,9177.168518104,9177.169378729,CIRCUIT_OPEN,2026-09-05T00:01:20.366478Z
04898518-c201-4395-aa53-4df3bc6b2514,run1_rep1,B,OPEN,OPEN,request,CACHE,HIT,0.04520800030149985,0.8189999989554053,INFO,adaptador.request,false,degradado,0.6772919987270143,9177.190165354,9177.190939146,9177.190120146,9177.190842646,CIRCUIT_OPEN,2026-09-05T00:01:20.387946Z
439a88fe-f570-4563-9f54-c175b5cfc7e3,run1_rep1,B,OPEN,OPEN,request,CACHE,HIT,0.04195800102024805,0.7417079996230314,INFO,adaptador.request,false,degradado,0.6167920000734739,9177.213426521,9177.214126271,9177.213384563,9177.214043313,CIRCUIT_OPEN,2026-09-05T00:01:20.411094Z
5fb83de1-6829-45a4-a716-3405d82a1f81,run1_rep1,B,OPEN,OPEN,request,CACHE,HIT,0.03854199894703925,0.6402919989341171,INFO,adaptador.request,false,degradado,0.5352080006559845,9177.230611021,9177.231212771,9177.230572479,9177.231146229,CIRCUIT_OPEN,2026-09-05T00:01:20.428195Z
7ecbcc7d-783f-4a04-94f0-6d366864d418,run1_rep1,B,OPEN,OPEN,request,CACHE,HIT,0.04120799894735683,0.7370000002993038,INFO,adaptador.request,false,degradado,0.6122080012573861,9177.307932396,9177.308628188,9177.307891188,9177.308544604,CIRCUIT_OPEN,2026-09-05T00:01:20.505663Z
0cc9b2d6-75d6-4f09-b2f3-3be838847e9f,run1_rep1,B,OPEN,OPEN,request,CACHE,HIT,0.062040999182499945,1.1906250001629815,INFO,adaptador.request,false,degradado,1.0267090001434553,9177.353189479,9177.354318063,9177.353127438,9177.354216188,CIRCUIT_OPEN,2026-09-05T00:01:20.551332Z
249e1221-1038-4530-93fc-73ca66590f5f,run1_rep1,B,OPEN,OPEN,request,CACHE,HIT,0.020874998881481588,1.2824999994336395,INFO,adaptador.request,false,degradado,1.2105420009902446,9177.353708354,9177.354969979,9177.353687479,9177.354918896,CIRCUIT_OPEN,2026-09-05T00:01:20.552352Z
c06a4278-6a92-43e5-818e-a3d822c083cf,run1_rep1,B,OPEN,OPEN,request,CACHE,HIT,0.03737500082934275,0.7269580000865972,INFO,adaptador.request,false,degradado,0.6189579999045236,9177.364600813,9177.365290396,9177.364563438,9177.365219771,CIRCUIT_OPEN,2026-09-05T00:01:20.562279Z
2ac2b4fe-1cac-43fc-a504-5e02fdb5d3ca,run1_rep1,B,OPEN,OPEN,request,CACHE,HIT,0.023583999791298993,0.43395899956522044,INFO,adaptador.request,false,degradado,0.34862499887822196,9177.369247688,9177.369658063,9177.369224104,9177.369596313,CIRCUIT_OPEN,2026-09-05T00:01:20.566637Z
89ccd9bf-4ffc-4d22-a2c0-ef6f14ea45b6,run1_rep1,B,OPEN,OPEN,request,CACHE,HIT,0.05654199958371464,1.0028750002675224,INFO,adaptador.request,false,degradado,0.8212080010707723,9177.445783688,9177.446730021,9177.445727146,9177.446604896,CIRCUIT_OPEN,2026-09-05T00:01:20.643799Z
df0714f1-b563-491c-9094-f84a15998d1f,run1_rep1,B,OPEN,OPEN,request,CACHE,HIT,0.04812499901163392,0.7277499989868375,INFO,adaptador.request,false,degradado,0.5882919995201519,9177.478670854,9177.479350479,9177.478622729,9177.479259146,CIRCUIT_OPEN,2026-09-05T00:01:20.676341Z
f95ef970-ed29-4035-8c26-89336710ace1,run1_rep1,B,OPEN,OPEN,request,CACHE,HIT,0.042584000766510144,0.7100839993654517,INFO,adaptador.request,false,degradado,0.5881659999431577,9177.515464063,9177.516131563,9177.515421479,9177.516052229,CIRCUIT_OPEN,2026-09-05T00:01:20.713131Z
c1d324df-35b2-4190-a24b-de622292d82c,run1_rep1,B,OPEN,OPEN,request,CACHE,HIT,0.03737500082934275,0.6202080003276933,INFO,adaptador.request,false,degradado,0.5093749987281626,9177.537347813,9177.537930646,9177.537310438,9177.537857188,CIRCUIT_OPEN,2026-09-05T00:01:20.734935Z
26d5d017-647c-42b4-be20-2a676ff5ffd3,run1_rep1,B,OPEN,OPEN,request,CACHE,HIT,0.028791999284294434,0.49737499830371235,INFO,adaptador.request,false,degradado,0.38099999983387534,9177.539642521,9177.540111104,9177.539613729,9177.540023521,CIRCUIT_OPEN,2026-09-05T00:01:20.737146Z
5300cf60-9ad7-4ba3-ac54-cf642bd88bf7,run1_rep1,B,OPEN,OPEN,request,CACHE,HIT,0.03654099964478519,0.6636250000155997,INFO,adaptador.request,false,degradado,0.5406669988587964,9177.588749229,9177.589376313,9177.588712688,9177.589289896,CIRCUIT_OPEN,2026-09-05T00:01:20.786367Z
cbe8829a-2ef7-4adf-b5eb-fd435ac51013,run1_rep1,B,OPEN,OPEN,request,CACHE,HIT,0.03945800017390866,0.46875000043655746,INFO,adaptador.request,false,degradado,0.3574170004867483,9177.619024229,9177.619453521,9177.618984771,9177.619381646,CIRCUIT_OPEN,2026-09-05T00:01:20.816446Z
e9ab910e-a4e2-4a7a-bf35-663fb2e22ab5,run1_rep1,B,OPEN,OPEN,request,CACHE,HIT,0.04749999970954377,0.775124999563559,INFO,adaptador.request,false,degradado,0.6245829990803031,9177.680955771,9177.681683396,9177.680908271,9177.681580354,CIRCUIT_OPEN,2026-09-05T00:01:20.878688Z
67849d21-269a-4f3a-8adb-b729edbd23ff,run1_rep1,B,OPEN,OPEN,request,CACHE,HIT,0.040333001379622146,0.5537500001082662,INFO,adaptador.request,false,degradado,0.4378749999887077,9177.691154771,9177.691668188,9177.691114438,9177.691592646,CIRCUIT_OPEN,2026-09-05T00:01:20.888648Z
c897b8f2-e1a6-44df-9da4-ec8b0ab212c7,run1_rep1,B,OPEN,OPEN,request,CACHE,HIT,0.04958399949828163,0.8311249985126778,INFO,adaptador.request,false,degradado,0.6896659997437382,9177.730709063,9177.731490604,9177.730659479,9177.731398729,CIRCUIT_OPEN,2026-09-05T00:01:20.928468Z
0d249859-ef04-47cb-94a4-49b899fec935,run1_rep1,B,OPEN,OPEN,request,CACHE,HIT,0.04962499951943755,0.8307909993163776,INFO,adaptador.request,false,degradado,0.6885410002723802,9177.804451605,9177.805232771,9177.80440198,9177.805140146,CIRCUIT_OPEN,2026-09-05T00:01:21.002211Z
7d57ad6b-8626-46c9-8860-16fa95cc4ed9,run1_rep1,B,OPEN,OPEN,request,CACHE,HIT,0.04400000034365803,0.8824590004223865,INFO,adaptador.request,false,degradado,0.6263750001380686,9177.816556771,9177.81739523,9177.816512771,9177.817183146,CIRCUIT_OPEN,2026-09-05T00:01:21.014474Z
2eb62101-5a1c-498d-a7a0-4f6ec34f00c3,run1_rep1,B,OPEN,OPEN,request,CACHE,HIT,0.034374999813735485,0.6969999994907994,INFO,adaptador.request,false,degradado,0.5725419996451819,9177.819378896,9177.820041521,9177.819344521,9177.819951438,CIRCUIT_OPEN,2026-09-05T00:01:21.017030Z
8f04555e-e1be-4247-b47d-384e3f4ba187,run1_rep1,B,OPEN,OPEN,request,CACHE,HIT,0.024417000531684607,0.5682089995389106,INFO,adaptador.request,false,degradado,0.4501669991441304,9177.826330563,9177.826874355,9177.826306146,9177.82678073,CIRCUIT_OPEN,2026-09-05T00:01:21.023881Z
567e1692-f95b-4fb3-b96b-1a9e7711a0ff,run1_rep1,B,OPEN,OPEN,request,CACHE,HIT,0.07233300129882991,1.1023750012100209,INFO,adaptador.request,false,degradado,0.8710839993000263,9177.886677021,9177.887707063,9177.886604688,9177.887548105,CIRCUIT_OPEN,2026-09-05T00:01:21.084709Z
3302eeeb-d061-4842-b893-118c4efdcc00,run1_rep1,B,OPEN,OPEN,request,CACHE,HIT,0.02991600013046991,0.5770410007244209,INFO,adaptador.request,false,degradado,0.4789590002474142,9177.945126396,9177.945673521,9177.94509648,9177.945605355,CIRCUIT_OPEN,2026-09-05T00:01:21.142652Z
f7f2e94a-8156-4278-be08-4dba39d5bc0d,run1_rep1,B,OPEN,OPEN,request,CACHE,HIT,0.03229200046916958,0.5624580007861368,INFO,adaptador.request,false,degradado,0.4643749998649582,9177.96722823,9177.967758396,9177.967195938,9177.967692605,CIRCUIT_OPEN,2026-09-05T00:01:21.164728Z
96a13705-03f3-44ee-8c2f-8003d7c76a36,run1_rep1,B,OPEN,OPEN,request,CACHE,HIT,0.01887500002339948,0.5570840003201738,INFO,adaptador.request,false,degradado,0.4934999997203704,9177.970853771,9177.97139198,9177.970834896,9177.971347271,CIRCUIT_OPEN,2026-09-05T00:01:21.168340Z
1ca285f9-243e-4145-be57-137daf6383d3,run1_rep1,B,OPEN,OPEN,request,CACHE,HIT,0.018790999092743732,0.42020799992315006,INFO,adaptador.request,false,degradado,0.3483340005914215,9177.977482146,9177.977883563,9177.977463355,9177.97783048,CIRCUIT_OPEN,2026-09-05T00:01:21.174852Z
42509f11-baca-4cde-9aad-53c3a117f6cd,run1_rep1,B,OPEN,OPEN,request,CACHE,HIT,0.03783300053328276,0.5857079995621461,INFO,adaptador.request,false,degradado,0.4760840001836186,9178.003755521,9178.004303396,9178.003717688,9178.004231605,CIRCUIT_OPEN,2026-09-05T00:01:21.201273Z
b871332b-c77c-4408-b2aa-4ed998e17654,run1_rep1,B,OPEN,OPEN,request,CACHE,HIT,0.04524999894783832,0.6644169989158399,INFO,adaptador.request,false,degradado,0.544625001566601,9178.029811313,9178.03043048,9178.029766063,9178.030355938,CIRCUIT_OPEN,2026-09-05T00:01:21.227413Z
3acaf6f1-c3a0-4fbb-a9aa-ddba13fb4f35,run1_rep1,B,OPEN,OPEN,request,CACHE,HIT,0.020249999579391442,0.7790830004523741,INFO,adaptador.request,false,degradado,0.6724580016452819,9178.031318188,9178.032077021,9178.031297938,9178.031990646,CIRCUIT_OPEN,2026-09-05T00:01:21.229055Z
3c2e7de4-3007-46d0-b259-59c446897cf7,run1_rep1,B,OPEN,OPEN,request,CACHE,HIT,0.029458999051712453,0.7204590001492761,INFO,adaptador.request,false,degradado,0.5792909996671369,9178.06340673,9178.06409773,9178.063377271,9178.063986021,CIRCUIT_OPEN,2026-09-05T00:01:21.261095Z
8987efd5-290c-4ca9-963c-ce189b132502,run1_rep1,B,OPEN,OPEN,request,CACHE,HIT,0.06399999983841553,0.8312909994856454,INFO,adaptador.request,false,degradado,0.6333330002235016,9178.19530173,9178.196069021,9178.19523773,9178.195935063,CIRCUIT_OPEN,2026-09-05T00:01:21.393076Z
92e5fd6d-5a15-4884-8eb8-ae2cf9b18f9f,run1_rep1,B,OPEN,OPEN,request,CACHE,HIT,0.035584000215749256,0.6457500003307359,INFO,adaptador.request,false,degradado,0.5226659995969385,9178.20890198,9178.209512146,9178.208866396,9178.209424646,CIRCUIT_OPEN,2026-09-05T00:01:21.406504Z
82b37968-59f3-46a1-b2d1-2c1337d88b2d,run1_rep1,B,OPEN,OPEN,request,CACHE,HIT,0.07462500070687383,0.8578329998272238,INFO,adaptador.request,false,degradado,0.6752079989382764,9178.295035105,9178.295818313,9178.29496048,9178.295710313,CIRCUIT_OPEN,2026-09-05T00:01:21.492837Z
831deaf6-d1ca-46a3-b7eb-688fbb6f06a2,run1_rep1,B,OPEN,OPEN,request,CACHE,HIT,0.04366599932836834,0.6914999994478421,INFO,adaptador.request,false,degradado,0.5594590002147015,9178.315643896,9178.31629173,9178.31560023,9178.316203355,CIRCUIT_OPEN,2026-09-05T00:01:21.513284Z
7f3c639f-a0d4-4b4a-a22d-f37606eb42c2,run1_rep1,B,OPEN,OPEN,request,CACHE,HIT,0.04995800009055529,0.8686669989401707,INFO,adaptador.request,false,degradado,0.626666998869041,9178.335280146,9178.336098855,9178.335230188,9178.335906813,CIRCUIT_OPEN,2026-09-05T00:01:21.533214Z
b16e497f-e8e0-4520-a1d4-37e559db80d8,run1_rep1,B,OPEN,OPEN,request,CACHE,HIT,0.04400000034365803,0.7538329991803039,INFO,adaptador.request,false,degradado,0.6288329987000907,9178.357499813,9178.358209646,9178.357455813,9178.358128646,CIRCUIT_OPEN,2026-09-05T00:01:21.555183Z
d2011bc8-d6c0-401b-ad03-ba2863036b9b,run1_rep1,B,OPEN,OPEN,request,CACHE,HIT,0.032291998650180176,0.6800840001233155,INFO,adaptador.request,false,degradado,0.5776250000053551,9178.369944813,9178.370592605,9178.369912521,9178.370522438,CIRCUIT_OPEN,2026-09-05T00:01:21.567568Z
93f69969-4139-4caf-a221-f74604922dc1,run1_rep1,B,OPEN,OPEN,request,CACHE,HIT,0.02391599991824478,0.44787499973608647,INFO,adaptador.request,false,degradado,0.37133399928279687,9178.375524396,9178.375948355,9178.37550048,9178.37589573,CIRCUIT_OPEN,2026-09-05T00:01:21.572904Z
fa37cdf8-06fc-4a5c-b1e4-2026e53ec480,run1_rep1,B,OPEN,OPEN,request,CACHE,HIT,0.01383400012855418,0.8104589996946743,INFO,adaptador.request,false,degradado,0.7456250004906906,9178.41112698,9178.411923605,9178.411113146,9178.411872605,CIRCUIT_OPEN,2026-09-05T00:01:21.608870Z
ec6c694c-0f87-4c06-bc5d-6f7febe2739c,run1_rep1,B,OPEN,OPEN,request,CACHE,HIT,0.02312499964318704,0.9353749992442317,INFO,adaptador.request,false,degradado,0.8490830005030148,9178.410744605,9178.411656855,9178.41072148,9178.411593688,CIRCUIT_OPEN,2026-09-05T00:01:21.609053Z
621a6d12-bfc5-40df-894f-9e65370b851f,run1_rep1,B,OPEN,OPEN,request,CACHE,HIT,0.04224999975122046,0.781374999860418,INFO,adaptador.request,false,degradado,0.6270000012591481,9178.518418188,9178.519157313,9178.518375938,9178.519045188,CIRCUIT_OPEN,2026-09-05T00:01:21.716160Z
a0d5625c-9e4f-4bf3-9d20-a4ed92d6c9db,run1_rep1,B,OPEN,OPEN,request,CACHE,HIT,0.023708000298938714,0.4758750001201406,INFO,adaptador.request,false,degradado,0.3913749987987103,9178.524226355,9178.524678522,9178.524202647,9178.52461773,CIRCUIT_OPEN,2026-09-05T00:01:21.721646Z
f44bc951-c255-4f1e-8c9c-7f6039d6b5c1,run1_rep1,B,OPEN,OPEN,request,CACHE,HIT,0.022583999452763237,0.46012500024517067,INFO,adaptador.request,false,degradado,0.38929100082896184,9178.545678272,9178.546115813,9178.545655688,9178.546067563,CIRCUIT_OPEN,2026-09-05T00:01:21.743067Z
45848e31-7d0f-489f-a62e-7b2d5edd6295,run1_rep1,B,OPEN,OPEN,request,CACHE,HIT,0.052584000513888896,0.9035420007421635,INFO,adaptador.request,false,degradado,0.7525410001107957,9178.632765397,9178.633616355,9178.632712813,9178.633517938,CIRCUIT_OPEN,2026-09-05T00:01:21.830611Z
322e64c1-6973-4305-b1bb-806e2805542e,run1_rep1,B,OPEN,OPEN,request,CACHE,HIT,0.05279200013319496,0.8214999998017447,INFO,adaptador.request,false,degradado,0.664166998831206,9178.64825598,9178.649024688,9178.648203188,9178.648920147,CIRCUIT_OPEN,2026-09-05T00:01:21.846016Z
b1b1d7a5-4f23-4084-83ff-91f070356b8d,run1_rep1,B,OPEN,OPEN,request,CACHE,HIT,0.03216600089217536,0.5765830010204809,INFO,adaptador.request,false,degradado,0.48087499999383,9178.653792813,9178.65433723,9178.653760647,9178.654273688,CIRCUIT_OPEN,2026-09-05T00:01:21.851318Z
9a212135-3dcd-4dfd-8655-25a2dc5f40f0,run1_rep1,B,OPEN,OPEN,request,CACHE,HIT,0.054874999477760866,1.248791999387322,INFO,adaptador.request,false,degradado,1.0723340001277393,9178.712970188,9178.714164105,9178.712915313,9178.714042522,CIRCUIT_OPEN,2026-09-05T00:01:21.911170Z
ca4c4fe3-1f17-4d77-9efe-f883eba5347d,run1_rep1,B,OPEN,OPEN,request,CACHE,HIT,0.04504200114752166,0.9169170007226057,INFO,adaptador.request,false,degradado,0.7725420000497252,9178.761405605,9178.76227748,9178.761360563,9178.762178147,CIRCUIT_OPEN,2026-09-05T00:01:21.959275Z
27aa869e-e330-4e07-b8c2-839656e72a21,run1_rep1,B,OPEN,OPEN,request,CACHE,HIT,0.03829100023722276,0.7029579992376966,INFO,adaptador.request,false,degradado,0.6089999988034833,9178.819608813,9178.82027348,9178.819570522,9178.820217813,CIRCUIT_OPEN,2026-09-05T00:01:22.017221Z
7f37a3ae-6e9e-4a30-8fe9-ecb82ed8abc1,run1_rep1,B,OPEN,OPEN,request,CACHE,HIT,0.052041999879293144,0.8642920001875609,INFO,adaptador.request,false,degradado,0.7252499999594875,9178.82928573,9178.83009798,9178.829233688,9178.83001098,CIRCUIT_OPEN,2026-09-05T00:01:22.027067Z
2cb393e5-1dae-4ae2-803e-27b04efc597c,run1_rep1,B,OPEN,OPEN,request,CACHE,HIT,0.026292000256944448,0.6010840006638318,INFO,adaptador.request,false,degradado,0.5113750012242235,9178.832692855,9178.833267647,9178.832666563,9178.83320423,CIRCUIT_OPEN,2026-09-05T00:01:22.030250Z
30e52ab7-501c-4d9c-84e5-fd633d369bb1,run1_rep1,B,OPEN,OPEN,request,CACHE,HIT,0.029041999368928373,0.5973749994154787,INFO,adaptador.request,false,degradado,0.5075829994893866,9178.867700355,9178.868268688,9178.867671313,9178.868207938,CIRCUIT_OPEN,2026-09-05T00:01:22.065229Z
17a83f50-5a15-4de3-a810-b7373a0f3d9e,run1_rep1,B,OPEN,OPEN,request,CACHE,HIT,0.0412499994126847,1.4011669991305098,INFO,adaptador.request,false,degradado,1.2426670000422746,9178.924136438,9178.925496355,9178.924095188,9178.925379105,CIRCUIT_OPEN,2026-09-05T00:01:22.122834Z
0d8b8cd1-d777-41f4-a47c-82e788b41e14,run1_rep1,B,OPEN,OPEN,request,CACHE,HIT,0.02312499964318704,1.151124999523745,INFO,adaptador.request,false,degradado,1.075166999726207,9178.924721313,9178.925849313,9178.924698188,9178.92579648,CIRCUIT_OPEN,2026-09-05T00:01:22.123151Z
64609a9c-d7bd-4709-a70a-b87c7f3daf70,run1_rep1,B,OPEN,OPEN,request,CACHE,HIT,0.05566599975281861,0.9701250000944128,INFO,adaptador.request,false,degradado,0.7889169992267853,9178.991334688,9178.992249147,9178.991279022,9178.992123605,CIRCUIT_OPEN,2026-09-05T00:01:22.189256Z
db438b62-ed64-4e42-9fa9-a1c39ef55094,run1_rep1,B,OPEN,OPEN,request,CACHE,HIT,0.02925000080722384,0.9689580001577269,INFO,adaptador.request,false,degradado,0.8706659991730703,9178.996417397,9178.997357105,9178.996388147,9178.997288063,CIRCUIT_OPEN,2026-09-05T00:01:22.194339Z
e9daa012-badf-4536-b3e7-03d313e4cb74,run1_rep1,B,OPEN,OPEN,request,CACHE,HIT,0.05529199916054495,1.0552919993642718,INFO,adaptador.request,false,degradado,0.8948750000854488,9179.12055873,9179.12155873,9179.120503438,9179.121453605,CIRCUIT_OPEN,2026-09-05T00:01:22.318541Z
3ac93fa9-8c0d-4769-99d1-668429742096,run1_rep1,B,OPEN,OPEN,request,CACHE,HIT,0.02912499985541217,0.6395420004992047,INFO,adaptador.request,false,degradado,0.5279580000205897,9179.129848105,9179.130458522,9179.12981898,9179.130376063,CIRCUIT_OPEN,2026-09-05T00:01:22.327449Z
ed50c432-e8cf-489f-8174-4504caba3df7,run1_rep1,B,OPEN,OPEN,request,CACHE,HIT,0.022542000806424767,0.4087090001121396,INFO,adaptador.request,false,degradado,0.3391249993001111,9179.13850973,9179.138895897,9179.138487188,9179.138848855,CIRCUIT_OPEN,2026-09-05T00:01:22.335852Z
91f5607c-02a8-432f-9cd8-4de6cf051d41,run1_rep1,B,OPEN,OPEN,request,CACHE,HIT,0.03925000055460259,0.6532080005854368,INFO,adaptador.request,false,degradado,0.5328749994077953,9179.175381522,9179.17599548,9179.175342272,9179.175914397,CIRCUIT_OPEN,2026-09-05T00:01:22.372998Z
2aa74537-38e2-4eba-afa8-dc3a8a6ade88,run1_rep1,B,OPEN,OPEN,request,CACHE,HIT,0.039832999391364865,1.24770799993712,INFO,adaptador.request,false,degradado,1.1262499992881203,9179.203711647,9179.204919522,9179.203671814,9179.204837897,CIRCUIT_OPEN,2026-09-05T00:01:22.401933Z
305e3ec3-c0e4-4f95-a49d-43e5ca310a4c,run1_rep1,B,OPEN,OPEN,request,CACHE,HIT,0.051125000027241185,0.7468750009138603,INFO,adaptador.request,false,degradado,0.60124999981781,9179.253260647,9179.253956397,9179.253209522,9179.253861897,CIRCUIT_OPEN,2026-09-05T00:01:22.450971Z
58ef3fbe-77fe-4419-bf6a-ba576eaf6135,run1_rep1,B,OPEN,OPEN,request,CACHE,HIT,0.04758300019602757,0.9450830002606381,INFO,adaptador.request,false,degradado,0.8079580002231523,9179.290338522,9179.291236022,9179.290290939,9179.29114648,CIRCUIT_OPEN,2026-09-05T00:01:22.488235Z
802269e7-f2dd-475a-af61-407c358b2aa9,run1_rep1,B,OPEN,OPEN,request,CACHE,HIT,0.024541999664506875,0.5075000008218922,INFO,adaptador.request,false,degradado,0.4107080003450392,9179.310760314,9179.311243272,9179.310735772,9179.311171022,CIRCUIT_OPEN,2026-09-05T00:01:22.508237Z
b376cc17-845b-40a5-a834-1c58e22d81af,run1_rep1,B,OPEN,OPEN,request,CACHE,HIT,0.017250000382773578,0.3971660007664468,INFO,adaptador.request,false,degradado,0.3207909994671354,9179.334186189,9179.334566105,9179.334168939,9179.33450698,CIRCUIT_OPEN,2026-09-05T00:01:22.531543Z
d90f8b90-b95c-497c-a240-0c472ec614e5,run1_rep1,B,OPEN,OPEN,request,CACHE,HIT,0.04325000008975621,0.8025419992918614,INFO,adaptador.request,false,degradado,0.6601669992960524,9179.384168647,9179.384927939,9179.384125397,9179.384828814,CIRCUIT_OPEN,2026-09-05T00:01:22.581948Z
09c77bd2-9a95-4b10-a062-48ca652650a6,run1_rep1,B,OPEN,OPEN,request,CACHE,HIT,0.0369160006812308,0.6680830010736827,INFO,adaptador.request,false,degradado,0.5353750002541346,9179.39641648,9179.397047647,9179.396379564,9179.396951855,CIRCUIT_OPEN,2026-09-05T00:01:22.594065Z
b440f8c6-c11a-449e-82c4-6683fb291187,run1_rep1,B,OPEN,OPEN,request,CACHE,HIT,0.026749999960884452,0.6680829992546933,INFO,adaptador.request,false,degradado,0.5697500000678701,9179.401685772,9179.402327105,9179.401659022,9179.402255522,CIRCUIT_OPEN,2026-09-05T00:01:22.599327Z
41b3ecbb-8fbb-4846-b27a-26c0d9ce418e,run1_rep1,B,OPEN,OPEN,request,CACHE,HIT,0.0563749999855645,1.2165419993834803,INFO,adaptador.request,false,degradado,1.065708000169252,9179.476352772,9179.477512939,9179.476296397,9179.47741848,CIRCUIT_OPEN,2026-09-05T00:01:22.674503Z
60126029-6b5d-404b-8a23-a795a24b7289,run1_rep1,B,OPEN,OPEN,request,CACHE,HIT,0.029291999453562312,0.9902499987219926,INFO,adaptador.request,false,degradado,0.9108750000450527,9179.477286022,9179.47824698,9179.47725673,9179.478196897,CIRCUIT_OPEN,2026-09-05T00:01:22.675374Z
2efcd64a-f604-4a01-ab34-7364338cece4,run1_rep1,B,OPEN,OPEN,request,CACHE,HIT,0.044499998693936504,0.7257909983309219,INFO,adaptador.request,false,degradado,0.592250000408967,9179.536535189,9179.53721648,9179.536490689,9179.537127439,CIRCUIT_OPEN,2026-09-05T00:01:22.734193Z
2421f853-226f-4960-9e58-c43fc5feacaa,run1_rep1,B,OPEN,OPEN,request,CACHE,HIT,0.04937499943480361,0.6386669992934912,INFO,adaptador.request,false,degradado,0.519041999723413,9179.577149522,9179.577738814,9179.577100147,9179.577668564,CIRCUIT_OPEN,2026-09-05T00:01:22.774712Z
3a2eaf84-6805-4f42-99d1-d6f7144c2cd2,run1_rep1,B,OPEN,OPEN,request,CACHE,HIT,0.04183300006843638,0.5438749994937098,INFO,adaptador.request,false,degradado,0.4112919996259734,9179.60052548,9179.601027522,9179.600483647,9179.600936772,CIRCUIT_OPEN,2026-09-05T00:01:22.798028Z
aeabe282-6370-4b0c-bcba-3534ceb930e4,run1_rep1,B,OPEN,OPEN,request,CACHE,HIT,0.05337499896995723,0.7913749996077968,INFO,adaptador.request,false,degradado,0.6442499998229323,9179.683542939,9179.684280939,9179.683489564,9179.684187189,CIRCUIT_OPEN,2026-09-05T00:01:22.881265Z
73e79e73-a096-45c8-85d7-c526b2b119c2,run1_rep1,B,OPEN,OPEN,request,CACHE,HIT,0.029000000722589903,0.617666999460198,INFO,adaptador.request,false,degradado,0.5130829995323438,9179.689122522,9179.689711189,9179.689093522,9179.689635605,CIRCUIT_OPEN,2026-09-05T00:01:22.886704Z
5332445b-c7fb-4a32-b361-5a3da653d3a0,run1_rep1,B,OPEN,OPEN,request,CACHE,HIT,0.03149999974993989,0.6900419994053664,INFO,adaptador.request,false,degradado,0.5806250010209624,9179.72688923,9179.727547772,9179.72685773,9179.727469855,CIRCUIT_OPEN,2026-09-05T00:01:22.924607Z
8f89610e-b727-4c51-aad8-c7675b5f62d8,run1_rep1,B,OPEN,OPEN,request,CACHE,HIT,0.024208000468206592,0.4885420003120089,INFO,adaptador.request,false,degradado,0.39887499951873906,9179.73016823,9179.730632564,9179.730144022,9179.730567105,CIRCUIT_OPEN,2026-09-05T00:01:22.927622Z
e91f1cab-3cba-46e0-8a89-ba6a3ff37b04,run1_rep1,B,OPEN,OPEN,request,CACHE,HIT,0.0380000001314329,0.6492079992312938,INFO,adaptador.request,false,degradado,0.5305829999997513,9179.776615564,9179.777226772,9179.776577564,9179.777146147,CIRCUIT_OPEN,2026-09-05T00:01:22.974224Z
3e2366db-1a64-4c2e-b633-e44d6920a200,run1_rep1,B,OPEN,OPEN,request,CACHE,HIT,0.051541999710025266,0.894333999895025,INFO,adaptador.request,false,degradado,0.7288750002771849,9179.824320147,9179.825162939,9179.824268605,9179.825049022,CIRCUIT_OPEN,2026-09-05T00:01:23.022160Z
23a4de8a-0192-464e-b5fa-40e6080a32ba,run1_rep1,B,OPEN,OPEN,request,CACHE,HIT,0.0535830004082527,1.659790999838151,INFO,adaptador.request,false,degradado,1.4599999994970858,9179.871147647,9179.872753855,9179.871094064,9179.872607647,CIRCUIT_OPEN,2026-09-05T00:01:23.070339Z
0f54cd3f-350e-4b16-8032-a10502a3940f,run1_rep1,B,OPEN,OPEN,request,CACHE,HIT,0.018834000002243556,1.5316669996536803,INFO,adaptador.request,false,degradado,1.3854579992766958,9179.871769064,9179.873281897,9179.87175023,9179.873154522,CIRCUIT_OPEN,2026-09-05T00:01:23.070765Z
715057b7-d635-4b12-8612-b285113000d7,run1_rep1,B,OPEN,OPEN,request,CACHE,HIT,0.024124999981722794,3.2420829993498046,INFO,adaptador.request,false,degradado,3.1267919985111803,9179.874626897,9179.877844855,9179.874602772,9179.877753689,CIRCUIT_OPEN,2026-09-05T00:01:23.075937Z
ba5195a5-a3df-4f63-a707-fe658ddee3b6,run1_rep1,B,OPEN,OPEN,request,CACHE,HIT,0.015749999874969944,2.71808300021803,INFO,adaptador.request,false,degradado,2.6230410003336146,9179.875822564,9179.878524897,9179.875806814,9179.878445605,CIRCUIT_OPEN,2026-09-05T00:01:23.076440Z
1b0ba52e-2d3a-4c03-8cdb-c46e2b699128,run1_rep1,B,OPEN,OPEN,request,CACHE,HIT,0.01808299930416979,2.079500000036205,INFO,adaptador.request,false,degradado,1.9997500003228197,9179.87686423,9179.878925647,9179.876846147,9179.87886398,CIRCUIT_OPEN,2026-09-05T00:01:23.076730Z
b8ae7539-bbc5-4c78-8ada-1b02d2a4aa84,run1_rep1,B,OPEN,OPEN,request,CACHE,HIT,0.021083000319777057,0.4102500006410992,INFO,adaptador.request,false,degradado,0.3349999988131458,9179.945469189,9179.945858356,9179.945448106,9179.945804189,CIRCUIT_OPEN,2026-09-05T00:01:23.142816Z
46631972-1533-463e-928d-014353507993,run1_rep1,B,OPEN,OPEN,request,CACHE,HIT,0.01650000012887176,0.3338329988764599,INFO,adaptador.request,false,degradado,0.2708329993765801,9179.983783314,9179.984100647,9179.983766814,9179.984054147,CIRCUIT_OPEN,2026-09-05T00:01:23.181056Z
8a1f4412-c665-4456-8286-2b7499f8642b,run1_rep1,B,OPEN,OPEN,request,CACHE,HIT,0.02008400042541325,0.4088750010851072,INFO,adaptador.request,false,degradado,0.34050000067509245,9180.044730606,9180.045119397,9180.044710522,9180.045071106,CIRCUIT_OPEN,2026-09-05T00:01:23.242076Z
c3721d2f-0162-4361-8557-4e8bf400d5b9,run1_rep1,B,OPEN,OPEN,request,CACHE,HIT,0.041917000999092124,0.6885000002512243,INFO,adaptador.request,false,degradado,0.5625829999189591,9180.073302106,9180.073948689,9180.073260189,9180.073864689,CIRCUIT_OPEN,2026-09-05T00:01:23.270960Z
614188fd-9b30-4649-bee2-a68eec4cd80e,run1_rep1,B,OPEN,OPEN,request,CACHE,HIT,0.03741699947568122,1.030666999213281,INFO,adaptador.request,false,degradado,0.9051249999174615,9180.112577689,9180.113570939,9180.112540272,9180.113482814,CIRCUIT_OPEN,2026-09-05T00:01:23.310773Z
2bbe7ef9-5f45-4be6-8ffc-2344a0373f26,run1_rep1,B,OPEN,OPEN,request,CACHE,HIT,0.026290999812772498,0.7608329997310648,INFO,adaptador.request,false,degradado,0.7000419991527451,9180.113076522,9180.113811064,9180.113050231,9180.113776564,CIRCUIT_OPEN,2026-09-05T00:01:23.311050Z
4cf3dfba-0ca7-4892-884f-c7357aafea2e,run1_rep1,B,OPEN,OPEN,request,CACHE,HIT,0.03687499884108547,0.623500000074273,INFO,adaptador.request,false,degradado,0.5070420011179522,9180.142836897,9180.143423522,9180.142800022,9180.143343939,CIRCUIT_OPEN,2026-09-05T00:01:23.340409Z
1d40d663-c076-4a72-bb2e-f4bbe8504203,run1_rep1,B,OPEN,OPEN,request,CACHE,HIT,0.044458000047598034,0.7228750000649597,INFO,adaptador.request,false,degradado,0.5901670010644011,9180.236241064,9180.236919481,9180.236196606,9180.236831231,CIRCUIT_OPEN,2026-09-05T00:01:23.433935Z
73c1e5a7-f0ca-435f-8964-f895f764180c,run1_rep1,B,OPEN,OPEN,request,CACHE,HIT,0.05295799928717315,2.4450420005450724,INFO,adaptador.request,false,degradado,2.2952920007810462,9180.357377772,9180.359769856,9180.357324814,9180.359673064,CIRCUIT_OPEN,2026-09-05T00:01:23.556828Z
fb28bec9-587c-4766-9893-a93efd7f70b7,run1_rep1,B,OPEN,OPEN,request,CACHE,HIT,0.04224999975122046,2.772249999907217,INFO,adaptador.request,false,degradado,2.6775420010380913,9180.358736064,9180.361466064,9180.358693814,9180.361413606,CIRCUIT_OPEN,2026-09-05T00:01:23.559303Z
bf762282-b6de-49d0-884b-be11244a72a0,run1_rep1,B,OPEN,OPEN,request,CACHE,HIT,0.029458000426529907,2.235625001048902,INFO,adaptador.request,false,degradado,2.135791999535286,9180.359539939,9180.361746106,9180.359510481,9180.361675731,CIRCUIT_OPEN,2026-09-05T00:01:23.559574Z
1e6bef3b-4424-4ef3-91fe-77c9631625a9,run1_rep1,B,OPEN,OPEN,request,CACHE,HIT,0.019375000192667358,1.1693329997797264,INFO,adaptador.request,false,degradado,1.0912500001722947,9180.361154189,9180.362304147,9180.361134814,9180.362245439,CIRCUIT_OPEN,2026-09-05T00:01:23.560037Z
1aa17aab-7549-4516-8571-129df3c65416,run1_rep1,B,OPEN,OPEN,request,CACHE,HIT,0.049290998504147865,0.7670830000279238,INFO,adaptador.request,false,degradado,0.6195420010044472,9180.425734272,9180.426452064,9180.425684981,9180.426353814,CIRCUIT_OPEN,2026-09-05T00:01:23.623448Z
f3998c1d-70ee-44d5-a4ad-8fd73f16c6da,run1_rep1,B,OPEN,OPEN,request,CACHE,HIT,0.1577079983690055,1.084832998458296,INFO,adaptador.request,false,degradado,0.8335840011568507,9180.433705147,9180.434632272,9180.433547439,9180.434538731,CIRCUIT_OPEN,2026-09-05T00:01:23.631628Z
294ef1d1-4213-4642-a6a6-02bd476e7eb0,run1_rep1,B,OPEN,OPEN,request,CACHE,HIT,0.03574999936972745,0.9510419986327179,INFO,adaptador.request,false,degradado,0.8065420006460045,9180.453513564,9180.454428856,9180.453477814,9180.454320106,CIRCUIT_OPEN,2026-09-05T00:01:23.651430Z
4db4520a-00f1-48b5-a3c5-7e3be6705f75,run1_rep1,B,OPEN,OPEN,request,CACHE,HIT,0.028458998713176697,0.49520899847266264,INFO,adaptador.request,false,degradado,0.3967909997300012,9180.458199231,9180.458665981,9180.458170772,9180.458596022,CIRCUIT_OPEN,2026-09-05T00:01:23.655655Z
fbf89419-4e96-4975-a841-1a07df7cb592,run1_rep1,B,OPEN,OPEN,request,CACHE,HIT,0.017874999684863724,0.41608299943618476,INFO,adaptador.request,false,degradado,0.34466599936422426,9180.476809856,9180.477208064,9180.476791981,9180.477154522,CIRCUIT_OPEN,2026-09-05T00:01:23.674170Z
c070a0e5-d882-4967-b4f0-51b7298b16ac,run1_rep1,B,OPEN,OPEN,request,CACHE,HIT,0.04033299956063274,0.6332920002023457,INFO,adaptador.request,false,degradado,0.5218339993007248,9180.526148772,9180.526741731,9180.526108439,9180.526670606,CIRCUIT_OPEN,2026-09-05T00:01:23.723759Z
61e27215-d093-4d8c-a543-a40614d11751,run1_rep1,B,OPEN,OPEN,request,CACHE,HIT,0.04679199992096983,0.7680840008106316,INFO,adaptador.request,false,degradado,0.5927920010435628,9180.619344231,9180.620065523,9180.619297439,9180.619937023,CIRCUIT_OPEN,2026-09-05T00:01:23.817071Z
19fc91bd-fb44-4a1a-b8df-28646ac75a11,run1_rep1,B,OPEN,OPEN,request,CACHE,HIT,0.032083000405691564,0.6566249994648388,INFO,adaptador.request,false,degradado,0.5636249989038333,9180.624210731,9180.624835273,9180.624178648,9180.624774356,CIRCUIT_OPEN,2026-09-05T00:01:23.821807Z
eda1a186-54d0-4ac9-9ee2-1a3ba8f4057a,run1_rep1,B,OPEN,OPEN,request,CACHE,HIT,0.025082999854930677,0.5074999990029028,INFO,adaptador.request,false,degradado,0.42374999975436367,9180.640074064,9180.640556481,9180.640048981,9180.640497814,CIRCUIT_OPEN,2026-09-05T00:01:23.837541Z
ac2041d5-c160-421a-a177-9beb210d1e40,run1_rep1,B,OPEN,OPEN,request,CACHE,HIT,0.03920800008927472,0.7327910007006722,INFO,adaptador.request,false,degradado,0.6133329989097547,9180.695883356,9180.696576939,9180.695844148,9180.696496689,CIRCUIT_OPEN,2026-09-05T00:01:23.893563Z
68216df4-95f5-4258-8478-02274539fc05,run1_rep1,B,OPEN,OPEN,request,CACHE,HIT,0.04170800093561411,0.5780829997092951,INFO,adaptador.request,false,degradado,0.4701249999925494,9180.709279356,9180.709815731,9180.709237648,9180.709749481,CIRCUIT_OPEN,2026-09-05T00:01:23.906796Z
30f8de66-76d1-4851-a562-ec1c4e99528b,run1_rep1,B,OPEN,OPEN,request,CACHE,HIT,0.028000000384054147,1.019667000946356,INFO,adaptador.request,false,degradado,0.8854589996190043,9180.714696314,9180.715687981,9180.714668314,9180.715581773,CIRCUIT_OPEN,2026-09-05T00:01:23.912686Z
21bebedb-ac5b-4a8b-88e8-12aea6483fb6,run1_rep1,B,OPEN,OPEN,request,CACHE,HIT,0.04020799860882107,0.6273749986576149,INFO,adaptador.request,false,degradado,0.5220000002736924,9180.736566814,9180.737153981,9180.736526606,9180.737088814,CIRCUIT_OPEN,2026-09-05T00:01:23.934137Z
eee9dd79-485c-4aeb-bb94-d7bbbb3215dd,run1_rep1,B,OPEN,OPEN,request,CACHE,HIT,0.04266700125299394,0.6989169996813871,INFO,adaptador.request,false,degradado,0.5692919985449407,9180.790954231,9180.791610481,9180.790911564,9180.791523523,CIRCUIT_OPEN,2026-09-05T00:01:23.988590Z
b9bd3140-19a1-4800-b832-d6837b27af13,run1_rep1,B,OPEN,OPEN,request,CACHE,HIT,0.034624999898369424,0.5949580008746125,INFO,adaptador.request,false,degradado,0.4795420009031659,9180.813434856,9180.813995189,9180.813400231,9180.813914398,CIRCUIT_OPEN,2026-09-05T00:01:24.011027Z
bdf80b56-7e0f-4e21-8e83-fae970166258,run1_rep1,B,OPEN,OPEN,request,CACHE,HIT,0.048208999942289665,0.8034589991439134,INFO,adaptador.request,false,degradado,0.6678329991700593,9180.830812648,9180.831567898,9180.830764439,9180.831480481,CIRCUIT_OPEN,2026-09-05T00:01:24.028548Z
1288fcc6-29e7-4fd5-8d14-10f6258ad512,run1_rep1,B,OPEN,OPEN,request,CACHE,HIT,0.030667000828543678,0.5180419993848773,INFO,adaptador.request,false,degradado,0.43149999874003697,9180.852106398,9180.852593773,9180.852075731,9180.852537898,CIRCUIT_OPEN,2026-09-05T00:01:24.049563Z
7083b5d4-94dc-4ad1-a21f-278399a40928,run1_rep1,B,OPEN,OPEN,request,CACHE,HIT,0.0407919997087447,0.5689169993274845,INFO,adaptador.request,false,degradado,0.44183299905853346,9180.875500398,9180.876028523,9180.875459606,9180.875942231,CIRCUIT_OPEN,2026-09-05T00:01:24.073002Z
9b6983c7-982f-4a3f-bc77-fc4c7df0235f,run1_rep1,B,OPEN,OPEN,request,CACHE,HIT,0.05262500053504482,0.7561250004073372,INFO,adaptador.request,false,degradado,0.6200829993758816,9180.962460356,9180.963163856,9180.962407731,9180.963080439,CIRCUIT_OPEN,2026-09-05T00:01:24.160137Z
75fe4b1d-896a-41b7-adb9-27462683249d,run1_rep1,B,OPEN,OPEN,request,CACHE,HIT,0.046749999455641955,0.683000000208267,INFO,adaptador.request,false,degradado,0.5547920009121299,9180.975726481,9180.976362731,9180.975679731,9180.976281273,CIRCUIT_OPEN,2026-09-05T00:01:24.173340Z
00891ab3-bbac-42ba-bdf6-72566310851c,run1_rep1,B,OPEN,OPEN,request,CACHE,HIT,0.05420799971034285,1.2169579986220924,INFO,adaptador.request,false,degradado,1.07074999868928,9181.062756314,9181.063919064,9181.062702106,9181.063827064,CIRCUIT_OPEN,2026-09-05T00:01:24.260942Z
3169c4d3-4317-45d4-8251-4dbdc9016b49,run1_rep1,B,OPEN,OPEN,request,CACHE,HIT,0.029875000109313987,0.9181250006804476,INFO,adaptador.request,false,degradado,0.82812499931606,9181.063701981,9181.064590231,9181.063672106,9181.064530106,CIRCUIT_OPEN,2026-09-05T00:01:24.261753Z
00e009f1-5447-4923-a778-8f8a1b389b3a,run1_rep1,B,OPEN,OPEN,request,CACHE,HIT,0.04875000013271347,0.7559579989901977,INFO,adaptador.request,false,degradado,0.6196249996719416,9181.107554898,9181.108262106,9181.107506148,9181.108174523,CIRCUIT_OPEN,2026-09-05T00:01:24.305247Z
11f0fef6-d62f-4969-acc9-1c9289fa627e,run1_rep1,B,OPEN,OPEN,request,CACHE,HIT,0.04058299964526668,0.7190830001491122,INFO,adaptador.request,false,degradado,0.6127500000729924,9181.116277231,9181.116955731,9181.116236648,9181.116889981,CIRCUIT_OPEN,2026-09-05T00:01:24.313940Z
aef04e62-7d48-4ce6-9a3c-320c6232b33d,run1_rep1,B,OPEN,OPEN,request,CACHE,HIT,0.04095800068171229,1.7523750011605443,INFO,adaptador.request,false,degradado,1.6400000004068715,9181.166719981,9181.168431398,9181.166679023,9181.168359981,CIRCUIT_OPEN,2026-09-05T00:01:24.370314Z
72ca89e3-01a7-4da2-adbe-e938cafa52a0,run1_rep1,B,OPEN,OPEN,request,CACHE,HIT,0.021457999537233263,6.1708749999525025,INFO,adaptador.request,false,degradado,6.105500000558095,9181.167175689,9181.173325106,9181.167154231,9181.173281189,CIRCUIT_OPEN,2026-09-05T00:01:24.374594Z
d5b95270-4eaf-4256-ab94-e364a03a9bee,run1_rep1,B,OPEN,OPEN,request,CACHE,HIT,0.07525000000896398,3.15341600071406,INFO,adaptador.request,false,degradado,2.975957999296952,9181.187975023,9181.191053189,9181.187899773,9181.190950981,CIRCUIT_OPEN,2026-09-05T00:01:24.388054Z
3d94e03a-ec8b-4d90-8a50-cd36c9eb563c,run1_rep1,B,OPEN,OPEN,request,CACHE,HIT,0.055124999562394805,0.8499169998685829,INFO,adaptador.request,false,degradado,0.6979999998293351,9181.272326314,9181.273121106,9181.272271189,9181.273024314,CIRCUIT_OPEN,2026-09-05T00:01:24.470132Z
e94f0b9e-e56d-4d67-9592-d6f696d2be87,run1_rep1,B,OPEN,OPEN,request,CACHE,HIT,0.03154200021526776,0.6305829992925283,INFO,adaptador.request,false,degradado,0.5210409999563126,9181.27970669,9181.280305731,9181.279675148,9181.280227731,CIRCUIT_OPEN,2026-09-05T00:01:24.477303Z
4d9de17c-c912-43e4-b03f-62f32428f0b1,run1_rep1,B,OPEN,OPEN,request,CACHE,HIT,0.025749999622348696,0.4445829999895068,INFO,adaptador.request,false,degradado,0.3561249995982507,9181.290515273,9181.290934106,9181.290489523,9181.290871398,CIRCUIT_OPEN,2026-09-05T00:01:24.487947Z
743dee78-5d2d-4bc0-8bbe-eff61e65fa4d,run1_rep1,B,OPEN,OPEN,request,CACHE,HIT,0.015334000636357814,0.3329170012875693,INFO,adaptador.request,false,degradado,0.27529100043466315,9181.294838815,9181.295156398,9181.294823481,9181.295114106,CIRCUIT_OPEN,2026-09-05T00:01:24.492108Z
0c903319-9b5a-4385-99f9-6f5fe5bb3a7d,run1_rep1,B,OPEN,OPEN,request,CACHE,HIT,0.05012500150769483,0.8225830006267643,INFO,adaptador.request,false,degradado,0.6746669987478526,9181.386677148,9181.387449606,9181.386627023,9181.387351815,CIRCUIT_OPEN,2026-09-05T00:01:24.584451Z
ff237f33-2ee4-40dc-85f6-1439572804fc,run1_rep1,B,OPEN,OPEN,request,CACHE,HIT,0.04870799966738559,0.7687910001550335,INFO,adaptador.request,false,degradado,0.621208000666229,9181.494870523,9181.495590606,9181.494821815,9181.495491731,CIRCUIT_OPEN,2026-09-05T00:01:24.692587Z
706744fb-7b05-4d4c-9b9d-84b80c601c3a,run1_rep1,B,OPEN,OPEN,request,CACHE,HIT,0.09016599869937636,0.5957079993095249,INFO,adaptador.request,false,degradado,0.4014590012957342,9181.502530106,9181.503035648,9181.50243994,9181.502931565,CIRCUIT_OPEN,2026-09-05T00:01:24.700014Z
1daa8ef4-5ccb-4b55-ab96-7df386f88738,run1_rep1,B,OPEN,OPEN,request,CACHE,HIT,0.049917000069399364,1.1600840007304214,INFO,adaptador.request,false,degradado,1.0091670010297094,9181.556139773,9181.55724994,9181.556089856,9181.55714894,CIRCUIT_OPEN,2026-09-05T00:01:24.754246Z
108c23a1-a0c8-4668-aabf-fa649bba09b0,run1_rep1,B,OPEN,OPEN,request,CACHE,HIT,0.03195899989805184,0.6630839998251759,INFO,adaptador.request,false,degradado,0.5482079995999811,9181.56770619,9181.568337315,9181.567674231,9181.568254398,CIRCUIT_OPEN,2026-09-05T00:01:24.765491Z
52fad1b6-be5f-42e8-8f21-499cd163b637,run1_rep1,B,OPEN,OPEN,request,CACHE,HIT,0.02766699981293641,0.5186670005059568,INFO,adaptador.request,false,degradado,0.41612499990151264,9181.582376273,9181.582867273,9181.582348606,9181.582792398,CIRCUIT_OPEN,2026-09-05T00:01:24.779860Z
7e0b26ca-0415-4a0b-a45a-5b15ab3dd424,run1_rep1,B,OPEN,OPEN,request,CACHE,HIT,0.018500000805943273,0.464000000647502,INFO,adaptador.request,false,degradado,0.3898329996445682,9181.585987773,9181.586433273,9181.585969273,9181.586377606,CIRCUIT_OPEN,2026-09-05T00:01:24.783396Z
fb4c2f9e-1ffa-4fe8-814e-eafda131e8ce,run1_rep1,B,OPEN,OPEN,request,CACHE,HIT,0.015499999790336005,0.38283399953797925,INFO,adaptador.request,false,degradado,0.31958399995346554,9181.615380981,9181.615748315,9181.615365481,9181.615700565,CIRCUIT_OPEN,2026-09-05T00:01:24.812706Z
718a1483-9be2-43d6-8659-61537e9d7eef,run1_rep1,B,OPEN,OPEN,request,CACHE,HIT,0.014584000382455997,0.3585840004234342,INFO,adaptador.request,false,degradado,0.28583300081663765,9181.636132565,9181.636476565,9181.636117981,9181.636418398,CIRCUIT_OPEN,2026-09-05T00:01:24.833457Z
349e3e22-96ce-4219-a07b-89bfb9f9c526,run1_rep1,B,OPEN,OPEN,request,CACHE,HIT,0.039833999835536815,0.6806249984947499,INFO,adaptador.request,false,degradado,0.5609999989246717,9181.67126719,9181.671907981,9181.671227356,9181.67182819,CIRCUIT_OPEN,2026-09-05T00:01:24.868916Z
2e0b8322-f4ed-4b4f-a1df-29560758382b,run1_rep1,B,OPEN,OPEN,request,CACHE,HIT,0.03495800046948716,0.7839579993742518,INFO,adaptador.request,false,degradado,0.6685839998681331,9181.710391106,9181.711140106,9181.710356148,9181.71105969,CIRCUIT_OPEN,2026-09-05T00:01:24.908133Z
d405a859-90b5-4130-b481-d76fc20eb557,run1_rep1,B,OPEN,OPEN,request,CACHE,HIT,0.03720899985637516,0.5615840000245953,INFO,adaptador.request,false,degradado,0.44175000039103907,9181.741356065,9181.74188044,9181.741318856,9181.741797815,CIRCUIT_OPEN,2026-09-05T00:01:24.938862Z
3004cd04-94c5-4ecc-8957-e3638aeb431e,run1_rep1,B,OPEN,OPEN,request,CACHE,HIT,0.04704099956143182,0.7006249998084968,INFO,adaptador.request,false,degradado,0.5623340002784971,9181.788559481,9181.789213065,9181.78851244,9181.789121815,CIRCUIT_OPEN,2026-09-05T00:01:24.986210Z
e59b8a1e-7aed-409e-8a21-d0fe904d58dd,run1_rep1,B,OPEN,OPEN,request,CACHE,HIT,0.047416999223059975,1.542374999189633,INFO,adaptador.request,false,degradado,1.3731250001001172,9181.844682023,9181.846176981,9181.844634606,9181.846055148,CIRCUIT_OPEN,2026-09-05T00:01:25.043207Z
184bb3e9-f526-4ee2-b42a-aac05e920d93,run1_rep1,B,OPEN,OPEN,request,CACHE,HIT,0.037292000342858955,1.1854169988509966,INFO,adaptador.request,false,degradado,1.0734169991337694,9181.845887023,9181.847035148,9181.845849731,9181.84696044,CIRCUIT_OPEN,2026-09-05T00:01:25.044203Z
fd0284c4-9aec-4440-9f07-454840848292,run1_rep1,B,OPEN,OPEN,request,CACHE,HIT,0.01991700082726311,1.4238340008887462,INFO,adaptador.request,false,degradado,1.3259579991427017,9181.885401023,9181.88680494,9181.885381106,9181.886726981,CIRCUIT_OPEN,2026-09-05T00:01:25.084269Z
e3ef2b5e-3704-470d-a3b4-1b1ad1bc4c1f,run1_rep1,B,OPEN,OPEN,request,CACHE,HIT,0.056999999287654646,2.1744999994552927,INFO,adaptador.request,false,degradado,2.065874999971129,9181.885096565,9181.887214065,9181.885039565,9181.88716244,CIRCUIT_OPEN,2026-09-05T00:01:25.084616Z
fb6b1685-38c1-4b87-b3db-3b509a37a99b,run1_rep1,B,OPEN,OPEN,request,CACHE,HIT,0.0307080008496996,2.3062920008669607,INFO,adaptador.request,false,degradado,2.234374998806743,9181.886154981,9181.888430565,9181.886124273,9181.888389356,CIRCUIT_OPEN,2026-09-05T00:01:25.085658Z
0b1b8244-ef11-4b45-b650-b4eeccfe6262,run1_rep1,B,OPEN,OPEN,request,CACHE,HIT,0.02537500040489249,0.4668750007112976,INFO,adaptador.request,false,degradado,0.37941600021440536,9181.905687315,9181.906128815,9181.90566194,9181.906066731,CIRCUIT_OPEN,2026-09-05T00:01:25.103106Z
8c55db95-4603-49df-b30d-abecdabb18e4,run1_rep1,B,OPEN,OPEN,request,CACHE,HIT,707.674584000415,709.2601249987638,INFO,adaptador.request,false,degradado,1.3542499982577283,9182.67355744,9182.675142981,9181.965882856,9182.67491169,CIRCUIT_OPEN,2026-09-05T00:01:25.872902Z
dcb22033-dfa5-41d4-89f1-13259da5fdd4,run1_rep1,B,OPEN,HALF_OPEN,request,CACHE,HIT,630.1041669994447,633.3332079993852,INFO,adaptador.request,true,degradado,3.146416000163299,9182.67382269,9182.677051731,9182.043718523,9182.676969106,CIRCUIT_OPEN,2026-09-05T00:01:25.876427Z
2fab0097-3b8b-439e-8963-12780ef4e433,run1_rep1,B,OPEN,HALF_OPEN,request,CACHE,HIT,623.8579590008158,627.3715419993096,INFO,adaptador.request,true,degradado,3.44174999918323,9182.674505065,9182.678018648,9182.050647106,9182.677946815,CIRCUIT_OPEN,2026-09-05T00:01:25.877342Z
4aa8c7c0-46ac-446c-bf84-2c5262d34c38,run1_rep1,B,OPEN,HALF_OPEN,request,CACHE,HIT,625.3500419988995,629.5891259997006,INFO,adaptador.request,true,degradado,4.197625001324923,9182.674410606,9182.67864969,9182.049060564,9182.678608231,CIRCUIT_OPEN,2026-09-05T00:01:25.878324Z
09ece419-be7d-4004-974f-92b66f786e10,run1_rep1,B,OPEN,HALF_OPEN,request,CACHE,HIT,537.3392919991602,541.6712919995916,INFO,adaptador.request,true,degradado,4.275082999811275,9182.674781815,9182.679113815,9182.137442523,9182.679056898,CIRCUIT_OPEN,2026-09-05T00:01:25.878587Z
0aa463a3-aab5-4905-adfc-7959ac8be8b9,run1_rep1,B,OPEN,HALF_OPEN,request,CACHE,HIT,517.8642080009013,520.7392080010322,INFO,adaptador.request,true,degradado,2.8209590000187745,9182.676921106,9182.679796106,9182.159056898,9182.679742065,CIRCUIT_OPEN,2026-09-05T00:01:25.879338Z
a91b45c9-18ec-429c-b366-a205e814fb75,run1_rep1,B,OPEN,HALF_OPEN,request,CACHE,HIT,426.0512500004552,428.79425000137417,INFO,adaptador.request,true,degradado,2.692624999326654,9182.677275106,9182.680018106,9182.251223856,9182.679967731,CIRCUIT_OPEN,2026-09-05T00:01:25.879927Z
7b462a3d-f845-4f7b-b15b-de6c1a44142a,run1_rep1,B,OPEN,HALF_OPEN,request,CACHE,HIT,425.5906669986871,428.8653749990772,INFO,adaptador.request,true,degradado,3.2016670011216775,9182.677321148,9182.680595856,9182.251730481,9182.680522815,CIRCUIT_OPEN,2026-09-05T00:01:25.880869Z
680ee879-40a5-4a8c-80c1-3fda8b80c603,run1_rep1,B,OPEN,HALF_OPEN,request,CACHE,HIT,358.087542001158,360.76100100035546,INFO,adaptador.request,true,degradado,2.6301669986423803,9182.678134731,9182.68080819,9182.320047189,9182.680764898,CIRCUIT_OPEN,2026-09-05T00:01:25.881261Z
66a39bef-dae3-4e80-9462-be79fedf56c5,run1_rep1,B,OPEN,HALF_OPEN,request,CACHE,HIT,537.2024169992073,541.6915839996364,INFO,adaptador.request,true,degradado,4.444125001100474,9182.676522523,9182.68101169,9182.139320106,9182.680966648,CIRCUIT_OPEN,2026-09-05T00:01:25.881767Z
dc34372a-3d71-4b90-8b0c-cf6e7d4f55ff,run1_rep1,B,OPEN,OPEN,request,CACHE,HIT,0.055791999329812825,1.123958998505259,INFO,adaptador.request,false,degradado,0.9654579989728518,9182.861529648,9182.862597815,9182.861473856,9182.862495106,CIRCUIT_OPEN,2026-09-05T00:01:26.059940Z
6cf27eef-1b0f-47b9-b86a-af058744c25d,run1_rep1,B,OPEN,OPEN,request,CACHE,HIT,0.024040999051067047,0.8937909988162573,INFO,adaptador.request,false,degradado,0.8025839997571893,9182.862378356,9182.863248106,9182.862354315,9182.86318094,CIRCUIT_OPEN,2026-09-05T00:01:26.060572Z
d21349d8-ff55-4fa7-b2b5-54f3ca599815,run1_rep1,B,OPEN,OPEN,request,CACHE,HIT,0.0351250000676373,0.6050840001989854,INFO,adaptador.request,false,degradado,0.5034590012655826,9182.885744856,9182.886314815,9182.885709731,9182.886248315,CIRCUIT_OPEN,2026-09-05T00:01:26.083617Z
7d36ff5d-36d6-4088-8d33-ef068e130742,run1_rep1,B,OPEN,OPEN,request,CACHE,HIT,0.03445800030021928,0.6937920006748755,INFO,adaptador.request,false,degradado,0.5656670000462327,9182.929426106,9182.93008544,9182.929391648,9182.929991773,CIRCUIT_OPEN,2026-09-05T00:01:26.127407Z
dec37bb5-03b0-432a-9e9c-bd06e6cd72f3,run1_rep1,B,OPEN,OPEN,request,CACHE,HIT,0.05608300125459209,0.9440830017410917,INFO,adaptador.request,false,degradado,0.7942920001369203,9182.992820731,9182.993708731,9182.992764648,9182.993615023,CIRCUIT_OPEN,2026-09-05T00:01:26.191042Z
8ff9759f-47d3-42f0-a57f-58cb23169b49,run1_rep1,B,OPEN,OPEN,request,CACHE,HIT,0.02845800008799415,0.563083000088227,INFO,adaptador.request,false,degradado,0.4710829998657573,9183.005591398,9183.006126023,9183.00556294,9183.006062481,CIRCUIT_OPEN,2026-09-05T00:01:26.203434Z
63115501-9229-4fbf-a685-904344772b29,run1_rep1,B,OPEN,OPEN,request,CACHE,HIT,0.03599999945436139,0.7083330001478316,INFO,adaptador.request,false,degradado,0.5937910009379266,9183.06076144,9183.061433773,9183.06072544,9183.061355231,CIRCUIT_OPEN,2026-09-05T00:01:26.258770Z
f8a430a0-b296-414b-88ad-1b2253ab7c0f,run1_rep1,B,OPEN,OPEN,request,CACHE,HIT,0.019582999811973423,1.4862499992887024,INFO,adaptador.request,false,degradado,1.3993339998705778,9183.061979606,9183.063446273,9183.061960023,9183.06337894,CIRCUIT_OPEN,2026-09-05T00:01:26.261089Z
2d43675c-d867-439c-9567-82879c456403,run1_rep1,B,OPEN,OPEN,request,CACHE,HIT,0.019499999325489625,0.9359169998788275,INFO,adaptador.request,false,degradado,0.8431250007561175,9183.062838773,9183.06375519,9183.062819273,9183.063681898,CIRCUIT_OPEN,2026-09-05T00:01:26.261696Z
83d83354-a48d-4579-a1c7-d826b5a6ac2f,run1_rep1,B,OPEN,OPEN,request,CACHE,HIT,0.026666999474400654,0.495459000376286,INFO,adaptador.request,false,degradado,0.3982920006819768,9183.078386648,9183.07885544,9183.078359981,9183.07878494,CIRCUIT_OPEN,2026-09-05T00:01:26.276186Z
e16a9708-f46b-4a13-b98b-8ffe8164f6fb,run1_rep1,B,OPEN,OPEN,request,CACHE,HIT,0.04183300006843638,0.756666000597761,INFO,adaptador.request,false,degradado,0.6322080007521436,9183.140691523,9183.141406356,9183.14064969,9183.141323731,CIRCUIT_OPEN,2026-09-05T00:01:26.338729Z
8c0c1561-05e2-4d6b-948e-f88fded3748d,run1_rep1,B,OPEN,OPEN,request,CACHE,HIT,0.034791999496519566,0.6329999996523838,INFO,adaptador.request,false,degradado,0.5169579999346752,9183.155786815,9183.156385023,9183.155752023,9183.156303773,CIRCUIT_OPEN,2026-09-05T00:01:26.353716Z
25fb3794-62e5-4f69-ba86-76fa9d205a56,run1_rep1,B,OPEN,OPEN,request,CACHE,HIT,0.03741599903150927,1.4852079984848388,INFO,adaptador.request,false,degradado,1.3822500004607718,9183.191422856,9183.192870648,9183.19138544,9183.192805106,CIRCUIT_OPEN,2026-09-05T00:01:26.390524Z
3d3b8a1f-8de8-431d-9019-ba7544df2996,run1_rep1,B,OPEN,OPEN,request,CACHE,HIT,0.024249999114545062,1.3270409999677213,INFO,adaptador.request,false,degradado,1.2502909994509537,9183.191912065,9183.193214856,9183.191887815,9183.193162356,CIRCUIT_OPEN,2026-09-05T00:01:26.390935Z
d3105df7-623c-4a73-9222-7015b86497be,run1_rep1,B,OPEN,OPEN,request,CACHE,HIT,0.018958000509883277,0.9567079996486427,INFO,adaptador.request,false,degradado,0.9064999994734535,9183.192703606,9183.193641356,9183.192684648,9183.193610106,CIRCUIT_OPEN,2026-09-05T00:01:26.391225Z
c1b3f353-d2d0-4cb7-83c0-a0f826752fd8,run1_rep1,B,OPEN,OPEN,request,CACHE,HIT,0.047666999307693914,0.7136669992178213,INFO,adaptador.request,false,degradado,0.5768749997514533,9183.29881244,9183.29947844,9183.298764773,9183.299389315,CIRCUIT_OPEN,2026-09-05T00:01:26.496806Z
72acbf37-d278-4da0-9169-eba62c1ae817,run1_rep1,B,OPEN,OPEN,request,CACHE,HIT,0.035207998735131696,0.6069999999454012,INFO,adaptador.request,false,degradado,0.5043330002081348,9183.34676569,9183.347337482,9183.346730482,9183.347270023,CIRCUIT_OPEN,2026-09-05T00:01:26.544645Z
52ba915e-85e6-4d7c-90dd-6678b5a39c0c,run1_rep1,B,OPEN,OPEN,request,CACHE,HIT,0.05899999996472616,0.9273329997085966,INFO,adaptador.request,false,degradado,0.7491659998777322,9183.400559107,9183.40142744,9183.400500107,9183.401308273,CIRCUIT_OPEN,2026-09-05T00:01:26.598763Z
667d4a07-ad93-40cc-ae95-a291bebab007,run1_rep1,B,OPEN,OPEN,request,CACHE,HIT,0.0396249997720588,0.6620830008614575,INFO,adaptador.request,false,degradado,0.5408330016507534,9183.421490607,9183.422113065,9183.421450982,9183.42203144,CIRCUIT_OPEN,2026-09-05T00:01:26.619450Z
89485e39-7f24-4957-a2ca-d7adde8a2595,run1_rep1,B,OPEN,OPEN,request,CACHE,HIT,0.03416700019442942,0.5492079999385169,INFO,adaptador.request,false,degradado,0.436624999565538,9183.442115107,9183.442630148,9183.44208094,9183.442551732,CIRCUIT_OPEN,2026-09-05T00:01:26.639953Z
8f00b59a-3c87-423b-abb3-0b5e179fcbea,run1_rep1,B,OPEN,OPEN,request,CACHE,HIT,0.041000001147040166,1.0386670001025777,INFO,adaptador.request,false,degradado,0.9309170000051381,9183.490084565,9183.491082232,9183.490043565,9183.491015482,CIRCUIT_OPEN,2026-09-05T00:01:26.688670Z
f8213521-2927-43e8-badf-108b58f28898,run1_rep1,B,OPEN,OPEN,request,CACHE,HIT,0.019082999642705545,0.8144999992509838,INFO,adaptador.request,false,degradado,0.7378749996860279,9183.490544523,9183.49133994,9183.49052544,9183.491282398,CIRCUIT_OPEN,2026-09-05T00:01:26.688941Z
dcf5832e-cce9-4219-ac0e-c5a4a25839fc,run1_rep1,B,OPEN,OPEN,request,CACHE,HIT,0.03912499960279092,0.6655839988525258,INFO,adaptador.request,false,degradado,0.5224590004218044,9183.567418773,9183.568045232,9183.567379648,9183.567941232,CIRCUIT_OPEN,2026-09-05T00:01:26.765366Z
d37a2f16-2250-463f-aa71-c21e591f71c0,run1_rep1,B,OPEN,OPEN,request,CACHE,HIT,0.029209000786067918,0.5067919992143288,INFO,adaptador.request,false,degradado,0.4016659986518789,9183.579332732,9183.579810315,9183.579303523,9183.579734398,CIRCUIT_OPEN,2026-09-05T00:01:26.777134Z
bdd43289-5e84-49ee-85a7-99db49e42dee,run1_rep1,B,OPEN,OPEN,request,CACHE,HIT,0.04829200042877346,0.5407920016295975,INFO,adaptador.request,false,degradado,0.43229199945926666,9183.594045315,9183.594537815,9183.593997023,9183.594477607,CIRCUIT_OPEN,2026-09-05T00:01:26.791842Z
a0333da7-44a4-4138-a355-da13e858d28e,run1_rep1,B,OPEN,OPEN,request,CACHE,HIT,0.02712499917834066,0.6715420004184125,INFO,adaptador.request,false,degradado,0.38091700116638094,9183.599432148,9183.600076565,9183.599405023,9183.599813065,CIRCUIT_OPEN,2026-09-05T00:01:26.797479Z
0faf1ec3-5979-4730-a037-5a27baddf261,run1_rep1,B,OPEN,OPEN,request,CACHE,HIT,0.038333000702550635,0.7117919994925614,INFO,adaptador.request,false,degradado,0.458874999822001,9183.624214523,9183.624887982,9183.62417619,9183.624673398,CIRCUIT_OPEN,2026-09-05T00:01:26.822325Z
17c32700-a2a2-423b-b5fc-c6617870489b,run1_rep1,B,OPEN,OPEN,request,CACHE,HIT,0.02937499994004611,0.5118330009281635,INFO,adaptador.request,false,degradado,0.4301250010030344,9183.630709357,9183.631191815,9183.630679982,9183.631139482,CIRCUIT_OPEN,2026-09-05T00:01:26.828485Z
4c610122-e29f-4905-bd08-311544d89f0f,run1_rep1,B,OPEN,OPEN,request,CACHE,HIT,0.018165999790653586,0.45133299863664433,INFO,adaptador.request,false,degradado,0.3651669994724216,9183.660417023,9183.66085019,9183.660398857,9183.66078219,CIRCUIT_OPEN,2026-09-05T00:01:26.858178Z
3760a3d7-1022-404b-978b-fa7e1d36c9f3,run1_rep1,B,OPEN,OPEN,request,CACHE,HIT,0.04475000059755985,1.1226669994357508,INFO,adaptador.request,false,degradado,1.0076669987029163,9183.75655569,9183.757633607,9183.75651094,9183.757563357,CIRCUIT_OPEN,2026-09-05T00:01:26.955164Z
a3510b29-36e5-4dc4-b5b8-64b99b19ea63,run1_rep1,B,OPEN,OPEN,request,CACHE,HIT,0.020166999092907645,0.6437089996325085,INFO,adaptador.request,false,degradado,0.5896250004298054,9183.757241565,9183.757865107,9183.757221398,9183.75783119,CIRCUIT_OPEN,2026-09-05T00:01:26.955443Z
01ccd2e1-9ddb-4df4-87c4-d556bdcf1b99,run1_rep1,B,OPEN,OPEN,request,CACHE,HIT,0.076374999480322,0.8684170006745262,INFO,adaptador.request,false,degradado,0.6542920000356389,9183.80603319,9183.806825232,9183.805956815,9183.806687482,CIRCUIT_OPEN,2026-09-05T00:01:27.004184Z
6091f10b-e3a5-40b8-9066-52b89e610a8d,run1_rep1,B,OPEN,OPEN,request,CACHE,HIT,0.033749998692655936,0.5163329988135956,INFO,adaptador.request,false,degradado,0.4216660017846152,9183.809074107,9183.80955669,9183.809040357,9183.809495773,CIRCUIT_OPEN,2026-09-05T00:01:27.006853Z
bbc3e456-ef27-4414-9562-79cbd224bc6a,run1_rep1,B,OPEN,OPEN,request,CACHE,HIT,0.03991699850303121,0.672249998387997,INFO,adaptador.request,false,degradado,0.5467500013764948,9183.86686119,9183.867493523,9183.866821273,9183.86740794,CIRCUIT_OPEN,2026-09-05T00:01:27.064801Z
3d2c51da-fd7f-4029-98e2-de51a4b97416,run1_rep1,B,OPEN,OPEN,request,CACHE,HIT,0.06450000000768341,0.8431250007561175,INFO,adaptador.request,false,degradado,0.6869589997222647,9183.945153773,9183.945932398,9183.945089273,9183.945840732,CIRCUIT_OPEN,2026-09-05T00:01:27.143279Z
1cd6c653-3a57-4651-acc5-18d41c75dc98,run1_rep1,B,OPEN,OPEN,request,CACHE,HIT,0.03587500032153912,0.5614170004264452,INFO,adaptador.request,false,degradado,0.4549999994196696,9183.95753644,9183.958061982,9183.957500565,9183.95799144,CIRCUIT_OPEN,2026-09-05T00:01:27.155363Z
02ac03c0-ea9f-4fc0-ae7d-a16bf446b64a,run1_rep1,B,OPEN,OPEN,request,CACHE,HIT,0.030124998374958523,0.6200839998200536,INFO,adaptador.request,false,degradado,0.5206250007177005,9183.984748148,9183.985338107,9183.984718023,9183.985268773,CIRCUIT_OPEN,2026-09-05T00:01:27.182662Z
84a4e35c-a2c0-47b0-8cdb-35f8f5e2dae6,run1_rep1,B,OPEN,OPEN,request,CACHE,HIT,0.019916999008273706,0.42016699990199413,INFO,adaptador.request,false,degradado,0.33395799982827157,9183.993123982,9183.993524232,9183.993104065,9183.99345794,CIRCUIT_OPEN,2026-09-05T00:01:27.190850Z
433c49f6-b91e-46b6-be7c-cb6410cc028e,run1_rep1,B,OPEN,OPEN,request,CACHE,HIT,0.01608300044608768,0.42987499909941107,INFO,adaptador.request,false,degradado,0.3687089993036352,9184.031924065,9184.032337857,9184.031907982,9184.032292774,CIRCUIT_OPEN,2026-09-05T00:01:27.229638Z
34cca32b-d487-4c56-bec1-f8bedd1a319f,run1_rep1,B,OPEN,OPEN,request,CACHE,HIT,0.02099999983329326,0.6976249987928895,INFO,adaptador.request,false,degradado,0.6340830004774034,9184.054406649,9184.055083274,9184.054385649,9184.055040732,CIRCUIT_OPEN,2026-09-05T00:01:27.252396Z
6ad8d213-76f0-407f-97d1-da30a15dbefd,run1_rep1,B,OPEN,OPEN,request,CACHE,HIT,0.016957999832811765,0.7496250000258442,INFO,adaptador.request,false,degradado,0.6747089992131805,9184.05494544,9184.055678107,9184.054928482,9184.055620149,CIRCUIT_OPEN,2026-09-05T00:01:27.253158Z
29a73415-da1a-40ea-ae16-da7235b395ce,run1_rep1,B,OPEN,OPEN,request,CACHE,HIT,0.015749999874969944,0.3675420011859387,INFO,adaptador.request,false,degradado,0.2980839999509044,9184.06746069,9184.067812482,9184.06744494,9184.067758774,CIRCUIT_OPEN,2026-09-05T00:01:27.265119Z
b176cae0-e954-409a-afab-ecb221a10817,run1_rep1,B,OPEN,OPEN,request,CACHE,HIT,0.04045799869345501,0.6654159988102037,INFO,adaptador.request,false,degradado,0.5417920001491439,9184.145302857,9184.145927815,9184.145262399,9184.145844649,CIRCUIT_OPEN,2026-09-05T00:01:27.343303Z
9a427e3b-f2b2-4684-a4ee-1a1d74d7a829,run1_rep1,B,OPEN,OPEN,request,CACHE,HIT,0.03762499909498729,0.6735419992764946,INFO,adaptador.request,false,degradado,0.5669590009347303,9184.169714565,9184.170350482,9184.16967694,9184.170281524,CIRCUIT_OPEN,2026-09-05T00:01:27.367667Z
231c9c7e-7657-4741-91fb-364267c8969b,run1_rep1,B,OPEN,OPEN,request,CACHE,HIT,0.04762500066135544,0.7461250006599585,INFO,adaptador.request,false,degradado,0.6099580004956806,9184.209495899,9184.210194399,9184.209448274,9184.210105857,CIRCUIT_OPEN,2026-09-05T00:01:27.407527Z
a2f6c975-ae84-4b75-85da-fa4d3c423755,run1_rep1,B,OPEN,OPEN,request,CACHE,HIT,0.04362499930721242,0.5867919990123482,INFO,adaptador.request,false,degradado,0.47479200111411046,9184.229175232,9184.229718399,9184.229131607,9184.229650024,CIRCUIT_OPEN,2026-09-05T00:01:27.427023Z
e7999754-49f0-4c37-a225-467e38e4f9dc,run1_rep1,B,OPEN,OPEN,request,CACHE,HIT,0.05158400017535314,0.7627499999216525,INFO,adaptador.request,false,degradado,0.5916249992878875,9184.319372399,9184.320083565,9184.319320815,9184.319964024,CIRCUIT_OPEN,2026-09-05T00:01:27.517417Z
6d6d8adc-bb7b-44bd-9b79-092ce8828dc5,run1_rep1,B,OPEN,OPEN,request,CACHE,HIT,0.03362499955983367,0.49808400035544764,INFO,adaptador.request,false,degradado,0.3920840008504456,9184.329601315,9184.330065774,9184.32956769,9184.329993399,CIRCUIT_OPEN,2026-09-05T00:01:27.527368Z
b1a519a3-5b16-475e-90b1-bebf692e3577,run1_rep1,B,OPEN,OPEN,request,CACHE,HIT,0.05904199861106463,0.9650419997342397,INFO,adaptador.request,false,degradado,0.8292080001410795,9184.379043107,9184.379949107,9184.378984065,9184.379872315,CIRCUIT_OPEN,2026-09-05T00:01:27.577308Z
56049abf-3bc3-4429-8685-1180a955df4f,run1_rep1,B,OPEN,OPEN,request,CACHE,HIT,0.026790999982040375,0.8257909994426882,INFO,adaptador.request,false,degradado,0.7550419995823177,9184.379756815,9184.380555815,9184.379730024,9184.380511857,CIRCUIT_OPEN,2026-09-05T00:01:27.578008Z
5f879217-46d9-4d64-8532-72fa0cc516ad,run1_rep1,B,OPEN,OPEN,request,CACHE,HIT,0.05341700125427451,1.1522920012794202,INFO,adaptador.request,false,degradado,1.0067080002045259,9184.424120149,9184.425219024,9184.424066732,9184.425126857,CIRCUIT_OPEN,2026-09-05T00:01:27.622809Z
3593eb6b-39f6-4aa5-aa9a-a282711770a1,run1_rep1,B,OPEN,OPEN,request,CACHE,HIT,0.016916999811655842,0.9542499992676312,INFO,adaptador.request,false,degradado,0.8893329995771637,9184.424561857,9184.42549919,9184.42454494,9184.42545119,CIRCUIT_OPEN,2026-09-05T00:01:27.623066Z
2580b508-4462-48e4-ae32-fe3409892174,run1_rep1,B,OPEN,OPEN,request,CACHE,HIT,0.03329199898871593,0.5990419995214324,INFO,adaptador.request,false,degradado,0.5075000008218922,9184.437394649,9184.437960399,9184.437361357,9184.437902149,CIRCUIT_OPEN,2026-09-05T00:01:27.635419Z
0e271aab-cd5b-46fe-97cd-c0c4226b3760,run1_rep1,B,OPEN,OPEN,request,CACHE,HIT,0.035458999263937585,0.9847919991443632,INFO,adaptador.request,false,degradado,0.8643750006740447,9184.472101774,9184.473051107,9184.472066315,9184.472966149,CIRCUIT_OPEN,2026-09-05T00:01:27.670603Z
9976b5ed-c204-4e52-8e62-0f1ad8525569,run1_rep1,B,OPEN,OPEN,request,CACHE,HIT,0.016166999557754025,0.804999999672873,INFO,adaptador.request,false,degradado,0.7454170008713845,9184.472510357,9184.47329919,9184.47249419,9184.473255774,CIRCUIT_OPEN,2026-09-05T00:01:27.670846Z
9306ea7a-b019-4d64-9d4a-8af4429f7c34,run1_rep1,B,OPEN,OPEN,request,CACHE,HIT,0.043000000005122274,0.6429999993997626,INFO,adaptador.request,false,degradado,0.5277090003801277,9184.592509065,9184.593109065,9184.592466065,9184.593036774,CIRCUIT_OPEN,2026-09-05T00:01:27.790425Z
f9299a13-4b5a-43bc-8808-bdfb61d39626,run1_rep1,B,OPEN,OPEN,request,CACHE,HIT,0.03845899846055545,0.6572919992322568,INFO,adaptador.request,false,degradado,0.5325830006768228,9184.624694899,9184.625313732,9184.62465644,9184.625227482,CIRCUIT_OPEN,2026-09-05T00:01:27.822639Z
6f8ddbe3-af8c-4716-ad76-21bd9bd3e1a8,run1_rep1,B,OPEN,OPEN,request,CACHE,HIT,0.0384579998353729,0.6146250016172417,INFO,adaptador.request,false,degradado,0.506208001752384,9184.648555232,9184.649131399,9184.648516774,9184.64906144,CIRCUIT_OPEN,2026-09-05T00:01:27.846446Z
c84b5922-403d-4819-b8c7-8a542952d365,run1_rep1,B,OPEN,OPEN,request,CACHE,HIT,0.032250000003841706,0.5276249994494719,INFO,adaptador.request,false,degradado,0.42383300024084747,9184.668248524,9184.668743899,9184.668216274,9184.668672357,CIRCUIT_OPEN,2026-09-05T00:01:27.866068Z
4ed05d7d-b945-4632-b9e6-5b79a93d0dad,run1_rep1,B,OPEN,OPEN,request,CACHE,HIT,0.02620899977046065,0.47358399933727924,INFO,adaptador.request,false,degradado,0.3909999995812541,9184.673975649,9184.674423024,9184.67394944,9184.674366649,CIRCUIT_OPEN,2026-09-05T00:01:27.871722Z
6f50beb8-eeb8-4b4d-9bde-e9a7e7755cec,run1_rep1,B,OPEN,OPEN,request,CACHE,HIT,0.044209000407136045,0.8657500002300367,INFO,adaptador.request,false,degradado,0.7437500007654307,9184.693291524,9184.694113065,9184.693247315,9184.694035274,CIRCUIT_OPEN,2026-09-05T00:01:27.891448Z
956c87af-7336-4449-b72c-efadd212c86a,run1_rep1,B,OPEN,OPEN,request,CACHE,HIT,0.04229200021654833,0.6722500002069864,INFO,adaptador.request,false,degradado,0.5335829991963692,9184.793548191,9184.794178149,9184.793505899,9184.794081774,CIRCUIT_OPEN,2026-09-05T00:01:27.991510Z
0e9290b5-82ce-4426-9204-b9f528fd5af5,run1_rep1,B,OPEN,OPEN,request,CACHE,HIT,0.03495899909466971,0.9198339994327398,INFO,adaptador.request,false,degradado,0.8146250002027955,9184.800462316,9184.801347191,9184.800427357,9184.801276941,CIRCUIT_OPEN,2026-09-05T00:01:27.998887Z
b63a6857-fba9-4c69-98d5-beaf836f2e28,run1_rep1,B,OPEN,OPEN,request,CACHE,HIT,0.014582999938284047,0.7107500005076872,INFO,adaptador.request,false,degradado,0.653582999802893,9184.800883524,9184.801579691,9184.800868941,9184.801537107,CIRCUIT_OPEN,2026-09-05T00:01:27.999137Z
7229a9c3-2143-4ca5-a748-2bfd105c1d2e,run1_rep1,B,OPEN,OPEN,request,CACHE,HIT,0.03791599920077715,0.6079159993532812,INFO,adaptador.request,false,degradado,0.4995420003979234,9184.836893607,9184.837463607,9184.836855691,9184.837393149,CIRCUIT_OPEN,2026-09-05T00:01:28.034789Z
18d001a7-b8c1-4236-9d4e-c6171f7345d8,run1_rep1,B,OPEN,OPEN,request,CACHE,HIT,0.04704200000560377,0.7011249999777647,INFO,adaptador.request,false,degradado,0.5759579998994013,9184.859681941,9184.860336024,9184.859634899,9184.860257899,CIRCUIT_OPEN,2026-09-05T00:01:28.057651Z
1add5caa-2177-41ef-b938-ebeb9cf1a1ee,run1_rep1,B,OPEN,OPEN,request,CACHE,HIT,0.04824999996344559,0.7807920010236558,INFO,adaptador.request,false,degradado,0.6260829995881068,9184.906303774,9184.907036316,9184.906255524,9184.906929857,CIRCUIT_OPEN,2026-09-05T00:01:28.104374Z
7383b43f-4e14-4405-9f16-63939dc21e9d,run1_rep1,B,OPEN,OPEN,request,CACHE,HIT,0.04095899930689484,0.7749169999442529,INFO,adaptador.request,false,degradado,0.6410830010281643,9184.923584441,9184.924318399,9184.923543482,9184.924225524,CIRCUIT_OPEN,2026-09-05T00:01:28.121645Z
d6366081-24a3-42f5-848c-f145bef235fc,run1_rep1,B,OPEN,OPEN,request,CACHE,HIT,0.05450000026030466,1.179165999928955,INFO,adaptador.request,false,degradado,1.030707999234437,9184.971481941,9184.972606607,9184.971427441,9184.972512649,CIRCUIT_OPEN,2026-09-05T00:01:28.170192Z
775f6b3e-3a26-46fb-8830-d0145a5e4e00,run1_rep1,B,OPEN,OPEN,request,CACHE,HIT,0.016792000678833574,0.9509580013400409,INFO,adaptador.request,false,degradado,0.887415999386576,9184.971946066,9184.972880232,9184.971929274,9184.972833482,CIRCUIT_OPEN,2026-09-05T00:01:28.170517Z
f418228b-7284-4917-be68-831b1d33b678,run1_rep1,B,OPEN,OPEN,request,CACHE,HIT,0.03699999979289714,0.8242080002673902,INFO,adaptador.request,false,degradado,0.6832079998275731,9185.055936191,9185.056723399,9185.055899191,9185.056619399,CIRCUIT_OPEN,2026-09-05T00:01:28.254052Z
1385f5bf-0f3f-4f7f-9e0b-a12268ca9a13,run1_rep1,B,OPEN,OPEN,request,CACHE,HIT,0.02012499862757977,0.37229199915600475,INFO,adaptador.request,false,degradado,0.30816700018476695,9185.067771232,9185.068123399,9185.067751107,9185.068079399,CIRCUIT_OPEN,2026-09-05T00:01:28.265405Z
5a485b72-ff75-4975-8be9-3982302e6df1,run1_rep1,B,OPEN,OPEN,request,CACHE,HIT,0.04762500066135544,0.7547500008513452,INFO,adaptador.request,false,degradado,0.6142909987829626,9185.148358066,9185.149065191,9185.148310441,9185.148972357,CIRCUIT_OPEN,2026-09-05T00:01:28.346367Z
6d2fcc69-45f9-40f3-9271-8cfdf376a02e,run1_rep1,B,OPEN,OPEN,request,CACHE,HIT,0.031166999178822152,0.5661249997501727,INFO,adaptador.request,false,degradado,0.4710000011982629,9185.157566941,9185.158101899,9185.157535774,9185.158037941,CIRCUIT_OPEN,2026-09-05T00:01:28.355415Z
810f8090-77a8-4068-8e51-910c10aeb330,run1_rep1,B,OPEN,OPEN,request,CACHE,HIT,0.03891699998348486,1.0952920001727762,INFO,adaptador.request,false,degradado,0.9573750012350501,9185.170204899,9185.171261274,9185.170165982,9185.171162274,CIRCUIT_OPEN,2026-09-05T00:01:28.368584Z
9e360095-d273-4891-9b15-0d3ab6c9390b,run1_rep1,B,OPEN,OPEN,request,CACHE,HIT,0.03112499871349428,0.511207999807084,INFO,adaptador.request,false,degradado,0.4040000003442401,9185.174747774,9185.175227857,9185.174716649,9185.175151774,CIRCUIT_OPEN,2026-09-05T00:01:28.372542Z
fb3e5591-ff8e-41bb-87c4-00655447eb4e,run1_rep1,B,OPEN,OPEN,request,CACHE,HIT,0.04083400017407257,0.6445839990192326,INFO,adaptador.request,false,degradado,0.5307079991325736,9185.229884816,9185.230488566,9185.229843982,9185.230415524,CIRCUIT_OPEN,2026-09-05T00:01:28.427797Z
5522e397-7b45-42e2-b5fd-af85e083496a,run1_rep1,B,OPEN,OPEN,request,CACHE,HIT,0.03520900099829305,0.6048340001143515,INFO,adaptador.request,false,degradado,0.5079999991721706,9185.258904316,9185.259473941,9185.258869107,9185.259412316,CIRCUIT_OPEN,2026-09-05T00:01:28.456780Z
414e5bba-0259-4e25-b3d7-92735e420c7b,run1_rep1,B,OPEN,OPEN,request,CACHE,HIT,0.029707998692174442,1.0943749985017348,INFO,adaptador.request,false,degradado,1.0024170005635824,9185.295930232,9185.296994899,9185.295900524,9185.296932649,CIRCUIT_OPEN,2026-09-05T00:01:28.494331Z
41790137-ddbb-4b0d-8d1e-af363b2496d2,run1_rep1,B,OPEN,OPEN,request,CACHE,HIT,0.01912500010803342,1.1531670006661443,INFO,adaptador.request,false,degradado,1.0760420009319205,9185.296646399,9185.297780441,9185.296627274,9185.297722441,CIRCUIT_OPEN,2026-09-05T00:01:28.495329Z
db32671a-1c33-40b5-8e29-2b911a74aa61,run1_rep1,B,OPEN,OPEN,request,CACHE,HIT,0.05241699909674935,0.8352499989996431,INFO,adaptador.request,false,degradado,0.6896659997437382,9185.380650566,9185.381433399,9185.380598149,9185.381340232,CIRCUIT_OPEN,2026-09-05T00:01:28.578761Z
315e8b6d-3967-4e5a-80fc-0f1cb34db771,run1_rep1,B,OPEN,OPEN,request,CACHE,HIT,0.03499999911582563,0.6054579989722697,INFO,adaptador.request,false,degradado,0.4980410012649372,9185.395689816,9185.396260274,9185.395654816,9185.396187857,CIRCUIT_OPEN,2026-09-05T00:01:28.593580Z
a939e047-5c7f-4701-9cb8-65e1daaeba6d,run1_rep1,B,OPEN,OPEN,request,CACHE,HIT,0.05504100045072846,0.7681250008317875,INFO,adaptador.request,false,degradado,0.6183749992487719,9185.489793274,9185.490506358,9185.489738233,9185.490411649,CIRCUIT_OPEN,2026-09-05T00:01:28.687837Z
11b8c017-52c1-4615-978e-ad6a4b1c1f7f,run1_rep1,B,OPEN,OPEN,request,CACHE,HIT,0.043832998926518485,0.724374998753774,INFO,adaptador.request,false,degradado,0.598333001107676,9185.517603441,9185.518283983,9185.517559608,9185.518201774,CIRCUIT_OPEN,2026-09-05T00:01:28.715600Z
0c2bd076-901e-4c5c-b0e7-97da45f51af9,run1_rep1,B,OPEN,OPEN,request,CACHE,HIT,0.031583000236423686,0.9846249995462131,INFO,adaptador.request,false,degradado,0.8479169991915114,9185.522835566,9185.523788608,9185.522803983,9185.523683483,CIRCUIT_OPEN,2026-09-05T00:01:28.721117Z
afc218c2-187b-407d-a6c8-8f06320c6299,run1_rep1,B,OPEN,OPEN,request,CACHE,HIT,0.042584000766510144,0.6519590006064391,INFO,adaptador.request,false,degradado,0.5205830002523726,9185.567260358,9185.567869733,9185.567217774,9185.567780941,CIRCUIT_OPEN,2026-09-05T00:01:28.765250Z
fae18142-4418-4108-b6b6-da2f725c79f0,run1_rep1,B,OPEN,OPEN,request,CACHE,HIT,0.03258299875597004,0.5440829991130158,INFO,adaptador.request,false,degradado,0.44012500075041316,9185.594411691,9185.594923191,9185.594379108,9185.594851816,CIRCUIT_OPEN,2026-09-05T00:01:28.792262Z
293188d9-6828-41b3-bbd4-66b9d80d2f70,run1_rep1,B,OPEN,OPEN,request,CACHE,HIT,0.04083299972990062,1.0174159997404786,INFO,adaptador.request,false,degradado,0.8937920010794187,9185.657201191,9185.658177774,9185.657160358,9185.658094983,CIRCUIT_OPEN,2026-09-05T00:01:28.855748Z
bcb12bf9-3512-4e9b-9524-9c693bccaa48,run1_rep1,B,OPEN,OPEN,request,CACHE,HIT,0.019749999410123564,0.8013749993551755,INFO,adaptador.request,false,degradado,0.7440000008500647,9185.657658274,9185.658439899,9185.657638524,9185.658402274,CIRCUIT_OPEN,2026-09-05T00:01:28.856055Z
c34550c6-9f14-4c19-85e6-970d00db6312,run1_rep1,B,OPEN,OPEN,request,CACHE,HIT,0.027292000595480204,0.5587079995166278,INFO,adaptador.request,false,degradado,0.4611250005837064,9185.664370483,9185.664901899,9185.664343191,9185.664831608,CIRCUIT_OPEN,2026-09-05T00:01:28.862241Z
0b523ece-4a01-417d-b774-56ff6b7203da,run1_rep1,B,OPEN,OPEN,request,CACHE,HIT,0.039958000343176536,0.7304999999178108,INFO,adaptador.request,false,degradado,0.6111250004323665,9185.732780691,9185.733471233,9185.732740733,9185.733391816,CIRCUIT_OPEN,2026-09-05T00:01:28.930785Z
dfd534f7-ff62-4562-9da2-43c03e8f8488,run1_rep1,B,OPEN,OPEN,request,CACHE,HIT,0.0323330004903255,0.49670800035528373,INFO,adaptador.request,false,degradado,0.39716699939162936,9185.736775191,9185.737239566,9185.736742858,9185.737172358,CIRCUIT_OPEN,2026-09-05T00:01:28.934554Z
aeaf9fcb-6e9d-4605-8048-8e43399c6e16,run1_rep1,B,OPEN,OPEN,request,CACHE,HIT,0.02595799924165476,0.5095420001453022,INFO,adaptador.request,false,degradado,0.41525000051478855,9185.749663899,9185.750147483,9185.749637941,9185.750079149,CIRCUIT_OPEN,2026-09-05T00:01:28.947473Z
1ed8bf79-f12e-44ad-9741-3edd6656849a,run1_rep1,B,OPEN,OPEN,request,CACHE,HIT,0.042499999835854396,0.708166999174864,INFO,adaptador.request,false,degradado,0.5836669988639187,9185.828895274,9185.829560941,9185.828852774,9185.829478941,CIRCUIT_OPEN,2026-09-05T00:01:29.026889Z
a45df3b4-434c-4881-ab49-dc8d18a8b3cd,run1_rep1,B,OPEN,OPEN,request,CACHE,HIT,0.05229199996392708,0.7767080005578464,INFO,adaptador.request,false,degradado,0.6277500015130499,9185.886631233,9185.887355649,9185.886578941,9185.887258983,CIRCUIT_OPEN,2026-09-05T00:01:29.084687Z
f024ba91-7102-436e-b316-2f8f4535a695,run1_rep1,B,OPEN,OPEN,request,CACHE,HIT,0.038750000385334715,0.6005420000292361,INFO,adaptador.request,false,degradado,0.49204199967789464,9185.901774524,9185.902336316,9185.901735774,9185.902266566,CIRCUIT_OPEN,2026-09-05T00:01:29.099650Z
303637e2-b3d4-4e6f-888c-e6e3326ee75f,run1_rep1,B,OPEN,OPEN,request,CACHE,HIT,0.029707998692174442,0.5744159989262698,INFO,adaptador.request,false,degradado,0.48600000081933104,9185.906379441,9185.906924149,9185.906349733,9185.906865441,CIRCUIT_OPEN,2026-09-05T00:01:29.104251Z
4eb9ed47-7840-4973-b99b-4eb0ad8d40ac,run1_rep1,B,OPEN,OPEN,request,CACHE,HIT,0.043415999243734404,0.720750000255066,INFO,adaptador.request,false,degradado,0.5999170007271459,9185.937302899,9185.937980233,9185.937259483,9185.937902816,CIRCUIT_OPEN,2026-09-05T00:01:29.135340Z
6cc95000-6579-434a-8cb4-5b7001f42961,run1_rep1,B,OPEN,OPEN,request,CACHE,HIT,0.034124999729101546,1.1074590001953766,INFO,adaptador.request,false,degradado,0.9865000010904623,9185.964987274,9185.966060608,9185.964953149,9185.965973774,CIRCUIT_OPEN,2026-09-05T00:01:29.163729Z
86acd8d9-df5e-47b2-9bbd-a700765138f0,run1_rep1,B,OPEN,OPEN,request,CACHE,HIT,0.019166000129189342,0.9835830005613388,INFO,adaptador.request,false,degradado,0.909833999685361,9185.965442024,9185.966406441,9185.965422858,9185.966351858,CIRCUIT_OPEN,2026-09-05T00:01:29.164040Z
cac0b55e-929a-4683-a656-2b9ed5e3cce9,run1_rep1,B,OPEN,OPEN,request,CACHE,HIT,0.04320799962442834,0.7029999997030245,INFO,adaptador.request,false,degradado,0.5717500007449416,9186.060468774,9186.061128566,9186.060425566,9186.061040524,CIRCUIT_OPEN,2026-09-05T00:01:29.258457Z
64c213f3-15bd-487b-b87b-8c244e8942ad,run1_rep1,B,OPEN,OPEN,request,CACHE,HIT,0.03304199890408199,1.0690420003811596,INFO,adaptador.request,false,degradado,0.9436250002181623,9186.070324358,9186.071360358,9186.070291316,9186.071267983,CIRCUIT_OPEN,2026-09-05T00:01:29.268694Z
b3a49703-55b5-49cb-a7dd-470b934da6ff,run1_rep1,B,OPEN,OPEN,request,CACHE,HIT,0.033958000130951405,0.8977500001492444,INFO,adaptador.request,false,degradado,0.7640000003448222,9186.087864399,9186.088728191,9186.087830441,9186.088628399,CIRCUIT_OPEN,2026-09-05T00:01:29.286043Z
dbbefd67-5f12-4f6d-8362-759d0a85dd96,run1_rep1,B,OPEN,OPEN,request,CACHE,HIT,0.030208000680431724,0.5223330008448102,INFO,adaptador.request,false,degradado,0.43345899939595256,9186.099382274,9186.099874399,9186.099352066,9186.099815733,CIRCUIT_OPEN,2026-09-05T00:01:29.297182Z
3c37fc57-5584-4547-aeaa-74e2839fdeea,run1_rep1,B,OPEN,OPEN,request,CACHE,HIT,0.037125000744708814,0.5075410008430481,INFO,adaptador.request,false,degradado,0.41333300032420084,9186.110022858,9186.110493274,9186.109985733,9186.110436191,CIRCUIT_OPEN,2026-09-05T00:01:29.307808Z
af65cbdf-7b42-44ba-ba13-6c6769515d82,run1_rep1,B,OPEN,OPEN,request,CACHE,HIT,0.019207998775527813,0.4972080005245516,INFO,adaptador.request,false,degradado,0.4186670012131799,9186.111212191,9186.111690191,9186.111192983,9186.111630858,CIRCUIT_OPEN,2026-09-05T00:01:29.309030Z
49050daa-8063-4c8b-aed3-ab85e454ac05,run1_rep1,B,OPEN,OPEN,request,CACHE,HIT,0.018665999959921464,0.35779099926003255,INFO,adaptador.request,false,degradado,0.2887919999920996,9186.142297566,9186.142636691,9186.1422789,9186.142586358,CIRCUIT_OPEN,2026-09-05T00:01:29.339938Z
ccd4eb94-8ba9-48ed-bee4-9f605399759a,run1_rep1,B,OPEN,OPEN,request,CACHE,HIT,0.050749998990795575,0.6711669993819669,INFO,adaptador.request,false,degradado,0.5282500005705515,9186.168466066,9186.169086483,9186.168415316,9186.168994316,CIRCUIT_OPEN,2026-09-05T00:01:29.366404Z
c4941bbc-2842-448c-aeb6-8c40f8bb108d,run1_rep1,B,OPEN,OPEN,request,CACHE,HIT,0.02708300053200219,0.7618750005349284,INFO,adaptador.request,false,degradado,0.6540840004163329,9186.170726691,9186.171461483,9186.170699608,9186.171380775,CIRCUIT_OPEN,2026-09-05T00:01:29.368801Z
50a97c7d-c3b5-4d97-854f-3fa21deb330a,run1_rep1,B,OPEN,OPEN,request,CACHE,HIT,0.038540998502867296,0.7379159997071838,INFO,adaptador.request,false,degradado,0.6150839999463642,9186.215975066,9186.216674441,9186.215936525,9186.21659015,CIRCUIT_OPEN,2026-09-05T00:01:29.414004Z
ed61f978-2d0f-4554-a14a-de0db56f56cb,run1_rep1,B,OPEN,OPEN,request,CACHE,HIT,0.033583999538677745,0.679666998621542,INFO,adaptador.request,false,degradado,0.5769580002379371,9186.222200275,9186.222846358,9186.222166691,9186.222777233,CIRCUIT_OPEN,2026-09-05T00:01:29.420177Z
a7f9c468-7893-4667-9791-026e4128611e,run1_rep1,B,OPEN,OPEN,request,CACHE,HIT,0.032124999052030034,0.55679099932604,INFO,adaptador.request,false,degradado,0.43295800060150214,9186.25152615,9186.252050816,9186.251494025,9186.251959108,CIRCUIT_OPEN,2026-09-05T00:01:29.449487Z
c7edd523-ffe8-4fb1-b632-724af994af07,run1_rep1,B,OPEN,OPEN,request,CACHE,HIT,0.04295899998396635,0.600125000346452,INFO,adaptador.request,false,degradado,0.47170800098683685,9186.331337275,9186.331894441,9186.331294316,9186.331808983,CIRCUIT_OPEN,2026-09-05T00:01:29.529223Z
b69c6835-03ff-4bec-bb03-c83d31106cdb,run1_rep1,B,OPEN,OPEN,request,CACHE,HIT,0.04095800068171229,0.9829169994191034,INFO,adaptador.request,false,degradado,0.8511249998264248,9186.351549941,9186.3524919,9186.351508983,9186.352401066,CIRCUIT_OPEN,2026-09-05T00:01:29.549833Z
9601de14-0790-4666-b0a5-586dc55255da,run1_rep1,B,OPEN,OPEN,request,CACHE,HIT,0.026375000743428245,0.8717920009075897,INFO,adaptador.request,false,degradado,0.8024170001590392,9186.352311941,9186.353157358,9186.352285566,9186.353114358,CIRCUIT_OPEN,2026-09-05T00:01:29.550446Z
72853968-039e-4693-8261-7f79edd09424,run1_rep1,B,OPEN,OPEN,request,CACHE,HIT,0.03245799962314777,0.7415420004690532,INFO,adaptador.request,false,degradado,0.635584001429379,9186.362555941,9186.363265025,9186.362523483,9186.363191525,CIRCUIT_OPEN,2026-09-05T00:01:29.560600Z
a29d3561-0529-4564-8eba-045a813fc241,run1_rep1,B,OPEN,OPEN,request,CACHE,HIT,0.02049999966402538,0.458874999822001,INFO,adaptador.request,false,degradado,0.38750000021536835,9186.370730941,9186.371169316,9186.370710441,9186.371118441,CIRCUIT_OPEN,2026-09-05T00:01:29.568476Z
9a55e1d3-0fdc-44e2-b9f9-3176422e3ead,run1_rep1,B,OPEN,OPEN,request,CACHE,HIT,0.011167001503054053,0.25970800015784334,INFO,adaptador.request,false,degradado,0.22091599930718075,9186.373373275,9186.373621816,9186.373362108,9186.373594191,CIRCUIT_OPEN,2026-09-05T00:01:29.570895Z
9e82e287-b983-450b-86c1-495b8845d394,run1_rep1,B,OPEN,OPEN,request,CACHE,HIT,0.04425000042829197,0.8052499997575069,INFO,adaptador.request,false,degradado,0.670208999508759,9186.563195066,9186.563956066,9186.563150816,9186.563865275,CIRCUIT_OPEN,2026-09-05T00:01:29.761314Z
d6aebacf-ec7b-4828-b428-573b7ceab5c8,run1_rep1,B,OPEN,OPEN,request,CACHE,HIT,0.029708000511163846,0.9373749999213032,INFO,adaptador.request,false,degradado,0.8483339988742955,9186.580765316,9186.581672983,9186.580735608,9186.58161365,CIRCUIT_OPEN,2026-09-05T00:01:29.779346Z
df8be8c0-0a43-4d7a-b0ba-4ed70664509d,run1_rep1,B,OPEN,OPEN,request,CACHE,HIT,0.014125000234344043,0.7729589997325093,INFO,adaptador.request,false,degradado,0.6971669990889495,9186.581218191,9186.581977025,9186.581204066,9186.581915358,CIRCUIT_OPEN,2026-09-05T00:01:29.779647Z
587c4bc0-0c36-4295-8eff-e85f3cdab1f3,run1_rep1,B,OPEN,OPEN,request,CACHE,HIT,0.014749999536434188,0.3477499994914979,INFO,adaptador.request,false,degradado,0.278499999694759,9186.596539233,9186.596872233,9186.596524483,9186.596817733,CIRCUIT_OPEN,2026-09-05T00:01:29.794179Z
5471bbf6-2271-45ce-99eb-9d9ee88536fe,run1_rep1,B,OPEN,OPEN,request,CACHE,HIT,0.07733299935352989,0.8444159993814537,INFO,adaptador.request,false,degradado,0.6640419996983837,9186.659210483,9186.659977566,9186.65913315,9186.659874525,CIRCUIT_OPEN,2026-09-05T00:01:29.857360Z
6c87843a-6872-4b28-92e4-d0c27ee8b211,run1_rep1,B,OPEN,OPEN,request,CACHE,HIT,0.0412499994126847,0.6677500005025649,INFO,adaptador.request,false,degradado,0.5615419995592674,9186.680109358,9186.680735858,9186.680068108,9186.6806709,CIRCUIT_OPEN,2026-09-05T00:01:29.878040Z
c1a44d43-5dd6-42ce-b993-bbec7c0eadc5,run1_rep1,B,OPEN,OPEN,request,CACHE,HIT,0.04270899989933241,0.6676249995507533,INFO,adaptador.request,false,degradado,0.5372079995140666,9186.7060954,9186.706720316,9186.706052691,9186.706632608,CIRCUIT_OPEN,2026-09-05T00:01:29.904046Z
45a7833a-b07f-4edc-b313-ba1bfac80cb8,run1_rep1,B,OPEN,OPEN,request,CACHE,HIT,0.12091700045857579,0.890958001036779,INFO,adaptador.request,false,degradado,0.6762499997421401,9186.7399484,9186.740718441,9186.739827483,9186.74062465,CIRCUIT_OPEN,2026-09-05T00:01:29.938048Z
ccd46457-a9c7-40a3-99bb-378808f3605f,run1_rep1,B,OPEN,OPEN,request,CACHE,HIT,0.03058299989788793,0.8376660007343162,INFO,adaptador.request,false,degradado,0.7348330000240821,9186.746649858,9186.747456941,9186.746619275,9186.747384691,CIRCUIT_OPEN,2026-09-05T00:01:29.944790Z
d6f0bae3-bda3-4d8f-9e00-24b28073d242,run1_rep1,B,OPEN,OPEN,request,CACHE,HIT,0.0178339996637078,0.8999170004244661,INFO,adaptador.request,false,degradado,0.824708000436658,9186.7473299,9186.748211983,9186.747312066,9186.748154608,CIRCUIT_OPEN,2026-09-05T00:01:29.945716Z
a7a676f7-9b93-42ff-84c4-5c134ecc050c,run1_rep1,B,OPEN,OPEN,request,CACHE,HIT,0.044042000808985904,0.8101670009637019,INFO,adaptador.request,false,degradado,0.6272079990594648,9186.798216608,9186.798982733,9186.798172566,9186.798843816,CIRCUIT_OPEN,2026-09-05T00:01:29.996413Z
b643c875-ce0d-4565-a0d6-5c7afec00842,run1_rep1,B,OPEN,OPEN,request,CACHE,HIT,0.02995899922098033,0.6089999988034833,INFO,adaptador.request,false,degradado,0.5168749994481914,9186.801935025,9186.802514066,9186.801905066,9186.8024519,CIRCUIT_OPEN,2026-09-05T00:01:29.999838Z
83bc6a2f-cb32-4658-b455-fb6ea9d440ce,run1_rep1,B,OPEN,OPEN,request,CACHE,HIT,0.02191600106016267,0.4136660008953186,INFO,adaptador.request,false,degradado,0.3380839989404194,9186.817544358,9186.817936108,9186.817522442,9186.817882442,CIRCUIT_OPEN,2026-09-05T00:01:30.015254Z
fe119a65-0b7c-45ed-97d3-bafaeca2ab8e,run1_rep1,B,OPEN,OPEN,request,CACHE,HIT,0.01808299930416979,0.4363329990155762,INFO,adaptador.request,false,degradado,0.3577090010367101,9186.822837733,9186.823255983,9186.82281965,9186.823195442,CIRCUIT_OPEN,2026-09-05T00:01:30.020572Z
9cb9d31b-11f3-4631-ac1f-84062986af79,run1_rep1,B,OPEN,OPEN,request,CACHE,HIT,0.018250000721309334,0.403583000661456,INFO,adaptador.request,false,degradado,0.3142079985991586,9186.843632775,9186.844018108,9186.843614525,9186.843946983,CIRCUIT_OPEN,2026-09-05T00:01:30.041342Z
7e6e0a32-7d8a-40b0-8063-3a7a48f4bb2c,run1_rep1,B,OPEN,OPEN,request,CACHE,HIT,0.05120799869473558,0.7893749989307253,INFO,adaptador.request,false,degradado,0.6565000003320165,9186.952417608,9186.953155775,9186.9523664,9186.953074108,CIRCUIT_OPEN,2026-09-05T00:01:30.150474Z
dd153f27-d38e-4c56-97b4-9f12a13dcfab,run1_rep1,B,OPEN,OPEN,request,CACHE,HIT,0.049917000069399364,0.8656670015625423,INFO,adaptador.request,false,degradado,0.706124999851454,9187.040428567,9187.041244317,9187.04037865,9187.041134692,CIRCUIT_OPEN,2026-09-05T00:01:30.238595Z
20034378-a012-4361-b028-b437c380a2eb,run1_rep1,B,OPEN,OPEN,request,CACHE,HIT,0.03375000051164534,0.5512919997272547,INFO,adaptador.request,false,degradado,0.44916700062458403,9187.066304025,9187.066821567,9187.066270275,9187.066753192,CIRCUIT_OPEN,2026-09-05T00:01:30.264131Z
124c9066-afbc-42de-b389-331b28aedacd,run1_rep1,B,OPEN,OPEN,request,CACHE,HIT,0.024540999220334925,0.49104099889518693,INFO,adaptador.request,false,degradado,0.4117500011489028,9187.080982983,9187.081449483,9187.080958442,9187.081394733,CIRCUIT_OPEN,2026-09-05T00:01:30.278746Z
c7274fcb-9f95-4316-985e-7fad47268754,run1_rep1,B,OPEN,OPEN,request,CACHE,HIT,0.026749999960884452,0.4873329999099951,INFO,adaptador.request,false,degradado,0.4004580005130265,9187.097810525,9187.098271108,9187.097783775,9187.098210983,CIRCUIT_OPEN,2026-09-05T00:01:30.295595Z
e3f7f6c1-fd85-4b51-aa81-12bc73fc1cdc,run1_rep1,B,OPEN,OPEN,request,CACHE,HIT,0.05125000097905286,1.0016670003096806,INFO,adaptador.request,false,degradado,0.8770829990680795,9187.190019775,9187.190970192,9187.189968525,9187.190896858,CIRCUIT_OPEN,2026-09-05T00:01:30.388324Z
f80984e4-2b33-46e3-b932-09267c624b9c,run1_rep1,B,OPEN,OPEN,request,CACHE,HIT,0.02312499964318704,1.0648749994288664,INFO,adaptador.request,false,degradado,0.9995000000344589,9187.190520942,9187.191562692,9187.190497817,9187.191520442,CIRCUIT_OPEN,2026-09-05T00:01:30.388995Z
8cb78e7e-af05-4cae-af0a-d4804c982d06,run1_rep1,B,OPEN,OPEN,request,CACHE,HIT,0.04391699985717423,0.6909170006110799,INFO,adaptador.request,false,degradado,0.5636250007228227,9187.239659775,9187.240306775,9187.239615858,9187.2402234,CIRCUIT_OPEN,2026-09-05T00:01:30.437636Z
1397bd2c-47f8-4e5f-b3dc-02dc8127de02,run1_rep1,B,OPEN,OPEN,request,CACHE,HIT,0.05333400076779071,0.6257919994823169,INFO,adaptador.request,false,degradado,0.5049579995102249,9187.257025192,9187.25759765,9187.256971858,9187.25753015,CIRCUIT_OPEN,2026-09-05T00:01:30.454910Z
3721ceaa-0146-4f09-87fa-9e0ab4c329b5,run1_rep1,B,OPEN,OPEN,request,CACHE,HIT,0.04020899905299302,0.6582919995707925,INFO,adaptador.request,false,degradado,0.5370409999159165,9187.291428567,9187.29204665,9187.291388358,9187.291965608,CIRCUIT_OPEN,2026-09-05T00:01:30.489343Z
b4cdc178-20bf-4234-9b4b-84139bc8eb14,run1_rep1,B,OPEN,OPEN,request,CACHE,HIT,0.028833999749622308,0.6306249997578561,INFO,adaptador.request,false,degradado,0.510290999955032,9187.300447317,9187.301049108,9187.300418483,9187.300957608,CIRCUIT_OPEN,2026-09-05T00:01:30.498378Z
ec62b3c3-0d13-4676-b0d1-95872760aae8,run1_rep1,B,OPEN,OPEN,request,CACHE,HIT,0.028832999305450357,0.6035000005795155,INFO,adaptador.request,false,degradado,0.50754200128722,9187.338071858,9187.338646525,9187.338043025,9187.3385794,CIRCUIT_OPEN,2026-09-05T00:01:30.535953Z
224742b7-6101-4220-9e4a-bed67ec89589,run1_rep1,B,OPEN,OPEN,request,CACHE,HIT,0.029000000722589903,0.543124999239808,INFO,adaptador.request,false,degradado,0.44558299850905314,9187.363356567,9187.363870692,9187.363327567,9187.36380215,CIRCUIT_OPEN,2026-09-05T00:01:30.561174Z
bcb175dd-059d-4458-9826-0d83674be108,run1_rep1,B,OPEN,OPEN,request,CACHE,HIT,0.024834000214468688,0.4650840000977041,INFO,adaptador.request,false,degradado,0.37775000055262353,9187.378443192,9187.378883442,9187.378418358,9187.378820942,CIRCUIT_OPEN,2026-09-05T00:01:30.576203Z
250e4010-96d0-4883-a2dc-400636ae2c86,run1_rep1,B,OPEN,OPEN,request,CACHE,HIT,0.01941600021382328,0.4212910007481696,INFO,adaptador.request,false,degradado,0.330834000124014,9187.392661983,9187.393063858,9187.392642567,9187.392992817,CIRCUIT_OPEN,2026-09-05T00:01:30.590362Z
b8094817-2095-433c-b29a-a1b36a6b9a66,run1_rep1,B,OPEN,OPEN,request,CACHE,HIT,0.049665999540593475,0.87191599959624,INFO,adaptador.request,false,degradado,0.7276249998540152,9187.457768858,9187.458591108,9187.457719192,9187.458496483,CIRCUIT_OPEN,2026-09-05T00:01:30.655924Z
82e67576-ef76-493a-8e62-d9fe1b836715,run1_rep1,B,OPEN,OPEN,request,CACHE,HIT,0.03641700095613487,0.6402090002666228,INFO,adaptador.request,false,degradado,0.5260830002953298,9187.4748354,9187.475439192,9187.474798983,9187.475361483,CIRCUIT_OPEN,2026-09-05T00:01:30.672765Z
160eea65-4857-4c44-a6e5-8217df0cad35,run1_rep1,B,OPEN,OPEN,request,CACHE,HIT,0.032625001040287316,0.5632090014842106,INFO,adaptador.request,false,degradado,0.46008400022401474,9187.497591858,9187.498122442,9187.497559233,9187.498051942,CIRCUIT_OPEN,2026-09-05T00:01:30.695442Z
efb1cd87-65b5-4c30-be19-dc8d0876ad59,run1_rep1,B,OPEN,OPEN,request,CACHE,HIT,0.05891699947824236,0.9340830001747236,INFO,adaptador.request,false,degradado,0.747916001273552,9187.596540984,9187.59741615,9187.596482067,9187.5972889,CIRCUIT_OPEN,2026-09-05T00:01:30.794751Z
cdfbeff8-31d4-4a66-af8e-ac26e254b7ac,run1_rep1,B,OPEN,OPEN,request,CACHE,HIT,0.04041600004711654,0.6857499993202509,INFO,adaptador.request,false,degradado,0.5736250004702015,9187.6291459,9187.629791234,9187.629105484,9187.629719525,CIRCUIT_OPEN,2026-09-05T00:01:30.827097Z
2c8c68c3-d478-4ac5-9ecf-224f5aba5c90,run1_rep1,B,OPEN,OPEN,request,CACHE,HIT,0.031125000532483682,0.5432500001916196,INFO,adaptador.request,false,degradado,0.45737499931419734,9187.644446192,9187.644958317,9187.644415067,9187.644903567,CIRCUIT_OPEN,2026-09-05T00:01:30.842287Z
c9b80a11-295d-47f1-8b1f-11e5c5e6663a,run1_rep1,B,OPEN,OPEN,request,CACHE,HIT,0.04220799928589258,0.7679999998799758,INFO,adaptador.request,false,degradado,0.6184169997140998,9187.719699275,9187.720425067,9187.719657067,9187.720317692,CIRCUIT_OPEN,2026-09-05T00:01:30.917815Z
c0eb73f2-f63e-481b-94c4-c667008047d9,run1_rep1,B,OPEN,OPEN,request,CACHE,HIT,0.03716700121003669,0.5101250008010538,INFO,adaptador.request,false,degradado,0.4110829995624954,9187.723149609,9187.723622567,9187.723112442,9187.723560692,CIRCUIT_OPEN,2026-09-05T00:01:30.920925Z
f04cbf48-8b8f-4f0f-afab-6326d0c1c980,run1_rep1,B,OPEN,OPEN,request,CACHE,HIT,0.033042000723071396,0.5261250007606577,INFO,adaptador.request,false,degradado,0.43037499926867895,9187.751674109,9187.752167192,9187.751641067,9187.752104484,CIRCUIT_OPEN,2026-09-05T00:01:30.949478Z
57d544f8-abf1-4014-8ca7-30341b397c6d,run1_rep1,B,OPEN,OPEN,request,CACHE,HIT,0.035667000702233054,0.5910830004722811,INFO,adaptador.request,false,degradado,0.487833000079263,9187.828197109,9187.828752525,9187.828161442,9187.828684942,CIRCUIT_OPEN,2026-09-05T00:01:31.026072Z
b3a57102-ff0a-48a8-b6ce-682e5fd481ae,run1_rep1,B,OPEN,OPEN,request,CACHE,HIT,0.02487500023562461,0.862667000546935,INFO,adaptador.request,false,degradado,0.7360839990724344,9187.83261465,9187.833452442,9187.832589775,9187.833350734,CIRCUIT_OPEN,2026-09-05T00:01:31.030784Z
c963d39d-b689-4a28-bd50-26db11b7bd8d,run1_rep1,B,OPEN,OPEN,request,CACHE,HIT,0.03604099947551731,0.9515830006421311,INFO,adaptador.request,false,degradado,0.6932920005056076,9187.85774265,9187.858658192,9187.857706609,9187.858435942,CIRCUIT_OPEN,2026-09-05T00:01:31.055944Z
9a3179dd-a9d4-49eb-ad75-42333cba26e2,run1_rep1,B,OPEN,OPEN,request,CACHE,HIT,0.030625000363215804,0.5214170014369301,INFO,adaptador.request,false,degradado,0.43504200039024,9187.869615442,9187.870106234,9187.869584817,9187.870050484,CIRCUIT_OPEN,2026-09-05T00:01:31.067409Z
087e691a-d558-4166-be1d-a3d7c96bc7d2,run1_rep1,B,OPEN,OPEN,request,CACHE,HIT,0.03129099968646187,0.576750000618631,INFO,adaptador.request,false,degradado,0.4761670006701024,9187.880644275,9187.881189734,9187.880612984,9187.881120442,CIRCUIT_OPEN,2026-09-05T00:01:31.078504Z
6dad0b57-7806-4deb-88f8-1662371ad415,run1_rep1,B,OPEN,OPEN,request,CACHE,HIT,0.051875000281143,0.9264590007660445,INFO,adaptador.request,false,degradado,0.7648749997315463,9187.9297329,9187.930607484,9187.929681025,9187.930497775,CIRCUIT_OPEN,2026-09-05T00:01:31.127948Z
78e4000a-88db-4870-a790-7c3b25f294e2,run1_rep1,B,OPEN,OPEN,request,CACHE,HIT,0.02433400004520081,0.4497919999266742,INFO,adaptador.request,false,degradado,0.3927910001948476,9187.937676484,9187.938101942,9187.93765215,9187.938069275,CIRCUIT_OPEN,2026-09-05T00:01:31.135374Z
6fc224fe-4460-4e5b-9700-88d47e611a24,run1_rep1,B,OPEN,OPEN,request,CACHE,HIT,0.05545899875869509,0.7388340000034077,INFO,adaptador.request,false,degradado,0.616332999925362,9187.973213484,9187.973896859,9187.973158025,9187.973829817,CIRCUIT_OPEN,2026-09-05T00:01:31.171200Z
f2f68701-b770-4b9c-95d1-357dbefb4761,run1_rep1,B,OPEN,OPEN,request,CACHE,HIT,0.047500001528533176,0.7287920016096905,INFO,adaptador.request,false,degradado,0.5924999986746116,9188.052809692,9188.053490984,9188.052762192,9188.053402192,CIRCUIT_OPEN,2026-09-05T00:01:31.250842Z
f002f71a-62e9-4b7a-a6e9-82d9bf31b185,run1_rep1,B,OPEN,OPEN,request,CACHE,HIT,0.039583999750902876,0.6080420007492648,INFO,adaptador.request,false,degradado,0.5030829997849651,9188.081169234,9188.081737692,9188.08112965,9188.081672317,CIRCUIT_OPEN,2026-09-05T00:01:31.279049Z
a454630c-26a0-4519-afd7-e5b2a16b47b1,run1_rep1,B,OPEN,OPEN,request,CACHE,HIT,0.03366700002516154,0.6089170001359889,INFO,adaptador.request,false,degradado,0.49745799879019614,9188.142900192,9188.143475442,9188.142866525,9188.14339765,CIRCUIT_OPEN,2026-09-05T00:01:31.340799Z
08fc2228-8864-4e39-84a0-2d96490b1357,run1_rep1,B,OPEN,OPEN,request,CACHE,HIT,0.03129099968646187,0.5042909997428069,INFO,adaptador.request,false,degradado,0.40791699939290993,9188.1612334,9188.1617064,9188.161202109,9188.161641317,CIRCUIT_OPEN,2026-09-05T00:01:31.359015Z
e79eb39b-83c2-4e49-a5db-2d6590f8c099,run1_rep1,B,OPEN,OPEN,request,CACHE,HIT,0.03283300065959338,0.6883749992994126,INFO,adaptador.request,false,degradado,0.5823339997732546,9188.19433315,9188.194988692,9188.194300317,9188.194915484,CIRCUIT_OPEN,2026-09-05T00:01:31.392344Z
d80cd35a-88e9-47da-b3ad-fd2bbc5f8e1e,run1_rep1,B,OPEN,OPEN,request,CACHE,HIT,0.029875000109313987,0.4798339996341383,INFO,adaptador.request,false,degradado,0.39599999945494346,9188.199768525,9188.200218484,9188.19973865,9188.200164525,CIRCUIT_OPEN,2026-09-05T00:01:31.397516Z
3b12ce25-6c58-470d-94c5-25e740f9a48c,run1_rep1,B,OPEN,OPEN,request,CACHE,HIT,0.028790998840122484,0.5696249991160585,INFO,adaptador.request,false,degradado,0.48545900062890723,9188.227633067,9188.228173901,9188.227604276,9188.228118526,CIRCUIT_OPEN,2026-09-05T00:01:31.425467Z
b57045ee-618d-459a-a540-bfc5ed922719,run1_rep1,B,OPEN,OPEN,request,CACHE,HIT,0.05516599958355073,0.8384579996345565,INFO,adaptador.request,false,degradado,0.6657920002908213,9188.282325692,9188.283108984,9188.282270526,9188.282991484,CIRCUIT_OPEN,2026-09-05T00:01:31.480435Z
eca13aba-4d57-408b-9938-5d88c0727418,run1_rep1,B,OPEN,OPEN,request,CACHE,HIT,0.0301670006592758,0.6619170017074794,INFO,adaptador.request,false,degradado,0.5604159996437375,9188.288297026,9188.288928776,9188.288266859,9188.288857442,CIRCUIT_OPEN,2026-09-05T00:01:31.486276Z
c9ea2f6d-4679-40fe-adde-2f175da92a9f,run1_rep1,B,OPEN,OPEN,request,CACHE,HIT,0.02499999936844688,0.48475000039616134,INFO,adaptador.request,false,degradado,0.3886660015268717,9188.299200151,9188.299659901,9188.299175151,9188.299588817,CIRCUIT_OPEN,2026-09-05T00:01:31.496988Z
3918288a-0271-407e-8a82-d732df5c1b26,run1_rep1,B,OPEN,OPEN,request,CACHE,HIT,0.05729100121243391,0.8273750008811476,INFO,adaptador.request,false,degradado,0.690875000145752,9188.361199192,9188.361969276,9188.361141901,9188.361890067,CIRCUIT_OPEN,2026-09-05T00:01:31.559313Z
c2b38b21-5fe3-428f-8211-dab42d6a78a7,run1_rep1,B,OPEN,OPEN,request,CACHE,HIT,0.11862499923154246,0.794625000708038,INFO,adaptador.request,false,degradado,0.6040830012352671,9188.373534526,9188.374210526,9188.373415901,9188.374138609,CIRCUIT_OPEN,2026-09-05T00:01:31.571515Z
8411c337-90ff-48fe-a68f-03b769fa39a6,run1_rep1,B,OPEN,OPEN,request,CACHE,HIT,0.05050000072515104,0.8106660006887978,INFO,adaptador.request,false,degradado,0.6366659999912372,9188.415295151,9188.416055317,9188.415244651,9188.415931817,CIRCUIT_OPEN,2026-09-05T00:01:31.613386Z
dd36b254-4f37-4921-b758-3443727e2a72,run1_rep1,B,OPEN,OPEN,request,CACHE,HIT,0.04870799966738559,1.0879159999603871,INFO,adaptador.request,false,degradado,0.9536249999655411,9188.461844234,9188.462883442,9188.461795526,9188.462797859,CIRCUIT_OPEN,2026-09-05T00:01:31.660439Z
f0348bbd-bcbe-42c4-863e-f61ec8d2378e,run1_rep1,B,OPEN,OPEN,request,CACHE,HIT,0.01445800080546178,0.9056250000867294,INFO,adaptador.request,false,degradado,0.8522089992766269,9188.462238567,9188.463129734,9188.462224109,9188.463090776,CIRCUIT_OPEN,2026-09-05T00:01:31.660735Z
1d6360b2-754c-4eb0-9e8f-bfcb88081701,run1_rep1,B,OPEN,OPEN,request,CACHE,HIT,0.026667001293390058,0.5595830007223412,INFO,adaptador.request,false,degradado,0.4657079989556223,9188.473048026,9188.473580942,9188.473021359,9188.473513734,CIRCUIT_OPEN,2026-09-05T00:01:31.670890Z
fa01e1f3-9ec7-4ab7-bac2-2939c9a12494,run1_rep1,B,OPEN,OPEN,request,CACHE,HIT,0.02045800101768691,0.3852500012726523,INFO,adaptador.request,false,degradado,0.31433299955097027,9188.489192109,9188.489556901,9188.489171651,9188.489506442,CIRCUIT_OPEN,2026-09-05T00:01:31.686846Z
8ecabe03-cfcc-46c6-b428-cf311acb8fb9,run1_rep1,B,OPEN,OPEN,request,CACHE,HIT,0.01637499917706009,0.3783749998547137,INFO,adaptador.request,false,degradado,0.30325000079756137,9188.506450234,9188.506812234,9188.506433859,9188.506753484,CIRCUIT_OPEN,2026-09-05T00:01:31.704131Z
f5b61ca0-c71b-430a-aac3-6324dabe43e6,run1_rep1,B,OPEN,OPEN,request,CACHE,HIT,0.014790999557590112,0.3665830008685589,INFO,adaptador.request,false,degradado,0.28825000117649324,9188.514638567,9188.514990359,9188.514623776,9188.514926817,CIRCUIT_OPEN,2026-09-05T00:01:31.712335Z
f7e4aa47-3993-41b2-aaf9-655487585d7a,run1_rep1,B,OPEN,OPEN,request,CACHE,HIT,0.04745899968838785,0.7287919997907011,INFO,adaptador.request,false,degradado,0.59966600019834,9188.609553776,9188.610235109,9188.609506317,9188.610153442,CIRCUIT_OPEN,2026-09-05T00:01:31.807552Z
413202c7-078e-4ac9-8ae8-5e006ef9ab27,run1_rep1,B,OPEN,OPEN,request,CACHE,HIT,0.04749999970954377,1.2229999992996454,INFO,adaptador.request,false,degradado,1.05341599919484,9188.658896151,9188.660071651,9188.658848651,9188.659949567,CIRCUIT_OPEN,2026-09-05T00:01:31.857398Z
db0b3a17-0f57-47d5-b2b6-0d52c1357f0d,run1_rep1,B,OPEN,OPEN,request,CACHE,HIT,0.040875000195228495,0.7316249993891688,INFO,adaptador.request,false,degradado,0.5414160004875157,9188.674457776,9188.675148526,9188.674416901,9188.674999192,CIRCUIT_OPEN,2026-09-05T00:01:31.872502Z
5b056c01-d754-4cf1-80b1-4bc8acf7d1a9,run1_rep1,B,OPEN,OPEN,request,CACHE,HIT,0.046999999540275894,1.4182089998939773,INFO,adaptador.request,false,degradado,1.227375001690234,9188.781132817,9188.782504026,9188.781085817,9188.782360192,CIRCUIT_OPEN,2026-09-05T00:01:31.980370Z
a505b9b5-6ff5-4446-8c9e-0cc71084ec1d,run1_rep1,B,OPEN,OPEN,request,CACHE,HIT,0.02937499994004611,1.315707999310689,INFO,adaptador.request,false,degradado,1.2037500000587897,9188.781740901,9188.783027234,9188.781711526,9188.782944651,CIRCUIT_OPEN,2026-09-05T00:01:31.980688Z
985e6ebc-0587-4a94-95e3-fc4e79345963,run1_rep1,B,OPEN,OPEN,request,CACHE,HIT,0.027709000278264284,1.6460840015497524,INFO,adaptador.request,false,degradado,1.560250000693486,9188.786283651,9188.787902026,9188.786255942,9188.787843901,CIRCUIT_OPEN,2026-09-05T00:01:31.985820Z
9dbbf2a1-c263-47e5-8dc3-7db10895c5d9,run1_rep1,B,OPEN,OPEN,request,CACHE,HIT,0.020000001313746907,1.6394580015912652,INFO,adaptador.request,false,degradado,1.5607079985784367,9188.786859276,9188.788478734,9188.786839276,9188.788419984,CIRCUIT_OPEN,2026-09-05T00:01:31.986123Z
e23ad3b1-bbad-4381-bb0d-1f2ce96bb107,run1_rep1,B,OPEN,OPEN,request,CACHE,HIT,0.022124999304651283,0.4554579991236096,INFO,adaptador.request,false,degradado,0.3852499994536629,9188.805083734,9188.805517067,9188.805061609,9188.805468984,CIRCUIT_OPEN,2026-09-05T00:01:32.002822Z
7a67ac5e-00e4-4800-a53c-6bebc50b5637,run1_rep1,B,OPEN,OPEN,request,CACHE,HIT,0.014749999536434188,0.3483750006125774,INFO,adaptador.request,false,degradado,0.2925000007962808,9188.830183776,9188.830517401,9188.830169026,9188.830476276,CIRCUIT_OPEN,2026-09-05T00:01:32.027807Z
4c1f9748-f08d-42f0-9db6-0897ef38755c,run1_rep1,B,OPEN,OPEN,request,CACHE,HIT,0.05199999941396527,1.2438329995347885,INFO,adaptador.request,false,degradado,1.0945409994747024,9188.933182318,9188.934374151,9188.933130318,9188.934276859,CIRCUIT_OPEN,2026-09-05T00:01:32.131946Z
7c287ee9-59f4-4265-bd03-6cbe3374455d,run1_rep1,B,OPEN,OPEN,request,CACHE,HIT,0.016542000594199635,1.0227080001641298,INFO,adaptador.request,false,degradado,0.969165999777033,9188.933634818,9188.934640984,9188.933618276,9188.934603984,CIRCUIT_OPEN,2026-09-05T00:01:32.132248Z
b55ec6ea-244a-45e5-8a87-40782677d11c,run1_rep1,B,OPEN,OPEN,request,CACHE,HIT,0.03633300002547912,0.6364169985317858,INFO,adaptador.request,false,degradado,0.5217090001679026,9188.947234859,9188.947834943,9188.947198526,9188.947756568,CIRCUIT_OPEN,2026-09-05T00:01:32.145166Z
c0bda7b9-18d9-4dae-9594-efa9797c4fdc,run1_rep1,B,OPEN,OPEN,request,CACHE,HIT,0.05124999916006345,0.9037500003614696,INFO,adaptador.request,false,degradado,0.757583000449813,9189.010684276,9189.011536776,9189.010633026,9189.011441859,CIRCUIT_OPEN,2026-09-05T00:01:32.208883Z
ca8500af-2cbc-41e1-925f-bb795017db1f,run1_rep1,B,OPEN,OPEN,request,CACHE,HIT,0.022165999325807206,0.6395830005203607,INFO,adaptador.request,false,degradado,0.5344170003809268,9189.037831609,9189.038449026,9189.037809443,9189.038366026,CIRCUIT_OPEN,2026-09-05T00:01:32.235780Z
18df785a-e918-4cac-b4b5-ea903f771fc4,run1_rep1,B,OPEN,OPEN,request,CACHE,HIT,0.014208999346010387,0.2845839990186505,INFO,adaptador.request,false,degradado,0.23920800049381796,9189.042876443,9189.043146818,9189.042862234,9189.043115651,CIRCUIT_OPEN,2026-09-05T00:01:32.240422Z
768deed3-f503-45c7-a025-6f6c79e3ae4b,run1_rep1,B,OPEN,OPEN,request,CACHE,HIT,0.015499999790336005,0.3727080002136063,INFO,adaptador.request,false,degradado,0.29166599961172324,9189.050671068,9189.051028276,9189.050655568,9189.050962734,CIRCUIT_OPEN,2026-09-05T00:01:32.248333Z
5444144b-f3bb-46fd-a545-238c87d452ea,run1_rep1,B,OPEN,OPEN,request,CACHE,HIT,0.0211669994314434,0.3802089995588176,INFO,adaptador.request,false,degradado,0.3150000011373777,9189.079283901,9189.079642943,9189.079262734,9189.079598901,CIRCUIT_OPEN,2026-09-05T00:01:32.276939Z
d27adb29-889a-43bd-bc75-9c79af1f9969,run1_rep1,B,OPEN,OPEN,request,CACHE,HIT,0.036082999940845184,0.6425409992516506,INFO,adaptador.request,false,degradado,0.5192499993427191,9189.167249026,9189.167855484,9189.167212943,9189.167768276,CIRCUIT_OPEN,2026-09-05T00:01:32.365208Z
0f293a5d-95de-4cb0-a7a6-d066fa5aad28,run1_rep1,B,OPEN,OPEN,request,CACHE,HIT,0.0686250004946487,1.3154169992048992,INFO,adaptador.request,false,degradado,1.157624999905238,9189.221057151,9189.222303943,9189.220988526,9189.222214776,CIRCUIT_OPEN,2026-09-05T00:01:32.419876Z
81200533-7c89-4141-9bdd-f503e76de149,run1_rep1,B,OPEN,OPEN,request,CACHE,HIT,0.034624999898369424,0.7537920009781374,INFO,adaptador.request,false,degradado,0.6676250013697427,9189.221835026,9189.222554193,9189.221800401,9189.222502651,CIRCUIT_OPEN,2026-09-05T00:01:32.420156Z
2b86830a-ecb1-4de9-b0d3-205b9a91345c,run1_rep1,B,OPEN,OPEN,request,CACHE,HIT,0.034374999813735485,0.593624999964959,INFO,adaptador.request,false,degradado,0.4957090004609199,9189.237158359,9189.237717609,9189.237123984,9189.237654068,CIRCUIT_OPEN,2026-09-05T00:01:32.435021Z
9e7b64d0-6432-4b16-adcb-35d33f6faaa9,run1_rep1,B,OPEN,OPEN,request,CACHE,HIT,0.03787499917962123,0.6525419994432013,INFO,adaptador.request,false,degradado,0.5514580007002223,9189.291587651,9189.292202318,9189.291549776,9189.292139109,CIRCUIT_OPEN,2026-09-05T00:01:32.489508Z
84eb92ee-d05d-4b23-b872-cd1a445c798f,run1_rep1,B,OPEN,OPEN,request,CACHE,HIT,0.02354199932597112,0.8922920005716151,INFO,adaptador.request,false,degradado,0.8107080011541257,9189.300256026,9189.301124776,9189.300232484,9189.301066734,CIRCUIT_OPEN,2026-09-05T00:01:32.498686Z
9c56b6f1-1624-448f-9b22-2b4a676a86c9,run1_rep1,B,OPEN,OPEN,request,CACHE,HIT,0.013709000995731913,0.7380840015684953,INFO,adaptador.request,false,degradado,0.6701250003970927,9189.300636443,9189.301360818,9189.300622734,9189.301306568,CIRCUIT_OPEN,2026-09-05T00:01:32.498984Z
59916101-0eb6-4a25-aad9-98b4ecb5c637,run1_rep1,B,OPEN,OPEN,request,CACHE,HIT,0.04812500083062332,0.8020840014069108,INFO,adaptador.request,false,degradado,0.6659169994236436,9189.356457234,9189.357211193,9189.356409109,9189.357123151,CIRCUIT_OPEN,2026-09-05T00:01:32.554524Z
6cea6c6d-8da3-4e9b-8cd1-475eb5c5cedd,run1_rep1,B,OPEN,OPEN,request,CACHE,HIT,0.02687499909370672,0.5126249998284038,INFO,adaptador.request,false,degradado,0.42354100150987506,9189.358195443,9189.358681193,9189.358168568,9189.358618984,CIRCUIT_OPEN,2026-09-05T00:01:32.556004Z
31c1554b-1b77-4bc2-a1fa-03a1d89c7bd1,run1_rep1,B,OPEN,OPEN,request,CACHE,HIT,0.04483299926505424,0.5957079993095249,INFO,adaptador.request,false,degradado,0.47816700134717394,9189.375018984,9189.375569859,9189.374974151,9189.375497151,CIRCUIT_OPEN,2026-09-05T00:01:32.572890Z
50827ad5-2eb1-4113-8674-10cf4706cffd,run1_rep1,B,OPEN,OPEN,request,CACHE,HIT,0.042624998968676664,0.6815830001869472,INFO,adaptador.request,false,degradado,0.5683750005118782,9189.439681401,9189.440320359,9189.439638776,9189.440249776,CIRCUIT_OPEN,2026-09-05T00:01:32.637629Z
83e9119c-73de-43e1-b8c8-9bc3723341ac,run1_rep1,B,OPEN,OPEN,request,CACHE,HIT,0.03199999991920777,0.5225839995546266,INFO,adaptador.request,false,degradado,0.4214590007904917,9189.451532984,9189.452023568,9189.451500984,9189.451954443,CIRCUIT_OPEN,2026-09-05T00:01:32.649333Z
021b99a8-5c41-4093-b96d-83f6a63261f8,run1_rep1,B,OPEN,OPEN,request,CACHE,HIT,0.04229200021654833,0.6789170001866296,INFO,adaptador.request,false,degradado,0.5557910008064937,9189.530781443,9189.531418068,9189.530739151,9189.531337234,CIRCUIT_OPEN,2026-09-05T00:01:32.728734Z
9e4d9f30-9e24-4f7c-aca0-0c054b170cb9,run1_rep1,B,OPEN,OPEN,request,CACHE,HIT,0.03654200008895714,0.6247500004974427,INFO,adaptador.request,false,degradado,0.5140000012033852,9189.565680401,9189.566268609,9189.565643859,9189.566194401,CIRCUIT_OPEN,2026-09-05T00:01:32.763585Z
d60203a7-582b-4728-91b9-43ab1e04c66b,run1_rep1,B,OPEN,OPEN,request,CACHE,HIT,0.0285420010186499,0.5835419997310964,INFO,adaptador.request,false,degradado,0.47695799912617076,9189.589926651,9189.590481651,9189.589898109,9189.590403609,CIRCUIT_OPEN,2026-09-05T00:01:32.787793Z
b25e1268-83f5-4866-8359-1d5b56245789,run1_rep1,B,OPEN,OPEN,request,CACHE,HIT,0.03550000110408291,0.5604170000879094,INFO,adaptador.request,false,degradado,0.46099999963189475,9189.608267609,9189.608792526,9189.608232109,9189.608728609,CIRCUIT_OPEN,2026-09-05T00:01:32.806103Z
4978bbfc-1b0c-4abf-8c88-7629d0b90c71,run1_rep1,B,OPEN,OPEN,request,CACHE,HIT,0.028250000468688086,0.5629590013995767,INFO,adaptador.request,false,degradado,0.46141700113366824,9189.615803776,9189.616338485,9189.615775526,9189.616265193,CIRCUIT_OPEN,2026-09-05T00:01:32.813658Z
1097dba7-4f48-4742-ba8c-75e5db1812fb,run1_rep1,B,OPEN,OPEN,request,CACHE,HIT,0.0340410006174352,0.5668750000040745,INFO,adaptador.request,false,degradado,0.4684169998654397,9189.643884151,9189.644416985,9189.64385011,9189.644352568,CIRCUIT_OPEN,2026-09-05T00:01:32.841734Z
54811b16-e6ee-4aa4-8d7b-a4d8b997f105,run1_rep1,B,OPEN,OPEN,request,CACHE,HIT,0.043416999687906355,0.5807500001537846,INFO,adaptador.request,false,degradado,0.47208300020429306,9189.689893818,9189.690431151,9189.689850401,9189.690365901,CIRCUIT_OPEN,2026-09-05T00:01:32.887747Z
e98fe114-dc1c-490f-8771-e9c380237f73,run1_rep1,B,OPEN,OPEN,request,CACHE,HIT,0.026625000828062184,0.44183300087752286,INFO,adaptador.request,false,degradado,0.3610829990066122,9189.697749068,9189.698164276,9189.697722443,9189.698110151,CIRCUIT_OPEN,2026-09-05T00:01:32.895460Z
64c5cc50-d46b-4655-a56b-15a5a4cc639e,run1_rep1,B,OPEN,OPEN,request,CACHE,HIT,0.032500000088475645,0.6573329992534127,INFO,adaptador.request,false,degradado,0.5211669995333068,9189.769429693,9189.770054526,9189.769397193,9189.76995086,CIRCUIT_OPEN,2026-09-05T00:01:32.967397Z
b280a846-4b56-4091-9bf2-b5c211afb859,run1_rep1,B,OPEN,OPEN,request,CACHE,HIT,0.028833999749622308,0.49329200010106433,INFO,adaptador.request,false,degradado,0.4127080010221107,9189.77975036,9189.780214818,9189.779721526,9189.780163068,CIRCUIT_OPEN,2026-09-05T00:01:32.977514Z
e6a34abc-c552-47ef-948c-843686215da3,run1_rep1,B,OPEN,OPEN,request,CACHE,HIT,0.02608299837447703,0.5036249986005714,INFO,adaptador.request,false,degradado,0.41679200148792006,9189.803855776,9189.804333318,9189.803829693,9189.804272568,CIRCUIT_OPEN,2026-09-05T00:01:33.001641Z
9dcd6b5a-b1e3-484c-98fc-a3708b872382,run1_rep1,B,OPEN,OPEN,request,CACHE,HIT,0.027083999157184735,0.6955000008019852,INFO,adaptador.request,false,degradado,0.606625000727945,9189.87897461,9189.879643026,9189.878947526,9189.879581235,CIRCUIT_OPEN,2026-09-05T00:01:33.076944Z
3b57cde2-1726-4365-a3f9-60061f58ab5a,run1_rep1,B,OPEN,OPEN,request,CACHE,HIT,0.024124999981722794,0.6613750010728836,INFO,adaptador.request,false,degradado,0.5902920001972234,9189.949181401,9189.949818651,9189.949157276,9189.949771693,CIRCUIT_OPEN,2026-09-05T00:01:33.147123Z
0c0bf9f4-e35a-4888-9b37-91d7ff996cb7,run1_rep1,B,OPEN,OPEN,request,CACHE,HIT,0.015583000276819803,0.6674579999526031,INFO,adaptador.request,false,degradado,0.6130419988039648,9189.949673318,9189.950325193,9189.949657735,9189.95028636,CIRCUIT_OPEN,2026-09-05T00:01:33.147739Z
70f41a42-ae1b-44d1-88db-99bc8f2e571c,run1_rep1,B,OPEN,OPEN,request,CACHE,HIT,0.015208999684546143,0.31058399872563314,INFO,adaptador.request,false,degradado,0.25941599960788153,9189.963220235,9189.96351561,9189.963205026,9189.963479651,CIRCUIT_OPEN,2026-09-05T00:01:33.160791Z
c6baebfc-2391-4d6e-887d-589ea0d848f3,run1_rep1,B,OPEN,OPEN,request,CACHE,HIT,0.01408400021318812,0.2684999999473803,INFO,adaptador.request,false,degradado,0.2230829995824024,9189.972514735,9189.972769151,9189.972500651,9189.972737818,CIRCUIT_OPEN,2026-09-05T00:01:33.170039Z
24108c5c-9750-4ca0-b95d-111ad9d9687e,run1_rep1,B,OPEN,OPEN,request,CACHE,HIT,0.019750001229112968,0.8349159998033429,INFO,adaptador.request,false,degradado,0.7661249983357266,9190.01637511,9190.017190276,9190.01635536,9190.017141235,CIRCUIT_OPEN,2026-09-05T00:01:33.214715Z
de41dd4c-47c2-430e-b050-9434b1ef4753,run1_rep1,B,OPEN,OPEN,request,CACHE,HIT,0.012250000509084202,0.6892500005051261,INFO,adaptador.request,false,degradado,0.6300409986579325,9190.016736985,9190.017413985,9190.016724735,9190.017367026,CIRCUIT_OPEN,2026-09-05T00:01:33.214946Z
204a73c6-1c48-4c8a-9a4f-ac5c0445d835,run1_rep1,B,OPEN,OPEN,request,CACHE,HIT,0.03975000072387047,0.7050839994917624,INFO,adaptador.request,false,degradado,0.5886250000912696,9190.085693401,9190.086358735,9190.085653651,9190.086282026,CIRCUIT_OPEN,2026-09-05T00:01:33.283688Z
7b61a943-b68d-4e0a-bb98-b4a8b1c25bab,run1_rep1,B,OPEN,OPEN,request,CACHE,HIT,0.037540999983320944,0.5906659989705076,INFO,adaptador.request,false,degradado,0.48437499935971573,9190.105353151,9190.105906276,9190.10531561,9190.105837526,CIRCUIT_OPEN,2026-09-05T00:01:33.303214Z
db12b8bd-5ce5-442a-bb8f-bda054ec8e1c,run1_rep1,B,OPEN,OPEN,request,CACHE,HIT,0.03362499955983367,0.6739169984939508,INFO,adaptador.request,false,degradado,0.5521669991139788,9190.123599401,9190.124239693,9190.123565776,9190.124151568,CIRCUIT_OPEN,2026-09-05T00:01:33.321581Z
4435ccc3-19f6-49b6-b055-5f6b3e7de89f,run1_rep1,B,OPEN,OPEN,request,CACHE,HIT,0.029832999643986113,0.5251669990684604,INFO,adaptador.request,false,degradado,0.4377919995022239,9190.139312526,9190.13980786,9190.139282693,9190.139750318,CIRCUIT_OPEN,2026-09-05T00:01:33.337117Z
e1f06ad8-0cf1-458e-a4e3-345190251169,run1_rep1,B,OPEN,OPEN,request,CACHE,HIT,0.019959001292590983,0.3952919996663695,INFO,adaptador.request,false,degradado,0.32754099993326236,9190.156100235,9190.156475568,9190.156080276,9190.156427776,CIRCUIT_OPEN,2026-09-05T00:01:33.353779Z
b9e8787a-cd35-4575-869a-a4a7df7c53b7,run1_rep1,B,OPEN,OPEN,request,CACHE,HIT,0.053249999837134965,0.7875419996707933,INFO,adaptador.request,false,degradado,0.6365419994835975,9190.222711568,9190.22344586,9190.222658318,9190.22334811,CIRCUIT_OPEN,2026-09-05T00:01:33.420787Z
35007544-9c7e-42ad-8684-d75199640447,run1_rep1,B,OPEN,OPEN,request,CACHE,HIT,0.036458000977290794,0.6062080010451609,INFO,adaptador.request,false,degradado,0.5047089998697629,9190.241732401,9190.242302151,9190.241695943,9190.24223711,CIRCUIT_OPEN,2026-09-05T00:01:33.439610Z
d67fedcf-604b-4123-9257-e4a8ca61827f,run1_rep1,B,OPEN,OPEN,request,CACHE,HIT,0.04291600089345593,1.2185000014142133,INFO,adaptador.request,false,degradado,1.0972919990308583,9190.297978401,9190.299153985,9190.297935485,9190.299075693,CIRCUIT_OPEN,2026-09-05T00:01:33.496762Z
b4e0519a-194f-45fc-9645-0482eebb2e3d,run1_rep1,B,OPEN,OPEN,request,CACHE,HIT,0.02620899977046065,0.8885839997674339,INFO,adaptador.request,false,degradado,0.8102079991658684,9190.298582235,9190.29944461,9190.298556026,9190.299392443,CIRCUIT_OPEN,2026-09-05T00:01:33.497045Z
de0b92ab-78cd-40bd-ae3f-7d3ce413ffc8,run1_rep1,B,OPEN,OPEN,request,CACHE,HIT,0.02995899922098033,0.5870419990969822,INFO,adaptador.request,false,degradado,0.47412499952770304,9190.30606311,9190.306620193,9190.306033151,9190.306537235,CIRCUIT_OPEN,2026-09-05T00:01:33.503949Z
4de05617-b329-4de9-97b2-99ae7a2a0500,run1_rep1,B,OPEN,OPEN,request,CACHE,HIT,0.034208000215585344,0.7990409994818037,INFO,adaptador.request,false,degradado,0.6900829994265223,9190.35044836,9190.351213193,9190.350414152,9190.351138443,CIRCUIT_OPEN,2026-09-05T00:01:33.548547Z
06d621e6-5770-4eb9-9695-9a1ed40fc9ad,run1_rep1,B,OPEN,OPEN,request,CACHE,HIT,0.04916699981549755,0.7887089996074792,INFO,adaptador.request,false,degradado,0.6435830000555143,9190.423307985,9190.424047527,9190.423258818,9190.423951568,CIRCUIT_OPEN,2026-09-05T00:01:33.621357Z
9b6149b2-393d-4e83-a8f7-adda7b2a171d,run1_rep1,B,OPEN,OPEN,request,CACHE,HIT,0.0396249997720588,0.9647909992054338,INFO,adaptador.request,false,degradado,0.8489160009048646,9190.460469402,9190.461394568,9190.460429777,9190.461318318,CIRCUIT_OPEN,2026-09-05T00:01:33.658726Z
d3fefa6f-c636-4680-80e4-5e4ff0c6a143,run1_rep1,B,OPEN,OPEN,request,CACHE,HIT,0.02391599991824478,0.8292500006064074,INFO,adaptador.request,false,degradado,0.7310420005524065,9190.461217818,9190.462023152,9190.461193902,9190.46194886,CIRCUIT_OPEN,2026-09-05T00:01:33.659489Z
dd78a8b9-30b0-400e-9f86-1f7a0f7e940c,run1_rep1,B,OPEN,OPEN,request,CACHE,HIT,0.045540999053628184,0.7107500005076872,INFO,adaptador.request,false,degradado,0.5791670009784866,9190.506068943,9190.506734152,9190.506023402,9190.50664811,CIRCUIT_OPEN,2026-09-05T00:01:33.704067Z
07f22fd7-5000-4122-ab4e-8cd48962c734,run1_rep1,B,OPEN,OPEN,request,CACHE,HIT,0.0340410006174352,0.5270830006338656,INFO,adaptador.request,false,degradado,0.4308749994379468,9190.513411443,9190.513904485,9190.513377402,9190.513842318,CIRCUIT_OPEN,2026-09-05T00:01:33.711212Z
de77d2c8-e0cc-4ae4-87b3-5e955b01eb85,run1_rep1,B,OPEN,OPEN,request,CACHE,HIT,0.031083000067155808,0.6227079993550433,INFO,adaptador.request,false,degradado,0.5233339998085285,9190.518090318,9190.518681943,9190.518059235,9190.518613652,CIRCUIT_OPEN,2026-09-05T00:01:33.715996Z
5de49164-dfdb-4e72-9e80-28354c390325,run1_rep1,B,OPEN,OPEN,request,CACHE,HIT,0.04387499939184636,0.6195000005391194,INFO,adaptador.request,false,degradado,0.4942920004396001,9190.571189735,9190.57176536,9190.57114586,9190.571684027,CIRCUIT_OPEN,2026-09-05T00:01:33.769127Z
42a23eab-76fe-45a3-b64d-0ce71dd3320b,run1_rep1,B,OPEN,OPEN,request,CACHE,HIT,0.03391700010979548,0.9481669985689223,INFO,adaptador.request,false,degradado,0.8412079987465404,9190.609185777,9190.610100027,9190.60915186,9190.610026985,CIRCUIT_OPEN,2026-09-05T00:01:33.807409Z
9227f0ff-d549-423a-aa56-eab384107a80,run1_rep1,B,OPEN,OPEN,request,CACHE,HIT,0.03020899930561427,0.5176249997020932,INFO,adaptador.request,false,degradado,0.4273750000720611,9190.631595027,9190.632082443,9190.631564818,9190.632022402,CIRCUIT_OPEN,2026-09-05T00:01:33.829385Z
e2ddbc44-db31-4a12-8bc6-5e4dbf51c54f,run1_rep1,B,OPEN,OPEN,request,CACHE,HIT,0.03929199920094106,0.6414590006897924,INFO,adaptador.request,false,degradado,0.5142919999343576,9190.696608485,9190.697210652,9190.696569193,9190.697122777,CIRCUIT_OPEN,2026-09-05T00:01:33.894552Z
4a282b73-0625-4db8-8c12-bc4ee07e820c,run1_rep1,B,OPEN,OPEN,request,CACHE,HIT,0.025417000870220363,0.8353339999302989,INFO,adaptador.request,false,degradado,0.7187079991126666,9190.69824411,9190.699054027,9190.698218693,9190.698962818,CIRCUIT_OPEN,2026-09-05T00:01:33.896412Z
892df6b4-60af-4b2e-b8b4-83ec935f987c,run1_rep1,B,OPEN,OPEN,request,CACHE,HIT,0.07191700024122838,0.6484169989562361,INFO,adaptador.request,false,degradado,0.4930420000164304,9190.76806711,9190.76864361,9190.767995193,9190.768560152,CIRCUIT_OPEN,2026-09-05T00:01:33.965965Z
e336b987-0fd3-48ce-9a07-85876faa3bcc,run1_rep1,B,OPEN,OPEN,request,CACHE,HIT,0.07795800047460943,1.6012500000215368,INFO,adaptador.request,false,degradado,1.4332920000015292,9190.863060693,9190.864583985,9190.862982735,9190.864493985,CIRCUIT_OPEN,2026-09-05T00:01:34.062181Z
1351be7b-39fa-45f7-b627-3b6e62661643,run1_rep1,B,OPEN,OPEN,request,CACHE,HIT,0.02095800118695479,0.9522080017632106,INFO,adaptador.request,false,degradado,0.8881249996193219,9190.86394386,9190.86487511,9190.863922902,9190.864831985,CIRCUIT_OPEN,2026-09-05T00:01:34.062739Z
1d5edefc-b518-461b-93ec-1f27711687d4,run1_rep1,B,OPEN,OPEN,request,CACHE,HIT,0.020041999960085377,1.9110840003122576,INFO,adaptador.request,false,degradado,1.8452080003044102,9190.863540735,9190.865431777,9190.863520693,9190.865385943,CIRCUIT_OPEN,2026-09-05T00:01:34.063269Z
18564204-ecaf-4aa8-b994-040c5f66dc3b,run1_rep1,B,OPEN,OPEN,request,CACHE,HIT,0.029208000341895968,0.5355000012059463,INFO,adaptador.request,false,degradado,0.44629200056078844,9190.87179261,9190.872298902,9190.871763402,9190.872238902,CIRCUIT_OPEN,2026-09-05T00:01:34.069611Z
fc6281d1-10a1-4321-86b6-c797ce60f879,run1_rep1,B,OPEN,OPEN,request,CACHE,HIT,0.05174999932933133,1.6059169993241085,INFO,adaptador.request,false,degradado,1.45837499985646,9190.970499693,9190.97205386,9190.970447943,9190.971958068,CIRCUIT_OPEN,2026-09-05T00:01:34.169765Z
cb9ec3bc-ea27-40be-8e7b-752e0f66f9be,run1_rep1,B,OPEN,OPEN,request,CACHE,HIT,0.02766699981293641,1.064833000782528,INFO,adaptador.request,false,degradado,0.9762080007931218,9190.971382777,9190.972419943,9190.97135511,9190.972358985,CIRCUIT_OPEN,2026-09-05T00:01:34.170095Z
7edcf67e-3922-415c-8383-31cc660ad340,run1_rep1,B,OPEN,OPEN,request,CACHE,HIT,0.030791999961365946,0.8885000006557675,INFO,adaptador.request,false,degradado,0.7961660012369975,9190.995654027,9190.996511735,9190.995623235,9190.996450193,CIRCUIT_OPEN,2026-09-05T00:01:34.194040Z
d2bdb4ef-e988-4515-a62a-6e22640d5e71,run1_rep1,B,OPEN,OPEN,request,CACHE,HIT,0.01445800080546178,0.6557079996127868,INFO,adaptador.request,false,degradado,0.611374998698011,9190.996095693,9190.996736943,9190.996081235,9190.996707068,CIRCUIT_OPEN,2026-09-05T00:01:34.194333Z
8073f4c3-bde3-44c7-ab6c-8f9d76c3e35a,run1_rep1,B,OPEN,OPEN,request,CACHE,HIT,0.046082999688223936,0.7980829996085959,INFO,adaptador.request,false,degradado,0.64458300039405,9191.065475402,9191.066227402,9191.065429319,9191.066119985,CIRCUIT_OPEN,2026-09-05T00:01:34.263562Z
eee52557-698a-4bdd-896e-c6f98243f057,run1_rep1,B,OPEN,OPEN,request,CACHE,HIT,0.039708998883725144,0.6457919989770744,INFO,adaptador.request,false,degradado,0.5210409999563126,9191.091680819,9191.092286902,9191.09164111,9191.09220186,CIRCUIT_OPEN,2026-09-05T00:01:34.289613Z
103d9237-ab5a-4221-ae78-9dc56bddb597,run1_rep1,B,OPEN,OPEN,request,CACHE,HIT,0.04462500146473758,0.709917001586291,INFO,adaptador.request,false,degradado,0.5805419987154892,9191.175613527,9191.176278819,9191.175568902,9191.176194069,CIRCUIT_OPEN,2026-09-05T00:01:34.373619Z
e7928eed-ad91-4a0f-b01b-9f68880002c1,run1_rep1,B,OPEN,OPEN,request,CACHE,HIT,0.05020799835619982,1.092499998776475,INFO,adaptador.request,false,degradado,0.8888750016922131,9191.20183386,9191.202876152,9191.201783652,9191.202722735,CIRCUIT_OPEN,2026-09-05T00:01:34.400268Z
21586232-221d-4dbc-91e9-9089ab192836,run1_rep1,B,OPEN,OPEN,request,CACHE,HIT,0.028708998797810636,1.0707919991546078,INFO,adaptador.request,false,degradado,0.9264580003218725,9191.204485944,9191.205528027,9191.204457235,9191.205412402,CIRCUIT_OPEN,2026-09-05T00:01:34.402849Z
d68f9a94-ac49-4c2d-b301-36ae58b92b88,run1_rep1,B,OPEN,OPEN,request,CACHE,HIT,0.022832999093225226,0.572749999264488,INFO,adaptador.request,false,degradado,0.4517500001384178,9191.213853902,9191.214403819,9191.213831069,9191.214305652,CIRCUIT_OPEN,2026-09-05T00:01:34.411707Z
d4c7cf2c-8ee1-4be2-a451-660a0fccd9fa,run1_rep1,B,OPEN,OPEN,request,CACHE,HIT,0.032250000003841706,0.45183400106907357,INFO,adaptador.request,false,degradado,0.36816700048802886,9191.266814485,9191.267234069,9191.266782235,9191.267182652,CIRCUIT_OPEN,2026-09-05T00:01:34.464520Z
b010518b-e981-4a55-bc3f-ccfb3b45a0da,run1_rep1,B,OPEN,OPEN,request,CACHE,HIT,0.04616700061887968,0.8904589994926937,INFO,adaptador.request,false,degradado,0.7558749985037139,9191.319706902,9191.320551194,9191.319660735,9191.320462777,CIRCUIT_OPEN,2026-09-05T00:01:34.517875Z
c7792ce7-f56a-4339-b30b-f6afd0665777,run1_rep1,B,OPEN,OPEN,request,CACHE,HIT,0.02754199886112474,0.474583999675815,INFO,adaptador.request,false,degradado,0.4012500012322562,9191.333871402,9191.334318444,9191.33384386,9191.334272652,CIRCUIT_OPEN,2026-09-05T00:01:34.531614Z
db0e969e-6f5a-4c6f-b13b-475ec7aa83e0,run1_rep1,B,OPEN,OPEN,request,CACHE,HIT,0.017709000530885532,0.3398750013730023,INFO,adaptador.request,false,degradado,0.28345800092210993,9191.350305319,9191.350627485,9191.35028761,9191.350588777,CIRCUIT_OPEN,2026-09-05T00:01:34.547929Z
a87acdca-d06a-43c1-807a-2bb2c1d4f6d9,run1_rep1,B,OPEN,OPEN,request,CACHE,HIT,0.04733300011139363,0.7711250000284053,INFO,adaptador.request,false,degradado,0.6505839992314577,9191.38165511,9191.382378902,9191.381607777,9191.382305694,CIRCUIT_OPEN,2026-09-05T00:01:34.579688Z
5a779aeb-2d76-4c0f-95ab-26e0bce41719,run1_rep1,B,OPEN,OPEN,request,CACHE,HIT,0.04179200004728045,0.7327919993258547,INFO,adaptador.request,false,degradado,0.6056249985704198,9191.443495027,9191.444186027,9191.443453235,9191.444100652,CIRCUIT_OPEN,2026-09-05T00:01:34.641533Z
7858fcfd-7351-452b-83c0-bbee667833c1,run1_rep1,B,OPEN,OPEN,request,CACHE,HIT,0.03058400034205988,0.5789999995613471,INFO,adaptador.request,false,degradado,0.46795799971732777,9191.450855444,9191.45140386,9191.45082486,9191.451323402,CIRCUIT_OPEN,2026-09-05T00:01:34.648720Z
3d13b466-9f86-45f5-b046-876a24c6835b,run1_rep1,B,OPEN,OPEN,request,CACHE,HIT,0.04270799945516046,0.6774579996999819,INFO,adaptador.request,false,degradado,0.5522499996004626,9191.52251811,9191.52315286,9191.522475402,9191.52307036,CIRCUIT_OPEN,2026-09-05T00:01:34.720485Z
18c3fafb-d05a-485e-bd4f-fe2c2be1f07e,run1_rep1,B,OPEN,OPEN,request,CACHE,HIT,0.04387499939184636,0.698957999702543,INFO,adaptador.request,false,degradado,0.5728750002162997,9191.611092194,9191.611747277,9191.611048319,9191.611665069,CIRCUIT_OPEN,2026-09-05T00:01:34.809074Z
3715887f-72b3-4959-a2a0-0213051de1d9,run1_rep1,B,OPEN,OPEN,request,CACHE,HIT,0.03679099972941913,0.867457998538157,INFO,adaptador.request,false,degradado,0.7695839994994458,9191.622060235,9191.622890902,9191.622023444,9191.622829819,CIRCUIT_OPEN,2026-09-05T00:01:34.820200Z
e95d359f-4258-4ba0-869a-82d740233ebc,run1_rep1,B,OPEN,OPEN,request,CACHE,HIT,0.02383299943176098,0.8229999984905589,INFO,adaptador.request,false,degradado,0.7259169997269055,9191.622746985,9191.623546152,9191.622723152,9191.623472902,CIRCUIT_OPEN,2026-09-05T00:01:34.821033Z
0f877ca0-d7fa-47f9-b0ed-8d91afb26a99,run1_rep1,B,OPEN,OPEN,request,CACHE,HIT,0.027707999834092334,0.5957920002401806,INFO,adaptador.request,false,degradado,0.4890000000159489,9191.629581235,9191.630149319,9191.629553527,9191.630070235,CIRCUIT_OPEN,2026-09-05T00:01:34.827481Z
d9e7f5eb-11cc-447f-ab59-61a3e4a32d41,run1_rep1,B,OPEN,OPEN,request,CACHE,HIT,0.04329200055508409,0.7174170004873304,INFO,adaptador.request,false,degradado,0.5924999986746116,9191.711597236,9191.712271361,9191.711553944,9191.712189736,CIRCUIT_OPEN,2026-09-05T00:01:34.909601Z
a8a7174a-2052-4c56-b1e0-00bf511dfe71,run1_rep1,B,OPEN,OPEN,request,CACHE,HIT,0.04099999932805076,0.8800830000836868,INFO,adaptador.request,false,degradado,0.7370420007646317,9191.785669194,9191.786508277,9191.785628194,9191.786406236,CIRCUIT_OPEN,2026-09-05T00:01:34.983855Z
b0636397-d0f2-45fe-b569-755c97f5abae,run1_rep1,B,OPEN,OPEN,request,CACHE,HIT,0.024041999495238997,1.5354580009443453,INFO,adaptador.request,false,degradado,1.4314580002974253,9191.787190611,9191.788702027,9191.787166569,9191.788622069,CIRCUIT_OPEN,2026-09-05T00:01:34.986938Z
151b454b-8932-4a96-858d-4f35331806b2,run1_rep1,B,OPEN,OPEN,request,CACHE,HIT,0.018750000890577212,1.733875000354601,INFO,adaptador.request,false,degradado,1.5834999994694954,9191.787773694,9191.789488819,9191.787754944,9191.789357194,CIRCUIT_OPEN,2026-09-05T00:01:34.987779Z
7408b1e2-7836-4a02-90ef-3097a783592f,run1_rep1,B,OPEN,OPEN,request,CACHE,HIT,0.015584000720991753,2.3010000004433095,INFO,adaptador.request,false,degradado,2.215958000306273,9191.788140486,9191.790425902,9191.788124902,9191.790356444,CIRCUIT_OPEN,2026-09-05T00:01:34.988312Z
03e52286-4dc0-4b7f-b314-5df1fc3399ef,run1_rep1,B,OPEN,OPEN,request,CACHE,HIT,0.025374998585903086,0.47795899990887847,INFO,adaptador.request,false,degradado,0.3829590004897909,9191.797272777,9191.797725361,9191.797247402,9191.797655736,CIRCUIT_OPEN,2026-09-05T00:01:34.995052Z
0e8bc364-0538-420e-92b2-aea49b2ae2c8,run1_rep1,B,OPEN,OPEN,request,CACHE,HIT,0.05233399861026555,1.1322499995003454,INFO,adaptador.request,false,degradado,0.9846250013652025,9191.871077236,9191.872157152,9191.871024902,9191.872061861,CIRCUIT_OPEN,2026-09-05T00:01:35.069489Z
d7185866-f301-4f9c-873e-175ad053cb74,run1_rep1,B,OPEN,OPEN,request,CACHE,HIT,0.019749999410123564,1.1637919997156132,INFO,adaptador.request,false,degradado,1.104083999962313,9191.871558527,9191.872702569,9191.871538777,9191.872662611,CIRCUIT_OPEN,2026-09-05T00:01:35.069996Z
c88a6ef5-fe78-470c-8df5-31653f6937ab,run1_rep1,B,OPEN,OPEN,request,CACHE,HIT,0.04820800131710712,0.8087920014077099,INFO,adaptador.request,false,degradado,0.6691250000585569,9191.900867902,9191.901628486,9191.900819694,9191.901537027,CIRCUIT_OPEN,2026-09-05T00:01:35.098952Z
34c8dea0-8d47-4e00-9ed1-fad576d8f65e,run1_rep1,B,OPEN,OPEN,request,CACHE,HIT,0.020708999727503397,0.5895419999433216,INFO,adaptador.request,false,degradado,0.5206660007388564,9192.010869486,9192.011438319,9192.010848777,9192.011390152,CIRCUIT_OPEN,2026-09-05T00:01:35.208728Z
aa98271f-08d1-48bd-b69c-9a0c30eaee34,run1_rep1,B,OPEN,OPEN,request,CACHE,HIT,0.01049999991664663,0.6509160011773929,INFO,adaptador.request,false,degradado,0.6091659997764509,9192.011138986,9192.011779402,9192.011128486,9192.011748152,CIRCUIT_OPEN,2026-09-05T00:01:35.209055Z
5d6a06e9-62e3-4edf-bba1-73b1fe2257d2,run1_rep1,B,OPEN,OPEN,request,CACHE,HIT,0.016083999071270227,0.3165420002915198,INFO,adaptador.request,false,degradado,0.26000000070780516,9192.028997111,9192.029297569,9192.028981027,9192.029257111,CIRCUIT_OPEN,2026-09-05T00:01:35.226589Z
31281bf1-83ad-4969-ad42-07d3447a0d8f,run1_rep1,B,OPEN,OPEN,request,CACHE,HIT,0.01354100095340982,0.2952499999082647,INFO,adaptador.request,false,degradado,0.23762499949953053,9192.081304777,9192.081586486,9192.081291236,9192.081542402,CIRCUIT_OPEN,2026-09-05T00:01:35.278879Z
41aeb078-57c4-4ee3-9d15-da3c2952945a,run1_rep1,B,OPEN,OPEN,request,CACHE,HIT,0.016125000911415555,0.6909160001669079,INFO,adaptador.request,false,degradado,0.6121659989730688,9192.148247736,9192.148922527,9192.148231611,9192.148859902,CIRCUIT_OPEN,2026-09-05T00:01:35.346265Z
d3e96665-bee6-48bf-9ab1-ef9b8a87e4dd,run1_rep1,B,OPEN,OPEN,request,CACHE,HIT,0.012749998859362677,0.6925830002728617,INFO,adaptador.request,false,degradado,0.6348330007313052,9192.148772694,9192.149452527,9192.148759944,9192.149407527,CIRCUIT_OPEN,2026-09-05T00:01:35.346908Z
55fe057c-3625-4f37-b014-a6db17e415a6,run1_rep1,B,OPEN,OPEN,request,CACHE,HIT,0.019332999727339484,0.3653330004453892,INFO,adaptador.request,false,degradado,0.28545799978019204,9192.165679069,9192.166025069,9192.165659736,9192.165964527,CIRCUIT_OPEN,2026-09-05T00:01:35.363321Z
23e2faee-aad9-4eff-9dc8-7f2410c9d59f,run1_rep1,B,OPEN,OPEN,request,CACHE,HIT,0.04066600013175048,0.6762499997421401,INFO,adaptador.request,false,degradado,0.5609170002571773,9192.209773277,9192.210408861,9192.209732611,9192.210334194,CIRCUIT_OPEN,2026-09-05T00:01:35.407729Z
c2be9c9d-19c0-4b3e-b2b6-5df0697d418e,run1_rep1,B,OPEN,OPEN,request,CACHE,HIT,0.034416998460073955,0.793124998381245,INFO,adaptador.request,false,degradado,0.6852080005046446,9192.218452111,9192.219210819,9192.218417694,9192.219137319,CIRCUIT_OPEN,2026-09-05T00:01:35.416538Z
3e3bf9fb-ea6d-439a-bde1-3cafced123f9,run1_rep1,B,OPEN,OPEN,request,CACHE,HIT,0.043666999772540294,0.9821250005188631,INFO,adaptador.request,false,degradado,0.8695420001458842,9192.274717319,9192.275655777,9192.274673652,9192.275586861,CIRCUIT_OPEN,2026-09-05T00:01:35.472964Z
28fa38a9-0e91-4263-add9-6b17ccf6fad7,run1_rep1,B,OPEN,OPEN,request,CACHE,HIT,0.017374999515595846,1.0729579989856575,INFO,adaptador.request,false,degradado,0.9988330002670409,9192.275145444,9192.276201027,9192.275128069,9192.276144277,CIRCUIT_OPEN,2026-09-05T00:01:35.473517Z
09f9ee81-8b41-4cfc-8307-65fbb26801c5,run1_rep1,B,OPEN,OPEN,request,CACHE,HIT,0.03175000165356323,0.6390840007952647,INFO,adaptador.request,false,degradado,0.5302919998939615,9192.283508902,9192.284116236,9192.283477152,9192.284039194,CIRCUIT_OPEN,2026-09-05T00:01:35.481447Z
88ca171d-69e1-483a-939d-18afae44dc06,run1_rep1,B,OPEN,OPEN,request,CACHE,HIT,0.02237499938928522,0.4582089986797655,INFO,adaptador.request,false,degradado,0.38329199924191926,9192.287324277,9192.287760111,9192.287301902,9192.287707569,CIRCUIT_OPEN,2026-09-05T00:01:35.485060Z
ef6dfdb2-97d2-47a8-8f0d-2c6cb6915cb2,run1_rep1,B,OPEN,OPEN,request,CACHE,HIT,0.04620800064003561,0.7677499997953419,INFO,adaptador.request,false,degradado,0.6670000002486631,9192.311536777,9192.312258319,9192.311490569,9192.312203777,CIRCUIT_OPEN,2026-09-05T00:01:35.509632Z
f49c6aa4-9174-433d-ab9a-2ba9007378a8,run1_rep1,B,OPEN,OPEN,request,CACHE,HIT,0.018541999452281743,0.35179199949197937,INFO,adaptador.request,false,degradado,0.28995799948461354,9192.343438111,9192.343771361,9192.343419569,9192.343728069,CIRCUIT_OPEN,2026-09-05T00:01:35.541063Z
7b17267c-dad5-4bcc-a0ff-ec65b522c54c,run1_rep1,B,OPEN,OPEN,request,CACHE,HIT,0.017332999050267972,0.3662079998321133,INFO,adaptador.request,false,degradado,0.30604200037487317,9192.366384402,9192.366733277,9192.366367069,9192.366690444,CIRCUIT_OPEN,2026-09-05T00:01:35.564013Z
b92a5fb2-8beb-4375-9af6-63bccc0c0a0d,run1_rep1,B,OPEN,OPEN,request,CACHE,HIT,0.04749999970954377,0.7459999997081468,INFO,adaptador.request,false,degradado,0.6086250014050165,9192.422768403,9192.423466903,9192.422720903,9192.423377028,CIRCUIT_OPEN,2026-09-05T00:01:35.620805Z
24d0ce3a-f9f9-4fee-a9f0-eaa061513fad,run1_rep1,B,OPEN,OPEN,request,CACHE,HIT,0.045500000851461664,1.1142500006826594,INFO,adaptador.request,false,degradado,0.983083000392071,9192.449116153,9192.450184903,9192.449070653,9192.450099236,CIRCUIT_OPEN,2026-09-05T00:01:35.647498Z
c771257a-76e3-40ef-9ff0-e03bf3da99d7,run1_rep1,B,OPEN,OPEN,request,CACHE,HIT,0.03749999996216502,0.6431250003515743,INFO,adaptador.request,false,degradado,0.5385000004025642,9192.490775528,9192.491381153,9192.490738028,9192.491314028,CIRCUIT_OPEN,2026-09-05T00:01:35.688683Z
3a3edd74-c18b-4dcc-8294-d91c71d168ab,run1_rep1,B,OPEN,OPEN,request,CACHE,HIT,0.041417000829824246,0.5920840012549888,INFO,adaptador.request,false,degradado,0.4865829996560933,9192.513605361,9192.514156028,9192.513563944,9192.514091944,CIRCUIT_OPEN,2026-09-05T00:01:35.711485Z
68a3beaf-2761-4a81-944e-6e68902fa113,run1_rep1,B,OPEN,OPEN,request,CACHE,HIT,0.045917000534245744,1.0176670002692845,INFO,adaptador.request,false,degradado,0.888999999006046,9192.593756778,9192.594728528,9192.593710861,9192.594645778,CIRCUIT_OPEN,2026-09-05T00:01:35.792057Z
06824bbc-0778-4b93-b043-0093b4343631,run1_rep1,B,OPEN,OPEN,request,CACHE,HIT,0.0155829984578304,1.0852499999600695,INFO,adaptador.request,false,degradado,1.0115000004589092,9192.594194819,9192.595264486,9192.594179236,9192.595206319,CIRCUIT_OPEN,2026-09-05T00:01:35.792578Z
f88fb0e3-cd14-48fb-95d3-ffcae2cc56b0,run1_rep1,B,OPEN,OPEN,request,CACHE,HIT,0.05437499930849299,0.8375830002478324,INFO,adaptador.request,false,degradado,0.6845419993624091,9192.635549236,9192.636332444,9192.635494861,9192.636233778,CIRCUIT_OPEN,2026-09-05T00:01:35.833660Z
52140ed0-d48d-448d-92be-a6ea2968f9fd,run1_rep1,B,OPEN,OPEN,request,CACHE,HIT,0.04454100053408183,0.7935829999041744,INFO,adaptador.request,false,degradado,0.6617500002903398,9192.653847444,9192.654596486,9192.653802903,9192.654509194,CIRCUIT_OPEN,2026-09-05T00:01:35.851928Z
9701e148-efe1-4d39-9017-cfe009d0ad4a,run1_rep1,B,OPEN,OPEN,request,CACHE,HIT,0.031207999199978076,0.5027499992138473,INFO,adaptador.request,false,degradado,0.40537499990023207,9192.658684819,9192.659156361,9192.658653611,9192.659090194,CIRCUIT_OPEN,2026-09-05T00:01:35.856485Z
43714420-7568-405c-982b-292ac70cf14d,run1_rep1,B,OPEN,OPEN,request,CACHE,HIT,707.7351250009087,708.8081250003597,INFO,adaptador.request,false,degradado,0.9176249986921903,9193.388718403,9193.389791403,9192.680983278,9193.389636028,CIRCUIT_OPEN,2026-09-05T00:01:36.587182Z
8b825941-d4d2-4a98-99cd-b54b6a85da80,run1_rep1,B,OPEN,HALF_OPEN,request,CACHE,HIT,704.4817919995694,707.2383750000881,INFO,adaptador.request,true,degradado,2.6777500006573973,9193.388987695,9193.391744278,9192.684505903,9193.391665445,CIRCUIT_OPEN,2026-09-05T00:01:36.589071Z
bf66bf18-eb16-47be-b29a-97415677bc56,run1_rep1,B,OPEN,HALF_OPEN,request,CACHE,HIT,625.8518760005245,628.9224169995578,INFO,adaptador.request,true,degradado,3.012540999407065,9193.39053982,9193.393610361,9192.764687944,9193.393552361,CIRCUIT_OPEN,2026-09-05T00:01:36.593069Z
b36a32f7-672d-4eb0-b371-32c457e106a2,run1_rep1,B,OPEN,HALF_OPEN,request,CACHE,HIT,652.9506250008126,656.9546249993437,INFO,adaptador.request,true,degradado,3.9472499993280508,9193.390152403,9193.394156403,9192.737201778,9193.394099653,CIRCUIT_OPEN,2026-09-05T00:01:36.594148Z
d83c54e2-6e31-4c01-aef1-5f48c2bf2bed,run1_rep1,B,OPEN,HALF_OPEN,request,CACHE,HIT,532.9457090010692,536.2815839998802,INFO,adaptador.request,true,degradado,3.274665999924764,9193.39159357,9193.394929445,9192.858647861,9193.394868236,CIRCUIT_OPEN,2026-09-05T00:01:36.595006Z
d9c019cc-2e15-4a08-a566-9dd24de56f87,run1_rep1,B,OPEN,HALF_OPEN,request,CACHE,HIT,652.2881250002683,658.5802919998969,INFO,adaptador.request,true,degradado,6.245333999686409,9193.389092486,9193.395384653,9192.736804361,9193.39533782,CIRCUIT_OPEN,2026-09-05T00:01:36.595341Z
c426e133-a135-41fa-ad90-d53d4be1ceac,run1_rep1,B,OPEN,HALF_OPEN,request,CACHE,HIT,572.1401249993505,577.169458998469,INFO,adaptador.request,true,degradado,4.9870419989019865,9193.390732611,9193.395761945,9192.818592486,9193.395719653,CIRCUIT_OPEN,2026-09-05T00:01:36.595621Z
a462ab98-4791-45aa-905e-895c6f10c420,run1_rep1,B,OPEN,HALF_OPEN,request,CACHE,HIT,532.9199580010027,537.4145420009881,INFO,adaptador.request,true,degradado,4.431375000422122,9193.391968861,9193.396463445,9192.859048903,9193.396400236,CIRCUIT_OPEN,2026-09-05T00:01:36.596110Z
1669064b-de71-4f82-b828-4d7d2cb4eda3,run1_rep1,B,OPEN,HALF_OPEN,request,CACHE,HIT,428.432458998941,431.7661669992958,INFO,adaptador.request,true,degradado,3.2569579998380505,9193.39345982,9193.396793528,9192.965027361,9193.396716778,CIRCUIT_OPEN,2026-09-05T00:01:36.596397Z
d6c6cb74-b1c1-405b-8380-60b30387b383,run1_rep1,B,OPEN,HALF_OPEN,request,CACHE,HIT,464.726125001107,470.33987500071817,INFO,adaptador.request,true,degradado,5.519041998923058,9193.392040528,9193.397654278,9192.927314403,9193.39755957,CIRCUIT_OPEN,2026-09-05T00:01:36.596965Z
f348aadc-2e7a-425b-89ea-fb8fabe91f3e,run1_rep1,B,OPEN,OPEN,request,CACHE,HIT,0.049000000217347406,0.7140830002754228,INFO,adaptador.request,false,degradado,0.5775419995188713,9193.526952153,9193.527617236,9193.526903153,9193.527529695,CIRCUIT_OPEN,2026-09-05T00:01:36.724943Z
3da3ce27-cf47-438e-a592-5408dec2a7d5,run1_rep1,B,OPEN,OPEN,request,CACHE,HIT,0.03920800008927472,0.5770830011897488,INFO,adaptador.request,false,degradado,0.4672499999287538,9193.554225528,9193.554763403,9193.55418632,9193.554692778,CIRCUIT_OPEN,2026-09-05T00:01:36.752075Z
83ce752b-02b4-4518-97f0-85989612e80e,run1_rep1,B,OPEN,OPEN,request,CACHE,HIT,0.028500000553322025,0.48837499889486935,INFO,adaptador.request,false,degradado,0.4000829994765809,9193.561092903,9193.561552778,9193.561064403,9193.561492986,CIRCUIT_OPEN,2026-09-05T00:01:36.758852Z
ab9033d9-a8b1-470c-8976-fe08017b4f1d,run1_rep1,B,OPEN,OPEN,request,CACHE,HIT,0.03170800118823536,0.5470420001074672,INFO,adaptador.request,false,degradado,0.4414589984662598,9193.607463611,9193.607978945,9193.607431903,9193.60790507,CIRCUIT_OPEN,2026-09-05T00:01:36.805313Z
75091eb8-57f6-4139-82f0-5214e3a2a5f1,run1_rep1,B,OPEN,OPEN,request,CACHE,HIT,0.04733400055556558,0.5399590008892119,INFO,adaptador.request,false,degradado,0.43658300091919955,9193.65008582,9193.650578445,9193.650038486,9193.650522403,CIRCUIT_OPEN,2026-09-05T00:01:36.847884Z
28bd4c3d-11e5-4ca0-a583-7ec3c322054d,run1_rep1,B,OPEN,OPEN,request,CACHE,HIT,0.03208399903087411,0.6364999990182696,INFO,adaptador.request,false,degradado,0.49987500096904114,9193.665647445,9193.666251861,9193.665615361,9193.66614732,CIRCUIT_OPEN,2026-09-05T00:01:36.863578Z
afb42e7b-842e-4141-bf54-2c8248c6c133,run1_rep1,B,OPEN,OPEN,request,CACHE,HIT,0.03716700121003669,0.6137500004115282,INFO,adaptador.request,false,degradado,0.4649169986805646,9193.716533528,9193.717110111,9193.716496361,9193.716998445,CIRCUIT_OPEN,2026-09-05T00:01:36.914426Z
5b8e1b16-62d1-4d72-b48e-7838942e6c73,run1_rep1,B,OPEN,OPEN,request,CACHE,HIT,0.03416599975025747,0.5756660011684289,INFO,adaptador.request,false,degradado,0.47441700007766485,9193.728931986,9193.729473486,9193.72889782,9193.729406403,CIRCUIT_OPEN,2026-09-05T00:01:36.926790Z
4e3d5963-d31a-400d-aa91-925b2745dc51,run1_rep1,B,OPEN,OPEN,request,CACHE,HIT,0.07675000051676761,2.054291999229463,INFO,adaptador.request,false,degradado,1.8680839984881459,9193.826065028,9193.82804257,9193.825988278,9193.827933112,CIRCUIT_OPEN,2026-09-05T00:01:37.025814Z
7a34ef14-ad89-444e-9ea1-bb7989316fc1,run1_rep1,B,OPEN,OPEN,request,CACHE,HIT,0.0278329989669146,1.2557079990074271,INFO,adaptador.request,false,degradado,1.1839170001621824,9193.827076778,9193.828304653,9193.827048945,9193.828260695,CIRCUIT_OPEN,2026-09-05T00:01:37.026465Z
9f72c16e-80ca-4c0f-bbf3-c7fdf4668a9a,run1_rep1,B,OPEN,OPEN,request,CACHE,HIT,0.01904099917737767,0.9707079989311751,INFO,adaptador.request,false,degradado,0.9195420007017674,9193.827563403,9193.82851507,9193.827544362,9193.828482945,CIRCUIT_OPEN,2026-09-05T00:01:37.026944Z
20cfe2bb-0778-458c-81ec-f0fbe332367a,run1_rep1,B,OPEN,OPEN,request,CACHE,HIT,0.04162500044913031,0.781374999860418,INFO,adaptador.request,false,degradado,0.6790420011384413,9193.866452945,9193.867192695,9193.86641132,9193.867131987,CIRCUIT_OPEN,2026-09-05T00:01:37.064495Z
26a36658-a4eb-4604-a7e5-8ec15084ff06,run1_rep1,B,OPEN,OPEN,request,CACHE,HIT,0.05104099909658544,1.5334579984482843,INFO,adaptador.request,false,degradado,1.2268339996808209,9193.932852528,9193.934334945,9193.932801487,9193.934079362,CIRCUIT_OPEN,2026-09-05T00:01:37.132252Z
4f6e0110-af81-4daa-a851-e99620e8c924,run1_rep1,B,OPEN,OPEN,request,CACHE,HIT,0.02141699951607734,1.5163749994826503,INFO,adaptador.request,false,degradado,1.428290999683668,9193.933383612,9193.93487857,9193.933362195,9193.934811903,CIRCUIT_OPEN,2026-09-05T00:01:37.132666Z
b5877038-4bd2-4104-b13d-101a0b911887,run1_rep1,B,OPEN,OPEN,request,CACHE,HIT,0.040249999074148946,1.1917499996343395,INFO,adaptador.request,false,degradado,1.0319590001017787,9193.968390028,9193.969541528,9193.968349778,9193.969421987,CIRCUIT_OPEN,2026-09-05T00:01:37.166875Z
cea3e1da-1338-429e-b3a0-d917daf4ed55,run1_rep1,B,OPEN,OPEN,request,CACHE,HIT,0.026957999580190517,0.47754099978192244,INFO,adaptador.request,false,degradado,0.3909170009137597,9193.978390695,9193.978841278,9193.978363737,9193.978781612,CIRCUIT_OPEN,2026-09-05T00:01:37.176157Z
9015dd7a-f758-4895-9a58-58ed48895d54,run1_rep1,B,OPEN,OPEN,request,CACHE,HIT,0.04137500036449637,0.7084170010784874,INFO,adaptador.request,false,degradado,0.5840419999003643,9194.03078057,9194.031447612,9194.030739195,9194.031364612,CIRCUIT_OPEN,2026-09-05T00:01:37.228785Z
e8755f80-75d8-4191-bb9b-aaa1d17804c6,run1_rep1,B,OPEN,OPEN,request,CACHE,HIT,0.028791999284294434,1.0312499998690328,INFO,adaptador.request,false,degradado,0.8986249995359685,9194.03483882,9194.035841278,9194.034810028,9194.035737445,CIRCUIT_OPEN,2026-09-05T00:01:37.233192Z
a32729e9-babc-46bf-99e0-9ad275b543d9,run1_rep1,B,OPEN,OPEN,request,CACHE,HIT,0.0407919997087447,0.5940840001130709,INFO,adaptador.request,false,degradado,0.47833300050115213,9194.09521482,9194.095768112,9194.095174028,9194.095693153,CIRCUIT_OPEN,2026-09-05T00:01:37.293101Z
d0111a33-7458-4eb4-ad2d-47a0d7d9b881,run1_rep1,B,OPEN,OPEN,request,CACHE,HIT,0.03724999987753108,0.7319169999391306,INFO,adaptador.request,false,degradado,0.605958000960527,9194.12881207,9194.129506737,9194.12877482,9194.129418028,CIRCUIT_OPEN,2026-09-05T00:01:37.326855Z
015adc4b-b0a8-45e3-a771-67cc7585f49d,run1_rep1,B,OPEN,OPEN,request,CACHE,HIT,0.027708001653081737,0.7235830016725231,INFO,adaptador.request,false,degradado,0.6386249988281634,9194.130088903,9194.130784778,9194.130061195,9194.130727528,CIRCUIT_OPEN,2026-09-05T00:01:37.328099Z
da84491c-3a8e-49a2-b50f-6c5187dd24de,run1_rep1,B,OPEN,OPEN,request,CACHE,HIT,0.03808399924309924,0.6566249994648388,INFO,adaptador.request,false,degradado,0.555208000150742,9194.156649362,9194.157267903,9194.156611278,9194.15720457,CIRCUIT_OPEN,2026-09-05T00:01:37.354589Z
87d85888-8744-412e-94f5-ae679ae20c27,run1_rep1,B,OPEN,OPEN,request,CACHE,HIT,0.04058299964526668,0.6890829990879865,INFO,adaptador.request,false,degradado,0.5693750008504139,9194.215844028,9194.216492528,9194.215803445,9194.216413403,CIRCUIT_OPEN,2026-09-05T00:01:37.413812Z
2d5b5bfc-d2c7-43ac-85d3-f639dff21af9,run1_rep1,B,OPEN,OPEN,request,CACHE,HIT,0.02499999936844688,0.4347499998402782,INFO,adaptador.request,false,degradado,0.35637499968288466,9194.269480862,9194.269890612,9194.269455862,9194.269837237,CIRCUIT_OPEN,2026-09-05T00:01:37.467188Z
b6d0730e-2382-41f5-a1c5-ff5103fcad5a,run1_rep1,B,OPEN,OPEN,request,CACHE,HIT,0.013083999874652363,0.324333999742521,INFO,adaptador.request,false,degradado,0.27587499971559737,9194.278800112,9194.279111362,9194.278787028,9194.279075987,CIRCUIT_OPEN,2026-09-05T00:01:37.476382Z
a58fe167-e81b-4233-b0b7-7960bdcc22c2,run1_rep1,B,OPEN,OPEN,request,CACHE,HIT,0.01345899909210857,0.24804199892969336,INFO,adaptador.request,false,degradado,0.2060410006379243,9194.282754237,9194.28298882,9194.282740778,9194.282960278,CIRCUIT_OPEN,2026-09-05T00:01:37.480282Z
5c525b28-12e6-4a24-8a9d-ddf4e2ad57f9,run1_rep1,B,OPEN,OPEN,request,CACHE,HIT,0.011916999937966466,0.26745800096250605,INFO,adaptador.request,false,degradado,0.2166659996873932,9194.296033612,9194.296289153,9194.296021695,9194.296250278,CIRCUIT_OPEN,2026-09-05T00:01:37.493576Z
0136851f-fd06-4ea3-96dd-8e21187948e0,run1_rep1,B,OPEN,OPEN,request,CACHE,HIT,0.022666999939247034,0.4244170013407711,INFO,adaptador.request,false,degradado,0.3335410001454875,9194.389632862,9194.390034612,9194.389610195,9194.389966403,CIRCUIT_OPEN,2026-09-05T00:01:37.587322Z
d795abea-29be-40e7-96b6-674d6744e82d,run1_rep1,B,OPEN,OPEN,request,CACHE,HIT,0.031874998967396095,0.7149579996621469,INFO,adaptador.request,false,degradado,0.6254159998206887,9194.447402487,9194.44808557,9194.447370612,9194.448027903,CIRCUIT_OPEN,2026-09-05T00:01:37.645386Z
0448ef41-faa5-49b9-95f5-23b6b04f78f1,run1_rep1,B,OPEN,OPEN,request,CACHE,HIT,0.022792000891058706,0.46187500083760824,INFO,adaptador.request,false,degradado,0.37316700036171824,9194.469510445,9194.469949528,9194.469487653,9194.469883612,CIRCUIT_OPEN,2026-09-05T00:01:37.667266Z
47c2211d-c6fa-445e-b9c2-868f11d69809,run1_rep1,B,OPEN,OPEN,request,CACHE,HIT,0.01808399974834174,0.40445900049235206,INFO,adaptador.request,false,degradado,0.3390000001672888,9194.495854112,9194.496240487,9194.495836028,9194.496193112,CIRCUIT_OPEN,2026-09-05T00:01:37.693538Z
cbe9d83f-03eb-48a2-9f3d-888e76fc4bba,run1_rep1,B,OPEN,OPEN,request,CACHE,HIT,0.02208299883932341,0.7801249994372483,INFO,adaptador.request,false,degradado,0.7107920009730151,9194.51382732,9194.514585362,9194.513805237,9194.514538112,CIRCUIT_OPEN,2026-09-05T00:01:37.711911Z
f961e436-6232-4ca5-a263-3f2f5ada408c,run1_rep1,B,OPEN,OPEN,request,CACHE,HIT,0.0200829999812413,0.7442080004693707,INFO,adaptador.request,false,degradado,0.6778750012017554,9194.51444607,9194.515170195,9194.514425987,9194.515123945,CIRCUIT_OPEN,2026-09-05T00:01:37.712658Z
f67185db-d099-465a-be6e-33501a3192b8,run1_rep1,B,OPEN,OPEN,request,CACHE,HIT,0.014792000001762062,0.3693329999805428,INFO,adaptador.request,false,degradado,0.305875000776723,9194.538445654,9194.538800195,9194.538430862,9194.538751529,CIRCUIT_OPEN,2026-09-05T00:01:37.736102Z
5907c6d8-c31b-4313-a1f7-1f243a7787bc,run1_rep1,B,OPEN,OPEN,request,CACHE,HIT,0.013333999959286302,0.3030839998245938,INFO,adaptador.request,false,degradado,0.25187500068568625,9194.551321404,9194.551611154,9194.55130807,9194.551573279,CIRCUIT_OPEN,2026-09-05T00:01:37.748900Z
d98d4d05-02ee-4876-ab8c-c7f6a8fcacc1,run1_rep1,B,OPEN,OPEN,request,CACHE,HIT,0.036666999221779406,0.6072079995647073,INFO,adaptador.request,false,degradado,0.4907910006295424,9194.628409154,9194.628979695,9194.628372487,9194.628899945,CIRCUIT_OPEN,2026-09-05T00:01:37.826343Z
f4d038a1-ef79-4c29-856e-c1dd2052f56f,run1_rep1,B,OPEN,OPEN,request,CACHE,HIT,0.035667000702233054,0.5555830011871876,INFO,adaptador.request,false,degradado,0.4487080004764721,9194.644303154,9194.64482307,9194.644267487,9194.644751862,CIRCUIT_OPEN,2026-09-05T00:01:37.842144Z
c8109a15-8525-409d-8b5d-6c24c896d6d8,run1_rep1,B,OPEN,OPEN,request,CACHE,HIT,0.02712499917834066,0.7497089991375105,INFO,adaptador.request,false,degradado,0.6704170009470545,9194.656889445,9194.657612029,9194.65686232,9194.657559862,CIRCUIT_OPEN,2026-09-05T00:01:37.854922Z
7ac3b007-4af2-4204-87af-d6d722276794,run1_rep1,B,OPEN,OPEN,request,CACHE,HIT,0.015624998923158273,0.6939169998076977,INFO,adaptador.request,false,degradado,0.6339589999697637,9194.657481695,9194.658159987,9194.65746607,9194.658115654,CIRCUIT_OPEN,2026-09-05T00:01:37.855607Z
b25f6d0c-4d76-4778-b4a2-f9acac7a9a4f,run1_rep1,B,OPEN,OPEN,request,CACHE,HIT,0.04912500116915908,0.7987080007296754,INFO,adaptador.request,false,degradado,0.6287079995672684,9194.707699529,9194.708449112,9194.707650404,9194.708328237,CIRCUIT_OPEN,2026-09-05T00:01:37.905863Z
1a880098-d69c-46b5-999d-543a6ee5db75,run1_rep1,B,OPEN,OPEN,request,CACHE,HIT,0.03762500091397669,0.8178340012818808,INFO,adaptador.request,false,degradado,0.7190839987742947,9194.71109932,9194.711879529,9194.711061695,9194.711818404,CIRCUIT_OPEN,2026-09-05T00:01:37.909184Z
2c92d123-b061-4c0e-881b-0e3f9f891a04,run1_rep1,B,OPEN,OPEN,request,CACHE,HIT,0.02750000021478627,0.4799170001206221,INFO,adaptador.request,false,degradado,0.390791999961948,9194.733469487,9194.733921904,9194.733441987,9194.733860279,CIRCUIT_OPEN,2026-09-05T00:01:37.931256Z
1a8ecef5-eb39-43fd-9d7f-a926d7f3dcb1,run1_rep1,B,OPEN,OPEN,request,CACHE,HIT,0.030499999411404133,0.776457998654223,INFO,adaptador.request,false,degradado,0.5967910001345444,9194.743952154,9194.744698112,9194.743921654,9194.744548945,CIRCUIT_OPEN,2026-09-05T00:01:37.942069Z
d8bfb725-17e4-4dc6-91d6-3b9e959eb5c7,run1_rep1,B,OPEN,OPEN,request,CACHE,HIT,0.026749999960884452,0.6261670005187625,INFO,adaptador.request,false,degradado,0.5258330002106959,9194.746857737,9194.747457154,9194.746830987,9194.74738357,CIRCUIT_OPEN,2026-09-05T00:01:37.944789Z
5370f49c-a22c-46e2-98f1-1b039c08d55c,run1_rep1,B,OPEN,OPEN,request,CACHE,HIT,0.04729099964606576,0.7380000006378395,INFO,adaptador.request,false,degradado,0.6039170002622996,9194.86966282,9194.870353529,9194.869615529,9194.870266737,CIRCUIT_OPEN,2026-09-05T00:01:38.067672Z
fb16ef37-c96c-4556-b687-a76742a2404d,run1_rep1,B,OPEN,OPEN,request,CACHE,HIT,0.03099999958067201,0.5108749992359662,INFO,adaptador.request,false,degradado,0.41616599992266856,9194.880181404,9194.880661279,9194.880150404,9194.88059757,CIRCUIT_OPEN,2026-09-05T00:01:38.078307Z
e3b26560-6ee6-436a-9f31-77351fc1764a,run1_rep1,B,OPEN,OPEN,request,CACHE,HIT,0.02808299905154854,0.5536659991776105,INFO,adaptador.request,false,degradado,0.4612080010701902,9194.894049362,9194.894574945,9194.894021279,9194.89451057,CIRCUIT_OPEN,2026-09-05T00:01:38.091888Z
a3a17920-0a10-43cb-a541-bef5eb603ab2,run1_rep1,B,OPEN,OPEN,request,CACHE,HIT,0.06550000034621917,1.2495410010160413,INFO,adaptador.request,false,degradado,1.0706659995776135,9194.980178029,9194.98136207,9194.980112529,9194.981248695,CIRCUIT_OPEN,2026-09-05T00:01:38.178907Z
9bd3cbfa-c612-4b56-99c4-fb2de59cd3d5,run1_rep1,B,OPEN,OPEN,request,CACHE,HIT,0.02887499977077823,1.1199170003237668,INFO,adaptador.request,false,degradado,1.0314579994883388,9194.981195237,9194.982286279,9194.981166362,9194.982226695,CIRCUIT_OPEN,2026-09-05T00:01:38.179768Z
5e073e35-7218-402b-a498-fd69cfbb3679,run1_rep1,B,OPEN,OPEN,request,CACHE,HIT,0.03383299917913973,0.6819159989390755,INFO,adaptador.request,false,degradado,0.5726670005969936,9194.984646112,9194.985294195,9194.984612279,9194.985218779,CIRCUIT_OPEN,2026-09-05T00:01:38.182677Z
838b0afb-28dd-47ab-8465-3a6b8d5d1f14,run1_rep1,B,OPEN,OPEN,request,CACHE,HIT,0.043542000639718026,0.6848749999335269,INFO,adaptador.request,false,degradado,0.5573749986069743,9195.031142362,9195.031783695,9195.03109882,9195.031699737,CIRCUIT_OPEN,2026-09-05T00:01:38.229111Z
ec438a23-721b-42c0-a12f-b4dfc2445191,run1_rep1,B,OPEN,OPEN,request,CACHE,HIT,0.02166699960071128,1.164332999906037,INFO,adaptador.request,false,degradado,1.0683330001484137,9195.076687154,9195.07782982,9195.076665487,9195.077755487,CIRCUIT_OPEN,2026-09-05T00:01:38.275597Z
5b3f1771-4579-42e2-a9e7-c5f50ebec9eb,run1_rep1,B,OPEN,OPEN,request,CACHE,HIT,0.02141699951607734,0.8865419986250345,INFO,adaptador.request,false,degradado,0.8216659989557229,9195.077217029,9195.078082154,9195.077195612,9195.078038695,CIRCUIT_OPEN,2026-09-05T00:01:38.275886Z
60c1788f-5c48-422d-a613-1c9a207618f9,run1_rep1,B,OPEN,OPEN,request,CACHE,HIT,0.04350000017439015,1.9862499993905658,INFO,adaptador.request,false,degradado,1.9039159997191746,9195.076350404,9195.078293154,9195.076306904,9195.07825432,CIRCUIT_OPEN,2026-09-05T00:01:38.276096Z
8122a878-a940-4296-9e9e-23a6ca376f69,run1_rep1,B,OPEN,OPEN,request,CACHE,HIT,0.049957998271565884,1.074540999979945,INFO,adaptador.request,false,degradado,0.9150420009973459,9195.178589737,9195.17961432,9195.178539779,9195.179504779,CIRCUIT_OPEN,2026-09-05T00:01:38.376965Z
109d0666-1c03-44c4-8162-366c69749543,run1_rep1,B,OPEN,OPEN,request,CACHE,HIT,0.028624999686144292,0.9406669996678829,INFO,adaptador.request,false,degradado,0.8568329994886881,9195.179389362,9195.180301404,9195.179360737,9195.180246195,CIRCUIT_OPEN,2026-09-05T00:01:38.377782Z
ce8a5848-8f55-4810-bb6c-f6fc749ceb8b,run1_rep1,B,OPEN,OPEN,request,CACHE,HIT,0.04745900150737725,1.03583400050411,INFO,adaptador.request,false,degradado,0.8995829994091764,9195.245226696,9195.246215071,9195.245179237,9195.246126279,CIRCUIT_OPEN,2026-09-05T00:01:38.443552Z
a1dcb5e0-9d7a-4e59-aa2b-8d4284484221,run1_rep1,B,OPEN,OPEN,request,CACHE,HIT,0.025040999389602803,0.887624999450054,INFO,adaptador.request,false,degradado,0.802917000328307,9195.245993237,9195.246855821,9195.245968196,9195.246796154,CIRCUIT_OPEN,2026-09-05T00:01:38.444372Z
7e5da633-5be5-4b59-93d4-919f3b9931c9,run1_rep1,B,OPEN,OPEN,request,CACHE,HIT,0.04308300049160607,0.643917001070804,INFO,adaptador.request,false,degradado,0.52579200018954,9195.289067987,9195.289668821,9195.289024904,9195.289593779,CIRCUIT_OPEN,2026-09-05T00:01:38.486983Z
b0d707fc-2089-4a71-aad7-37e8be8d63cb,run1_rep1,B,OPEN,OPEN,request,CACHE,HIT,0.033125001209555194,0.9297920005337801,INFO,adaptador.request,false,degradado,0.8389589984290069,9195.380387237,9195.381283904,9195.380354112,9195.381226196,CIRCUIT_OPEN,2026-09-05T00:01:38.578595Z
9bf0b7c4-98c3-4500-befb-87c0689c4a86,run1_rep1,B,OPEN,OPEN,request,CACHE,HIT,0.023874999897088856,0.758041000153753,INFO,adaptador.request,false,degradado,0.6829160010966007,9195.381126571,9195.381860737,9195.381102696,9195.381809487,CIRCUIT_OPEN,2026-09-05T00:01:38.579377Z
2b8cedbf-33c4-44ea-9684-4ba7530c6b34,run1_rep1,B,OPEN,OPEN,request,CACHE,HIT,0.030917000913177617,0.6305000006250339,INFO,adaptador.request,false,degradado,0.5213749991526129,9195.412762571,9195.413362154,9195.412731654,9195.413283946,CIRCUIT_OPEN,2026-09-05T00:01:38.610693Z
e2b583f8-b8a1-44f0-9339-2a5b248ea840,run1_rep1,B,OPEN,OPEN,request,CACHE,HIT,0.05333300032361876,1.3374160007515457,INFO,adaptador.request,false,degradado,1.1745419997168938,9195.481751154,9195.483035237,9195.481697821,9195.482925696,CIRCUIT_OPEN,2026-09-05T00:01:38.680617Z
1cdcfc0b-a375-4c57-98f9-118bc8676ad5,run1_rep1,B,OPEN,OPEN,request,CACHE,HIT,0.01487500048824586,1.0999160003848374,INFO,adaptador.request,false,degradado,1.0013749997597188,9195.482231321,9195.483316362,9195.482216446,9195.483232696,CIRCUIT_OPEN,2026-09-05T00:01:38.680919Z
ddfdb5cb-3fa6-4113-bc92-f52ae154353e,run1_rep1,B,OPEN,OPEN,request,CACHE,HIT,0.0351250000676373,0.6799999991926597,INFO,adaptador.request,false,degradado,0.5429169996205019,9195.496169112,9195.496813987,9195.496133987,9195.496712029,CIRCUIT_OPEN,2026-09-05T00:01:38.694168Z
4941c9c7-8f5a-49af-9db9-047f2016000b,run1_rep1,B,OPEN,OPEN,request,CACHE,HIT,0.04229099977237638,0.9960409988707397,INFO,adaptador.request,false,degradado,0.8747089996177237,9195.539690362,9195.540644112,9195.539648071,9195.540565071,CIRCUIT_OPEN,2026-09-05T00:01:38.738253Z
0e39dbf2-8978-4ed2-9e6e-bff2691056b6,run1_rep1,B,OPEN,OPEN,request,CACHE,HIT,0.014125000234344043,0.8336660011991626,INFO,adaptador.request,false,degradado,0.7654580003872979,9195.540088696,9195.540908237,9195.540074571,9195.540854154,CIRCUIT_OPEN,2026-09-05T00:01:38.738547Z
368cc41c-de86-450c-a760-477d435eaa9b,run1_rep1,B,OPEN,OPEN,request,CACHE,HIT,0.031834000765229575,0.5671670005540363,INFO,adaptador.request,false,degradado,0.46962499982328154,9195.570994821,9195.571530154,9195.570962987,9195.571464446,CIRCUIT_OPEN,2026-09-05T00:01:38.768841Z
1e7f0d33-bef9-481c-a8f0-404b207eafb8,run1_rep1,B,OPEN,OPEN,request,CACHE,HIT,0.0440419989899965,0.6822079994890373,INFO,adaptador.request,false,degradado,0.5528750007215422,9195.635998446,9195.636636612,9195.635954404,9195.636551321,CIRCUIT_OPEN,2026-09-05T00:01:38.833958Z
e69568d7-f166-49b1-97b0-3d071e0dbd21,run1_rep1,B,OPEN,OPEN,request,CACHE,HIT,0.03870899854518939,0.6015839990141103,INFO,adaptador.request,false,degradado,0.4942499999742722,9195.684247946,9195.684810821,9195.684209237,9195.684742196,CIRCUIT_OPEN,2026-09-05T00:01:38.882120Z
85ad6f81-601f-44ab-a2b5-644a4bddaf26,run1_rep1,B,OPEN,OPEN,request,CACHE,HIT,0.041541999962646514,0.9027500000229338,INFO,adaptador.request,false,degradado,0.7785420002619503,9195.733958654,9195.734819862,9195.733917112,9195.734737196,CIRCUIT_OPEN,2026-09-05T00:01:38.932156Z
962be75d-36b1-4388-bf05-71565f9cb29b,run1_rep1,B,OPEN,OPEN,request,CACHE,HIT,0.023749998945277184,0.9598749984434107,INFO,adaptador.request,false,degradado,0.8895829996617977,9195.734687904,9195.735624029,9195.734664154,9195.735577487,CIRCUIT_OPEN,2026-09-05T00:01:38.932919Z
ed2ac850-4bf4-4053-8e2a-b320ae7f8865,run1_rep1,B,OPEN,OPEN,request,CACHE,HIT,0.03199999991920777,0.6157919997349381,INFO,adaptador.request,false,degradado,0.5096670010971138,9195.740906779,9195.741490571,9195.740874779,9195.741416446,CIRCUIT_OPEN,2026-09-05T00:01:38.938829Z
e2a474a9-1d94-464f-bfdb-0375ddb5a708,run1_rep1,B,OPEN,OPEN,request,CACHE,HIT,0.02325000059499871,1.4215000010153744,INFO,adaptador.request,false,degradado,1.3257919999887235,9195.776785487,9195.778183737,9195.776762237,9195.778111279,CIRCUIT_OPEN,2026-09-05T00:01:38.975958Z
a9b922c3-7fda-4b01-86c7-632a35021355,run1_rep1,B,OPEN,OPEN,request,CACHE,HIT,0.015958001313265413,1.551958001073217,INFO,adaptador.request,false,degradado,1.4843329990981147,9195.777102779,9195.778638779,9195.777086821,9195.778587112,CIRCUIT_OPEN,2026-09-05T00:01:38.976508Z
52dea067-f808-433b-87c9-13251dacd723,run1_rep1,B,OPEN,OPEN,request,CACHE,HIT,0.01608400089025963,1.165499999842723,INFO,adaptador.request,false,degradado,1.1002909996022936,9195.778037321,9195.779186737,9195.778021237,9195.779137612,CIRCUIT_OPEN,2026-09-05T00:01:38.976924Z
4118a9bd-7635-4b81-8cd5-59cb75c68cf7,run1_rep1,B,OPEN,OPEN,request,CACHE,HIT,0.01862499993876554,0.4529999987425981,INFO,adaptador.request,false,degradado,0.3822919989033835,9195.803896404,9195.804330779,9195.803877779,9195.804278696,CIRCUIT_OPEN,2026-09-05T00:01:39.001638Z
f2ffadbc-8d1b-4d1f-bcb8-98a69f0aff5d,run1_rep1,B,OPEN,OPEN,request,CACHE,HIT,0.055250000514206477,0.839083000755636,INFO,adaptador.request,false,degradado,0.6819999998697313,9195.907892071,9195.908675904,9195.907836821,9195.908574071,CIRCUIT_OPEN,2026-09-05T00:01:39.106011Z
39fcf47f-22ae-4cee-9e72-4e5b40a8f403,run1_rep1,B,OPEN,OPEN,request,CACHE,HIT,0.043542000639718026,0.7239170008688234,INFO,adaptador.request,false,degradado,0.586207999731414,9195.925342446,9195.926022821,9195.925298904,9195.925928654,CIRCUIT_OPEN,2026-09-05T00:01:39.123331Z
44ea1d41-cb17-431a-aea9-ab6c8f6cf4c8,run1_rep1,B,OPEN,OPEN,request,CACHE,HIT,0.0669999990350334,0.9354169997095596,INFO,adaptador.request,false,degradado,0.7606670005770866,9196.012949904,9196.013818321,9196.012882904,9196.013710571,CIRCUIT_OPEN,2026-09-05T00:01:39.211151Z
2b1848bb-2851-4b25-a110-9bc6d7f248cd,run1_rep1,B,OPEN,OPEN,request,CACHE,HIT,0.0306249985442264,0.7653339998796582,INFO,adaptador.request,false,degradado,0.49566699999559205,9196.015996154,9196.016730863,9196.015965529,9196.016491821,CIRCUIT_OPEN,2026-09-05T00:01:39.214162Z
42989f80-c4c8-4243-8bcf-8428071fc1af,run1_rep1,B,OPEN,OPEN,request,CACHE,HIT,0.04795800123247318,0.8177080017048866,INFO,adaptador.request,false,degradado,0.6733749996783445,9196.113850071,9196.114619821,9196.113802113,9196.114523446,CIRCUIT_OPEN,2026-09-05T00:01:39.311948Z
8ca7b238-fb50-4f8b-8dea-d80da9fac121,run1_rep1,B,OPEN,OPEN,request,CACHE,HIT,0.03587500032153912,0.5593340010818793,INFO,adaptador.request,false,degradado,0.45766699986415915,9196.127339404,9196.127862863,9196.127303529,9196.127797071,CIRCUIT_OPEN,2026-09-05T00:01:39.325205Z
d7f16fd3-76ff-4734-a2cf-2def4656d798,run1_rep1,B,OPEN,OPEN,request,CACHE,HIT,0.03220899998268578,0.5669170004694024,INFO,adaptador.request,false,degradado,0.46641600056318566,9196.149988738,9196.150523446,9196.149956529,9196.150455154,CIRCUIT_OPEN,2026-09-05T00:01:39.347843Z
36f36190-4501-4c3b-a037-734f3ef3d369,run1_rep1,B,OPEN,OPEN,request,CACHE,HIT,0.05708299977413844,0.94554200040875,INFO,adaptador.request,false,degradado,0.7795839992468245,9196.220487904,9196.221376363,9196.220430821,9196.221267488,CIRCUIT_OPEN,2026-09-05T00:01:39.418713Z
83e666f1-e9f9-4526-8779-e4d0089a2a44,run1_rep1,B,OPEN,OPEN,request,CACHE,HIT,0.05066700032330118,0.7206249993032543,INFO,adaptador.request,false,degradado,0.5796659988845931,9196.237142738,9196.237812696,9196.237092071,9196.237722404,CIRCUIT_OPEN,2026-09-05T00:01:39.435134Z
2b18d47e-b984-41a7-80fd-9aff924044ab,run1_rep1,B,OPEN,OPEN,request,CACHE,HIT,0.14233399997465312,1.117584000894567,INFO,adaptador.request,false,degradado,0.8774580001045251,9196.252912113,9196.253887363,9196.252769779,9196.253789571,CIRCUIT_OPEN,2026-09-05T00:01:39.451217Z
73063493-58f6-4d30-a7ac-a2ee96ada60f,run1_rep1,B,OPEN,OPEN,request,CACHE,HIT,0.028415999622666277,0.48925000010058284,INFO,adaptador.request,false,degradado,0.3862089997710427,9196.266486404,9196.266947238,9196.266457988,9196.266872613,CIRCUIT_OPEN,2026-09-05T00:01:39.464293Z
50529d15-08d2-4d93-a9d2-1b69611ac32f,run1_rep1,B,OPEN,OPEN,request,CACHE,HIT,0.04025000089313835,0.6867080010124482,INFO,adaptador.request,false,degradado,0.5459579988382757,9196.311796488,9196.312442946,9196.311756238,9196.312342446,CIRCUIT_OPEN,2026-09-05T00:01:39.509987Z
4f9902f2-ad6c-4017-8fbb-5717d8849398,run1_rep1,B,OPEN,OPEN,request,CACHE,HIT,0.028832999305450357,0.5710419991373783,INFO,adaptador.request,false,degradado,0.4345840006863,9196.328515779,9196.329057988,9196.328486946,9196.328950363,CIRCUIT_OPEN,2026-09-05T00:01:39.526388Z
12fca93d-72e1-4136-9336-5e199fd4b6d0,run1_rep1,B,OPEN,OPEN,request,CACHE,HIT,0.02383299943176098,0.4432910009199986,INFO,adaptador.request,false,degradado,0.3617920010583475,9196.372143071,9196.372562529,9196.372119238,9196.372504863,CIRCUIT_OPEN,2026-09-05T00:01:39.569875Z
2fb2ea5f-f352-40da-9450-ce1bfca62ff9,run1_rep1,B,OPEN,OPEN,request,CACHE,HIT,0.01741699998092372,0.3738750001502922,INFO,adaptador.request,false,degradado,0.30670799969811924,9196.377911321,9196.378267779,9196.377893904,9196.378218029,CIRCUIT_OPEN,2026-09-05T00:01:39.575571Z
2e582ab1-ce2b-457b-8b36-c9e34525daa5,run1_rep1,B,OPEN,OPEN,request,CACHE,HIT,0.015916999473120086,0.385666999136447,INFO,adaptador.request,false,degradado,0.3228330006095348,9196.394741946,9196.395111696,9196.394726029,9196.395064779,CIRCUIT_OPEN,2026-09-05T00:01:39.592405Z
3c744e89-8398-4a0f-b8d8-3cc862449b3a,run1_rep1,B,OPEN,OPEN,request,CACHE,HIT,0.015499999790336005,0.3582919998734724,INFO,adaptador.request,false,degradado,0.29350000113481656,9196.399091279,9196.399434071,9196.399075779,9196.399384779,CIRCUIT_OPEN,2026-09-05T00:01:39.596735Z
b6990665-eba2-4632-905d-b3bb805b2596,run1_rep1,B,OPEN,OPEN,request,CACHE,HIT,0.014709001334267668,0.36087500120629556,INFO,adaptador.request,false,degradado,0.30745799995202105,9196.414445988,9196.414792154,9196.414431279,9196.414753446,CIRCUIT_OPEN,2026-09-05T00:01:39.612079Z
654aaacb-16d3-48dd-a517-882aee5f8588,run1_rep1,B,OPEN,OPEN,request,CACHE,HIT,0.030915998650016263,0.7967909987200983,INFO,adaptador.request,false,degradado,0.6943750013306271,9196.441927154,9196.442693029,9196.441896238,9196.442621529,CIRCUIT_OPEN,2026-09-05T00:01:39.640027Z
dfef00ba-c9ba-4771-8f47-c7d65cdf4287,run1_rep1,B,OPEN,OPEN,request,CACHE,HIT,0.03766599911614321,0.9787079998204717,INFO,adaptador.request,false,degradado,0.871917000040412,9196.495206029,9196.496147071,9196.495168363,9196.496077946,CIRCUIT_OPEN,2026-09-05T00:01:39.693487Z
01205c14-1def-4d83-8f81-9c0dc55425ed,run1_rep1,B,OPEN,OPEN,request,CACHE,HIT,0.02870800017262809,1.4609999998356216,INFO,adaptador.request,false,degradado,1.38150000020687,9196.495985821,9196.497418113,9196.495957113,9196.497367321,CIRCUIT_OPEN,2026-09-05T00:01:39.694989Z
5c72d00b-493c-4352-9603-01eae171dd83,run1_rep1,B,OPEN,OPEN,request,CACHE,HIT,0.02541699905123096,1.2825419998989673,INFO,adaptador.request,false,degradado,1.2032909999106778,9196.497128738,9196.498385863,9196.497103321,9196.498332029,CIRCUIT_OPEN,2026-09-05T00:01:39.696282Z
74bb6e18-0764-4047-ab32-cf7dbe49573e,run1_rep1,B,OPEN,OPEN,request,CACHE,HIT,0.030125000193947926,0.5978749995847465,INFO,adaptador.request,false,degradado,0.4964580002706498,9196.513663821,9196.514231571,9196.513633696,9196.514160279,CIRCUIT_OPEN,2026-09-05T00:01:39.711547Z
b62f242e-e309-457b-903c-c3a92a1c45a3,run1_rep1,B,OPEN,OPEN,request,CACHE,HIT,0.036916999306413345,0.5875839997315779,INFO,adaptador.request,false,degradado,0.4716670009656809,9196.533167696,9196.533718363,9196.533130779,9196.533639363,CIRCUIT_OPEN,2026-09-05T00:01:39.731045Z
f58795df-8724-4aea-978c-cf9feff02b3c,run1_rep1,B,OPEN,OPEN,request,CACHE,HIT,0.028624999686144292,0.5861250010639196,INFO,adaptador.request,false,degradado,0.4855839997617295,9196.539775279,9196.540332779,9196.539746654,9196.540260863,CIRCUIT_OPEN,2026-09-05T00:01:39.737662Z
f505a6a6-8b7d-422e-9fdd-7540708448fb,run1_rep1,B,OPEN,OPEN,request,CACHE,HIT,0.023791999410605058,0.5127080003148876,INFO,adaptador.request,false,degradado,0.4243750008754432,9196.586970113,9196.587459029,9196.586946321,9196.587394488,CIRCUIT_OPEN,2026-09-05T00:01:39.784788Z
0a9f146c-2a24-47ac-bba1-30da34a2c90b,run1_rep1,B,OPEN,OPEN,request,CACHE,HIT,0.016542000594199635,0.3741250002349261,INFO,adaptador.request,false,degradado,0.31120799940254074,9196.607940655,9196.608298238,9196.607924113,9196.608251863,CIRCUIT_OPEN,2026-09-05T00:01:39.805594Z
11d4ccfc-868e-4705-96e0-ea2bad5a2291,run1_rep1,B,OPEN,OPEN,request,CACHE,HIT,0.04370800161268562,0.720541000191588,INFO,adaptador.request,false,degradado,0.567166998735047,9196.694357988,9196.695034821,9196.69431428,9196.694925155,CIRCUIT_OPEN,2026-09-05T00:01:39.892369Z
8dc7339d-cbcc-4513-8f4f-3cd83f642229,run1_rep1,B,OPEN,OPEN,request,CACHE,HIT,0.030791999961365946,0.5336249996616971,INFO,adaptador.request,false,degradado,0.4134169994358672,9196.700568238,9196.701071071,9196.700537446,9196.700981655,CIRCUIT_OPEN,2026-09-05T00:01:39.898484Z
26312ea5-3ed8-47d5-ace6-ab3985d09268,run1_rep1,B,OPEN,OPEN,request,CACHE,HIT,0.039415999708580784,0.629791000392288,INFO,adaptador.request,false,degradado,0.518584000019473,9196.732068196,9196.732658571,9196.73202878,9196.73258678,CIRCUIT_OPEN,2026-09-05T00:01:39.929982Z
38812b07-30e3-462e-8aed-45af5a28eac6,run1_rep1,B,OPEN,OPEN,request,CACHE,HIT,0.03783300053328276,0.607292000495363,INFO,adaptador.request,false,degradado,0.46874999861756805,9196.753481821,9196.75405128,9196.753443988,9196.753950571,CIRCUIT_OPEN,2026-09-05T00:01:39.951383Z
4f0a3965-8d69-4543-86ff-6d46b8984d66,run1_rep1,B,OPEN,OPEN,request,CACHE,HIT,0.034374999813735485,0.5725420014641713,INFO,adaptador.request,false,degradado,0.47249999988707714,9196.821412696,9196.821950863,9196.821378321,9196.821885196,CIRCUIT_OPEN,2026-09-05T00:01:40.019285Z
89f91c4e-b1c8-4531-897b-536547c3e358,run1_rep1,B,OPEN,OPEN,request,CACHE,HIT,0.0257500014413381,0.507333001223742,INFO,adaptador.request,false,degradado,0.4253749993949896,9196.82668553,9196.827167113,9196.82665978,9196.827110905,CIRCUIT_OPEN,2026-09-05T00:01:40.024477Z
7f4b7c68-01e3-4936-bf33-2ef7360af9a3,run1_rep1,B,OPEN,OPEN,request,CACHE,HIT,0.04241700116836,0.712417000613641,INFO,adaptador.request,false,degradado,0.5924580000282731,9196.858715738,9196.859385738,9196.858673321,9196.859308196,CIRCUIT_OPEN,2026-09-05T00:01:40.056706Z
6965f37e-1d60-4074-a7eb-23a7276f9b1c,run1_rep1,B,OPEN,OPEN,request,CACHE,HIT,0.04766600068251137,0.6981250007811468,INFO,adaptador.request,false,degradado,0.5570419998548459,9196.907169196,9196.907819655,9196.90712153,9196.907726238,CIRCUIT_OPEN,2026-09-05T00:01:40.105147Z
57d923bb-084b-47b9-a885-81fcb95b0ca8,run1_rep1,B,OPEN,OPEN,request,CACHE,HIT,0.04345799970906228,0.6977499997447012,INFO,adaptador.request,false,degradado,0.5715420011256356,9196.944739571,9196.945393863,9196.944696113,9196.945311113,CIRCUIT_OPEN,2026-09-05T00:01:40.142683Z
8639c995-124c-417b-9bc3-2adc32cc472e,run1_rep1,B,OPEN,OPEN,request,CACHE,HIT,0.04012499994132668,0.854583000545972,INFO,adaptador.request,false,degradado,0.742291000278783,9196.95809278,9196.958907238,9196.958052655,9196.958835071,CIRCUIT_OPEN,2026-09-05T00:01:40.156223Z
b946e36c-ae91-4748-b0fb-f926ab83c96c,run1_rep1,B,OPEN,OPEN,request,CACHE,HIT,0.01995899947360158,1.1771249992307276,INFO,adaptador.request,false,degradado,1.0862910003197612,9196.95873728,9196.959894446,9196.958717321,9196.959823571,CIRCUIT_OPEN,2026-09-05T00:01:40.157513Z
ca38e2e2-3288-420d-ac28-1165f67ae4ca,run1_rep1,B,OPEN,OPEN,request,CACHE,HIT,0.023999999029911123,0.45612499889102764,INFO,adaptador.request,false,degradado,0.3734170004463522,9196.975781238,9196.976213363,9196.975757238,9196.976154655,CIRCUIT_OPEN,2026-09-05T00:01:40.173523Z
8bac6c6b-3c53-465f-92db-bbe2dc92bbde,run1_rep1,B,OPEN,OPEN,request,CACHE,HIT,0.06050000047252979,0.8077080001385184,INFO,adaptador.request,false,degradado,0.6051660002412973,9197.00004003,9197.000787238,9196.99997953,9197.000645196,CIRCUIT_OPEN,2026-09-05T00:01:40.198130Z
4faea8f8-59b3-4032-a8ff-86878e878bc1,run1_rep1,B,OPEN,OPEN,request,CACHE,HIT,0.02779100032057613,0.7307910000236006,INFO,adaptador.request,false,degradado,0.596541998675093,9197.003503071,9197.004206071,9197.00347528,9197.004099613,CIRCUIT_OPEN,2026-09-05T00:01:40.201540Z
30aecbf3-e46d-4009-9bb6-6c5ce33a4aa5,run1_rep1,B,OPEN,OPEN,request,CACHE,HIT,0.03633300002547912,0.6326659986370942,INFO,adaptador.request,false,degradado,0.5218749993218808,9197.099172738,9197.099769071,9197.099136405,9197.099694613,CIRCUIT_OPEN,2026-09-05T00:01:40.297091Z
d88dc4eb-f55a-4c76-a112-9bb1f61ea693,run1_rep1,B,OPEN,OPEN,request,CACHE,HIT,0.03162500070175156,0.5564160001085838,INFO,adaptador.request,false,degradado,0.461124998764717,9197.11346453,9197.113989321,9197.113432905,9197.113925655,CIRCUIT_OPEN,2026-09-05T00:01:40.311328Z
1bfaa3dd-2e14-4321-9757-1586535256c4,run1_rep1,B,OPEN,OPEN,request,CACHE,HIT,0.03162500070175156,0.549624999621301,INFO,adaptador.request,false,degradado,0.44837499990535434,9197.159620946,9197.160138946,9197.159589321,9197.160069321,CIRCUIT_OPEN,2026-09-05T00:01:40.357468Z
a687e57e-7e53-4344-8e52-7363a9b6f4e4,run1_rep1,B,OPEN,OPEN,request,CACHE,HIT,0.035207998735131696,0.6714999999530846,INFO,adaptador.request,false,degradado,0.5435420007415814,9197.211449571,9197.212085863,9197.211414363,9197.211993113,CIRCUIT_OPEN,2026-09-05T00:01:40.409428Z
a502dbb7-acf5-4aed-a02d-f05cbc9d93ec,run1_rep1,B,OPEN,OPEN,request,CACHE,HIT,0.03199999991920777,0.5626670008496149,INFO,adaptador.request,false,degradado,0.46983399988675956,9197.235417696,9197.235948363,9197.235385696,9197.23588753,CIRCUIT_OPEN,2026-09-05T00:01:40.433266Z
41d501fd-ee61-4ecc-8c47-58514b7915c4,run1_rep1,B,OPEN,OPEN,request,CACHE,HIT,0.039083999581635,0.6326250004349276,INFO,adaptador.request,false,degradado,0.4949160011165077,9197.321473572,9197.322067113,9197.321434488,9197.321968488,CIRCUIT_OPEN,2026-09-05T00:01:40.519381Z
77ed4d7d-26a4-4575-b4a2-b09356ba2d44,run1_rep1,B,OPEN,OPEN,request,CACHE,HIT,0.037540999983320944,0.9301249992859084,INFO,adaptador.request,false,degradado,0.8233339995058486,9197.337898238,9197.338790822,9197.337860697,9197.338721572,CIRCUIT_OPEN,2026-09-05T00:01:40.536117Z
fbdd1b1f-30a8-4985-8cb6-5556af8a0016,run1_rep1,B,OPEN,OPEN,request,CACHE,HIT,0.02429100095469039,0.5172080000193091,INFO,adaptador.request,false,degradado,0.4320419993746327,9197.346120238,9197.346613155,9197.346095947,9197.34655228,CIRCUIT_OPEN,2026-09-05T00:01:40.543925Z
24e05906-fd35-4cfa-8fdd-26c9f682fab3,run1_rep1,B,OPEN,OPEN,request,CACHE,HIT,0.01687500116531737,0.366292000762769,INFO,adaptador.request,false,degradado,0.29216699840617366,9197.353113405,9197.353462822,9197.35309653,9197.353405572,CIRCUIT_OPEN,2026-09-05T00:01:40.550772Z
217894f8-978b-4da5-866d-178634a24579,run1_rep1,B,OPEN,OPEN,request,CACHE,HIT,0.016625001080683433,0.3922500000044238,INFO,adaptador.request,false,degradado,0.3203329997631954,9197.389362697,9197.389738322,9197.389346072,9197.38968303,CIRCUIT_OPEN,2026-09-05T00:01:40.587049Z
7ec413dd-6238-42a0-9a5f-7f006cf74a3a,run1_rep1,B,OPEN,OPEN,request,CACHE,HIT,0.03220899998268578,0.7570419984403998,INFO,adaptador.request,false,degradado,0.6654579992755316,9197.413578322,9197.414303155,9197.413546113,9197.41424378,CIRCUIT_OPEN,2026-09-05T00:01:40.611609Z
e1b5cb31-f763-461c-ba71-dfa42e5b1244,run1_rep1,B,OPEN,OPEN,request,CACHE,HIT,0.035167000532965176,0.6369999991875375,INFO,adaptador.request,false,degradado,0.5519999995158287,9197.43266403,9197.433265863,9197.432628863,9197.43321603,CIRCUIT_OPEN,2026-09-05T00:01:40.630558Z
fa4a340d-4d44-4218-b19a-d1efee26597f,run1_rep1,B,OPEN,OPEN,request,CACHE,HIT,0.020249999579391442,0.42204199962725397,INFO,adaptador.request,false,degradado,0.34241699904669076,9197.444955863,9197.445357655,9197.444935613,9197.44529828,CIRCUIT_OPEN,2026-09-05T00:01:40.642663Z
a96493e6-8212-4b94-af8c-782f18c44400,run1_rep1,B,OPEN,OPEN,request,CACHE,HIT,0.015792000340297818,0.35358300010557286,INFO,adaptador.request,false,degradado,0.28862500039394945,9197.456679072,9197.457016863,9197.45666328,9197.456967697,CIRCUIT_OPEN,2026-09-05T00:01:40.654297Z
daf01c80-10b5-4af4-8445-22bb29f60acf,run1_rep1,B,OPEN,OPEN,request,CACHE,HIT,0.030791999961365946,0.6041670003469335,INFO,adaptador.request,false,degradado,0.4829579993383959,9197.570538905,9197.57111228,9197.570508113,9197.571021863,CIRCUIT_OPEN,2026-09-05T00:01:40.768438Z
db394662-1326-44d4-a2d9-75d01cbae4f2,run1_rep1,B,OPEN,OPEN,request,CACHE,HIT,0.049124999350169674,0.9894169998005964,INFO,adaptador.request,false,degradado,0.8664169999974547,9197.65147503,9197.652415322,9197.651425905,9197.652341447,CIRCUIT_OPEN,2026-09-05T00:01:40.849735Z
680aaa4f-0af1-4b86-8d2a-9d1b642358fd,run1_rep1,B,OPEN,OPEN,request,CACHE,HIT,0.02325000059499871,0.9032500001922017,INFO,adaptador.request,false,degradado,0.8244579985330347,9197.65225803,9197.65313803,9197.65223478,9197.653082488,CIRCUIT_OPEN,2026-09-05T00:01:40.850628Z
230d712a-5c54-4fbf-944d-9a460dbaa5ea,run1_rep1,B,OPEN,OPEN,request,CACHE,HIT,0.024417000531684607,0.5072500007372582,INFO,adaptador.request,false,degradado,0.41483299901301507,9197.657308447,9197.65779128,9197.65728403,9197.65772328,CIRCUIT_OPEN,2026-09-05T00:01:40.855110Z
a24eae2c-dbb1-4684-b9ca-9845909ec825,run1_rep1,B,OPEN,OPEN,request,CACHE,HIT,0.035417000617599115,0.6628339997405419,INFO,adaptador.request,false,degradado,0.5406669988587964,9197.730848155,9197.731475572,9197.730812738,9197.731388822,CIRCUIT_OPEN,2026-09-05T00:01:40.928807Z
1ebff86d-f9e6-40a0-81c1-25b05e4f7720,run1_rep1,B,OPEN,OPEN,request,CACHE,HIT,0.05458400119096041,1.1827500002254965,INFO,adaptador.request,false,degradado,0.9587079985067248,9197.824524322,9197.825652488,9197.824469738,9197.82548303,CIRCUIT_OPEN,2026-09-05T00:01:41.023133Z
366fa4ef-7f1a-4ed0-879d-2cc666cae6f2,run1_rep1,B,OPEN,OPEN,request,CACHE,HIT,0.030333998438436538,0.812583999504568,INFO,adaptador.request,false,degradado,0.7052079999994021,9197.849074572,9197.849856822,9197.849044238,9197.84977978,CIRCUIT_OPEN,2026-09-05T00:01:41.047163Z
89c93389-9ae2-4011-9466-bd146432154d,run1_rep1,B,OPEN,OPEN,request,CACHE,HIT,0.030375000278581865,1.2631669997063,INFO,adaptador.request,false,degradado,1.1602079994190717,9197.87060278,9197.871835572,9197.870572405,9197.871762988,CIRCUIT_OPEN,2026-09-05T00:01:41.069551Z
ea283816-4356-4e23-b1f6-8098a15ad4e4,run1_rep1,B,OPEN,OPEN,request,CACHE,HIT,0.02312499964318704,1.0616670006129425,INFO,adaptador.request,false,degradado,0.9824590015341528,9197.871190863,9197.872229405,9197.871167738,9197.872173322,CIRCUIT_OPEN,2026-09-05T00:01:41.069854Z
5d7d7a81-3cfe-4a3f-b18f-295c23d8bec9,run1_rep1,B,OPEN,OPEN,request,CACHE,HIT,0.026416999389766715,0.5254579991742503,INFO,adaptador.request,false,degradado,0.44479099960881285,9197.882821072,9197.883320113,9197.882794655,9197.883265863,CIRCUIT_OPEN,2026-09-05T00:01:41.080608Z
8f21d3e0-bf97-41cd-8e3d-3202cdfa25ca,run1_rep1,B,OPEN,OPEN,request,CACHE,HIT,0.037957999666105025,0.8344580000994029,INFO,adaptador.request,false,degradado,0.5631670010188827,9197.937318863,9197.938115363,9197.937280905,9197.93788203,CIRCUIT_OPEN,2026-09-05T00:01:41.135499Z
7598620c-6bc0-4b1f-b610-fb747005b065,run1_rep1,B,OPEN,OPEN,request,CACHE,HIT,0.03495799865049776,0.6120409998402465,INFO,adaptador.request,false,degradado,0.4970420013705734,9197.94607153,9197.946648613,9197.946036572,9197.946568572,CIRCUIT_OPEN,2026-09-05T00:01:41.143966Z
335906fa-6ea0-420e-bea6-f32051e90082,run1_rep1,B,OPEN,OPEN,request,CACHE,HIT,0.028374999601510353,0.5602080000244314,INFO,adaptador.request,false,degradado,0.4721249988506315,9197.951833822,9197.952365655,9197.951805447,9197.952305947,CIRCUIT_OPEN,2026-09-05T00:01:41.149677Z
d2a1d6d9-a80a-4c9d-bd35-dd8c0050c9ec,run1_rep1,B,OPEN,OPEN,request,CACHE,HIT,0.05412500104284845,1.0800000000017462,INFO,adaptador.request,false,degradado,0.937667000471265,9197.992534613,9197.993560488,9197.992480488,9197.99347228,CIRCUIT_OPEN,2026-09-05T00:01:41.190886Z
b1a22de1-933b-4a11-9265-26a542cb4a80,run1_rep1,B,OPEN,OPEN,request,CACHE,HIT,0.02204200063715689,0.9640840016800212,INFO,adaptador.request,false,degradado,0.8912920002330793,9197.993380655,9197.994322697,9197.993358613,9197.994271947,CIRCUIT_OPEN,2026-09-05T00:01:41.191813Z
4b84d5e2-515b-4523-8ae6-0851a50441be,run1_rep1,B,OPEN,OPEN,request,CACHE,HIT,0.0552080000488786,0.9852080002019648,INFO,adaptador.request,false,degradado,0.8340000003954628,9198.065377572,9198.066307572,9198.065322364,9198.066211572,CIRCUIT_OPEN,2026-09-05T00:01:41.263655Z
8b9df1fb-83d3-424a-884f-0dd5a0a9bc10,run1_rep1,B,OPEN,OPEN,request,CACHE,HIT,0.05237499863142148,0.8493329987686593,INFO,adaptador.request,false,degradado,0.7107500005076872,9198.110854739,9198.111651697,9198.110802364,9198.111565489,CIRCUIT_OPEN,2026-09-05T00:01:41.308964Z
5b57c415-34c3-4099-8c64-31170995e935,run1_rep1,B,OPEN,OPEN,request,CACHE,HIT,0.05849999979545828,0.8249579987023026,INFO,adaptador.request,false,degradado,0.6782079999538837,9198.175025614,9198.175792072,9198.174967114,9198.175703822,CIRCUIT_OPEN,2026-09-05T00:01:41.373113Z
3bd9466f-d21d-4305-bc3e-411c6d1301f8,run1_rep1,B,OPEN,OPEN,request,CACHE,HIT,0.0535830004082527,0.8319579992530635,INFO,adaptador.request,false,degradado,0.6853329996374669,9198.203363697,9198.204142072,9198.203310114,9198.20404903,CIRCUIT_OPEN,2026-09-05T00:01:41.401460Z
c4049add-710e-4207-ab15-16a57ea7da04,run1_rep1,B,OPEN,OPEN,request,CACHE,HIT,0.050542001190478913,0.772625000536209,INFO,adaptador.request,false,degradado,0.6275409996305825,9198.211530364,9198.212252447,9198.211479822,9198.212157905,CIRCUIT_OPEN,2026-09-05T00:01:41.409586Z
ee55262e-5208-48f1-8d4e-1b9814dc527b,run1_rep1,B,OPEN,OPEN,request,CACHE,HIT,0.05125000097905286,0.7237919999170117,INFO,adaptador.request,false,degradado,0.5961669994576368,9198.237913655,9198.238586197,9198.237862405,9198.238509822,CIRCUIT_OPEN,2026-09-05T00:01:41.435893Z
533b6ad2-da4d-46f2-8395-d1859045d324,run1_rep1,B,OPEN,OPEN,request,CACHE,HIT,0.03037499845959246,0.5228749996604165,INFO,adaptador.request,false,degradado,0.43745800030592363,9198.247303072,9198.247795572,9198.247272697,9198.24774053,CIRCUIT_OPEN,2026-09-05T00:01:41.445091Z
29bd7a94-f6e4-4db5-80e0-742755f6dfe0,run1_rep1,B,OPEN,OPEN,request,CACHE,HIT,0.040208000427810475,0.6641660002060235,INFO,adaptador.request,false,degradado,0.5549169982259627,9198.272117947,9198.272741905,9198.272077739,9198.272672864,CIRCUIT_OPEN,2026-09-05T00:01:41.470053Z
c2a4f157-30f3-47e8-8804-8c568c62bea5,run1_rep1,B,OPEN,OPEN,request,CACHE,HIT,0.04375000025902409,0.6939160011825152,INFO,adaptador.request,false,degradado,0.57208299949707,9198.312253364,9198.31290353,9198.312209614,9198.312825447,CIRCUIT_OPEN,2026-09-05T00:01:41.510209Z
79009334-8645-4d45-a88d-04ec155b31f2,run1_rep1,B,OPEN,OPEN,request,CACHE,HIT,0.04175000140094198,0.7791670013830299,INFO,adaptador.request,false,degradado,0.6682919993181713,9198.365450155,9198.366187572,9198.365408405,9198.366118447,CIRCUIT_OPEN,2026-09-05T00:01:41.563492Z
c3ebef31-ef96-46ed-a354-af02dd5b48db,run1_rep1,B,OPEN,OPEN,request,CACHE,HIT,0.031042000045999885,0.5983749997540144,INFO,adaptador.request,false,degradado,0.4934579992550425,9198.373541822,9198.374109155,9198.37351078,9198.37403528,CIRCUIT_OPEN,2026-09-05T00:01:41.571428Z
001f136a-c31f-4382-b7fb-59e875b4a52a,run1_rep1,B,OPEN,OPEN,request,CACHE,HIT,0.039041999116307124,0.6489589995908318,INFO,adaptador.request,false,degradado,0.5377080015023239,9198.388069947,9198.388679864,9198.388030905,9198.388607655,CIRCUIT_OPEN,2026-09-05T00:01:41.585975Z
f937e772-4688-4ace-b279-b92ea4b709da,run1_rep1,B,OPEN,OPEN,request,CACHE,HIT,0.0324160009768093,0.6947080000827555,INFO,adaptador.request,false,degradado,0.573874998735846,9198.41649678,9198.417159072,9198.416464364,9198.417070655,CIRCUIT_OPEN,2026-09-05T00:01:41.614478Z
7c3c3920-8e38-496d-8c72-428e6b2b8a24,run1_rep1,B,OPEN,OPEN,request,CACHE,HIT,0.04758300019602757,0.823833001049934,INFO,adaptador.request,false,degradado,0.6885000002512243,9198.47867578,9198.47945203,9198.478628197,9198.47936428,CIRCUIT_OPEN,2026-09-05T00:01:41.676770Z
6a52616a-237e-464c-8568-63df8f03e469,run1_rep1,B,OPEN,OPEN,request,CACHE,HIT,0.04470800013223197,0.8912909997889074,INFO,adaptador.request,false,degradado,0.7532079998782137,9198.514788572,9198.515635155,9198.514743864,9198.51554178,CIRCUIT_OPEN,2026-09-05T00:01:41.712965Z
7bf3da81-588d-4d7f-a4cf-8b90e59f1465,run1_rep1,B,OPEN,OPEN,request,CACHE,HIT,0.037292000342858955,1.2533330009318888,INFO,adaptador.request,false,degradado,1.1382909997337265,9198.578569989,9198.57978603,9198.578532697,9198.57970828,CIRCUIT_OPEN,2026-09-05T00:01:41.777127Z
4de08165-91bb-4c96-bb64-d826fa874983,run1_rep1,B,OPEN,OPEN,request,CACHE,HIT,0.028666998332482763,0.9231249987351475,INFO,adaptador.request,false,degradado,0.8313329999509733,9198.579613322,9198.58050778,9198.579584655,9198.580444655,CIRCUIT_OPEN,2026-09-05T00:01:41.778023Z
a6b6aee8-449a-486d-bf43-9fc3b0dbb7fb,run1_rep1,B,OPEN,OPEN,request,CACHE,HIT,0.030958999559516087,1.0237919996143319,INFO,adaptador.request,false,degradado,0.9170829998765839,9198.586733614,9198.587726447,9198.586702655,9198.587650697,CIRCUIT_OPEN,2026-09-05T00:01:41.785054Z
9733485d-745d-4dd4-a53b-8851ea9479e5,run1_rep1,B,OPEN,OPEN,request,CACHE,HIT,0.05424999835668132,0.8567919994675322,INFO,adaptador.request,false,degradado,0.7047090002743062,9198.66872228,9198.669524822,9198.66866803,9198.669426989,CIRCUIT_OPEN,2026-09-05T00:01:41.866860Z
aceb48cb-c46f-45d7-9e74-aed61d74a913,run1_rep1,B,OPEN,OPEN,request,CACHE,HIT,0.04983299913874362,0.841125000079046,INFO,adaptador.request,false,degradado,0.6888749994686805,9198.752568364,9198.753359656,9198.752518531,9198.753257239,CIRCUIT_OPEN,2026-09-05T00:01:41.950698Z
4a42f2ea-a305-469c-9f96-ea7a0bd0bc72,run1_rep1,B,OPEN,OPEN,request,CACHE,HIT,0.03591700078686699,0.5735419999837177,INFO,adaptador.request,false,degradado,0.4661660004785517,9198.764649531,9198.765187156,9198.764613614,9198.765115697,CIRCUIT_OPEN,2026-09-05T00:01:41.962506Z
84fea80f-53c3-4130-89ff-588ffd919073,run1_rep1,B,OPEN,OPEN,request,CACHE,HIT,0.028374999601510353,0.572749999264488,INFO,adaptador.request,false,degradado,0.46991700037324335,9198.770063947,9198.770608322,9198.770035572,9198.770533864,CIRCUIT_OPEN,2026-09-05T00:01:41.967937Z
eefc4ac2-bae2-4296-9047-eb7322eabcdd,run1_rep1,B,OPEN,OPEN,request,CACHE,HIT,0.018041999283013865,0.4364589985925704,INFO,adaptador.request,false,degradado,0.3522080005495809,9198.781979239,9198.782397656,9198.781961197,9198.782331447,CIRCUIT_OPEN,2026-09-05T00:01:41.979726Z
11f502e5-a66f-4e31-956c-54997f21ac6b,run1_rep1,B,OPEN,OPEN,request,CACHE,HIT,0.01491699913458433,0.37891700048930943,INFO,adaptador.request,false,degradado,0.30266600151662715,9198.798578031,9198.798942031,9198.798563114,9198.798880697,CIRCUIT_OPEN,2026-09-05T00:01:41.996282Z
b72219c7-95f8-4c82-9529-b1e764865daf,run1_rep1,B,OPEN,OPEN,request,CACHE,HIT,0.029875000109313987,0.5490000003192108,INFO,adaptador.request,false,degradado,0.4544590010482352,9198.836624447,9198.837143572,9198.836594572,9198.837078906,CIRCUIT_OPEN,2026-09-05T00:01:42.034459Z
5c49a0da-13a7-4366-95b1-4a749166d486,run1_rep1,B,OPEN,OPEN,request,CACHE,HIT,0.08287499986181501,0.9644999990996439,INFO,adaptador.request,false,degradado,0.7495840000046883,9198.908234197,9198.909115822,9198.908151322,9198.908983781,CIRCUIT_OPEN,2026-09-05T00:01:42.106462Z
8db4faaa-8fe4-44cf-84e4-972fc072b9cd,run1_rep1,B,OPEN,OPEN,request,CACHE,HIT,0.014000001101521775,0.7905410002422286,INFO,adaptador.request,false,degradado,0.6962499992368976,9198.969683531,9198.970460072,9198.969669531,9198.970379781,CIRCUIT_OPEN,2026-09-05T00:01:42.168004Z
5faac699-5225-42f1-9ea7-e84ee517c955,run1_rep1,B,OPEN,OPEN,request,CACHE,HIT,0.05308300023898482,1.456292000511894,INFO,adaptador.request,false,degradado,1.360166999802459,9198.969287697,9198.970690906,9198.969234614,9198.970647864,CIRCUIT_OPEN,2026-09-05T00:01:42.168321Z
0fe5f40f-9bdb-45e5-a685-3ff2924e145f,run1_rep1,B,OPEN,OPEN,request,CACHE,HIT,0.056332999520236626,0.8892910009308252,INFO,adaptador.request,false,degradado,0.733750001018052,9199.024119364,9199.024952322,9199.024063031,9199.024853114,CIRCUIT_OPEN,2026-09-05T00:01:42.222336Z
2d30f350-c0d7-4b5c-b332-31aa541e055e,run1_rep1,B,OPEN,OPEN,request,CACHE,HIT,0.03554199975042138,0.6350829989969498,INFO,adaptador.request,false,degradado,0.5300829998304835,9199.040638156,9199.041237697,9199.040602614,9199.041168239,CIRCUIT_OPEN,2026-09-05T00:01:42.238548Z
4865e43f-e830-4121-8d92-0ff5e8013f41,run1_rep1,B,OPEN,OPEN,request,CACHE,HIT,0.043999998524668626,0.8811669995338889,INFO,adaptador.request,false,degradado,0.703875000908738,9199.079398822,9199.080235989,9199.079354822,9199.080102697,CIRCUIT_OPEN,2026-09-05T00:01:42.277577Z
82286b09-091e-4d06-a35c-39447cf9dd0c,run1_rep1,B,OPEN,OPEN,request,CACHE,HIT,0.04237500070303213,0.6180420004966436,INFO,adaptador.request,false,degradado,0.5018749998271232,9199.093249322,9199.093824989,9199.093206947,9199.093751197,CIRCUIT_OPEN,2026-09-05T00:01:42.291135Z
3ff0b9a2-90ef-40b5-8015-9c2ce4c6174c,run1_rep1,B,OPEN,OPEN,request,CACHE,HIT,0.03937499968742486,0.6770420004613698,INFO,adaptador.request,false,degradado,0.5629589995805873,9199.121472072,9199.122109739,9199.121432697,9199.122035031,CIRCUIT_OPEN,2026-09-05T00:01:42.319422Z
4df22b25-d24f-4d2a-91b9-6c58c1b71fb9,run1_rep1,B,OPEN,OPEN,request,CACHE,HIT,0.04708300002675969,0.7597920011903625,INFO,adaptador.request,false,degradado,0.6119590016169241,9199.182516447,9199.183229156,9199.182469364,9199.183128406,CIRCUIT_OPEN,2026-09-05T00:01:42.380569Z
5e11e2fc-8c6c-4f72-af19-66dc005a8259,run1_rep1,B,OPEN,OPEN,request,CACHE,HIT,0.03375000051164534,0.5569170007220237,INFO,adaptador.request,false,degradado,0.4594170004565967,9199.194286614,9199.194809781,9199.194252864,9199.194746031,CIRCUIT_OPEN,2026-09-05T00:01:42.392119Z
8d46bac9-a888-483a-bcc7-402a867da1b5,run1_rep1,B,OPEN,OPEN,request,CACHE,HIT,0.04704099956143182,0.9479159998591058,INFO,adaptador.request,false,degradado,0.7044170015433338,9199.311624072,9199.312524947,9199.311577031,9199.312328489,CIRCUIT_OPEN,2026-09-05T00:01:42.509882Z
68b8906c-ad6a-416d-a28d-08a67263c8c9,run1_rep1,B,OPEN,OPEN,request,CACHE,HIT,0.029083999834256247,0.6149170003482141,INFO,adaptador.request,false,degradado,0.5143329999555135,9199.316903031,9199.317488864,9199.316873947,9199.317417364,CIRCUIT_OPEN,2026-09-05T00:01:42.514818Z
f612bdc6-9bc1-497c-ae7e-da5d5065e0ab,run1_rep1,B,OPEN,OPEN,request,CACHE,HIT,0.045791000957251526,1.0236250000161817,INFO,adaptador.request,false,degradado,0.8891249999578577,9199.344607572,9199.345585406,9199.344561781,9199.345496697,CIRCUIT_OPEN,2026-09-05T00:01:42.542918Z
dc78d922-cbbb-4e35-bde4-77a7ccf7b36f,run1_rep1,B,OPEN,OPEN,request,CACHE,HIT,0.02195799970650114,1.3863749991287477,INFO,adaptador.request,false,degradado,1.3171669997973368,9199.346185864,9199.347550281,9199.346163906,9199.347503031,CIRCUIT_OPEN,2026-09-05T00:01:42.545242Z
e0be4f07-26e9-4535-8b3a-75777bfa7e87,run1_rep1,B,OPEN,OPEN,request,CACHE,HIT,0.014749999536434188,1.3194170005590422,INFO,adaptador.request,false,degradado,1.275083001019084,9199.346618614,9199.347923281,9199.346603864,9199.347893697,CIRCUIT_OPEN,2026-09-05T00:01:42.545976Z
6cb2b3bd-3edd-45e6-b525-62e07f9069ad,run1_rep1,B,OPEN,OPEN,request,CACHE,HIT,0.013958999261376448,1.3499999986379407,INFO,adaptador.request,false,degradado,1.269000000320375,9199.347336031,9199.348672072,9199.347322072,9199.348605031,CIRCUIT_OPEN,2026-09-05T00:01:42.546320Z
6803c3a7-0c9f-4d39-9850-99bf2b200944,run1_rep1,B,OPEN,OPEN,request,CACHE,HIT,0.02408399996056687,0.5038750005041948,INFO,adaptador.request,false,degradado,0.4174579989921767,9199.391807406,9199.392287197,9199.391783322,9199.392224864,CIRCUIT_OPEN,2026-09-05T00:01:42.589594Z
fdad7769-5bf3-43bb-abc7-39ada907abbb,run1_rep1,B,OPEN,OPEN,request,CACHE,HIT,0.0752079995436361,0.9204159996443195,INFO,adaptador.request,false,degradado,0.7464579994120868,9199.461020781,9199.461865989,9199.460945573,9199.461767239,CIRCUIT_OPEN,2026-09-05T00:01:42.659199Z
4b3d8bd6-7b56-4c0b-aab1-ec0dce886092,run1_rep1,B,OPEN,OPEN,request,CACHE,HIT,0.0665419993310934,2.4264579988084733,INFO,adaptador.request,false,degradado,2.252083000712446,9199.495980823,9199.498340739,9199.495914281,9199.498232906,CIRCUIT_OPEN,2026-09-05T00:01:42.695657Z
981e6917-8659-49ab-9078-e49da29e5ddc,run1_rep1,B,OPEN,OPEN,request,CACHE,HIT,0.0317920002999017,1.1301249996904517,INFO,adaptador.request,false,degradado,1.0258330003125593,9199.507877656,9199.508975989,9199.507845864,9199.508903489,CIRCUIT_OPEN,2026-09-05T00:01:42.706316Z
038d6fc4-10cb-4ac5-93a0-fb6d928d26d5,run1_rep1,B,OPEN,OPEN,request,CACHE,HIT,0.022291000277618878,0.43725000068661757,INFO,adaptador.request,false,degradado,0.36970899964217097,9199.531347864,9199.531762823,9199.531325573,9199.531717573,CIRCUIT_OPEN,2026-09-05T00:01:42.729041Z
a04d1619-34e9-4b10-8d5c-702c7119b889,run1_rep1,B,OPEN,OPEN,request,CACHE,HIT,0.051666998842847534,0.8890829994925298,INFO,adaptador.request,false,degradado,0.702500001352746,9199.591274698,9199.592112114,9199.591223031,9199.591977198,CIRCUIT_OPEN,2026-09-05T00:01:42.789436Z
a1a0207f-2f5a-4bab-8ad4-463d64c254fd,run1_rep1,B,OPEN,OPEN,request,CACHE,HIT,0.07533300049544778,0.9595419996912824,INFO,adaptador.request,false,degradado,0.7939999995869584,9199.627062489,9199.627946698,9199.626987156,9199.627856489,CIRCUIT_OPEN,2026-09-05T00:01:42.825264Z
44ade3d2-38c8-4c59-9de1-82b9171140d1,run1_rep1,B,OPEN,OPEN,request,CACHE,HIT,0.054041000112192705,0.9709160003694706,INFO,adaptador.request,false,degradado,0.8032089990592794,9199.663917489,9199.664834364,9199.663863448,9199.664720698,CIRCUIT_OPEN,2026-09-05T00:01:42.862157Z
da67fd39-4e76-416f-9042-28d54bc73403,run1_rep1,B,OPEN,OPEN,request,CACHE,HIT,0.05458300074678846,1.126832999943872,INFO,adaptador.request,false,degradado,0.9828749989537755,9199.726103114,9199.727175364,9199.726048531,9199.727085989,CIRCUIT_OPEN,2026-09-05T00:01:42.924504Z
c17ec78e-a413-49d2-8544-0fe9cdfbe2b4,run1_rep1,B,OPEN,OPEN,request,CACHE,HIT,0.022250000256462954,0.8758749991102377,INFO,adaptador.request,false,degradado,0.8073329991020728,9199.726995323,9199.727848948,9199.726973073,9199.727802656,CIRCUIT_OPEN,2026-09-05T00:01:42.925339Z
43b54b40-0500-4120-9936-48bb12030a61,run1_rep1,B,OPEN,OPEN,request,CACHE,HIT,0.05687500015483238,1.2804159996449016,INFO,adaptador.request,false,degradado,1.1390409999876283,9199.793657323,9199.794880864,9199.793600448,9199.794796364,CIRCUIT_OPEN,2026-09-05T00:01:42.992428Z
b62a128f-1b1a-49b5-85f2-69758b85db58,run1_rep1,B,OPEN,OPEN,request,CACHE,HIT,0.01891699866973795,0.9574589985277271,INFO,adaptador.request,false,degradado,0.8951250001700828,9199.794183281,9199.795121823,9199.794164364,9199.795078406,CIRCUIT_OPEN,2026-09-05T00:01:42.992705Z
2551856f-427f-40da-a1e2-f24210150e02,run1_rep1,B,OPEN,OPEN,request,CACHE,HIT,0.054749998525949195,1.0769170003186446,INFO,adaptador.request,false,degradado,0.9361670017824508,9199.852313114,9199.853335281,9199.852258364,9199.853249281,CIRCUIT_OPEN,2026-09-05T00:01:43.050658Z
67ce7731-387a-4f0e-99a9-89a25bd7df56,run1_rep1,B,OPEN,OPEN,request,CACHE,HIT,0.019791999875451438,0.7533340012741974,INFO,adaptador.request,false,degradado,0.6958750000194414,9199.853156156,9199.853889698,9199.853136364,9199.853852031,CIRCUIT_OPEN,2026-09-05T00:01:43.051371Z
29471e20-ffaa-44c5-9230-7f3ddb109943,run1_rep1,B,OPEN,OPEN,request,CACHE,HIT,0.024290999135700986,0.37166599940974265,INFO,adaptador.request,false,degradado,0.2935840002464829,9199.912629489,9199.912976864,9199.912605198,9199.912923073,CIRCUIT_OPEN,2026-09-05T00:01:43.110276Z
cb6e35c9-4f8a-4a54-84d3-5c7ffba12299,run1_rep1,B,OPEN,OPEN,request,CACHE,HIT,0.023374999727820978,0.4694170002039755,INFO,adaptador.request,false,degradado,0.3823340011877008,9199.954352239,9199.954798281,9199.954328864,9199.954734573,CIRCUIT_OPEN,2026-09-05T00:01:43.152092Z
6a76216a-6621-48d5-9573-fb6add0f1156,run1_rep1,B,OPEN,OPEN,request,CACHE,HIT,0.01870900086942129,0.3835420011455426,INFO,adaptador.request,false,degradado,0.31962499997462146,9199.962446698,9199.962811531,9199.962427989,9199.962766323,CIRCUIT_OPEN,2026-09-05T00:01:43.160104Z
294b4ac7-de85-4851-a88f-606013bb1732,run1_rep1,B,OPEN,OPEN,request,CACHE,HIT,0.02416700044705067,0.42020799992315006,INFO,adaptador.request,false,degradado,0.34520799999882,9199.978080073,9199.978476114,9199.978055906,9199.978425281,CIRCUIT_OPEN,2026-09-05T00:01:43.175764Z
fbc19648-7b5b-4e07-a559-235ea07c8cbc,run1_rep1,B,OPEN,OPEN,request,CACHE,HIT,0.01449999945180025,0.3153749985358445,INFO,adaptador.request,false,degradado,0.2619579991005594,9199.986226531,9199.986527406,9199.986212031,9199.986488489,CIRCUIT_OPEN,2026-09-05T00:01:43.183808Z
727cefb9-d394-46f9-9fd6-d05ec51bbcf1,run1_rep1,B,OPEN,OPEN,request,CACHE,HIT,0.012457998309400864,0.33104199974332005,INFO,adaptador.request,false,degradado,0.2707090006879298,9199.989910489,9199.990229073,9199.989898031,9199.990181198,CIRCUIT_OPEN,2026-09-05T00:01:43.187529Z
af173dea-b856-42c2-8c80-940c125769d3,run1_rep1,B,OPEN,OPEN,request,CACHE,HIT,0.05608300125459209,0.9544170006847708,INFO,adaptador.request,false,degradado,0.78433399903588,9200.095650364,9200.096548698,9200.095594281,9200.096434698,CIRCUIT_OPEN,2026-09-05T00:01:43.293887Z
e3bd9650-e91b-45bb-8aeb-911016c80c47,run1_rep1,B,OPEN,OPEN,request,CACHE,HIT,0.05491600131790619,1.003250001303968,INFO,adaptador.request,false,degradado,0.8677919995534467,9200.140570531,9200.141518865,9200.140515615,9200.141438323,CIRCUIT_OPEN,2026-09-05T00:01:43.338839Z
9f68b860-46ef-4338-bf67-a8bc03dedd85,run1_rep1,B,OPEN,OPEN,request,CACHE,HIT,0.04783300028066151,0.79600000026403,INFO,adaptador.request,false,degradado,0.6665420005447231,9200.169762448,9200.170510615,9200.169714615,9200.17042899,CIRCUIT_OPEN,2026-09-05T00:01:43.367819Z
adb03156-90c9-4e68-a8f1-e1992dc1d731,run1_rep1,B,OPEN,OPEN,request,CACHE,HIT,0.054457999794976786,0.9698750000097789,INFO,adaptador.request,false,degradado,0.8039170006668428,9200.261790281,9200.262705698,9200.261735823,9200.262594198,CIRCUIT_OPEN,2026-09-05T00:01:43.460048Z
dab0b79e-d9bd-4268-801f-5afa746cb34f,run1_rep1,B,OPEN,OPEN,request,CACHE,HIT,0.05874999988009222,0.9569999983796151,INFO,adaptador.request,false,degradado,0.7938749986351468,9200.302669115,9200.303567365,9200.302610365,9200.30346299,CIRCUIT_OPEN,2026-09-05T00:01:43.500894Z
decf9de6-c0f8-44d7-a50f-e0815358847c,run1_rep1,B,OPEN,OPEN,request,CACHE,HIT,0.039791000745026395,1.0542500003793975,INFO,adaptador.request,false,degradado,0.9412499985046452,9200.323487281,9200.32450174,9200.32344749,9200.324428531,CIRCUIT_OPEN,2026-09-05T00:01:43.522042Z
ed6cd796-9de4-464b-8401-83cef0b56499,run1_rep1,B,OPEN,OPEN,request,CACHE,HIT,0.018708000425249338,0.7817500008968636,INFO,adaptador.request,false,degradado,0.7123340001271572,9200.323968781,9200.324731823,9200.323950073,9200.324681115,CIRCUIT_OPEN,2026-09-05T00:01:43.522390Z
8ea66dea-c0fe-4283-9348-b48613f38696,run1_rep1,B,OPEN,OPEN,request,CACHE,HIT,0.04204200013191439,0.7231670006149216,INFO,adaptador.request,false,degradado,0.5892499993933598,9200.367698115,9200.36837924,9200.367656073,9200.368287365,CIRCUIT_OPEN,2026-09-05T00:01:43.565712Z
9beaffcc-2d6c-4336-bf69-e1cde2187f62,run1_rep1,B,OPEN,OPEN,request,CACHE,HIT,0.026833999072550796,0.42504199882387184,INFO,adaptador.request,false,degradado,0.34450000021024607,9200.37223924,9200.372637448,9200.372212406,9200.37258374,CIRCUIT_OPEN,2026-09-05T00:01:43.569930Z
576d4fda-779c-406c-97db-2264dfb9d606,run1_rep1,B,OPEN,OPEN,request,CACHE,HIT,0.017500000467407517,0.4019170009996742,INFO,adaptador.request,false,degradado,0.33283300035691354,9200.376761448,9200.377145865,9200.376743948,9200.377094281,CIRCUIT_OPEN,2026-09-05T00:01:43.574448Z
f2d6fd08-1785-4c1c-9878-77bdb8eba95d,run1_rep1,B,OPEN,OPEN,request,CACHE,HIT,0.01687500116531737,0.3856670009554364,INFO,adaptador.request,false,degradado,0.31679199855716433,9200.380651531,9200.381020323,9200.380634656,9200.380968323,CIRCUIT_OPEN,2026-09-05T00:01:43.578315Z
1be6a549-8ab0-4a39-b99d-c448ca6ed277,run1_rep1,B,OPEN,OPEN,request,CACHE,HIT,0.04058400008943863,0.7057500006339978,INFO,adaptador.request,false,degradado,0.5805410000903066,9200.41375224,9200.414417406,9200.413711656,9200.414332781,CIRCUIT_OPEN,2026-09-05T00:01:43.611734Z
473eb186-e0cc-407f-bfed-8de01d36ec17,run1_rep1,B,OPEN,OPEN,request,CACHE,HIT,0.044874999730382115,0.47491700024693273,INFO,adaptador.request,false,degradado,0.38491699888254516,9200.462028906,9200.462458948,9200.461984031,9200.462413823,CIRCUIT_OPEN,2026-09-05T00:01:43.659756Z
d32af704-09a1-43a8-bbd9-93943bd5ca0e,run1_rep1,B,OPEN,OPEN,request,CACHE,HIT,0.05262500053504482,1.3538750008592615,INFO,adaptador.request,false,degradado,1.1777079998864792,9200.52814599,9200.52944724,9200.528093365,9200.529323698,CIRCUIT_OPEN,2026-09-05T00:01:43.727136Z
f026d141-8dc8-4aeb-ba78-8864fb849303,run1_rep1,B,OPEN,OPEN,request,CACHE,HIT,0.02062499879684765,1.1910409994015936,INFO,adaptador.request,false,degradado,1.1159580008097691,9200.528646865,9200.529817281,9200.52862624,9200.529762823,CIRCUIT_OPEN,2026-09-05T00:01:43.727478Z
4f712fa3-0b01-41f4-bdcf-6fed9433d08d,run1_rep1,B,OPEN,OPEN,request,CACHE,HIT,0.05162500019650906,0.8783749999565771,INFO,adaptador.request,false,degradado,0.7422090002364712,9200.588639031,9200.589465781,9200.588587406,9200.58938124,CIRCUIT_OPEN,2026-09-05T00:01:43.786785Z
b18942db-14e5-4e8c-ae44-f3a349344007,run1_rep1,B,OPEN,OPEN,request,CACHE,HIT,0.05050000072515104,0.900208000530256,INFO,adaptador.request,false,degradado,0.7565420000901213,9200.627762198,9200.628611906,9200.627711698,9200.62851874,CIRCUIT_OPEN,2026-09-05T00:01:43.825939Z
f7332669-a9f1-4344-a02c-7b0e1fcc2396,run1_rep1,B,OPEN,OPEN,request,CACHE,HIT,0.05283399877953343,0.7329999989451608,INFO,adaptador.request,false,degradado,0.5981659996905364,9200.669025615,9200.669705781,9200.668972781,9200.669623781,CIRCUIT_OPEN,2026-09-05T00:01:43.867063Z
d3f14eb9-75f4-4334-8ef2-8d6dd99f7108,run1_rep1,B,OPEN,OPEN,request,CACHE,HIT,0.05650000093737617,1.3299580004968448,INFO,adaptador.request,false,degradado,1.1617079999268753,9200.701767823,9200.703041281,9200.701711323,9200.702929531,CIRCUIT_OPEN,2026-09-05T00:01:43.900639Z
f22bfd72-c223-47a8-bed2-73c02b2f6cf5,run1_rep1,B,OPEN,OPEN,request,CACHE,HIT,0.019084000086877495,0.9735420007928042,INFO,adaptador.request,false,degradado,0.9131250008067582,9200.70237274,9200.703327198,9200.702353656,9200.703285865,CIRCUIT_OPEN,2026-09-05T00:01:43.900963Z
6078604c-543f-438f-8723-0686b0759e9f,run1_rep1,B,OPEN,OPEN,request,CACHE,HIT,0.058707999414764345,0.879082999745151,INFO,adaptador.request,false,degradado,0.727708000340499,9200.789781198,9200.790601573,9200.78972249,9200.790508906,CIRCUIT_OPEN,2026-09-05T00:01:43.987926Z
65c4ee72-4d95-4a22-ab80-299ffb484c80,run1_rep1,B,OPEN,OPEN,request,CACHE,HIT,0.042624998968676664,1.0622499994497048,INFO,adaptador.request,false,degradado,0.9299169996666024,9200.81045474,9200.811474365,9200.810412115,9200.811384657,CIRCUIT_OPEN,2026-09-05T00:01:44.009092Z
80d144ae-91b4-40b8-bbf2-dcbc0e8b1781,run1_rep1,B,OPEN,OPEN,request,CACHE,HIT,0.012499998774728738,0.8828749996609986,INFO,adaptador.request,false,degradado,0.8144160001393175,9200.810898032,9200.811768407,9200.810885532,9200.811712448,CIRCUIT_OPEN,2026-09-05T00:01:44.009445Z
c567c13e-78b1-4048-9f6d-3a37af03aa99,run1_rep1,B,OPEN,OPEN,request,CACHE,HIT,0.04708400047093164,1.0808340011863038,INFO,adaptador.request,false,degradado,0.9525829991616774,9200.841580532,9200.842614282,9200.841533448,9200.842533115,CIRCUIT_OPEN,2026-09-05T00:01:44.039946Z
db6be4f1-9865-4aef-b0b8-3cbb7115f55a,run1_rep1,B,OPEN,OPEN,request,CACHE,HIT,0.03375000051164534,0.6669159993180074,INFO,adaptador.request,false,degradado,0.5330409985617734,9200.847949532,9200.848582698,9200.847915782,9200.848482573,CIRCUIT_OPEN,2026-09-05T00:01:44.045903Z
5d9d489b-9d57-4663-828c-8279c4ad5c4e,run1_rep1,B,OPEN,OPEN,request,CACHE,HIT,0.034624999898369424,0.6479170006059576,INFO,adaptador.request,false,degradado,0.5436250012280652,9200.859922073,9200.860535365,9200.859887448,9200.860465698,CIRCUIT_OPEN,2026-09-05T00:01:44.057825Z
b18f7b2a-afaa-444d-97d5-30da92c4a32e,run1_rep1,B,OPEN,OPEN,request,CACHE,HIT,0.023082999177859165,0.4265410007064929,INFO,adaptador.request,false,degradado,0.35066700002062134,9200.865492115,9200.865895573,9200.865469032,9200.865842782,CIRCUIT_OPEN,2026-09-05T00:01:44.063198Z
a58af912-9675-4c4d-b9a4-7781ba19387f,run1_rep1,B,OPEN,OPEN,request,CACHE,HIT,0.05012499968870543,0.862458000483457,INFO,adaptador.request,false,degradado,0.7149579996621469,9200.998785282,9200.999597615,9200.998735157,9200.99950024,CIRCUIT_OPEN,2026-09-05T00:01:44.196933Z
a3d655ff-720f-4920-b362-37c1159acd27,run1_rep1,B,OPEN,OPEN,request,CACHE,HIT,0.03537500015227124,0.64412500069011,INFO,adaptador.request,false,degradado,0.5352090011001565,9201.004738323,9201.005347073,9201.004702948,9201.005273532,CIRCUIT_OPEN,2026-09-05T00:01:44.202664Z
0cfabd50-fae3-41d6-91e8-df928979d2d2,run1_rep1,B,OPEN,OPEN,request,CACHE,HIT,0.03433299934840761,0.6266670006880304,INFO,adaptador.request,false,degradado,0.5156250008440111,9201.012106698,9201.012699032,9201.012072365,9201.012622323,CIRCUIT_OPEN,2026-09-05T00:01:44.210052Z
dfcfb871-5210-4353-8116-a0638c4f8fd8,run1_rep1,B,OPEN,OPEN,request,CACHE,HIT,0.04608300150721334,1.0107910002261633,INFO,adaptador.request,false,degradado,0.8882499987521442,9201.06570699,9201.066671698,9201.065660907,9201.06659524,CIRCUIT_OPEN,2026-09-05T00:01:44.264000Z
64224de0-1345-4908-9478-0335bed24a58,run1_rep1,B,OPEN,OPEN,request,CACHE,HIT,0.05479199899127707,0.8282079998025438,INFO,adaptador.request,false,degradado,0.6773330005671596,9201.099216657,9201.099990073,9201.099161865,9201.09989399,CIRCUIT_OPEN,2026-09-05T00:01:44.297340Z
5b47c9c8-5218-44f3-8adf-7bcb72d476f2,run1_rep1,B,OPEN,OPEN,request,CACHE,HIT,0.03679200017359108,0.5445830011012731,INFO,adaptador.request,false,degradado,0.4491660001804121,9201.113132657,9201.113640448,9201.113095865,9201.113581823,CIRCUIT_OPEN,2026-09-05T00:01:44.310945Z
38e0b96a-44c0-4591-8a9f-608b7490ae15,run1_rep1,B,OPEN,OPEN,request,CACHE,HIT,0.04416699994180817,0.506499998664367,INFO,adaptador.request,false,degradado,0.38870799835422076,9201.11703624,9201.117498573,9201.116992073,9201.117424948,CIRCUIT_OPEN,2026-09-05T00:01:44.314826Z
924bcb2c-30a3-4eb3-a106-53976f4d282a,run1_rep1,B,OPEN,OPEN,request,CACHE,HIT,0.050958000429091044,1.6233330006798496,INFO,adaptador.request,false,degradado,1.443999999537482,9201.18077474,9201.182347115,9201.180723782,9201.18221874,CIRCUIT_OPEN,2026-09-05T00:01:44.380125Z
5045ba42-c910-422c-8048-43abec7d6373,run1_rep1,B,OPEN,OPEN,request,CACHE,HIT,0.03083299998252187,1.4002080006321194,INFO,adaptador.request,false,degradado,1.3015000004088506,9201.181416698,9201.182786073,9201.181385865,9201.182718198,CIRCUIT_OPEN,2026-09-05T00:01:44.380451Z
ea5af3fb-edfc-4a57-8fee-b3398b221d8a,run1_rep1,B,OPEN,OPEN,request,CACHE,HIT,0.03137500061711762,0.6205839999893215,INFO,adaptador.request,false,degradado,0.5146249986864859,9201.190732573,9201.191321782,9201.190701198,9201.191247198,CIRCUIT_OPEN,2026-09-05T00:01:44.388652Z
3961bbd3-fbf1-4e87-bbdf-ef1a7c1d156c,run1_rep1,B,OPEN,OPEN,request,CACHE,HIT,0.018791999536915682,0.42587499956425745,INFO,adaptador.request,false,degradado,0.34141600008297246,9201.244376032,9201.244783115,9201.24435724,9201.244717448,CIRCUIT_OPEN,2026-09-05T00:01:44.442108Z
cc1456f3-6a1e-4cc6-a277-b2e2e860e370,run1_rep1,B,OPEN,OPEN,request,CACHE,HIT,0.05504199907591101,0.8574999992561061,INFO,adaptador.request,false,degradado,0.6829579997429391,9201.319375157,9201.320177615,9201.319320115,9201.320058115,CIRCUIT_OPEN,2026-09-05T00:01:44.517512Z
42c1c559-d39a-4108-86b4-872d3d744cac,run1_rep1,B,OPEN,OPEN,request,CACHE,HIT,0.05849999979545828,0.8498750012222445,INFO,adaptador.request,false,degradado,0.6866250005259644,9201.327255948,9201.328047323,9201.327197448,9201.327942573,CIRCUIT_OPEN,2026-09-05T00:01:44.525373Z
a4e1c05e-41b8-4f26-a6a0-0558464efe95,run1_rep1,B,OPEN,OPEN,request,CACHE,HIT,0.04887500108452514,0.7444160000886768,INFO,adaptador.request,false,degradado,0.5862910002178978,9201.343354782,9201.344050323,9201.343305907,9201.343941073,CIRCUIT_OPEN,2026-09-05T00:01:44.541361Z
9ca62e94-779f-41d6-acc0-3c1eadfcab66,run1_rep1,B,OPEN,OPEN,request,CACHE,HIT,0.04891599928669166,0.7644580000487622,INFO,adaptador.request,false,degradado,0.6369170005200431,9201.403235823,9201.403951365,9201.403186907,9201.40387274,CIRCUIT_OPEN,2026-09-05T00:01:44.601298Z
a4deb5f6-efeb-4f57-8599-49a106870e0e,run1_rep1,B,OPEN,OPEN,request,CACHE,HIT,0.061875000028521754,1.0072080003737938,INFO,adaptador.request,false,degradado,0.8466660001431592,9201.484322907,9201.48526824,9201.484261032,9201.485169573,CIRCUIT_OPEN,2026-09-05T00:01:44.682586Z
8c3ade1f-2c7b-4d7a-ac6f-9064862cd4d3,run1_rep1,B,OPEN,OPEN,request,CACHE,HIT,0.05504199907591101,1.050208000378916,INFO,adaptador.request,false,degradado,0.8955829998740228,9201.500489449,9201.501484615,9201.500434407,9201.501385032,CIRCUIT_OPEN,2026-09-05T00:01:44.698823Z
f7652b97-866f-4961-a0a2-7f4e3db95905,run1_rep1,B,OPEN,OPEN,request,CACHE,HIT,0.05041700023866724,0.8937500006140908,INFO,adaptador.request,false,degradado,0.7404170009976951,9201.534938907,9201.53578224,9201.53488849,9201.535679324,CIRCUIT_OPEN,2026-09-05T00:01:44.733113Z
ec71ec6e-bf95-4007-a1cb-d7e00204f369,run1_rep1,B,OPEN,OPEN,request,CACHE,HIT,0.05904099998588208,0.7070410010783235,INFO,adaptador.request,false,degradado,0.5461250002554152,9201.58305774,9201.58370574,9201.582998699,9201.583603865,CIRCUIT_OPEN,2026-09-05T00:01:44.781040Z
591ec0cd-2ef6-4ac5-88fc-cf849580d808,run1_rep1,B,OPEN,OPEN,request,CACHE,HIT,0.01887500002339948,0.41237500045099296,INFO,adaptador.request,false,degradado,0.3434999998717103,9201.59783424,9201.59822774,9201.597815365,9201.59817774,CIRCUIT_OPEN,2026-09-05T00:01:44.795529Z
53e38b24-a205-4571-82ec-37770901f3fd,run1_rep1,B,OPEN,OPEN,request,CACHE,HIT,0.021208999896771275,0.4052090007462539,INFO,adaptador.request,false,degradado,0.33970799995586276,9201.616927574,9201.617311574,9201.616906365,9201.617267282,CIRCUIT_OPEN,2026-09-05T00:01:44.814595Z
9d65c4a2-f8e6-4ec5-abc3-7884c192afbe,run1_rep1,B,OPEN,OPEN,request,CACHE,HIT,0.055374999647028744,0.7496669986721827,INFO,adaptador.request,false,degradado,0.5910420004511252,9201.706703365,9201.707397657,9201.70664799,9201.707294407,CIRCUIT_OPEN,2026-09-05T00:01:44.904750Z
0967a4f4-8524-4cd4-a733-bd4e36084814,run1_rep1,B,OPEN,OPEN,request,CACHE,HIT,0.034083001082763076,0.7224580003821757,INFO,adaptador.request,false,degradado,0.6057499995222315,9201.771564365,9201.77225274,9201.771530282,9201.772170115,CIRCUIT_OPEN,2026-09-05T00:01:44.969564Z
267f496c-fb76-4012-a3da-359ee8c5a808,run1_rep1,B,OPEN,OPEN,request,CACHE,HIT,0.03254100010963157,0.576750000618631,INFO,adaptador.request,false,degradado,0.4844590002903715,9201.78676849,9201.787312699,9201.786735949,9201.787252949,CIRCUIT_OPEN,2026-09-05T00:01:44.984615Z
0bcced5b-0749-40b2-ad32-69eca8e42f74,run1_rep1,B,OPEN,OPEN,request,CACHE,HIT,0.04245899981469847,0.7552499992016237,INFO,adaptador.request,false,degradado,0.6237910001800628,9201.826235324,9201.826948115,9201.826192865,9201.826859115,CIRCUIT_OPEN,2026-09-05T00:01:45.024300Z
8dc8d3fd-877a-4468-9e9b-f7035def179b,run1_rep1,B,OPEN,OPEN,request,CACHE,HIT,0.019834000340779312,0.6145839997770963,INFO,adaptador.request,false,degradado,0.5309999996825354,9201.828034824,9201.828629574,9201.82801499,9201.828565824,CIRCUIT_OPEN,2026-09-05T00:01:45.026560Z
a59f0eab-4eaf-441d-b835-63ac83fc3a05,run1_rep1,B,OPEN,OPEN,request,CACHE,HIT,0.02354199932597112,1.6024590004235506,INFO,adaptador.request,false,degradado,1.5147499998420244,9201.827378282,9201.828957199,9201.82735474,9201.828893032,CIRCUIT_OPEN,2026-09-05T00:01:45.027269Z
2a947fac-5675-4720-9204-5e512fa3f22a,run1_rep1,B,OPEN,OPEN,request,CACHE,HIT,0.02554099955887068,1.033457998346421,INFO,adaptador.request,false,degradado,0.9225840003637131,9201.832746865,9201.833754782,9201.832721324,9201.833669449,CIRCUIT_OPEN,2026-09-05T00:01:45.031086Z
233c0448-8827-4f30-8207-06b82694f5e5,run1_rep1,B,OPEN,OPEN,request,CACHE,HIT,0.021292000383255072,0.4272089990990935,INFO,adaptador.request,false,degradado,0.3484999997453997,9201.838755282,9201.839161199,9201.83873399,9201.839103782,CIRCUIT_OPEN,2026-09-05T00:01:45.036462Z
42f3e98a-8718-438b-946c-f0172fc5dcd6,run1_rep1,B,OPEN,OPEN,request,CACHE,HIT,0.03033400025742594,1.0912920006376226,INFO,adaptador.request,false,degradado,0.997916000414989,9201.932596949,9201.933657907,9201.932566615,9201.933594865,CIRCUIT_OPEN,2026-09-05T00:01:45.130978Z
0ec03a89-5f93-4f99-824c-66a5a5597ad8,run1_rep1,B,OPEN,OPEN,request,CACHE,HIT,0.014667000868939795,1.0704169999371516,INFO,adaptador.request,false,degradado,0.9950000003300374,9201.933195157,9201.934250907,9201.93318049,9201.934190157,CIRCUIT_OPEN,2026-09-05T00:01:45.131743Z
aeb9a132-3b59-49fb-84aa-05275f3d7f38,run1_rep1,B,OPEN,OPEN,request,CACHE,HIT,0.01991600038309116,0.39083299998310395,INFO,adaptador.request,false,degradado,0.3190419993188698,9202.00790124,9202.008272157,9202.007881324,9202.008220282,CIRCUIT_OPEN,2026-09-05T00:01:45.205564Z
2640f522-8507-4125-af31-2e32f8ea72b3,run1_rep1,B,OPEN,OPEN,request,CACHE,HIT,0.027750000299420208,0.5157499999768334,INFO,adaptador.request,false,degradado,0.41774999954213854,9202.133231574,9202.133719574,9202.133203824,9202.133649324,CIRCUIT_OPEN,2026-09-05T00:01:45.331039Z
bcbc1d09-0c6c-48ff-8f55-5f8bf4438b33,run1_rep1,B,OPEN,OPEN,request,CACHE,HIT,0.025332999939564615,0.41158299973176327,INFO,adaptador.request,false,degradado,0.3358329995535314,9202.164093157,9202.164479407,9202.164067824,9202.16442899,CIRCUIT_OPEN,2026-09-05T00:01:45.361780Z
6a39b191-c625-407b-984e-6c00bf1129d8,run1_rep1,B,OPEN,OPEN,request,CACHE,HIT,0.05987499935145024,0.8952079988375772,INFO,adaptador.request,false,degradado,0.7236670007841894,9202.207933074,9202.208768407,9202.207873199,9202.208656741,CIRCUIT_OPEN,2026-09-05T00:01:45.406103Z
74865862-6323-4605-9956-d868da4e0edc,run1_rep1,B,OPEN,OPEN,request,CACHE,HIT,0.026749999960884452,0.7040420005068881,INFO,adaptador.request,false,degradado,0.6105829997977708,9202.211211324,9202.211888616,9202.211184574,9202.211821907,CIRCUIT_OPEN,2026-09-05T00:01:45.409252Z
0c34d042-c0f1-4dee-b5b8-4f8c376887d5,run1_rep1,B,OPEN,OPEN,request,CACHE,HIT,0.022416999854613096,0.5187080005271127,INFO,adaptador.request,false,degradado,0.44020799941790756,9202.214605366,9202.215101657,9202.214582949,9202.215045574,CIRCUIT_OPEN,2026-09-05T00:01:45.412418Z
a8d57109-aa5f-4921-aba5-29606850097c,run1_rep1,B,OPEN,OPEN,request,CACHE,HIT,0.02845800008799415,0.60374999884516,INFO,adaptador.request,false,degradado,0.5099579993839143,9202.234688574,9202.235263866,9202.234660116,9202.235198532,CIRCUIT_OPEN,2026-09-05T00:01:45.432586Z
4b0a7190-dc67-4a40-b93c-13d4b70575fb,run1_rep1,B,OPEN,OPEN,request,CACHE,HIT,0.02312499964318704,0.4868750002060551,INFO,adaptador.request,false,degradado,0.4027499999210704,9202.254369782,9202.254833532,9202.254346657,9202.254772532,CIRCUIT_OPEN,2026-09-05T00:01:45.452172Z
4e7a7944-5552-4b34-b858-a8416fcc516e,run1_rep1,B,OPEN,OPEN,request,CACHE,HIT,0.023374999727820978,0.451915999292396,INFO,adaptador.request,false,degradado,0.3796660002990393,9202.269448866,9202.269877407,9202.269425491,9202.269828532,CIRCUIT_OPEN,2026-09-05T00:01:45.467176Z
ada2d602-6a36-4fdb-9cfc-cc4f143f8883,run1_rep1,B,OPEN,OPEN,request,CACHE,HIT,0.01995899947360158,0.413708999985829,INFO,adaptador.request,false,degradado,0.33395799982827157,9202.282138491,9202.282532241,9202.282118532,9202.282472449,CIRCUIT_OPEN,2026-09-05T00:01:45.479846Z
fe064d77-a3b2-404f-82ea-1316dae91284,run1_rep1,B,OPEN,OPEN,request,CACHE,HIT,0.04016700040665455,1.1296249995211838,INFO,adaptador.request,false,degradado,1.0129579986823956,9202.332755449,9202.333844907,9202.332715282,9202.333768407,CIRCUIT_OPEN,2026-09-05T00:01:45.531418Z
324446fe-8034-41e3-aff8-34c33af7a0a8,run1_rep1,B,OPEN,OPEN,request,CACHE,HIT,0.02608399881864898,0.8338749994436512,INFO,adaptador.request,false,degradado,0.7535410004493315,9202.333284616,9202.334092407,9202.333258532,9202.334038157,CIRCUIT_OPEN,2026-09-05T00:01:45.531741Z
921ca7eb-ae79-4d27-a678-39900338140e,run1_rep1,B,OPEN,OPEN,request,CACHE,HIT,0.053625000873580575,1.0329169999749865,INFO,adaptador.request,false,degradado,0.8627499992144294,9202.430965699,9202.431944991,9202.430912074,9202.431828449,CIRCUIT_OPEN,2026-09-05T00:01:45.629327Z
bb5eec52-f876-4551-81e1-8e7694d88b1e,run1_rep1,B,OPEN,OPEN,request,CACHE,HIT,0.01862499993876554,1.6753340005379869,INFO,adaptador.request,false,degradado,1.5417499998875428,9202.511223282,9202.512879991,9202.511204657,9202.512765032,CIRCUIT_OPEN,2026-09-05T00:01:45.711294Z
42a3fa9d-e606-4bbf-85b5-690063be09b8,run1_rep1,B,OPEN,OPEN,request,CACHE,HIT,0.0502499988215277,2.878999999666121,INFO,adaptador.request,false,degradado,2.7721250007743947,9202.510610324,9202.513439074,9202.510560074,9202.513382449,CIRCUIT_OPEN,2026-09-05T00:01:45.711674Z
0fe5f12c-5b6c-4ee5-9683-eaa7ea8cf3e0,run1_rep1,B,OPEN,OPEN,request,CACHE,HIT,0.013916998796048574,2.0527499982563313,INFO,adaptador.request,false,degradado,2.0003330009785714,9202.511663824,9202.513702657,9202.511649907,9202.513664157,CIRCUIT_OPEN,2026-09-05T00:01:45.711905Z
a195a347-72fd-4586-a68e-584676a5e2ca,run1_rep1,B,OPEN,OPEN,request,CACHE,HIT,0.020458999642869458,3.043541999431909,INFO,adaptador.request,false,degradado,2.965790999951423,9202.510924241,9202.513947324,9202.510903782,9202.513890032,CIRCUIT_OPEN,2026-09-05T00:01:45.712195Z
69ccb0ce-2d31-4aaf-a9d3-cf38ed1e0aaa,run1_rep1,B,OPEN,OPEN,request,CACHE,HIT,0.03124999966530595,0.5324169997038553,INFO,adaptador.request,false,degradado,0.44054200043319725,9202.548894782,9202.549395949,9202.548863532,9202.549335324,CIRCUIT_OPEN,2026-09-05T00:01:45.746700Z
ba472e06-d11e-439d-a374-5d7a3d04c581,run1_rep1,B,OPEN,OPEN,request,CACHE,HIT,0.06312499863270205,1.0422499999549473,INFO,adaptador.request,false,degradado,0.8712079998076661,9202.613996199,9202.614975324,9202.613933074,9202.614867407,CIRCUIT_OPEN,2026-09-05T00:01:45.812410Z
d8b6b505-f7ac-44e4-b50d-10d6a94323fc,run1_rep1,B,OPEN,OPEN,request,CACHE,HIT,0.030250001145759597,1.6245839997282019,INFO,adaptador.request,false,degradado,1.5302499996323604,9202.618294657,9202.619888991,9202.618264407,9202.619824907,CIRCUIT_OPEN,2026-09-05T00:01:45.817543Z
afa74714-d935-445a-b0f7-611ff7479ae5,run1_rep1,B,OPEN,OPEN,request,CACHE,HIT,0.019499999325489625,1.4344169994728873,INFO,adaptador.request,false,degradado,1.358834000711795,9202.618792657,9202.620207574,9202.618773157,9202.620151491,CIRCUIT_OPEN,2026-09-05T00:01:45.817872Z
cd37a94f-9439-417b-9de7-54ae8715b11b,run1_rep1,B,OPEN,OPEN,request,CACHE,HIT,0.03879100040649064,0.6667500001640292,INFO,adaptador.request,false,degradado,0.5531669994525146,9202.670480782,9202.671108741,9202.670441991,9202.671033949,CIRCUIT_OPEN,2026-09-05T00:01:45.868446Z
c834311e-dfc5-4024-9bb9-2db4e2e5bc1e,run1_rep1,B,OPEN,OPEN,request,CACHE,HIT,0.041291999878012575,1.0608749998937128,INFO,adaptador.request,false,degradado,0.9263749998353887,9202.682071824,9202.683091407,9202.682030532,9202.682998199,CIRCUIT_OPEN,2026-09-05T00:01:45.880768Z
6b734996-fbc5-4f98-907a-507a1eee8fcf,run1_rep1,B,OPEN,OPEN,request,CACHE,HIT,0.017374999515595846,0.8959170008893125,INFO,adaptador.request,false,degradado,0.8179169999493752,9202.682539782,9202.683418324,9202.682522407,9202.683357699,CIRCUIT_OPEN,2026-09-05T00:01:45.881579Z
a3962e40-5d47-4e2a-bcf2-6ffbd9ed7e18,run1_rep1,B,OPEN,OPEN,request,CACHE,HIT,0.0194589993043337,0.8914589998312294,INFO,adaptador.request,false,degradado,0.8324160007759929,9202.683981491,9202.684853491,9202.683962032,9202.684813907,CIRCUIT_OPEN,2026-09-05T00:01:45.882426Z
4511fe27-144c-453e-b3c1-d7b235162ba7,run1_rep1,B,OPEN,OPEN,request,CACHE,HIT,0.051500001063686796,0.8313750004163012,INFO,adaptador.request,false,degradado,0.6830829988757614,9202.753155574,9202.753935449,9202.753104074,9202.753838657,CIRCUIT_OPEN,2026-09-05T00:01:45.951293Z
f97045b4-71b0-40a8-b4ca-ef484789240a,run1_rep1,B,OPEN,OPEN,request,CACHE,HIT,0.05554200106416829,1.0309580011380604,INFO,adaptador.request,false,degradado,0.8532079991709907,9202.800101741,9202.801077157,9202.800046199,9202.800954949,CIRCUIT_OPEN,2026-09-05T00:01:45.998399Z
16d9dfc8-de41-4223-b9e7-a430603e93e8,run1_rep1,B,OPEN,OPEN,request,CACHE,HIT,0.026666000849218108,0.7215410005301237,INFO,adaptador.request,false,degradado,0.6416249998437706,9202.801736907,9202.802431782,9202.801710241,9202.802378532,CIRCUIT_OPEN,2026-09-05T00:01:45.999740Z
498854e7-d77f-4674-b673-d6c758c1882e,run1_rep1,B,OPEN,OPEN,request,CACHE,HIT,0.028125001335865818,0.5917910002608551,INFO,adaptador.request,false,degradado,0.48087499999383,9202.808137866,9202.808701532,9202.808109741,9202.808618741,CIRCUIT_OPEN,2026-09-05T00:01:46.006042Z
cd367606-a7a1-4683-ae1f-bcfe486e4c15,run1_rep1,B,OPEN,OPEN,request,CACHE,HIT,0.04108300163352396,0.7107910005288431,INFO,adaptador.request,false,degradado,0.5867919990123482,9202.857302824,9202.857972532,9202.857261741,9202.857889616,CIRCUIT_OPEN,2026-09-05T00:01:46.055343Z
f283677a-9763-4f6a-98e2-6db24dab63c6,run1_rep1,B,OPEN,OPEN,request,CACHE,HIT,0.03987499985669274,0.6320829998003319,INFO,adaptador.request,false,degradado,0.5197919999773148,9202.862760324,9202.863352532,9202.862720449,9202.863280116,CIRCUIT_OPEN,2026-09-05T00:01:46.060684Z
93e00e2f-61a3-4f60-8605-95a42fa3794e,run1_rep1,B,OPEN,OPEN,request,CACHE,HIT,0.05287500061967876,0.9430840000277385,INFO,adaptador.request,false,degradado,0.7839589998184238,9202.931878699,9202.932768908,9202.931825824,9202.932662658,CIRCUIT_OPEN,2026-09-05T00:01:46.130104Z
a0a27d91-2944-4668-b2a2-67b6ccaff6b9,run1_rep1,B,OPEN,OPEN,request,CACHE,HIT,0.03775000004679896,0.6548749988724012,INFO,adaptador.request,false,degradado,0.5454999991343357,9202.947723449,9202.948340574,9202.947685699,9202.948268949,CIRCUIT_OPEN,2026-09-05T00:01:46.145648Z
5395029d-9094-4c3b-ab99-dacff9c4f675,run1_rep1,B,OPEN,OPEN,request,CACHE,HIT,0.05145799877936952,1.64049999875715,INFO,adaptador.request,false,degradado,1.465958999688155,9202.975499949,9202.977088991,9202.975448491,9202.976965908,CIRCUIT_OPEN,2026-09-05T00:01:46.174778Z
79c3bfe8-7de4-4244-9a06-dd32aef9183d,run1_rep1,B,OPEN,OPEN,request,CACHE,HIT,0.029458000426529907,1.4016250006534392,INFO,adaptador.request,false,degradado,1.3120000003254972,9202.976070449,9202.977442616,9202.976040991,9202.977382449,CIRCUIT_OPEN,2026-09-05T00:01:46.175165Z
6797be45-27e0-408c-a880-ffeb3eeea396,run1_rep1,B,OPEN,OPEN,request,CACHE,HIT,0.05541700011235662,1.4957080002204748,INFO,adaptador.request,false,degradado,1.3216659990575863,9203.099746283,9203.101186574,9203.099690866,9203.101067949,CIRCUIT_OPEN,2026-09-05T00:01:46.298546Z
0a15138e-4bd0-42a7-8d3c-047ce4a3d504,run1_rep1,B,OPEN,OPEN,request,CACHE,HIT,0.04283299858798273,2.1447079998324625,INFO,adaptador.request,false,degradado,1.9735000005312031,9203.100970241,9203.103072116,9203.100927408,9203.102943741,CIRCUIT_OPEN,2026-09-05T00:01:46.300994Z
73604df0-0db9-44e2-bf11-6d061ac6dcfe,run1_rep1,B,OPEN,OPEN,request,CACHE,HIT,0.02750000021478627,1.5605829994456144,INFO,adaptador.request,false,degradado,1.4902080001775175,9203.102101033,9203.103634116,9203.102073533,9203.103591241,CIRCUIT_OPEN,2026-09-05T00:01:46.302303Z
2a972656-3b1d-4d28-882f-b4532d7e2b0e,run1_rep1,B,OPEN,OPEN,request,CACHE,HIT,0.02408399996056687,0.9740000004967442,INFO,adaptador.request,false,degradado,0.8987910005089361,9203.104994783,9203.105944699,9203.104970699,9203.105893574,CIRCUIT_OPEN,2026-09-05T00:01:46.303493Z
ef529791-c883-48f2-9daa-0c650f8e0ee0,run1_rep1,B,OPEN,OPEN,request,CACHE,HIT,0.04995800009055529,0.701666998793371,INFO,adaptador.request,false,degradado,0.5307089995767456,9203.230376199,9203.231027908,9203.230326241,9203.230906908,CIRCUIT_OPEN,2026-09-05T00:01:46.428374Z
c3f04d5f-0157-4fe0-a1a3-e8f8812ea13c,run1_rep1,B,OPEN,OPEN,request,CACHE,HIT,0.03099999958067201,0.7908749994385289,INFO,adaptador.request,false,degradado,0.6561670015798882,9203.253836699,9203.254596574,9203.253805699,9203.254492866,CIRCUIT_OPEN,2026-09-05T00:01:46.451927Z
8d839066-d795-46a8-a54c-0732bfa46b69,run1_rep1,B,OPEN,OPEN,request,CACHE,HIT,0.025707999157020822,0.3955409993068315,INFO,adaptador.request,false,degradado,0.32958299925667234,9203.296704241,9203.297074074,9203.296678533,9203.297033824,CIRCUIT_OPEN,2026-09-05T00:01:46.494344Z
43ad6d4e-8fcd-4917-8043-eb6e65739023,run1_rep1,B,OPEN,OPEN,request,CACHE,HIT,0.03258300057495944,0.6385000015143305,INFO,adaptador.request,false,degradado,0.5377500001486624,9203.302543991,9203.303149908,9203.302511408,9203.303081741,CIRCUIT_OPEN,2026-09-05T00:01:46.500456Z
ef29ae13-ebf9-46d2-a9e0-d9280156899c,run1_rep1,B,OPEN,OPEN,request,CACHE,HIT,0.03745800131582655,0.9090420007851208,INFO,adaptador.request,false,degradado,0.768833999245544,9203.354336574,9203.355208158,9203.354299116,9203.355105408,CIRCUIT_OPEN,2026-09-05T00:01:46.552541Z
e68fd3bf-c998-45ce-9edf-f8bc2de442f3,run1_rep1,B,OPEN,OPEN,request,CACHE,HIT,708.9019579998421,710.0401669995335,INFO,adaptador.request,false,degradado,0.9860419995675329,9204.128308616,9204.129446825,9203.419406658,9204.129294658,CIRCUIT_OPEN,2026-09-05T00:01:47.326809Z
99ec6df1-4378-41b0-8cde-48df1d807872,run1_rep1,B,OPEN,HALF_OPEN,request,CACHE,HIT,703.7517090011534,706.6267500013055,INFO,adaptador.request,true,degradado,2.795374999550404,9204.12864045,9204.131515491,9203.424888741,9204.131435825,CIRCUIT_OPEN,2026-09-05T00:01:47.330736Z
b79b1777-0bd2-4956-95f5-bcca0b1aaa6c,run1_rep1,B,OPEN,HALF_OPEN,request,CACHE,HIT,669.5330840011593,672.7263749999111,INFO,adaptador.request,true,degradado,3.134124999633059,9204.12918845,9204.132381741,9203.459655366,9204.132322575,CIRCUIT_OPEN,2026-09-05T00:01:47.332379Z
b9327248-921b-4f5a-aafe-c84fb52c0235,run1_rep1,B,OPEN,HALF_OPEN,request,CACHE,HIT,649.0501249991212,651.8280000000232,INFO,adaptador.request,true,degradado,2.7212920012971153,9204.129932908,9204.132710783,9203.480882783,9204.1326542,CIRCUIT_OPEN,2026-09-05T00:01:47.333352Z
657e9c64-e5a8-4173-bfc3-16c22a807273,run1_rep1,B,OPEN,HALF_OPEN,request,CACHE,HIT,669.5183339998039,673.0612510000356,INFO,adaptador.request,true,degradado,3.491583000140963,9204.129675408,9204.133218325,9203.460157074,9204.133166991,CIRCUIT_OPEN,2026-09-05T00:01:47.333687Z
0d2bc3ab-db6e-40f2-8a1d-4034bc49b139,run1_rep1,B,OPEN,HALF_OPEN,request,CACHE,HIT,649.3591250000463,652.1687919994292,INFO,adaptador.request,true,degradado,2.7730830006476026,9204.130628158,9204.133437825,9203.481269033,9204.133401241,CIRCUIT_OPEN,2026-09-05T00:01:47.333980Z
166734ad-a034-4e78-ab1f-e00a15b63a0b,run1_rep1,B,OPEN,HALF_OPEN,request,CACHE,HIT,563.9431260005949,567.42370900065,INFO,adaptador.request,true,degradado,3.4354159997747047,9204.130738825,9204.134219408,9203.566795699,9204.134174241,CIRCUIT_OPEN,2026-09-05T00:01:47.334499Z
2cb29cc6-cc07-49b4-8c73-2bebcb57195d,run1_rep1,B,OPEN,HALF_OPEN,request,CACHE,HIT,550.9510829997453,553.6475419994531,INFO,adaptador.request,true,degradado,2.6490000000194414,9204.131759116,9204.134455575,9203.580808033,9204.134408116,CIRCUIT_OPEN,2026-09-05T00:01:47.334752Z
355bae69-9b32-4001-8c4f-703cd33f4af6,run1_rep1,B,OPEN,HALF_OPEN,request,CACHE,HIT,539.7417499989388,542.5827499984734,INFO,adaptador.request,true,degradado,2.803499999572523,9204.131867241,9204.134708241,9203.592125491,9204.134670741,CIRCUIT_OPEN,2026-09-05T00:01:47.334955Z
be96d196-2f01-4a38-9607-0868da4438c3,run1_rep1,B,OPEN,HALF_OPEN,request,CACHE,HIT,450.3699169999891,454.1040829990379,INFO,adaptador.request,true,degradado,3.6551249995682156,9204.132257825,9204.135991991,9203.681887908,9204.13591295,CIRCUIT_OPEN,2026-09-05T00:01:47.335669Z
009d6f73-33be-4c77-9017-31adc9dc9128,run1_rep1,B,OPEN,OPEN,request,CACHE,HIT,0.07554100011475384,0.9562909999658586,INFO,adaptador.request,false,degradado,0.7843340008548694,9204.282614991,9204.283495741,9204.28253945,9204.283399325,CIRCUIT_OPEN,2026-09-05T00:01:47.480812Z
c9d95691-2992-442b-8f4e-244be45d4663,run1_rep1,B,OPEN,OPEN,request,CACHE,HIT,0.14458300029218663,1.1986669996986166,INFO,adaptador.request,false,degradado,0.9158339998975862,9204.343061283,9204.344115367,9204.3429167,9204.343977117,CIRCUIT_OPEN,2026-09-05T00:01:47.541441Z
a4f0c82e-d3ee-44d2-a889-c5a30fe30841,run1_rep1,B,OPEN,OPEN,request,CACHE,HIT,0.059500000133994035,1.2924170005135238,INFO,adaptador.request,false,degradado,1.0676670008251676,9204.381866283,9204.3830992,9204.381806783,9204.38293395,CIRCUIT_OPEN,2026-09-05T00:01:47.580512Z
bd70eeef-a355-43f0-8cd0-d734779cca4e,run1_rep1,B,OPEN,OPEN,request,CACHE,HIT,0.03604199991968926,0.6993749993853271,INFO,adaptador.request,false,degradado,0.5438330008473713,9204.38648845,9204.387151783,9204.386452408,9204.387032283,CIRCUIT_OPEN,2026-09-05T00:01:47.584484Z
dd11c5a0-2ce8-4acc-9573-ae6057dd1945,run1_rep1,B,OPEN,OPEN,request,CACHE,HIT,0.018708000425249338,0.4248330005793832,INFO,adaptador.request,false,degradado,0.35429199851932935,9204.39225045,9204.392656575,9204.392231742,9204.392604742,CIRCUIT_OPEN,2026-09-05T00:01:47.589960Z
2a3cca04-7f0a-42a6-90fb-b0bab8b33c62,run1_rep1,B,OPEN,OPEN,request,CACHE,HIT,0.039542001104564406,0.7273339997482253,INFO,adaptador.request,false,degradado,0.6201249998412095,9204.44880845,9204.449496242,9204.448768908,9204.449428575,CIRCUIT_OPEN,2026-09-05T00:01:47.646804Z
574f696b-2d22-49ff-8b5f-4e2d2d6b1415,run1_rep1,B,OPEN,OPEN,request,CACHE,HIT,0.05120800051372498,2.0682499998656567,INFO,adaptador.request,false,degradado,1.8923749994428363,9204.513496283,9204.515513325,9204.513445075,9204.515388658,CIRCUIT_OPEN,2026-09-05T00:01:47.713639Z
23cb4e17-b2e4-4617-b394-76ecacdb728d,run1_rep1,B,OPEN,OPEN,request,CACHE,HIT,0.013915998351876624,2.0171659998595715,INFO,adaptador.request,false,degradado,1.9278750005469192,9204.513980908,9204.515984158,9204.513966992,9204.515908783,CIRCUIT_OPEN,2026-09-05T00:01:47.713994Z
77feca00-35b5-4999-80d5-81dd26c5b25d,run1_rep1,B,OPEN,OPEN,request,CACHE,HIT,0.020666999262175523,1.5311669994844124,INFO,adaptador.request,false,degradado,1.472916999773588,9204.514822325,9204.516332825,9204.514801658,9204.516295242,CIRCUIT_OPEN,2026-09-05T00:01:47.714296Z
fd78e277-56f4-45d2-b716-7954af3a58f1,run1_rep1,B,OPEN,OPEN,request,CACHE,HIT,0.028374999601510353,0.44254200111026876,INFO,adaptador.request,false,degradado,0.3552090001903707,9204.526723033,9204.5271372,9204.526694658,9204.527078242,CIRCUIT_OPEN,2026-09-05T00:01:47.724443Z
b7fb7aeb-9c4f-40ed-8f2c-63f0888f34a2,run1_rep1,B,OPEN,OPEN,request,CACHE,HIT,0.030875000447849743,1.0458329998073168,INFO,adaptador.request,false,degradado,0.9465829989494523,9204.567580867,9204.568595825,9204.567549992,9204.56852745,CIRCUIT_OPEN,2026-09-05T00:01:47.765904Z
ecd1d0ff-e0bd-48bf-a974-fabc8fb040d7,run1_rep1,B,OPEN,OPEN,request,CACHE,HIT,0.024666998797329143,0.7873329996073153,INFO,adaptador.request,false,degradado,0.7097079997038236,9204.573524492,9204.574287158,9204.573499825,9204.5742342,CIRCUIT_OPEN,2026-09-05T00:01:47.771592Z
3f4d777d-61d3-4595-8229-0e4af6c7a4ff,run1_rep1,B,OPEN,OPEN,request,CACHE,HIT,0.03483299951767549,0.7452080008079065,INFO,adaptador.request,false,degradado,0.6419170003937325,9204.58070395,9204.581414325,9204.580669117,9204.581345867,CIRCUIT_OPEN,2026-09-05T00:01:47.778711Z
56ef9548-b984-4e1d-8bd0-0d50f0472296,run1_rep1,B,OPEN,OPEN,request,CACHE,HIT,0.025291999918408692,0.4517090001172619,INFO,adaptador.request,false,degradado,0.381583000489627,9204.5875532,9204.587979617,9204.587527908,9204.587934783,CIRCUIT_OPEN,2026-09-05T00:01:47.785283Z
58a53c71-fe5b-4b00-99b8-dec62864bdc3,run1_rep1,B,OPEN,OPEN,request,CACHE,HIT,0.039167000068118796,1.2506250004662434,INFO,adaptador.request,false,degradado,1.1366670005372725,9204.6407107,9204.641922158,9204.640671533,9204.641847367,CIRCUIT_OPEN,2026-09-05T00:01:47.839584Z
e1703340-56dc-47f7-ba88-b66a5b1cff7a,run1_rep1,B,OPEN,OPEN,request,CACHE,HIT,0.019791999875451438,0.9081669995794073,INFO,adaptador.request,false,degradado,0.8346659997187089,9204.641380742,9204.642269117,9204.64136095,9204.642215408,CIRCUIT_OPEN,2026-09-05T00:01:47.839809Z
c1ee9c8e-6f15-4e91-9cba-986baaf9a6d1,run1_rep1,B,OPEN,OPEN,request,CACHE,HIT,0.01766700006555766,0.3602090000640601,INFO,adaptador.request,false,degradado,0.29554200045822654,9204.688265575,9204.688608117,9204.688247908,9204.688561117,CIRCUIT_OPEN,2026-09-05T00:01:47.885904Z
356525c8-d257-4e55-83c0-e2e384ec0854,run1_rep1,B,OPEN,OPEN,request,CACHE,HIT,0.0417909996031085,0.7553329996881075,INFO,adaptador.request,false,degradado,0.6308339998213341,9204.743975158,9204.7446887,9204.743933367,9204.744605992,CIRCUIT_OPEN,2026-09-05T00:01:47.942023Z
78461582-89ac-49e4-af4f-252d92a0b786,run1_rep1,B,OPEN,OPEN,request,CACHE,HIT,0.07050000021990854,0.8925840011215769,INFO,adaptador.request,false,degradado,0.7331249998969724,9204.815788908,9204.816610992,9204.815718408,9204.816522033,CIRCUIT_OPEN,2026-09-05T00:01:48.013928Z
5e4912d5-ce24-4c3a-995a-88655b9168a3,run1_rep1,B,OPEN,OPEN,request,CACHE,HIT,0.04212500061839819,0.7227920013974654,INFO,adaptador.request,false,degradado,0.6055419999029255,9204.878974075,9204.879654742,9204.87893195,9204.879579617,CIRCUIT_OPEN,2026-09-05T00:01:48.076965Z
0e815c9f-dae3-4d90-8a8b-4770af00f996,run1_rep1,B,OPEN,OPEN,request,CACHE,HIT,0.03587500032153912,0.7018329997663386,INFO,adaptador.request,false,degradado,0.5985409989079926,9204.888921117,9204.889587075,9204.888885242,9204.889519658,CIRCUIT_OPEN,2026-09-05T00:01:48.086893Z
887ab065-d286-4ac9-a661-2b04ad95e933,run1_rep1,B,OPEN,OPEN,request,CACHE,HIT,0.027750000299420208,0.5459999993036035,INFO,adaptador.request,false,degradado,0.4561669993563555,9204.9053867,9204.90590495,9204.90535895,9204.905842867,CIRCUIT_OPEN,2026-09-05T00:01:48.103414Z
3ded5198-2c2e-470b-a628-461876c432c9,run1_rep1,B,OPEN,OPEN,request,CACHE,HIT,0.03083299998252187,0.5685420001100283,INFO,adaptador.request,false,degradado,0.46045899944147095,9204.921292658,9204.921830367,9204.921261825,9204.921753117,CIRCUIT_OPEN,2026-09-05T00:01:48.119157Z
8526b0e8-5cdb-477b-bb26-edda4d9b88e5,run1_rep1,B,OPEN,OPEN,request,CACHE,HIT,0.019916999008273706,0.4197919988655485,INFO,adaptador.request,false,degradado,0.34575000063341577,9204.9291602,9204.929560075,9204.929140283,9204.92950595,CIRCUIT_OPEN,2026-09-05T00:01:48.126865Z
d422b9ec-b9fc-4eaa-a8e2-f6d6478d6e59,run1_rep1,B,OPEN,OPEN,request,CACHE,HIT,0.0351250000676373,1.108166001358768,INFO,adaptador.request,false,degradado,0.9749159999046242,9204.963847242,9204.964920283,9204.963812117,9204.964822158,CIRCUIT_OPEN,2026-09-05T00:01:48.162227Z
54095322-5f31-4373-a07c-6d42d12dd8c6,run1_rep1,B,OPEN,OPEN,request,CACHE,HIT,0.04099999932805076,0.6631670003116596,INFO,adaptador.request,false,degradado,0.5490420007845387,9204.998887867,9204.999510034,9204.998846867,9204.999436909,CIRCUIT_OPEN,2026-09-05T00:01:48.196835Z
4de86ff1-46fa-40a5-a667-a9e05ccbdb8c,run1_rep1,B,OPEN,OPEN,request,CACHE,HIT,0.04012499994132668,0.6225420002010651,INFO,adaptador.request,false,degradado,0.5151669993210817,9205.011207492,9205.011789909,9205.011167367,9205.011722659,CIRCUIT_OPEN,2026-09-05T00:01:48.209104Z
76d942b4-b9d2-4901-8e35-7b8e84678454,run1_rep1,B,OPEN,OPEN,request,CACHE,HIT,0.04320799962442834,0.725499998225132,INFO,adaptador.request,false,degradado,0.604416998612578,9205.072769242,9205.073451534,9205.072726034,9205.073373659,CIRCUIT_OPEN,2026-09-05T00:01:48.270770Z
b7b076a3-e4c4-4a85-a9f7-4df182b3f6fa,run1_rep1,B,OPEN,OPEN,request,CACHE,HIT,0.046082999688223936,0.87395799891965,INFO,adaptador.request,false,degradado,0.72116699993785,9205.134838242,9205.135666117,9205.134792159,9205.135559409,CIRCUIT_OPEN,2026-09-05T00:01:48.333015Z
d4ed4272-0f51-49e2-9ed0-75521c2d55db,run1_rep1,B,OPEN,OPEN,request,CACHE,HIT,0.06116700023994781,0.9685000004537869,INFO,adaptador.request,false,degradado,0.8078749997366685,9205.191449742,9205.192357075,9205.191388575,9205.192257617,CIRCUIT_OPEN,2026-09-05T00:01:48.389687Z
815b0581-340c-45dd-850c-883a0956e632,run1_rep1,B,OPEN,OPEN,request,CACHE,HIT,0.05183400025998708,1.291250000576838,INFO,adaptador.request,false,degradado,1.1376250004104804,9205.241457909,9205.242697325,9205.241406075,9205.242595534,CIRCUIT_OPEN,2026-09-05T00:01:48.440324Z
503827d8-7591-458c-8f9f-8e8f2286b0e6,run1_rep1,B,OPEN,OPEN,request,CACHE,HIT,0.025082999854930677,0.7487919992854586,INFO,adaptador.request,false,degradado,0.6692499991913792,9205.2422542,9205.242977909,9205.242229117,9205.24292345,CIRCUIT_OPEN,2026-09-05T00:01:48.440625Z
fd83df74-4f4b-41c2-a1f5-2fe173ce2a9b,run1_rep1,B,OPEN,OPEN,request,CACHE,HIT,0.027957999918726273,0.6057919999875594,INFO,adaptador.request,false,degradado,0.49445900003775023,9205.248476575,9205.249054409,9205.248448617,9205.248971034,CIRCUIT_OPEN,2026-09-05T00:01:48.446381Z
9d3e1db3-6a5a-415a-b232-598e7ea86fd7,run1_rep1,B,OPEN,OPEN,request,CACHE,HIT,0.02329099879716523,0.43575000017881393,INFO,adaptador.request,false,degradado,0.3407500007597264,9205.2761547,9205.276567159,9205.276131409,9205.27649545,CIRCUIT_OPEN,2026-09-05T00:01:48.473897Z
27b6ba07-9225-4985-9b03-50eb8a134d8b,run1_rep1,B,OPEN,OPEN,request,CACHE,HIT,0.046499999371008016,0.7927919996291166,INFO,adaptador.request,false,degradado,0.649500001600245,9205.325568575,9205.326314867,9205.325522075,9205.326218075,CIRCUIT_OPEN,2026-09-05T00:01:48.523649Z
faf4d804-35df-4a38-a70b-b34c61023458,run1_rep1,B,OPEN,OPEN,request,CACHE,HIT,0.0530420002178289,0.8780420012044488,INFO,adaptador.request,false,degradado,0.729290999515797,9205.373541534,9205.374366534,9205.373488492,9205.374270825,CIRCUIT_OPEN,2026-09-05T00:01:48.571697Z
5da19f7a-fd85-4bd3-b7ec-c4bb4f371129,run1_rep1,B,OPEN,OPEN,request,CACHE,HIT,0.048874999265535735,0.7625420003023464,INFO,adaptador.request,false,degradado,0.6303749996732222,9205.406815117,9205.407528784,9205.406766242,9205.407445492,CIRCUIT_OPEN,2026-09-05T00:01:48.604855Z
9cd13057-0080-44b2-bf98-37bb662f61b3,run1_rep1,B,OPEN,OPEN,request,CACHE,HIT,0.05058300121163484,0.8407920013269177,INFO,adaptador.request,false,degradado,0.7029589996818686,9205.4431117,9205.443901909,9205.443061117,9205.443814659,CIRCUIT_OPEN,2026-09-05T00:01:48.641224Z
33641798-f8f5-4a10-a43f-95a82431352f,run1_rep1,B,OPEN,OPEN,request,CACHE,HIT,0.04108400025870651,0.6863750004413305,INFO,adaptador.request,false,degradado,0.5665410008077743,9205.463643534,9205.464288825,9205.46360245,9205.464210075,CIRCUIT_OPEN,2026-09-05T00:01:48.661615Z
238dc30f-a300-4bc5-9dd4-1e734c26e117,run1_rep1,B,OPEN,OPEN,request,CACHE,HIT,0.04662500032281969,0.7249999998748535,INFO,adaptador.request,false,degradado,0.5880839999008458,9205.51468095,9205.515359325,9205.514634325,9205.515269034,CIRCUIT_OPEN,2026-09-05T00:01:48.712694Z
ffd4551a-d729-412f-add6-d6f6b52e1cb5,run1_rep1,B,OPEN,OPEN,request,CACHE,HIT,0.03791599920077715,0.6324160003714496,INFO,adaptador.request,false,degradado,0.515875000928645,9205.525997825,9205.526592325,9205.525959909,9205.5265137,CIRCUIT_OPEN,2026-09-05T00:01:48.723909Z
0847cdbc-1227-490a-96e8-165023dfcf43,run1_rep1,B,OPEN,OPEN,request,CACHE,HIT,0.0401659999624826,0.7032909998088144,INFO,adaptador.request,false,degradado,0.5880839999008458,9205.56484295,9205.565506075,9205.564802784,9205.565431034,CIRCUIT_OPEN,2026-09-05T00:01:48.762820Z
06340aff-766c-43e1-a10c-3c7866e4b157,run1_rep1,B,OPEN,OPEN,request,CACHE,HIT,0.03979199937020894,0.6874999999126885,INFO,adaptador.request,false,degradado,0.5617499991785735,9205.592483409,9205.593131117,9205.592443617,9205.593045159,CIRCUIT_OPEN,2026-09-05T00:01:48.790456Z
6fc8ddc8-fa63-4c18-a987-e81e94b10af0,run1_rep1,B,OPEN,OPEN,request,CACHE,HIT,0.04799999987881165,0.8069159994192887,INFO,adaptador.request,false,degradado,0.6354159995680675,9205.629288659,9205.630047575,9205.629240659,9205.629924075,CIRCUIT_OPEN,2026-09-05T00:01:48.827391Z
efcf91cf-b396-4dd9-8a93-41964a2db34c,run1_rep1,B,OPEN,OPEN,request,CACHE,HIT,0.04841599911742378,0.6595830000151182,INFO,adaptador.request,false,degradado,0.5272090002108598,9205.682742325,9205.683353492,9205.682693909,9205.683269534,CIRCUIT_OPEN,2026-09-05T00:01:48.880706Z
1fda0c88-1759-4330-9a01-55fef1efe6f0,run1_rep1,B,OPEN,OPEN,request,CACHE,HIT,0.036666999221779406,0.7484580000891583,INFO,adaptador.request,false,degradado,0.6105409993324429,9205.689277701,9205.689989492,9205.689241034,9205.689888242,CIRCUIT_OPEN,2026-09-05T00:01:48.887363Z
037c6055-2a79-41f9-bfea-ec1ba754dff5,run1_rep1,B,OPEN,OPEN,request,CACHE,HIT,0.030583998523070477,0.5164590002095792,INFO,adaptador.request,false,degradado,0.4278330015949905,9205.732365576,9205.732851451,9205.732334992,9205.732793409,CIRCUIT_OPEN,2026-09-05T00:01:48.930164Z
8753415b-a95a-498e-9439-a494e21fa0f9,run1_rep1,B,OPEN,OPEN,request,CACHE,HIT,0.027333999241818674,0.5119590005051577,INFO,adaptador.request,false,degradado,0.4281660003471188,9205.746441201,9205.746925826,9205.746413867,9205.746869367,CIRCUIT_OPEN,2026-09-05T00:01:48.944214Z
ba6cd492-7d66-43c6-b0c8-ceaddeda82e2,run1_rep1,B,OPEN,OPEN,request,CACHE,HIT,0.0352080005541211,0.8578330016462132,INFO,adaptador.request,false,degradado,0.7156669998948928,9205.808377992,9205.809200617,9205.808342784,9205.809093659,CIRCUIT_OPEN,2026-09-05T00:01:49.006551Z
4f7cf54d-0f87-4157-9dbb-2fc5be087730,run1_rep1,B,OPEN,OPEN,request,CACHE,HIT,0.04091600021638442,0.7004580002103467,INFO,adaptador.request,false,degradado,0.5620840001938632,9205.856218867,9205.856878409,9205.856177951,9205.856780951,CIRCUIT_OPEN,2026-09-05T00:01:49.054217Z
d639ba47-ed78-4166-99ee-a1c450eefa3f,run1_rep1,B,OPEN,OPEN,request,CACHE,HIT,0.030750001315027475,0.5517500012501841,INFO,adaptador.request,false,degradado,0.4457499999261927,9205.877212117,9205.877733117,9205.877181367,9205.877657867,CIRCUIT_OPEN,2026-09-05T00:01:49.075050Z
1226361c-6dbc-4f49-b490-4ac5dbd41c88,run1_rep1,B,OPEN,OPEN,request,CACHE,HIT,0.05270899964671116,0.5384999985835748,INFO,adaptador.request,false,degradado,0.43054100024164654,9205.882125201,9205.882610992,9205.882072492,9205.882555742,CIRCUIT_OPEN,2026-09-05T00:01:49.079919Z
839cb58e-dd30-475f-b95f-b506346fa811,run1_rep1,B,OPEN,OPEN,request,CACHE,HIT,0.02512500032025855,0.5014170001231832,INFO,adaptador.request,false,degradado,0.42291699901397806,9205.894863034,9205.895339326,9205.894837909,9205.895285951,CIRCUIT_OPEN,2026-09-05T00:01:49.092641Z
df559e25-711e-4d22-a868-5f5cd1ba256f,run1_rep1,B,OPEN,OPEN,request,CACHE,HIT,0.0245829996856628,0.45449999925040174,INFO,adaptador.request,false,degradado,0.38133300040499307,9205.909984034,9205.910413951,9205.909959451,9205.910365367,CIRCUIT_OPEN,2026-09-05T00:01:49.107714Z
06755c64-7bae-4e7d-acac-5bb14610b040,run1_rep1,B,OPEN,OPEN,request,CACHE,HIT,0.01525000152469147,1.153791001343052,INFO,adaptador.request,false,degradado,1.0639159991114866,9205.970073451,9205.971211992,9205.970058201,9205.971137367,CIRCUIT_OPEN,2026-09-05T00:01:49.168978Z
705d471b-c0cf-4d21-a93c-2b38eac5438b,run1_rep1,B,OPEN,OPEN,request,CACHE,HIT,0.043791000280180015,1.8386249994364334,INFO,adaptador.request,false,degradado,1.7634590003581252,9205.969677867,9205.971472701,9205.969634076,9205.971441326,CIRCUIT_OPEN,2026-09-05T00:01:49.169289Z
02440054-77c4-4f2b-97cb-3dd425af0633,run1_rep1,B,OPEN,OPEN,request,CACHE,HIT,0.01887500002339948,0.936333000936429,INFO,adaptador.request,false,degradado,0.8795410012680804,9205.970762701,9205.971680159,9205.970743826,9205.971642242,CIRCUIT_OPEN,2026-09-05T00:01:49.169485Z
673ceaa8-bc3c-417e-b361-c2c0b260b90e,run1_rep1,B,OPEN,OPEN,request,CACHE,HIT,0.017917000150191598,0.43854199975612573,INFO,adaptador.request,false,degradado,0.33570800042070914,9205.983660951,9205.984081576,9205.983643034,9205.983996659,CIRCUIT_OPEN,2026-09-05T00:01:49.181411Z
01de5e60-2632-44b7-8b26-ca3bd22ad13d,run1_rep1,B,OPEN,OPEN,request,CACHE,HIT,0.022541000362252817,0.38758299888286274,INFO,adaptador.request,false,degradado,0.3316669990454102,9205.998118367,9205.998483409,9205.998095826,9205.998450034,CIRCUIT_OPEN,2026-09-05T00:01:49.195758Z
2a2cd208-8eb5-4d50-b314-ca9b32b96d9e,run1_rep1,B,OPEN,OPEN,request,CACHE,HIT,0.053625000873580575,0.8024170001590392,INFO,adaptador.request,false,degradado,0.6720000001223525,9206.051521867,9206.052270659,9206.051468242,9206.052193867,CIRCUIT_OPEN,2026-09-05T00:01:49.249607Z
b1bbafd2-435f-4465-88e1-59a487d7f765,run1_rep1,B,OPEN,OPEN,request,CACHE,HIT,0.04350000017439015,0.9313330010627396,INFO,adaptador.request,false,degradado,0.7911250013421522,9206.109154409,9206.110042242,9206.109110909,9206.109945534,CIRCUIT_OPEN,2026-09-05T00:01:49.307378Z
e7d2ac0a-a41d-4f36-a4f8-be4281869808,run1_rep1,B,OPEN,OPEN,request,CACHE,HIT,0.02116599898727145,0.9898329990392085,INFO,adaptador.request,false,degradado,0.9159590008493979,9206.109896617,9206.110865284,9206.109875451,9206.110812576,CIRCUIT_OPEN,2026-09-05T00:01:49.308179Z
794593bd-742b-440a-a321-7223907e1553,run1_rep1,B,OPEN,OPEN,request,CACHE,HIT,0.04316600097808987,0.6163750003906898,INFO,adaptador.request,false,degradado,0.5035839985794155,9206.120928742,9206.121501951,9206.120885576,9206.121432326,CIRCUIT_OPEN,2026-09-05T00:01:49.318814Z
cdb8f64f-3554-4fcc-abd4-25a567d77961,run1_rep1,B,OPEN,OPEN,request,CACHE,HIT,0.0714170000719605,0.9151249996648403,INFO,adaptador.request,false,degradado,0.6952080002520233,9206.182040284,9206.182883992,9206.181968867,9206.182735492,CIRCUIT_OPEN,2026-09-05T00:01:49.380293Z
8a2eadb5-bf0c-4b1c-b052-846adef6ffc8,run1_rep1,B,OPEN,OPEN,request,CACHE,HIT,0.02954199953819625,0.8285000003525056,INFO,adaptador.request,false,degradado,0.6855830015410902,9206.185336034,9206.186134992,9206.185306492,9206.186021617,CIRCUIT_OPEN,2026-09-05T00:01:49.383573Z
27727387-6a49-41e0-b900-9cb4be94dfe1,run1_rep1,B,OPEN,OPEN,request,CACHE,HIT,0.04774999979417771,0.716749998900923,INFO,adaptador.request,false,degradado,0.5897499995626276,9206.240727201,9206.241396201,9206.240679451,9206.241316951,CIRCUIT_OPEN,2026-09-05T00:01:49.438724Z
d4af231a-b52b-4446-973e-0ed78e55c757,run1_rep1,B,OPEN,OPEN,request,CACHE,HIT,0.04824999996344559,1.3190409990784246,INFO,adaptador.request,false,degradado,1.141458000347484,9206.310784076,9206.312054867,9206.310735826,9206.311925534,CIRCUIT_OPEN,2026-09-05T00:01:49.509709Z
82a6e2e2-511b-4628-acb0-84852d57a562,run1_rep1,B,OPEN,OPEN,request,CACHE,HIT,0.02070800110232085,1.0975000004691537,INFO,adaptador.request,false,degradado,1.0129589991265675,9206.311287992,9206.312364784,9206.311267284,9206.312300951,CIRCUIT_OPEN,2026-09-05T00:01:49.510060Z
f39d90b0-8b64-4335-8d15-e1b372aee4fa,run1_rep1,B,OPEN,OPEN,request,CACHE,HIT,0.03920800008927472,1.3571250001405133,INFO,adaptador.request,false,degradado,1.1431669990997761,9206.384948617,9206.386266534,9206.384909409,9206.386091784,CIRCUIT_OPEN,2026-09-05T00:01:49.583660Z
dea21544-2726-47c9-bdc6-c4ccad84c306,run1_rep1,B,OPEN,OPEN,request,CACHE,HIT,0.05479200081026647,1.9668750010168878,INFO,adaptador.request,false,degradado,1.802458000383922,9206.383928576,9206.385840659,9206.383873784,9206.385731034,CIRCUIT_OPEN,2026-09-05T00:01:49.584094Z
9064eeaf-9eb7-4310-8274-8ada962ccaca,run1_rep1,B,OPEN,OPEN,request,CACHE,HIT,0.029999999242136255,0.5542090002563782,INFO,adaptador.request,false,degradado,0.46099999963189475,9206.391455284,9206.391979493,9206.391425284,9206.391916284,CIRCUIT_OPEN,2026-09-05T00:01:49.589327Z
d8fdc014-58b4-414f-bca5-e647798b5f4e,run1_rep1,B,OPEN,OPEN,request,CACHE,HIT,0.03550000110408291,0.6886669998493744,INFO,adaptador.request,false,degradado,0.5610419993899995,9206.408463076,9206.409116243,9206.408427576,9206.409024118,CIRCUIT_OPEN,2026-09-05T00:01:49.606427Z
2bff16a8-d990-4959-9aae-815cd5e7194f,run1_rep1,B,OPEN,OPEN,request,CACHE,HIT,0.02058400059468113,0.5722500009142095,INFO,adaptador.request,false,degradado,0.49450000005890615,9206.410884993,9206.411436659,9206.410864409,9206.411379493,CIRCUIT_OPEN,2026-09-05T00:01:49.608748Z
d6f1a548-a4a3-4397-93c6-2d8054c1e237,run1_rep1,B,OPEN,OPEN,request,CACHE,HIT,0.017874999684863724,0.42104100066353567,INFO,adaptador.request,false,degradado,0.3555830007826444,9206.427851243,9206.428254409,9206.427833368,9206.428206826,CIRCUIT_OPEN,2026-09-05T00:01:49.625550Z
48036e6e-fa5f-4cbd-94f6-30c71f8651dd,run1_rep1,B,OPEN,OPEN,request,CACHE,HIT,0.0563749999855645,1.171459000033792,INFO,adaptador.request,false,degradado,0.902458999917144,9206.499307284,9206.500422368,9206.499250909,9206.500209743,CIRCUIT_OPEN,2026-09-05T00:01:49.697832Z
e2a59b07-6c68-4712-ae36-1559d7d4d77c,run1_rep1,B,OPEN,OPEN,request,CACHE,HIT,0.03004199970746413,0.8664580000186106,INFO,adaptador.request,false,degradado,0.7632910001120763,9206.501298868,9206.502135284,9206.501268826,9206.502062159,CIRCUIT_OPEN,2026-09-05T00:01:49.699459Z
d5e9fec2-20bb-4aa6-8d78-307a230c9cad,run1_rep1,B,OPEN,OPEN,request,CACHE,HIT,0.026792000426212326,0.5182920012885006,INFO,adaptador.request,false,degradado,0.4237909997755196,9206.503162493,9206.503653993,9206.503135701,9206.503586284,CIRCUIT_OPEN,2026-09-05T00:01:49.701133Z
40325d07-0d32-4b69-b7dc-4559abe3bcd0,run1_rep1,B,OPEN,OPEN,request,CACHE,HIT,0.0396249997720588,0.6949580001673894,INFO,adaptador.request,false,degradado,0.526040999830002,9206.533456993,9206.534112326,9206.533417368,9206.533983034,CIRCUIT_OPEN,2026-09-05T00:01:49.731424Z
a5994649-28db-4297-9b9c-64e67de5ab0e,run1_rep1,B,OPEN,OPEN,request,CACHE,HIT,0.03383299917913973,0.7910410004114965,INFO,adaptador.request,false,degradado,0.6797920013923431,9206.598018951,9206.598776159,9206.597985118,9206.598698743,CIRCUIT_OPEN,2026-09-05T00:01:49.796399Z
c9073be0-5a8b-41aa-a00a-7b2f0f8e3b6d,run1_rep1,B,OPEN,OPEN,request,CACHE,HIT,0.04145899947616272,1.4888339992467081,INFO,adaptador.request,false,degradado,1.3765410003543366,9206.597615243,9206.599062618,9206.597573784,9206.598991784,CIRCUIT_OPEN,2026-09-05T00:01:49.796676Z
d9aca30a-cf60-4c53-892c-f06c8acabd25,run1_rep1,B,OPEN,OPEN,request,CACHE,HIT,0.03887499951815698,1.0052500001620501,INFO,adaptador.request,false,degradado,0.895249999302905,9206.641984909,9206.642951284,9206.641946034,9206.642880159,CIRCUIT_OPEN,2026-09-05T00:01:49.840307Z
9909b228-b771-4422-af4e-d1b609cbe35c,run1_rep1,B,OPEN,OPEN,request,CACHE,HIT,0.024957998903119005,0.9692909989098553,INFO,adaptador.request,false,degradado,0.8810830004222225,9206.642738326,9206.643682659,9206.642713368,9206.643619409,CIRCUIT_OPEN,2026-09-05T00:01:49.841197Z
f424d313-7d87-46ea-b322-9a36fa3eed7a,run1_rep1,B,OPEN,OPEN,request,CACHE,HIT,0.03966599979321472,1.0716659999161493,INFO,adaptador.request,false,degradado,0.9475000006204937,9206.674417909,9206.675449909,9206.674378243,9206.675365409,CIRCUIT_OPEN,2026-09-05T00:01:49.873012Z
e71019f3-6c80-4fb0-a50a-c1d09c925953,run1_rep1,B,OPEN,OPEN,request,CACHE,HIT,0.018667000404093415,0.8387920006498462,INFO,adaptador.request,false,degradado,0.780500000473694,9206.674882701,9206.675702826,9206.674864034,9206.675663201,CIRCUIT_OPEN,2026-09-05T00:01:49.873347Z
9dc022e3-a13a-4c09-b297-ae651b698721,run1_rep1,B,OPEN,OPEN,request,CACHE,HIT,0.040833001548890024,0.6797910009481711,INFO,adaptador.request,false,degradado,0.5660829992848448,9206.727660451,9206.728299409,9206.727619618,9206.728226534,CIRCUIT_OPEN,2026-09-05T00:01:49.925620Z
4910ffe1-1e78-4519-891a-b423c1c3131f,run1_rep1,B,OPEN,OPEN,request,CACHE,HIT,0.03391700010979548,0.6173340007080697,INFO,adaptador.request,false,degradado,0.5037500013713725,9206.755456701,9206.756040118,9206.755422784,9206.755960451,CIRCUIT_OPEN,2026-09-05T00:01:49.953357Z
ef6ac7d2-9658-4a5a-80b1-51af8ae01389,run1_rep1,B,OPEN,OPEN,request,CACHE,HIT,0.06341700100165326,0.6107499993959209,INFO,adaptador.request,false,degradado,0.47979199916881043,9206.798212326,9206.798759659,9206.798148909,9206.798692118,CIRCUIT_OPEN,2026-09-05T00:01:49.996067Z
d2afecab-c616-48c7-a422-15a557c76ee2,run1_rep1,B,OPEN,OPEN,request,CACHE,HIT,0.052416000471566804,0.8094999993772944,INFO,adaptador.request,false,degradado,0.6689999991067452,9206.862835784,9206.863592868,9206.862783368,9206.863504784,CIRCUIT_OPEN,2026-09-05T00:01:50.060905Z
9d050b61-8ba0-4f06-9555-54f2d56fe71e,run1_rep1,B,OPEN,OPEN,request,CACHE,HIT,0.043000000005122274,0.8663749995321268,INFO,adaptador.request,false,degradado,0.7475000002159504,9206.886131284,9206.886954659,9206.886088284,9206.886878784,CIRCUIT_OPEN,2026-09-05T00:01:50.084308Z
547de2d3-cdf6-4bf1-9718-38c51d5116a6,run1_rep1,B,OPEN,OPEN,request,CACHE,HIT,0.020457999198697507,0.8468750002066372,INFO,adaptador.request,false,degradado,0.7600420012749964,9206.886786451,9206.887612868,9206.886765993,9206.887546493,CIRCUIT_OPEN,2026-09-05T00:01:50.085090Z
0ed3bb80-fc17-4173-ad64-a531687df46c,run1_rep1,B,OPEN,OPEN,request,CACHE,HIT,0.04466700011107605,1.0565829998085974,INFO,adaptador.request,false,degradado,0.8753330002946313,9206.925286743,9206.926298659,9206.925242076,9206.926162076,CIRCUIT_OPEN,2026-09-05T00:01:50.123659Z
d0f253fe-887d-4716-84de-cdb9c217206e,run1_rep1,B,OPEN,OPEN,request,CACHE,HIT,0.03287499930593185,0.544249998711166,INFO,adaptador.request,false,degradado,0.4278329997760011,9206.930592826,9206.931104201,9206.930559951,9206.931020659,CIRCUIT_OPEN,2026-09-05T00:01:50.128440Z
b210d113-5208-4a7b-821c-418da1577225,run1_rep1,B,OPEN,OPEN,request,CACHE,HIT,0.02579200008767657,0.5317079994711094,INFO,adaptador.request,false,degradado,0.4293330002838047,9206.955558743,9206.956064659,9206.955532951,9206.955988076,CIRCUIT_OPEN,2026-09-05T00:01:50.153382Z
a5101bba-2a63-4877-be92-0b0f132afdeb,run1_rep1,B,OPEN,OPEN,request,CACHE,HIT,0.05758299994340632,0.9732910002639983,INFO,adaptador.request,false,degradado,0.8120000002236338,9207.040708076,9207.041623784,9207.040650493,9207.041520076,CIRCUIT_OPEN,2026-09-05T00:01:50.238966Z
c66799da-47f8-484d-95ea-2fab64364259,run1_rep1,B,OPEN,OPEN,request,CACHE,HIT,0.04004099901067093,0.8467499992548255,INFO,adaptador.request,false,degradado,0.7310000000870787,9207.048989534,9207.049796243,9207.048949493,9207.049720534,CIRCUIT_OPEN,2026-09-05T00:01:50.247127Z
af0b0143-99c9-43d3-bcfa-7947a0147cda,run1_rep1,B,OPEN,OPEN,request,CACHE,HIT,0.03454100078670308,0.659416000416968,INFO,adaptador.request,false,degradado,0.5740420001529856,9207.054062159,9207.054687034,9207.054027618,9207.054636201,CIRCUIT_OPEN,2026-09-05T00:01:50.251993Z
ef943f58-d8b2-4d83-97e5-04eb464f0999,run1_rep1,B,OPEN,OPEN,request,CACHE,HIT,0.024040999051067047,0.4718330001196591,INFO,adaptador.request,false,degradado,0.38862499968672637,9207.079546534,9207.079994326,9207.079522493,9207.079935159,CIRCUIT_OPEN,2026-09-05T00:01:50.277323Z
5c6b1791-86ce-4622-b92b-0015b7b701c3,run1_rep1,B,OPEN,OPEN,request,CACHE,HIT,0.03887499951815698,1.163834000180941,INFO,adaptador.request,false,degradado,1.0400419996585697,9207.141544201,9207.14266916,9207.141505326,9207.142584243,CIRCUIT_OPEN,2026-09-05T00:01:50.340296Z
b833e705-407e-4617-aa4f-e157e29dd7eb,run1_rep1,B,OPEN,OPEN,request,CACHE,HIT,0.03033299981325399,0.9162910009763436,INFO,adaptador.request,false,degradado,0.845583001137129,9207.142051243,9207.142937201,9207.14202091,9207.142896826,CIRCUIT_OPEN,2026-09-05T00:01:50.340621Z
282a29a0-1625-40af-a82d-f041d202d323,run1_rep1,B,OPEN,OPEN,request,CACHE,HIT,0.03216699951735791,0.5358339985832572,INFO,adaptador.request,false,degradado,0.44016699939675163,9207.159418743,9207.15992241,9207.159386576,9207.15985891,CIRCUIT_OPEN,2026-09-05T00:01:50.357249Z
45eba8c0-65ed-4c14-a017-028171b6a8fa,run1_rep1,B,OPEN,OPEN,request,CACHE,HIT,0.03295799979241565,0.673333001032006,INFO,adaptador.request,false,degradado,0.5380420006986242,9207.191678701,9207.192319076,9207.191645743,9207.192216743,CIRCUIT_OPEN,2026-09-05T00:01:50.389643Z
998b65cb-d0ca-4abc-8eed-4c6a53abc5b7,run1_rep1,B,OPEN,OPEN,request,CACHE,HIT,0.06470900007116143,0.7754170001135208,INFO,adaptador.request,false,degradado,0.6203749999258434,9207.219056535,9207.219767243,9207.218991826,9207.21967691,CIRCUIT_OPEN,2026-09-05T00:01:50.417110Z
758ea5aa-2869-4dea-9e84-43ef9855efa0,run1_rep1,B,OPEN,OPEN,request,CACHE,HIT,0.03783299871429335,0.8660419989610091,INFO,adaptador.request,false,degradado,0.7697920009377412,9207.234252076,9207.235080285,9207.234214243,9207.235021868,CIRCUIT_OPEN,2026-09-05T00:01:50.432380Z
11c702ff-7d6f-456b-ae95-bc3748ce6f3d,run1_rep1,B,OPEN,OPEN,request,CACHE,HIT,0.021083000319777057,0.7062910008244216,INFO,adaptador.request,false,degradado,0.6509579998237314,9207.234941493,9207.235626701,9207.23492041,9207.235592451,CIRCUIT_OPEN,2026-09-05T00:01:50.433093Z
dabe811a-be05-48bd-a64e-a318f44a04f2,run1_rep1,B,OPEN,OPEN,request,CACHE,HIT,0.0552080000488786,0.6622910004807636,INFO,adaptador.request,false,degradado,0.5178749997867271,9207.270319743,9207.270926826,9207.270264535,9207.270837618,CIRCUIT_OPEN,2026-09-05T00:01:50.468285Z
e4365d6b-b608-4dba-8b5a-5b7412c9292e,run1_rep1,B,OPEN,OPEN,request,CACHE,HIT,0.045250000766827725,0.7906250011728844,INFO,adaptador.request,false,degradado,0.6553330003953306,9207.30185616,9207.302601535,9207.30181091,9207.302511493,CIRCUIT_OPEN,2026-09-05T00:01:50.499943Z
1c0fc5fa-686e-4507-9ca8-03f634a5f97d,run1_rep1,B,OPEN,OPEN,request,CACHE,HIT,0.05274999966786709,0.7907499984867172,INFO,adaptador.request,false,degradado,0.6369169987010537,9207.343529743,9207.344267743,9207.343476993,9207.34416666,CIRCUIT_OPEN,2026-09-05T00:01:50.541593Z
f8c71f3c-8e32-4209-a494-052b2ccf9186,run1_rep1,B,OPEN,OPEN,request,CACHE,HIT,0.0535830004082527,0.8625829996162793,INFO,adaptador.request,false,degradado,0.6985420004639309,9207.386887576,9207.387696576,9207.386833993,9207.387586118,CIRCUIT_OPEN,2026-09-05T00:01:50.585039Z
1040a2ad-b397-4c4c-9e76-74fc075aeaad,run1_rep1,B,OPEN,OPEN,request,CACHE,HIT,0.04158299998380244,1.1673750013869721,INFO,adaptador.request,false,degradado,1.0467500014783582,9207.401328826,9207.402454618,9207.401287243,9207.402375576,CIRCUIT_OPEN,2026-09-05T00:01:50.600194Z
1aa72bf1-2345-46f9-9372-9296165c2273,run1_rep1,B,OPEN,OPEN,request,CACHE,HIT,0.013999999282532372,1.1006250006175833,INFO,adaptador.request,false,degradado,1.0223330009466736,9207.401754743,9207.402841368,9207.401740743,9207.402777076,CIRCUIT_OPEN,2026-09-05T00:01:50.600571Z
04dd6347-74b5-4cf4-907f-a12bf4219e07,run1_rep1,B,OPEN,OPEN,request,CACHE,HIT,0.04316600097808987,1.2071250002918532,INFO,adaptador.request,false,degradado,1.076958998964983,9207.466442826,9207.467606785,9207.46639966,9207.467519785,CIRCUIT_OPEN,2026-09-05T00:01:50.665219Z
48edbcc2-baae-4673-854d-7b76c41b14fe,run1_rep1,B,OPEN,OPEN,request,CACHE,HIT,0.021167001250432804,1.0249170009046793,INFO,adaptador.request,false,degradado,0.9542919997329591,9207.466896743,9207.467900493,9207.466875576,9207.467851035,CIRCUIT_OPEN,2026-09-05T00:01:50.665506Z
0dfc5b90-b1ae-48ea-b383-a4c39505c10f,run1_rep1,B,OPEN,OPEN,request,CACHE,HIT,0.04491700019570999,0.8877079999365378,INFO,adaptador.request,false,degradado,0.7674999997107079,9207.481956785,9207.482799576,9207.481911868,9207.482724285,CIRCUIT_OPEN,2026-09-05T00:01:50.680127Z
be14752c-aead-40f0-8fc8-75d6191058ae,run1_rep1,B,OPEN,OPEN,request,CACHE,HIT,0.027624999347608536,0.5369999998947605,INFO,adaptador.request,false,degradado,0.45204200068837963,9207.489727368,9207.490236743,9207.489699743,9207.49017941,CIRCUIT_OPEN,2026-09-05T00:01:50.687540Z
1863955e-6909-4181-bf61-4a5918b17964,run1_rep1,B,OPEN,OPEN,request,CACHE,HIT,0.04483299926505424,0.8018329990591155,INFO,adaptador.request,false,degradado,0.6576670002687024,9207.566286701,9207.567043701,9207.566241868,9207.566944368,CIRCUIT_OPEN,2026-09-05T00:01:50.764364Z
6c0020ca-dc78-4f0f-a031-68e5f7db4930,run1_rep1,B,OPEN,OPEN,request,CACHE,HIT,0.02829100048984401,0.5330410003807629,INFO,adaptador.request,false,degradado,0.44283399984124117,9207.596678201,9207.597182951,9207.59664991,9207.597121035,CIRCUIT_OPEN,2026-09-05T00:01:50.794513Z
25293b9e-087b-4c5b-9f8d-fd57705ea093,run1_rep1,B,OPEN,OPEN,request,CACHE,HIT,0.022458001694758423,0.4052910007885657,INFO,adaptador.request,false,degradado,0.33770799927879125,9207.632168743,9207.632551576,9207.632146285,9207.632506451,CIRCUIT_OPEN,2026-09-05T00:01:50.829849Z
17dbec8a-3ff2-45eb-b573-cab5bed2dd6a,run1_rep1,B,OPEN,OPEN,request,CACHE,HIT,0.01887500002339948,0.4166670005361084,INFO,adaptador.request,false,degradado,0.3359580005053431,9207.647313368,9207.64771116,9207.647294493,9207.647649326,CIRCUIT_OPEN,2026-09-05T00:01:50.845024Z
226d9e4a-5f0e-4bce-8eed-4db860181882,run1_rep1,B,OPEN,OPEN,request,CACHE,HIT,0.01941600021382328,0.38029099960112944,INFO,adaptador.request,false,degradado,0.30529200012097135,9207.668333076,9207.668693951,9207.66831366,9207.668638368,CIRCUIT_OPEN,2026-09-05T00:01:50.866008Z
2d586247-8605-43c4-9893-fbe987fe3a5e,run1_rep1,B,OPEN,OPEN,request,CACHE,HIT,0.020375000531203113,0.38145799953781534,INFO,adaptador.request,false,degradado,0.30787499963480514,9207.674344785,9207.674705868,9207.67432441,9207.67465266,CIRCUIT_OPEN,2026-09-05T00:01:50.872014Z
cf1db25f-4386-4bc1-ae14-ad7cdcf2b58e,run1_rep1,B,OPEN,OPEN,request,CACHE,HIT,0.08549999984097667,0.9652500011725351,INFO,adaptador.request,false,degradado,0.7696250013395911,9207.730044826,9207.730924576,9207.729959326,9207.730814451,CIRCUIT_OPEN,2026-09-05T00:01:50.928272Z
433c4cb6-938b-45b3-bc34-70a2857bd335,run1_rep1,B,OPEN,OPEN,request,CACHE,HIT,0.055791999329812825,0.8594999999331776,INFO,adaptador.request,false,degradado,0.697375000527245,9207.786421535,9207.787225243,9207.786365743,9207.78711891,CIRCUIT_OPEN,2026-09-05T00:01:50.984563Z
be126c7e-a7f9-424a-94f4-fc3e7cbda6dc,run1_rep1,B,OPEN,OPEN,request,CACHE,HIT,0.06112499977461994,1.2815419995604316,INFO,adaptador.request,false,degradado,1.141167000241694,9207.815032493,9207.81625291,9207.814971368,9207.81617366,CIRCUIT_OPEN,2026-09-05T00:01:51.013907Z
c549270d-5df1-4292-a00e-1438237870dd,run1_rep1,B,OPEN,OPEN,request,CACHE,HIT,0.025874998755170964,0.9037079998961417,INFO,adaptador.request,false,degradado,0.8208750004996546,9207.815700827,9207.81657866,9207.815674952,9207.816521702,CIRCUIT_OPEN,2026-09-05T00:01:51.014278Z
3a003b1b-b68b-455f-99a7-82112ad71807,run1_rep1,B,OPEN,OPEN,request,CACHE,HIT,0.030250001145759597,0.5395420012064278,INFO,adaptador.request,false,degradado,0.4403749990160577,9207.84425091,9207.844760202,9207.84422066,9207.844691285,CIRCUIT_OPEN,2026-09-05T00:01:51.042080Z
6e15a810-9c49-47dd-8971-603b516ab636,run1_rep1,B,OPEN,OPEN,request,CACHE,HIT,0.029208000341895968,0.5529579993890366,INFO,adaptador.request,false,degradado,0.43804199958685786,9207.86043566,9207.86095941,9207.860406452,9207.860873702,CIRCUIT_OPEN,2026-09-05T00:01:51.058307Z
10c6a140-776c-4c96-bdd9-98dd5b642506,run1_rep1,B,OPEN,OPEN,request,CACHE,HIT,0.03233400093449745,0.6756670009053778,INFO,adaptador.request,false,degradado,0.5392079983721487,9207.877418952,9207.878062285,9207.877386618,9207.87795816,CIRCUIT_OPEN,2026-09-05T00:01:51.075393Z
85d27cf5-cb3c-4ad1-ada4-704d8fd20458,run1_rep1,B,OPEN,OPEN,request,CACHE,HIT,0.411667000662419,1.4585000008082716,INFO,adaptador.request,false,degradado,0.9247910002159188,9207.909381952,9207.910428785,9207.908970285,9207.910306743,CIRCUIT_OPEN,2026-09-05T00:01:51.107777Z
e0c4172e-812a-4053-9c94-2fcf539b4c5c,run1_rep1,B,OPEN,OPEN,request,CACHE,HIT,0.03470800038485322,0.7396660002996214,INFO,adaptador.request,false,degradado,0.6139580000308342,9207.93458366,9207.935288618,9207.934548952,9207.935197618,CIRCUIT_OPEN,2026-09-05T00:01:51.132620Z
626ca239-2b60-43fe-941b-6faa0e5e3d48,run1_rep1,B,OPEN,OPEN,request,CACHE,HIT,0.03325000034237746,0.8519160001014825,INFO,adaptador.request,false,degradado,0.7103329990059137,9207.970503077,9207.971321743,9207.970469827,9207.97121341,CIRCUIT_OPEN,2026-09-05T00:01:51.168646Z
a30923a6-34fa-4fe7-8cc1-10f492ad6316,run1_rep1,B,OPEN,OPEN,request,CACHE,HIT,0.05529199916054495,0.8757499999774154,INFO,adaptador.request,false,degradado,0.712875000317581,9208.023991577,9208.024812035,9208.023936285,9208.024704452,CIRCUIT_OPEN,2026-09-05T00:01:51.222141Z
ec82b186-28cc-406d-ab68-420472e513e7,run1_rep1,B,OPEN,OPEN,request,CACHE,HIT,0.032916999771259725,0.627500001428416,INFO,adaptador.request,false,degradado,0.5290830013109371,9208.02964066,9208.030235243,9208.029607743,9208.030169743,CIRCUIT_OPEN,2026-09-05T00:01:51.227540Z
5cf6c9a4-9cf8-4175-a356-4179d1047bd9,run1_rep1,B,OPEN,OPEN,request,CACHE,HIT,0.025708999601192772,0.6234169995877892,INFO,adaptador.request,false,degradado,0.5445829992822837,9208.038748077,9208.039345785,9208.038722368,9208.03929266,CIRCUIT_OPEN,2026-09-05T00:01:51.236654Z
d98125e7-8cb6-4dfb-ab21-a9833de1ca85,run1_rep1,B,OPEN,OPEN,request,CACHE,HIT,0.04462500146473758,0.7215830009954516,INFO,adaptador.request,false,degradado,0.5997909993311623,9208.065523077,9208.066200035,9208.065478452,9208.066122868,CIRCUIT_OPEN,2026-09-05T00:01:51.263523Z
9ffaed87-f729-4626-805b-26d7964aae17,run1_rep1,B,OPEN,OPEN,request,CACHE,HIT,0.07316700066439807,0.888082999153994,INFO,adaptador.request,false,degradado,0.701915998433833,9208.125059952,9208.125874868,9208.124986785,9208.125761868,CIRCUIT_OPEN,2026-09-05T00:01:51.323220Z
d63ac83b-e6c6-41a8-8804-1a940666dd02,run1_rep1,B,OPEN,OPEN,request,CACHE,HIT,0.05266600055620074,0.8125829990603961,INFO,adaptador.request,false,degradado,0.6792919994040858,9208.194824243,9208.19558416,9208.194771577,9208.195503535,CIRCUIT_OPEN,2026-09-05T00:01:51.392888Z
57491cbc-3e7b-4f2f-955c-c213f4d6ad61,run1_rep1,B,OPEN,OPEN,request,CACHE,HIT,0.03054100125154946,0.5829580004501622,INFO,adaptador.request,false,degradado,0.49195899919141084,9208.202426493,9208.20297891,9208.202395952,9208.202918452,CIRCUIT_OPEN,2026-09-05T00:01:51.400312Z
0c69eba4-fb54-4141-8d34-e3c72e4e1c5c,run1_rep1,B,OPEN,OPEN,request,CACHE,HIT,0.0563749999855645,0.8726249998289859,INFO,adaptador.request,false,degradado,0.7188750005298061,9208.235706993,9208.236523243,9208.235650618,9208.236425868,CIRCUIT_OPEN,2026-09-05T00:01:51.433841Z
bb573b31-bd0f-4452-a35b-a5ec6217e7e3,run1_rep1,B,OPEN,OPEN,request,CACHE,HIT,0.05041700023866724,0.8183339996321592,INFO,adaptador.request,false,degradado,0.6604169993806863,9208.294073785,9208.294841702,9208.294023368,9208.294734202,CIRCUIT_OPEN,2026-09-05T00:01:51.492189Z
61b06807-fc5a-4d9a-b4ee-871fc33578af,run1_rep1,B,OPEN,OPEN,request,CACHE,HIT,0.03279200063843746,0.7346250004047761,INFO,adaptador.request,false,degradado,0.61291600104596,9208.301367327,9208.30206916,9208.301334535,9208.301980243,CIRCUIT_OPEN,2026-09-05T00:01:51.499407Z
a84dc002-f067-49db-abd0-29b0a5f5a746,run1_rep1,B,OPEN,OPEN,request,CACHE,HIT,0.023624999812454917,0.4998340009478852,INFO,adaptador.request,false,degradado,0.4025840007670922,9208.317812618,9208.318288827,9208.317788993,9208.318215202,CIRCUIT_OPEN,2026-09-05T00:01:51.515616Z
ba08db87-ac0c-4716-8d1e-fd38b4a6c8f9,run1_rep1,B,OPEN,OPEN,request,CACHE,HIT,0.016791000234661624,0.377124999431544,INFO,adaptador.request,false,degradado,0.3144169986626366,9208.326891618,9208.327251952,9208.326874827,9208.327206035,CIRCUIT_OPEN,2026-09-05T00:01:51.524547Z
cba865ef-79c8-48c6-8fdb-3a773d5e7b5f,run1_rep1,B,OPEN,OPEN,request,CACHE,HIT,0.04175000140094198,0.8600000001024455,INFO,adaptador.request,false,degradado,0.7327089988393709,9208.357529368,9208.358347618,9208.357487618,9208.358262077,CIRCUIT_OPEN,2026-09-05T00:01:51.555678Z
114d0a0b-399b-4f4a-b108-0bc4f0ee6e04,run1_rep1,B,OPEN,OPEN,request,CACHE,HIT,0.16062499889812898,1.122624998970423,INFO,adaptador.request,false,degradado,0.8169169996108394,9208.38913566,9208.39009766,9208.388975035,9208.389952577,CIRCUIT_OPEN,2026-09-05T00:01:51.587430Z
0cd3a6c0-9745-4307-8e0a-46ed35249a78,run1_rep1,B,OPEN,OPEN,request,CACHE,HIT,0.03766699956031516,0.5771670003014151,INFO,adaptador.request,false,degradado,0.48033300117822364,9208.41642941,9208.41696891,9208.416391743,9208.416909743,CIRCUIT_OPEN,2026-09-05T00:01:51.614357Z
82cb8737-8351-4dcc-b9b4-e9e08b8f2469,run1_rep1,B,OPEN,OPEN,request,CACHE,HIT,0.030541999876732007,0.5273750011838274,INFO,adaptador.request,false,degradado,0.4425000006449409,9208.447062827,9208.44755966,9208.447032285,9208.447505327,CIRCUIT_OPEN,2026-09-05T00:01:51.644855Z
fa2b1cf2-d1d5-405b-b295-3950a7e0946e,run1_rep1,B,OPEN,OPEN,request,CACHE,HIT,0.01912500010803342,0.522833001014078,INFO,adaptador.request,false,degradado,0.4110830013814848,9208.450595285,9208.451098993,9208.45057616,9208.451006368,CIRCUIT_OPEN,2026-09-05T00:01:51.648403Z
d7681332-7b73-42e2-b0aa-b69fc27c6dfd,run1_rep1,B,OPEN,OPEN,request,CACHE,HIT,0.02391700036241673,0.7154590002755867,INFO,adaptador.request,false,degradado,0.6344169996737037,9208.473765035,9208.474456577,9208.473741118,9208.474399452,CIRCUIT_OPEN,2026-09-05T00:01:51.671738Z
c4c887f9-980b-428e-a4ca-ed2d8e9e74ba,run1_rep1,B,OPEN,OPEN,request,CACHE,HIT,0.026792000426212326,0.5534579995583044,INFO,adaptador.request,false,degradado,0.4560830002446892,9208.488703244,9208.48922991,9208.488676452,9208.489159327,CIRCUIT_OPEN,2026-09-05T00:01:51.686561Z
36854049-4076-4ea7-b64e-23ad6bb8f176,run1_rep1,B,OPEN,OPEN,request,CACHE,HIT,0.04229099977237638,0.7708749999437714,INFO,adaptador.request,false,degradado,0.6392499999492429,9208.52865616,9208.529384744,9208.528613869,9208.52929541,CIRCUIT_OPEN,2026-09-05T00:01:51.726717Z
51251763-49d5-4d83-941a-55d8a66f6563,run1_rep1,B,OPEN,OPEN,request,CACHE,HIT,0.022666999939247034,0.47908299893606454,INFO,adaptador.request,false,degradado,0.3962909995607333,9208.532809869,9208.533266285,9208.532787202,9208.53320616,CIRCUIT_OPEN,2026-09-05T00:01:51.730587Z
3fe9e479-e79a-40e9-9f3b-d1f9e4569410,run1_rep1,B,OPEN,OPEN,request,CACHE,HIT,0.03279100019426551,0.7678330002818257,INFO,adaptador.request,false,degradado,0.6440840006689541,9208.590630535,9208.591365577,9208.590597744,9208.591274619,CIRCUIT_OPEN,2026-09-05T00:01:51.788686Z
916bb039-50d5-4d15-ac84-9319eef646da,run1_rep1,B,OPEN,OPEN,request,CACHE,HIT,0.04254099985701032,0.7656249999854481,INFO,adaptador.request,false,degradado,0.6255420012166724,9208.621083285,9208.621806369,9208.621040744,9208.621708827,CIRCUIT_OPEN,2026-09-05T00:01:51.819140Z
93244c89-f38f-4566-bcbc-5efe7563d844,run1_rep1,B,OPEN,OPEN,request,CACHE,HIT,0.018165999790653586,0.5756659993494395,INFO,adaptador.request,false,degradado,0.490541999170091,9208.664285785,9208.664843285,9208.664267619,9208.664776327,CIRCUIT_OPEN,2026-09-05T00:01:51.862440Z
6f77010a-78f0-4d21-b40a-21618874564d,run1_rep1,B,OPEN,OPEN,request,CACHE,HIT,0.03258399920014199,1.3605419990199152,INFO,adaptador.request,false,degradado,1.278457999433158,9208.663792869,9208.665120827,9208.663760285,9208.665071327,CIRCUIT_OPEN,2026-09-05T00:01:51.862719Z
188ae8a8-55ec-40d3-accc-0bce4533a01d,run1_rep1,B,OPEN,OPEN,request,CACHE,HIT,0.04295899998396635,0.5721669986087363,INFO,adaptador.request,false,degradado,0.4768329999933485,9208.694148869,9208.694678077,9208.69410591,9208.694625702,CIRCUIT_OPEN,2026-09-05T00:01:51.891982Z
f5483944-889a-4006-850a-21cf6e682dac,run1_rep1,B,OPEN,OPEN,request,CACHE,HIT,0.0529589997313451,0.8192919995053671,INFO,adaptador.request,false,degradado,0.6772910001018317,9208.777702744,9208.778469077,9208.777649785,9208.778380035,CIRCUIT_OPEN,2026-09-05T00:01:51.975783Z
26caa0ff-cc20-422c-8051-8def090901f4,run1_rep1,B,OPEN,OPEN,request,CACHE,HIT,0.04095799886272289,0.6597079991479404,INFO,adaptador.request,false,degradado,0.5330420008249348,9208.81708041,9208.81769916,9208.817039452,9208.817613452,CIRCUIT_OPEN,2026-09-05T00:01:52.015022Z
e2b80a09-5d00-4ab8-a711-c7ea40c5b918,run1_rep1,B,OPEN,OPEN,request,CACHE,HIT,0.039832999391364865,1.715290998618002,INFO,adaptador.request,false,degradado,1.5675829999963753,9208.865485327,9208.867160785,9208.865445494,9208.86705291,CIRCUIT_OPEN,2026-09-05T00:01:52.064836Z
5e2c7d9d-57d0-4d5d-a925-b6d9c6a4e6bf,run1_rep1,B,OPEN,OPEN,request,CACHE,HIT,0.030249999326770194,1.2817919996450655,INFO,adaptador.request,false,degradado,1.209250000101747,9208.866274285,9208.867525827,9208.866244035,9208.867483535,CIRCUIT_OPEN,2026-09-05T00:01:52.065150Z
6c263c75-f00e-47ff-bb24-dcd11801f0ce,run1_rep1,B,OPEN,OPEN,request,CACHE,HIT,0.030791999961365946,0.5794580010842765,INFO,adaptador.request,false,degradado,0.47575000098731834,9208.870841244,9208.87138991,9208.870810452,9208.871316994,CIRCUIT_OPEN,2026-09-05T00:01:52.068718Z
f194a4c4-c00c-41a7-9276-ecf2729ad5b4,run1_rep1,B,OPEN,OPEN,request,CACHE,HIT,0.03508299960230943,0.7010410008660983,INFO,adaptador.request,false,degradado,0.5460419997689314,9208.919359577,9208.920025535,9208.919324494,9208.919905619,CIRCUIT_OPEN,2026-09-05T00:01:52.117349Z
a095dcf6-64ef-4999-b95a-b688e7becead,run1_rep1,B,OPEN,OPEN,request,CACHE,HIT,0.05758400038757827,0.8473340003547492,INFO,adaptador.request,false,degradado,0.6819999998697313,9208.952179619,9208.952969369,9208.952122035,9208.952861619,CIRCUIT_OPEN,2026-09-05T00:01:52.150300Z
f134a55f-654d-4040-9ff0-cd2e8dd20283,run1_rep1,B,OPEN,OPEN,request,CACHE,HIT,0.025749999622348696,0.6024160011293134,INFO,adaptador.request,false,degradado,0.522625001394772,9208.953864369,9208.954441035,9208.953838619,9208.954386994,CIRCUIT_OPEN,2026-09-05T00:01:52.151738Z
0b1b0d77-5fa3-47bb-a95e-3ed2ce60b9ce,run1_rep1,B,OPEN,OPEN,request,CACHE,HIT,0.044458000047598034,1.0599580000416609,INFO,adaptador.request,false,degradado,0.9232920001522871,9208.994690452,9208.995705952,9208.994645994,9208.995613744,CIRCUIT_OPEN,2026-09-05T00:01:52.193044Z
d9bfc24f-7185-4adc-977d-400560167498,run1_rep1,B,OPEN,OPEN,request,CACHE,HIT,0.018958000509883277,1.1949580002692528,INFO,adaptador.request,false,degradado,1.1081249995186226,9208.99515041,9208.99632641,9208.995131452,9208.996258535,CIRCUIT_OPEN,2026-09-05T00:01:52.193649Z
51b56522-425b-46d1-bcf5-a42213873496,run1_rep1,B,OPEN,OPEN,request,CACHE,HIT,0.03629100137914065,0.6525410008180188,INFO,adaptador.request,false,degradado,0.5356249985197792,9209.02155341,9209.02216966,9209.021517119,9209.022089035,CIRCUIT_OPEN,2026-09-05T00:01:52.219499Z
163eb3ce-b934-46d2-b311-91ff66582b31,run1_rep1,B,OPEN,OPEN,request,CACHE,HIT,0.0657500004308531,1.0345829996367684,INFO,adaptador.request,false,degradado,0.8385000000998843,9209.059108494,9209.060077327,9209.059042744,9209.059946994,CIRCUIT_OPEN,2026-09-05T00:01:52.257404Z
cf7fc325-48cb-43ce-8166-2de15e6f9a6e,run1_rep1,B,OPEN,OPEN,request,CACHE,HIT,0.03975000072387047,0.6964170006540371,INFO,adaptador.request,false,degradado,0.588249999054824,9209.06470941,9209.065366077,9209.06466966,9209.06529766,CIRCUIT_OPEN,2026-09-05T00:01:52.262673Z
6624dcc4-167d-4a81-8d22-7e15f5159163,run1_rep1,B,OPEN,OPEN,request,CACHE,HIT,0.04037500002596062,0.6623750014114194,INFO,adaptador.request,false,degradado,0.5499159997270908,9209.105630994,9209.106252994,9209.105590619,9209.10618091,CIRCUIT_OPEN,2026-09-05T00:01:52.303565Z
babf8784-a332-4e70-a375-a08702ff8a3b,run1_rep1,B,OPEN,OPEN,request,CACHE,HIT,0.061624999943887815,0.7842079994588858,INFO,adaptador.request,false,degradado,0.6236669996724231,9209.174174827,9209.17489741,9209.174113202,9209.174798494,CIRCUIT_OPEN,2026-09-05T00:01:52.372249Z
0198bea2-853e-4cab-9e5c-896c66c88eea,run1_rep1,B,OPEN,OPEN,request,CACHE,HIT,0.03825000021606684,0.6617079998250119,INFO,adaptador.request,false,degradado,0.5267920005280757,9209.206466369,9209.207089827,9209.206428119,9209.206993161,CIRCUIT_OPEN,2026-09-05T00:01:52.404396Z
f99d0c7f-9894-4dcb-b218-fa3d8268892c,run1_rep1,B,OPEN,OPEN,request,CACHE,HIT,0.03366700002516154,0.578125000174623,INFO,adaptador.request,false,degradado,0.4866660001425771,9209.218360161,9209.218904619,9209.218326494,9209.218846827,CIRCUIT_OPEN,2026-09-05T00:01:52.416200Z
530ba81b-be09-48e2-8b5a-13f1d533975b,run1_rep1,B,OPEN,OPEN,request,CACHE,HIT,0.04058400008943863,0.7175840000854805,INFO,adaptador.request,false,degradado,0.5927079982939176,9209.248834911,9209.249511911,9209.248794327,9209.249427619,CIRCUIT_OPEN,2026-09-05T00:01:52.446833Z
d94777dc-20fb-4558-bf65-91318ac22cbf,run1_rep1,B,OPEN,OPEN,request,CACHE,HIT,0.03887499951815698,1.1550420003914041,INFO,adaptador.request,false,degradado,1.0299170007783687,9209.300342202,9209.301458369,9209.300303327,9209.301372119,CIRCUIT_OPEN,2026-09-05T00:01:52.499110Z
da85f2c3-89a2-4cb4-a8dc-7606864e1ff1,run1_rep1,B,OPEN,OPEN,request,CACHE,HIT,0.025834000553004444,0.9102920012082905,INFO,adaptador.request,false,degradado,0.8240000006480841,9209.300892661,9209.301777119,9209.300866827,9209.301716661,CIRCUIT_OPEN,2026-09-05T00:01:52.499497Z
cef1d50d-377c-4528-81b7-7b849d0a75eb,run1_rep1,B,OPEN,OPEN,request,CACHE,HIT,0.07354199988185428,0.8571670005039778,INFO,adaptador.request,false,degradado,0.6740829994669184,9209.407026494,9209.407810119,9209.406952952,9209.407700577,CIRCUIT_OPEN,2026-09-05T00:01:52.605148Z
99e5a76a-4a04-4f00-8762-fb4af4fe71cc,run1_rep1,B,OPEN,OPEN,request,CACHE,HIT,0.06262500028242357,0.973584001258132,INFO,adaptador.request,false,degradado,0.811709000117844,9209.431350952,9209.432261911,9209.431288327,9209.432162661,CIRCUIT_OPEN,2026-09-05T00:01:52.629590Z
68e64ca6-2700-4fc3-8621-b8b7239892cd,run1_rep1,B,OPEN,OPEN,request,CACHE,HIT,0.046708000809303485,0.7621660006407183,INFO,adaptador.request,false,degradado,0.6254580002860166,9209.464972369,9209.465687827,9209.464925661,9209.465597827,CIRCUIT_OPEN,2026-09-05T00:01:52.663023Z
241d6f34-5a61-4d30-aad6-b1fa4be63078,run1_rep1,B,OPEN,OPEN,request,CACHE,HIT,0.037709000025643036,0.6808750003983732,INFO,adaptador.request,false,degradado,0.5654579999827547,9209.479813036,9209.480456202,9209.479775327,9209.480378494,CIRCUIT_OPEN,2026-09-05T00:01:52.677784Z
3c6b108b-815f-484d-9cee-b6e0a87924ac,run1_rep1,B,OPEN,OPEN,request,CACHE,HIT,0.052166000386932865,1.229666000654106,INFO,adaptador.request,false,degradado,1.0946250004053582,9209.554327827,9209.555505327,9209.554275661,9209.555422452,CIRCUIT_OPEN,2026-09-05T00:01:52.753059Z
90d3cf18-39bf-4a42-b531-4518391d5879,run1_rep1,B,OPEN,OPEN,request,CACHE,HIT,0.024083001335384324,0.8733330014365492,INFO,adaptador.request,false,degradado,0.8097089994407725,9209.554902952,9209.555752202,9209.554878869,9209.555712661,CIRCUIT_OPEN,2026-09-05T00:01:52.753401Z
86322272-46f0-4df8-9396-a0bde49196de,run1_rep1,B,OPEN,OPEN,request,CACHE,HIT,0.03762499909498729,0.6536660002893768,INFO,adaptador.request,false,degradado,0.5387080000218702,9209.581515536,9209.582131577,9209.581477911,9209.582054244,CIRCUIT_OPEN,2026-09-05T00:01:52.779459Z
fa606a87-83e8-40eb-8735-a330069d676b,run1_rep1,B,OPEN,OPEN,request,CACHE,HIT,0.032916999771259725,0.8264169991889503,INFO,adaptador.request,false,degradado,0.7079160004650475,9209.595687661,9209.596481161,9209.595654744,9209.596395577,CIRCUIT_OPEN,2026-09-05T00:01:52.793872Z
32e29677-ddb9-4edb-ba65-734500300a2f,run1_rep1,B,OPEN,OPEN,request,CACHE,HIT,0.028833999749622308,0.7754999987810152,INFO,adaptador.request,false,degradado,0.5997909993311623,9209.609382786,9209.610129452,9209.609353952,9209.609982577,CIRCUIT_OPEN,2026-09-05T00:01:52.807514Z
9e32e7b3-b99a-4dbe-a59a-fc10dd4b3fce,run1_rep1,B,OPEN,OPEN,request,CACHE,HIT,0.05704100112779997,1.0010000005422626,INFO,adaptador.request,false,degradado,0.7817499990778742,9209.680149952,9209.681093911,9209.680092911,9209.680931702,CIRCUIT_OPEN,2026-09-05T00:01:52.878430Z
f2ca3ee2-5ae8-420f-8479-3e0523598455,run1_rep1,B,OPEN,OPEN,request,CACHE,HIT,0.03616700087150093,0.676042000122834,INFO,adaptador.request,false,degradado,0.5351659983716672,9209.686450536,9209.687090411,9209.686414369,9209.686985702,CIRCUIT_OPEN,2026-09-05T00:01:52.884422Z
bb7b738e-3991-48be-ac57-758c305130d7,run1_rep1,B,OPEN,OPEN,request,CACHE,HIT,0.07512499905715231,0.9578329991200007,INFO,adaptador.request,false,degradado,0.7668329999432899,9209.785049744,9209.785932452,9209.784974619,9209.785816577,CIRCUIT_OPEN,2026-09-05T00:01:52.983278Z
b9263cb2-9b12-4755-befe-99d7fda257cb,run1_rep1,B,OPEN,OPEN,request,CACHE,HIT,0.028832999305450357,0.7555409993074136,INFO,adaptador.request,false,degradado,0.6512920008390211,9209.788365994,9209.789092702,9209.788337161,9209.789017286,CIRCUIT_OPEN,2026-09-05T00:01:52.986452Z
50d6e0e7-76ea-4ea2-873b-de3c36387c09,run1_rep1,B,OPEN,OPEN,request,CACHE,HIT,0.024249999114545062,0.5526249988179188,INFO,adaptador.request,false,degradado,0.46262500109151006,9209.791979577,9209.792507952,9209.791955327,9209.792442202,CIRCUIT_OPEN,2026-09-05T00:01:52.989831Z
fc852cb7-c87a-4166-80ec-525a5f737136,run1_rep1,B,OPEN,OPEN,request,CACHE,HIT,0.042334000681876205,1.1035839997930452,INFO,adaptador.request,false,degradado,0.9626249993743841,9209.877932911,9209.878994161,9209.877890577,9209.878895536,CIRCUIT_OPEN,2026-09-05T00:01:53.076370Z
cb4176e9-68ae-4779-940c-84c9e989fffa,run1_rep1,B,OPEN,OPEN,request,CACHE,HIT,0.03329099854454398,1.082790999134886,INFO,adaptador.request,false,degradado,0.8905840004445054,9209.888750244,9209.889799744,9209.888716953,9209.889640828,CIRCUIT_OPEN,2026-09-05T00:01:53.087180Z
2e6e7f24-7253-446f-95c4-a8250ab1ed5e,run1_rep1,B,OPEN,OPEN,request,CACHE,HIT,0.03920800008927472,0.8417499993811361,INFO,adaptador.request,false,degradado,0.7433749997289851,9209.908126786,9209.908929328,9209.908087578,9209.908870161,CIRCUIT_OPEN,2026-09-05T00:01:53.106243Z
9261e211-f452-46fe-bffa-f66ebecd0305,run1_rep1,B,OPEN,OPEN,request,CACHE,HIT,0.02204100019298494,0.3941249997296836,INFO,adaptador.request,false,degradado,0.3298339997854782,9210.000879744,9210.001251828,9210.000857703,9210.001209578,CIRCUIT_OPEN,2026-09-05T00:01:53.198528Z
cad5a9aa-ef1e-4ea0-9ae7-bd2b150cfcf9,run1_rep1,B,OPEN,OPEN,request,CACHE,HIT,0.02233300074294675,0.8454170001641614,INFO,adaptador.request,false,degradado,0.7612499994138489,9210.033195869,9210.034018953,9210.033173536,9210.033957119,CIRCUIT_OPEN,2026-09-05T00:01:53.231550Z
2753d2c8-a4d6-4408-a22e-6f5b13b37934,run1_rep1,B,OPEN,OPEN,request,CACHE,HIT,0.017750000552041456,0.6865840005048085,INFO,adaptador.request,false,degradado,0.6277089996729046,9210.033581869,9210.034250703,9210.033564119,9210.034209578,CIRCUIT_OPEN,2026-09-05T00:01:53.231748Z
6a9f2f80-420e-4913-9698-970c22b9a3b9,run1_rep1,B,OPEN,OPEN,request,CACHE,HIT,0.017583000953891315,0.36425000143935904,INFO,adaptador.request,false,degradado,0.2915419991040835,9210.067581661,9210.067928328,9210.067564078,9210.067873203,CIRCUIT_OPEN,2026-09-05T00:01:53.265254Z
b625c044-8b3c-4315-93b9-ea20cb675133,run1_rep1,B,OPEN,OPEN,request,CACHE,HIT,0.022333999368129298,0.4636249996110564,INFO,adaptador.request,false,degradado,0.3897080005117459,9210.106276703,9210.106717994,9210.106254369,9210.106666411,CIRCUIT_OPEN,2026-09-05T00:01:53.304014Z
dfcec093-f64e-45b0-a749-fc51a2236bfc,run1_rep1,B,OPEN,OPEN,request,CACHE,HIT,0.018791999536915682,0.3895419995387783,INFO,adaptador.request,false,degradado,0.3215830001863651,9210.111186453,9210.111557203,9210.111167661,9210.111508036,CIRCUIT_OPEN,2026-09-05T00:01:53.308854Z
211dcc7c-cb58-4a3b-bdfa-89aeab0a10ca,run1_rep1,B,OPEN,OPEN,request,CACHE,HIT,0.017916998331202194,0.3786669985856861,INFO,adaptador.request,false,degradado,0.30916600007913075,9210.127256953,9210.127617703,9210.127239036,9210.127566119,CIRCUIT_OPEN,2026-09-05T00:01:53.324912Z
20891a32-c9ba-4f0e-8f56-47e851be0d3b,run1_rep1,B,OPEN,OPEN,request,CACHE,HIT,0.049500000386615284,0.8177919989975635,INFO,adaptador.request,false,degradado,0.6492499996966217,9210.182299411,9210.183067703,9210.182249911,9210.182948661,CIRCUIT_OPEN,2026-09-05T00:01:53.380402Z
43208433-5207-4ed7-9c72-c575f25659e9,run1_rep1,B,OPEN,OPEN,request,CACHE,HIT,0.04983399958291557,1.5819999989616917,INFO,adaptador.request,false,degradado,1.4481660000456031,9210.243671328,9210.245203494,9210.243621494,9210.245119494,CIRCUIT_OPEN,2026-09-05T00:01:53.442897Z
bc36d95c-c91d-49f1-ac53-fb3659f169e7,run1_rep1,B,OPEN,OPEN,request,CACHE,HIT,0.019458000679151155,1.4352500002132729,INFO,adaptador.request,false,degradado,1.3654169997607823,9210.244169661,9210.245585453,9210.244150203,9210.245535078,CIRCUIT_OPEN,2026-09-05T00:01:53.443775Z
76a139ea-fa5d-4e97-8a9d-52fe02ca6080,run1_rep1,B,OPEN,OPEN,request,CACHE,HIT,0.02262499947391916,1.4237499999580905,INFO,adaptador.request,false,degradado,1.2723750005534384,9210.244989619,9210.246390744,9210.244966994,9210.246261994,CIRCUIT_OPEN,2026-09-05T00:01:53.444458Z
029017de-685a-483a-b237-5dad7460b909,run1_rep1,B,OPEN,OPEN,request,CACHE,HIT,0.026540999897406437,0.5012080000597052,INFO,adaptador.request,false,degradado,0.40654199983691797,9210.252911244,9210.253385911,9210.252884703,9210.253317786,CIRCUIT_OPEN,2026-09-05T00:01:53.450710Z
2f154b3c-1755-4b77-9110-1d11a6690e56,run1_rep1,B,OPEN,OPEN,request,CACHE,HIT,0.02154200046788901,0.45816700003342703,INFO,adaptador.request,false,degradado,0.3828749995591352,9210.282750078,9210.283186703,9210.282728536,9210.283132953,CIRCUIT_OPEN,2026-09-05T00:01:53.480493Z
fb33651c-69d6-40bc-b061-d63d1fc32402,run1_rep1,B,OPEN,OPEN,request,CACHE,HIT,0.05454200072563253,0.8046670009207446,INFO,adaptador.request,false,degradado,0.6616249993385281,9210.368712411,9210.369462536,9210.368657869,9210.369374036,CIRCUIT_OPEN,2026-09-05T00:01:53.566795Z
2e854c5e-e464-48b5-becf-1c1e32df7112,run1_rep1,B,OPEN,OPEN,request,CACHE,HIT,0.035000000934815034,1.2058749998686835,INFO,adaptador.request,false,degradado,1.0895839986915234,9210.445698994,9210.446869869,9210.445663994,9210.446788578,CIRCUIT_OPEN,2026-09-05T00:01:53.644494Z
daae89ce-5c7b-45bd-8e8a-bcba9b7ff16f,run1_rep1,B,OPEN,OPEN,request,CACHE,HIT,0.024583001504652202,0.9389580009155907,INFO,adaptador.request,false,degradado,0.8704589999979362,9210.446265119,9210.447179494,9210.446240536,9210.447135578,CIRCUIT_OPEN,2026-09-05T00:01:53.644879Z
5197c0a8-b7d8-47d0-ae09-76298ddf30c1,run1_rep1,B,OPEN,OPEN,request,CACHE,HIT,0.05149999924469739,0.8219589999498567,INFO,adaptador.request,false,degradado,0.6659589998889714,9210.476418494,9210.477188953,9210.476366994,9210.477084453,CIRCUIT_OPEN,2026-09-05T00:01:53.674523Z
432de59a-dc70-4aa8-a262-95e5a92c5320,run1_rep1,B,OPEN,OPEN,request,CACHE,HIT,0.04400000034365803,0.6797080004616873,INFO,adaptador.request,false,degradado,0.5585830003838055,9210.510330411,9210.510966119,9210.510286411,9210.510888994,CIRCUIT_OPEN,2026-09-05T00:01:53.708328Z
da9a5539-ba65-4e57-b0a6-d382f19ba04a,run1_rep1,B,OPEN,OPEN,request,CACHE,HIT,0.0457499991171062,1.1641660003078869,INFO,adaptador.request,false,degradado,1.025041001412319,9210.542372953,9210.543491369,9210.542327203,9210.543397994,CIRCUIT_OPEN,2026-09-05T00:01:53.741082Z
e02df757-fa70-4851-b934-76ab83f8d6db,run1_rep1,B,OPEN,OPEN,request,CACHE,HIT,0.04279099994164426,0.9333329999208217,INFO,adaptador.request,false,degradado,0.8416670007136418,9210.542871369,9210.543761911,9210.542828578,9210.543713036,CIRCUIT_OPEN,2026-09-05T00:01:53.741444Z
364ea3c3-aebd-4382-bc7f-f7dbd3caf263,run1_rep1,B,OPEN,OPEN,request,CACHE,HIT,0.06174999907671008,1.076499998816871,INFO,adaptador.request,false,degradado,0.9037920008267974,9210.624541328,9210.625556078,9210.624479578,9210.62544512,CIRCUIT_OPEN,2026-09-05T00:01:53.822877Z
b448522a-fa52-406b-9d05-c132ae96c797,run1_rep1,B,OPEN,OPEN,request,CACHE,HIT,0.037833999158465303,0.6748339983460028,INFO,adaptador.request,false,degradado,0.5705830008082557,9210.65697912,9210.65761612,9210.656941286,9210.657549703,CIRCUIT_OPEN,2026-09-05T00:01:53.854920Z
2c04665e-8fcd-4e1c-91e5-2e0d80e95f54,run1_rep1,B,OPEN,OPEN,request,CACHE,HIT,0.025292001737398095,0.47487500160059426,INFO,adaptador.request,false,degradado,0.3761249990930082,9210.675308203,9210.675757786,9210.675282911,9210.675684328,CIRCUIT_OPEN,2026-09-05T00:01:53.873089Z
3fc5e656-f6d9-4cd4-a2b9-ab41065f3d3e,run1_rep1,B,OPEN,OPEN,request,CACHE,HIT,0.018041999283013865,0.4015419999632286,INFO,adaptador.request,false,degradado,0.32345799991162494,9210.68043587,9210.68081937,9210.680417828,9210.680759328,CIRCUIT_OPEN,2026-09-05T00:01:53.878123Z
9e4dcf07-1317-42e4-a291-80fb3b86d03f,run1_rep1,B,OPEN,OPEN,request,CACHE,HIT,0.05333300032361876,1.104625000152737,INFO,adaptador.request,false,degradado,0.9469590004300699,9210.745881411,9210.746932703,9210.745828078,9210.74682837,CIRCUIT_OPEN,2026-09-05T00:01:53.944294Z
0fc428bb-9c24-43c1-bc51-42b6ff97f4d4,run1_rep1,B,OPEN,OPEN,request,CACHE,HIT,0.025124998501269147,1.0437499986437615,INFO,adaptador.request,false,degradado,0.9630000004108297,9210.746701453,9210.747720078,9210.746676328,9210.747664453,CIRCUIT_OPEN,2026-09-05T00:01:53.945316Z
de132f86-26ff-489a-8de7-2ab8aeebfaef,run1_rep1,B,OPEN,OPEN,request,CACHE,HIT,0.04708400047093164,0.727000000551925,INFO,adaptador.request,false,degradado,0.5923330008954508,9210.784119995,9210.784799911,9210.784072911,9210.784712328,CIRCUIT_OPEN,2026-09-05T00:01:53.982123Z
39f5cf71-bb56-4a1b-86c7-84e088aa3393,run1_rep1,B,OPEN,OPEN,request,CACHE,HIT,0.04187500053376425,0.9681249994173413,INFO,adaptador.request,false,degradado,0.8116669996525161,9210.875643703,9210.876569953,9210.875601828,9210.87645537,CIRCUIT_OPEN,2026-09-05T00:01:54.073908Z
c9866752-a976-48af-9ad8-769ce918de6f,run1_rep1,B,OPEN,OPEN,request,CACHE,HIT,0.041541999962646514,0.7109170001058374,INFO,adaptador.request,false,degradado,0.585750000027474,9210.899207578,9210.899876953,9210.899166036,9210.899793328,CIRCUIT_OPEN,2026-09-05T00:01:54.097201Z
e95861ff-6a8e-4a1e-ac1a-751d69c79e4a,run1_rep1,B,OPEN,OPEN,request,CACHE,HIT,0.052207999033271335,1.4305829990917118,INFO,adaptador.request,false,degradado,1.2516250008047791,9210.919424078,9210.920802453,9210.91937187,9210.920675703,CIRCUIT_OPEN,2026-09-05T00:01:54.118206Z
7fda723b-930e-454a-ac06-9c1376c885e6,run1_rep1,B,OPEN,OPEN,request,CACHE,HIT,0.0501670001540333,0.795292000475456,INFO,adaptador.request,false,degradado,0.6701250003970927,9210.969361995,9210.97010712,9210.969311828,9210.97003212,CIRCUIT_OPEN,2026-09-05T00:01:54.167408Z
4aae585b-f28a-471e-838a-ea920fba9fd7,run1_rep1,B,OPEN,OPEN,request,CACHE,HIT,0.037542000427492894,0.6814999997004634,INFO,adaptador.request,false,degradado,0.5665409989887848,9210.97721262,9210.977856578,9210.977175078,9210.977779161,CIRCUIT_OPEN,2026-09-05T00:01:54.175187Z
d5986029-fcf9-4a1e-8f72-3c3eee3451c5,run1_rep1,B,OPEN,OPEN,request,CACHE,HIT,0.020291998225729913,0.49374999980500434,INFO,adaptador.request,false,degradado,0.41408300057810266,9210.982960495,9210.983433953,9210.982940203,9210.983374578,CIRCUIT_OPEN,2026-09-05T00:01:54.180747Z
b0d6655f-649a-414e-8675-77793205cad9,run1_rep1,B,OPEN,OPEN,request,CACHE,HIT,0.022125001123640686,0.43700000060198363,INFO,adaptador.request,false,degradado,0.35016699985135347,9211.018278661,9211.018693536,9211.018256536,9211.018628828,CIRCUIT_OPEN,2026-09-05T00:01:54.216006Z
9dabc874-8eeb-42a7-9df9-202dc32fecba,run1_rep1,B,OPEN,OPEN,request,CACHE,HIT,0.0412499994126847,0.7022499994491227,INFO,adaptador.request,false,degradado,0.5949170008534566,9211.052483578,9211.053144578,9211.052442328,9211.053078495,CIRCUIT_OPEN,2026-09-05T00:01:54.250450Z
8cef242b-e4c8-4238-b115-09030a06b342,run1_rep1,B,OPEN,OPEN,request,CACHE,HIT,0.043000000005122274,0.8189589989342494,INFO,adaptador.request,false,degradado,0.6952089988772059,9211.107965286,9211.108741245,9211.107922286,9211.108660495,CIRCUIT_OPEN,2026-09-05T00:01:54.306052Z
6bb57740-025b-4889-8960-96f4966ac381,run1_rep1,B,OPEN,OPEN,request,CACHE,HIT,0.03570800072338898,0.7697500004724134,INFO,adaptador.request,false,degradado,0.6534579988510814,9211.114306953,9211.115040995,9211.114271245,9211.114960411,CIRCUIT_OPEN,2026-09-05T00:01:54.312369Z
806a77fc-db49-4216-aadb-447d40a43756,run1_rep1,B,OPEN,OPEN,request,CACHE,HIT,0.030667000828543678,0.5486669997480931,INFO,adaptador.request,false,degradado,0.4488750000746222,9211.138205953,9211.138723953,9211.138175286,9211.138654828,CIRCUIT_OPEN,2026-09-05T00:01:54.336041Z
05d4393a-ee9f-4542-928c-8ee82eca634d,run1_rep1,B,OPEN,OPEN,request,CACHE,HIT,0.04524999894783832,1.030249999530497,INFO,adaptador.request,false,degradado,0.8442920006928034,9211.207401286,9211.208386286,9211.207356036,9211.208245578,CIRCUIT_OPEN,2026-09-05T00:01:54.405733Z
74b15f6a-61c7-459a-b73a-443b9e962f03,run1_rep1,B,OPEN,OPEN,request,CACHE,HIT,0.04425000042829197,0.7430410005326848,INFO,adaptador.request,false,degradado,0.5991250000079162,9211.211923245,9211.212622036,9211.211878995,9211.21252237,CIRCUIT_OPEN,2026-09-05T00:01:54.409981Z
76871d32-2ffa-4778-99df-1e3cc5fa5775,run1_rep1,B,OPEN,OPEN,request,CACHE,HIT,0.020958999812137336,0.45308399967325386,INFO,adaptador.request,false,degradado,0.3665829990495695,9211.236354495,9211.23678662,9211.236333536,9211.236721078,CIRCUIT_OPEN,2026-09-05T00:01:54.434118Z
25acd772-0310-4536-bff5-dd8a2bd4954e,run1_rep1,B,OPEN,OPEN,request,CACHE,HIT,0.021374999050749466,0.40141599856724497,INFO,adaptador.request,false,degradado,0.3321250005683396,9211.24752112,9211.247901161,9211.247499745,9211.247853245,CIRCUIT_OPEN,2026-09-05T00:01:54.445199Z
39baa50a-d989-455b-8e68-e64f5c0b49ab,run1_rep1,B,OPEN,OPEN,request,CACHE,HIT,0.044209000407136045,0.7289589993888512,INFO,adaptador.request,false,degradado,0.593415999901481,9211.313432037,9211.314116787,9211.313387828,9211.314025453,CIRCUIT_OPEN,2026-09-05T00:01:54.511449Z
9290d4a5-ff66-4cf8-ae6f-7fa29dd0d18f,run1_rep1,B,OPEN,OPEN,request,CACHE,HIT,0.02808399949572049,0.504208999700495,INFO,adaptador.request,false,degradado,0.41975000021921005,9211.327269537,9211.327745662,9211.327241453,9211.327689287,CIRCUIT_OPEN,2026-09-05T00:01:54.525047Z
034b9e76-e466-49c6-9fba-98c474750be0,run1_rep1,B,OPEN,OPEN,request,CACHE,HIT,0.0569160001759883,1.4139579998300178,INFO,adaptador.request,false,degradado,1.2535839996417053,9211.433482828,9211.43483987,9211.433425912,9211.434736412,CIRCUIT_OPEN,2026-09-05T00:01:54.632450Z
31f1aa71-1553-42c9-88e0-8692a800a729,run1_rep1,B,OPEN,OPEN,request,CACHE,HIT,0.03420799839659594,1.0362499997427221,INFO,adaptador.request,false,degradado,0.9494590012764093,9211.434136453,9211.435138495,9211.434102245,9211.435085912,CIRCUIT_OPEN,2026-09-05T00:01:54.632744Z
09c23aca-5a0a-4d34-9c6b-c83607660f87,run1_rep1,B,OPEN,OPEN,request,CACHE,HIT,0.05124999916006345,0.6773749992134981,INFO,adaptador.request,false,degradado,0.5431669997051358,9211.459303578,9211.459929703,9211.459252328,9211.459846745,CIRCUIT_OPEN,2026-09-05T00:01:54.657277Z
0031a66e-421d-4305-91f1-34b0eceeffec,run1_rep1,B,OPEN,OPEN,request,CACHE,HIT,0.026959000024362467,0.5775000008725328,INFO,adaptador.request,false,degradado,0.4755830013891682,9211.464060162,9211.464610703,9211.464033203,9211.464535745,CIRCUIT_OPEN,2026-09-05T00:01:54.661938Z
dbc4e6be-4fea-4717-9d34-c8379db7fce9,run1_rep1,B,OPEN,OPEN,request,CACHE,HIT,0.05933299871685449,0.9822079991863575,INFO,adaptador.request,false,degradado,0.8051250006246846,9211.531346245,9211.53226912,9211.531286912,9211.53215137,CIRCUIT_OPEN,2026-09-05T00:01:54.729617Z
f738b2b1-d8ca-469e-b385-7ef6e194a2d4,run1_rep1,B,OPEN,OPEN,request,CACHE,HIT,0.054041000112192705,0.7981250000739237,INFO,adaptador.request,false,degradado,0.6633749999309657,9211.574030828,9211.574774912,9211.573976787,9211.574694203,CIRCUIT_OPEN,2026-09-05T00:01:54.772130Z
7eec8752-7a07-4f58-b224-c4eb578ab0a1,run1_rep1,B,OPEN,OPEN,request,CACHE,HIT,0.024540999220334925,0.5312909997883253,INFO,adaptador.request,false,degradado,0.44004200026392937,9211.591396078,9211.591902828,9211.591371537,9211.59183612,CIRCUIT_OPEN,2026-09-05T00:01:54.789248Z
35489f95-99e7-41f3-b9f9-e5635e433f1a,run1_rep1,B,OPEN,OPEN,request,CACHE,HIT,0.01970899938896764,0.4359169997769641,INFO,adaptador.request,false,degradado,0.3680000008898787,9211.620909037,9211.621325245,9211.620889328,9211.621277037,CIRCUIT_OPEN,2026-09-05T00:01:54.818630Z
fb3e53e2-6fe8-434f-b17a-3dcf8997518a,run1_rep1,B,OPEN,OPEN,request,CACHE,HIT,0.046082999688223936,0.7206669997685822,INFO,adaptador.request,false,degradado,0.5803750009363284,9211.684706203,9211.685380787,9211.68466012,9211.685286578,CIRCUIT_OPEN,2026-09-05T00:01:54.882719Z
cb687cc6-7e0b-4795-a0a6-d4eb2629f8c8,run1_rep1,B,OPEN,OPEN,request,CACHE,HIT,0.039958000343176536,0.5972079998173285,INFO,adaptador.request,false,degradado,0.4812499992112862,9211.714100953,9211.714658203,9211.714060995,9211.714582203,CIRCUIT_OPEN,2026-09-05T00:01:54.911989Z
1ed95484-2963-4398-bd83-b49ca38a2d14,run1_rep1,B,OPEN,OPEN,request,CACHE,HIT,0.027624999347608536,0.5357080008252524,INFO,adaptador.request,false,degradado,0.45254100041347556,9211.718959662,9211.719467745,9211.718932037,9211.719412203,CIRCUIT_OPEN,2026-09-05T00:01:54.916770Z
af98d145-b039-497a-9993-ebd82a08c3b4,run1_rep1,B,OPEN,OPEN,request,CACHE,HIT,0.0563749999855645,0.8541670013073599,INFO,adaptador.request,false,degradado,0.6968750003579771,9211.819106328,9211.81990412,9211.819049953,9211.819803203,CIRCUIT_OPEN,2026-09-05T00:01:55.017251Z
3f8eeff6-d342-4a66-822f-d0f551b61a7a,run1_rep1,B,OPEN,OPEN,request,CACHE,HIT,0.037542000427492894,0.9477090006839717,INFO,adaptador.request,false,degradado,0.8239580001827562,9211.85080962,9211.851719787,9211.850772078,9211.851633578,CIRCUIT_OPEN,2026-09-05T00:01:55.049038Z
2d27a49e-803b-4799-b177-c9cf0f851567,run1_rep1,B,OPEN,OPEN,request,CACHE,HIT,0.03854199894703925,1.1055830000259448,INFO,adaptador.request,false,degradado,0.98887500098499,9211.868903162,9211.869970203,9211.86886462,9211.869892037,CIRCUIT_OPEN,2026-09-05T00:01:55.067311Z
c0577dfa-05bb-4094-bb47-27606fdbd5f7,run1_rep1,B,OPEN,OPEN,request,CACHE,HIT,0.02350000067963265,1.18408300113515,INFO,adaptador.request,false,degradado,1.091582998924423,9211.869419495,9211.870580078,9211.869395995,9211.870511078,CIRCUIT_OPEN,2026-09-05T00:01:55.068042Z
24f595d8-d8ea-4d2b-a54c-6902be933dfd,run1_rep1,B,OPEN,OPEN,request,CACHE,HIT,0.03950000063923653,0.687667001329828,INFO,adaptador.request,false,degradado,0.5506249999598367,9211.89447637,9211.895124537,9211.89443687,9211.895026995,CIRCUIT_OPEN,2026-09-05T00:01:55.092457Z
1b8966cf-cb29-4b8c-bd40-4ae87f0d68e3,run1_rep1,B,OPEN,OPEN,request,CACHE,HIT,0.03920800008927472,1.66700000045239,INFO,adaptador.request,false,degradado,1.4552499997080304,9211.929621203,9211.931248995,9211.929581995,9211.931076453,CIRCUIT_OPEN,2026-09-05T00:01:55.129022Z
7fd74ecd-ae4d-4343-ae2b-8d93f57f87f7,run1_rep1,B,OPEN,OPEN,request,CACHE,HIT,0.023042000975692645,0.42054200093843974,INFO,adaptador.request,false,degradado,0.344541000231402,9211.951440662,9211.951838162,9211.95141762,9211.951785203,CIRCUIT_OPEN,2026-09-05T00:01:55.149209Z
5b87724a-b7f6-4701-893f-b38a24650775,run1_rep1,B,OPEN,OPEN,request,CACHE,HIT,0.019332999727339484,0.9551660004945006,INFO,adaptador.request,false,degradado,0.8578750002925517,9211.970333745,9211.971269578,9211.970314412,9211.97119162,CIRCUIT_OPEN,2026-09-05T00:01:55.168643Z
63a8e208-5f66-4044-93ae-00397a7dfcf0,run1_rep1,B,OPEN,OPEN,request,CACHE,HIT,0.020166999092907645,0.3794589993049158,INFO,adaptador.request,false,degradado,0.3231669998058351,9211.974047995,9211.974407287,9211.974027828,9211.974371162,CIRCUIT_OPEN,2026-09-05T00:01:55.171757Z
127b5ff8-9624-48ab-8cb5-df13ca91033c,run1_rep1,B,OPEN,OPEN,request,CACHE,HIT,0.03412500154809095,0.3808330002357252,INFO,adaptador.request,false,degradado,0.30412499836529605,9212.020018245,9212.020364953,9212.01998412,9212.02032237,CIRCUIT_OPEN,2026-09-05T00:01:55.217727Z
88a934f1-b17e-426d-a336-803cbbccac08,run1_rep1,B,OPEN,OPEN,request,CACHE,HIT,0.02179200055252295,0.3795829998125555,INFO,adaptador.request,false,degradado,0.30966599842940923,9212.070102162,9212.070459953,9212.07008037,9212.070411828,CIRCUIT_OPEN,2026-09-05T00:01:55.267822Z
215250e3-c6fc-45ab-bddf-d282bf9cff52,run1_rep1,B,OPEN,OPEN,request,CACHE,HIT,0.02033400051004719,0.3796250002778834,INFO,adaptador.request,false,degradado,0.3089580004598247,9212.075327662,9212.075686953,9212.075307328,9212.07563662,CIRCUIT_OPEN,2026-09-05T00:01:55.273059Z
4bbe3d4d-a0af-4631-8244-a5999ab40056,run1_rep1,B,OPEN,OPEN,request,CACHE,HIT,0.01900000097521115,0.3930420007236535,INFO,adaptador.request,false,degradado,0.3274589998909505,9212.080249078,9212.08062312,9212.080230078,9212.080576537,CIRCUIT_OPEN,2026-09-05T00:01:55.277992Z
54816430-97f7-44b3-984c-3f6dfa1cef3c,run1_rep1,B,OPEN,OPEN,request,CACHE,HIT,0.03204200038453564,0.7005000006756745,INFO,adaptador.request,false,degradado,0.5983749997540144,9212.14505762,9212.145726078,9212.145025578,9212.145655995,CIRCUIT_OPEN,2026-09-05T00:01:55.343113Z
939d73ab-ef4f-404c-bcc0-b3d521ceaf06,run1_rep1,B,OPEN,OPEN,request,CACHE,HIT,0.04120899939152878,1.1761250007111812,INFO,adaptador.request,false,degradado,1.0662910008250037,9212.172759537,9212.173894453,9212.172718328,9212.173825828,CIRCUIT_OPEN,2026-09-05T00:01:55.371279Z
324243d5-06b0-443a-b8bb-c70dbc23a887,run1_rep1,B,OPEN,OPEN,request,CACHE,HIT,0.059750000218627974,0.9486670005571796,INFO,adaptador.request,false,degradado,0.7728750006208429,9212.291409328,9212.292298245,9212.291349578,9212.292182203,CIRCUIT_OPEN,2026-09-05T00:01:55.489723Z
350aa678-b3ff-4f0b-87d3-f27c08481e18,run1_rep1,B,OPEN,OPEN,request,CACHE,HIT,0.03383400144230109,0.6190420008351794,INFO,adaptador.request,false,degradado,0.5119580000609858,9212.297091787,9212.297676995,9212.297057953,9212.297603745,CIRCUIT_OPEN,2026-09-05T00:01:55.495091Z
9b008ccf-4380-4b53-952d-6126395dd9eb,run1_rep1,B,OPEN,OPEN,request,CACHE,HIT,0.02245900031994097,0.43354200170142576,INFO,adaptador.request,false,degradado,0.35937500069849193,9212.305583037,9212.30599412,9212.305560578,9212.305942412,CIRCUIT_OPEN,2026-09-05T00:01:55.503385Z
e868474e-cf53-43fc-9adf-4cea2b812c21,run1_rep1,B,OPEN,OPEN,request,CACHE,HIT,0.025583000024198554,0.49050000052375253,INFO,adaptador.request,false,degradado,0.3898329996445682,9212.331145995,9212.331610912,9212.331120412,9212.331535828,CIRCUIT_OPEN,2026-09-05T00:01:55.529011Z
9f3cc1e5-5dca-43dc-8329-cd507f9982ac,run1_rep1,B,OPEN,OPEN,request,CACHE,HIT,0.04520799848251045,0.8023329992283834,INFO,adaptador.request,false,degradado,0.6642500011366792,9212.343583703,9212.344340828,9212.343538495,9212.344247953,CIRCUIT_OPEN,2026-09-05T00:01:55.541746Z
7dba4029-1714-4b0f-b8a7-332b5fac51b0,run1_rep1,B,OPEN,OPEN,request,CACHE,HIT,0.022083000658312812,0.50800000099116,INFO,adaptador.request,false,degradado,0.3762500000448199,9212.346262953,9212.34674887,9212.34624087,9212.346639203,CIRCUIT_OPEN,2026-09-05T00:01:55.544140Z
e4fbdfb7-04c0-413a-8756-8d27e46476be,run1_rep1,B,OPEN,OPEN,request,CACHE,HIT,0.045250000766827725,1.1602089998632437,INFO,adaptador.request,false,degradado,1.0231670003122417,9212.362521203,9212.363636162,9212.362475953,9212.36354437,CIRCUIT_OPEN,2026-09-05T00:01:55.561261Z
9e639b5b-5a83-44d3-8eac-ccfed052cb6e,run1_rep1,B,OPEN,OPEN,request,CACHE,HIT,0.01758299913490191,0.9222499993484234,INFO,adaptador.request,false,degradado,0.8685419998073485,9212.362977453,9212.36388212,9212.36295987,9212.363845995,CIRCUIT_OPEN,2026-09-05T00:01:55.561554Z
a526d3fe-260f-4aec-9452-90a03f99fd32,run1_rep1,B,OPEN,OPEN,request,CACHE,HIT,0.052417000915738754,0.8580419998907018,INFO,adaptador.request,false,degradado,0.7115829994290834,9212.494973245,9212.49577887,9212.494920828,9212.495684828,CIRCUIT_OPEN,2026-09-05T00:01:55.693198Z
1a4d51e3-f805-437d-94cc-32bb9ad3ff89,run1_rep1,B,OPEN,OPEN,request,CACHE,HIT,0.07700000060140155,1.1315840001770994,INFO,adaptador.request,false,degradado,0.9013340004457859,9212.523068703,9212.524123287,9212.522991703,9212.523970037,CIRCUIT_OPEN,2026-09-05T00:01:55.721559Z
4541596e-d110-4d74-9117-c2cc10589a49,run1_rep1,B,OPEN,OPEN,request,CACHE,HIT,0.04029199953947682,0.7724169990979135,INFO,adaptador.request,false,degradado,0.6275830000959104,9212.583656662,9212.584388787,9212.58361637,9212.584284245,CIRCUIT_OPEN,2026-09-05T00:01:55.781799Z
f7672ab8-b1b9-48ba-8338-43e985d2bd8f,run1_rep1,B,OPEN,OPEN,request,CACHE,HIT,0.03574999936972745,0.787875000241911,INFO,adaptador.request,false,degradado,0.6609590000152821,9212.649623995,9212.65037612,9212.649588245,9212.650284954,CIRCUIT_OPEN,2026-09-05T00:01:55.847775Z
486c42d5-4cba-4600-8680-3e7beaf7d736,run1_rep1,B,OPEN,OPEN,request,CACHE,HIT,0.05433400110632647,1.3323340008355444,INFO,adaptador.request,false,degradado,1.193250000142143,9212.752207579,9212.753485579,9212.752153245,9212.753400829,CIRCUIT_OPEN,2026-09-05T00:01:55.951113Z
8ab68ba8-f067-4c41-bf31-6cece384ee9f,run1_rep1,B,OPEN,OPEN,request,CACHE,HIT,0.045667000449611805,0.7384170003206236,INFO,adaptador.request,false,degradado,0.6515419991046656,9212.753036537,9212.753729287,9212.75299087,9212.753688079,CIRCUIT_OPEN,2026-09-05T00:01:55.951459Z
4b56f666-b091-4dda-a8b7-761536c9d676,run1_rep1,B,OPEN,OPEN,request,CACHE,HIT,0.030583998523070477,0.5376669996621786,INFO,adaptador.request,false,degradado,0.43704100062313955,9212.769221329,9212.769728412,9212.769190745,9212.76965837,CIRCUIT_OPEN,2026-09-05T00:01:55.967123Z
528594f3-9f3b-411f-8303-8542bd977d0c,run1_rep1,B,OPEN,OPEN,request,CACHE,HIT,0.017333999494439922,0.3851669989671791,INFO,adaptador.request,false,degradado,0.31695799953013193,9212.781484079,9212.781851912,9212.781466745,9212.781801037,CIRCUIT_OPEN,2026-09-05T00:01:55.979223Z
ab9b660a-fc9e-4715-911d-eeefaf1ca1e9,run1_rep1,B,OPEN,OPEN,request,CACHE,HIT,0.02166699960071128,0.42491699969104957,INFO,adaptador.request,false,degradado,0.33558299946889747,9212.785185454,9212.785588704,9212.785163787,9212.785521037,CIRCUIT_OPEN,2026-09-05T00:01:55.982988Z
ad941f6b-b606-4bac-a6ca-cb67a006b376,run1_rep1,B,OPEN,OPEN,request,CACHE,HIT,0.016791000234661624,0.3880829990521306,INFO,adaptador.request,false,degradado,0.3158750005241018,9212.81576637,9212.816137662,9212.815749579,9212.816082245,CIRCUIT_OPEN,2026-09-05T00:01:56.013526Z
bb6f0094-d072-4af0-ace9-20767269e551,run1_rep1,B,OPEN,OPEN,request,CACHE,HIT,0.03895800000464078,1.4420410007005557,INFO,adaptador.request,false,degradado,1.3072919991827803,9212.846211037,9212.84761412,9212.846172079,9212.847518329,CIRCUIT_OPEN,2026-09-05T00:01:56.045358Z
e459254d-6b53-4f0b-932a-aab0b56a22ce,run1_rep1,B,OPEN,OPEN,request,CACHE,HIT,0.01845900078478735,1.2816250000469154,INFO,adaptador.request,false,degradado,1.2170409991085762,9212.846665704,9212.84792887,9212.846647245,9212.847882745,CIRCUIT_OPEN,2026-09-05T00:01:56.045705Z
3b0657cb-2909-40cb-a8e6-70da60c1b5d5,run1_rep1,B,OPEN,OPEN,request,CACHE,HIT,0.06145899897092022,1.196041999719455,INFO,adaptador.request,false,degradado,1.0465409995958908,9212.915462329,9212.916596912,9212.91540087,9212.91650887,CIRCUIT_OPEN,2026-09-05T00:01:56.114282Z
0d8b1db1-25d5-46c0-8fca-e62ba1d92c0b,run1_rep1,B,OPEN,OPEN,request,CACHE,HIT,0.02220900023530703,0.9111250001296867,INFO,adaptador.request,false,degradado,0.8287910004582955,9212.915987704,9212.91687662,9212.915965495,9212.916816495,CIRCUIT_OPEN,2026-09-05T00:01:56.114636Z
be9b5775-817c-4048-b335-71f70839407b,run1_rep1,B,OPEN,OPEN,request,CACHE,HIT,0.04933299896947574,0.7724169990979135,INFO,adaptador.request,false,degradado,0.6240840011741966,9212.95192412,9212.952647204,9212.951874787,9212.952548204,CIRCUIT_OPEN,2026-09-05T00:01:56.150046Z
26884092-3f61-477e-9e95-7bb1343f52c9,run1_rep1,B,OPEN,OPEN,request,CACHE,HIT,0.047790999815333635,0.8741250003367895,INFO,adaptador.request,false,degradado,0.6825840009696549,9212.989351495,9212.990177829,9212.989303704,9212.990034079,CIRCUIT_OPEN,2026-09-05T00:01:56.187612Z
7e7baf3e-2167-4074-a1f5-b93a35556f3b,run1_rep1,B,OPEN,OPEN,request,CACHE,HIT,0.02925000080722384,0.6201249998412095,INFO,adaptador.request,false,degradado,0.5212910000409465,9212.994861454,9212.995452329,9212.994832204,9212.995382745,CIRCUIT_OPEN,2026-09-05T00:01:56.192852Z
728be085-bf6f-4be3-811f-1f98c176fa4e,run1_rep1,B,OPEN,OPEN,request,CACHE,HIT,0.02975000097649172,0.6615840011363616,INFO,adaptador.request,false,degradado,0.5701249992853263,9213.02088937,9213.021521204,9213.02085962,9213.021459495,CIRCUIT_OPEN,2026-09-05T00:01:56.218919Z
622b7915-e824-42c0-aa3b-1386256847e0,run1_rep1,B,OPEN,OPEN,request,CACHE,HIT,0.04091600021638442,0.6630830011999933,INFO,adaptador.request,false,degradado,0.5535000000236323,9213.048642995,9213.049265162,9213.048602079,9213.049196495,CIRCUIT_OPEN,2026-09-05T00:01:56.246639Z
a8392000-a8c3-4037-a0ba-c44cf1643d64,run1_rep1,B,OPEN,OPEN,request,CACHE,HIT,0.06037499952071812,0.8727909989829641,INFO,adaptador.request,false,degradado,0.7179579988587648,9213.106236579,9213.107048995,9213.106176204,9213.106954537,CIRCUIT_OPEN,2026-09-05T00:01:56.304434Z
3433d81e-2940-414c-897c-4d3f6c93520f,run1_rep1,B,OPEN,OPEN,request,CACHE,HIT,0.04770799932884984,0.8017910004127771,INFO,adaptador.request,false,degradado,0.6648329999734415,9213.186892037,9213.18764612,9213.186844329,9213.18755687,CIRCUIT_OPEN,2026-09-05T00:01:56.385052Z
026a1d94-e24e-417c-8908-ee308825e50b,run1_rep1,B,OPEN,OPEN,request,CACHE,HIT,0.038249998397077434,0.5831669986946508,INFO,adaptador.request,false,degradado,0.46333400132425595,9213.20556587,9213.206110787,9213.20552762,9213.206029204,CIRCUIT_OPEN,2026-09-05T00:01:56.403517Z
7641be7b-c488-4204-9c8a-a710b4369816,run1_rep1,B,OPEN,OPEN,request,CACHE,HIT,0.0285420010186499,0.5696250009350479,INFO,adaptador.request,false,degradado,0.4828329983865842,9213.210448162,9213.210989245,9213.21041962,9213.210930995,CIRCUIT_OPEN,2026-09-05T00:01:56.408409Z
0098148f-c03c-4135-88dd-2c52854228b7,run1_rep1,B,OPEN,OPEN,request,CACHE,HIT,0.02366599983361084,0.45991600018169265,INFO,adaptador.request,false,degradado,0.3678339999169111,9213.218865495,9213.219301745,9213.218841829,9213.219233329,CIRCUIT_OPEN,2026-09-05T00:01:56.416704Z
0172907e-280e-4176-98f2-1ea4dd82b4c3,run1_rep1,B,OPEN,OPEN,request,CACHE,HIT,0.034750000850181095,0.6460839995270362,INFO,adaptador.request,false,degradado,0.5344589990272652,9213.269610245,9213.270221579,9213.269575495,9213.270144704,CIRCUIT_OPEN,2026-09-05T00:01:56.467627Z
63127466-1a1c-4d2d-885c-cc6e2f5c5924,run1_rep1,B,OPEN,OPEN,request,CACHE,HIT,0.028541000574477948,0.684832999468199,INFO,adaptador.request,false,degradado,0.5862919988430804,9213.278990245,9213.279646537,9213.278961704,9213.279576537,CIRCUIT_OPEN,2026-09-05T00:01:56.477047Z
a29caa09-6c21-431e-bd1c-22f6d9f2f602,run1_rep1,B,OPEN,OPEN,request,CACHE,HIT,0.018665999959921464,0.45129099999030586,INFO,adaptador.request,false,degradado,0.36216700027580373,9213.29082387,9213.291256495,9213.290805204,9213.291186037,CIRCUIT_OPEN,2026-09-05T00:01:56.488657Z
4e04bb70-8be7-4f81-83e6-1ac3b07fc361,run1_rep1,B,OPEN,OPEN,request,CACHE,HIT,0.10554199980106205,1.0395420013082912,INFO,adaptador.request,false,degradado,0.8181250013876706,9213.355653079,9213.356587079,9213.355547537,9213.356471204,CIRCUIT_OPEN,2026-09-05T00:01:56.553993Z
edce9e86-6689-4904-8c3e-a41acda77ba5,run1_rep1,B,OPEN,OPEN,request,CACHE,HIT,0.03020799886144232,0.5989159999444382,INFO,adaptador.request,false,degradado,0.4940830003761221,9213.363398454,9213.363967162,9213.363368246,9213.363892537,CIRCUIT_OPEN,2026-09-05T00:01:56.561395Z
27761e12-32f8-4ae5-97b1-b00a7eb47323,run1_rep1,B,OPEN,OPEN,request,CACHE,HIT,0.032250000003841706,0.7055829992168583,INFO,adaptador.request,false,degradado,0.6010830002196599,9213.423437579,9213.424110912,9213.423405329,9213.424038662,CIRCUIT_OPEN,2026-09-05T00:01:56.621514Z
187fc8a9-fb62-4565-8c13-94d2f09218e8,run1_rep1,B,OPEN,OPEN,request,CACHE,HIT,0.05249999958323315,0.9007919998111902,INFO,adaptador.request,false,degradado,0.7435830011672806,9213.549896329,9213.550744621,9213.549843829,9213.550639912,CIRCUIT_OPEN,2026-09-05T00:01:56.748152Z
d916e5ed-bb37-4da5-bff2-ea73df3d3219,run1_rep1,B,OPEN,OPEN,request,CACHE,HIT,0.041457999031990767,0.697125000442611,INFO,adaptador.request,false,degradado,0.5586250008491334,9213.593483079,9213.594138746,9213.593441621,9213.594041704,CIRCUIT_OPEN,2026-09-05T00:01:56.791559Z
ab532b9d-94d7-459e-ae55-c9335f0bb138,run1_rep1,B,OPEN,OPEN,request,CACHE,HIT,0.031042000045999885,0.7093330004863674,INFO,adaptador.request,false,degradado,0.6067499998607673,9213.598449121,9213.599127412,9213.598418079,9213.599055871,CIRCUIT_OPEN,2026-09-05T00:01:56.796531Z
e700725b-a115-44d0-a073-0e479319a0c3,run1_rep1,B,OPEN,OPEN,request,CACHE,HIT,0.023042000975692645,0.47037500007718336,INFO,adaptador.request,false,degradado,0.37570799941022415,9213.607505496,9213.607952829,9213.607482454,9213.607881204,CIRCUIT_OPEN,2026-09-05T00:01:56.805373Z
15b0f3e1-d3f4-4058-87d6-f51a70099ebc,run1_rep1,B,OPEN,OPEN,request,CACHE,HIT,0.01608300044608768,0.3607500002544839,INFO,adaptador.request,false,degradado,0.3036250000150176,9213.611833454,9213.612178121,9213.611817371,9213.612137079,CIRCUIT_OPEN,2026-09-05T00:01:56.809538Z
591182c3-eed2-4def-baee-54d9be4ff038,run1_rep1,B,OPEN,OPEN,request,CACHE,HIT,0.013584000043920241,0.4389589994389098,INFO,adaptador.request,false,degradado,0.3500000002532033,9213.622524496,9213.622949871,9213.622510912,9213.622874496,CIRCUIT_OPEN,2026-09-05T00:01:56.820395Z
974367d4-712a-47c3-9c03-16ea7874aba1,run1_rep1,B,OPEN,OPEN,request,CACHE,HIT,0.01887500002339948,0.38920900078665,INFO,adaptador.request,false,degradado,0.3259170007368084,9213.624556412,9213.624926746,9213.624537537,9213.624882329,CIRCUIT_OPEN,2026-09-05T00:01:56.822335Z
64561cb1-215a-4230-b56d-6e9cb74641a3,run1_rep1,B,OPEN,OPEN,request,CACHE,HIT,0.014207998901838437,0.31358299929706845,INFO,adaptador.request,false,degradado,0.2531670015741838,9213.628580329,9213.628879704,9213.628566121,9213.628833496,CIRCUIT_OPEN,2026-09-05T00:01:56.826247Z
377c104a-d6f1-4d3e-b2bf-97f6e9fae7f4,run1_rep1,B,OPEN,OPEN,request,CACHE,HIT,0.03549999928509351,0.6492499996966217,INFO,adaptador.request,false,degradado,0.5350829997041728,9213.716527871,9213.717141621,9213.716492371,9213.717062954,CIRCUIT_OPEN,2026-09-05T00:01:56.914559Z
91ab73c5-eae1-4cfe-93f8-40275e0b8d9e,run1_rep1,B,OPEN,OPEN,request,CACHE,HIT,0.03612500040617306,0.6739999989804346,INFO,adaptador.request,false,degradado,0.5533329986064928,9213.827707746,9213.828345621,9213.827671621,9213.828261079,CIRCUIT_OPEN,2026-09-05T00:01:57.025753Z
b9c651ef-8e3f-42d5-a52b-cf1ca686d44e,run1_rep1,B,OPEN,OPEN,request,CACHE,HIT,0.0340409987984458,0.6195409987412859,INFO,adaptador.request,false,degradado,0.5074590008007362,9213.846757537,9213.847343037,9213.846723496,9213.847264996,CIRCUIT_OPEN,2026-09-05T00:01:57.044748Z
3c3d8d44-66d1-4954-ad59-5a81474ce5b4,run1_rep1,B,OPEN,OPEN,request,CACHE,HIT,0.05866599894943647,0.8607499985373579,INFO,adaptador.request,false,degradado,0.6974589996389113,9213.932988412,9213.933790496,9213.932929746,9213.933685871,CIRCUIT_OPEN,2026-09-05T00:01:57.131198Z
0aa53bd2-02ef-4b51-80e9-608656860ee2,run1_rep1,B,OPEN,OPEN,request,CACHE,HIT,0.05062499985797331,0.9848329991655191,INFO,adaptador.request,false,degradado,0.796667000031448,9213.953950829,9213.954885037,9213.953900204,9213.954747496,CIRCUIT_OPEN,2026-09-05T00:01:57.152361Z
187ccfb4-27f2-462b-8f82-cb850af9d070,run1_rep1,B,OPEN,OPEN,request,CACHE,HIT,0.026792000426212326,0.5627919999824371,INFO,adaptador.request,false,degradado,0.4779579994647065,9213.958605079,9213.959141079,9213.958578287,9213.959083037,CIRCUIT_OPEN,2026-09-05T00:01:57.156534Z
052e5982-5901-413a-b896-924d181e74ad,run1_rep1,B,OPEN,OPEN,request,CACHE,HIT,0.020166999092907645,0.40129199987859465,INFO,adaptador.request,false,degradado,0.3382920003787149,9213.962184704,9213.962565829,9213.962164537,9213.962522996,CIRCUIT_OPEN,2026-09-05T00:01:57.159927Z
9f5948cb-01cc-484d-b3dd-2e36cac82705,run1_rep1,B,OPEN,OPEN,request,CACHE,HIT,0.01754200093273539,0.3369590012880508,INFO,adaptador.request,false,degradado,0.26833300034923013,9213.968480329,9213.968799746,9213.968462787,9213.968748662,CIRCUIT_OPEN,2026-09-05T00:01:57.166183Z
1b8f36ff-a66e-4b11-90c7-b06ec0412970,run1_rep1,B,OPEN,OPEN,request,CACHE,HIT,0.015999999959603883,0.3042499993171077,INFO,adaptador.request,false,degradado,0.24291599947900977,9213.971110996,9213.971399246,9213.971094996,9213.971353912,CIRCUIT_OPEN,2026-09-05T00:01:57.168765Z
c9fdf0ca-edce-408e-973b-8f3b29c182ad,run1_rep1,B,OPEN,OPEN,request,CACHE,HIT,0.03845900027954485,1.2192920003144536,INFO,adaptador.request,false,degradado,1.0970830007863697,9214.054423913,9214.055604746,9214.054385454,9214.055520996,CIRCUIT_OPEN,2026-09-05T00:01:57.253279Z
2bf991b3-389a-4c94-898e-1942dbf8045f,run1_rep1,B,OPEN,OPEN,request,CACHE,HIT,0.02020899955823552,0.8272499999293359,INFO,adaptador.request,false,degradado,0.7629579995409586,9214.055081413,9214.055888454,9214.055061204,9214.055844371,CIRCUIT_OPEN,2026-09-05T00:01:57.253640Z
9affca47-0069-40e8-94bc-99227296d679,run1_rep1,B,OPEN,OPEN,request,CACHE,HIT,0.053916999604552984,0.9883749989967328,INFO,adaptador.request,false,degradado,0.8408329995290842,9214.106120163,9214.107054621,9214.106066246,9214.106960996,CIRCUIT_OPEN,2026-09-05T00:01:57.304773Z
657c3d14-ce34-4e68-8c4a-649fc3563d3b,run1_rep1,B,OPEN,OPEN,request,CACHE,HIT,0.012999998943996616,0.8842499992169905,INFO,adaptador.request,false,degradado,0.8098340003925841,9214.106498954,9214.107370204,9214.106485954,9214.107308788,CIRCUIT_OPEN,2026-09-05T00:01:57.305093Z
c29415be-1fb5-47d5-a0bf-55c143582323,run1_rep1,B,OPEN,HALF_OPEN,request,CACHE,HIT,640.3832089999923,643.4539589990891,INFO,adaptador.request,true,degradado,2.9925830003776355,9214.839786413,9214.842857163,9214.199403204,9214.842778996,CIRCUIT_OPEN,2026-09-05T00:01:58.040252Z
c2e48bd1-5bd2-4214-a081-a36021c056f4,run1_rep1,B,OPEN,OPEN,request,CACHE,HIT,707.2503760009567,709.6451670004171,INFO,adaptador.request,false,degradado,2.2590829994442174,9214.83948133,9214.841876121,9214.132230954,9214.841740413,CIRCUIT_OPEN,2026-09-05T00:01:58.042556Z
2af6ff4a-5f53-4459-851c-e4b0b918070a,run1_rep1,B,OPEN,HALF_OPEN,request,CACHE,HIT,600.0112510009785,602.7537919999304,INFO,adaptador.request,true,degradado,2.6724579984147567,9214.84142858,9214.844171121,9214.241417329,9214.844101038,CIRCUIT_OPEN,2026-09-05T00:01:58.044418Z
95f76c36-3b5e-4caf-91ce-8e893e0cd740,run1_rep1,B,OPEN,HALF_OPEN,request,CACHE,HIT,640.5917080010113,644.7523330007243,INFO,adaptador.request,true,degradado,4.101667000213638,9214.840411871,9214.844572496,9214.199820163,9214.844513538,CIRCUIT_OPEN,2026-09-05T00:01:58.045922Z
53fbad86-47df-45f3-8251-9e34fa078ac0,run1_rep1,B,OPEN,HALF_OPEN,request,CACHE,HIT,631.0898330011696,635.2369169999292,INFO,adaptador.request,true,degradado,4.029583998999442,9214.840806746,9214.84495383,9214.209716913,9214.84483633,CIRCUIT_OPEN,2026-09-05T00:01:58.046258Z
c75a48d1-242a-429e-b82b-9e47243db546,run1_rep1,B,OPEN,HALF_OPEN,request,CACHE,HIT,349.1724579998845,352.5767920000362,INFO,adaptador.request,true,degradado,3.339249999044114,9214.842517371,9214.845921705,9214.493344913,9214.845856621,CIRCUIT_OPEN,2026-09-05T00:01:58.046935Z
2b13e305-d1c4-4979-868b-8e090e32c85b,run1_rep1,B,OPEN,HALF_OPEN,request,CACHE,HIT,267.07208400148374,270.2849170000263,INFO,adaptador.request,true,degradado,3.1709999984741444,9214.843037455,9214.846250288,9214.575965371,9214.846208455,CIRCUIT_OPEN,2026-09-05T00:01:58.047342Z
06d60fd3-932e-4541-916e-b73c45b5f7d2,run1_rep1,B,OPEN,HALF_OPEN,request,CACHE,HIT,461.6610840002977,466.68004200000723,INFO,adaptador.request,true,degradado,4.981791000318481,9214.841637455,9214.846656413,9214.379976371,9214.846619246,CIRCUIT_OPEN,2026-09-05T00:01:58.047639Z
fbc648b1-04c5-4db3-bf70-ba1e3cb4c95a,run1_rep1,B,OPEN,HALF_OPEN,request,CACHE,HIT,593.2737510011066,598.7015010014147,INFO,adaptador.request,true,degradado,5.380874999900698,9214.84153983,9214.84696758,9214.248266079,9214.846920705,CIRCUIT_OPEN,2026-09-05T00:01:58.047989Z
487b8b73-61d0-416a-9c98-bf92e1c34d74,run1_rep1,B,OPEN,HALF_OPEN,request,CACHE,HIT,439.13670900110446,445.548959000007,INFO,adaptador.request,true,degradado,6.333792000077665,9214.842062788,9214.848475038,9214.402926079,9214.84839658,CIRCUIT_OPEN,2026-09-05T00:01:58.048631Z
ab6447c3-1c63-436e-9dfb-d4cd098a7c5c,run1_rep1,B,OPEN,OPEN,request,CACHE,HIT,0.057375000324100256,0.9191250010189833,INFO,adaptador.request,false,degradado,0.7472090001101606,9215.023401371,9215.024263121,9215.023343996,9215.02414858,CIRCUIT_OPEN,2026-09-05T00:01:58.221689Z
3ad209c7-a2c7-4d7a-9d6d-b68332e71bdf,run1_rep1,B,OPEN,OPEN,request,CACHE,HIT,0.10954200115520507,0.8906250004656613,INFO,adaptador.request,false,degradado,0.6825000000389991,9215.087916455,9215.088697538,9215.087806913,9215.088598955,CIRCUIT_OPEN,2026-09-05T00:01:58.286103Z
b5da7de8-8f7d-4cb6-a9e9-75f7f336b6e4,run1_rep1,B,OPEN,OPEN,request,CACHE,HIT,0.0524159986525774,0.8054999998421408,INFO,adaptador.request,false,degradado,0.6344170014926931,9215.181355996,9215.18210908,9215.18130358,9215.181990413,CIRCUIT_OPEN,2026-09-05T00:01:58.379511Z
00436670-8934-434d-a096-1b2ec488aa11,run1_rep1,B,OPEN,OPEN,request,CACHE,HIT,0.035041999581153505,1.0591250011202646,INFO,adaptador.request,false,degradado,0.9294170013163239,9215.194558913,9215.195582996,9215.194523871,9215.19548833,CIRCUIT_OPEN,2026-09-05T00:01:58.392991Z
e09666c7-dd70-4388-aefa-80067954fd14,run1_rep1,B,OPEN,OPEN,request,CACHE,HIT,0.0268340008915402,0.46983399988675956,INFO,adaptador.request,false,degradado,0.3873329987982288,9215.21748058,9215.21792358,9215.217453746,9215.217867913,CIRCUIT_OPEN,2026-09-05T00:01:58.415338Z
facb1b3b-98c3-4689-8efb-c9023d72eb53,run1_rep1,B,OPEN,OPEN,request,CACHE,HIT,0.022625001292908564,0.4314170000725426,INFO,adaptador.request,false,degradado,0.34124999911000486,9215.231078913,9215.231487705,9215.231056288,9215.231420163,CIRCUIT_OPEN,2026-09-05T00:01:58.428890Z
ab54cc91-53b2-4b09-9e4c-cacf57d2a1e9,run1_rep1,B,OPEN,OPEN,request,CACHE,HIT,0.04441700002644211,0.7008339998719748,INFO,adaptador.request,false,degradado,0.5674579988408368,9215.280485163,9215.28114158,9215.280440746,9215.281052621,CIRCUIT_OPEN,2026-09-05T00:01:58.478554Z
ba9cf50a-21ec-4e9d-af72-a83f1eab1277,run1_rep1,B,OPEN,OPEN,request,CACHE,HIT,0.04304200047045015,0.6756669990863884,INFO,adaptador.request,false,degradado,0.5469579991768114,9215.296732205,9215.29736483,9215.296689163,9215.297279163,CIRCUIT_OPEN,2026-09-05T00:01:58.494762Z
b8482150-d50a-4153-8eb1-ddaf84d91fa0,run1_rep1,B,OPEN,OPEN,request,CACHE,HIT,0.046749999455641955,1.181665998956305,INFO,adaptador.request,false,degradado,1.052749999871594,9215.315837205,9215.316972121,9215.315790455,9215.316889955,CIRCUIT_OPEN,2026-09-05T00:01:58.514642Z
fbee1b3a-7757-4870-95b3-0d0588fcbc40,run1_rep1,B,OPEN,OPEN,request,CACHE,HIT,0.014958000974729657,0.9800000007089693,INFO,adaptador.request,false,degradado,0.9199169999192236,9215.316292621,9215.317257663,9215.316277663,9215.317212538,CIRCUIT_OPEN,2026-09-05T00:01:58.514954Z
c662e087-fc7e-40f4-8a7e-948fbdecbde5,run1_rep1,B,OPEN,OPEN,request,CACHE,HIT,0.04041700049128849,0.7435000006807968,INFO,adaptador.request,false,degradado,0.6210829997144174,9215.331671455,9215.332374538,9215.331631038,9215.332292538,CIRCUIT_OPEN,2026-09-05T00:01:58.529780Z
c4ca92b1-5ec8-407e-b412-f8ea8d39c446,run1_rep1,B,OPEN,OPEN,request,CACHE,HIT,0.021249999917927198,0.4186669993941905,INFO,adaptador.request,false,degradado,0.32912499955273233,9215.342443371,9215.342840788,9215.342422121,9215.342772496,CIRCUIT_OPEN,2026-09-05T00:01:58.540242Z
c6ad484e-ebe2-4284-b69f-372e8d782e95,run1_rep1,B,OPEN,OPEN,request,CACHE,HIT,0.020415998733369634,0.4062079988216283,INFO,adaptador.request,false,degradado,0.33183400046254974,9215.382122996,9215.382508788,9215.38210258,9215.38245483,CIRCUIT_OPEN,2026-09-05T00:01:58.579890Z
59e9104b-8615-4f11-bd79-a58004844abb,run1_rep1,B,OPEN,OPEN,request,CACHE,HIT,0.08066700138442684,0.8751250006753253,INFO,adaptador.request,false,degradado,0.7036249990051147,9215.422070705,9215.422865163,9215.421990038,9215.42277433,CIRCUIT_OPEN,2026-09-05T00:01:58.620280Z
a3a41334-92e9-4632-a3c0-356ab708e90d,run1_rep1,B,OPEN,OPEN,request,CACHE,HIT,0.029208000341895968,0.5990419995214324,INFO,adaptador.request,false,degradado,0.49354200018569827,9215.431314038,9215.431883872,9215.43128483,9215.43180758,CIRCUIT_OPEN,2026-09-05T00:01:58.629288Z
0ed8de48-47f3-4532-8702-6162fb543a27,run1_rep1,B,OPEN,OPEN,request,CACHE,HIT,0.02195799970650114,0.40337499922316056,INFO,adaptador.request,false,degradado,0.32587500027148053,9215.448107163,9215.44848858,9215.448085205,9215.448433038,CIRCUIT_OPEN,2026-09-05T00:01:58.645867Z
4fbff124-a939-44d3-bfd8-2fb49ccaf655,run1_rep1,B,OPEN,OPEN,request,CACHE,HIT,0.0424169993493706,0.6212079988472397,INFO,adaptador.request,false,degradado,0.5112910002935678,9215.493166122,9215.493744913,9215.493123705,9215.493677413,CIRCUIT_OPEN,2026-09-05T00:01:58.691137Z
cb09b53e-7fc0-45de-b246-c1f9ad3e34c4,run1_rep1,B,OPEN,OPEN,request,CACHE,HIT,0.04479200106288772,0.6613750010728836,INFO,adaptador.request,false,degradado,0.5382079998526024,9215.509946455,9215.510563038,9215.509901663,9215.510484663,CIRCUIT_OPEN,2026-09-05T00:01:58.707968Z
2450ed6f-63e1-4a9a-9c63-86503d20aa58,run1_rep1,B,OPEN,OPEN,request,CACHE,HIT,0.04537499989964999,0.7502499993279343,INFO,adaptador.request,false,degradado,0.6256670003494946,9215.556261455,9215.55696633,9215.55621608,9215.556887122,CIRCUIT_OPEN,2026-09-05T00:01:58.754415Z
3c64eb2a-91a1-4efd-9ecd-12687b16c9d3,run1_rep1,B,OPEN,OPEN,request,CACHE,HIT,0.04837499909626786,0.7862079983169679,INFO,adaptador.request,false,degradado,0.6269580007938202,9215.62319683,9215.623934663,9215.623148455,9215.623823788,CIRCUIT_OPEN,2026-09-05T00:01:58.821391Z
bd75d9f1-3ba1-4457-ab8d-554e795cb2f6,run1_rep1,B,OPEN,OPEN,request,CACHE,HIT,0.03245799962314777,0.6465829992521321,INFO,adaptador.request,false,degradado,0.5377090001275064,9215.628155413,9215.628769538,9215.628122955,9215.628693122,CIRCUIT_OPEN,2026-09-05T00:01:58.826169Z
4bf08601-b140-4305-aed3-ee3fdd97b131,run1_rep1,B,OPEN,OPEN,request,CACHE,HIT,0.07183400157373399,0.7605840000906028,INFO,adaptador.request,false,degradado,0.6029999985912582,9215.701841497,9215.702530247,9215.701769663,9215.702444497,CIRCUIT_OPEN,2026-09-05T00:01:58.899942Z
b4369564-ff1e-4935-828b-c0c13761208f,run1_rep1,B,OPEN,OPEN,request,CACHE,HIT,0.030667000828543678,0.5147089996171417,INFO,adaptador.request,false,degradado,0.4142499983572634,9215.704330955,9215.704814997,9215.704300288,9215.704745205,CIRCUIT_OPEN,2026-09-05T00:01:58.902238Z
f1b0c6c6-d1f0-4999-9c02-1829e3f2112d,run1_rep1,B,OPEN,OPEN,request,CACHE,HIT,0.057875000493368134,1.066167000317364,INFO,adaptador.request,false,degradado,0.8877500004018657,9215.792191163,9215.793199455,9215.792133288,9215.793078913,CIRCUIT_OPEN,2026-09-05T00:01:58.990634Z
1f07f3bf-2ca0-4adb-92b8-6956c5fa2c17,run1_rep1,B,OPEN,OPEN,request,CACHE,HIT,0.03345900040585548,0.6282920003286563,INFO,adaptador.request,false,degradado,0.5234999989625067,9215.797516872,9215.798111705,9215.797483413,9215.798040372,CIRCUIT_OPEN,2026-09-05T00:01:58.995503Z
133d10e0-d68d-4946-b474-9b9bd45b20c3,run1_rep1,B,OPEN,OPEN,request,CACHE,HIT,0.025457999072386883,0.503999999637017,INFO,adaptador.request,false,degradado,0.41620800038799644,9215.82598758,9215.826466122,9215.825962122,9215.826403788,CIRCUIT_OPEN,2026-09-05T00:01:59.023849Z
172742ee-4780-4310-a8ce-4a16774b913b,run1_rep1,B,OPEN,OPEN,request,CACHE,HIT,0.01887500002339948,0.7743749993096571,INFO,adaptador.request,false,degradado,0.7126659984351136,9215.860724247,9215.861479747,9215.860705372,9215.861436913,CIRCUIT_OPEN,2026-09-05T00:01:59.058855Z
ec188dea-9eb7-4791-b6d3-933c31f7b1e5,run1_rep1,B,OPEN,OPEN,request,CACHE,HIT,0.0362920000043232,1.000374999421183,INFO,adaptador.request,false,degradado,0.8970409999164985,9215.860283872,9215.861247955,9215.86024758,9215.861180913,CIRCUIT_OPEN,2026-09-05T00:01:59.059101Z
a2ccfe3a-5d4f-4330-9324-a9d1df8b9ee7,run1_rep1,B,OPEN,OPEN,request,CACHE,HIT,0.04624999928637408,0.7092499999998836,INFO,adaptador.request,false,degradado,0.5746659990109038,9215.901254622,9215.901917622,9215.901208372,9215.901829288,CIRCUIT_OPEN,2026-09-05T00:01:59.099329Z
3717f7ea-03ae-477d-9caf-2b4749cb04d8,run1_rep1,B,OPEN,OPEN,request,CACHE,HIT,0.07404200005112216,2.5464169993938413,INFO,adaptador.request,false,degradado,2.352249999603373,9215.970861497,9215.973333872,9215.970787455,9215.973213747,CIRCUIT_OPEN,2026-09-05T00:01:59.171696Z
cfa76983-238c-4f26-83e0-c6ddf42370e7,run1_rep1,B,OPEN,OPEN,request,CACHE,HIT,0.032750000173109584,2.5820419996307464,INFO,adaptador.request,false,degradado,2.5007919994095573,9215.971686913,9215.974236205,9215.971654163,9215.974187705,CIRCUIT_OPEN,2026-09-05T00:01:59.172472Z
b646d8d4-7ec3-4efe-aad5-d021bd5b870e,run1_rep1,B,OPEN,OPEN,request,CACHE,HIT,0.025041999833774753,1.3176249995012768,INFO,adaptador.request,false,degradado,1.2139999998908024,9215.973765497,9215.97505808,9215.973740455,9215.974979497,CIRCUIT_OPEN,2026-09-05T00:01:59.173001Z
b08055b3-5568-42fb-8d58-71229ab5ddc7,run1_rep1,B,OPEN,OPEN,request,CACHE,HIT,0.022124999304651283,0.6680829992546933,INFO,adaptador.request,false,degradado,0.5680829999619164,9215.978241705,9215.978887663,9215.97821958,9215.978809788,CIRCUIT_OPEN,2026-09-05T00:01:59.176336Z
ca51149a-8302-418e-84c7-93b32cc8e67f,run1_rep1,B,OPEN,OPEN,request,CACHE,HIT,0.05683300150849391,2.3510000009991927,INFO,adaptador.request,false,degradado,2.1087499990244396,9216.09595783,9216.098251997,9216.095900997,9216.09806658,CIRCUIT_OPEN,2026-09-05T00:01:59.295696Z
23d6a1db-cc21-42d3-9a1b-ab88abd30386,run1_rep1,B,OPEN,OPEN,request,CACHE,HIT,0.023708000298938714,0.450790999821038,INFO,adaptador.request,false,degradado,0.3655419986898778,9216.11674633,9216.117173413,9216.116722622,9216.117111872,CIRCUIT_OPEN,2026-09-05T00:01:59.314548Z
2f5518dd-af83-4267-8a48-c2aaa9b10972,run1_rep1,B,OPEN,OPEN,request,CACHE,HIT,0.01591600084793754,0.447375001385808,INFO,adaptador.request,false,degradado,0.37383400012913626,9216.12286508,9216.123296539,9216.122849164,9216.123238914,CIRCUIT_OPEN,2026-09-05T00:01:59.320672Z
a3bdf13f-ddea-4de1-a97a-fd494d58590b,run1_rep1,B,OPEN,OPEN,request,CACHE,HIT,0.05712500023946632,0.794375000623404,INFO,adaptador.request,false,degradado,0.6569159995706286,9216.197476664,9216.198213914,9216.197419539,9216.19813358,CIRCUIT_OPEN,2026-09-05T00:01:59.395594Z
4e6c3c95-33bb-4b7e-a33c-104a03dd61eb,run1_rep1,B,OPEN,OPEN,request,CACHE,HIT,0.033833999623311684,0.549374999536667,INFO,adaptador.request,false,degradado,0.44241599971428514,9216.201548914,9216.202064455,9216.20151508,9216.20199133,CIRCUIT_OPEN,2026-09-05T00:01:59.399455Z
8652ee50-dfd1-4e33-a61a-3b69df3a0875,run1_rep1,B,OPEN,OPEN,request,CACHE,HIT,0.054042000556364655,0.9925840004143538,INFO,adaptador.request,false,degradado,0.8302499991259538,9216.280742872,9216.281681414,9216.28068883,9216.281573122,CIRCUIT_OPEN,2026-09-05T00:01:59.479105Z
79bbef1d-540c-4d98-a054-90aa244ff312,run1_rep1,B,OPEN,OPEN,request,CACHE,HIT,0.02833399958035443,0.535208999281167,INFO,adaptador.request,false,degradado,0.4560409997793613,9216.282679664,9216.283186539,9216.28265133,9216.283135705,CIRCUIT_OPEN,2026-09-05T00:01:59.480559Z
a5719c26-becf-4bb5-8f90-9d5300cfa15c,run1_rep1,B,OPEN,OPEN,request,CACHE,HIT,0.024791999749140814,0.9081669995794073,INFO,adaptador.request,false,degradado,0.8125000003929017,9216.297473372,9216.298356747,9216.29744858,9216.298285872,CIRCUIT_OPEN,2026-09-05T00:01:59.495754Z
406a7a56-6120-4bcc-826b-0d92ca33c551,run1_rep1,B,OPEN,OPEN,request,CACHE,HIT,0.016834001144161448,0.6639170005655615,INFO,adaptador.request,false,degradado,0.5792909996671369,9216.327736539,9216.328383622,9216.327719705,9216.32831583,CIRCUIT_OPEN,2026-09-05T00:01:59.526003Z
db8952cc-93b8-4e3b-aeb5-607dfcff6211,run1_rep1,B,OPEN,OPEN,request,CACHE,HIT,0.040875000195228495,1.271749999432359,INFO,adaptador.request,false,degradado,1.180708999527269,9216.32738033,9216.328611205,9216.327339455,9216.328561039,CIRCUIT_OPEN,2026-09-05T00:01:59.526446Z
8b86178d-131b-4cbf-9b9f-ae27fc1afc7c,run1_rep1,B,OPEN,OPEN,request,CACHE,HIT,0.057915998695534654,0.873290999152232,INFO,adaptador.request,false,degradado,0.7150000001274748,9216.359550705,9216.36036608,9216.359492789,9216.360265705,CIRCUIT_OPEN,2026-09-05T00:01:59.557758Z
22d27503-37c9-4e92-9a6b-4050839bdd00,run1_rep1,B,OPEN,OPEN,request,CACHE,HIT,0.03599999945436139,0.7058329993014922,INFO,adaptador.request,false,degradado,0.5701250011043157,9216.380416122,9216.381085955,9216.380380122,9216.380986247,CIRCUIT_OPEN,2026-09-05T00:01:59.578492Z
b9f18b72-ba5c-4848-bf48-6bd7e1a44f86,run1_rep1,B,OPEN,OPEN,request,CACHE,HIT,0.04837500091525726,0.4697090007539373,INFO,adaptador.request,false,degradado,0.35383399881538935,9216.41202983,9216.412451164,9216.411981455,9216.412383664,CIRCUIT_OPEN,2026-09-05T00:01:59.609851Z
db846fc3-4f59-48ad-a095-d890e4914363,run1_rep1,B,OPEN,OPEN,request,CACHE,HIT,0.04675000127463136,0.7873330014263047,INFO,adaptador.request,false,degradado,0.6537499994010432,9216.468716289,9216.469456872,9216.468669539,9216.469370039,CIRCUIT_OPEN,2026-09-05T00:01:59.666871Z
8cfc590f-0e31-49e9-8ab9-a1bf80573325,run1_rep1,B,OPEN,OPEN,request,CACHE,HIT,0.03720800123119261,0.6826660010119667,INFO,adaptador.request,false,degradado,0.5594169997493736,9216.487112622,9216.48775808,9216.487075414,9216.487672039,CIRCUIT_OPEN,2026-09-05T00:01:59.685174Z
4fe3c5e8-e7eb-4926-8593-f014c826d505,run1_rep1,B,OPEN,OPEN,request,CACHE,HIT,0.028124999516876414,0.4897920007351786,INFO,adaptador.request,false,degradado,0.4043340013595298,9216.49549858,9216.495960247,9216.495470455,9216.495902914,CIRCUIT_OPEN,2026-09-05T00:01:59.693349Z
95794822-9886-4acc-9846-f3776415fa37,run1_rep1,B,OPEN,OPEN,request,CACHE,HIT,0.02937499994004611,0.5838329998368863,INFO,adaptador.request,false,degradado,0.48683299974072725,9216.505051372,9216.50560583,9216.505021997,9216.505538205,CIRCUIT_OPEN,2026-09-05T00:01:59.703002Z
656dbf8f-f356-4e87-9daf-253b7526683a,run1_rep1,B,OPEN,OPEN,request,CACHE,HIT,0.04662500032281969,1.217125000039232,INFO,adaptador.request,false,degradado,0.9562909999658586,9216.551525539,9216.552696039,9216.551478914,9216.55248183,CIRCUIT_OPEN,2026-09-05T00:01:59.750132Z
256b59a6-b2d1-44e8-aa18-aa1f8276a4ae,run1_rep1,B,OPEN,OPEN,request,CACHE,HIT,0.032083000405691564,0.6487079990620259,INFO,adaptador.request,false,degradado,0.5438339994725538,9216.59070233,9216.591318955,9216.590670247,9216.591246164,CIRCUIT_OPEN,2026-09-05T00:01:59.788708Z
6a14b898-5180-4dfe-96d6-96c989bde6da,run1_rep1,B,OPEN,OPEN,request,CACHE,HIT,0.0558339997951407,1.0412920000817394,INFO,adaptador.request,false,degradado,0.884916000359226,9216.655699539,9216.656684997,9216.655643705,9216.656584455,CIRCUIT_OPEN,2026-09-05T00:01:59.854103Z
04e36bd5-bace-418b-909e-4943be072a13,run1_rep1,B,OPEN,OPEN,request,CACHE,HIT,0.052584000513888896,0.809209001090494,INFO,adaptador.request,false,degradado,0.6492080010502832,9216.712790414,9216.713547039,9216.71273783,9216.713439622,CIRCUIT_OPEN,2026-09-05T00:01:59.910974Z
4b6afe28-0d88-4d70-9258-afb6142d8c29,run1_rep1,B,OPEN,OPEN,request,CACHE,HIT,0.03829099841823336,0.6682079983875155,INFO,adaptador.request,false,degradado,0.5505420012923423,9216.73289758,9216.733527497,9216.732859289,9216.733448122,CIRCUIT_OPEN,2026-09-05T00:01:59.930930Z
1b227121-a2e7-4402-a558-c49e07e11f58,run1_rep1,B,OPEN,OPEN,request,CACHE,HIT,0.0518749984621536,1.3697499998670537,INFO,adaptador.request,false,degradado,1.2443330015230458,9216.754396997,9216.755714872,9216.754345122,9216.75564133,CIRCUIT_OPEN,2026-09-05T00:01:59.953146Z
fda36994-c73d-44d2-be01-fb2e0e2762df,run1_rep1,B,OPEN,OPEN,request,CACHE,HIT,0.03283300065959338,1.0707910005294252,INFO,adaptador.request,false,degradado,0.9887500000331784,9216.755495122,9216.75653308,9216.755462289,9216.756483872,CIRCUIT_OPEN,2026-09-05T00:01:59.954124Z
9bdc3c34-4989-41af-9638-da8d443ee98e,run1_rep1,B,OPEN,OPEN,request,CACHE,HIT,0.049416999900131486,0.8531669991498347,INFO,adaptador.request,false,degradado,0.7040420005068881,9216.825777164,9216.826580914,9216.825727747,9216.826481206,CIRCUIT_OPEN,2026-09-05T00:02:00.023993Z
59e9443d-a34f-4c97-9ef8-8c85f9e31457,run1_rep1,B,OPEN,OPEN,request,CACHE,HIT,0.03174999983457383,0.9122499996010447,INFO,adaptador.request,false,degradado,0.7702080001763534,9216.834787164,9216.835667664,9216.834755414,9216.835557372,CIRCUIT_OPEN,2026-09-05T00:02:00.033079Z
ffd40af7-58f4-419b-bc1f-943babd09b94,run1_rep1,B,OPEN,OPEN,request,CACHE,HIT,0.027624999347608536,0.5103750008856878,INFO,adaptador.request,false,degradado,0.41316700117022265,9216.841447914,9216.841930664,9216.841420289,9216.841861081,CIRCUIT_OPEN,2026-09-05T00:02:00.039356Z
23cae35c-312d-4541-96b2-619d62970c27,run1_rep1,B,OPEN,OPEN,request,CACHE,HIT,0.05675000102201011,1.0375420006312197,INFO,adaptador.request,false,degradado,0.8437500000582077,9216.967521372,9216.968502164,9216.967464622,9216.968365122,CIRCUIT_OPEN,2026-09-05T00:02:00.165957Z
b2973f66-0a15-461a-9903-19d439a96245,run1_rep1,B,OPEN,OPEN,request,CACHE,HIT,0.04545899901131634,0.7201669995993143,INFO,adaptador.request,false,degradado,0.593165999816847,9216.998464081,9216.999138789,9216.998418622,9216.999057247,CIRCUIT_OPEN,2026-09-05T00:02:00.196542Z
024a06c7-2a7c-4e1b-9de5-25b343695dc7,run1_rep1,B,OPEN,OPEN,request,CACHE,HIT,0.03154099977109581,0.6608330004382879,INFO,adaptador.request,false,degradado,0.55587499991816,9217.005533247,9217.006162539,9217.005501706,9217.006089122,CIRCUIT_OPEN,2026-09-05T00:02:00.203564Z
75aee792-c749-4bfc-88d8-9c19b8468f0f,run1_rep1,B,OPEN,OPEN,request,CACHE,HIT,0.01983299989660736,0.5054579996794928,INFO,adaptador.request,false,degradado,0.438208999185008,9217.009968622,9217.010454247,9217.009948789,9217.010406831,CIRCUIT_OPEN,2026-09-05T00:02:00.207828Z
0b5bf274-8d33-4e6f-a3f4-d87fb5813511,run1_rep1,B,OPEN,OPEN,request,CACHE,HIT,0.05670899918186478,0.9374170003866311,INFO,adaptador.request,false,degradado,0.7465409998985706,9217.112216581,9217.113097289,9217.112159872,9217.112963122,CIRCUIT_OPEN,2026-09-05T00:02:00.310537Z
d93c5016-4d9c-4f3c-9dc9-0fc6549a2c80,run1_rep1,B,OPEN,OPEN,request,CACHE,HIT,0.028625001505133696,0.4915830013487721,INFO,adaptador.request,false,degradado,0.4077499997947598,9217.114063831,9217.114526789,9217.114035206,9217.114471581,CIRCUIT_OPEN,2026-09-05T00:02:00.311906Z
84a65d98-ae72-42b4-9de8-5e8083d91a33,run1_rep1,B,OPEN,OPEN,request,CACHE,HIT,0.03004199970746413,0.5573750004259637,INFO,adaptador.request,false,degradado,0.4543750001175795,9217.124417289,9217.124944622,9217.124387247,9217.124871664,CIRCUIT_OPEN,2026-09-05T00:02:00.322371Z
55a6d3e9-f971-4815-b446-26364238c0b3,run1_rep1,B,OPEN,OPEN,request,CACHE,HIT,0.04070800059707835,0.7129160003387369,INFO,adaptador.request,false,degradado,0.5922079999436392,9217.170633539,9217.171305747,9217.170592831,9217.171225747,CIRCUIT_OPEN,2026-09-05T00:02:00.368710Z
085be41e-ed9f-43cf-a312-ae37b44b8748,run1_rep1,B,OPEN,OPEN,request,CACHE,HIT,0.027042000510846265,0.6157080006232718,INFO,adaptador.request,false,degradado,0.48316599895770196,9217.180461206,9217.181049872,9217.180434164,9217.180944372,CIRCUIT_OPEN,2026-09-05T00:02:00.378474Z
07d8df79-4159-45f5-950e-daa2378ee288,run1_rep1,B,OPEN,OPEN,request,CACHE,HIT,0.03295799979241565,0.722999999197782,INFO,adaptador.request,false,degradado,0.6145419993117684,9217.195995872,9217.196685914,9217.195962914,9217.196610414,CIRCUIT_OPEN,2026-09-05T00:02:00.394087Z
d52af11e-1b3d-46ec-bc9d-e5abb6281b74,run1_rep1,B,OPEN,OPEN,request,CACHE,HIT,0.025417000870220363,0.43658300091919955,INFO,adaptador.request,false,degradado,0.3469580005912576,9217.218130956,9217.218542122,9217.218105539,9217.218477914,CIRCUIT_OPEN,2026-09-05T00:02:00.415942Z
91a65f3f-defb-45c4-9076-13a6408c9e8b,run1_rep1,B,OPEN,OPEN,request,CACHE,HIT,0.01866699858510401,0.4304169997340068,INFO,adaptador.request,false,degradado,0.36329200156615116,9217.231884914,9217.232296664,9217.231866247,9217.232248206,CIRCUIT_OPEN,2026-09-05T00:02:00.429664Z
e346182e-6613-4726-a2cf-de3ca1c70ac5,run1_rep1,B,OPEN,OPEN,request,CACHE,HIT,0.06337500053632539,0.78274999941641,INFO,adaptador.request,false,degradado,0.6248749996302649,9217.311019414,9217.311738789,9217.310956039,9217.311644289,CIRCUIT_OPEN,2026-09-05T00:02:00.509161Z
ceee7d9b-5806-4cdf-8182-99675a17132e,run1_rep1,B,OPEN,OPEN,request,CACHE,HIT,0.07525000000896398,0.992291999864392,INFO,adaptador.request,false,degradado,0.8048750005400507,9217.458031122,9217.458948164,9217.457955872,9217.458835997,CIRCUIT_OPEN,2026-09-05T00:02:00.656381Z
45c34433-2708-4418-a2d6-1c43fe4df6f2,run1_rep1,B,OPEN,OPEN,request,CACHE,HIT,0.04533299943432212,0.6841670001449529,INFO,adaptador.request,false,degradado,0.5490420007845387,9217.493449872,9217.494088706,9217.493404539,9217.493998914,CIRCUIT_OPEN,2026-09-05T00:02:00.691479Z
ad20d1aa-1d3c-4644-8f58-4727389b8569,run1_rep1,B,OPEN,OPEN,request,CACHE,HIT,0.06666599983873311,0.8184159996744711,INFO,adaptador.request,false,degradado,0.6114170009823283,9217.524041289,9217.524793039,9217.523974623,9217.524652706,CIRCUIT_OPEN,2026-09-05T00:02:00.722250Z
0da269e4-3b34-4cf5-b233-a5a88a7a2a4b,run1_rep1,B,OPEN,OPEN,request,CACHE,HIT,0.030625000363215804,0.5902499997318955,INFO,adaptador.request,false,degradado,0.47679199997219257,9217.527392831,9217.527952456,9217.527362206,9217.527869623,CIRCUIT_OPEN,2026-09-05T00:02:00.725364Z
fd8a00e7-cb40-45af-a72e-c97b876c0201,run1_rep1,B,OPEN,OPEN,request,CACHE,HIT,0.05383300049288664,1.0058330008178018,INFO,adaptador.request,false,degradado,0.8333749992743833,9217.555184331,9217.556136331,9217.555130498,9217.556017706,CIRCUIT_OPEN,2026-09-05T00:02:00.753591Z
20ddd160-a4bb-46b6-9d66-8bdb296f9eb5,run1_rep1,B,OPEN,OPEN,request,CACHE,HIT,0.11883400111400988,0.8513339998899028,INFO,adaptador.request,false,degradado,0.6420409990823828,9217.558549498,9217.559281998,9217.558430664,9217.559191539,CIRCUIT_OPEN,2026-09-05T00:02:00.756709Z
78c4447b-2060-4593-8bea-45e2100c1d45,run1_rep1,B,OPEN,OPEN,request,CACHE,HIT,0.054459000239148736,0.5795840006612707,INFO,adaptador.request,false,degradado,0.47179099965433124,9217.583307498,9217.583832623,9217.583253039,9217.583779289,CIRCUIT_OPEN,2026-09-05T00:02:00.781209Z
42987288-8f73-4aac-9e68-8bdbe3e0b31d,run1_rep1,B,OPEN,OPEN,request,CACHE,HIT,0.04283300040697213,0.7398329998977715,INFO,adaptador.request,false,degradado,0.6018749991199002,9217.639534914,9217.640231914,9217.639492081,9217.640136789,CIRCUIT_OPEN,2026-09-05T00:02:00.837645Z
bd4749db-d12d-4a4f-9a8d-5f2ed05a3225,run1_rep1,B,OPEN,OPEN,request,CACHE,HIT,0.03658300011011306,0.6632080003328156,INFO,adaptador.request,false,degradado,0.5507090008904925,9217.698364164,9217.698990789,9217.698327581,9217.698914873,CIRCUIT_OPEN,2026-09-05T00:02:00.896415Z
b750ea89-d255-4e9b-9ee7-03b96d235b3e,run1_rep1,B,OPEN,OPEN,request,CACHE,HIT,0.030749999496038072,0.6145409988675965,INFO,adaptador.request,false,degradado,0.49975000001722947,9217.716678998,9217.717262789,9217.716648248,9217.717178748,CIRCUIT_OPEN,2026-09-05T00:02:00.914665Z
88c359d6-4d58-488a-8ae3-92f9c9f37d83,run1_rep1,B,OPEN,OPEN,request,CACHE,HIT,0.034124999729101546,1.1434159987402381,INFO,adaptador.request,false,degradado,1.0416659988550236,9217.783814373,9217.784923664,9217.783780248,9217.784856039,CIRCUIT_OPEN,2026-09-05T00:02:00.982351Z
86359658-ac2c-4f66-acf5-0db5fbb7b334,run1_rep1,B,OPEN,OPEN,request,CACHE,HIT,0.02366700027778279,0.8224579996749526,INFO,adaptador.request,false,degradado,0.7514579992857762,9217.784734373,9217.785533164,9217.784710706,9217.785485831,CIRCUIT_OPEN,2026-09-05T00:02:00.983081Z
42ac8c5a-cb3a-434e-a71d-0a865b169249,run1_rep1,B,OPEN,OPEN,request,CACHE,HIT,0.05866599894943647,0.8715409985597944,INFO,adaptador.request,false,degradado,0.7129999994504033,9217.877935539,9217.878748414,9217.877876873,9217.878648539,CIRCUIT_OPEN,2026-09-05T00:02:01.076158Z
a7663db8-5ea6-4431-8204-8aeab150fcf6,run1_rep1,B,OPEN,OPEN,request,CACHE,HIT,0.050082999223377556,0.9926669990818482,INFO,adaptador.request,false,degradado,0.8463750000373693,9217.914781664,9217.915724248,9217.914731581,9217.915628039,CIRCUIT_OPEN,2026-09-05T00:02:01.113129Z
81f05262-30fe-4caa-a0eb-966c5c1a754f,run1_rep1,B,OPEN,OPEN,request,CACHE,HIT,0.042499999835854396,0.8582499995100079,INFO,adaptador.request,false,degradado,0.7447499992849771,9217.931319539,9217.932135289,9217.931277039,9217.932064289,CIRCUIT_OPEN,2026-09-05T00:02:01.129520Z
997394dc-2d84-4892-b0e6-2df0cc140cdf,run1_rep1,B,OPEN,OPEN,request,CACHE,HIT,0.03587500032153912,0.6452079996961402,INFO,adaptador.request,false,degradado,0.5323749992385274,9217.955962706,9217.956572039,9217.955926831,9217.956495081,CIRCUIT_OPEN,2026-09-05T00:02:01.153974Z
89fb63e7-26c2-4c44-8acb-ee158710c7da,run1_rep1,B,OPEN,OPEN,request,CACHE,HIT,0.022333999368129298,0.45325000064622145,INFO,adaptador.request,false,degradado,0.36141600139671937,9217.979673498,9217.980104414,9217.979651164,9217.980034914,CIRCUIT_OPEN,2026-09-05T00:02:01.177507Z
bf0d7c31-8968-4bf6-98ae-16d9f55e2276,run1_rep1,B,OPEN,OPEN,request,CACHE,HIT,0.021374999050749466,0.44049999996786937,INFO,adaptador.request,false,degradado,0.35349999961908907,9217.999123914,9217.999543039,9217.999102539,9217.999477414,CIRCUIT_OPEN,2026-09-05T00:02:01.196944Z
958cde88-d8f9-430c-befd-49c4e1673298,run1_rep1,B,OPEN,OPEN,request,CACHE,HIT,0.016166000932571478,0.3738750001502922,INFO,adaptador.request,false,degradado,0.3065839991904795,9218.009153789,9218.009511498,9218.009137623,9218.009460373,CIRCUIT_OPEN,2026-09-05T00:02:01.206890Z
957e1fa5-0606-49f5-8901-49f43ad455dd,run1_rep1,B,OPEN,OPEN,request,CACHE,HIT,0.05200000123295467,0.8455410006718012,INFO,adaptador.request,false,degradado,0.6972499995754333,9218.054680748,9218.055474289,9218.054628748,9218.055377998,CIRCUIT_OPEN,2026-09-05T00:02:01.252898Z
8c472c46-3ef6-47bc-885b-f012b90671fc,run1_rep1,B,OPEN,OPEN,request,CACHE,HIT,0.03449999894655775,0.6574999988515629,INFO,adaptador.request,false,degradado,0.5590000000665896,9218.077725456,9218.078348456,9218.077690956,9218.078284456,CIRCUIT_OPEN,2026-09-05T00:02:01.275739Z
1702261c-fa93-4a1b-b637-a60efbfdb6a0,run1_rep1,B,OPEN,OPEN,request,CACHE,HIT,0.018000000636675395,0.9214589990733657,INFO,adaptador.request,false,degradado,0.859124998896732,9218.148085414,9218.148988873,9218.148067414,9218.148944539,CIRCUIT_OPEN,2026-09-05T00:02:01.346375Z
e44dd8c7-595a-486f-a51b-22cf529e9243,run1_rep1,B,OPEN,OPEN,request,CACHE,HIT,0.053915999160381034,1.2463749990274664,INFO,adaptador.request,false,degradado,1.0970839994115522,9218.147533914,9218.148726373,9218.147479998,9218.148630998,CIRCUIT_OPEN,2026-09-05T00:02:01.346660Z
94c8c68c-ac7c-4a35-8f67-6b15ba492d85,run1_rep1,B,OPEN,OPEN,request,CACHE,HIT,0.04137500036449637,0.8008330005395692,INFO,adaptador.request,false,degradado,0.6569170000148006,9218.178537956,9218.179297414,9218.178496581,9218.179194873,CIRCUIT_OPEN,2026-09-05T00:02:01.376749Z
c7e9a428-0a5f-4951-bbb2-d198ccf60bf5,run1_rep1,B,OPEN,OPEN,request,CACHE,HIT,0.024124999981722794,0.580374999117339,INFO,adaptador.request,false,degradado,0.5087089994049165,9218.182961164,9218.183517414,9218.182937039,9218.183469873,CIRCUIT_OPEN,2026-09-05T00:02:01.380894Z
2a29fb0a-b386-44fd-962a-9348928d2a74,run1_rep1,B,OPEN,OPEN,request,CACHE,HIT,0.02074999974865932,0.5696669995813863,INFO,adaptador.request,false,degradado,0.43083300079160836,9218.197593206,9218.198142123,9218.197572456,9218.198024039,CIRCUIT_OPEN,2026-09-05T00:02:01.395509Z
85d582d6-7324-40bf-bc00-6bce225c519c,run1_rep1,B,OPEN,OPEN,request,CACHE,HIT,0.01941700065799523,0.4154170001129387,INFO,adaptador.request,false,degradado,0.3409999990253709,9218.201830873,9218.202226873,9218.201811456,9218.202171873,CIRCUIT_OPEN,2026-09-05T00:02:01.399602Z
e01419d6-72ef-4bfb-8072-c78e2a12ad15,run1_rep1,B,OPEN,OPEN,request,CACHE,HIT,0.054666001233272254,0.8240000006480841,INFO,adaptador.request,false,degradado,0.6834169998910511,9218.286510206,9218.28727954,9218.28645554,9218.287193623,CIRCUIT_OPEN,2026-09-05T00:02:01.484674Z
79fe7fe0-0e0b-46d0-b4d8-d1e0cf662326,run1_rep1,B,OPEN,OPEN,request,CACHE,HIT,0.05012499968870543,1.223625000420725,INFO,adaptador.request,false,degradado,1.067749999492662,9218.340844998,9218.342018498,9218.340794873,9218.341912748,CIRCUIT_OPEN,2026-09-05T00:02:01.539696Z
8199ccc5-cd98-4fc0-abc0-af360e39185b,run1_rep1,B,OPEN,OPEN,request,CACHE,HIT,0.021333000404410996,0.9368330011056969,INFO,adaptador.request,false,degradado,0.8650830004626187,9218.341391373,9218.342306873,9218.34137004,9218.342256456,CIRCUIT_OPEN,2026-09-05T00:02:01.540035Z
8c66516f-9976-4b24-9fcf-2773682970b7,run1_rep1,B,OPEN,OPEN,request,CACHE,HIT,0.05795899960503448,0.9014589995786082,INFO,adaptador.request,false,degradado,0.7260000002133893,9218.380299665,9218.381143165,9218.380241706,9218.381025665,CIRCUIT_OPEN,2026-09-05T00:02:01.578554Z
fda5a556-6315-4e4e-8fcc-df3691ff1042,run1_rep1,B,OPEN,OPEN,request,CACHE,HIT,0.03524999920045957,0.6715419985994231,INFO,adaptador.request,false,degradado,0.5374579995987006,9218.412458498,9218.41309479,9218.412423248,9218.412995956,CIRCUIT_OPEN,2026-09-05T00:02:01.610498Z
b0f78503-8f89-4493-9f5c-000ec48d121b,run1_rep1,B,OPEN,OPEN,request,CACHE,HIT,0.024166000002878718,0.49429099999542814,INFO,adaptador.request,false,degradado,0.3915840006811777,9218.416582581,9218.417052706,9218.416558415,9218.416974165,CIRCUIT_OPEN,2026-09-05T00:02:01.614443Z
3e172ecb-28db-4bd3-ab55-0d940d3f5f40,run1_rep1,B,OPEN,OPEN,request,CACHE,HIT,0.024000000848900527,0.44625000009546056,INFO,adaptador.request,false,degradado,0.3665829990495695,9218.43445079,9218.43487304,9218.43442679,9218.434817373,CIRCUIT_OPEN,2026-09-05T00:02:01.632255Z
24c40b84-6cd2-4f3b-8805-e9f94082f8ac,run1_rep1,B,OPEN,OPEN,request,CACHE,HIT,0.014208999346010387,0.7652500007679919,INFO,adaptador.request,false,degradado,0.7139160006772727,9218.465232665,9218.465983706,9218.465218456,9218.465946581,CIRCUIT_OPEN,2026-09-05T00:02:01.663352Z
d985a635-1aa9-4bce-9d4f-2d4c52cbbf19,run1_rep1,B,OPEN,OPEN,request,CACHE,HIT,0.02708300053200219,0.9865410011116182,INFO,adaptador.request,false,degradado,0.8996670003398322,9218.464797498,9218.465756956,9218.464770415,9218.465697165,CIRCUIT_OPEN,2026-09-05T00:02:01.663631Z
eece6757-4134-4183-982c-29a1a7bfffe5,run1_rep1,B,OPEN,OPEN,request,CACHE,HIT,0.03362499955983367,1.1779590004152851,INFO,adaptador.request,false,degradado,1.0705420008889632,9218.497957581,9218.499101915,9218.497923956,9218.499028123,CIRCUIT_OPEN,2026-09-05T00:02:01.696845Z
6e10a3db-455a-471e-a916-bdf42930e25d,run1_rep1,B,OPEN,OPEN,request,CACHE,HIT,0.013209000826464035,0.9179170010611415,INFO,adaptador.request,false,degradado,0.8372909996978706,9218.498515665,9218.499420373,9218.498502456,9218.499352956,CIRCUIT_OPEN,2026-09-05T00:02:01.697149Z
79250d5d-7c61-4fd1-917f-f8e58e4707fa,run1_rep1,B,OPEN,OPEN,request,CACHE,HIT,0.024750001102802344,0.46454200128209777,INFO,adaptador.request,false,degradado,0.3839999990304932,9218.503479998,9218.50391979,9218.503455248,9218.503863998,CIRCUIT_OPEN,2026-09-05T00:02:01.701319Z
d38ccf9c-ff11-443e-875c-92ab14d0258c,run1_rep1,B,OPEN,OPEN,request,CACHE,HIT,0.042333000237704255,1.1082500004704343,INFO,adaptador.request,false,degradado,0.989792000837042,9218.566864248,9218.567930165,9218.566821915,9218.56785404,CIRCUIT_OPEN,2026-09-05T00:02:01.765663Z
b781c4c7-088a-4f46-80c6-4b844446802a,run1_rep1,B,OPEN,OPEN,request,CACHE,HIT,0.019999999494757503,0.9205829992424697,INFO,adaptador.request,false,degradado,0.8481250006298069,9218.567367373,9218.568267956,9218.567347373,9218.568215498,CIRCUIT_OPEN,2026-09-05T00:02:01.765971Z
9a160637-ce33-4ac7-afda-0a54a1b9a0d9,run1_rep1,B,OPEN,OPEN,request,CACHE,HIT,0.05874999988009222,0.8499169998685829,INFO,adaptador.request,false,degradado,0.6886669998493744,9218.624561498,9218.625352665,9218.624502748,9218.625250165,CIRCUIT_OPEN,2026-09-05T00:02:01.822764Z
9ed154ea-8765-405e-9c6b-b666c356903a,run1_rep1,B,OPEN,OPEN,request,CACHE,HIT,0.05129199962539133,0.6266670006880304,INFO,adaptador.request,false,degradado,0.4956660013704095,9218.637494165,9218.63806954,9218.637442873,9218.637989831,CIRCUIT_OPEN,2026-09-05T00:02:01.835452Z
0b119f22-ffe0-442d-bad9-63447a5ef98e,run1_rep1,B,OPEN,OPEN,request,CACHE,HIT,0.028707998353638686,0.6805419998272555,INFO,adaptador.request,false,degradado,0.5760420008300571,9218.660316331,9218.660968165,9218.660287623,9218.660892373,CIRCUIT_OPEN,2026-09-05T00:02:01.858396Z
6557ffa4-08d0-4383-bbcb-0e1205404b07,run1_rep1,B,OPEN,OPEN,request,CACHE,HIT,0.020833998860325664,0.445166999270441,INFO,adaptador.request,false,degradado,0.3740410011232598,9218.67467429,9218.675098623,9218.674653456,9218.675048331,CIRCUIT_OPEN,2026-09-05T00:02:01.872476Z
fdf9c3f9-8eda-466a-b465-a1fa9bf2fb5a,run1_rep1,B,OPEN,OPEN,request,CACHE,HIT,0.01570799940964207,0.37533300019276794,INFO,adaptador.request,false,degradado,0.2931670005636988,9218.694544831,9218.694904456,9218.694529123,9218.694837998,CIRCUIT_OPEN,2026-09-05T00:02:01.892316Z
39480e97-2470-4bb2-9907-ce49926c1fbd,run1_rep1,B,OPEN,OPEN,request,CACHE,HIT,0.015333000192185864,0.4588330011756625,INFO,adaptador.request,false,degradado,0.40033400000538677,9218.697975206,9218.698418706,9218.697959873,9218.69837554,CIRCUIT_OPEN,2026-09-05T00:02:01.895788Z
b8dec4a7-a6d9-4532-a53b-99c7eec10626,run1_rep1,B,OPEN,OPEN,request,CACHE,HIT,0.04175000140094198,0.7292090012924746,INFO,adaptador.request,false,degradado,0.5721669986087363,9218.817393081,9218.81808054,9218.817351331,9218.817965248,CIRCUIT_OPEN,2026-09-05T00:02:02.015494Z
50df64f9-6883-4c18-bd92-8e98ef96f096,run1_rep1,B,OPEN,OPEN,request,CACHE,HIT,0.03866599945467897,0.7673749987588963,INFO,adaptador.request,false,degradado,0.6057089995010756,9218.865794456,9218.866523165,9218.86575579,9218.866400165,CIRCUIT_OPEN,2026-09-05T00:02:02.063983Z
ef936571-8c83-40d0-9b58-c67a640483fb,run1_rep1,B,OPEN,OPEN,request,CACHE,HIT,0.03020799886144232,0.5297909992805216,INFO,adaptador.request,false,degradado,0.44129200068709906,9218.868948623,9218.869448206,9218.868918415,9218.869389915,CIRCUIT_OPEN,2026-09-05T00:02:02.066819Z
571a0d1c-0642-4b9c-91b0-fa3b28620bf3,run1_rep1,B,OPEN,OPEN,request,CACHE,HIT,0.03458299943304155,0.8395829991059145,INFO,adaptador.request,false,degradado,0.7126250002329471,9218.892514248,9218.893319248,9218.892479665,9218.893226873,CIRCUIT_OPEN,2026-09-05T00:02:02.090742Z
00da2ff7-6a23-4134-b2c1-8dc1835fbd28,run1_rep1,B,OPEN,OPEN,request,CACHE,HIT,0.01887500002339948,0.3962920000049053,INFO,adaptador.request,false,degradado,0.3374999996594852,9218.919040123,9218.91941754,9218.919021248,9218.919377623,CIRCUIT_OPEN,2026-09-05T00:02:02.116795Z
10cb1d5c-0d7f-4c00-b73a-1ccf7e5bec73,run1_rep1,B,OPEN,OPEN,request,CACHE,HIT,0.018374999854131602,0.3987079999205889,INFO,adaptador.request,false,degradado,0.34174999927927274,9218.935907207,9218.93628754,9218.935888832,9218.936248957,CIRCUIT_OPEN,2026-09-05T00:02:02.133635Z
eaf9e2fa-1135-4201-a9c5-a9bcf95ed0ae,run1_rep1,B,OPEN,OPEN,request,CACHE,HIT,0.015207999240374193,0.3346249995956896,INFO,adaptador.request,false,degradado,0.2761670002655592,9218.967860915,9218.968180332,9218.967845707,9218.968137082,CIRCUIT_OPEN,2026-09-05T00:02:02.165542Z
8281c732-bb25-4c51-b01b-9370d082eefb,run1_rep1,B,OPEN,OPEN,request,CACHE,HIT,0.011458001608843915,0.2700000004551839,INFO,adaptador.request,false,degradado,0.22637499932898208,9218.976836248,9218.97709479,9218.97682479,9218.977062623,CIRCUIT_OPEN,2026-09-05T00:02:02.174447Z
50ed951c-463e-4911-bb63-f4ae52c7891a,run1_rep1,B,OPEN,OPEN,request,CACHE,HIT,0.010624999049468897,0.3092089991696412,INFO,adaptador.request,false,degradado,0.22608400104218163,9218.979215123,9218.979513707,9218.979204498,9218.979441207,CIRCUIT_OPEN,2026-09-05T00:02:02.176937Z
478ef8eb-8e5d-4fb7-9aba-df3efdc23d68,run1_rep1,B,OPEN,OPEN,request,CACHE,HIT,0.01275000067835208,0.26950000028591603,INFO,adaptador.request,false,degradado,0.21249999917927198,9218.98049204,9218.98074879,9218.98047929,9218.98070454,CIRCUIT_OPEN,2026-09-05T00:02:02.178116Z
b153138b-34fb-43b9-b799-213f0bbe469f,run1_rep1,B,OPEN,OPEN,request,CACHE,HIT,0.010125000699190423,0.2421669996692799,INFO,adaptador.request,false,degradado,0.2028339986281935,9218.992178873,9218.992410915,9218.992168748,9218.992381707,CIRCUIT_OPEN,2026-09-05T00:02:02.189761Z
67a97a73-c1d4-4ee2-982c-5e405d45ab0d,run1_rep1,B,OPEN,OPEN,request,CACHE,HIT,0.03995799852418713,0.6775000001653098,INFO,adaptador.request,false,degradado,0.5663750016537961,9219.095950623,9219.096588165,9219.095910665,9219.096516998,CIRCUIT_OPEN,2026-09-05T00:02:02.293974Z
5b0a8cb1-8d6e-4ec8-9fdb-c4dfdd3880dd,run1_rep1,B,OPEN,OPEN,request,CACHE,HIT,0.03262499922129791,0.5775419995188713,INFO,adaptador.request,false,degradado,0.4840420006075874,9219.115712665,9219.116257582,9219.11568004,9219.116196707,CIRCUIT_OPEN,2026-09-05T00:02:02.313637Z
b5e7e4d1-9ca8-48e4-9a01-36b63d2a8b6e,run1_rep1,B,OPEN,OPEN,request,CACHE,HIT,0.028541999199660495,0.5777089991170214,INFO,adaptador.request,false,degradado,0.4857080002693692,9219.13185754,9219.132406707,9219.131828998,9219.132343248,CIRCUIT_OPEN,2026-09-05T00:02:02.329786Z
9c6c2c4d-1dae-48ed-9535-9314e2889e94,run1_rep1,B,OPEN,OPEN,request,CACHE,HIT,0.02995799877680838,0.5508750000444707,INFO,adaptador.request,false,degradado,0.4515830005402677,9219.15707229,9219.157593207,9219.157042332,9219.157523873,CIRCUIT_OPEN,2026-09-05T00:02:02.354991Z
82913221-7c47-4e28-9953-9df6d243d8f4,run1_rep1,B,OPEN,OPEN,request,CACHE,HIT,0.05820799924549647,0.9394579992658691,INFO,adaptador.request,false,degradado,0.7700420010223752,9219.224405873,9219.225287123,9219.224347665,9219.225175915,CIRCUIT_OPEN,2026-09-05T00:02:02.422712Z
ff5a3933-8a75-433e-98a7-874a00b3b541,run1_rep1,B,OPEN,OPEN,request,CACHE,HIT,0.03929200101993047,0.6552920003741747,INFO,adaptador.request,false,degradado,0.5517079989658669,9219.25730454,9219.25792054,9219.257265248,9219.257856248,CIRCUIT_OPEN,2026-09-05T00:02:02.455300Z
d5a25553-4402-430f-8342-b469ac1ceb5d,run1_rep1,B,OPEN,OPEN,request,CACHE,HIT,0.03604099947551731,0.6537499994010432,INFO,adaptador.request,false,degradado,0.5332090004230849,9219.269861498,9219.270479207,9219.269825457,9219.270394707,CIRCUIT_OPEN,2026-09-05T00:02:02.467877Z
157f2e45-d2ac-46bd-b703-0d43a47348f3,run1_rep1,B,OPEN,OPEN,request,CACHE,HIT,0.029208998967078514,0.8136670003295876,INFO,adaptador.request,false,degradado,0.6451250010286458,9219.272315457,9219.273099915,9219.272286248,9219.272960582,CIRCUIT_OPEN,2026-09-05T00:02:02.470495Z
5c1b5cfd-5bb4-4bb6-8e66-e2be04061762,run1_rep1,B,OPEN,OPEN,request,CACHE,HIT,0.0585409998166142,0.8007079995877575,INFO,adaptador.request,false,degradado,0.6510000002890592,9219.339164873,9219.33990704,9219.339106332,9219.339815873,CIRCUIT_OPEN,2026-09-05T00:02:02.537334Z
909ca538-6cbb-40c8-a3f2-c2eb281d777e,run1_rep1,B,OPEN,OPEN,request,CACHE,HIT,0.05437499930849299,1.7270829994231462,INFO,adaptador.request,false,degradado,1.563707999594044,9219.354145165,9219.355817873,9219.35409079,9219.355708873,CIRCUIT_OPEN,2026-09-05T00:02:02.553230Z
5a8c1d20-37c9-46ad-a9e4-2876d2d039f1,run1_rep1,B,OPEN,OPEN,request,CACHE,HIT,0.03858299896819517,0.5339580002328148,INFO,adaptador.request,false,degradado,0.4370420010673115,9219.383186623,9219.383681998,9219.38314804,9219.383623665,CIRCUIT_OPEN,2026-09-05T00:02:02.581059Z
e104a70f-4340-45d8-99f8-ba99e0262039,run1_rep1,B,OPEN,OPEN,request,CACHE,HIT,0.022125001123640686,0.4951250011799857,INFO,adaptador.request,false,degradado,0.4149999986111652,9219.395752332,9219.396225332,9219.395730207,9219.396167332,CIRCUIT_OPEN,2026-09-05T00:02:02.593608Z
3eb5f332-a197-4756-a732-01c34e6833e0,run1_rep1,B,OPEN,OPEN,request,CACHE,HIT,0.019999999494757503,0.4237079992890358,INFO,adaptador.request,false,degradado,0.3578750001906883,9219.40469754,9219.405101248,9219.40467754,9219.405055415,CIRCUIT_OPEN,2026-09-05T00:02:02.602467Z
9467e86c-7199-4660-8b20-a331a94c9c58,run1_rep1,B,OPEN,OPEN,request,CACHE,HIT,0.018000000636675395,0.3695410014188383,INFO,adaptador.request,false,degradado,0.2995830000145361,9219.411512207,9219.411863748,9219.411494207,9219.41181179,CIRCUIT_OPEN,2026-09-05T00:02:02.609237Z
0b18c6ee-938e-43ef-b383-aabfc7325312,run1_rep1,B,OPEN,OPEN,request,CACHE,HIT,0.01662499926169403,0.7821660001354758,INFO,adaptador.request,false,degradado,0.7177500010584481,9219.443493207,9219.444258748,9219.443476582,9219.444210957,CIRCUIT_OPEN,2026-09-05T00:02:02.641632Z
9cf01a24-5b28-4f2a-8c9d-fa54f1264c63,run1_rep1,B,OPEN,OPEN,request,CACHE,HIT,0.02245900031994097,0.9474170001340099,INFO,adaptador.request,false,degradado,0.8722080001462018,9219.443045582,9219.44397054,9219.443023123,9219.44391779,CIRCUIT_OPEN,2026-09-05T00:02:02.641852Z
952c6f71-f2d4-4004-92d0-820e1fbd5aeb,run1_rep1,B,OPEN,OPEN,request,CACHE,HIT,0.04466700011107605,0.7101249993866077,INFO,adaptador.request,false,degradado,0.5868329990335042,9219.523868415,9219.524533873,9219.523823748,9219.524455248,CIRCUIT_OPEN,2026-09-05T00:02:02.721925Z
c4b88d59-ea22-4b57-8c24-65ef92d0365c,run1_rep1,B,OPEN,OPEN,request,CACHE,HIT,0.03749999996216502,0.6775000001653098,INFO,adaptador.request,false,degradado,0.5553339997277362,9219.542757248,9219.543397248,9219.542719748,9219.543312582,CIRCUIT_OPEN,2026-09-05T00:02:02.740805Z
b0f07844-7a6a-4073-8a70-094c388c3a76,run1_rep1,B,OPEN,OPEN,request,CACHE,HIT,0.04945799992128741,0.9443329981877469,INFO,adaptador.request,false,degradado,0.7764169986330671,9219.58792929,9219.588824165,9219.587879832,9219.588705707,CIRCUIT_OPEN,2026-09-05T00:02:02.786268Z
a77c433b-36bd-4be0-a949-375fe463e24b,run1_rep1,B,OPEN,OPEN,request,CACHE,HIT,0.05425000017567072,0.7681250008317875,INFO,adaptador.request,false,degradado,0.6342079996102257,9219.618184457,9219.618898332,9219.618130207,9219.618818665,CIRCUIT_OPEN,2026-09-05T00:02:02.816293Z
13b7ce6f-5a4e-4aee-9ada-db39d437a37f,run1_rep1,B,OPEN,OPEN,request,CACHE,HIT,0.05899999996472616,0.8302919995912816,INFO,adaptador.request,false,degradado,0.646874999802094,9219.690285665,9219.691056957,9219.690226665,9219.69093254,CIRCUIT_OPEN,2026-09-05T00:02:02.888488Z
8498726f-5c68-4ee9-a881-63d33c8a8f00,run1_rep1,B,OPEN,OPEN,request,CACHE,HIT,0.029458999051712453,0.7390419996227138,INFO,adaptador.request,false,degradado,0.6287500000325963,9219.694952499,9219.695662082,9219.69492304,9219.695581249,CIRCUIT_OPEN,2026-09-05T00:02:02.893063Z
8a5cc336-d3f4-409f-8c78-8c11d96cd91a,run1_rep1,B,OPEN,OPEN,request,CACHE,HIT,0.023082999177859165,0.44116599929111544,INFO,adaptador.request,false,degradado,0.3728749998117564,9219.707186832,9219.707604915,9219.707163749,9219.707559707,CIRCUIT_OPEN,2026-09-05T00:02:02.904974Z
dcd1f3ef-2b7a-4000-bdce-b548058204c2,run1_rep1,B,OPEN,OPEN,request,CACHE,HIT,0.01662499926169403,0.40508299935027026,INFO,adaptador.request,false,degradado,0.3496669996820856,9219.716424457,9219.716812915,9219.716407832,9219.716774124,CIRCUIT_OPEN,2026-09-05T00:02:02.914177Z
4b0f7b30-ee60-4212-a42b-6270c7b038de,run1_rep1,B,OPEN,OPEN,request,CACHE,HIT,0.015915999028948136,0.3868749990942888,INFO,adaptador.request,false,degradado,0.32041700069385115,9219.72108179,9219.721452749,9219.721065874,9219.721402207,CIRCUIT_OPEN,2026-09-05T00:02:02.918838Z
78c33580-5adc-4eda-b22d-2fd5b0e77956,run1_rep1,B,OPEN,OPEN,request,CACHE,HIT,0.01462500040361192,0.36191599974699784,INFO,adaptador.request,false,degradado,0.307250000332715,9219.741121624,9219.741468915,9219.741106999,9219.741428874,CIRCUIT_OPEN,2026-09-05T00:02:02.938833Z
97dac2a7-0651-4d26-b003-59d39cdfa759,run1_rep1,B,OPEN,OPEN,request,CACHE,HIT,0.021207999452599324,0.41770800089580007,INFO,adaptador.request,false,degradado,0.3483750006125774,9219.76899279,9219.76938929,9219.768971582,9219.769341165,CIRCUIT_OPEN,2026-09-05T00:02:02.966761Z
af0ad6a2-7b13-4dcb-84d5-b0c8b69d8c71,run1_rep1,B,OPEN,OPEN,request,CACHE,HIT,0.03687499884108547,0.6652499996562256,INFO,adaptador.request,false,degradado,0.5570419998548459,9219.797991332,9219.798619707,9219.797954457,9219.798548374,CIRCUIT_OPEN,2026-09-05T00:02:02.996012Z
f795b305-91e2-4685-bcec-af5ddc8a04ac,run1_rep1,B,OPEN,OPEN,request,CACHE,HIT,0.0301670006592758,0.55337500089081,INFO,adaptador.request,false,degradado,0.4336659985710867,9219.819546999,9219.820070207,9219.819516832,9219.819980665,CIRCUIT_OPEN,2026-09-05T00:02:03.017459Z
29be0893-adcb-4519-abf6-134c421cbf1b,run1_rep1,B,OPEN,OPEN,request,CACHE,HIT,0.03987500167568214,0.6520420010929229,INFO,adaptador.request,false,degradado,0.5602499986707699,9219.876107915,9219.876720082,9219.87606804,9219.876668165,CIRCUIT_OPEN,2026-09-05T00:02:03.074086Z
621818e7-c488-4a8a-b8c1-45b5e84bab7c,run1_rep1,B,OPEN,OPEN,request,CACHE,HIT,0.02016700091189705,0.36987500061513856,INFO,adaptador.request,false,degradado,0.29504200028895866,9219.914649082,9219.91499879,9219.914628915,9219.914944124,CIRCUIT_OPEN,2026-09-05T00:02:03.112378Z
0b79b836-30f9-49db-93f8-57880e8c3f75,run1_rep1,B,OPEN,OPEN,request,CACHE,HIT,0.02045900146185886,0.4558340006042272,INFO,adaptador.request,false,degradado,0.3866659990308108,9219.940397374,9219.940832749,9219.940376915,9219.94078404,CIRCUIT_OPEN,2026-09-05T00:02:03.138191Z
bfff8a7d-3b13-4144-b122-18cf66de4754,run1_rep1,B,OPEN,OPEN,request,CACHE,HIT,0.02391599991824478,0.7789579995005624,INFO,adaptador.request,false,degradado,0.7155000002967427,9219.97054729,9219.971302332,9219.970523374,9219.97126279,CIRCUIT_OPEN,2026-09-05T00:02:03.168846Z
96791521-61c7-401e-984c-783d406a3731,run1_rep1,B,OPEN,OPEN,request,CACHE,HIT,0.009165998562821187,0.6374159984261496,INFO,adaptador.request,false,degradado,0.5937090008956147,9219.970847665,9219.971475915,9219.970838499,9219.971441374,CIRCUIT_OPEN,2026-09-05T00:02:03.169020Z
2fe3ffb4-544a-4a48-aa99-4e46b95012b2,run1_rep1,B,OPEN,OPEN,request,CACHE,HIT,0.014334000297822058,0.30487500043818727,INFO,adaptador.request,false,degradado,0.24437499996565748,9219.996547374,9219.996837915,9219.99653304,9219.996791749,CIRCUIT_OPEN,2026-09-05T00:02:03.194207Z
fd7c49dd-249d-4190-bd4b-c4b588a06008,run1_rep1,B,OPEN,OPEN,request,CACHE,HIT,0.026416999389766715,0.5435420007415814,INFO,adaptador.request,false,degradado,0.45737500113318674,9220.063813374,9220.064330499,9220.063786957,9220.064270749,CIRCUIT_OPEN,2026-09-05T00:02:03.261698Z
c2917b77-6394-4cfa-8add-031b30f4b240,run1_rep1,B,OPEN,OPEN,request,CACHE,HIT,0.025082999854930677,0.45404199954646174,INFO,adaptador.request,false,degradado,0.3692919999593869,9220.09252804,9220.092956999,9220.092502957,9220.092897332,CIRCUIT_OPEN,2026-09-05T00:02:03.290358Z
c5e54dfc-a788-47e1-800a-40bd3f292905,run1_rep1,B,OPEN,OPEN,request,CACHE,HIT,0.0200829999812413,0.3577919997042045,INFO,adaptador.request,false,degradado,0.29016699954809155,9220.099131915,9220.099469624,9220.099111832,9220.099422082,CIRCUIT_OPEN,2026-09-05T00:02:03.296838Z
596baa1e-0333-4d58-9383-274b07b56b6b,run1_rep1,B,OPEN,OPEN,request,CACHE,HIT,0.048208999942289665,0.7166669984144391,INFO,adaptador.request,false,degradado,0.5908329985686578,9220.168187499,9220.168855957,9220.16813929,9220.168778332,CIRCUIT_OPEN,2026-09-05T00:02:03.366242Z
e9065646-2c5d-4d25-915c-ad1fa421e003,run1_rep1,B,OPEN,OPEN,request,CACHE,HIT,0.03991699850303121,0.7628339990333188,INFO,adaptador.request,false,degradado,0.6380419999914011,9220.287518332,9220.288241249,9220.287478415,9220.288156374,CIRCUIT_OPEN,2026-09-05T00:02:03.485654Z
b9e5106a-e4ea-4783-acbd-dd9d4571b74b,run1_rep1,B,OPEN,OPEN,request,CACHE,HIT,0.03166699934809003,0.7518749989685602,INFO,adaptador.request,false,degradado,0.6340420004562475,9220.342514249,9220.343234457,9220.342482582,9220.343148291,CIRCUIT_OPEN,2026-09-05T00:02:03.540652Z
0aa86857-4984-4ef3-987b-326b2c73d210,run1_rep1,B,OPEN,OPEN,request,CACHE,HIT,0.044624999645748176,0.6701669990434311,INFO,adaptador.request,false,degradado,0.5517080007848563,9220.366551624,9220.367177166,9220.366506999,9220.367103332,CIRCUIT_OPEN,2026-09-05T00:02:03.564572Z
e4f80a30-ecd5-43fc-9687-be6e97e4f9f9,run1_rep1,B,OPEN,OPEN,request,CACHE,HIT,0.0575419999222504,0.6998329990892671,INFO,adaptador.request,false,degradado,0.5694159990525804,9220.387202791,9220.387845082,9220.387145249,9220.387772207,CIRCUIT_OPEN,2026-09-05T00:02:03.585226Z
8bb6ecb8-d57b-43ba-b27b-173bf6c0d058,run1_rep1,B,OPEN,OPEN,request,CACHE,HIT,0.026416999389766715,1.1456669999461155,INFO,adaptador.request,false,degradado,1.0471250006958144,9220.433270249,9220.434389499,9220.433243832,9220.434317374,CIRCUIT_OPEN,2026-09-05T00:02:03.632047Z
6d0e196f-bb79-463d-9fef-1588d0674060,run1_rep1,B,OPEN,OPEN,request,CACHE,HIT,0.02366700027778279,0.8532499996363185,INFO,adaptador.request,false,degradado,0.7859580000513233,9220.433830124,9220.434659707,9220.433806457,9220.434616082,CIRCUIT_OPEN,2026-09-05T00:02:03.632410Z
1bb672a3-34da-4aaa-8df9-1b970f6ee715,run1_rep1,B,OPEN,OPEN,request,CACHE,HIT,0.024707998818485066,0.9519159993942594,INFO,adaptador.request,false,degradado,0.8673330012243241,9220.435618749,9220.436545957,9220.435594041,9220.436486082,CIRCUIT_OPEN,2026-09-05T00:02:03.634093Z
98b8c6c6-22c4-429c-aa75-19f8db8a0391,run1_rep1,B,OPEN,OPEN,request,CACHE,HIT,0.02020799911406357,0.5751249991590157,INFO,adaptador.request,false,degradado,0.43783299952337984,9220.439861874,9220.440416791,9220.439841666,9220.440299707,CIRCUIT_OPEN,2026-09-05T00:02:03.637825Z
9377ba58-4523-4e3e-91f2-6e972b031b28,run1_rep1,B,OPEN,OPEN,request,CACHE,HIT,0.01758399957907386,0.7697090004512575,INFO,adaptador.request,false,degradado,0.6896659997437382,9220.467846791,9220.468598916,9220.467829207,9220.468536457,CIRCUIT_OPEN,2026-09-05T00:02:03.666223Z
79108d9f-d9ef-4d0a-9f8a-1a3a287e1f5c,run1_rep1,B,OPEN,OPEN,request,CACHE,HIT,0.014749999536434188,0.6497499998658895,INFO,adaptador.request,false,degradado,0.5969590001768665,9220.468199457,9220.468834457,9220.468184707,9220.468796416,CIRCUIT_OPEN,2026-09-05T00:02:03.666478Z
32c83244-afb7-48dc-a645-646bb35679c2,run1_rep1,B,OPEN,OPEN,request,CACHE,HIT,0.03920800008927472,0.9045410006365273,INFO,adaptador.request,false,degradado,0.794833000327344,9220.548792249,9220.549657582,9220.548753041,9220.549587082,CIRCUIT_OPEN,2026-09-05T00:02:03.747054Z
910d6abb-152e-4a61-a1fb-6b0783f544e6,run1_rep1,B,OPEN,OPEN,request,CACHE,HIT,0.02141699951607734,0.8934170000429731,INFO,adaptador.request,false,degradado,0.7994160005182493,9220.549473541,9220.550345541,9220.549452124,9220.550272957,CIRCUIT_OPEN,2026-09-05T00:02:03.747918Z
ece20c14-da06-4bfb-823d-4a965d710aba,run1_rep1,B,OPEN,OPEN,request,CACHE,HIT,0.03320799987704959,0.6184579997352557,INFO,adaptador.request,false,degradado,0.5101250008010538,9220.554605124,9220.555190374,9220.554571916,9220.555115249,CIRCUIT_OPEN,2026-09-05T00:02:03.752596Z
659a6bd6-29ce-4e63-a6ae-f49d7904689c,run1_rep1,B,OPEN,OPEN,request,CACHE,HIT,0.02141699951607734,0.4259999986970797,INFO,adaptador.request,false,degradado,0.35349999961908907,9220.562476416,9220.562880999,9220.562454999,9220.562829916,CIRCUIT_OPEN,2026-09-05T00:02:03.760253Z
5c3e28f1-cf31-43a5-a0b9-b907d2012cb2,run1_rep1,B,OPEN,OPEN,request,CACHE,HIT,0.02087500070047099,0.4350830004113959,INFO,adaptador.request,false,degradado,0.35650000063469633,9220.592563499,9220.592977707,9220.592542624,9220.592919999,CIRCUIT_OPEN,2026-09-05T00:02:03.790385Z
1c0c4a30-1806-42bb-9791-75339faccd74,run1_rep1,B,OPEN,OPEN,request,CACHE,HIT,0.032124999052030034,0.7036669994704425,INFO,adaptador.request,false,degradado,0.4582500005199108,9220.619316707,9220.619988249,9220.619284582,9220.619774957,CIRCUIT_OPEN,2026-09-05T00:02:03.817536Z
3dc34b12-64b2-447e-9dcb-2baf964f6425,run1_rep1,B,OPEN,OPEN,request,CACHE,HIT,0.03679200017359108,0.7379170001513558,INFO,adaptador.request,false,degradado,0.631375000011758,9220.642795666,9220.643496791,9220.642758874,9220.643427041,CIRCUIT_OPEN,2026-09-05T00:02:03.840895Z
12dda204-f318-4f7f-9ea4-1bd942d26450,run1_rep1,B,OPEN,OPEN,request,CACHE,HIT,0.0497920009365771,0.9774170011951355,INFO,adaptador.request,false,degradado,0.7854169998608995,9220.681511999,9220.682439624,9220.681462207,9220.682297416,CIRCUIT_OPEN,2026-09-05T00:02:03.879906Z
dfff24b8-93e0-48e2-8f82-75506d8dbd9c,run1_rep1,B,OPEN,OPEN,request,CACHE,HIT,0.05854200026078615,0.8986670000012964,INFO,adaptador.request,false,degradado,0.7414579995383974,9220.775893874,9220.776733999,9220.775835332,9220.776635332,CIRCUIT_OPEN,2026-09-05T00:02:03.974129Z
2ef8d570-d0ec-4bb2-b5b9-c32df72d6a86,run1_rep1,B,OPEN,OPEN,request,CACHE,HIT,0.03045899939024821,0.8236249996116385,INFO,adaptador.request,false,degradado,0.6360000006679911,9220.782486291,9220.783279457,9220.782455832,9220.783122291,CIRCUIT_OPEN,2026-09-05T00:02:03.980742Z
e4656f1e-39e6-4f0e-802c-5afa8f28f4e1,run1_rep1,B,OPEN,OPEN,request,CACHE,HIT,0.05145899922354147,0.9039590004249476,INFO,adaptador.request,false,degradado,0.7594580001750728,9220.822348916,9220.823201416,9220.822297457,9220.823108374,CIRCUIT_OPEN,2026-09-05T00:02:04.020640Z
f483fdab-1fc8-4aae-8a86-b3f78b13f663,run1_rep1,B,OPEN,OPEN,request,CACHE,HIT,0.03300000025774352,0.6165410013636574,INFO,adaptador.request,false,degradado,0.516125001013279,9220.829915166,9220.830498707,9220.829882166,9220.830431291,CIRCUIT_OPEN,2026-09-05T00:02:04.027879Z
4aa61a93-0c57-4dfa-b849-fdde9631f417,run1_rep1,B,OPEN,OPEN,request,CACHE,HIT,0.03604099947551731,0.6954159998713294,INFO,adaptador.request,false,degradado,0.5911249991186196,9220.834793582,9220.835452957,9220.834757541,9220.835384707,CIRCUIT_OPEN,2026-09-05T00:02:04.032833Z
c8f00d37-1bc9-4a9a-922d-0f873824b501,run1_rep1,B,OPEN,OPEN,request,CACHE,HIT,0.06220800059963949,1.330790999418241,INFO,adaptador.request,false,degradado,1.0648749994288664,9220.910788499,9220.912057082,9220.910726291,9220.911853374,CIRCUIT_OPEN,2026-09-05T00:02:04.109460Z
148793ef-d532-4adb-b94b-c302ab9c971e,run1_rep1,B,OPEN,OPEN,request,CACHE,HIT,0.06033300087437965,0.8926249993237434,INFO,adaptador.request,false,degradado,0.7191669992607785,9220.974047457,9220.974879749,9220.973987124,9220.974766624,CIRCUIT_OPEN,2026-09-05T00:02:04.172290Z
bc8d420a-f138-47a7-8c33-0c7aed46e760,run1_rep1,B,OPEN,OPEN,request,CACHE,HIT,0.025457999072386883,0.5312079993018415,INFO,adaptador.request,false,degradado,0.4454589998204028,9220.978930082,9220.979435832,9220.978904624,9220.979375541,CIRCUIT_OPEN,2026-09-05T00:02:04.176824Z
6a36289d-b5cb-4da7-a4fc-fd7329ee8cbe,run1_rep1,B,OPEN,OPEN,request,CACHE,HIT,0.0396249997720588,0.7612919998791767,INFO,adaptador.request,false,degradado,0.6166670009406516,9221.010100832,9221.010822499,9221.010061207,9221.010717499,CIRCUIT_OPEN,2026-09-05T00:02:04.208227Z
37027868-031d-4a11-9a03-2713f809b876,run1_rep1,B,OPEN,OPEN,request,CACHE,HIT,0.02887499977077823,0.4872919998888392,INFO,adaptador.request,false,degradado,0.3647920002549654,9221.013086374,9221.013544791,9221.013057499,9221.013451166,CIRCUIT_OPEN,2026-09-05T00:02:04.211054Z
f01bf1b2-3124-45b2-822f-e83b36657fa9,run1_rep1,B,OPEN,OPEN,request,CACHE,HIT,0.0814160011941567,1.0388749997218838,INFO,adaptador.request,false,degradado,0.8624169986433117,9221.081706499,9221.082663958,9221.081625083,9221.082568916,CIRCUIT_OPEN,2026-09-05T00:02:04.280062Z
6cba26e6-3cdb-4c26-9c1d-8ea0577bea18,run1_rep1,B,OPEN,OPEN,request,CACHE,HIT,0.03749999996216502,0.6624170000577578,INFO,adaptador.request,false,degradado,0.547792000361369,9221.085393791,9221.086018708,9221.085356291,9221.085941583,CIRCUIT_OPEN,2026-09-05T00:02:04.283416Z
36f4ca91-c22b-45bf-b82f-7979646043c4,run1_rep1,B,OPEN,OPEN,request,CACHE,HIT,0.0430410000262782,0.7403330000670394,INFO,adaptador.request,false,degradado,0.6162499994388781,9221.113416999,9221.114114291,9221.113373958,9221.114033249,CIRCUIT_OPEN,2026-09-05T00:02:04.311508Z
646b1b84-6c67-4451-bcda-56931c88fb3e,run1_rep1,B,OPEN,OPEN,request,CACHE,HIT,0.02975000097649172,0.5055410001659766,INFO,adaptador.request,false,degradado,0.41541599966876674,9221.144882708,9221.145358499,9221.144852958,9221.145298124,CIRCUIT_OPEN,2026-09-05T00:02:04.342732Z
d1f1762b-129f-40fa-9714-c52a9d45a9c2,run1_rep1,B,OPEN,OPEN,request,CACHE,HIT,0.021374999050749466,0.43283299964969046,INFO,adaptador.request,false,degradado,0.3552920006768545,9221.152273541,9221.152684999,9221.152252166,9221.152628833,CIRCUIT_OPEN,2026-09-05T00:02:04.350062Z
098c41ef-4307-4218-a158-68fa69b62022,run1_rep1,B,OPEN,OPEN,request,CACHE,HIT,0.05716600026062224,0.8542909999960102,INFO,adaptador.request,false,degradado,0.708416999259498,9221.191458624,9221.192255749,9221.191401458,9221.192167041,CIRCUIT_OPEN,2026-09-05T00:02:04.389643Z
6a93b1a7-dbd3-4d1d-b4f2-ab45963da840,run1_rep1,B,OPEN,OPEN,request,CACHE,HIT,0.034374999813735485,0.5712919992220122,INFO,adaptador.request,false,degradado,0.4677500000980217,9221.202257624,9221.202794541,9221.202223249,9221.202725374,CIRCUIT_OPEN,2026-09-05T00:02:04.400190Z
6875d715-c032-41a8-af35-9d48fcf94bfb,run1_rep1,B,OPEN,OPEN,request,CACHE,HIT,0.029292001272551715,0.5597920007858193,INFO,adaptador.request,false,degradado,0.4632919990399387,9221.222897916,9221.223428416,9221.222868624,9221.223361208,CIRCUIT_OPEN,2026-09-05T00:02:04.420839Z
7ec87f28-9992-40ee-a379-f31dc25179f4,run1_rep1,B,OPEN,OPEN,request,CACHE,HIT,0.025499999537714757,0.48483300088264514,INFO,adaptador.request,false,degradado,0.39945800017449073,9221.232772708,9221.233232041,9221.232747208,9221.233172166,CIRCUIT_OPEN,2026-09-05T00:02:04.430613Z
b8f44d64-f0e9-40b5-b6d4-c52cd1dd24d5,run1_rep1,B,OPEN,OPEN,request,CACHE,HIT,0.02337500154681038,0.4103340015717549,INFO,adaptador.request,false,degradado,0.3324999997857958,9221.263412124,9221.263799083,9221.263388749,9221.263744624,CIRCUIT_OPEN,2026-09-05T00:02:04.461193Z
d1137210-a295-46f2-a5b9-8056f1d0b05e,run1_rep1,B,OPEN,OPEN,request,CACHE,HIT,0.04637500023818575,0.894582999535487,INFO,adaptador.request,false,degradado,0.7498329996451503,9221.306618291,9221.307466499,9221.306571916,9221.307368124,CIRCUIT_OPEN,2026-09-05T00:02:04.504880Z
92013cb4-3fff-4e89-bc85-57098d40fd83,run1_rep1,B,OPEN,OPEN,request,CACHE,HIT,0.04220800110488199,0.9909580003295559,INFO,adaptador.request,false,degradado,0.6759589996363502,9221.374462374,9221.375411124,9221.374420166,9221.375138333,CIRCUIT_OPEN,2026-09-05T00:02:04.572833Z
b13a6b21-7cba-49d6-bea3-27b5f1464441,run1_rep1,B,OPEN,OPEN,request,CACHE,HIT,0.03979199937020894,0.8828329991956707,INFO,adaptador.request,false,degradado,0.7600409990118351,9221.408516583,9221.409359624,9221.408476791,9221.409276624,CIRCUIT_OPEN,2026-09-05T00:02:04.606767Z
5e247958-2759-4472-b8ba-7c49b50691a7,run1_rep1,B,OPEN,OPEN,request,CACHE,HIT,0.02070800110232085,0.8986250013549579,INFO,adaptador.request,false,degradado,0.8242089988925727,9221.409213749,9221.410091666,9221.409193041,9221.410037958,CIRCUIT_OPEN,2026-09-05T00:02:04.607700Z
c618c462-95ec-4e33-91d6-7d2bdcf57c3d,run1_rep1,B,OPEN,OPEN,request,CACHE,HIT,0.01912500010803342,0.42270800076948944,INFO,adaptador.request,false,degradado,0.3563330010365462,9221.425441541,9221.425845124,9221.425422416,9221.425797874,CIRCUIT_OPEN,2026-09-05T00:02:04.623220Z
74ad1b09-437c-4e05-b119-ca3354598378,run1_rep1,B,OPEN,OPEN,request,CACHE,HIT,0.031166999178822152,0.6729579999955604,INFO,adaptador.request,false,degradado,0.5711249996238621,9221.461541833,9221.462183624,9221.461510666,9221.462112958,CIRCUIT_OPEN,2026-09-05T00:02:04.659590Z
5df9f929-7486-4bff-9317-530d004f8d4b,run1_rep1,B,OPEN,OPEN,request,CACHE,HIT,0.04012499994132668,1.1096250000264263,INFO,adaptador.request,false,degradado,0.9933330002240837,9221.524415916,9221.525485416,9221.524375791,9221.525409249,CIRCUIT_OPEN,2026-09-05T00:02:04.723173Z
7deae286-86ad-4b5c-8920-c941647f7cc2,run1_rep1,B,OPEN,OPEN,request,CACHE,HIT,0.016291998690576293,0.8926249993237434,INFO,adaptador.request,false,degradado,0.8107080011541257,9221.524905416,9221.525781749,9221.524889124,9221.525716124,CIRCUIT_OPEN,2026-09-05T00:02:04.723468Z
6c0f8e2a-a69e-4da0-b1ab-ea08743236eb,run1_rep1,B,OPEN,OPEN,request,CACHE,HIT,0.038500000300700776,0.5838340002810583,INFO,adaptador.request,false,degradado,0.48629199955030344,9221.557199999,9221.557745333,9221.557161499,9221.557686291,CIRCUIT_OPEN,2026-09-05T00:02:04.755121Z
a9cd6877-35d7-4669-817b-317bca806e95,run1_rep1,B,OPEN,OPEN,request,CACHE,HIT,0.03525000101944897,0.5233750016486738,INFO,adaptador.request,false,degradado,0.43650000043271575,9221.579107583,9221.579595708,9221.579072333,9221.579544083,CIRCUIT_OPEN,2026-09-05T00:02:04.776969Z
45840415-75bd-4333-bb08-6140511d78b8,run1_rep1,B,OPEN,OPEN,request,CACHE,HIT,0.034208000215585344,0.6660410017502727,INFO,adaptador.request,false,degradado,0.5604170000879094,9221.583635791,9221.584267624,9221.583601583,9221.584196208,CIRCUIT_OPEN,2026-09-05T00:02:04.781668Z
4c030ee2-7c7e-4a78-b18c-5ae75d0ed03c,run1_rep1,B,OPEN,OPEN,request,CACHE,HIT,0.018417000319459476,0.43958400055998936,INFO,adaptador.request,false,degradado,0.35075000050710514,9221.589872166,9221.590293333,9221.589853749,9221.590222916,CIRCUIT_OPEN,2026-09-05T00:02:04.787697Z
766843f8-eb8c-4445-a042-fe3605e8e8b1,run1_rep1,B,OPEN,OPEN,request,CACHE,HIT,0.04987499960407149,1.0375000001658918,INFO,adaptador.request,false,degradado,0.9009999994304962,9221.648331499,9221.649319124,9221.648281624,9221.649232499,CIRCUIT_OPEN,2026-09-05T00:02:04.846732Z
79deaf7c-58c1-42c4-af1a-6d5c233c1996,run1_rep1,B,OPEN,OPEN,request,CACHE,HIT,0.02550000135670416,0.8364170007553184,INFO,adaptador.request,false,degradado,0.7521669995185221,9221.649155749,9221.649966666,9221.649130249,9221.649907916,CIRCUIT_OPEN,2026-09-05T00:02:04.847541Z
42439dac-a547-4df9-b6f1-9ce15aa90809,run1_rep1,B,OPEN,OPEN,request,CACHE,HIT,0.05045799844083376,0.8080829993559746,INFO,adaptador.request,false,degradado,0.665209001454059,9221.752439916,9221.753197541,9221.752389458,9221.753105125,CIRCUIT_OPEN,2026-09-05T00:02:04.950600Z
f95f3f7b-8fd6-4c29-b6f4-ae13cdcb0bcd,run1_rep1,B,OPEN,OPEN,request,CACHE,HIT,0.04241700116836,0.6915000012668315,INFO,adaptador.request,false,degradado,0.5719999990105862,9221.78945025,9221.790099333,9221.789407833,9221.79002225,CIRCUIT_OPEN,2026-09-05T00:02:04.987505Z
c5edef47-0adf-4aed-8acd-90ecec7e5b63,run1_rep1,B,OPEN,OPEN,request,CACHE,HIT,0.029958000595797785,0.5884170004719635,INFO,adaptador.request,false,degradado,0.505374999193009,9221.798952916,9221.799511375,9221.798922958,9221.799458291,CIRCUIT_OPEN,2026-09-05T00:02:04.996888Z
6ed7ddc9-f329-4297-aa36-5819c3b6211c,run1_rep1,B,OPEN,OPEN,request,CACHE,HIT,0.03912499960279092,0.6962919997022254,INFO,adaptador.request,false,degradado,0.5559580004046438,9221.847367833,9221.848025,9221.847328708,9221.847923791,CIRCUIT_OPEN,2026-09-05T00:02:05.045440Z
99399f5a-02ec-4975-9447-d8b0d07a230d,run1_rep1,B,OPEN,OPEN,request,CACHE,HIT,0.038374999348889105,0.6060420000721933,INFO,adaptador.request,false,degradado,0.4917499991279328,9221.873354583,9221.87392225,9221.873316208,9221.873846333,CIRCUIT_OPEN,2026-09-05T00:02:05.071324Z
d49451a5-1956-48e7-bed6-19a50fe479bb,run1_rep1,B,OPEN,OPEN,request,CACHE,HIT,0.037040999814053066,0.5292499990900978,INFO,adaptador.request,false,degradado,0.4280419998394791,9221.881178791,9221.881671,9221.88114175,9221.881606833,CIRCUIT_OPEN,2026-09-05T00:02:05.079048Z
6265e4ff-364e-4cba-88b4-01614c996a39,run1_rep1,B,OPEN,OPEN,request,CACHE,HIT,0.009625000529922545,0.44745900049747434,INFO,adaptador.request,false,degradado,0.3925000000890577,9221.952422041,9221.952859875,9221.952412416,9221.952814541,CIRCUIT_OPEN,2026-09-05T00:02:05.150417Z
d0f782fd-e578-492d-b2e0-4268b24feb2d,run1_rep1,B,OPEN,OPEN,request,CACHE,HIT,0.024499999199179,0.922625000384869,INFO,adaptador.request,false,degradado,0.8718749995750841,9221.952159625,9221.95305775,9221.952135125,9221.9530315,CIRCUIT_OPEN,2026-09-05T00:02:05.150657Z
dca776f0-d0e7-4713-9928-d59d2223ee62,run1_rep1,B,OPEN,OPEN,request,CACHE,HIT,0.01608300044608768,0.35966700124845374,INFO,adaptador.request,false,degradado,0.3025420010089874,9221.983844916,9221.9841885,9221.983828833,9221.984147458,CIRCUIT_OPEN,2026-09-05T00:02:05.181543Z
80ec032a-d42a-464c-b418-a18c6f589214,run1_rep1,B,OPEN,OPEN,request,CACHE,HIT,0.015540999811491929,0.5170829990674974,INFO,adaptador.request,false,degradado,0.46616699910373427,9222.038316041,9222.038817583,9222.0383005,9222.038782208,CIRCUIT_OPEN,2026-09-05T00:02:05.236170Z
0bb15582-0f7b-4401-94ac-68cb51b6a1f7,run1_rep1,B,OPEN,OPEN,request,CACHE,HIT,0.012625001545529813,0.6588750002265442,INFO,adaptador.request,false,degradado,0.6155419996503042,9222.038734416,9222.039380666,9222.038721791,9222.039349958,CIRCUIT_OPEN,2026-09-05T00:02:05.236735Z
0061618d-ae81-4d68-87f3-ecadedd60e94,run1_rep1,B,OPEN,OPEN,request,CACHE,HIT,0.008290999176097102,0.4792500003532041,INFO,adaptador.request,false,degradado,0.4379170004540356,9222.071371166,9222.071842125,9222.071362875,9222.071809083,CIRCUIT_OPEN,2026-09-05T00:02:05.269190Z
d31663b5-f0a3-41af-af32-b9f4e9ec4c86,run1_rep1,B,OPEN,OPEN,request,CACHE,HIT,0.012332999176578596,0.5782079988421174,INFO,adaptador.request,false,degradado,0.5282080001052236,9222.071105083,9222.071670958,9222.07109275,9222.071633291,CIRCUIT_OPEN,2026-09-05T00:02:05.269358Z
c58f7ae8-6fab-42a4-aa4e-c8a9c81cb311,run1_rep1,B,OPEN,OPEN,request,CACHE,HIT,0.011459000234026462,0.3004589998454321,INFO,adaptador.request,false,degradado,0.25479099895164836,9222.106956875,9222.107245875,9222.106945416,9222.107211666,CIRCUIT_OPEN,2026-09-05T00:02:05.304603Z
22713205-7391-40b4-b707-78aed2da9c2c,run1_rep1,B,OPEN,OPEN,request,CACHE,HIT,0.021083000319777057,0.39600000127393287,INFO,adaptador.request,false,degradado,0.32454199936182704,9222.162346833,9222.16272175,9222.16232575,9222.162671375,CIRCUIT_OPEN,2026-09-05T00:02:05.360100Z
74d8121e-74f4-41bf-9a56-2cf29431b6be,run1_rep1,B,OPEN,OPEN,request,CACHE,HIT,0.03195799945387989,0.8028749998629792,INFO,adaptador.request,false,degradado,0.7079999995767139,9222.200067291,9222.200838208,9222.200035333,9222.200775291,CIRCUIT_OPEN,2026-09-05T00:02:05.398220Z
30d61ba6-6bf2-4b5d-94d8-c6903d5b6000,run1_rep1,B,OPEN,OPEN,request,CACHE,HIT,0.0224170016736025,0.4634590004570782,INFO,adaptador.request,false,degradado,0.3714579997904366,9222.206406458,9222.2068475,9222.206384041,9222.206777916,CIRCUIT_OPEN,2026-09-05T00:02:05.404252Z
66ad1432-cbe6-4343-b818-6e2d7327e2c6,run1_rep1,B,OPEN,OPEN,request,CACHE,HIT,0.03841699981421698,0.6517919991892995,INFO,adaptador.request,false,degradado,0.5281249996187398,9222.250564583,9222.251177958,9222.250526166,9222.251092708,CIRCUIT_OPEN,2026-09-05T00:02:05.448586Z
370c6130-8c75-4b79-b373-77251c2b403d,run1_rep1,B,OPEN,OPEN,request,CACHE,HIT,0.03000000106112566,0.5764590005128412,INFO,adaptador.request,false,degradado,0.4747499988297932,9222.266731416,9222.267277875,9222.266701416,9222.267206166,CIRCUIT_OPEN,2026-09-05T00:02:05.464672Z
a93fb1bb-d064-44f1-b43b-a383413d7e07,run1_rep1,B,OPEN,OPEN,request,CACHE,HIT,0.035417000617599115,1.250416999027948,INFO,adaptador.request,false,degradado,1.1233329987589968,9222.317686333,9222.318901333,9222.317650916,9222.318809666,CIRCUIT_OPEN,2026-09-05T00:02:05.516293Z
b2c5894e-b4a1-4304-a14e-34f92080a81d,run1_rep1,B,OPEN,OPEN,request,CACHE,HIT,0.03129199831164442,0.5309999996825354,INFO,adaptador.request,false,degradado,0.44404100117390044,9222.36321425,9222.363713958,9222.363182958,9222.363658291,CIRCUIT_OPEN,2026-09-05T00:02:05.561092Z
e4bc06d6-ef25-43c1-bc9b-adcdcc4ea05a,run1_rep1,B,OPEN,OPEN,request,CACHE,HIT,0.02991600013046991,0.5111659993417561,INFO,adaptador.request,false,degradado,0.42824999945878517,9222.375896416,9222.376377666,9222.3758665,9222.376324666,CIRCUIT_OPEN,2026-09-05T00:02:05.573749Z
a586488d-1cea-45cd-954e-46492af1e752,run1_rep1,B,OPEN,OPEN,request,CACHE,HIT,0.024208000468206592,0.5029999992984813,INFO,adaptador.request,false,degradado,0.3744589994312264,9222.380981541,9222.381460333,9222.380957333,9222.381356,CIRCUIT_OPEN,2026-09-05T00:02:05.578881Z
5a2ed1b8-388f-4d2c-9780-0a2d59a1afce,run1_rep1,B,OPEN,OPEN,request,CACHE,HIT,0.04266600080882199,1.4893330007907934,INFO,adaptador.request,false,degradado,1.367374999972526,9222.434260333,9222.435707,9222.434217667,9222.435627708,CIRCUIT_OPEN,2026-09-05T00:02:05.633111Z
18863779-99a3-4693-9680-0d2c74097099,run1_rep1,B,OPEN,OPEN,request,CACHE,HIT,0.01650000012887176,1.0782919998746365,INFO,adaptador.request,false,degradado,0.9865000010904623,9222.435545375,9222.436607167,9222.435528875,9222.436531875,CIRCUIT_OPEN,2026-09-05T00:02:05.633970Z
6f582d8d-b9a3-4fd3-a2c6-f7cc32673e85,run1_rep1,B,OPEN,OPEN,request,CACHE,HIT,0.021457999537233263,1.9339169994054828,INFO,adaptador.request,false,degradado,1.8664170002011815,9222.435127583,9222.437040042,9222.435106125,9222.436994,CIRCUIT_OPEN,2026-09-05T00:02:05.634774Z
8ac1f3d3-0a96-4b31-bad3-3d367f51f845,run1_rep1,B,OPEN,OPEN,request,CACHE,HIT,0.017124999430961907,0.4108749999431893,INFO,adaptador.request,false,degradado,0.32366699997510295,9222.441116375,9222.441510125,9222.44109925,9222.441440042,CIRCUIT_OPEN,2026-09-05T00:02:05.638910Z
658d089c-2020-4bc9-ab66-692e65b32e13,run1_rep1,B,OPEN,OPEN,request,CACHE,HIT,0.03695799932756927,0.6534579988510814,INFO,adaptador.request,false,degradado,0.5555419993470423,9222.478987208,9222.479603708,9222.47895025,9222.47954275,CIRCUIT_OPEN,2026-09-05T00:02:05.676975Z
d111ac3a-8e34-48c2-9c2d-9eefc69040e6,run1_rep1,B,OPEN,OPEN,request,CACHE,HIT,0.020834000679315068,0.3552920006768545,INFO,adaptador.request,false,degradado,0.28870799906144384,9222.483186542,9222.483521,9222.483165708,9222.48347525,CIRCUIT_OPEN,2026-09-05T00:02:05.680904Z
8670f38b-32b0-4607-bb73-4f010e33ad2c,run1_rep1,B,OPEN,OPEN,request,CACHE,HIT,0.04020799860882107,0.647291999484878,INFO,adaptador.request,false,degradado,0.5300000011629891,9222.585673958,9222.586281042,9222.58563375,9222.586203958,CIRCUIT_OPEN,2026-09-05T00:02:05.783673Z
59869b8b-f4e7-496a-ba85-75f0a0d550ae,run1_rep1,B,OPEN,OPEN,request,CACHE,HIT,0.04345800152805168,0.7868330012570368,INFO,adaptador.request,false,degradado,0.6515419991046656,9222.629910625,9222.630654,9222.629867167,9222.630562167,CIRCUIT_OPEN,2026-09-05T00:02:05.828062Z
34e2f313-673e-4ca6-a2c6-41b1028474b1,run1_rep1,B,OPEN,OPEN,request,CACHE,HIT,0.059374999182182364,1.0277919991494855,INFO,adaptador.request,false,degradado,0.8695420001458842,9222.66209925,9222.663067667,9222.662039875,9222.662968792,CIRCUIT_OPEN,2026-09-05T00:02:05.860454Z
23910227-769f-45e1-949f-45e41afb368d,run1_rep1,B,OPEN,OPEN,request,CACHE,HIT,0.055250000514206477,0.6868340005894424,INFO,adaptador.request,false,degradado,0.5466250004246831,9222.731537583,9222.732169167,9222.731482333,9222.732084208,CIRCUIT_OPEN,2026-09-05T00:02:05.929567Z
12070962-bec5-48ae-a798-8526fdf8d5e9,run1_rep1,B,OPEN,OPEN,request,CACHE,HIT,0.03162500070175156,0.5319579995557433,INFO,adaptador.request,false,degradado,0.43574999835982453,9222.7423295,9222.742829833,9222.742297875,9222.74276525,CIRCUIT_OPEN,2026-09-05T00:02:05.940223Z
8df2185e-9c2f-4e61-81ee-192e93729652,run1_rep1,B,OPEN,OPEN,request,CACHE,HIT,0.035000000934815034,0.5767920010839589,INFO,adaptador.request,false,degradado,0.47854199874564074,9222.769603458,9222.77014525,9222.769568458,9222.770082,CIRCUIT_OPEN,2026-09-05T00:02:05.967528Z
39cef63a-2d21-4b6a-a991-8c8e64143979,run1_rep1,B,OPEN,OPEN,request,CACHE,HIT,0.031417001082445495,0.539459000719944,INFO,adaptador.request,false,degradado,0.43608299893094227,9222.78076275,9222.781270792,9222.780731333,9222.781198833,CIRCUIT_OPEN,2026-09-05T00:02:05.978671Z
889fdf07-1dcb-496f-a47c-d1ec2b6684ec,run1_rep1,B,OPEN,OPEN,request,CACHE,HIT,0.028417000066838227,0.49662499986879993,INFO,adaptador.request,false,degradado,0.4081250008312054,9222.790422,9222.790890208,9222.790393583,9222.790830125,CIRCUIT_OPEN,2026-09-05T00:02:05.988274Z
73cd827a-7a31-4428-8d28-ea8464bdb44a,run1_rep1,B,OPEN,OPEN,request,CACHE,HIT,0.03687499884108547,0.5842909995408263,INFO,adaptador.request,false,degradado,0.4779999999300344,9222.819785917,9222.820333333,9222.819749042,9222.820263917,CIRCUIT_OPEN,2026-09-05T00:02:06.017738Z
9df3abf0-d906-4e02-b0b7-96f77fc91d38,run1_rep1,B,OPEN,OPEN,request,CACHE,HIT,0.021249999917927198,0.7992499995452818,INFO,adaptador.request,false,degradado,0.7282079986907775,9222.820778875,9222.821556875,9222.820757625,9222.821507083,CIRCUIT_OPEN,2026-09-05T00:02:06.018935Z
553f1a27-0e68-4ab4-a2d6-3188dc401457,run1_rep1,B,OPEN,OPEN,request,CACHE,HIT,0.05008300104236696,0.9707500012154924,INFO,adaptador.request,false,degradado,0.8198750001611188,9222.906493958,9222.907414625,9222.906443875,9222.907313833,CIRCUIT_OPEN,2026-09-05T00:02:06.104818Z
d80f2901-3130-463a-9073-c18a0d8e086b,run1_rep1,B,OPEN,OPEN,request,CACHE,HIT,0.049250000301981345,0.8049579992075451,INFO,adaptador.request,false,degradado,0.6733329992130166,9222.943804,9222.944559708,9222.94375475,9222.944477333,CIRCUIT_OPEN,2026-09-05T00:02:06.141947Z
8dfed051-671f-4727-bca9-689ef4863f28,run1_rep1,B,OPEN,OPEN,request,CACHE,HIT,0.03524999920045957,0.9602919999451842,INFO,adaptador.request,false,degradado,0.8047920000535669,9222.9484555,9222.949380542,9222.94842025,9222.949260292,CIRCUIT_OPEN,2026-09-05T00:02:06.146813Z
b4576889-125e-4323-95a8-eeeb059402ae,run1_rep1,B,OPEN,OPEN,request,CACHE,HIT,0.03241699960199185,0.5590000000665896,INFO,adaptador.request,false,degradado,0.4628749993571546,9222.975769667,9222.97629625,9222.97573725,9222.976232542,CIRCUIT_OPEN,2026-09-05T00:02:06.173716Z
b21b8270-3730-4cc5-9355-ee362cad5733,run1_rep1,B,OPEN,OPEN,request,CACHE,HIT,0.019333001546328887,0.487375000375323,INFO,adaptador.request,false,degradado,0.42333399869676214,9222.977213833,9222.977681875,9222.9771945,9222.977637167,CIRCUIT_OPEN,2026-09-05T00:02:06.175071Z
255c3f10-b06a-46f3-a974-bda258f0def8,run1_rep1,B,OPEN,OPEN,request,CACHE,HIT,0.018750000890577212,0.43279199962853454,INFO,adaptador.request,false,degradado,0.35724999906960875,9222.982740875,9222.983154917,9222.982722125,9222.983098125,CIRCUIT_OPEN,2026-09-05T00:02:06.180542Z
1f4c8f29-dc38-45c8-b67c-46c91151fef2,run1_rep1,B,OPEN,OPEN,request,CACHE,HIT,0.015583000276819803,0.35254099930170923,INFO,adaptador.request,false,degradado,0.276708000455983,9222.998095875,9222.998432833,9222.998080292,9222.998372583,CIRCUIT_OPEN,2026-09-05T00:02:06.195830Z
1e240439-7e29-44b4-a5a5-854111e13244,run1_rep1,B,OPEN,OPEN,request,CACHE,HIT,0.051417000577203,0.8089589991868706,INFO,adaptador.request,false,degradado,0.6642499993176898,9223.08269925,9223.083456792,9223.082647833,9223.0833635,CIRCUIT_OPEN,2026-09-05T00:02:06.280856Z
d84d8e97-d2f9-48a4-8b87-de6da9645702,run1_rep1,B,OPEN,OPEN,request,CACHE,HIT,0.039000000469968654,0.6980830003158189,INFO,adaptador.request,false,degradado,0.5888750001759036,9223.131843042,9223.132502125,9223.131804042,9223.132431917,CIRCUIT_OPEN,2026-09-05T00:02:06.329889Z
c29855d0-beef-4cc7-8bda-46d759558ebb,run1_rep1,B,OPEN,OPEN,request,CACHE,HIT,0.03991599987784866,0.7423749993904494,INFO,adaptador.request,false,degradado,0.6060420000721933,9223.16756225,9223.168264709,9223.167522334,9223.168168292,CIRCUIT_OPEN,2026-09-05T00:02:06.365678Z
b237b36f-8c0f-430a-b6d7-9dfad6d1b341,run1_rep1,B,OPEN,OPEN,request,CACHE,HIT,0.03562500023690518,0.5460419997689314,INFO,adaptador.request,false,degradado,0.4456669994397089,9223.171234167,9223.171744584,9223.171198542,9223.171679834,CIRCUIT_OPEN,2026-09-05T00:02:06.369133Z
3ffc7854-6cd8-4654-b3e9-7e670f5b9fa6,run1_rep1,B,OPEN,OPEN,request,CACHE,HIT,0.04450000051292591,1.170792000266374,INFO,adaptador.request,false,degradado,1.0492500005057082,9223.245254792,9223.246381084,9223.245210292,9223.246304042,CIRCUIT_OPEN,2026-09-05T00:02:06.444058Z
17d31e30-d486-43e1-9aee-c60d343d875e,run1_rep1,B,OPEN,OPEN,request,CACHE,HIT,0.02700000004551839,0.7316669998544967,INFO,adaptador.request,false,degradado,0.6469589989137603,9223.245942625,9223.246647292,9223.245915625,9223.246589584,CIRCUIT_OPEN,2026-09-05T00:02:06.444379Z
cbf305c5-a5a6-44a6-b060-ff4ca7288551,run1_rep1,B,OPEN,OPEN,request,CACHE,HIT,0.04158299998380244,0.7485419992008246,INFO,adaptador.request,false,degradado,0.6261670005187625,9223.312454625,9223.313161584,9223.312413042,9223.313080792,CIRCUIT_OPEN,2026-09-05T00:02:06.510555Z
edaa308b-1c66-43d0-be05-820177b90025,run1_rep1,B,OPEN,OPEN,request,CACHE,HIT,0.04345799970906228,0.9045000006153714,INFO,adaptador.request,false,degradado,0.7530420007242355,9223.343956542,9223.344817584,9223.343913084,9223.344709584,CIRCUIT_OPEN,2026-09-05T00:02:06.542233Z
ca5a29e4-5ee6-479d-893f-1b2ac16ee6f2,run1_rep1,B,OPEN,OPEN,request,CACHE,HIT,0.028250000468688086,0.4787090001627803,INFO,adaptador.request,false,degradado,0.39162499888334423,9223.34817825,9223.348628709,9223.34815,9223.348569875,CIRCUIT_OPEN,2026-09-05T00:02:06.546008Z
e7cda9e3-7a12-4726-bebf-687c109bb50a,run1_rep1,B,OPEN,OPEN,request,CACHE,HIT,0.034333001167397015,0.6331250006041955,INFO,adaptador.request,false,degradado,0.5223339994699927,9223.359207375,9223.359806167,9223.359173042,9223.359729709,CIRCUIT_OPEN,2026-09-05T00:02:06.557211Z
c7b40c0c-a45f-42f6-a23b-d2da1769af86,run1_rep1,B,OPEN,OPEN,request,CACHE,HIT,0.03612500040617306,0.7708749999437714,INFO,adaptador.request,false,degradado,0.6571249996341066,9223.393504,9223.39423875,9223.393467875,9223.394161125,CIRCUIT_OPEN,2026-09-05T00:02:06.591641Z
969b7e4f-8dbb-45f9-aaf4-d615c7c0fc72,run1_rep1,B,OPEN,OPEN,request,CACHE,HIT,0.02791699989757035,0.5410840003605699,INFO,adaptador.request,false,degradado,0.4515830005402677,9223.419685792,9223.420198959,9223.419657875,9223.420137375,CIRCUIT_OPEN,2026-09-05T00:02:06.617592Z
f9628c50-9990-4e1d-b0b3-ad397dacb17e,run1_rep1,B,OPEN,OPEN,request,CACHE,HIT,0.03454199941188563,0.6368749982357258,INFO,adaptador.request,false,degradado,0.5281249996187398,9223.457308834,9223.457911167,9223.457274292,9223.457836959,CIRCUIT_OPEN,2026-09-05T00:02:06.655325Z
fbd9976a-73f4-4810-aa0f-d5f631dd6f57,run1_rep1,B,OPEN,OPEN,request,CACHE,HIT,0.03241699960199185,0.5748750008933712,INFO,adaptador.request,false,degradado,0.48020800022641197,9223.472620084,9223.473162542,9223.472587667,9223.473100292,CIRCUIT_OPEN,2026-09-05T00:02:06.670545Z
f8c97293-dcec-4a5d-8da3-4e44577d3507,run1_rep1,B,OPEN,OPEN,request,CACHE,HIT,0.033958000130951405,0.5916250011068769,INFO,adaptador.request,false,degradado,0.4636250014300458,9223.510516125,9223.511073792,9223.510482167,9223.51097975,CIRCUIT_OPEN,2026-09-05T00:02:06.708470Z
4adaa84b-3dcf-4a48-bf1a-62b7dc6c8559,run1_rep1,B,OPEN,OPEN,request,CACHE,HIT,0.03095800093433354,0.537875001100474,INFO,adaptador.request,false,degradado,0.444499999503023,9223.538379042,9223.538885959,9223.538348084,9223.538823542,CIRCUIT_OPEN,2026-09-05T00:02:06.736272Z
b14cadb3-10e3-4381-8efc-5a79cfca8ee3,run1_rep1,B,OPEN,OPEN,request,CACHE,HIT,0.03354199907334987,0.6047919996490236,INFO,adaptador.request,false,degradado,0.5058749993622769,9223.558408334,9223.558979584,9223.558374792,9223.558914209,CIRCUIT_OPEN,2026-09-05T00:02:06.756391Z
e62619a6-aa07-470b-97d1-6533d5a49fe9,run1_rep1,B,OPEN,OPEN,request,CACHE,HIT,0.035834000300383195,0.5265420004434418,INFO,adaptador.request,false,degradado,0.42058299914060626,9223.592408209,9223.592898917,9223.592372375,9223.592828792,CIRCUIT_OPEN,2026-09-05T00:02:06.790284Z
c9e5c2b8-065a-4e19-8db0-15cdb43fa423,run1_rep1,B,OPEN,OPEN,request,CACHE,HIT,0.027959000362898223,0.4454589998204028,INFO,adaptador.request,false,degradado,0.36766599987458903,9223.594550334,9223.594967834,9223.594522375,9223.594918,CIRCUIT_OPEN,2026-09-05T00:02:06.792357Z
fc3f56f2-dc9e-42ff-b1f4-c9308ed5675d,run1_rep1,B,OPEN,OPEN,request,CACHE,HIT,0.04095799886272289,0.9706660002848366,INFO,adaptador.request,false,degradado,0.8593750008003553,9223.648476792,9223.6494065,9223.648435834,9223.649336167,CIRCUIT_OPEN,2026-09-05T00:02:06.846798Z
db067eca-12f5-487d-819f-02d0d5b78d77,run1_rep1,B,OPEN,OPEN,request,CACHE,HIT,0.020249999579391442,1.2070840002706973,INFO,adaptador.request,false,degradado,1.148334000390605,9223.649258,9223.650444834,9223.64923775,9223.650406334,CIRCUIT_OPEN,2026-09-05T00:02:06.848165Z
3d8634c4-2cd7-4e1f-99ee-fbd1518f24ca,run1_rep1,B,OPEN,OPEN,request,CACHE,HIT,0.014416000340133905,0.8264160005637677,INFO,adaptador.request,false,degradado,0.7720840003457852,9223.64997525,9223.65078725,9223.649960834,9223.650747334,CIRCUIT_OPEN,2026-09-05T00:02:06.848723Z
b6ad1bb6-0bc7-4301-b8f4-bc52fdab6a5d,run1_rep1,B,OPEN,OPEN,request,CACHE,HIT,0.04483399970922619,0.720750000255066,INFO,adaptador.request,false,degradado,0.5873330010217614,9223.731603834,9223.73227975,9223.731559,9223.732191167,CIRCUIT_OPEN,2026-09-05T00:02:06.929680Z
706b1d98-dbd0-4545-afbc-1d0550a62c25,run1_rep1,B,OPEN,OPEN,request,CACHE,HIT,0.037583999073831365,0.7031249988358468,INFO,adaptador.request,false,degradado,0.5811250011902303,9223.783891709,9223.78455725,9223.783854125,9223.784472834,CIRCUIT_OPEN,2026-09-05T00:02:06.981962Z
2e8408fb-5460-46b6-8cef-830e566870aa,run1_rep1,B,OPEN,OPEN,request,CACHE,HIT,0.03266600106144324,0.6010000015521655,INFO,adaptador.request,false,degradado,0.497041999551584,9223.792741125,9223.793309459,9223.792708459,9223.793238167,CIRCUIT_OPEN,2026-09-05T00:02:06.990710Z
6470d40b-18d9-4bd6-bdc3-697797df9f6a,run1_rep1,B,OPEN,OPEN,request,CACHE,HIT,0.03195799945387989,0.5665829994541127,INFO,adaptador.request,false,degradado,0.4758750001201406,9223.805898375,9223.806433,9223.805866417,9223.80637425,CIRCUIT_OPEN,2026-09-05T00:02:07.003813Z
d4173a3a-1eb2-4d32-b7fc-6e9f3056360d,run1_rep1,B,OPEN,OPEN,request,CACHE,HIT,0.03137500061711762,0.6198749997565756,INFO,adaptador.request,false,degradado,0.5217090001679026,9223.831566917,9223.832155417,9223.831535542,9223.832088626,CIRCUIT_OPEN,2026-09-05T00:02:07.029551Z
27db66d6-7330-4398-a649-471538edb27a,run1_rep1,B,OPEN,OPEN,request,CACHE,HIT,0.05387499913922511,1.3432079995254753,INFO,adaptador.request,false,degradado,1.1936669998249272,9223.919965959,9223.921255292,9223.919912084,9223.921159626,CIRCUIT_OPEN,2026-09-05T00:02:07.118918Z
2a9129dd-de72-4183-b48f-7df44932b0c0,run1_rep1,B,OPEN,OPEN,request,CACHE,HIT,0.020833998860325664,1.0292089991708053,INFO,adaptador.request,false,degradado,0.9705829997983528,9223.920528501,9223.921536876,9223.920507667,9223.921499084,CIRCUIT_OPEN,2026-09-05T00:02:07.119243Z
dd37bce3-592f-43dd-a511-70e50e7439c4,run1_rep1,B,OPEN,OPEN,request,CACHE,HIT,0.031125000532483682,0.5967920005787164,INFO,adaptador.request,false,degradado,0.5060839994257549,9223.926893542,9223.927459209,9223.926862417,9223.927399626,CIRCUIT_OPEN,2026-09-05T00:02:07.124837Z
92e9a396-b3bb-43b0-b79f-262837ebd5bb,run1_rep1,B,OPEN,OPEN,request,CACHE,HIT,0.021750000087195076,0.4959580001013819,INFO,adaptador.request,false,degradado,0.4236669992678799,9223.930989209,9223.931463417,9223.930967459,9223.931412876,CIRCUIT_OPEN,2026-09-05T00:02:07.128837Z
e9c87403-3d78-423c-a627-5525d9461a3d,run1_rep1,B,OPEN,OPEN,request,CACHE,HIT,0.035457998819765635,0.6773749992134981,INFO,adaptador.request,false,degradado,0.5740840006183134,9223.952547792,9223.953189709,9223.952512334,9223.953121876,CIRCUIT_OPEN,2026-09-05T00:02:07.150569Z
c30c48a2-d795-4d86-b7b5-be94a899189d,run1_rep1,B,OPEN,OPEN,request,CACHE,HIT,0.024291999579872936,0.7197499999165302,INFO,adaptador.request,false,degradado,0.637625000308617,9223.994678334,9223.995373792,9223.994654042,9223.995315959,CIRCUIT_OPEN,2026-09-05T00:02:07.192760Z
eaa1a554-7fb0-499c-b20c-e22f420aaf77,run1_rep1,B,OPEN,OPEN,request,CACHE,HIT,0.014624998584622517,0.6902499990246724,INFO,adaptador.request,false,degradado,0.6250410006032325,9223.995273501,9223.995949126,9223.995258876,9223.995898542,CIRCUIT_OPEN,2026-09-05T00:02:07.193604Z
00c7126e-c4f4-4acc-b07f-3410c8c33e5e,run1_rep1,B,OPEN,OPEN,request,CACHE,HIT,0.03991599987784866,0.6557500000781147,INFO,adaptador.request,false,degradado,0.5256669992377283,9224.038415167,9224.039031001,9224.038375251,9224.038940834,CIRCUIT_OPEN,2026-09-05T00:02:07.236421Z
2a9ed677-8c16-45e6-8b93-f9a851725368,run1_rep1,B,OPEN,OPEN,request,CACHE,HIT,0.035166000088793226,0.573207998968428,INFO,adaptador.request,false,degradado,0.4627499984053429,9224.071288417,9224.071826459,9224.071253251,9224.071751167,CIRCUIT_OPEN,2026-09-05T00:02:07.269232Z
9d803398-2f8e-42be-ae5c-a6708ee5a32f,run1_rep1,B,OPEN,OPEN,request,CACHE,HIT,0.055750000683474354,1.4536660000885604,INFO,adaptador.request,false,degradado,1.2962079999851994,9224.241243876,9224.242641792,9224.241188126,9224.242540084,CIRCUIT_OPEN,2026-09-05T00:02:07.440291Z
61c20f4f-edc1-4bb4-a7ea-a660a86fcc0c,run1_rep1,B,OPEN,OPEN,request,CACHE,HIT,0.01991600038309116,1.1248330010857899,INFO,adaptador.request,false,degradado,1.0606670002744067,9224.241803792,9224.242908709,9224.241783876,9224.242864459,CIRCUIT_OPEN,2026-09-05T00:02:07.440629Z
3fedf062-cabb-4c2b-9b51-d1da2be059f8,run1_rep1,B,OPEN,OPEN,request,CACHE,HIT,0.023874999897088856,1.6307500009133946,INFO,adaptador.request,false,degradado,1.5279580002243165,9224.244126126,9224.245733001,9224.244102251,9224.245654084,CIRCUIT_OPEN,2026-09-05T00:02:07.443138Z
ec775fac-c339-4be7-8a29-b1fc3b492cc7,run1_rep1,B,OPEN,OPEN,request,CACHE,HIT,0.05662500007019844,0.6476669987023342,INFO,adaptador.request,false,degradado,0.5237499990471406,9224.287031334,9224.287622376,9224.286974709,9224.287555084,CIRCUIT_OPEN,2026-09-05T00:02:07.485012Z
37d4146e-c1e7-4035-88e6-25d376acee1b,run1_rep1,B,OPEN,OPEN,request,CACHE,HIT,0.03812500108324457,0.6221660005394369,INFO,adaptador.request,false,degradado,0.5140829998708796,9224.317754501,9224.318338542,9224.317716376,9224.318268584,CIRCUIT_OPEN,2026-09-05T00:02:07.515727Z
f8ecd4d3-e51b-4562-ba98-81173b74a82f,run1_rep1,B,OPEN,OPEN,request,CACHE,HIT,0.04091700066055637,0.7103330008249031,INFO,adaptador.request,false,degradado,0.5892499993933598,9224.346630751,9224.347300167,9224.346589834,9224.347220001,CIRCUIT_OPEN,2026-09-05T00:02:07.544721Z
684eb802-c68d-4b1a-9a6a-1e0c5ae5b060,run1_rep1,B,OPEN,OPEN,request,CACHE,HIT,0.045667000449611805,0.705667000147514,INFO,adaptador.request,false,degradado,0.5723329995817039,9224.358599584,9224.359259584,9224.358553917,9224.359171917,CIRCUIT_OPEN,2026-09-05T00:02:07.556653Z
fedacb9d-6f51-4544-805a-0a909cfe63f3,run1_rep1,B,OPEN,OPEN,request,CACHE,HIT,0.051875000281143,0.8109589998639422,INFO,adaptador.request,false,degradado,0.6679170001007151,9224.398845792,9224.399604876,9224.398793917,9224.399513709,CIRCUIT_OPEN,2026-09-05T00:02:07.596993Z
d54b35f2-6ccf-435c-921a-0369f4cfca44,run1_rep1,B,OPEN,OPEN,request,CACHE,HIT,0.021166000806260854,0.41504100045131054,INFO,adaptador.request,false,degradado,0.34287499875063077,9224.431824417,9224.432218292,9224.431803251,9224.432167292,CIRCUIT_OPEN,2026-09-05T00:02:07.629587Z
ca5b7d7a-ffd4-4285-95e8-f9bb1cbf68b6,run1_rep1,B,OPEN,OPEN,request,CACHE,HIT,0.017374999515595846,0.3737499991984805,INFO,adaptador.request,false,degradado,0.31599999965692405,9224.440293209,9224.440649584,9224.440275834,9224.440609209,CIRCUIT_OPEN,2026-09-05T00:02:07.637998Z
ccdfad89-7dbf-4492-bcaa-7943145e0b43,run1_rep1,B,OPEN,OPEN,request,CACHE,HIT,0.05020800017518923,0.6770829986635363,INFO,adaptador.request,false,degradado,0.5707499985874165,9224.466092459,9224.466719334,9224.466042251,9224.466663209,CIRCUIT_OPEN,2026-09-05T00:02:07.664075Z
90086dfe-1266-4da0-b322-76aa44513158,run1_rep1,B,OPEN,OPEN,request,CACHE,HIT,0.04329100011091214,0.8076249996520346,INFO,adaptador.request,false,degradado,0.6668750011158409,9224.522797209,9224.523561543,9224.522753918,9224.523464084,CIRCUIT_OPEN,2026-09-05T00:02:07.720975Z
8251065f-3ed3-4708-bc5c-5bdc25a5bf22,run1_rep1,B,OPEN,OPEN,request,CACHE,HIT,0.04329100011091214,1.0981659997923998,INFO,adaptador.request,false,degradado,0.9795419991860399,9224.587101334,9224.588156209,9224.587058043,9224.588080876,CIRCUIT_OPEN,2026-09-05T00:02:07.785543Z
b6668010-f8e9-4f11-bbf2-12fdc003cfb6,run1_rep1,B,OPEN,OPEN,request,CACHE,HIT,0.015334000636357814,1.2052500005665934,INFO,adaptador.request,false,degradado,1.1412909989303444,9224.587515793,9224.588705709,9224.587500459,9224.588657084,CIRCUIT_OPEN,2026-09-05T00:02:07.786258Z
56f674f2-09b2-43c3-8f4f-d13f3f81372a,run1_rep1,B,OPEN,OPEN,request,CACHE,HIT,0.04058400008943863,0.6963340001675533,INFO,adaptador.request,false,degradado,0.560583001060877,9224.648135418,9224.648791168,9224.648094834,9224.648696001,CIRCUIT_OPEN,2026-09-05T00:02:07.846213Z
fd6adfc8-7d02-4a67-b303-23aa48378f79,run1_rep1,B,OPEN,OPEN,request,CACHE,HIT,0.03400000059627928,0.7716250001976732,INFO,adaptador.request,false,degradado,0.6559169996762648,9224.657622126,9224.658359751,9224.657588126,9224.658278043,CIRCUIT_OPEN,2026-09-05T00:02:07.855767Z
c0c4217e-fead-4bd5-ab73-124cb1e29213,run1_rep1,B,OPEN,OPEN,request,CACHE,HIT,0.03991700032202061,0.6933330005267635,INFO,adaptador.request,false,degradado,0.5825000007462222,9224.727800543,9224.728453959,9224.727760626,9224.728383043,CIRCUIT_OPEN,2026-09-05T00:02:07.925857Z
7f34b16c-2ff4-4cdd-a57a-95bfebf15fb7,run1_rep1,B,OPEN,OPEN,request,CACHE,HIT,0.04341700150689576,0.9288750006817281,INFO,adaptador.request,false,degradado,0.791082999057835,9224.754192251,9224.755077709,9224.754148834,9224.754983334,CIRCUIT_OPEN,2026-09-05T00:02:07.952487Z
6c9072ee-cc89-4513-9671-c8d0e82c32b2,run1_rep1,B,OPEN,OPEN,request,CACHE,HIT,0.020125000446569175,0.8139159999700496,INFO,adaptador.request,false,degradado,0.7512499996664701,9224.754883043,9224.755676834,9224.754862918,9224.755634293,CIRCUIT_OPEN,2026-09-05T00:02:07.953202Z
81f5498d-297f-4bfa-afa4-f02848900831,run1_rep1,B,OPEN,OPEN,request,CACHE,HIT,0.03599999945436139,0.6530829996336251,INFO,adaptador.request,false,degradado,0.5434579998109257,9224.797681793,9224.798298876,9224.797645793,9224.798225251,CIRCUIT_OPEN,2026-09-05T00:02:07.995693Z
7ce8fc89-d85a-4e6c-a390-f231a4ac883a,run1_rep1,B,OPEN,OPEN,request,CACHE,HIT,705.3174169996055,707.9751250003028,INFO,adaptador.request,false,degradado,2.614625000205706,9225.546476668,9225.549134376,9224.841159251,9225.549091293,CIRCUIT_OPEN,2026-09-05T00:02:08.746515Z
779ac12f-d34c-4ae5-9d68-e82456c23370,run1_rep1,B,OPEN,HALF_OPEN,request,CACHE,HIT,674.3546670004434,675.768541999787,INFO,adaptador.request,true,degradado,1.360416999887093,9225.546877626,9225.548291501,9224.872522959,9225.548238043,CIRCUIT_OPEN,2026-09-05T00:02:08.747728Z
9e1e12e8-8365-4f24-9571-439dfdb7c39d,run1_rep1,B,OPEN,HALF_OPEN,request,CACHE,HIT,702.7372079992347,703.8381669990486,INFO,adaptador.request,true,degradado,0.9832499999902211,9225.546707501,9225.54780846,9224.843970293,9225.547690751,CIRCUIT_OPEN,2026-09-05T00:02:08.748484Z
ba1f0b56-1aac-4de1-a3ba-f7b8881df970,run1_rep1,B,OPEN,HALF_OPEN,request,CACHE,HIT,650.8304590006446,653.7542089990893,INFO,adaptador.request,true,degradado,2.8607919994101394,9225.547940918,9225.550864668,9224.897110459,9225.55080171,CIRCUIT_OPEN,2026-09-05T00:02:08.750132Z
7f8e4337-3bd6-40de-9769-f941e3622b25,run1_rep1,B,OPEN,HALF_OPEN,request,CACHE,HIT,643.3939170001395,646.3567079990753,INFO,adaptador.request,true,degradado,2.921540999523131,9225.548146585,9225.551109376,9224.904752668,9225.551068126,CIRCUIT_OPEN,2026-09-05T00:02:08.750639Z
f25241ec-ce44-48ee-bf31-9e91653e8c03,run1_rep1,B,OPEN,HALF_OPEN,request,CACHE,HIT,615.5217079995055,618.0610000010347,INFO,adaptador.request,true,degradado,2.5052500004676403,9225.549012876,9225.551552168,9224.933491168,9225.551518126,CIRCUIT_OPEN,2026-09-05T00:02:08.751613Z
e28f60f3-f5d5-476c-a133-6afb59b75612,run1_rep1,B,OPEN,HALF_OPEN,request,CACHE,HIT,632.3095419993479,635.3030419995775,INFO,adaptador.request,true,degradado,2.9569590005849022,9225.548770001,9225.551763501,9224.916460459,9225.55172696,CIRCUIT_OPEN,2026-09-05T00:02:08.752376Z
9ebc08d3-1012-4bb6-a1bc-b357138917ce,run1_rep1,B,OPEN,HALF_OPEN,request,CACHE,HIT,614.3054170006508,616.97579200154,INFO,adaptador.request,true,degradado,2.641458000653074,9225.549284793,9225.551955168,9224.934979376,9225.551926251,CIRCUIT_OPEN,2026-09-05T00:02:08.752852Z
94e36c06-f585-4b8f-81dd-9c31a3d16b37,run1_rep1,B,OPEN,HALF_OPEN,request,CACHE,HIT,560.3538340001251,562.8925000000891,INFO,adaptador.request,true,degradado,2.49558299947239,9225.549643335,9225.552182001,9224.989289501,9225.552138918,CIRCUIT_OPEN,2026-09-05T00:02:08.753347Z
ac3177c9-771e-4293-b25e-9d79facf34d2,run1_rep1,B,OPEN,HALF_OPEN,request,CACHE,HIT,605.2540830005455,608.4085000002233,INFO,adaptador.request,true,degradado,3.1182500006252667,9225.549385626,9225.552540043,9224.944131543,9225.552503876,CIRCUIT_OPEN,2026-09-05T00:02:08.753786Z
5c99de80-f384-40a1-bdc1-1ed76692f729,run1_rep1,B,OPEN,OPEN,request,CACHE,HIT,0.0469169990537921,0.7762080003885785,INFO,adaptador.request,false,degradado,0.6501660009234911,9225.71975221,9225.720481501,9225.719705293,9225.720402376,CIRCUIT_OPEN,2026-09-05T00:02:08.917862Z
e96da333-ef64-4e58-ba4d-f9ea8d6dbcc3,run1_rep1,B,OPEN,OPEN,request,CACHE,HIT,0.04054099917993881,0.6990000001678709,INFO,adaptador.request,false,degradado,0.5839590012328699,9225.749978876,9225.750637335,9225.749938335,9225.750562835,CIRCUIT_OPEN,2026-09-05T00:02:08.948040Z
2a13ac84-c08a-4852-94fe-3679c0af65e8,run1_rep1,B,OPEN,OPEN,request,CACHE,HIT,0.03033400025742594,0.5196670008444926,INFO,adaptador.request,false,degradado,0.42137499985983595,9225.757684335,9225.758173668,9225.757654001,9225.75810571,CIRCUIT_OPEN,2026-09-05T00:02:08.955555Z
afbe3c8c-d855-459c-97c2-cfdd9f66ed09,run1_rep1,B,OPEN,OPEN,request,CACHE,HIT,0.043957999878330156,1.1379579991626088,INFO,adaptador.request,false,degradado,1.0062919991469244,9225.836702876,9225.837796876,9225.836658918,9225.837709168,CIRCUIT_OPEN,2026-09-05T00:02:09.035535Z
d740752d-ddb8-4b8f-ab9b-c47d681763bb,run1_rep1,B,OPEN,OPEN,request,CACHE,HIT,0.022166999769979157,0.9481249999225838,INFO,adaptador.request,false,degradado,0.8693330000824062,9225.837213793,9225.838139751,9225.837191626,9225.838083126,CIRCUIT_OPEN,2026-09-05T00:02:09.035853Z
4ba30f67-5524-49b5-99be-665671859a5b,run1_rep1,B,OPEN,OPEN,request,CACHE,HIT,0.03237500095565338,0.6271250003919704,INFO,adaptador.request,false,degradado,0.5200830000831047,9225.84674721,9225.84734196,9225.846714835,9225.847267293,CIRCUIT_OPEN,2026-09-05T00:02:09.044745Z
a2c55734-72a0-49f1-854d-6d657292785a,run1_rep1,B,OPEN,OPEN,request,CACHE,HIT,0.04220800110488199,0.7158330008678604,INFO,adaptador.request,false,degradado,0.5928329992457293,9225.903788793,9225.904462418,9225.903746585,9225.904381626,CIRCUIT_OPEN,2026-09-05T00:02:09.101847Z
065196a1-f93a-403a-8528-0db74fb80109,run1_rep1,B,OPEN,OPEN,request,CACHE,HIT,0.03554099930624943,0.8086660000117263,INFO,adaptador.request,false,degradado,0.6990420006331988,9225.908681418,9225.909454543,9225.908645877,9225.90938046,CIRCUIT_OPEN,2026-09-05T00:02:09.106856Z
116b4764-f4df-4c9b-9c89-bf9f96879ede,run1_rep1,B,OPEN,OPEN,request,CACHE,HIT,0.045500000851461664,1.0471250006958144,INFO,adaptador.request,false,degradado,0.8793749984761234,9225.955330168,9225.956331793,9225.955284668,9225.956209543,CIRCUIT_OPEN,2026-09-05T00:02:09.153747Z
7e830f0d-e4a2-4eed-a75d-30f3567285d8,run1_rep1,B,OPEN,OPEN,request,CACHE,HIT,0.04000000080850441,0.5847080010425998,INFO,adaptador.request,false,degradado,0.48299999980372377,9225.968175127,9225.968719835,9225.968135127,9225.968658127,CIRCUIT_OPEN,2026-09-05T00:02:09.166096Z
03961b61-708c-41a0-8f48-e714952e9f50,run1_rep1,B,OPEN,OPEN,request,CACHE,HIT,0.031583000236423686,0.5460829997900873,INFO,adaptador.request,false,degradado,0.4535829993983498,9226.019346585,9226.019861085,9226.019315002,9226.019800168,CIRCUIT_OPEN,2026-09-05T00:02:09.217240Z
16865a3a-c66e-4cd7-b1b3-336914b4fa29,run1_rep1,B,OPEN,OPEN,request,CACHE,HIT,0.03245799962314777,0.538792000952526,INFO,adaptador.request,false,degradado,0.45124999996914994,9226.024800418,9226.025306752,9226.02476796,9226.025251668,CIRCUIT_OPEN,2026-09-05T00:02:09.222678Z
626a8370-43d3-4ef7-979d-7557664bebed,run1_rep1,B,OPEN,OPEN,request,CACHE,HIT,0.0307910013361834,0.5170830008864868,INFO,adaptador.request,false,degradado,0.41470900032436475,9226.040565793,9226.041052085,9226.040535002,9226.040980502,CIRCUIT_OPEN,2026-09-05T00:02:09.238423Z
39b62341-1098-42cb-8dff-95c01df5c122,run1_rep1,B,OPEN,OPEN,request,CACHE,HIT,0.03262499922129791,1.081207999959588,INFO,adaptador.request,false,degradado,0.9719160007080063,9226.090950127,9226.09199871,9226.090917502,9226.091922043,CIRCUIT_OPEN,2026-09-05T00:02:09.289714Z
cfc2add1-693e-4ae9-88ec-4f8ff51955e4,run1_rep1,B,OPEN,OPEN,request,CACHE,HIT,0.021374999050749466,0.8805409997876268,INFO,adaptador.request,false,degradado,0.8109160007734317,9226.091457252,9226.092316418,9226.091435877,9226.092268168,CIRCUIT_OPEN,2026-09-05T00:02:09.290006Z
21819536-4976-4dcd-8aa9-dbb238832bf4,run1_rep1,B,OPEN,OPEN,request,CACHE,HIT,0.062166000134311616,1.007999999274034,INFO,adaptador.request,false,degradado,0.8316249986819457,9226.208766043,9226.209711877,9226.208703877,9226.209597668,CIRCUIT_OPEN,2026-09-05T00:02:09.407124Z
ef4a313b-8113-4549-9bb7-916737ab81f9,run1_rep1,B,OPEN,OPEN,request,CACHE,HIT,0.030875000447849743,0.7309579996217508,INFO,adaptador.request,false,degradado,0.6478329996753018,9226.210388085,9226.211088168,9226.21035721,9226.211035918,CIRCUIT_OPEN,2026-09-05T00:02:09.408456Z
42da9448-a8a6-4e1c-bb01-a7c5bc9d2486,run1_rep1,B,OPEN,OPEN,request,CACHE,HIT,0.05145799877936952,0.8877499985828763,INFO,adaptador.request,false,degradado,0.7280840000021271,9226.245801668,9226.24663796,9226.24575021,9226.246529752,CIRCUIT_OPEN,2026-09-05T00:02:09.444046Z
f39665b2-73db-4d28-88de-a646c63ba232,run1_rep1,B,OPEN,OPEN,request,CACHE,HIT,0.05424999835668132,1.6772499984654132,INFO,adaptador.request,false,degradado,1.5051670015964191,9226.292484335,9226.294107335,9226.292430085,9226.293989502,CIRCUIT_OPEN,2026-09-05T00:02:09.491929Z
addbcb29-1805-4b5c-b821-403c7964df70,run1_rep1,B,OPEN,OPEN,request,CACHE,HIT,0.024040999051067047,1.5638329987268662,INFO,adaptador.request,false,degradado,1.4907500008121133,9226.292995418,9226.29453521,9226.292971377,9226.294486168,CIRCUIT_OPEN,2026-09-05T00:02:09.492547Z
74e7aeb2-ec15-468d-89c4-8cfdf2fd444c,run1_rep1,B,OPEN,OPEN,request,CACHE,HIT,0.02162500095437281,1.2700420011242386,INFO,adaptador.request,false,degradado,1.1978330003330484,9226.29389321,9226.295141627,9226.293871585,9226.295091043,CIRCUIT_OPEN,2026-09-05T00:02:09.493119Z
71f0c5e8-a651-40d7-86ae-a5cf3e462b4f,run1_rep1,B,OPEN,OPEN,request,CACHE,HIT,0.03762499909498729,0.8294580002257135,INFO,adaptador.request,false,degradado,0.7107080000423593,9226.328977377,9226.32976921,9226.328939752,9226.329688085,CIRCUIT_OPEN,2026-09-05T00:02:09.527183Z
b6e54570-47d8-4d07-8feb-3d7f51edceb6,run1_rep1,B,OPEN,OPEN,request,CACHE,HIT,0.014833000022917986,0.9105420012929244,INFO,adaptador.request,false,degradado,0.8417090011789696,9226.329636043,9226.330531752,9226.32962121,9226.330477752,CIRCUIT_OPEN,2026-09-05T00:02:09.528112Z
e0eb9a4c-487a-4ed1-b750-3a0f227a8174,run1_rep1,B,OPEN,OPEN,request,CACHE,HIT,0.04387500121083576,0.7924170004116604,INFO,adaptador.request,false,degradado,0.6580829995073145,9226.42628721,9226.427035752,9226.426243335,9226.426945293,CIRCUIT_OPEN,2026-09-05T00:02:09.624431Z
5579d375-ccc8-447b-9929-409fed1f3998,run1_rep1,B,OPEN,OPEN,request,CACHE,HIT,0.060583999584196135,1.1716249991877703,INFO,adaptador.request,false,degradado,1.0079160001623677,9226.472174002,9226.473285043,9226.472113418,9226.473181918,CIRCUIT_OPEN,2026-09-05T00:02:09.670688Z
58a649e4-0c8e-402f-b915-7bd37a446454,run1_rep1,B,OPEN,OPEN,request,CACHE,HIT,0.030749999496038072,0.5525420001504244,INFO,adaptador.request,false,degradado,0.4432500008988427,9226.505375543,9226.505897335,9226.505344793,9226.505818793,CIRCUIT_OPEN,2026-09-05T00:02:09.703321Z
c5332fce-2d84-456d-8640-04caa9a231fa,run1_rep1,B,OPEN,OPEN,request,CACHE,HIT,0.05333300032361876,1.0330829991289647,INFO,adaptador.request,false,degradado,0.8844169988151407,9226.58438971,9226.58536946,9226.584336377,9226.585274127,CIRCUIT_OPEN,2026-09-05T00:02:09.782788Z
620eff8a-cefc-4dee-9049-b0033755c028,run1_rep1,B,OPEN,OPEN,request,CACHE,HIT,0.02262499947391916,0.9539589991618413,INFO,adaptador.request,false,degradado,0.8942090007622028,9226.585190668,9226.586122002,9226.585168043,9226.586084877,CIRCUIT_OPEN,2026-09-05T00:02:09.783666Z
b485969b-ee01-480f-bfd4-04cb80d2fa89,run1_rep1,B,OPEN,OPEN,request,CACHE,HIT,0.025707999157020822,0.5458329997054534,INFO,adaptador.request,false,degradado,0.4424170001584571,9226.590829543,9226.591349668,9226.590803835,9226.59127196,CIRCUIT_OPEN,2026-09-05T00:02:09.788754Z
76b7f5f3-b099-4f7d-9e20-0084a245be73,run1_rep1,B,OPEN,OPEN,request,CACHE,HIT,0.01658300061535556,0.3304580004623858,INFO,adaptador.request,false,degradado,0.2703339996514842,9226.615412335,9226.61572621,9226.615395752,9226.615682669,CIRCUIT_OPEN,2026-09-05T00:02:09.813109Z
b45e0601-f0d2-4fa2-b74f-78f89bbaa5ce,run1_rep1,B,OPEN,OPEN,request,CACHE,HIT,0.043415999243734404,0.7372499985649483,INFO,adaptador.request,false,degradado,0.6098339999880409,9226.694905585,9226.695599419,9226.694862169,9226.695515419,CIRCUIT_OPEN,2026-09-05T00:02:09.893013Z
5645459b-1505-4a44-8b6b-84c14623590e,run1_rep1,B,OPEN,OPEN,request,CACHE,HIT,0.047792000259505585,0.7343750003201421,INFO,adaptador.request,false,degradado,0.6119999998190906,9226.713542919,9226.714229502,9226.713495127,9226.714154919,CIRCUIT_OPEN,2026-09-05T00:02:09.911616Z
d22c564e-75b1-4f9c-bcfd-6e66427f2e11,run1_rep1,B,OPEN,OPEN,request,CACHE,HIT,0.027457999749458395,0.4526669999904698,INFO,adaptador.request,false,degradado,0.3744999994523823,9226.75023671,9226.750661919,9226.750209252,9226.75061121,CIRCUIT_OPEN,2026-09-05T00:02:09.948038Z
b9cdf367-5a16-41c4-b2bd-235d2eed689a,run1_rep1,B,OPEN,OPEN,request,CACHE,HIT,0.035040999136981554,0.6507079997390974,INFO,adaptador.request,false,degradado,0.5425840008683736,9226.77758946,9226.778205127,9226.777554419,9226.778132044,CIRCUIT_OPEN,2026-09-05T00:02:09.975610Z
087932cb-55ce-4417-9367-d773eb65fbb1,run1_rep1,B,OPEN,OPEN,request,CACHE,HIT,0.03804200059676077,0.6518749996757833,INFO,adaptador.request,false,degradado,0.541290999535704,9226.827573544,9226.828187377,9226.827535502,9226.828114835,CIRCUIT_OPEN,2026-09-05T00:02:10.025584Z
10b660f7-6935-43fd-8f40-3c1482b9ff5d,run1_rep1,B,OPEN,OPEN,request,CACHE,HIT,0.05070899896963965,0.826542000140762,INFO,adaptador.request,false,degradado,0.6717080013913801,9226.900207919,9226.900983752,9226.90015721,9226.900879627,CIRCUIT_OPEN,2026-09-05T00:02:10.098423Z
4137ccf9-6745-4a61-91a4-18ab9729b77b,run1_rep1,B,OPEN,OPEN,request,CACHE,HIT,0.024291999579872936,0.4886250007984927,INFO,adaptador.request,false,degradado,0.4064580007252516,9226.901921169,9226.902385502,9226.901896877,9226.902327627,CIRCUIT_OPEN,2026-09-05T00:02:10.099776Z
7b2d94fc-aed5-45d0-8f09-3113d2070d2c,run1_rep1,B,OPEN,OPEN,request,CACHE,HIT,0.04083400017407257,0.7495000008930219,INFO,adaptador.request,false,degradado,0.6258749999688007,9226.933138294,9226.93384696,9226.93309746,9226.933764169,CIRCUIT_OPEN,2026-09-05T00:02:10.131249Z
f3e4e8c5-8889-4cca-a640-6fa892d71817,run1_rep1,B,OPEN,OPEN,request,CACHE,HIT,0.05679199966834858,0.7317500003409805,INFO,adaptador.request,false,degradado,0.5972500002826564,9226.989179127,9226.989854085,9226.989122335,9226.989776377,CIRCUIT_OPEN,2026-09-05T00:02:10.187241Z
96e8d152-2c03-4a9c-80d9-97590038c313,run1_rep1,B,OPEN,OPEN,request,CACHE,HIT,0.038124999264255166,0.7070829997246619,INFO,adaptador.request,false,degradado,0.577458000407205,9227.029518669,9227.030187627,9227.029480544,9227.030096127,CIRCUIT_OPEN,2026-09-05T00:02:10.227595Z
ae1a06bd-c1e3-4b2e-9b61-8158808025ca,run1_rep1,B,OPEN,OPEN,request,CACHE,HIT,0.03087499862886034,0.7843749990570359,INFO,adaptador.request,false,degradado,0.5837919998157304,9227.033725377,9227.034478877,9227.033694502,9227.034309169,CIRCUIT_OPEN,2026-09-05T00:02:10.231942Z
68140638-b6bf-4822-bfd2-b39ed092db87,run1_rep1,B,OPEN,OPEN,request,CACHE,HIT,0.02708400097617414,0.501500000609667,INFO,adaptador.request,false,degradado,0.40949999856820796,9227.037295419,9227.037769835,9227.037268335,9227.037704919,CIRCUIT_OPEN,2026-09-05T00:02:10.235168Z
1ee7feea-7f20-4553-8e77-0f2b47b1f7be,run1_rep1,B,OPEN,OPEN,request,CACHE,HIT,0.02237499938928522,0.4565839990391396,INFO,adaptador.request,false,degradado,0.3867089999403106,9227.05212896,9227.052563169,9227.052106585,9227.052515669,CIRCUIT_OPEN,2026-09-05T00:02:10.249938Z
88c71e18-998d-45e9-b79f-52cddeb1736e,run1_rep1,B,OPEN,OPEN,request,CACHE,HIT,0.045000000682193786,0.9720000016386621,INFO,adaptador.request,false,degradado,0.8556249995308463,9227.128260877,9227.129187877,9227.128215877,9227.129116502,CIRCUIT_OPEN,2026-09-05T00:02:10.326582Z
dc3e56fa-afdb-4539-b10c-a733fa7a0a02,run1_rep1,B,OPEN,OPEN,request,CACHE,HIT,0.043542000639718026,0.923792000321555,INFO,adaptador.request,false,degradado,0.8259160003944999,9227.129028419,9227.129908669,9227.128984877,9227.129854335,CIRCUIT_OPEN,2026-09-05T00:02:10.327503Z
f15705d7-5193-4d77-9f2b-5fbed136dd47,run1_rep1,B,OPEN,OPEN,request,CACHE,HIT,0.042083000153070316,0.6690419995720731,INFO,adaptador.request,false,degradado,0.5529589998332085,9227.16389496,9227.164521919,9227.163852877,9227.164447919,CIRCUIT_OPEN,2026-09-05T00:02:10.361917Z
9d37d221-370d-419e-a00e-2b937d4d88b5,run1_rep1,B,OPEN,OPEN,request,CACHE,HIT,0.042875000872300006,0.6025420007063076,INFO,adaptador.request,false,degradado,0.48274999971908983,9227.183273835,9227.183833502,9227.18323096,9227.183756585,CIRCUIT_OPEN,2026-09-05T00:02:10.381231Z
2484f939-f93d-4f9f-9d62-5313aee7604d,run1_rep1,B,OPEN,OPEN,request,CACHE,HIT,0.02870900061680004,0.5009590004192432,INFO,adaptador.request,false,degradado,0.421124999775202,9227.192962294,9227.193434544,9227.192933585,9227.193383419,CIRCUIT_OPEN,2026-09-05T00:02:10.390805Z
adc3a733-bd50-40e4-81ee-43a358c8af46,run1_rep1,B,OPEN,OPEN,request,CACHE,HIT,0.027541000235942192,0.5563329996221,INFO,adaptador.request,false,degradado,0.4738749994430691,9227.20329696,9227.203825752,9227.203269419,9227.203770835,CIRCUIT_OPEN,2026-09-05T00:02:10.401206Z
41bd8c12-6a3a-409c-8653-3a3a2789ad46,run1_rep1,B,OPEN,OPEN,request,CACHE,HIT,0.05100000089441892,0.8584170009271475,INFO,adaptador.request,false,degradado,0.7120840000425233,9227.344951252,9227.345758669,9227.344900252,9227.345663336,CIRCUIT_OPEN,2026-09-05T00:02:10.543157Z
838b9702-d752-4452-8259-d130515406d0,run1_rep1,B,OPEN,OPEN,request,CACHE,HIT,0.035792001654044725,0.5375420005293563,INFO,adaptador.request,false,degradado,0.42920799933199305,9227.351679294,9227.352181044,9227.351643502,9227.352108502,CIRCUIT_OPEN,2026-09-05T00:02:10.549842Z
fca9c995-a843-4f3f-89ee-3aeb7e8c695c,run1_rep1,B,OPEN,OPEN,request,CACHE,HIT,0.03337500129418913,0.5891250002605375,INFO,adaptador.request,false,degradado,0.4815839984075865,9227.370416752,9227.370972502,9227.370383377,9227.370898336,CIRCUIT_OPEN,2026-09-05T00:02:10.568376Z
7330d9f4-4b86-4c03-be06-66d451b60246,run1_rep1,B,OPEN,OPEN,request,CACHE,HIT,0.053791000027558766,0.8407499990426004,INFO,adaptador.request,false,degradado,0.6892090004839702,9227.466397877,9227.467184836,9227.466344086,9227.467087086,CIRCUIT_OPEN,2026-09-05T00:02:10.664591Z
dce4cbad-0f66-4017-aceb-53accc681c4f,run1_rep1,B,OPEN,OPEN,request,CACHE,HIT,0.043791000280180015,0.7328329993470106,INFO,adaptador.request,false,degradado,0.6057919999875594,9227.499816752,9227.500505794,9227.499772961,9227.500422544,CIRCUIT_OPEN,2026-09-05T00:02:10.697897Z
c3ef4b46-971e-4c88-b191-199cd8d5277a,run1_rep1,B,OPEN,OPEN,request,CACHE,HIT,0.02995799877680838,0.5702079997718101,INFO,adaptador.request,false,degradado,0.48262500058626756,9227.510757044,9227.511297294,9227.510727086,9227.511239669,CIRCUIT_OPEN,2026-09-05T00:02:10.708670Z
36c79a82-68ed-4d02-be8d-d1cefee0634d,run1_rep1,B,OPEN,OPEN,request,CACHE,HIT,0.030125000193947926,0.5606670001725433,INFO,adaptador.request,false,degradado,0.4492919997574063,9227.520636169,9227.521166711,9227.520606044,9227.521085461,CIRCUIT_OPEN,2026-09-05T00:02:10.718572Z
4afbf0bb-6d74-4947-b18a-d2c3d1820d04,run1_rep1,B,OPEN,OPEN,request,CACHE,HIT,0.019124998289044015,0.4989589997421717,INFO,adaptador.request,false,degradado,0.4322500008129282,9227.527360002,9227.527839836,9227.527340877,9227.527792252,CIRCUIT_OPEN,2026-09-05T00:02:10.725492Z
bcecef1e-e063-4587-94b1-9c73624ac27f,run1_rep1,B,OPEN,OPEN,request,CACHE,HIT,0.023749998945277184,1.219832998685888,INFO,adaptador.request,false,degradado,1.1528329996508546,9227.526905461,9227.528101544,9227.526881711,9227.528058294,CIRCUIT_OPEN,2026-09-05T00:02:10.725724Z
30f1b79e-2b44-4d3d-9d7d-ea1bf457375a,run1_rep1,B,OPEN,OPEN,request,CACHE,HIT,0.018167000234825537,0.4259999986970797,INFO,adaptador.request,false,degradado,0.36016599915456027,9227.537987461,9227.538395294,9227.537969294,9227.538347627,CIRCUIT_OPEN,2026-09-05T00:02:10.735765Z
bb630057-37c4-4e73-ae03-dfb94a27c3ec,run1_rep1,B,OPEN,OPEN,request,CACHE,HIT,0.02937499994004611,0.7399170008284273,INFO,adaptador.request,false,degradado,0.6322920016827993,9227.575360877,9227.576071419,9227.575331502,9227.575993169,CIRCUIT_OPEN,2026-09-05T00:02:10.773452Z
03f3438c-674f-4342-bc43-d1bdb74a1499,run1_rep1,B,OPEN,OPEN,request,CACHE,HIT,0.01608300044608768,0.6607499999518041,INFO,adaptador.request,false,degradado,0.601042000198504,9227.575938919,9227.576583586,9227.575922836,9227.576539961,CIRCUIT_OPEN,2026-09-05T00:02:10.774101Z
e720971c-acfd-46f9-8aee-f574902bd3bb,run1_rep1,B,OPEN,OPEN,request,CACHE,HIT,0.017458000002079643,0.33179199999722186,INFO,adaptador.request,false,degradado,0.2728339986788342,9227.587199002,9227.587513336,9227.587181544,9227.587471836,CIRCUIT_OPEN,2026-09-05T00:02:10.784879Z
665c17f3-b68a-481f-a79b-d10ad5dce95c,run1_rep1,B,OPEN,OPEN,request,CACHE,HIT,0.015124998753890395,0.32499999906576704,INFO,adaptador.request,false,degradado,0.26991600134351756,9227.619386211,9227.619696086,9227.619371086,9227.619656127,CIRCUIT_OPEN,2026-09-05T00:02:10.817058Z
ed66e462-10cb-4318-b96d-5392d6b9f864,run1_rep1,B,OPEN,OPEN,request,CACHE,HIT,0.053208001190796494,0.9654170007706853,INFO,adaptador.request,false,degradado,0.8030839999264572,9227.703582877,9227.704495086,9227.703529669,9227.704385961,CIRCUIT_OPEN,2026-09-05T00:02:10.901906Z
4a48850e-e8cc-464c-a319-02583b81d0dd,run1_rep1,B,OPEN,OPEN,request,CACHE,HIT,0.04333399920142256,0.7291249985428294,INFO,adaptador.request,false,degradado,0.5860830005985918,9227.781814336,9227.782500127,9227.781771002,9227.782400419,CIRCUIT_OPEN,2026-09-05T00:02:10.979904Z
6d94540e-5c41-462b-a289-413a8d1f44b6,run1_rep1,B,OPEN,OPEN,request,CACHE,HIT,0.030166998840286396,0.925582999116159,INFO,adaptador.request,false,degradado,0.7905000002210727,9227.786279961,9227.787175377,9227.786249794,9227.787070461,CIRCUIT_OPEN,2026-09-05T00:02:10.984602Z
83da6cda-cb91-4153-8c39-202c6dc2aec8,run1_rep1,B,OPEN,OPEN,request,CACHE,HIT,0.049416999900131486,0.8051670010900125,INFO,adaptador.request,false,degradado,0.6628750015806872,9227.897712711,9227.898468461,9227.897663294,9227.898375586,CIRCUIT_OPEN,2026-09-05T00:02:11.095875Z
04e8c666-9bf3-492f-b804-5d07cfc34c3f,run1_rep1,B,OPEN,OPEN,request,CACHE,HIT,0.053291998483473435,1.9316669986437773,INFO,adaptador.request,false,degradado,1.7894580014399253,9227.965485169,9227.967363544,9227.965431877,9227.967274627,CIRCUIT_OPEN,2026-09-05T00:02:11.165222Z
688ef28b-0165-45ac-9647-e87ce6478d2b,run1_rep1,B,OPEN,OPEN,request,CACHE,HIT,0.018541999452281743,1.1019999983545858,INFO,adaptador.request,false,degradado,1.0399170005257474,9227.966527544,9227.967611002,9227.966509002,9227.967567461,CIRCUIT_OPEN,2026-09-05T00:02:11.165806Z
910e0f8e-3252-4eba-ac62-91dc6bb270f9,run1_rep1,B,OPEN,OPEN,request,CACHE,HIT,0.022666999939247034,1.7343339986837236,INFO,adaptador.request,false,degradado,1.6695419999450678,9227.966120794,9227.967832461,9227.966098127,9227.967790336,CIRCUIT_OPEN,2026-09-05T00:02:11.166150Z
25122a8d-d113-4279-9fc0-6d8baa4de712,run1_rep1,B,OPEN,OPEN,request,CACHE,HIT,0.02516699896659702,0.4790419989149086,INFO,adaptador.request,false,degradado,0.3898330014635576,9227.977059836,9227.977513711,9227.977034669,9227.977449669,CIRCUIT_OPEN,2026-09-05T00:02:11.174908Z
21bad8bf-5a98-4cac-97fa-6481708f6c86,run1_rep1,B,OPEN,OPEN,request,CACHE,HIT,0.01679199885984417,0.3738750001502922,INFO,adaptador.request,false,degradado,0.3109580011368962,9227.991110836,9227.991467919,9227.991094044,9227.991421794,CIRCUIT_OPEN,2026-09-05T00:02:11.188836Z
7a2a237c-18d5-4b3b-8744-145805788634,run1_rep1,B,OPEN,OPEN,request,CACHE,HIT,0.01424999936716631,0.3664579999167472,INFO,adaptador.request,false,degradado,0.30529200012097135,9227.996606169,9227.996958377,9227.996591919,9227.996911461,CIRCUIT_OPEN,2026-09-05T00:02:11.194338Z
11dbd422-a53f-4564-9448-da8f935dc1c5,run1_rep1,B,OPEN,OPEN,request,CACHE,HIT,0.03941699833376333,0.7890419983596075,INFO,adaptador.request,false,degradado,0.6673750012851087,9228.053994461,9228.054744086,9228.053955044,9228.054661836,CIRCUIT_OPEN,2026-09-05T00:02:11.252140Z
f9cbf660-5ee1-4cce-9dd9-8499fda3980d,run1_rep1,B,OPEN,OPEN,request,CACHE,HIT,0.031584000680595636,0.6019590000505559,INFO,adaptador.request,false,degradado,0.49991599917120766,9228.061962378,9228.062532753,9228.061930794,9228.062462294,CIRCUIT_OPEN,2026-09-05T00:02:11.259930Z
9c1e2629-a9b4-42c5-bc17-5557397a6d0e,run1_rep1,B,OPEN,OPEN,request,CACHE,HIT,0.04025000089313835,0.6887920008011861,INFO,adaptador.request,false,degradado,0.5404589992394904,9228.127446294,9228.128094836,9228.127406044,9228.127986753,CIRCUIT_OPEN,2026-09-05T00:02:11.325517Z
fd543185-2c9c-4c1f-9d77-f0c398959aa5,run1_rep1,B,OPEN,OPEN,request,CACHE,HIT,0.041125000279862434,0.653375000183587,INFO,adaptador.request,false,degradado,0.5268750010145595,9228.181544836,9228.182157086,9228.181503711,9228.182071711,CIRCUIT_OPEN,2026-09-05T00:02:11.379566Z
31f67a5f-7a26-4c17-b7c5-f428378be289,run1_rep1,B,OPEN,OPEN,request,CACHE,HIT,0.04266700125299394,0.7160000004660105,INFO,adaptador.request,false,degradado,0.588040998991346,9228.268430878,9228.269104211,9228.268388211,9228.269018919,CIRCUIT_OPEN,2026-09-05T00:02:11.466508Z
1e5fc25c-1334-43d6-b6b5-c44129a6ff4a,run1_rep1,B,OPEN,OPEN,request,CACHE,HIT,0.06075000055716373,1.1405840014049318,INFO,adaptador.request,false,degradado,0.9979589995054994,9228.350029919,9228.351109753,9228.349969169,9228.351027878,CIRCUIT_OPEN,2026-09-05T00:02:11.548507Z
73683231-e145-443e-9cf0-5c2ac84dc026,run1_rep1,B,OPEN,OPEN,request,CACHE,HIT,0.02233300074294675,1.14416599899414,INFO,adaptador.request,false,degradado,1.0859579997486435,9228.350544336,9228.351666169,9228.350522003,9228.351630294,CIRCUIT_OPEN,2026-09-05T00:02:11.549177Z
389b1d48-af5d-4f8b-bc99-c04d268519a9,run1_rep1,B,OPEN,OPEN,request,CACHE,HIT,0.030250001145759597,0.6370420014718547,INFO,adaptador.request,false,degradado,0.5337089987733634,9228.360323544,9228.360930336,9228.360293294,9228.360857253,CIRCUIT_OPEN,2026-09-05T00:02:11.558355Z
acc0952b-4a92-409e-a5b9-b18dcd80ee65,run1_rep1,B,OPEN,OPEN,request,CACHE,HIT,0.02312499964318704,0.4490829996939283,INFO,adaptador.request,false,degradado,0.3742500011867378,9228.377399378,9228.377825336,9228.377376253,9228.377773628,CIRCUIT_OPEN,2026-09-05T00:02:11.575212Z
8ff733e4-dce5-4577-9a84-16f5d0a4bbe9,run1_rep1,B,OPEN,OPEN,request,CACHE,HIT,0.03887499951815698,0.8734170005482156,INFO,adaptador.request,false,degradado,0.7717500011494849,9228.415154211,9228.415988753,9228.415115336,9228.415925961,CIRCUIT_OPEN,2026-09-05T00:02:11.613397Z
d405edc6-747a-4ad8-bd45-ad678dcf450d,run1_rep1,B,OPEN,OPEN,request,CACHE,HIT,0.02245799987576902,0.797332999354694,INFO,adaptador.request,false,degradado,0.7200419986475026,9228.415833044,9228.416607919,9228.415810586,9228.416553086,CIRCUIT_OPEN,2026-09-05T00:02:11.614133Z
8e7c5f83-50e3-42a4-9fbb-9538ac383421,run1_rep1,B,OPEN,OPEN,request,CACHE,HIT,0.0334169999405276,0.9190000000671716,INFO,adaptador.request,false,degradado,0.7890830001997529,9228.454140503,9228.455026086,9228.454107086,9228.454929586,CIRCUIT_OPEN,2026-09-05T00:02:11.652433Z
a60d00e7-7012-4127-92cd-5f6a7a0ae590,run1_rep1,B,OPEN,OPEN,request,CACHE,HIT,0.03620799907366745,0.9161670004687039,INFO,adaptador.request,false,degradado,0.8072090004134225,9228.490741044,9228.491621003,9228.490704836,9228.491548253,CIRCUIT_OPEN,2026-09-05T00:02:11.689012Z
94d9de34-5e8d-4678-8750-65559103b3d4,run1_rep1,B,OPEN,OPEN,request,CACHE,HIT,0.02237499938928522,0.8089159982773708,INFO,adaptador.request,false,degradado,0.7455830000253627,9228.491413128,9228.492199669,9228.491390753,9228.492158711,CIRCUIT_OPEN,2026-09-05T00:02:11.689722Z
870fec18-02c6-4ef0-87ad-4593ec70cc5e,run1_rep1,B,OPEN,OPEN,request,CACHE,HIT,0.04154100133746397,0.6523330011987127,INFO,adaptador.request,false,degradado,0.5378339992603287,9228.522562669,9228.523173461,9228.522521128,9228.523100503,CIRCUIT_OPEN,2026-09-05T00:02:11.720558Z
798090cf-e8bb-4848-80bb-b3e008eebd37,run1_rep1,B,OPEN,OPEN,request,CACHE,HIT,0.03454199941188563,0.6487919999926817,INFO,adaptador.request,false,degradado,0.5511250001291046,9228.553688836,9228.554303086,9228.553654294,9228.554239961,CIRCUIT_OPEN,2026-09-05T00:02:11.751682Z
71e5fe73-831b-46cc-a940-57c3046bf809,run1_rep1,B,OPEN,OPEN,request,CACHE,HIT,0.040208000427810475,0.8053330002439907,INFO,adaptador.request,false,degradado,0.6804999993619276,9228.607985336,9228.608750461,9228.607945128,9228.608665836,CIRCUIT_OPEN,2026-09-05T00:02:11.806182Z
31cd62b6-e7f4-4178-954a-e0975a981f65,run1_rep1,B,OPEN,OPEN,request,CACHE,HIT,0.06800000119255856,1.2070829998265253,INFO,adaptador.request,false,degradado,1.044874999934109,9228.657042336,9228.658181419,9228.656974336,9228.658087211,CIRCUIT_OPEN,2026-09-05T00:02:11.855587Z
ef4991eb-e4dd-41d4-ac91-294594c340f4,run1_rep1,B,OPEN,OPEN,request,CACHE,HIT,0.038207999750738963,0.5991250000079162,INFO,adaptador.request,false,degradado,0.49487499927636236,9228.682289544,9228.682850461,9228.682251336,9228.682784419,CIRCUIT_OPEN,2026-09-05T00:02:11.880241Z
8e3b36a8-b30a-4a3c-aab6-5955ce0a5612,run1_rep1,B,OPEN,OPEN,request,CACHE,HIT,0.04199999966658652,0.7039579995762324,INFO,adaptador.request,false,degradado,0.5822500006615883,9228.773176628,9228.773838586,9228.773134628,9228.773758878,CIRCUIT_OPEN,2026-09-05T00:02:11.971243Z
e415167e-c39c-450c-9fdb-94d163f2fd3d,run1_rep1,B,OPEN,OPEN,request,CACHE,HIT,0.04041699867229909,0.5780419996881392,INFO,adaptador.request,false,degradado,0.4605000012816163,9228.807173295,9228.80771092,9228.807132878,9228.807633795,CIRCUIT_OPEN,2026-09-05T00:02:12.005098Z
640a3b05-da26-4459-922a-2483ece99e59,run1_rep1,B,OPEN,OPEN,request,CACHE,HIT,0.031125000532483682,0.9788330007722834,INFO,adaptador.request,false,degradado,0.8857079992594663,9228.83546842,9228.836416128,9228.835437295,9228.836354128,CIRCUIT_OPEN,2026-09-05T00:02:12.034045Z
3e01420d-1053-4318-b6c8-4ba114f90dfb,run1_rep1,B,OPEN,OPEN,request,CACHE,HIT,0.015208001059363596,0.7689160011068452,INFO,adaptador.request,false,degradado,0.7115829994290834,9228.835911878,9228.836665586,9228.83589667,9228.836623461,CIRCUIT_OPEN,2026-09-05T00:02:12.034360Z
7796d568-99cd-41bd-b76c-06365b6d7724,run1_rep1,B,OPEN,OPEN,request,CACHE,HIT,0.027332998797646724,0.5687079992640065,INFO,adaptador.request,false,degradado,0.4684170016844291,9228.841434461,9228.841975836,9228.841407128,9228.841902878,CIRCUIT_OPEN,2026-09-05T00:02:12.039386Z
423ccb52-3a74-491a-ae93-18a844dfddc5,run1_rep1,B,OPEN,OPEN,request,CACHE,HIT,0.04762499884236604,0.9106670004257467,INFO,adaptador.request,false,degradado,0.7876250001572771,9228.906725836,9228.907588878,9228.906678211,9228.907513461,CIRCUIT_OPEN,2026-09-05T00:02:12.104987Z
4206ef27-7d5d-46b2-b122-8490010da4a2,run1_rep1,B,OPEN,OPEN,request,CACHE,HIT,0.020333998691057786,0.8324999998876592,INFO,adaptador.request,false,degradado,0.7650410007045139,9228.907419545,9228.908231711,9228.907399211,9228.908184586,CIRCUIT_OPEN,2026-09-05T00:02:12.105777Z
c53a600f-0087-4d2d-8a25-e290f9f618a4,run1_rep1,B,OPEN,OPEN,request,CACHE,HIT,0.028750000637955964,1.0673750002752058,INFO,adaptador.request,false,degradado,0.9683749995019753,9228.921669628,9228.922708253,9228.921640878,9228.922638003,CIRCUIT_OPEN,2026-09-05T00:02:12.120418Z
5785e0db-2cf3-4c93-8d82-01e330b04100,run1_rep1,B,OPEN,OPEN,request,CACHE,HIT,0.014457998986472376,0.8743329999560956,INFO,adaptador.request,false,degradado,0.8130839996738359,9228.922131586,9228.922991461,9228.922117128,9228.92294467,CIRCUIT_OPEN,2026-09-05T00:02:12.120734Z
7a951c2d-2e32-495f-9683-7c5a776615e4,run1_rep1,B,OPEN,OPEN,request,CACHE,HIT,0.016208001397899352,0.674916000207304,INFO,adaptador.request,false,degradado,0.57162499979313,9228.986455128,9228.987113836,9228.98643892,9228.987026753,CIRCUIT_OPEN,2026-09-05T00:02:12.184765Z
ea8c782c-db54-40b6-a93c-058dd1b0edb9,run1_rep1,B,OPEN,OPEN,request,CACHE,HIT,0.0503330011270009,1.4217919997463468,INFO,adaptador.request,false,degradado,1.313417000346817,9228.985993836,9228.987365295,9228.985943503,9228.987307253,CIRCUIT_OPEN,2026-09-05T00:02:12.185042Z
2844f13e-dc96-44b0-bd2b-74f65d9c9b9d,run1_rep1,B,OPEN,OPEN,request,CACHE,HIT,0.03741699947568122,0.6317079987638863,INFO,adaptador.request,false,degradado,0.5192499993427191,9229.01969067,9229.020284961,9229.019653253,9229.02020992,CIRCUIT_OPEN,2026-09-05T00:02:12.217674Z
8e62d6dd-c566-4da0-ac82-732df79293c4,run1_rep1,B,OPEN,OPEN,request,CACHE,HIT,0.031083000067155808,0.7016250001470326,INFO,adaptador.request,false,degradado,0.6070420004107291,9229.034564628,9229.03523517,9229.034533545,9229.03517167,CIRCUIT_OPEN,2026-09-05T00:02:12.232635Z
ce1adaa0-8518-49b9-adff-adb80c3f987a,run1_rep1,B,OPEN,OPEN,request,CACHE,HIT,0.040082999475998804,0.677874999382766,INFO,adaptador.request,false,degradado,0.5627500013360986,9229.109475586,9229.110113378,9229.109435503,9229.110038336,CIRCUIT_OPEN,2026-09-05T00:02:12.307502Z
367d251b-f924-4d2e-be11-92d886b5e01a,run1_rep1,B,OPEN,OPEN,request,CACHE,HIT,0.0397080002585426,0.5786660003650468,INFO,adaptador.request,false,degradado,0.4722920002677711,9229.144236378,9229.144775336,9229.14419667,9229.14470867,CIRCUIT_OPEN,2026-09-05T00:02:12.342151Z
09f36d00-7299-4769-9318-b32087db3419,run1_rep1,B,OPEN,OPEN,request,CACHE,HIT,0.03445799848122988,0.6198749997565756,INFO,adaptador.request,false,degradado,0.49641700024949387,9229.179456003,9229.18004142,9229.179421545,9229.17995242,CIRCUIT_OPEN,2026-09-05T00:02:12.377429Z
bbbcf917-9d6e-4171-a82c-dca0af425d7b,run1_rep1,B,OPEN,OPEN,request,CACHE,HIT,0.047125000492087565,0.6402500002877787,INFO,adaptador.request,false,degradado,0.5200420000619488,9229.211989961,9229.212583086,9229.211942836,9229.212510003,CIRCUIT_OPEN,2026-09-05T00:02:12.409979Z
875411f0-6520-4ae7-877a-0d107288383c,run1_rep1,B,OPEN,OPEN,request,CACHE,HIT,0.04075000106240623,0.6911250002303859,INFO,adaptador.request,false,degradado,0.5514999993465608,9229.262384461,9229.263034836,9229.262343711,9229.262935961,CIRCUIT_OPEN,2026-09-05T00:02:12.460425Z
68f961c7-9bd0-4f95-b703-bdff31872536,run1_rep1,B,OPEN,OPEN,request,CACHE,HIT,0.03999999898951501,0.6939159993635258,INFO,adaptador.request,false,degradado,0.5804579996038228,9229.303160545,9229.303814461,9229.303120545,9229.303741003,CIRCUIT_OPEN,2026-09-05T00:02:12.501199Z
e3e22bb2-fd8f-434b-a0dd-6be014e7900e,run1_rep1,B,OPEN,OPEN,request,CACHE,HIT,0.02537500040489249,0.628416000836296,INFO,adaptador.request,false,degradado,0.5425409999588737,9229.305767045,9229.306370086,9229.30574167,9229.306309586,CIRCUIT_OPEN,2026-09-05T00:02:12.503757Z
8c9374ae-94bd-4d70-979c-beade1f47651,run1_rep1,B,OPEN,OPEN,request,CACHE,HIT,0.02704199869185686,0.4530829992290819,INFO,adaptador.request,false,degradado,0.36433300010685343,9229.32757317,9229.327999211,9229.327546128,9229.327937503,CIRCUIT_OPEN,2026-09-05T00:02:12.525392Z
9d76bd18-2244-4467-b855-886d46ad7fa6,run1_rep1,B,OPEN,OPEN,request,CACHE,HIT,0.05250000140222255,0.8573330014769454,INFO,adaptador.request,false,degradado,0.7065419995342381,9229.396337128,9229.397141961,9229.396284628,9229.39704367,CIRCUIT_OPEN,2026-09-05T00:02:12.594549Z
781b8692-d7f8-4547-a690-1e456b783a1a,run1_rep1,B,OPEN,OPEN,request,CACHE,HIT,0.03570800072338898,0.6106660002842546,INFO,adaptador.request,false,degradado,0.48108299961313605,9229.41849267,9229.419067628,9229.418456962,9229.418973753,CIRCUIT_OPEN,2026-09-05T00:02:12.616461Z
ff401c06-870b-48d6-9ceb-abddc00ea8af,run1_rep1,B,OPEN,OPEN,request,CACHE,HIT,0.04004099901067093,0.8752079993428197,INFO,adaptador.request,false,degradado,0.7465840008080704,9229.452150378,9229.452985545,9229.452110337,9229.452896962,CIRCUIT_OPEN,2026-09-05T00:02:12.650429Z
237287a2-3a24-42fb-9ec2-432abef3b4dd,run1_rep1,B,OPEN,OPEN,request,CACHE,HIT,0.04191699918010272,0.7376670000667218,INFO,adaptador.request,false,degradado,0.5984159997751703,9229.501425212,9229.502120962,9229.501383295,9229.502023628,CIRCUIT_OPEN,2026-09-05T00:02:12.699533Z
28313f19-a7c3-4eed-890b-ef81cb8571d5,run1_rep1,B,OPEN,OPEN,request,CACHE,HIT,0.04824999996344559,0.9182080011669314,INFO,adaptador.request,false,degradado,0.7988329998624977,9229.559113045,9229.559983003,9229.559064795,9229.559911878,CIRCUIT_OPEN,2026-09-05T00:02:12.757398Z
950a62b5-5f15-47cd-84e5-6d1fa8f0376a,run1_rep1,B,OPEN,OPEN,request,CACHE,HIT,0.02350000067963265,0.9430840000277385,INFO,adaptador.request,false,degradado,0.8705000000190921,9229.559837753,9229.560757337,9229.559814253,9229.560708253,CIRCUIT_OPEN,2026-09-05T00:02:12.758130Z
94409278-6f96-4590-baf7-a954a4a4409f,run1_rep1,B,OPEN,OPEN,request,CACHE,HIT,0.03166699934809003,0.5483749991981313,INFO,adaptador.request,false,degradado,0.45745799980068114,9229.585815462,9229.58633217,9229.585783795,9229.58627292,CIRCUIT_OPEN,2026-09-05T00:02:12.783713Z
4596e016-f2dd-4d3f-92b4-17f5d480270f,run1_rep1,B,OPEN,OPEN,request,CACHE,HIT,0.04562499998428393,1.1777079998864792,INFO,adaptador.request,false,degradado,1.0348329997214023,9229.629578212,9229.630710295,9229.629532587,9229.630613045,CIRCUIT_OPEN,2026-09-05T00:02:12.828374Z
357e2e99-3ce6-4ed4-b5dc-ebfea738e64f,run1_rep1,B,OPEN,OPEN,request,CACHE,HIT,0.025458000891376287,0.8841250000841683,INFO,adaptador.request,false,degradado,0.8222500000556465,9229.630117295,9229.630975962,9229.630091837,9229.630939545,CIRCUIT_OPEN,2026-09-05T00:02:12.828665Z
84e214a4-61a6-4adb-b63d-eee4edbae255,run1_rep1,B,OPEN,OPEN,request,CACHE,HIT,0.04020799860882107,0.7022499994491227,INFO,adaptador.request,false,degradado,0.5836250002175802,9229.651960795,9229.652622837,9229.651920587,9229.65254442,CIRCUIT_OPEN,2026-09-05T00:02:12.850149Z
d406fff3-0668-4e89-b7a6-f47d1e04de32,run1_rep1,B,OPEN,OPEN,request,CACHE,HIT,0.03337500129418913,0.5792920001113089,INFO,adaptador.request,false,degradado,0.47974999870348256,9229.66205692,9229.662602837,9229.662023545,9229.66253667,CIRCUIT_OPEN,2026-09-05T00:02:12.860002Z
c5da6b0b-1810-4198-8ca7-fdf4afc80d02,run1_rep1,B,OPEN,OPEN,request,CACHE,HIT,0.022792000891058706,0.4582500005199108,INFO,adaptador.request,false,degradado,0.36537499909172766,9229.667421587,9229.667857045,9229.667398795,9229.667786962,CIRCUIT_OPEN,2026-09-05T00:02:12.865261Z
60b5a2fc-f41a-443c-bf63-f43ed282137c,run1_rep1,B,OPEN,OPEN,request,CACHE,HIT,0.018332999388803728,0.4793330008396879,INFO,adaptador.request,false,degradado,0.39658300011069514,9229.68176717,9229.68222817,9229.681748837,9229.682163753,CIRCUIT_OPEN,2026-09-05T00:02:12.879628Z
4f5f5bfe-697a-443c-b95f-d284c498dba4,run1_rep1,B,OPEN,OPEN,request,CACHE,HIT,0.05412499922385905,0.8764999984123278,INFO,adaptador.request,false,degradado,0.7169580003392184,9229.73653267,9229.737355045,9229.736478545,9229.737249628,CIRCUIT_OPEN,2026-09-05T00:02:12.934772Z
af88b18c-19b6-4a8f-b234-8cfad1a65bb6,run1_rep1,B,OPEN,OPEN,request,CACHE,HIT,0.059750000218627974,0.691332999849692,INFO,adaptador.request,false,degradado,0.540832999831764,9229.761192712,9229.761824295,9229.761132962,9229.761733545,CIRCUIT_OPEN,2026-09-05T00:02:12.959224Z
f7434fbf-e67c-4ecf-96ad-0e35b5c3729c,run1_rep1,B,OPEN,OPEN,request,CACHE,HIT,0.06895800106576644,0.9506660007900791,INFO,adaptador.request,false,degradado,0.7684579995839158,9229.82827442,9229.829156128,9229.828205462,9229.829042878,CIRCUIT_OPEN,2026-09-05T00:02:13.026578Z
b4469c55-4d3c-4a8f-a63b-602404a6ba33,run1_rep1,B,OPEN,OPEN,request,CACHE,HIT,0.03933299922209699,0.7438329994329251,INFO,adaptador.request,false,degradado,0.6110419999458827,9229.835721378,9229.836425878,9229.835682045,9229.83633242,CIRCUIT_OPEN,2026-09-05T00:02:13.033825Z
879ec6e3-850e-4ce1-8181-001994e23534,run1_rep1,B,OPEN,OPEN,request,CACHE,HIT,0.031708999813417904,0.6270000012591481,INFO,adaptador.request,false,degradado,0.5196250003791647,9229.860903337,9229.861498628,9229.860871628,9229.861422962,CIRCUIT_OPEN,2026-09-05T00:02:13.058900Z
06b9244d-07ce-4a47-9ba1-6657766d7082,run1_rep1,B,OPEN,OPEN,request,CACHE,HIT,0.026416999389766715,0.3728749998117564,INFO,adaptador.request,false,degradado,0.30220799999369774,9229.933100045,9229.933446503,9229.933073628,9229.933402253,CIRCUIT_OPEN,2026-09-05T00:02:13.130811Z
29429b70-420d-4e6f-9f56-411c4499cfff,run1_rep1,B,OPEN,OPEN,request,CACHE,HIT,0.013958999261376448,0.3092089991696412,INFO,adaptador.request,false,degradado,0.25149999964924064,9229.936496212,9229.936791462,9229.936482253,9229.936747712,CIRCUIT_OPEN,2026-09-05T00:02:13.134159Z
d852c696-0a00-440c-8e83-1512b1c58a4c,run1_rep1,B,OPEN,OPEN,request,CACHE,HIT,0.020500001483014785,0.3856250004901085,INFO,adaptador.request,false,degradado,0.3177500002493616,9229.969928545,9229.97029367,9229.969908045,9229.970246295,CIRCUIT_OPEN,2026-09-05T00:02:13.167652Z
2588d8b0-aabc-444c-946f-c3bdc90b2326,run1_rep1,B,OPEN,OPEN,request,CACHE,HIT,0.013791999663226306,0.28575000033015385,INFO,adaptador.request,false,degradado,0.22887500017532147,9230.00713092,9230.007402878,9230.007117128,9230.007359795,CIRCUIT_OPEN,2026-09-05T00:02:13.204759Z
e1104590-c680-49e2-b868-c87a5b7ed59a,run1_rep1,B,OPEN,OPEN,request,CACHE,HIT,0.011833999451482669,0.3042919997824356,INFO,adaptador.request,false,degradado,0.24916599977586884,9230.023867462,9230.02415992,9230.023855628,9230.024116628,CIRCUIT_OPEN,2026-09-05T00:02:13.221525Z
f4ee5b20-e29a-48e5-961c-230f16863ddb,run1_rep1,B,OPEN,OPEN,request,CACHE,HIT,0.031624998882762156,0.6578749998880085,INFO,adaptador.request,false,degradado,0.5475000016303966,9230.086685878,9230.087312128,9230.086654253,9230.087233378,CIRCUIT_OPEN,2026-09-05T00:02:13.284720Z
71b66813-77b3-40cb-b603-088ced740086,run1_rep1,B,OPEN,OPEN,request,CACHE,HIT,0.019375000192667358,0.5851660007465398,INFO,adaptador.request,false,degradado,0.5103750008856878,9230.088407087,9230.088972878,9230.088387712,9230.088917462,CIRCUIT_OPEN,2026-09-05T00:02:13.286465Z
d6e91a95-de47-46ce-97be-83a2e812aec1,run1_rep1,B,OPEN,OPEN,request,CACHE,HIT,0.047375000576721504,1.1031670001102611,INFO,adaptador.request,false,degradado,0.9719999998196727,9230.129115337,9230.130171129,9230.129067962,9230.130087337,CIRCUIT_OPEN,2026-09-05T00:02:13.327803Z
e64ed290-8681-47a0-81bb-e8a78f017e48,run1_rep1,B,OPEN,OPEN,request,CACHE,HIT,0.015708001228631474,0.8671670002513565,INFO,adaptador.request,false,degradado,0.8072919990809169,9230.129569545,9230.130421004,9230.129553837,9230.130376837,CIRCUIT_OPEN,2026-09-05T00:02:13.328114Z
055ea1f4-3cb0-40f9-890e-e6dc08f60d09,run1_rep1,B,OPEN,OPEN,request,CACHE,HIT,0.02741699972830247,0.5366669993236428,INFO,adaptador.request,false,degradado,0.4259170000295853,9230.137510462,9230.138019712,9230.137483045,9230.137936379,CIRCUIT_OPEN,2026-09-05T00:02:13.335423Z
0aa788e4-3a0a-4893-b56b-01b6c1a88517,run1_rep1,B,OPEN,OPEN,request,CACHE,HIT,0.061833001382183284,0.7051660013530636,INFO,adaptador.request,false,degradado,0.5744169993704418,9230.197059587,9230.19770292,9230.196997754,9230.197634004,CIRCUIT_OPEN,2026-09-05T00:02:13.395086Z
fa954581-f45c-48c2-8591-53a57a4e2445,run1_rep1,B,OPEN,OPEN,request,CACHE,HIT,0.034249998861923814,0.5334589986887295,INFO,adaptador.request,false,degradado,0.4380000009405194,9230.212290795,9230.212790004,9230.212256545,9230.212728795,CIRCUIT_OPEN,2026-09-05T00:02:13.410172Z
120a5a74-5e20-48b1-9955-6fb4d135daa3,run1_rep1,B,OPEN,OPEN,request,CACHE,HIT,0.04012499994132668,0.7080830000631977,INFO,adaptador.request,false,degradado,0.5844580009579659,9230.261185712,9230.26185367,9230.261145587,9230.26177017,CIRCUIT_OPEN,2026-09-05T00:02:13.459266Z
d6886fbb-d4d2-4429-ae55-da57998fd8d3,run1_rep1,B,OPEN,OPEN,request,CACHE,HIT,0.03345900040585548,0.5863340011273976,INFO,adaptador.request,false,degradado,0.48366600094595924,9230.305680254,9230.306233129,9230.305646795,9230.30616392,CIRCUIT_OPEN,2026-09-05T00:02:13.503621Z
6ee5fb03-26a6-45e4-8ab0-c34ac205f982,run1_rep1,B,OPEN,OPEN,request,CACHE,HIT,0.03162500070175156,0.6975830001465511,INFO,adaptador.request,false,degradado,0.5889999993087258,9230.311331462,9230.31199742,9230.311299837,9230.311920462,CIRCUIT_OPEN,2026-09-05T00:02:13.509443Z
30b0e7ab-7457-460e-baaa-dfe6cbb711e1,run1_rep1,B,OPEN,OPEN,request,CACHE,HIT,0.037042000258225016,0.6119169993326068,INFO,adaptador.request,false,degradado,0.48312499893654604,9230.343486379,9230.344061254,9230.343449337,9230.343969504,CIRCUIT_OPEN,2026-09-05T00:02:13.541445Z
4cf8dddd-e9e6-43f6-9efa-eaeb96e1dd61,run1_rep1,B,OPEN,OPEN,request,CACHE,HIT,0.05700000110664405,0.8123330007947516,INFO,adaptador.request,false,degradado,0.661915999444318,9230.460801379,9230.461556712,9230.460744379,9230.461463295,CIRCUIT_OPEN,2026-09-05T00:02:13.658960Z
d8dcc548-6993-403d-99e7-3b1d021a3289,run1_rep1,B,OPEN,OPEN,request,CACHE,HIT,0.03099999958067201,0.6860419998702127,INFO,adaptador.request,false,degradado,0.5798340007459046,9230.468148045,9230.468803087,9230.468117045,9230.468727879,CIRCUIT_OPEN,2026-09-05T00:02:13.666203Z
818b2a1a-b037-49ea-91fe-70f237526629,run1_rep1,B,OPEN,OPEN,request,CACHE,HIT,0.0407089992222609,0.7345839985646307,INFO,adaptador.request,false,degradado,0.6007079991832143,9230.504957129,9230.505651004,9230.50491642,9230.505557837,CIRCUIT_OPEN,2026-09-05T00:02:13.703045Z
941bd2be-5f03-47b6-8149-ccda1fd0fe0b,run1_rep1,B,OPEN,OPEN,request,CACHE,HIT,0.05562500155065209,0.7452080008079065,INFO,adaptador.request,false,degradado,0.6009579992678482,9230.529907837,9230.53059742,9230.529852212,9230.530508795,CIRCUIT_OPEN,2026-09-05T00:02:13.727989Z
1905c2dd-9c50-4583-be40-24647c1e7890,run1_rep1,B,OPEN,OPEN,request,CACHE,HIT,0.030625000363215804,0.5348750000848668,INFO,adaptador.request,false,degradado,0.4428749998623971,9230.536797795,9230.537302045,9230.53676717,9230.53724067,CIRCUIT_OPEN,2026-09-05T00:02:13.734687Z
5748afa6-bdba-4292-9a3e-bcfce12700d8,run1_rep1,B,OPEN,OPEN,request,CACHE,HIT,0.03816599928541109,0.8424160005233716,INFO,adaptador.request,false,degradado,0.6742919995303964,9230.559909295,9230.560713545,9230.559871129,9230.560583587,CIRCUIT_OPEN,2026-09-05T00:02:13.758159Z
09028c04-4d42-4404-ad6b-bee2ee3b6ff7,run1_rep1,B,OPEN,OPEN,request,CACHE,HIT,0.02166699960071128,0.3556669998943107,INFO,adaptador.request,false,degradado,0.30220799999369774,9230.569393004,9230.569727004,9230.569371337,9230.569695212,CIRCUIT_OPEN,2026-09-05T00:02:13.767063Z
1985e99c-89ab-4b01-83ae-8fec2ca95d58,run1_rep1,B,OPEN,OPEN,request,CACHE,HIT,0.05279200013319496,0.9070830001292052,INFO,adaptador.request,false,degradado,0.751290999687626,9230.612460504,9230.613314795,9230.612407712,9230.613211795,CIRCUIT_OPEN,2026-09-05T00:02:13.810729Z
80d3872f-ae68-4b2a-8636-215f35b2e177,run1_rep1,B,OPEN,OPEN,request,CACHE,HIT,0.04866700146521907,0.5102499999338761,INFO,adaptador.request,false,degradado,0.3877499984810129,9230.654386837,9230.65484842,9230.65433817,9230.654774587,CIRCUIT_OPEN,2026-09-05T00:02:13.852236Z
b9b4a5d7-5b48-4978-8115-1664d514b495,run1_rep1,B,OPEN,OPEN,request,CACHE,HIT,0.03229200046916958,0.6388330002664588,INFO,adaptador.request,false,degradado,0.5075829994893866,9230.656344879,9230.65695142,9230.656312587,9230.656852462,CIRCUIT_OPEN,2026-09-05T00:02:13.854377Z
ccd98631-7460-46d6-9ebd-39cf00a116a3,run1_rep1,B,OPEN,OPEN,request,CACHE,HIT,0.027459000193630345,0.5020420012442628,INFO,adaptador.request,false,degradado,0.4151250013819663,9230.669914629,9230.670389212,9230.66988717,9230.670329754,CIRCUIT_OPEN,2026-09-05T00:02:13.867771Z
727fd2a3-9b3a-4393-adc4-cf40a3462814,run1_rep1,B,OPEN,OPEN,request,CACHE,HIT,0.042708001274149865,0.8434170013060793,INFO,adaptador.request,false,degradado,0.6858750002720626,9230.69412367,9230.694924379,9230.694080962,9230.694809545,CIRCUIT_OPEN,2026-09-05T00:02:13.892363Z
6ec2e5e2-d47a-4730-9f16-34c222c44968,run1_rep1,B,OPEN,OPEN,request,CACHE,HIT,0.024250000933534466,0.501959000757779,INFO,adaptador.request,false,degradado,0.3964589996030554,9230.705564795,9230.706042504,9230.705540545,9230.705961254,CIRCUIT_OPEN,2026-09-05T00:02:13.903429Z
d7a850fb-d94a-4943-a4d1-b886b97d0e49,run1_rep1,B,OPEN,OPEN,request,CACHE,HIT,0.024041999495238997,0.36737499976879917,INFO,adaptador.request,false,degradado,0.3064580014324747,9230.708964004,9230.709307337,9230.708939962,9230.709270462,CIRCUIT_OPEN,2026-09-05T00:02:13.906667Z
1327e152-237c-4df9-ab4a-9fc92eebd1c6,run1_rep1,B,OPEN,OPEN,request,CACHE,HIT,0.03912499960279092,0.8477920000586892,INFO,adaptador.request,false,degradado,0.7109590005711652,9230.799354837,9230.800163504,9230.799315712,9230.800065796,CIRCUIT_OPEN,2026-09-05T00:02:13.997571Z
fc1b9f15-7ce0-4759-bc54-a63cc4487d45,run1_rep1,B,OPEN,OPEN,request,CACHE,HIT,0.02300000051036477,0.9530419993097894,INFO,adaptador.request,false,degradado,0.8920000000216532,9230.828939712,9230.829869754,9230.828916712,9230.829831712,CIRCUIT_OPEN,2026-09-05T00:02:14.027232Z
7696fedc-8e99-443f-b9c8-8983f5e59a5a,run1_rep1,B,OPEN,OPEN,request,CACHE,HIT,0.06812500032538082,1.330499999312451,INFO,adaptador.request,false,degradado,1.178915999844321,9230.828372796,9230.829635171,9230.828304671,9230.829551712,CIRCUIT_OPEN,2026-09-05T00:02:14.027525Z
44be79f8-a646-4b4b-a09b-78b5cea93320,run1_rep1,B,OPEN,OPEN,request,CACHE,HIT,0.0575419999222504,0.925333999475697,INFO,adaptador.request,false,degradado,0.7587919990328373,9230.946093254,9230.946961046,9230.946035712,9230.946852046,CIRCUIT_OPEN,2026-09-05T00:02:14.144417Z
71cc4ef7-9e70-45ae-b339-5c036742cf31,run1_rep1,B,OPEN,OPEN,request,CACHE,HIT,0.041041999793378636,0.7193340006779181,INFO,adaptador.request,false,degradado,0.5990830013615778,9230.953147379,9230.953825671,9230.953106337,9230.953746462,CIRCUIT_OPEN,2026-09-05T00:02:14.151228Z
75980636-f4d6-4076-b8e2-ceb46b5ca8e8,run1_rep1,B,OPEN,OPEN,request,CACHE,HIT,0.053792000471730717,0.9111250001296867,INFO,adaptador.request,false,degradado,0.7488749997719424,9231.012625379,9231.013482712,9231.012571587,9231.013374254,CIRCUIT_OPEN,2026-09-05T00:02:14.210894Z
3d52d9f2-1764-4ffd-83a0-633c4dee21ae,run1_rep1,B,OPEN,OPEN,request,CACHE,HIT,0.0457499991171062,0.787667000622605,INFO,adaptador.request,false,degradado,0.6615840011363616,9231.029790837,9231.030532754,9231.029745087,9231.030452421,CIRCUIT_OPEN,2026-09-05T00:02:14.227918Z
8c2d0d99-31b8-4fb2-8336-8631de0c8c94,run1_rep1,B,OPEN,OPEN,request,CACHE,HIT,0.03841699981421698,0.6130000001576263,INFO,adaptador.request,false,degradado,0.5135419996804558,9231.036602879,9231.037177462,9231.036564462,9231.037116421,CIRCUIT_OPEN,2026-09-05T00:02:14.234554Z
9cb80ec5-bba4-4913-a289-a119feccded4,run1_rep1,B,OPEN,OPEN,request,CACHE,HIT,0.03270799970778171,0.5749579995608656,INFO,adaptador.request,false,degradado,0.4619999999704305,9231.050482212,9231.051024462,9231.050449504,9231.050944212,CIRCUIT_OPEN,2026-09-05T00:02:14.248421Z
588f3f86-a8a2-430f-863f-3d8346df25dc,run1_rep1,B,OPEN,OPEN,request,CACHE,HIT,0.022707999960402958,0.5489579998538829,INFO,adaptador.request,false,degradado,0.4824580009881174,9231.052063254,9231.052589504,9231.052040546,9231.052545712,CIRCUIT_OPEN,2026-09-05T00:02:14.249961Z
dbad0ab9-0fbe-497a-b797-0f035773351f,run1_rep1,B,OPEN,OPEN,request,CACHE,HIT,0.01950000114447903,0.45037500058242586,INFO,adaptador.request,false,degradado,0.37274999885994475,9231.073611796,9231.074042671,9231.073592296,9231.073984546,CIRCUIT_OPEN,2026-09-05T00:02:14.271421Z
95d11cf5-542a-451e-810f-36bf6d5c743a,run1_rep1,B,OPEN,OPEN,request,CACHE,HIT,0.016292000509565696,0.4137920004723128,INFO,adaptador.request,false,degradado,0.33312500090687536,9231.090911046,9231.091308546,9231.090894754,9231.091244171,CIRCUIT_OPEN,2026-09-05T00:02:14.288696Z
c07ecfdf-8099-4212-93b1-caa34f9223fd,run1_rep1,B,OPEN,OPEN,request,CACHE,HIT,0.014958999599912204,0.32604199986963067,INFO,adaptador.request,false,degradado,0.27225000121688936,9231.115321921,9231.115633004,9231.115306962,9231.115594171,CIRCUIT_OPEN,2026-09-05T00:02:14.312993Z
