request_id,ejecucion_id,escenario,estado_circuito_fin,estado_circuito_inicio,event_type,fuente_respuesta,hit_miss,latencia_proveedor_ms,latencia_total_ms,level,logger,proveedor_invocado,resultado,tiempo_conmutacion_ms,timestamp_deteccion,timestamp_fin,timestamp_inicio,timestamp_respuesta_cache,tipo_error,ts_wall
bef24bbd-feee-406e-9940-db389008751b,run1_rep1,C,CLOSED,CLOSED,request,PROVIDER,N/A,,64.11649999972724,INFO,adaptador.request,true,exitoso,,,9383.977304116,9383.913187616,,,2026-09-05T00:04:47.175309Z
368c0df7-90bd-4e6b-9284-2fe01958ae35,run1_rep1,C,CLOSED,CLOSED,request,PROVIDER,N/A,,161.35104200111527,INFO,adaptador.request,true,exitoso,,,9384.075235116,9383.913884074,,,2026-09-05T00:04:47.273228Z
895138dc-8340-45a7-9a05-fb4c38de074a,run1_rep1,C,CLOSED,CLOSED,request,PROVIDER,N/A,,90.57237500019255,INFO,adaptador.request,true,exitoso,,,9384.497852825,9384.40728045,,,2026-09-05T00:04:47.695860Z
c732326e-d555-4b03-bde3-e3ca60aacc30,run1_rep1,C,CLOSED,CLOSED,request,PROVIDER,N/A,,79.79854099903605,INFO,adaptador.request,true,exitoso,,,9384.580598116,9384.500799575,,,2026-09-05T00:04:47.778605Z
07e5c593-9e46-4b17-9093-4b577b60264a,run1_rep1,C,CLOSED,CLOSED,request,PROVIDER,N/A,,87.19120800014935,INFO,adaptador.request,true,exitoso,,,9384.926762116,9384.839570908,,,2026-09-05T00:04:48.124770Z
a1834a17-7673-4151-9925-7509b00a94f0,run1_rep1,C,CLOSED,CLOSED,request,PROVIDER,N/A,,88.69808300005388,INFO,adaptador.request,true,exitoso,,,9385.1316272,9385.042929117,,,2026-09-05T00:04:48.329623Z
0582b41f-90e9-4b4c-8663-0c63f77254b7,run1_rep1,C,CLOSED,CLOSED,request,PROVIDER,N/A,,107.37841599984677,INFO,adaptador.request,true,exitoso,,,9385.372956783,9385.265578367,,,2026-09-05T00:04:48.571007Z
052b4b15-83b1-493a-b3b8-93deb4a4807e,run1_rep1,C,CLOSED,CLOSED,request,PROVIDER,N/A,,118.21954200058826,INFO,adaptador.request,true,exitoso,,,9385.459910825,9385.341691283,,,2026-09-05T00:04:48.657928Z
ff4b4929-8ae4-4cc3-b80d-11e9fa556d2e,run1_rep1,C,CLOSED,CLOSED,request,PROVIDER,N/A,,81.46820799993293,INFO,adaptador.request,true,exitoso,,,9385.790178117,9385.708709909,,,2026-09-05T00:04:48.988189Z
a8fe51a8-470e-4e76-bd9e-906bcc490b25,run1_rep1,C,CLOSED,CLOSED,request,PROVIDER,N/A,,162.98570899925835,INFO,adaptador.request,true,exitoso,,,9385.885547909,9385.7225622,,,2026-09-05T00:04:49.083554Z
9aba2a67-0ad2-40a8-865e-bab4d22a17e8,run1_rep1,C,CLOSED,CLOSED,request,PROVIDER,N/A,,71.66316599978018,INFO,adaptador.request,true,exitoso,,,9386.3170392,9386.245376034,,,2026-09-05T00:04:49.515072Z
2727d69c-ed97-4c3e-8087-5dd956704a00,run1_rep1,C,CLOSED,CLOSED,request,PROVIDER,N/A,,72.61929199921724,INFO,adaptador.request,true,exitoso,,,9386.409813867,9386.337194575,,,2026-09-05T00:04:49.607812Z
09ec6a2f-608c-47b8-ad99-09e34a784f06,run1_rep1,C,CLOSED,CLOSED,request,PROVIDER,N/A,,71.96695899983752,INFO,adaptador.request,true,exitoso,,,9386.732830701,9386.660863742,,,2026-09-05T00:04:49.930847Z
89faebaf-7319-4a1e-b358-6069b915d15a,run1_rep1,C,CLOSED,CLOSED,request,PROVIDER,N/A,,96.76479200061294,INFO,adaptador.request,true,exitoso,,,9387.010567951,9386.913803159,,,2026-09-05T00:04:50.208586Z
324181eb-d904-4aff-9fc9-588cc5c04703,run1_rep1,C,CLOSED,CLOSED,request,PROVIDER,N/A,,126.84583300142549,INFO,adaptador.request,true,exitoso,,,9387.076775117,9386.949929284,,,2026-09-05T00:04:50.274774Z
060a8480-6de6-4c37-8c80-0e690765280d,run1_rep1,C,CLOSED,CLOSED,request,PROVIDER,N/A,,102.89166700022179,INFO,adaptador.request,true,exitoso,,,9387.236943076,9387.134051409,,,2026-09-05T00:04:50.434966Z
bc454516-6149-47c8-973a-4ebfd615b976,run1_rep1,C,CLOSED,CLOSED,request,PROVIDER,N/A,,118.34633299986308,INFO,adaptador.request,true,exitoso,,,9387.325829409,9387.207483076,,,2026-09-05T00:04:50.523883Z
a89ab788-6300-4c03-ac16-02d099265fa6,run1_rep1,C,CLOSED,CLOSED,request,PROVIDER,N/A,,103.37541700027941,INFO,adaptador.request,true,exitoso,,,9387.584726618,9387.481351201,,,2026-09-05T00:04:50.782759Z
fdcbcabf-6c98-4007-af3e-c7cd72d26344,run1_rep1,C,CLOSED,CLOSED,request,PROVIDER,N/A,,88.78270900095231,INFO,adaptador.request,true,exitoso,,,9387.835634868,9387.746852159,,,2026-09-05T00:04:51.033648Z
6a5ab9a7-6f32-40a4-9f19-bd7ce6f36f81,run1_rep1,C,CLOSED,CLOSED,request,PROVIDER,N/A,,124.0532500014524,INFO,adaptador.request,true,exitoso,,,9387.898863451,9387.774810201,,,2026-09-05T00:04:51.096860Z
b9ff28e6-ab20-4e2b-9c56-96ebcd621b1e,run1_rep1,C,CLOSED,CLOSED,request,PROVIDER,N/A,,65.6730000009702,INFO,adaptador.request,true,exitoso,,,9388.116540118,9388.050867118,,,2026-09-05T00:04:51.314545Z
196544da-46ef-405c-96b8-673e53e0e5bb,run1_rep1,C,CLOSED,CLOSED,request,PROVIDER,N/A,,119.18233299911662,INFO,adaptador.request,true,exitoso,,,9388.206694826,9388.087512493,,,2026-09-05T00:04:51.404702Z
b104ab16-2d7a-4192-b0e4-bdcae363d73a,run1_rep1,C,CLOSED,CLOSED,request,PROVIDER,N/A,,102.79054199963866,INFO,adaptador.request,true,exitoso,,,9388.692095702,9388.58930516,,,2026-09-05T00:04:51.890092Z
dd155515-d7ae-42e2-b0dd-b1c3b21cc1a0,run1_rep1,C,CLOSED,CLOSED,request,PROVIDER,N/A,,89.72237499983748,INFO,adaptador.request,true,exitoso,,,9388.778498952,9388.688776577,,,2026-09-05T00:04:51.976487Z
20a4aae7-dc8b-4db0-a64e-4414b922fee3,run1_rep1,C,CLOSED,CLOSED,request,PROVIDER,N/A,,66.59316600052989,INFO,adaptador.request,true,exitoso,,,9389.082459493,9389.015866327,,,2026-09-05T00:04:52.280451Z
eaf41139-31da-4ab7-8cc2-815b6b4c0cb6,run1_rep1,C,CLOSED,CLOSED,request,PROVIDER,N/A,,110.15870799928962,INFO,adaptador.request,true,exitoso,,,9389.376275285,9389.266116577,,,2026-09-05T00:04:52.574343Z
f360d2e9-f0fb-40a3-b236-b908b026be5a,run1_rep1,C,CLOSED,CLOSED,request,PROVIDER,N/A,,179.11616699893784,INFO,adaptador.request,true,exitoso,,,9389.451599994,9389.272483827,,,2026-09-05T00:04:52.649594Z
7be99954-84cb-46ba-9c9e-21fde258ed00,run1_rep1,C,CLOSED,CLOSED,request,PROVIDER,N/A,,91.1303749999206,INFO,adaptador.request,true,exitoso,,,9389.905247869,9389.814117494,,,2026-09-05T00:04:53.103291Z
a63acee8-5443-4971-8dbd-0ec27a66c7f5,run1_rep1,C,CLOSED,CLOSED,request,PROVIDER,N/A,,103.89466599917796,INFO,adaptador.request,true,exitoso,,,9390.056576452,9389.952681786,,,2026-09-05T00:04:53.254576Z
b634fd77-155e-4f49-9c50-2ec8acb84ac0,run1_rep1,C,CLOSED,CLOSED,request,PROVIDER,N/A,,77.47424999979557,INFO,adaptador.request,true,exitoso,,,9390.192169577,9390.114695327,,,2026-09-05T00:04:53.390198Z
0bfc2ad7-9d95-4960-8736-eedf4f8c8005,run1_rep1,C,CLOSED,CLOSED,request,PROVIDER,N/A,,84.16312500048662,INFO,adaptador.request,true,exitoso,,,9390.563511994,9390.479348869,,,2026-09-05T00:04:53.761527Z
880ecbc5-2d6f-4871-a715-818978197217,run1_rep1,C,CLOSED,CLOSED,request,PROVIDER,N/A,,71.27241699890874,INFO,adaptador.request,true,exitoso,,,9390.627961953,9390.556689536,,,2026-09-05T00:04:53.825990Z
372e803d-c53c-4443-9f3f-16b905c56f0c,run1_rep1,C,CLOSED,CLOSED,request,PROVIDER,N/A,,100.63762500067241,INFO,adaptador.request,true,exitoso,,,9390.931030828,9390.830393203,,,2026-09-05T00:04:54.129073Z
4ba83f9d-6263-471b-ac42-3c5d779f6b2a,run1_rep1,C,CLOSED,CLOSED,request,PROVIDER,N/A,,120.18004200035648,INFO,adaptador.request,true,exitoso,,,9391.001380328,9390.881200286,,,2026-09-05T00:04:54.199378Z
a98de86d-7b74-4a87-a001-15a829eb3a5e,run1_rep1,C,CLOSED,CLOSED,request,PROVIDER,N/A,,105.32133400010935,INFO,adaptador.request,true,exitoso,,,9391.377647078,9391.272325744,,,2026-09-05T00:04:54.575677Z
cb8671f1-2668-48a9-8b29-78710ba10f9f,run1_rep1,C,CLOSED,CLOSED,request,PROVIDER,N/A,,175.60816700097348,INFO,adaptador.request,true,exitoso,,,9391.45694437,9391.281336203,,,2026-09-05T00:04:54.654960Z
7c97097f-4bd9-40cd-888e-34016e9023e0,run1_rep1,C,CLOSED,CLOSED,request,PROVIDER,N/A,,90.87416699912865,INFO,adaptador.request,true,exitoso,,,9391.626345203,9391.535471036,,,2026-09-05T00:04:54.824342Z
0d1cb2f7-9233-49f3-ba95-b64bfb5cc1b0,run1_rep1,C,CLOSED,CLOSED,request,PROVIDER,N/A,,74.18608400075755,INFO,adaptador.request,true,exitoso,,,9391.73627187,9391.662085786,,,2026-09-05T00:04:54.934255Z
294b05f3-ecb1-4add-aaa9-076f7af352fa,run1_rep1,C,CLOSED,CLOSED,request,PROVIDER,N/A,,79.35133299906738,INFO,adaptador.request,true,exitoso,,,9391.910593203,9391.83124187,,,2026-09-05T00:04:55.108652Z
3abaee0d-dbe4-41a1-9f47-11a649514048,run1_rep1,C,CLOSED,CLOSED,request,PROVIDER,N/A,,88.11574999890581,INFO,adaptador.request,true,exitoso,,,9392.057158119,9391.969042369,,,2026-09-05T00:04:55.255309Z
c778403b-d060-4936-990a-3053fe3e592b,run1_rep1,C,CLOSED,CLOSED,request,PROVIDER,N/A,,60.08429199937382,INFO,adaptador.request,true,exitoso,,,9392.244700786,9392.184616494,,,2026-09-05T00:04:55.442924Z
48a503d5-f5d9-4874-95e5-2ac85d8fb72f,run1_rep1,C,CLOSED,CLOSED,request,PROVIDER,N/A,,121.37841600087995,INFO,adaptador.request,true,exitoso,,,9392.329784744,9392.208406328,,,2026-09-05T00:04:55.528025Z
87535a56-9d78-4617-9c3c-324a03626efa,run1_rep1,C,CLOSED,CLOSED,request,PROVIDER,N/A,,57.270041999800014,INFO,adaptador.request,true,exitoso,,,9392.672675578,9392.615405536,,,2026-09-05T00:04:55.870875Z
946332d9-cb0f-437f-87f1-b8dd4b8454f1,run1_rep1,C,CLOSED,CLOSED,request,PROVIDER,N/A,,107.54454199923202,INFO,adaptador.request,true,exitoso,,,9392.77948437,9392.671939828,,,2026-09-05T00:04:55.977739Z
0c9a8f3d-e0ec-4e93-94e9-b8b69a819ff1,run1_rep1,C,CLOSED,CLOSED,request,PROVIDER,N/A,,93.65583299950231,INFO,adaptador.request,true,exitoso,,,9393.205364286,9393.111708453,,,2026-09-05T00:04:56.403577Z
51c03710-a259-443b-81b3-8d9055bb15eb,run1_rep1,C,CLOSED,CLOSED,request,PROVIDER,N/A,,86.72966599988285,INFO,adaptador.request,true,exitoso,,,9393.276315286,9393.18958562,,,2026-09-05T00:04:56.474507Z
22694063-ea03-4d07-8601-aa16871e61ec,run1_rep1,C,CLOSED,CLOSED,request,PROVIDER,N/A,,88.26320800108078,INFO,adaptador.request,true,exitoso,,,9393.610633578,9393.52237037,,,2026-09-05T00:04:56.808870Z
7abfc3c4-319d-42b0-9f5d-f21fd875ca23,run1_rep1,C,CLOSED,CLOSED,request,PROVIDER,N/A,,122.32708400006231,INFO,adaptador.request,true,exitoso,,,9393.679666912,9393.557339828,,,2026-09-05T00:04:56.877900Z
452bc77a-dbd0-4af9-9641-b5f51155c830,run1_rep1,C,OPEN,CLOSED,request,CACHE,HIT,15.000041999883251,15.454834001502604,INFO,adaptador.request,true,degradado,0.3240000005462207,9394.065845037,9394.066299829,9394.050844995,9394.066169037,CIRCUIT_OPEN,2026-09-05T00:04:57.264488Z
bf94df9f-447d-4bf3-bbca-ead30206bf03,run1_rep1,C,OPEN,CLOSED,request,CACHE,HIT,13.89812500019616,15.524958000241895,INFO,adaptador.request,true,degradado,1.5728329999546986,9394.065916412,9394.067543245,9394.052018287,9394.067489245,CIRCUIT_OPEN,2026-09-05T00:04:57.265723Z
ea98566a-ae2d-45c5-894d-3436cd3ad1c9,run1_rep1,C,OPEN,OPEN,request,CACHE,HIT,0.05316700116964057,0.7525840010202955,INFO,adaptador.request,false,degradado,0.5993750000925502,9394.218125662,9394.218825079,9394.218072495,9394.218725037,CIRCUIT_OPEN,2026-09-05T00:04:57.417011Z
e79571c9-0111-4f8a-bc26-05dc439ca038,run1_rep1,C,OPEN,OPEN,request,CACHE,HIT,0.050582999392645434,0.8192499990400393,INFO,adaptador.request,false,degradado,0.6842919992777752,9394.41684412,9394.417612787,9394.416793537,9394.417528412,CIRCUIT_OPEN,2026-09-05T00:04:57.615794Z
2d12eed4-f4be-426d-a01a-658e08c2d9e4,run1_rep1,C,OPEN,OPEN,request,CACHE,HIT,0.04004099901067093,0.6513749995065155,INFO,adaptador.request,false,degradado,0.5303750003804453,9394.491386745,9394.491998079,9394.491346704,9394.49191712,CIRCUIT_OPEN,2026-09-05T00:04:57.690202Z
7ddf58f5-711d-42c5-a277-8737fd5588b5,run1_rep1,C,OPEN,OPEN,request,CACHE,HIT,0.05820900150865782,0.7843340008548694,INFO,adaptador.request,false,degradado,0.6335409998428077,9394.676225204,9394.676951329,9394.676166995,9394.676858745,CIRCUIT_OPEN,2026-09-05T00:04:57.875165Z
d5333225-0bbe-4625-8de5-680632974307,run1_rep1,C,OPEN,OPEN,request,CACHE,HIT,0.0469170008727815,0.744124999982887,INFO,adaptador.request,false,degradado,0.6055829999240814,9394.783104829,9394.783802037,9394.783057912,9394.783710412,CIRCUIT_OPEN,2026-09-05T00:04:57.981985Z
94085a3b-39df-4089-8e43-795a81f68c33,run1_rep1,C,OPEN,OPEN,request,CACHE,HIT,0.050959000873262994,0.6782500004192116,INFO,adaptador.request,false,degradado,0.5540410002140561,9394.832191121,9394.832818412,9394.832140162,9394.832745162,CIRCUIT_OPEN,2026-09-05T00:04:58.030979Z
4e84d0b8-98d7-4791-9618-9f52db0baa94,run1_rep1,C,OPEN,OPEN,request,CACHE,HIT,0.051500001063686796,0.8276670014311094,INFO,adaptador.request,false,degradado,0.6780000003345776,9394.962794662,9394.963570829,9394.962743162,9394.963472662,CIRCUIT_OPEN,2026-09-05T00:04:58.161757Z
2073a383-2acc-4291-be0a-e4615da23486,run1_rep1,C,OPEN,OPEN,request,CACHE,HIT,0.04545800038613379,1.0916250012087403,INFO,adaptador.request,false,degradado,0.9669169994594995,9395.052345954,9395.053392121,9395.052300496,9395.053312871,CIRCUIT_OPEN,2026-09-05T00:04:58.251787Z
06973fac-de70-46c9-8bc4-37aff0b24f4a,run1_rep1,C,OPEN,OPEN,request,CACHE,HIT,0.01462500040361192,0.8650840009067906,INFO,adaptador.request,false,degradado,0.8078749997366685,9395.052776662,9395.053627121,9395.052762037,9395.053584537,CIRCUIT_OPEN,2026-09-05T00:04:58.252050Z
28545778-a631-4b96-a22f-d41e1550d3e4,run1_rep1,C,OPEN,OPEN,request,CACHE,HIT,0.04945799992128741,0.8367909995286027,INFO,adaptador.request,false,degradado,0.6767920003767358,9395.156250079,9395.157037412,9395.156200621,9395.156926871,CIRCUIT_OPEN,2026-09-05T00:04:58.355238Z
26eee98c-b599-48ab-bcb8-c9e30af95fc1,run1_rep1,C,OPEN,OPEN,request,CACHE,HIT,0.038083000617916696,0.6513749995065155,INFO,adaptador.request,false,degradado,0.5361249986890471,9395.174942412,9395.175555704,9395.174904329,9395.175478537,CIRCUIT_OPEN,2026-09-05T00:04:58.373734Z
7395107c-7e7d-4100-829c-a6d0ae4e24ea,run1_rep1,C,OPEN,OPEN,request,CACHE,HIT,0.05425000017567072,0.8887080002750736,INFO,adaptador.request,false,degradado,0.7332079985644668,9395.382067246,9395.382901704,9395.382012996,9395.382800454,CIRCUIT_OPEN,2026-09-05T00:04:58.581101Z
26e08ab3-7488-4885-b68e-5636e91ed2f6,run1_rep1,C,OPEN,OPEN,request,CACHE,HIT,0.04416599949763622,0.6447910000133561,INFO,adaptador.request,false,degradado,0.5262089998723241,9395.425300412,9395.425901037,9395.425256246,9395.425826621,CIRCUIT_OPEN,2026-09-05T00:04:58.624074Z
afb40a93-0aae-4e3d-a013-207825623121,run1_rep1,C,OPEN,OPEN,request,CACHE,HIT,0.03283400110376533,0.5337920010788366,INFO,adaptador.request,false,degradado,0.4465000001800945,9395.439079288,9395.439580246,9395.439046454,9395.439525788,CIRCUIT_OPEN,2026-09-05T00:04:58.637736Z
e25a894c-01fb-4306-9a53-b6b2cd467abd,run1_rep1,C,OPEN,OPEN,request,CACHE,HIT,0.05279199831420556,0.8459169985144399,INFO,adaptador.request,false,degradado,0.6707910015393281,9395.537277413,9395.538070538,9395.537224621,9395.537948204,CIRCUIT_OPEN,2026-09-05T00:04:58.736260Z
b7744bb5-0b6a-4a55-81f6-71e5f3ccb21c,run1_rep1,C,OPEN,OPEN,request,CACHE,HIT,0.04850000004807953,0.847875000545173,INFO,adaptador.request,false,degradado,0.6928330003574956,9395.667975538,9395.668774913,9395.667927038,9395.668668371,CIRCUIT_OPEN,2026-09-05T00:04:58.866962Z
a87de281-b09c-48ad-bf4b-a9fba2f76fdd,run1_rep1,C,OPEN,OPEN,request,CACHE,HIT,0.05195900121179875,0.6575420011358801,INFO,adaptador.request,false,degradado,0.5243750001682201,9395.711104538,9395.711710121,9395.711052579,9395.711628913,CIRCUIT_OPEN,2026-09-05T00:04:58.909897Z
feafd79e-dc60-45f8-82bd-5e156a0f3325,run1_rep1,C,OPEN,OPEN,request,CACHE,HIT,0.04212500061839819,0.7143750008253846,INFO,adaptador.request,false,degradado,0.5862500001967419,9395.749721079,9395.750393329,9395.749678954,9395.750307329,CIRCUIT_OPEN,2026-09-05T00:04:58.948585Z
9b4ec342-d27d-4cc2-b4b3-77c17e0277e0,run1_rep1,C,OPEN,OPEN,request,CACHE,HIT,0.050542001190478913,0.7320000004256144,INFO,adaptador.request,false,degradado,0.5944999993516831,9395.855114038,9395.855795496,9395.855063496,9395.855708538,CIRCUIT_OPEN,2026-09-05T00:04:59.053977Z
3df5dc41-c2fb-4bf7-913f-2d8a030446b2,run1_rep1,C,OPEN,OPEN,request,CACHE,HIT,0.0657500004308531,1.2191670011816313,INFO,adaptador.request,false,degradado,1.0669170005712658,9395.980038996,9395.981192413,9395.979973246,9395.981105913,CIRCUIT_OPEN,2026-09-05T00:04:59.179622Z
ec5bd510-555a-4962-a330-74807acf0031,run1_rep1,C,OPEN,OPEN,request,CACHE,HIT,0.0195419997908175,0.9654170007706853,INFO,adaptador.request,false,degradado,0.9022499998536659,9395.980503121,9395.981448996,9395.980483579,9395.981405371,CIRCUIT_OPEN,2026-09-05T00:04:59.179913Z
5813c5d7-bea1-4144-be3c-0aa3183e8fe8,run1_rep1,C,OPEN,OPEN,request,CACHE,HIT,0.03949999882024713,0.6886249993840465,INFO,adaptador.request,false,degradado,0.5595000002358574,9396.010578704,9396.011227829,9396.010539204,9396.011138204,CIRCUIT_OPEN,2026-09-05T00:04:59.209407Z
4b9dbcd4-dcd9-4cd9-84b8-5387fee05144,run1_rep1,C,OPEN,OPEN,request,CACHE,HIT,0.050708000344457105,1.122250001571956,INFO,adaptador.request,false,degradado,0.9792090004339116,9396.053846829,9396.054918371,9396.053796121,9396.054826038,CIRCUIT_OPEN,2026-09-05T00:04:59.253126Z
96375857-147d-4965-aa9d-ad2caf72aec3,run1_rep1,C,OPEN,OPEN,request,CACHE,HIT,0.02350000067963265,1.1663330005831085,INFO,adaptador.request,false,degradado,1.102583000829327,9396.054414413,9396.055557246,9396.054390913,9396.055516996,CIRCUIT_OPEN,2026-09-05T00:04:59.253856Z
751e4b97-6da7-4281-978a-81c3157914b2,run1_rep1,C,OPEN,OPEN,request,CACHE,HIT,0.051166998673579656,0.8140419995470438,INFO,adaptador.request,false,degradado,0.665000001390581,9396.14646083,9396.147223705,9396.146409663,9396.14712583,CIRCUIT_OPEN,2026-09-05T00:04:59.345411Z
d22a88b6-10b9-40b1-b209-590d27f2991a,run1_rep1,C,OPEN,OPEN,request,CACHE,HIT,0.04445899867278058,0.9683339994808193,INFO,adaptador.request,false,degradado,0.8516249999956926,9396.262468205,9396.26339208,9396.262423746,9396.26331983,CIRCUIT_OPEN,2026-09-05T00:04:59.461577Z
91baae28-912a-4750-9161-00a8a25e00f5,run1_rep1,C,OPEN,OPEN,request,CACHE,HIT,0.02312499964318704,0.8391249994019745,INFO,adaptador.request,false,degradado,0.7527500001742737,9396.26321858,9396.26403458,9396.263195455,9396.26397133,CIRCUIT_OPEN,2026-09-05T00:04:59.462383Z
c1a92bb4-9a37-4b65-9855-3bec3cad52d9,run1_rep1,C,OPEN,OPEN,request,CACHE,HIT,0.05237500045041088,0.7064590008667437,INFO,adaptador.request,false,degradado,0.5984590006846702,9396.419337746,9396.41999183,9396.419285371,9396.419936205,CIRCUIT_OPEN,2026-09-05T00:04:59.618173Z
69d38b99-2066-4843-8381-44d4a8d87e6e,run1_rep1,C,OPEN,OPEN,request,CACHE,HIT,0.037667001379304565,0.5374590000428725,INFO,adaptador.request,false,degradado,0.4489999992074445,9396.433150413,9396.433650205,9396.433112746,9396.433599413,CIRCUIT_OPEN,2026-09-05T00:04:59.631798Z
adf0445d-ed61-4de2-9f22-0003957ad735,run1_rep1,C,OPEN,OPEN,request,CACHE,HIT,0.023874999897088856,0.47466599971812684,INFO,adaptador.request,false,degradado,0.3971660007664468,9396.453085955,9396.453536746,9396.45306208,9396.453483121,CIRCUIT_OPEN,2026-09-05T00:04:59.651694Z
f04930f1-68d6-467b-a727-2ca7ca0ebd35,run1_rep1,C,OPEN,OPEN,request,CACHE,HIT,0.06379200021910947,0.725041998521192,INFO,adaptador.request,false,degradado,0.5737909996241797,9396.555022955,9396.555684205,9396.554959163,9396.555596746,CIRCUIT_OPEN,2026-09-05T00:04:59.753870Z
beae77fe-7dee-4954-b436-32cdc5980e20,run1_rep1,C,OPEN,OPEN,request,CACHE,HIT,0.04579099913826212,0.7052910004858859,INFO,adaptador.request,false,degradado,0.5564590010180837,9396.635365371,9396.636024871,9396.63531958,9396.63592183,CIRCUIT_OPEN,2026-09-05T00:04:59.834221Z
57927b35-d64c-467e-9fc3-687f87b126a9,run1_rep1,C,OPEN,OPEN,request,CACHE,HIT,0.04491700019570999,0.7168749998527346,INFO,adaptador.request,false,degradado,0.5806669996673008,9396.742473288,9396.743145246,9396.742428371,9396.743053955,CIRCUIT_OPEN,2026-09-05T00:04:59.941322Z
84e96a52-5e09-448f-b9e9-66275f950922,run1_rep1,C,OPEN,OPEN,request,CACHE,HIT,0.03683399881992955,0.617874999079504,INFO,adaptador.request,false,degradado,0.4931250005029142,9396.77045158,9396.771032621,9396.770414746,9396.770944705,CIRCUIT_OPEN,2026-09-05T00:04:59.969199Z
ef043fc0-b70d-43cc-90e4-c72e90c88e01,run1_rep1,C,OPEN,OPEN,request,CACHE,HIT,0.03325000034237746,0.5807910001749406,INFO,adaptador.request,false,degradado,0.487375000375323,9396.78176758,9396.782315121,9396.78173433,9396.782254955,CIRCUIT_OPEN,2026-09-05T00:04:59.980472Z
7d75c5fb-d07b-41b6-9b89-c715045193d9,run1_rep1,C,OPEN,OPEN,request,CACHE,HIT,0.05279200013319496,0.7934580007713521,INFO,adaptador.request,false,degradado,0.6532500010507647,9396.81396208,9396.814702746,9396.813909288,9396.81461533,CIRCUIT_OPEN,2026-09-05T00:05:00.012869Z
6c8698c7-22be-4540-a922-68bf4023aacb,run1_rep1,C,OPEN,OPEN,request,CACHE,HIT,0.03825000021606684,0.6847080003353767,INFO,adaptador.request,false,degradado,0.5612080003629671,9396.86080258,9396.861449038,9396.86076433,9396.861363788,CIRCUIT_OPEN,2026-09-05T00:05:00.059637Z
03a61cd6-1eed-4833-a249-af3127c2d0e8,run1_rep1,C,OPEN,OPEN,request,CACHE,HIT,0.05095899905427359,0.8005839990801178,INFO,adaptador.request,false,degradado,0.6558330005645985,9396.948945122,9396.949694747,9396.948894163,9396.949600955,CIRCUIT_OPEN,2026-09-05T00:05:00.147879Z
fe0d5b3e-ebd4-409d-82d9-cb217ddb90f0,run1_rep1,C,OPEN,OPEN,request,CACHE,HIT,0.042208999730064534,0.6621669999731239,INFO,adaptador.request,false,degradado,0.5319159990904154,9397.033306497,9397.033926455,9397.033264288,9397.033838413,CIRCUIT_OPEN,2026-09-05T00:05:00.232128Z
30775f94-61dd-4012-b624-d36acbee1acc,run1_rep1,C,OPEN,OPEN,request,CACHE,HIT,0.020375000531203113,1.6091670004243497,INFO,adaptador.request,false,degradado,1.5394579986605095,9397.057268455,9397.058857247,9397.05724808,9397.058807913,CIRCUIT_OPEN,2026-09-05T00:05:00.257022Z
6a646253-d404-48a6-b9e0-09dd4b513404,run1_rep1,C,OPEN,OPEN,request,CACHE,HIT,0.04183300006843638,1.767416999427951,INFO,adaptador.request,false,degradado,1.651459000640898,9397.056832413,9397.058557997,9397.05679058,9397.058483872,CIRCUIT_OPEN,2026-09-05T00:05:00.257305Z
040db9bd-519b-4ae5-abe9-79f967dafd01,run1_rep1,C,OPEN,OPEN,request,CACHE,HIT,0.0184580003406154,1.7201249993377132,INFO,adaptador.request,false,degradado,1.661333999436465,9397.057864663,9397.05956633,9397.057846205,9397.059525997,CIRCUIT_OPEN,2026-09-05T00:05:00.258038Z
cd98ad1f-af2d-4e35-acbd-c2eea2be5ed9,run1_rep1,C,OPEN,OPEN,request,CACHE,HIT,0.046958000893937424,0.7176250001066364,INFO,adaptador.request,false,degradado,0.5780829997092951,9397.13045658,9397.131127247,9397.130409622,9397.131034663,CIRCUIT_OPEN,2026-09-05T00:05:00.329306Z
d13ba6fa-2e50-4e3c-9683-5b2de5daab6b,run1_rep1,C,OPEN,OPEN,request,CACHE,HIT,0.03312499939056579,0.5817090004711645,INFO,adaptador.request,false,degradado,0.4876670009252848,9397.165552788,9397.166101372,9397.165519663,9397.166040455,CIRCUIT_OPEN,2026-09-05T00:05:00.364268Z
dcdb0d33-328c-42d9-8c63-33b0f22f1181,run1_rep1,C,OPEN,OPEN,request,CACHE,HIT,0.05012499968870543,0.6887919989821967,INFO,adaptador.request,false,degradado,0.561250000828295,9397.205973413,9397.20661208,9397.205923288,9397.206534663,CIRCUIT_OPEN,2026-09-05T00:05:00.404797Z
11510bc3-e4d3-4b4d-b226-f49302869ed8,run1_rep1,C,OPEN,OPEN,request,CACHE,HIT,0.049875001423060894,0.8157500014931429,INFO,adaptador.request,false,degradado,0.6812920000811573,9397.291760538,9397.292526413,9397.291710663,9397.29244183,CIRCUIT_OPEN,2026-09-05T00:05:00.490709Z
fe9e3121-b89e-4b99-8039-f822c9305f64,run1_rep1,C,OPEN,OPEN,request,CACHE,HIT,0.038583000787184574,0.6434160004573641,INFO,adaptador.request,false,degradado,0.5389999987528427,9397.31948933,9397.320094163,9397.319450747,9397.32002833,CIRCUIT_OPEN,2026-09-05T00:05:00.518264Z
d0e87270-fd42-480d-8832-72bb1b660773,run1_rep1,C,OPEN,OPEN,request,CACHE,HIT,0.039000000469968654,0.7581660011055646,INFO,adaptador.request,false,degradado,0.6227909998415271,9397.442830872,9397.443550038,9397.442791872,9397.443453663,CIRCUIT_OPEN,2026-09-05T00:05:00.641737Z
4186b9ae-8dd9-481b-a52c-2fd90af223d8,run1_rep1,C,OPEN,OPEN,request,CACHE,HIT,0.028791999284294434,0.7917080001789145,INFO,adaptador.request,false,degradado,0.6337909999274416,9397.457304372,9397.458067288,9397.45727558,9397.457938163,CIRCUIT_OPEN,2026-09-05T00:05:00.656274Z
b160b9b4-b882-4e24-a64d-9272da49afd2,run1_rep1,C,OPEN,OPEN,request,CACHE,HIT,0.048040999899967574,0.7201659991551423,INFO,adaptador.request,false,degradado,0.5995840001560282,9397.510490163,9397.511162288,9397.510442122,9397.511089747,CIRCUIT_OPEN,2026-09-05T00:05:00.709339Z
c451e815-efa9-4cf2-9021-17eabcc661b0,run1_rep1,C,OPEN,OPEN,request,CACHE,HIT,0.03575000118871685,0.594541999817011,INFO,adaptador.request,false,degradado,0.4996249990654178,9397.536371497,9397.536930289,9397.536335747,9397.536871122,CIRCUIT_OPEN,2026-09-05T00:05:00.735116Z
5245fe27-442f-438c-8469-44db64a09906,run1_rep1,C,OPEN,OPEN,request,CACHE,HIT,0.04879200059804134,0.5842080008733319,INFO,adaptador.request,false,degradado,0.4639159997168463,9397.547029789,9397.547565205,9397.546980997,9397.547493705,CIRCUIT_OPEN,2026-09-05T00:05:00.745728Z
049e8d7f-0375-425e-a797-abe805c99ff6,run1_rep1,C,OPEN,OPEN,request,CACHE,HIT,0.0430410000262782,0.8390410002903081,INFO,adaptador.request,false,degradado,0.7184169990068767,9397.58140108,9397.58219708,9397.581358039,9397.582119497,CIRCUIT_OPEN,2026-09-05T00:05:00.780384Z
ee1e5d6f-c109-4a38-9b8c-7e49344fe64c,run1_rep1,C,OPEN,OPEN,request,CACHE,HIT,0.01995799902942963,0.45729200064670295,INFO,adaptador.request,false,degradado,0.3893750017596176,9397.59365858,9397.594095914,9397.593638622,9397.594047955,CIRCUIT_OPEN,2026-09-05T00:05:00.792255Z
b5193726-c235-4d89-af9e-87038f33e93b,run1_rep1,C,OPEN,OPEN,request,CACHE,HIT,0.020833000235143118,0.41737500032468233,INFO,adaptador.request,false,degradado,0.3431249988352647,9397.60850358,9397.608900122,9397.608482747,9397.608846705,CIRCUIT_OPEN,2026-09-05T00:05:00.807043Z
243e70b1-edea-4556-82d2-8b61d4997449,run1_rep1,C,OPEN,OPEN,request,CACHE,HIT,0.05012500150769483,0.853667001138092,INFO,adaptador.request,false,degradado,0.6971669990889495,9397.690552497,9397.691356039,9397.690502372,9397.691249664,CIRCUIT_OPEN,2026-09-05T00:05:00.889560Z
e0d327ce-e060-41c6-b111-5b0881d3f28e,run1_rep1,C,OPEN,OPEN,request,CACHE,HIT,0.030749999496038072,0.6504579996544635,INFO,adaptador.request,false,degradado,0.5266250009299256,9397.695430164,9397.696049872,9397.695399414,9397.695956789,CIRCUIT_OPEN,2026-09-05T00:05:00.894240Z
727e6a98-4423-48ef-b58e-e845f39ca6cc,run1_rep1,C,OPEN,OPEN,request,CACHE,HIT,0.04054099917993881,0.8465829996566754,INFO,adaptador.request,false,degradado,0.7029589996818686,9397.771109955,9397.771915997,9397.771069414,9397.771812914,CIRCUIT_OPEN,2026-09-05T00:05:00.970126Z
bc19e501-e36c-4ac3-adc6-90701a12e38d,run1_rep1,C,OPEN,OPEN,request,CACHE,HIT,0.03895900044881273,1.1430840004322818,INFO,adaptador.request,false,degradado,1.027791000524303,9397.817352914,9397.818457039,9397.817313955,9397.818380705,CIRCUIT_OPEN,2026-09-05T00:05:01.016899Z
8867419a-95a0-4486-aaa0-819bed70db2d,run1_rep1,C,OPEN,OPEN,request,CACHE,HIT,0.021124998966115527,0.9024999999382999,INFO,adaptador.request,false,degradado,0.8352500008186325,9397.81784733,9397.818728705,9397.817826205,9397.81868258,CIRCUIT_OPEN,2026-09-05T00:05:01.017195Z
1224cae2-00fa-4882-995d-51b02f69b151,run1_rep1,C,OPEN,OPEN,request,CACHE,HIT,0.02912499985541217,0.5921249994571554,INFO,adaptador.request,false,degradado,0.4834159990423359,9397.825782664,9397.826345664,9397.825753539,9397.82626608,CIRCUIT_OPEN,2026-09-05T00:05:01.024529Z
ae76ce2b-ce94-41d8-8d4f-298e9e5e37dd,run1_rep1,C,OPEN,OPEN,request,CACHE,HIT,0.03837500116787851,0.6599999996979022,INFO,adaptador.request,false,degradado,0.5389169982663589,9397.896555372,9397.897176997,9397.896516997,9397.897094289,CIRCUIT_OPEN,2026-09-05T00:05:01.095351Z
619c2c69-5c0a-4031-b044-9c8e52a02c59,run1_rep1,C,OPEN,OPEN,request,CACHE,HIT,0.02350000067963265,0.9695829994598171,INFO,adaptador.request,false,degradado,0.8927079998102272,9397.897946872,9397.898892955,9397.897923372,9397.89883958,CIRCUIT_OPEN,2026-09-05T00:05:01.097548Z
dc056e3c-d8d0-48da-9fc4-b561faa87583,run1_rep1,C,OPEN,OPEN,request,CACHE,HIT,0.016332998711732216,0.9223329998349072,INFO,adaptador.request,false,degradado,0.8612080000602873,9397.898466247,9397.899372247,9397.898449914,9397.899327455,CIRCUIT_OPEN,2026-09-05T00:05:01.097843Z
3b100812-f87e-4c8c-978a-55a2a2f784f6,run1_rep1,C,OPEN,OPEN,request,CACHE,HIT,0.045500000851461664,0.7843750008760253,INFO,adaptador.request,false,degradado,0.6424999992304947,9397.974637497,9397.975376372,9397.974591997,9397.975279997,CIRCUIT_OPEN,2026-09-05T00:05:01.173565Z
78025a6a-a7df-4560-a545-5265cc1497b3,run1_rep1,C,OPEN,OPEN,request,CACHE,HIT,0.04054199962411076,0.7097079997038236,INFO,adaptador.request,false,degradado,0.5792080009996425,9398.052586539,9398.053255705,9398.052545997,9398.053165747,CIRCUIT_OPEN,2026-09-05T00:05:01.251439Z
444703f4-b43f-455a-a820-dc63f41649fd,run1_rep1,C,OPEN,OPEN,request,CACHE,HIT,0.0329590002365876,1.3240839998616138,INFO,adaptador.request,false,degradado,1.187707999633858,9398.058129039,9398.059420164,9398.05809608,9398.059316747,CIRCUIT_OPEN,2026-09-05T00:05:01.258578Z
6f459953-d739-4718-a8a1-03b0b05d78e1,run1_rep1,C,OPEN,OPEN,request,CACHE,HIT,0.01462500040361192,1.8759590002446203,INFO,adaptador.request,false,degradado,1.7945419986062916,9398.058493705,9398.060355039,9398.05847908,9398.060288247,CIRCUIT_OPEN,2026-09-05T00:05:01.258991Z
e9653ee3-4a51-4f78-b69c-768888fe50dd,run1_rep1,C,OPEN,OPEN,request,CACHE,HIT,0.0284590005321661,1.4065420000406448,INFO,adaptador.request,false,degradado,1.3345829993340885,9398.060218164,9398.061596247,9398.060189705,9398.061552747,CIRCUIT_OPEN,2026-09-05T00:05:01.260412Z
13afcc06-7fb2-42a0-9810-e915d0184ffd,run1_rep1,C,OPEN,OPEN,request,CACHE,HIT,0.044249998609302565,0.6373749984049937,INFO,adaptador.request,false,degradado,0.5333340013748966,9398.13314083,9398.133733955,9398.13309658,9398.133674164,CIRCUIT_OPEN,2026-09-05T00:05:01.331893Z
740f13c6-3b4b-4851-850f-0b6039985f93,run1_rep1,C,OPEN,OPEN,request,CACHE,HIT,0.04108300163352396,0.5896660004509613,INFO,adaptador.request,false,degradado,0.4665829983423464,9398.160167997,9398.16071658,9398.160126914,9398.16063458,CIRCUIT_OPEN,2026-09-05T00:05:01.358902Z
606f9a4a-376e-444b-9095-e70e25bcbd9b,run1_rep1,C,OPEN,OPEN,request,CACHE,HIT,0.027957999918726273,0.5008329990232596,INFO,adaptador.request,false,degradado,0.4059999992023222,9398.165382122,9398.165854997,9398.165354164,9398.165788122,CIRCUIT_OPEN,2026-09-05T00:05:01.364029Z
d9b068f3-cb74-4dd0-8f6e-3fdef667ef88,run1_rep1,C,OPEN,OPEN,request,CACHE,HIT,0.03429100070206914,0.62866600092093,INFO,adaptador.request,false,degradado,0.5175419992156094,9398.189519955,9398.19011433,9398.189485664,9398.190037497,CIRCUIT_OPEN,2026-09-05T00:05:01.388285Z
64be5e83-0974-455c-8159-f71681fbab42,run1_rep1,C,OPEN,OPEN,request,CACHE,HIT,0.026625000828062184,0.7710830013820669,INFO,adaptador.request,false,degradado,0.6781659994885558,9398.194869789,9398.195614247,9398.194843164,9398.195547955,CIRCUIT_OPEN,2026-09-05T00:05:01.393786Z
dda30275-fc7b-405a-9ffb-efbd78899930,run1_rep1,C,OPEN,OPEN,request,CACHE,HIT,0.013584000043920241,0.8201670007110806,INFO,adaptador.request,false,degradado,0.7657080004719319,9398.195492289,9398.196298872,9398.195478705,9398.196257997,CIRCUIT_OPEN,2026-09-05T00:05:01.394629Z
098495a1-983c-4cf5-b7d3-5c83d21c4d57,run1_rep1,C,OPEN,OPEN,request,CACHE,HIT,0.030749999496038072,0.655874999210937,INFO,adaptador.request,false,degradado,0.5697500000678701,9398.236849039,9398.237474164,9398.236818289,9398.237418789,CIRCUIT_OPEN,2026-09-05T00:05:01.435630Z
29de38b4-198e-4ec9-836d-e0bda28a4400,run1_rep1,C,OPEN,OPEN,request,CACHE,HIT,0.030875000447849743,0.5656250013998942,INFO,adaptador.request,false,degradado,0.44949999937671237,9398.281531289,9398.282066039,9398.281500414,9398.281980789,CIRCUIT_OPEN,2026-09-05T00:05:01.480262Z
de5000dc-5f75-4243-b6ae-475b25fe93bc,run1_rep1,C,OPEN,OPEN,request,CACHE,HIT,0.03616600042732898,0.6117079992691288,INFO,adaptador.request,false,degradado,0.48704199980420526,9398.317500872,9398.318076414,9398.317464706,9398.317987914,CIRCUIT_OPEN,2026-09-05T00:05:01.516247Z
10f3481f-6b50-439c-bbd7-60ae92ac5b50,run1_rep1,C,OPEN,OPEN,request,CACHE,HIT,0.03325000034237746,0.5143329999555135,INFO,adaptador.request,false,degradado,0.418416000684374,9398.327620831,9398.328101914,9398.327587581,9398.328039247,CIRCUIT_OPEN,2026-09-05T00:05:01.526267Z
7884543a-17bd-4e0e-82e0-9d8487060c17,run1_rep1,C,OPEN,OPEN,request,CACHE,HIT,0.03379200097697321,0.8083339998847805,INFO,adaptador.request,false,degradado,0.7102079998730915,9398.382623539,9398.383398081,9398.382589747,9398.383333747,CIRCUIT_OPEN,2026-09-05T00:05:01.581566Z
24f089cf-dcb7-446d-bad7-4e350d7be35a,run1_rep1,C,OPEN,OPEN,request,CACHE,HIT,0.015166999219218269,0.7772919998387806,INFO,adaptador.request,false,degradado,0.7138330001907889,9398.383237789,9398.383999914,9398.383222622,9398.383951622,CIRCUIT_OPEN,2026-09-05T00:05:01.582327Z
4775ece7-bfc3-4b3d-aa3b-645fb65628ff,run1_rep1,C,OPEN,OPEN,request,CACHE,HIT,0.03745799949683715,0.6862909995106747,INFO,adaptador.request,false,degradado,0.5752080014644889,9398.442658539,9398.443307372,9398.442621081,9398.443233747,CIRCUIT_OPEN,2026-09-05T00:05:01.641490Z
b0941e55-6ef4-4417-9ea4-e6f7e5e6ee67,run1_rep1,C,OPEN,OPEN,request,CACHE,HIT,0.02233300074294675,0.5264999999781139,INFO,adaptador.request,false,degradado,0.43320799886714667,9398.459098289,9398.459602456,9398.459075956,9398.459531497,CIRCUIT_OPEN,2026-09-05T00:05:01.657777Z
0e9bc468-edb9-409d-86c2-a4ef6c676177,run1_rep1,C,OPEN,OPEN,request,CACHE,HIT,0.04045799869345501,0.7172499990701908,INFO,adaptador.request,false,degradado,0.6069170012779068,9398.482455164,9398.483131956,9398.482414706,9398.483062081,CIRCUIT_OPEN,2026-09-05T00:05:01.681301Z
781c7e5c-15b6-44ad-bd8b-c7d29a387105,run1_rep1,C,OPEN,OPEN,request,CACHE,HIT,0.021083000319777057,0.47983299918996636,INFO,adaptador.request,false,degradado,0.4033329987578327,9398.500802414,9398.501261164,9398.500781331,9398.501205747,CIRCUIT_OPEN,2026-09-05T00:05:01.699415Z
47dad200-cde2-4be4-9bd4-00cb1e03c04f,run1_rep1,C,OPEN,OPEN,request,CACHE,HIT,0.04570900091493968,0.759167000069283,INFO,adaptador.request,false,degradado,0.6334579993563239,9398.552464581,9398.553178039,9398.552418872,9398.553098039,CIRCUIT_OPEN,2026-09-05T00:05:01.751367Z
c1bc7e01-d9c6-4731-997e-b5c1094c99f4,run1_rep1,C,OPEN,OPEN,request,CACHE,HIT,0.020958999812137336,1.3114169996697456,INFO,adaptador.request,false,degradado,1.2362500001472654,9398.566342206,9398.567632664,9398.566321247,9398.567578456,CIRCUIT_OPEN,2026-09-05T00:05:01.766273Z
1d69337f-a2ae-4cf4-b9cc-691f80bb2f91,run1_rep1,C,OPEN,OPEN,request,CACHE,HIT,0.04841599911742378,0.888749998921412,INFO,adaptador.request,false,degradado,0.7890420001785969,9398.567024872,9398.567865206,9398.566976456,9398.567813914,CIRCUIT_OPEN,2026-09-05T00:05:01.766532Z
6a78cda0-46a5-4543-80a6-b35f1010dd85,run1_rep1,C,OPEN,OPEN,request,CACHE,HIT,0.04391699985717423,2.3107090000848984,INFO,adaptador.request,false,degradado,2.2297079995041713,9398.565841914,9398.568108706,9398.565797997,9398.568071622,CIRCUIT_OPEN,2026-09-05T00:05:01.766767Z
6a3a9538-76bf-4c10-bd7a-71e78604a4f3,run1_rep1,C,OPEN,OPEN,request,CACHE,HIT,0.044209000407136045,0.6915840003784979,INFO,adaptador.request,false,degradado,0.5677079989254707,9398.607324331,9398.607971706,9398.607280122,9398.607892039,CIRCUIT_OPEN,2026-09-05T00:05:01.806166Z
c085e9cc-a570-4704-9921-c2f62dad9fed,run1_rep1,C,OPEN,OPEN,request,CACHE,HIT,0.05454100028146058,1.3014579999435227,INFO,adaptador.request,false,degradado,1.155542000560672,9398.711494997,9398.712741914,9398.711440456,9398.712650539,CIRCUIT_OPEN,2026-09-05T00:05:01.911189Z
b76ef1da-8a12-4faa-a81d-75bf9f432889,run1_rep1,C,OPEN,OPEN,request,CACHE,HIT,0.04083299972990062,1.0252499996568076,INFO,adaptador.request,false,degradado,0.9255000004486647,9398.712031789,9398.713016206,9398.711990956,9398.712957289,CIRCUIT_OPEN,2026-09-05T00:05:01.911518Z
ed6e0944-c50a-427d-af1c-33a19ae77d28,run1_rep1,C,OPEN,OPEN,request,CACHE,HIT,0.05308300023898482,1.0043330003099982,INFO,adaptador.request,false,degradado,0.7887079991633072,9398.744141289,9398.745092539,9398.744088206,9398.744929997,CIRCUIT_OPEN,2026-09-05T00:05:01.943321Z
ddd66e25-6cf3-4007-867a-73a4456c8f4e,run1_rep1,C,OPEN,OPEN,request,CACHE,HIT,0.025707999157020822,0.5271249992802041,INFO,adaptador.request,false,degradado,0.4375830012577353,9398.746919664,9398.747421081,9398.746893956,9398.747357247,CIRCUIT_OPEN,2026-09-05T00:05:01.945601Z
94c6da2b-b04f-4911-aabd-187ff4c7275f,run1_rep1,C,OPEN,OPEN,request,CACHE,HIT,0.04824999996344559,0.7982919996720739,INFO,adaptador.request,false,degradado,0.6339999999909196,9398.825346539,9398.826096581,9398.825298289,9398.825980539,CIRCUIT_OPEN,2026-09-05T00:05:02.024277Z
2447e6c0-3a18-483e-9c20-eaccaded7173,run1_rep1,C,OPEN,OPEN,request,CACHE,HIT,0.0547500003449386,0.9837090001383331,INFO,adaptador.request,false,degradado,0.8527919999323785,9398.833903122,9398.834832081,9398.833848372,9398.834755914,CIRCUIT_OPEN,2026-09-05T00:05:02.033015Z
31c12d8b-8666-4b06-845b-8e1dd8c6fcb1,run1_rep1,C,OPEN,OPEN,request,CACHE,HIT,0.04970800000592135,0.6642500011366792,INFO,adaptador.request,false,degradado,0.5358340004022466,9398.873172122,9398.873786664,9398.873122414,9398.873707956,CIRCUIT_OPEN,2026-09-05T00:05:02.071968Z
3a0cccb0-d4de-400f-9599-6be8507ab5b6,run1_rep1,C,OPEN,OPEN,request,CACHE,HIT,0.03137500061711762,0.5528750007215422,INFO,adaptador.request,false,degradado,0.45245799992699176,9398.882831539,9398.883353039,9398.882800164,9398.883283997,CIRCUIT_OPEN,2026-09-05T00:05:02.081528Z
f36146dc-0179-4779-b7ec-9243f4377e2a,run1_rep1,C,OPEN,OPEN,request,CACHE,HIT,0.03137500061711762,0.5378749992814846,INFO,adaptador.request,false,degradado,0.4429579985298915,9398.895694414,9398.896200914,9398.895663039,9398.896137372,CIRCUIT_OPEN,2026-09-05T00:05:02.094364Z
3f14cf1b-34d3-47dc-ac6c-b6389a9748b6,run1_rep1,C,OPEN,OPEN,request,CACHE,HIT,0.054707999879610725,0.7549999991169898,INFO,adaptador.request,false,degradado,0.6195829992066137,9398.942143581,9398.942843873,9398.942088873,9398.942763164,CIRCUIT_OPEN,2026-09-05T00:05:02.141013Z
7e1b36af-bc85-48cb-a387-f2484f1a4a8e,run1_rep1,C,OPEN,OPEN,request,CACHE,HIT,0.03625000135798473,0.9120830000028946,INFO,adaptador.request,false,degradado,0.7968329991854262,9398.970522998,9398.971398831,9398.970486748,9398.971319831,CIRCUIT_OPEN,2026-09-05T00:05:02.169588Z
2dcb58d9-21da-4a00-9f02-aec140ca60a1,run1_rep1,C,OPEN,OPEN,request,CACHE,HIT,0.024625000150990672,0.8261250004579779,INFO,adaptador.request,false,degradado,0.7359579994954402,9398.971220206,9398.972021706,9398.971195581,9398.971956164,CIRCUIT_OPEN,2026-09-05T00:05:02.170370Z
7b41164c-9c2e-40ff-8657-549e03340238,run1_rep1,C,OPEN,OPEN,request,CACHE,HIT,0.04612500015355181,0.6754589994670823,INFO,adaptador.request,false,degradado,0.5515419998118887,9399.051113289,9399.051742623,9399.051067164,9399.051664831,CIRCUIT_OPEN,2026-09-05T00:05:02.249917Z
1f8ab838-c815-4f60-938e-f6ac1a7b82db,run1_rep1,C,OPEN,OPEN,request,CACHE,HIT,0.03433299934840761,0.7188749987108167,INFO,adaptador.request,false,degradado,0.6035419992258539,9399.069352331,9399.070036873,9399.069317998,9399.069955873,CIRCUIT_OPEN,2026-09-05T00:05:02.268203Z
cfc7d216-414c-419d-b8bb-78c2cda1833c,run1_rep1,C,OPEN,OPEN,request,CACHE,HIT,0.047792000259505585,1.2739169997075805,INFO,adaptador.request,false,degradado,1.0076250000565778,9399.173122123,9399.174348248,9399.173074331,9399.174129748,CIRCUIT_OPEN,2026-09-05T00:05:02.372622Z
eee8863e-2c25-4acf-a0f6-03060b68ebb8,run1_rep1,C,OPEN,OPEN,request,CACHE,HIT,0.026833999072550796,0.5599590003839694,INFO,adaptador.request,false,degradado,0.46366599963221233,9399.177827123,9399.178360248,9399.177800289,9399.178290789,CIRCUIT_OPEN,2026-09-05T00:05:02.376539Z
52c002e9-d30e-471b-9713-7c1daf3add77,run1_rep1,C,OPEN,OPEN,request,CACHE,HIT,0.01716699989628978,0.4392499995446997,INFO,adaptador.request,false,degradado,0.3688750002766028,9399.197857081,9399.198279164,9399.197839914,9399.198225956,CIRCUIT_OPEN,2026-09-05T00:05:02.396440Z
26572123-bc5c-4d4e-9ae4-53eba8ad0524,run1_rep1,C,OPEN,OPEN,request,CACHE,HIT,0.022416999854613096,0.3711669996846467,INFO,adaptador.request,false,degradado,0.29933299992990214,9399.217351248,9399.217699998,9399.217328831,9399.217650581,CIRCUIT_OPEN,2026-09-05T00:05:02.415850Z
3db5a40c-0ddd-484b-b5e5-2a372e06ddc0,run1_rep1,C,OPEN,OPEN,request,CACHE,HIT,0.045250000766827725,0.7985840002220357,INFO,adaptador.request,false,degradado,0.6595839986403007,9399.294934289,9399.295687623,9399.294889039,9399.295593873,CIRCUIT_OPEN,2026-09-05T00:05:02.493879Z
4b789568-73f9-4d24-a47f-ae233ed1666e,run1_rep1,C,OPEN,OPEN,request,CACHE,HIT,0.027583999326452613,0.5773339998995652,INFO,adaptador.request,false,degradado,0.4890830005024327,9399.296713998,9399.297263748,9399.296686414,9399.297203081,CIRCUIT_OPEN,2026-09-05T00:05:02.495423Z
78f4e280-9756-466e-8537-c6b3e9954c41,run1_rep1,C,OPEN,OPEN,request,CACHE,HIT,0.030416998924920335,0.6489579991466599,INFO,adaptador.request,false,degradado,0.5432079997262917,9399.302784623,9399.303403164,9399.302754206,9399.303327831,CIRCUIT_OPEN,2026-09-05T00:05:02.501586Z
1371b195-7726-4842-8020-d842aa5d118f,run1_rep1,C,OPEN,OPEN,request,CACHE,HIT,0.022000000171829015,0.428542000008747,INFO,adaptador.request,false,degradado,0.350792000972433,9399.323262789,9399.323669331,9399.323240789,9399.323613581,CIRCUIT_OPEN,2026-09-05T00:05:02.521844Z
826907ef-12f3-44f0-9344-f69428cece4d,run1_rep1,C,OPEN,OPEN,request,CACHE,HIT,0.016667001546011306,0.36054200063517783,INFO,adaptador.request,false,degradado,0.2949579993583029,9399.328113748,9399.328457623,9399.328097081,9399.328408706,CIRCUIT_OPEN,2026-09-05T00:05:02.526610Z
f29bcfad-0cc7-4f52-9af5-35b79b9d0a98,run1_rep1,C,OPEN,OPEN,request,CACHE,HIT,0.03633400046965107,0.6322089993773261,INFO,adaptador.request,false,degradado,0.5232080002315342,9399.371242748,9399.371838623,9399.371206414,9399.371765956,CIRCUIT_OPEN,2026-09-05T00:05:02.570016Z
6a11735a-e715-4110-bbf1-ace840a76027,run1_rep1,C,OPEN,OPEN,request,CACHE,HIT,0.04095799886272289,0.6717079995723907,INFO,adaptador.request,false,degradado,0.5495420009538066,9399.409710331,9399.410341081,9399.409669373,9399.410259873,CIRCUIT_OPEN,2026-09-05T00:05:02.608525Z
0594ba01-b02e-400b-8db4-7619240b7d9b,run1_rep1,C,OPEN,OPEN,request,CACHE,HIT,0.04654199983633589,0.5791669991594972,INFO,adaptador.request,false,degradado,0.46970800030976534,9399.425030998,9399.425563623,9399.424984456,9399.425500706,CIRCUIT_OPEN,2026-09-05T00:05:02.623732Z
c0871ddb-7006-4ee6-a914-c41cab84cf88,run1_rep1,C,OPEN,OPEN,request,CACHE,HIT,0.033958000130951405,0.5240410009719199,INFO,adaptador.request,false,degradado,0.4240420003043255,9399.461293081,9399.461783164,9399.461259123,9399.461717123,CIRCUIT_OPEN,2026-09-05T00:05:02.659959Z
cd56967c-c646-4147-b302-338975678b60,run1_rep1,C,OPEN,OPEN,request,CACHE,HIT,0.041540999518474564,1.0119999988091877,INFO,adaptador.request,false,degradado,0.9058340001502074,9399.482261789,9399.483232248,9399.482220248,9399.483167623,CIRCUIT_OPEN,2026-09-05T00:05:02.681400Z
cc65e573-0271-47e7-9aa3-c53117fce193,run1_rep1,C,OPEN,OPEN,request,CACHE,HIT,0.0474580010632053,0.6645410012424691,INFO,adaptador.request,false,degradado,0.5247919998510042,9399.552452706,9399.553069789,9399.552405248,9399.552977498,CIRCUIT_OPEN,2026-09-05T00:05:02.751236Z
d82aec97-ad4e-4394-9472-dec6bf01ed01,run1_rep1,C,OPEN,OPEN,request,CACHE,HIT,0.03137500061711762,0.530958001036197,INFO,adaptador.request,false,degradado,0.4324159999669064,9399.554892623,9399.555392206,9399.554861248,9399.555325039,CIRCUIT_OPEN,2026-09-05T00:05:02.753558Z
3bebb75a-a579-4fe5-9b84-8366d7f34533,run1_rep1,C,OPEN,OPEN,request,CACHE,HIT,0.04595900099957362,0.8487920003972249,INFO,adaptador.request,false,degradado,0.7358749990089564,9399.567304373,9399.568107206,9399.567258414,9399.568040248,CIRCUIT_OPEN,2026-09-05T00:05:02.766269Z
537f68ff-5070-4080-890e-c2eeb409e3af,run1_rep1,C,OPEN,OPEN,request,CACHE,HIT,0.035041999581153505,0.6309170003078179,INFO,adaptador.request,false,degradado,0.5066249996161787,9399.612600998,9399.613196873,9399.612565956,9399.613107623,CIRCUIT_OPEN,2026-09-05T00:05:02.811388Z
cfe0b34a-94e5-4edd-bab4-530e6c5cbc59,run1_rep1,C,OPEN,OPEN,request,CACHE,HIT,0.03508400004648138,0.5878749998373678,INFO,adaptador.request,false,degradado,0.4841249992750818,9399.646067665,9399.646620456,9399.646032581,9399.64655179,CIRCUIT_OPEN,2026-09-05T00:05:02.844783Z
f7ec767a-30c8-4f11-895a-831c0e20e45f,run1_rep1,C,OPEN,OPEN,request,CACHE,HIT,0.028791999284294434,0.5154169994057156,INFO,adaptador.request,false,degradado,0.41029199928743765,9399.670427248,9399.670913873,9399.670398456,9399.67083754,CIRCUIT_OPEN,2026-09-05T00:05:02.869105Z
4e32251d-d72b-4626-af7c-42e7d5f8f43a,run1_rep1,C,OPEN,OPEN,request,CACHE,HIT,0.034209000659757294,0.5657500005327165,INFO,adaptador.request,false,degradado,0.4446659986570012,9399.71651779,9399.717049331,9399.716483581,9399.716962456,CIRCUIT_OPEN,2026-09-05T00:05:02.915220Z
197d3c0a-68ae-418e-8543-836e0bdcc4a6,run1_rep1,C,OPEN,OPEN,request,CACHE,HIT,0.039542001104564406,1.1745419997168938,INFO,adaptador.request,false,degradado,1.0702500003390014,9399.752121248,9399.753256248,9399.752081706,9399.753191498,CIRCUIT_OPEN,2026-09-05T00:05:02.951690Z
b018e267-cbdc-4bc9-8810-b561b82da6e5,run1_rep1,C,OPEN,OPEN,request,CACHE,HIT,0.022332998923957348,0.7850419988244539,INFO,adaptador.request,false,degradado,0.7266669999808073,9399.752767331,9399.75353004,9399.752744998,9399.753493998,CIRCUIT_OPEN,2026-09-05T00:05:02.951951Z
4e74ed22-ceca-4a34-bd50-23a7a03e2e4d,run1_rep1,C,OPEN,OPEN,request,CACHE,HIT,0.03408399970794562,0.557708999622264,INFO,adaptador.request,false,degradado,0.454791001175181,9399.78610754,9399.786631165,9399.786073456,9399.786562331,CIRCUIT_OPEN,2026-09-05T00:05:02.984807Z
64b17fbb-b251-4da9-a3ca-0e899f4a5f56,run1_rep1,C,OPEN,OPEN,request,CACHE,HIT,0.03449999894655775,0.5947079989709891,INFO,adaptador.request,false,degradado,0.48683299974072725,9399.82674404,9399.827304248,9399.82670954,9399.827230873,CIRCUIT_OPEN,2026-09-05T00:05:03.025470Z
cadd3eb8-4095-4917-bef6-94da3eb2a015,run1_rep1,C,OPEN,OPEN,request,CACHE,HIT,0.0323330004903255,1.0750000001280569,INFO,adaptador.request,false,degradado,0.9416249995410908,9399.831562456,9399.832605123,9399.831530123,9399.832504081,CIRCUIT_OPEN,2026-09-05T00:05:03.030791Z
3d616a98-8487-4c00-92c2-7f7c93153546,run1_rep1,C,OPEN,OPEN,request,CACHE,HIT,0.0369160006812308,0.623291000010795,INFO,adaptador.request,false,degradado,0.5214169996179407,9399.863804581,9399.864390956,9399.863767665,9399.864325998,CIRCUIT_OPEN,2026-09-05T00:05:03.062567Z
2c67acb0-8697-4c5b-893a-ca7150bde92f,run1_rep1,C,OPEN,OPEN,request,CACHE,HIT,0.030459001209237613,0.7936250003695022,INFO,adaptador.request,false,degradado,0.6894159996591043,9399.88064504,9399.881408206,9399.880614581,9399.881334456,CIRCUIT_OPEN,2026-09-05T00:05:03.079587Z
5fac8dd4-2b97-4ced-a4d6-09837b138126,run1_rep1,C,OPEN,OPEN,request,CACHE,HIT,0.02162500095437281,1.306750000367174,INFO,adaptador.request,false,degradado,1.215958000102546,9399.881270415,9399.88255554,9399.88124879,9399.882486373,CIRCUIT_OPEN,2026-09-05T00:05:03.080919Z
c61c1f82-ee3e-4384-a51d-158465e89555,run1_rep1,C,OPEN,OPEN,request,CACHE,HIT,0.019916999008273706,0.31629199838789646,INFO,adaptador.request,false,degradado,0.2596670001366874,9399.950695623,9399.950991998,9399.950675706,9399.95095529,CIRCUIT_OPEN,2026-09-05T00:05:03.149134Z
a24de54d-502b-48d5-aad8-67e612ab4283,run1_rep1,C,OPEN,OPEN,request,CACHE,HIT,0.049041998863685876,0.754249998863088,INFO,adaptador.request,false,degradado,0.6172499997774139,9400.054557373,9400.055262581,9400.054508331,9400.055174623,CIRCUIT_OPEN,2026-09-05T00:05:03.253436Z
58ad4b5f-7956-486d-8439-7a1acc5060c3,run1_rep1,C,OPEN,OPEN,request,CACHE,HIT,0.028667000151472166,0.5865839993930422,INFO,adaptador.request,false,degradado,0.4677920005633496,9400.065468998,9400.066026915,9400.065440331,9400.06593679,CIRCUIT_OPEN,2026-09-05T00:05:03.264206Z
b056123a-0b0a-4a98-841e-f62e53fe4680,run1_rep1,C,OPEN,OPEN,request,CACHE,HIT,0.05620800038741436,0.7005000006756745,INFO,adaptador.request,false,degradado,0.5827089989907108,9400.098039581,9400.098683873,9400.097983373,9400.09862229,CIRCUIT_OPEN,2026-09-05T00:05:03.296843Z
82c92bdf-2a20-4fcf-a96b-a07227902f71,run1_rep1,C,OPEN,OPEN,request,CACHE,HIT,0.022750000425730832,0.48483300088264514,INFO,adaptador.request,false,degradado,0.3902080006810138,9400.102823415,9400.103285498,9400.102800665,9400.103213623,CIRCUIT_OPEN,2026-09-05T00:05:03.301470Z
da4f7ab5-2a24-4ad8-a9c0-541a59ecd51c,run1_rep1,C,OPEN,OPEN,request,CACHE,HIT,0.040915998397395015,1.039040998875862,INFO,adaptador.request,false,degradado,0.9166250001726439,9400.176422206,9400.177420331,9400.17638129,9400.177338831,CIRCUIT_OPEN,2026-09-05T00:05:03.375839Z
7a357e4b-871a-44da-a637-fd266bd8b9a6,run1_rep1,C,OPEN,OPEN,request,CACHE,HIT,0.01445800080546178,0.8829580001474824,INFO,adaptador.request,false,degradado,0.8291249996545957,9400.176801206,9400.177669706,9400.176786748,9400.177630331,CIRCUIT_OPEN,2026-09-05T00:05:03.376148Z
987d2b3d-c160-4298-b934-33fe8037e1ca,run1_rep1,C,OPEN,OPEN,request,CACHE,HIT,0.03487499998300336,0.8281669997813879,INFO,adaptador.request,false,degradado,0.7293329999811249,9400.188941998,9400.18973529,9400.188907123,9400.189671331,CIRCUIT_OPEN,2026-09-05T00:05:03.387913Z
245d4341-8588-4736-bc1c-2acba45cc6f7,run1_rep1,C,OPEN,OPEN,request,CACHE,HIT,0.021249999917927198,0.44824999895354267,INFO,adaptador.request,false,degradado,0.3588330000638962,9400.203522248,9400.203949248,9400.203500998,9400.203881081,CIRCUIT_OPEN,2026-09-05T00:05:03.402148Z
910502cb-3af6-4e3b-8ce6-f06db99abf64,run1_rep1,C,OPEN,OPEN,request,CACHE,HIT,0.021541998648899607,0.4351249990577344,INFO,adaptador.request,false,degradado,0.3680000008898787,9400.222916665,9400.223330248,9400.222895123,9400.223284665,CIRCUIT_OPEN,2026-09-05T00:05:03.421483Z
8dfeb44d-d538-4a22-8b12-1fb66acf66e9,run1_rep1,C,OPEN,OPEN,request,CACHE,HIT,0.01637499917706009,0.36433300010685343,INFO,adaptador.request,false,degradado,0.3145829996356042,9400.23063504,9400.230982998,9400.230618665,9400.230949623,CIRCUIT_OPEN,2026-09-05T00:05:03.429133Z
46ca06b4-0347-42ac-a9ed-223194ce6f28,run1_rep1,C,OPEN,OPEN,request,CACHE,HIT,0.046208999265218154,1.104375000068103,INFO,adaptador.request,false,degradado,0.9693330011941725,9400.335496957,9400.336555123,9400.335450748,9400.33646629,CIRCUIT_OPEN,2026-09-05T00:05:03.534989Z
f4b50eae-545f-4c7e-9a9b-0f5797a8286a,run1_rep1,C,OPEN,OPEN,request,CACHE,HIT,0.017499998648418114,0.9074579993466614,INFO,adaptador.request,false,degradado,0.8376250007131603,9400.33593704,9400.336826998,9400.33591954,9400.336774665,CIRCUIT_OPEN,2026-09-05T00:05:03.535277Z
9c672779-930a-459d-83b1-8c0d7e309122,run1_rep1,C,OPEN,OPEN,request,CACHE,HIT,0.051417000577203,1.2158340014138957,INFO,adaptador.request,false,degradado,1.0721250000642613,9400.406210665,9400.407375082,9400.406159248,9400.40728279,CIRCUIT_OPEN,2026-09-05T00:05:03.605544Z
59a98c8c-964a-48a1-b4da-fc78f26afe8f,run1_rep1,C,OPEN,OPEN,request,CACHE,HIT,0.033166999855893664,0.6611669996345881,INFO,adaptador.request,false,degradado,0.5466250004246831,9400.481759457,9400.482387457,9400.48172629,9400.482306082,CIRCUIT_OPEN,2026-09-05T00:05:03.680579Z
68883dba-5a60-448d-9f63-b484da8848fe,run1_rep1,C,OPEN,OPEN,request,CACHE,HIT,0.03391599966562353,1.0354580008424819,INFO,adaptador.request,false,degradado,0.8730839999770978,9400.509083873,9400.510085415,9400.509049957,9400.509956957,CIRCUIT_OPEN,2026-09-05T00:05:03.708263Z
2b15e9f3-fcec-4f31-9a01-7ddb3a9703a4,run1_rep1,C,OPEN,OPEN,request,CACHE,HIT,0.07020900011411868,0.7950839990371605,INFO,adaptador.request,false,degradado,0.6467080002039438,9400.568019082,9400.568743957,9400.567948873,9400.56866579,CIRCUIT_OPEN,2026-09-05T00:05:03.766902Z
30685a6b-6387-4b0a-968e-df3f5253bb66,run1_rep1,C,OPEN,OPEN,request,CACHE,HIT,0.03879100040649064,0.6120409998402465,INFO,adaptador.request,false,degradado,0.5134999992151279,9400.607226123,9400.607799373,9400.607187332,9400.607739623,CIRCUIT_OPEN,2026-09-05T00:05:03.805956Z
febcd64c-e918-4855-ab2c-5babaca1b3d6,run1_rep1,C,OPEN,OPEN,request,CACHE,HIT,0.03537500015227124,0.5486250011017546,INFO,adaptador.request,false,degradado,0.45124999996914994,9400.616169832,9400.616683082,9400.616134457,9400.616621082,CIRCUIT_OPEN,2026-09-05T00:05:03.814847Z
0544007c-e5f4-40f4-b079-296e6541a73e,run1_rep1,C,OPEN,OPEN,request,CACHE,HIT,0.02950000089185778,0.5560419995163102,INFO,adaptador.request,false,degradado,0.4577079998853151,9400.651726165,9400.652252707,9400.651696665,9400.652183873,CIRCUIT_OPEN,2026-09-05T00:05:03.850429Z
0fb9e073-f355-410a-b00d-176c0bb1fac1,run1_rep1,C,OPEN,OPEN,request,CACHE,HIT,0.0384579998353729,0.9072079992620274,INFO,adaptador.request,false,degradado,0.805874999059597,9400.674315123,9400.675183873,9400.674276665,9400.675120998,CIRCUIT_OPEN,2026-09-05T00:05:03.873360Z
83b9c53a-0992-4195-af81-341cd76767b2,run1_rep1,C,OPEN,OPEN,request,CACHE,HIT,0.02099999983329326,0.7759580003039446,INFO,adaptador.request,false,degradado,0.7170410008257022,9400.674998207,9400.675753165,9400.674977207,9400.675715248,CIRCUIT_OPEN,2026-09-05T00:05:03.874056Z
f59e0959-2821-4359-9798-169247546b23,run1_rep1,C,OPEN,OPEN,request,CACHE,HIT,0.028000000384054147,0.501042000905727,INFO,adaptador.request,false,degradado,0.4039590003230842,9400.686786123,9400.687259165,9400.686758123,9400.687190082,CIRCUIT_OPEN,2026-09-05T00:05:03.885421Z
a94e1153-093f-41f8-9ec8-8d4faf513f35,run1_rep1,C,OPEN,OPEN,request,CACHE,HIT,0.045916000090073794,1.4210410008672625,INFO,adaptador.request,false,degradado,1.3197499993111705,9400.774163123,9400.775538248,9400.774117207,9400.775482873,CIRCUIT_OPEN,2026-09-05T00:05:03.973689Z
aceae0fd-59b6-4716-8872-9b89fa5f8f5f,run1_rep1,C,OPEN,OPEN,request,CACHE,HIT,0.01687500116531737,0.7345419999182923,INFO,adaptador.request,false,degradado,0.6342500000755535,9400.774565915,9400.775283582,9400.77454904,9400.775200165,CIRCUIT_OPEN,2026-09-05T00:05:03.973940Z
cb9ab4f3-3dd5-4669-9738-0119462648f8,run1_rep1,C,OPEN,OPEN,request,CACHE,HIT,0.061332999393926,0.8148750002874294,INFO,adaptador.request,false,degradado,0.6626250014960533,9400.90072554,9400.901479082,9400.900664207,9400.901388165,CIRCUIT_OPEN,2026-09-05T00:05:04.099663Z
910d0baa-3984-4243-b1a1-47ff691ff374,run1_rep1,C,OPEN,OPEN,request,CACHE,HIT,0.03233399911550805,0.7064170004014159,INFO,adaptador.request,false,degradado,0.6030410004314035,9400.907295332,9400.907969415,9400.907262998,9400.907898373,CIRCUIT_OPEN,2026-09-05T00:05:04.106183Z
d993945e-38bc-46a4-8029-18ab08b1d562,run1_rep1,C,OPEN,OPEN,request,CACHE,HIT,0.022541998987435363,0.4767089994857088,INFO,adaptador.request,false,degradado,0.4073330001119757,9400.91176679,9400.912220957,9400.911744248,9400.912174123,CIRCUIT_OPEN,2026-09-05T00:05:04.110365Z
9f87aae7-0e04-4a48-bc37-29b2b913e365,run1_rep1,C,OPEN,OPEN,request,CACHE,HIT,0.03758400089282077,0.6009589997120202,INFO,adaptador.request,false,degradado,0.48429099842906,9400.966302082,9400.966865457,9400.966264498,9400.966786373,CIRCUIT_OPEN,2026-09-05T00:05:04.165039Z
4a12c194-24b4-4ed7-af98-38c85b85870c,run1_rep1,C,OPEN,OPEN,request,CACHE,HIT,0.01887500002339948,0.3684579987748293,INFO,adaptador.request,false,degradado,0.3039579987671459,9400.979163665,9400.979513248,9400.97914479,9400.979467623,CIRCUIT_OPEN,2026-09-05T00:05:04.177655Z
e9426911-7676-419e-8e5e-ac95b1f631bc,run1_rep1,C,OPEN,OPEN,request,CACHE,HIT,0.0134170004457701,0.3235000003769528,INFO,adaptador.request,false,degradado,0.25845799973467365,9400.983455457,9400.98376554,9400.98344204,9400.983713915,CIRCUIT_OPEN,2026-09-05T00:05:04.181921Z
2a01de7d-cdea-488e-8110-5d7a1ee49eec,run1_rep1,C,OPEN,OPEN,request,CACHE,HIT,0.01741699998092372,0.31445800050278194,INFO,adaptador.request,false,degradado,0.25875000028463546,9400.990463582,9400.990760623,9400.990446165,9400.990722332,CIRCUIT_OPEN,2026-09-05T00:05:04.188898Z
4a5e74fa-c839-4001-b150-ca4b53d211a8,run1_rep1,C,OPEN,OPEN,request,CACHE,HIT,0.014375000318977982,0.3348339996591676,INFO,adaptador.request,false,degradado,0.277584000286879,9401.018404123,9401.018724582,9401.018389748,9401.018681707,CIRCUIT_OPEN,2026-09-05T00:05:04.216873Z
9d22fbdf-12a7-44a6-9050-42fc33d70884,run1_rep1,C,OPEN,OPEN,request,CACHE,HIT,0.01620799957890995,0.35812500027532224,INFO,adaptador.request,false,degradado,0.2965420007967623,9401.044562832,9401.044904749,9401.044546624,9401.044859374,CIRCUIT_OPEN,2026-09-05T00:05:04.243059Z
42c2d96b-ab1a-418a-b4c0-e0c4a62062e9,run1_rep1,C,OPEN,OPEN,request,CACHE,HIT,0.015790999896125868,0.3365829998074332,INFO,adaptador.request,false,degradado,0.2842919984686887,9401.084175915,9401.084496707,9401.084160124,9401.084460207,CIRCUIT_OPEN,2026-09-05T00:05:04.282645Z
5e28a728-10e9-4b0b-acf3-7eb0619cdd4e,run1_rep1,C,OPEN,OPEN,request,CACHE,HIT,0.02179200055252295,0.49729200145520736,INFO,adaptador.request,false,degradado,0.43620799988275394,9401.086764082,9401.087239582,9401.08674229,9401.08720029,CIRCUIT_OPEN,2026-09-05T00:05:04.285387Z
f0ca5f5e-4798-4815-abc9-30c0d5a0c15b,run1_rep1,C,OPEN,OPEN,request,CACHE,HIT,0.034790999052347615,0.5767499987996416,INFO,adaptador.request,false,degradado,0.47191700105031487,9401.121090915,9401.121632874,9401.121056124,9401.121562832,CIRCUIT_OPEN,2026-09-05T00:05:04.319801Z
3af6499b-092a-4cb1-a83f-383b2b1cd1dd,run1_rep1,C,OPEN,OPEN,request,CACHE,HIT,0.0380000001314329,0.562416000320809,INFO,adaptador.request,false,degradado,0.4515000000537839,9401.151057499,9401.151581915,9401.151019499,9401.151508999,CIRCUIT_OPEN,2026-09-05T00:05:04.349752Z
750a0adf-b51f-456b-9ab1-3745d73cba22,run1_rep1,C,OPEN,OPEN,request,CACHE,HIT,0.034374999813735485,0.6312089990387904,INFO,adaptador.request,false,degradado,0.4832920003536856,9401.17645929,9401.177056124,9401.176424915,9401.176942582,CIRCUIT_OPEN,2026-09-05T00:05:04.375218Z
e0217f0b-1776-497b-942f-01e48d67f59c,run1_rep1,C,OPEN,OPEN,request,CACHE,HIT,0.043166999603272416,0.7044999983918387,INFO,adaptador.request,false,degradado,0.57412499882048,9401.216080832,9401.216742165,9401.216037665,9401.216654957,CIRCUIT_OPEN,2026-09-05T00:05:04.414930Z
0d45ac59-1c87-49d8-aff9-2d98b8eac2eb,run1_rep1,C,OPEN,OPEN,request,CACHE,HIT,0.03533400013111532,0.6619999985559843,INFO,adaptador.request,false,degradado,0.5415830000856658,9401.240874749,9401.241501415,9401.240839415,9401.241416332,CIRCUIT_OPEN,2026-09-05T00:05:04.439691Z
cb8820f5-6852-4964-9f9b-7bd8d1f90d62,run1_rep1,C,OPEN,OPEN,request,CACHE,HIT,0.037125000744708814,0.6087080000725109,INFO,adaptador.request,false,degradado,0.5007500003557652,9401.264402207,9401.26497379,9401.264365082,9401.264902957,CIRCUIT_OPEN,2026-09-05T00:05:04.463169Z
a08301cf-3c82-4840-8cec-fa068fe87d4e,run1_rep1,C,OPEN,OPEN,request,CACHE,HIT,0.0474580010632053,0.7949170012579998,INFO,adaptador.request,false,degradado,0.6757089995517163,9401.362696165,9401.363443624,9401.362648707,9401.363371874,CIRCUIT_OPEN,2026-09-05T00:05:04.561609Z
325cda7c-5e5c-4be8-bc8d-f5fff04e03b2,run1_rep1,C,OPEN,OPEN,request,CACHE,HIT,0.04016700040665455,0.6428329998016125,INFO,adaptador.request,false,degradado,0.5165829988982296,9401.373536499,9401.374139165,9401.373496332,9401.374053082,CIRCUIT_OPEN,2026-09-05T00:05:04.572317Z
c7a4f12b-c61b-480f-8018-f8ba8269b31d,run1_rep1,C,OPEN,OPEN,request,CACHE,HIT,0.030125000193947926,0.6273750004766043,INFO,adaptador.request,false,degradado,0.5353750002541346,9401.38084079,9401.38143804,9401.380810665,9401.381376165,CIRCUIT_OPEN,2026-09-05T00:05:04.579613Z
649a485e-77e9-4ca8-8732-8a0bebb9148c,run1_rep1,C,OPEN,OPEN,request,CACHE,HIT,0.02208399928349536,0.47795899990887847,INFO,adaptador.request,false,degradado,0.38795799991930835,9401.391639624,9401.392095499,9401.39161754,9401.392027582,CIRCUIT_OPEN,2026-09-05T00:05:04.590278Z
cb203df9-b0bc-4c97-a24b-27cf1755351e,run1_rep1,C,OPEN,OPEN,request,CACHE,HIT,0.01620799957890995,0.3759160008485196,INFO,adaptador.request,false,degradado,0.3036250000150176,9401.399686832,9401.40004654,9401.399670624,9401.399990457,CIRCUIT_OPEN,2026-09-05T00:05:04.598201Z
6be68be1-e5e2-465c-8b94-a573e99f1ce5,run1_rep1,C,OPEN,OPEN,request,CACHE,HIT,0.014792000001762062,0.3121249992545927,INFO,adaptador.request,false,degradado,0.2557079988037003,9401.405135499,9401.405432832,9401.405120707,9401.405391207,CIRCUIT_OPEN,2026-09-05T00:05:04.603575Z
a43f7b17-dac7-41e5-ac2f-296e7a22c526,run1_rep1,C,OPEN,OPEN,request,CACHE,HIT,0.014959001418901607,0.33066700052586384,INFO,adaptador.request,false,degradado,0.27637499988486525,9401.437583749,9401.437899457,9401.43756879,9401.437860124,CIRCUIT_OPEN,2026-09-05T00:05:04.636041Z
18266915-ab8e-4ee5-9b05-ec0d22daee2c,run1_rep1,C,OPEN,OPEN,request,CACHE,HIT,0.03375000051164534,0.8286669999506557,INFO,adaptador.request,false,degradado,0.6564169998455327,9401.465918207,9401.466713124,9401.465884457,9401.466574624,CIRCUIT_OPEN,2026-09-05T00:05:04.664965Z
910fef5e-2a33-46e6-981c-c7dbf08b7827,run1_rep1,C,OPEN,OPEN,request,CACHE,HIT,0.045500000851461664,0.8288330009236233,INFO,adaptador.request,false,degradado,0.6541249986184994,9401.489480124,9401.490263457,9401.489434624,9401.490134249,CIRCUIT_OPEN,2026-09-05T00:05:04.688510Z
fbfa45f8-b3fb-4da8-8aa7-24a293a6c30b,run1_rep1,C,OPEN,OPEN,request,CACHE,HIT,0.039041999116307124,0.6412919992726529,INFO,adaptador.request,false,degradado,0.5221249994065147,9401.518215749,9401.518817999,9401.518176707,9401.518737874,CIRCUIT_OPEN,2026-09-05T00:05:04.716996Z
fe470233-0d70-4943-b919-940a9876fc67,run1_rep1,C,OPEN,OPEN,request,CACHE,HIT,0.04816699947696179,0.7396250002784654,INFO,adaptador.request,false,degradado,0.5815000004076865,9401.566358249,9401.567049707,9401.566310082,9401.566939749,CIRCUIT_OPEN,2026-09-05T00:05:04.765224Z
84320652-3ad6-49a6-9fcb-66adfe288209,run1_rep1,C,OPEN,OPEN,request,CACHE,HIT,0.04158400042797439,0.773959000071045,INFO,adaptador.request,false,degradado,0.6280409997998504,9401.660780374,9401.661512749,9401.66073879,9401.661408415,CIRCUIT_OPEN,2026-09-05T00:05:04.859710Z
c7dc94dc-c613-4d4b-bb3b-541d308ebb1f,run1_rep1,C,OPEN,OPEN,request,CACHE,HIT,0.03295799979241565,0.5729999993491219,INFO,adaptador.request,false,degradado,0.4684169998654397,9401.670055332,9401.670595374,9401.670022374,9401.670523749,CIRCUIT_OPEN,2026-09-05T00:05:04.868762Z
6edea150-25eb-481b-856c-c78f5fa63033,run1_rep1,C,OPEN,OPEN,request,CACHE,HIT,0.03237500095565338,0.5627090013149427,INFO,adaptador.request,false,degradado,0.4652499992516823,9401.68460029,9401.685130624,9401.684567915,9401.68506554,CIRCUIT_OPEN,2026-09-05T00:05:04.883298Z
af95f452-f13f-452b-8a73-b783014639e4,run1_rep1,C,OPEN,OPEN,request,CACHE,HIT,0.04120799894735683,0.6000829998811241,INFO,adaptador.request,false,degradado,0.4748330011352664,9401.714436707,9401.714995582,9401.714395499,9401.71491154,CIRCUIT_OPEN,2026-09-05T00:05:04.913200Z
01a63a33-72f5-457f-86e5-17f12752ac5e,run1_rep1,C,OPEN,OPEN,request,CACHE,HIT,0.03658300011011306,0.6546249987877673,INFO,adaptador.request,false,degradado,0.5396249998739222,9401.748888874,9401.749506916,9401.748852291,9401.749428499,CIRCUIT_OPEN,2026-09-05T00:05:04.947694Z
656a7135-de98-453a-812d-211276f32e8a,run1_rep1,C,OPEN,OPEN,request,CACHE,HIT,0.030208000680431724,0.9104170003411127,INFO,adaptador.request,false,degradado,0.8111669994832482,9401.785970082,9401.786850291,9401.785939874,9401.786781249,CIRCUIT_OPEN,2026-09-05T00:05:04.985034Z
776b784d-0c32-4115-9978-c50110245b91,run1_rep1,C,OPEN,OPEN,request,CACHE,HIT,0.02308300099684857,0.8108750007522758,INFO,adaptador.request,false,degradado,0.7365000001300359,9401.786671124,9401.787458916,9401.786648041,9401.787407624,CIRCUIT_OPEN,2026-09-05T00:05:04.985790Z
a5b4f8af-3c83-4416-9614-5ffdd8b7a947,run1_rep1,C,OPEN,OPEN,request,CACHE,HIT,0.032541998734814115,0.6367079986375757,INFO,adaptador.request,false,degradado,0.5240410009719199,9401.795578541,9401.796182707,9401.795545999,9401.796102582,CIRCUIT_OPEN,2026-09-05T00:05:04.994372Z
e5f1bd87-7ac9-42d7-acc4-17647b62f597,run1_rep1,C,OPEN,OPEN,request,CACHE,HIT,0.02391700036241673,0.4956249995302642,INFO,adaptador.request,false,degradado,0.42654199933167547,9401.821425374,9401.821897082,9401.821401457,9401.821851916,CIRCUIT_OPEN,2026-09-05T00:05:05.020050Z
b2fdd4c7-4180-4514-b00f-edcea7d9cefa,run1_rep1,C,OPEN,OPEN,request,CACHE,HIT,0.020542000129353255,0.4698749999079155,INFO,adaptador.request,false,degradado,0.3677080003399169,9401.823603624,9401.824052957,9401.823583082,9401.823971332,CIRCUIT_OPEN,2026-09-05T00:05:05.022231Z
b42bea68-113e-49c0-930a-bd46ede2365a,run1_rep1,C,OPEN,OPEN,request,CACHE,HIT,0.017209000361617655,0.3875420006806962,INFO,adaptador.request,false,degradado,0.31129099988902453,9401.836659416,9401.837029749,9401.836642207,9401.836970707,CIRCUIT_OPEN,2026-09-05T00:05:05.035182Z
0b4a5a4b-4df6-4c8e-8fdb-1cafda55a5ad,run1_rep1,C,OPEN,OPEN,request,CACHE,HIT,0.018166998415836133,0.3774999986490002,INFO,adaptador.request,false,degradado,0.307041000269237,9401.841630541,9401.841989874,9401.841612374,9401.841937582,CIRCUIT_OPEN,2026-09-05T00:05:05.040184Z
663a3297-8e4c-480b-a77a-fa0d92a62f86,run1_rep1,C,OPEN,OPEN,request,CACHE,HIT,0.032500000088475645,0.6822499999543652,INFO,adaptador.request,false,degradado,0.5515409993677167,9401.906424166,9401.907073916,9401.906391666,9401.906975707,CIRCUIT_OPEN,2026-09-05T00:05:05.105244Z
9d0ca050-e79b-47e2-969c-5e8683c14c91,run1_rep1,C,OPEN,OPEN,request,CACHE,HIT,0.0882499989529606,0.775541999246343,INFO,adaptador.request,false,degradado,0.6203329994605156,9401.940055624,9401.940742916,9401.939967374,9401.940675957,CIRCUIT_OPEN,2026-09-05T00:05:05.139139Z
c4b300e0-3aae-4b4c-a591-802eea62a587,run1_rep1,C,OPEN,OPEN,request,CACHE,HIT,0.021750000087195076,0.6523339998238953,INFO,adaptador.request,false,degradado,0.5892919998586876,9402.026758582,9402.027389166,9402.026736832,9402.027347874,CIRCUIT_OPEN,2026-09-05T00:05:05.225707Z
200b067e-953d-49b6-8397-253476a5f86f,run1_rep1,C,OPEN,OPEN,request,CACHE,HIT,0.014999999621068127,0.3999580003437586,INFO,adaptador.request,false,degradado,0.35304199991514906,9402.027178499,9402.027563457,9402.027163499,9402.027531541,CIRCUIT_OPEN,2026-09-05T00:05:05.225917Z
bf329ba8-f235-4854-a5d2-bd98bfd9e808,run1_rep1,C,OPEN,OPEN,request,CACHE,HIT,0.015583000276819803,0.2986250001413282,INFO,adaptador.request,false,degradado,0.2503750001778826,9402.094771999,9402.095055041,9402.094756416,9402.095022374,CIRCUIT_OPEN,2026-09-05T00:05:05.293186Z
b1f15569-1bc5-41d6-a4f7-476172095ae1,run1_rep1,C,OPEN,OPEN,request,CACHE,HIT,0.013667000530404039,0.2884999994421378,INFO,adaptador.request,false,degradado,0.23095799951988738,9402.098577749,9402.098852582,9402.098564082,9402.098808707,CIRCUIT_OPEN,2026-09-05T00:05:05.297003Z
7c35a14e-df38-4d73-bcc6-d0e708b69da3,run1_rep1,C,OPEN,OPEN,request,CACHE,HIT,0.019291001081001014,0.5879159998585237,INFO,adaptador.request,false,degradado,0.5247919998510042,9402.166569957,9402.167138582,9402.166550666,9402.167094749,CIRCUIT_OPEN,2026-09-05T00:05:05.365284Z
498037fb-6746-4e55-8a23-46a1c2ebb506,run1_rep1,C,OPEN,OPEN,request,CACHE,HIT,0.016125000911415555,0.7019170006969944,INFO,adaptador.request,false,degradado,0.6381249986588955,9402.167045624,9402.167731416,9402.167029499,9402.167683749,CIRCUIT_OPEN,2026-09-05T00:05:05.365891Z
ef13b9ed-b043-42e5-9dd8-ae303d71fee9,run1_rep1,C,OPEN,OPEN,request,CACHE,HIT,0.027790998501586728,0.6119999998190906,INFO,adaptador.request,false,degradado,0.5060000003140885,9402.197674832,9402.198259041,9402.197647041,9402.198180832,CIRCUIT_OPEN,2026-09-05T00:05:05.396444Z
2bd810da-c170-46d7-98b4-3dcccd048bf0,run1_rep1,C,OPEN,OPEN,request,CACHE,HIT,0.053249999837134965,1.1430829999881098,INFO,adaptador.request,false,degradado,1.0108330006914912,9402.275871749,9402.276961582,9402.275818499,9402.276882582,CIRCUIT_OPEN,2026-09-05T00:05:05.475163Z
2ec992c5-ffb0-45a9-9300-d9e56ef6f40e,run1_rep1,C,OPEN,OPEN,request,CACHE,HIT,0.023125001462176442,0.8677080004417803,INFO,adaptador.request,false,degradado,0.7962499985296745,9402.276776541,9402.277621124,9402.276753416,9402.277572791,CIRCUIT_OPEN,2026-09-05T00:05:05.475977Z
afb1f0a5-cc51-49c2-9c1b-bf00df487d93,run1_rep1,C,OPEN,OPEN,request,CACHE,HIT,0.0507079985254677,0.7900409982539713,INFO,adaptador.request,false,degradado,0.6273750004766043,9402.339357124,9402.340096457,9402.339306416,9402.339984499,CIRCUIT_OPEN,2026-09-05T00:05:05.538280Z
50e80f85-a87d-478d-975c-1fe3648bc617,run1_rep1,C,OPEN,OPEN,request,CACHE,HIT,0.05100000089441892,0.8874590002960758,INFO,adaptador.request,false,degradado,0.73737499951676,9402.394569082,9402.395405541,9402.394518082,9402.395306457,CIRCUIT_OPEN,2026-09-05T00:05:05.593588Z
d9be1260-5cc1-4584-8c33-72449d38a83b,run1_rep1,C,OPEN,OPEN,request,CACHE,HIT,0.026125000658794306,1.110375000280328,INFO,adaptador.request,false,degradado,1.0281659997417592,9402.471958458,9402.473042708,9402.471932333,9402.472986624,CIRCUIT_OPEN,2026-09-05T00:05:05.671186Z
0bf26cdb-7f75-48d6-96d3-160d34d06249,run1_rep1,C,OPEN,OPEN,request,CACHE,HIT,0.04533299943432212,1.3340000004973263,INFO,adaptador.request,false,degradado,1.198667001517606,9402.471446249,9402.472734916,9402.471400916,9402.472644916,CIRCUIT_OPEN,2026-09-05T00:05:05.671431Z
f731ce82-129d-44ac-81f6-21295ba081e0,run1_rep1,C,OPEN,OPEN,request,CACHE,HIT,0.024041999495238997,0.4283339985704515,INFO,adaptador.request,false,degradado,0.34704199970292393,9402.510558541,9402.510962833,9402.510534499,9402.510905583,CIRCUIT_OPEN,2026-09-05T00:05:05.709119Z
b2176f2f-8345-4a3b-950a-c5f8ca84d122,run1_rep1,C,OPEN,OPEN,request,CACHE,HIT,0.018750000890577212,0.3097909993812209,INFO,adaptador.request,false,degradado,0.25516599998809397,9402.513122333,9402.513413374,9402.513103583,9402.513377499,CIRCUIT_OPEN,2026-09-05T00:05:05.711543Z
af63a108-f902-41b7-bb8a-a278bf68d83d,run1_rep1,C,OPEN,OPEN,request,CACHE,HIT,0.02633300027810037,0.44291699850873556,INFO,adaptador.request,false,degradado,0.3712499983521411,9402.540049749,9402.540466333,9402.540023416,9402.540420999,CIRCUIT_OPEN,2026-09-05T00:05:05.738595Z
d1511c7b-fa87-41eb-9559-1f22de51168c,run1_rep1,C,OPEN,OPEN,request,CACHE,HIT,0.02712499917834066,0.4738329989777412,INFO,adaptador.request,false,degradado,0.38712500099791214,9402.543709958,9402.544156666,9402.543682833,9402.544097083,CIRCUIT_OPEN,2026-09-05T00:05:05.742318Z
b14187d9-880a-4337-906b-6f5126005608,run1_rep1,C,OPEN,OPEN,request,CACHE,HIT,0.04308300049160607,0.6329580010060454,INFO,adaptador.request,false,degradado,0.51095799972245,9402.573440041,9402.574029916,9402.573396958,9402.573950999,CIRCUIT_OPEN,2026-09-05T00:05:05.772193Z
2aa54699-7d28-4898-90db-0e47827ab1fc,run1_rep1,C,OPEN,OPEN,request,CACHE,HIT,0.019124998289044015,0.4372079984023003,INFO,adaptador.request,false,degradado,0.37604200042551383,9402.583347916,9402.583765999,9402.583328791,9402.583723958,CIRCUIT_OPEN,2026-09-05T00:05:05.781900Z
7f17ff99-f18f-4bdb-8ee0-cbbca8b7a38d,run1_rep1,C,OPEN,OPEN,request,CACHE,HIT,0.014666999049950391,0.3781670002354076,INFO,adaptador.request,false,degradado,0.29145799999241717,9402.588357166,9402.588720666,9402.588342499,9402.588648624,CIRCUIT_OPEN,2026-09-05T00:05:05.786905Z
55d6fd21-6d91-43a6-a88a-7d32c95e65c3,run1_rep1,C,OPEN,OPEN,request,CACHE,HIT,0.0317920002999017,0.7585420007671928,INFO,adaptador.request,false,degradado,0.6065830002626171,9402.692701708,9402.693428458,9402.692669916,9402.693308291,CIRCUIT_OPEN,2026-09-05T00:05:05.891624Z
1f7cfd0c-e0e9-498f-99d2-f6c021e08ada,run1_rep1,C,OPEN,OPEN,request,CACHE,HIT,0.022708998585585505,0.4235419983160682,INFO,adaptador.request,false,degradado,0.3392910002730787,9402.695462458,9402.695863291,9402.695439749,9402.695801749,CIRCUIT_OPEN,2026-09-05T00:05:05.894022Z
a1d87388-b502-4195-9c1d-564730f00c6b,run1_rep1,C,OPEN,OPEN,request,CACHE,HIT,0.01687500116531737,0.4506250006670598,INFO,adaptador.request,false,degradado,0.3721249995578546,9402.698234666,9402.698668416,9402.698217791,9402.698606791,CIRCUIT_OPEN,2026-09-05T00:05:05.896841Z
8eaf3b32-98e0-41b0-a270-ccb975b8ef8a,run1_rep1,C,OPEN,OPEN,request,CACHE,HIT,0.042208999730064534,0.6747919996996643,INFO,adaptador.request,false,degradado,0.5681660004484002,9402.734279458,9402.734912041,9402.734237249,9402.734847624,CIRCUIT_OPEN,2026-09-05T00:05:05.933066Z
8caefe71-b9a9-4cb1-93f0-65d8ff49e0fa,run1_rep1,C,OPEN,OPEN,request,CACHE,HIT,0.04416699994180817,0.6282499998633284,INFO,adaptador.request,false,degradado,0.5040830001235008,9402.766181208,9402.766765291,9402.766137041,9402.766685291,CIRCUIT_OPEN,2026-09-05T00:05:05.964949Z
3586ec70-941f-4a30-9129-8b6a10f45629,run1_rep1,C,OPEN,OPEN,request,CACHE,HIT,0.02183299875468947,0.6182499982969603,INFO,adaptador.request,false,degradado,0.5185419995541451,9402.767693749,9402.768290166,9402.767671916,9402.768212291,CIRCUIT_OPEN,2026-09-05T00:05:05.966494Z
54bd8810-652c-4abf-ad5a-92854180fb78,run1_rep1,C,OPEN,OPEN,request,CACHE,HIT,0.04983299913874362,0.7632920005562482,INFO,adaptador.request,false,degradado,0.6283750008151401,9402.812506874,9402.813220333,9402.812457041,9402.813135249,CIRCUIT_OPEN,2026-09-05T00:05:06.011381Z
c5b45a45-2639-4e84-90f1-19c9b1179dfe,run1_rep1,C,OPEN,OPEN,request,CACHE,HIT,0.03320799987704959,1.1622499987424817,INFO,adaptador.request,false,degradado,1.0627079991536448,9402.820424416,9402.821553458,9402.820391208,9402.821487124,CIRCUIT_OPEN,2026-09-05T00:05:06.020026Z
240bd509-7647-460a-8920-a14139d1cc3e,run1_rep1,C,OPEN,OPEN,request,CACHE,HIT,0.013250000847619958,1.0010000005422626,INFO,adaptador.request,false,degradado,0.9475829992879881,9402.820862708,9402.821850458,9402.820849458,9402.821810291,CIRCUIT_OPEN,2026-09-05T00:05:06.020349Z
978a8e8e-c801-42b1-9f27-163a74c2390b,run1_rep1,C,OPEN,OPEN,request,CACHE,HIT,0.036208000892656855,0.6247080000321148,INFO,adaptador.request,false,degradado,0.5104169995320262,9402.904568291,9402.905156791,9402.904532083,9402.905078708,CIRCUIT_OPEN,2026-09-05T00:05:06.103341Z
a9866f18-790a-46f5-969f-561ad3169d3d,run1_rep1,C,OPEN,OPEN,request,CACHE,HIT,0.06174999907671008,0.8422920000157319,INFO,adaptador.request,false,degradado,0.6825830005254829,9402.952675166,9402.953455708,9402.952613416,9402.953357749,CIRCUIT_OPEN,2026-09-05T00:05:06.151643Z
f5d0f533-8690-4698-a330-08b77ac638ec,run1_rep1,C,OPEN,OPEN,request,CACHE,HIT,0.03525000101944897,0.6048750001355074,INFO,adaptador.request,false,degradado,0.489874999402673,9402.980366374,9402.980935999,9402.980331124,9402.980856249,CIRCUIT_OPEN,2026-09-05T00:05:06.179143Z
e59aba0f-dbb7-4cc6-927f-0d77ebc79634,run1_rep1,C,OPEN,OPEN,request,CACHE,HIT,0.03237499913666397,0.5160000000614673,INFO,adaptador.request,false,degradado,0.41829099973256234,9402.989756083,9402.990239708,9402.989723708,9402.990174374,CIRCUIT_OPEN,2026-09-05T00:05:06.188409Z
d718816d-177d-43b5-9a78-06016f3b3ace,run1_rep1,C,OPEN,OPEN,request,CACHE,HIT,0.030583998523070477,0.563958999919123,INFO,adaptador.request,false,degradado,0.471875000584987,9403.009656833,9403.010190208,9403.009626249,9403.010128708,CIRCUIT_OPEN,2026-09-05T00:05:06.208359Z
574f0609-1c85-4d42-b068-96dd35461e58,run1_rep1,C,OPEN,OPEN,request,CACHE,HIT,0.055333001000690274,1.5748330006317701,INFO,adaptador.request,false,degradado,1.435666999896057,9403.148211833,9403.149731333,9403.1481565,9403.1496475,CIRCUIT_OPEN,2026-09-05T00:05:06.348393Z
81a0d3ea-96a0-4e48-9aca-9ecb8352bc19,run1_rep1,C,OPEN,OPEN,request,CACHE,HIT,0.014916000509401783,1.3246250000520376,INFO,adaptador.request,false,degradado,1.2692920008703368,9403.148667791,9403.1499775,9403.148652875,9403.149937083,CIRCUIT_OPEN,2026-09-05T00:05:06.348871Z
cd07803d-9f04-40cd-98f0-b7953667abe0,run1_rep1,C,OPEN,OPEN,request,CACHE,HIT,0.012583999705384485,1.1462500006018672,INFO,adaptador.request,false,degradado,1.0835000011866214,9403.1490915,9403.150225166,9403.149078916,9403.150175,CIRCUIT_OPEN,2026-09-05T00:05:06.349455Z
05c4ed22-2b79-401b-b1cd-fe161cd15591,run1_rep1,C,OPEN,OPEN,request,CACHE,HIT,0.03375000051164534,0.5263330003799638,INFO,adaptador.request,false,degradado,0.420458000007784,9403.1563905,9403.156883083,9403.15635675,9403.156810958,CIRCUIT_OPEN,2026-09-05T00:05:06.355058Z
d59a2fe7-3532-40d7-bf3f-6e6bdd3078ef,run1_rep1,C,OPEN,OPEN,request,CACHE,HIT,0.03191699943272397,1.0116670000570593,INFO,adaptador.request,false,degradado,0.8704580013727536,9403.201712625,9403.202692375,9403.201680708,9403.202583083,CIRCUIT_OPEN,2026-09-05T00:05:06.400883Z
a5a511b6-8585-4175-b2eb-d38467e7e744,run1_rep1,C,OPEN,OPEN,request,CACHE,HIT,0.051666998842847534,0.8325839989993256,INFO,adaptador.request,false,degradado,0.6958750000194414,9403.265547583,9403.2663285,9403.265495916,9403.266243458,CIRCUIT_OPEN,2026-09-05T00:05:06.464513Z
1317cc3c-17d0-44a9-b634-21d550143e35,run1_rep1,C,OPEN,OPEN,request,CACHE,HIT,0.03058299989788793,0.5585829985648161,INFO,adaptador.request,false,degradado,0.46683300024596974,9403.277797708,9403.278325708,9403.277767125,9403.278264541,CIRCUIT_OPEN,2026-09-05T00:05:06.476489Z
7f786a83-4897-44ed-9545-f0b84647f8f0,run1_rep1,C,OPEN,OPEN,request,CACHE,HIT,0.04716700095741544,0.6355839996103896,INFO,adaptador.request,false,degradado,0.49983299868472386,9403.308019833,9403.30860825,9403.307972666,9403.308519666,CIRCUIT_OPEN,2026-09-05T00:05:06.506776Z
ec47051a-16b9-4e3b-9794-fcee3d2a820e,run1_rep1,C,OPEN,OPEN,request,CACHE,HIT,0.048874999265535735,0.8515839999745367,INFO,adaptador.request,false,degradado,0.673792001180118,9403.401294791,9403.4020975,9403.401245916,9403.401968583,CIRCUIT_OPEN,2026-09-05T00:05:06.600287Z
80ff0757-5c9d-4492-86ad-10a7cd514f79,run1_rep1,C,OPEN,OPEN,request,CACHE,HIT,0.03270900015195366,0.577875000089989,INFO,adaptador.request,false,degradado,0.4797909987246385,9403.412777125,9403.413322291,9403.412744416,9403.413256916,CIRCUIT_OPEN,2026-09-05T00:05:06.611492Z
104c214c-8ac4-481c-b55d-09c3004c9472,run1_rep1,C,OPEN,OPEN,request,CACHE,HIT,0.035041999581153505,0.5605000005743932,INFO,adaptador.request,false,degradado,0.454542001534719,9403.449303958,9403.449829416,9403.449268916,9403.4497585,CIRCUIT_OPEN,2026-09-05T00:05:06.648003Z
6dbf60f8-57d2-414a-84d2-e2aa0a81f180,run1_rep1,C,OPEN,OPEN,request,CACHE,HIT,0.03570900116756093,0.6997500004217727,INFO,adaptador.request,false,degradado,0.5692499998986023,9403.460586875,9403.461250916,9403.460551166,9403.461156125,CIRCUIT_OPEN,2026-09-05T00:05:06.659496Z
ec38dbc3-21c1-49e8-975b-ab172f7f2e62,run1_rep1,C,OPEN,OPEN,request,CACHE,HIT,0.031167000997811556,0.999916999717243,INFO,adaptador.request,false,degradado,0.8710829988558544,9403.463538833,9403.464507583,9403.463507666,9403.464409916,CIRCUIT_OPEN,2026-09-05T00:05:06.662700Z
b178c96b-d2ef-4b69-9614-323b932ad86a,run1_rep1,C,OPEN,OPEN,request,CACHE,HIT,0.029457998607540503,0.5227499987086048,INFO,adaptador.request,false,degradado,0.4321249998611165,9403.486934583,9403.487427875,9403.486905125,9403.487366708,CIRCUIT_OPEN,2026-09-05T00:05:06.685590Z
8f614a88-6f4f-4b07-95be-46bf4a8d7d6b,run1_rep1,C,OPEN,OPEN,request,CACHE,HIT,0.029291000828379765,0.9881660007522441,INFO,adaptador.request,false,degradado,0.888541999302106,9403.491916666,9403.492875541,9403.491887375,9403.492805208,CIRCUIT_OPEN,2026-09-05T00:05:06.691060Z
8a129d6c-45d4-49c1-8527-b364379ff317,run1_rep1,C,OPEN,OPEN,request,CACHE,HIT,0.04516700028034393,0.7857919990783557,INFO,adaptador.request,false,degradado,0.6528750000143191,9403.552754083,9403.553494708,9403.552708916,9403.553406958,CIRCUIT_OPEN,2026-09-05T00:05:06.751677Z
0568354a-6dea-41c9-8c00-5ed0b3ed649b,run1_rep1,C,OPEN,OPEN,request,CACHE,HIT,0.04454200097825378,0.6647919999522856,INFO,adaptador.request,false,degradado,0.5372920004447224,9403.599261833,9403.599882083,9403.599217291,9403.599799125,CIRCUIT_OPEN,2026-09-05T00:05:06.798049Z
9a2def54-7dd3-4fad-9c0c-c7a0c1cd6185,run1_rep1,C,OPEN,OPEN,request,CACHE,HIT,0.03441700027906336,0.577875000089989,INFO,adaptador.request,false,degradado,0.4707079988293117,9403.606922458,9403.607465916,9403.606888041,9403.607393166,CIRCUIT_OPEN,2026-09-05T00:05:06.805645Z
539f59bb-404d-4853-be0c-4409353511da,run1_rep1,C,OPEN,OPEN,request,CACHE,HIT,0.039541999285575,1.0342089990444947,INFO,adaptador.request,false,degradado,0.924916999792913,9403.642088833,9403.6430835,9403.642049291,9403.64301375,CIRCUIT_OPEN,2026-09-05T00:05:06.841530Z
6ea49d66-3e18-463c-82f7-ad665113b78a,run1_rep1,C,OPEN,OPEN,request,CACHE,HIT,0.016957999832811765,0.8637499995529652,INFO,adaptador.request,false,degradado,0.7867089989304077,9403.642493166,9403.643339958,9403.642476208,9403.643279875,CIRCUIT_OPEN,2026-09-05T00:05:06.841814Z
0aa5e157-4521-4683-b8af-82e4f4ed99f6,run1_rep1,C,OPEN,OPEN,request,CACHE,HIT,0.02658300036273431,0.44520800111058634,INFO,adaptador.request,false,degradado,0.36379199991642963,9403.649284583,9403.649703208,9403.649258,9403.649648375,CIRCUIT_OPEN,2026-09-05T00:05:06.847864Z
35a18b0f-832b-49c6-bb8f-57d16bbe84e1,run1_rep1,C,OPEN,OPEN,request,CACHE,HIT,0.03274999835412018,0.5282079982862342,INFO,adaptador.request,false,degradado,0.4287920000933809,9403.670135833,9403.670631291,9403.670103083,9403.670564625,CIRCUIT_OPEN,2026-09-05T00:05:06.868795Z
c4a2c89a-1bc3-493a-af73-ed97806ff1bb,run1_rep1,C,OPEN,OPEN,request,CACHE,HIT,0.03029100116691552,0.5417500015028054,INFO,adaptador.request,false,degradado,0.4381669987196801,9403.702591666,9403.703103125,9403.702561375,9403.703029833,CIRCUIT_OPEN,2026-09-05T00:05:06.901268Z
168207c8-fb87-4567-8989-7b064fec1b2b,run1_rep1,C,OPEN,OPEN,request,CACHE,HIT,0.027709000278264284,0.5009169999539154,INFO,adaptador.request,false,degradado,0.4073330001119757,9403.729296,9403.729769208,9403.729268291,9403.729703333,CIRCUIT_OPEN,2026-09-05T00:05:06.927934Z
9bf006b0-a773-42d9-8c0c-7381409aa0fd,run1_rep1,C,OPEN,OPEN,request,CACHE,HIT,0.04229200021654833,1.089749999664491,INFO,adaptador.request,false,degradado,0.9581249996699626,9403.826173042,9403.8272205,9403.82613075,9403.827131167,CIRCUIT_OPEN,2026-09-05T00:05:07.025695Z
84e70011-91a8-4225-a6c2-42c1c30f0cf0,run1_rep1,C,OPEN,OPEN,request,CACHE,HIT,0.02245799987576902,0.8908750005502952,INFO,adaptador.request,false,degradado,0.8171669996954734,9403.826656833,9403.82752525,9403.826634375,9403.827474,CIRCUIT_OPEN,2026-09-05T00:05:07.025976Z
1fb60ee4-f958-4847-b55a-2e3e93990136,run1_rep1,C,OPEN,OPEN,request,CACHE,HIT,0.042583000322338194,0.7233750002342276,INFO,adaptador.request,false,degradado,0.5667089990311069,9403.891358958,9403.89203975,9403.891316375,9403.891925667,CIRCUIT_OPEN,2026-09-05T00:05:07.090226Z
f4992dc6-8509-4df4-9443-bf33914a8838,run1_rep1,C,OPEN,OPEN,request,CACHE,HIT,0.040625000110594556,0.6412090006051585,INFO,adaptador.request,false,degradado,0.5314589998306474,9403.918525333,9403.919125917,9403.918484708,9403.919056792,CIRCUIT_OPEN,2026-09-05T00:05:07.117288Z
a2057797-2d43-4828-8f67-843d66e86108,run1_rep1,C,OPEN,OPEN,request,CACHE,HIT,0.05358399903343525,0.8825839995552087,INFO,adaptador.request,false,degradado,0.7456660005118465,9403.952817042,9403.953646042,9403.952763458,9403.953562708,CIRCUIT_OPEN,2026-09-05T00:05:07.151808Z
993fd079-28c0-4a3b-942b-720bdc98f2e1,run1_rep1,C,OPEN,OPEN,request,CACHE,HIT,0.04095800068171229,0.6705000014335383,INFO,adaptador.request,false,degradado,0.5573340004048077,9404.023943958,9404.0245735,9404.023903,9404.024501292,CIRCUIT_OPEN,2026-09-05T00:05:07.222737Z
e87ae7ca-84a0-47cf-b8c2-5a429874723c,run1_rep1,C,OPEN,OPEN,request,CACHE,HIT,0.0352080005541211,0.6638329996349057,INFO,adaptador.request,false,degradado,0.5455829996208195,9404.04386625,9404.044494875,9404.043831042,9404.044411833,CIRCUIT_OPEN,2026-09-05T00:05:07.242674Z
67b39880-3713-4ca7-bd7e-400ef800ba92,run1_rep1,C,OPEN,OPEN,request,CACHE,HIT,0.03195799945387989,0.5514580007002223,INFO,adaptador.request,false,degradado,0.4416250012582168,9404.051232625,9404.051752125,9404.051200667,9404.05167425,CIRCUIT_OPEN,2026-09-05T00:05:07.249937Z
f0e1ed66-c7fb-4f70-b27f-48317b08fbd3,run1_rep1,C,OPEN,HALF_OPEN,request,CACHE,HIT,16.64070900005754,18.13495900023554,INFO,adaptador.request,true,degradado,1.4297500001703156,9404.096912542,9404.098406792,9404.080271833,9404.098342292,CIRCUIT_OPEN,2026-09-05T00:05:07.296602Z
7a9abbfa-8392-443d-a6d3-5ae3a0e2d8bd,run1_rep1,C,OPEN,OPEN,request,CACHE,HIT,19.099666000329307,19.775665999986813,INFO,adaptador.request,false,degradado,0.5307920000632294,9404.096799958,9404.097475958,9404.077700292,9404.09733075,CIRCUIT_OPEN,2026-09-05T00:05:07.296924Z
b3783518-cbde-4f74-9f69-0c69b0ddec2a,run1_rep1,C,OPEN,OPEN,request,CACHE,HIT,0.0239589990087552,1.1179169996466953,INFO,adaptador.request,false,degradado,1.0490410004422301,9404.098133417,9404.099227375,9404.098109458,9404.099182458,CIRCUIT_OPEN,2026-09-05T00:05:07.297743Z
6236831e-7c56-4357-bde4-e1003e683326,run1_rep1,C,OPEN,OPEN,request,CACHE,HIT,0.03204200038453564,0.551416998860077,INFO,adaptador.request,false,degradado,0.450999999884516,9404.130238625,9404.130758,9404.130206583,9404.130689625,CIRCUIT_OPEN,2026-09-05T00:05:07.328925Z
4e31ee49-5586-4761-aa3c-9a1a48fea9d9,run1_rep1,C,OPEN,OPEN,request,CACHE,HIT,0.06470900007116143,0.6453749992942903,INFO,adaptador.request,false,degradado,0.519957999131293,9404.160023042,9404.160603708,9404.159958333,9404.160543,CIRCUIT_OPEN,2026-09-05T00:05:07.358765Z
e705850e-98e6-408f-af15-d1de1f643d04,run1_rep1,C,OPEN,OPEN,request,CACHE,HIT,0.028541000574477948,0.5068329992354847,INFO,adaptador.request,false,degradado,0.4190419986116467,9404.167306458,9404.16778475,9404.167277917,9404.1677255,CIRCUIT_OPEN,2026-09-05T00:05:07.365940Z
19afb869-6346-4d9c-a5c1-1e806294d3c4,run1_rep1,C,OPEN,OPEN,request,CACHE,HIT,0.025416000426048413,0.4517500001384178,INFO,adaptador.request,false,degradado,0.3719590004038764,9404.175864833,9404.176291167,9404.175839417,9404.176236792,CIRCUIT_OPEN,2026-09-05T00:05:07.374453Z
4e378744-8eb6-4e56-8354-df66b4a40519,run1_rep1,C,OPEN,OPEN,request,CACHE,HIT,0.04329199873609468,0.6159999993542442,INFO,adaptador.request,false,degradado,0.4807920013263356,9404.2763855,9404.276958208,9404.276342208,9404.276866292,CIRCUIT_OPEN,2026-09-05T00:05:07.475166Z
cc0c5bb1-6f97-4606-b737-538a0fb6a1c1,run1_rep1,C,OPEN,OPEN,request,CACHE,HIT,0.04362499930721242,0.6876250008645002,INFO,adaptador.request,false,degradado,0.5557500007853378,9404.346065208,9404.346709208,9404.346021583,9404.346620958,CIRCUIT_OPEN,2026-09-05T00:05:07.544899Z
4eec485a-6986-4191-97ed-025db353a265,run1_rep1,C,OPEN,OPEN,request,CACHE,HIT,0.05054199937148951,0.863125000250875,INFO,adaptador.request,false,degradado,0.6645419998676516,9404.383329625,9404.384142208,9404.383279083,9404.383994167,CIRCUIT_OPEN,2026-09-05T00:05:07.582325Z
b357c4f4-96eb-442b-9655-e6bde90af1ff,run1_rep1,C,OPEN,OPEN,request,CACHE,HIT,0.042624998968676664,0.8375830002478324,INFO,adaptador.request,false,degradado,0.7298330001503928,9404.39836525,9404.399160208,9404.398322625,9404.399095083,CIRCUIT_OPEN,2026-09-05T00:05:07.597329Z
70bac279-4e8d-4553-a0c3-539afe759279,run1_rep1,C,OPEN,OPEN,request,CACHE,HIT,0.050291000661673024,0.9040829991135979,INFO,adaptador.request,false,degradado,0.7502919997932622,9404.518645333,9404.519499125,9404.518595042,9404.519395625,CIRCUIT_OPEN,2026-09-05T00:05:07.717681Z
d7c744ce-93f8-4931-8f15-e8111597786a,run1_rep1,C,OPEN,OPEN,request,CACHE,HIT,0.0335830009134952,0.48962500113702845,INFO,adaptador.request,false,degradado,0.39141699926403817,9404.521657125,9404.522113167,9404.521623542,9404.522048542,CIRCUIT_OPEN,2026-09-05T00:05:07.720280Z
c315c50f-775f-43ea-8b0d-a656be08b2e6,run1_rep1,C,OPEN,OPEN,request,CACHE,HIT,0.028832999305450357,0.6589999993593665,INFO,adaptador.request,false,degradado,0.43241700041107833,9404.534347042,9404.534977209,9404.534318209,9404.534779459,CIRCUIT_OPEN,2026-09-05T00:05:07.733299Z
6bf02ea4-cbe8-4931-b79e-5befac8e1a3b,run1_rep1,C,OPEN,OPEN,request,CACHE,HIT,0.031207999199978076,1.0587079996184912,INFO,adaptador.request,false,degradado,0.9497920000285376,9404.560433292,9404.561460792,9404.560402084,9404.561383084,CIRCUIT_OPEN,2026-09-05T00:05:07.759902Z
95f83bd7-a0df-4780-aefb-afa1f552b11f,run1_rep1,C,OPEN,OPEN,request,CACHE,HIT,0.019916999008273706,0.6379999995260732,INFO,adaptador.request,false,degradado,0.5732919998990837,9404.561113417,9404.5617315,9404.5610935,9404.561686709,CIRCUIT_OPEN,2026-09-05T00:05:07.760184Z
bdda5f31-66ce-46b2-92d3-a124a47dc0dc,run1_rep1,C,OPEN,OPEN,request,CACHE,HIT,0.03308300074422732,0.5865420007467037,INFO,adaptador.request,false,degradado,0.4934589996992145,9404.608772625,9404.609326084,9404.608739542,9404.609266084,CIRCUIT_OPEN,2026-09-05T00:05:07.807484Z
3ea6d803-2393-4336-a717-3103bf1f39c9,run1_rep1,C,OPEN,OPEN,request,CACHE,HIT,0.03445899892540183,0.625958999080467,INFO,adaptador.request,false,degradado,0.502416000017547,9404.647863084,9404.648454584,9404.647828625,9404.6483655,CIRCUIT_OPEN,2026-09-05T00:05:07.846637Z
58ec8f03-adaf-4059-a6cd-99574d723918,run1_rep1,C,OPEN,OPEN,request,CACHE,HIT,0.02595799924165476,0.5424160008260515,INFO,adaptador.request,false,degradado,0.4566250008792849,9404.656918292,9404.65743475,9404.656892334,9404.657374917,CIRCUIT_OPEN,2026-09-05T00:05:07.855593Z
f04d4e02-a068-4ae9-a2e5-7d462abb93dd,run1_rep1,C,OPEN,OPEN,request,CACHE,HIT,0.05170800068299286,0.8049160005612066,INFO,adaptador.request,false,degradado,0.6573749997187406,9404.725316042,9404.72606925,9404.725264334,9404.725973417,CIRCUIT_OPEN,2026-09-05T00:05:07.924235Z
5f00e253-b3b6-44d2-a90c-b217e995f721,run1_rep1,C,OPEN,OPEN,request,CACHE,HIT,0.026916000933852047,0.6736250015819678,INFO,adaptador.request,false,degradado,0.5835840001964243,9404.729717,9404.730363709,9404.729690084,9404.730300584,CIRCUIT_OPEN,2026-09-05T00:05:07.928497Z
4fd084d7-fdfb-4c04-877b-4e0ff34fd8c8,run1_rep1,C,OPEN,OPEN,request,CACHE,HIT,0.03758300044864882,0.6717920005030464,INFO,adaptador.request,false,degradado,0.563958999919123,9404.790662875,9404.791297084,9404.790625292,9404.791226834,CIRCUIT_OPEN,2026-09-05T00:05:07.989466Z
e02a3510-96d1-4e83-bb13-705e52da79be,run1_rep1,C,OPEN,OPEN,request,CACHE,HIT,0.029916998755652457,0.5289999990054639,INFO,adaptador.request,false,degradado,0.43400000140536577,9404.802299042,9404.802798125,9404.802269125,9404.802733042,CIRCUIT_OPEN,2026-09-05T00:05:08.000960Z
e67f5c8f-fe4c-4501-89ca-cacbb947073f,run1_rep1,C,OPEN,OPEN,request,CACHE,HIT,0.02224999843747355,0.490332999106613,INFO,adaptador.request,false,degradado,0.40233300023828633,9404.827887917,9404.828356,9404.827865667,9404.82829025,CIRCUIT_OPEN,2026-09-05T00:05:08.026535Z
9d804d50-c035-4292-bd9c-84aea0905c7d,run1_rep1,C,OPEN,OPEN,request,CACHE,HIT,0.051333001465536654,0.8789580006123288,INFO,adaptador.request,false,degradado,0.7200000000011642,9404.920632417,9404.921460042,9404.920581084,9404.921352417,CIRCUIT_OPEN,2026-09-05T00:05:08.119659Z
d449b0e3-d87f-4ea9-bd6d-abcdcb9c63d6,run1_rep1,C,OPEN,OPEN,request,CACHE,HIT,0.060874999689986,0.9975829998438712,INFO,adaptador.request,false,degradado,0.813082999229664,9404.967089709,9404.968026417,9404.967028834,9404.967902792,CIRCUIT_OPEN,2026-09-05T00:05:08.166221Z
9418b520-d3af-40b6-bdd4-85200c7bcde9,run1_rep1,C,OPEN,OPEN,request,CACHE,HIT,0.03425000068091322,0.5358329999580747,INFO,adaptador.request,false,degradado,0.4310829990572529,9404.970242334,9404.970743917,9404.970208084,9404.970673417,CIRCUIT_OPEN,2026-09-05T00:05:08.168908Z
783d2dea-454c-4d22-9994-e2e93e4d279c,run1_rep1,C,OPEN,OPEN,request,CACHE,HIT,0.02979099917865824,0.5789160004496807,INFO,adaptador.request,false,degradado,0.4792500003532041,9404.9796235,9404.980172625,9404.979593709,9404.98010275,CIRCUIT_OPEN,2026-09-05T00:05:08.178345Z
dca59bf5-7707-44a3-9552-3649c482f814,run1_rep1,C,OPEN,OPEN,request,CACHE,HIT,0.04095799886272289,0.46154099982231855,INFO,adaptador.request,false,degradado,0.35275000118417665,9405.000025667,9405.00044625,9404.999984709,9405.000378417,CIRCUIT_OPEN,2026-09-05T00:05:08.198632Z
52d3b1d3-137f-47bb-9b10-257803461b56,run1_rep1,C,OPEN,OPEN,request,CACHE,HIT,0.04579200140142348,0.7413340008497471,INFO,adaptador.request,false,degradado,0.5959579993941588,9405.073795042,9405.074490584,9405.07374925,9405.074391,CIRCUIT_OPEN,2026-09-05T00:05:08.272678Z
95d500b3-de29-4c53-a1a9-a1f300b9365e,run1_rep1,C,OPEN,OPEN,request,CACHE,HIT,0.03229200046916958,0.727917000403977,INFO,adaptador.request,false,degradado,0.589165998462704,9405.093365709,9405.094061334,9405.093333417,9405.093954875,CIRCUIT_OPEN,2026-09-05T00:05:08.292247Z
23c2b911-31a0-4337-94c2-4e9d78425b28,run1_rep1,C,OPEN,OPEN,request,CACHE,HIT,0.01887500002339948,0.6312910009000916,INFO,adaptador.request,false,degradado,0.5699160010408377,9405.094943584,9405.095556,9405.094924709,9405.0955135,CIRCUIT_OPEN,2026-09-05T00:05:08.293708Z
b8872669-d289-4c61-9237-ab6a3330079f,run1_rep1,C,OPEN,OPEN,request,CACHE,HIT,0.03083400042669382,0.5777090009360109,INFO,adaptador.request,false,degradado,0.4833750008401694,9405.140570459,9405.141117334,9405.140539625,9405.141053834,CIRCUIT_OPEN,2026-09-05T00:05:08.339281Z
9b563442-329a-4abd-b06e-1a9b273cc06b,run1_rep1,C,OPEN,OPEN,request,CACHE,HIT,0.037957999666105025,0.682542000504327,INFO,adaptador.request,false,degradado,0.5380839993449626,9405.182398375,9405.183042959,9405.182360417,9405.182936459,CIRCUIT_OPEN,2026-09-05T00:05:08.381243Z
36644686-a125-46ea-bb27-588223b1d4da,run1_rep1,C,OPEN,OPEN,request,CACHE,HIT,0.03508400004648138,0.5858339991391404,INFO,adaptador.request,false,degradado,0.4832499998883577,9405.192096209,9405.192646959,9405.192061125,9405.192579459,CIRCUIT_OPEN,2026-09-05T00:05:08.390811Z
c26e906a-6125-4c20-94d8-92791c9e614c,run1_rep1,C,OPEN,OPEN,request,CACHE,HIT,0.03245799962314777,0.6830829988757614,INFO,adaptador.request,false,degradado,0.5670840000675526,9405.20288875,9405.203539375,9405.202856292,9405.203455834,CIRCUIT_OPEN,2026-09-05T00:05:08.401727Z
2338527f-3d58-40b9-a4a8-5d69d5cdd9d9,run1_rep1,C,OPEN,OPEN,request,CACHE,HIT,0.0323330004903255,0.6137079999462003,INFO,adaptador.request,false,degradado,0.48437499935971573,9405.225453834,9405.226035209,9405.225421501,9405.225938209,CIRCUIT_OPEN,2026-09-05T00:05:08.424219Z
4fb1fb51-b5c3-4649-8b65-3f1879088fee,run1_rep1,C,OPEN,OPEN,request,CACHE,HIT,0.03895900044881273,0.6463340014306596,INFO,adaptador.request,false,degradado,0.5283330010570353,9405.263688751,9405.264296126,9405.263649792,9405.264217084,CIRCUIT_OPEN,2026-09-05T00:05:08.462486Z
200be840-630f-4b67-921b-ca48550205cc,run1_rep1,C,OPEN,OPEN,request,CACHE,HIT,0.034208000215585344,0.6017499999870779,INFO,adaptador.request,false,degradado,0.5033339984947816,9405.287733417,9405.288300959,9405.287699209,9405.288236751,CIRCUIT_OPEN,2026-09-05T00:05:08.486465Z
59932e2d-3146-44fa-90c3-39ad62a927ca,run1_rep1,C,OPEN,OPEN,request,CACHE,HIT,0.04895799975201953,0.7922080003481824,INFO,adaptador.request,false,degradado,0.6409170000551967,9405.334672209,9405.335415459,9405.334623251,9405.335313126,CIRCUIT_OPEN,2026-09-05T00:05:08.533596Z
0293e360-04d2-4b34-9464-42f9d52a03e8,run1_rep1,C,OPEN,OPEN,request,CACHE,HIT,0.028125001335865818,0.47545800043735653,INFO,adaptador.request,false,degradado,0.390791999961948,9405.337492709,9405.337940042,9405.337464584,9405.337883501,CIRCUIT_OPEN,2026-09-05T00:05:08.536103Z
03ee2b6f-5f46-4bc5-8d34-4120e1f570c4,run1_rep1,C,OPEN,OPEN,request,CACHE,HIT,0.026083000193466432,0.5167919989617076,INFO,adaptador.request,false,degradado,0.4263339997123694,9405.348428167,9405.348918876,9405.348402084,9405.348854501,CIRCUIT_OPEN,2026-09-05T00:05:08.547099Z
e52462c7-712d-46b2-9ee0-2827384c3fa1,run1_rep1,C,OPEN,OPEN,request,CACHE,HIT,0.03854200076602865,0.7854580017010449,INFO,adaptador.request,false,degradado,0.667500000417931,9405.369660126,9405.370407042,9405.369621584,9405.370327626,CIRCUIT_OPEN,2026-09-05T00:05:08.568594Z
81e7c606-0ecc-404a-8da8-c1791e74c6a6,run1_rep1,C,OPEN,OPEN,request,CACHE,HIT,0.042875000872300006,0.7197499999165302,INFO,adaptador.request,false,degradado,0.5939589991612593,9405.402744167,9405.403421042,9405.402701292,9405.403338126,CIRCUIT_OPEN,2026-09-05T00:05:08.601597Z
b08e4660-39cc-4656-9ae9-f18cad439666,run1_rep1,C,OPEN,OPEN,request,CACHE,HIT,0.03329199898871593,0.5691669994121185,INFO,adaptador.request,false,degradado,0.46595800085924566,9405.425635876,9405.426171751,9405.425602584,9405.426101834,CIRCUIT_OPEN,2026-09-05T00:05:08.624334Z
44b29660-595e-4a9c-beef-7921a16a2277,run1_rep1,C,OPEN,OPEN,request,CACHE,HIT,0.034374999813735485,0.6553749990416691,INFO,adaptador.request,false,degradado,0.542207999387756,9405.452804126,9405.453425126,9405.452769751,9405.453346334,CIRCUIT_OPEN,2026-09-05T00:05:08.651606Z
6ccf2fcd-442f-4d16-8918-8830b7873470,run1_rep1,C,OPEN,OPEN,request,CACHE,HIT,0.02700000004551839,0.49541599946678616,INFO,adaptador.request,false,degradado,0.41579099888622295,9405.456811501,9405.457279917,9405.456784501,9405.457227292,CIRCUIT_OPEN,2026-09-05T00:05:08.655423Z
5c3c70d7-8ea0-4ceb-966d-4cbdeec0fded,run1_rep1,C,OPEN,OPEN,request,CACHE,HIT,0.049250000301981345,0.7521249990531942,INFO,adaptador.request,false,degradado,0.6080829989514314,9405.603621709,9405.604324584,9405.603572459,9405.604229792,CIRCUIT_OPEN,2026-09-05T00:05:08.802509Z
e5ce4538-7d27-43e0-8fcc-659379a2cbaa,run1_rep1,C,OPEN,OPEN,request,CACHE,HIT,0.03325000034237746,0.5706249994545942,INFO,adaptador.request,false,degradado,0.4679159992519999,9405.612748251,9405.613285626,9405.612715001,9405.613216167,CIRCUIT_OPEN,2026-09-05T00:05:08.811455Z
606c297a-146c-4494-8416-62c67e59f740,run1_rep1,C,OPEN,OPEN,request,CACHE,HIT,0.032916999771259725,0.7424169998557772,INFO,adaptador.request,false,degradado,0.6085830009396886,9405.637369626,9405.638079126,9405.637336709,9405.637978209,CIRCUIT_OPEN,2026-09-05T00:05:08.836264Z
b96fe9e3-cde7-4097-8de9-ae1cf5d76d1c,run1_rep1,C,OPEN,OPEN,request,CACHE,HIT,0.023459000658476725,0.5062090003775666,INFO,adaptador.request,false,degradado,0.4256249994796235,9405.647745376,9405.648228126,9405.647721917,9405.648171001,CIRCUIT_OPEN,2026-09-05T00:05:08.846393Z
21cbe17e-f5c5-412b-b6bd-18cf3b21ec8f,run1_rep1,C,OPEN,OPEN,request,CACHE,HIT,0.018791999536915682,0.3727080002136063,INFO,adaptador.request,false,degradado,0.305666000713245,9405.661121501,9405.661475417,9405.661102709,9405.661427167,CIRCUIT_OPEN,2026-09-05T00:05:08.859628Z
2ac7bed9-f50b-4077-a957-4fbb59b8d333,run1_rep1,C,OPEN,OPEN,request,CACHE,HIT,0.019791999875451438,1.15712499973597,INFO,adaptador.request,false,degradado,1.0935419995803386,9405.683103459,9405.684240792,9405.683083667,9405.684197001,CIRCUIT_OPEN,2026-09-05T00:05:08.882389Z
a00c0e2c-0bed-4850-a98a-9d8c7d0df999,run1_rep1,C,OPEN,OPEN,request,CACHE,HIT,0.016457999663543887,0.48116600009961985,INFO,adaptador.request,false,degradado,0.40145800085156225,9405.683504584,9405.683969292,9405.683488126,9405.683906042,CIRCUIT_OPEN,2026-09-05T00:05:08.882629Z
e5f98c1c-f0de-4163-a005-1fffb845ab82,run1_rep1,C,OPEN,OPEN,request,CACHE,HIT,0.018250000721309334,0.35629200101539027,INFO,adaptador.request,false,degradado,0.29645799986610655,9405.719091584,9405.719429626,9405.719073334,9405.719388042,CIRCUIT_OPEN,2026-09-05T00:05:08.917581Z
e1adbe1c-2e48-4f28-8655-566d704acac2,run1_rep1,C,OPEN,OPEN,request,CACHE,HIT,0.031584000680595636,0.6984169995121192,INFO,adaptador.request,false,degradado,0.595874998907675,9405.744931126,9405.745597959,9405.744899542,9405.745527001,CIRCUIT_OPEN,2026-09-05T00:05:08.943779Z
d78cc386-c56d-4654-b020-5edc6395548d,run1_rep1,C,OPEN,OPEN,request,CACHE,HIT,0.04454199915926438,0.8077499987848569,INFO,adaptador.request,false,degradado,0.6873750007798662,9405.773113751,9405.773876959,9405.773069209,9405.773801126,CIRCUIT_OPEN,2026-09-05T00:05:08.972060Z
2a1abb21-72df-4c6f-ae49-6c2047af52b1,run1_rep1,C,OPEN,OPEN,request,CACHE,HIT,0.05041700023866724,0.7604580005136086,INFO,adaptador.request,false,degradado,0.6106660002842546,9405.875253876,9405.875963917,9405.875203459,9405.875864542,CIRCUIT_OPEN,2026-09-05T00:05:09.074184Z
4374422c-05e4-4295-b42f-460947d3ff56,run1_rep1,C,OPEN,OPEN,request,CACHE,HIT,0.03841600118903443,0.6221660005394369,INFO,adaptador.request,false,degradado,0.5027499992138473,9405.897285167,9405.897868917,9405.897246751,9405.897787917,CIRCUIT_OPEN,2026-09-05T00:05:09.096054Z
d9375c0b-df4c-45e7-82e9-b891ad4d9b1d,run1_rep1,C,OPEN,OPEN,request,CACHE,HIT,0.04570900091493968,0.6686670003546169,INFO,adaptador.request,false,degradado,0.5486659993039211,9405.943943918,9405.944566876,9405.943898209,9405.944492584,CIRCUIT_OPEN,2026-09-05T00:05:09.142743Z
f379c0ba-29d4-490f-ae4f-09059dddd24f,run1_rep1,C,OPEN,OPEN,request,CACHE,HIT,0.03841699981421698,0.9311249996244442,INFO,adaptador.request,false,degradado,0.8003750008356292,9405.949465626,9405.950358334,9405.949427209,9405.950266001,CIRCUIT_OPEN,2026-09-05T00:05:09.148547Z
922d1d91-93da-4647-9b6b-dcfd65ceff48,run1_rep1,C,OPEN,OPEN,request,CACHE,HIT,0.043959000322502106,0.636500000837259,INFO,adaptador.request,false,degradado,0.5100409998703981,9405.987146043,9405.987738584,9405.987102084,9405.987656084,CIRCUIT_OPEN,2026-09-05T00:05:09.185921Z
151a2414-b14f-41de-b06c-9e8330b64245,run1_rep1,C,OPEN,OPEN,request,CACHE,HIT,0.03300000025774352,0.6438330001401482,INFO,adaptador.request,false,degradado,0.4902500004391186,9406.001455168,9406.002066001,9406.001422168,9406.001945418,CIRCUIT_OPEN,2026-09-05T00:05:09.200250Z
155157b9-f163-4531-b294-cd9736d725a8,run1_rep1,C,OPEN,OPEN,request,CACHE,HIT,0.02708300053200219,0.49825000132841524,INFO,adaptador.request,false,degradado,0.41362499905517325,9406.028394334,9406.028865501,9406.028367251,9406.028807959,CIRCUIT_OPEN,2026-09-05T00:05:09.227021Z
6f892b01-6af2-43b1-951f-313d185d4140,run1_rep1,C,OPEN,OPEN,request,CACHE,HIT,0.03295799979241565,0.6171250006445916,INFO,adaptador.request,false,degradado,0.5023749999963911,9406.060566834,9406.061151001,9406.060533876,9406.061069209,CIRCUIT_OPEN,2026-09-05T00:05:09.259340Z
57a0f4a7-856e-4186-b0d0-69664c1b3c8b,run1_rep1,C,OPEN,OPEN,request,CACHE,HIT,0.028124999516876414,0.4918750000797445,INFO,adaptador.request,false,degradado,0.3887920011038659,9406.069329126,9406.069792876,9406.069301001,9406.069717918,CIRCUIT_OPEN,2026-09-05T00:05:09.267971Z
7ef50d67-11a7-4f17-8878-77572b3f8da8,run1_rep1,C,OPEN,OPEN,request,CACHE,HIT,0.021500000002561137,0.4107919994567055,INFO,adaptador.request,false,degradado,0.3300419994047843,9406.074402751,9406.074792043,9406.074381251,9406.074732793,CIRCUIT_OPEN,2026-09-05T00:05:09.272947Z
5223b5c8-5b0c-427f-b5f5-776925440810,run1_rep1,C,OPEN,OPEN,request,CACHE,HIT,0.05649999911838677,0.812624999525724,INFO,adaptador.request,false,degradado,0.6522910007333849,9406.139189668,9406.139945793,9406.139133168,9406.139841959,CIRCUIT_OPEN,2026-09-05T00:05:09.338166Z
2935814e-a1c3-485b-95c6-a69e9fecf7b9,run1_rep1,C,OPEN,OPEN,request,CACHE,HIT,0.0519580007676268,0.869167000928428,INFO,adaptador.request,false,degradado,0.7042090001050383,9406.199779709,9406.200596918,9406.199727751,9406.200483918,CIRCUIT_OPEN,2026-09-05T00:05:09.398786Z
0e36ed8a-6856-41c2-a552-cf9c84e7fb4d,run1_rep1,C,OPEN,OPEN,request,CACHE,HIT,0.03716700121003669,0.793917000919464,INFO,adaptador.request,false,degradado,0.6797499991080258,9406.207121293,9406.207878043,9406.207084126,9406.207801043,CIRCUIT_OPEN,2026-09-05T00:05:09.406061Z
71c26310-7bfd-4818-8b8f-a6af935b4737,run1_rep1,C,OPEN,OPEN,request,CACHE,HIT,0.06383400068443734,1.89387499995064,INFO,adaptador.request,false,degradado,1.7337499994027894,9406.268397293,9406.270227334,9406.268333459,9406.270131043,CIRCUIT_OPEN,2026-09-05T00:05:09.468843Z
a6516e45-d36b-44f4-99bd-6e15de4dda7c,run1_rep1,C,OPEN,OPEN,request,CACHE,HIT,0.03300000025774352,1.5824999991309596,INFO,adaptador.request,false,degradado,1.4916669988451758,9406.269100334,9406.270649834,9406.269067334,9406.270592001,CIRCUIT_OPEN,2026-09-05T00:05:09.470024Z
302cc702-b2a2-4df2-a61f-0b6925c084b2,run1_rep1,C,OPEN,OPEN,request,CACHE,HIT,0.025208000806742348,1.95108300067659,INFO,adaptador.request,false,degradado,1.8694999998842832,9406.269564876,9406.271490751,9406.269539668,9406.271434376,CIRCUIT_OPEN,2026-09-05T00:05:09.470982Z
52047e62-ceef-4a18-81ff-aed3234291f8,run1_rep1,C,OPEN,OPEN,request,CACHE,HIT,0.024707998818485066,1.8407909992674831,INFO,adaptador.request,false,degradado,1.7475000004196772,9406.271841876,9406.273657959,9406.271817168,9406.273589376,CIRCUIT_OPEN,2026-09-05T00:05:09.472529Z
2c790734-418a-45e5-82a7-678e9827e798,run1_rep1,C,OPEN,OPEN,request,CACHE,HIT,0.03516699871397577,0.5836250002175802,INFO,adaptador.request,false,degradado,0.47083299978112336,9406.300471751,9406.301020209,9406.300436584,9406.300942584,CIRCUIT_OPEN,2026-09-05T00:05:09.499180Z
a03292d4-f1f3-47c9-9e78-290a125bb11f,run1_rep1,C,OPEN,OPEN,request,CACHE,HIT,0.02283300091221463,1.3551250012824312,INFO,adaptador.request,false,degradado,1.2592919993039686,9406.312701584,9406.314033876,9406.312678751,9406.313960876,CIRCUIT_OPEN,2026-09-05T00:05:09.512187Z
9071b573-f35e-4475-8202-8687ccf08bcf,run1_rep1,C,OPEN,OPEN,request,CACHE,HIT,0.03495800046948716,1.045332999638049,INFO,adaptador.request,false,degradado,0.9401249990332872,9406.343907001,9406.344917376,9406.343872043,9406.344847126,CIRCUIT_OPEN,2026-09-05T00:05:09.543065Z
32c14fbe-e7be-45df-bf37-4c8419fcfcb3,run1_rep1,C,OPEN,OPEN,request,CACHE,HIT,0.01700000029813964,1.5534590002062032,INFO,adaptador.request,false,degradado,1.4594590011256514,9406.344323209,9406.345859668,9406.344306209,9406.345782668,CIRCUIT_OPEN,2026-09-05T00:05:09.544050Z
de0e8c54-90c5-46ef-9d74-9d09148b0590,run1_rep1,C,OPEN,OPEN,request,CACHE,HIT,0.04679099947679788,0.7113749998097774,INFO,adaptador.request,false,degradado,0.5880000007891795,9406.404119084,9406.404783668,9406.404072293,9406.404707084,CIRCUIT_OPEN,2026-09-05T00:05:09.602964Z
e45a7e4d-1457-49a3-9edb-4a2eb1aae4cd,run1_rep1,C,OPEN,OPEN,request,CACHE,HIT,0.040625000110594556,1.1292920007690554,INFO,adaptador.request,false,degradado,0.9852500006672926,9406.464974751,9406.466063418,9406.464934126,9406.465960001,CIRCUIT_OPEN,2026-09-05T00:05:09.664245Z
b9af8ceb-a4b5-4f66-b389-beac9dda4947,run1_rep1,C,OPEN,OPEN,request,CACHE,HIT,0.031042000045999885,0.5908340008318191,INFO,adaptador.request,false,degradado,0.48425000022689346,9406.484973501,9406.485533293,9406.484942459,9406.485457751,CIRCUIT_OPEN,2026-09-05T00:05:09.683719Z
47b93cd2-c08f-4bde-84b1-75ec24d05d32,run1_rep1,C,OPEN,OPEN,request,CACHE,HIT,0.03058299989788793,0.5427079995570239,INFO,adaptador.request,false,degradado,0.4498749985941686,9406.501483251,9406.501995376,9406.501452668,9406.501933126,CIRCUIT_OPEN,2026-09-05T00:05:09.700183Z
624073f7-a78f-4c90-878d-d5c5b33eb95e,run1_rep1,C,OPEN,OPEN,request,CACHE,HIT,0.029082999390084296,0.5600000004051253,INFO,adaptador.request,false,degradado,0.4317920011089882,9406.531511959,9406.532042876,9406.531482876,9406.531943751,CIRCUIT_OPEN,2026-09-05T00:05:09.730221Z
f56cea37-04cc-427a-8520-17bd5405f6d7,run1_rep1,C,OPEN,OPEN,request,CACHE,HIT,0.03345800178067293,0.68791600097029,INFO,adaptador.request,false,degradado,0.4179999996267725,9406.561133876,9406.561788334,9406.561100418,9406.561551876,CIRCUIT_OPEN,2026-09-05T00:05:09.760065Z
e2da0e62-ed6f-44cc-a742-9eea2eacd426,run1_rep1,C,OPEN,OPEN,request,CACHE,HIT,0.02766599936876446,0.486708000607905,INFO,adaptador.request,false,degradado,0.40175000140152406,9406.568400584,9406.568859626,9406.568372918,9406.568802334,CIRCUIT_OPEN,2026-09-05T00:05:09.767024Z
5257b831-dd78-4494-a18d-0556f1783a2d,run1_rep1,C,OPEN,OPEN,request,CACHE,HIT,0.01883300137706101,0.4607500013662502,INFO,adaptador.request,false,degradado,0.3871669996442506,9406.582966084,9406.583408001,9406.582947251,9406.583353251,CIRCUIT_OPEN,2026-09-05T00:05:09.781571Z
d85ca3c1-2c4a-4912-9abe-b82b9180112f,run1_rep1,C,OPEN,OPEN,request,CACHE,HIT,0.04245799937052652,0.7004999988566851,INFO,adaptador.request,false,degradado,0.5797920002805768,9406.632662626,9406.633320668,9406.632620168,9406.633242418,CIRCUIT_OPEN,2026-09-05T00:05:09.831488Z
39c81f53-5cb6-4e2f-aec9-07dbaf214da6,run1_rep1,C,OPEN,OPEN,request,CACHE,HIT,0.05270799920253921,0.7365000001300359,INFO,adaptador.request,false,degradado,0.5853340007888619,9406.652346501,9406.653030293,9406.652293793,9406.652931835,CIRCUIT_OPEN,2026-09-05T00:05:09.851209Z
5dc571b8-2b41-43a7-a1da-81569a9482de,run1_rep1,C,OPEN,OPEN,request,CACHE,HIT,0.03345799996168353,0.5777499991381774,INFO,adaptador.request,false,degradado,0.4689170000347076,9406.715201043,9406.715745335,9406.715167585,9406.71566996,CIRCUIT_OPEN,2026-09-05T00:05:09.913934Z
18c3e8a2-fbf4-4166-bbe7-9a09dfbae0df,run1_rep1,C,OPEN,OPEN,request,CACHE,HIT,0.04804199852515012,1.1495419985294575,INFO,adaptador.request,false,degradado,1.0275830009049969,9406.762855418,9406.763956918,9406.762807376,9406.763883001,CIRCUIT_OPEN,2026-09-05T00:05:09.962370Z
10e7201d-1781-4d4e-b3cc-98dccd688e3c,run1_rep1,C,OPEN,OPEN,request,CACHE,HIT,0.020125000446569175,0.8952919997682329,INFO,adaptador.request,false,degradado,0.8297919994220138,9406.763325293,9406.76420046,9406.763305168,9406.764155085,CIRCUIT_OPEN,2026-09-05T00:05:09.962654Z
abbafd71-aa76-4796-a848-d3754cb92dc9,run1_rep1,C,OPEN,OPEN,request,CACHE,HIT,0.04345799970906228,0.7469159991160268,INFO,adaptador.request,false,degradado,0.6003329999657581,9406.805321418,9406.806024876,9406.80527796,9406.805921751,CIRCUIT_OPEN,2026-09-05T00:05:10.004202Z
f4a2d3cc-ed2c-4892-8187-96b55f094767,run1_rep1,C,OPEN,OPEN,request,CACHE,HIT,0.036625000575440936,0.6801670006097993,INFO,adaptador.request,false,degradado,0.5464169989863876,9406.848419251,9406.849062793,9406.848382626,9406.848965668,CIRCUIT_OPEN,2026-09-05T00:05:10.047248Z
bfab0b43-ac20-4ffd-a02e-99f08208bb2e,run1_rep1,C,OPEN,OPEN,request,CACHE,HIT,0.029667000490007922,0.5423340007837396,INFO,adaptador.request,false,degradado,0.44416700075089466,9406.860342418,9406.860855085,9406.860312751,9406.860786585,CIRCUIT_OPEN,2026-09-05T00:05:10.059031Z
84c8df8a-a9b8-47bd-acdb-affc8fd23383,run1_rep1,C,OPEN,OPEN,request,CACHE,HIT,0.05612499990093056,1.0866249995160615,INFO,adaptador.request,false,degradado,0.9391659987159073,9406.982454585,9406.983485085,9406.98239846,9406.983393751,CIRCUIT_OPEN,2026-09-05T00:05:10.181679Z
17279db2-8b47-43ac-beb0-b6b9910b8db2,run1_rep1,C,OPEN,OPEN,request,CACHE,HIT,0.02429200139886234,0.936583001021063,INFO,adaptador.request,false,degradado,0.8683749983902089,9406.983266835,9406.984179126,9406.983242543,9406.98413521,CIRCUIT_OPEN,2026-09-05T00:05:10.182477Z
351f6bb4-e0a5-4729-8f20-b43fd96b5464,run1_rep1,C,OPEN,OPEN,request,CACHE,HIT,0.04120799894735683,0.6418749999284046,INFO,adaptador.request,false,degradado,0.5274590002954938,9407.021073876,9407.021674543,9407.021032668,9407.021601335,CIRCUIT_OPEN,2026-09-05T00:05:10.219836Z
69d9c936-9dd6-4b82-9438-ddae0c61d4b6,run1_rep1,C,OPEN,OPEN,request,CACHE,HIT,0.031667001167079434,0.5160420005267952,INFO,adaptador.request,false,degradado,0.41004099875863176,9407.02918171,9407.029666085,9407.029150043,9407.029591751,CIRCUIT_OPEN,2026-09-05T00:05:10.227837Z
878fa510-7bfb-4089-96cb-92f1641be3c9,run1_rep1,C,OPEN,OPEN,request,CACHE,HIT,0.05308300023898482,1.0274580017721746,INFO,adaptador.request,false,degradado,0.8773340014158748,9407.144474251,9407.145448626,9407.144421168,9407.145351585,CIRCUIT_OPEN,2026-09-05T00:05:10.343631Z
fba06c25-9147-4fbb-94bb-3efc5c972068,run1_rep1,C,OPEN,OPEN,request,CACHE,HIT,0.02049999966402538,2.2444999995059334,INFO,adaptador.request,false,degradado,2.1235839994915295,9407.146799876,9407.149023876,9407.146779376,9407.14892346,CIRCUIT_OPEN,2026-09-05T00:05:10.348627Z
d02e6dc5-2f9d-47cd-8d2b-b193813a6220,run1_rep1,C,OPEN,OPEN,request,CACHE,HIT,0.019582999811973423,2.2259580000536516,INFO,adaptador.request,false,degradado,2.14770800084807,9407.147485918,9407.149692293,9407.147466335,9407.149633626,CIRCUIT_OPEN,2026-09-05T00:05:10.349193Z
ee6d4a29-fc18-44b0-9920-a55a76d339d7,run1_rep1,C,OPEN,OPEN,request,CACHE,HIT,0.03862500125251245,4.006332999779261,INFO,adaptador.request,false,degradado,3.907082998921396,9407.146463835,9407.150431543,9407.14642521,9407.150370918,CIRCUIT_OPEN,2026-09-05T00:05:10.349508Z
00c7ea43-7e55-4bb7-be4e-cccde00d5b56,run1_rep1,C,OPEN,OPEN,request,CACHE,HIT,0.01754200093273539,2.206167000622372,INFO,adaptador.request,false,degradado,2.128291998815257,9407.148826168,9407.151014793,9407.148808626,9407.15095446,CIRCUIT_OPEN,2026-09-05T00:05:10.349893Z
8ea4be48-a7ef-43a4-be71-e8ddcd812447,run1_rep1,C,OPEN,OPEN,request,CACHE,HIT,0.04162499863014091,0.6997079999564448,INFO,adaptador.request,false,degradado,0.5764580000686692,9407.204469293,9407.205127376,9407.204427668,9407.205045751,CIRCUIT_OPEN,2026-09-05T00:05:10.403315Z
f85a845f-54d9-4deb-ba3e-55ff38fcf6d0,run1_rep1,C,OPEN,OPEN,request,CACHE,HIT,0.045500000851461664,0.7875829996919492,INFO,adaptador.request,false,degradado,0.6574999988515629,9407.271227293,9407.271969376,9407.271181793,9407.271884793,CIRCUIT_OPEN,2026-09-05T00:05:10.470183Z
77c7fd9b-534b-4bba-b86f-bd9b06f98b03,run1_rep1,C,OPEN,OPEN,request,CACHE,HIT,0.04437499956111424,0.6968749985389877,INFO,adaptador.request,false,degradado,0.57366699911654,9407.306628168,9407.307280668,9407.306583793,9407.307201835,CIRCUIT_OPEN,2026-09-05T00:05:10.505451Z
11705f56-22b5-46e3-a22f-50c1f9e03fa5,run1_rep1,C,OPEN,OPEN,request,CACHE,HIT,0.0546669998584548,0.7645000005140901,INFO,adaptador.request,false,degradado,0.6152080004540039,9407.345170502,9407.345880335,9407.345115835,9407.34578571,CIRCUIT_OPEN,2026-09-05T00:05:10.544080Z
ed0ac933-bd32-4fc2-ba83-b7ed8fffc4ec,run1_rep1,C,OPEN,OPEN,request,CACHE,HIT,0.05000000055588316,0.801792000856949,INFO,adaptador.request,false,degradado,0.6556669995916309,9407.39199896,9407.392750752,9407.39194896,9407.392654627,CIRCUIT_OPEN,2026-09-05T00:05:10.590937Z
ba0fd824-b8d2-40a5-8a30-a6c5bedcfd4c,run1_rep1,C,OPEN,OPEN,request,CACHE,HIT,0.04587500006891787,0.7454999995388789,INFO,adaptador.request,false,degradado,0.6187500002852175,9407.451726918,9407.452426543,9407.451681043,9407.452345668,CIRCUIT_OPEN,2026-09-05T00:05:10.650592Z
b77e10f9-4ec0-440c-9e23-0683f655026d,run1_rep1,C,OPEN,OPEN,request,CACHE,HIT,0.036499999623629265,0.6110419999458827,INFO,adaptador.request,false,degradado,0.4942499999742722,9407.468610835,9407.469185377,9407.468574335,9407.469105085,CIRCUIT_OPEN,2026-09-05T00:05:10.667371Z
f64f2f67-3beb-402c-857b-332f4a6ab658,run1_rep1,C,OPEN,OPEN,request,CACHE,HIT,0.03058299989788793,0.6995420008024666,INFO,adaptador.request,false,degradado,0.6142090005596401,9407.473063168,9407.473732127,9407.473032585,9407.473677377,CIRCUIT_OPEN,2026-09-05T00:05:10.671891Z
5883ea26-8a36-4a8e-b5ff-b4eda29810a7,run1_rep1,C,OPEN,OPEN,request,CACHE,HIT,0.04729099964606576,0.4756250000355067,INFO,adaptador.request,false,degradado,0.37995899947418366,9407.494031418,9407.494459752,9407.493984127,9407.494411377,CIRCUIT_OPEN,2026-09-05T00:05:10.692610Z
5e820378-09d1-42cd-b301-0246043490e4,run1_rep1,C,OPEN,OPEN,request,CACHE,HIT,0.021583000489044935,0.47733300016261637,INFO,adaptador.request,false,degradado,0.41199999941454735,9407.506451335,9407.506907085,9407.506429752,9407.506863335,CIRCUIT_OPEN,2026-09-05T00:05:10.705053Z
40f91252-dbb0-4e49-9d0c-622d569bf11e,run1_rep1,C,OPEN,OPEN,request,CACHE,HIT,0.01762500141921919,0.34470800164854154,INFO,adaptador.request,false,degradado,0.2892909997171955,9407.519498252,9407.519825335,9407.519480627,9407.519787543,CIRCUIT_OPEN,2026-09-05T00:05:10.717966Z
c3829188-e23a-41f5-bf11-514a9aa1c615,run1_rep1,C,OPEN,OPEN,request,CACHE,HIT,0.030541999876732007,0.6507500002044253,INFO,adaptador.request,false,degradado,0.5023749999963911,9407.55023646,9407.550856668,9407.550205918,9407.550738835,CIRCUIT_OPEN,2026-09-05T00:05:10.749053Z
4528f400-15a4-4fb9-b35f-1fff281fa8b4,run1_rep1,C,OPEN,OPEN,request,CACHE,HIT,0.03237500095565338,0.5706670017389115,INFO,adaptador.request,false,degradado,0.4717920000985032,9407.602585085,9407.603123377,9407.60255271,9407.603056877,CIRCUIT_OPEN,2026-09-05T00:05:10.801299Z
02f40093-9812-4f62-afee-a45b16ed18d2,run1_rep1,C,OPEN,OPEN,request,CACHE,HIT,0.04170800093561411,0.6464580001193099,INFO,adaptador.request,false,degradado,0.5296669987728819,9407.644057793,9407.644662543,9407.644016085,9407.64458746,CIRCUIT_OPEN,2026-09-05T00:05:10.842849Z
adf878cb-3339-4744-9b50-f438f3cab91d,run1_rep1,C,OPEN,OPEN,request,CACHE,HIT,0.04824999996344559,0.8102920000965241,INFO,adaptador.request,false,degradado,0.6648329999734415,9407.751903835,9407.752665877,9407.751855585,9407.752568668,CIRCUIT_OPEN,2026-09-05T00:05:10.950860Z
ab6ece2f-796e-48f9-913f-b4c2310e42d7,run1_rep1,C,OPEN,OPEN,request,CACHE,HIT,0.03616699905251153,0.61745799939672,INFO,adaptador.request,false,degradado,0.5165000002307352,9407.771869252,9407.772450543,9407.771833085,9407.772385752,CIRCUIT_OPEN,2026-09-05T00:05:10.970610Z
76d3f24e-f52f-49f2-a24f-b6e20bcd6f16,run1_rep1,C,OPEN,OPEN,request,CACHE,HIT,0.045957998736412264,0.9148329991148785,INFO,adaptador.request,false,degradado,0.7560840003861813,9407.779021793,9407.779890668,9407.778975835,9407.779777877,CIRCUIT_OPEN,2026-09-05T00:05:10.978121Z
db36ec77-ab8d-4da8-b68e-be8ebb327925,run1_rep1,C,OPEN,OPEN,request,CACHE,HIT,0.046042001486057416,0.7997920001798775,INFO,adaptador.request,false,degradado,0.6619999985559843,9407.812177502,9407.812931252,9407.81213146,9407.812839502,CIRCUIT_OPEN,2026-09-05T00:05:11.011137Z
cca3571b-b37d-4b58-92cb-b4e16d9e13c1,run1_rep1,C,OPEN,OPEN,request,CACHE,HIT,0.04495800021686591,0.7796249992679805,INFO,adaptador.request,false,degradado,0.6576249998033745,9407.833959543,9407.83469421,9407.833914585,9407.834617168,CIRCUIT_OPEN,2026-09-05T00:05:11.032852Z
5b68cd15-a23c-4133-8be2-bbc9d29f8703,run1_rep1,C,OPEN,OPEN,request,CACHE,HIT,0.0396250015910482,0.8045829999900889,INFO,adaptador.request,false,degradado,0.7020419998298166,9407.85748446,9407.858249418,9407.857444835,9407.858186502,CIRCUIT_OPEN,2026-09-05T00:05:11.056416Z
5eb17f85-0c81-4752-9bbc-b6b3a6ffd8a0,run1_rep1,C,OPEN,OPEN,request,CACHE,HIT,0.019790999431279488,0.4850829991482897,INFO,adaptador.request,false,degradado,0.38424999911512714,9407.869602793,9407.870068085,9407.869583002,9407.869987043,CIRCUIT_OPEN,2026-09-05T00:05:11.068252Z
fbdd92e9-640e-47e0-8fe3-9c4584fc9c31,run1_rep1,C,OPEN,OPEN,request,CACHE,HIT,0.05262500053504482,0.8897080006136093,INFO,adaptador.request,false,degradado,0.7123329996829852,9407.937248085,9407.938085168,9407.93719546,9407.937960418,CIRCUIT_OPEN,2026-09-05T00:05:11.136276Z
74062cff-a6f2-4a91-9de1-b7cf4aa42305,run1_rep1,C,OPEN,OPEN,request,CACHE,HIT,0.049291998948319815,0.7564579991594655,INFO,adaptador.request,false,degradado,0.6117909997556126,9407.954311877,9407.955019043,9407.954262585,9407.954923668,CIRCUIT_OPEN,2026-09-05T00:05:11.153183Z
db482ca9-3b64-4c19-a10e-535de95c67a3,run1_rep1,C,OPEN,OPEN,request,CACHE,HIT,0.03337499947519973,0.705458000084036,INFO,adaptador.request,false,degradado,0.6004579990985803,9407.960219085,9407.960891168,9407.96018571,9407.960819543,CIRCUIT_OPEN,2026-09-05T00:05:11.159079Z
48aaeab5-0c68-4e3e-82ba-35f07e316fed,run1_rep1,C,OPEN,OPEN,request,CACHE,HIT,0.024208000468206592,0.7833749987185001,INFO,adaptador.request,false,degradado,0.7059169984131586,9407.981202168,9407.981961335,9407.98117796,9407.981908085,CIRCUIT_OPEN,2026-09-05T00:05:11.180157Z
35812f57-89b2-4dfa-9065-3126da4e4072,run1_rep1,C,OPEN,OPEN,request,CACHE,HIT,0.017124999430961907,0.865624999278225,INFO,adaptador.request,false,degradado,0.8069590003287885,9407.981784418,9407.982632918,9407.981767293,9407.982591377,CIRCUIT_OPEN,2026-09-05T00:05:11.180779Z
aa2384a5-667a-4e30-b2aa-c3d433425dd7,run1_rep1,C,OPEN,OPEN,request,CACHE,HIT,0.02204200063715689,0.40070800059766043,INFO,adaptador.request,false,degradado,0.33149999944726005,9407.993196002,9407.993574668,9407.99317396,9407.993527502,CIRCUIT_OPEN,2026-09-05T00:05:11.191750Z
0beab084-e4f4-49ca-a654-e60a9a01e866,run1_rep1,C,OPEN,OPEN,request,CACHE,HIT,0.03812500108324457,0.673333001032006,INFO,adaptador.request,false,degradado,0.5649999984598253,9408.040352669,9408.040987877,9408.040314544,9408.040917669,CIRCUIT_OPEN,2026-09-05T00:05:11.239179Z
7b6efa11-df94-433e-8577-6428f26a75c4,run1_rep1,C,OPEN,OPEN,request,CACHE,HIT,0.05325000165612437,0.8274170013464754,INFO,adaptador.request,false,degradado,0.6877089999761665,9408.217630835,9408.218405002,9408.217577585,9408.218318544,CIRCUIT_OPEN,2026-09-05T00:05:11.416574Z
ba4f63fd-fcdd-469a-9f2a-95fe978fdbee,run1_rep1,C,OPEN,OPEN,request,CACHE,HIT,0.03345799996168353,0.5679169989889488,INFO,adaptador.request,false,degradado,0.45725000018137507,9408.22867371,9408.229208169,9408.228640252,9408.22913096,CIRCUIT_OPEN,2026-09-05T00:05:11.427386Z
c8a7623f-0765-41f4-8504-d2220cea9305,run1_rep1,C,OPEN,OPEN,request,CACHE,HIT,0.030125000193947926,0.6297079999058042,INFO,adaptador.request,false,degradado,0.5247919998510042,9408.237361002,9408.237960585,9408.237330877,9408.237885794,CIRCUIT_OPEN,2026-09-05T00:05:11.436170Z
ec0e3d69-c2ac-48b5-9bdf-fa619b3278aa,run1_rep1,C,OPEN,OPEN,request,CACHE,HIT,0.03712499892571941,0.8942079984990414,INFO,adaptador.request,false,degradado,0.7678330002818257,9408.287225294,9408.288082377,9408.287188169,9408.287993127,CIRCUIT_OPEN,2026-09-05T00:05:11.486254Z
af3b861e-57c8-4030-bf5d-6d5e08837de7,run1_rep1,C,OPEN,OPEN,request,CACHE,HIT,0.02220799979113508,0.815708001027815,INFO,adaptador.request,false,degradado,0.741375000870903,9408.287885335,9408.288678835,9408.287863127,9408.28862671,CIRCUIT_OPEN,2026-09-05T00:05:11.487039Z
6f3d4a3a-8acd-4d76-8a22-0f73c70dc291,run1_rep1,C,OPEN,OPEN,request,CACHE,HIT,0.0412499994126847,0.6920830001035938,INFO,adaptador.request,false,degradado,0.5713330010621576,9408.354869252,9408.355520085,9408.354828002,9408.355440585,CIRCUIT_OPEN,2026-09-05T00:05:11.553731Z
a7efe99e-a94a-4f80-aea4-9094d4389f25,run1_rep1,C,OPEN,OPEN,request,CACHE,HIT,0.13020799997320864,1.2915829993289663,INFO,adaptador.request,false,degradado,1.0882089991355315,9408.362127585,9408.36328896,9408.361997377,9408.363215794,CIRCUIT_OPEN,2026-09-05T00:05:11.561476Z
f8534f74-c51f-4f94-8684-673ba7a7ebd4,run1_rep1,C,OPEN,OPEN,request,CACHE,HIT,0.014749999536434188,0.8579590012232075,INFO,adaptador.request,false,degradado,0.7972920011525275,9408.36312171,9408.363964919,9408.36310696,9408.363919002,CIRCUIT_OPEN,2026-09-05T00:05:11.562395Z
de30c476-2268-4335-8a08-ebb609c11fd7,run1_rep1,C,OPEN,OPEN,request,CACHE,HIT,0.04470800013223197,0.7079999995767139,INFO,adaptador.request,false,degradado,0.5867500003660098,9408.425073835,9408.425737127,9408.425029127,9408.425660585,CIRCUIT_OPEN,2026-09-05T00:05:11.623903Z
85730bf2-0bcd-466f-89ca-be6fda0954ba,run1_rep1,C,OPEN,OPEN,request,CACHE,HIT,0.031083000067155808,0.49362500067218207,INFO,adaptador.request,false,degradado,0.4120419998798752,9408.43614821,9408.436610752,9408.436117127,9408.436560252,CIRCUIT_OPEN,2026-09-05T00:05:11.634780Z
fae4a07a-f4d1-4e1e-b540-bf95c69f913a,run1_rep1,C,OPEN,OPEN,request,CACHE,HIT,0.02916699850175064,0.5865839993930422,INFO,adaptador.request,false,degradado,0.4811250000784639,9408.446753252,9408.447310669,9408.446724085,9408.447234377,CIRCUIT_OPEN,2026-09-05T00:05:11.645492Z
39610e88-0643-4b37-a0bf-82288177f7bd,run1_rep1,C,OPEN,OPEN,request,CACHE,HIT,0.023165999664342962,0.42383299842185806,INFO,adaptador.request,false,degradado,0.3538749988365453,9408.45719246,9408.457593127,9408.457169294,9408.457546335,CIRCUIT_OPEN,2026-09-05T00:05:11.655745Z
3bd68543-73f8-445a-8b66-36d6d78243a5,run1_rep1,C,OPEN,OPEN,request,CACHE,HIT,0.03437500163272489,0.5741670011047972,INFO,adaptador.request,false,degradado,0.4567079995467793,9408.490524127,9408.491063919,9408.490489752,9408.490980835,CIRCUIT_OPEN,2026-09-05T00:05:11.689228Z
6bd61c67-d7d2-4926-b7f7-e43af0fc1a6b,run1_rep1,C,OPEN,OPEN,request,CACHE,HIT,0.049791000492405146,0.7646659996680683,INFO,adaptador.request,false,degradado,0.6327920000330778,9408.592644335,9408.59335921,9408.592594544,9408.593277127,CIRCUIT_OPEN,2026-09-05T00:05:11.791533Z
f2c6ca23-830a-41d4-a89c-7c08af785033,run1_rep1,C,OPEN,OPEN,request,CACHE,HIT,0.04599999920174014,0.7517079993704101,INFO,adaptador.request,false,degradado,0.6134159993962385,9408.662916669,9408.663622377,9408.662870669,9408.663530085,CIRCUIT_OPEN,2026-09-05T00:05:11.861807Z
41f5c624-8277-4cf3-a494-996dd6e09cb1,run1_rep1,C,OPEN,OPEN,request,CACHE,HIT,0.03537500015227124,0.5656659996020608,INFO,adaptador.request,false,degradado,0.4694159997598035,9408.675908419,9408.67643871,9408.675873044,9408.676377835,CIRCUIT_OPEN,2026-09-05T00:05:11.874602Z
cc4cf3c5-2f56-4bee-ba60-9795b8b42ebb,run1_rep1,C,OPEN,OPEN,request,CACHE,HIT,0.024666998797329143,0.820041999759269,INFO,adaptador.request,false,degradado,0.6837500004621688,9408.680681794,9408.681477169,9408.680657127,9408.681365544,CIRCUIT_OPEN,2026-09-05T00:05:11.879693Z
0f245f64-10b9-4766-9062-434e118119b9,run1_rep1,C,OPEN,OPEN,request,CACHE,HIT,0.03345799996168353,0.6478750001406297,INFO,adaptador.request,false,degradado,0.5521250004676403,9408.781487919,9408.782102336,9408.781454461,9408.782040044,CIRCUIT_OPEN,2026-09-05T00:05:11.980273Z
e88b5ea8-7bd7-4ec5-af02-d4201b29ef4b,run1_rep1,C,OPEN,OPEN,request,CACHE,HIT,0.05100000089441892,0.8081670002866304,INFO,adaptador.request,false,degradado,0.667500000417931,9408.829458127,9408.830215294,9408.829407127,9408.830125627,CIRCUIT_OPEN,2026-09-05T00:05:12.028401Z
7cd58a6f-07d0-4f45-b327-4761927db3f3,run1_rep1,C,OPEN,OPEN,request,CACHE,HIT,0.03458299943304155,0.6575829993380466,INFO,adaptador.request,false,degradado,0.547334000657429,9408.833876752,9408.834499752,9408.833842169,9408.834424086,CIRCUIT_OPEN,2026-09-05T00:05:12.032691Z
004b1a2d-5676-4444-9174-f3b0fa940caa,run1_rep1,C,OPEN,OPEN,request,CACHE,HIT,0.0473749987577321,0.8782919994700933,INFO,adaptador.request,false,degradado,0.7399580008495832,9408.928947669,9408.929778586,9408.928900294,9408.929687627,CIRCUIT_OPEN,2026-09-05T00:05:12.127956Z
96c0fc63-ac56-4fe9-ad16-f6848ffa2bd2,run1_rep1,C,OPEN,OPEN,request,CACHE,HIT,0.029875000109313987,0.5252920000202721,INFO,adaptador.request,false,degradado,0.42337500053690746,9408.931930752,9408.932426169,9408.931900877,9408.932354127,CIRCUIT_OPEN,2026-09-05T00:05:12.130594Z
99eb44a6-b93c-44d7-b6d8-435469d9eafd,run1_rep1,C,OPEN,OPEN,request,CACHE,HIT,0.029208000341895968,1.0056250011984957,INFO,adaptador.request,false,degradado,0.8927090002543991,9408.933802377,9408.934778794,9408.933773169,9408.934695086,CIRCUIT_OPEN,2026-09-05T00:05:12.133064Z
7935f79e-cf01-4e06-921f-cdeabe5d5dbc,run1_rep1,C,OPEN,OPEN,request,CACHE,HIT,0.025749999622348696,0.5364999997254927,INFO,adaptador.request,false,degradado,0.43808400005218573,9408.939686627,9408.940197377,9408.939660877,9408.940124711,CIRCUIT_OPEN,2026-09-05T00:05:12.138359Z
5e6b7a53-e314-4dc4-8fdb-aa7ae084e44a,run1_rep1,C,OPEN,OPEN,request,CACHE,HIT,0.02074999974865932,0.43345899939595256,INFO,adaptador.request,false,degradado,0.34941699959745165,9408.946641377,9408.947054086,9408.946620627,9408.946990794,CIRCUIT_OPEN,2026-09-05T00:05:12.145221Z
59f92a1f-b15e-4ca6-a224-abcdf5073b50,run1_rep1,C,OPEN,OPEN,request,CACHE,HIT,0.022833999537397176,0.4738749994430691,INFO,adaptador.request,false,degradado,0.3956660002586432,9408.969637961,9408.970089002,9408.969615127,9408.970033627,CIRCUIT_OPEN,2026-09-05T00:05:12.168248Z
157eb86b-0673-4977-9c41-e9ebc19c28f8,run1_rep1,C,OPEN,OPEN,request,CACHE,HIT,0.04437499956111424,0.7042500001261942,INFO,adaptador.request,false,degradado,0.5674580006598262,9409.034542419,9409.035202294,9409.034498044,9409.035109877,CIRCUIT_OPEN,2026-09-05T00:05:12.233385Z
1a4aed50-f146-400c-b714-2e9cff782ff1,run1_rep1,C,OPEN,OPEN,request,CACHE,HIT,0.03525000101944897,0.5819590005557984,INFO,adaptador.request,false,degradado,0.47566700050083455,9409.050440752,9409.050987461,9409.050405502,9409.050916419,CIRCUIT_OPEN,2026-09-05T00:05:12.249174Z
6e8eb160-fb21-4c81-86f8-528da20aea6f,run1_rep1,C,OPEN,OPEN,request,CACHE,HIT,0.039041999116307124,0.641708998955437,INFO,adaptador.request,false,degradado,0.5181249998713611,9409.077456919,9409.078059586,9409.077417877,9409.077975044,CIRCUIT_OPEN,2026-09-05T00:05:12.276223Z
7a045000-5899-490c-af1a-3cac71ca3767,run1_rep1,C,OPEN,OPEN,request,CACHE,HIT,0.02887499977077823,0.5005830007576151,INFO,adaptador.request,false,degradado,0.4159580003033625,9409.085826211,9409.086297919,9409.085797336,9409.086242169,CIRCUIT_OPEN,2026-09-05T00:05:12.284449Z
2a695e7c-e056-4f8f-9b34-0c4a8b7fe4a9,run1_rep1,C,OPEN,OPEN,request,CACHE,HIT,0.029041000743745826,0.5697910000890261,INFO,adaptador.request,false,degradado,0.4782920004799962,9409.111845002,9409.112385752,9409.111815961,9409.112323294,CIRCUIT_OPEN,2026-09-05T00:05:12.310563Z
93d88920-4cdf-4d41-9d21-24208c43e190,run1_rep1,C,OPEN,OPEN,request,CACHE,HIT,0.03558300159056671,0.7080000013957033,INFO,adaptador.request,false,degradado,0.5921249994571554,9409.165860794,9409.166533211,9409.165825211,9409.166452919,CIRCUIT_OPEN,2026-09-05T00:05:12.364737Z
07c053e8-0071-4d3a-9794-f7d1a2f2ea45,run1_rep1,C,OPEN,OPEN,request,CACHE,HIT,0.04316600097808987,0.9370830011903308,INFO,adaptador.request,false,degradado,0.7880419998400612,9409.169334377,9409.170228294,9409.169291211,9409.170122419,CIRCUIT_OPEN,2026-09-05T00:05:12.368430Z
f21779ca-6f78-447a-b8a2-f425a7187bfe,run1_rep1,C,OPEN,OPEN,request,CACHE,HIT,0.029875000109313987,0.6457920007960638,INFO,adaptador.request,false,degradado,0.5472500015457626,9409.172957169,9409.173573086,9409.172927294,9409.173504419,CIRCUIT_OPEN,2026-09-05T00:05:12.371798Z
769a1952-d341-4dd9-adb1-a93cfcb6e7ff,run1_rep1,C,OPEN,OPEN,request,CACHE,HIT,0.03991599987784866,0.6770829986635363,INFO,adaptador.request,false,degradado,0.5409169989434304,9409.242425127,9409.243062294,9409.242385211,9409.242966044,CIRCUIT_OPEN,2026-09-05T00:05:12.441243Z
1f7511c7-f2ac-4da9-be72-ac10d9d47c96,run1_rep1,C,OPEN,OPEN,request,CACHE,HIT,0.03741599903150927,0.5837909993715584,INFO,adaptador.request,false,degradado,0.4750000007334165,9409.271545377,9409.272091752,9409.271507961,9409.272020377,CIRCUIT_OPEN,2026-09-05T00:05:12.470262Z
3fd4a259-62dc-4405-969f-034d8d0bc658,run1_rep1,C,OPEN,OPEN,request,CACHE,HIT,0.03429200114624109,0.5779170005553169,INFO,adaptador.request,false,degradado,0.4851670000789454,9409.310788794,9409.311332419,9409.310754502,9409.311273961,CIRCUIT_OPEN,2026-09-05T00:05:12.509490Z
e117e0cb-0e02-4ba8-a9dd-1378897019ab,run1_rep1,C,OPEN,OPEN,request,CACHE,HIT,0.045457998567144386,1.1759579992940417,INFO,adaptador.request,false,degradado,1.0417090015835129,9409.389357502,9409.390488002,9409.389312044,9409.390399211,CIRCUIT_OPEN,2026-09-05T00:05:12.588889Z
ac5c04a7-5838-48eb-90e9-cb9c29d2b2be,run1_rep1,C,OPEN,OPEN,request,CACHE,HIT,0.01662499926169403,0.9093749995372491,INFO,adaptador.request,false,degradado,0.8508750015607802,9409.389824502,9409.390717252,9409.389807877,9409.390675377,CIRCUIT_OPEN,2026-09-05T00:05:12.589175Z
4f8a35e1-83b8-4935-80b0-d589f6506f1a,run1_rep1,C,OPEN,OPEN,request,CACHE,HIT,0.032666999686625786,0.601957999606384,INFO,adaptador.request,false,degradado,0.493875000756816,9409.397189836,9409.397759127,9409.397157169,9409.397683711,CIRCUIT_OPEN,2026-09-05T00:05:12.595946Z
0cd96af0-be79-45a3-9b88-d6c2dd230d46,run1_rep1,C,OPEN,OPEN,request,CACHE,HIT,0.022959000489208847,0.4407090000313474,INFO,adaptador.request,false,degradado,0.3665829990495695,9409.413701461,9409.414119211,9409.413678502,9409.414068044,CIRCUIT_OPEN,2026-09-05T00:05:12.612276Z
2b7b7433-e663-47c6-a563-848fd73274ff,run1_rep1,C,OPEN,OPEN,request,CACHE,HIT,0.031207999199978076,1.0371659991506021,INFO,adaptador.request,false,degradado,0.9433750001335284,9409.440591711,9409.441597669,9409.440560503,9409.441535086,CIRCUIT_OPEN,2026-09-05T00:05:12.640118Z
d6ed3e93-0db3-4e52-a16d-8c1b67332439,run1_rep1,C,OPEN,OPEN,request,CACHE,HIT,0.013166998542146757,0.9697499990579672,INFO,adaptador.request,false,degradado,0.8960830000432907,9409.440968586,9409.441925169,9409.440955419,9409.441864669,CIRCUIT_OPEN,2026-09-05T00:05:12.640438Z
f68ba09a-dccd-4110-82c4-fd98f80e5070,run1_rep1,C,OPEN,OPEN,request,CACHE,HIT,0.03620799907366745,0.6359159997373354,INFO,adaptador.request,false,degradado,0.5348329996195389,9409.487844836,9409.488444544,9409.487808628,9409.488379669,CIRCUIT_OPEN,2026-09-05T00:05:12.686612Z
a14d5934-e5c7-4a76-bb40-b45d7a6c1877,run1_rep1,C,OPEN,OPEN,request,CACHE,HIT,0.06379199840012006,0.7437919994117692,INFO,adaptador.request,false,degradado,0.590208001085557,9409.616058253,9409.616738253,9409.615994461,9409.616648461,CIRCUIT_OPEN,2026-09-05T00:05:12.814920Z
89a7e850-eba6-45e5-86d4-631addfc859f,run1_rep1,C,OPEN,OPEN,request,CACHE,HIT,0.04095900112588424,0.7033340007183142,INFO,adaptador.request,false,degradado,0.5717499989259522,9409.676961753,9409.677624128,9409.676920794,9409.677533503,CIRCUIT_OPEN,2026-09-05T00:05:12.875808Z
e3f3f091-1087-407d-8522-88b9651cdb22,run1_rep1,C,OPEN,OPEN,request,CACHE,HIT,0.04179200004728045,0.7106249995558755,INFO,adaptador.request,false,degradado,0.5641249990731012,9409.782366003,9409.783034836,9409.782324211,9409.782930128,CIRCUIT_OPEN,2026-09-05T00:05:12.981216Z
b917530e-efd3-42db-89b5-2123879db59c,run1_rep1,C,OPEN,OPEN,request,CACHE,HIT,0.031167000997811556,0.7463750007445924,INFO,adaptador.request,false,degradado,0.6582499991054647,9409.789232461,9409.789947669,9409.789201294,9409.789890711,CIRCUIT_OPEN,2026-09-05T00:05:12.988139Z
ab4d7f77-8eaf-4b4d-8008-f16b4a3e38a3,run1_rep1,C,OPEN,OPEN,request,CACHE,HIT,0.02091699934680946,0.742750000426895,INFO,adaptador.request,false,degradado,0.6795410008635372,9409.789795378,9409.790517211,9409.789774461,9409.790474919,CIRCUIT_OPEN,2026-09-05T00:05:12.989005Z
4b17e38d-15c6-403d-9e01-145f1c491383,run1_rep1,C,OPEN,OPEN,request,CACHE,HIT,0.016416001017205417,0.6458330008172197,INFO,adaptador.request,false,degradado,0.5559589990298264,9409.832697169,9409.833326586,9409.832680753,9409.833253128,CIRCUIT_OPEN,2026-09-05T00:05:13.031746Z
7f72b779-378e-416b-b1e0-bbb1f17ca6bb,run1_rep1,C,OPEN,OPEN,request,CACHE,HIT,0.03720799941220321,1.2838749989896314,INFO,adaptador.request,false,degradado,1.200958000481478,9409.832330461,9409.833577128,9409.832293253,9409.833531419,CIRCUIT_OPEN,2026-09-05T00:05:13.032042Z
33d3f420-066a-4219-8af5-3c98a8a2eebb,run1_rep1,C,OPEN,OPEN,request,CACHE,HIT,0.025874998755170964,1.0112919990206137,INFO,adaptador.request,false,degradado,0.8970420003606705,9409.907483336,9409.908468753,9409.907457461,9409.908380378,CIRCUIT_OPEN,2026-09-05T00:05:13.106953Z
c0ff0790-998c-443b-9404-1f6905ea851b,run1_rep1,C,OPEN,OPEN,request,CACHE,HIT,0.017624999600229785,0.9046249997481937,INFO,adaptador.request,false,degradado,0.8373750006285263,9409.907858294,9409.908745294,9409.907840669,9409.908695669,CIRCUIT_OPEN,2026-09-05T00:05:13.107629Z
0566ec90-aa1e-472a-be16-1c190ff24f73,run1_rep1,C,OPEN,OPEN,request,CACHE,HIT,0.016166999557754025,0.4185840007266961,INFO,adaptador.request,false,degradado,0.3485830002318835,9409.913139211,9409.913541628,9409.913123044,9409.913487794,CIRCUIT_OPEN,2026-09-05T00:05:13.111700Z
dade9f00-8ad0-4ec4-8679-2a3127e2575c,run1_rep1,C,OPEN,OPEN,request,CACHE,HIT,0.028458998713176697,0.45758399937767535,INFO,adaptador.request,false,degradado,0.3763330005313037,9410.002879753,9410.003308878,9410.002851294,9410.003256086,CIRCUIT_OPEN,2026-09-05T00:05:13.201454Z
737b5c9d-214c-4c33-ab94-b6aa28d213ac,run1_rep1,C,OPEN,OPEN,request,CACHE,HIT,0.01716699989628978,0.3500830007396871,INFO,adaptador.request,false,degradado,0.27529100043466315,9410.017363128,9410.017696044,9410.017345961,9410.017638419,CIRCUIT_OPEN,2026-09-05T00:05:13.215863Z
8f89405c-4419-438e-9e4c-72ab3d740a86,run1_rep1,C,OPEN,OPEN,request,CACHE,HIT,0.0184580003406154,0.3639169990492519,INFO,adaptador.request,false,degradado,0.30491699908452574,9410.029945169,9410.030290628,9410.029926711,9410.030250086,CIRCUIT_OPEN,2026-09-05T00:05:13.228424Z
6fa4f1b9-163d-4c5e-a56c-eb637cf10ed8,run1_rep1,C,OPEN,OPEN,request,CACHE,HIT,0.0335830009134952,0.6874160008010222,INFO,adaptador.request,false,degradado,0.5970830006845063,9410.092084586,9410.092738419,9410.092051003,9410.092681669,CIRCUIT_OPEN,2026-09-05T00:05:13.290892Z
6ee2e442-cadc-44f3-85d8-f5ab594b66d4,run1_rep1,C,OPEN,OPEN,request,CACHE,HIT,0.02129099993908312,0.4584579983202275,INFO,adaptador.request,false,degradado,0.37362500006565824,9410.106404669,9410.106841836,9410.106383378,9410.106778294,CIRCUIT_OPEN,2026-09-05T00:05:13.305012Z
cd7768bf-f8dc-416a-ade5-1c88e40ef640,run1_rep1,C,OPEN,OPEN,request,CACHE,HIT,0.04958299905410968,0.8812500000203727,INFO,adaptador.request,false,degradado,0.7201250009529758,9410.188549211,9410.189380878,9410.188499628,9410.189269336,CIRCUIT_OPEN,2026-09-05T00:05:13.387626Z
4059a8cc-162b-4d3f-ba3e-f8eac718c5e7,run1_rep1,C,OPEN,OPEN,request,CACHE,HIT,0.049500000386615284,0.7192499997472623,INFO,adaptador.request,false,degradado,0.537499998245039,9410.192048295,9410.192718045,9410.191998795,9410.192585795,CIRCUIT_OPEN,2026-09-05T00:05:13.390997Z
1143c3c9-3f4d-4adb-a8e9-cf4ab76ad0fb,run1_rep1,C,OPEN,OPEN,request,CACHE,HIT,0.030249999326770194,0.5288329994073138,INFO,adaptador.request,false,degradado,0.4436250001162989,9410.207063795,9410.207562378,9410.207033545,9410.20750742,CIRCUIT_OPEN,2026-09-05T00:05:13.405722Z
94204c5a-2c69-4562-8979-a69638df37a2,run1_rep1,C,OPEN,OPEN,request,CACHE,HIT,0.04283299858798273,0.7067079986882163,INFO,adaptador.request,false,degradado,0.5736250004702015,9410.255531378,9410.256195253,9410.255488545,9410.256105003,CIRCUIT_OPEN,2026-09-05T00:05:13.454389Z
ee059c22-5e86-4319-8dfd-35fb062d24e1,run1_rep1,C,OPEN,OPEN,request,CACHE,HIT,0.038207999750738963,0.6719160010106862,INFO,adaptador.request,false,degradado,0.5528330002562143,9410.314729003,9410.315362711,9410.314690795,9410.315281836,CIRCUIT_OPEN,2026-09-05T00:05:13.513549Z
e73750c1-a202-413d-ac4a-b105541d62f2,run1_rep1,C,OPEN,OPEN,request,CACHE,HIT,0.031667001167079434,0.674209000862902,INFO,adaptador.request,false,degradado,0.5653749994962709,9410.319930628,9410.32057317,9410.319898961,9410.320496003,CIRCUIT_OPEN,2026-09-05T00:05:13.518757Z
5e9a9c5e-88fc-4a0f-8998-25ed3d919a1a,run1_rep1,C,OPEN,OPEN,request,CACHE,HIT,0.023749998945277184,0.7631249991391087,INFO,adaptador.request,false,degradado,0.6756250004400499,9410.330450586,9410.331189961,9410.330426836,9410.331126211,CIRCUIT_OPEN,2026-09-05T00:05:13.529373Z
0539e292-9611-4cd4-bab1-446612a4ff23,run1_rep1,C,OPEN,OPEN,request,CACHE,HIT,0.020041999960085377,0.8187919993360993,INFO,adaptador.request,false,degradado,0.7482909986720188,9410.33105317,9410.33185192,9410.331033128,9410.331801461,CIRCUIT_OPEN,2026-09-05T00:05:13.530220Z
686872c6-498e-43c8-b268-3fe66a290933,run1_rep1,C,OPEN,OPEN,request,CACHE,HIT,0.014916000509401783,0.3692500013130484,INFO,adaptador.request,false,degradado,0.30941700060793664,9410.336809961,9410.337164295,9410.336795045,9410.337119378,CIRCUIT_OPEN,2026-09-05T00:05:13.535310Z
8d8d0b5f-ad48-4c2d-a9c8-5beaeee22bbc,run1_rep1,C,OPEN,OPEN,request,CACHE,HIT,0.03133300015178975,0.9710829999676207,INFO,adaptador.request,false,degradado,0.6822089999332093,9410.378974211,9410.379913961,9410.378942878,9410.37965642,CIRCUIT_OPEN,2026-09-05T00:05:13.578265Z
a6be8490-9de6-480e-bd7e-ccfd15b06ca9,run1_rep1,C,OPEN,OPEN,request,CACHE,HIT,0.02633400072227232,0.871917000040412,INFO,adaptador.request,false,degradado,0.7872909991419874,9410.38640067,9410.387246253,9410.386374336,9410.387187961,CIRCUIT_OPEN,2026-09-05T00:05:13.585414Z
f4f8d15a-6105-495f-9a94-983b9dbb924f,run1_rep1,C,OPEN,OPEN,request,CACHE,HIT,0.020292000044719316,0.8042090012168046,INFO,adaptador.request,false,degradado,0.7333330013352679,9410.387129878,9410.387913795,9410.387109586,9410.387863211,CIRCUIT_OPEN,2026-09-05T00:05:13.586260Z
ec21918d-70f7-4d3c-90c5-5c9cb5acf896,run1_rep1,C,OPEN,OPEN,request,CACHE,HIT,0.04466700011107605,0.7693330007896293,INFO,adaptador.request,false,degradado,0.6457910003518919,9410.457874295,9410.458598961,9410.457829628,9410.458520086,CIRCUIT_OPEN,2026-09-05T00:05:13.656772Z
1b128162-4849-4dac-b7ed-662b39a85189,run1_rep1,C,OPEN,OPEN,request,CACHE,HIT,0.03891699998348486,0.9657499995228136,INFO,adaptador.request,false,degradado,0.8469159984088037,9410.514552545,9410.515479378,9410.514513628,9410.515399461,CIRCUIT_OPEN,2026-09-05T00:05:13.713671Z
f91c2be8-ffe2-4066-8251-d765a6e5b718,run1_rep1,C,OPEN,OPEN,request,CACHE,HIT,0.02329199924133718,0.8167079995473614,INFO,adaptador.request,false,degradado,0.741416000892059,9410.51529217,9410.516085586,9410.515268878,9410.516033586,CIRCUIT_OPEN,2026-09-05T00:05:13.714438Z
f9c58802-0163-4b04-a68d-d7f2b71c4d32,run1_rep1,C,OPEN,OPEN,request,CACHE,HIT,0.03670800106192473,0.5340420011634706,INFO,adaptador.request,false,degradado,0.44187499952386133,9410.525151211,9410.525648545,9410.525114503,9410.525593086,CIRCUIT_OPEN,2026-09-05T00:05:13.723802Z
d7367571-00d9-462f-ae8f-a574e044b573,run1_rep1,C,OPEN,OPEN,request,CACHE,HIT,0.030541999876732007,0.6142090005596401,INFO,adaptador.request,false,degradado,0.5082499992568046,9410.532922753,9410.53350642,9410.532892211,9410.533431003,CIRCUIT_OPEN,2026-09-05T00:05:13.731686Z
e34ca10d-b5fc-4aaf-b6ec-1a3ef4eb5f26,run1_rep1,C,OPEN,OPEN,request,CACHE,HIT,0.04616700061887968,0.7312500001717126,INFO,adaptador.request,false,degradado,0.5837909993715584,9410.64555442,9410.646239503,9410.645508253,9410.646138211,CIRCUIT_OPEN,2026-09-05T00:05:13.844425Z
50c449e1-78fc-48af-acc0-f02722ffe0cc,run1_rep1,C,OPEN,OPEN,request,CACHE,HIT,0.03987499985669274,0.673792001180118,INFO,adaptador.request,false,degradado,0.5589169995801058,9410.669692336,9410.670326253,9410.669652461,9410.670251253,CIRCUIT_OPEN,2026-09-05T00:05:13.868509Z
4006aeb6-4bc7-454d-8bd2-ea7aa8872035,run1_rep1,C,OPEN,OPEN,request,CACHE,HIT,0.04425000042829197,0.7404999996651895,INFO,adaptador.request,false,degradado,0.6090000006224727,9410.73964392,9410.74034017,9410.73959967,9410.74025292,CIRCUIT_OPEN,2026-09-05T00:05:13.938528Z
99b4013e-ad27-4c87-9dee-b054343c39e3,run1_rep1,C,OPEN,OPEN,request,CACHE,HIT,0.033332999009871855,0.6635829995502718,INFO,adaptador.request,false,degradado,0.5428750009741634,9410.749872711,9410.750502961,9410.749839378,9410.750415586,CIRCUIT_OPEN,2026-09-05T00:05:13.948690Z
fc0d0d06-9dbc-48c8-a4d7-2cbf030a8976,run1_rep1,C,OPEN,OPEN,request,CACHE,HIT,0.03929200101993047,0.7034169993858086,INFO,adaptador.request,false,degradado,0.5751249991590157,9410.78891167,9410.789575795,9410.788872378,9410.789486795,CIRCUIT_OPEN,2026-09-05T00:05:13.987774Z
d0207314-11f2-40a5-9f1c-548526d4f43d,run1_rep1,C,OPEN,OPEN,request,CACHE,HIT,0.0412499994126847,1.2651670003833715,INFO,adaptador.request,false,degradado,1.1341669996909332,9410.806373128,9410.807597045,9410.806331878,9410.807507295,CIRCUIT_OPEN,2026-09-05T00:05:14.005776Z
bd073f36-0e9b-42f5-beac-40cd8bcfb5ec,run1_rep1,C,OPEN,OPEN,request,CACHE,HIT,0.027707999834092334,0.8255000011558877,INFO,adaptador.request,false,degradado,0.744334000046365,9410.827457753,9410.828255545,9410.827430045,9410.828202087,CIRCUIT_OPEN,2026-09-05T00:05:14.026647Z
37729717-3fec-48a7-8ef6-e1fbaddfbd88,run1_rep1,C,OPEN,OPEN,request,CACHE,HIT,0.015999999959603883,0.6912919998285361,INFO,adaptador.request,false,degradado,0.6309589989541564,9410.827814378,9410.82848967,9410.827798378,9410.828445337,CIRCUIT_OPEN,2026-09-05T00:05:14.026864Z
6cc31839-bb85-4c47-b0bf-34570367825e,run1_rep1,C,OPEN,OPEN,request,CACHE,HIT,0.02033300006587524,0.8358329996553948,INFO,adaptador.request,false,degradado,0.7595000006404007,9410.833418003,9410.834233503,9410.83339767,9410.834177503,CIRCUIT_OPEN,2026-09-05T00:05:14.032694Z
5a5f7dd0-081e-4449-abdb-49f3c75fd140,run1_rep1,C,OPEN,OPEN,request,CACHE,HIT,0.01554200025566388,0.7765420014038682,INFO,adaptador.request,false,degradado,0.6878330004838062,9410.833750962,9410.834511962,9410.83373542,9410.834438795,CIRCUIT_OPEN,2026-09-05T00:05:14.032958Z
d95d8208-c03b-48f4-a278-d0a7052d7018,run1_rep1,C,OPEN,OPEN,request,CACHE,HIT,0.04962499951943755,0.6240830007300247,INFO,adaptador.request,false,degradado,0.4922500011161901,9410.958448045,9410.959022503,9410.95839842,9410.958940295,CIRCUIT_OPEN,2026-09-05T00:05:14.157193Z
18c0363d-fce8-4b4d-82de-974d962e3ed7,run1_rep1,C,OPEN,OPEN,request,CACHE,HIT,0.028541999199660495,0.5530829985218588,INFO,adaptador.request,false,degradado,0.45237499944050796,9410.963219337,9410.963743878,9410.963190795,9410.963671712,CIRCUIT_OPEN,2026-09-05T00:05:14.161923Z
ee1c4f57-2185-4869-844c-242c3eb22639,run1_rep1,C,OPEN,OPEN,request,CACHE,HIT,0.043166999603272416,0.7486670001526363,INFO,adaptador.request,false,degradado,0.6324580008367775,9411.022470045,9411.023175545,9411.022426878,9411.023102503,CIRCUIT_OPEN,2026-09-05T00:05:14.221343Z
6ef656c0-376a-4b82-ae4e-28f07421ef24,run1_rep1,C,OPEN,OPEN,request,CACHE,HIT,0.042083000153070316,0.6639169987465721,INFO,adaptador.request,false,degradado,0.5245839984127088,9411.054132503,9411.054754337,9411.05409042,9411.054657087,CIRCUIT_OPEN,2026-09-05T00:05:14.252936Z
4802aead-9e2b-40e4-9def-a6133d028390,run1_rep1,C,OPEN,OPEN,request,CACHE,HIT,0.033666001399978995,0.6152500009193318,INFO,adaptador.request,false,degradado,0.5182089989830274,9411.060865003,9411.061446587,9411.060831337,9411.061383212,CIRCUIT_OPEN,2026-09-05T00:05:14.259615Z
cc13477f-9b6b-4df5-880b-5e7e15344ad4,run1_rep1,C,OPEN,OPEN,request,CACHE,HIT,0.02954199953819625,0.5701669997506542,INFO,adaptador.request,false,degradado,0.46891599959053565,9411.068331962,9411.068872587,9411.06830242,9411.068800878,CIRCUIT_OPEN,2026-09-05T00:05:14.267057Z
88236cbd-f26b-421d-9e24-b1c179b90ce9,run1_rep1,C,OPEN,OPEN,request,CACHE,HIT,0.029916998755652457,1.0686249988793861,INFO,adaptador.request,false,degradado,0.9803749999264255,9411.098540587,9411.099579295,9411.09851067,9411.099520962,CIRCUIT_OPEN,2026-09-05T00:05:14.297756Z
94802af9-f2b7-4766-8921-f46ff5304951,run1_rep1,C,OPEN,OPEN,request,CACHE,HIT,0.0440419989899965,0.805666999440291,INFO,adaptador.request,false,degradado,0.6868330001452705,9411.175334712,9411.176096337,9411.17529067,9411.176021545,CIRCUIT_OPEN,2026-09-05T00:05:14.374258Z
966d9863-18e2-4515-beba-c52fc373f8f2,run1_rep1,C,OPEN,OPEN,request,CACHE,HIT,0.028667000151472166,0.6486250003945315,INFO,adaptador.request,false,degradado,0.5607080001936993,9411.181603712,9411.18222367,9411.181575045,9411.18216442,CIRCUIT_OPEN,2026-09-05T00:05:14.380383Z
5e09ee8a-6474-4010-9559-295cd7f16a5d,run1_rep1,C,OPEN,OPEN,request,CACHE,HIT,0.0223340011871187,0.4289170010451926,INFO,adaptador.request,false,degradado,0.3403329992579529,9411.189265712,9411.189672295,9411.189243378,9411.189606045,CIRCUIT_OPEN,2026-09-05T00:05:14.387851Z
f73369ab-4fb1-49a6-992a-aa7537a5c16c,run1_rep1,C,OPEN,OPEN,request,CACHE,HIT,0.06199999916134402,1.0417919984320179,INFO,adaptador.request,false,degradado,0.888541999302106,9411.26604692,9411.267026712,9411.26598492,9411.266935462,CIRCUIT_OPEN,2026-09-05T00:05:14.465200Z
45fa3871-f210-4cf7-af01-b4de49943990,run1_rep1,C,OPEN,OPEN,request,CACHE,HIT,0.02179200055252295,0.8005830004549352,INFO,adaptador.request,false,degradado,0.7299159988178872,9411.266828837,9411.267607628,9411.266807045,9411.267558753,CIRCUIT_OPEN,2026-09-05T00:05:14.465929Z
34c069d2-8017-44b6-8515-dcc80addfeec,run1_rep1,C,OPEN,OPEN,request,CACHE,HIT,0.03574999936972745,0.9492909994150978,INFO,adaptador.request,false,degradado,0.8321659988723695,9411.285727962,9411.286641503,9411.285692212,9411.286560128,CIRCUIT_OPEN,2026-09-05T00:05:14.485160Z
d8caeb7f-adf4-482d-82d2-338ca8f65b3d,run1_rep1,C,OPEN,OPEN,request,CACHE,HIT,0.013667000530404039,0.8369170009245863,INFO,adaptador.request,false,degradado,0.7707909990131157,9411.286115462,9411.286938712,9411.286101795,9411.286886253,CIRCUIT_OPEN,2026-09-05T00:05:14.485459Z
74df1b15-20eb-4af4-8efd-c226544e5909,run1_rep1,C,OPEN,OPEN,request,CACHE,HIT,0.03849999848171137,0.6522919993585674,INFO,adaptador.request,false,degradado,0.5386250013543759,9411.339284503,9411.339898295,9411.339246003,9411.339823128,CIRCUIT_OPEN,2026-09-05T00:05:14.538071Z
1bf9a0a4-a426-47cb-bd22-968f4eb70615,run1_rep1,C,OPEN,OPEN,request,CACHE,HIT,0.05079200127511285,0.8563330011384096,INFO,adaptador.request,false,degradado,0.7099579997884575,9411.397137087,9411.397942628,9411.397086295,9411.397847045,CIRCUIT_OPEN,2026-09-05T00:05:14.596173Z
62e3aa22-669d-49a1-9450-69fa948bedfd,run1_rep1,C,OPEN,OPEN,request,CACHE,HIT,0.04312499913794454,0.6772500000806758,INFO,adaptador.request,false,degradado,0.5521250004676403,9411.432585878,9411.433220003,9411.432542753,9411.433138003,CIRCUIT_OPEN,2026-09-05T00:05:14.631403Z
dd2656e7-a47a-42d4-aaea-cf4a174f47c6,run1_rep1,C,OPEN,OPEN,request,CACHE,HIT,0.04245899981469847,1.0281249997206032,INFO,adaptador.request,false,degradado,0.9014999995997641,9411.483770962,9411.484756628,9411.483728503,9411.484672462,CIRCUIT_OPEN,2026-09-05T00:05:14.682938Z
eec9414d-d2c1-47a6-b013-c2a00a7d57da,run1_rep1,C,OPEN,OPEN,request,CACHE,HIT,0.01462500040361192,0.7943330001580762,INFO,adaptador.request,false,degradado,0.7322920009755762,9411.485115795,9411.485895503,9411.48510117,9411.485848087,CIRCUIT_OPEN,2026-09-05T00:05:14.684439Z
f2ff3572-525a-42fc-8feb-d82c9ba5d974,run1_rep1,C,OPEN,OPEN,request,CACHE,HIT,0.02404100087005645,1.7813750000641448,INFO,adaptador.request,false,degradado,1.7163749998871936,9411.484494753,9411.486252087,9411.484470712,9411.486211128,CIRCUIT_OPEN,2026-09-05T00:05:14.685414Z
4c286d6f-36d4-4a13-b94a-4b75d7263258,run1_rep1,C,OPEN,OPEN,request,CACHE,HIT,0.029499999072868377,0.5096249988127965,INFO,adaptador.request,false,degradado,0.412125000366359,9411.504234045,9411.50471417,9411.504204545,9411.50464617,CIRCUIT_OPEN,2026-09-05T00:05:14.702889Z
5691ca5f-bf15-40bf-9f76-3d7e2f19ea8e,run1_rep1,C,OPEN,OPEN,request,CACHE,HIT,0.02220799979113508,0.7907500003057066,INFO,adaptador.request,false,degradado,0.7078750004438916,9411.523412962,9411.524181504,9411.523390754,9411.524120837,CIRCUIT_OPEN,2026-09-05T00:05:14.722351Z
8a1a954b-5f46-4240-8b56-fb89f708f709,run1_rep1,C,OPEN,OPEN,request,CACHE,HIT,0.014500001270789653,0.8113750009215437,INFO,adaptador.request,false,degradado,0.7398750003630994,9411.523962629,9411.524759504,9411.523948129,9411.524702504,CIRCUIT_OPEN,2026-09-05T00:05:14.723123Z
4f470a54-7af8-4ea3-9435-838e14bc830c,run1_rep1,C,OPEN,OPEN,request,CACHE,HIT,0.018333999832975678,0.41633399996499065,INFO,adaptador.request,false,degradado,0.33866600097098853,9411.537512754,9411.537910754,9411.53749442,9411.53785142,CIRCUIT_OPEN,2026-09-05T00:05:14.736082Z
56bf5da6-7ea7-465d-b9e4-0a8bb7921f94,run1_rep1,C,OPEN,OPEN,request,CACHE,HIT,0.047375000576721504,0.6751670007361099,INFO,adaptador.request,false,degradado,0.5472080010804348,9411.618426837,9411.619054629,9411.618379462,9411.618974045,CIRCUIT_OPEN,2026-09-05T00:05:14.817216Z
0fdb5dd2-b54b-465f-aa82-73e4c039704f,run1_rep1,C,OPEN,OPEN,request,CACHE,HIT,0.034624999898369424,0.5967500001133885,INFO,adaptador.request,false,degradado,0.49520900029165205,9411.632404045,9411.63296617,9411.63236942,9411.632899254,CIRCUIT_OPEN,2026-09-05T00:05:14.831155Z
19f54be7-c685-47ec-8bfe-06b5f655fd58,run1_rep1,C,OPEN,OPEN,request,CACHE,HIT,0.036375000490807,0.6561669997608988,INFO,adaptador.request,false,degradado,0.5343749999155989,9411.702938295,9411.703558087,9411.70290192,9411.70347267,CIRCUIT_OPEN,2026-09-05T00:05:14.901742Z
9f966dab-12c6-4132-9119-ee78d2ce078f,run1_rep1,C,OPEN,OPEN,request,CACHE,HIT,0.038374999348889105,0.5560419995163102,INFO,adaptador.request,false,degradado,0.45483400026569143,9411.73211867,9411.732636337,9411.732080295,9411.732573504,CIRCUIT_OPEN,2026-09-05T00:05:14.930798Z
ac185532-8eb6-4f03-bcb5-c9b38ee27813,run1_rep1,C,OPEN,OPEN,request,CACHE,HIT,0.02741699972830247,0.4849169999943115,INFO,adaptador.request,false,degradado,0.39379100053338334,9411.741711879,9411.742169379,9411.741684462,9411.74210567,CIRCUIT_OPEN,2026-09-05T00:05:14.940344Z
ee8d56f1-f160-43e4-bd34-c17bc295bacf,run1_rep1,C,OPEN,OPEN,request,CACHE,HIT,0.035708999348571524,0.63245899946196,INFO,adaptador.request,false,degradado,0.5230000006122282,9411.783527754,9411.784124504,9411.783492045,9411.784050754,CIRCUIT_OPEN,2026-09-05T00:05:14.982308Z
8f65bc6d-67e2-4043-9545-017def15993a,run1_rep1,C,OPEN,OPEN,request,CACHE,HIT,0.02808399949572049,0.5671250000887085,INFO,adaptador.request,false,degradado,0.46962499982328154,9411.811791629,9411.81233067,9411.811763545,9411.812261254,CIRCUIT_OPEN,2026-09-05T00:05:15.010508Z
edd5c894-d205-44a2-9f5b-5c32ded266d7,run1_rep1,C,OPEN,OPEN,request,CACHE,HIT,0.03337499947519973,0.5776250000053551,INFO,adaptador.request,false,degradado,0.47654199988755863,9411.834230837,9411.834775087,9411.834197462,9411.834707379,CIRCUIT_OPEN,2026-09-05T00:05:15.032941Z
794b7106-5475-4962-92b5-c34510aefddb,run1_rep1,C,OPEN,OPEN,request,CACHE,HIT,0.05124999916006345,0.8255829998233821,INFO,adaptador.request,false,degradado,0.6636250000155997,9411.879288462,9411.880062795,9411.879237212,9411.879952087,CIRCUIT_OPEN,2026-09-05T00:05:15.078246Z
0704e7d2-7ae1-4c05-9423-e060cfb4a3c8,run1_rep1,C,OPEN,OPEN,request,CACHE,HIT,0.03445900074439123,0.6293750011536758,INFO,adaptador.request,false,degradado,0.5286249997880077,9411.907961629,9411.908556545,9411.90792717,9411.908490254,CIRCUIT_OPEN,2026-09-05T00:05:15.106734Z
cf6acbd8-8059-4419-9ea0-9c3314e50b16,run1_rep1,C,OPEN,OPEN,request,CACHE,HIT,0.029249998988234438,0.7602089990541572,INFO,adaptador.request,false,degradado,0.6713340007991064,9411.95984792,9411.960578879,9411.95981867,9411.960519254,CIRCUIT_OPEN,2026-09-05T00:05:15.158745Z
16829a61-2980-4cf2-96b3-110b5ebd07f4,run1_rep1,C,OPEN,OPEN,request,CACHE,HIT,0.01887500002339948,1.305334000790026,INFO,adaptador.request,false,degradado,1.240958999915165,9411.960479045,9411.961765504,9411.96046017,9411.961720004,CIRCUIT_OPEN,2026-09-05T00:05:15.160411Z
83055a45-bc86-49f9-a980-dd1e61730464,run1_rep1,C,OPEN,OPEN,request,CACHE,HIT,0.03237500095565338,1.2185830000817077,INFO,adaptador.request,false,degradado,1.141374999861,9411.961028879,9411.962215087,9411.960996504,9411.962170254,CIRCUIT_OPEN,2026-09-05T00:05:15.160740Z
76c83029-b0a9-4c34-b56d-8b562193b4e8,run1_rep1,C,OPEN,OPEN,request,CACHE,HIT,0.017333999494439922,0.3309999992779922,INFO,adaptador.request,false,degradado,0.27729099929274525,9411.982612254,9411.98292592,9411.98259492,9411.982889545,CIRCUIT_OPEN,2026-09-05T00:05:15.181052Z
b955e7be-0487-4afe-b237-73b7b470644c,run1_rep1,C,OPEN,OPEN,request,CACHE,HIT,0.01650000012887176,0.33224999970116187,INFO,adaptador.request,false,degradado,0.26812499891093466,9412.018713879,9412.019029629,9412.018697379,9412.018982004,CIRCUIT_OPEN,2026-09-05T00:05:15.217163Z
a7a4e011-8c17-4906-99a2-bc1c584eb295,run1_rep1,C,OPEN,OPEN,request,CACHE,HIT,0.012749998859362677,0.30154199885146227,INFO,adaptador.request,false,degradado,0.24391700026171748,9412.039515587,9412.039804379,9412.039502837,9412.039759504,CIRCUIT_OPEN,2026-09-05T00:05:15.237951Z
770ba242-7e3b-48f4-92e8-6fec97d47d4b,run1_rep1,C,OPEN,OPEN,request,CACHE,HIT,0.01129200063587632,0.25433299924770836,INFO,adaptador.request,false,degradado,0.19425000027695205,9412.040775629,9412.04101867,9412.040764337,9412.040969879,CIRCUIT_OPEN,2026-09-05T00:05:15.239167Z
9acbaf0b-32dd-4b12-8b4c-2d768d40a4b8,run1_rep1,C,OPEN,OPEN,request,CACHE,HIT,0.01024999983201269,0.20970799960196018,INFO,adaptador.request,false,degradado,0.16999999934341758,9412.056490462,9412.05668992,9412.056480212,9412.056660462,CIRCUIT_OPEN,2026-09-05T00:05:15.254809Z
ade1fcd3-e3c5-4406-b8ef-eaf6219b3035,run1_rep1,C,OPEN,OPEN,request,CACHE,HIT,0.046458000724669546,0.8456670002487954,INFO,adaptador.request,false,degradado,0.7078339986037463,9412.230539337,9412.231338546,9412.230492879,9412.231247171,CIRCUIT_OPEN,2026-09-05T00:05:15.429528Z
f5261163-c156-4b2a-acd9-030f14ad93b7,run1_rep1,C,OPEN,OPEN,request,CACHE,HIT,0.04675000127463136,0.7291250003618188,INFO,adaptador.request,false,degradado,0.6134159993962385,9412.267960421,9412.268642796,9412.267913671,9412.268573837,CIRCUIT_OPEN,2026-09-05T00:05:15.466810Z
a2c21fcd-1f1e-4e14-92da-926845e8dd8d,run1_rep1,C,OPEN,OPEN,request,CACHE,HIT,0.030957999115344137,0.6248749996302649,INFO,adaptador.request,false,degradado,0.5258750006760238,9412.287974754,9412.288568671,9412.287943796,9412.288500629,CIRCUIT_OPEN,2026-09-05T00:05:15.486746Z
1478aa71-0d1a-4c16-8f9d-a36ea3f7d4de,run1_rep1,C,OPEN,OPEN,request,CACHE,HIT,0.05712500023946632,1.3070000004518079,INFO,adaptador.request,false,degradado,1.162708000265411,9412.402636296,9412.403886171,9412.402579171,9412.403799004,CIRCUIT_OPEN,2026-09-05T00:05:15.602062Z
c496c092-c665-4398-a22e-86fd8ac3f72e,run1_rep1,C,OPEN,OPEN,request,CACHE,HIT,0.024832999770296738,1.4930830002413131,INFO,adaptador.request,false,degradado,1.4136249992589,9412.403564962,9412.405033212,9412.403540129,9412.404978587,CIRCUIT_OPEN,2026-09-05T00:05:15.603852Z
db2675d8-8188-40da-a98e-cac81b9360f3,run1_rep1,C,OPEN,OPEN,request,CACHE,HIT,0.015333000192185864,0.8400410006288439,INFO,adaptador.request,false,degradado,0.6820420003350591,9412.404755754,9412.405580462,9412.404740421,9412.405437796,CIRCUIT_OPEN,2026-09-05T00:05:15.604354Z
fe585a46-95e3-49a2-9d0e-f39a34af926b,run1_rep1,C,OPEN,OPEN,request,CACHE,HIT,0.029042001187917776,0.5436250012280652,INFO,adaptador.request,false,degradado,0.4582500005199108,9412.415959046,9412.416473629,9412.415930004,9412.416417296,CIRCUIT_OPEN,2026-09-05T00:05:15.614635Z
040e444b-47e7-4ffa-902a-75c64070da86,run1_rep1,C,OPEN,OPEN,request,CACHE,HIT,0.018375001673121005,0.37258400152495597,INFO,adaptador.request,false,degradado,0.3173339991917601,9412.421056712,9412.421410921,9412.421038337,9412.421374046,CIRCUIT_OPEN,2026-09-05T00:05:15.619553Z
893ee76a-5f85-43a7-bcd4-98e08e7e4fd7,run1_rep1,C,OPEN,OPEN,request,CACHE,HIT,0.017583000953891315,0.3860420001728926,INFO,adaptador.request,false,degradado,0.30616699950769544,9412.445225587,9412.445594046,9412.445208004,9412.445531754,CIRCUIT_OPEN,2026-09-05T00:05:15.643772Z
e3c02b03-6585-4a66-b2df-0b70663d5a14,run1_rep1,C,OPEN,OPEN,request,CACHE,HIT,0.020083998606423847,0.3805839987762738,INFO,adaptador.request,false,degradado,0.3137910007353639,9412.449741546,9412.450102046,9412.449721462,9412.450055337,CIRCUIT_OPEN,2026-09-05T00:05:15.648255Z
0fbfa888-74d3-4373-8f60-9ae0c37d2b85,run1_rep1,C,OPEN,OPEN,request,CACHE,HIT,0.013332999515114352,0.29799999902024865,INFO,adaptador.request,false,degradado,0.24308399952133186,9412.453279587,9412.453564254,9412.453266254,9412.453522671,CIRCUIT_OPEN,2026-09-05T00:05:15.651703Z
d3c31370-82e7-4c7a-8e3a-8b03802e8e3f,run1_rep1,C,OPEN,OPEN,request,CACHE,HIT,0.0473749987577321,0.7204169996839482,INFO,adaptador.request,false,degradado,0.605250001171953,9412.583298712,9412.583971754,9412.583251337,9412.583903962,CIRCUIT_OPEN,2026-09-05T00:05:15.782146Z
9abc57e9-de6c-45ff-a652-2b10a2fb019a,run1_rep1,C,OPEN,OPEN,request,CACHE,HIT,0.03712499892571941,0.5586669994954718,INFO,adaptador.request,false,degradado,0.4510420003498439,9412.596386254,9412.596907796,9412.596349129,9412.596837296,CIRCUIT_OPEN,2026-09-05T00:05:15.795255Z
efecbebc-5ce7-4fec-bf11-7772973541f6,run1_rep1,C,OPEN,OPEN,request,CACHE,HIT,0.03112499871349428,0.5330409985617734,INFO,adaptador.request,false,degradado,0.42720800047391094,9412.621241046,9412.621742962,9412.621209921,9412.621668254,CIRCUIT_OPEN,2026-09-05T00:05:15.819925Z
47129e78-4277-44a8-8a6b-476a4ee233a3,run1_rep1,C,OPEN,OPEN,request,CACHE,HIT,0.05620800038741436,0.6141249996289844,INFO,adaptador.request,false,degradado,0.48666699876775965,9412.659051004,9412.659608921,9412.658994796,9412.659537671,CIRCUIT_OPEN,2026-09-05T00:05:15.857790Z
49a749df-6f4e-458a-b0ce-666face69038,run1_rep1,C,OPEN,OPEN,request,CACHE,HIT,0.025875000574160367,0.4776250007125782,INFO,adaptador.request,false,degradado,0.3917499998351559,9412.663530546,9412.663982296,9412.663504671,9412.663922296,CIRCUIT_OPEN,2026-09-05T00:05:15.862148Z
d334f83a-b465-4aa3-b1f2-889924542846,run1_rep1,C,OPEN,OPEN,request,CACHE,HIT,0.030625000363215804,0.5731670007662615,INFO,adaptador.request,false,degradado,0.4850839995924616,9412.668712212,9412.669254754,9412.668681587,9412.669197296,CIRCUIT_OPEN,2026-09-05T00:05:15.867411Z
e63bb025-f78e-4de7-bc60-f24f83efe2f8,run1_rep1,C,OPEN,OPEN,request,CACHE,HIT,0.033541000448167324,0.6568749995494727,INFO,adaptador.request,false,degradado,0.5489589984790655,9412.736941962,9412.737565296,9412.736908421,9412.737490921,CIRCUIT_OPEN,2026-09-05T00:05:15.935735Z
f700562b-2ac2-4035-8c0f-fe8de73bd87f,run1_rep1,C,OPEN,OPEN,request,CACHE,HIT,0.028083000870537944,0.8951670006354107,INFO,adaptador.request,false,degradado,0.799624998762738,9412.752974962,9412.753842046,9412.752946879,9412.753774587,CIRCUIT_OPEN,2026-09-05T00:05:15.952017Z
170f65af-2d79-44e3-924c-27a6b1fe7abc,run1_rep1,C,OPEN,OPEN,request,CACHE,HIT,0.020208000933052972,0.9692500007076887,INFO,adaptador.request,false,degradado,0.9054579986695899,9412.753454379,9412.754403421,9412.753434171,9412.754359837,CIRCUIT_OPEN,2026-09-05T00:05:15.952705Z
b7ed433e-d8db-411b-af43-6b125ab97b58,run1_rep1,C,OPEN,OPEN,request,CACHE,HIT,0.03775000004679896,0.5823339997732546,INFO,adaptador.request,false,degradado,0.47641699893574696,9412.803360087,9412.803904671,9412.803322337,9412.803836504,CIRCUIT_OPEN,2026-09-05T00:05:16.002076Z
ca41630b-22cb-4302-bd68-75a51130fc85,run1_rep1,C,OPEN,OPEN,request,CACHE,HIT,0.05054199937148951,0.83016699863947,INFO,adaptador.request,false,degradado,0.677415999234654,9412.864871046,9412.865650671,9412.864820504,9412.865548462,CIRCUIT_OPEN,2026-09-05T00:05:16.063853Z
d405cd45-3a2c-477a-a512-69004e54982a,run1_rep1,C,OPEN,OPEN,request,CACHE,HIT,0.029417000405373983,1.036083000144572,INFO,adaptador.request,false,degradado,0.8985830008896301,9412.893218546,9412.894225212,9412.893189129,9412.894117129,CIRCUIT_OPEN,2026-09-05T00:05:16.092665Z
b2f93d62-21f1-4a9c-a156-06b517138883,run1_rep1,C,OPEN,OPEN,request,CACHE,HIT,0.019166000129189342,0.8524580007360782,INFO,adaptador.request,false,degradado,0.7816670004103798,9412.893658837,9412.894492129,9412.893639671,9412.894440504,CIRCUIT_OPEN,2026-09-05T00:05:16.092954Z
c9df8a1c-7488-4be5-8517-1f433ad41c04,run1_rep1,C,OPEN,OPEN,request,CACHE,HIT,0.031042000045999885,0.5651669998769648,INFO,adaptador.request,false,degradado,0.4567500000121072,9412.941205546,9412.941739671,9412.941174504,9412.941662296,CIRCUIT_OPEN,2026-09-05T00:05:16.139925Z
7f3803da-0f38-4f05-b3c5-6287156ed0f2,run1_rep1,C,OPEN,OPEN,request,CACHE,HIT,0.05224999949859921,1.1312080005154712,INFO,adaptador.request,false,degradado,0.9920830016199034,9412.962869713,9412.963948671,9412.962817463,9412.963861796,CIRCUIT_OPEN,2026-09-05T00:05:16.162455Z
293246be-3613-49ff-ae5c-6322759f3ff3,run1_rep1,C,OPEN,OPEN,request,CACHE,HIT,0.015167001038207673,0.9458330005145399,INFO,adaptador.request,false,degradado,0.8754579994274536,9412.963332588,9412.964263254,9412.963317421,9412.964208046,CIRCUIT_OPEN,2026-09-05T00:05:16.162740Z
74e382c8-7fa4-45f4-bef3-84f85ec10a3d,run1_rep1,C,OPEN,OPEN,request,CACHE,HIT,0.034124999729101546,0.6158329997560941,INFO,adaptador.request,false,degradado,0.5098750007164199,9412.992540296,9412.993122004,9412.992506171,9412.993050171,CIRCUIT_OPEN,2026-09-05T00:05:16.191288Z
e73840e6-145d-4394-a0bb-2af43a9829d7,run1_rep1,C,OPEN,OPEN,request,CACHE,HIT,0.020292000044719316,0.4538330013019731,INFO,adaptador.request,false,degradado,0.37933300154691096,9412.998874963,9412.999308504,9412.998854671,9412.999254296,CIRCUIT_OPEN,2026-09-05T00:05:16.197466Z
2a226faa-f851-4fd9-abc4-fc48aae995bd,run1_rep1,C,OPEN,OPEN,request,CACHE,HIT,0.06424999992304947,0.9120410013565561,INFO,adaptador.request,false,degradado,0.7371660012722714,9413.110670588,9413.111518379,9413.110606338,9413.111407754,CIRCUIT_OPEN,2026-09-05T00:05:16.309706Z
5fe3a059-7aa8-4435-959b-f8eb1d010d63,run1_rep1,C,OPEN,OPEN,request,CACHE,HIT,0.051083001380902715,1.4878330002829898,INFO,adaptador.request,false,degradado,1.3637079991895007,9413.238145171,9413.239581921,9413.238094088,9413.239508879,CIRCUIT_OPEN,2026-09-05T00:05:16.438080Z
8e711e95-f300-4e87-b840-5aad8d0d01b1,run1_rep1,C,OPEN,OPEN,request,CACHE,HIT,0.019208999219699763,1.2570419985422632,INFO,adaptador.request,false,degradado,1.1893329992744839,9413.238638588,9413.239876421,9413.238619379,9413.239827921,CIRCUIT_OPEN,2026-09-05T00:05:16.438606Z
8a0341ee-e37f-4577-a3f8-40e99a75d539,run1_rep1,C,OPEN,OPEN,request,CACHE,HIT,0.01991700082726311,1.0728329998528352,INFO,adaptador.request,false,degradado,1.0100409999722615,9413.239385463,9413.240438379,9413.239365546,9413.240395504,CIRCUIT_OPEN,2026-09-05T00:05:16.439556Z
6974c167-d541-4914-87e4-6c78142c1a25,run1_rep1,C,OPEN,OPEN,request,CACHE,HIT,0.03237499913666397,0.8857079992594663,INFO,adaptador.request,false,degradado,0.7810830011294456,9413.270503171,9413.271356504,9413.270470796,9413.271284254,CIRCUIT_OPEN,2026-09-05T00:05:16.469534Z
7ed10288-f003-413a-b4d0-e5e0eec17f29,run1_rep1,C,OPEN,OPEN,request,CACHE,HIT,0.014916000509401783,0.793041001088568,INFO,adaptador.request,false,degradado,0.7159169999795267,9413.271220129,9413.271998254,9413.271205213,9413.271936046,CIRCUIT_OPEN,2026-09-05T00:05:16.470407Z
e904fec9-eaed-406b-85ff-7eee1d1ce2a5,run1_rep1,C,OPEN,OPEN,request,CACHE,HIT,0.041917000999092124,0.6860000012238743,INFO,adaptador.request,false,degradado,0.5603749996225815,9413.318206046,9413.318850129,9413.318164129,9413.318766421,CIRCUIT_OPEN,2026-09-05T00:05:16.517034Z
20ceea76-7436-4b77-aa77-269d1f8024b3,run1_rep1,C,OPEN,OPEN,request,CACHE,HIT,0.030291999792098068,0.6693340001220349,INFO,adaptador.request,false,degradado,0.5740830001741415,9413.323734671,9413.324373713,9413.323704379,9413.324308754,CIRCUIT_OPEN,2026-09-05T00:05:16.522532Z
1bddb95a-853b-40f4-8ea1-57c9816074bf,run1_rep1,C,OPEN,OPEN,request,CACHE,HIT,0.058458999774302356,1.1687090009218082,INFO,adaptador.request,false,degradado,1.0040409997600364,9413.393627213,9413.394737463,9413.393568754,9413.394631254,CIRCUIT_OPEN,2026-09-05T00:05:16.592924Z
40861c3f-a5e0-4913-ab1b-6bffbb249c70,run1_rep1,C,OPEN,OPEN,request,CACHE,HIT,0.02912499985541217,0.940166999498615,INFO,adaptador.request,false,degradado,0.848084000608651,9413.394544629,9413.395455671,9413.394515504,9413.395392713,CIRCUIT_OPEN,2026-09-05T00:05:16.593845Z
b5ef3bd7-dbde-4106-9ff8-ec1f30c7f336,run1_rep1,C,OPEN,OPEN,request,CACHE,HIT,0.029417000405373983,0.6617500002903398,INFO,adaptador.request,false,degradado,0.5612919994746335,9413.398307046,9413.398939379,9413.398277629,9413.398868338,CIRCUIT_OPEN,2026-09-05T00:05:16.597140Z
20609910-aab2-4e97-84ae-8698c14831bc,run1_rep1,C,OPEN,OPEN,request,CACHE,HIT,0.025417000870220363,0.4990420002286555,INFO,adaptador.request,false,degradado,0.4152080000494607,9413.403870796,9413.404344421,9413.403845379,9413.404286004,CIRCUIT_OPEN,2026-09-05T00:05:16.602520Z
b015937d-f2c4-4ae9-9fad-c96b807cba0b,run1_rep1,C,OPEN,OPEN,request,CACHE,HIT,0.017250000382773578,0.43216599988227244,INFO,adaptador.request,false,degradado,0.35233299968240317,9413.439866463,9413.440281379,9413.439849213,9413.440218796,CIRCUIT_OPEN,2026-09-05T00:05:16.638449Z
804752fa-db81-4e42-8dbb-53e9b80d28b6,run1_rep1,C,OPEN,OPEN,request,CACHE,HIT,0.03895800000464078,0.7430419991578674,INFO,adaptador.request,false,degradado,0.6136669999250444,9413.488699629,9413.489403713,9413.488660671,9413.489313296,CIRCUIT_OPEN,2026-09-05T00:05:16.687601Z
907c6478-92ff-45e7-aa67-7bfdcc68d3c2,run1_rep1,C,OPEN,OPEN,request,CACHE,HIT,0.03908299913746305,0.60124999981781,INFO,adaptador.request,false,degradado,0.48845800120034255,9413.526086921,9413.526649088,9413.526047838,9413.526575379,CIRCUIT_OPEN,2026-09-05T00:05:16.724814Z
a70939b2-569f-4448-8ab4-896ff1ccd5b1,run1_rep1,C,OPEN,OPEN,request,CACHE,HIT,0.03849999848171137,0.6319999993138481,INFO,adaptador.request,false,degradado,0.5237080004008021,9413.590799671,9413.591393171,9413.590761171,9413.591323379,CIRCUIT_OPEN,2026-09-05T00:05:16.789557Z
c034231b-13ab-41be-8536-cdbfff2e8a22,run1_rep1,C,OPEN,OPEN,request,CACHE,HIT,0.03470900082902517,0.6680839996988652,INFO,adaptador.request,false,degradado,0.551207998796599,9413.638777255,9413.63941063,9413.638742546,9413.639328463,CIRCUIT_OPEN,2026-09-05T00:05:16.837595Z
a90dc47e-91d6-4def-a06b-273cf32350eb,run1_rep1,C,OPEN,OPEN,request,CACHE,HIT,0.03537500015227124,1.0479580014362,INFO,adaptador.request,false,degradado,0.9396670011483366,9413.675760838,9413.676773421,9413.675725463,9413.676700505,CIRCUIT_OPEN,2026-09-05T00:05:16.875259Z
40216c63-a321-4662-80e1-dd02804198c5,run1_rep1,C,OPEN,OPEN,request,CACHE,HIT,0.021624999135383405,0.8369169991055969,INFO,adaptador.request,false,degradado,0.7592920010210946,9413.676263046,9413.677078338,9413.676241421,9413.677022338,CIRCUIT_OPEN,2026-09-05T00:05:16.875540Z
ac055442-9ddf-4691-b299-96bda0cc857e,run1_rep1,C,OPEN,OPEN,request,CACHE,HIT,0.05774999954155646,0.6701250003970927,INFO,adaptador.request,false,degradado,0.525542000104906,9413.740049588,9413.740661963,9413.739991838,9413.74057513,CIRCUIT_OPEN,2026-09-05T00:05:16.938844Z
1449c400-ef0c-4344-8010-6da6231e3e7e,run1_rep1,C,OPEN,OPEN,request,CACHE,HIT,0.031000001399661414,0.5606250015262049,INFO,adaptador.request,false,degradado,0.46837499940011185,9413.755993213,9413.756522838,9413.755962213,9413.756461588,CIRCUIT_OPEN,2026-09-05T00:05:16.954685Z
b7b2f2dd-77b7-48f8-b5d1-b00b5bd896ac,run1_rep1,C,OPEN,OPEN,request,CACHE,HIT,0.03233399911550805,0.5130839999765158,INFO,adaptador.request,false,degradado,0.42062500142492354,9413.76317963,9413.76366038,9413.763147296,9413.763600255,CIRCUIT_OPEN,2026-09-05T00:05:16.961825Z
741c4c2b-b1c2-4f8a-a81f-ebcd60e8157b,run1_rep1,C,OPEN,OPEN,request,CACHE,HIT,0.03766599911614321,0.8962079991761129,INFO,adaptador.request,false,degradado,0.7840420003049076,9413.838245546,9413.839104088,9413.83820788,9413.839029588,CIRCUIT_OPEN,2026-09-05T00:05:17.037284Z
fd2199e7-9ea7-43aa-b6ca-294e6c293ac3,run1_rep1,C,OPEN,OPEN,request,CACHE,HIT,0.02099999983329326,0.791291999121313,INFO,adaptador.request,false,degradado,0.7208330007415498,9413.838911838,9413.83968213,9413.838890838,9413.839632671,CIRCUIT_OPEN,2026-09-05T00:05:17.038004Z
f7c2679f-3cb0-4525-bb3a-d8390a646d05,run1_rep1,C,OPEN,OPEN,request,CACHE,HIT,0.04400000034365803,0.6610830005229218,INFO,adaptador.request,false,degradado,0.5448329993669176,9413.861807088,9413.862424171,9413.861763088,9413.862351921,CIRCUIT_OPEN,2026-09-05T00:05:17.060582Z
3561d7b0-d6c3-4d37-9ae7-d6b8057bde00,run1_rep1,C,OPEN,OPEN,request,CACHE,HIT,0.03795800148509443,0.6630830011999933,INFO,adaptador.request,false,degradado,0.5514589993254049,9413.912516296,9413.913141421,9413.912478338,9413.913067755,CIRCUIT_OPEN,2026-09-05T00:05:17.111324Z
d306a9d0-a7f5-49cf-a38b-1665ebcbab08,run1_rep1,C,OPEN,OPEN,request,CACHE,HIT,0.05050000072515104,0.8069579998846166,INFO,adaptador.request,false,degradado,0.6560830006492324,9413.975939463,9413.976695921,9413.975888963,9413.976595546,CIRCUIT_OPEN,2026-09-05T00:05:17.174886Z
ef01ac35-bf97-49ec-8951-6eb9f18fcfb8,run1_rep1,C,OPEN,OPEN,request,CACHE,HIT,0.03470900082902517,0.6226669993338874,INFO,adaptador.request,false,degradado,0.5107910001242999,9414.00605388,9414.006641838,9414.006019171,9414.006564671,CIRCUIT_OPEN,2026-09-05T00:05:17.204817Z
63cbc991-c275-4cbc-9ddd-5c81f3b91291,run1_rep1,C,OPEN,OPEN,request,CACHE,HIT,0.15541699940513354,1.0232499989797361,INFO,adaptador.request,false,degradado,0.7870419995015254,9414.010599088,9414.011466921,9414.010443671,9414.01138613,CIRCUIT_OPEN,2026-09-05T00:05:17.209654Z
9af4c043-73a3-4a1b-bb57-9405fdabc1ec,run1_rep1,C,OPEN,OPEN,request,CACHE,HIT,0.02537500040489249,0.472790999992867,INFO,adaptador.request,false,degradado,0.39012500019453,9414.015091505,9414.015538921,9414.01506613,9414.01548163,CIRCUIT_OPEN,2026-09-05T00:05:17.213713Z
6c2ad376-bf76-4dd3-847d-177deb6a3b32,run1_rep1,C,OPEN,OPEN,request,CACHE,HIT,0.019332999727339484,0.4109170004085172,INFO,adaptador.request,false,degradado,0.34166700061177835,9414.026693046,9414.02708463,9414.026673713,9414.027034713,CIRCUIT_OPEN,2026-09-05T00:05:17.225245Z
06905a58-a8c7-4785-a135-6951fb68ec71,run1_rep1,C,OPEN,OPEN,request,CACHE,HIT,28.843666999819106,29.805125001075794,INFO,adaptador.request,false,degradado,0.8908330000849674,9414.191509838,9414.192471296,9414.162666171,9414.192400671,CIRCUIT_OPEN,2026-09-05T00:05:17.390631Z
60555a98-c5a7-4da7-905c-82ddfd8fd8bc,run1_rep1,C,OPEN,OPEN,request,CACHE,HIT,29.294500000105472,30.189834000339033,INFO,adaptador.request,false,degradado,0.7020000011834782,9414.191272171,9414.192167505,9414.161977671,9414.191974171,CIRCUIT_OPEN,2026-09-05T00:05:17.390977Z
f01af5f6-481d-4efb-bb2c-72e75de8400b,run1_rep1,C,OPEN,OPEN,request,CACHE,HIT,0.050999999075429514,1.182541998787201,INFO,adaptador.request,false,degradado,1.049959000738454,9414.251778421,9414.252909963,9414.251727421,9414.25282838,CIRCUIT_OPEN,2026-09-05T00:05:17.451364Z
e09a5218-3db8-4b5b-9b14-4c5daa241986,run1_rep1,C,OPEN,OPEN,request,CACHE,HIT,0.02766599936876446,0.9098329992411891,INFO,adaptador.request,false,degradado,0.8440839992545079,9414.252322671,9414.253204838,9414.252295005,9414.253166755,CIRCUIT_OPEN,2026-09-05T00:05:17.451678Z
9a1439a4-1a3b-445e-8b09-6f1f299340fc,run1_rep1,C,OPEN,OPEN,request,CACHE,HIT,0.03895899862982333,0.6123749990365468,INFO,adaptador.request,false,degradado,0.48150000111490954,9414.29549888,9414.296072296,9414.295459921,9414.29598038,CIRCUIT_OPEN,2026-09-05T00:05:17.494248Z
121dd4c1-ebe6-43f1-a40f-03e5afdb6498,run1_rep1,C,OPEN,OPEN,request,CACHE,HIT,0.04479200106288772,0.9234580011252547,INFO,adaptador.request,false,degradado,0.7808749996911502,9414.368790422,9414.369669088,9414.36874563,9414.369571297,CIRCUIT_OPEN,2026-09-05T00:05:17.567857Z
eeb7c185-c6fa-4ab8-8755-4fe944aecfac,run1_rep1,C,OPEN,OPEN,request,CACHE,HIT,0.05075000080978498,1.2317920009081718,INFO,adaptador.request,false,degradado,1.0379590003140038,9414.416949713,9414.418130755,9414.416898963,9414.417987672,CIRCUIT_OPEN,2026-09-05T00:05:17.616593Z
c1cb9e0e-5595-4a66-8a96-c356b5bbeb34,run1_rep1,C,OPEN,OPEN,request,CACHE,HIT,0.02091699934680946,0.9579580000718124,INFO,adaptador.request,false,degradado,0.8842909992381465,9414.417483047,9414.418420088,9414.41746213,9414.418367338,CIRCUIT_OPEN,2026-09-05T00:05:17.616923Z
3ca7825a-fd1e-4e16-8f81-fceb45f98925,run1_rep1,C,OPEN,OPEN,request,CACHE,HIT,0.024166998628061265,0.5636249989038333,INFO,adaptador.request,false,degradado,0.4827920001844177,9414.422925005,9414.423464463,9414.422900838,9414.423407797,CIRCUIT_OPEN,2026-09-05T00:05:17.621640Z
79ecd8d5-a545-4b45-9a3c-e84c95be4353,run1_rep1,C,OPEN,OPEN,request,CACHE,HIT,0.02166699960071128,0.4269170003681211,INFO,adaptador.request,false,degradado,0.3607500002544839,9414.43030438,9414.43070963,9414.430282713,9414.43066513,CIRCUIT_OPEN,2026-09-05T00:05:17.628853Z
7e39e537-00d6-4828-a0d6-23997258e054,run1_rep1,C,OPEN,OPEN,request,CACHE,HIT,0.01795900061551947,0.3787499990721699,INFO,adaptador.request,false,degradado,0.30304099891509395,9414.454323047,9414.454683838,9414.454305088,9414.454626088,CIRCUIT_OPEN,2026-09-05T00:05:17.652854Z
9bc19fbf-ac30-405b-954c-ff9a89ecd569,run1_rep1,C,OPEN,OPEN,request,CACHE,HIT,0.03779100006795488,0.9353750010632211,INFO,adaptador.request,false,degradado,0.8242920011980459,9414.534743838,9414.535641422,9414.534706047,9414.53556813,CIRCUIT_OPEN,2026-09-05T00:05:17.733826Z
cf5b2525-49ff-41a4-9332-a5f5ff5599bb,run1_rep1,C,OPEN,OPEN,request,CACHE,HIT,0.022958000045036897,0.8469160002277931,INFO,adaptador.request,false,degradado,0.7802920008543879,9414.535459755,9414.536283713,9414.535436797,9414.536240047,CIRCUIT_OPEN,2026-09-05T00:05:17.734613Z
6dec95b0-5383-4399-86d1-f6d597bb7097,run1_rep1,C,OPEN,OPEN,request,CACHE,HIT,0.040875000195228495,0.7228329995996319,INFO,adaptador.request,false,degradado,0.6099579986766912,9414.565830297,9414.566512255,9414.565789422,9414.566440255,CIRCUIT_OPEN,2026-09-05T00:05:17.764662Z
ed0b298c-cc7a-4174-9f11-38c24a03d0d7,run1_rep1,C,OPEN,OPEN,request,CACHE,HIT,0.0334169999405276,0.5212920004851185,INFO,adaptador.request,false,degradado,0.44100000013713725,9414.579611547,9414.580099422,9414.57957813,9414.580052547,CIRCUIT_OPEN,2026-09-05T00:05:17.778236Z
3444e531-c946-42cb-b8ff-419690a414df,run1_rep1,C,OPEN,OPEN,request,CACHE,HIT,0.029291999453562312,0.5233329993643565,INFO,adaptador.request,false,degradado,0.43216599988227244,9414.586078547,9414.586572588,9414.586049255,9414.586510713,CIRCUIT_OPEN,2026-09-05T00:05:17.784722Z
9a35f62e-d0b5-49c2-b382-b55e87d6716e,run1_rep1,C,OPEN,OPEN,request,CACHE,HIT,0.041667000914458185,0.7464999998774147,INFO,adaptador.request,false,degradado,0.6263329996727407,9414.64592513,9414.646629963,9414.645883463,9414.646551463,CIRCUIT_OPEN,2026-09-05T00:05:17.844801Z
5f08d21f-626a-4d16-926d-ca059e43a55c,run1_rep1,C,OPEN,OPEN,request,CACHE,HIT,0.03400000059627928,0.5689590016118018,INFO,adaptador.request,false,degradado,0.4709589993581176,9414.663167588,9414.663702547,9414.663133588,9414.663638547,CIRCUIT_OPEN,2026-09-05T00:05:17.861870Z
9cbf2ea4-2d21-45b4-87de-880ad7592147,run1_rep1,C,OPEN,OPEN,request,CACHE,HIT,0.04045799869345501,0.678541999150184,INFO,adaptador.request,false,degradado,0.5552920010813978,9414.749751463,9414.750389547,9414.749711005,9414.750306755,CIRCUIT_OPEN,2026-09-05T00:05:17.948558Z
2dbcb7f6-f8fd-4c34-970b-c2733fb6a2da,run1_rep1,C,OPEN,OPEN,request,CACHE,HIT,0.02779100032057613,0.5156249990250217,INFO,adaptador.request,false,degradado,0.41958399924624246,9414.759974963,9414.760462797,9414.759947172,9414.760394547,CIRCUIT_OPEN,2026-09-05T00:05:17.958630Z
04ca86d4-9970-46c9-9df4-d6f24ef61868,run1_rep1,C,OPEN,OPEN,request,CACHE,HIT,0.03204200038453564,0.606875000812579,INFO,adaptador.request,false,degradado,0.4976250002073357,9414.780705797,9414.78128063,9414.780673755,9414.781203422,CIRCUIT_OPEN,2026-09-05T00:05:17.979443Z
0351edba-8923-4e07-aae2-b2f27f50e2d3,run1_rep1,C,OPEN,OPEN,request,CACHE,HIT,0.04091700066055637,0.625291999313049,INFO,adaptador.request,false,degradado,0.5017499988753116,9414.833592172,9414.834176547,9414.833551255,9414.834093922,CIRCUIT_OPEN,2026-09-05T00:05:18.032362Z
a39f441f-6bc2-49c9-8327-e17750c0cf95,run1_rep1,C,OPEN,OPEN,request,CACHE,HIT,0.030082999728620052,0.5581250006798655,INFO,adaptador.request,false,degradado,0.4564580012811348,9414.83991288,9414.840440922,9414.839882797,9414.840369338,CIRCUIT_OPEN,2026-09-05T00:05:18.038609Z
0ac2ab22-afad-449a-8bae-8f14d8f0d406,run1_rep1,C,OPEN,OPEN,request,CACHE,HIT,0.038500000300700776,0.6883749992994126,INFO,adaptador.request,false,degradado,0.5656249995809048,9414.857698547,9414.858348422,9414.857660047,9414.858264172,CIRCUIT_OPEN,2026-09-05T00:05:18.056530Z
885d0442-c534-493f-b804-7ebcebd1781b,run1_rep1,C,OPEN,OPEN,request,CACHE,HIT,0.03129099968646187,0.6127079996076645,INFO,adaptador.request,false,degradado,0.5176249997020932,9414.872978338,9414.873559755,9414.872947047,9414.873495963,CIRCUIT_OPEN,2026-09-05T00:05:18.071727Z
3fd48e8d-675f-4518-be19-b205c884e44f,run1_rep1,C,OPEN,OPEN,request,CACHE,HIT,0.05679199966834858,0.6753329998900881,INFO,adaptador.request,false,degradado,0.5444159996841336,9414.964890797,9414.965509338,9414.964834005,9414.965435213,CIRCUIT_OPEN,2026-09-05T00:05:18.163688Z
b856320f-2212-4075-b8d5-c4d4fc817511,run1_rep1,C,OPEN,OPEN,request,CACHE,HIT,0.03033400025742594,1.6109999996842816,INFO,adaptador.request,false,degradado,1.5051659993332578,9414.966084922,9414.967665588,9414.966054588,9414.967590088,CIRCUIT_OPEN,2026-09-05T00:05:18.166499Z
55e65583-46b2-4f54-8448-c797a5959514,run1_rep1,C,OPEN,OPEN,request,CACHE,HIT,0.01316599991696421,1.80404099955922,INFO,adaptador.request,false,degradado,1.7545419996167766,9414.966548963,9414.968339838,9414.966535797,9414.968303505,CIRCUIT_OPEN,2026-09-05T00:05:18.166924Z
1ed7f5ea-d55d-4b5f-8809-af1ed0cbac5b,run1_rep1,C,OPEN,OPEN,request,CACHE,HIT,0.034083001082763076,0.6095000007917406,INFO,adaptador.request,false,degradado,0.5098749988974305,9415.028595797,9415.029171214,9415.028561714,9415.029105672,CIRCUIT_OPEN,2026-09-05T00:05:18.227340Z
1ab47797-787d-4ea1-a55b-34d87db0c143,run1_rep1,C,OPEN,OPEN,request,CACHE,HIT,0.05199999941396527,1.0915000002569286,INFO,adaptador.request,false,degradado,0.9575000003678724,9415.091613714,9415.092653214,9415.091561714,9415.092571214,CIRCUIT_OPEN,2026-09-05T00:05:18.291049Z
19a9170c-21ba-4092-93b4-2250abc4a6e4,run1_rep1,C,OPEN,OPEN,request,CACHE,HIT,0.027834001230075955,0.9005000010802178,INFO,adaptador.request,false,degradado,0.8348749997821869,9415.092012839,9415.092885505,9415.091985005,9415.092847714,CIRCUIT_OPEN,2026-09-05T00:05:18.291351Z
0322ad64-b7d5-4783-a111-dcb845f7fb05,run1_rep1,C,OPEN,OPEN,request,CACHE,HIT,0.019999999494757503,0.45708300058322493,INFO,adaptador.request,false,degradado,0.3857080009765923,9415.097713172,9415.098150255,9415.097693172,9415.09809888,CIRCUIT_OPEN,2026-09-05T00:05:18.296299Z
c6dea648-4a23-4f77-8383-49e778842352,run1_rep1,C,OPEN,OPEN,request,CACHE,HIT,0.015458999769180082,0.5117920009070076,INFO,adaptador.request,false,degradado,0.45162500100559555,9415.098779839,9415.099276172,9415.09876438,9415.099231464,CIRCUIT_OPEN,2026-09-05T00:05:18.297449Z
8c1356b2-7a57-4b34-a0f0-219963961cc6,run1_rep1,C,OPEN,OPEN,request,CACHE,HIT,0.012791000699508004,0.3317909995530499,INFO,adaptador.request,false,degradado,0.2724999994825339,9415.105646755,9415.105965755,9415.105633964,9415.105919255,CIRCUIT_OPEN,2026-09-05T00:05:18.304123Z
e20fa9a4-eb1a-40b9-b3b3-cbafcdf52a3d,run1_rep1,C,OPEN,OPEN,request,CACHE,HIT,0.015875000826781616,0.8065420006460045,INFO,adaptador.request,false,degradado,0.6951249997655395,9415.289622922,9415.290413589,9415.289607047,9415.290318047,CIRCUIT_OPEN,2026-09-05T00:05:18.488865Z
62e7fdd7-8d26-4eca-8ddc-22998d09c941,run1_rep1,C,OPEN,OPEN,request,CACHE,HIT,0.052874998800689355,1.5438749996974366,INFO,adaptador.request,false,degradado,1.4383329998963745,9415.289203547,9415.290694547,9415.289150672,9415.29064188,CIRCUIT_OPEN,2026-09-05T00:05:18.489152Z
6e735323-4f42-43d7-a9f6-43407199eeaf,run1_rep1,C,OPEN,OPEN,request,CACHE,HIT,0.03775000004679896,0.6605829985346645,INFO,adaptador.request,false,degradado,0.5362499996408587,9415.313336339,9415.313959172,9415.313298589,9415.313872589,CIRCUIT_OPEN,2026-09-05T00:05:18.512161Z
30039cb2-3cbc-4445-99d6-9b8dc99002c2,run1_rep1,C,OPEN,OPEN,request,CACHE,HIT,0.04704099956143182,0.9232499996869592,INFO,adaptador.request,false,degradado,0.8027499989111675,9415.349568755,9415.350444964,9415.349521714,9415.350371505,CIRCUIT_OPEN,2026-09-05T00:05:18.548621Z
0d4f2c5b-2af6-4021-bd3f-be2440ff3f02,run1_rep1,C,OPEN,OPEN,request,CACHE,HIT,0.025000001187436283,1.0240829997201217,INFO,adaptador.request,false,degradado,0.9254579999833368,9415.350332964,9415.351332047,9415.350307964,9415.351258422,CIRCUIT_OPEN,2026-09-05T00:05:18.549515Z
6940740c-9005-4073-a570-717502b85d99,run1_rep1,C,OPEN,OPEN,request,CACHE,HIT,0.0257500014413381,0.43370800085540395,INFO,adaptador.request,false,degradado,0.36133299909124617,9415.356575547,9415.356983505,9415.356549797,9415.35693688,CIRCUIT_OPEN,2026-09-05T00:05:18.555150Z
67534b52-b4b1-4c3b-a755-d2fac6795255,run1_rep1,C,OPEN,OPEN,request,CACHE,HIT,0.044874999730382115,0.7444170005328488,INFO,adaptador.request,false,degradado,0.6167500014271354,9415.395989505,9415.396689047,9415.39594463,9415.396606255,CIRCUIT_OPEN,2026-09-05T00:05:18.594859Z
306bb9da-aded-41f4-beac-6872d4b788ba,run1_rep1,C,OPEN,OPEN,request,CACHE,HIT,0.02474999928381294,0.49791599849413615,INFO,adaptador.request,false,degradado,0.41941599920392036,9415.401947589,9415.402420755,9415.401922839,9415.402367005,CIRCUIT_OPEN,2026-09-05T00:05:18.600573Z
bab32252-9ab7-44ca-ad9e-464e9680beff,run1_rep1,C,OPEN,OPEN,request,CACHE,HIT,0.04920900028082542,0.7738340009382227,INFO,adaptador.request,false,degradado,0.6372500010911608,9415.455508714,9415.456233339,9415.455459505,9415.456145964,CIRCUIT_OPEN,2026-09-05T00:05:18.654411Z
d0705b13-60d1-413a-ace7-c7725edf2579,run1_rep1,C,OPEN,OPEN,request,CACHE,HIT,0.024208000468206592,0.46025000119698234,INFO,adaptador.request,false,degradado,0.38341700019373093,9415.460790297,9415.461226339,9415.460766089,9415.461173714,CIRCUIT_OPEN,2026-09-05T00:05:18.659372Z
f346776a-fb5a-4457-968a-4519cd89dae9,run1_rep1,C,OPEN,OPEN,request,CACHE,HIT,0.04245799937052652,0.7026669991319068,INFO,adaptador.request,false,degradado,0.5790840004920028,9415.49514838,9415.495808589,9415.495105922,9415.495727464,CIRCUIT_OPEN,2026-09-05T00:05:18.693994Z
e67385f6-a797-4b9c-9950-74c7de7710d4,run1_rep1,C,OPEN,OPEN,request,CACHE,HIT,0.041667000914458185,0.7012500009295763,INFO,adaptador.request,false,degradado,0.5666249999194406,9415.545326547,9415.54598613,9415.54528488,9415.545893172,CIRCUIT_OPEN,2026-09-05T00:05:18.744194Z
9d4b4e1d-abf6-43fd-98e7-a0c342f248f5,run1_rep1,C,OPEN,OPEN,request,CACHE,HIT,0.022250000256462954,0.42666700028348714,INFO,adaptador.request,false,degradado,0.35808299980999436,9415.549702422,9415.550106839,9415.549680172,9415.550060505,CIRCUIT_OPEN,2026-09-05T00:05:18.748258Z
61efcfcc-6966-4fe6-b523-5e4ad77654e9,run1_rep1,C,OPEN,OPEN,request,CACHE,HIT,0.016291000065393746,0.36345800072012935,INFO,adaptador.request,false,degradado,0.30854200122121256,9415.55456413,9415.554911297,9415.554547839,9415.554872672,CIRCUIT_OPEN,2026-09-05T00:05:18.753057Z
e6acc91e-3a75-43d9-8a72-6951b6e9508d,run1_rep1,C,OPEN,OPEN,request,CACHE,HIT,0.050042001021211036,0.7705839998379815,INFO,adaptador.request,false,degradado,0.6296249994193204,9415.600178422,9415.600898964,9415.60012838,9415.600808047,CIRCUIT_OPEN,2026-09-05T00:05:18.799108Z
72594de5-d4c8-4a2c-bd9e-b18dba39de87,run1_rep1,C,OPEN,OPEN,request,CACHE,HIT,0.03695800114655867,1.0457910011609783,INFO,adaptador.request,false,degradado,0.9334169990324881,9415.610236422,9415.611245255,9415.610199464,9415.611169839,CIRCUIT_OPEN,2026-09-05T00:05:18.809432Z
15bd0ddc-6c0c-4b8c-be2c-6713b7e6eb74,run1_rep1,C,OPEN,OPEN,request,CACHE,HIT,0.032250000003841706,1.014999999824795,INFO,adaptador.request,false,degradado,0.9377079986734316,9415.611088797,9415.612071547,9415.611056547,9415.612026505,CIRCUIT_OPEN,2026-09-05T00:05:18.810889Z
347b96f1-da6d-4aa4-adf9-79959a01a5ca,run1_rep1,C,OPEN,OPEN,request,CACHE,HIT,0.021457999537233263,0.9221660002367571,INFO,adaptador.request,false,degradado,0.8661250012664823,9415.612431172,9415.61333188,9415.612409714,9415.613297297,CIRCUIT_OPEN,2026-09-05T00:05:18.811722Z
ed8fe6cd-5276-48f5-9bc5-a108ed6c08c7,run1_rep1,C,OPEN,OPEN,request,CACHE,HIT,0.06004099850542843,0.7778749986755429,INFO,adaptador.request,false,degradado,0.6273750004766043,9415.704040505,9415.704758339,9415.703980464,9415.70466788,CIRCUIT_OPEN,2026-09-05T00:05:18.902935Z
000af43d-396b-4c4d-a028-5791974cc39c,run1_rep1,C,OPEN,OPEN,request,CACHE,HIT,0.05133299964654725,0.8102909996523522,INFO,adaptador.request,false,degradado,0.6604999998671701,9415.767653714,9415.768412672,9415.767602381,9415.768314214,CIRCUIT_OPEN,2026-09-05T00:05:18.966599Z
7e9af8dd-cd6a-44cc-9104-661381ca6e9d,run1_rep1,C,OPEN,OPEN,request,CACHE,HIT,0.047542000174871646,1.1370419997547287,INFO,adaptador.request,false,degradado,1.011166001262609,9415.821353881,9415.822443381,9415.821306339,9415.822365047,CIRCUIT_OPEN,2026-09-05T00:05:19.020863Z
b7eb8a8f-d562-45d9-b19e-61a2b09a348e,run1_rep1,C,OPEN,OPEN,request,CACHE,HIT,0.018374999854131602,0.8962499996414408,INFO,adaptador.request,false,degradado,0.8393339994654525,9415.821820547,9415.822698422,9415.821802172,9415.822659881,CIRCUIT_OPEN,2026-09-05T00:05:19.021178Z
f5510a2e-1f0e-490c-86a6-beacb3e9d1d8,run1_rep1,C,OPEN,OPEN,request,CACHE,HIT,0.03229100002499763,0.6082910003897268,INFO,adaptador.request,false,degradado,0.4896669997833669,9415.828483047,9415.829059047,9415.828450756,9415.828972714,CIRCUIT_OPEN,2026-09-05T00:05:19.027241Z
1f5cab46-68f7-4edf-94b0-ec7d21157f1e,run1_rep1,C,OPEN,OPEN,request,CACHE,HIT,0.021374999050749466,0.4377919995022239,INFO,adaptador.request,false,degradado,0.34579200109874364,9415.842378922,9415.842795339,9415.842357547,9415.842724714,CIRCUIT_OPEN,2026-09-05T00:05:19.040981Z
55ed4a8a-9e91-4000-ad20-edd3eb639f25,run1_rep1,C,OPEN,OPEN,request,CACHE,HIT,0.038333000702550635,0.6895419992360985,INFO,adaptador.request,false,degradado,0.5789589995401911,9415.886957922,9415.887609131,9415.886919589,9415.887536881,CIRCUIT_OPEN,2026-09-05T00:05:19.085770Z
cfb9394e-b767-480b-9c59-d2e8d9c52a27,run1_rep1,C,OPEN,OPEN,request,CACHE,HIT,0.05170800068299286,1.3405000008788193,INFO,adaptador.request,false,degradado,1.1991669998678844,9415.955922589,9415.957211381,9415.955870881,9415.957121756,CIRCUIT_OPEN,2026-09-05T00:05:19.155618Z
79d0d622-566a-4d6a-ab1a-941c217e6c19,run1_rep1,C,OPEN,OPEN,request,CACHE,HIT,0.023708000298938714,0.952958000198123,INFO,adaptador.request,false,degradado,0.888083999598166,9415.956530422,9415.957459672,9415.956506714,9415.957418506,CIRCUIT_OPEN,2026-09-05T00:05:19.155940Z
613e05f7-50c0-45b9-83fe-0e307e429b88,run1_rep1,C,OPEN,OPEN,request,CACHE,HIT,0.0563749999855645,1.2165000007371418,INFO,adaptador.request,false,degradado,0.8862499998940621,9416.060911547,9416.062071672,9416.060855172,9416.061797797,CIRCUIT_OPEN,2026-09-05T00:05:19.260275Z
c68b05e6-d4b6-4d3b-8cf4-b0db5d501a1a,run1_rep1,C,OPEN,OPEN,request,CACHE,HIT,0.03562500023690518,0.7797090001986362,INFO,adaptador.request,false,degradado,0.6508749993372476,9416.063268922,9416.064013006,9416.063233297,9416.063919797,CIRCUIT_OPEN,2026-09-05T00:05:19.262186Z
ada2b4f5-ef03-43f7-a6c7-980800621be7,run1_rep1,C,OPEN,OPEN,request,CACHE,HIT,0.04004099901067093,0.6894159996591043,INFO,adaptador.request,false,degradado,0.5611249998764833,9416.076770672,9416.077420047,9416.076730631,9416.077331797,CIRCUIT_OPEN,2026-09-05T00:05:19.275605Z
1da5520a-516a-4eef-9251-f4e54e3921a7,run1_rep1,C,OPEN,OPEN,request,CACHE,HIT,0.023292001060326584,0.8889170003385516,INFO,adaptador.request,false,degradado,0.7989999994606478,9416.092453839,9416.093319464,9416.092430547,9416.093252839,CIRCUIT_OPEN,2026-09-05T00:05:19.291505Z
e3675340-a56d-413d-b814-9a8783dd0692,run1_rep1,C,OPEN,OPEN,request,CACHE,HIT,0.019625000277301297,0.7472500001313165,INFO,adaptador.request,false,degradado,0.6847500008007046,9416.093143839,9416.093871464,9416.093124214,9416.093828589,CIRCUIT_OPEN,2026-09-05T00:05:19.292238Z
d82b4ec3-e182-4d9b-8d25-eb57766019d1,run1_rep1,C,OPEN,OPEN,request,CACHE,HIT,0.017207999917445704,0.40491700019629207,INFO,adaptador.request,false,degradado,0.3387500000826549,9416.106930422,9416.107318131,9416.106913214,9416.107269172,CIRCUIT_OPEN,2026-09-05T00:05:19.305472Z
633c05cb-9e8c-458a-96d0-872b226ee886,run1_rep1,C,OPEN,OPEN,request,CACHE,HIT,0.024000000848900527,0.5124590006744256,INFO,adaptador.request,false,degradado,0.4205839995847782,9416.162569172,9416.163057631,9416.162545172,9416.162989756,CIRCUIT_OPEN,2026-09-05T00:05:19.361218Z
9af60b5b-d328-4ed2-bd15-f1d3770df370,run1_rep1,C,OPEN,OPEN,request,CACHE,HIT,0.05237500045041088,1.1262499992881203,INFO,adaptador.request,false,degradado,0.9373329994559754,9416.199670214,9416.200744089,9416.199617839,9416.200607547,CIRCUIT_OPEN,2026-09-05T00:05:19.399106Z
e542b63f-9097-4606-be22-fe6cddc4a0cb,run1_rep1,C,OPEN,OPEN,request,CACHE,HIT,0.02554200000304263,1.0411670009489171,INFO,adaptador.request,false,degradado,0.9564160009176703,9416.200519256,9416.201534881,9416.200493714,9416.201475672,CIRCUIT_OPEN,2026-09-05T00:05:19.399923Z
f2355c38-52ed-4a03-95e9-4b84287f0f14,run1_rep1,C,OPEN,OPEN,request,CACHE,HIT,0.024916000256780535,0.442915999883553,INFO,adaptador.request,false,degradado,0.3560419991117669,9416.203809672,9416.204227672,9416.203784756,9416.204165714,CIRCUIT_OPEN,2026-09-05T00:05:19.402395Z
063dae77-9cec-4a71-bbbd-592cd8c0f8a3,run1_rep1,C,OPEN,OPEN,request,CACHE,HIT,0.05199999941396527,0.8428330002061557,INFO,adaptador.request,false,degradado,0.6884579997858964,9416.350497214,9416.351288047,9416.350445214,9416.351185672,CIRCUIT_OPEN,2026-09-05T00:05:19.549483Z
4df495cf-109b-4ad4-ae1a-33373cbe276c,run1_rep1,C,OPEN,OPEN,request,CACHE,HIT,0.045124999815016054,0.7927919996291166,INFO,adaptador.request,false,degradado,0.6646250003541354,9416.379953672,9416.380701339,9416.379908547,9416.380618297,CIRCUIT_OPEN,2026-09-05T00:05:19.578875Z
cec6104e-32a5-45b6-b321-2aee59519aa9,run1_rep1,C,OPEN,OPEN,request,CACHE,HIT,0.04841699956159573,0.7418749992211815,INFO,adaptador.request,false,degradado,0.6129579996922985,9416.450921423,9416.451614881,9416.450873006,9416.451534381,CIRCUIT_OPEN,2026-09-05T00:05:19.649782Z
9ccb1fc8-3610-462a-847b-1ad9ebadcb4a,run1_rep1,C,OPEN,OPEN,request,CACHE,HIT,0.042875000872300006,0.7853749993955716,INFO,adaptador.request,false,degradado,0.6542079991049832,9416.473938298,9416.474680798,9416.473895423,9416.474592506,CIRCUIT_OPEN,2026-09-05T00:05:19.672871Z
0f42b8af-22ea-4dc5-a42a-0df74bfc736e,run1_rep1,C,OPEN,OPEN,request,CACHE,HIT,0.03879200085066259,0.6039580002834555,INFO,adaptador.request,false,degradado,0.49525000031280797,9416.488956048,9416.489521214,9416.488917256,9416.489451298,CIRCUIT_OPEN,2026-09-05T00:05:19.687686Z
f42ff247-7f18-481b-b931-6292e0b02f17,run1_rep1,C,OPEN,OPEN,request,CACHE,HIT,0.028417000066838227,0.51050000001851,INFO,adaptador.request,false,degradado,0.417124998421059,9416.494441131,9416.494923214,9416.494412714,9416.494858256,CIRCUIT_OPEN,2026-09-05T00:05:19.693106Z
f98d7de6-0114-422d-89cb-edb6fc5d4ac1,run1_rep1,C,OPEN,OPEN,request,CACHE,HIT,0.03387499964446761,0.6367499991029035,INFO,adaptador.request,false,degradado,0.5234589989413507,9416.507570214,9416.508173089,9416.507536339,9416.508093673,CIRCUIT_OPEN,2026-09-05T00:05:19.706356Z
9c4925e1-d198-4128-8e49-fdb8196b1f4e,run1_rep1,C,OPEN,OPEN,request,CACHE,HIT,0.022917000023880973,0.4857499989157077,INFO,adaptador.request,false,degradado,0.4080830003658775,9416.512767881,9416.513230714,9416.512744964,9416.513175964,CIRCUIT_OPEN,2026-09-05T00:05:19.711390Z
0b5e8156-8e46-42d0-80ec-a4e9609de22e,run1_rep1,C,OPEN,OPEN,request,CACHE,HIT,0.016459000107715838,0.39400000059686136,INFO,adaptador.request,false,degradado,0.33195799915120006,9416.519939423,9416.520316964,9416.519922964,9416.520271381,CIRCUIT_OPEN,2026-09-05T00:05:19.718468Z
24bc8475-7e97-4a92-88ce-f400aa025ad9,run1_rep1,C,OPEN,OPEN,request,CACHE,HIT,0.0384579998353729,0.682542000504327,INFO,adaptador.request,false,degradado,0.5670840000675526,9416.602741464,9416.603385548,9416.602703006,9416.603308548,CIRCUIT_OPEN,2026-09-05T00:05:19.801567Z
298f9ff5-b97b-4fc1-8319-cff0a4cac00b,run1_rep1,C,OPEN,OPEN,request,CACHE,HIT,0.040249999074148946,0.6660830003966112,INFO,adaptador.request,false,degradado,0.5579580010817153,9416.630574423,9416.631200256,9416.630534173,9416.631132381,CIRCUIT_OPEN,2026-09-05T00:05:19.829363Z
789ae3f6-4ba7-4928-8e27-a2b53ee99e28,run1_rep1,C,OPEN,OPEN,request,CACHE,HIT,0.035000000934815034,0.7960840011946857,INFO,adaptador.request,false,degradado,0.6863750004413305,9416.637059339,9416.637820423,9416.637024339,9416.637745714,CIRCUIT_OPEN,2026-09-05T00:05:19.836003Z
f8585569-151e-4a32-9223-7bad17561339,run1_rep1,C,OPEN,OPEN,request,CACHE,HIT,0.047416999223059975,1.2118749982619192,INFO,adaptador.request,false,degradado,1.075374999345513,9416.709773298,9416.710937756,9416.709725881,9416.710848673,CIRCUIT_OPEN,2026-09-05T00:05:19.909403Z
ab763f0f-ae1d-4873-888b-5616c4d7037f,run1_rep1,C,OPEN,OPEN,request,CACHE,HIT,0.02354199932597112,0.9525839996058494,INFO,adaptador.request,false,degradado,0.8769579999352572,9416.710303381,9416.711232423,9416.710279839,9416.711180339,CIRCUIT_OPEN,2026-09-05T00:05:19.909671Z
fe7d7bdd-a39e-4073-8fed-971a1f4161ae,run1_rep1,C,OPEN,OPEN,request,CACHE,HIT,0.049666999984765425,0.713084000381059,INFO,adaptador.request,false,degradado,0.5730419998144498,9416.789161256,9416.789824673,9416.789111589,9416.789734298,CIRCUIT_OPEN,2026-09-05T00:05:19.988003Z
90231215-1fc2-43d5-af7d-3383bab49ace,run1_rep1,C,OPEN,OPEN,request,CACHE,HIT,0.048207999498117715,0.6723329988744808,INFO,adaptador.request,false,degradado,0.5492920008691726,9416.813273381,9416.813897506,9416.813225173,9416.813822673,CIRCUIT_OPEN,2026-09-05T00:05:20.012073Z
41688656-9115-41b9-9cdb-3b9185b713e4,run1_rep1,C,OPEN,OPEN,request,CACHE,HIT,0.039165999623946846,0.6628749997616978,INFO,adaptador.request,false,degradado,0.5376250010158401,9416.832090089,9416.832713798,9416.832050923,9416.832627714,CIRCUIT_OPEN,2026-09-05T00:05:20.030900Z
ce8d0783-1ac3-4bbb-9767-c62929469065,run1_rep1,C,OPEN,OPEN,request,CACHE,HIT,0.04916699981549755,1.162750000730739,INFO,adaptador.request,false,degradado,1.0212080014753155,9416.892506756,9416.893620339,9416.892457589,9416.893527964,CIRCUIT_OPEN,2026-09-05T00:05:20.092051Z
d6b9881e-f486-43a7-b19b-eb2edc33776b,run1_rep1,C,OPEN,OPEN,request,CACHE,HIT,0.035291999665787444,0.8808339989627711,INFO,adaptador.request,false,degradado,0.7932919997983845,9416.893029256,9416.893874798,9416.892993964,9416.893822548,CIRCUIT_OPEN,2026-09-05T00:05:20.092331Z
9a61289d-28c0-41a7-b0ac-12d477ac65de,run1_rep1,C,OPEN,OPEN,request,CACHE,HIT,0.05558299926633481,0.8372909996978706,INFO,adaptador.request,false,degradado,0.6925000016053673,9416.942132256,9416.942913964,9416.942076673,9416.942824756,CIRCUIT_OPEN,2026-09-05T00:05:20.141111Z
7d356152-b8f5-48cf-bec2-aebb241e7d44,run1_rep1,C,OPEN,OPEN,request,CACHE,HIT,0.04724999962490983,0.6101250000938307,INFO,adaptador.request,false,degradado,0.49987500096904114,9416.956024673,9416.956587548,9416.955977423,9416.956524548,CIRCUIT_OPEN,2026-09-05T00:05:20.154740Z
066161c1-8e1d-494e-b256-9b89a5ab512b,run1_rep1,C,OPEN,OPEN,request,CACHE,HIT,0.03716600076586474,0.6662080013484228,INFO,adaptador.request,false,degradado,0.5469589996209834,9416.995587964,9416.996217006,9416.995550798,9416.996134923,CIRCUIT_OPEN,2026-09-05T00:05:20.194394Z
79e04a54-50b8-4ecc-99cb-445c3c2307cc,run1_rep1,C,OPEN,OPEN,request,CACHE,HIT,0.03487499998300336,0.6557500000781147,INFO,adaptador.request,false,degradado,0.5495409986906452,9417.073098548,9417.073719423,9417.073063673,9417.073648089,CIRCUIT_OPEN,2026-09-05T00:05:20.271881Z
0df4c498-d254-454b-bd44-152e4e70012a,run1_rep1,C,OPEN,OPEN,request,CACHE,HIT,0.02087500070047099,0.6178330004331656,INFO,adaptador.request,false,degradado,0.5487500002345769,9417.095956006,9417.096552964,9417.095935131,9417.096504756,CIRCUIT_OPEN,2026-09-05T00:05:20.294832Z
31fc035c-1608-43df-a289-30d31eae6fb8,run1_rep1,C,OPEN,OPEN,request,CACHE,HIT,0.01024999983201269,0.4710000011982629,INFO,adaptador.request,false,degradado,0.4321670003264444,9417.096228006,9417.096688756,9417.096217756,9417.096660173,CIRCUIT_OPEN,2026-09-05T00:05:20.295025Z
0db468c6-e7a6-48b7-af3a-fa502792df6b,run1_rep1,C,OPEN,OPEN,request,CACHE,HIT,0.0346670003636973,0.7760000007692724,INFO,adaptador.request,false,degradado,0.6574580002052244,9417.150466465,9417.151207798,9417.150431798,9417.151123923,CIRCUIT_OPEN,2026-09-05T00:05:20.349384Z
a2f67ed5-7c70-4f71-abaf-f99b34c7c5f6,run1_rep1,C,OPEN,OPEN,request,CACHE,HIT,0.042083000153070316,0.6897919993207324,INFO,adaptador.request,false,degradado,0.5772499989689095,9417.186726881,9417.18737459,9417.186684798,9417.187304131,CIRCUIT_OPEN,2026-09-05T00:05:20.385556Z
60816545-63e9-42e8-8e42-9da026bb8ddd,run1_rep1,C,OPEN,OPEN,request,CACHE,HIT,0.047375000576721504,0.6566250012838282,INFO,adaptador.request,false,degradado,0.5427090000011958,9417.219920881,9417.220530131,9417.219873506,9417.22046359,CIRCUIT_OPEN,2026-09-05T00:05:20.418700Z
71efb5fb-0db0-40cf-a371-c82779f490da,run1_rep1,C,OPEN,OPEN,request,CACHE,HIT,0.031874998967396095,0.8217499998863786,INFO,adaptador.request,false,degradado,0.7044579997455003,9417.266202215,9417.26699209,9417.26617034,9417.266906673,CIRCUIT_OPEN,2026-09-05T00:05:20.465201Z
cb575521-40e6-4a58-a08d-600244c20d7e,run1_rep1,C,OPEN,OPEN,request,CACHE,HIT,0.017790998754207976,0.8692499995959224,INFO,adaptador.request,false,degradado,0.8007920005184133,9417.266830006,9417.267681465,9417.266812215,9417.267630798,CIRCUIT_OPEN,2026-09-05T00:05:20.466020Z
64598778-1cfd-415b-94b1-cef703ab548f,run1_rep1,C,OPEN,OPEN,request,CACHE,HIT,0.052041999879293144,1.0325420007575303,INFO,adaptador.request,false,degradado,0.8697499997651903,9417.363120048,9417.364100548,9417.363068006,9417.363989798,CIRCUIT_OPEN,2026-09-05T00:05:20.562295Z
34afb114-e979-441d-a5b0-ebad4be65757,run1_rep1,C,OPEN,OPEN,request,CACHE,HIT,0.02204200063715689,0.8821669998724246,INFO,adaptador.request,false,degradado,0.805457999376813,9417.363881715,9417.36474184,9417.363859673,9417.364687173,CIRCUIT_OPEN,2026-09-05T00:05:20.563069Z
4d71a3c2-00fe-4b94-b3a0-83a1962b69e8,run1_rep1,C,OPEN,OPEN,request,CACHE,HIT,0.024750001102802344,0.6019170014042174,INFO,adaptador.request,false,degradado,0.47974999870348256,9417.375472006,9417.376049173,9417.375447256,9417.375951756,CIRCUIT_OPEN,2026-09-05T00:05:20.574233Z
5266f7ff-8b5b-4281-a82d-681152a8c97c,run1_rep1,C,OPEN,OPEN,request,CACHE,HIT,0.02833399958035443,1.128666999647976,INFO,adaptador.request,false,degradado,1.0271659994032234,9417.38509659,9417.386196923,9417.385068256,9417.386123756,CIRCUIT_OPEN,2026-09-05T00:05:20.584373Z
2093324a-f68e-4c19-a14c-95fa5dc9936e,run1_rep1,C,OPEN,OPEN,request,CACHE,HIT,0.022084001102484763,1.047000001562992,INFO,adaptador.request,false,degradado,0.968708000073093,9417.38605359,9417.387078506,9417.386031506,9417.387022298,CIRCUIT_OPEN,2026-09-05T00:05:20.585241Z
d386430a-75c2-4aa8-bc99-77058e45c1bc,run1_rep1,C,OPEN,OPEN,request,CACHE,HIT,0.021750000087195076,0.46137500066834036,INFO,adaptador.request,false,degradado,0.39170799936982803,9417.394851965,9417.39529159,9417.394830215,9417.395243673,CIRCUIT_OPEN,2026-09-05T00:05:20.593437Z
511ea4d7-2edc-4528-9f8b-e7dc7481159d,run1_rep1,C,OPEN,OPEN,request,CACHE,HIT,0.025459001335548237,0.4893750010523945,INFO,adaptador.request,false,degradado,0.39449999894713983,9417.432637215,9417.433101131,9417.432611756,9417.433031715,CIRCUIT_OPEN,2026-09-05T00:05:20.631291Z
be10f569-f425-493d-a736-1c653555aa14,run1_rep1,C,OPEN,OPEN,request,CACHE,HIT,0.04120800076634623,0.6831660011812346,INFO,adaptador.request,false,degradado,0.5630420000670711,9417.474264298,9417.474906256,9417.47422309,9417.47482734,CIRCUIT_OPEN,2026-09-05T00:05:20.673104Z
f6b0e7ac-d9d1-4d66-9306-1b3e124fb6a8,run1_rep1,C,OPEN,OPEN,request,CACHE,HIT,0.050874999942607246,0.8159589997376315,INFO,adaptador.request,false,degradado,0.6649589995504357,9417.544886006,9417.54565109,9417.544835131,9417.545550965,CIRCUIT_OPEN,2026-09-05T00:05:20.743833Z
051d8366-5b74-4331-9f9e-95fd8c6d596e,run1_rep1,C,OPEN,OPEN,request,CACHE,HIT,0.03541699879860971,0.6418339999072487,INFO,adaptador.request,false,degradado,0.5455000009533251,9417.555719548,9417.556325965,9417.555684131,9417.556265048,CIRCUIT_OPEN,2026-09-05T00:05:20.754483Z
8a03572c-7b13-4b83-9917-2fb31aeed9ab,run1_rep1,C,OPEN,OPEN,request,CACHE,HIT,0.03945800017390866,0.685041999531677,INFO,adaptador.request,false,degradado,0.5710420009563677,9417.586711131,9417.587356715,9417.586671673,9417.587282173,CIRCUIT_OPEN,2026-09-05T00:05:20.785513Z
a83af78b-614c-48ea-875a-086e5a4b3a7a,run1_rep1,C,OPEN,OPEN,request,CACHE,HIT,0.03083400042669382,0.5390420010371599,INFO,adaptador.request,false,degradado,0.43754100079240743,9417.605831215,9417.606339423,9417.605800381,9417.606268756,CIRCUIT_OPEN,2026-09-05T00:05:20.804512Z
8d4a8b4b-8c35-4760-9a76-a2972f95d007,run1_rep1,C,OPEN,OPEN,request,CACHE,HIT,0.023042000975692645,1.3792499994451646,INFO,adaptador.request,false,degradado,1.2917499989271164,9417.638276465,9417.639632673,9417.638253423,9417.639568215,CIRCUIT_OPEN,2026-09-05T00:05:20.838158Z
6bf432f2-dae3-458f-bb60-5026d9e0b828,run1_rep1,C,OPEN,OPEN,request,CACHE,HIT,0.0228749995585531,0.993207999272272,INFO,adaptador.request,false,degradado,0.9081250009330688,9417.638984923,9417.639955256,9417.638962048,9417.639893048,CIRCUIT_OPEN,2026-09-05T00:05:20.838460Z
30362eb6-4894-4796-ab5b-eae06badc647,run1_rep1,C,OPEN,OPEN,request,CACHE,HIT,0.04095900112588424,1.0137919998669531,INFO,adaptador.request,false,degradado,0.8987080000224523,9417.704945715,9417.705918548,9417.704904756,9417.705844423,CIRCUIT_OPEN,2026-09-05T00:05:20.904386Z
425bef00-acaa-4323-8e49-7f0d006d2d49,run1_rep1,C,OPEN,OPEN,request,CACHE,HIT,0.01491699913458433,0.85570800001733,INFO,adaptador.request,false,degradado,0.7927500009827781,9417.70537084,9417.706211631,9417.705355923,9417.70616359,CIRCUIT_OPEN,2026-09-05T00:05:20.904659Z
18b645fb-bf5c-4ba5-bb46-79bf6a9549a5,run1_rep1,C,OPEN,OPEN,request,CACHE,HIT,0.04475000059755985,0.8890000008250354,INFO,adaptador.request,false,degradado,0.7564999996247934,9417.778856465,9417.779700715,9417.778811715,9417.779612965,CIRCUIT_OPEN,2026-09-05T00:05:20.977874Z
aa6e8f2b-c87d-45ba-943a-7775fabf4145,run1_rep1,C,OPEN,OPEN,request,CACHE,HIT,0.031958001272869296,0.538583000889048,INFO,adaptador.request,false,degradado,0.42941699939547107,9417.781899256,9417.782405881,9417.781867298,9417.782328673,CIRCUIT_OPEN,2026-09-05T00:05:20.980596Z
0aa08eda-4e6e-4ae9-8a8a-85aeb4f8e769,run1_rep1,C,OPEN,OPEN,request,CACHE,HIT,0.043832998926518485,0.7185829999798443,INFO,adaptador.request,false,degradado,0.6012920002831379,9417.839614923,9417.840289673,9417.83957109,9417.840216215,CIRCUIT_OPEN,2026-09-05T00:05:21.038457Z
dd15db1f-b592-4aa3-b4a7-f329026f1c85,run1_rep1,C,OPEN,OPEN,request,CACHE,HIT,0.05166700066183694,0.5747499999415595,INFO,adaptador.request,false,degradado,0.45391700041363947,9417.850038965,9417.850562048,9417.849987298,9417.850492882,CIRCUIT_OPEN,2026-09-05T00:05:21.048733Z
098c9779-4b45-4a50-9b9c-69469bd45305,run1_rep1,C,OPEN,OPEN,request,CACHE,HIT,0.04895799975201953,0.8629580006527249,INFO,adaptador.request,false,degradado,0.7359169994742842,9417.946292715,9417.947106715,9417.946243757,9417.947028632,CIRCUIT_OPEN,2026-09-05T00:05:21.145286Z
fa306164-ae44-4922-bd0e-bef7918fa9c1,run1_rep1,C,OPEN,OPEN,request,CACHE,HIT,0.03445800030021928,0.7157500003813766,INFO,adaptador.request,false,degradado,0.6117089997133007,9417.953225673,9417.953906965,9417.953191215,9417.953837382,CIRCUIT_OPEN,2026-09-05T00:05:21.152067Z
9a94f511-f82f-477c-9e12-df4e5bf2ba53,run1_rep1,C,OPEN,OPEN,request,CACHE,HIT,0.032665999242453836,0.9628329989936901,INFO,adaptador.request,false,degradado,0.8350420011993265,9417.974738173,9417.97566834,9417.974705507,9417.975573215,CIRCUIT_OPEN,2026-09-05T00:05:21.173852Z
a47719f6-0fec-4831-a3ac-6239ea09b198,run1_rep1,C,OPEN,OPEN,request,CACHE,HIT,0.03741699947568122,0.8857089997036383,INFO,adaptador.request,false,degradado,0.7882919999246951,9418.004666215,9418.005514507,9418.004628798,9418.005454507,CIRCUIT_OPEN,2026-09-05T00:05:21.203677Z
8b5fc8ec-fb86-4c69-8628-4e4243c8c0f6,run1_rep1,C,OPEN,OPEN,request,CACHE,HIT,0.020542000129353255,1.2702919993898831,INFO,adaptador.request,false,degradado,1.1692499992932426,9418.005357632,9418.006607382,9418.00533709,9418.006526882,CIRCUIT_OPEN,2026-09-05T00:05:21.205021Z
884fa497-537b-4d4e-a67a-a83b4f0fa549,run1_rep1,C,OPEN,OPEN,request,CACHE,HIT,0.04475000059755985,0.8164999999280553,INFO,adaptador.request,false,degradado,0.6714169994666008,9418.064367298,9418.065139048,9418.064322548,9418.065038715,CIRCUIT_OPEN,2026-09-05T00:05:21.263337Z
6ae1b467-ad98-4ad5-a277-d686f5d9ba9b,run1_rep1,C,OPEN,OPEN,request,CACHE,HIT,0.02725000013015233,0.49783299982664175,INFO,adaptador.request,false,degradado,0.40666699896974023,9418.07534259,9418.075813173,9418.07531534,9418.075749257,CIRCUIT_OPEN,2026-09-05T00:05:21.273977Z
b38cbaec-72b1-4e4f-be9b-ed70b7e6c5d2,run1_rep1,C,OPEN,OPEN,request,CACHE,HIT,0.03241700142098125,0.5777920014224946,INFO,adaptador.request,false,degradado,0.4804999989573844,9418.100744507,9418.101289882,9418.10071209,9418.101225007,CIRCUIT_OPEN,2026-09-05T00:05:21.299453Z
0e42790c-aa7c-4536-94a1-377e545fbd19,run1_rep1,C,OPEN,OPEN,request,CACHE,HIT,0.033166999855893664,0.6584169987036148,INFO,adaptador.request,false,degradado,0.5450829994515516,9418.132542007,9418.133167257,9418.13250884,9418.13308709,CIRCUIT_OPEN,2026-09-05T00:05:21.331351Z
7d8b41c6-b4bb-4210-85fb-df196fb9e87a,run1_rep1,C,OPEN,OPEN,request,CACHE,HIT,0.024083001335384324,0.4627500002243323,INFO,adaptador.request,false,degradado,0.3904169989255024,9418.14289959,9418.143338257,9418.142875507,9418.143290007,CIRCUIT_OPEN,2026-09-05T00:05:21.341485Z
8acbeb15-4d1c-4d3b-9a38-22a6d95742d4,run1_rep1,C,OPEN,OPEN,request,CACHE,HIT,0.04829099998460151,0.7540410006185994,INFO,adaptador.request,false,degradado,0.6263750001380686,9418.212614048,9418.213319798,9418.212565757,9418.213240423,CIRCUIT_OPEN,2026-09-05T00:05:21.411501Z
5e03c95e-4356-4a4a-8b44-14e2379408e7,run1_rep1,C,OPEN,OPEN,request,CACHE,HIT,0.040249999074148946,0.6194170000526356,INFO,adaptador.request,false,degradado,0.5081250001239823,9418.227100548,9418.227679715,9418.227060298,9418.227608673,CIRCUIT_OPEN,2026-09-05T00:05:21.425850Z
1ee2616f-df01-4e46-99ba-0fa212f6d2c1,run1_rep1,C,OPEN,OPEN,request,CACHE,HIT,0.03929199920094106,0.6842080001661088,INFO,adaptador.request,false,degradado,0.5667080004059244,9418.252778507,9418.253423423,9418.252739215,9418.253345215,CIRCUIT_OPEN,2026-09-05T00:05:21.451594Z
652eb2af-4db2-4b0b-bd36-fca902ee8322,run1_rep1,C,OPEN,OPEN,request,CACHE,HIT,0.03400000059627928,0.8013750011741649,INFO,adaptador.request,false,degradado,0.6597089995921124,9418.262736548,9418.263503923,9418.262702548,9418.263396257,CIRCUIT_OPEN,2026-09-05T00:05:21.461711Z
72b12fbc-af18-45db-bfda-5fe3d9376a81,run1_rep1,C,OPEN,OPEN,request,CACHE,HIT,0.040249999074148946,1.0628750005707843,INFO,adaptador.request,false,degradado,0.9490410011494532,9418.297876632,9418.298899257,9418.297836382,9418.298825673,CIRCUIT_OPEN,2026-09-05T00:05:21.497069Z
a7b96332-b2a7-421a-916b-1673a54e4dee,run1_rep1,C,OPEN,OPEN,request,CACHE,HIT,0.052167000831104815,0.877042000865913,INFO,adaptador.request,false,degradado,0.7381249997706618,9418.381133007,9418.381957882,9418.38108084,9418.381871132,CIRCUIT_OPEN,2026-09-05T00:05:21.580154Z
88bc1ab8-4109-43bb-83cc-f21d536a0df8,run1_rep1,C,OPEN,OPEN,request,CACHE,HIT,0.03325000034237746,0.6208750000951113,INFO,adaptador.request,false,degradado,0.5248749985184986,9418.390591048,9418.391178673,9418.390557798,9418.391115923,CIRCUIT_OPEN,2026-09-05T00:05:21.589340Z
4412eb4c-ea86-49e9-bdcc-05db8c0acf8c,run1_rep1,C,OPEN,OPEN,request,CACHE,HIT,0.021834001017850824,0.47975000052247196,INFO,adaptador.request,false,degradado,0.39054099943314213,9418.396378007,9418.396835923,9418.396356173,9418.396768548,CIRCUIT_OPEN,2026-09-05T00:05:21.595017Z
a515f2cd-e9bc-4ee3-a5f8-b5d03948b50c,run1_rep1,C,OPEN,OPEN,request,CACHE,HIT,0.035167000532965176,1.000166999801877,INFO,adaptador.request,false,degradado,0.8949580005719326,9418.462853465,9418.463818465,9418.462818298,9418.463748423,CIRCUIT_OPEN,2026-09-05T00:05:21.662238Z
e20a3dde-7092-40b1-ae78-2a7049d8cf66,run1_rep1,C,OPEN,OPEN,request,CACHE,HIT,0.020041999960085377,0.8124169999064179,INFO,adaptador.request,false,degradado,0.7458330001099966,9418.463279132,9418.464071507,9418.46325909,9418.464024965,CIRCUIT_OPEN,2026-09-05T00:05:21.662745Z
166ea807-90cc-43b6-be6e-102d256d1b39,run1_rep1,C,OPEN,OPEN,request,CACHE,HIT,0.03612500040617306,0.7948750007926719,INFO,adaptador.request,false,degradado,0.6827500001236331,9418.48647559,9418.48723434,9418.486439465,9418.48715834,CIRCUIT_OPEN,2026-09-05T00:05:21.685419Z
fd163d7b-aad5-4b0a-8c2f-3f0eb9051fe9,run1_rep1,C,OPEN,OPEN,request,CACHE,HIT,0.045917000534245744,1.1487499996292172,INFO,adaptador.request,false,degradado,1.0131669987458736,9418.605510007,9418.60661284,9418.60546409,9418.606523174,CIRCUIT_OPEN,2026-09-05T00:05:21.805016Z
553cff5a-ba59-486e-8247-9a18ffe1d3f5,run1_rep1,C,OPEN,OPEN,request,CACHE,HIT,0.017332999050267972,0.877500000569853,INFO,adaptador.request,false,degradado,0.8249590009654639,9418.60599334,9418.606853507,9418.605976007,9418.606818299,CIRCUIT_OPEN,2026-09-05T00:05:21.805431Z
7835659c-99cc-4bad-9c8e-6893fc48c0c3,run1_rep1,C,OPEN,OPEN,request,CACHE,HIT,0.047790999815333635,0.8399580001423601,INFO,adaptador.request,false,degradado,0.6821249990025535,9418.650386715,9418.651178882,9418.650338924,9418.65106884,CIRCUIT_OPEN,2026-09-05T00:05:21.849383Z
56919564-ae7f-4a17-b9b6-21d70bfe211a,run1_rep1,C,OPEN,OPEN,request,CACHE,HIT,0.0301670006592758,0.5383750012697419,INFO,adaptador.request,false,degradado,0.41804200009210035,9418.653562632,9418.65407084,9418.653532465,9418.653980674,CIRCUIT_OPEN,2026-09-05T00:05:21.852278Z
07aa29eb-054e-4581-8852-c67ddde04ec8,run1_rep1,C,OPEN,OPEN,request,CACHE,HIT,0.03866699989885092,0.7547499990323558,INFO,adaptador.request,false,degradado,0.6407910004782025,9418.680209049,9418.680925132,9418.680170382,9418.68084984,CIRCUIT_OPEN,2026-09-05T00:05:21.879129Z
1d76da16-cb83-4b2c-99b4-f3215f9e8f2b,run1_rep1,C,OPEN,OPEN,request,CACHE,HIT,0.044041000364813954,0.7076660003804136,INFO,adaptador.request,false,degradado,0.5921249994571554,9418.728792465,9418.72945609,9418.728748424,9418.72938459,CIRCUIT_OPEN,2026-09-05T00:05:21.927623Z
ca6e9a49-dc0a-4602-b7a6-00defc15b954,run1_rep1,C,OPEN,OPEN,request,CACHE,HIT,0.04262500078766607,1.0172500005865004,INFO,adaptador.request,false,degradado,0.8997919994726544,9418.75773184,9418.758706465,9418.757689215,9418.758631632,CIRCUIT_OPEN,2026-09-05T00:05:21.957174Z
78557d66-8245-420a-9b20-90cf38d7732f,run1_rep1,C,OPEN,OPEN,request,CACHE,HIT,0.02874999881896656,0.8054999998421408,INFO,adaptador.request,false,degradado,0.7222910007840255,9418.758193299,9418.758970049,9418.758164549,9418.75891559,CIRCUIT_OPEN,2026-09-05T00:05:21.957437Z
a332fe64-4ff3-45b7-939b-d54ef5d809ed,run1_rep1,C,OPEN,OPEN,request,CACHE,HIT,0.03525000101944897,0.5510410010174382,INFO,adaptador.request,false,degradado,0.44595799954549875,9418.777264549,9418.77778034,9418.777229299,9418.777710507,CIRCUIT_OPEN,2026-09-05T00:05:21.975956Z
c4c05eea-0321-4705-830e-8448a58fbcad,run1_rep1,C,OPEN,OPEN,request,CACHE,HIT,0.060292000853223726,0.892083000508137,INFO,adaptador.request,false,degradado,0.738957998692058,9418.851846924,9418.852678715,9418.851786632,9418.852585882,CIRCUIT_OPEN,2026-09-05T00:05:22.050871Z
b2e9ce50-1d1a-4993-8496-14700f2eb2a7,run1_rep1,C,OPEN,OPEN,request,CACHE,HIT,0.031125000532483682,0.6062079992261715,INFO,adaptador.request,false,degradado,0.5143750004208414,9418.861662924,9418.862238007,9418.861631799,9418.862177299,CIRCUIT_OPEN,2026-09-05T00:05:22.060400Z
87926855-b160-41db-b241-dd5b0850b2e6,run1_rep1,C,OPEN,OPEN,request,CACHE,HIT,0.05700000110664405,0.9096250014408724,INFO,adaptador.request,false,degradado,0.7386659999610856,9418.923491174,9418.924343799,9418.923434174,9418.92422984,CIRCUIT_OPEN,2026-09-05T00:05:22.122553Z
b5ad340f-b085-46a0-83dc-ed180862db82,run1_rep1,C,OPEN,OPEN,request,CACHE,HIT,0.046875000407453626,0.8127500004775357,INFO,adaptador.request,false,degradado,0.676499999826774,9418.957875632,9418.958641507,9418.957828757,9418.958552132,CIRCUIT_OPEN,2026-09-05T00:05:22.156822Z
cf62f717-d582-40ee-af87-6109f7927c91,run1_rep1,C,OPEN,OPEN,request,CACHE,HIT,0.026749999960884452,0.6557079996127868,INFO,adaptador.request,false,degradado,0.5568750002566958,9418.962277674,9418.962906632,9418.962250924,9418.962834549,CIRCUIT_OPEN,2026-09-05T00:05:22.161102Z
c02f15c8-b132-45cf-8d19-61b854daf8a6,run1_rep1,C,OPEN,OPEN,request,CACHE,HIT,0.020582998331519775,0.46316599946294446,INFO,adaptador.request,false,degradado,0.37525000152527355,9418.984274632,9418.984717215,9418.984254049,9418.984649882,CIRCUIT_OPEN,2026-09-05T00:05:22.182897Z
8629f199-0d39-42cb-bc6b-8e651ef37236,run1_rep1,C,OPEN,OPEN,request,CACHE,HIT,0.02070800110232085,0.4199579998385161,INFO,adaptador.request,false,degradado,0.3510829992592335,9419.007192757,9419.007592007,9419.007172049,9419.00754384,CIRCUIT_OPEN,2026-09-05T00:05:22.205747Z
2f2b4a7c-9388-49c2-a215-b6a6cdb1cccf,run1_rep1,C,OPEN,OPEN,request,CACHE,HIT,0.016541000150027685,0.34500000037951395,INFO,adaptador.request,false,degradado,0.2818749999278225,9419.016104715,9419.016433174,9419.016088174,9419.01638659,CIRCUIT_OPEN,2026-09-05T00:05:22.214583Z
3c9327b7-dcc6-414b-9ea8-ff3ec39dd8e0,run1_rep1,C,OPEN,OPEN,request,CACHE,HIT,0.046958000893937424,1.9766670011449605,INFO,adaptador.request,false,degradado,1.782249999450869,9419.06359184,9419.065521549,9419.063544882,9419.06537409,CIRCUIT_OPEN,2026-09-05T00:05:22.264040Z
798d2713-2dda-4dda-accf-0fa27a8374f3,run1_rep1,C,OPEN,OPEN,request,CACHE,HIT,0.02195900015067309,1.750084000377683,INFO,adaptador.request,false,degradado,1.660500000070897,9419.064121174,9419.065849299,9419.064099215,9419.065781674,CIRCUIT_OPEN,2026-09-05T00:05:22.264483Z
60df32db-3385-439d-9931-cf7dccfa2273,run1_rep1,C,OPEN,OPEN,request,CACHE,HIT,0.029333999918890186,0.5596249993686797,INFO,adaptador.request,false,degradado,0.45545800094259903,9419.140947049,9419.14147734,9419.140917715,9419.141402507,CIRCUIT_OPEN,2026-09-05T00:05:22.339656Z
1d94c003-f7d5-4e6a-ac54-9a3cca8464d7,run1_rep1,C,OPEN,OPEN,request,CACHE,HIT,0.05145800059835892,1.1357080002198927,INFO,adaptador.request,false,degradado,1.005292000627378,9419.191876715,9419.192960965,9419.191825257,9419.192882007,CIRCUIT_OPEN,2026-09-05T00:05:22.391377Z
4c32a11c-170d-4f65-91ca-6da5b6911f10,run1_rep1,C,OPEN,OPEN,request,CACHE,HIT,0.014125000234344043,0.9556659988447791,INFO,adaptador.request,false,degradado,0.9079159990506014,9419.192281424,9419.193222965,9419.192267299,9419.19318934,CIRCUIT_OPEN,2026-09-05T00:05:22.391706Z
c3d64a48-b62f-47a5-8236-689c63835b00,run1_rep1,C,OPEN,OPEN,request,CACHE,HIT,0.023708000298938714,0.4436250001162989,INFO,adaptador.request,false,degradado,0.37804199928359594,9419.19683059,9419.197250507,9419.196806882,9419.197208632,CIRCUIT_OPEN,2026-09-05T00:05:22.395399Z
37bd4794-05d8-4fae-8942-3495fb1f016e,run1_rep1,C,OPEN,OPEN,request,CACHE,HIT,0.04620800064003561,0.8232500003941823,INFO,adaptador.request,false,degradado,0.7262079998326954,9419.220034549,9419.220811591,9419.219988341,9419.220760757,CIRCUIT_OPEN,2026-09-05T00:05:22.418973Z
f0d396ee-a445-426a-bdde-ed2218df33d9,run1_rep1,C,OPEN,OPEN,request,CACHE,HIT,0.020249999579391442,0.7795000001351582,INFO,adaptador.request,false,degradado,0.7126670006982749,9419.220684924,9419.221444174,9419.220664674,9419.221397591,CIRCUIT_OPEN,2026-09-05T00:05:22.419800Z
d5b2ab35-7d4d-4064-99f1-e8fa46f916cc,run1_rep1,C,OPEN,OPEN,request,CACHE,HIT,0.04799999987881165,0.8559159996366361,INFO,adaptador.request,false,degradado,0.7154579998314148,9419.363356216,9419.364164132,9419.363308216,9419.364071674,CIRCUIT_OPEN,2026-09-05T00:05:22.562349Z
17f2bb0e-ca5b-4cd8-9d29-0787edd59c98,run1_rep1,C,OPEN,OPEN,request,CACHE,HIT,0.04608399831340648,0.842499999635038,INFO,adaptador.request,false,degradado,0.68700000156241,9419.387265966,9419.388062382,9419.387219882,9419.387952966,CIRCUIT_OPEN,2026-09-05T00:05:22.586237Z
4327b047-7197-4eb2-a0a2-60fcc15f8c6b,run1_rep1,C,OPEN,OPEN,request,CACHE,HIT,0.04633300159184728,0.7725000014033867,INFO,adaptador.request,false,degradado,0.6354999986797338,9419.440879674,9419.441605841,9419.440833341,9419.441515174,CIRCUIT_OPEN,2026-09-05T00:05:22.639795Z
ec109a79-7af1-4aa6-a51c-024fca5b9439,run1_rep1,C,OPEN,OPEN,request,CACHE,HIT,0.03675000152725261,0.5999580007483019,INFO,adaptador.request,false,degradado,0.48604099902149756,9419.466429841,9419.466993049,9419.466393091,9419.466915882,CIRCUIT_OPEN,2026-09-05T00:05:22.665190Z
ae3dbc27-ad97-4398-834a-ec521417e460,run1_rep1,C,OPEN,OPEN,request,CACHE,HIT,0.03945800017390866,0.6477500010078074,INFO,adaptador.request,false,degradado,0.5340000006981427,9419.484944299,9419.485552591,9419.484904841,9419.485478299,CIRCUIT_OPEN,2026-09-05T00:05:22.683729Z
e56f87cc-a20a-4d31-b00d-8541b3c27618,run1_rep1,C,OPEN,OPEN,request,CACHE,HIT,0.03416599975025747,0.4829160006920574,INFO,adaptador.request,false,degradado,0.3845840001304168,9419.491118507,9419.491567257,9419.491084341,9419.491503091,CIRCUIT_OPEN,2026-09-05T00:05:22.689733Z
6bbfc12d-8f83-4255-8845-a0227c8759bd,run1_rep1,C,OPEN,OPEN,request,CACHE,HIT,0.03504100095597096,0.6111250004323665,INFO,adaptador.request,false,degradado,0.5009589986002538,9419.548767882,9419.549343966,9419.548732841,9419.549268841,CIRCUIT_OPEN,2026-09-05T00:05:22.747520Z
d8822379-b391-4096-be01-f66728c6df40,run1_rep1,C,OPEN,OPEN,request,CACHE,HIT,0.043541000195546076,0.7426249994750833,INFO,adaptador.request,false,degradado,0.6142919992271345,9419.607993882,9419.608692966,9419.607950341,9419.608608174,CIRCUIT_OPEN,2026-09-05T00:05:22.806868Z
a16b4529-60bd-456a-acf6-99875a821929,run1_rep1,C,OPEN,OPEN,request,CACHE,HIT,0.020000001313746907,0.6398750010703225,INFO,adaptador.request,false,degradado,0.5097499997646082,9419.683471382,9419.684091257,9419.683451382,9419.683981132,CIRCUIT_OPEN,2026-09-05T00:05:22.882497Z
0305599c-bd14-484f-9cf0-cbca40e31f97,run1_rep1,C,OPEN,OPEN,request,CACHE,HIT,0.06362500062095933,1.362708999295137,INFO,adaptador.request,false,degradado,1.2618339987966465,9419.683038257,9419.684337341,9419.682974632,9419.684300091,CIRCUIT_OPEN,2026-09-05T00:05:22.882775Z
a0f3ba00-43a8-4719-8954-298395fc30b5,run1_rep1,C,OPEN,OPEN,request,CACHE,HIT,0.02833299913618248,0.5307079991325736,INFO,adaptador.request,false,degradado,0.4432500008988427,9419.694588174,9419.695090549,9419.694559841,9419.695031424,CIRCUIT_OPEN,2026-09-05T00:05:22.893250Z
7d02358d-f835-4455-857b-7e4780b3167f,run1_rep1,C,OPEN,OPEN,request,CACHE,HIT,0.023083999622031115,0.4610840005625505,INFO,adaptador.request,false,degradado,0.36258300133340526,9419.707801341,9419.708239341,9419.707778257,9419.708163924,CIRCUIT_OPEN,2026-09-05T00:05:22.906421Z
cd18d1b1-c931-4230-acba-2dfd8115c081,run1_rep1,C,OPEN,OPEN,request,CACHE,HIT,0.01941700065799523,0.43979200017929543,INFO,adaptador.request,false,degradado,0.3525829997670371,9419.725529924,9419.725950299,9419.725510507,9419.725882507,CIRCUIT_OPEN,2026-09-05T00:05:22.924145Z
6234cc83-6aed-4a68-9952-b90938f2563e,run1_rep1,C,OPEN,OPEN,request,CACHE,HIT,0.04387499939184636,0.646415999653982,INFO,adaptador.request,false,degradado,0.523291000718018,9419.766184466,9419.766787007,9419.766140591,9419.766707757,CIRCUIT_OPEN,2026-09-05T00:05:22.964970Z
42f815d8-4f48-44c2-b3c2-3b450cad8eb3,run1_rep1,C,OPEN,OPEN,request,CACHE,HIT,0.029332999474718235,0.9456669995415723,INFO,adaptador.request,false,degradado,0.8582500013289973,9419.769393882,9419.770310216,9419.769364549,9419.770252132,CIRCUIT_OPEN,2026-09-05T00:05:22.968689Z
59683160-7d1a-43ca-879e-ea1c79ba28b4,run1_rep1,C,OPEN,OPEN,request,CACHE,HIT,0.018834000002243556,0.7140420002542669,INFO,adaptador.request,false,degradado,0.6576659998245304,9419.769831716,9419.770526924,9419.769812882,9419.770489382,CIRCUIT_OPEN,2026-09-05T00:05:22.968925Z
a971cf13-7795-4576-a617-ca2cc4e34ede,run1_rep1,C,OPEN,OPEN,request,CACHE,HIT,0.047790999815333635,0.8111249990179203,INFO,adaptador.request,false,degradado,0.6492089996754657,9419.850287632,9419.851050966,9419.850239841,9419.850936841,CIRCUIT_OPEN,2026-09-05T00:05:23.049239Z
417813f1-7b4f-4e68-bc8b-c9937c0cf798,run1_rep1,C,OPEN,OPEN,request,CACHE,HIT,0.035208999179303646,1.1210840002604527,INFO,adaptador.request,false,degradado,0.9653750003053574,9419.859939216,9419.861025091,9419.859904007,9419.860904591,CIRCUIT_OPEN,2026-09-05T00:05:23.059210Z
34a2b30e-fd62-40a9-a144-3c1dfade32f1,run1_rep1,C,OPEN,OPEN,request,CACHE,HIT,0.026083000193466432,0.4772499996761326,INFO,adaptador.request,false,degradado,0.40387499939242844,9419.866631674,9419.867082841,9419.866605591,9419.867035549,CIRCUIT_OPEN,2026-09-05T00:05:23.065231Z
eadfcd53-d043-451b-91ef-4eb0a4ced033,run1_rep1,C,OPEN,OPEN,request,CACHE,HIT,0.021374999050749466,0.7699169982515741,INFO,adaptador.request,false,degradado,0.6608750009036157,9419.898190299,9419.898938841,9419.898168924,9419.898851174,CIRCUIT_OPEN,2026-09-05T00:05:23.097143Z
e88c79a7-e220-4df9-8627-8fd6ce00acc1,run1_rep1,C,OPEN,OPEN,request,CACHE,HIT,0.01808299930416979,1.0035420000349404,INFO,adaptador.request,false,degradado,0.9297090000472963,9419.898791507,9419.899776966,9419.898773424,9419.899721216,CIRCUIT_OPEN,2026-09-05T00:05:23.098213Z
6e459eef-89dd-48b1-8b4f-89b56d40aa80,run1_rep1,C,OPEN,OPEN,request,CACHE,HIT,0.020916000721626915,0.36308300150267314,INFO,adaptador.request,false,degradado,0.3055420002056053,9419.938883924,9419.939226091,9419.938863008,9419.939189466,CIRCUIT_OPEN,2026-09-05T00:05:23.137354Z
96459a4c-53aa-4c54-993b-e5144cb00f1e,run1_rep1,C,OPEN,OPEN,request,CACHE,HIT,0.052999999752501026,0.8429589997831499,INFO,adaptador.request,false,degradado,0.6660420003754552,9420.081283049,9420.082073008,9420.081230049,9420.081949091,CIRCUIT_OPEN,2026-09-05T00:05:23.280255Z
835b7386-1b44-43ce-b011-a472d14156cc,run1_rep1,C,OPEN,OPEN,request,CACHE,HIT,0.03637499867181759,0.5688329983968288,INFO,adaptador.request,false,degradado,0.4690000005211914,9420.095317758,9420.095850216,9420.095281383,9420.095786758,CIRCUIT_OPEN,2026-09-05T00:05:23.294012Z
d2e35c10-6a58-43d2-aebd-a9a3e3362a4b,run1_rep1,C,OPEN,OPEN,request,CACHE,HIT,0.033708000046317466,0.6321659984678263,INFO,adaptador.request,false,degradado,0.5231249997450504,9420.104924466,9420.105522924,9420.104890758,9420.105447591,CIRCUIT_OPEN,2026-09-05T00:05:23.303708Z
113ff3d2-a954-4383-94a3-c452cb3bb11d,run1_rep1,C,OPEN,OPEN,request,CACHE,HIT,0.027375001081964,0.5515840002772165,INFO,adaptador.request,false,degradado,0.4154170001129387,9420.123508799,9420.124033008,9420.123481424,9420.123924216,CIRCUIT_OPEN,2026-09-05T00:05:23.322220Z
628983ee-299a-480b-8554-3f2861af1f21,run1_rep1,C,OPEN,OPEN,request,CACHE,HIT,0.02370899892412126,0.46304199895530473,INFO,adaptador.request,false,degradado,0.3665830008685589,9420.142188883,9420.142628216,9420.142165174,9420.142555466,CIRCUIT_OPEN,2026-09-05T00:05:23.340812Z
cfef1eec-9a94-44f1-a74a-2e163c626df0,run1_rep1,C,OPEN,OPEN,request,CACHE,HIT,0.013374999980442226,0.327667001329246,INFO,adaptador.request,false,degradado,0.26525000066612847,9420.150208299,9420.150522591,9420.150194924,9420.150473549,CIRCUIT_OPEN,2026-09-05T00:05:23.348675Z
e39e2a10-5637-469f-8cc4-195b51d27317,run1_rep1,C,OPEN,OPEN,request,CACHE,HIT,0.01487500048824586,0.3545830004441086,INFO,adaptador.request,false,degradado,0.29187499967520125,9420.180443716,9420.180783424,9420.180428841,9420.180735591,CIRCUIT_OPEN,2026-09-05T00:05:23.378935Z
57cb89f9-d145-4ea2-9b57-d3a4c18e8990,run1_rep1,C,OPEN,OPEN,request,CACHE,HIT,0.04658300167648122,0.7320000004256144,INFO,adaptador.request,false,degradado,0.6055829999240814,9420.228793591,9420.229479008,9420.228747008,9420.229399174,CIRCUIT_OPEN,2026-09-05T00:05:23.427676Z
f6eafb03-e927-4f44-8fb3-5d0aee17d0df,run1_rep1,C,OPEN,OPEN,request,CACHE,HIT,0.03416700019442942,0.6792080002924195,INFO,adaptador.request,false,degradado,0.5613749999611173,9420.235681633,9420.236326674,9420.235647466,9420.236243008,CIRCUIT_OPEN,2026-09-05T00:05:23.434520Z
a1cf877e-4cfe-43fa-9853-652f163d9ad5,run1_rep1,C,OPEN,OPEN,request,CACHE,HIT,0.04066700057592243,0.6670000002486631,INFO,adaptador.request,false,degradado,0.5472909997479292,9420.249878758,9420.250505091,9420.249838091,9420.250426049,CIRCUIT_OPEN,2026-09-05T00:05:23.448689Z
bb7dbc9a-e9f2-4355-8e3d-136f104b2eb0,run1_rep1,C,OPEN,OPEN,request,CACHE,HIT,0.03425000068091322,0.6195839996507857,INFO,adaptador.request,false,degradado,0.5057090002082987,9420.281402299,9420.281987633,9420.281368049,9420.281908008,CIRCUIT_OPEN,2026-09-05T00:05:23.480195Z
f0727362-e78b-40d6-90ad-0252b41d42de,run1_rep1,C,OPEN,OPEN,request,CACHE,HIT,0.0469170008727815,0.8770000004005851,INFO,adaptador.request,false,degradado,0.7328749998123385,9420.372781341,9420.373611424,9420.372734424,9420.373514216,CIRCUIT_OPEN,2026-09-05T00:05:23.571798Z
19ad3b43-9b86-47ed-8833-40120a63c11f,run1_rep1,C,OPEN,OPEN,request,CACHE,HIT,0.044333000914775766,0.7104159994923975,INFO,adaptador.request,false,degradado,0.5813749994558748,9420.395585591,9420.396251674,9420.395541258,9420.396166966,CIRCUIT_OPEN,2026-09-05T00:05:23.594434Z
3309301a-02c9-44e2-a884-dabcd00ed15c,run1_rep1,C,OPEN,OPEN,request,CACHE,HIT,0.03204200038453564,0.521333999131457,INFO,adaptador.request,false,degradado,0.42049999865412246,9420.406223841,9420.406713133,9420.406191799,9420.406644341,CIRCUIT_OPEN,2026-09-05T00:05:23.604876Z
dc4d3155-25e1-4278-ae5f-f2f0b549c1d6,run1_rep1,C,OPEN,OPEN,request,CACHE,HIT,0.03170800118823536,0.607791000220459,INFO,adaptador.request,false,degradado,0.5094579992146464,9420.434746966,9420.435323049,9420.434715258,9420.435256424,CIRCUIT_OPEN,2026-09-05T00:05:23.633493Z
3a0812b8-a2ae-4bd1-8eb0-004030982999,run1_rep1,C,OPEN,OPEN,request,CACHE,HIT,0.03645899960247334,0.7992089995241258,INFO,adaptador.request,false,degradado,0.6840830010332866,9420.465837258,9420.466600008,9420.465800799,9420.466521341,CIRCUIT_OPEN,2026-09-05T00:05:23.664781Z
625202f9-00d4-463b-9c5c-6581cb0e2a3c,run1_rep1,C,OPEN,OPEN,request,CACHE,HIT,0.0413329998991685,0.7071669988363283,INFO,adaptador.request,false,degradado,0.5872919991816161,9420.524862549,9420.525528383,9420.524821216,9420.525449841,CIRCUIT_OPEN,2026-09-05T00:05:23.723704Z
8cf5b5b8-aeba-443f-baba-7ac85eff819e,run1_rep1,C,OPEN,OPEN,request,CACHE,HIT,0.03220799953851383,0.5131249999976717,INFO,adaptador.request,false,degradado,0.4208749996905681,9420.531878341,9420.532359258,9420.531846133,9420.532299216,CIRCUIT_OPEN,2026-09-05T00:05:23.730521Z
f762d8c5-1fc8-4426-aed8-d351c644ba69,run1_rep1,C,OPEN,OPEN,request,CACHE,HIT,0.03604099947551731,0.6438330001401482,INFO,adaptador.request,false,degradado,0.531625000803615,9420.537302924,9420.537910716,9420.537266883,9420.537834549,CIRCUIT_OPEN,2026-09-05T00:05:23.736114Z
ba84e2d8-b023-4408-98b7-65a2d1621fa4,run1_rep1,C,OPEN,OPEN,request,CACHE,HIT,0.044874999730382115,0.6998340013524285,INFO,adaptador.request,false,degradado,0.5577090014412533,9420.602434591,9420.60308955,9420.602389716,9420.6029923,CIRCUIT_OPEN,2026-09-05T00:05:23.801258Z
d89c36d3-4818-46be-9b55-16338d17ad9c,run1_rep1,C,OPEN,OPEN,request,CACHE,HIT,0.0335000004270114,0.5926249996264232,INFO,adaptador.request,false,degradado,0.48837499889486935,9420.615783883,9420.616343008,9420.615750383,9420.616272258,CIRCUIT_OPEN,2026-09-05T00:05:23.814524Z
7a69b9d5-f4bf-4e9c-a296-61ed8aa49e59,run1_rep1,C,OPEN,OPEN,request,CACHE,HIT,0.043541000195546076,0.7694579999224516,INFO,adaptador.request,false,degradado,0.6549589998030569,9420.649592466,9420.650318383,9420.649548925,9420.650247425,CIRCUIT_OPEN,2026-09-05T00:05:23.848485Z
9a61d2ed-670b-4946-baa1-5027ff4cbca0,run1_rep1,C,OPEN,OPEN,request,CACHE,HIT,0.04866600102104712,1.8534580012783408,INFO,adaptador.request,false,degradado,1.6959589993348345,9420.739874466,9420.741679258,9420.7398258,9420.741570425,CIRCUIT_OPEN,2026-09-05T00:05:23.939878Z
6f0b08b8-4b77-4bc8-81e2-3c6c2ca39e58,run1_rep1,C,OPEN,OPEN,request,CACHE,HIT,0.02845800008799415,0.721665999662946,INFO,adaptador.request,false,degradado,0.6229999999050051,9420.742364008,9420.743057216,9420.74233555,9420.742987008,CIRCUIT_OPEN,2026-09-05T00:05:23.941215Z
173e5a22-35ca-4296-8ba3-db0d30de4ae5,run1_rep1,C,OPEN,OPEN,request,CACHE,HIT,0.038083000617916696,0.8507920010742964,INFO,adaptador.request,false,degradado,0.7374590004474157,9420.760737716,9420.761550425,9420.760699633,9420.761475175,CIRCUIT_OPEN,2026-09-05T00:05:23.959735Z
ee14e0bf-4197-4ae2-8877-daa36fd7d711,run1_rep1,C,OPEN,OPEN,request,CACHE,HIT,0.03241699960199185,0.6530829996336251,INFO,adaptador.request,false,degradado,0.5530409998755204,9420.779258675,9420.779879341,9420.779226258,9420.779811716,CIRCUIT_OPEN,2026-09-05T00:05:23.978063Z
fc5d15cf-e8fd-4ad3-8353-22e641052082,run1_rep1,C,OPEN,OPEN,request,CACHE,HIT,0.03924999873561319,0.6794159999117255,INFO,adaptador.request,false,degradado,0.5518329999176785,9420.8384438,9420.839083966,9420.83840455,9420.838995633,CIRCUIT_OPEN,2026-09-05T00:05:24.037243Z
d6590183-d8dd-4a67-88c5-6d956b08c62b,run1_rep1,C,OPEN,OPEN,request,CACHE,HIT,0.032208001357503235,0.5902920001972234,INFO,adaptador.request,false,degradado,0.46416700024565216,9420.849515591,9420.850073675,9420.849483383,9420.849979758,CIRCUIT_OPEN,2026-09-05T00:05:24.048258Z
48bdd513-e13d-4010-8551-2d03b09c586d,run1_rep1,C,OPEN,OPEN,request,CACHE,HIT,0.047125000492087565,0.5781670006399509,INFO,adaptador.request,false,degradado,0.47066700062714517,9420.867020091,9420.867551133,9420.866972966,9420.867490758,CIRCUIT_OPEN,2026-09-05T00:05:24.065719Z
22ca2b05-0cf2-485d-9ff8-38948e8face8,run1_rep1,C,OPEN,OPEN,request,CACHE,HIT,0.057416998970438726,0.897291998626315,INFO,adaptador.request,false,degradado,0.7231670006149216,9420.932693133,9420.933533008,9420.932635716,9420.9334163,CIRCUIT_OPEN,2026-09-05T00:05:24.131729Z
080c89fd-32cd-4f4a-94e0-627616b3f625,run1_rep1,C,OPEN,OPEN,request,CACHE,HIT,0.03545800063875504,0.613583000813378,INFO,adaptador.request,false,degradado,0.5152920002728933,9420.965236008,9420.965814133,9420.96520055,9420.9657513,CIRCUIT_OPEN,2026-09-05T00:05:24.163992Z
8e5e59de-bfd5-4321-a2d7-71a827b63982,run1_rep1,C,OPEN,OPEN,request,CACHE,HIT,0.033749998692655936,0.8034999991650693,INFO,adaptador.request,false,degradado,0.6928750008228235,9420.997780425,9420.998550175,9420.997746675,9420.9984733,CIRCUIT_OPEN,2026-09-05T00:05:24.196735Z
caf8480c-bf35-4744-9abc-c096091a8a01,run1_rep1,C,OPEN,OPEN,request,CACHE,HIT,0.032750000173109584,0.6013330003042938,INFO,adaptador.request,false,degradado,0.4973329996573739,9421.034916883,9421.035485466,9421.034884133,9421.035414216,CIRCUIT_OPEN,2026-09-05T00:05:24.233660Z
2b705ecc-55d1-4297-ba48-c98ae701ed48,run1_rep1,C,OPEN,OPEN,request,CACHE,HIT,0.031834000765229575,0.8480420001433231,INFO,adaptador.request,false,degradado,0.7425409985444276,9421.04138455,9421.042200758,9421.041352716,9421.042127091,CIRCUIT_OPEN,2026-09-05T00:05:24.240387Z
c471d087-bdd3-43ec-9f47-2ce72e1bfe07,run1_rep1,C,OPEN,OPEN,request,CACHE,HIT,0.030333998438436538,0.9520839994365815,INFO,adaptador.request,false,degradado,0.8683750002091983,9421.04202005,9421.0429418,9421.041989716,9421.042888425,CIRCUIT_OPEN,2026-09-05T00:05:24.241364Z
9d893b8f-efdb-4932-ac6d-c18072e51f2f,run1_rep1,C,OPEN,OPEN,request,CACHE,HIT,0.02350000067963265,0.49695800043991767,INFO,adaptador.request,false,degradado,0.40433299909636844,9421.050742175,9421.051215633,9421.050718675,9421.051146508,CIRCUIT_OPEN,2026-09-05T00:05:24.249387Z
e22c6791-5eb9-4328-bfb1-0a5af7a6a638,run1_rep1,C,OPEN,OPEN,request,CACHE,HIT,0.033042000723071396,0.710375001290231,INFO,adaptador.request,false,degradado,0.6067920003260951,9421.090991883,9421.091669216,9421.090958841,9421.091598675,CIRCUIT_OPEN,2026-09-05T00:05:24.289852Z
5afbf6d5-25e5-4876-93ba-9502579e2122,run1_rep1,C,OPEN,OPEN,request,CACHE,HIT,0.024249999114545062,0.9504999998171115,INFO,adaptador.request,false,degradado,0.8542499999748543,9421.107265383,9421.108191633,9421.107241133,9421.108119633,CIRCUIT_OPEN,2026-09-05T00:05:24.306620Z
f91afef3-a482-4800-8e27-85cba6b1420d,run1_rep1,C,OPEN,OPEN,request,CACHE,HIT,0.016792000678833574,0.7915420010249363,INFO,adaptador.request,false,degradado,0.7282499991561053,9421.107679175,9421.108453925,9421.107662383,9421.108407425,CIRCUIT_OPEN,2026-09-05T00:05:24.306926Z
d2b18207-2a1e-4aeb-8638-b4a929ac2590,run1_rep1,C,OPEN,OPEN,request,CACHE,HIT,0.02416700044705067,0.7217500005936017,INFO,adaptador.request,false,degradado,0.643708001007326,9421.207218508,9421.207916091,9421.207194341,9421.207862216,CIRCUIT_OPEN,2026-09-05T00:05:24.406053Z
bb6cfebd-d95c-4c24-a0db-46f30e6ab657,run1_rep1,C,OPEN,OPEN,request,CACHE,HIT,0.021500000002561137,0.6054580007912591,INFO,adaptador.request,false,degradado,0.5070830011391081,9421.22414155,9421.224725508,9421.22412005,9421.224648633,CIRCUIT_OPEN,2026-09-05T00:05:24.423188Z
0212cd4e-a1c4-4302-b417-195d892f6033,run1_rep1,C,OPEN,OPEN,request,CACHE,HIT,0.007791999451001175,0.6546250006067567,INFO,adaptador.request,false,degradado,0.5969160010863561,9421.224343925,9421.224990758,9421.224336133,9421.224940841,CIRCUIT_OPEN,2026-09-05T00:05:24.423465Z
c1786a67-2d25-4563-af3a-65adfc43159d,run1_rep1,C,OPEN,OPEN,request,CACHE,HIT,0.05050000072515104,0.8301249999931315,INFO,adaptador.request,false,degradado,0.6980830003158189,9421.26595305,9421.266732675,9421.26590255,9421.266651133,CIRCUIT_OPEN,2026-09-05T00:05:24.464916Z
3a223bb4-8c12-4c4d-b412-f3caf58b336d,run1_rep1,C,OPEN,OPEN,request,CACHE,HIT,0.05887500083190389,1.5234160000545671,INFO,adaptador.request,false,degradado,1.3932910005678423,9421.351036217,9421.352500758,9421.350977342,9421.352429508,CIRCUIT_OPEN,2026-09-05T00:05:24.551042Z
4aa09460-e545-47c8-89f1-7415a85b8999,run1_rep1,C,OPEN,OPEN,request,CACHE,HIT,0.019625000277301297,1.3910420002503088,INFO,adaptador.request,false,degradado,1.3349999990168726,9421.351521758,9421.352893175,9421.351502133,9421.352856758,CIRCUIT_OPEN,2026-09-05T00:05:24.551493Z
8756a0e3-685a-4893-ab6e-732ba9062afc,run1_rep1,C,OPEN,OPEN,request,CACHE,HIT,0.018791999536915682,0.994999998511048,INFO,adaptador.request,false,degradado,0.9330409993708599,9421.352353717,9421.353329925,9421.352334925,9421.353286758,CIRCUIT_OPEN,2026-09-05T00:05:24.552059Z
5e0e1897-f4e7-4f72-b8a3-ed31e3db835d,run1_rep1,C,OPEN,OPEN,request,CACHE,HIT,0.04829199860978406,0.7425419989885995,INFO,adaptador.request,false,degradado,0.6101250000938307,9421.4055318,9421.40622605,9421.405483508,9421.406141925,CIRCUIT_OPEN,2026-09-05T00:05:24.604411Z
cf2e8199-4b37-466d-83e1-929e3dbd1f1b,run1_rep1,C,OPEN,OPEN,request,CACHE,HIT,0.04187500053376425,0.7174170004873304,INFO,adaptador.request,false,degradado,0.5949579990556231,9421.4478438,9421.448519342,9421.447801925,9421.448438758,CIRCUIT_OPEN,2026-09-05T00:05:24.646698Z
a77bed50-30db-4d2d-a4ff-556c9546f891,run1_rep1,C,OPEN,OPEN,request,CACHE,HIT,0.04704100138042122,0.7508750004490139,INFO,adaptador.request,false,degradado,0.6185419988469221,9421.505716133,9421.506419967,9421.505669092,9421.506334675,CIRCUIT_OPEN,2026-09-05T00:05:24.704589Z
671dec28-1479-4f88-a5cd-bfca94f811ae,run1_rep1,C,OPEN,OPEN,request,CACHE,HIT,0.05224999949859921,0.794375000623404,INFO,adaptador.request,false,degradado,0.6403340012184344,9421.589378133,9421.590120258,9421.589325883,9421.590018467,CIRCUIT_OPEN,2026-09-05T00:05:24.788312Z
87560145-40d5-4c1d-b7c3-5e2a1163cad5,run1_rep1,C,OPEN,OPEN,request,CACHE,HIT,0.048042000344139524,1.4611250007874332,INFO,adaptador.request,false,degradado,1.3346670002647443,9421.6277498,9421.629162883,9421.627701758,9421.629084467,CIRCUIT_OPEN,2026-09-05T00:05:24.827683Z
1649ff0d-7c8b-420c-aac8-31440b3cb7f4,run1_rep1,C,OPEN,OPEN,request,CACHE,HIT,0.017874999684863724,0.887624999450054,INFO,adaptador.request,false,degradado,0.8382500000152504,9421.628623383,9421.629493133,9421.628605508,9421.629461633,CIRCUIT_OPEN,2026-09-05T00:05:24.828816Z
9764457b-fe3d-46b1-829a-9a6dc7725c6a,run1_rep1,C,OPEN,OPEN,request,CACHE,HIT,0.01983299989660736,2.4014579994400265,INFO,adaptador.request,false,degradado,2.299874999152962,9421.628217133,9421.630598758,9421.6281973,9421.630517008,CIRCUIT_OPEN,2026-09-05T00:05:24.829367Z
6899c344-69fc-4414-9c36-462dbaaac5f8,run1_rep1,C,OPEN,OPEN,request,CACHE,HIT,0.028250000468688086,0.4902910004602745,INFO,adaptador.request,false,degradado,0.3939159996662056,9421.649271217,9421.649733258,9421.649242967,9421.649665133,CIRCUIT_OPEN,2026-09-05T00:05:24.847914Z
eb3e33ff-6798-4220-a843-cf53d21aaa23,run1_rep1,C,OPEN,OPEN,request,CACHE,HIT,0.019084000086877495,0.4425000006449409,INFO,adaptador.request,false,degradado,0.36879099934594706,9421.667998842,9421.668422258,9421.667979758,9421.668367633,CIRCUIT_OPEN,2026-09-05T00:05:24.866578Z
a569fa83-8f19-47d1-bbe0-ed7a19f25a40,run1_rep1,C,OPEN,OPEN,request,CACHE,HIT,0.01529200017102994,0.3664579999167472,INFO,adaptador.request,false,degradado,0.29712499963352457,9421.673747842,9421.674099008,9421.67373255,9421.674044967,CIRCUIT_OPEN,2026-09-05T00:05:24.872269Z
b5759747-8150-4a8a-8edf-8a2fe6cc5eba,run1_rep1,C,OPEN,OPEN,request,CACHE,HIT,0.013459000911097974,0.4104590007045772,INFO,adaptador.request,false,degradado,0.33474999872851186,9421.694965967,9421.695362967,9421.694952508,9421.695300717,CIRCUIT_OPEN,2026-09-05T00:05:24.893518Z
f7b60704-94cc-4773-93a6-4d7915b488a9,run1_rep1,C,OPEN,OPEN,request,CACHE,HIT,0.039167000068118796,0.6164170008560177,INFO,adaptador.request,false,degradado,0.5086250002932502,9421.761095925,9421.761673175,9421.761056758,9421.76160455,CIRCUIT_OPEN,2026-09-05T00:05:24.959837Z
321d8dad-c455-47ee-9d05-a0b824e1219b,run1_rep1,C,OPEN,OPEN,request,CACHE,HIT,0.05224999949859921,0.7769580006424803,INFO,adaptador.request,false,degradado,0.6381670009432128,9421.861987175,9421.862711883,9421.861934925,9421.862625342,CIRCUIT_OPEN,2026-09-05T00:05:25.060885Z
3f739d32-b579-4121-a4ee-e262aa111c8e,run1_rep1,C,OPEN,OPEN,request,CACHE,HIT,0.03587500032153912,0.5567089992837282,INFO,adaptador.request,false,degradado,0.45516699901781976,9421.881246883,9421.881767717,9421.881211008,9421.88170205,CIRCUIT_OPEN,2026-09-05T00:05:25.079930Z
2b4b7295-0faa-4f0f-9e6d-b1ca380bae33,run1_rep1,C,OPEN,OPEN,request,CACHE,HIT,0.041707999116624705,0.684832999468199,INFO,adaptador.request,false,degradado,0.5539590001717443,9421.919665758,9421.920308883,9421.91962405,9421.920219717,CIRCUIT_OPEN,2026-09-05T00:05:25.118496Z
bd9c64b8-2948-41e9-a9d4-e8ec6dc6ecac,run1_rep1,C,OPEN,OPEN,request,CACHE,HIT,0.02220900023530703,0.6308749998424901,INFO,adaptador.request,false,degradado,0.5645829987770412,9421.975237508,9421.975846174,9421.975215299,9421.975802091,CIRCUIT_OPEN,2026-09-05T00:05:25.174339Z
c81084af-2eb4-4713-95e8-d8bfb9e017b9,run1_rep1,C,OPEN,OPEN,request,CACHE,HIT,0.008667000656714663,0.5739590014854912,INFO,adaptador.request,false,degradado,0.5130000008648494,9421.975486841,9421.976052133,9421.975478174,9421.975999841,CIRCUIT_OPEN,2026-09-05T00:05:25.174529Z
7b417782-2304-459d-952c-486521f95678,run1_rep1,C,OPEN,OPEN,request,CACHE,HIT,0.016957999832811765,0.31999999919207767,INFO,adaptador.request,false,degradado,0.26766699920699466,9421.982934174,9421.983237216,9421.982917216,9421.983201841,CIRCUIT_OPEN,2026-09-05T00:05:25.181499Z
8d683524-a7f6-442f-92db-c90abf21006c,run1_rep1,C,OPEN,OPEN,request,CACHE,HIT,0.01650000012887176,0.28000000020256266,INFO,adaptador.request,false,degradado,0.2345829998375848,9422.000518091,9422.000781591,9422.000501591,9422.000752674,CIRCUIT_OPEN,2026-09-05T00:05:25.199034Z
3f101bd4-9b44-4877-a306-718a7cfff727,run1_rep1,C,OPEN,OPEN,request,CACHE,HIT,0.010665999070624821,0.26216600053885486,INFO,adaptador.request,false,degradado,0.2196670011471724,9422.013887299,9422.014138799,9422.013876633,9422.014106966,CIRCUIT_OPEN,2026-09-05T00:05:25.212402Z
42c82b83-6bdf-41e6-b8d0-816e4175d0bd,run1_rep1,C,OPEN,OPEN,request,CACHE,HIT,0.011750000339816324,0.2744590001384495,INFO,adaptador.request,false,degradado,0.2258750009787036,9422.058641049,9422.058903758,9422.058629299,9422.058866924,CIRCUIT_OPEN,2026-09-05T00:05:25.257177Z
c82b67f5-01ef-4c27-821a-9e3c9e814193,run1_rep1,C,OPEN,OPEN,request,CACHE,HIT,0.02895800025726203,0.4245000000082655,INFO,adaptador.request,false,degradado,0.3500420007185312,9422.116020799,9422.116416341,9422.115991841,9422.116370841,CIRCUIT_OPEN,2026-09-05T00:05:25.314695Z
f840e39c-c245-47c7-afd0-abd5e6867956,run1_rep1,C,OPEN,OPEN,request,CACHE,HIT,0.012416001482051797,0.3264580009272322,INFO,adaptador.request,false,degradado,0.2711669985728804,9422.131144299,9422.131458341,9422.131131883,9422.131415466,CIRCUIT_OPEN,2026-09-05T00:05:25.329743Z
7f169bd6-3c79-4853-862e-22381e1d0bcf,run1_rep1,C,OPEN,OPEN,request,CACHE,HIT,0.011833999451482669,0.286374999632244,INFO,adaptador.request,false,degradado,0.2357499997742707,9422.135545383,9422.135819924,9422.135533549,9422.135781133,CIRCUIT_OPEN,2026-09-05T00:05:25.334096Z
5a948620-1ad9-4897-8fb9-2c1a74b5ca9a,run1_rep1,C,OPEN,OPEN,request,CACHE,HIT,0.011166999684064649,0.30537500060745515,INFO,adaptador.request,false,degradado,0.2626250006869668,9422.149840466,9422.150134674,9422.149829299,9422.150103091,CIRCUIT_OPEN,2026-09-05T00:05:25.348399Z
a76ec96e-7576-4cfb-9c8e-84818fca3357,run1_rep1,C,OPEN,OPEN,request,CACHE,HIT,0.014082999769016169,0.275333000899991,INFO,adaptador.request,false,degradado,0.22033400091459043,9422.154227799,9422.154489049,9422.154213716,9422.154448133,CIRCUIT_OPEN,2026-09-05T00:05:25.352765Z
0a1f02ae-5ec0-4b04-aa28-b8bc16acb65a,run1_rep1,C,OPEN,OPEN,request,CACHE,HIT,0.015249999705702066,0.36241699854144827,INFO,adaptador.request,false,degradado,0.30175000028975774,9422.210279966,9422.210627133,9422.210264716,9422.210581716,CIRCUIT_OPEN,2026-09-05T00:05:25.408914Z
a1897306-ff83-410d-9db8-706f3516ca00,run1_rep1,C,OPEN,OPEN,request,CACHE,HIT,0.01449999945180025,0.36608399932447355,INFO,adaptador.request,false,degradado,0.300749999951222,9422.213327549,9422.213679133,9422.213313049,9422.213628299,CIRCUIT_OPEN,2026-09-05T00:05:25.411974Z
99fd4b1d-2d0d-41a6-86df-e90b20c5162b,run1_rep1,C,OPEN,OPEN,request,CACHE,HIT,0.03229200046916958,0.6035000005795155,INFO,adaptador.request,false,degradado,0.4831669994018739,9422.272503716,9422.273074924,9422.272471424,9422.272986883,CIRCUIT_OPEN,2026-09-05T00:05:25.471374Z
c9de8663-f12f-45c4-aa20-07baaabc8874,run1_rep1,C,OPEN,OPEN,request,CACHE,HIT,0.0497920009365771,0.8099170008790679,INFO,adaptador.request,false,degradado,0.6856250001874287,9422.303589466,9422.304349591,9422.303539674,9422.304275091,CIRCUIT_OPEN,2026-09-05T00:05:25.502652Z
ad5fc25e-6b6f-40ed-b556-84c7439c5f2a,run1_rep1,C,OPEN,OPEN,request,CACHE,HIT,0.051541999710025266,1.2782920002791798,INFO,adaptador.request,false,degradado,1.1442080012784572,9422.370720591,9422.371947341,9422.370669049,9422.371864799,CIRCUIT_OPEN,2026-09-05T00:05:25.570501Z
b4d58d70-371d-4c0a-a831-f6e1316f0d94,run1_rep1,C,OPEN,OPEN,request,CACHE,HIT,0.020542000129353255,0.9900830009428319,INFO,adaptador.request,false,degradado,0.9320000008301577,9422.371241633,9422.372211174,9422.371221091,9422.372173633,CIRCUIT_OPEN,2026-09-05T00:05:25.570799Z
4fff8a8c-59c3-4009-832e-2418687a156b,run1_rep1,C,OPEN,OPEN,request,CACHE,HIT,0.032250000003841706,0.5607909988611937,INFO,adaptador.request,false,degradado,0.4564159989968175,9422.377930258,9422.378458799,9422.377898008,9422.378386674,CIRCUIT_OPEN,2026-09-05T00:05:25.576771Z
2cde831f-4a1e-4f10-be17-173d73e90951,run1_rep1,C,OPEN,OPEN,request,CACHE,HIT,0.027333999241818674,0.5530839989660308,INFO,adaptador.request,false,degradado,0.4612909997376846,9422.396875383,9422.397401133,9422.396848049,9422.397336674,CIRCUIT_OPEN,2026-09-05T00:05:25.595709Z
1141b203-a60b-4510-9f04-c77e3ca0aebb,run1_rep1,C,OPEN,OPEN,request,CACHE,HIT,0.07020799966994673,0.8992500006570481,INFO,adaptador.request,false,degradado,0.7145420004235348,9422.462021049,9422.462850091,9422.461950841,9422.462735591,CIRCUIT_OPEN,2026-09-05T00:05:25.661188Z
ebf99573-3702-469d-bec0-dc7886b2da12,run1_rep1,C,OPEN,OPEN,request,CACHE,HIT,0.04549999903247226,0.7660419996682322,INFO,adaptador.request,false,degradado,0.6294590002653422,9422.520762924,9422.521483466,9422.520717424,9422.521392383,CIRCUIT_OPEN,2026-09-05T00:05:25.719802Z
1416dd82-9144-4be3-8c3d-1e77d39d36a6,run1_rep1,C,OPEN,OPEN,request,CACHE,HIT,0.03550000110408291,0.7745420007267967,INFO,adaptador.request,false,degradado,0.6657079993601656,9422.525410591,9422.526149633,9422.525375091,9422.526076299,CIRCUIT_OPEN,2026-09-05T00:05:25.724470Z
eb0198a5-ed47-4250-92e3-88ed109f79ba,run1_rep1,C,OPEN,OPEN,request,CACHE,HIT,0.021749998268205673,0.4794999986188486,INFO,adaptador.request,false,degradado,0.3832080001302529,9422.533958383,9422.534416133,9422.533936633,9422.534341591,CIRCUIT_OPEN,2026-09-05T00:05:25.732733Z
938ca0f5-c838-4932-b44a-d2d1094233fa,run1_rep1,C,OPEN,OPEN,request,CACHE,HIT,0.03270799970778171,0.8472499994240934,INFO,adaptador.request,false,degradado,0.7472920005966444,9422.578656799,9422.579471341,9422.578624091,9422.579404091,CIRCUIT_OPEN,2026-09-05T00:05:25.777769Z
bbeb7278-fd69-454e-826c-958fdcb7dfc6,run1_rep1,C,OPEN,OPEN,request,CACHE,HIT,0.021083000319777057,0.7982500010257354,INFO,adaptador.request,false,degradado,0.7230419996631099,9422.579319466,9422.580096633,9422.579298383,9422.580042508,CIRCUIT_OPEN,2026-09-05T00:05:25.778609Z
8a697e5a-3e4b-416b-8429-22b5c8a0b2be,run1_rep1,C,OPEN,OPEN,request,CACHE,HIT,0.031125000532483682,0.44675000026472844,INFO,adaptador.request,false,degradado,0.36829199962085113,9422.599509841,9422.599925466,9422.599478716,9422.599878133,CIRCUIT_OPEN,2026-09-05T00:05:25.798182Z
a4b8037a-bc6e-4529-9d5d-0586757e7f8d,run1_rep1,C,OPEN,OPEN,request,CACHE,HIT,0.019791999875451438,0.444708999566501,INFO,adaptador.request,false,degradado,0.36270800046622753,9422.606460591,9422.606885508,9422.606440799,9422.606823299,CIRCUIT_OPEN,2026-09-05T00:05:25.805190Z
1604e90a-946e-4538-9821-39acc36ebdbb,run1_rep1,C,OPEN,OPEN,request,CACHE,HIT,0.043000000005122274,0.743874999898253,INFO,adaptador.request,false,degradado,0.6128330005594762,9422.678998008,9422.679698883,9422.678955008,9422.679610841,CIRCUIT_OPEN,2026-09-05T00:05:25.878021Z
71d18788-9e53-4ad2-874a-adb237114817,run1_rep1,C,OPEN,OPEN,request,CACHE,HIT,0.03408399970794562,0.6338750008580973,INFO,adaptador.request,false,degradado,0.5199580009502824,9422.752771925,9422.753371716,9422.752737841,9422.753291883,CIRCUIT_OPEN,2026-09-05T00:05:25.951697Z
fdb59865-df29-4d40-afd6-2db82fe2b984,run1_rep1,C,OPEN,OPEN,request,CACHE,HIT,0.03120800101896748,0.568458000998362,INFO,adaptador.request,false,degradado,0.4504169992287643,9422.765693216,9422.766230466,9422.765662008,9422.766143633,CIRCUIT_OPEN,2026-09-05T00:05:25.964552Z
cb947545-8d8b-4da2-a9d8-cf1ff01c705e,run1_rep1,C,OPEN,OPEN,request,CACHE,HIT,0.02633400072227232,0.8180840013665147,INFO,adaptador.request,false,degradado,0.647999999273452,9422.7747853,9422.77557705,9422.774758966,9422.7754333,CIRCUIT_OPEN,2026-09-05T00:05:25.973955Z
93cf70b2-2ae8-4366-977c-ecd7268a1ce4,run1_rep1,C,OPEN,OPEN,request,CACHE,HIT,0.035584000215749256,0.6833340012235567,INFO,adaptador.request,false,degradado,0.5462499993882375,9422.81045105,9422.8110988,9422.810415466,9422.8109973,CIRCUIT_OPEN,2026-09-05T00:05:26.009424Z
6939ff3f-8ed1-4a18-b104-70c5fe791f56,run1_rep1,C,OPEN,OPEN,request,CACHE,HIT,0.052166000386932865,0.8861250007612398,INFO,adaptador.request,false,degradado,0.7310000000870787,9422.876553966,9422.877387925,9422.8765018,9422.877284966,CIRCUIT_OPEN,2026-09-05T00:05:26.075720Z
5b4e8111-e03f-42f6-89b5-a80c36c52876,run1_rep1,C,OPEN,OPEN,request,CACHE,HIT,0.03950000063923653,0.6661669995082775,INFO,adaptador.request,false,degradado,0.5599169999186415,9422.883145591,9422.883772258,9422.883106091,9422.883705508,CIRCUIT_OPEN,2026-09-05T00:05:26.082066Z
53cd5367-6d5a-4bd4-880b-bff897e3ddab,run1_rep1,C,OPEN,OPEN,request,CACHE,HIT,0.05237500045041088,0.8256660003098659,INFO,adaptador.request,false,degradado,0.6916250003996538,9422.9624893,9422.963262591,9422.962436925,9422.963180925,CIRCUIT_OPEN,2026-09-05T00:05:26.161565Z
ee4c9df2-5d96-446d-82e1-ff730aaabc3d,run1_rep1,C,OPEN,OPEN,request,CACHE,HIT,0.03545800063875504,0.647332999506034,INFO,adaptador.request,false,degradado,0.5187079987081233,9422.990448008,9422.991059883,9422.99041255,9422.990966716,CIRCUIT_OPEN,2026-09-05T00:05:26.189358Z
e6f3a215-27bf-4be5-a1fa-ac37ba4de9bf,run1_rep1,C,OPEN,OPEN,request,CACHE,HIT,0.04645899934985209,0.6063750006433111,INFO,adaptador.request,false,degradado,0.493666000693338,9423.0170188,9423.017578716,9423.016972341,9423.017512466,CIRCUIT_OPEN,2026-09-05T00:05:26.215876Z
d1724090-4423-44bc-b82f-7689254c697a,run1_rep1,C,OPEN,OPEN,request,CACHE,HIT,0.031624998882762156,0.573416999031906,INFO,adaptador.request,false,degradado,0.47158400047919713,9423.044735466,9423.045277258,9423.044703841,9423.04520705,CIRCUIT_OPEN,2026-09-05T00:05:26.243596Z
1685b8df-19e4-4f5f-89c6-ebcd4d74d78a,run1_rep1,C,OPEN,OPEN,request,CACHE,HIT,0.03737500082934275,0.7235419998323778,INFO,adaptador.request,false,degradado,0.6054579989722697,9423.086809508,9423.087495675,9423.086772133,9423.087414966,CIRCUIT_OPEN,2026-09-05T00:05:26.285821Z
4dc6d408-20bf-48df-9750-244bb9785b1a,run1_rep1,C,OPEN,OPEN,request,CACHE,HIT,0.0306249985442264,0.9263749998353887,INFO,adaptador.request,false,degradado,0.8281250011350494,9423.144756425,9423.145652175,9423.1447258,9423.14558455,CIRCUIT_OPEN,2026-09-05T00:05:26.343958Z
8ee50aba-33bc-4372-8f71-010baa776cfb,run1_rep1,C,OPEN,OPEN,request,CACHE,HIT,0.037333998989197426,0.6821669994678814,INFO,adaptador.request,false,degradado,0.5660410006385064,9423.19463305,9423.195277883,9423.194595716,9423.195199091,CIRCUIT_OPEN,2026-09-05T00:05:26.393591Z
f97e691e-bfd7-479d-87cd-b6662061f47d,run1_rep1,C,OPEN,OPEN,request,CACHE,HIT,0.039167000068118796,1.0283749998052372,INFO,adaptador.request,false,degradado,0.9172919999400619,9423.228598508,9423.229587716,9423.228559341,9423.2295158,CIRCUIT_OPEN,2026-09-05T00:05:26.427910Z
39a4c488-95f2-4444-a5a9-7b246f12a7fb,run1_rep1,C,OPEN,OPEN,request,CACHE,HIT,0.023291000616154633,0.9585829993739026,INFO,adaptador.request,false,degradado,0.8912499997677514,9423.229437341,9423.230372633,9423.22941405,9423.230328591,CIRCUIT_OPEN,2026-09-05T00:05:26.428660Z
afed668b-4bf6-489a-b928-6136539fc048,run1_rep1,C,OPEN,OPEN,request,CACHE,HIT,0.06220900104381144,0.7776670008752262,INFO,adaptador.request,false,degradado,0.6094580003264127,9423.258045675,9423.258761133,9423.257983466,9423.258655133,CIRCUIT_OPEN,2026-09-05T00:05:26.457074Z
1e13861e-397f-426e-a601-d656be42c232,run1_rep1,C,OPEN,OPEN,request,CACHE,HIT,0.029833001462975517,0.6496250007330673,INFO,adaptador.request,false,degradado,0.5497089987329673,9423.312879716,9423.313499508,9423.312849883,9423.313429425,CIRCUIT_OPEN,2026-09-05T00:05:26.511818Z
8c31dd8e-56b8-45a6-b417-98ed0b574ccc,run1_rep1,C,OPEN,OPEN,request,CACHE,HIT,0.052416000471566804,0.8579160003137076,INFO,adaptador.request,false,degradado,0.715124999260297,9423.333574591,9423.334380091,9423.333522175,9423.334289716,CIRCUIT_OPEN,2026-09-05T00:05:26.532679Z
5e6f9932-f4e7-47a2-9fa1-77374c6533ab,run1_rep1,C,OPEN,OPEN,request,CACHE,HIT,0.03174999983457383,0.6132910002634162,INFO,adaptador.request,false,degradado,0.5005000002711313,9423.338983425,9423.339564966,9423.338951675,9423.339483925,CIRCUIT_OPEN,2026-09-05T00:05:26.537881Z
52ee95b9-a6a9-431f-b7e6-b6396fb7b8e4,run1_rep1,C,OPEN,OPEN,request,CACHE,HIT,0.012749998859362677,0.2869589989131782,INFO,adaptador.request,false,degradado,0.2196670011471724,9423.343337883,9423.343612092,9423.343325133,9423.34355755,CIRCUIT_OPEN,2026-09-05T00:05:26.541885Z
368016f1-374d-4af8-bafb-26965c19148b,run1_rep1,C,OPEN,OPEN,request,CACHE,HIT,0.05129099918121938,0.8831659997667884,INFO,adaptador.request,false,degradado,0.6573749997187406,9423.455634258,9423.456466133,9423.455582967,9423.456291633,CIRCUIT_OPEN,2026-09-05T00:05:26.654801Z
674ea566-91cd-4ab3-96ff-f749b964806b,run1_rep1,C,OPEN,OPEN,request,CACHE,HIT,0.03749999996216502,0.8259169990196824,INFO,adaptador.request,false,degradado,0.6696669988741633,9423.458361425,9423.459149842,9423.458323925,9423.459031092,CIRCUIT_OPEN,2026-09-05T00:05:26.657507Z
b4e8d63a-7289-4267-8018-a71440c6b72a,run1_rep1,C,OPEN,OPEN,request,CACHE,HIT,0.04054199962411076,0.7272080001712311,INFO,adaptador.request,false,degradado,0.6091660015954403,9423.528875842,9423.529562508,9423.5288353,9423.529485008,CIRCUIT_OPEN,2026-09-05T00:05:26.727880Z
d404d130-ea9f-4574-82da-100c5e109c4c,run1_rep1,C,OPEN,OPEN,request,CACHE,HIT,0.0334169999405276,0.5374169995775446,INFO,adaptador.request,false,degradado,0.4501670009631198,9423.537181925,9423.537685925,9423.537148508,9423.537632092,CIRCUIT_OPEN,2026-09-05T00:05:26.735972Z
2930a35d-c661-4cf0-8854-0dd4515bd6de,run1_rep1,C,OPEN,OPEN,request,CACHE,HIT,0.030458000765065663,0.5611249998764833,INFO,adaptador.request,false,degradado,0.44625000009546056,9423.5495233,9423.550053967,9423.549492842,9423.54996955,CIRCUIT_OPEN,2026-09-05T00:05:26.748361Z
571c87ac-25e1-4ca0-a58b-6305a39a224a,run1_rep1,C,OPEN,OPEN,request,CACHE,HIT,0.047542000174871646,0.7334170004469343,INFO,adaptador.request,false,degradado,0.5777910009783227,9423.648349967,9423.649035842,9423.648302425,9423.648927758,CIRCUIT_OPEN,2026-09-05T00:05:26.847342Z
45617230-ed55-4d22-b3c6-5091a0736561,run1_rep1,C,OPEN,OPEN,request,CACHE,HIT,0.03033400025742594,0.686416999087669,INFO,adaptador.request,false,degradado,0.5752910001319833,9423.653444842,9423.654100925,9423.653414508,9423.654020133,CIRCUIT_OPEN,2026-09-05T00:05:26.852415Z
c6239c2d-3f05-49b9-9e4f-6eb26b7ad635,run1_rep1,C,OPEN,OPEN,request,CACHE,HIT,0.03600000127335079,0.7962500003486639,INFO,adaptador.request,false,degradado,0.6853750001027947,9423.680307467,9423.681067717,9423.680271467,9423.680992842,CIRCUIT_OPEN,2026-09-05T00:05:26.879366Z
d49eef11-e6e6-4f43-a356-e19adf0299ec,run1_rep1,C,OPEN,OPEN,request,CACHE,HIT,0.03291700159024913,0.6490420000773156,INFO,adaptador.request,false,degradado,0.5422499998530839,9423.720883342,9423.721499467,9423.720850425,9423.721425592,CIRCUIT_OPEN,2026-09-05T00:05:26.919814Z
b374d036-1428-4b56-b602-6e3cc8588c13,run1_rep1,C,OPEN,OPEN,request,CACHE,HIT,0.029958000595797785,0.5467079990921775,INFO,adaptador.request,false,degradado,0.43320799886714667,9423.726512675,9423.727029425,9423.726482717,9423.726945883,CIRCUIT_OPEN,2026-09-05T00:05:26.925341Z
3df97c76-9f74-4e14-a249-b2f0f983c9b9,run1_rep1,C,OPEN,OPEN,request,CACHE,HIT,0.03366599958098959,0.7090830004017334,INFO,adaptador.request,false,degradado,0.4664589996536961,9423.739084383,9423.7397598,9423.739050717,9423.739550842,CIRCUIT_OPEN,2026-09-05T00:05:26.938265Z
3bb5c206-b68a-425f-85e4-75b08d3bbe47,run1_rep1,C,OPEN,OPEN,request,CACHE,HIT,0.025624998670537025,0.6356659996527014,INFO,adaptador.request,false,degradado,0.538791000508354,9423.742347467,9423.742957508,9423.742321842,9423.742886258,CIRCUIT_OPEN,2026-09-05T00:05:26.941310Z
f083d024-831c-43b3-8d52-41c29d1572e5,run1_rep1,C,OPEN,OPEN,request,CACHE,HIT,0.038333000702550635,0.6212500011315569,INFO,adaptador.request,false,degradado,0.5133329996169778,9423.7913408,9423.791923717,9423.791302467,9423.791854133,CIRCUIT_OPEN,2026-09-05T00:05:26.990250Z
01833d9b-1cbf-47ef-9c6f-31a80d230dff,run1_rep1,C,OPEN,OPEN,request,CACHE,HIT,0.032083000405691564,0.5394170002546161,INFO,adaptador.request,false,degradado,0.4422919992066454,9423.812279133,9423.812786467,9423.81224705,9423.812721425,CIRCUIT_OPEN,2026-09-05T00:05:27.011086Z
4f077fbe-5713-4240-af32-cef315d1e9f9,run1_rep1,C,OPEN,OPEN,request,CACHE,HIT,0.04145900129515212,1.5239590011333348,INFO,adaptador.request,false,degradado,1.408749998518033,9423.875966592,9423.877449092,9423.875925133,9423.877375342,CIRCUIT_OPEN,2026-09-05T00:05:27.076090Z
5ad8cb6f-461f-4eaf-90c6-36d24696d0b1,run1_rep1,C,OPEN,OPEN,request,CACHE,HIT,0.026749999960884452,1.0925419992418028,INFO,adaptador.request,false,degradado,1.028250000672415,9423.876727883,9423.877793675,9423.876701133,9423.877756133,CIRCUIT_OPEN,2026-09-05T00:05:27.076656Z
6416bd8f-d3d8-4d33-95e8-e82450040deb,run1_rep1,C,OPEN,OPEN,request,CACHE,HIT,0.019915998564101756,1.162708000265411,INFO,adaptador.request,false,degradado,1.0882920014410047,9423.877208633,9423.878351425,9423.877188717,9423.878296925,CIRCUIT_OPEN,2026-09-05T00:05:27.077010Z
bc8f228a-a5de-4984-a4a9-a0d79b284bb1,run1_rep1,C,OPEN,OPEN,request,CACHE,HIT,0.0580830001126742,1.2161659997218521,INFO,adaptador.request,false,degradado,1.062874998751795,9423.94057355,9423.941731633,9423.940515467,9423.941636425,CIRCUIT_OPEN,2026-09-05T00:05:27.140070Z
14d1ceb9-ae64-4edb-af34-e1784ecccb01,run1_rep1,C,OPEN,OPEN,request,CACHE,HIT,0.031292000130633824,1.1919589996978175,INFO,adaptador.request,false,degradado,1.0961249990941724,9423.9415738,9423.942734467,9423.941542508,9423.942669925,CIRCUIT_OPEN,2026-09-05T00:05:27.141042Z
863785cd-4f2b-4909-9db1-f306b83201e8,run1_rep1,C,OPEN,OPEN,request,CACHE,HIT,0.03020899930561427,0.5366669993236428,INFO,adaptador.request,false,degradado,0.4346250007074559,9423.959555717,9423.960062175,9423.959525508,9423.959990342,CIRCUIT_OPEN,2026-09-05T00:05:27.158347Z
8f23a453-7d14-4f57-83c3-86e589a6c663,run1_rep1,C,OPEN,OPEN,request,CACHE,HIT,0.03562500023690518,0.6286249990807846,INFO,adaptador.request,false,degradado,0.5243340001470642,9424.016596383,9424.017189383,9424.016560758,9424.017120717,CIRCUIT_OPEN,2026-09-05T00:05:27.215478Z
f1344218-3f57-4961-878e-28249ad9dcb3,run1_rep1,C,OPEN,OPEN,request,CACHE,HIT,0.0289999989036005,0.6970829999772832,INFO,adaptador.request,false,degradado,0.46666700109199155,9424.02224755,9424.022915633,9424.02221855,9424.022714217,CIRCUIT_OPEN,2026-09-05T00:05:27.221439Z
1874074f-31d9-4718-a118-9200b0621324,run1_rep1,C,OPEN,OPEN,request,CACHE,HIT,0.028040998586220667,0.5326249993231613,INFO,adaptador.request,false,degradado,0.43254200136289,9424.026224758,9424.026729342,9424.026196717,9424.0266573,CIRCUIT_OPEN,2026-09-05T00:05:27.225042Z
daae5c0d-8737-46c0-8cf2-8c00391c06ea,run1_rep1,C,OPEN,OPEN,request,CACHE,HIT,0.04720799915958196,0.7709159999649273,INFO,adaptador.request,false,degradado,0.6361670002661413,9424.134425342,9424.13514905,9424.134378134,9424.135061509,CIRCUIT_OPEN,2026-09-05T00:05:27.333471Z
e6ba20f3-0eb9-4496-bdd0-30461391a88b,run1_rep1,C,OPEN,OPEN,request,CACHE,HIT,0.03724999987753108,1.0302919999958249,INFO,adaptador.request,false,degradado,0.9086669997486752,9424.149673717,9424.150666759,9424.149636467,9424.150582384,CIRCUIT_OPEN,2026-09-05T00:05:27.349310Z
4fb30eb8-d0e6-4a5a-98c0-6f1e6b142761,run1_rep1,C,OPEN,OPEN,request,CACHE,HIT,0.013374999980442226,0.85774999934074,INFO,adaptador.request,false,degradado,0.7974159998411778,9424.150114259,9424.150958634,9424.150100884,9424.150911675,CIRCUIT_OPEN,2026-09-05T00:05:27.349606Z
946053fe-16a5-41a2-8e57-1e5cad8d1f74,run1_rep1,C,OPEN,HALF_OPEN,request,CACHE,HIT,14.21262499934528,15.182875000391505,INFO,adaptador.request,true,degradado,0.867833001393592,9424.267670467,9424.268640717,9424.253457842,9424.2685383,CIRCUIT_OPEN,2026-09-05T00:05:27.467342Z
dbf43e25-d88d-4570-a903-b5f91e322173,run1_rep1,C,OPEN,OPEN,request,CACHE,HIT,35.274084000775474,36.72316700067313,INFO,adaptador.request,false,degradado,1.3255829999252455,9424.267546634,9424.268995717,9424.23227255,9424.268872217,CIRCUIT_OPEN,2026-09-05T00:05:27.467678Z
3bc4cdec-38bf-4a68-b6ce-36122b98590b,run1_rep1,C,OPEN,OPEN,request,CACHE,HIT,0.033292000807705335,0.7750420008960646,INFO,adaptador.request,false,degradado,0.6225420002010651,9424.271215842,9424.271957592,9424.27118255,9424.271838384,CIRCUIT_OPEN,2026-09-05T00:05:27.470375Z
354e8d76-017c-423c-acdc-9dbb6e83c32b,run1_rep1,C,OPEN,OPEN,request,CACHE,HIT,0.03899999865097925,0.6602919984288746,INFO,adaptador.request,false,degradado,0.5503330012288643,9424.322094967,9424.322716259,9424.322055967,9424.3226453,CIRCUIT_OPEN,2026-09-05T00:05:27.521016Z
7e5191a9-4a07-4418-81ca-5b54e5606ae9,run1_rep1,C,OPEN,OPEN,request,CACHE,HIT,0.04725000144389924,0.7487500006391201,INFO,adaptador.request,false,degradado,0.619707998339436,9424.370935467,9424.371636967,9424.370888217,9424.371555175,CIRCUIT_OPEN,2026-09-05T00:05:27.569914Z
5ebfde75-326f-438e-9ba3-779d8f754da9,run1_rep1,C,OPEN,OPEN,request,CACHE,HIT,0.04787499892699998,0.7597499989060452,INFO,adaptador.request,false,degradado,0.6281250007305061,9424.400479384,9424.401191259,9424.400431509,9424.401107509,CIRCUIT_OPEN,2026-09-05T00:05:27.599523Z
c29fa229-0438-4f77-9815-f2ded39d219e,run1_rep1,C,OPEN,OPEN,request,CACHE,HIT,0.039667000237386674,0.7060830012051156,INFO,adaptador.request,false,degradado,0.5880829994566739,9424.423233009,9424.423899425,9424.423193342,9424.423821092,CIRCUIT_OPEN,2026-09-05T00:05:27.622195Z
87731fe1-3c40-4cf2-b3d0-ae0b4f58b945,run1_rep1,C,OPEN,OPEN,request,CACHE,HIT,0.03237499913666397,0.7359579994954402,INFO,adaptador.request,false,degradado,0.43629100036923774,9424.431266634,9424.431970217,9424.431234259,9424.431702925,CIRCUIT_OPEN,2026-09-05T00:05:27.630397Z
40cc2078-1787-41e5-bef2-ae0b38c50ce6,run1_rep1,C,OPEN,OPEN,request,CACHE,HIT,0.041040999349206686,0.6897080002090661,INFO,adaptador.request,false,degradado,0.5256670010567177,9424.474471675,9424.475120342,9424.474430634,9424.474997342,CIRCUIT_OPEN,2026-09-05T00:05:27.673436Z
90de712d-7586-445a-a0c5-814d805a8519,run1_rep1,C,OPEN,OPEN,request,CACHE,HIT,0.03687499884108547,0.6118749988672789,INFO,adaptador.request,false,degradado,0.5027080005675089,9424.488987342,9424.489562342,9424.488950467,9424.48949005,CIRCUIT_OPEN,2026-09-05T00:05:27.687860Z
000fe469-30ab-474b-ba87-dda8089b7698,run1_rep1,C,OPEN,OPEN,request,CACHE,HIT,0.03433299934840761,0.47791599899937864,INFO,adaptador.request,false,degradado,0.3957919998356374,9424.501125092,9424.501568675,9424.501090759,9424.501520884,CIRCUIT_OPEN,2026-09-05T00:05:27.699846Z
ae6214ae-5318-47d2-9388-b644e007c7a2,run1_rep1,C,OPEN,OPEN,request,CACHE,HIT,0.03000000106112566,0.5357500012905803,INFO,adaptador.request,false,degradado,0.4475839996302966,9424.53658105,9424.5370868,9424.53655105,9424.537028634,CIRCUIT_OPEN,2026-09-05T00:05:27.735383Z
5a7be48d-a8da-4130-aad9-05afd86362e8,run1_rep1,C,OPEN,OPEN,request,CACHE,HIT,0.03254200055380352,0.6188330007717013,INFO,adaptador.request,false,degradado,0.48033299935923424,9424.562624509,9424.5632108,9424.562591967,9424.563104842,CIRCUIT_OPEN,2026-09-05T00:05:27.761529Z
a978a514-33cf-4201-8fc9-e3f3b7d4b5cc,run1_rep1,C,OPEN,OPEN,request,CACHE,HIT,0.028791000659111887,0.4520410002442077,INFO,adaptador.request,false,degradado,0.37133399928279687,9424.56943705,9424.5698603,9424.569408259,9424.569808384,CIRCUIT_OPEN,2026-09-05T00:05:27.768145Z
451580c9-ce15-4df2-97bd-3049e90f9047,run1_rep1,C,OPEN,OPEN,request,CACHE,HIT,0.039417000152752735,0.6268750003073364,INFO,adaptador.request,false,degradado,0.5178749997867271,9424.615998384,9424.616585842,9424.615958967,9424.616516259,CIRCUIT_OPEN,2026-09-05T00:05:27.814882Z
d615537b-cd38-4ba3-b513-0a00eae85e8b,run1_rep1,C,OPEN,OPEN,request,CACHE,HIT,0.04408300083014183,0.7614580008521443,INFO,adaptador.request,false,degradado,0.6324580008367775,9424.661970092,9424.662687467,9424.661926009,9424.66260255,CIRCUIT_OPEN,2026-09-05T00:05:27.861004Z
eb8cd72f-f8f1-4df5-bd9c-4a6a7952e6ba,run1_rep1,C,OPEN,OPEN,request,CACHE,HIT,0.03829199886240531,0.60329199914122,INFO,adaptador.request,false,degradado,0.49125000077765435,9424.687714134,9424.688279134,9424.687675842,9424.688205384,CIRCUIT_OPEN,2026-09-05T00:05:27.886590Z
88d9e7a2-a4c5-4155-a9f3-b43503787103,run1_rep1,C,OPEN,OPEN,request,CACHE,HIT,0.0318750007863855,0.5202080010349164,INFO,adaptador.request,false,degradado,0.41991599937318824,9424.708129634,9424.708617967,9424.708097759,9424.70854955,CIRCUIT_OPEN,2026-09-05T00:05:27.906920Z
c4d3ad69-2e01-4bbd-9849-eab64116a58f,run1_rep1,C,OPEN,OPEN,request,CACHE,HIT,0.03083299998252187,0.5463750003400492,INFO,adaptador.request,false,degradado,0.449417000709218,9424.718970925,9424.719486467,9424.718940092,9424.719420342,CIRCUIT_OPEN,2026-09-05T00:05:27.917788Z
fd64ed0a-f7f9-4589-9b37-50aabb5433ab,run1_rep1,C,OPEN,OPEN,request,CACHE,HIT,0.020416999177541584,0.5531669994525146,INFO,adaptador.request,false,degradado,0.455000001238659,9424.802296134,9424.802828884,9424.802275717,9424.802751134,CIRCUIT_OPEN,2026-09-05T00:05:28.001424Z
1b6afadd-4b0f-4cbc-a829-2aed272e45f8,run1_rep1,C,OPEN,OPEN,request,CACHE,HIT,0.03554099930624943,1.333749998593703,INFO,adaptador.request,false,degradado,1.2518339990492677,9424.801824467,9424.803122676,9424.801788926,9424.803076301,CIRCUIT_OPEN,2026-09-05T00:05:28.001688Z
59329255-ffb8-42fd-9821-81d697e40015,run1_rep1,C,OPEN,OPEN,request,CACHE,HIT,0.02925000080722384,0.8399170001212042,INFO,adaptador.request,false,degradado,0.7456249986717012,9424.820355592,9424.821166259,9424.820326342,9424.821101217,CIRCUIT_OPEN,2026-09-05T00:05:28.019707Z
e0eac3dc-aa79-4da6-93c8-6bf09a6c95e0,run1_rep1,C,OPEN,OPEN,request,CACHE,HIT,0.013875000149710104,0.6676670000160811,INFO,adaptador.request,false,degradado,0.5999170007271459,9424.820741009,9424.821394801,9424.820727134,9424.821340926,CIRCUIT_OPEN,2026-09-05T00:05:28.019930Z
5af8c5e0-4262-403f-b6f1-8e8f3f6bc568,run1_rep1,C,OPEN,OPEN,request,CACHE,HIT,0.028624999686144292,0.6016249990352662,INFO,adaptador.request,false,degradado,0.4985409996152157,9424.839149801,9424.839722801,9424.839121176,9424.839648342,CIRCUIT_OPEN,2026-09-05T00:05:28.038042Z
5e11a54e-e9ab-4f69-b63b-2a669e158cd8,run1_rep1,C,OPEN,OPEN,request,CACHE,HIT,0.020625000615837052,0.4494580007303739,INFO,adaptador.request,false,degradado,0.35858299997926224,9424.859562801,9424.859991634,9424.859542176,9424.859921384,CIRCUIT_OPEN,2026-09-05T00:05:28.058334Z
ad04c5d8-b6b7-440c-9193-04091d08b4aa,run1_rep1,C,OPEN,OPEN,request,CACHE,HIT,0.016666999727021903,0.38083400067989714,INFO,adaptador.request,false,degradado,0.3113330003543524,9424.881627759,9424.881991926,9424.881611092,9424.881939092,CIRCUIT_OPEN,2026-09-05T00:05:28.080294Z
8de754d9-378c-4cf3-a734-fe8e84dcbc61,run1_rep1,C,OPEN,OPEN,request,CACHE,HIT,0.050999999075429514,0.8100830000330461,INFO,adaptador.request,false,degradado,0.6767920003767358,9424.980672384,9424.981431467,9424.980621384,9424.981349176,CIRCUIT_OPEN,2026-09-05T00:05:28.179725Z
3f970683-31fc-4fa8-9f68-15eb1af9040a,run1_rep1,C,OPEN,OPEN,request,CACHE,HIT,0.03599999945436139,1.0164169998461148,INFO,adaptador.request,false,degradado,0.9016250005515758,9424.992677717,9424.993658134,9424.992641717,9424.993579342,CIRCUIT_OPEN,2026-09-05T00:05:28.191983Z
d7205c6c-2ac6-4007-a2b5-bee8d2531932,run1_rep1,C,OPEN,OPEN,request,CACHE,HIT,0.01908300146169495,0.9405000000697328,INFO,adaptador.request,false,degradado,0.8567499990022043,9424.993452717,9424.994374134,9424.993433634,9424.994309467,CIRCUIT_OPEN,2026-09-05T00:05:28.192882Z
2d168759-0f3e-4abf-afe9-57a8f229c595,run1_rep1,C,OPEN,OPEN,request,CACHE,HIT,0.039417000152752735,0.6789590006519575,INFO,adaptador.request,false,degradado,0.5549170000449521,9425.053543134,9425.054182676,9425.053503717,9425.054098051,CIRCUIT_OPEN,2026-09-05T00:05:28.252510Z
77ae6a3a-a702-44d0-bc99-6efc3fd72fab,run1_rep1,C,OPEN,OPEN,request,CACHE,HIT,0.029249998988234438,0.5068329992354847,INFO,adaptador.request,false,degradado,0.43000000005122274,9425.063395426,9425.063873009,9425.063366176,9425.063825426,CIRCUIT_OPEN,2026-09-05T00:05:28.262154Z
520204c2-179a-4376-8cd3-b8d1ec0e1029,run1_rep1,C,OPEN,OPEN,request,CACHE,HIT,0.039541000660392456,0.6698330016661203,INFO,adaptador.request,false,degradado,0.5173339995963033,9425.095409967,9425.096040259,9425.095370426,9425.095927301,CIRCUIT_OPEN,2026-09-05T00:05:28.294365Z
308576f2-dac2-4838-8381-e1fd7eb0a19e,run1_rep1,C,OPEN,OPEN,request,CACHE,HIT,0.035458999263937585,0.5545000003621681,INFO,adaptador.request,false,degradado,0.4584580001392169,9425.118556176,9425.119075217,9425.118520717,9425.119014634,CIRCUIT_OPEN,2026-09-05T00:05:28.317356Z
e8d8d046-cea6-4ec1-a822-94493e5cbc64,run1_rep1,C,OPEN,OPEN,request,CACHE,HIT,0.039208998714457266,1.4264999990700744,INFO,adaptador.request,false,degradado,1.2794160011253553,9425.159279176,9425.160666467,9425.159239967,9425.160558592,CIRCUIT_OPEN,2026-09-05T00:05:28.359348Z
4cf0ed19-bce3-4292-91dd-358c3f985a68,run1_rep1,C,OPEN,OPEN,request,CACHE,HIT,0.0194589993043337,1.3454589989123633,INFO,adaptador.request,false,degradado,1.239540999449673,9425.159697551,9425.161023551,9425.159678092,9425.160937092,CIRCUIT_OPEN,2026-09-05T00:05:28.359666Z
420c9a24-f208-462c-ae9b-f2c6d713034a,run1_rep1,C,OPEN,OPEN,request,CACHE,HIT,0.028915999791934155,0.49699999908625614,INFO,adaptador.request,false,degradado,0.4214999989926582,9425.184973342,9425.185441426,9425.184944426,9425.185394842,CIRCUIT_OPEN,2026-09-05T00:05:28.383728Z
3eb0ac0c-0629-44f9-b38e-79a04b67fbb8,run1_rep1,C,OPEN,OPEN,request,CACHE,HIT,0.04170800093561411,0.6612500001210719,INFO,adaptador.request,false,degradado,0.5561669986491324,9425.229897384,9425.230516926,9425.229855676,9425.230453551,CIRCUIT_OPEN,2026-09-05T00:05:28.428815Z
d438f209-3328-4d3e-9bb0-d84f7f56df72,run1_rep1,C,OPEN,OPEN,request,CACHE,HIT,0.030375000278581865,0.5403329996624961,INFO,adaptador.request,false,degradado,0.45829099872207735,9425.235598801,9425.236108759,9425.235568426,9425.236057092,CIRCUIT_OPEN,2026-09-05T00:05:28.434398Z
b67d337b-76e8-44e7-99d1-5f88419d9835,run1_rep1,C,OPEN,OPEN,request,CACHE,HIT,0.038124999264255166,0.5920829989918275,INFO,adaptador.request,false,degradado,0.4805410007975297,9425.266986801,9425.267540759,9425.266948676,9425.267467342,CIRCUIT_OPEN,2026-09-05T00:05:28.465841Z
3cb8547a-4ffd-43c2-a796-8ac29eb8e909,run1_rep1,C,OPEN,OPEN,request,CACHE,HIT,0.04254200030118227,1.2926250001328299,INFO,adaptador.request,false,degradado,1.146292001067195,9425.284813134,9425.286063217,9425.284770592,9425.285959426,CIRCUIT_OPEN,2026-09-05T00:05:28.484389Z
b9d9b84b-3663-491c-a511-009852eea8cb,run1_rep1,C,OPEN,OPEN,request,CACHE,HIT,0.03287499930593185,0.5227500005275942,INFO,adaptador.request,false,degradado,0.4244579995429376,9425.318267301,9425.318757176,9425.318234426,9425.318691759,CIRCUIT_OPEN,2026-09-05T00:05:28.517060Z
3a23d92e-9460-4472-867c-81bd947e0acb,run1_rep1,C,OPEN,OPEN,request,CACHE,HIT,0.03195899989805184,0.638999999864609,INFO,adaptador.request,false,degradado,0.5201249987294432,9425.380676676,9425.381283717,9425.380644717,9425.381196801,CIRCUIT_OPEN,2026-09-05T00:05:28.579600Z
d4410acf-a83b-4348-826c-649c752a2736,run1_rep1,C,OPEN,OPEN,request,CACHE,HIT,0.023583999791298993,0.4442919998837169,INFO,adaptador.request,false,degradado,0.36175000059301965,9425.388487551,9425.388908259,9425.388463967,9425.388849301,CIRCUIT_OPEN,2026-09-05T00:05:28.587205Z
63171fd1-19ee-49d6-93fd-743a363941e4,run1_rep1,C,OPEN,OPEN,request,CACHE,HIT,0.06866600051580463,0.5372910000005504,INFO,adaptador.request,false,degradado,0.4189589999441523,9425.400944342,9425.401412967,9425.400875676,9425.401363301,CIRCUIT_OPEN,2026-09-05T00:05:28.599687Z
8e7aa5a5-fcc1-451e-887a-080134dc2a5e,run1_rep1,C,OPEN,OPEN,request,CACHE,HIT,0.033125001209555194,0.8144170005834894,INFO,adaptador.request,false,degradado,0.6641249983658781,9425.423329634,9425.424110926,9425.423296509,9425.423993759,CIRCUIT_OPEN,2026-09-05T00:05:28.622455Z
1eac2526-4733-48e3-9978-c0b0b88c6c2b,run1_rep1,C,OPEN,OPEN,request,CACHE,HIT,0.03937499968742486,0.7629589999851305,INFO,adaptador.request,false,degradado,0.6303749996732222,9425.482623634,9425.483347218,9425.482584259,9425.483254009,CIRCUIT_OPEN,2026-09-05T00:05:28.681675Z
120b6793-57bd-4261-903f-76235f2328ac,run1_rep1,C,OPEN,OPEN,request,CACHE,HIT,0.03404199924261775,0.6700840003759367,INFO,adaptador.request,false,degradado,0.5618330014840467,9425.514951426,9425.515587468,9425.514917384,9425.515513259,CIRCUIT_OPEN,2026-09-05T00:05:28.713892Z
ce12cfd1-0998-4762-819d-89a2ee411348,run1_rep1,C,OPEN,OPEN,request,CACHE,HIT,0.0340410006174352,0.5807500001537846,INFO,adaptador.request,false,degradado,0.48245899961329997,9425.536048509,9425.536595218,9425.536014468,9425.536530968,CIRCUIT_OPEN,2026-09-05T00:05:28.734901Z
2d454025-f30c-4921-8c43-39fa555c1fe3,run1_rep1,C,OPEN,OPEN,request,CACHE,HIT,0.030375000278581865,0.5156659990461776,INFO,adaptador.request,false,degradado,0.41199999941454735,9425.550264343,9425.550749634,9425.550233968,9425.550676343,CIRCUIT_OPEN,2026-09-05T00:05:28.749065Z
5185c0d0-268d-4c21-b5d7-79be418aae3e,run1_rep1,C,OPEN,OPEN,request,CACHE,HIT,0.03408399970794562,0.5837499993504025,INFO,adaptador.request,false,degradado,0.47733300016261637,9425.592367468,9425.592917134,9425.592333384,9425.592844801,CIRCUIT_OPEN,2026-09-05T00:05:28.791243Z
b9c3f175-4ec7-405f-95dc-38f37c3df327,run1_rep1,C,OPEN,OPEN,request,CACHE,HIT,0.03929199920094106,0.6206669986568158,INFO,adaptador.request,false,degradado,0.5026250000810251,9425.636388301,9425.636969676,9425.636349009,9425.636890926,CIRCUIT_OPEN,2026-09-05T00:05:28.835325Z
796423e8-874d-4483-8af3-06abd7849069,run1_rep1,C,OPEN,OPEN,request,CACHE,HIT,0.03391700010979548,0.5826670003443724,INFO,adaptador.request,false,degradado,0.4796249995706603,9425.673960426,9425.674509176,9425.673926509,9425.674440051,CIRCUIT_OPEN,2026-09-05T00:05:28.872817Z
146be7ed-2b97-40fc-8d28-caf4bb83c8ad,run1_rep1,C,OPEN,OPEN,request,CACHE,HIT,0.02995899922098033,0.4856249997828854,INFO,adaptador.request,false,degradado,0.3974999999627471,9425.680244968,9425.680700634,9425.680215009,9425.680642468,CIRCUIT_OPEN,2026-09-05T00:05:28.879004Z
6549dcdb-d488-4b4b-8191-a16cc532cab3,run1_rep1,C,OPEN,OPEN,request,CACHE,HIT,0.043959000322502106,1.1667500002658926,INFO,adaptador.request,false,degradado,1.0384580000390997,9425.747504218,9425.748627009,9425.747460259,9425.748542676,CIRCUIT_OPEN,2026-09-05T00:05:28.946957Z
306b67d1-6621-441c-9b1c-11db7285b130,run1_rep1,C,OPEN,OPEN,request,CACHE,HIT,0.023332999262493104,1.2335829997027759,INFO,adaptador.request,false,degradado,1.1585829997784458,9425.748458426,9425.749668676,9425.748435093,9425.749617009,CIRCUIT_OPEN,2026-09-05T00:05:28.948159Z
b6f22556-f43c-4f3a-b7ec-c754d5cff11c,run1_rep1,C,OPEN,OPEN,request,CACHE,HIT,0.015207999240374193,1.043958000082057,INFO,adaptador.request,false,degradado,0.9843339994404232,9425.749431384,9425.750460134,9425.749416176,9425.750415718,CIRCUIT_OPEN,2026-09-05T00:05:28.948918Z
52e53153-8375-4761-a943-cb7cb3121a6b,run1_rep1,C,OPEN,OPEN,request,CACHE,HIT,0.0279159994533984,0.5449159998534014,INFO,adaptador.request,false,degradado,0.4421249996084953,9425.762909509,9425.763426509,9425.762881593,9425.763351634,CIRCUIT_OPEN,2026-09-05T00:05:28.961740Z
ad81cd43-04cb-4bb0-bfda-09ac0104a7ed,run1_rep1,C,OPEN,OPEN,request,CACHE,HIT,0.018000000636675395,0.3570419994503027,INFO,adaptador.request,false,degradado,0.2873329995054519,9425.771483926,9425.771822968,9425.771465926,9425.771771259,CIRCUIT_OPEN,2026-09-05T00:05:28.970110Z
9eabb56e-576b-4899-bd69-bc7776d5d6f9,run1_rep1,C,OPEN,OPEN,request,CACHE,HIT,0.046708000809303485,0.8098329999484122,INFO,adaptador.request,false,degradado,0.6692499991913792,9425.868671259,9425.869434384,9425.868624551,9425.869340509,CIRCUIT_OPEN,2026-09-05T00:05:29.067757Z
311d9f40-26d3-4181-b69b-ea3daf5cf25c,run1_rep1,C,OPEN,OPEN,request,CACHE,HIT,0.05012499968870543,0.7932080006867182,INFO,adaptador.request,false,degradado,0.6590409993805224,9425.951656468,9425.952399551,9425.951606343,9425.952315509,CIRCUIT_OPEN,2026-09-05T00:05:29.150697Z
83c54260-e20e-4325-8f6b-b811671afc3c,run1_rep1,C,OPEN,OPEN,request,CACHE,HIT,0.04445899867278058,0.7238340003823396,INFO,adaptador.request,false,degradado,0.6014580012561055,9426.039488718,9426.040168093,9426.039444259,9426.040090176,CIRCUIT_OPEN,2026-09-05T00:05:29.238472Z
62833d53-be05-4dd7-b6ea-a704a89a3cd3,run1_rep1,C,OPEN,OPEN,request,CACHE,HIT,0.0352910010406049,0.8622500008641509,INFO,adaptador.request,false,degradado,0.7636249993083766,9426.052167259,9426.052994218,9426.052131968,9426.052930884,CIRCUIT_OPEN,2026-09-05T00:05:29.251315Z
c0abdb41-aaf5-4878-8619-85c85a4a4d27,run1_rep1,C,OPEN,OPEN,request,CACHE,HIT,0.018582999473437667,0.9030829987750622,INFO,adaptador.request,false,degradado,0.7286670006578788,9426.052822259,9426.053706759,9426.052803676,9426.053550926,CIRCUIT_OPEN,2026-09-05T00:05:29.252517Z
10a41787-7aac-4aec-94fb-76edbd193c5b,run1_rep1,C,OPEN,OPEN,request,CACHE,HIT,0.050874999942607246,0.6851660000393167,INFO,adaptador.request,false,degradado,0.539708000360406,9426.092080093,9426.092714384,9426.092029218,9426.092619801,CIRCUIT_OPEN,2026-09-05T00:05:29.291049Z
16fe887a-a28a-4d38-a297-9a469bfa6a25,run1_rep1,C,OPEN,OPEN,request,CACHE,HIT,0.02499999936844688,0.7529169997724239,INFO,adaptador.request,false,degradado,0.6582089990843087,9426.093840509,9426.094568426,9426.093815509,9426.094498718,CIRCUIT_OPEN,2026-09-05T00:05:29.292896Z
ce3b34ff-efd3-4423-afa8-a0365ed49220,run1_rep1,C,OPEN,OPEN,request,CACHE,HIT,0.028374999601510353,0.5707500004064059,INFO,adaptador.request,false,degradado,0.465832999907434,9426.110271426,9426.110813801,9426.110243051,9426.110737259,CIRCUIT_OPEN,2026-09-05T00:05:29.309132Z
ac0ed096-0a75-41c2-94f7-4784f8cdad57,run1_rep1,C,OPEN,OPEN,request,CACHE,HIT,0.024208000468206592,0.5032919998484431,INFO,adaptador.request,false,degradado,0.39758399907441344,9426.168613801,9426.169092885,9426.168589593,9426.169011385,CIRCUIT_OPEN,2026-09-05T00:05:29.367414Z
a6dbccc2-a217-46a0-af9e-4d2719d8c814,run1_rep1,C,OPEN,OPEN,request,CACHE,HIT,0.017042000763467513,0.4515840009844396,INFO,adaptador.request,false,degradado,0.3740419997484423,9426.181046218,9426.18148076,9426.181029176,9426.18142026,CIRCUIT_OPEN,2026-09-05T00:05:29.379794Z
b571b2ee-4f40-42c4-80fb-1b7511c4cedb,run1_rep1,C,OPEN,OPEN,request,CACHE,HIT,0.030791999961365946,0.6555840009241365,INFO,adaptador.request,false,degradado,0.5581250006798655,9426.214253843,9426.214878635,9426.214223051,9426.214811968,CIRCUIT_OPEN,2026-09-05T00:05:29.413194Z
71d18d9f-b03e-44b1-b70b-d6ca2be86c31,run1_rep1,C,OPEN,OPEN,request,CACHE,HIT,0.019583001630962826,0.4222920015308773,INFO,adaptador.request,false,degradado,0.33383399932063185,9426.220144176,9426.220546885,9426.220124593,9426.22047801,CIRCUIT_OPEN,2026-09-05T00:05:29.418864Z
e3759794-d47d-4e5d-a3d6-3ea756a384c0,run1_rep1,C,OPEN,OPEN,request,CACHE,HIT,0.019875000361935236,0.410542001191061,INFO,adaptador.request,false,degradado,0.3247090007789666,9426.240203676,9426.240594343,9426.240183801,9426.240528385,CIRCUIT_OPEN,2026-09-05T00:05:29.438913Z
b475bb34-f15f-4396-a575-1e79382b8db4,run1_rep1,C,OPEN,OPEN,request,CACHE,HIT,0.035000000934815034,0.8224579996749526,INFO,adaptador.request,false,degradado,0.6917499995324761,9426.265292468,9426.266079926,9426.265257468,9426.265984218,CIRCUIT_OPEN,2026-09-05T00:05:29.464401Z
9644164e-e301-4b99-9330-8876aec2e20d,run1_rep1,C,OPEN,OPEN,request,CACHE,HIT,0.042083000153070316,0.6826659991929773,INFO,adaptador.request,false,degradado,0.5587920004472835,9426.316331218,9426.316971801,9426.316289135,9426.31689001,CIRCUIT_OPEN,2026-09-05T00:05:29.515319Z
ed593a83-7e11-4da1-8956-13ab156d6348,run1_rep1,C,OPEN,OPEN,request,CACHE,HIT,0.05858300028194208,0.8842080005706521,INFO,adaptador.request,false,degradado,0.7062089989631204,9426.378259801,9426.379085426,9426.378201218,9426.37896601,CIRCUIT_OPEN,2026-09-05T00:05:29.577407Z
6bf3bbd5-3e21-4bfb-9ced-51b8122b290c,run1_rep1,C,OPEN,OPEN,request,CACHE,HIT,0.024708999262657017,0.8149170007527573,INFO,adaptador.request,false,degradado,0.7286250001925509,9426.379678135,9426.380468343,9426.379653426,9426.38040676,CIRCUIT_OPEN,2026-09-05T00:05:29.578771Z
7fd65866-d562-4815-a930-3b71cdbfbe6e,run1_rep1,C,OPEN,OPEN,request,CACHE,HIT,0.035584000215749256,0.8267089997389121,INFO,adaptador.request,false,degradado,0.7140830002754228,9426.394526635,9426.39531776,9426.394491051,9426.395240718,CIRCUIT_OPEN,2026-09-05T00:05:29.593636Z
2adce5b9-7acd-4e47-bb64-5ec650ff36ad,run1_rep1,C,OPEN,OPEN,request,CACHE,HIT,0.04808300036529545,0.8028749998629792,INFO,adaptador.request,false,degradado,0.6646670008194633,9426.435490426,9426.436245218,9426.435442343,9426.436155093,CIRCUIT_OPEN,2026-09-05T00:05:29.634561Z
e70374b2-e075-4e87-afb9-f7c9ebee6cdf,run1_rep1,C,OPEN,OPEN,request,CACHE,HIT,0.04279200038581621,0.7085830002324656,INFO,adaptador.request,false,degradado,0.5816249995405087,9426.478326135,9426.478991926,9426.478283343,9426.47890776,CIRCUIT_OPEN,2026-09-05T00:05:29.677341Z
57173d83-0a76-40e3-af62-a07a2dd59396,run1_rep1,C,OPEN,OPEN,request,CACHE,HIT,0.06479200055764522,4.344625000157976,INFO,adaptador.request,false,degradado,4.028915998787852,9426.55280576,9426.557085593,9426.552740968,9426.556834676,CIRCUIT_OPEN,2026-09-05T00:05:29.755798Z
ebc24380-9878-4e01-8090-6326fc93adea,run1_rep1,C,OPEN,OPEN,request,CACHE,HIT,0.03408399970794562,0.7780420000926824,INFO,adaptador.request,false,degradado,0.6746250001015142,9426.56134201,9426.562085968,9426.561307926,9426.562016635,CIRCUIT_OPEN,2026-09-05T00:05:29.760394Z
fd1500d0-acaa-4941-ad37-ae2bcc8f4846,run1_rep1,C,OPEN,OPEN,request,CACHE,HIT,0.028415999622666277,0.6467080002039438,INFO,adaptador.request,false,degradado,0.5615419995592674,9426.581765301,9426.582383593,9426.581736885,9426.582326843,CIRCUIT_OPEN,2026-09-05T00:05:29.780675Z
9919713b-9a6c-4d4a-8134-33e735a8906a,run1_rep1,C,OPEN,OPEN,request,CACHE,HIT,0.02049999966402538,0.435709000157658,INFO,adaptador.request,false,degradado,0.36825000097451266,9426.584158926,9426.584574135,9426.584138426,9426.584527176,CIRCUIT_OPEN,2026-09-05T00:05:29.782862Z
1f8c81e0-b2a2-4eff-b97d-e0122abc5584,run1_rep1,C,OPEN,OPEN,request,CACHE,HIT,0.03283299884060398,0.61791599910066,INFO,adaptador.request,false,degradado,0.5242500010353979,9426.634671593,9426.635256676,9426.63463876,9426.635195843,CIRCUIT_OPEN,2026-09-05T00:05:29.833554Z
140a2b73-6f5a-4d73-9bca-ea24c5c06c75,run1_rep1,C,OPEN,OPEN,request,CACHE,HIT,0.035166000088793226,0.5893750003451714,INFO,adaptador.request,false,degradado,0.4730420005216729,9426.677504301,9426.67805851,9426.677469135,9426.677977343,CIRCUIT_OPEN,2026-09-05T00:05:29.876358Z
e3875bf7-92d4-4c45-83cf-c686f5eb99e3,run1_rep1,C,OPEN,OPEN,request,CACHE,HIT,0.0290830012090737,0.4862910009251209,INFO,adaptador.request,false,degradado,0.3974999999627471,9426.703280718,9426.703737926,9426.703251635,9426.703678218,CIRCUIT_OPEN,2026-09-05T00:05:29.902028Z
13098e71-04a4-448b-a028-b70d86c6b278,run1_rep1,C,OPEN,OPEN,request,CACHE,HIT,0.03241699960199185,0.5735000013373792,INFO,adaptador.request,false,degradado,0.46320800174726173,9426.717510468,9426.718051551,9426.717478051,9426.717973676,CIRCUIT_OPEN,2026-09-05T00:05:29.916349Z
fb2342c7-530a-482a-9ff1-695ba527055f,run1_rep1,C,OPEN,OPEN,request,CACHE,HIT,0.03337500129418913,0.5453339999803575,INFO,adaptador.request,false,degradado,0.4365419990790542,9426.750206676,9426.750718635,9426.750173301,9426.750643218,CIRCUIT_OPEN,2026-09-05T00:05:29.949037Z
6f0a3e24-b047-4ad9-8ce6-6ebd926e77ef,run1_rep1,C,OPEN,OPEN,request,CACHE,HIT,0.031834000765229575,0.5362499996408587,INFO,adaptador.request,false,degradado,0.4303329988033511,9426.779333885,9426.779838301,9426.779302051,9426.779764218,CIRCUIT_OPEN,2026-09-05T00:05:29.978150Z
bbaf1f72-8468-4b2f-b3b7-d2267fca355b,run1_rep1,C,OPEN,OPEN,request,CACHE,HIT,0.04558299951895606,0.6111660004535224,INFO,adaptador.request,false,degradado,0.48916700143308844,9426.820723468,9426.821289051,9426.820677885,9426.821212635,CIRCUIT_OPEN,2026-09-05T00:05:30.019594Z
500d995d-33f7-4e0e-87d4-e7f8402431e5,run1_rep1,C,OPEN,OPEN,request,CACHE,HIT,0.022666999939247034,0.7448340002156328,INFO,adaptador.request,false,degradado,0.631832999715698,9426.877615385,9426.878337552,9426.877592718,9426.878247218,CIRCUIT_OPEN,2026-09-05T00:05:30.076959Z
b3deda39-dfb5-425f-95ae-50ce13e5204c,run1_rep1,C,OPEN,OPEN,request,CACHE,HIT,0.05654199958371464,1.537249998364132,INFO,adaptador.request,false,degradado,1.4214579987310572,9426.877165427,9426.878646135,9426.877108885,9426.878586885,CIRCUIT_OPEN,2026-09-05T00:05:30.077281Z
a168fb1e-355d-4fc1-aeba-843ee0b5e8b6,run1_rep1,C,OPEN,OPEN,request,CACHE,HIT,0.030625000363215804,0.6196659996930975,INFO,adaptador.request,false,degradado,0.5103329986013705,9426.886510177,9426.887099218,9426.886479552,9426.88702051,CIRCUIT_OPEN,2026-09-05T00:05:30.085420Z
1cfba81c-7e4f-44bf-80aa-f469f10d0282,run1_rep1,C,OPEN,OPEN,request,CACHE,HIT,0.0563749999855645,0.8367919999727746,INFO,adaptador.request,false,degradado,0.6804580007155892,9426.93439151,9426.935171927,9426.934335135,9426.935071968,CIRCUIT_OPEN,2026-09-05T00:05:30.133500Z
3be999e0-2068-4ef2-91bb-7f819094cb40,run1_rep1,C,OPEN,OPEN,request,CACHE,HIT,0.05125000097905286,0.8545410000806442,INFO,adaptador.request,false,degradado,0.7115409989637556,9427.008948552,9427.009751843,9427.008897302,9427.009660093,CIRCUIT_OPEN,2026-09-05T00:05:30.208055Z
8952517f-b6a5-4d00-ac1a-6d2e9362a012,run1_rep1,C,OPEN,OPEN,request,CACHE,HIT,0.049915999625227414,0.6548749988724012,INFO,adaptador.request,false,degradado,0.52624999989348,9427.043820593,9427.044425552,9427.043770677,9427.044346843,CIRCUIT_OPEN,2026-09-05T00:05:30.242747Z
1964db27-3fb2-4739-bce3-9dd240d1ba4b,run1_rep1,C,OPEN,OPEN,request,CACHE,HIT,0.0412499994126847,0.6462500005000038,INFO,adaptador.request,false,degradado,0.530041001184145,9427.060570552,9427.061175552,9427.060529302,9427.061100593,CIRCUIT_OPEN,2026-09-05T00:05:30.259486Z
6324a4b3-21db-46ce-812e-b1894ca89a4f,run1_rep1,C,OPEN,OPEN,request,CACHE,HIT,0.03320799987704959,0.5366670011426322,INFO,adaptador.request,false,degradado,0.4365839995443821,9427.092364093,9427.092867552,9427.092330885,9427.092800677,CIRCUIT_OPEN,2026-09-05T00:05:30.291171Z
b4d8564f-deae-48cb-97f9-5c522093060a,run1_rep1,C,OPEN,OPEN,request,CACHE,HIT,0.028792001103283837,0.5716670002584578,INFO,adaptador.request,false,degradado,0.48795799921208527,9427.10158401,9427.102126885,9427.101555218,9427.102071968,CIRCUIT_OPEN,2026-09-05T00:05:30.300418Z
d83453d1-cc2c-4295-b539-e13a71028ce2,run1_rep1,C,OPEN,OPEN,request,CACHE,HIT,0.031833000321057625,0.555667000298854,INFO,adaptador.request,false,degradado,0.44916700062458403,9427.127924843,9427.128448677,9427.12789301,9427.12837401,CIRCUIT_OPEN,2026-09-05T00:05:30.326755Z
a584a11d-225e-442a-8f31-62202808ca08,run1_rep1,C,OPEN,OPEN,request,CACHE,HIT,0.025584000468370505,0.4450840006029466,INFO,adaptador.request,false,degradado,0.3625410008680774,9427.135505052,9427.135924552,9427.135479468,9427.135867593,CIRCUIT_OPEN,2026-09-05T00:05:30.334229Z
fdc03c8c-bca4-4268-a711-976e6388d5e0,run1_rep1,C,OPEN,OPEN,request,CACHE,HIT,0.03245799962314777,0.8922920005716151,INFO,adaptador.request,false,degradado,0.6248340014280984,9427.145712343,9427.146572177,9427.145679885,9427.146337177,CIRCUIT_OPEN,2026-09-05T00:05:30.344968Z
bac5c2d3-1d2e-482c-848a-23717e575f8f,run1_rep1,C,OPEN,OPEN,request,CACHE,HIT,0.03041600029973779,0.6754999994882382,INFO,adaptador.request,false,degradado,0.5709999986720504,9427.186082468,9427.186727552,9427.186052052,9427.186653468,CIRCUIT_OPEN,2026-09-05T00:05:30.385046Z
c4a5beae-c14d-4aa5-804a-fe6799af001b,run1_rep1,C,OPEN,OPEN,request,CACHE,HIT,0.042333000237704255,0.7393750001938315,INFO,adaptador.request,false,degradado,0.6169580010464415,9427.222607635,9427.223304677,9427.222565302,9427.223224593,CIRCUIT_OPEN,2026-09-05T00:05:30.421626Z
3e03224e-e5f6-4587-a8eb-c9c3fa36cf23,run1_rep1,C,OPEN,OPEN,request,CACHE,HIT,0.05870800123375375,1.2307079996389803,INFO,adaptador.request,false,degradado,1.0807089984155027,9427.270236468,9427.271408468,9427.27017776,9427.271317177,CIRCUIT_OPEN,2026-09-05T00:05:30.469735Z
f4df9255-0717-45c7-a298-4bb771702045,run1_rep1,C,OPEN,OPEN,request,CACHE,HIT,0.02483300158928614,2.589458001239109,INFO,adaptador.request,false,degradado,2.4815419983497122,9427.27109476,9427.273659385,9427.271069927,9427.273576302,CIRCUIT_OPEN,2026-09-05T00:05:30.472979Z
61183984-bcd0-4c97-98cf-93634f08f37a,run1_rep1,C,OPEN,OPEN,request,CACHE,HIT,0.018917000488727354,2.4442920002911706,INFO,adaptador.request,false,degradado,2.3680829999648267,9427.27182526,9427.274250635,9427.271806343,9427.274193343,CIRCUIT_OPEN,2026-09-05T00:05:30.473396Z
ced963cf-88c6-4a66-9999-66468b3db560,run1_rep1,C,OPEN,OPEN,request,CACHE,HIT,0.15270800031430554,1.9775420005316846,INFO,adaptador.request,false,degradado,1.7846249993453966,9427.272711968,9427.274536802,9427.27255926,9427.274496593,CIRCUIT_OPEN,2026-09-05T00:05:30.473690Z
5bfae0c9-215f-4a9d-b059-8c9062e1f984,run1_rep1,C,OPEN,OPEN,request,CACHE,HIT,0.054707999879610725,0.8434999999735737,INFO,adaptador.request,false,degradado,0.7042090001050383,9427.363424843,9427.364213635,9427.363370135,9427.364129052,CIRCUIT_OPEN,2026-09-05T00:05:30.562530Z
059163ba-b146-4db8-9707-59a63de1a245,run1_rep1,C,OPEN,OPEN,request,CACHE,HIT,0.04462500146473758,0.7873340000514872,INFO,adaptador.request,false,degradado,0.6589589993382106,9427.492859968,9427.493602677,9427.492815343,9427.493518927,CIRCUIT_OPEN,2026-09-05T00:05:30.691925Z
d08b8e3a-c376-4564-86d1-5cb2f84ecd51,run1_rep1,C,OPEN,OPEN,request,CACHE,HIT,0.038333000702550635,0.6582500009244541,INFO,adaptador.request,false,degradado,0.5339170002116589,9427.523675093,9427.52429501,9427.52363676,9427.52420901,CIRCUIT_OPEN,2026-09-05T00:05:30.722613Z
1159291b-4167-4f86-ad0c-65010488f1b3,run1_rep1,C,OPEN,OPEN,request,CACHE,HIT,0.03237499913666397,0.5390829992393265,INFO,adaptador.request,false,degradado,0.4455420003068866,9427.540140927,9427.540647635,9427.540108552,9427.540586469,CIRCUIT_OPEN,2026-09-05T00:05:30.738941Z
4e9186f3-ea7f-4757-b370-1caf9240ea2f,run1_rep1,C,OPEN,OPEN,request,CACHE,HIT,0.03825000021606684,0.8125000003929017,INFO,adaptador.request,false,degradado,0.6735419992764946,9427.561790677,9427.562564927,9427.561752427,9427.562464219,CIRCUIT_OPEN,2026-09-05T00:05:30.760901Z
df64d254-6b3b-4abd-bb14-116cd11e3dec,run1_rep1,C,OPEN,OPEN,request,CACHE,HIT,0.03216700133634731,1.0173749997193227,INFO,adaptador.request,false,degradado,0.9243329986929893,9427.588944094,9427.589929302,9427.588911927,9427.589868427,CIRCUIT_OPEN,2026-09-05T00:05:30.788491Z
0b13f489-b580-4835-93b5-2b2e444952d5,run1_rep1,C,OPEN,OPEN,request,CACHE,HIT,0.01991600038309116,0.8203750003303867,INFO,adaptador.request,false,degradado,0.7633340010215761,9427.589397135,9427.590197594,9427.589377219,9427.590160469,CIRCUIT_OPEN,2026-09-05T00:05:30.788741Z
66fa5af3-2733-49a3-b5dd-4296517552d4,run1_rep1,C,OPEN,OPEN,request,CACHE,HIT,0.029291999453562312,0.646417000098154,INFO,adaptador.request,false,degradado,0.5018330011807848,9427.601551802,9427.602168927,9427.60152251,9427.602053635,CIRCUIT_OPEN,2026-09-05T00:05:30.800521Z
afc13d47-43a8-48de-b211-5929571b770d,run1_rep1,C,OPEN,OPEN,request,CACHE,HIT,0.03129099968646187,0.5661249997501727,INFO,adaptador.request,false,degradado,0.45320900062506553,9427.606546385,9427.607081219,9427.606515094,9427.606999594,CIRCUIT_OPEN,2026-09-05T00:05:30.805399Z
7063ea70-caea-4be6-823b-2b356af7ae4e,run1_rep1,C,OPEN,OPEN,request,CACHE,HIT,0.04675000127463136,0.8732910009712214,INFO,adaptador.request,false,degradado,0.7242909996421076,9427.656256844,9427.657083385,9427.656210094,9427.656981135,CIRCUIT_OPEN,2026-09-05T00:05:30.855386Z
b45ecf6f-58d5-4aa1-825d-c6a42fc1b778,run1_rep1,C,OPEN,OPEN,request,CACHE,HIT,0.02045800101768691,0.8764160011196509,INFO,adaptador.request,false,degradado,0.8102920000965241,9427.656934802,9427.65779076,9427.656914344,9427.657745094,CIRCUIT_OPEN,2026-09-05T00:05:30.856080Z
0a329429-a279-4ada-a2c1-4809c41b5974,run1_rep1,C,OPEN,OPEN,request,CACHE,HIT,0.036749999708263204,0.6322079989331542,INFO,adaptador.request,false,degradado,0.5362499996408587,9427.715522344,9427.716117802,9427.715485594,9427.716058594,CIRCUIT_OPEN,2026-09-05T00:05:30.914409Z
509e351e-cfcf-4280-8d11-62042b261441,run1_rep1,C,OPEN,OPEN,request,CACHE,HIT,0.030291999792098068,0.5645420005748747,INFO,adaptador.request,false,degradado,0.45900000077381264,9427.758971177,9427.759505427,9427.758940885,9427.759430177,CIRCUIT_OPEN,2026-09-05T00:05:30.957820Z
fe4b9a15-d085-47b6-9f04-2a2604893f0f,run1_rep1,C,OPEN,OPEN,request,CACHE,HIT,0.03325000034237746,0.5402500009950018,INFO,adaptador.request,false,degradado,0.43937500049651135,9427.774447635,9427.774954635,9427.774414385,9427.77488701,CIRCUIT_OPEN,2026-09-05T00:05:30.973293Z
d03a73b7-4db0-4e29-b8ab-ccfbbfa01ff8,run1_rep1,C,OPEN,OPEN,request,CACHE,HIT,0.03920900053344667,0.6898749998072162,INFO,adaptador.request,false,degradado,0.5475409998325631,9427.847981719,9427.848632385,9427.84794251,9427.84852926,CIRCUIT_OPEN,2026-09-05T00:05:31.046966Z
0209c60a-ac6d-435d-a8ff-f675be46a35c,run1_rep1,C,OPEN,OPEN,request,CACHE,HIT,0.027332998797646724,0.4627499984053429,INFO,adaptador.request,false,degradado,0.3799170008278452,9427.850450802,9427.850886219,9427.850423469,9427.850830719,CIRCUIT_OPEN,2026-09-05T00:05:31.049243Z
c8935b49-adf5-4533-b16b-74633592dfc4,run1_rep1,C,OPEN,OPEN,request,CACHE,HIT,0.031167000997811556,0.5719580003642477,INFO,adaptador.request,false,degradado,0.46845799988659564,9427.860934594,9427.861475385,9427.860903427,9427.861403052,CIRCUIT_OPEN,2026-09-05T00:05:31.059806Z
de9fc896-1e5b-4537-aeff-442e6a086864,run1_rep1,C,OPEN,OPEN,request,CACHE,HIT,0.05450000026030466,0.8469170006719651,INFO,adaptador.request,false,degradado,0.6750840002496261,9427.941232885,9427.942025302,9427.941178385,9427.941907969,CIRCUIT_OPEN,2026-09-05T00:05:31.140358Z
2db9eb7b-4c55-4d55-9ef6-595116edb5a8,run1_rep1,C,OPEN,OPEN,request,CACHE,HIT,0.031000001399661414,0.5264170013106195,INFO,adaptador.request,false,degradado,0.45112499901733827,9427.947199427,9427.947694844,9427.947168427,9427.947650552,CIRCUIT_OPEN,2026-09-05T00:05:31.145966Z
c6912c66-0740-432a-a670-1a0eb001e33b,run1_rep1,C,OPEN,OPEN,request,CACHE,HIT,0.021624999135383405,0.5224579999776324,INFO,adaptador.request,false,degradado,0.44195800001034513,9427.965321052,9427.965821885,9427.965299427,9427.96576301,CIRCUIT_OPEN,2026-09-05T00:05:31.164132Z
5d7d9df8-c057-4799-a0ba-e0bc61d57bcc,run1_rep1,C,OPEN,OPEN,request,CACHE,HIT,0.020625000615837052,0.44837499990535434,INFO,adaptador.request,false,degradado,0.3798749985435279,9427.966999927,9427.967427677,9427.966979302,9427.967379802,CIRCUIT_OPEN,2026-09-05T00:05:31.165821Z
b930ec15-e508-4a8a-849d-76e4104c442b,run1_rep1,C,OPEN,OPEN,request,CACHE,HIT,0.02020899955823552,0.4029589999845484,INFO,adaptador.request,false,degradado,0.32354100039810874,9427.984872469,9427.985255219,9427.98485226,9427.98519601,CIRCUIT_OPEN,2026-09-05T00:05:31.183591Z
896960a6-f305-4387-be38-0bab610714d8,run1_rep1,C,OPEN,OPEN,request,CACHE,HIT,0.038875001337146387,0.778417001129128,INFO,adaptador.request,false,degradado,0.656541998978355,9428.157406677,9428.158146219,9428.157367802,9428.158063219,CIRCUIT_OPEN,2026-09-05T00:05:31.356467Z
68375c4b-f029-439d-853a-6fbb316cd107,run1_rep1,C,OPEN,OPEN,request,CACHE,HIT,0.024708999262657017,0.47375000031024683,INFO,adaptador.request,false,degradado,0.38920800034247804,9428.168139094,9428.168588135,9428.168114385,9428.168528302,CIRCUIT_OPEN,2026-09-05T00:05:31.366893Z
ef53b0ec-2923-4cb2-b40b-2c3692b78466,run1_rep1,C,OPEN,OPEN,request,CACHE,HIT,0.01650000012887176,0.36087500120629556,INFO,adaptador.request,false,degradado,0.29970800096634775,9428.171384344,9428.171728719,9428.171367844,9428.171684052,CIRCUIT_OPEN,2026-09-05T00:05:31.370013Z
3ea12457-e580-4a35-b3e9-2b468b495478,run1_rep1,C,OPEN,OPEN,request,CACHE,HIT,0.04345799970906228,1.0499159998289542,INFO,adaptador.request,false,degradado,0.9381670006405329,9428.229498177,9428.230504635,9428.229454719,9428.230436344,CIRCUIT_OPEN,2026-09-05T00:05:31.429044Z
277ef1c3-0f1e-46a6-9c2c-9eed2875e51c,run1_rep1,C,OPEN,OPEN,request,CACHE,HIT,0.018415999875287525,0.638999999864609,INFO,adaptador.request,false,degradado,0.5797920002805768,9428.230125385,9428.230745969,9428.230106969,9428.230705177,CIRCUIT_OPEN,2026-09-05T00:05:31.429673Z
54a5de28-1320-42c9-8fa4-a79dfc1ba19d,run1_rep1,C,OPEN,OPEN,request,CACHE,HIT,0.03487499998300336,0.5018329993617954,INFO,adaptador.request,false,degradado,0.4000410008302424,9428.244126136,9428.244593094,9428.244091261,9428.244526177,CIRCUIT_OPEN,2026-09-05T00:05:31.442899Z
2ecc3039-4738-4aec-a0b7-46d41667128e,run1_rep1,C,OPEN,OPEN,request,CACHE,HIT,0.022166999769979157,0.4558750006253831,INFO,adaptador.request,false,degradado,0.3485000015643891,9428.256507469,9428.256941177,9428.256485302,9428.256855969,CIRCUIT_OPEN,2026-09-05T00:05:31.455267Z
5e1f22dd-fa0d-497b-9d93-e89b6712374b,run1_rep1,C,OPEN,OPEN,request,CACHE,HIT,0.019208000594517216,0.3704999999172287,INFO,adaptador.request,false,degradado,0.27754199982155114,9428.259340844,9428.259692136,9428.259321636,9428.259618386,CIRCUIT_OPEN,2026-09-05T00:05:31.457998Z
109c4e14-bf77-4c25-ab6c-cc6baaec8e54,run1_rep1,C,OPEN,OPEN,request,CACHE,HIT,0.017750000552041456,0.411000000895001,INFO,adaptador.request,false,degradado,0.3390000001672888,9428.282238386,9428.282631636,9428.282220636,9428.282577386,CIRCUIT_OPEN,2026-09-05T00:05:31.480921Z
38de4c3a-4cd5-4af4-88f4-7c9b00e4f494,run1_rep1,C,OPEN,OPEN,request,CACHE,HIT,0.05758299994340632,0.7615829999849666,INFO,adaptador.request,false,degradado,0.6254170002648607,9428.384230677,9428.384934677,9428.384173094,9428.384856094,CIRCUIT_OPEN,2026-09-05T00:05:31.583249Z
b763c5c3-baa5-45c9-9f91-155e612b8185,run1_rep1,C,OPEN,OPEN,request,CACHE,HIT,0.03158399886160623,0.6252089988265652,INFO,adaptador.request,false,degradado,0.518374999955995,9428.392546886,9428.393140511,9428.392515302,9428.393065261,CIRCUIT_OPEN,2026-09-05T00:05:31.591458Z
10720930-cc9d-4eff-8dbb-5e6357199907,run1_rep1,C,OPEN,OPEN,request,CACHE,HIT,0.08933299977798015,0.5465409994940273,INFO,adaptador.request,false,degradado,0.398000000132015,9428.416973844,9428.417431052,9428.416884511,9428.417371844,CIRCUIT_OPEN,2026-09-05T00:05:31.615722Z
504f2c4e-7448-4d0f-bbd8-a5072278f848,run1_rep1,C,OPEN,OPEN,request,CACHE,HIT,0.03787499917962123,0.8351669985131593,INFO,adaptador.request,false,degradado,0.6957919995329576,9428.441279052,9428.442076344,9428.441241177,9428.441974844,CIRCUIT_OPEN,2026-09-05T00:05:31.640396Z
c25afa60-4913-472f-bed8-82a6e5f76728,run1_rep1,C,OPEN,OPEN,request,CACHE,HIT,0.047666999307693914,0.8115419987007044,INFO,adaptador.request,false,degradado,0.6347079997794935,9428.593327011,9428.594090886,9428.593279344,9428.593961719,CIRCUIT_OPEN,2026-09-05T00:05:31.792457Z
d14a5836-0715-4f16-bf48-50f0d3fcf26f,run1_rep1,C,OPEN,OPEN,request,CACHE,HIT,0.03220899998268578,1.4939169996068813,INFO,adaptador.request,false,degradado,1.3843750002706656,9428.602385761,9428.603847469,9428.602353552,9428.603770136,CIRCUIT_OPEN,2026-09-05T00:05:31.802554Z
44b08bde-f6aa-4467-82a1-e26976fb1a0d,run1_rep1,C,OPEN,OPEN,request,CACHE,HIT,0.020209001377224922,1.028250000672415,INFO,adaptador.request,false,degradado,0.9519159993942594,9428.603275011,9428.604283052,9428.603254802,9428.604226927,CIRCUIT_OPEN,2026-09-05T00:05:31.803290Z
b9f19de7-15b0-48ba-a2c9-ce62814f7ed0,run1_rep1,C,OPEN,OPEN,request,CACHE,HIT,0.01883300137706101,1.975332999791135,INFO,adaptador.request,false,degradado,1.9002089993591653,9428.602969052,9428.604925552,9428.602950219,9428.604869261,CIRCUIT_OPEN,2026-09-05T00:05:31.803677Z
7a14c321-af61-4fbb-8d9d-3cd2a3fafce6,run1_rep1,C,OPEN,OPEN,request,CACHE,HIT,0.020667001081164926,0.3727080002136063,INFO,adaptador.request,false,degradado,0.3007909999723779,9428.613379636,9428.613731677,9428.613358969,9428.613680427,CIRCUIT_OPEN,2026-09-05T00:05:31.812026Z
e021ccc2-4cb2-4c66-9168-aab0ba9ec380,run1_rep1,C,OPEN,OPEN,request,CACHE,HIT,0.018708000425249338,0.37770800008729566,INFO,adaptador.request,false,degradado,0.31141699946601875,9428.634756302,9428.635115302,9428.634737594,9428.635067719,CIRCUIT_OPEN,2026-09-05T00:05:31.833407Z
76e52e2e-4066-4f75-bdf3-73b9a2e51ca0,run1_rep1,C,OPEN,OPEN,request,CACHE,HIT,0.015375000657513738,0.3410419994906988,INFO,adaptador.request,false,degradado,0.2810419991874369,9428.660984177,9428.661309844,9428.660968802,9428.661265219,CIRCUIT_OPEN,2026-09-05T00:05:31.859588Z
660a2e15-7487-4a90-88ba-51b5b25aff8c,run1_rep1,C,OPEN,OPEN,request,CACHE,HIT,0.030916999094188213,0.6321669989119982,INFO,adaptador.request,false,degradado,0.5341670002962928,9428.712849594,9428.713450844,9428.712818677,9428.713383761,CIRCUIT_OPEN,2026-09-05T00:05:31.911762Z
a49f1ce9-4dde-4feb-894a-e0dd38ebb1ed,run1_rep1,C,OPEN,OPEN,request,CACHE,HIT,0.04066700057592243,0.6423750000976725,INFO,adaptador.request,false,degradado,0.5223749994911486,9428.733252136,9428.733853844,9428.733211469,9428.733774511,CIRCUIT_OPEN,2026-09-05T00:05:31.932173Z
bbef1b44-90bb-4567-8d9b-a7f09b76209d,run1_rep1,C,OPEN,OPEN,request,CACHE,HIT,0.029875000109313987,0.5239170004642801,INFO,adaptador.request,false,degradado,0.43125000047439244,9428.741906469,9428.742400511,9428.741876594,9428.742337719,CIRCUIT_OPEN,2026-09-05T00:05:31.940695Z
d87c1ba9-ff99-4a50-8eed-46d2e04dcf13,run1_rep1,C,OPEN,OPEN,request,CACHE,HIT,0.04883299880020786,0.7614999994984828,INFO,adaptador.request,false,degradado,0.637417000689311,9428.854158719,9428.854871386,9428.854109886,9428.854796136,CIRCUIT_OPEN,2026-09-05T00:05:32.053182Z
9a0a28e6-9b22-4160-89ca-61809b611c90,run1_rep1,C,OPEN,OPEN,request,CACHE,HIT,0.042875000872300006,0.7500829997297842,INFO,adaptador.request,false,degradado,0.616082999840728,9428.893671386,9428.894378594,9428.893628511,9428.894287469,CIRCUIT_OPEN,2026-09-05T00:05:32.092709Z
ac3848c4-49f8-4613-91e1-c8658be039de,run1_rep1,C,OPEN,OPEN,request,CACHE,HIT,0.051875000281143,0.8127090004563797,INFO,adaptador.request,false,degradado,0.6722919988533249,9428.957075594,9428.957836428,9428.957023719,9428.957747886,CIRCUIT_OPEN,2026-09-05T00:05:32.156154Z
6a6f6a8b-4e3a-49b3-8946-5f38b06421cb,run1_rep1,C,OPEN,OPEN,request,CACHE,HIT,0.03408299926377367,0.6648750004387693,INFO,adaptador.request,false,degradado,0.5552500006160699,9428.964899719,9428.965530511,9428.964865636,9428.965454969,CIRCUIT_OPEN,2026-09-05T00:05:32.163852Z
bb8c00a8-240d-4a55-9590-1897fc077161,run1_rep1,C,OPEN,OPEN,request,CACHE,HIT,0.03487500180199277,0.7957920006447239,INFO,adaptador.request,false,degradado,0.6867499996587867,9428.994420344,9428.995181261,9428.994385469,9428.995107094,CIRCUIT_OPEN,2026-09-05T00:05:32.193507Z
8e052ea9-7101-4b98-97e2-a0a7d32a6e30,run1_rep1,C,OPEN,OPEN,request,CACHE,HIT,0.024917000700952485,0.5371250008465722,INFO,adaptador.request,false,degradado,0.4596660000970587,9429.005745053,9429.006257261,9429.005720136,9429.006204719,CIRCUIT_OPEN,2026-09-05T00:05:32.204545Z
5583294c-1a24-4312-af52-73483bfac07d,run1_rep1,C,OPEN,OPEN,request,CACHE,HIT,0.019499999325489625,0.4146669998590369,INFO,adaptador.request,false,degradado,0.34545800008345395,9429.010855761,9429.011250928,9429.010836261,9429.011201219,CIRCUIT_OPEN,2026-09-05T00:05:32.209536Z
2e94156c-a765-4a83-8aaa-596d527cf249,run1_rep1,C,OPEN,OPEN,request,CACHE,HIT,0.04529100078798365,0.7998750006663613,INFO,adaptador.request,false,degradado,0.641499998891959,9429.086358094,9429.087112678,9429.086312803,9429.086999594,CIRCUIT_OPEN,2026-09-05T00:05:32.285440Z
bf11efae-9041-4840-873e-c0132e518ede,run1_rep1,C,OPEN,OPEN,request,CACHE,HIT,0.031583000236423686,0.5846669992024545,INFO,adaptador.request,false,degradado,0.4787500001839362,9429.089127219,9429.089680303,9429.089095636,9429.089605969,CIRCUIT_OPEN,2026-09-05T00:05:32.287989Z
c3e269dc-d4c2-4ff4-8abe-baf88ab0766e,run1_rep1,C,OPEN,OPEN,request,CACHE,HIT,0.028791999284294434,0.652458000331535,INFO,adaptador.request,false,degradado,0.5459160001919372,9429.092206803,9429.092830469,9429.092178011,9429.092752719,CIRCUIT_OPEN,2026-09-05T00:05:32.291150Z
0123ab5f-a1a7-4c6c-ac5f-4e9fba6b6d46,run1_rep1,C,OPEN,OPEN,request,CACHE,HIT,0.03933399966626894,0.6149170003482141,INFO,adaptador.request,false,degradado,0.5055000001448207,9429.137311428,9429.137887011,9429.137272094,9429.137816928,CIRCUIT_OPEN,2026-09-05T00:05:32.336190Z
4d5a6827-6ccf-474b-be3e-a310ef4ccda3,run1_rep1,C,OPEN,OPEN,request,CACHE,HIT,0.03295799979241565,0.5329169998731231,INFO,adaptador.request,false,degradado,0.43808400005218573,9429.169085844,9429.169585803,9429.169052886,9429.169523928,CIRCUIT_OPEN,2026-09-05T00:05:32.367885Z
401f1163-1e5b-4db3-82ad-3f15446e7d65,run1_rep1,C,OPEN,OPEN,request,CACHE,HIT,0.031666000722907484,0.9557499997754348,INFO,adaptador.request,false,degradado,0.857541999721434,9429.207193844,9429.208117928,9429.207162178,9429.208051386,CIRCUIT_OPEN,2026-09-05T00:05:32.406676Z
bbc5c221-3437-4bed-9b46-59dfb26e88b4,run1_rep1,C,OPEN,OPEN,request,CACHE,HIT,0.01420900116499979,0.7847920005588094,INFO,adaptador.request,false,degradado,0.7208749993878882,9429.207596553,9429.208367136,9429.207582344,9429.208317428,CIRCUIT_OPEN,2026-09-05T00:05:32.406959Z
57d72d9c-9cea-4afe-99a5-f805debfd48b,run1_rep1,C,OPEN,OPEN,request,CACHE,HIT,0.04329199873609468,0.7098749993019737,INFO,adaptador.request,false,degradado,0.5842080008733319,9429.272707428,9429.273374011,9429.272664136,9429.273291636,CIRCUIT_OPEN,2026-09-05T00:05:32.471686Z
de5f7f48-67ff-40d5-94bd-aa9db7416098,run1_rep1,C,OPEN,OPEN,request,CACHE,HIT,0.03258400101913139,0.49558400132809766,INFO,adaptador.request,false,degradado,0.39904100049170665,9429.279811053,9429.280274053,9429.279778469,9429.280210094,CIRCUIT_OPEN,2026-09-05T00:05:32.478563Z
a6ed50cf-37f8-4609-a59e-7ceae0fe58d2,run1_rep1,C,OPEN,OPEN,request,CACHE,HIT,0.047166999138426036,0.7242079991556238,INFO,adaptador.request,false,degradado,0.592291000430123,9429.354870303,9429.355547344,9429.354823136,9429.355462594,CIRCUIT_OPEN,2026-09-05T00:05:32.553850Z
fed85d3b-dd5b-4f7b-9fe9-017b91ac4c5f,run1_rep1,C,OPEN,OPEN,request,CACHE,HIT,0.04308399911678862,0.7192089997261064,INFO,adaptador.request,false,degradado,0.5834580006194301,9429.387866178,9429.388542303,9429.387823094,9429.388449636,CIRCUIT_OPEN,2026-09-05T00:05:32.586863Z
764b3f8e-7424-4868-8924-9d245f173784,run1_rep1,C,OPEN,OPEN,request,CACHE,HIT,0.05620800038741436,0.8510000006936025,INFO,adaptador.request,false,degradado,0.7041250009933719,9429.458760594,9429.459555386,9429.458704386,9429.459464719,CIRCUIT_OPEN,2026-09-05T00:05:32.657879Z
503a444b-ed49-4c41-a609-701c0b91d55a,run1_rep1,C,OPEN,OPEN,request,CACHE,HIT,0.031125000532483682,0.5688749988621566,INFO,adaptador.request,false,degradado,0.46979099897725973,9429.483781303,9429.484319053,9429.483750178,9429.484251094,CIRCUIT_OPEN,2026-09-05T00:05:32.682632Z
3598a728-6216-4db4-93f7-3d9d681a9a10,run1_rep1,C,OPEN,OPEN,request,CACHE,HIT,0.055915999837452546,0.6057909995433874,INFO,adaptador.request,false,degradado,0.47249999988707714,9429.517050094,9429.517599969,9429.516994178,9429.517522594,CIRCUIT_OPEN,2026-09-05T00:05:32.715929Z
d4ca0374-6260-408d-9c50-1fc7ce8fe98c,run1_rep1,C,OPEN,OPEN,request,CACHE,HIT,0.035582999771577306,1.0270410002704011,INFO,adaptador.request,false,degradado,0.928458000998944,9429.549699886,9429.550691344,9429.549664303,9429.550628344,CIRCUIT_OPEN,2026-09-05T00:05:32.749528Z
61c6895d-87bc-4b7b-86b3-e2dcc3cc8b39,run1_rep1,C,OPEN,OPEN,request,CACHE,HIT,0.01808399974834174,1.0549170001468156,INFO,adaptador.request,false,degradado,0.985332999334787,9429.550155178,9429.551192011,9429.550137094,9429.551140511,CIRCUIT_OPEN,2026-09-05T00:05:32.749842Z
37b6d789-4b49-4f22-98b7-cca236ec030f,run1_rep1,C,OPEN,OPEN,request,CACHE,HIT,0.016125000911415555,0.899042001037742,INFO,adaptador.request,false,degradado,0.8421250004175818,9429.551080969,9429.551963886,9429.551064844,9429.551923094,CIRCUIT_OPEN,2026-09-05T00:05:32.750538Z
2b47a3ec-b286-4c26-bcea-81ecae475dec,run1_rep1,C,OPEN,OPEN,request,CACHE,HIT,0.04458399962459225,0.5432920006569475,INFO,adaptador.request,false,degradado,0.4256250012986129,9429.568032553,9429.568531261,9429.567987969,9429.568458178,CIRCUIT_OPEN,2026-09-05T00:05:32.766850Z
3cd5d9a7-7a39-4a10-b41d-c389990eb4c1,run1_rep1,C,OPEN,OPEN,request,CACHE,HIT,0.04283299858798273,0.7159159995353548,INFO,adaptador.request,false,degradado,0.6043749999662396,9429.624959136,9429.625632219,9429.624916303,9429.625563511,CIRCUIT_OPEN,2026-09-05T00:05:32.823938Z
a9b1387e-fb86-4b1b-94f0-5fdac527f9e0,run1_rep1,C,OPEN,OPEN,request,CACHE,HIT,0.0352080005541211,0.5515829998330446,INFO,adaptador.request,false,degradado,0.45120799950382207,9429.665656178,9429.666172553,9429.66562097,9429.666107386,CIRCUIT_OPEN,2026-09-05T00:05:32.864470Z
31548e65-a4e3-414d-9fd2-d0c0f55ea61c,run1_rep1,C,OPEN,OPEN,request,CACHE,HIT,0.042708001274149865,0.6893330009916099,INFO,adaptador.request,false,degradado,0.5612499990093056,9429.754513636,9429.755160261,9429.754470928,9429.755074886,CIRCUIT_OPEN,2026-09-05T00:05:32.953488Z
a94ab605-822a-4982-9a1c-5ac6e582ecc0,run1_rep1,C,OPEN,OPEN,request,CACHE,HIT,0.037957999666105025,0.6876249990455108,INFO,adaptador.request,false,degradado,0.5611249998764833,9429.807076928,9429.807726595,9429.80703897,9429.807638053,CIRCUIT_OPEN,2026-09-05T00:05:33.006052Z
5c005164-cbd0-40de-a3bd-8a692697ea94,run1_rep1,C,OPEN,OPEN,request,CACHE,HIT,0.028541000574477948,0.4603750003298046,INFO,adaptador.request,false,degradado,0.3765839992411202,9429.810771136,9429.81120297,9429.810742595,9429.81114772,CIRCUIT_OPEN,2026-09-05T00:05:33.009483Z
7bcff529-b535-428c-bf1f-edf5b67199ff,run1_rep1,C,OPEN,OPEN,request,CACHE,HIT,0.035832999856211245,0.4933749987685587,INFO,adaptador.request,false,degradado,0.39266699968720786,9429.830487511,9429.830945053,9429.830451678,9429.830880178,CIRCUIT_OPEN,2026-09-05T00:05:33.029258Z
87da8b0d-5549-4b11-ad14-3c1f624451b7,run1_rep1,C,OPEN,OPEN,request,CACHE,HIT,0.03004199970746413,0.5898749986954499,INFO,adaptador.request,false,degradado,0.40845799958333373,9429.846284178,9429.846844011,9429.846254136,9429.846692636,CIRCUIT_OPEN,2026-09-05T00:05:33.045338Z
55bbc5e7-8448-4f6e-984c-04a8e3fc69cb,run1_rep1,C,OPEN,OPEN,request,CACHE,HIT,0.05383300049288664,0.7712910010013729,INFO,adaptador.request,false,degradado,0.6058750004740432,9429.886239803,9429.886957261,9429.88618597,9429.886845678,CIRCUIT_OPEN,2026-09-05T00:05:33.085317Z
748adbb8-39c1-4e5f-a7be-26c964002f0a,run1_rep1,C,OPEN,OPEN,request,CACHE,HIT,0.023750000764266588,0.674916000207304,INFO,adaptador.request,false,degradado,0.5952080009592464,9429.914496595,9429.915147761,9429.914472845,9429.915091803,CIRCUIT_OPEN,2026-09-05T00:05:33.113427Z
2517d75f-eacd-472e-9ad2-305fae1448d1,run1_rep1,C,OPEN,OPEN,request,CACHE,HIT,0.022250000256462954,0.4122909995203372,INFO,adaptador.request,false,degradado,0.3330409999762196,9429.967811345,9429.968201386,9429.967789095,9429.968144386,CIRCUIT_OPEN,2026-09-05T00:05:33.166490Z
e84501c2-ec08-43d7-a1b5-d205ed102535,run1_rep1,C,OPEN,OPEN,request,CACHE,HIT,0.014582999938284047,0.28616700001293793,INFO,adaptador.request,false,degradado,0.23295900064113084,9429.988139636,9429.98841122,9429.988125053,9429.988372595,CIRCUIT_OPEN,2026-09-05T00:05:33.186687Z
93a3deed-7983-45d1-8b68-1736e210166a,run1_rep1,C,OPEN,OPEN,request,CACHE,HIT,0.013875000149710104,0.37020899981143884,INFO,adaptador.request,false,degradado,0.28125000062573235,9430.011683886,9430.01204022,9430.011670011,9430.011965136,CIRCUIT_OPEN,2026-09-05T00:05:33.210350Z
4eca9e8f-0dda-4ed3-a072-d896efbd07ff,run1_rep1,C,OPEN,OPEN,request,CACHE,HIT,0.010540999937802553,0.2720829997997498,INFO,adaptador.request,false,degradado,0.2226249998784624,9430.016308011,9430.016569553,9430.01629747,9430.016530636,CIRCUIT_OPEN,2026-09-05T00:05:33.214844Z
6da31f0c-cb18-4a3a-96c2-4b095ebac3fa,run1_rep1,C,OPEN,OPEN,request,CACHE,HIT,0.020166999092907645,0.3578340001695324,INFO,adaptador.request,false,degradado,0.2896670011978131,9430.055331053,9430.05566872,9430.055310886,9430.05562072,CIRCUIT_OPEN,2026-09-05T00:05:33.253956Z
4f962b43-c4ad-4e39-8413-59e021b1166b,run1_rep1,C,OPEN,OPEN,request,CACHE,HIT,0.013875000149710104,0.2962910002679564,INFO,adaptador.request,false,degradado,0.24570799905632157,9430.05943922,9430.059721636,9430.059425345,9430.059684928,CIRCUIT_OPEN,2026-09-05T00:05:33.257993Z
e0a45449-995e-4235-be19-6eba258e1063,run1_rep1,C,OPEN,OPEN,request,CACHE,HIT,0.05266699918138329,0.8104579992505023,INFO,adaptador.request,false,degradado,0.6535000011353986,9430.18097097,9430.181728761,9430.180918303,9430.18162447,CIRCUIT_OPEN,2026-09-05T00:05:33.380053Z
06255874-4fd0-4c27-bc6b-6f64fc58f18c,run1_rep1,C,OPEN,OPEN,request,CACHE,HIT,0.03270900015195366,0.5720839999412419,INFO,adaptador.request,false,degradado,0.4718330001196591,9430.18966597,9430.190205345,9430.189633261,9430.190137803,CIRCUIT_OPEN,2026-09-05T00:05:33.388503Z
009aaad9-37a8-4d73-b9eb-d7add99d79cb,run1_rep1,C,OPEN,OPEN,request,CACHE,HIT,0.04545800038613379,0.7226249999803258,INFO,adaptador.request,false,degradado,0.591792000705027,9430.241824428,9430.242501595,9430.24177897,9430.24241622,CIRCUIT_OPEN,2026-09-05T00:05:33.440816Z
3d654550-6c3a-489d-8a6e-41b83f38aff4,run1_rep1,C,OPEN,OPEN,request,CACHE,HIT,0.03454200123087503,0.59829200108652,INFO,adaptador.request,false,degradado,0.4933749987685587,9430.24793522,9430.24849897,9430.247900678,9430.248428595,CIRCUIT_OPEN,2026-09-05T00:05:33.447013Z
18266870-a763-4e59-8bc3-4db1a7431396,run1_rep1,C,OPEN,OPEN,request,CACHE,HIT,0.02895900070143398,0.5636250007228227,INFO,adaptador.request,false,degradado,0.4600409993145149,9430.260780095,9430.261314761,9430.260751136,9430.261240136,CIRCUIT_OPEN,2026-09-05T00:05:33.459635Z
011d1e09-1b6b-4bc7-a10a-278d69168a6b,run1_rep1,C,OPEN,OPEN,request,CACHE,HIT,0.02099999983329326,0.4292499997973209,INFO,adaptador.request,false,degradado,0.3456249996816041,9430.267129553,9430.267537803,9430.267108553,9430.267475178,CIRCUIT_OPEN,2026-09-05T00:05:33.465852Z
75fd89f1-f256-41f3-a609-3133f080f68f,run1_rep1,C,OPEN,OPEN,request,CACHE,HIT,0.014125000234344043,0.338249999913387,INFO,adaptador.request,false,degradado,0.27554200096346904,9430.271217053,9430.271541178,9430.271202928,9430.271492595,CIRCUIT_OPEN,2026-09-05T00:05:33.469828Z
9a88beac-d961-4404-8627-0a9d6e1fc321,run1_rep1,C,OPEN,OPEN,request,CACHE,HIT,0.014582999938284047,0.4002500008937204,INFO,adaptador.request,false,degradado,0.33804200029408094,9430.304989678,9430.305375345,9430.304975095,9430.30532772,CIRCUIT_OPEN,2026-09-05T00:05:33.503657Z
359c8aef-20a7-4e1b-b5f3-3d5856b70b32,run1_rep1,C,OPEN,OPEN,request,CACHE,HIT,0.0518749984621536,0.796416999946814,INFO,adaptador.request,false,degradado,0.6606250008189818,9430.419530803,9430.420275345,9430.419478928,9430.420191428,CIRCUIT_OPEN,2026-09-05T00:05:33.618583Z
6d9fff8c-d753-4270-ad26-deaa0131a7e0,run1_rep1,C,OPEN,OPEN,request,CACHE,HIT,0.04329200055508409,0.8895830014807871,INFO,adaptador.request,false,degradado,0.7850000001781154,9430.450854887,9430.451701178,9430.450811595,9430.451639887,CIRCUIT_OPEN,2026-09-05T00:05:33.650000Z
4cc74032-5e9d-430d-ab8c-f58ba9ba4469,run1_rep1,C,OPEN,OPEN,request,CACHE,HIT,0.019584000256145373,0.7688750010856893,INFO,adaptador.request,false,degradado,0.7081660005496815,9430.451545262,9430.452294553,9430.451525678,9430.452253428,CIRCUIT_OPEN,2026-09-05T00:05:33.650719Z
b19afab1-8786-43a7-bfc2-7bd77083b164,run1_rep1,C,OPEN,OPEN,request,CACHE,HIT,0.028291999115026556,0.5922079999436392,INFO,adaptador.request,false,degradado,0.4918750000797445,9430.462831137,9430.463395053,9430.462802845,9430.463323012,CIRCUIT_OPEN,2026-09-05T00:05:33.661711Z
7e4ff072-bb8b-4b33-b606-03600aef6e4a,run1_rep1,C,OPEN,OPEN,request,CACHE,HIT,0.030250001145759597,0.5895419999433216,INFO,adaptador.request,false,degradado,0.4961669983458705,9430.498106303,9430.498665595,9430.498076053,9430.49860247,CIRCUIT_OPEN,2026-09-05T00:05:33.696959Z
220bdc48-4d35-4e93-a216-9d081ad4d699,run1_rep1,C,OPEN,OPEN,request,CACHE,HIT,0.04549999903247226,0.7224999990285141,INFO,adaptador.request,false,degradado,0.5842500013386598,9430.624529595,9430.625206595,9430.624484095,9430.625113845,CIRCUIT_OPEN,2026-09-05T00:05:33.823544Z
40af5404-65ff-48a6-a62e-33d97838f68c,run1_rep1,C,OPEN,OPEN,request,CACHE,HIT,0.039959000787348486,0.9658340004534693,INFO,adaptador.request,false,degradado,0.832375000754837,9430.658152762,9430.659078637,9430.658112803,9430.658985137,CIRCUIT_OPEN,2026-09-05T00:05:33.857621Z
46cb98b8-1914-4aca-861f-5dcb33f5336e,run1_rep1,C,OPEN,OPEN,request,CACHE,HIT,0.01558399890200235,0.7740419987385394,INFO,adaptador.request,false,degradado,0.7225410008686595,9430.658567637,9430.659326095,9430.658552053,9430.659290178,CIRCUIT_OPEN,2026-09-05T00:05:33.857898Z
280b1990-8dd7-4a18-b08d-575cb3ce1871,run1_rep1,C,OPEN,OPEN,request,CACHE,HIT,0.03195799945387989,0.5985419993521646,INFO,adaptador.request,false,degradado,0.4672089999075979,9430.684484053,9430.685050637,9430.684452095,9430.684951262,CIRCUIT_OPEN,2026-09-05T00:05:33.883355Z
07ec4182-9f47-44c8-96ae-0545878f6f16,run1_rep1,C,OPEN,OPEN,request,CACHE,HIT,0.03591600034269504,0.6512910003948491,INFO,adaptador.request,false,degradado,0.529416998688248,9430.724887803,9430.725503178,9430.724851887,9430.72541722,CIRCUIT_OPEN,2026-09-05T00:05:33.923807Z
81226932-ecfe-4d80-85b6-91691a715dfd,run1_rep1,C,OPEN,OPEN,request,CACHE,HIT,0.0384579998353729,0.6403329989552731,INFO,adaptador.request,false,degradado,0.5353750002541346,9430.744544678,9430.745146553,9430.74450622,9430.745080053,CIRCUIT_OPEN,2026-09-05T00:05:33.943449Z
762c35ac-74ac-4c2f-8a85-5b52eb505435,run1_rep1,C,OPEN,OPEN,request,CACHE,HIT,0.03199999991920777,0.568666000617668,INFO,adaptador.request,false,degradado,0.45087500075169373,9430.761794762,9430.762331428,9430.761762762,9430.762245637,CIRCUIT_OPEN,2026-09-05T00:05:33.960638Z
9a4962d9-08ed-4113-81fa-7c698322e18c,run1_rep1,C,OPEN,OPEN,request,CACHE,HIT,0.05129199962539133,1.2305839991313405,INFO,adaptador.request,false,degradado,1.0630420001689345,9430.860791345,9430.861970637,9430.860740053,9430.861854387,CIRCUIT_OPEN,2026-09-05T00:05:34.060571Z
0fecd413-c2a8-419c-8e30-253715e92149,run1_rep1,C,OPEN,OPEN,request,CACHE,HIT,0.01954099934664555,1.0175000006711343,INFO,adaptador.request,false,degradado,0.9417090004717465,9430.861257178,9430.862255137,9430.861237637,9430.862198887,CIRCUIT_OPEN,2026-09-05T00:05:34.060853Z
44f7919b-233f-43ba-a93a-f71775562354,run1_rep1,C,OPEN,OPEN,request,CACHE,HIT,0.032750000173109584,0.977915999101242,INFO,adaptador.request,false,degradado,0.8778329993219813,9430.878290012,9430.879235178,9430.878257262,9430.879167845,CIRCUIT_OPEN,2026-09-05T00:05:34.077807Z
0774b821-dd0a-4873-b1ca-2b66836a6493,run1_rep1,C,OPEN,OPEN,request,CACHE,HIT,0.013459000911097974,0.7923339999251766,INFO,adaptador.request,false,degradado,0.7427079999615671,9430.878727137,9430.879506012,9430.878713678,9430.879469845,CIRCUIT_OPEN,2026-09-05T00:05:34.078101Z
deb58ec4-a378-45a2-9c59-a0decb0dc8a3,run1_rep1,C,OPEN,OPEN,request,CACHE,HIT,0.036375000490807,0.637834000372095,INFO,adaptador.request,false,degradado,0.5203340006119106,9430.925923428,9430.926524887,9430.925887053,9430.926443762,CIRCUIT_OPEN,2026-09-05T00:05:34.124844Z
0a1a437a-0eaf-4bc0-9105-769b0c298c69,run1_rep1,C,OPEN,OPEN,request,CACHE,HIT,0.01912500010803342,0.35395799932302907,INFO,adaptador.request,false,degradado,0.28699999893433414,9430.955898512,9430.956233345,9430.955879387,9430.956185512,CIRCUIT_OPEN,2026-09-05T00:05:34.154497Z
43aa1370-e55c-4baa-a5fb-247d6720f65b,run1_rep1,C,OPEN,OPEN,request,CACHE,HIT,0.05170799886400346,0.7409579993691295,INFO,adaptador.request,false,degradado,0.5796250006824266,9431.061357345,9431.062046595,9431.061305637,9431.06193697,CIRCUIT_OPEN,2026-09-05T00:05:34.260375Z
3ecb3ad8-260e-4b81-a792-33b760df9231,run1_rep1,C,OPEN,OPEN,request,CACHE,HIT,0.04537499989964999,1.1682919994200347,INFO,adaptador.request,false,degradado,1.032041998769273,9431.12465947,9431.125782387,9431.124614095,9431.125691512,CIRCUIT_OPEN,2026-09-05T00:05:34.324369Z
799b9f3a-69f8-4e34-90d2-022c2e6e6dfc,run1_rep1,C,OPEN,OPEN,request,CACHE,HIT,0.021124998966115527,0.9435829997528344,INFO,adaptador.request,false,degradado,0.8808330003375886,9431.125140887,9431.126063345,9431.125119762,9431.12602172,CIRCUIT_OPEN,2026-09-05T00:05:34.324656Z
5029bd7a-4e55-4860-bfa0-6730d2fab0c2,run1_rep1,C,OPEN,OPEN,request,CACHE,HIT,0.034624999898369424,0.6435420000343584,INFO,adaptador.request,false,degradado,0.5205420002312167,9431.131048012,9431.131656929,9431.131013387,9431.131568554,CIRCUIT_OPEN,2026-09-05T00:05:34.329978Z
3f3ace5d-43df-4798-8aca-c16650d0d9b5,run1_rep1,C,OPEN,OPEN,request,CACHE,HIT,0.023708000298938714,0.4562920003081672,INFO,adaptador.request,false,degradado,0.3720420008903602,9431.18048347,9431.180916054,9431.180459762,9431.180855512,CIRCUIT_OPEN,2026-09-05T00:05:34.379248Z
bc57e09a-4bef-4334-ac90-97292a3a56d7,run1_rep1,C,OPEN,OPEN,request,CACHE,HIT,0.01966700074262917,0.3790829996432876,INFO,adaptador.request,false,degradado,0.31108300026971847,9431.198036804,9431.19839622,9431.198017137,9431.198347887,CIRCUIT_OPEN,2026-09-05T00:05:34.396686Z
19dabf72-244f-4fc2-add9-cd9954933192,run1_rep1,C,OPEN,OPEN,request,CACHE,HIT,0.03366700002516154,0.653584000247065,INFO,adaptador.request,false,degradado,0.5339580002328148,9431.235416387,9431.236036304,9431.23538272,9431.235950345,CIRCUIT_OPEN,2026-09-05T00:05:34.434328Z
eac2aff9-6bc7-4eec-ad98-08a0db62e52f,run1_rep1,C,OPEN,OPEN,request,CACHE,HIT,0.04762499884236604,1.2441669987310888,INFO,adaptador.request,false,degradado,1.1017080014426028,9431.305830012,9431.307026554,9431.305782387,9431.30693172,CIRCUIT_OPEN,2026-09-05T00:05:34.505587Z
aa268ddc-69c0-495f-8fbc-56ed2a6130fa,run1_rep1,C,OPEN,OPEN,request,CACHE,HIT,0.017291000403929502,0.978832998953294,INFO,adaptador.request,false,degradado,0.9124589996645227,9431.30631972,9431.307281262,9431.306302429,9431.307232179,CIRCUIT_OPEN,2026-09-05T00:05:34.505892Z
bf1407eb-767a-44bc-af36-d59144c70bba,run1_rep1,C,OPEN,OPEN,request,CACHE,HIT,0.040583001464256085,0.6515000004583271,INFO,adaptador.request,false,degradado,0.5357089994504349,9431.352525095,9431.353136012,9431.352484512,9431.353060804,CIRCUIT_OPEN,2026-09-05T00:05:34.551454Z
4f358d9b-bab6-4fd5-ac63-4b8ac279d980,run1_rep1,C,OPEN,OPEN,request,CACHE,HIT,0.03362499955983367,0.6130839992692927,INFO,adaptador.request,false,degradado,0.5087089994049165,9431.35684047,9431.357419929,9431.356806845,9431.357349179,CIRCUIT_OPEN,2026-09-05T00:05:34.555725Z
5589e632-1773-4f22-8fc2-a55014d7ff7b,run1_rep1,C,OPEN,OPEN,request,CACHE,HIT,0.030208000680431724,0.6980830003158189,INFO,adaptador.request,false,degradado,0.5944999993516831,9431.358625887,9431.359293762,9431.358595679,9431.359220387,CIRCUIT_OPEN,2026-09-05T00:05:34.557607Z
ae684d25-2fdd-4379-8b32-2bc64346b57f,run1_rep1,C,OPEN,OPEN,request,CACHE,HIT,0.030667000828543678,0.592958000197541,INFO,adaptador.request,false,degradado,0.49500000022817403,9431.380787054,9431.381349345,9431.380756387,9431.381282054,CIRCUIT_OPEN,2026-09-05T00:05:34.579923Z
97cb877e-fe30-433b-b310-c89244af5d33,run1_rep1,C,OPEN,OPEN,request,CACHE,HIT,0.03658400055428501,0.6640000010520453,INFO,adaptador.request,false,degradado,0.5485410001710989,9431.410748429,9431.411375845,9431.410711845,9431.41129697,CIRCUIT_OPEN,2026-09-05T00:05:34.609686Z
67987d51-5631-46af-a26a-c34e42f6ccc8,run1_rep1,C,OPEN,OPEN,request,CACHE,HIT,0.02845800008799415,0.6224999997357372,INFO,adaptador.request,false,degradado,0.5184580004424788,9431.416795137,9431.417389179,9431.416766679,9431.417313595,CIRCUIT_OPEN,2026-09-05T00:05:34.615710Z
ec0cf8d2-b464-46eb-9fa4-8004f8268476,run1_rep1,C,OPEN,OPEN,request,CACHE,HIT,0.04620800064003561,0.7614170008309884,INFO,adaptador.request,false,degradado,0.6202089989528758,9431.52785147,9431.528566679,9431.527805262,9431.528471679,CIRCUIT_OPEN,2026-09-05T00:05:34.726896Z
a4adb28d-4357-4074-99b8-5c0d2b966ddd,run1_rep1,C,OPEN,OPEN,request,CACHE,HIT,0.03933300104108639,0.5593750011030352,INFO,adaptador.request,false,degradado,0.4532079983619042,9431.534156887,9431.534676929,9431.534117554,9431.534610095,CIRCUIT_OPEN,2026-09-05T00:05:34.732983Z
50dfd9bb-208a-4981-8834-d07721281c68,run1_rep1,C,OPEN,OPEN,request,CACHE,HIT,0.02591700103948824,0.4257079999661073,INFO,adaptador.request,false,degradado,0.3515409989631735,9431.567589804,9431.567989595,9431.567563887,9431.567941345,CIRCUIT_OPEN,2026-09-05T00:05:34.766288Z
0273a829-b1e2-4338-965a-9659004b48c1,run1_rep1,C,OPEN,OPEN,request,CACHE,HIT,0.05124999916006345,0.766332999774022,INFO,adaptador.request,false,degradado,0.6358329992508516,9431.646418929,9431.647134012,9431.646367679,9431.647054762,CIRCUIT_OPEN,2026-09-05T00:05:34.845438Z
f2e0d12a-6dd4-461f-b644-0dc090fdfbb9,run1_rep1,C,OPEN,OPEN,request,CACHE,HIT,0.0385410003218567,0.6926250007381896,INFO,adaptador.request,false,degradado,0.5847499996889383,9431.683904845,9431.684558929,9431.683866304,9431.684489595,CIRCUIT_OPEN,2026-09-05T00:05:34.882872Z
971da4f5-cd06-4f51-b46b-a973fa9acca3,run1_rep1,C,OPEN,OPEN,request,CACHE,HIT,0.03670900150609668,0.6712089998472948,INFO,adaptador.request,false,degradado,0.5367499998101266,9431.736419471,9431.737053971,9431.736382762,9431.736956221,CIRCUIT_OPEN,2026-09-05T00:05:34.935372Z
d8cd6035-ec9c-447f-9324-43a7cd2a10ac,run1_rep1,C,OPEN,OPEN,request,CACHE,HIT,0.031707999369245954,0.5230419992585666,INFO,adaptador.request,false,degradado,0.4313340014050482,9431.745281012,9431.745772346,9431.745249304,9431.745712346,CIRCUIT_OPEN,2026-09-05T00:05:34.944066Z
169fa911-0562-4a32-a35c-c5b433db9c1d,run1_rep1,C,OPEN,OPEN,request,CACHE,HIT,0.034624999898369424,0.6372500010911608,INFO,adaptador.request,false,degradado,0.5431670015241252,9431.753326637,9431.753929262,9431.753292012,9431.753869804,CIRCUIT_OPEN,2026-09-05T00:05:34.952244Z
7fa17ffc-0641-44b3-8586-a2b1eab4b13a,run1_rep1,C,OPEN,OPEN,request,CACHE,HIT,0.03429099888307974,0.6704999996145489,INFO,adaptador.request,false,degradado,0.5527920002350584,9431.799702637,9431.800338846,9431.799668346,9431.800255429,CIRCUIT_OPEN,2026-09-05T00:05:34.998666Z
21724c81-bd71-4faa-a5c0-5bcaeb668dfe,run1_rep1,C,OPEN,OPEN,request,CACHE,HIT,0.04516599983617198,0.8367909995286027,INFO,adaptador.request,false,degradado,0.7356250007433118,9431.840117012,9431.840908637,9431.840071846,9431.840852637,CIRCUIT_OPEN,2026-09-05T00:05:35.039209Z
cdc4c216-1aa3-4e03-91f6-9b9412417008,run1_rep1,C,OPEN,OPEN,request,CACHE,HIT,0.029041999368928373,0.8209589996113209,INFO,adaptador.request,false,degradado,0.7389580005110474,9431.840778304,9431.841570221,9431.840749262,9431.841517262,CIRCUIT_OPEN,2026-09-05T00:05:35.040029Z
e2162796-c7dd-48ec-9a16-8dc3f0c902ff,run1_rep1,C,OPEN,OPEN,request,CACHE,HIT,0.05054100074630696,1.0013749997597188,INFO,adaptador.request,false,degradado,0.863792000018293,9431.916250512,9431.917201346,9431.916199971,9431.917114304,CIRCUIT_OPEN,2026-09-05T00:05:35.115524Z
7fb5a84b-55eb-4baa-a3d0-6d36c338dbd2,run1_rep1,C,OPEN,OPEN,request,CACHE,HIT,0.025041999833774753,0.8288339995488059,INFO,adaptador.request,false,degradado,0.757792000513291,9431.916999554,9431.917803346,9431.916974512,9431.917757346,CIRCUIT_OPEN,2026-09-05T00:05:35.116257Z
5d06e0a5-78bb-452d-8821-e55b03a30c4e,run1_rep1,C,OPEN,OPEN,request,CACHE,HIT,0.026665999030228704,0.6047909992048517,INFO,adaptador.request,false,degradado,0.516792000780697,9431.926875762,9431.927453887,9431.926849096,9431.927392554,CIRCUIT_OPEN,2026-09-05T00:05:35.125750Z
70a4e474-2f08-471d-8e5e-dd60cf838cd0,run1_rep1,C,OPEN,OPEN,request,CACHE,HIT,0.020415998733369634,0.49987499915005174,INFO,adaptador.request,false,degradado,0.4317090006225044,9431.977815637,9431.978295096,9431.977795221,9431.978247346,CIRCUIT_OPEN,2026-09-05T00:05:35.176573Z
c30edf24-dce6-4b91-b5f6-0f6700a2eda6,run1_rep1,C,OPEN,OPEN,request,CACHE,HIT,0.009457999112783,0.5380829989007907,INFO,adaptador.request,false,degradado,0.49783299982664175,9431.978198304,9431.978726929,9431.978188846,9431.978696137,CIRCUIT_OPEN,2026-09-05T00:05:35.177117Z
8c0428bb-278d-4a4e-b4ed-8e5f3e4dd1f8,run1_rep1,C,OPEN,OPEN,request,CACHE,HIT,0.019208000594517216,0.3433330002735602,INFO,adaptador.request,false,degradado,0.2825419996952405,9432.029416637,9432.029740762,9432.029397429,9432.029699179,CIRCUIT_OPEN,2026-09-05T00:05:35.228006Z
b0a5ca61-bb52-419a-9417-2b5212666950,run1_rep1,C,OPEN,OPEN,request,CACHE,HIT,0.015166000594035722,0.3317079990665661,INFO,adaptador.request,false,degradado,0.2788339988910593,9432.062962387,9432.063278929,9432.062947221,9432.063241221,CIRCUIT_OPEN,2026-09-05T00:05:35.261563Z
30839d17-dc97-40cf-b9fc-3c8d6c81d33f,run1_rep1,C,OPEN,OPEN,request,CACHE,HIT,0.015874999007792212,0.3255829997215187,INFO,adaptador.request,false,degradado,0.2548749998823041,9432.107724054,9432.108033762,9432.107708179,9432.107978929,CIRCUIT_OPEN,2026-09-05T00:05:35.306304Z
ae88c84c-a596-4799-af1c-88540995910f,run1_rep1,C,OPEN,OPEN,request,CACHE,HIT,0.016459000107715838,0.6934590001037577,INFO,adaptador.request,false,degradado,0.6320829998003319,9432.152118221,9432.152795221,9432.152101762,9432.152750304,CIRCUIT_OPEN,2026-09-05T00:05:35.351290Z
4da650d6-2d47-4009-ab91-ca945321b31d,run1_rep1,C,OPEN,OPEN,request,CACHE,HIT,0.012040998626616783,0.5593329988187179,INFO,adaptador.request,false,degradado,0.5131249999976717,9432.152441387,9432.152988679,9432.152429346,9432.152954512,CIRCUIT_OPEN,2026-09-05T00:05:35.351522Z
cee394d5-6afe-4a59-8d5c-835ebbb02bf6,run1_rep1,C,OPEN,OPEN,request,CACHE,HIT,0.01716599945211783,0.31562500043946784,INFO,adaptador.request,false,degradado,0.2606250000098953,9432.164220137,9432.164518596,9432.164202971,9432.164480762,CIRCUIT_OPEN,2026-09-05T00:05:35.362788Z
fde4bb03-ba8d-4a8d-b152-f4d7d2949fb9,run1_rep1,C,OPEN,OPEN,request,CACHE,HIT,0.013250000847619958,0.28095800007577054,INFO,adaptador.request,false,degradado,0.22345800061884802,9432.167270054,9432.167537762,9432.167256804,9432.167493512,CIRCUIT_OPEN,2026-09-05T00:05:35.365816Z
03013628-f1b0-4d87-acd8-3d5194a09d7d,run1_rep1,C,OPEN,OPEN,request,CACHE,HIT,0.011083000572398305,0.2548749998823041,INFO,adaptador.request,false,degradado,0.20445900008780882,9432.170690262,9432.170934054,9432.170679179,9432.170894721,CIRCUIT_OPEN,2026-09-05T00:05:35.369212Z
533a5ff2-8d77-4c00-afc9-71fa1d77a0da,run1_rep1,C,OPEN,OPEN,request,CACHE,HIT,0.04320799962442834,0.7554160001745913,INFO,adaptador.request,false,degradado,0.6253749997995328,9432.289930054,9432.290642262,9432.289886846,9432.290555429,CIRCUIT_OPEN,2026-09-05T00:05:35.488964Z
24779e99-e7ed-44a5-959c-e940a6adfd74,run1_rep1,C,OPEN,OPEN,request,CACHE,HIT,0.03237500095565338,1.1747919998015277,INFO,adaptador.request,false,degradado,1.077208999049617,9432.302097137,9432.303239554,9432.302064762,9432.303174346,CIRCUIT_OPEN,2026-09-05T00:05:35.501858Z
3a1b03e9-e68a-4310-998c-db9f22a7c3af,run1_rep1,C,OPEN,OPEN,request,CACHE,HIT,0.019750001229112968,0.8940830011852086,INFO,adaptador.request,false,degradado,0.8199160001822747,9432.302669721,9432.303544054,9432.302649971,9432.303489637,CIRCUIT_OPEN,2026-09-05T00:05:35.502183Z
90a16744-a788-452d-9216-c07217d124f7,run1_rep1,C,OPEN,OPEN,request,CACHE,HIT,0.02099999983329326,0.7007090007391525,INFO,adaptador.request,false,degradado,0.6255420012166724,9432.311480637,9432.312160346,9432.311459637,9432.312106179,CIRCUIT_OPEN,2026-09-05T00:05:35.510703Z
1af28bdf-f0ae-4701-a098-2ec21fa79895,run1_rep1,C,OPEN,OPEN,request,CACHE,HIT,0.011207999705220573,0.7014580005488824,INFO,adaptador.request,false,degradado,0.6523749998450512,9432.311712554,9432.312402804,9432.311701346,9432.312364929,CIRCUIT_OPEN,2026-09-05T00:05:35.510982Z
a2bc81d4-3e99-4d97-aaad-26cc8f826bb1,run1_rep1,C,OPEN,OPEN,request,CACHE,HIT,0.02204100019298494,0.38554100137844216,INFO,adaptador.request,false,degradado,0.3180840012646513,9432.324399762,9432.324763262,9432.324377721,9432.324717846,CIRCUIT_OPEN,2026-09-05T00:05:35.523049Z
f64dcee3-6f75-4376-ac27-99c521b6a908,run1_rep1,C,OPEN,OPEN,request,CACHE,HIT,0.055124999562394805,0.8081249998213025,INFO,adaptador.request,false,degradado,0.6605830003536539,9432.414117971,9432.414870971,9432.414062846,9432.414778554,CIRCUIT_OPEN,2026-09-05T00:05:35.613191Z
55696f71-3996-4bc8-8a72-46651080e952,run1_rep1,C,OPEN,OPEN,request,CACHE,HIT,0.05341700125427451,0.7277500008058269,INFO,adaptador.request,false,degradado,0.5816659995616646,9432.513170513,9432.513844846,9432.513117096,9432.513752179,CIRCUIT_OPEN,2026-09-05T00:05:35.712169Z
b79fcb1d-2ff8-4922-ad87-f064b6a9ca92,run1_rep1,C,OPEN,OPEN,request,CACHE,HIT,0.03574999936972745,0.5841249985678587,INFO,adaptador.request,false,degradado,0.4800410006282618,9432.524801263,9432.525349638,9432.524765513,9432.525281304,CIRCUIT_OPEN,2026-09-05T00:05:35.723643Z
5a30bdfd-5181-49c7-8238-476c51c120ef,run1_rep1,C,OPEN,OPEN,request,CACHE,HIT,0.035832999856211245,1.1163749986735638,INFO,adaptador.request,false,degradado,1.000832999125123,9432.567824096,9432.568904638,9432.567788263,9432.568824929,CIRCUIT_OPEN,2026-09-05T00:05:35.767583Z
a7c8bb3c-030c-45fd-8dc9-95451c9ac2a6,run1_rep1,C,OPEN,OPEN,request,CACHE,HIT,0.02049999966402538,0.9509999999863794,INFO,adaptador.request,false,degradado,0.8927079998102272,9432.568352221,9432.569282721,9432.568331721,9432.569244929,CIRCUIT_OPEN,2026-09-05T00:05:35.767877Z
756ace46-ccd2-4b12-8611-11d19de26e2a,run1_rep1,C,OPEN,OPEN,request,CACHE,HIT,0.01929199970618356,0.44054200043319725,INFO,adaptador.request,false,degradado,0.3528750003169989,9432.592493846,9432.592915096,9432.592474554,9432.592846721,CIRCUIT_OPEN,2026-09-05T00:05:35.791240Z
6ad219e3-b9b1-47cc-a6aa-cd71c4feff47,run1_rep1,C,OPEN,OPEN,request,CACHE,HIT,0.02012499862757977,0.4194999983155867,INFO,adaptador.request,false,degradado,0.3420000011828961,9432.597892679,9432.598292054,9432.597872554,9432.598234679,CIRCUIT_OPEN,2026-09-05T00:05:35.796606Z
beb7963a-242d-4fd1-809f-909127f94fcf,run1_rep1,C,OPEN,OPEN,request,CACHE,HIT,0.016709000192349777,0.425584001277457,INFO,adaptador.request,false,degradado,0.35820800076180603,9432.619802013,9432.620210888,9432.619785304,9432.620160221,CIRCUIT_OPEN,2026-09-05T00:05:35.818505Z
b866123d-16a2-4549-97b1-f5b73387f4ff,run1_rep1,C,OPEN,OPEN,request,CACHE,HIT,0.05020900061936118,0.7612919998791767,INFO,adaptador.request,false,degradado,0.632499999483116,9432.680422388,9432.681133471,9432.680372179,9432.681054888,CIRCUIT_OPEN,2026-09-05T00:05:35.879436Z
bd2da541-d657-4253-95c2-229780608913,run1_rep1,C,OPEN,OPEN,request,CACHE,HIT,0.03537499833328184,0.5849589997524163,INFO,adaptador.request,false,degradado,0.48512500143260695,9432.690282429,9432.690832013,9432.690247054,9432.690767554,CIRCUIT_OPEN,2026-09-05T00:05:35.889131Z
a78dd131-074f-40ab-8ae4-8f4e845cde77,run1_rep1,C,OPEN,OPEN,request,CACHE,HIT,0.030625000363215804,0.6195829992066137,INFO,adaptador.request,false,degradado,0.5156249990250217,9432.695700013,9432.696288971,9432.695669388,9432.696215638,CIRCUIT_OPEN,2026-09-05T00:05:35.894612Z
7028dae8-4e32-41b7-b6d8-9a451cc233b8,run1_rep1,C,OPEN,OPEN,request,CACHE,HIT,0.03487499998300336,0.6137079999462003,INFO,adaptador.request,false,degradado,0.5047919985372573,9432.749978346,9432.750557179,9432.749943471,9432.750483138,CIRCUIT_OPEN,2026-09-05T00:05:35.948875Z
48ecc088-157b-42a4-b97e-8644815fa9f3,run1_rep1,C,OPEN,OPEN,request,CACHE,HIT,0.03004099926329218,0.5448749998322455,INFO,adaptador.request,false,degradado,0.43441700108814985,9432.779463054,9432.779977888,9432.779433013,9432.779897471,CIRCUIT_OPEN,2026-09-05T00:05:35.978301Z
9b0ebc8a-b0c6-4dbc-92f6-5ac53e40e50b,run1_rep1,C,OPEN,OPEN,request,CACHE,HIT,0.03033400025742594,0.5135419996804558,INFO,adaptador.request,false,degradado,0.4171660002612043,9432.816248138,9432.816731346,9432.816217804,9432.816665304,CIRCUIT_OPEN,2026-09-05T00:05:36.015032Z
971cabde-fa85-415c-abd2-8924291d831a,run1_rep1,C,OPEN,OPEN,request,CACHE,HIT,0.053375000788946636,0.6990000001678709,INFO,adaptador.request,false,degradado,0.55837499894551,9432.887211138,9432.887856763,9432.887157763,9432.887769513,CIRCUIT_OPEN,2026-09-05T00:05:36.086177Z
2ee545ae-b774-4ef3-9d7d-34be999a8c63,run1_rep1,C,OPEN,OPEN,request,CACHE,HIT,0.034166998375440016,0.5626249985652976,INFO,adaptador.request,false,degradado,0.4583750014717225,9432.901999138,9432.902527596,9432.901964971,9432.902457513,CIRCUIT_OPEN,2026-09-05T00:05:36.100834Z
9cd0331a-25c3-4df6-8895-fcf860e620ef,run1_rep1,C,OPEN,OPEN,request,CACHE,HIT,0.03554099930624943,0.6997499986027833,INFO,adaptador.request,false,degradado,0.5910839990974637,9432.922865429,9432.923529638,9432.922829888,9432.923456513,CIRCUIT_OPEN,2026-09-05T00:05:36.121847Z
65cc4d30-9682-4b80-8654-6a2ec7a7f416,run1_rep1,C,OPEN,OPEN,request,CACHE,HIT,0.04508299934968818,0.7530830007453915,INFO,adaptador.request,false,degradado,0.6062920001568273,9432.966389471,9432.967097471,9432.966344388,9432.966995763,CIRCUIT_OPEN,2026-09-05T00:05:36.165409Z
39bb152a-8195-4f62-8d8e-ccc62f1c4193,run1_rep1,C,OPEN,OPEN,request,CACHE,HIT,0.03391700010979548,0.6126250009401701,INFO,adaptador.request,false,degradado,0.5033750003349269,9433.003766971,9433.004345679,9433.003733054,9433.004270346,CIRCUIT_OPEN,2026-09-05T00:05:36.202657Z
acfe3fb3-ac90-4bc4-a437-b7cbbe8bf70c,run1_rep1,C,OPEN,OPEN,request,CACHE,HIT,0.037166999391047284,1.0059169999294681,INFO,adaptador.request,false,degradado,0.9140000001934823,9433.054273013,9433.055241763,9433.054235846,9433.055187013,CIRCUIT_OPEN,2026-09-05T00:05:36.253569Z
6e622f2b-6af1-4108-b3f2-e11069d723db,run1_rep1,C,OPEN,OPEN,request,CACHE,HIT,0.038750000385334715,1.260417000594316,INFO,adaptador.request,false,degradado,1.1240419989917427,9433.053688554,9433.054910221,9433.053649804,9433.054812596,CIRCUIT_OPEN,2026-09-05T00:05:36.253908Z
06e3bdaf-c7b3-4fcc-ad6a-26c475b45b81,run1_rep1,C,OPEN,OPEN,request,CACHE,HIT,0.02787500125123188,0.5559580004046438,INFO,adaptador.request,false,degradado,0.46999999904073775,9433.059557221,9433.060085304,9433.059529346,9433.060027221,CIRCUIT_OPEN,2026-09-05T00:05:36.258398Z
a6a4cdb4-e092-4e23-a6b7-f67928377e6b,run1_rep1,C,OPEN,OPEN,request,CACHE,HIT,0.034166998375440016,0.5254579991742503,INFO,adaptador.request,false,degradado,0.43000000005122274,9433.093738388,9433.094229679,9433.093704221,9433.094168388,CIRCUIT_OPEN,2026-09-05T00:05:36.292534Z
67699f56-73bc-4538-a70d-ecf7bbfc3485,run1_rep1,C,OPEN,OPEN,request,CACHE,HIT,0.03220799953851383,0.5580830002145376,INFO,adaptador.request,false,degradado,0.4672920003940817,9433.144439471,9433.144965346,9433.144407263,9433.144906763,CIRCUIT_OPEN,2026-09-05T00:05:36.343282Z
d68b33e4-27cd-4b24-8714-9f44756e3f74,run1_rep1,C,OPEN,OPEN,request,CACHE,HIT,0.042458001189515926,0.6961660001252312,INFO,adaptador.request,false,degradado,0.5528749989025528,9433.217573513,9433.218227221,9433.217531055,9433.218126388,CIRCUIT_OPEN,2026-09-05T00:05:36.416555Z
df9d92bc-0ff1-46e4-864b-86d90995dc76,run1_rep1,C,OPEN,OPEN,request,CACHE,HIT,0.03204200038453564,0.548707999769249,INFO,adaptador.request,false,degradado,0.4394999996293336,9433.22636468,9433.226881346,9433.226332638,9433.22680418,CIRCUIT_OPEN,2026-09-05T00:05:36.425192Z
7217dbd5-84b3-41bd-9609-717c8c2a14ea,run1_rep1,C,OPEN,OPEN,request,CACHE,HIT,0.029666000045835972,0.6316250000963919,INFO,adaptador.request,false,degradado,0.5244589992798865,9433.230102346,9433.230704305,9433.23007268,9433.230626805,CIRCUIT_OPEN,2026-09-05T00:05:36.429023Z
6b1165c9-afc7-48e3-ad34-d10a3fe230cd,run1_rep1,C,OPEN,OPEN,request,CACHE,HIT,0.0458330014225794,0.724500001524575,INFO,adaptador.request,false,degradado,0.5887919996894198,9433.333518846,9433.334197513,9433.333473013,9433.334107638,CIRCUIT_OPEN,2026-09-05T00:05:36.532534Z
291cd1b8-fca2-4d19-91a1-db9dc751a4d8,run1_rep1,C,OPEN,OPEN,request,CACHE,HIT,0.03216699951735791,0.7038749990897486,INFO,adaptador.request,false,degradado,0.59829200108652,9433.339078763,9433.339750471,9433.339046596,9433.339677055,CIRCUIT_OPEN,2026-09-05T00:05:36.538069Z
7ec5ce32-22d3-4f63-924b-813d8afb7445,run1_rep1,C,OPEN,OPEN,request,CACHE,HIT,0.0345839998772135,0.7915839996712748,INFO,adaptador.request,false,degradado,0.6114999996498227,9433.373573555,9433.374330555,9433.373538971,9433.374185055,CIRCUIT_OPEN,2026-09-05T00:05:36.572703Z
3ad99d07-6dc1-4ea2-9c00-690c1706f008,run1_rep1,C,OPEN,OPEN,request,CACHE,HIT,0.04654199983633589,0.7645419991604285,INFO,adaptador.request,false,degradado,0.6338330003927695,9433.437646388,9433.438364388,9433.437599846,9433.438280221,CIRCUIT_OPEN,2026-09-05T00:05:36.636678Z
9fe0453b-dc37-4c7f-bb66-d567ca7856ac,run1_rep1,C,OPEN,OPEN,request,CACHE,HIT,0.042374998884042725,0.683707999996841,INFO,adaptador.request,false,degradado,0.562375000299653,9433.470726638,9433.471367971,9433.470684263,9433.471289013,CIRCUIT_OPEN,2026-09-05T00:05:36.669684Z
ceb694f6-3ffc-4097-bedd-a3cae532ead6,run1_rep1,C,OPEN,OPEN,request,CACHE,HIT,0.03524999920045957,1.0578749988781055,INFO,adaptador.request,false,degradado,0.9503330002189614,9433.489934013,9433.490956638,9433.489898763,9433.490884346,CIRCUIT_OPEN,2026-09-05T00:05:36.689559Z
98678bf1-ba0b-43b3-b649-caa66b1365f7,run1_rep1,C,OPEN,OPEN,request,CACHE,HIT,0.018374999854131602,0.8202080007322365,INFO,adaptador.request,false,degradado,0.7409160007227911,9433.49044043,9433.491242263,9433.490422055,9433.491181346,CIRCUIT_OPEN,2026-09-05T00:05:36.689816Z
534b449b-3573-4217-b9f6-7cee7cb47d4c,run1_rep1,C,OPEN,OPEN,request,CACHE,HIT,0.03454100078670308,0.6355829991662176,INFO,adaptador.request,false,degradado,0.5171249995328253,9433.544580596,9433.545181638,9433.544546055,9433.545097721,CIRCUIT_OPEN,2026-09-05T00:05:36.743507Z
87d61dda-57e2-476f-91c0-34483133eac0,run1_rep1,C,OPEN,OPEN,request,CACHE,HIT,0.03479200131550897,0.5383750012697419,INFO,adaptador.request,false,degradado,0.43408300007286016,9433.55928968,9433.559793263,9433.559254888,9433.559723763,CIRCUIT_OPEN,2026-09-05T00:05:36.758106Z
d47831b1-ea14-4627-b82b-33c4b2774111,run1_rep1,C,OPEN,OPEN,request,CACHE,HIT,0.0306249985442264,0.5070829993201187,INFO,adaptador.request,false,degradado,0.4143330006627366,9433.56820418,9433.568680638,9433.568173555,9433.568618513,CIRCUIT_OPEN,2026-09-05T00:05:36.766979Z
0b21675e-df74-424c-abf4-69332e76980d,run1_rep1,C,OPEN,OPEN,request,CACHE,HIT,0.04262500078766607,0.5969590001768665,INFO,adaptador.request,false,degradado,0.47412499952770304,9433.600233096,9433.60078743,9433.600190471,9433.600707221,CIRCUIT_OPEN,2026-09-05T00:05:36.799100Z
f7ecb972-3458-4ef8-8df5-6536267e0bd4,run1_rep1,C,OPEN,OPEN,request,CACHE,HIT,0.045124999815016054,0.7433749997289851,INFO,adaptador.request,false,degradado,0.6219999995664693,9433.62494543,9433.62564368,9433.624900305,9433.62556743,CIRCUIT_OPEN,2026-09-05T00:05:36.823952Z
05bd702c-4b89-41a2-916c-02f11b53eb1c,run1_rep1,C,OPEN,OPEN,request,CACHE,HIT,0.03429100070206914,0.6489580009656493,INFO,adaptador.request,false,degradado,0.5199999995966209,9433.697820096,9433.698434763,9433.697785805,9433.698340096,CIRCUIT_OPEN,2026-09-05T00:05:36.896784Z
c42eab4d-c628-4894-a011-81e3ebb3ee8b,run1_rep1,C,OPEN,OPEN,request,CACHE,HIT,0.025499999537714757,0.8337919989571674,INFO,adaptador.request,false,degradado,0.7415000000037253,9433.701987888,9433.70279618,9433.701962388,9433.702729388,CIRCUIT_OPEN,2026-09-05T00:05:36.901098Z
8f71bc5a-26c8-43f7-8765-ea29b25676db,run1_rep1,C,OPEN,OPEN,request,CACHE,HIT,0.04216600063955411,1.2202500001876615,INFO,adaptador.request,false,degradado,1.0896669991780072,9433.735284971,9433.736463055,9433.735242805,9433.736374638,CIRCUIT_OPEN,2026-09-05T00:05:36.935030Z
95c9a343-fe02-4a2b-a1c7-4cb7c0cf0074,run1_rep1,C,OPEN,OPEN,request,CACHE,HIT,0.020542000129353255,0.9957919992302777,INFO,adaptador.request,false,degradado,0.9207919993059477,9433.735750763,9433.736726013,9433.735730221,9433.736671555,CIRCUIT_OPEN,2026-09-05T00:05:36.935319Z
a03ad439-3a64-4d92-9b94-47b782210056,run1_rep1,C,OPEN,OPEN,request,CACHE,HIT,0.03587500032153912,0.6197920010890812,INFO,adaptador.request,false,degradado,0.5139170007169014,9433.757668846,9433.758252763,9433.757632971,9433.758182763,CIRCUIT_OPEN,2026-09-05T00:05:36.956550Z
8e319416-9969-43a6-89f5-68b5d7e09a02,run1_rep1,C,OPEN,OPEN,request,CACHE,HIT,0.03720799941220321,0.6199580002430594,INFO,adaptador.request,false,degradado,0.5177919993002433,9433.819534638,9433.820117388,9433.81949743,9433.82005243,CIRCUIT_OPEN,2026-09-05T00:05:37.018415Z
80c0aa99-f156-4cba-85e1-e90da7624e79,run1_rep1,C,OPEN,OPEN,request,CACHE,HIT,0.028750000637955964,0.6712079994031228,INFO,adaptador.request,false,degradado,0.510083000335726,9433.82111468,9433.821757138,9433.82108593,9433.821624763,CIRCUIT_OPEN,2026-09-05T00:05:37.020075Z
c37ba00a-795a-4a4d-a0bf-f43ae5560ad8,run1_rep1,C,OPEN,OPEN,request,CACHE,HIT,0.032084000849863514,0.6063750006433111,INFO,adaptador.request,false,degradado,0.504707999425591,9433.852335972,9433.852910263,9433.852303888,9433.85284068,CIRCUIT_OPEN,2026-09-05T00:05:37.051240Z
1f1519bc-f31c-4c5b-a61d-12be8ce23621,run1_rep1,C,OPEN,OPEN,request,CACHE,HIT,0.04820800131710712,0.7431660014844965,INFO,adaptador.request,false,degradado,0.5766670001321472,9433.91452143,9433.915216388,9433.914473222,9433.915098097,CIRCUIT_OPEN,2026-09-05T00:05:37.113528Z
7b868576-bcc8-459d-b07d-62de3880bbda,run1_rep1,C,OPEN,OPEN,request,CACHE,HIT,0.05708299977413844,1.5112499986571493,INFO,adaptador.request,false,degradado,1.3669999989360804,9433.96945068,9433.970904847,9433.969393597,9433.97081768,CIRCUIT_OPEN,2026-09-05T00:05:37.169457Z
1dd0a7c6-9be1-4893-a38b-ab72baf144a6,run1_rep1,C,OPEN,OPEN,request,CACHE,HIT,0.024124999981722794,1.0002920007536886,INFO,adaptador.request,false,degradado,0.9380419996887213,9433.970191555,9433.971167722,9433.97016743,9433.971129597,CIRCUIT_OPEN,2026-09-05T00:05:37.169738Z
0cb9dae6-1eb7-4f05-a79f-f3715856b900,run1_rep1,C,OPEN,OPEN,request,CACHE,HIT,0.03737499901035335,0.9537499990983633,INFO,adaptador.request,false,degradado,0.8396659995923983,9433.984206472,9433.985122847,9433.984169097,9433.985046138,CIRCUIT_OPEN,2026-09-05T00:05:37.183727Z
889fee7d-fe64-4d06-9b36-5d8e63ec2d83,run1_rep1,C,OPEN,OPEN,request,CACHE,HIT,0.013667000530404039,0.8374999997613486,INFO,adaptador.request,false,degradado,0.7694169999012956,9433.984590055,9433.985413888,9433.984576388,9433.985359472,CIRCUIT_OPEN,2026-09-05T00:05:37.184016Z
f3d4dcd7-81be-463e-b4c8-386a887b4aef,run1_rep1,C,OPEN,OPEN,request,CACHE,HIT,0.0228749995585531,0.4023749988846248,INFO,adaptador.request,false,degradado,0.3337500002089655,9433.996705222,9433.997084722,9433.996682347,9433.997038972,CIRCUIT_OPEN,2026-09-05T00:05:37.195364Z
bd843a2f-55e5-4539-a5c5-48b50670c8ff,run1_rep1,C,OPEN,OPEN,request,CACHE,HIT,0.013999999282532372,0.3738329996849643,INFO,adaptador.request,false,degradado,0.2990000011777738,9434.000850305,9434.001210138,9434.000836305,9434.001149305,CIRCUIT_OPEN,2026-09-05T00:05:37.199519Z
715fbd4c-72cf-4b8d-9331-3a9c43727dba,run1_rep1,C,OPEN,OPEN,request,CACHE,HIT,0.020249999579391442,0.3973339989897795,INFO,adaptador.request,false,degradado,0.34404200050630607,9434.053783013,9434.054160097,9434.053762763,9434.054127055,CIRCUIT_OPEN,2026-09-05T00:05:37.252413Z
ea39f94a-dcbf-496e-bbeb-921c43ebd653,run1_rep1,C,OPEN,OPEN,request,CACHE,HIT,0.038333000702550635,1.0650829990481725,INFO,adaptador.request,false,degradado,0.9358329989481717,9434.13138093,9434.13240768,9434.131342597,9434.132316763,CIRCUIT_OPEN,2026-09-05T00:05:37.330958Z
5ad6f87b-89e3-4b81-8ea9-95639215c689,run1_rep1,C,OPEN,OPEN,request,CACHE,HIT,0.01608300044608768,0.6986669995967532,INFO,adaptador.request,false,degradado,0.6407500004570466,9434.131981388,9434.132663972,9434.131965305,9434.132622138,CIRCUIT_OPEN,2026-09-05T00:05:37.331270Z
1a05ddc1-7b66-487c-ae36-8ea642fc4c4d,run1_rep1,C,OPEN,OPEN,request,CACHE,HIT,0.04050000097777229,0.7907500003057066,INFO,adaptador.request,false,degradado,0.6345829988276819,9434.162814097,9434.163564347,9434.162773597,9434.16344868,CIRCUIT_OPEN,2026-09-05T00:05:37.361922Z
0f2ffbc2-bcfb-42a9-a3fd-05b10f3f2d5c,run1_rep1,C,OPEN,OPEN,request,CACHE,HIT,0.037333998989197426,0.617416999375564,INFO,adaptador.request,false,degradado,0.46195799950510263,9434.166252972,9434.166833055,9434.166215638,9434.16671493,CIRCUIT_OPEN,2026-09-05T00:05:37.365147Z
d3597b02-1de6-439d-bcaa-1a29622ba869,run1_rep1,C,OPEN,OPEN,request,CACHE,HIT,0.030541999876732007,0.6087919991841773,INFO,adaptador.request,false,degradado,0.4990419984096661,9434.207966055,9434.208544305,9434.207935513,9434.208465097,CIRCUIT_OPEN,2026-09-05T00:05:37.406854Z
f9718537-4e13-4781-8fb8-af4e041854fc,run1_rep1,C,OPEN,OPEN,request,CACHE,HIT,0.02099999983329326,0.8674590008013183,INFO,adaptador.request,false,degradado,0.7833750005374895,9434.216780763,9434.217627222,9434.216759763,9434.217564138,CIRCUIT_OPEN,2026-09-05T00:05:37.415930Z
fac0b973-7b6f-44b5-9cfc-3edecbfd5d9f,run1_rep1,C,OPEN,OPEN,request,CACHE,HIT,0.016125000911415555,0.4425000006449409,INFO,adaptador.request,false,degradado,0.3655419986898778,9434.230688555,9434.23111493,9434.23067243,9434.231054097,CIRCUIT_OPEN,2026-09-05T00:05:37.429414Z
24cf6ca2-0041-46d1-a696-688c6e763cb1,run1_rep1,C,OPEN,OPEN,request,CACHE,HIT,0.015041001461213455,0.35475000004225876,INFO,adaptador.request,false,degradado,0.2855419988918584,9434.246113638,9434.246453347,9434.246098597,9434.24639918,CIRCUIT_OPEN,2026-09-05T00:05:37.444744Z
fe0eefcc-62e8-41a6-8601-8121f3f5be81,run1_rep1,C,OPEN,OPEN,request,CACHE,HIT,32.69220899892389,33.27504199842224,INFO,adaptador.request,false,degradado,0.43900000127905514,9434.326814597,9434.32739743,9434.294122388,9434.327253597,CIRCUIT_OPEN,2026-09-05T00:05:37.525710Z
aa42a2e5-7daa-4357-80c2-0494b0a03fc9,run1_rep1,C,OPEN,OPEN,request,CACHE,HIT,0.06158399992273189,1.0497090006538201,INFO,adaptador.request,false,degradado,0.8308750002470333,9434.403633097,9434.404621222,9434.403571513,9434.404463972,CIRCUIT_OPEN,2026-09-05T00:05:37.602964Z
2ea27550-2e03-4dda-a175-fd5f0500ef46,run1_rep1,C,OPEN,OPEN,request,CACHE,HIT,0.10083300003316253,0.8156670010066591,INFO,adaptador.request,false,degradado,0.6261670005187625,9434.416405888,9434.417120722,9434.416305055,9434.417032055,CIRCUIT_OPEN,2026-09-05T00:05:37.615445Z
70958f4d-80e1-48f4-a2ae-c9da05219bd5,run1_rep1,C,OPEN,OPEN,request,CACHE,HIT,0.02579200008767657,0.5442919991764938,INFO,adaptador.request,false,degradado,0.47095799891394563,9434.43982218,9434.44034068,9434.439796388,9434.440293138,CIRCUIT_OPEN,2026-09-05T00:05:37.638620Z
6a009323-8c92-49b2-8d9a-8fd2a1bf5d6e,run1_rep1,C,OPEN,OPEN,request,CACHE,HIT,0.013332999515114352,0.31187499916995876,INFO,adaptador.request,false,degradado,0.2500829996279208,9434.444578805,9434.444877347,9434.444565472,9434.444828888,CIRCUIT_OPEN,2026-09-05T00:05:37.643168Z
c4913360-dbe9-4ca7-8bf8-853785ad4026,run1_rep1,C,OPEN,OPEN,request,CACHE,HIT,0.01383299968438223,0.2913330008595949,INFO,adaptador.request,false,degradado,0.24412499988102354,9434.449783138,9434.450060638,9434.449769305,9434.450027263,CIRCUIT_OPEN,2026-09-05T00:05:37.648325Z
91e2783c-82cb-41ea-870b-24707b9b1e17,run1_rep1,C,OPEN,OPEN,request,CACHE,HIT,0.01874999907158781,0.3924169996025739,INFO,adaptador.request,false,degradado,0.32662500052538235,9434.55027993,9434.550653597,9434.55026118,9434.550606555,CIRCUIT_OPEN,2026-09-05T00:05:37.748932Z
3971a9e6-ac7b-4f98-a48a-0bf4fcc62c4a,run1_rep1,C,OPEN,OPEN,request,CACHE,HIT,0.016165999113582075,0.3959160003432771,INFO,adaptador.request,false,degradado,0.30070899993006606,9434.596680055,9434.597059805,9434.596663889,9434.596980764,CIRCUIT_OPEN,2026-09-05T00:05:37.795341Z
93ede974-0503-4519-a9ed-6c1bb421fe87,run1_rep1,C,OPEN,OPEN,request,CACHE,HIT,0.04637500023818575,0.7698749996052356,INFO,adaptador.request,false,degradado,0.6301659996097442,9434.665106639,9434.665830139,9434.665060264,9434.665736805,CIRCUIT_OPEN,2026-09-05T00:05:37.864157Z
9981dcf9-948a-4ca6-bfc7-8a6922563abb,run1_rep1,C,OPEN,OPEN,request,CACHE,HIT,0.04937499943480361,1.5024589993117843,INFO,adaptador.request,false,degradado,1.3478750006470364,9434.711133555,9434.712586639,9434.71108418,9434.71248143,CIRCUIT_OPEN,2026-09-05T00:05:37.910916Z
b2ebb2ce-41d6-412f-b8d7-c34fff06f9a8,run1_rep1,C,OPEN,OPEN,request,CACHE,HIT,0.025833000108832493,1.4703750002809102,INFO,adaptador.request,false,degradado,1.3912920003349427,9434.71171843,9434.713162972,9434.711692597,9434.713109722,CIRCUIT_OPEN,2026-09-05T00:05:37.911460Z
8a63532f-3d35-44a3-993d-88cf8f9cbb54,run1_rep1,C,OPEN,OPEN,request,CACHE,HIT,0.040875000195228495,0.66033300026902,INFO,adaptador.request,false,degradado,0.545083001270541,9434.776532097,9434.777151555,9434.776491222,9434.77707718,CIRCUIT_OPEN,2026-09-05T00:05:37.975455Z
e6b4fd01-7dbc-4b9b-82f9-0d5057f2242b,run1_rep1,C,OPEN,OPEN,request,CACHE,HIT,0.02808399949572049,0.5372920004447224,INFO,adaptador.request,false,degradado,0.44595800136448815,9434.788462264,9434.788971472,9434.78843418,9434.788908222,CIRCUIT_OPEN,2026-09-05T00:05:37.987308Z
f5d59edb-bcdb-415b-9b4c-efe34b4eef06,run1_rep1,C,OPEN,OPEN,request,CACHE,HIT,0.052833000154350884,0.8432499998889398,INFO,adaptador.request,false,degradado,0.6912080007168697,9434.853862847,9434.854653264,9434.853810014,9434.854554055,CIRCUIT_OPEN,2026-09-05T00:05:38.052967Z
744cff2c-a5d8-4544-8a1a-4550181f9470,run1_rep1,C,OPEN,OPEN,request,CACHE,HIT,0.0412499994126847,0.7285419997060671,INFO,adaptador.request,false,degradado,0.6205000008776551,9434.85927068,9434.859957972,9434.85922943,9434.85989118,CIRCUIT_OPEN,2026-09-05T00:05:38.058283Z
e507385d-4e96-4a46-aee4-38aca6e2ab42,run1_rep1,C,OPEN,OPEN,request,CACHE,HIT,0.029208998967078514,0.7688749992666999,INFO,adaptador.request,false,degradado,0.6783330009056954,9434.880976264,9434.88171593,9434.880947055,9434.881654597,CIRCUIT_OPEN,2026-09-05T00:05:38.080026Z
10d5dd0c-d172-4818-bedb-277799391792,run1_rep1,C,OPEN,OPEN,request,CACHE,HIT,0.01570899985381402,0.9025839990499662,INFO,adaptador.request,false,degradado,0.8474999995087273,9434.881578639,9434.882465514,9434.88156293,9434.882426139,CIRCUIT_OPEN,2026-09-05T00:05:38.080932Z
1825bdc5-e602-42ad-a36d-b44a81d05b81,run1_rep1,C,OPEN,OPEN,request,CACHE,HIT,0.050749998990795575,0.8264160005637677,INFO,adaptador.request,false,degradado,0.6769999999960419,9434.954627639,9434.955403305,9434.954576889,9434.955304639,CIRCUIT_OPEN,2026-09-05T00:05:38.153736Z
371a3596-c64c-4c0e-8b2a-4c145834b546,run1_rep1,C,OPEN,OPEN,request,CACHE,HIT,0.023750000764266588,0.5121250014781253,INFO,adaptador.request,false,degradado,0.42766600017785095,9434.956290639,9434.956779014,9434.956266889,9434.956718305,CIRCUIT_OPEN,2026-09-05T00:05:38.155078Z
0f102003-ea95-4122-87b1-582ac92ccda2,run1_rep1,C,OPEN,OPEN,request,CACHE,HIT,0.03841699981421698,0.599458000579034,INFO,adaptador.request,false,degradado,0.49466600103187375,9434.986317264,9434.986878305,9434.986278847,9434.98681193,CIRCUIT_OPEN,2026-09-05T00:05:38.185178Z
96bc52ce-312e-443a-ac54-22f4a285d8a2,run1_rep1,C,OPEN,OPEN,request,CACHE,HIT,0.034750000850181095,0.6013750007696217,INFO,adaptador.request,false,degradado,0.49783299982664175,9435.000307639,9435.000874264,9435.000272889,9435.000805472,CIRCUIT_OPEN,2026-09-05T00:05:38.199176Z
b42b7f23-99e0-4302-b1bc-23ea0eba6180,run1_rep1,C,OPEN,OPEN,request,CACHE,HIT,0.026124998839804903,0.8434999999735737,INFO,adaptador.request,false,degradado,0.7073750002746237,9435.005828139,9435.006645514,9435.005802014,9435.006535514,CIRCUIT_OPEN,2026-09-05T00:05:38.204956Z
fc5df6de-7200-4aac-b2a5-680fea765a5e,run1_rep1,C,OPEN,OPEN,request,CACHE,HIT,0.039958000343176536,0.6214999993972015,INFO,adaptador.request,false,degradado,0.5122499987919582,9435.039740972,9435.040322514,9435.039701014,9435.040253222,CIRCUIT_OPEN,2026-09-05T00:05:38.238624Z
9a615845-211d-4311-819c-5924a4b6bfe2,run1_rep1,C,OPEN,OPEN,request,CACHE,HIT,0.04374999844003469,1.1794169986387715,INFO,adaptador.request,false,degradado,1.0310000016033882,9435.12791543,9435.129051097,9435.12787168,9435.12894643,CIRCUIT_OPEN,2026-09-05T00:05:38.327642Z
10e17249-db35-47be-87e3-8d1cb7cbf11e,run1_rep1,C,OPEN,OPEN,request,CACHE,HIT,0.022583999452763237,0.9095419991353992,INFO,adaptador.request,false,degradado,0.8348329993168591,9435.128458514,9435.129345472,9435.12843593,9435.129293347,CIRCUIT_OPEN,2026-09-05T00:05:38.327899Z
e591dbf6-6175-4b9d-8547-8260e4c547da,run1_rep1,C,OPEN,OPEN,request,CACHE,HIT,0.03124999966530595,0.6029159994795918,INFO,adaptador.request,false,degradado,0.4922500011161901,9435.135731514,9435.13630318,9435.135700264,9435.136223764,CIRCUIT_OPEN,2026-09-05T00:05:38.334620Z
fbf8c8db-56d3-48c3-9d47-a7c218d7ab68,run1_rep1,C,OPEN,OPEN,request,CACHE,HIT,0.0507079985254677,0.767249999626074,INFO,adaptador.request,false,degradado,0.6111670008976944,9435.249646014,9435.250362556,9435.249595306,9435.250257181,CIRCUIT_OPEN,2026-09-05T00:05:38.448681Z
ccd46008-d9b1-49ed-9d78-a4d931be94e5,run1_rep1,C,OPEN,OPEN,request,CACHE,HIT,0.037042000258225016,0.6577089989150409,INFO,adaptador.request,false,degradado,0.5507919995579869,9435.290918639,9435.291539306,9435.290881597,9435.291469431,CIRCUIT_OPEN,2026-09-05T00:05:38.489852Z
cade18e7-a5f7-4308-ab20-7cece2f75c70,run1_rep1,C,OPEN,OPEN,request,CACHE,HIT,0.04812499901163392,0.6611249991692603,INFO,adaptador.request,false,degradado,0.5290000008244533,9435.332819222,9435.333432222,9435.332771097,9435.333348222,CIRCUIT_OPEN,2026-09-05T00:05:38.531738Z
4b0be424-79e3-4c77-ab18-1150dab43cbc,run1_rep1,C,OPEN,OPEN,request,CACHE,HIT,0.031042000045999885,0.974750000750646,INFO,adaptador.request,false,degradado,0.8735420015000273,9435.357839014,9435.358782722,9435.357807972,9435.358712556,CIRCUIT_OPEN,2026-09-05T00:05:38.557102Z
87a6e61e-f465-43fb-a38e-f3b883153fa7,run1_rep1,C,OPEN,OPEN,request,CACHE,HIT,0.02166699960071128,1.2137499998061685,INFO,adaptador.request,false,degradado,1.1212919998797588,9435.358299389,9435.359491472,9435.358277722,9435.359420681,CIRCUIT_OPEN,2026-09-05T00:05:38.558037Z
ca5968cf-a966-495f-b265-f3ae4408d8b2,run1_rep1,C,OPEN,OPEN,request,CACHE,HIT,0.036499999623629265,0.6605830003536539,INFO,adaptador.request,false,degradado,0.5518750003830064,9435.367698806,9435.368322889,9435.367662306,9435.368250681,CIRCUIT_OPEN,2026-09-05T00:05:38.566641Z
9366c34b-f042-47f2-8bee-f411a779b39d,run1_rep1,C,OPEN,OPEN,request,CACHE,HIT,0.020874998881481588,0.42491699969104957,INFO,adaptador.request,false,degradado,0.3462090007815277,9435.376217222,9435.376621264,9435.376196347,9435.376563431,CIRCUIT_OPEN,2026-09-05T00:05:38.574929Z
533e496f-18ab-4985-a9bd-0f23d454ac63,run1_rep1,C,OPEN,OPEN,request,CACHE,HIT,0.016250000044237822,0.3701250006997725,INFO,adaptador.request,false,degradado,0.30345800041686743,9435.383887556,9435.384241431,9435.383871306,9435.384191014,CIRCUIT_OPEN,2026-09-05T00:05:38.582530Z
d932ef26-71d4-43c3-b9ba-36c1b5d84890,run1_rep1,C,OPEN,OPEN,request,CACHE,HIT,0.02954199953819625,0.3265830000600545,INFO,adaptador.request,false,degradado,0.2615410012367647,9435.392025431,9435.392322472,9435.391995889,9435.392286972,CIRCUIT_OPEN,2026-09-05T00:05:38.590594Z
90ce8a5d-79b4-422d-96f5-85d212f44ed0,run1_rep1,C,OPEN,OPEN,request,CACHE,HIT,0.04824999996344559,1.1969589995715069,INFO,adaptador.request,false,degradado,1.0595000003377208,9435.550518722,9435.551667431,9435.550470472,9435.551578222,CIRCUIT_OPEN,2026-09-05T00:05:38.750300Z
a7ed208d-3bcc-4593-bb19-68ce2e7ebdd4,run1_rep1,C,OPEN,OPEN,request,CACHE,HIT,0.01445800080546178,1.0514170007809298,INFO,adaptador.request,false,degradado,0.9747919993969845,9435.550914597,9435.551951556,9435.550900139,9435.551889389,CIRCUIT_OPEN,2026-09-05T00:05:38.750562Z
3d553cf5-ac31-4a7b-a1b7-cfb2a910924c,run1_rep1,C,OPEN,OPEN,request,CACHE,HIT,0.03987499985669274,0.6301249995885883,INFO,adaptador.request,false,degradado,0.5173330009711208,9435.582282681,9435.582872931,9435.582242806,9435.582800014,CIRCUIT_OPEN,2026-09-05T00:05:38.781182Z
cf300b83-53d5-4e0c-840e-eead17f3aebf,run1_rep1,C,OPEN,OPEN,request,CACHE,HIT,0.05012499968870543,0.7601669985888293,INFO,adaptador.request,false,degradado,0.5982919992675306,9435.630353389,9435.631063431,9435.630303264,9435.630951681,CIRCUIT_OPEN,2026-09-05T00:05:38.829397Z
c187f7e5-4fc2-4a7d-a992-08de8db63dc0,run1_rep1,C,OPEN,OPEN,request,CACHE,HIT,0.06333400051516946,0.713084000381059,INFO,adaptador.request,false,degradado,0.5659580001520226,9435.678044806,9435.678694556,9435.677981472,9435.678610764,CIRCUIT_OPEN,2026-09-05T00:05:38.877015Z
36396a53-1115-42ab-980e-9b25bf7683a8,run1_rep1,C,OPEN,OPEN,request,CACHE,HIT,0.032500000088475645,0.8548750010959338,INFO,adaptador.request,false,degradado,0.7567080010630889,9435.724090806,9435.724913181,9435.724058306,9435.724847514,CIRCUIT_OPEN,2026-09-05T00:05:38.923215Z
1f8fc96d-dfe2-44bd-8149-5c88118968fa,run1_rep1,C,OPEN,OPEN,request,CACHE,HIT,0.01870900086942129,0.9906249997584382,INFO,adaptador.request,false,degradado,0.9201249995385297,9435.724510431,9435.725482347,9435.724491722,9435.725430556,CIRCUIT_OPEN,2026-09-05T00:05:38.923941Z
760c071e-dacf-40a4-96d4-d497158f7c2e,run1_rep1,C,OPEN,OPEN,request,CACHE,HIT,0.02979099917865824,0.5624159985018196,INFO,adaptador.request,false,degradado,0.4706250001618173,9435.755973472,9435.756506097,9435.755943681,9435.756444097,CIRCUIT_OPEN,2026-09-05T00:05:38.954807Z
4b888381-75bc-4c2b-841f-d2c2bb162662,run1_rep1,C,OPEN,OPEN,request,CACHE,HIT,0.04949999856762588,1.1819169994851109,INFO,adaptador.request,false,degradado,1.0500830012460938,9435.841712389,9435.842844806,9435.841662889,9435.842762472,CIRCUIT_OPEN,2026-09-05T00:05:39.041355Z
03195987-f208-4a11-85ee-bb175e62440e,run1_rep1,C,OPEN,OPEN,request,CACHE,HIT,0.018000000636675395,0.8937910006352467,INFO,adaptador.request,false,degradado,0.8414579988311743,9435.842192681,9435.843068472,9435.842174681,9435.843034139,CIRCUIT_OPEN,2026-09-05T00:05:39.041640Z
dda9ea07-b032-4e97-a666-5e8bc0919281,run1_rep1,C,OPEN,OPEN,request,CACHE,HIT,0.026084000637638383,0.5333749995770631,INFO,adaptador.request,false,degradado,0.4375829994387459,9435.851458306,9435.851965597,9435.851432222,9435.851895889,CIRCUIT_OPEN,2026-09-05T00:05:39.050279Z
ba137576-e8c6-4fe7-9480-6cd71b8a2a65,run1_rep1,C,OPEN,OPEN,request,CACHE,HIT,0.04499999886320438,0.7817499990778742,INFO,adaptador.request,false,degradado,0.6407910004782025,9435.935501723,9435.936238473,9435.935456723,9435.936142514,CIRCUIT_OPEN,2026-09-05T00:05:39.134569Z
f3c19ea2-cc37-4da4-b723-6747e27e95b6,run1_rep1,C,OPEN,OPEN,request,CACHE,HIT,0.049250000301981345,0.7771250002406305,INFO,adaptador.request,false,degradado,0.6347919988911599,9435.974616764,9435.975344639,9435.974567514,9435.975251556,CIRCUIT_OPEN,2026-09-05T00:05:39.173654Z
96e092ac-7045-4d3f-b84b-7d9249731a47,run1_rep1,C,OPEN,OPEN,request,CACHE,HIT,0.031834000765229575,0.6736670002283063,INFO,adaptador.request,false,degradado,0.5652499985444592,9435.980326348,9435.980968181,9435.980294514,9435.980891598,CIRCUIT_OPEN,2026-09-05T00:05:39.179329Z
e7e93586-bec7-4942-b19d-25667b79ee02,run1_rep1,C,OPEN,OPEN,request,CACHE,HIT,0.035000000934815034,1.2724170010187663,INFO,adaptador.request,false,degradado,1.1340830005792668,9436.017972681,9436.019210098,9436.017937681,9436.019106764,CIRCUIT_OPEN,2026-09-05T00:05:39.217541Z
fbee7510-d127-4bde-aace-3b4905adf5e3,run1_rep1,C,OPEN,OPEN,request,CACHE,HIT,0.019208000594517216,1.567458000863553,INFO,adaptador.request,false,degradado,1.489124999352498,9436.018412014,9436.019960264,9436.018392806,9436.019901139,CIRCUIT_OPEN,2026-09-05T00:05:39.218542Z
a9dedeed-6a86-4aa5-a10a-3fd9698aca16,run1_rep1,C,OPEN,OPEN,request,CACHE,HIT,0.04183300006843638,0.9734579998621484,INFO,adaptador.request,false,degradado,0.8507499987899791,9436.077396139,9436.078327764,9436.077354306,9436.078246889,CIRCUIT_OPEN,2026-09-05T00:05:39.276904Z
64fdada8-79a4-406f-bedb-423eedede1b9,run1_rep1,C,OPEN,OPEN,request,CACHE,HIT,0.01383299968438223,0.8171249992301455,INFO,adaptador.request,false,degradado,0.7590830009576166,9436.077798306,9436.078601598,9436.077784473,9436.078557389,CIRCUIT_OPEN,2026-09-05T00:05:39.277256Z
3eb4f180-8588-494e-a33f-9e62beb3aa69,run1_rep1,C,OPEN,OPEN,request,CACHE,HIT,0.03354199907334987,0.5595419988821959,INFO,adaptador.request,false,degradado,0.45612500071001705,9436.105203848,9436.105729848,9436.105170306,9436.105659973,CIRCUIT_OPEN,2026-09-05T00:05:39.304043Z
737b66a3-ebf6-4547-a1b7-bdb8653dd1e5,run1_rep1,C,OPEN,OPEN,request,CACHE,HIT,0.05720799890696071,2.4236249992100056,INFO,adaptador.request,false,degradado,2.278416999615729,9436.225542306,9436.227908723,9436.225485098,9436.227820723,CIRCUIT_OPEN,2026-09-05T00:05:39.426791Z
2caef7fe-33f7-4921-b73f-93b96e07fd55,run1_rep1,C,OPEN,OPEN,request,CACHE,HIT,0.030499999411404133,1.8738750004558824,INFO,adaptador.request,false,degradado,1.7787079996196553,9436.226613473,9436.228456848,9436.226582973,9436.228392181,CIRCUIT_OPEN,2026-09-05T00:05:39.427419Z
c416b04e-44a2-4b6c-99b6-1866b66d6b93,run1_rep1,C,OPEN,OPEN,request,CACHE,HIT,0.03899999865097925,1.8547499985288596,INFO,adaptador.request,false,degradado,1.7647500008024508,9436.227299723,9436.229115473,9436.227260723,9436.229064473,CIRCUIT_OPEN,2026-09-05T00:05:39.427842Z
a17ee59c-3c19-480d-b14a-e8724422a396,run1_rep1,C,OPEN,OPEN,request,CACHE,HIT,0.04520799848251045,0.9447079992241925,INFO,adaptador.request,false,degradado,0.810792000265792,9436.266465681,9436.267365181,9436.266420473,9436.267276473,CIRCUIT_OPEN,2026-09-05T00:05:39.465688Z
aaa74272-21d2-43da-ae50-e5f14c9bbf5d,run1_rep1,C,OPEN,OPEN,request,CACHE,HIT,0.02012499862757977,1.1479999993753154,INFO,adaptador.request,false,degradado,1.0017500007961644,9436.267213848,9436.268341723,9436.267193723,9436.268215598,CIRCUIT_OPEN,2026-09-05T00:05:39.466962Z
6ac8a8e7-9493-44f9-957b-4992c57380e1,run1_rep1,C,OPEN,OPEN,request,CACHE,HIT,0.04170900137978606,0.6748340001649922,INFO,adaptador.request,false,degradado,0.555208000150742,9436.304273723,9436.304906848,9436.304232014,9436.304828931,CIRCUIT_OPEN,2026-09-05T00:05:39.503250Z
6b7ee07b-f941-4e8f-87f6-58090ad17299,run1_rep1,C,OPEN,OPEN,request,CACHE,HIT,0.05079199945612345,1.0006669999711448,INFO,adaptador.request,false,degradado,0.803625000116881,9436.380906348,9436.381856223,9436.380855556,9436.381709973,CIRCUIT_OPEN,2026-09-05T00:05:39.580190Z
ba001b74-fb5d-45dc-bf70-e9e56216b7fa,run1_rep1,C,OPEN,OPEN,request,CACHE,HIT,0.04091700066055637,0.606834000791423,INFO,adaptador.request,false,degradado,0.4841249992750818,9436.384419181,9436.384985098,9436.384378264,9436.384903306,CIRCUIT_OPEN,2026-09-05T00:05:39.583312Z
db6fddd9-21f4-4d22-862a-6384c451278d,run1_rep1,C,OPEN,OPEN,request,CACHE,HIT,0.02870800017262809,0.6105829997977708,INFO,adaptador.request,false,degradado,0.5130000008648494,9436.388765639,9436.389347514,9436.388736931,9436.389278639,CIRCUIT_OPEN,2026-09-05T00:05:39.587667Z
65f03647-2578-405c-ad6c-30995cdfddb9,run1_rep1,C,OPEN,OPEN,request,CACHE,HIT,0.06725000093865674,0.749708000512328,INFO,adaptador.request,false,degradado,0.592708000112907,9436.466064431,9436.466746889,9436.465997181,9436.466657139,CIRCUIT_OPEN,2026-09-05T00:05:39.665046Z
7f75b171-3ddb-49be-b974-9b4f7a9c6bc9,run1_rep1,C,OPEN,OPEN,request,CACHE,HIT,0.045000000682193786,0.7533330008300254,INFO,adaptador.request,false,degradado,0.6197500006237533,9436.538910681,9436.539619014,9436.538865681,9436.539530431,CIRCUIT_OPEN,2026-09-05T00:05:39.737939Z
276b7731-7780-4d54-b092-26500584b9e6,run1_rep1,C,OPEN,OPEN,request,CACHE,HIT,0.03575000118871685,0.5962499999441206,INFO,adaptador.request,false,degradado,0.47979199916881043,9436.545480639,9436.546041139,9436.545444889,9436.545960431,CIRCUIT_OPEN,2026-09-05T00:05:39.744368Z
27ed5d5c-f4d3-4702-ac9a-4c104f13985b,run1_rep1,C,OPEN,OPEN,request,CACHE,HIT,0.020041999960085377,0.47358400115626864,INFO,adaptador.request,false,degradado,0.396167000872083,9436.546792431,9436.547245973,9436.546772389,9436.547188598,CIRCUIT_OPEN,2026-09-05T00:05:39.745539Z
5599147d-dbb0-4cd1-9b11-212b532117f2,run1_rep1,C,OPEN,OPEN,request,CACHE,HIT,0.02829100048984401,0.5161660010344349,INFO,adaptador.request,false,degradado,0.43345899939595256,9436.551094389,9436.551582264,9436.551066098,9436.551527848,CIRCUIT_OPEN,2026-09-05T00:05:39.749872Z
45ae4e30-1abb-4e5b-ae39-80e34988c2ca,run1_rep1,C,OPEN,OPEN,request,CACHE,HIT,0.04329200055508409,0.7470420005120104,INFO,adaptador.request,false,degradado,0.6185410002217395,9436.67921989,9436.67992364,9436.679176598,9436.679838431,CIRCUIT_OPEN,2026-09-05T00:05:39.878248Z
11ff4459-7f2c-4744-b5f7-170c47d0c7ab,run1_rep1,C,OPEN,OPEN,request,CACHE,HIT,0.057375000324100256,0.6425000010494841,INFO,adaptador.request,false,degradado,0.5131249999976717,9436.695022348,9436.695607473,9436.694964973,9436.695535473,CIRCUIT_OPEN,2026-09-05T00:05:39.893914Z
14fa9f41-c5ab-450a-abf3-60bfd6d4c1c4,run1_rep1,C,OPEN,OPEN,request,CACHE,HIT,0.0313340005959617,0.48962500113702845,INFO,adaptador.request,false,degradado,0.40470800013281405,9436.697072265,9436.697530556,9436.697040931,9436.697476973,CIRCUIT_OPEN,2026-09-05T00:05:39.895829Z
320a53e0-9d2b-47ec-a775-fdc37cb28159,run1_rep1,C,OPEN,OPEN,request,CACHE,HIT,0.046208999265218154,0.6603749989153584,INFO,adaptador.request,false,degradado,0.5364999997254927,9436.710036515,9436.710650681,9436.709990306,9436.710573015,CIRCUIT_OPEN,2026-09-05T00:05:39.908973Z
66821017-2ad4-4214-8965-cbe964b1dbe5,run1_rep1,C,OPEN,OPEN,request,CACHE,HIT,0.024708999262657017,4.833958999370225,INFO,adaptador.request,false,degradado,4.7509579999314155,9436.74691839,9436.75172764,9436.746893681,9436.751669348,CIRCUIT_OPEN,2026-09-05T00:05:39.950054Z
56d0c5a1-4483-4722-8510-da8560493e9d,run1_rep1,C,OPEN,OPEN,request,CACHE,HIT,0.02491699888196308,0.8815420005703345,INFO,adaptador.request,false,degradado,0.7860000005166512,9436.751521223,9436.752377848,9436.751496306,9436.752307223,CIRCUIT_OPEN,2026-09-05T00:05:39.950833Z
c11c3a66-c6ee-4118-b63b-5e2c1c8275cd,run1_rep1,C,OPEN,OPEN,request,CACHE,HIT,0.02804100040521007,0.5904999998165295,INFO,adaptador.request,false,degradado,0.4945839991705725,9436.806987181,9436.80754964,9436.80695914,9436.807481765,CIRCUIT_OPEN,2026-09-05T00:05:40.005863Z
1e5cd6e6-72a3-412b-b474-8f20c0319d35,run1_rep1,C,OPEN,OPEN,request,CACHE,HIT,0.02058300015050918,0.422499999331194,INFO,adaptador.request,false,degradado,0.3504169999359874,9436.834463556,9436.834865473,9436.834442973,9436.834813973,CIRCUIT_OPEN,2026-09-05T00:05:40.033159Z
8ab4ad61-5525-4372-b058-d411e4a5e0da,run1_rep1,C,OPEN,OPEN,request,CACHE,HIT,0.02137500086973887,0.39649999962421134,INFO,adaptador.request,false,degradado,0.3277079995314125,9436.849303765,9436.84967889,9436.84928239,9436.849631473,CIRCUIT_OPEN,2026-09-05T00:05:40.047959Z
b35496ca-9557-4bae-8199-bb74e43065f7,run1_rep1,C,OPEN,OPEN,request,CACHE,HIT,0.044624999645748176,0.7187089995568385,INFO,adaptador.request,false,degradado,0.6045840000297176,9436.877701431,9436.878375515,9436.877656806,9436.878306015,CIRCUIT_OPEN,2026-09-05T00:05:40.076679Z
2b8eddb0-bc7d-496c-955c-71ecf4e5723e,run1_rep1,C,OPEN,OPEN,request,CACHE,HIT,0.04166699909546878,0.618791998931556,INFO,adaptador.request,false,degradado,0.5105830005049938,9436.90863264,9436.909209765,9436.908590973,9436.909143223,CIRCUIT_OPEN,2026-09-05T00:05:40.107526Z
3c089339-1257-440f-ac0b-5f5b8fb221d6,run1_rep1,C,OPEN,OPEN,request,CACHE,HIT,0.07191599979705643,0.9207080001942813,INFO,adaptador.request,false,degradado,0.7392499992420198,9436.927392431,9436.928241223,9436.927320515,9436.928131681,CIRCUIT_OPEN,2026-09-05T00:05:40.126544Z
00a9c1c2-8bcd-48fa-b686-4f2465d6afac,run1_rep1,C,OPEN,OPEN,request,CACHE,HIT,0.07883299986133352,1.2287919998925645,INFO,adaptador.request,false,degradado,1.0595000003377208,9437.017195556,9437.018345515,9437.017116723,9437.018255056,CIRCUIT_OPEN,2026-09-05T00:05:40.216928Z
a91cb41d-8134-455d-87bf-fa9cd9d44718,run1_rep1,C,OPEN,OPEN,request,CACHE,HIT,0.02058400059468113,0.9242920004908228,INFO,adaptador.request,false,degradado,0.8455829993181396,9437.01771089,9437.018614598,9437.017690306,9437.018556473,CIRCUIT_OPEN,2026-09-05T00:05:40.217267Z
87c2fb16-379e-47b6-8521-7c26e6b16b6e,run1_rep1,C,OPEN,OPEN,request,CACHE,HIT,0.03087499862886034,0.5742079993069638,INFO,adaptador.request,false,degradado,0.4724160007754108,9437.06536664,9437.065909973,9437.065335765,9437.065839056,CIRCUIT_OPEN,2026-09-05T00:05:40.264245Z
e9ea7640-c0bc-4868-9975-7cb4e121cac4,run1_rep1,C,OPEN,OPEN,request,CACHE,HIT,0.04070799877808895,0.678332999086706,INFO,adaptador.request,false,degradado,0.5594590002147015,9437.100163181,9437.100800806,9437.100122473,9437.10072264,CIRCUIT_OPEN,2026-09-05T00:05:40.299115Z
0a80430f-9b16-4121-9e8d-941fad6601c1,run1_rep1,C,OPEN,OPEN,request,CACHE,HIT,0.05270799920253921,0.6334160007099854,INFO,adaptador.request,false,degradado,0.5200420000619488,9437.158204348,9437.158785056,9437.15815164,9437.15872439,CIRCUIT_OPEN,2026-09-05T00:05:40.357076Z
ee0c613c-ef20-4248-832e-d8c7a84f0947,run1_rep1,C,OPEN,OPEN,request,CACHE,HIT,0.03291600114607718,0.5158330004633171,INFO,adaptador.request,false,degradado,0.43199999890930485,9437.165358681,9437.165841598,9437.165325765,9437.165790681,CIRCUIT_OPEN,2026-09-05T00:05:40.364125Z
11cd24a6-0447-40b9-997f-bd84cc4244d6,run1_rep1,C,OPEN,OPEN,request,CACHE,HIT,0.03766699956031516,0.6060830000933493,INFO,adaptador.request,false,degradado,0.4874580008618068,9437.200153015,9437.200721431,9437.200115348,9437.200640473,CIRCUIT_OPEN,2026-09-05T00:05:40.399042Z
8f6aeea9-19b2-4ef5-835a-7ed6dc4e2187,run1_rep1,C,OPEN,OPEN,request,CACHE,HIT,0.040208000427810475,0.6958329995541135,INFO,adaptador.request,false,degradado,0.5812079998577246,9437.262871098,9437.263526723,9437.26283089,9437.263452306,CIRCUIT_OPEN,2026-09-05T00:05:40.461830Z
22f6e681-7af7-453c-b2d2-d49182e36333,run1_rep1,C,OPEN,OPEN,request,CACHE,HIT,0.038333000702550635,0.5995000010443619,INFO,adaptador.request,false,degradado,0.5000829987693578,9437.282108723,9437.28266989,9437.28207039,9437.282608806,CIRCUIT_OPEN,2026-09-05T00:05:40.480971Z
dbc7d4b8-7d72-45bf-bfac-82f7f6e8f390,run1_rep1,C,OPEN,OPEN,request,CACHE,HIT,0.07204199937405065,0.8072919990809169,INFO,adaptador.request,false,degradado,0.6444169994210824,9437.350032015,9437.350767265,9437.349959973,9437.350676432,CIRCUIT_OPEN,2026-09-05T00:05:40.549095Z
06e05ca0-ce81-4155-b25c-c9b7641f8a5d,run1_rep1,C,OPEN,OPEN,request,CACHE,HIT,0.0289999989036005,1.2751670001307502,INFO,adaptador.request,false,degradado,1.1790000007749768,9437.385245098,9437.386491265,9437.385216098,9437.386424098,CIRCUIT_OPEN,2026-09-05T00:05:40.585238Z
da59bf0f-a257-4e01-9658-6d0377d88edc,run1_rep1,C,OPEN,OPEN,request,CACHE,HIT,0.018417000319459476,0.9417919991392409,INFO,adaptador.request,false,degradado,0.8574999992561061,9437.385964265,9437.38688764,9437.385945848,9437.386821765,CIRCUIT_OPEN,2026-09-05T00:05:40.585728Z
af8d4e19-beed-47e0-9c10-73ca75158e8f,run1_rep1,C,OPEN,OPEN,request,CACHE,HIT,0.013374999980442226,1.8262910016346723,INFO,adaptador.request,false,degradado,1.764250000633183,9437.385615557,9437.387428473,9437.385602182,9437.387379807,CIRCUIT_OPEN,2026-09-05T00:05:40.586054Z
8c52870f-12c4-446a-ba4f-2a7e0d25ec63,run1_rep1,C,OPEN,OPEN,request,CACHE,HIT,0.01845900078478735,0.5350419996830169,INFO,adaptador.request,false,degradado,0.45695799963141326,9437.389606807,9437.39012339,9437.389588348,9437.390063765,CIRCUIT_OPEN,2026-09-05T00:05:40.588419Z
d156fab7-475f-4d2f-89f0-416b5ea28164,run1_rep1,C,OPEN,OPEN,request,CACHE,HIT,0.04704200000560377,0.6980000016483245,INFO,adaptador.request,false,degradado,0.5933750016993145,9437.495259057,9437.495910015,9437.495212015,9437.495852432,CIRCUIT_OPEN,2026-09-05T00:05:40.694203Z
a519aabd-2fb4-42b3-a101-92c991cd5e03,run1_rep1,C,OPEN,OPEN,request,CACHE,HIT,0.041417000829824246,0.69245799932105,INFO,adaptador.request,false,degradado,0.5672079987562029,9437.534779932,9437.535430973,9437.534738515,9437.53534714,CIRCUIT_OPEN,2026-09-05T00:05:40.733743Z
66712ffe-916e-43bd-a198-835482498b45,run1_rep1,C,OPEN,OPEN,request,CACHE,HIT,0.03733400080818683,0.7907500003057066,INFO,adaptador.request,false,degradado,0.667958000121871,9437.564823807,9437.565577223,9437.564786473,9437.565491765,CIRCUIT_OPEN,2026-09-05T00:05:40.763897Z
ac7b71f0-080f-4435-8e95-85a5d9da3537,run1_rep1,C,OPEN,OPEN,request,CACHE,HIT,0.03533299968694337,0.6554999999934807,INFO,adaptador.request,false,degradado,0.5505420012923423,9437.602632265,9437.603252432,9437.602596932,9437.603182807,CIRCUIT_OPEN,2026-09-05T00:05:40.801562Z
373741bc-f147-47a8-b759-bff0d49d9db2,run1_rep1,C,OPEN,OPEN,request,CACHE,HIT,0.048040999899967574,1.0135409993381472,INFO,adaptador.request,false,degradado,0.8809999999357387,9437.650758473,9437.651723973,9437.650710432,9437.651639473,CIRCUIT_OPEN,2026-09-05T00:05:40.850043Z
7bffdf31-3269-4420-be99-c9619db40f18,run1_rep1,C,OPEN,OPEN,request,CACHE,HIT,0.023332999262493104,0.8768749994487735,INFO,adaptador.request,false,degradado,0.8041670007514767,9437.65153614,9437.652389682,9437.651512807,9437.652340307,CIRCUIT_OPEN,2026-09-05T00:05:40.850679Z
4cc50f7d-c1b1-42a9-925c-43d4b0ccc58d,run1_rep1,C,OPEN,OPEN,request,CACHE,HIT,0.029000000722589903,0.5618329996650573,INFO,adaptador.request,false,degradado,0.45854199925088324,9437.65924864,9437.659781473,9437.65921964,9437.659707182,CIRCUIT_OPEN,2026-09-05T00:05:40.858100Z
edd4fd45-dadb-4ef3-8ffa-b717338631bc,run1_rep1,C,OPEN,OPEN,request,CACHE,HIT,0.04283299858798273,0.7230409992189379,INFO,adaptador.request,false,degradado,0.6065830002626171,9437.75063164,9437.751311848,9437.750588807,9437.751238223,CIRCUIT_OPEN,2026-09-05T00:05:40.949617Z
39b739e4-a2bb-4cd1-9097-0f0a12d398ab,run1_rep1,C,OPEN,OPEN,request,CACHE,HIT,0.030666000384371728,0.565332999030943,INFO,adaptador.request,false,degradado,0.4754169985972112,9437.763048598,9437.763583265,9437.763017932,9437.763524015,CIRCUIT_OPEN,2026-09-05T00:05:40.961885Z
56ad42fc-7057-443f-84a4-2a9fe86963c7,run1_rep1,C,OPEN,OPEN,request,CACHE,HIT,0.03270799970778171,0.624415999482153,INFO,adaptador.request,false,degradado,0.5264169994916301,9437.824999515,9437.825591223,9437.824966807,9437.825525932,CIRCUIT_OPEN,2026-09-05T00:05:41.023894Z
8331e733-ff0d-4204-a396-d2453779cbec,run1_rep1,C,OPEN,OPEN,request,CACHE,HIT,0.02937499994004611,0.4868750002060551,INFO,adaptador.request,false,degradado,0.39066700082912575,9437.83620439,9437.83666189,9437.836175015,9437.836595057,CIRCUIT_OPEN,2026-09-05T00:05:41.034960Z
b4e7e3f7-3c27-447b-9b08-499cb7d31180,run1_rep1,C,OPEN,OPEN,request,CACHE,HIT,0.04483299926505424,0.7104999986040639,INFO,adaptador.request,false,degradado,0.5903330002183793,9437.855980765,9437.856646432,9437.855935932,9437.856571098,CIRCUIT_OPEN,2026-09-05T00:05:41.054948Z
7189ded2-bdae-4f72-a373-2d619daea917,run1_rep1,C,OPEN,OPEN,request,CACHE,HIT,0.02870800017262809,0.4797080000571441,INFO,adaptador.request,false,degradado,0.39470899901061784,9437.864277598,9437.864728598,9437.86424889,9437.864672307,CIRCUIT_OPEN,2026-09-05T00:05:41.063011Z
21e47e33-1c95-4a47-a9ba-df85b01d0652,run1_rep1,C,OPEN,OPEN,request,CACHE,HIT,0.031874998967396095,0.5685420001100283,INFO,adaptador.request,false,degradado,0.47525000081805047,9437.878891223,9437.87942789,9437.878859348,9437.879366473,CIRCUIT_OPEN,2026-09-05T00:05:41.077716Z
a0a7fe04-bfd1-4911-be79-b593a78239e7,run1_rep1,C,OPEN,OPEN,request,CACHE,HIT,0.03429199932725169,1.0210419986833585,INFO,adaptador.request,false,degradado,0.9149580000666901,9437.92911664,9437.93010339,9437.929082348,9437.930031598,CIRCUIT_OPEN,2026-09-05T00:05:41.128417Z
7458d9ab-0d5e-44e3-86d0-dbf77d724b42,run1_rep1,C,OPEN,OPEN,request,CACHE,HIT,0.05524999869521707,0.8158749988069758,INFO,adaptador.request,false,degradado,0.6622079999942798,9437.993218515,9437.99397914,9437.993163265,9437.993880723,CIRCUIT_OPEN,2026-09-05T00:05:41.192355Z
da4743b1-71ff-4d8e-ab2d-67eda62bd485,run1_rep1,C,OPEN,OPEN,request,CACHE,HIT,0.049666999984765425,0.5999999993946403,INFO,adaptador.request,false,degradado,0.49154199950862676,9437.99502489,9437.995575223,9437.994975223,9437.995516432,CIRCUIT_OPEN,2026-09-05T00:05:41.194051Z
df48c3f2-761a-45dd-9457-eb8c7ad27ad0,run1_rep1,C,OPEN,OPEN,request,CACHE,HIT,0.04733300011139363,0.7883750004111789,INFO,adaptador.request,false,degradado,0.6385830001818249,9438.01028789,9438.011028932,9438.010240557,9438.010926473,CIRCUIT_OPEN,2026-09-05T00:05:41.209330Z
52fb8315-880d-4a0a-a991-7d1f16d395c6,run1_rep1,C,OPEN,OPEN,request,CACHE,HIT,0.04074999924341682,0.6947500005480833,INFO,adaptador.request,false,degradado,0.5644590000883909,9438.07046564,9438.07111964,9438.07042489,9438.071030099,CIRCUIT_OPEN,2026-09-05T00:05:41.269444Z
f7160a7b-f344-4c55-8e7b-f369e5103cc8,run1_rep1,C,OPEN,OPEN,request,CACHE,HIT,0.036625000575440936,0.5880410008103354,INFO,adaptador.request,false,degradado,0.4917499991279328,9438.087250724,9438.08780214,9438.087214099,9438.087742474,CIRCUIT_OPEN,2026-09-05T00:05:41.286099Z
409cf952-3a3a-4195-8e99-29881367ed17,run1_rep1,C,OPEN,OPEN,request,CACHE,HIT,0.03699999979289714,0.5432079997262917,INFO,adaptador.request,false,degradado,0.4409579996718094,9438.099135807,9438.099642015,9438.099098807,9438.099576765,CIRCUIT_OPEN,2026-09-05T00:05:41.297948Z
ac83b7c9-b46c-4420-9f92-10862fef2286,run1_rep1,C,OPEN,OPEN,request,CACHE,HIT,0.032666999686625786,0.5849999997735722,INFO,adaptador.request,false,degradado,0.4701670004578773,9438.131327557,9438.13187989,9438.13129489,9438.131797724,CIRCUIT_OPEN,2026-09-05T00:05:41.330211Z
9b6499a5-6f39-4417-b47f-ae1d77441d2e,run1_rep1,C,OPEN,OPEN,request,CACHE,HIT,0.05320899981597904,0.6639589992118999,INFO,adaptador.request,false,degradado,0.5244999993010424,9438.155560724,9438.156171474,9438.155507515,9438.156085224,CIRCUIT_OPEN,2026-09-05T00:05:41.354504Z
343a6161-5e67-4ec1-9d78-c38e172f8124,run1_rep1,C,OPEN,OPEN,request,CACHE,HIT,0.05354099994292483,0.7939160004752921,INFO,adaptador.request,false,degradado,0.6293340011325199,9438.237357015,9438.23809739,9438.237303474,9438.237986349,CIRCUIT_OPEN,2026-09-05T00:05:41.436413Z
6cb6c444-23ac-42d0-9c8f-b627d93171a1,run1_rep1,C,OPEN,OPEN,request,CACHE,HIT,0.03658300011011306,0.589374998526182,INFO,adaptador.request,false,degradado,0.4917089991067769,9438.25524039,9438.255793182,9438.255203807,9438.255732099,CIRCUIT_OPEN,2026-09-05T00:05:41.454091Z
2fb477d7-cefe-4af1-9ca2-ef026d26acbc,run1_rep1,C,OPEN,OPEN,request,CACHE,HIT,0.03149999974993989,0.5679999994754326,INFO,adaptador.request,false,degradado,0.47541599997202866,9438.264789224,9438.265325724,9438.264757724,9438.26526464,CIRCUIT_OPEN,2026-09-05T00:05:41.463629Z
adc6fa1a-5b77-4c99-9d24-cc4f77ae6623,run1_rep1,C,OPEN,OPEN,request,CACHE,HIT,0.02725000013015233,0.5593749992840458,INFO,adaptador.request,false,degradado,0.4544589992292458,9438.27149914,9438.272031265,9438.27147189,9438.271953599,CIRCUIT_OPEN,2026-09-05T00:05:41.470326Z
b462d4e8-dbb0-4b05-b2ee-9807d46f8951,run1_rep1,C,OPEN,OPEN,request,CACHE,HIT,0.050083999667549506,1.4789999986533076,INFO,adaptador.request,false,degradado,1.3320830003067385,9438.389509724,9438.39093864,9438.38945964,9438.390841807,CIRCUIT_OPEN,2026-09-05T00:05:41.589554Z
d76e79c1-6742-41a8-afba-6815b571629b,run1_rep1,C,OPEN,OPEN,request,CACHE,HIT,0.019874998542945832,1.295999998546904,INFO,adaptador.request,false,degradado,1.221833001181949,9438.389961349,9438.391237474,9438.389941474,9438.391183182,CIRCUIT_OPEN,2026-09-05T00:05:41.589851Z
a3efa953-54b3-4bf1-bd8e-2194ec2e13b1,run1_rep1,C,OPEN,OPEN,request,CACHE,HIT,0.035834000300383195,0.5624999994324753,INFO,adaptador.request,false,degradado,0.4642909989343025,9438.411261474,9438.41178814,9438.41122564,9438.411725765,CIRCUIT_OPEN,2026-09-05T00:05:41.610074Z
01f1e3ea-ff28-4db8-b003-cf19f0c51a44,run1_rep1,C,OPEN,OPEN,request,CACHE,HIT,0.028333000955171883,0.5866250012331875,INFO,adaptador.request,false,degradado,0.4770420000568265,9438.42107964,9438.421637932,9438.421051307,9438.421556682,CIRCUIT_OPEN,2026-09-05T00:05:41.619959Z
2c1fecb7-6e21-4859-bd91-e03739c4b652,run1_rep1,C,OPEN,OPEN,request,CACHE,HIT,0.048042000344139524,0.8120000002236338,INFO,adaptador.request,false,degradado,0.6712499998684507,9438.535658974,9438.536422932,9438.535610932,9438.536330224,CIRCUIT_OPEN,2026-09-05T00:05:41.734743Z
27ce9d28-475b-4093-8c94-9038054bb5b5,run1_rep1,C,OPEN,OPEN,request,CACHE,HIT,0.026499999876250513,1.0745830004452728,INFO,adaptador.request,false,degradado,1.003958001092542,9438.536850432,9438.537898515,9438.536823932,9438.53785439,CIRCUIT_OPEN,2026-09-05T00:05:41.736606Z
8661d808-c9a3-437e-994a-b189b8c9e920,run1_rep1,C,OPEN,OPEN,request,CACHE,HIT,0.018374999854131602,0.6997919990681112,INFO,adaptador.request,false,degradado,0.6327920000330778,9438.537618807,9438.538300224,9438.537600432,9438.538251599,CIRCUIT_OPEN,2026-09-05T00:05:41.736971Z
216897d8-5464-491f-acb8-30f0318633af,run1_rep1,C,OPEN,OPEN,request,CACHE,HIT,0.0424169993493706,0.6812920000811573,INFO,adaptador.request,false,degradado,0.5590000000665896,9438.598837557,9438.599476432,9438.59879514,9438.599396557,CIRCUIT_OPEN,2026-09-05T00:05:41.797791Z
75034b2b-da97-4719-b1a7-6cb00b8d6f61,run1_rep1,C,OPEN,OPEN,request,CACHE,HIT,0.0429579995397944,0.7144159990275512,INFO,adaptador.request,false,degradado,0.5795830002170987,9438.642643432,9438.64331489,9438.642600474,9438.643223015,CIRCUIT_OPEN,2026-09-05T00:05:41.841679Z
7d9afaca-35b2-4efb-8184-2ee5d15312bf,run1_rep1,C,OPEN,OPEN,request,CACHE,HIT,0.07212500167952385,0.8348750016011763,INFO,adaptador.request,false,degradado,0.6951249997655395,9438.67988264,9438.68064539,9438.679810515,9438.680577765,CIRCUIT_OPEN,2026-09-05T00:05:41.878955Z
37ca7e15-a0a3-4c98-822b-26bda232dcd1,run1_rep1,C,OPEN,OPEN,request,CACHE,HIT,0.02620899977046065,0.6643340002483455,INFO,adaptador.request,false,degradado,0.5488750011863885,9438.681703224,9438.682341349,9438.681677015,9438.682252099,CIRCUIT_OPEN,2026-09-05T00:05:41.880649Z
b82dd42c-fa14-4e09-b96b-b1bf85641c23,run1_rep1,C,OPEN,OPEN,request,CACHE,HIT,0.037707999581471086,0.639457999568549,INFO,adaptador.request,false,degradado,0.5228329991950886,9438.739831474,9438.740433224,9438.739793766,9438.740354307,CIRCUIT_OPEN,2026-09-05T00:05:41.938739Z
56b00857-2ed9-4e35-a714-5d64e312774e,run1_rep1,C,OPEN,OPEN,request,CACHE,HIT,0.02995799877680838,0.9649579988035839,INFO,adaptador.request,false,degradado,0.8635000012873206,9438.750380307,9438.751315307,9438.750350349,9438.751243807,CIRCUIT_OPEN,2026-09-05T00:05:41.949856Z
e4c195ea-af79-4703-b102-a627ed8d3dc7,run1_rep1,C,OPEN,OPEN,request,CACHE,HIT,0.021916999685345218,0.756458000978455,INFO,adaptador.request,false,degradado,0.6915830017533153,9438.750820016,9438.751554557,9438.750798099,9438.751511599,CIRCUIT_OPEN,2026-09-05T00:05:41.950105Z
c4a8eca4-9729-481d-9d39-e7ac8838f03b,run1_rep1,C,OPEN,OPEN,request,CACHE,HIT,0.046374998419196345,0.8991249997052364,INFO,adaptador.request,false,degradado,0.7399580008495832,9438.825725599,9438.826578349,9438.825679224,9438.826465557,CIRCUIT_OPEN,2026-09-05T00:05:42.024899Z
07dfb3e8-321e-4466-8c5f-391925e2f111,run1_rep1,C,OPEN,OPEN,request,CACHE,HIT,0.04120800076634623,1.403541000399855,INFO,adaptador.request,false,degradado,1.2754170002153842,9438.830430599,9438.831792932,9438.830389391,9438.831706016,CIRCUIT_OPEN,2026-09-05T00:05:42.030444Z
5e072398-d274-4ec0-927a-0efe49a4ac20,run1_rep1,C,OPEN,OPEN,request,CACHE,HIT,0.019375000192667358,1.0564579988567857,INFO,adaptador.request,false,degradado,0.9835419987211935,9438.831087349,9438.832124432,9438.831067974,9438.832070891,CIRCUIT_OPEN,2026-09-05T00:05:42.030745Z
756ad69e-eba8-4c52-9186-36cc4987b9a9,run1_rep1,C,OPEN,OPEN,request,CACHE,HIT,0.02258300082758069,0.4432080004335148,INFO,adaptador.request,false,degradado,0.3744999994523823,9438.838812807,9438.839233432,9438.838790224,9438.839187307,CIRCUIT_OPEN,2026-09-05T00:05:42.037510Z
357ee7a2-d5ca-4288-b0cd-a66a950a2124,run1_rep1,C,OPEN,OPEN,request,CACHE,HIT,0.045250000766827725,0.7333329995162785,INFO,adaptador.request,false,degradado,0.5987080003251322,9438.919239974,9438.919928057,9438.919194724,9438.919838682,CIRCUIT_OPEN,2026-09-05T00:05:42.118271Z
384eadbf-bdad-4d33-9449-fe64f06c33d3,run1_rep1,C,OPEN,OPEN,request,CACHE,HIT,0.049500000386615284,0.8059579995460808,INFO,adaptador.request,false,degradado,0.6652079991908977,9438.952236016,9438.952992474,9438.952186516,9438.952901224,CIRCUIT_OPEN,2026-09-05T00:05:42.151327Z
ad9ecdad-391b-4f2a-97b5-a765fb1ae2e4,run1_rep1,C,OPEN,OPEN,request,CACHE,HIT,0.05020800017518923,1.029166000080295,INFO,adaptador.request,false,degradado,0.8884999988367781,9439.070979849,9439.071958807,9439.070929641,9439.071868349,CIRCUIT_OPEN,2026-09-05T00:05:42.270307Z
4d61ea24-f1b0-496d-92cc-c4797a17fc2e,run1_rep1,C,OPEN,OPEN,request,CACHE,HIT,0.024000000848900527,0.9051249999174615,INFO,adaptador.request,false,degradado,0.8351249998668209,9439.071763641,9439.072644766,9439.071739641,9439.072598766,CIRCUIT_OPEN,2026-09-05T00:05:42.271104Z
3a5b2394-86f3-45cb-97a9-01040434874d,run1_rep1,C,OPEN,OPEN,request,CACHE,HIT,0.03525000101944897,0.5908330003876472,INFO,adaptador.request,false,degradado,0.4882079992967192,9439.094080766,9439.094636349,9439.094045516,9439.094568974,CIRCUIT_OPEN,2026-09-05T00:05:42.292935Z
6b98619f-96b2-4d4a-af07-ab6cd8027a19,run1_rep1,C,OPEN,OPEN,request,CACHE,HIT,0.03158399886160623,0.558583999008988,INFO,adaptador.request,false,degradado,0.4645830013032537,9439.111202641,9439.111729641,9439.111171057,9439.111667224,CIRCUIT_OPEN,2026-09-05T00:05:42.310032Z
bcfd91c6-cdab-469b-9f61-483d92f8a5f5,run1_rep1,C,OPEN,OPEN,request,CACHE,HIT,0.028541000574477948,0.6669579997833353,INFO,adaptador.request,false,degradado,0.5637089998344891,9439.117190307,9439.117828724,9439.117161766,9439.117754016,CIRCUIT_OPEN,2026-09-05T00:05:42.316144Z
3b240da5-5394-44e8-acf6-79992409504e,run1_rep1,C,OPEN,OPEN,request,CACHE,HIT,0.03899999865097925,0.9935839989339001,INFO,adaptador.request,false,degradado,0.8863340008247178,9439.152458182,9439.153412766,9439.152419182,9439.153344516,CIRCUIT_OPEN,2026-09-05T00:05:42.351971Z
bf5414da-2fb8-40a1-a8ac-8564cd7fbfcd,run1_rep1,C,OPEN,OPEN,request,CACHE,HIT,0.01720899854262825,0.8001669993973337,INFO,adaptador.request,false,degradado,0.7315830007428303,9439.152887141,9439.153670099,9439.152869932,9439.153618724,CIRCUIT_OPEN,2026-09-05T00:05:42.352205Z
c9083421-7273-4b36-80c5-b39bcccf861c,run1_rep1,C,OPEN,OPEN,request,CACHE,HIT,0.03745799949683715,0.7564160005131271,INFO,adaptador.request,false,degradado,0.6373329997586552,9439.212437474,9439.213156432,9439.212400016,9439.213074807,CIRCUIT_OPEN,2026-09-05T00:05:42.411475Z
1bb334a6-461b-493d-bb36-39da5daffbf0,run1_rep1,C,OPEN,OPEN,request,CACHE,HIT,0.019082999642705545,0.43941599869867787,INFO,adaptador.request,false,degradado,0.3512919993227115,9439.221995599,9439.222415932,9439.221976516,9439.222346891,CIRCUIT_OPEN,2026-09-05T00:05:42.420732Z
d932e03f-f88a-45f0-9d77-018be293afc9,run1_rep1,C,OPEN,OPEN,request,CACHE,HIT,0.054416001148638315,0.8488750008837087,INFO,adaptador.request,false,degradado,0.6941669998923317,9439.303617182,9439.304411641,9439.303562766,9439.304311349,CIRCUIT_OPEN,2026-09-05T00:05:42.502731Z
50f6d506-0a94-41d1-8bf8-b0d43447db1b,run1_rep1,C,OPEN,OPEN,request,CACHE,HIT,0.029832999643986113,0.5770410007244209,INFO,adaptador.request,false,degradado,0.4760830015584361,9439.310226474,9439.310773682,9439.310196641,9439.310702557,CIRCUIT_OPEN,2026-09-05T00:05:42.509093Z
69c39a38-1976-4039-8920-f397a2295840,run1_rep1,C,OPEN,OPEN,request,CACHE,HIT,0.028250000468688086,0.532750000274973,INFO,adaptador.request,false,degradado,0.4532919992925599,9439.320760557,9439.321265057,9439.320732307,9439.321213849,CIRCUIT_OPEN,2026-09-05T00:05:42.519548Z
6e63bc30-487e-4fdc-8ebc-df23b30779e8,run1_rep1,C,OPEN,OPEN,request,CACHE,HIT,0.05158400017535314,1.1832500003947644,INFO,adaptador.request,false,degradado,1.0562909992586356,9439.378508141,9439.379639807,9439.378456557,9439.379564432,CIRCUIT_OPEN,2026-09-05T00:05:42.578174Z
473678fc-5a1b-4ecd-8613-5dcaa5402775,run1_rep1,C,OPEN,OPEN,request,CACHE,HIT,0.01966700074262917,0.8964170010585804,INFO,adaptador.request,false,degradado,0.8369170009245863,9439.378998974,9439.379875724,9439.378979307,9439.379835891,CIRCUIT_OPEN,2026-09-05T00:05:42.578477Z
4044ebe3-e00a-4e73-a049-b9b333f8337d,run1_rep1,C,OPEN,OPEN,request,CACHE,HIT,0.020292000044719316,0.5079170005046763,INFO,adaptador.request,false,degradado,0.41687500015541445,9439.391818266,9439.392305891,9439.391797974,9439.392235141,CIRCUIT_OPEN,2026-09-05T00:05:42.590623Z
ec7ba445-7a54-4d03-829b-e5139a7c254a,run1_rep1,C,OPEN,OPEN,request,CACHE,HIT,0.03912499960279092,0.6909999992785743,INFO,adaptador.request,false,degradado,0.5807079996884568,9439.437711266,9439.438363141,9439.437672141,9439.438291974,CIRCUIT_OPEN,2026-09-05T00:05:42.636665Z
aaa40716-8ba6-4569-8b6f-372c37584f21,run1_rep1,C,OPEN,OPEN,request,CACHE,HIT,0.05508399954123888,1.0482090001460165,INFO,adaptador.request,false,degradado,0.9048330011864891,9439.537155683,9439.538148808,9439.537100599,9439.538060516,CIRCUIT_OPEN,2026-09-05T00:05:42.736737Z
98d340ab-e3d4-4d27-92f6-e9dee703f0c2,run1_rep1,C,OPEN,OPEN,request,CACHE,HIT,0.015084000551723875,0.8930840012908448,INFO,adaptador.request,false,degradado,0.827457999548642,9439.537545558,9439.538423558,9439.537530474,9439.538373016,CIRCUIT_OPEN,2026-09-05T00:05:42.737033Z
c6bb4f1b-8ea6-4777-a357-8cd4c08ea727,run1_rep1,C,OPEN,OPEN,request,CACHE,HIT,0.031417001082445495,0.7345000012719538,INFO,adaptador.request,false,degradado,0.6438749987864867,9439.544631933,9439.545335016,9439.544600516,9439.545275808,CIRCUIT_OPEN,2026-09-05T00:05:42.743651Z
31886a03-53b4-4a01-9e3f-f6c04cd8fa60,run1_rep1,C,OPEN,OPEN,request,CACHE,HIT,0.023125001462176442,0.5062910004198784,INFO,adaptador.request,false,degradado,0.4334999994171085,9439.565513433,9439.565996599,9439.565490308,9439.565946933,CIRCUIT_OPEN,2026-09-05T00:05:42.764312Z
ba404aa6-f256-438e-8d54-2fa6a25b83f8,run1_rep1,C,OPEN,OPEN,request,CACHE,HIT,0.07387499863398261,1.1053329999413108,INFO,adaptador.request,false,degradado,0.9277080007450422,9439.697051058,9439.698082516,9439.696977183,9439.697978766,CIRCUIT_OPEN,2026-09-05T00:05:42.896403Z
34466b29-5891-4209-a3c8-88f544a06862,run1_rep1,C,OPEN,OPEN,request,CACHE,HIT,0.02058300015050918,0.8712500002729939,INFO,adaptador.request,false,degradado,0.8108329984679585,9439.697848391,9439.698699058,9439.697827808,9439.698659224,CIRCUIT_OPEN,2026-09-05T00:05:42.896981Z
7e9002d8-5f07-4e9c-a9e9-d85bc122e296,run1_rep1,C,OPEN,OPEN,request,CACHE,HIT,0.03879200085066259,0.9421250015293481,INFO,adaptador.request,false,degradado,0.8356250000360887,9439.741204058,9439.742107391,9439.741165266,9439.742039683,CIRCUIT_OPEN,2026-09-05T00:05:42.940651Z
44759f06-94ff-4e5e-bb56-0b1d83e2aaa8,run1_rep1,C,OPEN,OPEN,request,CACHE,HIT,0.014332999853650108,0.7779159986966988,INFO,adaptador.request,false,degradado,0.7181249984569149,9439.741582766,9439.742346349,9439.741568433,9439.742300891,CIRCUIT_OPEN,2026-09-05T00:05:42.940921Z
b4b178d8-52ca-4730-ba30-c40c9f666aa8,run1_rep1,C,OPEN,OPEN,request,CACHE,HIT,0.03579199983505532,0.6119999998190906,INFO,adaptador.request,false,degradado,0.5063330008852063,9439.768560641,9439.769136849,9439.768524849,9439.769066974,CIRCUIT_OPEN,2026-09-05T00:05:42.967438Z
4b5460ff-f744-4b81-901c-5eff70090fc2,run1_rep1,C,OPEN,OPEN,request,CACHE,HIT,0.042084000597242266,0.6030000004102476,INFO,adaptador.request,false,degradado,0.49704099910741206,9439.802891683,9439.803452599,9439.802849599,9439.803388724,CIRCUIT_OPEN,2026-09-05T00:05:43.001758Z
aac406a5-3a19-4b25-82b4-4da074b1e910,run1_rep1,C,OPEN,OPEN,request,CACHE,HIT,0.028374999601510353,0.5149159987922758,INFO,adaptador.request,false,degradado,0.4135409999435069,9439.814235058,9439.814721599,9439.814206683,9439.814648599,CIRCUIT_OPEN,2026-09-05T00:05:43.013039Z
2dc89246-e157-4b38-ad83-19cfef347770,run1_rep1,C,OPEN,OPEN,request,CACHE,HIT,0.031207999199978076,0.5713329992431682,INFO,adaptador.request,false,degradado,0.47050000102899503,9439.842256891,9439.842797016,9439.842225683,9439.842727391,CIRCUIT_OPEN,2026-09-05T00:05:43.041111Z
4e1ea432-b986-4b77-a452-4070d1b0868a,run1_rep1,C,OPEN,OPEN,request,CACHE,HIT,0.026707999495556578,0.47737499880895484,INFO,adaptador.request,false,degradado,0.38704200051142834,9439.852426141,9439.852876808,9439.852399433,9439.852813183,CIRCUIT_OPEN,2026-09-05T00:05:43.051183Z
e2d80895-c5d3-4026-9484-48d7d21d1a8f,run1_rep1,C,OPEN,OPEN,request,CACHE,HIT,0.03787500099861063,0.7472500001313165,INFO,adaptador.request,false,degradado,0.6325409995042719,9439.889274433,9439.889983808,9439.889236558,9439.889906974,CIRCUIT_OPEN,2026-09-05T00:05:43.088321Z
ca984363-7454-4361-bc4c-904da54eca9d,run1_rep1,C,OPEN,OPEN,request,CACHE,HIT,0.025749999622348696,0.5890829997952096,INFO,adaptador.request,false,degradado,0.4901250013062963,9439.905725558,9439.906288891,9439.905699808,9439.906215683,CIRCUIT_OPEN,2026-09-05T00:05:43.104596Z
73e6f9cf-bef9-46d2-8978-d2b3eaecf843,run1_rep1,C,OPEN,OPEN,request,CACHE,HIT,0.0211669994314434,0.3967499997088453,INFO,adaptador.request,false,degradado,0.3261660003772704,9439.932512058,9439.932887641,9439.932490891,9439.932838224,CIRCUIT_OPEN,2026-09-05T00:05:43.131170Z
0e9daf06-6b42-4c64-a07c-16e99805dfe2,run1_rep1,C,OPEN,OPEN,request,CACHE,HIT,0.01650000012887176,0.34862500069721136,INFO,adaptador.request,false,degradado,0.29350000113481656,9439.949281099,9439.949613224,9439.949264599,9439.949574599,CIRCUIT_OPEN,2026-09-05T00:05:43.147899Z
63ef058e-c932-4f89-821f-a27bd1dd37ce,run1_rep1,C,OPEN,OPEN,request,CACHE,HIT,0.02045800101768691,0.9874170009425143,INFO,adaptador.request,false,degradado,0.9230420000676531,9440.018238724,9440.019205683,9440.018218266,9440.019161766,CIRCUIT_OPEN,2026-09-05T00:05:43.217487Z
bc5d1b8d-0124-40ba-948c-bc7f187337a0,run1_rep1,C,OPEN,OPEN,request,CACHE,HIT,0.015334000636357814,0.41612500172050204,INFO,adaptador.request,false,degradado,0.3497500001685694,9440.018578808,9440.018979599,9440.018563474,9440.018928558,CIRCUIT_OPEN,2026-09-05T00:05:43.217681Z
41a98f6e-3fa0-454e-871b-c38861bb001c,run1_rep1,C,OPEN,OPEN,request,CACHE,HIT,0.03391700010979548,0.6352500004140893,INFO,adaptador.request,false,degradado,0.5305409995344235,9440.081799808,9440.082401141,9440.081765891,9440.082330349,CIRCUIT_OPEN,2026-09-05T00:05:43.280709Z
3e92e8d5-e89f-4821-878b-5716463b22bb,run1_rep1,C,OPEN,OPEN,request,CACHE,HIT,0.05316700116964057,0.6995830008236226,INFO,adaptador.request,false,degradado,0.5719999990105862,9440.124642475,9440.125288891,9440.124589308,9440.125214475,CIRCUIT_OPEN,2026-09-05T00:05:43.323592Z
87455e76-1f9e-45b5-9260-e8ac5011d760,run1_rep1,C,OPEN,OPEN,request,CACHE,HIT,0.04812499901163392,0.9357090002595214,INFO,adaptador.request,false,degradado,0.814792001619935,9440.134881891,9440.135769475,9440.134833766,9440.135696683,CIRCUIT_OPEN,2026-09-05T00:05:43.334087Z
c0a9d071-4cd3-469b-824d-d98d4d5dcd15,run1_rep1,C,OPEN,OPEN,request,CACHE,HIT,0.03241699960199185,0.5375420005293563,INFO,adaptador.request,false,degradado,0.44920800064573996,9440.15743385,9440.157938975,9440.157401433,9440.157883058,CIRCUIT_OPEN,2026-09-05T00:05:43.356243Z
d1bdee72-0552-494c-aeb5-9bcaedb5d2ab,run1_rep1,C,OPEN,OPEN,request,CACHE,HIT,0.028707998353638686,0.6003329999657581,INFO,adaptador.request,false,degradado,0.5032500012021046,9440.172121433,9440.172693058,9440.172092725,9440.172624683,CIRCUIT_OPEN,2026-09-05T00:05:43.371008Z
05a7f1a0-2242-4120-8a5a-0bc64a2b0a9e,run1_rep1,C,OPEN,OPEN,request,CACHE,HIT,0.021874999220017344,0.4472919990803348,INFO,adaptador.request,false,degradado,0.36137499955657404,9440.176387766,9440.176813183,9440.176365891,9440.176749141,CIRCUIT_OPEN,2026-09-05T00:05:43.375128Z
e184665b-9f84-4eb1-88b2-7f7a50742ed1,run1_rep1,C,OPEN,OPEN,request,CACHE,HIT,0.02141699951607734,0.44420899939723313,INFO,adaptador.request,false,degradado,0.3555000002961606,9440.217503183,9440.217925975,9440.217481766,9440.217858683,CIRCUIT_OPEN,2026-09-05T00:05:43.416231Z
8fe2a827-9d06-4277-b020-e02f87458529,run1_rep1,C,OPEN,OPEN,request,CACHE,HIT,0.021167001250432804,0.44620900007430464,INFO,adaptador.request,false,degradado,0.3716669998539146,9440.250815183,9440.251240225,9440.250794016,9440.25118685,CIRCUIT_OPEN,2026-09-05T00:05:43.449539Z
08564cca-f16d-4710-92cf-aa7f3e7b5571,run1_rep1,C,OPEN,OPEN,request,CACHE,HIT,0.017708000086713582,0.43620799988275394,INFO,adaptador.request,false,degradado,0.3745419999177102,9440.264982266,9440.265400766,9440.264964558,9440.265356808,CIRCUIT_OPEN,2026-09-05T00:05:43.463690Z
505a48cf-10b9-4a1c-91e4-9538a6388a96,run1_rep1,C,OPEN,OPEN,request,CACHE,HIT,0.036084000385017134,0.6741670003975742,INFO,adaptador.request,false,degradado,0.5430410001281416,9440.29322435,9440.293862433,9440.293188266,9440.293767391,CIRCUIT_OPEN,2026-09-05T00:05:43.492167Z
dbfc4c2b-7ac9-47d9-960b-1767ef79b295,run1_rep1,C,OPEN,OPEN,request,CACHE,HIT,0.03229100002499763,0.6412500006263144,INFO,adaptador.request,false,degradado,0.4031249991385266,9440.296150266,9440.296759225,9440.296117975,9440.296553391,CIRCUIT_OPEN,2026-09-05T00:05:43.495189Z
f7ced25c-98f0-4cc2-90b7-003274ecae39,run1_rep1,C,OPEN,OPEN,request,CACHE,HIT,0.03920800008927472,1.285207999899285,INFO,adaptador.request,false,degradado,1.1745840001822216,9440.326474516,9440.327720516,9440.326435308,9440.3276491,CIRCUIT_OPEN,2026-09-05T00:05:43.526383Z
20d0ce66-8eda-4038-9e45-2646d5bbcf5a,run1_rep1,C,OPEN,OPEN,request,CACHE,HIT,0.01620799957890995,0.9907919993565883,INFO,adaptador.request,false,degradado,0.9009589994093403,9440.327090891,9440.328065475,9440.327074683,9440.32799185,CIRCUIT_OPEN,2026-09-05T00:05:43.526709Z
de0250a2-9550-454f-bc59-5a82ea808ed9,run1_rep1,C,OPEN,OPEN,request,CACHE,HIT,0.09387499994772952,2.2007920015312266,INFO,adaptador.request,false,degradado,1.9797500008280622,9440.395443016,9440.397549933,9440.395349141,9440.397422766,CIRCUIT_OPEN,2026-09-05T00:05:43.595882Z
a6b1ee47-24f6-4afd-8e52-d60c0cba489d,run1_rep1,C,OPEN,OPEN,request,CACHE,HIT,0.02395799856458325,1.1691669988067588,INFO,adaptador.request,false,degradado,1.0478750009497162,9440.398341641,9440.39948685,9440.398317683,9440.399389516,CIRCUIT_OPEN,2026-09-05T00:05:43.597805Z
4719eef2-d38f-49b0-b169-ccb0d2c3ec0f,run1_rep1,C,OPEN,OPEN,request,CACHE,HIT,0.035417000617599115,0.7737089999864111,INFO,adaptador.request,false,degradado,0.6514579999929992,9440.421313683,9440.422051975,9440.421278266,9440.421965141,CIRCUIT_OPEN,2026-09-05T00:05:43.620353Z
15428025-c3a3-4b3c-b1c0-86d98a3c2272,run1_rep1,C,OPEN,OPEN,request,CACHE,HIT,0.042333000237704255,1.0486659994057845,INFO,adaptador.request,false,degradado,0.9392079991812352,9440.503957183,9440.504963516,9440.50391485,9440.504896391,CIRCUIT_OPEN,2026-09-05T00:05:43.703282Z
73bb32e0-c7f3-4177-9607-c66cdde8b44e,run1_rep1,C,OPEN,OPEN,request,CACHE,HIT,0.01874999907158781,1.0876659998757532,INFO,adaptador.request,false,degradado,1.0036660005425802,9440.504430725,9440.505499641,9440.504411975,9440.505434391,CIRCUIT_OPEN,2026-09-05T00:05:43.703806Z
08401b7f-e771-4bd3-86ff-7f5e4e322881,run1_rep1,C,OPEN,OPEN,request,CACHE,HIT,0.02895800025726203,0.6758750005246839,INFO,adaptador.request,false,degradado,0.5303750003804453,9440.510068266,9440.510715183,9440.510039308,9440.510598641,CIRCUIT_OPEN,2026-09-05T00:05:43.709035Z
ba2c64be-61ac-454b-8727-853063d47213,run1_rep1,C,OPEN,OPEN,request,CACHE,HIT,0.021791998733533546,0.5169169999135192,INFO,adaptador.request,false,degradado,0.4213330012134975,9440.5127246,9440.513219725,9440.512702808,9440.513145933,CIRCUIT_OPEN,2026-09-05T00:05:43.711536Z
4a1f5bb4-d5fc-4a6a-b7d4-4ef9aa60bf96,run1_rep1,C,OPEN,OPEN,request,CACHE,HIT,0.019624998458311893,0.45854199925088324,INFO,adaptador.request,false,degradado,0.381792000553105,9440.547339558,9440.547778475,9440.547319933,9440.54772135,CIRCUIT_OPEN,2026-09-05T00:05:43.746085Z
876a5d7f-7944-4b9f-97c4-599e9451b11f,run1_rep1,C,OPEN,OPEN,request,CACHE,HIT,0.033542000892339274,0.6180000000313157,INFO,adaptador.request,false,degradado,0.5147920001036255,9440.585518558,9440.586103016,9440.585485016,9440.58603335,CIRCUIT_OPEN,2026-09-05T00:05:43.784404Z
9c16110d-1aad-48e2-90f1-44e83f2ebfcb,run1_rep1,C,OPEN,OPEN,request,CACHE,HIT,0.04137500036449637,0.6472500008385396,INFO,adaptador.request,false,degradado,0.5342090007616207,9440.627489641,9440.628095516,9440.627448266,9440.62802385,CIRCUIT_OPEN,2026-09-05T00:05:43.826408Z
945ccdb1-10ca-4a4f-8dff-01b049d87fa8,run1_rep1,C,OPEN,OPEN,request,CACHE,HIT,0.039791000745026395,0.6638750001002336,INFO,adaptador.request,false,degradado,0.5329169998731231,9440.718819141,9440.719443225,9440.71877935,9440.719352058,CIRCUIT_OPEN,2026-09-05T00:05:43.917767Z
d4df85bf-f6fb-4bdf-8f17-31ed768074a2,run1_rep1,C,OPEN,OPEN,request,CACHE,HIT,0.033165999411721714,0.520874998983345,INFO,adaptador.request,false,degradado,0.4295840008126106,9440.722884391,9440.7233721,9440.722851225,9440.723313975,CIRCUIT_OPEN,2026-09-05T00:05:43.921949Z
5a2465e7-1476-4c9a-aa9c-c34af5d4bd23,run1_rep1,C,OPEN,OPEN,request,CACHE,HIT,0.029542001357185654,0.529583001480205,INFO,adaptador.request,false,degradado,0.4394999996293336,9440.73273035,9440.733230391,9440.732700808,9440.73316985,CIRCUIT_OPEN,2026-09-05T00:05:43.931513Z
08bfd287-88cf-47b2-b6d9-c5bca69709ae,run1_rep1,C,OPEN,OPEN,request,CACHE,HIT,0.029459000870701857,0.5220840012043482,INFO,adaptador.request,false,degradado,0.43199999890930485,9440.736080225,9440.73657285,9440.736050766,9440.736512225,CIRCUIT_OPEN,2026-09-05T00:05:43.934877Z
283d7ca7-bae0-42f0-a6cf-b178234b3107,run1_rep1,C,OPEN,OPEN,request,CACHE,HIT,0.017874999684863724,0.36245900082576554,INFO,adaptador.request,false,degradado,0.3088749999733409,9440.746632641,9440.746977225,9440.746614766,9440.746941516,CIRCUIT_OPEN,2026-09-05T00:05:43.945266Z
d6791cdc-0629-4f5a-b66e-e17327fb63f5,run1_rep1,C,OPEN,OPEN,request,CACHE,HIT,0.013750001016887836,0.3014579997397959,INFO,adaptador.request,false,degradado,0.25104199994530063,9440.750702683,9440.750990391,9440.750688933,9440.750953725,CIRCUIT_OPEN,2026-09-05T00:05:43.949284Z
34b92bcf-25bf-4093-9a4a-018f707ae583,run1_rep1,C,OPEN,OPEN,request,CACHE,HIT,0.03554199975042138,0.3787499990721699,INFO,adaptador.request,false,degradado,0.29483300022548065,9440.7760201,9440.776363308,9440.775984558,9440.776314933,CIRCUIT_OPEN,2026-09-05T00:05:43.974648Z
03e18463-d04a-43aa-b952-bf87d193070d,run1_rep1,C,OPEN,OPEN,request,CACHE,HIT,0.01745899862726219,0.3875419988617068,INFO,adaptador.request,false,degradado,0.30333300128404517,9440.793203475,9440.793573558,9440.793186016,9440.793506808,CIRCUIT_OPEN,2026-09-05T00:05:43.991887Z
c7f7c230-f6be-42f1-9e5e-31bc08626c8c,run1_rep1,C,OPEN,OPEN,request,CACHE,HIT,0.04850000004807953,0.8121250011754455,INFO,adaptador.request,false,degradado,0.6806670007790672,9440.896755933,9440.897519558,9440.896707433,9440.8974366,CIRCUIT_OPEN,2026-09-05T00:05:44.095832Z
74272512-c741-4431-b7a5-dc02acc38e42,run1_rep1,C,OPEN,OPEN,request,CACHE,HIT,0.037166999391047284,0.6203749999258434,INFO,adaptador.request,false,degradado,0.5182080003578449,9440.907568142,9440.90815135,9440.907530975,9440.90808635,CIRCUIT_OPEN,2026-09-05T00:05:44.106449Z
2ca6879c-62b2-4a18-ba07-09e1271ea062,run1_rep1,C,OPEN,OPEN,request,CACHE,HIT,0.06650000068475492,0.7655419994989643,INFO,adaptador.request,false,degradado,0.6112499995651888,9440.973051225,9440.973750267,9440.972984725,9440.973662475,CIRCUIT_OPEN,2026-09-05T00:05:44.172061Z
da1ea4f3-1a0d-49a8-9267-78aaee7de99a,run1_rep1,C,OPEN,OPEN,request,CACHE,HIT,0.04391699985717423,0.5899580010009231,INFO,adaptador.request,false,degradado,0.48675000107323285,9440.978032517,9440.978578558,9440.9779886,9440.978519267,CIRCUIT_OPEN,2026-09-05T00:05:44.176873Z
e4c9f448-cce2-4ce0-84b4-e51cbb8089db,run1_rep1,C,OPEN,OPEN,request,CACHE,HIT,0.03300000025774352,0.57004100017366,INFO,adaptador.request,false,degradado,0.45754100028716493,9441.018312142,9441.018849183,9441.018279142,9441.018769683,CIRCUIT_OPEN,2026-09-05T00:05:44.217164Z
f6eeccc3-cd8b-4e68-9770-023a1f6aa57a,run1_rep1,C,OPEN,OPEN,request,CACHE,HIT,0.036249999538995326,0.5796660007035825,INFO,adaptador.request,false,degradado,0.4719580010714708,9441.035245767,9441.035789183,9441.035209517,9441.035717725,CIRCUIT_OPEN,2026-09-05T00:05:44.234096Z
542e3b3d-bcfa-4231-a70c-a4d465f950f7,run1_rep1,C,OPEN,OPEN,request,CACHE,HIT,0.03220799953851383,0.5879580003238516,INFO,adaptador.request,false,degradado,0.49445900003775023,9441.051163933,9441.051719683,9441.051131725,9441.051658392,CIRCUIT_OPEN,2026-09-05T00:05:44.250022Z
3e05adb7-1a33-4a64-a06f-d0d465fb33dc,run1_rep1,C,OPEN,OPEN,request,CACHE,HIT,0.042499999835854396,0.7332500008487841,INFO,adaptador.request,false,degradado,0.6092090006859507,9441.101117933,9441.101808683,9441.101075433,9441.101727142,CIRCUIT_OPEN,2026-09-05T00:05:44.300114Z
d2601330-4c23-4f9a-bd08-952cc7093c98,run1_rep1,C,OPEN,OPEN,request,CACHE,HIT,0.03191699943272397,0.5326669997884892,INFO,adaptador.request,false,degradado,0.4355829987616744,9441.118714975,9441.119215725,9441.118683058,9441.119150558,CIRCUIT_OPEN,2026-09-05T00:05:44.317517Z
ce4ddb2e-6b17-48df-9bb3-2e5edb955a5f,run1_rep1,C,OPEN,OPEN,request,CACHE,HIT,0.03362500137882307,0.623291000010795,INFO,adaptador.request,false,degradado,0.5180829994060332,9441.159697892,9441.160287558,9441.159664267,9441.160215975,CIRCUIT_OPEN,2026-09-05T00:05:44.358596Z
7361e7d0-2e12-4be7-a0aa-99f19619ad15,run1_rep1,C,OPEN,OPEN,request,CACHE,HIT,0.03487499998300336,0.6078749993321253,INFO,adaptador.request,false,degradado,0.5036249986005714,9441.185599017,9441.186172017,9441.185564142,9441.186102642,CIRCUIT_OPEN,2026-09-05T00:05:44.384474Z
2b81f21b-dc96-4149-a07b-a3f47f2b3c36,run1_rep1,C,OPEN,OPEN,request,CACHE,HIT,0.03779200051212683,0.5917079997743713,INFO,adaptador.request,false,degradado,0.48191599853453226,9441.199913517,9441.200467433,9441.199875725,9441.200395433,CIRCUIT_OPEN,2026-09-05T00:05:44.398779Z
78bcc872-12ce-4289-a591-bfc1dedcf79a,run1_rep1,C,OPEN,OPEN,request,CACHE,HIT,0.04629199975170195,0.5988749999232823,INFO,adaptador.request,false,degradado,0.46800000018265564,9441.240466475,9441.241019058,9441.240420183,9441.240934475,CIRCUIT_OPEN,2026-09-05T00:05:44.439319Z
4cff7dda-2fb0-4d98-93ef-161a144be01d,run1_rep1,C,OPEN,OPEN,request,CACHE,HIT,0.04679199992096983,0.8370840005227365,INFO,adaptador.request,false,degradado,0.6979580011829967,9441.25990385,9441.260694142,9441.259857058,9441.260601808,CIRCUIT_OPEN,2026-09-05T00:05:44.459014Z
81dcf1f1-08ab-45d6-bace-59f6e110900c,run1_rep1,C,OPEN,OPEN,request,CACHE,HIT,0.03987499985669274,0.6697090011584805,INFO,adaptador.request,false,degradado,0.5523340005311184,9441.296802558,9441.297432392,9441.296762683,9441.297354892,CIRCUIT_OPEN,2026-09-05T00:05:44.495741Z
f9b88317-71a7-48b4-a501-e497e7e40e0c,run1_rep1,C,OPEN,OPEN,request,CACHE,HIT,0.027624999347608536,0.5364169992390089,INFO,adaptador.request,false,degradado,0.45229200077301357,9441.308985475,9441.309494267,9441.30895785,9441.309437767,CIRCUIT_OPEN,2026-09-05T00:05:44.507780Z
bf4f84fd-ac90-4244-8782-60f6934fa573,run1_rep1,C,OPEN,OPEN,request,CACHE,HIT,0.026791998607222922,0.7390419996227138,INFO,adaptador.request,false,degradado,0.5694999999832362,9441.320202267,9441.320914517,9441.320175475,9441.320771767,CIRCUIT_OPEN,2026-09-05T00:05:44.519335Z
e853b4e4-0055-4f04-8c66-504938aae90a,run1_rep1,C,OPEN,OPEN,request,CACHE,HIT,0.050708000344457105,0.7866249998187413,INFO,adaptador.request,false,degradado,0.6624170000577578,9441.37041385,9441.371149767,9441.370363142,9441.371076267,CIRCUIT_OPEN,2026-09-05T00:05:44.569449Z
09b16c20-5333-45af-b0be-bcd61573a861,run1_rep1,C,OPEN,OPEN,request,CACHE,HIT,0.045667000449611805,0.7135840005503269,INFO,adaptador.request,false,degradado,0.5903330002183793,9441.4531246,9441.453792517,9441.453078933,9441.453714933,CIRCUIT_OPEN,2026-09-05T00:05:44.652097Z
cb08b02c-26b0-4a08-bfd1-9c42dc3237d7,run1_rep1,C,OPEN,OPEN,request,CACHE,HIT,0.03229200046916958,0.7105000004230533,INFO,adaptador.request,false,degradado,0.6014169994159602,9441.457935475,9441.458613683,9441.457903183,9441.458536892,CIRCUIT_OPEN,2026-09-05T00:05:44.656936Z
ef509a8c-8f75-4306-99d4-220a3554792e,run1_rep1,C,OPEN,OPEN,request,CACHE,HIT,0.05479200081026647,0.7527920006396016,INFO,adaptador.request,false,degradado,0.6228749989531934,9441.490151517,9441.490849517,9441.490096725,9441.490774392,CIRCUIT_OPEN,2026-09-05T00:05:44.689165Z
47214f19-8abc-4f4e-81ee-dcfd35543967,run1_rep1,C,OPEN,OPEN,request,CACHE,HIT,0.031083000067155808,0.5996250001771841,INFO,adaptador.request,false,degradado,0.5027500010328367,9441.508956225,9441.509524767,9441.508925142,9441.509458975,CIRCUIT_OPEN,2026-09-05T00:05:44.707827Z
c65b630f-093c-47d7-9196-be7dbcf99e08,run1_rep1,C,OPEN,OPEN,request,CACHE,HIT,0.03537500015227124,0.5797080011689104,INFO,adaptador.request,false,degradado,0.4779579994647065,9441.572832434,9441.573376767,9441.572797059,9441.573310392,CIRCUIT_OPEN,2026-09-05T00:05:44.771671Z
fc04b427-025c-4090-9faf-3b8b83f9ae69,run1_rep1,C,OPEN,OPEN,request,CACHE,HIT,0.04029199953947682,0.6885419988975627,INFO,adaptador.request,false,degradado,0.5717499989259522,9441.625729559,9441.626377809,9441.625689267,9441.626301309,CIRCUIT_OPEN,2026-09-05T00:05:44.824696Z
f0445bac-dad4-4ede-a330-0e140912ec2c,run1_rep1,C,OPEN,OPEN,request,CACHE,HIT,0.029165999876568094,0.5872910005564336,INFO,adaptador.request,false,degradado,0.4866250001214212,9441.6378166,9441.638374725,9441.637787434,9441.638303225,CIRCUIT_OPEN,2026-09-05T00:05:44.836689Z
d389496b-8618-4119-a4f1-8cbf3db76c34,run1_rep1,C,OPEN,OPEN,request,CACHE,HIT,0.05279200013319496,0.9257090005121427,INFO,adaptador.request,false,degradado,0.8049579992075451,9441.662041267,9441.662914184,9441.661988475,9441.662846225,CIRCUIT_OPEN,2026-09-05T00:05:44.861341Z
d9d82f52-4cff-40e5-99a0-116c6e033fd3,run1_rep1,C,OPEN,OPEN,request,CACHE,HIT,0.020792000213987194,0.8386249992327066,INFO,adaptador.request,false,degradado,0.7609999993292149,9441.662744892,9441.663562725,9441.6627241,9441.663505892,CIRCUIT_OPEN,2026-09-05T00:05:44.861859Z
006eba3f-96bb-4585-a76a-6458085c9816,run1_rep1,C,OPEN,OPEN,request,CACHE,HIT,0.048457999582751654,0.7208330007415498,INFO,adaptador.request,false,degradado,0.5951250004727626,9441.727726767,9441.728399142,9441.727678309,9441.728321892,CIRCUIT_OPEN,2026-09-05T00:05:44.926710Z
aa418a9d-6780-46d3-90a1-a2bcdc5c4efb,run1_rep1,C,OPEN,OPEN,request,CACHE,HIT,0.03295799979241565,0.5522079991351347,INFO,adaptador.request,false,degradado,0.45066699931339826,9441.7414296,9441.74194885,9441.741396642,9441.741880267,CIRCUIT_OPEN,2026-09-05T00:05:44.940273Z
6fe1a311-f650-4d43-b408-b562b20e8bd9,run1_rep1,C,OPEN,OPEN,request,CACHE,HIT,0.028375001420499757,0.5442090005089995,INFO,adaptador.request,false,degradado,0.4537919994618278,9441.755859225,9441.756375059,9441.75583085,9441.756313017,CIRCUIT_OPEN,2026-09-05T00:05:44.954678Z
ad1b71b0-ac24-442f-8988-c449b652f98d,run1_rep1,C,OPEN,OPEN,request,CACHE,HIT,0.027207999664824456,0.4814160001842538,INFO,adaptador.request,false,degradado,0.4000829994765809,9441.770685767,9441.771139975,9441.770658559,9441.77108585,CIRCUIT_OPEN,2026-09-05T00:05:44.969419Z
5c999bc6-e22f-44aa-8f19-e683e7708539,run1_rep1,C,OPEN,OPEN,request,CACHE,HIT,0.039417000152752735,0.8273750008811476,INFO,adaptador.request,false,degradado,0.713999999788939,9441.775420392,9441.77620835,9441.775380975,9441.776134392,CIRCUIT_OPEN,2026-09-05T00:05:44.974530Z
a312056b-c8eb-403b-a319-3a4d50446761,run1_rep1,C,OPEN,OPEN,request,CACHE,HIT,0.04095800068171229,1.7932500013557728,INFO,adaptador.request,false,degradado,1.6722920008760411,9441.935417142,9441.937169434,9441.935376184,9441.937089434,CIRCUIT_OPEN,2026-09-05T00:05:45.136090Z
e92b536b-3de3-4b0f-bf1a-58e51a6461ce,run1_rep1,C,OPEN,OPEN,request,CACHE,HIT,0.040916998841566965,1.8047499997919658,INFO,adaptador.request,false,degradado,1.7115410009864718,9441.936039809,9441.937803642,9441.935998892,9441.93775135,CIRCUIT_OPEN,2026-09-05T00:05:45.136523Z
f37a304b-5316-42b5-8109-00d909736401,run1_rep1,C,OPEN,OPEN,request,CACHE,HIT,0.021167001250432804,0.42379200021969154,INFO,adaptador.request,false,degradado,0.36316599835117813,9441.983854059,9441.984256684,9441.983832892,9441.984217225,CIRCUIT_OPEN,2026-09-05T00:05:45.182519Z
26e44e79-25f9-4db4-a9ac-a46ae5e7f41a,run1_rep1,C,OPEN,OPEN,request,CACHE,HIT,0.024040999051067047,0.8027909989323234,INFO,adaptador.request,false,degradado,0.7340840002143523,9442.0433841,9442.04416285,9442.043360059,9442.044118184,CIRCUIT_OPEN,2026-09-05T00:05:45.242617Z
8a836225-f5d0-40d8-b804-14b3cb0fdbf3,run1_rep1,C,OPEN,OPEN,request,CACHE,HIT,0.009875000614556484,0.6565829989995109,INFO,adaptador.request,false,degradado,0.6207909991644556,9442.043691684,9442.044338392,9442.043681809,9442.044312475,CIRCUIT_OPEN,2026-09-05T00:05:45.242823Z
de679646-8e18-4b72-9917-7647d12fd7ee,run1_rep1,C,OPEN,OPEN,request,CACHE,HIT,0.017333000869257376,0.31679200037615374,INFO,adaptador.request,false,degradado,0.25695899967104197,9442.063125225,9442.063424684,9442.063107892,9442.063382184,CIRCUIT_OPEN,2026-09-05T00:05:45.261707Z
99c09054-1f5b-423d-8166-613e55eab1f1,run1_rep1,C,OPEN,OPEN,request,CACHE,HIT,0.018791999536915682,0.3444169997237623,INFO,adaptador.request,false,degradado,0.28620800003409386,9442.092089684,9442.092415309,9442.092070892,9442.092375892,CIRCUIT_OPEN,2026-09-05T00:05:45.290692Z
6ac4a787-0fa6-4e6b-a69c-47aca8bf5075,run1_rep1,C,OPEN,OPEN,request,CACHE,HIT,0.015374998838524334,0.3639589995145798,INFO,adaptador.request,false,degradado,0.2956670014100382,9442.116954475,9442.117303059,9442.1169391,9442.117250142,CIRCUIT_OPEN,2026-09-05T00:05:45.315598Z
42509f72-b645-4639-99ab-3599eb446872,run1_rep1,C,OPEN,OPEN,request,CACHE,HIT,0.029834000088158064,0.5663339998136507,INFO,adaptador.request,false,degradado,0.46929100062698126,9442.165714559,9442.166251059,9442.165684725,9442.16618385,CIRCUIT_OPEN,2026-09-05T00:05:45.364554Z
937791fa-a4c8-4606-ad38-a33076832b26,run1_rep1,C,OPEN,OPEN,request,CACHE,HIT,0.018250000721309334,0.3814169995166594,INFO,adaptador.request,false,degradado,0.3194999990228098,9442.179435517,9442.179798684,9442.179417267,9442.179755017,CIRCUIT_OPEN,2026-09-05T00:05:45.378085Z
a24f244e-7e18-4419-b73a-d93d42706717,run1_rep1,C,OPEN,OPEN,request,CACHE,HIT,0.02016700091189705,0.37974999941070564,INFO,adaptador.request,false,degradado,0.30574999982491136,9442.187044267,9442.18740385,9442.1870241,9442.187350017,CIRCUIT_OPEN,2026-09-05T00:05:45.385693Z
7ccf1f46-1e72-452a-a87d-a57140af116e,run1_rep1,C,OPEN,OPEN,request,CACHE,HIT,0.0134170004457701,0.30662500103062484,INFO,adaptador.request,false,degradado,0.25129200002993457,9442.194295767,9442.194588975,9442.19428235,9442.194547059,CIRCUIT_OPEN,2026-09-05T00:05:45.392869Z
56ae89f5-a2c0-4cad-91b7-d3e04dded834,run1_rep1,C,OPEN,OPEN,request,CACHE,HIT,0.016250000044237822,0.37108400101715233,INFO,adaptador.request,false,degradado,0.3127090003545163,9442.248334642,9442.248689476,9442.248318392,9442.248647351,CIRCUIT_OPEN,2026-09-05T00:05:45.446973Z
cba2308c-a301-4e39-b91f-b8daceeb05ff,run1_rep1,C,OPEN,OPEN,request,CACHE,HIT,0.014500001270789653,0.36125000042375177,INFO,adaptador.request,false,degradado,0.30870799855620135,9442.252935226,9442.253281976,9442.252920726,9442.253243934,CIRCUIT_OPEN,2026-09-05T00:05:45.451560Z
9142c562-80f3-49db-9712-b31f6681e5f4,run1_rep1,C,OPEN,OPEN,request,CACHE,HIT,0.02391700036241673,0.4727079995063832,INFO,adaptador.request,false,degradado,0.3982500002166489,9442.282189976,9442.282638767,9442.282166059,9442.282588226,CIRCUIT_OPEN,2026-09-05T00:05:45.480919Z
5b4c3baa-dc88-48c1-9ec7-22475d6f6dd9,run1_rep1,C,OPEN,OPEN,request,CACHE,HIT,0.041291999878012575,0.7432500005961629,INFO,adaptador.request,false,degradado,0.6195829992066137,9442.318795059,9442.319497017,9442.318753767,9442.319414642,CIRCUIT_OPEN,2026-09-05T00:05:45.517815Z
a1caa768-de1a-4ccf-ada2-5ec403835d87,run1_rep1,C,OPEN,OPEN,request,CACHE,HIT,0.04891599928669166,0.9432499991817167,INFO,adaptador.request,false,degradado,0.80987500041374,9442.400531517,9442.401425851,9442.400482601,9442.401341392,CIRCUIT_OPEN,2026-09-05T00:05:45.599750Z
5d22de6b-973e-489e-807d-ed556a12474e,run1_rep1,C,OPEN,OPEN,request,CACHE,HIT,0.02262499947391916,0.889207998625352,INFO,adaptador.request,false,degradado,0.8144580006046453,9442.401260851,9442.402127434,9442.401238226,9442.402075309,CIRCUIT_OPEN,2026-09-05T00:05:45.600624Z
f94eaceb-4d49-41d9-b8f6-591aebcfcfba,run1_rep1,C,OPEN,OPEN,request,CACHE,HIT,0.036249999538995326,0.7818750000296859,INFO,adaptador.request,false,degradado,0.6822499999543652,9442.416333434,9442.417079059,9442.416297184,9442.417015684,CIRCUIT_OPEN,2026-09-05T00:05:45.615385Z
7a70f2a2-91b0-4149-a37b-681b7ac3e193,run1_rep1,C,OPEN,OPEN,request,CACHE,HIT,0.018167000234825537,0.6900419994053664,INFO,adaptador.request,false,degradado,0.6326660004560836,9442.416915976,9442.417587851,9442.416897809,9442.417548642,CIRCUIT_OPEN,2026-09-05T00:05:45.616006Z
9ef7be7f-fa9e-4ed1-bc00-8ee6e9732730,run1_rep1,C,OPEN,OPEN,request,CACHE,HIT,0.038374999348889105,0.6518329992104555,INFO,adaptador.request,false,degradado,0.5340410007192986,9442.453379976,9442.453993434,9442.453341601,9442.453914017,CIRCUIT_OPEN,2026-09-05T00:05:45.652334Z
f786c4a5-0346-482c-8a1a-1601c28267b1,run1_rep1,C,OPEN,OPEN,request,CACHE,HIT,0.03645899960247334,0.6299169999692822,INFO,adaptador.request,false,degradado,0.5261250007606577,9442.490563976,9442.491157434,9442.490527517,9442.491090101,CIRCUIT_OPEN,2026-09-05T00:05:45.689459Z
5b325f8a-f14a-4ef5-bde6-92f127d2b4cd,run1_rep1,C,OPEN,OPEN,request,CACHE,HIT,0.06266700074775144,0.8214169993152609,INFO,adaptador.request,false,degradado,0.6550409998453688,9442.615014851,9442.615773601,9442.614952184,9442.615669892,CIRCUIT_OPEN,2026-09-05T00:05:45.814098Z
34fe803a-55be-435e-9bb6-94fc7e491476,run1_rep1,C,OPEN,OPEN,request,CACHE,HIT,0.03491600000415929,0.5923749995417893,INFO,adaptador.request,false,degradado,0.46870899859641213,9442.637526517,9442.638083976,9442.637491601,9442.637995226,CIRCUIT_OPEN,2026-09-05T00:05:45.836384Z
20e14ede-8dd9-47ef-9cab-fb1aafb73803,run1_rep1,C,OPEN,OPEN,request,CACHE,HIT,0.030375000278581865,0.5283749997033738,INFO,adaptador.request,false,degradado,0.43554199874051847,9442.645601017,9442.646099017,9442.645570642,9442.646036559,CIRCUIT_OPEN,2026-09-05T00:05:45.844399Z
df9fa19f-12a7-43e9-a6b9-4c5d7d639b38,run1_rep1,C,OPEN,OPEN,request,CACHE,HIT,0.05412499922385905,1.2316659995121881,INFO,adaptador.request,false,degradado,1.096750000215252,9442.693795476,9442.694973017,9442.693741351,9442.694892226,CIRCUIT_OPEN,2026-09-05T00:05:45.893603Z
6a3f1d49-76c9-41cd-a939-6a14c3b6510c,run1_rep1,C,OPEN,OPEN,request,CACHE,HIT,0.018290998923475854,0.9480409989919281,INFO,adaptador.request,false,degradado,0.8678750000399305,9442.694346142,9442.695275892,9442.694327851,9442.695214017,CIRCUIT_OPEN,2026-09-05T00:05:45.893892Z
838f5cf1-6f35-42d9-84e1-f5dd2c28ff23,run1_rep1,C,OPEN,OPEN,request,CACHE,HIT,0.04054099917993881,0.6835409985797014,INFO,adaptador.request,false,degradado,0.5777499991381774,9442.741681517,9442.742324517,9442.741640976,9442.742259267,CIRCUIT_OPEN,2026-09-05T00:05:45.940624Z
fff3ef7e-c9c6-4a44-ba1f-450518219ea4,run1_rep1,C,OPEN,OPEN,request,CACHE,HIT,0.0369160006812308,0.9094580000237329,INFO,adaptador.request,false,degradado,0.8009999983187299,9442.793067017,9442.793939559,9442.793030101,9442.793868017,CIRCUIT_OPEN,2026-09-05T00:05:45.992304Z
e0b46412-a1a4-4eca-af3b-4bc5c6ca681d,run1_rep1,C,OPEN,OPEN,request,CACHE,HIT,0.024707998818485066,0.8955829998740228,INFO,adaptador.request,false,degradado,0.8136250016832491,9442.793761934,9442.794632809,9442.793737226,9442.794575559,CIRCUIT_OPEN,2026-09-05T00:05:45.993110Z
9f2496e9-8286-4508-b2ba-8e8ae9655a62,run1_rep1,C,OPEN,OPEN,request,CACHE,HIT,0.03587500032153912,0.6105000011302764,INFO,adaptador.request,false,degradado,0.4830840007343795,9442.853224892,9442.853799517,9442.853189017,9442.853707976,CIRCUIT_OPEN,2026-09-05T00:05:46.052129Z
8e5ac461-e7ea-4953-a7ec-a94ad2361993,run1_rep1,C,OPEN,OPEN,request,CACHE,HIT,0.026125000658794306,0.8088340000540484,INFO,adaptador.request,false,degradado,0.7212919990706723,9442.854529767,9442.855312476,9442.854503642,9442.855251059,CIRCUIT_OPEN,2026-09-05T00:05:46.053628Z
5c8bc52e-51e7-4737-b2c7-8e8603a33520,run1_rep1,C,OPEN,OPEN,request,CACHE,HIT,0.03170800118823536,0.49420800132793374,INFO,adaptador.request,false,degradado,0.4069579990755301,9442.866150059,9442.866612559,9442.866118351,9442.866557017,CIRCUIT_OPEN,2026-09-05T00:05:46.064899Z
76e8b4b3-ccf9-4116-8338-55f02abaa07d,run1_rep1,C,OPEN,OPEN,request,CACHE,HIT,0.027207999664824456,0.5646249992423691,INFO,adaptador.request,false,degradado,0.46395800018217415,9442.870267934,9442.870805351,9442.870240726,9442.870731892,CIRCUIT_OPEN,2026-09-05T00:05:46.069122Z
df9e1578-0fed-4809-b2f0-ba54c2944a72,run1_rep1,C,OPEN,OPEN,request,CACHE,HIT,0.04850000004807953,1.00979199851281,INFO,adaptador.request,false,degradado,0.8097919999272563,9442.950276351,9442.951237643,9442.950227851,9442.951086143,CIRCUIT_OPEN,2026-09-05T00:05:46.149632Z
fd07db99-e845-4338-b3c6-c4d99ff94e54,run1_rep1,C,OPEN,OPEN,request,CACHE,HIT,0.07487500079150777,0.907583000298473,INFO,adaptador.request,false,degradado,0.7431659996655071,9442.994816643,9442.995649351,9442.994741768,9442.995559809,CIRCUIT_OPEN,2026-09-05T00:05:46.193954Z
95bee733-56dd-4e2f-a098-0bdb0a400a3b,run1_rep1,C,OPEN,OPEN,request,CACHE,HIT,0.03633300002547912,0.5746669994550757,INFO,adaptador.request,false,degradado,0.4697089989349479,9443.019312434,9443.019850768,9443.019276101,9443.019782143,CIRCUIT_OPEN,2026-09-05T00:05:46.218151Z
6521a481-ac61-4220-9d30-3add92c71514,run1_rep1,C,OPEN,OPEN,request,CACHE,HIT,0.02708300053200219,0.5304169990267837,INFO,adaptador.request,false,degradado,0.429208999776165,9443.025277434,9443.025780768,9443.025250351,9443.025706643,CIRCUIT_OPEN,2026-09-05T00:05:46.224095Z
c32d573f-a290-4d53-b0c2-7335cb390fbf,run1_rep1,C,OPEN,OPEN,request,CACHE,HIT,0.042208999730064534,0.6779169998480938,INFO,adaptador.request,false,degradado,0.5557080003200099,9443.095285268,9443.095920976,9443.095243059,9443.095840976,CIRCUIT_OPEN,2026-09-05T00:05:46.294267Z
c626e5ff-de85-4243-82e0-d4568bad3691,run1_rep1,C,OPEN,OPEN,request,CACHE,HIT,0.030625000363215804,1.1835829991468927,INFO,adaptador.request,false,degradado,1.067332999809878,9443.101578268,9443.102731226,9443.101547643,9443.102645601,CIRCUIT_OPEN,2026-09-05T00:05:46.301103Z
02ca8000-2355-4a5a-877a-29650b0ab57e,run1_rep1,C,OPEN,OPEN,request,CACHE,HIT,0.04258299850334879,1.217082999573904,INFO,adaptador.request,false,degradado,1.1098750001110602,9443.102443101,9443.103617601,9443.102400518,9443.103552976,CIRCUIT_OPEN,2026-09-05T00:05:46.301934Z
6d2eb4de-b972-4adf-ad2e-49f44a90e252,run1_rep1,C,OPEN,OPEN,request,CACHE,HIT,0.04425000042829197,0.7242920000862796,INFO,adaptador.request,false,degradado,0.6081249994167592,9443.143989851,9443.144669893,9443.143945601,9443.144597976,CIRCUIT_OPEN,2026-09-05T00:05:46.342987Z
2c7705e3-8a0a-40d0-bba2-5097c61b3364,run1_rep1,C,OPEN,OPEN,request,CACHE,HIT,0.033916001484612934,0.5691660007869359,INFO,adaptador.request,false,degradado,0.4680419988289941,9443.193759809,9443.194295059,9443.193725893,9443.194227851,CIRCUIT_OPEN,2026-09-05T00:05:46.392599Z
15ca686f-9352-41b6-a754-75ac366467db,run1_rep1,C,OPEN,OPEN,request,CACHE,HIT,0.035667000702233054,0.6284999999479624,INFO,adaptador.request,false,degradado,0.5097079992992803,9443.230814393,9443.231407226,9443.230778726,9443.231324101,CIRCUIT_OPEN,2026-09-05T00:05:46.429727Z
f052f331-9d69-479e-bd4e-7d7711f7784c,run1_rep1,C,OPEN,OPEN,request,CACHE,HIT,0.04533300125331152,1.1941250013478566,INFO,adaptador.request,false,degradado,1.0490839995327406,9443.275887059,9443.277035851,9443.275841726,9443.276936143,CIRCUIT_OPEN,2026-09-05T00:05:46.475349Z
5f316659-4479-4eb9-b9ac-d406fdc829e4,run1_rep1,C,OPEN,OPEN,request,CACHE,HIT,0.045000000682193786,1.1462910006230231,INFO,adaptador.request,false,degradado,1.012708000416751,9443.319075768,9443.320177059,9443.319030768,9443.320088476,CIRCUIT_OPEN,2026-09-05T00:05:46.518779Z
fb4db3c7-489e-4f1b-8940-333fcc6bce7d,run1_rep1,C,OPEN,OPEN,request,CACHE,HIT,0.02191700150433462,0.9102920012082905,INFO,adaptador.request,false,degradado,0.8455829993181396,9443.319582018,9443.320470393,9443.319560101,9443.320427601,CIRCUIT_OPEN,2026-09-05T00:05:46.519103Z
1a75bb5c-3f6e-41ae-aa1d-130abba76ad2,run1_rep1,C,OPEN,OPEN,request,CACHE,HIT,0.060332999055390246,1.2751659996865783,INFO,adaptador.request,false,degradado,1.1157080007251352,9443.393149601,9443.394364434,9443.393089268,9443.394265309,CIRCUIT_OPEN,2026-09-05T00:05:46.592962Z
5fbdf02e-bffe-4ee8-9e54-f3d3dc61e9e9,run1_rep1,C,OPEN,OPEN,request,CACHE,HIT,0.016625001080683433,1.0682080010155914,INFO,adaptador.request,false,degradado,1.001999999061809,9443.393598643,9443.394650226,9443.393582018,9443.394600643,CIRCUIT_OPEN,2026-09-05T00:05:46.593322Z
78a7ecc8-7d37-4ead-bfd1-3cde6f11003a,run1_rep1,C,OPEN,OPEN,request,CACHE,HIT,0.03333300082886126,0.7779160005156882,INFO,adaptador.request,false,degradado,0.6739999989804346,9443.410071226,9443.410815809,9443.410037893,9443.410745226,CIRCUIT_OPEN,2026-09-05T00:05:46.609138Z
e3267bc2-4e18-4926-b27a-cf01ce527b97,run1_rep1,C,OPEN,OPEN,request,CACHE,HIT,0.048874999265535735,0.9873750004771864,INFO,adaptador.request,false,degradado,0.8316250005009351,9443.526114559,9443.527053059,9443.526065684,9443.526946184,CIRCUIT_OPEN,2026-09-05T00:05:46.725384Z
793cb0b5-25c9-491a-8f75-216bc3a55b44,run1_rep1,C,OPEN,OPEN,request,CACHE,HIT,0.024124999981722794,0.9478749998379499,INFO,adaptador.request,false,degradado,0.8768329989834456,9443.526844476,9443.527768226,9443.526820351,9443.527721309,CIRCUIT_OPEN,2026-09-05T00:05:46.726245Z
03f4adb1-2ac7-4d9d-a084-c1ca2106b40d,run1_rep1,C,OPEN,OPEN,request,CACHE,HIT,0.036375000490807,0.6532909992529312,INFO,adaptador.request,false,degradado,0.5414579991338542,9443.568869143,9443.569486059,9443.568832768,9443.569410601,CIRCUIT_OPEN,2026-09-05T00:05:46.767801Z
5f8b6713-d36f-4919-89af-e817b49cd6ff,run1_rep1,C,OPEN,OPEN,request,CACHE,HIT,0.026790999982040375,0.5110000001877779,INFO,adaptador.request,false,degradado,0.4056670004501939,9443.579528309,9443.580012518,9443.579501518,9443.579933976,CIRCUIT_OPEN,2026-09-05T00:05:46.778335Z
e529926e-0110-4149-9b33-2acc4f73aa4b,run1_rep1,C,OPEN,OPEN,request,CACHE,HIT,0.02329199924133718,0.5241250000835862,INFO,adaptador.request,false,degradado,0.4509169993980322,9443.588875226,9443.589376059,9443.588851934,9443.589326143,CIRCUIT_OPEN,2026-09-05T00:05:46.787667Z
a6b18fbc-1c55-46fa-afcd-3d62245c84db,run1_rep1,C,OPEN,OPEN,request,CACHE,HIT,0.03241699960199185,0.5485000001499429,INFO,adaptador.request,false,degradado,0.448958000561106,9443.612221518,9443.612737601,9443.612189101,9443.612670476,CIRCUIT_OPEN,2026-09-05T00:05:46.811043Z
74a012b4-432f-4ff6-862f-c54b0464e65b,run1_rep1,C,OPEN,OPEN,request,CACHE,HIT,0.04033299956063274,0.7165829993027728,INFO,adaptador.request,false,degradado,0.5889999993087258,9443.654724893,9443.655401143,9443.65468456,9443.655313893,CIRCUIT_OPEN,2026-09-05T00:05:46.853757Z
97931cdf-0adc-470c-b2c1-550809b91b87,run1_rep1,C,OPEN,OPEN,request,CACHE,HIT,0.03533299968694337,0.5639160008286126,INFO,adaptador.request,false,degradado,0.45074999979988206,9443.703336268,9443.703864851,9443.703300935,9443.703787018,CIRCUIT_OPEN,2026-09-05T00:05:46.902184Z
9488ff9e-00a0-4e25-9481-14461b41cc39,run1_rep1,C,OPEN,OPEN,request,CACHE,HIT,0.04545900083030574,0.73691699981282,INFO,adaptador.request,false,degradado,0.6085829991206992,9443.771503935,9443.772195393,9443.771458476,9443.772112518,CIRCUIT_OPEN,2026-09-05T00:05:46.970513Z
5a372123-c47e-4594-982f-a996ea2972cc,run1_rep1,C,OPEN,OPEN,request,CACHE,HIT,0.03016600021510385,0.715832999048871,INFO,adaptador.request,false,degradado,0.6267499993555248,9443.777148851,9443.777834518,9443.777118685,9443.777775601,CIRCUIT_OPEN,2026-09-05T00:05:46.976129Z
7a3d7d2c-5950-43d0-8349-eea62094eebd,run1_rep1,C,OPEN,OPEN,request,CACHE,HIT,0.020667001081164926,0.4250840011081891,INFO,adaptador.request,false,degradado,0.3388330005691387,9443.802458893,9443.80286331,9443.802438226,9443.802797726,CIRCUIT_OPEN,2026-09-05T00:05:47.001193Z
860f122c-e0f1-4c83-b04a-016b3b4093ae,run1_rep1,C,OPEN,OPEN,request,CACHE,HIT,0.021292000383255072,0.42050000047311187,INFO,adaptador.request,false,degradado,0.35120800021104515,9443.815499143,9443.815898351,9443.815477851,9443.815850351,CIRCUIT_OPEN,2026-09-05T00:05:47.014188Z
e442bc49-3ca6-4f14-afc9-9f915b62adf1,run1_rep1,C,OPEN,OPEN,request,CACHE,HIT,0.08129099842335563,0.8633749985165196,INFO,adaptador.request,false,degradado,0.6781670017517172,9443.918212476,9443.91899456,9443.918131185,9443.918890643,CIRCUIT_OPEN,2026-09-05T00:05:47.117348Z
6eaf4a9a-d13f-465a-9536-46a004b914f0,run1_rep1,C,OPEN,OPEN,request,CACHE,HIT,0.06979100180615205,1.0295000010955846,INFO,adaptador.request,false,degradado,0.8866249991115183,9443.934068476,9443.935028185,9443.933998685,9443.934955101,CIRCUIT_OPEN,2026-09-05T00:05:47.133336Z
300de7ac-95bf-4956-aeb6-ace8f614268e,run1_rep1,C,OPEN,OPEN,request,CACHE,HIT,0.05516700002772268,1.8408750001981389,INFO,adaptador.request,false,degradado,1.6879579998203553,9443.93288531,9443.934671018,9443.932830143,9443.934573268,CIRCUIT_OPEN,2026-09-05T00:05:47.133623Z
a44b2de2-d955-483f-baad-004bada97ba9,run1_rep1,C,OPEN,OPEN,request,CACHE,HIT,0.023333999706665054,0.5270839992590481,INFO,adaptador.request,false,degradado,0.45725000018137507,9443.937945435,9443.938449185,9443.937922101,9443.938402685,CIRCUIT_OPEN,2026-09-05T00:05:47.136732Z
21a324fb-6239-46c9-a5ad-43f2c286d9d0,run1_rep1,C,OPEN,OPEN,request,CACHE,HIT,0.016416999642387964,0.3422090012463741,INFO,adaptador.request,false,degradado,0.273750001724693,9443.945211018,9443.94553681,9443.945194601,9443.945484768,CIRCUIT_OPEN,2026-09-05T00:05:47.143832Z
4d20445a-6126-4883-9916-6136e51ed0e3,run1_rep1,C,OPEN,OPEN,request,CACHE,HIT,0.029041999368928373,0.5847080010425998,INFO,adaptador.request,false,degradado,0.48725000124250073,9444.01190106,9444.012456726,9444.011872018,9444.01238831,CIRCUIT_OPEN,2026-09-05T00:05:47.210772Z
8fbe23c4-6b65-4232-8e52-938fbbe85e9d,run1_rep1,C,OPEN,OPEN,request,CACHE,HIT,0.054707999879610725,0.9135829986917088,INFO,adaptador.request,false,degradado,0.7645829991815845,9444.066301143,9444.067160018,9444.066246435,9444.067065726,CIRCUIT_OPEN,2026-09-05T00:05:47.265465Z
cacfce05-338d-4b09-a0de-86fdc02ee3ec,run1_rep1,C,OPEN,OPEN,request,CACHE,HIT,0.045958999180584215,0.7670420000067679,INFO,adaptador.request,false,degradado,0.6346250011119992,9444.09121406,9444.091935143,9444.091168101,9444.091848685,CIRCUIT_OPEN,2026-09-05T00:05:47.290284Z
215b84ee-1430-4b12-96d2-92997a316ba6,run1_rep1,C,OPEN,OPEN,request,CACHE,HIT,0.03749999996216502,0.6412089987861691,INFO,adaptador.request,false,degradado,0.541749999683816,9444.123695976,9444.124299685,9444.123658476,9444.124237726,CIRCUIT_OPEN,2026-09-05T00:05:47.322603Z
e5258b7a-1933-4fb3-b2f2-c04fbcc49e8a,run1_rep1,C,OPEN,OPEN,request,CACHE,HIT,0.029625000024680048,1.057417000993155,INFO,adaptador.request,false,degradado,0.9529170001769671,9444.129150726,9444.130178518,9444.129121101,9444.130103643,CIRCUIT_OPEN,2026-09-05T00:05:47.328520Z
523c7b84-fa5c-4b72-81c4-1ea6b64a8f5c,run1_rep1,C,OPEN,OPEN,request,CACHE,HIT,0.02975000097649172,0.9258330010197824,INFO,adaptador.request,false,degradado,0.852166998811299,9444.129957143,9444.130853226,9444.129927393,9444.13080931,CIRCUIT_OPEN,2026-09-05T00:05:47.329281Z
8412cfa1-6c9e-4130-8a67-3ba63fbd29d1,run1_rep1,C,OPEN,OPEN,request,CACHE,HIT,0.041000001147040166,0.7296670009964146,INFO,adaptador.request,false,degradado,0.604208998993272,9444.182651851,9444.183340518,9444.182610851,9444.18325606,CIRCUIT_OPEN,2026-09-05T00:05:47.381670Z
7399be56-cd25-4c02-839f-3c254e96e435,run1_rep1,C,OPEN,OPEN,request,CACHE,HIT,0.05108299956191331,0.8448329990642378,INFO,adaptador.request,false,degradado,0.6942920008441433,9444.287449976,9444.288243726,9444.287398893,9444.288144268,CIRCUIT_OPEN,2026-09-05T00:05:47.486568Z
0080b761-91fe-4c32-a0c9-f240227511bc,run1_rep1,C,OPEN,OPEN,request,CACHE,HIT,0.037957999666105025,0.6650409995927475,INFO,adaptador.request,false,degradado,0.5267920005280757,9444.309419393,9444.310046476,9444.309381435,9444.309946185,CIRCUIT_OPEN,2026-09-05T00:05:47.508357Z
02160cc3-34d9-47d8-9cb4-09c3e269e96a,run1_rep1,C,OPEN,OPEN,request,CACHE,HIT,0.030875000447849743,0.9187910000036936,INFO,adaptador.request,false,degradado,0.8083749999059364,9444.320777852,9444.321665768,9444.320746977,9444.321586227,CIRCUIT_OPEN,2026-09-05T00:05:47.519997Z
c35cbc71-9aff-4739-8766-612c409c1a5e,run1_rep1,C,OPEN,OPEN,request,CACHE,HIT,0.018917000488727354,0.45775000035064295,INFO,adaptador.request,false,degradado,0.39283300066017546,9444.323653435,9444.324092268,9444.323634518,9444.324046268,CIRCUIT_OPEN,2026-09-05T00:05:47.522375Z
35e3e414-dd04-41f9-a5b5-38ca396eaf64,run1_rep1,C,OPEN,HALF_OPEN,request,CACHE,HIT,25.017375000970787,25.897916000758414,INFO,adaptador.request,true,degradado,0.8161659989127656,9444.372092727,9444.372973268,9444.347075352,9444.372908893,CIRCUIT_OPEN,2026-09-05T00:05:47.571319Z
53107ddd-ff15-4704-976d-8cd1a02ffd66,run1_rep1,C,OPEN,OPEN,request,CACHE,HIT,32.71270799996273,33.399374999135034,INFO,adaptador.request,false,degradado,0.5832919996464625,9444.37195181,9444.372638477,9444.339239102,9444.372535102,CIRCUIT_OPEN,2026-09-05T00:05:47.571591Z
071e1778-3513-4a6e-8ef3-a40c9a1ea17f,run1_rep1,C,OPEN,HALF_OPEN,request,CACHE,HIT,5.3364169998531,6.385500000760658,INFO,adaptador.request,true,degradado,0.98887500098499,9444.372756935,9444.373806018,9444.367420518,9444.37374581,CIRCUIT_OPEN,2026-09-05T00:05:47.572494Z
b7dd737e-b95d-4f16-b7fd-5f6da9cd0574,run1_rep1,C,OPEN,OPEN,request,CACHE,HIT,0.01799999881768599,0.44616699960897677,INFO,adaptador.request,false,degradado,0.37687500116589945,9444.378967018,9444.379395185,9444.378949018,9444.379343893,CIRCUIT_OPEN,2026-09-05T00:05:47.577688Z
5e07c308-78c3-4575-8b70-eb615fa98aa7,run1_rep1,C,OPEN,OPEN,request,CACHE,HIT,0.035667000702233054,0.6740420012647519,INFO,adaptador.request,false,degradado,0.5573750004259637,9444.422839727,9444.423478102,9444.42280406,9444.423397102,CIRCUIT_OPEN,2026-09-05T00:05:47.621789Z
1bc41885-81d8-4726-bf12-1f928d328411,run1_rep1,C,OPEN,OPEN,request,CACHE,HIT,0.041916000554920174,0.6747500010533258,INFO,adaptador.request,false,degradado,0.5507090008904925,9444.529221268,9444.529854102,9444.529179352,9444.529771977,CIRCUIT_OPEN,2026-09-05T00:05:47.728173Z
43944a15-944e-429c-8b63-40713c9aad85,run1_rep1,C,OPEN,OPEN,request,CACHE,HIT,0.04629199975170195,0.701916998878005,INFO,adaptador.request,false,degradado,0.5754579997301335,9444.561573727,9444.562229352,9444.561527435,9444.562149185,CIRCUIT_OPEN,2026-09-05T00:05:47.760530Z
f0ddd5d3-5224-437f-9948-e077257d3225,run1_rep1,C,OPEN,OPEN,request,CACHE,HIT,0.03404199924261775,0.6804999993619276,INFO,adaptador.request,false,degradado,0.5717500007449416,9444.566470185,9444.567116643,9444.566436143,9444.567041935,CIRCUIT_OPEN,2026-09-05T00:05:47.765440Z
d1e2dde9-3d31-4cff-bfce-3983332a4c23,run1_rep1,C,OPEN,OPEN,request,CACHE,HIT,0.0295409990940243,0.6674159994872753,INFO,adaptador.request,false,degradado,0.5634170011035167,9444.577815018,9444.578452893,9444.577785477,9444.578378435,CIRCUIT_OPEN,2026-09-05T00:05:47.776771Z
0c146a34-6cac-46c5-83e7-a2d48fbcc5e3,run1_rep1,C,OPEN,OPEN,request,CACHE,HIT,0.03425000068091322,0.9345830003439914,INFO,adaptador.request,false,degradado,0.8333749992743833,9444.586935685,9444.587836018,9444.586901435,9444.58776906,CIRCUIT_OPEN,2026-09-05T00:05:47.786132Z
9c20d0d1-f54b-4fdb-aa3f-e96f96e8dbe7,run1_rep1,C,OPEN,OPEN,request,CACHE,HIT,0.021500000002561137,0.4673749990615761,INFO,adaptador.request,false,degradado,0.3934169999411097,9444.594879435,9444.59532531,9444.594857935,9444.595272852,CIRCUIT_OPEN,2026-09-05T00:05:47.793615Z
f8b01d3f-3bc2-4015-994f-95fa5fb0a309,run1_rep1,C,OPEN,OPEN,request,CACHE,HIT,0.015208999684546143,0.3892499989888165,INFO,adaptador.request,false,degradado,0.33541599987074733,9444.600881852,9444.601255893,9444.600866643,9444.601217268,CIRCUIT_OPEN,2026-09-05T00:05:47.799534Z
0883c858-dc5e-4745-bfad-176d2d93e38f,run1_rep1,C,OPEN,OPEN,request,CACHE,HIT,0.039000000469968654,0.6436250005208421,INFO,adaptador.request,false,degradado,0.5287500007398194,9444.71116506,9444.711769685,9444.71112606,9444.71169381,CIRCUIT_OPEN,2026-09-05T00:05:47.910087Z
51662267-1a6f-45cd-b4e2-e6dceef1a31b,run1_rep1,C,OPEN,OPEN,request,CACHE,HIT,0.03133300015178975,0.5942500010860385,INFO,adaptador.request,false,degradado,0.5080419996374985,9444.72281781,9444.723380727,9444.722786477,9444.723325852,CIRCUIT_OPEN,2026-09-05T00:05:47.921669Z
793ab558-a715-4678-a169-a022605a7a00,run1_rep1,C,OPEN,OPEN,request,CACHE,HIT,0.0457499991171062,0.6712499998684507,INFO,adaptador.request,false,degradado,0.5519999995158287,9444.767279185,9444.767904685,9444.767233435,9444.767831185,CIRCUIT_OPEN,2026-09-05T00:05:47.966212Z
a596bd73-0d02-4a07-b5a1-ff5a6a52a8cb,run1_rep1,C,OPEN,OPEN,request,CACHE,HIT,0.03854200076602865,0.6740839999110904,INFO,adaptador.request,false,degradado,0.5428330005088355,9444.79596981,9444.796605352,9444.795931268,9444.796512643,CIRCUIT_OPEN,2026-09-05T00:05:47.994936Z
cdfe2e5c-1ca9-437d-a325-07c3d3211c75,run1_rep1,C,OPEN,OPEN,request,CACHE,HIT,0.028417000066838227,0.4920840001432225,INFO,adaptador.request,false,degradado,0.40779200026008766,9444.799882685,9444.800346352,9444.799854268,9444.800290477,CIRCUIT_OPEN,2026-09-05T00:05:47.998645Z
587bb5b7-42b1-4fe2-8703-6697d6b28618,run1_rep1,C,OPEN,OPEN,request,CACHE,HIT,0.02895900070143398,0.5468340004881611,INFO,adaptador.request,false,degradado,0.44308299948170315,9444.805196727,9444.805714602,9444.805167768,9444.80563981,CIRCUIT_OPEN,2026-09-05T00:05:48.004031Z
708cb091-bea3-47eb-aa7e-e4264f7a3ad1,run1_rep1,C,OPEN,OPEN,request,CACHE,HIT,0.04979099867341574,0.8465409991913475,INFO,adaptador.request,false,degradado,0.6990420006331988,9444.927607393,9444.928404143,9444.927557602,9444.928306435,CIRCUIT_OPEN,2026-09-05T00:05:48.126724Z
ae1444e4-2b8e-47e9-b50f-94468a96e31f,run1_rep1,C,OPEN,OPEN,request,CACHE,HIT,0.06770899926777929,2.0360419985081535,INFO,adaptador.request,false,degradado,1.870291000159341,9444.996067102,9444.998035435,9444.995999393,9444.997937393,CIRCUIT_OPEN,2026-09-05T00:05:48.196827Z
3a8f8625-5691-40ac-a150-1ab1a5664b60,run1_rep1,C,OPEN,OPEN,request,CACHE,HIT,0.030416998924920335,1.2561249986902112,INFO,adaptador.request,false,degradado,1.1918750005861511,9444.997079477,9444.998305185,9444.99704906,9444.998271352,CIRCUIT_OPEN,2026-09-05T00:05:48.197111Z
382be429-4e42-45a9-95a6-5c1f53a21870,run1_rep1,C,OPEN,OPEN,request,CACHE,HIT,0.020041999960085377,0.9939169995050179,INFO,adaptador.request,false,degradado,0.94554200040875,9444.997571685,9444.99854556,9444.997551643,9444.998517227,CIRCUIT_OPEN,2026-09-05T00:05:48.197322Z
a937ce86-0ad6-4c18-9acd-a61fec91dff2,run1_rep1,C,OPEN,OPEN,request,CACHE,HIT,0.04437499956111424,0.722083999789902,INFO,adaptador.request,false,degradado,0.5924170000071172,9445.037115435,9445.037793144,9445.03707106,9445.037707852,CIRCUIT_OPEN,2026-09-05T00:05:48.236106Z
82cdcaa7-808a-422b-a035-2333a1f98e08,run1_rep1,C,OPEN,OPEN,request,CACHE,HIT,0.03699999979289714,0.6069169994589174,INFO,adaptador.request,false,degradado,0.49737500012270175,9445.060297185,9445.060867102,9445.060260185,9445.06079456,CIRCUIT_OPEN,2026-09-05T00:05:48.259176Z
0262c95d-d000-4520-8bb4-292bb24b18af,run1_rep1,C,OPEN,OPEN,request,CACHE,HIT,0.05487500129675027,0.7940409996081144,INFO,adaptador.request,false,degradado,0.6560409983649151,9445.185183269,9445.185922435,9445.185128394,9445.18583931,CIRCUIT_OPEN,2026-09-05T00:05:48.384234Z
ffd1d0b0-7a57-4b2c-bd42-db36252e96ea,run1_rep1,C,OPEN,OPEN,request,CACHE,HIT,0.032541998734814115,0.5954999996902188,INFO,adaptador.request,false,degradado,0.4894170015177224,9445.198348977,9445.198911935,9445.198316435,9445.198838394,CIRCUIT_OPEN,2026-09-05T00:05:48.397238Z
e1400eec-2ac3-4b40-af83-fdee940d39db,run1_rep1,C,OPEN,OPEN,request,CACHE,HIT,0.021750000087195076,0.6995839994488051,INFO,adaptador.request,false,degradado,0.6251670001802268,9445.205645185,9445.206323019,9445.205623435,9445.206270352,CIRCUIT_OPEN,2026-09-05T00:05:48.404617Z
cb164aa2-a2dd-4cdb-9beb-bd98d8441051,run1_rep1,C,OPEN,OPEN,request,CACHE,HIT,0.01766700006555766,0.6991250011196826,INFO,adaptador.request,false,degradado,0.636041000689147,9445.206199019,9445.206880477,9445.206181352,9445.20683506,CIRCUIT_OPEN,2026-09-05T00:05:48.405329Z
8172e644-7e92-4d21-ae9f-5837a7270fe0,run1_rep1,C,OPEN,OPEN,request,CACHE,HIT,0.016250000044237822,0.3399170000193408,INFO,adaptador.request,false,degradado,0.28720900081680156,9445.21086931,9445.211192977,9445.21085306,9445.211156519,CIRCUIT_OPEN,2026-09-05T00:05:48.409458Z
27136900-875a-4195-86ea-8a5df28cdfa3,run1_rep1,C,OPEN,OPEN,request,CACHE,HIT,0.012957998478668742,0.29841699870303273,INFO,adaptador.request,false,degradado,0.23945900102262385,9445.214631435,9445.214916894,9445.214618477,9445.214870894,CIRCUIT_OPEN,2026-09-05T00:05:48.413204Z
db20501f-b1c5-4f87-9446-07ce2f4b0254,run1_rep1,C,OPEN,OPEN,request,CACHE,HIT,0.05237500045041088,1.0484169997653225,INFO,adaptador.request,false,degradado,0.9114170006796485,9445.334670102,9445.335666144,9445.334617727,9445.335581519,CIRCUIT_OPEN,2026-09-05T00:05:48.533994Z
a3868032-b089-42d4-b545-d0b92669307b,run1_rep1,C,OPEN,OPEN,request,CACHE,HIT,0.024166000002878718,0.8519580005668104,INFO,adaptador.request,false,degradado,0.773292000303627,9445.33547206,9445.336299852,9445.335447894,9445.336245352,CIRCUIT_OPEN,2026-09-05T00:05:48.534810Z
80f0fd94-ec83-4b15-9126-f90ac53d5e5a,run1_rep1,C,OPEN,OPEN,request,CACHE,HIT,0.06199999916134402,0.7144159990275512,INFO,adaptador.request,false,degradado,0.5829580004501622,9445.400026144,9445.40067856,9445.399964144,9445.400609102,CIRCUIT_OPEN,2026-09-05T00:05:48.598977Z
43f12d7e-8b8a-4343-8bc4-1ba808a50c09,run1_rep1,C,OPEN,OPEN,request,CACHE,HIT,0.0323330004903255,0.5918750011915108,INFO,adaptador.request,false,degradado,0.5009169999539154,9445.413931477,9445.414491019,9445.413899144,9445.414432394,CIRCUIT_OPEN,2026-09-05T00:05:48.612790Z
52273e9c-8ef0-40d4-b649-e79f05107573,run1_rep1,C,OPEN,OPEN,request,CACHE,HIT,0.04325000008975621,1.0631249988364289,INFO,adaptador.request,false,degradado,0.9461669997108402,9445.460573935,9445.46159381,9445.460530685,9445.461520102,CIRCUIT_OPEN,2026-09-05T00:05:48.660185Z
4d8a3e12-ebb1-411e-b1a6-f4663b9a8905,run1_rep1,C,OPEN,OPEN,request,CACHE,HIT,0.020375000531203113,0.8364170007553184,INFO,adaptador.request,false,degradado,0.7682499999646097,9445.461064227,9445.461880269,9445.461043852,9445.461832477,CIRCUIT_OPEN,2026-09-05T00:05:48.660475Z
6fa1cf5f-3f85-42bb-ba73-a7599856bec7,run1_rep1,C,OPEN,OPEN,request,CACHE,HIT,0.0318750007863855,0.6681250015390106,INFO,adaptador.request,false,degradado,0.5667500008712523,9445.478156227,9445.478792477,9445.478124352,9445.478722977,CIRCUIT_OPEN,2026-09-05T00:05:48.677106Z
cc260679-9baa-4ccc-a5cc-8fb1623f9076,run1_rep1,C,OPEN,OPEN,request,CACHE,HIT,0.03516699871397577,0.8679579987074248,INFO,adaptador.request,false,degradado,0.7048330007819459,9445.499231769,9445.50006456,9445.499196602,9445.499936602,CIRCUIT_OPEN,2026-09-05T00:05:48.698384Z
07273272-2fb7-4ae9-885d-63b77190f805,run1_rep1,C,OPEN,OPEN,request,CACHE,HIT,0.04637500023818575,1.1581250000745058,INFO,adaptador.request,false,degradado,1.0257499998260755,9445.620661435,9445.621773185,9445.62061506,9445.621687185,CIRCUIT_OPEN,2026-09-05T00:05:48.820322Z
50aafadf-8a38-4e0f-82af-c9319c3dce51,run1_rep1,C,OPEN,OPEN,request,CACHE,HIT,0.02245799987576902,0.864957999510807,INFO,adaptador.request,false,degradado,0.7900840009824606,9445.62118656,9445.62202906,9445.621164102,9445.621976644,CIRCUIT_OPEN,2026-09-05T00:05:48.820635Z
0709c988-dccf-4493-aae6-b6cec8fad88a,run1_rep1,C,OPEN,OPEN,request,CACHE,HIT,0.028624999686144292,0.6258749999688007,INFO,adaptador.request,false,degradado,0.5265409999992698,9445.626991019,9445.627588269,9445.626962394,9445.62751756,CIRCUIT_OPEN,2026-09-05T00:05:48.825910Z
0f511973-c9cb-46a6-b76d-f1f58edb3e45,run1_rep1,C,OPEN,OPEN,request,CACHE,HIT,0.01783299921953585,0.41966699973272625,INFO,adaptador.request,false,degradado,0.34979200063389726,9445.649253685,9445.649655519,9445.649235852,9445.649603477,CIRCUIT_OPEN,2026-09-05T00:05:48.847947Z
b6e9129d-f8e5-4823-9f1d-57a04d4e751c,run1_rep1,C,OPEN,OPEN,request,CACHE,HIT,0.08533300024282653,0.8347499988303753,INFO,adaptador.request,false,degradado,0.669332999677863,9445.677079102,9445.677828519,9445.676993769,9445.677748435,CIRCUIT_OPEN,2026-09-05T00:05:48.876148Z
d96fce15-606e-4b0a-8c9a-ca41d511c317,run1_rep1,C,OPEN,OPEN,request,CACHE,HIT,0.02099999983329326,0.4358339992904803,INFO,adaptador.request,false,degradado,0.3631669987953501,9445.683336685,9445.683751519,9445.683315685,9445.683699852,CIRCUIT_OPEN,2026-09-05T00:05:48.882039Z
d7a6b597-5774-4fb0-ac03-9ffc374a9df1,run1_rep1,C,OPEN,OPEN,request,CACHE,HIT,0.03362500137882307,0.6431250003515743,INFO,adaptador.request,false,degradado,0.52920799862477,9445.739557561,9445.740167061,9445.739523936,9445.740086769,CIRCUIT_OPEN,2026-09-05T00:05:48.938482Z
bb6f7e47-00e5-4276-a857-e066897d9b87,run1_rep1,C,OPEN,OPEN,request,CACHE,HIT,0.03616600042732898,0.6332499997370178,INFO,adaptador.request,false,degradado,0.5207089998293668,9445.782651727,9445.783248811,9445.782615561,9445.783172436,CIRCUIT_OPEN,2026-09-05T00:05:48.981553Z
38648b5f-4c73-42ea-a380-732c2eae0ee6,run1_rep1,C,OPEN,OPEN,request,CACHE,HIT,0.03133300015178975,0.5095410015201196,INFO,adaptador.request,false,degradado,0.40345799970964435,9445.790097394,9445.790575602,9445.790066061,9445.790500852,CIRCUIT_OPEN,2026-09-05T00:05:48.988885Z
9ed58c64-a70d-41c9-8c16-ab6c3d609d44,run1_rep1,C,OPEN,OPEN,request,CACHE,HIT,0.04545899901131634,0.7326249997277046,INFO,adaptador.request,false,degradado,0.6102080005803145,9445.849885061,9445.850572227,9445.849839602,9445.850495269,CIRCUIT_OPEN,2026-09-05T00:05:49.048880Z
0f556c38-f68b-425e-97f2-dc6f31cc2620,run1_rep1,C,OPEN,OPEN,request,CACHE,HIT,0.06258400026126765,0.6339999999909196,INFO,adaptador.request,false,degradado,0.4857909989368636,9445.876031936,9445.876603352,9445.875969352,9445.876517727,CIRCUIT_OPEN,2026-09-05T00:05:49.074902Z
bcccc08c-fd32-4a3f-a061-8ac8599ff312,run1_rep1,C,OPEN,OPEN,request,CACHE,HIT,0.03658300011011306,0.656540998534183,INFO,adaptador.request,false,degradado,0.5466249986056937,9445.900684894,9445.901304852,9445.900648311,9445.901231519,CIRCUIT_OPEN,2026-09-05T00:05:49.099618Z
0d367b6b-1792-4cd0-9f3c-c242aa5afb43,run1_rep1,C,OPEN,OPEN,request,CACHE,HIT,0.033166999855893664,0.6747089992131805,INFO,adaptador.request,false,degradado,0.5578330001299037,9445.918812144,9445.919453686,9445.918778977,9445.919369977,CIRCUIT_OPEN,2026-09-05T00:05:49.117764Z
78625540-c0ae-49c0-bc5a-bc0009e20c9f,run1_rep1,C,OPEN,OPEN,request,CACHE,HIT,0.04429100044944789,0.7439159999194089,INFO,adaptador.request,false,degradado,0.6065839988877997,9445.947254602,9445.947954227,9445.947210311,9445.947861186,CIRCUIT_OPEN,2026-09-05T00:05:49.146293Z
45525293-9433-43d0-9cbc-172808beecdb,run1_rep1,C,OPEN,OPEN,request,CACHE,HIT,0.03308300074422732,0.7558750003227033,INFO,adaptador.request,false,degradado,0.6575000006705523,9445.952135644,9445.952858436,9445.952102561,9445.952793144,CIRCUIT_OPEN,2026-09-05T00:05:49.151155Z
8c639056-2602-4699-9819-ba59741da5e4,run1_rep1,C,OPEN,OPEN,request,CACHE,HIT,0.03258300057495944,0.7182499994087266,INFO,adaptador.request,false,degradado,0.6128749992058147,9445.983757394,9445.984443061,9445.983724811,9445.984370269,CIRCUIT_OPEN,2026-09-05T00:05:49.182760Z
56f237db-a36f-4cb3-945b-75bceaf68af7,run1_rep1,C,OPEN,OPEN,request,CACHE,HIT,0.03041700074390974,0.5117920009070076,INFO,adaptador.request,false,degradado,0.42054199911945034,9446.015390769,9446.015872144,9446.015360352,9446.015811311,CIRCUIT_OPEN,2026-09-05T00:05:49.214156Z
1a8e9c6a-cb6d-47b1-8a48-5e35cf989527,run1_rep1,C,OPEN,OPEN,request,CACHE,HIT,0.03337500129418913,0.6170830001792638,INFO,adaptador.request,false,degradado,0.5150409997440875,9446.077562811,9446.078146519,9446.077529436,9446.078077852,CIRCUIT_OPEN,2026-09-05T00:05:49.276464Z
fa4cc64b-e6ce-4c79-ae7e-9223ac3c6c91,run1_rep1,C,OPEN,OPEN,request,CACHE,HIT,0.034500000765547156,0.605708000875893,INFO,adaptador.request,false,degradado,0.5112500002724119,9446.093629936,9446.094201144,9446.093595436,9446.094141186,CIRCUIT_OPEN,2026-09-05T00:05:49.292494Z
614cd243-a379-4284-a8cd-ef99c07ba814,run1_rep1,C,OPEN,OPEN,request,CACHE,HIT,0.05808400055684615,0.7988750003278255,INFO,adaptador.request,false,degradado,0.6662079995294334,9446.154795561,9446.155536352,9446.154737477,9446.155461769,CIRCUIT_OPEN,2026-09-05T00:05:49.353837Z
21024b27-4da9-44f3-b02c-03e5a401a7f7,run1_rep1,C,OPEN,OPEN,request,CACHE,HIT,0.0379169996449491,0.6373329997586552,INFO,adaptador.request,false,degradado,0.5272910002531717,9446.203915811,9446.204515227,9446.203877894,9446.204443102,CIRCUIT_OPEN,2026-09-05T00:05:49.402821Z
ef24807c-86ae-4956-a523-6bc173fe2f1d,run1_rep1,C,OPEN,OPEN,request,CACHE,HIT,0.022500000341096893,0.47091600026760716,INFO,adaptador.request,false,degradado,0.37204099862719886,9446.223456186,9446.223904602,9446.223433686,9446.223828227,CIRCUIT_OPEN,2026-09-05T00:05:49.422242Z
b0990d7b-8d81-442a-ba3e-ebc1b7bacc3d,run1_rep1,C,OPEN,OPEN,request,CACHE,HIT,0.02237499938928522,0.4713750004157191,INFO,adaptador.request,false,degradado,0.3798340003413614,9446.226589602,9446.227038602,9446.226567227,9446.226969436,CIRCUIT_OPEN,2026-09-05T00:05:49.425339Z
4c5f865d-c132-48cc-9e16-16e865694346,run1_rep1,C,OPEN,OPEN,request,CACHE,HIT,0.040499999158782884,1.0545000004640315,INFO,adaptador.request,false,degradado,0.9431660000700504,9446.263858436,9446.264872436,9446.263817936,9446.264801602,CIRCUIT_OPEN,2026-09-05T00:05:49.463452Z
0c3dc735-e786-4ca2-a9be-62c790f18b3d,run1_rep1,C,OPEN,OPEN,request,CACHE,HIT,0.02183399919886142,0.8127499986585462,INFO,adaptador.request,false,degradado,0.7407909997709794,9446.264354686,9446.265145602,9446.264332852,9446.265095477,CIRCUIT_OPEN,2026-09-05T00:05:49.463713Z
e69b2919-26a2-4b51-8a05-cf30af878e94,run1_rep1,C,OPEN,OPEN,request,CACHE,HIT,0.04733300011139363,0.7563330000266433,INFO,adaptador.request,false,degradado,0.6124169995018747,9446.315247394,9446.315956394,9446.315200061,9446.315859811,CIRCUIT_OPEN,2026-09-05T00:05:49.514308Z
97ee7302-a0ea-4963-8d5e-502837411480,run1_rep1,C,OPEN,OPEN,request,CACHE,HIT,0.04958300087309908,0.7611660003021825,INFO,adaptador.request,false,degradado,0.6330830001388676,9446.358536894,9446.359248477,9446.358487311,9446.359169977,CIRCUIT_OPEN,2026-09-05T00:05:49.557545Z
5e0288a4-986b-4fd5-b2da-f9acc13400da,run1_rep1,C,OPEN,OPEN,request,CACHE,HIT,0.0334169999405276,0.7045419988571666,INFO,adaptador.request,false,degradado,0.5501670002558967,9446.366893144,9446.367564269,9446.366859727,9446.367443311,CIRCUIT_OPEN,2026-09-05T00:05:49.565902Z
32dbed0a-45ff-4f91-9d66-e0ff09f13520,run1_rep1,C,OPEN,OPEN,request,CACHE,HIT,0.024375000066356733,0.5044169993198011,INFO,adaptador.request,false,degradado,0.41450000026088674,9446.370382227,9446.370862269,9446.370357852,9446.370796727,CIRCUIT_OPEN,2026-09-05T00:05:49.569169Z
142fa57d-848d-4875-9b2b-633f11e72ac5,run1_rep1,C,OPEN,OPEN,request,CACHE,HIT,0.018541000827099197,0.4315830010455102,INFO,adaptador.request,false,degradado,0.35437499900581315,9446.392367102,9446.392780144,9446.392348561,9446.392721477,CIRCUIT_OPEN,2026-09-05T00:05:49.591082Z
3682ad04-be60-4681-b7bc-270f36f0a782,run1_rep1,C,OPEN,OPEN,request,CACHE,HIT,0.047540999730699696,0.7833330000721617,INFO,adaptador.request,false,degradado,0.655416999506997,9446.509963269,9446.510699061,9446.509915728,9446.510618686,CIRCUIT_OPEN,2026-09-05T00:05:49.709004Z
a4c4639f-ef1d-4eef-aa78-391eb0b97686,run1_rep1,C,OPEN,OPEN,request,CACHE,HIT,0.048040999899967574,0.6808329999330454,INFO,adaptador.request,false,degradado,0.5499590006365906,9446.548034894,9446.548667686,9446.547986853,9446.548584853,CIRCUIT_OPEN,2026-09-05T00:05:49.746983Z
46b9a4ee-6e7e-48e4-8cae-73ba93116931,run1_rep1,C,OPEN,OPEN,request,CACHE,HIT,0.033541000448167324,0.7062080003379378,INFO,adaptador.request,false,degradado,0.586000000112108,9446.566560144,9446.567232811,9446.566526603,9446.567146144,CIRCUIT_OPEN,2026-09-05T00:05:49.765550Z
46a55feb-8212-43a1-8d2e-1081505eb1a7,run1_rep1,C,OPEN,OPEN,request,CACHE,HIT,0.043000000005122274,0.6644160002906574,INFO,adaptador.request,false,degradado,0.5374160009523621,9446.649345728,9446.649967144,9446.649302728,9446.649883144,CIRCUIT_OPEN,2026-09-05T00:05:49.848313Z
27c153f1-6cab-491e-9644-395ef693c59d,run1_rep1,C,OPEN,OPEN,request,CACHE,HIT,0.047375000576721504,1.1388330003683222,INFO,adaptador.request,false,degradado,0.998333000097773,9446.718332311,9446.719423769,9446.718284936,9446.719330644,CIRCUIT_OPEN,2026-09-05T00:05:49.918700Z
1a825124-e20c-45a1-80d4-7a9a313a3711,run1_rep1,C,OPEN,OPEN,request,CACHE,HIT,0.02208399928349536,1.4724169996043202,INFO,adaptador.request,false,degradado,1.4016250006534392,9446.718825478,9446.720275811,9446.718803394,9446.720227103,CIRCUIT_OPEN,2026-09-05T00:05:49.918977Z
089894a9-6047-44d6-82ca-534e2d7a6ced,run1_rep1,C,OPEN,OPEN,request,CACHE,HIT,0.022124999304651283,1.0088749986607581,INFO,adaptador.request,false,degradado,0.9420000005775364,9446.720122728,9446.721109478,9446.720100603,9446.721064728,CIRCUIT_OPEN,2026-09-05T00:05:49.919692Z
d20f1236-d364-4cfe-bc6b-85c6f07660c0,run1_rep1,C,OPEN,OPEN,request,CACHE,HIT,0.02712499917834066,0.5767079983343137,INFO,adaptador.request,false,degradado,0.4409579996718094,9446.731526353,9446.732075936,9446.731499228,9446.731967311,CIRCUIT_OPEN,2026-09-05T00:05:49.930398Z
e98d2ee6-adba-42b1-9dfc-0561bb3d5a9c,run1_rep1,C,OPEN,OPEN,request,CACHE,HIT,0.018834000002243556,0.3900419997080462,INFO,adaptador.request,false,degradado,0.30966600024839863,9446.739588728,9446.739959936,9446.739569894,9446.739898394,CIRCUIT_OPEN,2026-09-05T00:05:49.938295Z
be31716f-f64d-4cdb-8a1c-b6aae08552ee,run1_rep1,C,OPEN,OPEN,request,CACHE,HIT,0.01608300044608768,0.40433300091535784,INFO,adaptador.request,false,degradado,0.33320799957436975,9446.757855811,9446.758244061,9446.757839728,9446.758189019,CIRCUIT_OPEN,2026-09-05T00:05:49.956533Z
2b28823b-ce91-418f-8d1f-d34f3caf7d9f,run1_rep1,C,OPEN,OPEN,request,CACHE,HIT,0.03525000101944897,0.6498330003523733,INFO,adaptador.request,false,degradado,0.5514999993465608,9446.800530811,9446.801145394,9446.800495561,9446.801082311,CIRCUIT_OPEN,2026-09-05T00:05:49.999436Z
41af4659-0cee-4084-8e16-5b5632e6e02c,run1_rep1,C,OPEN,OPEN,request,CACHE,HIT,0.032875001124921255,0.6290420005825581,INFO,adaptador.request,false,degradado,0.5271249992802041,9446.816301769,9446.816897936,9446.816268894,9446.816828894,CIRCUIT_OPEN,2026-09-05T00:05:50.015216Z
703e18e1-d0c4-4a79-baff-288b8896c085,run1_rep1,C,OPEN,OPEN,request,CACHE,HIT,0.04891599928669166,0.8446659994660877,INFO,adaptador.request,false,degradado,0.6985420004639309,9446.954776644,9446.955572394,9446.954727728,9446.955475186,CIRCUIT_OPEN,2026-09-05T00:05:50.153900Z
51db97cc-3ef6-4f8e-bec6-55a411d002a9,run1_rep1,C,OPEN,OPEN,request,CACHE,HIT,0.030375000278581865,0.5407089993241243,INFO,adaptador.request,false,degradado,0.4476670001167804,9446.967458019,9446.967968353,9446.967427644,9446.967905686,CIRCUIT_OPEN,2026-09-05T00:05:50.166281Z
db3d6f36-5d7a-4bd0-a499-9bb414fa2c3c,run1_rep1,C,OPEN,OPEN,request,CACHE,HIT,0.016666999727021903,0.7100000002537854,INFO,adaptador.request,false,degradado,0.6036659997334937,9447.005966978,9447.006660311,9447.005950311,9447.006570644,CIRCUIT_OPEN,2026-09-05T00:05:50.205321Z
b8761592-f1bf-4589-b7b9-1dc33f6b8619,run1_rep1,C,OPEN,OPEN,request,CACHE,HIT,0.04483299926505424,1.4300000002549496,INFO,adaptador.request,false,degradado,1.326667001194437,9447.005589686,9447.006974853,9447.005544853,9447.006916353,CIRCUIT_OPEN,2026-09-05T00:05:50.205633Z
8b2a5ee6-ac66-4aaf-a895-362c8bfcc1df,run1_rep1,C,OPEN,OPEN,request,CACHE,HIT,0.02991700057464186,0.5828339999425225,INFO,adaptador.request,false,degradado,0.4950420006935019,9447.018712936,9447.019265853,9447.018683019,9447.019207978,CIRCUIT_OPEN,2026-09-05T00:05:50.217566Z
19157fdc-09d1-4540-952e-393c952bef28,run1_rep1,C,OPEN,OPEN,request,CACHE,HIT,0.03304199890408199,0.9011250003823079,INFO,adaptador.request,false,degradado,0.7985829997778637,9447.062359061,9447.063227144,9447.062326019,9447.063157644,CIRCUIT_OPEN,2026-09-05T00:05:50.261549Z
e6556e76-6868-4b7e-a406-f97bf0700047,run1_rep1,C,OPEN,OPEN,request,CACHE,HIT,0.044207999962964095,0.9845829990808852,INFO,adaptador.request,false,degradado,0.880208999660681,9447.063074644,9447.064015019,9447.063030436,9447.063954853,CIRCUIT_OPEN,2026-09-05T00:05:50.262306Z
474a037f-63b5-4cf4-af18-b121c22e827e,run1_rep1,C,OPEN,OPEN,request,CACHE,HIT,0.04508300116867758,0.7697500004724134,INFO,adaptador.request,false,degradado,0.6377499994414393,9447.115876853,9447.11660152,9447.11583177,9447.116514603,CIRCUIT_OPEN,2026-09-05T00:05:50.314921Z
214c60b0-3cec-4ae5-afd4-901cae1216a4,run1_rep1,C,OPEN,OPEN,request,CACHE,HIT,0.04766700112668332,0.705917000232148,INFO,adaptador.request,false,degradado,0.573207998968428,9447.13103677,9447.13169502,9447.130989103,9447.131609978,CIRCUIT_OPEN,2026-09-05T00:05:50.330009Z
5e0370dd-32e6-4fc9-8db4-b8985f68446e,run1_rep1,C,OPEN,OPEN,request,CACHE,HIT,0.02366599983361084,0.44637500104727224,INFO,adaptador.request,false,degradado,0.3758750008273637,9447.132499811,9447.13292252,9447.132476145,9447.132875686,CIRCUIT_OPEN,2026-09-05T00:05:50.331213Z
d8172280-1f6a-4670-a7b5-11c1b47fc0a1,run1_rep1,C,OPEN,OPEN,request,CACHE,HIT,0.05020800017518923,0.8429999998043058,INFO,adaptador.request,false,degradado,0.6986250009504147,9447.269731728,9447.27052452,9447.26968152,9447.270430353,CIRCUIT_OPEN,2026-09-05T00:05:50.468847Z
691e2989-c340-415c-9438-99085b698493,run1_rep1,C,OPEN,OPEN,request,CACHE,HIT,0.037666000935132615,0.5897499995626276,INFO,adaptador.request,false,degradado,0.4762089993164409,9447.289556936,9447.29010902,9447.28951927,9447.290033145,CIRCUIT_OPEN,2026-09-05T00:05:50.488421Z
1707196e-5355-4414-bc59-059cf02f0c9f,run1_rep1,C,OPEN,OPEN,request,CACHE,HIT,0.04679199992096983,1.104375000068103,INFO,adaptador.request,false,degradado,0.9739999986777548,9447.342380853,9447.343438436,9447.342334061,9447.343354853,CIRCUIT_OPEN,2026-09-05T00:05:50.542020Z
c7b1e8f7-40f1-4516-8fe3-b359521844cb,run1_rep1,C,OPEN,OPEN,request,CACHE,HIT,0.01808299930416979,0.9077079994312953,INFO,adaptador.request,false,degradado,0.848292000227957,9447.342814728,9447.343704353,9447.342796645,9447.34366302,CIRCUIT_OPEN,2026-09-05T00:05:50.542373Z
69d1fdd1-4e73-4d94-a11e-49a7dd7aa2ac,run1_rep1,C,OPEN,OPEN,request,CACHE,HIT,0.05395900006988086,1.0125419994437834,INFO,adaptador.request,false,degradado,0.8592499998485437,9447.379953145,9447.380911728,9447.379899186,9447.380812395,CIRCUIT_OPEN,2026-09-05T00:05:50.579252Z
45c040fb-603c-41f2-86be-3dd2952e189e,run1_rep1,C,OPEN,OPEN,request,CACHE,HIT,0.05000000055588316,0.7838340006856015,INFO,adaptador.request,false,degradado,0.6438340005843202,9447.431463436,9447.43219727,9447.431413436,9447.43210727,CIRCUIT_OPEN,2026-09-05T00:05:50.630517Z
1e5f5126-b24c-4873-a243-94c3f7329fb1,run1_rep1,C,OPEN,OPEN,request,CACHE,HIT,0.055374999647028744,1.982542000405374,INFO,adaptador.request,false,degradado,1.8291249998583226,9447.508364561,9447.510291728,9447.508309186,9447.510193686,CIRCUIT_OPEN,2026-09-05T00:05:50.708609Z
e111e40e-3d49-489a-950e-0bb3bc9207fd,run1_rep1,C,OPEN,OPEN,request,CACHE,HIT,0.019875000361935236,2.2628330007137265,INFO,adaptador.request,false,degradado,2.1892500008107163,9447.508829728,9447.511072686,9447.508809853,9447.511018978,CIRCUIT_OPEN,2026-09-05T00:05:50.709891Z
3562e759-002c-4037-b0b8-306bcdaaec1d,run1_rep1,C,OPEN,OPEN,request,CACHE,HIT,0.03004099926329218,1.688291000391473,INFO,adaptador.request,false,degradado,1.6089170003397157,9447.509913061,9447.511571311,9447.50988302,9447.511521978,CIRCUIT_OPEN,2026-09-05T00:05:50.710187Z
38f57bbd-dba2-4eec-a4b5-bc6a6110195f,run1_rep1,C,OPEN,OPEN,request,CACHE,HIT,0.051375000111875124,0.8697920002305182,INFO,adaptador.request,false,degradado,0.7171670004026964,9447.613947228,9447.614765645,9447.613895853,9447.614664395,CIRCUIT_OPEN,2026-09-05T00:05:50.813089Z
3d388647-ea2d-419d-aed3-0dce6093c535,run1_rep1,C,OPEN,OPEN,request,CACHE,HIT,0.045541999497800134,0.658583998301765,INFO,adaptador.request,false,degradado,0.5185419995541451,9447.619597728,9447.62021077,9447.619552186,9447.62011627,CIRCUIT_OPEN,2026-09-05T00:05:50.818535Z
799c2cbc-5924-4b37-9ea1-67c68ce8c5e6,run1_rep1,C,OPEN,OPEN,request,CACHE,HIT,0.021083998944959603,0.44004199844493996,INFO,adaptador.request,false,degradado,0.3545830004441086,9447.639209395,9447.639628353,9447.639188311,9447.639563978,CIRCUIT_OPEN,2026-09-05T00:05:50.837943Z
604547cc-7621-4808-9afd-87c196715e54,run1_rep1,C,OPEN,OPEN,request,CACHE,HIT,0.05083299947727937,1.346082999589271,INFO,adaptador.request,false,degradado,1.2135830002080183,9447.702945353,9447.704240603,9447.70289452,9447.704158936,CIRCUIT_OPEN,2026-09-05T00:05:50.902744Z
f231366e-c29e-428f-aa81-39f9c7df08d4,run1_rep1,C,OPEN,OPEN,request,CACHE,HIT,0.019999999494757503,1.021957999910228,INFO,adaptador.request,false,degradado,0.9743749997142004,9447.703454978,9447.704456936,9447.703434978,9447.704429353,CIRCUIT_OPEN,2026-09-05T00:05:50.903046Z
7d165956-5294-4827-bce7-07d22af43708,run1_rep1,C,OPEN,OPEN,request,CACHE,HIT,0.04324999827076681,0.706374999936088,INFO,adaptador.request,false,degradado,0.5977079999865964,9447.714789478,9447.715452603,9447.714746228,9447.715387186,CIRCUIT_OPEN,2026-09-05T00:05:50.913753Z
919786e0-51d4-402f-8715-844c945c0e1c,run1_rep1,C,OPEN,OPEN,request,CACHE,HIT,0.046208999265218154,0.7333749999816064,INFO,adaptador.request,false,degradado,0.6080830007704208,9447.77647702,9447.777164186,9447.776430811,9447.777085103,CIRCUIT_OPEN,2026-09-05T00:05:50.975470Z
919e2a64-f284-4c09-bda3-b1e8d0f48ab7,run1_rep1,C,OPEN,OPEN,request,CACHE,HIT,0.029208000341895968,0.528082999153412,INFO,adaptador.request,false,degradado,0.4378339999675518,9447.788592561,9447.789091436,9447.788563353,9447.789030395,CIRCUIT_OPEN,2026-09-05T00:05:50.987397Z
e31b6790-fb2a-4458-8828-087d2eba1243,run1_rep1,C,OPEN,OPEN,request,CACHE,HIT,0.0352080005541211,0.6240420007088687,INFO,adaptador.request,false,degradado,0.5186670005059568,9447.835975353,9447.836564187,9447.835940145,9447.83649402,CIRCUIT_OPEN,2026-09-05T00:05:51.034880Z
84327d35-bc7a-47b2-8c43-9e9ccb8bf2d1,run1_rep1,C,OPEN,OPEN,request,CACHE,HIT,0.03483300133666489,0.5692080012522638,INFO,adaptador.request,false,degradado,0.47095799891394563,9447.84431202,9447.844846395,9447.844277187,9447.844782978,CIRCUIT_OPEN,2026-09-05T00:05:51.043143Z
156d999e-e839-44ea-ad51-2235cebc1228,run1_rep1,C,OPEN,OPEN,request,CACHE,HIT,0.03354199907334987,0.7459999997081468,INFO,adaptador.request,false,degradado,0.6260419995669508,9447.88986702,9447.890579478,9447.889833478,9447.890493062,CIRCUIT_OPEN,2026-09-05T00:05:51.088898Z
a58ada44-a551-47d6-9f3d-3b657ee2b809,run1_rep1,C,OPEN,OPEN,request,CACHE,HIT,0.03720899985637516,0.6328750005195616,INFO,adaptador.request,false,degradado,0.5222910003794823,9447.926530812,9447.927126478,9447.926493603,9447.927053103,CIRCUIT_OPEN,2026-09-05T00:05:51.125444Z
b0c19462-0c47-4881-bb53-551e97b5f3c9,run1_rep1,C,OPEN,OPEN,request,CACHE,HIT,0.018000000636675395,0.9319580003648298,INFO,adaptador.request,false,degradado,0.865624999278225,9447.972529062,9447.97344302,9447.972511062,9447.973394687,CIRCUIT_OPEN,2026-09-05T00:05:51.171730Z
eeb4800f-bfb6-46c9-b1b5-f222a5a46c2e,run1_rep1,C,OPEN,OPEN,request,CACHE,HIT,0.07154099876061082,1.1732499988283962,INFO,adaptador.request,false,degradado,1.0003750012401724,9447.972067353,9447.973169062,9447.971995812,9447.973067728,CIRCUIT_OPEN,2026-09-05T00:05:51.172017Z
7d2fa793-d1d8-4eb7-8658-c84fba5d6e61,run1_rep1,C,OPEN,OPEN,request,CACHE,HIT,0.04612500015355181,0.5915410001762211,INFO,adaptador.request,false,degradado,0.4842910002480494,9447.978016937,9447.978562353,9447.977970812,9447.978501228,CIRCUIT_OPEN,2026-09-05T00:05:51.176875Z
2c4cb17b-e7df-4e17-9ddf-0fe974c50407,run1_rep1,C,OPEN,OPEN,request,CACHE,HIT,0.039542001104564406,0.8621249999123393,INFO,adaptador.request,false,degradado,0.5733749985665781,9448.014910145,9448.015732728,9448.014870603,9448.01548352,CIRCUIT_OPEN,2026-09-05T00:05:51.214153Z
f7983d0f-d2b2-46c0-bcc6-12a92fbed5fa,run1_rep1,C,OPEN,OPEN,request,CACHE,HIT,0.04304200047045015,0.7247920002555475,INFO,adaptador.request,false,degradado,0.5820000005769543,9448.05510227,9448.05578402,9448.055059228,9448.05568427,CIRCUIT_OPEN,2026-09-05T00:05:51.254179Z
4fe29472-3340-49e3-a611-95e8bf57e6e1,run1_rep1,C,OPEN,OPEN,request,CACHE,HIT,0.03495900091365911,0.6231670013221446,INFO,adaptador.request,false,degradado,0.5121249996591359,9448.070927687,9448.071515895,9448.070892728,9448.071439812,CIRCUIT_OPEN,2026-09-05T00:05:51.269838Z
50d962ca-1c49-4be6-8183-512d94c8efd8,run1_rep1,C,OPEN,OPEN,request,CACHE,HIT,0.03616700087150093,0.6024170015734853,INFO,adaptador.request,false,degradado,0.49133299944514874,9448.14441427,9448.14498052,9448.144378103,9448.144905603,CIRCUIT_OPEN,2026-09-05T00:05:51.343317Z
b219d6b9-5e4b-435c-800a-feccf9cf4d1c,run1_rep1,C,OPEN,OPEN,request,CACHE,HIT,0.035166000088793226,0.6149159999040421,INFO,adaptador.request,false,degradado,0.5095420001453022,9448.189840978,9448.190420728,9448.189805812,9448.19035052,CIRCUIT_OPEN,2026-09-05T00:05:51.388740Z
138006ed-4bc3-4fd9-9b93-635486c60734,run1_rep1,C,OPEN,OPEN,request,CACHE,HIT,0.05229199996392708,0.7697090004512575,INFO,adaptador.request,false,degradado,0.6344169996737037,9448.203688145,9448.204405562,9448.203635853,9448.204322562,CIRCUIT_OPEN,2026-09-05T00:05:51.402714Z
d1ce146c-4135-49cf-8359-502ecc3d1a69,run1_rep1,C,OPEN,OPEN,request,CACHE,HIT,0.04858299871557392,0.8664159995532827,INFO,adaptador.request,false,degradado,0.736707999749342,9448.22176877,9448.222586603,9448.221720187,9448.222505478,CIRCUIT_OPEN,2026-09-05T00:05:51.420883Z
66db83ce-6786-4e4a-a567-a13ebe5fa89f,run1_rep1,C,OPEN,OPEN,request,CACHE,HIT,0.05729199983761646,1.1316669988445938,INFO,adaptador.request,false,degradado,0.9922079989337362,9448.264814062,9448.265888437,9448.26475677,9448.26580627,CIRCUIT_OPEN,2026-09-05T00:05:51.464457Z
379f7afe-c051-433b-ab16-89e92a050a8f,run1_rep1,C,OPEN,OPEN,request,CACHE,HIT,0.015999999959603883,0.8902089994080598,INFO,adaptador.request,false,degradado,0.8385840010305401,9448.265287478,9448.266161687,9448.265271478,9448.266126062,CIRCUIT_OPEN,2026-09-05T00:05:51.464773Z
c9942e55-d60a-49fc-82de-3f55eb668e06,run1_rep1,C,OPEN,OPEN,request,CACHE,HIT,0.030250001145759597,0.5367080011637881,INFO,adaptador.request,false,degradado,0.4555830000754213,9448.274294687,9448.274801145,9448.274264437,9448.27475027,CIRCUIT_OPEN,2026-09-05T00:05:51.473082Z
f800ccea-eccc-47f8-9718-2b659faee32e,run1_rep1,C,OPEN,OPEN,request,CACHE,HIT,0.02741599928413052,0.6357080001180293,INFO,adaptador.request,false,degradado,0.5450839998957235,9448.287950728,9448.28855902,9448.287923312,9448.288495812,CIRCUIT_OPEN,2026-09-05T00:05:51.486847Z
0d16db5e-a76e-419d-b329-bc4448e3aa4b,run1_rep1,C,OPEN,OPEN,request,CACHE,HIT,0.054457999794976786,0.7882499994593672,INFO,adaptador.request,false,degradado,0.6450830005633179,9448.35813327,9448.358867062,9448.358078812,9448.358778353,CIRCUIT_OPEN,2026-09-05T00:05:51.557182Z
d8413a04-1f0d-4c29-83f8-f38367c61b02,run1_rep1,C,OPEN,OPEN,request,CACHE,HIT,0.036375000490807,0.6102500010456424,INFO,adaptador.request,false,degradado,0.5034169989812654,9448.378254645,9448.37882852,9448.37821827,9448.378758062,CIRCUIT_OPEN,2026-09-05T00:05:51.577144Z
f4374516-1373-4b97-bd08-a29887aaa187,run1_rep1,C,OPEN,OPEN,request,CACHE,HIT,0.035667000702233054,0.653584000247065,INFO,adaptador.request,false,degradado,0.5488330007210607,9448.40065227,9448.401270187,9448.400616603,9448.401201103,CIRCUIT_OPEN,2026-09-05T00:05:51.599572Z
b8d52a33-3fe9-415a-9eae-cde228a4544c,run1_rep1,C,OPEN,OPEN,request,CACHE,HIT,0.035208999179303646,0.6027089984854683,INFO,adaptador.request,false,degradado,0.49858300008054357,9448.417524437,9448.418091937,9448.417489228,9448.41802302,CIRCUIT_OPEN,2026-09-05T00:05:51.616397Z
20568275-7d0f-48b1-adfe-1cb46481de77,run1_rep1,C,OPEN,OPEN,request,CACHE,HIT,0.03887499951815698,0.6066249989089556,INFO,adaptador.request,false,degradado,0.49616700016485993,9448.437235145,9448.437802895,9448.43719627,9448.437731312,CIRCUIT_OPEN,2026-09-05T00:05:51.636115Z
ee563c3a-ac02-4580-ac95-51f9e740cd57,run1_rep1,C,OPEN,OPEN,request,CACHE,HIT,0.029707998692174442,0.8295829993585357,INFO,adaptador.request,false,degradado,0.7421670015901327,9448.447410603,9448.448210478,9448.447380895,9448.44815277,CIRCUIT_OPEN,2026-09-05T00:05:51.646508Z
c8984622-0676-4345-8e56-0ff1a816ae01,run1_rep1,C,OPEN,OPEN,request,CACHE,HIT,0.014000001101521775,0.9223750003002351,INFO,adaptador.request,false,degradado,0.8652919987071073,9448.447795603,9448.448703978,9448.447781603,9448.448660895,CIRCUIT_OPEN,2026-09-05T00:05:51.647146Z
1549887a-5e6e-4f8d-b76e-729b5ace8037,run1_rep1,C,OPEN,OPEN,request,CACHE,HIT,0.04495899884204846,0.7539170001109596,INFO,adaptador.request,false,degradado,0.6182080014696112,9448.516411104,9448.517120062,9448.516366145,9448.517029312,CIRCUIT_OPEN,2026-09-05T00:05:51.715433Z
9a4a102f-2855-49db-b523-b3b3ee6f53b8,run1_rep1,C,OPEN,OPEN,request,CACHE,HIT,0.034249998861923814,0.5802079995191889,INFO,adaptador.request,false,degradado,0.4776250007125782,9448.551221687,9448.551767645,9448.551187437,9448.551699312,CIRCUIT_OPEN,2026-09-05T00:05:51.750070Z
69bdf11f-5ee6-4561-af7e-112b8c2e2d85,run1_rep1,C,OPEN,OPEN,request,CACHE,HIT,0.0480840008094674,0.7397089993901318,INFO,adaptador.request,false,degradado,0.5894579990126658,9448.568397229,9448.569088854,9448.568349145,9448.568986687,CIRCUIT_OPEN,2026-09-05T00:05:51.767402Z
c05694a8-0a32-4421-a26b-ba092f2ee86f,run1_rep1,C,OPEN,OPEN,request,CACHE,HIT,0.03858299896819517,0.5844579991389764,INFO,adaptador.request,false,degradado,0.47258300037356094,9448.601356812,9448.601902687,9448.601318229,9448.601829395,CIRCUIT_OPEN,2026-09-05T00:05:51.800215Z
fd102fdf-7ebb-44ef-af1a-586428e878a1,run1_rep1,C,OPEN,OPEN,request,CACHE,HIT,0.03129099968646187,0.5432500001916196,INFO,adaptador.request,false,degradado,0.4481670002860483,9448.61921802,9448.619729979,9448.619186729,9448.619666187,CIRCUIT_OPEN,2026-09-05T00:05:51.818039Z
b98205df-9b76-4415-bb7b-8899913b7595,run1_rep1,C,OPEN,OPEN,request,CACHE,HIT,0.029333999918890186,0.5521249986486509,INFO,adaptador.request,false,degradado,0.46145799933583476,9448.627469229,9448.62799202,9448.627439895,9448.627930687,CIRCUIT_OPEN,2026-09-05T00:05:51.826313Z
48c33602-d469-4ec1-9fc1-d50b9b0afa2d,run1_rep1,C,OPEN,OPEN,request,CACHE,HIT,0.04516700028034393,0.7085420002113096,INFO,adaptador.request,false,degradado,0.5737499996030238,9448.682102354,9448.682765729,9448.682057187,9448.682676104,CIRCUIT_OPEN,2026-09-05T00:05:51.881117Z
a4317d4e-781d-4e9e-8b81-3719b55431f4,run1_rep1,C,OPEN,OPEN,request,CACHE,HIT,0.046958000893937424,1.1630829994828673,INFO,adaptador.request,false,degradado,1.0340829994675005,9448.741614562,9448.742730687,9448.741567604,9448.742648645,CIRCUIT_OPEN,2026-09-05T00:05:51.941336Z
f3b8ca06-a25d-46e0-b989-50f8c06dd222,run1_rep1,C,OPEN,OPEN,request,CACHE,HIT,0.024667000616318546,0.6850000008853385,INFO,adaptador.request,false,degradado,0.6017499999870779,9448.742325812,9448.742986145,9448.742301145,9448.742927562,CIRCUIT_OPEN,2026-09-05T00:05:51.941623Z
8f6a56da-9ead-4c6b-bc6f-b21bb00a689d,run1_rep1,C,OPEN,OPEN,request,CACHE,HIT,0.04045799869345501,0.7105409986252198,INFO,adaptador.request,false,degradado,0.587124999583466,9448.799728687,9448.80039877,9448.799688229,9448.800315812,CIRCUIT_OPEN,2026-09-05T00:05:51.998717Z
dd59ae6c-e2fe-40c0-a3e7-38703e50332d,run1_rep1,C,OPEN,OPEN,request,CACHE,HIT,0.03787499917962123,0.8513329994457308,INFO,adaptador.request,false,degradado,0.693958001647843,9448.804261479,9448.805074937,9448.804223604,9448.804955437,CIRCUIT_OPEN,2026-09-05T00:05:52.003374Z
6d077d43-3683-40de-b600-19f93dd49ab1,run1_rep1,C,OPEN,OPEN,request,CACHE,HIT,0.07324999933189247,0.7930419997137506,INFO,adaptador.request,false,degradado,0.6430829998862464,9448.891064312,9448.891784104,9448.890991062,9448.891707395,CIRCUIT_OPEN,2026-09-05T00:05:52.090076Z
aa7174c5-13f2-4d63-ba1a-cd77a3d45f8f,run1_rep1,C,OPEN,OPEN,request,CACHE,HIT,0.04120799894735683,0.6993749993853271,INFO,adaptador.request,false,degradado,0.5807090001326287,9448.915697645,9448.916355812,9448.915656437,9448.916278354,CIRCUIT_OPEN,2026-09-05T00:05:52.114659Z
037e9613-ed0a-46b4-ac6e-43bbc3c3c1aa,run1_rep1,C,OPEN,OPEN,request,CACHE,HIT,0.05216599856794346,0.8158749988069758,INFO,adaptador.request,false,degradado,0.6593750003958121,9448.95531602,9448.956079729,9448.955263854,9448.955975395,CIRCUIT_OPEN,2026-09-05T00:05:52.154379Z
2a75d486-e786-49fa-a4f2-45b3c626ba3d,run1_rep1,C,OPEN,OPEN,request,CACHE,HIT,0.0719580002623843,0.7865830011724029,INFO,adaptador.request,false,degradado,0.6302920010057278,9449.042036145,9449.04275077,9449.041964187,9449.042666437,CIRCUIT_OPEN,2026-09-05T00:05:52.241054Z
8e4a32b6-d3fb-4a20-b110-ef046ffa29dd,run1_rep1,C,OPEN,OPEN,request,CACHE,HIT,0.04229200021654833,0.8011249992705416,INFO,adaptador.request,false,degradado,0.6341669995890697,9449.062388812,9449.063147645,9449.06234652,9449.063022979,CIRCUIT_OPEN,2026-09-05T00:05:52.261520Z
37d4db17-7f87-471b-9071-e259e7277644,run1_rep1,C,OPEN,OPEN,request,CACHE,HIT,0.029874998290324584,0.5996249983581947,INFO,adaptador.request,false,degradado,0.5119580000609858,9449.066172062,9449.066741812,9449.066142187,9449.06668402,CIRCUIT_OPEN,2026-09-05T00:05:52.265046Z
99c569fe-d49e-4cd8-9ad8-87dcd7e1abcf,run1_rep1,C,OPEN,OPEN,request,CACHE,HIT,0.026749999960884452,0.48437500117870513,INFO,adaptador.request,false,degradado,0.39012500019453,9449.070678437,9449.071136062,9449.070651687,9449.071068562,CIRCUIT_OPEN,2026-09-05T00:05:52.269457Z
7c334f4c-970f-461b-9395-2b108511803b,run1_rep1,C,OPEN,OPEN,request,CACHE,HIT,0.020583998775691725,0.4930420000164304,INFO,adaptador.request,false,degradado,0.3819580015260726,9449.072282729,9449.072755187,9449.072262145,9449.072664687,CIRCUIT_OPEN,2026-09-05T00:05:52.271056Z
7a68354d-8d75-46d1-91b9-1acec970ef18,run1_rep1,C,OPEN,OPEN,request,CACHE,HIT,0.015415998859680258,0.40712499867368024,INFO,adaptador.request,false,degradado,0.3214999996998813,9449.08564677,9449.086038479,9449.085631354,9449.08596827,CIRCUIT_OPEN,2026-09-05T00:05:52.284357Z
33132278-7eb6-484b-a601-4f92aa371593,run1_rep1,C,OPEN,OPEN,request,CACHE,HIT,0.017957998352358118,0.3297079983894946,INFO,adaptador.request,false,degradado,0.2696250012377277,9449.11712677,9449.11743852,9449.117108812,9449.117396395,CIRCUIT_OPEN,2026-09-05T00:05:52.315715Z
380b10a4-8743-42d8-9185-14b4fe7cbeb0,run1_rep1,C,OPEN,OPEN,request,CACHE,HIT,0.04787500074598938,0.7704160016146488,INFO,adaptador.request,false,degradado,0.632707999102422,9449.178382479,9449.17910502,9449.178334604,9449.179015187,CIRCUIT_OPEN,2026-09-05T00:05:52.377428Z
4b46f89c-786b-46c1-a474-c8b9df6deab0,run1_rep1,C,OPEN,OPEN,request,CACHE,HIT,0.035208999179303646,0.8127499986585462,INFO,adaptador.request,false,degradado,0.6295830007729819,9449.185449854,9449.186227395,9449.185414645,9449.186079437,CIRCUIT_OPEN,2026-09-05T00:05:52.384614Z
bb646b68-d204-40f9-a7f2-d5ada73e9e8a,run1_rep1,C,OPEN,OPEN,request,CACHE,HIT,0.032083000405691564,0.5625419998978032,INFO,adaptador.request,false,degradado,0.46912499965401366,9449.207773312,9449.208303771,9449.207741229,9449.208242437,CIRCUIT_OPEN,2026-09-05T00:05:52.406608Z
88d2bd7d-9b02-4177-8dcb-758226b4f922,run1_rep1,C,OPEN,OPEN,request,CACHE,HIT,0.020250001398380846,0.440875001004315,INFO,adaptador.request,false,degradado,0.35649999881570693,9449.238986021,9449.239406646,9449.238965771,9449.239342521,CIRCUIT_OPEN,2026-09-05T00:05:52.437721Z
cbc99517-dac1-4983-9cad-577ad7b65391,run1_rep1,C,OPEN,OPEN,request,CACHE,HIT,0.027999998565064743,0.47654199988755863,INFO,adaptador.request,false,degradado,0.3987500003859168,9449.262692354,9449.263140896,9449.262664354,9449.263091104,CIRCUIT_OPEN,2026-09-05T00:05:52.461427Z
9bc44563-0758-4340-a82a-c84877d8c962,run1_rep1,C,OPEN,OPEN,request,CACHE,HIT,0.01799999881768599,0.4224579988658661,INFO,adaptador.request,false,degradado,0.34787500044330955,9449.267808604,9449.268213062,9449.267790604,9449.268156479,CIRCUIT_OPEN,2026-09-05T00:05:52.466510Z
480a252d-d53a-4868-84ca-f9f146bded5f,run1_rep1,C,OPEN,OPEN,request,CACHE,HIT,0.0184580003406154,0.3827500004263129,INFO,adaptador.request,false,degradado,0.3214170010323869,9449.297572062,9449.297936354,9449.297553604,9449.297893479,CIRCUIT_OPEN,2026-09-05T00:05:52.496229Z
2d3e81c9-19c1-4c7e-ac51-a343145ea72d,run1_rep1,C,OPEN,OPEN,request,CACHE,HIT,0.04350000017439015,0.8196250000764849,INFO,adaptador.request,false,degradado,0.69199999961711,9449.346863479,9449.347639604,9449.346819979,9449.347555479,CIRCUIT_OPEN,2026-09-05T00:05:52.545961Z
8646ae9b-826c-429b-ab41-ba56f9881078,run1_rep1,C,OPEN,OPEN,request,CACHE,HIT,0.05712500023946632,0.8469999993394595,INFO,adaptador.request,false,degradado,0.6684999989374774,9449.409372062,9449.410161937,9449.409314937,9449.410040562,CIRCUIT_OPEN,2026-09-05T00:05:52.608524Z
b64315d6-6d7e-426c-b81b-a860102fa8ba,run1_rep1,C,OPEN,OPEN,request,CACHE,HIT,0.05029199928685557,0.8692079991305945,INFO,adaptador.request,false,degradado,0.6991660011408385,9449.462254396,9449.463073312,9449.462204104,9449.462953562,CIRCUIT_OPEN,2026-09-05T00:05:52.661405Z
0896fd76-531a-4b27-8b7e-5f7b23f4c190,run1_rep1,C,OPEN,OPEN,request,CACHE,HIT,0.025999999706982635,0.8103339987428626,INFO,adaptador.request,false,degradado,0.7305839990294771,9449.463864187,9449.464648521,9449.463838187,9449.464594771,CIRCUIT_OPEN,2026-09-05T00:05:52.662940Z
7d2dca8e-97b3-4235-b04c-a78d0a29a604,run1_rep1,C,OPEN,OPEN,request,CACHE,HIT,0.04837499909626786,1.210374999573105,INFO,adaptador.request,false,degradado,1.0815000005095499,9449.516703521,9449.517865521,9449.516655146,9449.517785021,CIRCUIT_OPEN,2026-09-05T00:05:52.716407Z
499a15ff-7bcb-474b-9ba0-f82aa69f4980,run1_rep1,C,OPEN,OPEN,request,CACHE,HIT,0.025291999918408692,0.9074999998119893,INFO,adaptador.request,false,degradado,0.8483749988954514,9449.517228479,9449.518110687,9449.517203187,9449.518076854,CIRCUIT_OPEN,2026-09-05T00:05:52.716682Z
6ee8d372-0cfb-4551-a812-dbce8c0f1099,run1_rep1,C,OPEN,OPEN,request,CACHE,HIT,0.031042000045999885,0.6297090003499761,INFO,adaptador.request,false,degradado,0.5257499997242121,9449.524640104,9449.525238771,9449.524609062,9449.525165854,CIRCUIT_OPEN,2026-09-05T00:05:52.723558Z
f7ef35ca-198a-403f-9b0d-3f4d45cbf013,run1_rep1,C,OPEN,OPEN,request,CACHE,HIT,0.03758400089282077,1.2670420001086313,INFO,adaptador.request,false,degradado,1.1716249991877703,9449.551358146,9449.552587604,9449.551320562,9449.552529771,CIRCUIT_OPEN,2026-09-05T00:05:52.751244Z
658ebfee-b0eb-4588-a612-7d0debd1da60,run1_rep1,C,OPEN,OPEN,request,CACHE,HIT,0.014166998880682513,0.9799999988899799,INFO,adaptador.request,false,degradado,0.9079580013349187,9449.551945479,9449.552911312,9449.551931312,9449.552853437,CIRCUIT_OPEN,2026-09-05T00:05:52.751600Z
d03c6c84-77b3-4740-b1f0-10ad8c88458c,run1_rep1,C,OPEN,OPEN,request,CACHE,HIT,0.021000001652282663,0.8116250010061776,INFO,adaptador.request,false,degradado,0.7036249990051147,9449.574290562,9449.575081187,9449.574269562,9449.574994187,CIRCUIT_OPEN,2026-09-05T00:05:52.773651Z
915f7f12-49a4-4970-829c-e1585e877a33,run1_rep1,C,OPEN,OPEN,request,CACHE,HIT,0.012250000509084202,0.6929579994903179,INFO,adaptador.request,false,degradado,0.6382499996107072,9449.574674854,9449.575355562,9449.574662604,9449.575313104,CIRCUIT_OPEN,2026-09-05T00:05:52.773937Z
a5128cad-9a89-4491-b396-854b1f142e13,run1_rep1,C,OPEN,OPEN,request,CACHE,HIT,0.03708300027938094,0.7783750006638002,INFO,adaptador.request,false,degradado,0.6558750010299264,9449.618937562,9449.619678854,9449.618900479,9449.619593437,CIRCUIT_OPEN,2026-09-05T00:05:52.817990Z
70d0fe84-0b2e-4b3f-9269-bf12b377d3f7,run1_rep1,C,OPEN,OPEN,request,CACHE,HIT,0.06720799865433946,0.8932499986258335,INFO,adaptador.request,false,degradado,0.7189580010162899,9449.740037229,9449.740863271,9449.739970021,9449.740756187,CIRCUIT_OPEN,2026-09-05T00:05:52.939194Z
6c0c5113-5113-471a-b9aa-acb0be7ea807,run1_rep1,C,OPEN,OPEN,request,CACHE,HIT,0.03274999835412018,0.6087909987400053,INFO,adaptador.request,false,degradado,0.5032500012021046,9449.759757396,9449.760333437,9449.759724646,9449.760260646,CIRCUIT_OPEN,2026-09-05T00:05:52.958640Z
f9ce742e-d5bc-4d61-b58d-2ac8ffc88128,run1_rep1,C,OPEN,OPEN,request,CACHE,HIT,0.05308300023898482,0.6000829998811241,INFO,adaptador.request,false,degradado,0.4713340003945632,9449.779040812,9449.779587812,9449.778987729,9449.779512146,CIRCUIT_OPEN,2026-09-05T00:05:52.977909Z
e55e460c-c86e-4345-878f-c34bbb7c2faf,run1_rep1,C,OPEN,OPEN,request,CACHE,HIT,0.026166999305132776,0.9835830005613388,INFO,adaptador.request,false,degradado,0.8537909998267423,9449.784348521,9449.785305937,9449.784322354,9449.785202312,CIRCUIT_OPEN,2026-09-05T00:05:52.983629Z
95a17e20-4c36-43c6-be5a-bd1abc0fd170,run1_rep1,C,OPEN,OPEN,request,CACHE,HIT,0.05262500053504482,0.7103749994712416,INFO,adaptador.request,false,degradado,0.5824170002597384,9449.850217437,9449.850875187,9449.850164812,9449.850799854,CIRCUIT_OPEN,2026-09-05T00:05:53.049185Z
54bf4861-953d-4617-8e3d-6d9ba1f878ea,run1_rep1,C,OPEN,OPEN,request,CACHE,HIT,0.037707999581471086,0.7470000000466825,INFO,adaptador.request,false,degradado,0.6109170008130604,9449.899368437,9449.900077729,9449.899330729,9449.899979354,CIRCUIT_OPEN,2026-09-05T00:05:53.098379Z
3b0ce45f-7f4e-4548-ac94-2fcfeb25d997,run1_rep1,C,OPEN,OPEN,request,CACHE,HIT,0.020958999812137336,0.42408399895066395,INFO,adaptador.request,false,degradado,0.354665999111603,9449.917188563,9449.917591688,9449.917167604,9449.917543229,CIRCUIT_OPEN,2026-09-05T00:05:53.115881Z
a2a8a3ac-52e8-44bc-b2f6-5ef57efe9738,run1_rep1,C,OPEN,OPEN,request,CACHE,HIT,0.015791998521308415,0.5598339994321577,INFO,adaptador.request,false,degradado,0.49533300079929177,9449.921393521,9449.921937563,9449.921377729,9449.921888854,CIRCUIT_OPEN,2026-09-05T00:05:53.120235Z
0b86277b-9b71-4563-94f2-8aa3876c7faa,run1_rep1,C,OPEN,OPEN,request,CACHE,HIT,0.015166999219218269,0.46708399895578623,INFO,adaptador.request,false,degradado,0.3937500005122274,9449.922742146,9449.923194063,9449.922726979,9449.923135896,CIRCUIT_OPEN,2026-09-05T00:05:53.121481Z
68874c9d-072d-4f9a-b983-e67fba1c0351,run1_rep1,C,OPEN,OPEN,request,CACHE,HIT,0.018500000805943273,0.3846670006169006,INFO,adaptador.request,false,degradado,0.31945899900165386,9449.938848604,9449.939214771,9449.938830104,9449.939168063,CIRCUIT_OPEN,2026-09-05T00:05:53.137491Z
8add945b-2684-4ee1-88d9-89a5680b064a,run1_rep1,C,OPEN,OPEN,request,CACHE,HIT,0.013208000382292084,0.2934160002041608,INFO,adaptador.request,false,degradado,0.23841700021876022,9449.998550021,9449.998830229,9449.998536813,9449.998788438,CIRCUIT_OPEN,2026-09-05T00:05:53.197106Z
f9fff1e2-7b93-46f5-b9fe-34b2cbfef042,run1_rep1,C,OPEN,OPEN,request,CACHE,HIT,0.016834001144161448,0.40175000140152406,INFO,adaptador.request,false,degradado,0.33687500035739504,9450.043602313,9450.043987229,9450.043585479,9450.043939188,CIRCUIT_OPEN,2026-09-05T00:05:53.242301Z
bb045a45-abdb-4ef4-8a1c-6461b59ce976,run1_rep1,C,OPEN,OPEN,request,CACHE,HIT,0.014457998986472376,0.35033299900533166,INFO,adaptador.request,false,degradado,0.28404200020304415,9450.057099021,9450.057434896,9450.057084563,9450.057383063,CIRCUIT_OPEN,2026-09-05T00:05:53.255732Z
da4801f0-df58-4e55-bb0f-4966a4ca3651,run1_rep1,C,OPEN,OPEN,request,CACHE,HIT,0.021207999452599324,0.3949169986299239,INFO,adaptador.request,false,degradado,0.32787499912956264,9450.072997604,9450.073371313,9450.072976396,9450.073325479,CIRCUIT_OPEN,2026-09-05T00:05:53.271653Z
ceeec03d-a635-49d2-a735-ff117ecbd4d5,run1_rep1,C,OPEN,OPEN,request,CACHE,HIT,0.046749999455641955,0.8291249996545957,INFO,adaptador.request,false,degradado,0.6842080001661088,9450.115767438,9450.116549813,9450.115720688,9450.116451646,CIRCUIT_OPEN,2026-09-05T00:05:53.314892Z
9aa58b53-d8ba-4e49-ace6-59803304a189,run1_rep1,C,OPEN,OPEN,request,CACHE,HIT,0.03587500032153912,0.8284579998871777,INFO,adaptador.request,false,degradado,0.7197499999165302,9450.120468771,9450.121261354,9450.120432896,9450.121188521,CIRCUIT_OPEN,2026-09-05T00:05:53.319586Z
85d91703-59c2-41af-a7b2-7f48ba16051b,run1_rep1,C,OPEN,OPEN,request,CACHE,HIT,0.03454199941188563,0.6382079991453793,INFO,adaptador.request,false,degradado,0.5271660011203494,9450.164096313,9450.164699979,9450.164061771,9450.164623479,CIRCUIT_OPEN,2026-09-05T00:05:53.363017Z
1c74ee4d-be90-4210-8e62-621c99d01f32,run1_rep1,C,OPEN,OPEN,request,CACHE,HIT,0.03137499879812822,0.8378749989788048,INFO,adaptador.request,false,degradado,0.748791000660276,9450.250571063,9450.251377563,9450.250539688,9450.251319854,CIRCUIT_OPEN,2026-09-05T00:05:53.449692Z
094bf962-c243-4d80-a783-c3919bc12fa2,run1_rep1,C,OPEN,OPEN,request,CACHE,HIT,0.02008400042541325,0.8223749991884688,INFO,adaptador.request,false,degradado,0.7379579983535223,9450.251217438,9450.252019729,9450.251197354,9450.251955396,CIRCUIT_OPEN,2026-09-05T00:05:53.450493Z
c241ada8-8664-4b2c-a26b-7ec1377a2a25,run1_rep1,C,OPEN,OPEN,request,CACHE,HIT,0.051916000302298926,0.7676659988646861,INFO,adaptador.request,false,degradado,0.6291669997153804,9450.299153104,9450.299868854,9450.299101188,9450.299782271,CIRCUIT_OPEN,2026-09-05T00:05:53.498184Z
d20c4e56-a531-4d93-9df3-ac92a39738b5,run1_rep1,C,OPEN,OPEN,request,CACHE,HIT,0.03991700032202061,0.7428749995597173,INFO,adaptador.request,false,degradado,0.6172909997985698,9450.317405313,9450.318108271,9450.317365396,9450.318022604,CIRCUIT_OPEN,2026-09-05T00:05:53.516430Z
a88363f5-e59b-4ebf-a55a-dc58c89255d2,run1_rep1,C,OPEN,OPEN,request,CACHE,HIT,0.03270800152677111,0.6053750003047753,INFO,adaptador.request,false,degradado,0.5062499985797331,9450.333723854,9450.334296521,9450.333691146,9450.334230104,CIRCUIT_OPEN,2026-09-05T00:05:53.532598Z
41758e41-0dc8-485b-8dbe-5d4842610f8e,run1_rep1,C,OPEN,OPEN,request,CACHE,HIT,0.04729099964606576,0.7782499997119885,INFO,adaptador.request,false,degradado,0.647083999865572,9450.426763479,9450.427494438,9450.426716188,9450.427410563,CIRCUIT_OPEN,2026-09-05T00:05:53.625812Z
287fdca3-73b4-4dad-9501-b657a7de8a15,run1_rep1,C,OPEN,OPEN,request,CACHE,HIT,0.037582998629659414,0.5979999987175688,INFO,adaptador.request,false,degradado,0.4929170008836081,9450.439560271,9450.440120688,9450.439522688,9450.440053188,CIRCUIT_OPEN,2026-09-05T00:05:53.638421Z
ec1b2e52-6498-4504-971d-23a3145dcb7b,run1_rep1,C,OPEN,OPEN,request,CACHE,HIT,0.04624999928637408,0.7810829993104562,INFO,adaptador.request,false,degradado,0.6570410005224403,9450.478602938,9450.479337771,9450.478556688,9450.479259979,CIRCUIT_OPEN,2026-09-05T00:05:53.677635Z
4a1e747f-2de8-4f0b-b9c9-2e62adaf0f5f,run1_rep1,C,OPEN,OPEN,request,CACHE,HIT,0.02537500040489249,0.7931250002002344,INFO,adaptador.request,false,degradado,0.6437079991883365,9450.480332813,9450.481100563,9450.480307438,9450.480976521,CIRCUIT_OPEN,2026-09-05T00:05:53.679423Z
f42bb341-0c03-45d5-b08b-2369376bc983,run1_rep1,C,OPEN,OPEN,request,CACHE,HIT,0.032250000003841706,0.5424999999377178,INFO,adaptador.request,false,degradado,0.4500420000113081,9450.493270854,9450.493781104,9450.493238604,9450.493720896,CIRCUIT_OPEN,2026-09-05T00:05:53.692082Z
1eb2bc1c-5f7e-4d1b-9350-e4b9398220ab,run1_rep1,C,OPEN,OPEN,request,CACHE,HIT,0.027374999262974598,1.0324579998268746,INFO,adaptador.request,false,degradado,0.9438330016564578,9450.499179063,9450.500184146,9450.499151688,9450.500122896,CIRCUIT_OPEN,2026-09-05T00:05:53.698484Z
2bd5fde0-1f17-4aab-9e6b-c7d9d95b02e8,run1_rep1,C,OPEN,OPEN,request,CACHE,HIT,0.03237499913666397,0.5952920000709128,INFO,adaptador.request,false,degradado,0.4929589995299466,9450.543648354,9450.544211271,9450.543615979,9450.544141313,CIRCUIT_OPEN,2026-09-05T00:05:53.742520Z
122bf726-aea9-4669-b2c3-b36332b0bb29,run1_rep1,C,OPEN,OPEN,request,CACHE,HIT,0.041291999878012575,0.6689169986202614,INFO,adaptador.request,false,degradado,0.5429169996205019,9450.581295521,9450.581923146,9450.581254229,9450.581838438,CIRCUIT_OPEN,2026-09-05T00:05:53.780252Z
1bb26097-931a-4fe7-b11f-f8791ee4f4d2,run1_rep1,C,OPEN,OPEN,request,CACHE,HIT,0.03679200017359108,0.6628749997616978,INFO,adaptador.request,false,degradado,0.5506249999598367,9450.650881355,9450.651507438,9450.650844563,9450.65143198,CIRCUIT_OPEN,2026-09-05T00:05:53.849822Z
0c42f6fe-c9ba-442f-9a7c-247cab0037c9,run1_rep1,C,OPEN,OPEN,request,CACHE,HIT,0.0490830007038312,0.7494170004065381,INFO,adaptador.request,false,degradado,0.6022920006216737,9450.753131771,9450.753832105,9450.753082688,9450.753734063,CIRCUIT_OPEN,2026-09-05T00:05:53.952159Z
6f8b94cd-445a-4caa-91aa-77fa9d474254,run1_rep1,C,OPEN,OPEN,request,CACHE,HIT,0.04108299981453456,0.6239160011318745,INFO,adaptador.request,false,degradado,0.5053750010119984,9450.781148813,9450.781731646,9450.78110773,9450.781654188,CIRCUIT_OPEN,2026-09-05T00:05:53.980034Z
d79e03df-9077-4037-ad57-6a9377152271,run1_rep1,C,OPEN,OPEN,request,CACHE,HIT,0.030875000447849743,0.49991600099019706,INFO,adaptador.request,false,degradado,0.40220799928647466,9450.78667073,9450.787139771,9450.786639855,9450.787072938,CIRCUIT_OPEN,2026-09-05T00:05:53.985441Z
2b55feac-32fc-4604-8c49-7831f53a1602,run1_rep1,C,OPEN,OPEN,request,CACHE,HIT,0.045916000090073794,0.7348749986704206,INFO,adaptador.request,false,degradado,0.6048340001143515,9450.823669146,9450.824358105,9450.82362323,9450.82427398,CIRCUIT_OPEN,2026-09-05T00:05:54.022669Z
a8fde00d-6031-4b65-819a-ac6c6fd9bc9e,run1_rep1,C,OPEN,OPEN,request,CACHE,HIT,0.04770899977302179,0.7864999988669297,INFO,adaptador.request,false,degradado,0.6457499985117465,9450.94042948,9450.941168271,9450.940381771,9450.94107523,CIRCUIT_OPEN,2026-09-05T00:05:54.139513Z
52ded309-d084-4757-bf5d-b061ea1e89c1,run1_rep1,C,OPEN,OPEN,request,CACHE,HIT,0.02049999966402538,0.5357499994715909,INFO,adaptador.request,false,degradado,0.4587920011545066,9450.942212146,9450.942727396,9450.942191646,9450.942670938,CIRCUIT_OPEN,2026-09-05T00:05:54.141025Z
8c3275fd-dbc1-4ac1-aea9-8cb2e661e408,run1_rep1,C,OPEN,OPEN,request,CACHE,HIT,0.018417000319459476,0.5409170007624198,INFO,adaptador.request,false,degradado,0.46225000005506445,9450.94377473,9450.94429723,9450.943756313,9450.94423698,CIRCUIT_OPEN,2026-09-05T00:05:54.142651Z
77aef3e1-8d69-44c8-aff5-6f9b509e1544,run1_rep1,C,OPEN,OPEN,request,CACHE,HIT,0.021374999050749466,0.41933300053642597,INFO,adaptador.request,false,degradado,0.34433300061209593,9450.978849688,9450.979247646,9450.978828313,9450.979194021,CIRCUIT_OPEN,2026-09-05T00:05:54.177535Z
29d1a26a-c05b-4340-9977-ae6bf87680e7,run1_rep1,C,OPEN,OPEN,request,CACHE,HIT,0.01595799949427601,0.33266699938394595,INFO,adaptador.request,false,degradado,0.2747090002230834,9450.984192771,9450.98450948,9450.984176813,9450.98446748,CIRCUIT_OPEN,2026-09-05T00:05:54.182787Z
66c623a1-42c0-4d42-a3c0-81481858fe47,run1_rep1,C,OPEN,OPEN,request,CACHE,HIT,0.021541998648899607,0.4196249992673984,INFO,adaptador.request,false,degradado,0.3510000005917391,9450.995964605,9450.996362688,9450.995943063,9450.996315605,CIRCUIT_OPEN,2026-09-05T00:05:54.194653Z
b0e35921-d0aa-4716-84ff-a41c81a37f89,run1_rep1,C,OPEN,OPEN,request,CACHE,HIT,0.05245800093689468,0.8970420003606705,INFO,adaptador.request,false,degradado,0.7381249997706618,9451.062565271,9451.063409855,9451.062512813,9451.063303396,CIRCUIT_OPEN,2026-09-05T00:05:54.261746Z
f6c1215f-44d5-4247-b841-2eb0af8565de,run1_rep1,C,OPEN,OPEN,request,CACHE,HIT,0.04837500091525726,1.442875000066124,INFO,adaptador.request,false,degradado,1.3167079996492248,9451.145440938,9451.146835438,9451.145392563,9451.146757646,CIRCUIT_OPEN,2026-09-05T00:05:54.345807Z
262c7fbc-6f40-4719-af08-cdd5f27e412f,run1_rep1,C,OPEN,OPEN,request,CACHE,HIT,0.013124999895808287,1.6034159998525865,INFO,adaptador.request,false,degradado,1.4753750001545995,9451.145874355,9451.147464646,9451.14586123,9451.14734973,CIRCUIT_OPEN,2026-09-05T00:05:54.346679Z
0e35b1e3-ddad-46a1-9a93-022253900154,run1_rep1,C,OPEN,OPEN,request,CACHE,HIT,0.018208998881164007,1.7225419996975688,INFO,adaptador.request,false,degradado,1.6601660008745966,9451.146664605,9451.148368938,9451.146646396,9451.148324771,CIRCUIT_OPEN,2026-09-05T00:05:54.347175Z
30874213-b6e1-4ba3-9d5e-43a40655e16c,run1_rep1,C,OPEN,OPEN,request,CACHE,HIT,0.02858299922081642,0.4524159994616639,INFO,adaptador.request,false,degradado,0.367667000318761,9451.154989063,9451.155412896,9451.15496048,9451.15535673,CIRCUIT_OPEN,2026-09-05T00:05:54.353707Z
ea5a4596-0bee-42fa-8855-6e3e379213c6,run1_rep1,C,OPEN,OPEN,request,CACHE,HIT,0.02099999983329326,2.252207999845268,INFO,adaptador.request,false,degradado,2.186874999097199,9451.169889688,9451.172120896,9451.169868688,9451.172076563,CIRCUIT_OPEN,2026-09-05T00:05:54.370400Z
25e7ab16-6a00-4415-9a79-1ced4c7cd7a6,run1_rep1,C,OPEN,OPEN,request,CACHE,HIT,0.01945799886016175,1.0602499987726333,INFO,adaptador.request,false,degradado,0.9886250009003561,9451.182544271,9451.183585063,9451.182524813,9451.183532896,CIRCUIT_OPEN,2026-09-05T00:05:54.381881Z
50fc2ebd-bca7-4dba-bb83-773250a2d897,run1_rep1,C,OPEN,OPEN,request,CACHE,HIT,0.018250000721309334,1.4144590004434576,INFO,adaptador.request,false,degradado,1.3528339986805804,9451.182907271,9451.18430348,9451.182889021,9451.184260105,CIRCUIT_OPEN,2026-09-05T00:05:54.382969Z
28d391ff-9943-4780-b89c-fa3e148a8211,run1_rep1,C,OPEN,OPEN,request,CACHE,HIT,0.016874999346327968,1.226374999532709,INFO,adaptador.request,false,degradado,1.1758330001612194,9451.18347273,9451.18468223,9451.183455855,9451.184648563,CIRCUIT_OPEN,2026-09-05T00:05:54.383175Z
ce2ab9e9-8011-44d3-b7d0-6f798d47951a,run1_rep1,C,OPEN,OPEN,request,CACHE,HIT,0.019041000996367075,0.3740410011232598,INFO,adaptador.request,false,degradado,0.3042499993171077,9451.250760646,9451.251115646,9451.250741605,9451.251064896,CIRCUIT_OPEN,2026-09-05T00:05:54.449413Z
91175be5-db87-4d06-bd03-a7786d48a14d,run1_rep1,C,OPEN,OPEN,request,CACHE,HIT,0.014957999155740254,0.3701249988807831,INFO,adaptador.request,false,degradado,0.307917000100133,9451.259726188,9451.260081355,9451.25971123,9451.260034105,CIRCUIT_OPEN,2026-09-05T00:05:54.458372Z
ed2ebd39-191c-4277-9f4c-0ea1d7efd8b5,run1_rep1,C,OPEN,OPEN,request,CACHE,HIT,0.08279199937533122,0.8614170001237653,INFO,adaptador.request,false,degradado,0.6859580007585464,9451.31969348,9451.320472105,9451.319610688,9451.320379438,CIRCUIT_OPEN,2026-09-05T00:05:54.518774Z
6a480693-f02e-425e-ac88-a10247995291,run1_rep1,C,OPEN,OPEN,request,CACHE,HIT,0.04987499960407149,1.2545000008685747,INFO,adaptador.request,false,degradado,0.9903749996738043,9451.410935855,9451.41214048,9451.41088598,9451.41192623,CIRCUIT_OPEN,2026-09-05T00:05:54.610505Z
06a5dbd2-a9c5-42da-b99d-a75cc3aaeb6a,run1_rep1,C,OPEN,OPEN,request,CACHE,HIT,0.0335000004270114,0.6715420004184125,INFO,adaptador.request,false,degradado,0.5652089985233033,9451.416284188,9451.41692223,9451.416250688,9451.416849397,CIRCUIT_OPEN,2026-09-05T00:05:54.615253Z
ea5a5346-37c6-4e07-a38b-86e8b3a7d78b,run1_rep1,C,OPEN,OPEN,request,CACHE,HIT,0.03816699972958304,0.6984589999774471,INFO,adaptador.request,false,degradado,0.5884170004719635,9451.47659373,9451.477254022,9451.476555563,9451.477182147,CIRCUIT_OPEN,2026-09-05T00:05:54.675563Z
33f1cc54-35a3-417a-b6e2-0f71f1b4b1fd,run1_rep1,C,OPEN,OPEN,request,CACHE,HIT,0.05108299956191331,0.7687500001338776,INFO,adaptador.request,false,degradado,0.6354580000333954,9451.522781355,9451.523499022,9451.522730272,9451.523416813,CIRCUIT_OPEN,2026-09-05T00:05:54.721802Z
8e3f2779-c644-4cc7-a400-fdb7f01ab32f,run1_rep1,C,OPEN,OPEN,request,CACHE,HIT,0.03083299998252187,0.5492920008691726,INFO,adaptador.request,false,degradado,0.4600420015776763,9451.531078813,9451.531597272,9451.53104798,9451.531538855,CIRCUIT_OPEN,2026-09-05T00:05:54.729895Z
5c248511-ea3c-495b-bc0b-77e70748b6db,run1_rep1,C,OPEN,OPEN,request,CACHE,HIT,0.019666998923639767,0.4788749993167585,INFO,adaptador.request,false,degradado,0.38750000021536835,9451.544375147,9451.544834355,9451.54435548,9451.544762647,CIRCUIT_OPEN,2026-09-05T00:05:54.743154Z
ec5e2499-f69e-442a-aa82-61ca67a48422,run1_rep1,C,OPEN,OPEN,request,CACHE,HIT,0.022416999854613096,0.4758750001201406,INFO,adaptador.request,false,degradado,0.3817079996224493,9451.584513897,9451.584967355,9451.58449148,9451.584895605,CIRCUIT_OPEN,2026-09-05T00:05:54.783308Z
0906047a-f300-4103-b266-5a124a1a3dfe,run1_rep1,C,OPEN,OPEN,request,CACHE,HIT,0.04724999962490983,0.9971670006052591,INFO,adaptador.request,false,degradado,0.860875001308159,9451.69792623,9451.698876147,9451.69787898,9451.698787105,CIRCUIT_OPEN,2026-09-05T00:05:54.897205Z
b5d61947-8b06-4ea3-aa6d-1d752b511ce4,run1_rep1,C,OPEN,OPEN,request,CACHE,HIT,0.02379200122959446,0.8043329999054549,INFO,adaptador.request,false,degradado,0.7441660000040429,9451.698681772,9451.699462313,9451.69865798,9451.699425938,CIRCUIT_OPEN,2026-09-05T00:05:54.897908Z
92b6ee0f-2786-491d-83de-2c9b771b81d4,run1_rep1,C,OPEN,OPEN,request,CACHE,HIT,0.03891599953931291,0.6663749991275836,INFO,adaptador.request,false,degradado,0.5455419995996635,9451.723617063,9451.724244522,9451.723578147,9451.724162605,CIRCUIT_OPEN,2026-09-05T00:05:54.922557Z
56091fdd-68c0-462d-8e8f-de802e1d0839,run1_rep1,C,OPEN,OPEN,request,CACHE,HIT,0.03366599958098959,1.0047499999927823,INFO,adaptador.request,false,degradado,0.9094590004679048,9451.744604063,9451.745575147,9451.744570397,9451.745513522,CIRCUIT_OPEN,2026-09-05T00:05:54.944111Z
3b761bb9-1c32-4351-a5bf-0ed14dfc17ac,run1_rep1,C,OPEN,OPEN,request,CACHE,HIT,0.014791001376579516,0.8607080017100088,INFO,adaptador.request,false,degradado,0.8011669997358695,9451.744970313,9451.74581623,9451.744955522,9451.74577148,CIRCUIT_OPEN,2026-09-05T00:05:54.944375Z
1ac4edd1-6d1f-4904-aa2f-83e2d584381b,run1_rep1,C,OPEN,OPEN,request,CACHE,HIT,0.03662499875645153,0.9068749986909097,INFO,adaptador.request,false,degradado,0.8020000004762551,9451.811494647,9451.812364897,9451.811458022,9451.812296647,CIRCUIT_OPEN,2026-09-05T00:05:55.010679Z
9f6ebc14-fb66-425a-9cbd-f9372a82aa93,run1_rep1,C,OPEN,OPEN,request,CACHE,HIT,0.024832999770296738,0.7770419997541467,INFO,adaptador.request,false,degradado,0.7015840001258766,9451.812186813,9451.812939022,9451.81216198,9451.812888397,CIRCUIT_OPEN,2026-09-05T00:05:55.011427Z
6d7e1478-330d-427c-93ab-43753ab29725,run1_rep1,C,OPEN,OPEN,request,CACHE,HIT,0.038124999264255166,0.731332998839207,INFO,adaptador.request,false,degradado,0.6172499997774139,9451.860823022,9451.86151623,9451.860784897,9451.861440272,CIRCUIT_OPEN,2026-09-05T00:05:55.059824Z
5009c845-f969-4d12-84ca-f7b1e664f2d1,run1_rep1,C,OPEN,OPEN,request,CACHE,HIT,0.03245900006731972,0.5147499996382976,INFO,adaptador.request,false,degradado,0.41533299918228295,9451.871358147,9451.871840438,9451.871325688,9451.87177348,CIRCUIT_OPEN,2026-09-05T00:05:55.070138Z
3f49f219-1ec2-40a7-982e-10eb03159cc5,run1_rep1,C,OPEN,OPEN,request,CACHE,HIT,0.03495800046948716,0.6873330003145384,INFO,adaptador.request,false,degradado,0.5948329999228008,9451.88826498,9451.888917355,9451.888230022,9451.888859813,CIRCUIT_OPEN,2026-09-05T00:05:55.087208Z
7ce0180d-29ed-42e1-9a8c-63932ec2186f,run1_rep1,C,OPEN,OPEN,request,CACHE,HIT,0.03141699926345609,0.700541999322013,INFO,adaptador.request,false,degradado,0.59875000079046,9451.914621147,9451.915290272,9451.91458973,9451.915219897,CIRCUIT_OPEN,2026-09-05T00:05:55.113612Z
5519e6be-93b5-478a-a1ba-c991d7330f6e,run1_rep1,C,OPEN,OPEN,request,CACHE,HIT,0.02087500070047099,0.3992080000898568,INFO,adaptador.request,false,degradado,0.32754099993326236,9451.964465772,9451.964844105,9451.964444897,9451.964793313,CIRCUIT_OPEN,2026-09-05T00:05:55.163595Z
477fba53-485d-48b2-90e8-2c6e8d8cacf3,run1_rep1,C,OPEN,OPEN,request,CACHE,HIT,0.01820800025598146,0.36183300107950345,INFO,adaptador.request,false,degradado,0.306334000924835,9452.013833313,9452.014176938,9452.013815105,9452.014139647,CIRCUIT_OPEN,2026-09-05T00:05:55.212904Z
fcf53ac8-edf9-4fda-9d46-8a00368c09e6,run1_rep1,C,OPEN,OPEN,request,CACHE,HIT,0.016874999346327968,0.601042000198504,INFO,adaptador.request,false,degradado,0.5414170009316877,9452.06756498,9452.068149147,9452.067548105,9452.068106397,CIRCUIT_OPEN,2026-09-05T00:05:55.266896Z
b4f0feec-9154-4e63-8fe1-88f63e49de4a,run1_rep1,C,OPEN,OPEN,request,CACHE,HIT,0.01304199940932449,0.5402499991760124,INFO,adaptador.request,false,degradado,0.4934999997203704,9452.068036522,9452.06856373,9452.06802348,9452.068530022,CIRCUIT_OPEN,2026-09-05T00:05:55.267440Z
01aeeab5-2444-432c-850a-5a989987d685,run1_rep1,C,OPEN,OPEN,request,CACHE,HIT,0.01799999881768599,0.7569579993287334,INFO,adaptador.request,false,degradado,0.6878750009491341,9452.14160598,9452.142344938,9452.14158798,9452.142293855,CIRCUIT_OPEN,2026-09-05T00:05:55.341094Z
bf4ba80c-8bb7-4209-aa24-a590c373b60b,run1_rep1,C,OPEN,OPEN,request,CACHE,HIT,0.03683399881992955,1.0105839992320398,INFO,adaptador.request,false,degradado,0.7754580001346767,9452.190790772,9452.191764522,9452.190753938,9452.19156623,CIRCUIT_OPEN,2026-09-05T00:05:55.390942Z
974a6830-720e-4aaf-8f96-e4650405263d,run1_rep1,C,OPEN,OPEN,request,CACHE,HIT,0.02049999966402538,1.6181669998331927,INFO,adaptador.request,false,degradado,1.4878340007271618,9452.191455688,9452.193053355,9452.191435188,9452.192943522,CIRCUIT_OPEN,2026-09-05T00:05:55.392096Z
195ef17a-2bfe-4673-92c2-beade9c6a412,run1_rep1,C,OPEN,OPEN,request,CACHE,HIT,0.026290999812772498,0.4914580003969604,INFO,adaptador.request,false,degradado,0.40674999945622403,9452.207242188,9452.207707355,9452.207215897,9452.207648938,CIRCUIT_OPEN,2026-09-05T00:05:55.406462Z
d3b52d4c-364e-4cc8-a228-c33b5d3f32c7,run1_rep1,C,OPEN,OPEN,request,CACHE,HIT,0.017708000086713582,0.3833330010820646,INFO,adaptador.request,false,degradado,0.3025420010089874,9452.21217623,9452.212541855,9452.212158522,9452.212478772,CIRCUIT_OPEN,2026-09-05T00:05:55.411318Z
8246d280-f0a4-49a0-b9ac-17d4214d9f15,run1_rep1,C,OPEN,OPEN,request,CACHE,HIT,0.023042000975692645,0.45420800051942933,INFO,adaptador.request,false,degradado,0.3843750000669388,9452.215981522,9452.216412688,9452.21595848,9452.216365897,CIRCUIT_OPEN,2026-09-05T00:05:55.415159Z
22b6f670-cd3b-41a1-b0c8-4370300669a6,run1_rep1,C,OPEN,OPEN,request,CACHE,HIT,0.017917000150191598,0.3435420003370382,INFO,adaptador.request,false,degradado,0.27887500073120464,9452.223446605,9452.22377223,9452.223428688,9452.22372548,CIRCUIT_OPEN,2026-09-05T00:05:55.422526Z
4882f7ab-3d03-4ba5-b4e1-a712273adb79,run1_rep1,C,OPEN,OPEN,request,CACHE,HIT,0.03325000034237746,1.1397500002203742,INFO,adaptador.request,false,degradado,1.037250000081258,9452.348784022,9452.349890522,9452.348750772,9452.349821272,CIRCUIT_OPEN,2026-09-05T00:05:55.548934Z
0812f3a7-efe2-4c3c-877d-c36d41199e86,run1_rep1,C,OPEN,OPEN,request,CACHE,HIT,0.018957998690893874,0.9255409986508312,INFO,adaptador.request,false,degradado,0.8685829998285044,9452.34926623,9452.350172813,9452.349247272,9452.350134813,CIRCUIT_OPEN,2026-09-05T00:05:55.549255Z
778dcd01-7456-4606-b846-de678c720b8c,run1_rep1,C,OPEN,OPEN,request,CACHE,HIT,0.02808399949572049,0.6197090006025974,INFO,adaptador.request,false,degradado,0.514083001689869,9452.358943397,9452.359535022,9452.358915313,9452.35945748,CIRCUIT_OPEN,2026-09-05T00:05:55.558317Z
fe2edf79-b67d-4c83-8cfc-12a854980454,run1_rep1,C,OPEN,OPEN,request,CACHE,HIT,0.029916998755652457,0.6103750001784647,INFO,adaptador.request,false,degradado,0.5017920011596289,9452.412627605,9452.413208063,9452.412597688,9452.413129397,CIRCUIT_OPEN,2026-09-05T00:05:55.612009Z
68748123-345f-47b8-9d2b-ad779e0c176d,run1_rep1,C,OPEN,OPEN,request,CACHE,HIT,0.02245799987576902,0.4606670008797664,INFO,adaptador.request,false,degradado,0.35308400038047694,9452.418638938,9452.419077147,9452.41861648,9452.418992022,CIRCUIT_OPEN,2026-09-05T00:05:55.617853Z
3427492f-72e1-4843-aa8d-09ab1b28c7f5,run1_rep1,C,OPEN,OPEN,request,CACHE,HIT,0.040666998756933026,0.6815420001657913,INFO,adaptador.request,false,degradado,0.5677919998561265,9452.454822855,9452.45546373,9452.454782188,9452.455390647,CIRCUIT_OPEN,2026-09-05T00:05:55.654244Z
56efefb6-f2e1-4fee-a7de-1bd913e5a744,run1_rep1,C,OPEN,OPEN,request,CACHE,HIT,0.027874999432242475,0.6378329999279231,INFO,adaptador.request,false,degradado,0.5306670009304071,9452.51461723,9452.515227188,9452.514589355,9452.515147897,CIRCUIT_OPEN,2026-09-05T00:05:55.714010Z
1c71724b-ddbe-4088-8843-42a9de0f85ae,run1_rep1,C,OPEN,OPEN,request,CACHE,HIT,0.028333000955171883,0.5085420016257558,INFO,adaptador.request,false,degradado,0.4174589994363487,9452.519551063,9452.520031272,9452.51952273,9452.519968522,CIRCUIT_OPEN,2026-09-05T00:05:55.718784Z
0956a67f-69f1-43aa-a816-00ba514a00ec,run1_rep1,C,OPEN,OPEN,request,CACHE,HIT,0.037292000342858955,0.6215829998836853,INFO,adaptador.request,false,degradado,0.5113749994052341,9452.552293397,9452.552877688,9452.552256105,9452.552804772,CIRCUIT_OPEN,2026-09-05T00:05:55.751641Z
51fa3efa-483c-44c3-886a-7640618d1d99,run1_rep1,C,OPEN,OPEN,request,CACHE,HIT,0.030875000447849743,0.8553749994462123,INFO,adaptador.request,false,degradado,0.7183749985415488,9452.55655923,9452.55738373,9452.556528355,9452.557277605,CIRCUIT_OPEN,2026-09-05T00:05:55.756165Z
494fa2bd-aa21-4ed2-bb69-352f208e5d81,run1_rep1,C,OPEN,OPEN,request,CACHE,HIT,0.0346670003636973,0.6345829988276819,INFO,adaptador.request,false,degradado,0.5286249997880077,9452.567840772,9452.568440688,9452.567806105,9452.568369397,CIRCUIT_OPEN,2026-09-05T00:05:55.767223Z
591209b4-7b46-4437-8995-1d73717c6ef0,run1_rep1,C,OPEN,OPEN,request,CACHE,HIT,0.02099999983329326,0.4657499994209502,INFO,adaptador.request,false,degradado,0.37983299989718944,9452.580373355,9452.580818105,9452.580352355,9452.580753188,CIRCUIT_OPEN,2026-09-05T00:05:55.779590Z
9551ea6b-c5b9-4631-b829-78887b0238ee,run1_rep1,C,OPEN,OPEN,request,CACHE,HIT,0.048833000619197264,0.8350830012204824,INFO,adaptador.request,false,degradado,0.6961670005694032,9452.68052973,9452.68131598,9452.680480897,9452.681225897,CIRCUIT_OPEN,2026-09-05T00:05:55.880090Z
05d833bc-92f7-424e-8c14-4c38f31ae74e,run1_rep1,C,OPEN,OPEN,request,CACHE,HIT,0.030166998840286396,0.5489589984790655,INFO,adaptador.request,false,degradado,0.4622079995897366,9452.690879397,9452.691398189,9452.69084923,9452.691341605,CIRCUIT_OPEN,2026-09-05T00:05:55.890148Z
730069b6-888c-4231-9313-0b5ca7d56d4a,run1_rep1,C,OPEN,OPEN,request,CACHE,HIT,0.038750000385334715,0.6346249992930098,INFO,adaptador.request,false,degradado,0.5309169991960516,9452.735744022,9452.736339897,9452.735705272,9452.736274939,CIRCUIT_OPEN,2026-09-05T00:05:55.935106Z
0000326f-4c72-4e53-8451-2da4aef593e3,run1_rep1,C,OPEN,OPEN,request,CACHE,HIT,0.036375000490807,0.6171250006445916,INFO,adaptador.request,false,degradado,0.5197919999773148,9452.768653105,9452.769233855,9452.76861673,9452.769172897,CIRCUIT_OPEN,2026-09-05T00:05:55.967999Z
5c8bbb54-04ef-4ab9-ad2a-60c4ea410ec7,run1_rep1,C,OPEN,OPEN,request,CACHE,HIT,0.027333000616636127,0.569333000385086,INFO,adaptador.request,false,degradado,0.4697919994214317,9452.786137355,9452.786679355,9452.786110022,9452.786607147,CIRCUIT_OPEN,2026-09-05T00:05:55.985463Z
11c7c7bf-e772-428e-94df-db20e757aac5,run1_rep1,C,OPEN,OPEN,request,CACHE,HIT,0.021791000108351,0.4630410003301222,INFO,adaptador.request,false,degradado,0.38920900078665,9452.78976398,9452.79020523,9452.789742189,9452.790153189,CIRCUIT_OPEN,2026-09-05T00:05:55.988959Z
9ef0b0fb-f5ef-4043-a24a-5219f6b447e2,run1_rep1,C,OPEN,OPEN,request,CACHE,HIT,0.04691600042860955,0.605250001171953,INFO,adaptador.request,false,degradado,0.49362500067218207,9452.84001448,9452.840572814,9452.839967564,9452.840508105,CIRCUIT_OPEN,2026-09-05T00:05:56.039339Z
07dcbcdb-820f-4abb-ba24-26d85793861e,run1_rep1,C,OPEN,OPEN,request,CACHE,HIT,0.034750000850181095,0.6004999995639082,INFO,adaptador.request,false,degradado,0.45849999878555536,9452.855536564,9452.856102314,9452.855501814,9452.855995064,CIRCUIT_OPEN,2026-09-05T00:05:56.054883Z
a6c75378-9f02-4426-a4c4-ec16dc2c795d,run1_rep1,C,OPEN,OPEN,request,CACHE,HIT,0.03383300099812914,0.7065000008878997,INFO,adaptador.request,false,degradado,0.5802920004498446,9452.860368272,9452.861040939,9452.860334439,9452.860948564,CIRCUIT_OPEN,2026-09-05T00:05:56.059824Z
1de23e94-9f5d-442c-9c23-a6e7e41583bb,run1_rep1,C,OPEN,OPEN,request,CACHE,HIT,0.05687500015483238,0.8326249990204815,INFO,adaptador.request,false,degradado,0.6690419995720731,9452.990095355,9452.990871105,9452.99003848,9452.990764397,CIRCUIT_OPEN,2026-09-05T00:05:56.189658Z
a528f2ee-4684-488e-8be2-b5b3b43c4db7,run1_rep1,C,OPEN,OPEN,request,CACHE,HIT,0.042124998799408786,1.0482500001671724,INFO,adaptador.request,false,degradado,0.9392500014655525,9452.991757605,9452.99276373,9452.99171548,9452.992696855,CIRCUIT_OPEN,2026-09-05T00:05:56.191542Z
b136b716-1bd1-46d1-bcdb-f82723a06340,run1_rep1,C,OPEN,OPEN,request,CACHE,HIT,0.05212500036577694,0.854166000863188,INFO,adaptador.request,false,degradado,0.7000410005275626,9453.065348564,9453.066150605,9453.065296439,9453.066048605,CIRCUIT_OPEN,2026-09-05T00:05:56.264941Z
f1d0438e-e32b-4667-8001-e29828fea218,run1_rep1,C,OPEN,OPEN,request,CACHE,HIT,0.03679099972941913,0.5703329989046324,INFO,adaptador.request,false,degradado,0.47037500007718336,9453.088278105,9453.088811647,9453.088241314,9453.08874848,CIRCUIT_OPEN,2026-09-05T00:05:56.287564Z
8ecf81d2-c1b6-482b-b5bf-572a982d1fc9,run1_rep1,C,OPEN,OPEN,request,CACHE,HIT,0.02020899955823552,0.8325420003529871,INFO,adaptador.request,false,degradado,0.7113330011634389,9453.089601814,9453.090414147,9453.089581605,9453.090313147,CIRCUIT_OPEN,2026-09-05T00:05:56.289203Z
c53a5d68-d0c3-4447-b252-b5b9682726ca,run1_rep1,C,OPEN,OPEN,request,CACHE,HIT,0.04504100070334971,0.7045410002319841,INFO,adaptador.request,false,degradado,0.5829169986100169,9453.14356548,9453.14422498,9453.143520439,9453.144148397,CIRCUIT_OPEN,2026-09-05T00:05:56.343007Z
09f6734c-6bea-42aa-b596-43ab24062066,run1_rep1,C,OPEN,OPEN,request,CACHE,HIT,0.03441700027906336,0.5808340010844404,INFO,adaptador.request,false,degradado,0.47941699995135423,9453.169899272,9453.170445689,9453.169864855,9453.170378689,CIRCUIT_OPEN,2026-09-05T00:05:56.369215Z
1ff179ba-8e42-492a-8fc8-6de7c446a838,run1_rep1,C,OPEN,OPEN,request,CACHE,HIT,0.03733300036401488,0.6188750012370292,INFO,adaptador.request,false,degradado,0.5109169997012941,9453.253331897,9453.253913439,9453.253294564,9453.253842814,CIRCUIT_OPEN,2026-09-05T00:05:56.452702Z
972ab3dc-e65b-4f61-8e69-9fee7a9a7373,run1_rep1,C,OPEN,OPEN,request,CACHE,HIT,0.0368329983757576,3.8789999998698477,INFO,adaptador.request,false,degradado,3.7770000017189886,9453.26524023,9453.269082397,9453.265203397,9453.26901723,CIRCUIT_OPEN,2026-09-05T00:05:56.467860Z
010201fe-21f1-48dc-8c07-d9a4dab6ee1c,run1_rep1,C,OPEN,OPEN,request,CACHE,HIT,0.04824999996344559,0.9438749984838068,INFO,adaptador.request,false,degradado,0.7790829986333847,9453.301562189,9453.302457814,9453.301513939,9453.302341272,CIRCUIT_OPEN,2026-09-05T00:05:56.501262Z
9dc9707a-765e-41fd-bcea-676133593300,run1_rep1,C,OPEN,OPEN,request,CACHE,HIT,0.03262499922129791,0.5338329992810031,INFO,adaptador.request,false,degradado,0.4102500006410992,9453.305174939,9453.305676147,9453.305142314,9453.305585189,CIRCUIT_OPEN,2026-09-05T00:05:56.504482Z
75e442e7-2dd5-4a69-aad5-d49ce1ca2864,run1_rep1,C,OPEN,OPEN,request,CACHE,HIT,0.04579099913826212,0.7776250004098983,INFO,adaptador.request,false,degradado,0.64570900030958,9453.362665272,9453.363397106,9453.362619481,9453.363310981,CIRCUIT_OPEN,2026-09-05T00:05:56.562170Z
415363d2-0b57-4740-99b6-9ca46c02433f,run1_rep1,C,OPEN,OPEN,request,CACHE,HIT,0.03883299905282911,0.9093749995372491,INFO,adaptador.request,false,degradado,0.7938329999888083,9453.370334939,9453.371205481,9453.370296106,9453.371128772,CIRCUIT_OPEN,2026-09-05T00:05:56.569992Z
5e844608-f096-4608-9899-bd629d91ce30,run1_rep1,C,OPEN,OPEN,request,CACHE,HIT,0.02766599936876446,0.5072499989182688,INFO,adaptador.request,false,degradado,0.41145899922412354,9453.379974022,9453.380453606,9453.379946356,9453.380385481,CIRCUIT_OPEN,2026-09-05T00:05:56.579233Z
f9b19b13-d01c-44f2-a60b-e7a17e766074,run1_rep1,C,OPEN,OPEN,request,CACHE,HIT,0.01808299930416979,0.40345799970964435,INFO,adaptador.request,false,degradado,0.3366250002727611,9453.398095564,9453.398480939,9453.398077481,9453.398432189,CIRCUIT_OPEN,2026-09-05T00:05:56.597245Z
ab3d026e-e303-458a-82f7-877f13617896,run1_rep1,C,OPEN,OPEN,request,CACHE,HIT,0.03445900074439123,0.6523749998450512,INFO,adaptador.request,false,degradado,0.5469579991768114,9453.457958356,9453.458576272,9453.457923897,9453.458505314,CIRCUIT_OPEN,2026-09-05T00:05:56.657356Z
8c6b9936-34e2-417e-90f6-047d7488df63,run1_rep1,C,OPEN,OPEN,request,CACHE,HIT,0.03229200046916958,0.9515420006209752,INFO,adaptador.request,false,degradado,0.855291000334546,9453.474946106,9453.475865356,9453.474913814,9453.475801397,CIRCUIT_OPEN,2026-09-05T00:05:56.674876Z
958e20cf-3e54-41d2-9f7e-fab4eccfa461,run1_rep1,C,OPEN,OPEN,request,CACHE,HIT,0.019332999727339484,0.7535000004281756,INFO,adaptador.request,false,degradado,0.689292000970454,9453.475379647,9453.476113814,9453.475360314,9453.476068939,CIRCUIT_OPEN,2026-09-05T00:05:56.675113Z
6881420a-65c9-4572-a7a8-97b79c4d4f47,run1_rep1,C,OPEN,OPEN,request,CACHE,HIT,0.042875000872300006,0.7128329998522531,INFO,adaptador.request,false,degradado,0.5920829989918275,9453.514431939,9453.515101897,9453.514389064,9453.515024022,CIRCUIT_OPEN,2026-09-05T00:05:56.713883Z
4190d32c-41c9-4e75-afaa-69df6a9c7647,run1_rep1,C,OPEN,OPEN,request,CACHE,HIT,0.040459000956616364,0.6584170005226042,INFO,adaptador.request,false,degradado,0.533665999682853,9453.625700856,9453.626318814,9453.625660397,9453.626234522,CIRCUIT_OPEN,2026-09-05T00:05:56.825100Z
dd8ee15f-544b-4b87-b04d-320107294b9a,run1_rep1,C,OPEN,OPEN,request,CACHE,HIT,0.040625000110594556,0.733042001229478,INFO,adaptador.request,false,degradado,0.6149590008135419,9453.677972147,9453.678664564,9453.677931522,9453.678587106,CIRCUIT_OPEN,2026-09-05T00:05:56.877430Z
45b11db5-d2f1-4690-b73c-197b5a524fd8,run1_rep1,C,OPEN,OPEN,request,CACHE,HIT,0.039375001506414264,0.6676250013697427,INFO,adaptador.request,false,degradado,0.5409159984992584,9453.737539731,9453.738167981,9453.737500356,9453.738080647,CIRCUIT_OPEN,2026-09-05T00:05:56.936989Z
68c2033a-2637-4c6e-a0f5-6dc0fd439ffc,run1_rep1,C,OPEN,OPEN,request,CACHE,HIT,0.050999999075429514,1.0886249983741436,INFO,adaptador.request,false,degradado,0.90220899983251,9453.742024022,9453.743061647,9453.741973022,9453.742926231,CIRCUIT_OPEN,2026-09-05T00:05:56.941845Z
1fc63aa0-f658-40e4-ab65-a5c546e296b3,run1_rep1,C,OPEN,OPEN,request,CACHE,HIT,0.043416999687906355,0.6524170003103791,INFO,adaptador.request,false,degradado,0.5277910004224395,9453.812539231,9453.813148231,9453.812495814,9453.813067022,CIRCUIT_OPEN,2026-09-05T00:05:57.011938Z
cff379b8-bb01-4d14-b066-e97d4855e04a,run1_rep1,C,OPEN,OPEN,request,CACHE,HIT,0.04475000059755985,0.7099579997884575,INFO,adaptador.request,false,degradado,0.5691669994121185,9453.876471314,9453.877136522,9453.876426564,9453.877040481,CIRCUIT_OPEN,2026-09-05T00:05:57.075926Z
3b155c85-23d4-40a8-a74a-3d36dd2ec9a0,run1_rep1,C,OPEN,OPEN,request,CACHE,HIT,0.03483299951767549,0.5805829987366451,INFO,adaptador.request,false,degradado,0.4750829994009109,9453.894550314,9453.895096064,9453.894515481,9453.895025397,CIRCUIT_OPEN,2026-09-05T00:05:57.093861Z
922c091a-61ae-45cc-83f7-12584e76e33c,run1_rep1,C,OPEN,OPEN,request,CACHE,HIT,0.02725000013015233,0.5381669998314464,INFO,adaptador.request,false,degradado,0.4444170008355286,9453.901977939,9453.902488856,9453.901950689,9453.902422356,CIRCUIT_OPEN,2026-09-05T00:05:57.101260Z
8ec907b5-7546-42af-b5eb-7a890dd48c22,run1_rep1,C,OPEN,OPEN,request,CACHE,HIT,0.02975000097649172,0.6269170007726643,INFO,adaptador.request,false,degradado,0.5202499996812548,9453.905832897,9453.906430064,9453.905803147,9453.906353147,CIRCUIT_OPEN,2026-09-05T00:05:57.105212Z
