request_id,ejecucion_id,escenario,estado_circuito_fin,estado_circuito_inicio,event_type,fuente_respuesta,hit_miss,latencia_proveedor_ms,latencia_total_ms,level,logger,proveedor_invocado,resultado,tiempo_conmutacion_ms,timestamp_deteccion,timestamp_fin,timestamp_inicio,timestamp_respuesta_cache,tipo_error,ts_wall
fc223661-19c9-44cc-ad31-098ccf53c774,run1_rep2,G,CLOSED,CLOSED,request,PROVIDER,N/A,,80.0800419983716,INFO,adaptador.request,true,exitoso,,,10247.709874051,10247.629794009,,,2026-09-05T00:19:10.913176Z
4e48a916-8e77-4d3f-ac99-6c4db8de5bd1,run1_rep2,G,CLOSED,CLOSED,request,PROVIDER,N/A,,145.64987499943527,INFO,adaptador.request,true,exitoso,,,10247.776278717,10247.630628842,,,2026-09-05T00:19:10.979697Z
0e6f33e3-2b37-4057-9e57-00eccebf4ba2,run1_rep2,G,CLOSED,CLOSED,request,PROVIDER,N/A,,102.05899999891699,INFO,adaptador.request,true,exitoso,,,10248.268498676,10248.166439676,,,2026-09-05T00:19:11.471799Z
233fb9ce-517d-4953-937e-26f4b967121e,run1_rep2,G,CLOSED,CLOSED,request,PROVIDER,N/A,,148.17587499965157,INFO,adaptador.request,true,exitoso,,,10248.347313051,10248.199137176,,,2026-09-05T00:19:11.550630Z
8d85d1fb-a789-4530-8c9f-40edad72ee02,run1_rep2,G,CLOSED,CLOSED,request,PROVIDER,N/A,,104.6045419989241,INFO,adaptador.request,true,exitoso,,,10248.530478551,10248.425874009,,,2026-09-05T00:19:11.733851Z
c2cfee03-4636-4dce-bc67-4203211a60e7,run1_rep2,G,CLOSED,CLOSED,request,PROVIDER,N/A,,97.94637500090175,INFO,adaptador.request,true,exitoso,,,10248.602908134,10248.504961759,,,2026-09-05T00:19:11.806218Z
246e07cd-acf2-49c7-9fff-b9be0e1f74b4,run1_rep2,G,CLOSED,CLOSED,request,PROVIDER,N/A,,64.33029199979501,INFO,adaptador.request,true,exitoso,,,10248.816633093,10248.752302801,,,2026-09-05T00:19:12.019946Z
91fc040e-95a6-4323-abe3-2f17e7c6bfff,run1_rep2,G,CLOSED,CLOSED,request,PROVIDER,N/A,,94.05087499908404,INFO,adaptador.request,true,exitoso,,,10249.001957551,10248.907906676,,,2026-09-05T00:19:12.205298Z
11cc2b33-1b25-4d35-845b-7bce386acd02,run1_rep2,G,CLOSED,CLOSED,request,PROVIDER,N/A,,101.57779200017103,INFO,adaptador.request,true,exitoso,,,10249.318619218,10249.217041426,,,2026-09-05T00:19:12.521930Z
728a58d0-7b4d-47e3-abf1-58e96fbe9256,run1_rep2,G,CLOSED,CLOSED,request,PROVIDER,N/A,,125.86479200035683,INFO,adaptador.request,true,exitoso,,,10249.418147135,10249.292282343,,,2026-09-05T00:19:12.621528Z
ccddd1c9-b287-431d-b3af-1efde2de11c1,run1_rep2,G,CLOSED,CLOSED,request,PROVIDER,N/A,,102.99683400080539,INFO,adaptador.request,true,exitoso,,,10249.561963635,10249.458966801,,,2026-09-05T00:19:12.765279Z
b6fe5e8c-0fb4-4706-a451-9fbc2190400e,run1_rep2,G,CLOSED,CLOSED,request,PROVIDER,N/A,,89.12108399999852,INFO,adaptador.request,true,exitoso,,,10249.996785427,10249.907664343,,,2026-09-05T00:19:13.200127Z
7578abff-4f6c-4021-9722-44a8056ff43c,run1_rep2,G,CLOSED,CLOSED,request,PROVIDER,N/A,,72.51254199945834,INFO,adaptador.request,true,exitoso,,,10250.115693677,10250.043181135,,,2026-09-05T00:19:13.318950Z
685598e4-638f-497e-acde-fd587c8f819e,run1_rep2,G,CLOSED,CLOSED,request,PROVIDER,N/A,,65.62725000003411,INFO,adaptador.request,true,exitoso,,,10250.357128594,10250.291501344,,,2026-09-05T00:19:13.560451Z
8dc7dc94-5d5c-4565-b31b-37ee670e79db,run1_rep2,G,CLOSED,CLOSED,request,PROVIDER,N/A,,136.86945799963723,INFO,adaptador.request,true,exitoso,,,10250.429381802,10250.292512344,,,2026-09-05T00:19:13.632695Z
0fe36de6-5231-4362-98a0-321cb8fe3688,run1_rep2,G,CLOSED,CLOSED,request,PROVIDER,N/A,,83.24399999946763,INFO,adaptador.request,true,exitoso,,,10250.609986344,10250.526742344,,,2026-09-05T00:19:13.813323Z
f60581b0-d136-4a15-8a78-102cba075970,run1_rep2,G,CLOSED,CLOSED,request,PROVIDER,N/A,,86.20608399905905,INFO,adaptador.request,true,exitoso,,,10251.020478511,10250.934272427,,,2026-09-05T00:19:14.223765Z
7e601e31-a2ed-46f1-a0ef-d3010f966298,run1_rep2,G,CLOSED,CLOSED,request,PROVIDER,N/A,,108.35099999894737,INFO,adaptador.request,true,exitoso,,,10251.231124261,10251.122773261,,,2026-09-05T00:19:14.434423Z
540f5028-830d-43f9-900a-f4b3b32d0094,run1_rep2,G,CLOSED,CLOSED,request,PROVIDER,N/A,,80.24920900061261,INFO,adaptador.request,true,exitoso,,,10251.543065886,10251.462816677,,,2026-09-05T00:19:14.746453Z
a8c11d5f-a8d0-4f30-adb7-6ddbe9b6eca8,run1_rep2,G,CLOSED,CLOSED,request,PROVIDER,N/A,,176.32558399964182,INFO,adaptador.request,true,exitoso,,,10251.648598636,10251.472273052,,,2026-09-05T00:19:14.851905Z
de1cb0d1-005a-40c1-abb7-41f0cbfb395d,run1_rep2,G,CLOSED,CLOSED,request,PROVIDER,N/A,,97.4623750007595,INFO,adaptador.request,true,exitoso,,,10252.043757011,10251.946294636,,,2026-09-05T00:19:15.247015Z
7999fbb6-f603-4b2d-93d2-0280beb88459,run1_rep2,G,CLOSED,CLOSED,request,PROVIDER,N/A,,155.5517079996207,INFO,adaptador.request,true,exitoso,,,10252.132187011,10251.976635303,,,2026-09-05T00:19:15.335446Z
85fe27ad-5762-4089-9f8c-dd028a5af0c8,run1_rep2,G,CLOSED,CLOSED,request,PROVIDER,N/A,,85.58166699913272,INFO,adaptador.request,true,exitoso,,,10252.570763303,10252.485181636,,,2026-09-05T00:19:15.774051Z
2858c5b6-cb42-4443-98a0-c138acc68f3e,run1_rep2,G,CLOSED,CLOSED,request,PROVIDER,N/A,,64.39216600119835,INFO,adaptador.request,true,exitoso,,,10252.691658886,10252.62726672,,,2026-09-05T00:19:15.895007Z
ce41c403-af3c-409e-b86a-4712e7abd894,run1_rep2,G,CLOSED,CLOSED,request,PROVIDER,N/A,,66.95487499928277,INFO,adaptador.request,true,exitoso,,,10252.88073847,10252.813783595,,,2026-09-05T00:19:16.084147Z
a34d3f37-6524-47fe-9034-4d2b99fb0783,run1_rep2,G,CLOSED,CLOSED,request,PROVIDER,N/A,,109.16508300033456,INFO,adaptador.request,true,exitoso,,,10253.128079803,10253.01891472,,,2026-09-05T00:19:16.331392Z
da75c411-34bb-4333-8c2e-58aea7a49890,run1_rep2,G,CLOSED,CLOSED,request,PROVIDER,N/A,,66.3568750005652,INFO,adaptador.request,true,exitoso,,,10253.188905137,10253.122548262,,,2026-09-05T00:19:16.392236Z
78f43a75-61e7-4ab6-b2c0-c64769004e38,run1_rep2,G,CLOSED,CLOSED,request,PROVIDER,N/A,,100.53045799941174,INFO,adaptador.request,true,exitoso,,,10253.353488928,10253.25295847,,,2026-09-05T00:19:16.556787Z
19684165-eb65-490e-9e4b-aeb6cc45404b,run1_rep2,G,CLOSED,CLOSED,request,PROVIDER,N/A,,70.86633300059475,INFO,adaptador.request,true,exitoso,,,10253.594792095,10253.523925762,,,2026-09-05T00:19:16.798112Z
bd9842f0-8a2e-420c-b854-4db676103377,run1_rep2,G,CLOSED,CLOSED,request,PROVIDER,N/A,,137.55645799938065,INFO,adaptador.request,true,exitoso,,,10253.67054772,10253.532991262,,,2026-09-05T00:19:16.873861Z
1cfd1c15-1582-47da-8ea6-b05e1df97abb,run1_rep2,G,CLOSED,CLOSED,request,PROVIDER,N/A,,83.8411670010828,INFO,adaptador.request,true,exitoso,,,10253.828174054,10253.744332887,,,2026-09-05T00:19:17.031478Z
7806fefd-d4f6-4254-a171-7ae2b4f144dd,run1_rep2,G,CLOSED,CLOSED,request,PROVIDER,N/A,,59.700125000745174,INFO,adaptador.request,true,exitoso,,,10254.017822762,10253.958122637,,,2026-09-05T00:19:17.221130Z
22d046ab-4edd-4196-b50c-15a8e7d5d677,run1_rep2,G,CLOSED,CLOSED,request,PROVIDER,N/A,,57.48437500005821,INFO,adaptador.request,true,exitoso,,,10254.270147429,10254.212663054,,,2026-09-05T00:19:17.473442Z
4be86271-1be1-45e3-a36b-9641632a537a,run1_rep2,G,CLOSED,CLOSED,request,PROVIDER,N/A,,104.02262499883363,INFO,adaptador.request,true,exitoso,,,10254.370571512,10254.266548887,,,2026-09-05T00:19:17.573893Z
bb370c41-31c7-435c-81ab-328d5619e610,run1_rep2,G,CLOSED,CLOSED,request,PROVIDER,N/A,,106.40666600011173,INFO,adaptador.request,true,exitoso,,,10254.648169887,10254.541763221,,,2026-09-05T00:19:17.851501Z
24d60541-c352-4da6-8b15-84f2d3598c75,run1_rep2,G,CLOSED,CLOSED,request,PROVIDER,N/A,,78.29829199909,INFO,adaptador.request,true,exitoso,,,10254.761093554,10254.682795262,,,2026-09-05T00:19:17.964396Z
3f626882-4bd4-4e21-ac6c-19f55adabcec,run1_rep2,G,CLOSED,CLOSED,request,PROVIDER,N/A,,105.47487499934505,INFO,adaptador.request,true,exitoso,,,10254.991561596,10254.886086721,,,2026-09-05T00:19:18.194869Z
1cc6b5bf-2a36-4cf5-a967-00b5b075203a,run1_rep2,G,CLOSED,CLOSED,request,PROVIDER,N/A,,147.7063749989611,INFO,adaptador.request,true,exitoso,,,10255.062527429,10254.914821054,,,2026-09-05T00:19:18.265857Z
9b112a45-0e7d-4941-9976-5666998a1e56,run1_rep2,G,CLOSED,CLOSED,request,PROVIDER,N/A,,83.20158399874344,INFO,adaptador.request,true,exitoso,,,10255.347556513,10255.264354929,,,2026-09-05T00:19:18.550874Z
a6af9e6b-8008-4937-8696-83efa219f075,run1_rep2,G,CLOSED,CLOSED,request,PROVIDER,N/A,,132.4819999990723,INFO,adaptador.request,true,exitoso,,,10255.456686013,10255.324204013,,,2026-09-05T00:19:18.659977Z
93e31d6e-8c4d-48ac-92bf-1892e29cddb1,run1_rep2,G,CLOSED,CLOSED,request,PROVIDER,N/A,,95.69866699894192,INFO,adaptador.request,true,exitoso,,,10255.81772193,10255.722023263,,,2026-09-05T00:19:19.021061Z
a4695ea8-0bd9-48f2-99e8-52a080d65a47,run1_rep2,G,CLOSED,CLOSED,request,PROVIDER,N/A,,115.52866700003506,INFO,adaptador.request,true,exitoso,,,10255.904068138,10255.788539471,,,2026-09-05T00:19:19.107383Z
37a06ee8-d179-4f0f-872c-d65bf1d4ed99,run1_rep2,G,CLOSED,CLOSED,request,PROVIDER,N/A,,72.00341600037063,INFO,adaptador.request,true,exitoso,,,10256.143620846,10256.07161743,,,2026-09-05T00:19:19.346938Z
e618a87b-d54d-4fa3-9fde-ee2fa11e43a7,run1_rep2,G,CLOSED,CLOSED,request,PROVIDER,N/A,,101.05162500076403,INFO,adaptador.request,true,exitoso,,,10256.238865638,10256.137814013,,,2026-09-05T00:19:19.442271Z
b2b5d779-7673-4f81-bf23-d9d63964d4c6,run1_rep2,G,CLOSED,CLOSED,request,PROVIDER,N/A,,86.12308400006441,INFO,adaptador.request,true,exitoso,,,10256.513967055,10256.427843971,,,2026-09-05T00:19:19.717359Z
ef395bd9-a2c4-4e99-a1d4-a2a1495a5148,run1_rep2,G,CLOSED,CLOSED,request,PROVIDER,N/A,,92.76162500100327,INFO,adaptador.request,true,exitoso,,,10256.81216993,10256.719408305,,,2026-09-05T00:19:20.015448Z
b3bd6eb8-c3cc-4cb3-8ad8-6127ca6d5883,run1_rep2,G,CLOSED,CLOSED,request,PROVIDER,N/A,,61.71041599918681,INFO,adaptador.request,true,exitoso,,,10257.084325888,10257.022615472,,,2026-09-05T00:19:20.287744Z
ba900024-64c9-41cb-a17a-c717a5597b55,run1_rep2,G,CLOSED,CLOSED,request,PROVIDER,N/A,,96.02883300067333,INFO,adaptador.request,true,exitoso,,,10257.160808138,10257.064779305,,,2026-09-05T00:19:20.364109Z
64e5e823-86c0-44f4-a30e-84ccfb956a08,run1_rep2,G,CLOSED,CLOSED,request,PROVIDER,N/A,,80.02124999984517,INFO,adaptador.request,true,exitoso,,,10257.525628222,10257.445606972,,,2026-09-05T00:19:20.728889Z
24d2c40b-7345-4037-8c3d-31715b1e8354,run1_rep2,G,CLOSED,CLOSED,request,PROVIDER,N/A,,106.17458300112048,INFO,adaptador.request,true,exitoso,,,10257.878270847,10257.772096264,,,2026-09-05T00:19:21.081586Z
02ce2012-a5e6-417c-a57a-0fc2367f6429,run1_rep2,G,CLOSED,CLOSED,request,PROVIDER,N/A,,202.18595799997274,INFO,adaptador.request,true,exitoso,,,10257.975757597,10257.773571639,,,2026-09-05T00:19:21.179084Z
3e0d3c86-c9dc-4d8d-b00b-fe26b2af787d,run1_rep2,G,CLOSED,CLOSED,request,PROVIDER,N/A,,301.8955839997943,INFO,adaptador.request,true,exitoso,,,10258.076687389,10257.774791805,,,2026-09-05T00:19:21.280006Z
b2090376-c05b-4e38-9431-12fe739a56b8,run1_rep2,G,CLOSED,CLOSED,request,PROVIDER,N/A,,376.6663749993313,INFO,adaptador.request,true,exitoso,,,10258.151795222,10257.775128847,,,2026-09-05T00:19:21.355144Z
bd724b57-47c8-4b79-ba94-a98bb0963860,run1_rep2,G,CLOSED,CLOSED,request,PROVIDER,N/A,,433.38808399857953,INFO,adaptador.request,true,exitoso,,,10258.209755306,10257.776367222,,,2026-09-05T00:19:21.413048Z
8f11deb5-7222-4900-aa13-b7bb026d4d74,run1_rep2,G,CLOSED,CLOSED,request,PROVIDER,N/A,,527.7109170001495,INFO,adaptador.request,true,exitoso,,,10258.305196639,10257.777485722,,,2026-09-05T00:19:21.508514Z
702c0457-aed3-46d2-b927-ebe7fa39795c,run1_rep2,G,CLOSED,CLOSED,request,PROVIDER,N/A,,589.4990840006358,INFO,adaptador.request,true,exitoso,,,10258.367747139,10257.778248055,,,2026-09-05T00:19:21.571050Z
fff4e085-db98-4791-85c4-04551023dc03,run1_rep2,G,CLOSED,CLOSED,request,PROVIDER,N/A,,688.6844590007968,INFO,adaptador.request,true,exitoso,,,10258.468784556,10257.780100097,,,2026-09-05T00:19:21.672108Z
3ca1331d-0023-43cc-976e-f7c9c80c5a23,run1_rep2,G,CLOSED,CLOSED,request,PROVIDER,N/A,,771.0349999997561,INFO,adaptador.request,true,exitoso,,,10258.551261972,10257.780226972,,,2026-09-05T00:19:21.754580Z
c15d5c94-7bc3-414f-93d1-a5200834f054,run1_rep2,G,CLOSED,CLOSED,request,PROVIDER,N/A,,878.4585430003062,INFO,adaptador.request,true,exitoso,,,10258.658873723,10257.78041518,,,2026-09-05T00:19:21.862239Z
db83ff32-70fe-47fe-ba20-698d0d073043,run1_rep2,G,CLOSED,CLOSED,request,PROVIDER,N/A,,564.1310829996655,INFO,adaptador.request,true,exitoso,,,10258.736673889,10258.172542806,,,2026-09-05T00:19:21.939990Z
321c6925-d1e3-46db-8dce-9d49c7678da4,run1_rep2,G,CLOSED,CLOSED,request,PROVIDER,N/A,,629.6189999993658,INFO,adaptador.request,true,exitoso,,,10258.832889931,10258.203270931,,,2026-09-05T00:19:22.036217Z
ae919cb7-b35c-4272-aa94-d4c33f58a393,run1_rep2,G,CLOSED,CLOSED,request,PROVIDER,N/A,,565.213166999456,INFO,adaptador.request,true,exitoso,,,10258.928394431,10258.363181264,,,2026-09-05T00:19:22.131696Z
26e9480f-1e0e-4501-a0bf-a712b036b05f,run1_rep2,G,CLOSED,CLOSED,request,PROVIDER,N/A,,555.1085009992676,INFO,adaptador.request,true,exitoso,,,10259.031668348,10258.476559847,,,2026-09-05T00:19:22.234962Z
43b59737-d53a-4987-b88a-9494b73660ce,run1_rep2,G,CLOSED,CLOSED,request,PROVIDER,N/A,,620.2735829992889,INFO,adaptador.request,true,exitoso,,,10259.115734264,10258.495460681,,,2026-09-05T00:19:22.319046Z
6c5e51ef-f71a-43cd-ba52-3e1953c89596,run1_rep2,G,CLOSED,CLOSED,request,PROVIDER,N/A,,498.75512499966135,INFO,adaptador.request,true,exitoso,,,10259.174107931,10258.675352806,,,2026-09-05T00:19:22.377438Z
5a9897e4-97e9-4c57-bfa6-d997417177e8,run1_rep2,G,CLOSED,CLOSED,request,PROVIDER,N/A,,586.1348749986064,INFO,adaptador.request,true,exitoso,,,10259.271513556,10258.685378681,,,2026-09-05T00:19:22.474879Z
325ee577-b7e8-4d40-be3b-3865115da90d,run1_rep2,G,CLOSED,CLOSED,request,PROVIDER,N/A,,624.8823329988227,INFO,adaptador.request,true,exitoso,,,10259.349792181,10258.724909848,,,2026-09-05T00:19:22.553142Z
4df7373d-4969-4e41-b468-a9ff781e669b,run1_rep2,G,CLOSED,CLOSED,request,PROVIDER,N/A,,671.8310010001005,INFO,adaptador.request,true,exitoso,,,10259.45038564,10258.778554639,,,2026-09-05T00:19:22.653703Z
5d250333-59a4-4538-92ed-992f59672e1c,run1_rep2,G,CLOSED,CLOSED,request,PROVIDER,N/A,,746.8774590015528,INFO,adaptador.request,true,exitoso,,,10259.527229765,10258.780352306,,,2026-09-05T00:19:22.730562Z
927076f5-747b-4a83-9d89-2cf00add7412,run1_rep2,G,CLOSED,CLOSED,request,PROVIDER,N/A,,819.7432920005667,INFO,adaptador.request,true,exitoso,,,10259.600548515,10258.780805223,,,2026-09-05T00:19:22.803861Z
66a43715-3afe-4892-95fe-5765e88f65cd,run1_rep2,G,CLOSED,CLOSED,request,PROVIDER,N/A,,898.8324169986299,INFO,adaptador.request,true,exitoso,,,10259.681250515,10258.782418098,,,2026-09-05T00:19:22.884570Z
34ed68ca-5a56-40c4-902b-d1ad88a3e287,run1_rep2,G,CLOSED,CLOSED,request,PROVIDER,N/A,,983.8704169997072,INFO,adaptador.request,true,exitoso,,,10259.766800431,10258.782930014,,,2026-09-05T00:19:22.970140Z
5a846e76-b5b4-43bb-b05f-572fb058a33e,run1_rep2,G,CLOSED,CLOSED,request,PROVIDER,N/A,,1082.7988760011067,INFO,adaptador.request,true,exitoso,,,10259.86734939,10258.784550514,,,2026-09-05T00:19:23.070627Z
53dda409-7fe3-47c2-a902-d5e96312cd10,run1_rep2,G,CLOSED,CLOSED,request,PROVIDER,N/A,,1175.7083339998644,INFO,adaptador.request,true,exitoso,,,10259.961187973,10258.785479639,,,2026-09-05T00:19:23.164514Z
702212ba-e1a7-4c6f-91a9-a47667f8eeb5,run1_rep2,G,CLOSED,CLOSED,request,PROVIDER,N/A,,1262.6712510009384,INFO,adaptador.request,true,exitoso,,,10260.048351015,10258.785679764,,,2026-09-05T00:19:23.251609Z
67aeb354-c726-473f-a4e0-baed8726c09c,run1_rep2,G,CLOSED,CLOSED,request,PROVIDER,N/A,,1354.4305840005109,INFO,adaptador.request,true,exitoso,,,10260.140492807,10258.786062223,,,2026-09-05T00:19:23.343753Z
c7210f13-d9b9-4809-bef3-80d2882cecb1,run1_rep2,G,CLOSED,CLOSED,request,PROVIDER,N/A,,1423.0564589997812,INFO,adaptador.request,true,exitoso,,,10260.209460723,10258.786404264,,,2026-09-05T00:19:23.412813Z
fd0cac4f-1975-482c-a6d2-5e2c91899c81,run1_rep2,G,CLOSED,CLOSED,request,PROVIDER,N/A,,1473.4939170011785,INFO,adaptador.request,true,exitoso,,,10260.317162515,10258.843668598,,,2026-09-05T00:19:23.520465Z
47349fc3-316e-4e38-b25f-935722575493,run1_rep2,G,CLOSED,CLOSED,request,PROVIDER,N/A,,1537.2187930006476,INFO,adaptador.request,true,exitoso,,,10260.416416807,10258.879198014,,,2026-09-05T00:19:23.619710Z
855f9359-91e1-418e-9a73-ba60fb03b819,run1_rep2,G,CLOSED,CLOSED,request,PROVIDER,N/A,,1257.7291669986153,INFO,adaptador.request,true,exitoso,,,10260.50858839,10259.250859223,,,2026-09-05T00:19:23.711904Z
90edb599-dcff-4f21-8921-f1476d8dc3a5,run1_rep2,G,CLOSED,CLOSED,request,PROVIDER,N/A,,1262.1195419997093,INFO,adaptador.request,true,exitoso,,,10260.568429515,10259.306309973,,,2026-09-05T00:19:23.771772Z
d47d4451-950c-4ac5-8dea-f1e5df98a8c2,run1_rep2,G,CLOSED,CLOSED,request,PROVIDER,N/A,,1349.336042001596,INFO,adaptador.request,true,exitoso,,,10260.658645515,10259.309309473,,,2026-09-05T00:19:23.861945Z
c27fa2d5-bfe7-44cd-aea6-a200deb6771e,run1_rep2,G,CLOSED,CLOSED,request,PROVIDER,N/A,,1372.934584000177,INFO,adaptador.request,true,exitoso,,,10260.726206765,10259.353272181,,,2026-09-05T00:19:23.929519Z
ef01d0b8-3666-4d8f-8c6f-aa0a3ba32e57,run1_rep2,G,CLOSED,CLOSED,request,PROVIDER,N/A,,1377.633750998939,INFO,adaptador.request,true,exitoso,,,10260.785322224,10259.407688473,,,2026-09-05T00:19:23.988588Z
2cb7ca30-396f-46e3-96e0-636c82a8f64e,run1_rep2,G,CLOSED,CLOSED,request,PROVIDER,N/A,,1319.439375998627,INFO,adaptador.request,true,exitoso,,,10260.850666932,10259.531227556,,,2026-09-05T00:19:24.053979Z
7e86c338-34e9-4899-a8b7-cb9196f70372,run1_rep2,G,CLOSED,CLOSED,request,PROVIDER,N/A,,1282.9045840007893,INFO,adaptador.request,true,exitoso,,,10260.927975557,10259.645070973,,,2026-09-05T00:19:24.131311Z
7730a732-fc3f-4742-a6d5-80f5639e7c4c,run1_rep2,G,CLOSED,CLOSED,request,PROVIDER,N/A,,1231.1602920017322,INFO,adaptador.request,true,exitoso,,,10261.01912464,10259.787964348,,,2026-09-05T00:19:24.222406Z
a8f776b1-f964-477a-a023-dd1e0da288aa,run1_rep2,G,CLOSED,CLOSED,request,PROVIDER,N/A,,1285.0772089987004,INFO,adaptador.request,true,exitoso,,,10261.075182182,10259.790104973,,,2026-09-05T00:19:24.278497Z
9793660e-28ee-4742-b837-7301927942bd,run1_rep2,G,CLOSED,CLOSED,request,PROVIDER,N/A,,1369.7999169999093,INFO,adaptador.request,true,exitoso,,,10261.161441182,10259.791641265,,,2026-09-05T00:19:24.364767Z
97921660-6a5f-4a3d-a67c-968d3925a148,run1_rep2,G,CLOSED,CLOSED,request,PROVIDER,N/A,,1467.1136670003762,INFO,adaptador.request,true,exitoso,,,10261.258910265,10259.791796598,,,2026-09-05T00:19:24.462329Z
9637816b-b292-4a02-94a6-4ae585ae0c2b,run1_rep2,G,CLOSED,CLOSED,request,PROVIDER,N/A,,1560.5413760004012,INFO,adaptador.request,true,exitoso,,,10261.354673849,10259.794132473,,,2026-09-05T00:19:24.557997Z
f966a755-2cc5-465a-9f28-8dd2a31ba784,run1_rep2,G,CLOSED,CLOSED,request,PROVIDER,N/A,,1655.170210000506,INFO,adaptador.request,true,exitoso,,,10261.449471766,10259.794301556,,,2026-09-05T00:19:24.652819Z
bdb81b10-bf32-41e3-b30d-f45d85098c43,run1_rep2,G,CLOSED,CLOSED,request,PROVIDER,N/A,,1740.4707099994994,INFO,adaptador.request,true,exitoso,,,10261.535126891,10259.794656181,,,2026-09-05T00:19:24.738468Z
f0b22491-c2cc-4bff-ac7c-8b8f829ffc5c,run1_rep2,G,CLOSED,CLOSED,request,PROVIDER,N/A,,1805.354959999022,INFO,adaptador.request,true,exitoso,,,10261.600225391,10259.794870431,,,2026-09-05T00:19:24.803605Z
e43ec881-3ca8-4521-91a5-77d68aa35696,run1_rep2,G,CLOSED,CLOSED,request,PROVIDER,N/A,,1877.2653340001852,INFO,adaptador.request,true,exitoso,,,10261.672675682,10259.795410348,,,2026-09-05T00:19:24.876007Z
04e06ff6-67a5-4ca9-8075-0e6fee704f10,run1_rep2,G,CLOSED,CLOSED,request,PROVIDER,N/A,,1964.2911680002726,INFO,adaptador.request,true,exitoso,,,10261.759861724,10259.795570556,,,2026-09-05T00:19:24.963178Z
a5f0af94-6e5d-473d-a8bf-af2347315981,run1_rep2,G,CLOSED,CLOSED,request,PROVIDER,N/A,,2068.561709000278,INFO,adaptador.request,true,exitoso,,,10261.864385182,10259.795823473,,,2026-09-05T00:19:25.067755Z
67436bb6-cf48-48f2-97ef-e2048b82c273,run1_rep2,G,CLOSED,CLOSED,request,PROVIDER,N/A,,2124.1061670007184,INFO,adaptador.request,true,exitoso,,,10261.966621932,10259.842515765,,,2026-09-05T00:19:25.169920Z
188b502f-cd38-45e3-a242-bb1bd92968e7,run1_rep2,G,CLOSED,CLOSED,request,PROVIDER,N/A,,2173.7870430006296,INFO,adaptador.request,true,exitoso,,,10262.028860266,10259.855073223,,,2026-09-05T00:19:25.232187Z
45058688-40b6-4c05-b2b6-2b8b594e8688,run1_rep2,G,CLOSED,CLOSED,request,PROVIDER,N/A,,2220.9205010003643,INFO,adaptador.request,true,exitoso,,,10262.092612599,10259.871692098,,,2026-09-05T00:19:25.295843Z
ed311088-5f24-4811-b4aa-0efbc41eec3b,run1_rep2,G,CLOSED,CLOSED,request,PROVIDER,N/A,,2252.0963349998055,INFO,adaptador.request,true,exitoso,,,10262.186613141,10259.934516806,,,2026-09-05T00:19:25.389860Z
97ee6f91-6c66-4c1a-823c-4d236369b8c4,run1_rep2,G,CLOSED,CLOSED,request,PROVIDER,N/A,,2319.4235840001056,INFO,adaptador.request,true,exitoso,,,10262.293568182,10259.974144598,,,2026-09-05T00:19:25.496897Z
bfe9f303-b519-426a-ab27-8d71edfda7c6,run1_rep2,G,CLOSED,CLOSED,request,PROVIDER,N/A,,2250.0388759999623,INFO,adaptador.request,true,exitoso,,,10262.367923599,10260.117884723,,,2026-09-05T00:19:25.571256Z
008ea8e8-d489-4c26-a55c-7b6155c46d30,run1_rep2,G,CLOSED,CLOSED,request,PROVIDER,N/A,,2286.191292001604,INFO,adaptador.request,true,exitoso,,,10262.440518724,10260.154327432,,,2026-09-05T00:19:25.643819Z
5d4d846b-6d94-444b-ac5e-b6b6d1dc1f80,run1_rep2,G,CLOSED,CLOSED,request,PROVIDER,N/A,,2202.3030420004943,INFO,adaptador.request,true,exitoso,,,10262.545417599,10260.343114557,,,2026-09-05T00:19:25.748752Z
e7707c11-5309-4816-8c35-897e0444e77b,run1_rep2,G,CLOSED,CLOSED,request,PROVIDER,N/A,,2256.5567930014367,INFO,adaptador.request,true,exitoso,,,10262.632187016,10260.375630223,,,2026-09-05T00:19:25.835485Z
217af482-3e14-497b-a806-58fd128b4958,run1_rep2,G,CLOSED,CLOSED,request,PROVIDER,N/A,,2181.358084000749,INFO,adaptador.request,true,exitoso,,,10262.694599099,10260.513241015,,,2026-09-05T00:19:25.898023Z
a5201502-5a55-4b93-9ce3-c0d053d1913a,run1_rep2,G,CLOSED,CLOSED,request,PROVIDER,N/A,,2113.028708999991,INFO,adaptador.request,true,exitoso,,,10262.756967224,10260.643938515,,,2026-09-05T00:19:25.960315Z
172e8ab4-60f9-4fea-9af2-d659d6851ff8,run1_rep2,G,CLOSED,CLOSED,request,PROVIDER,N/A,,2133.001501000763,INFO,adaptador.request,true,exitoso,,,10262.849255016,10260.716253515,,,2026-09-05T00:19:26.052518Z
24aa439b-1fd7-43ad-a0bf-e43b09116733,run1_rep2,G,CLOSED,CLOSED,request,PROVIDER,N/A,,2166.743666999537,INFO,adaptador.request,true,exitoso,,,10262.949467141,10260.782723474,,,2026-09-05T00:19:26.152783Z
901d530c-b202-4ba6-b6c9-623259ede89b,run1_rep2,G,CLOSED,CLOSED,request,PROVIDER,N/A,,2240.002750999338,INFO,adaptador.request,true,exitoso,,,10263.026709433,10260.786706682,,,2026-09-05T00:19:26.230097Z
93aa5b60-a2c2-4442-865c-0fb609830747,run1_rep2,G,CLOSED,CLOSED,request,PROVIDER,N/A,,2341.414333999637,INFO,adaptador.request,true,exitoso,,,10263.128445266,10260.787030932,,,2026-09-05T00:19:26.331766Z
24e64844-2bbb-4bbd-a224-d571d625d870,run1_rep2,G,CLOSED,CLOSED,request,PROVIDER,N/A,,2438.393376000022,INFO,adaptador.request,true,exitoso,,,10263.226539766,10260.78814639,,,2026-09-05T00:19:26.429828Z
d0bc7bc6-aa1a-4b61-83e5-91f08562a335,run1_rep2,G,CLOSED,CLOSED,request,PROVIDER,N/A,,2511.6535010001826,INFO,adaptador.request,true,exitoso,,,10263.300056391,10260.78840289,,,2026-09-05T00:19:26.503361Z
7ffecf20-15fa-4196-b23f-ce1b9ec26961,run1_rep2,G,CLOSED,CLOSED,request,PROVIDER,N/A,,2598.999084000752,INFO,adaptador.request,true,exitoso,,,10263.387520766,10260.788521682,,,2026-09-05T00:19:26.590794Z
6eb07779-cda2-4b58-a2fa-64e494968a3b,run1_rep2,G,CLOSED,CLOSED,request,PROVIDER,N/A,,2706.403584999862,INFO,adaptador.request,true,exitoso,,,10263.495093725,10260.78869014,,,2026-09-05T00:19:26.698389Z
051988b4-20fe-44cf-90da-64a52d3542f7,run1_rep2,G,CLOSED,CLOSED,request,PROVIDER,N/A,,2774.5161680013553,INFO,adaptador.request,true,exitoso,,,10263.563602308,10260.78908614,,,2026-09-05T00:19:26.766932Z
bfa472ef-dd9f-4863-8ddf-ef5c70cd6806,run1_rep2,G,CLOSED,CLOSED,request,PROVIDER,N/A,,2843.921001000126,INFO,adaptador.request,true,exitoso,,,10263.6344861,10260.790565099,,,2026-09-05T00:19:26.837793Z
76cbbdd3-e16c-4fc9-afec-55a41ce0e918,run1_rep2,G,CLOSED,CLOSED,request,PROVIDER,N/A,,2939.835334000236,INFO,adaptador.request,true,exitoso,,,10263.730563641,10260.790728307,,,2026-09-05T00:19:26.933850Z
6989dda7-277b-4c08-abd8-ce7ef4a67127,run1_rep2,G,CLOSED,CLOSED,request,PROVIDER,N/A,,3033.709708999595,INFO,adaptador.request,true,exitoso,,,10263.824625141,10260.790915432,,,2026-09-05T00:19:27.028202Z
0e52d871-5262-4470-997d-4fa65150a5ed,run1_rep2,G,CLOSED,CLOSED,request,PROVIDER,N/A,,2936.7257920002885,INFO,adaptador.request,true,exitoso,,,10263.910763141,10260.974037349,,,2026-09-05T00:19:27.114060Z
f57098ca-ac49-489a-a8c8-cb56debc1a9b,run1_rep2,G,CLOSED,CLOSED,request,PROVIDER,N/A,,2989.931668000281,INFO,adaptador.request,true,exitoso,,,10263.988807975,10260.998876307,,,2026-09-05T00:19:27.192121Z
058456d9-91a2-4c7f-9d31-4b43fb04dadb,run1_rep2,G,CLOSED,CLOSED,request,PROVIDER,N/A,,2928.2384590005677,INFO,adaptador.request,true,exitoso,,,10264.072843391,10261.144604932,,,2026-09-05T00:19:27.276161Z
1cf61e40-4bce-47e4-8ea7-1053e43f71bd,run1_rep2,G,CLOSED,CLOSED,request,PROVIDER,N/A,,2987.486252000963,INFO,adaptador.request,true,exitoso,,,10264.181991142,10261.19450489,,,2026-09-05T00:19:27.385330Z
cebe0dc5-61db-470f-a8cc-44c04fea4fb1,run1_rep2,G,CLOSED,CLOSED,request,PROVIDER,N/A,,3065.5092100005277,INFO,adaptador.request,true,exitoso,,,10264.2780476,10261.21253839,,,2026-09-05T00:19:27.481331Z
d234c320-b54e-4151-8742-1486aa370ee7,run1_rep2,G,CLOSED,CLOSED,request,PROVIDER,N/A,,3070.661210000253,INFO,adaptador.request,true,exitoso,,,10264.381808642,10261.311147432,,,2026-09-05T00:19:27.585131Z
fbfb93b7-2559-47a9-a80c-5fa110be5bf7,run1_rep2,G,CLOSED,CLOSED,request,PROVIDER,N/A,,3072.908501000711,INFO,adaptador.request,true,exitoso,,,10264.453135058,10261.380226557,,,2026-09-05T00:19:27.656424Z
2b895d72-c2dd-43a7-8552-36197fb3b2f1,run1_rep2,G,CLOSED,CLOSED,request,PROVIDER,N/A,,3092.6055010004347,INFO,adaptador.request,true,exitoso,,,10264.522626558,10261.430021057,,,2026-09-05T00:19:27.725921Z
52bf3a34-fc9b-4b51-ae9a-140af3f20004,run1_rep2,G,CLOSED,CLOSED,request,PROVIDER,N/A,,3069.0581260005274,INFO,adaptador.request,true,exitoso,,,10264.581118808,10261.512060682,,,2026-09-05T00:19:27.784407Z
1c03bdae-97f8-46f5-ae66-ac6ddaed8e8e,run1_rep2,G,CLOSED,CLOSED,request,PROVIDER,N/A,,3087.3955419992853,INFO,adaptador.request,true,exitoso,,,10264.683284808,10261.595889266,,,2026-09-05T00:19:27.886552Z
0ab634b5-cec5-4cd0-ba07-2993ff2011a1,run1_rep2,G,CLOSED,CLOSED,request,PROVIDER,N/A,,3138.60379200014,INFO,adaptador.request,true,exitoso,,,10264.785020433,10261.646416641,,,2026-09-05T00:19:27.988294Z
405d84d5-e37b-49fe-8ed0-62f8a1d0c3f3,run1_rep2,G,CLOSED,CLOSED,request,PROVIDER,N/A,,3220.9057099989877,INFO,adaptador.request,true,exitoso,,,10264.873078309,10261.652172599,,,2026-09-05T00:19:28.076342Z
f324d2a6-d087-40a4-919b-b514f6bd6c1b,run1_rep2,G,CLOSED,CLOSED,request,PROVIDER,N/A,,3169.810502000473,INFO,adaptador.request,true,exitoso,,,10264.953930059,10261.784119557,,,2026-09-05T00:19:28.157309Z
34d77969-b47d-4e5f-bcc0-799dd5dfdac6,run1_rep2,G,CLOSED,CLOSED,request,PROVIDER,N/A,,3261.8780430002516,INFO,adaptador.request,true,exitoso,,,10265.048558559,10261.786680516,,,2026-09-05T00:19:28.251829Z
bc9dd1a9-4864-40ef-9590-01a1010e202c,run1_rep2,G,CLOSED,CLOSED,request,PROVIDER,N/A,,3355.356125999606,INFO,adaptador.request,true,exitoso,,,10265.142653767,10261.787297641,,,2026-09-05T00:19:28.345931Z
834878fc-1e8e-4514-91ff-fdcf2735c486,run1_rep2,G,CLOSED,CLOSED,request,PROVIDER,N/A,,3417.6477510009136,INFO,adaptador.request,true,exitoso,,,10265.205173017,10261.787525266,,,2026-09-05T00:19:28.408454Z
aac24e76-1f9b-4857-8a1c-03487abfcd8d,run1_rep2,G,CLOSED,CLOSED,request,PROVIDER,N/A,,3488.924751000013,INFO,adaptador.request,true,exitoso,,,10265.277222392,10261.788297641,,,2026-09-05T00:19:28.480548Z
ed401cb8-c735-43a6-83e1-fffb51e41c31,run1_rep2,G,CLOSED,CLOSED,request,PROVIDER,N/A,,3568.8525840014336,INFO,adaptador.request,true,exitoso,,,10265.3587571,10261.789904516,,,2026-09-05T00:19:28.562058Z
67f26af2-2fd4-4378-8c3b-476779945070,run1_rep2,G,CLOSED,CLOSED,request,PROVIDER,N/A,,3678.178543001195,INFO,adaptador.request,true,exitoso,,,10265.468288267,10261.790109724,,,2026-09-05T00:19:28.671584Z
7dde2297-25d2-45b1-a851-e88429205754,run1_rep2,G,CLOSED,CLOSED,request,PROVIDER,N/A,,3745.3633770001034,INFO,adaptador.request,true,exitoso,,,10265.535630934,10261.790267557,,,2026-09-05T00:19:28.739023Z
af7e8d87-0106-4772-9e51-992bd257e2e0,run1_rep2,G,CLOSED,CLOSED,request,PROVIDER,N/A,,3831.141751999894,INFO,adaptador.request,true,exitoso,,,10265.622348601,10261.791206849,,,2026-09-05T00:19:28.825774Z
7cc4541b-c368-4a5e-a315-2f5f7cf6191b,run1_rep2,G,CLOSED,CLOSED,request,PROVIDER,N/A,,3931.9918350010994,INFO,adaptador.request,true,exitoso,,,10265.723415267,10261.791423432,,,2026-09-05T00:19:28.927130Z
8404a731-039a-4ee1-a489-ffdc2d7598a1,run1_rep2,G,CLOSED,CLOSED,request,PROVIDER,N/A,,3856.9903770003293,INFO,adaptador.request,true,exitoso,,,10265.800528684,10261.943538307,,,2026-09-05T00:19:29.003814Z
ca392743-913b-45d8-81f0-7777bb232802,run1_rep2,G,CLOSED,CLOSED,request,PROVIDER,N/A,,3918.503918999704,INFO,adaptador.request,true,exitoso,,,10265.892082851,10261.973578932,,,2026-09-05T00:19:29.095383Z
9ee34638-87b7-457a-baed-1fdf35c972b8,run1_rep2,G,CLOSED,CLOSED,request,PROVIDER,N/A,,3856.139293000524,INFO,adaptador.request,true,exitoso,,,10265.988459059,10262.132319766,,,2026-09-05T00:19:29.191814Z
46b4619e-e4ea-4f62-ae05-bdadfde0873a,run1_rep2,G,CLOSED,CLOSED,request,PROVIDER,N/A,,3939.33058499897,INFO,adaptador.request,true,exitoso,,,10266.071879934,10262.132549349,,,2026-09-05T00:19:29.275150Z
31d1d3d5-2674-4833-abe3-12879b02279d,run1_rep2,G,CLOSED,CLOSED,request,PROVIDER,N/A,,3923.6193350006943,INFO,adaptador.request,true,exitoso,,,10266.138147226,10262.214527891,,,2026-09-05T00:19:29.341417Z
9c1179b4-7052-492d-9fdc-ae415fd20260,run1_rep2,G,CLOSED,CLOSED,request,PROVIDER,N/A,,3986.200794000979,INFO,adaptador.request,true,exitoso,,,10266.229875351,10262.243674557,,,2026-09-05T00:19:29.433190Z
4067bb84-33f2-40a4-a7e7-9ceb4c7fb5b9,run1_rep2,G,CLOSED,CLOSED,request,PROVIDER,N/A,,4023.9720860008674,INFO,adaptador.request,true,exitoso,,,10266.329688268,10262.305716182,,,2026-09-05T00:19:29.532964Z
ab727307-2e04-4066-9a24-3096f33cc19a,run1_rep2,G,CLOSED,CLOSED,request,PROVIDER,N/A,,4019.359710000572,INFO,adaptador.request,true,exitoso,,,10266.408138809,10262.388779099,,,2026-09-05T00:19:29.611434Z
33d2154f-c1d5-4f50-b1ea-f1a8df1cdcb4,run1_rep2,G,CLOSED,CLOSED,request,PROVIDER,N/A,,4005.2596269997593,INFO,adaptador.request,true,exitoso,,,10266.510862059,10262.505602432,,,2026-09-05T00:19:29.714145Z
38314115-06bf-46ef-b19f-137edc2fa6c1,run1_rep2,G,CLOSED,CLOSED,request,PROVIDER,N/A,,4033.1528360002267,INFO,adaptador.request,true,exitoso,,,10266.568744893,10262.535592057,,,2026-09-05T00:19:29.772024Z
c92be143-37bc-406d-b383-6d0e98ba2860,run1_rep2,G,CLOSED,CLOSED,request,PROVIDER,N/A,,3956.9381269993755,INFO,adaptador.request,true,exitoso,,,10266.641090809,10262.684152682,,,2026-09-05T00:19:29.844405Z
1b0914aa-60b0-446f-8510-49bc14e8409a,run1_rep2,G,CLOSED,CLOSED,request,PROVIDER,N/A,,3969.9530849993607,INFO,adaptador.request,true,exitoso,,,10266.728398768,10262.758445683,,,2026-09-05T00:19:29.931712Z
983b4054-705b-4ce7-aae9-ae4157041803,run1_rep2,G,CLOSED,CLOSED,request,PROVIDER,N/A,,3933.1086270012747,INFO,adaptador.request,true,exitoso,,,10266.815562518,10262.882453891,,,2026-09-05T00:19:30.018861Z
041468e2-f13b-4e5f-b8ce-b51105ea39fb,run1_rep2,G,CLOSED,CLOSED,request,PROVIDER,N/A,,3972.5891260004573,INFO,adaptador.request,true,exitoso,,,10266.876621809,10262.904032683,,,2026-09-05T00:19:30.079932Z
ba305707-9690-4d10-a616-bdea6ac0502c,run1_rep2,G,CLOSED,CLOSED,request,PROVIDER,N/A,,4039.5037930011313,INFO,adaptador.request,true,exitoso,,,10266.975599851,10262.936096058,,,2026-09-05T00:19:30.178930Z
1e39353a-2308-4e79-af96-c3f88bda63b8,run1_rep2,G,CLOSED,CLOSED,request,PROVIDER,N/A,,4112.104126999839,INFO,adaptador.request,true,exitoso,,,10267.080361476,10262.968257349,,,2026-09-05T00:19:30.283684Z
f04fddc7-4ef6-4c54-84b8-268c286a7ed7,run1_rep2,G,CLOSED,CLOSED,request,PROVIDER,N/A,,4041.351501999088,INFO,adaptador.request,true,exitoso,,,10267.169582101,10263.128230599,,,2026-09-05T00:19:30.372875Z
ac036a36-d38d-4933-9064-be3c4e40d040,run1_rep2,G,CLOSED,CLOSED,request,PROVIDER,N/A,,4116.582294000182,INFO,adaptador.request,true,exitoso,,,10267.277422185,10263.160839891,,,2026-09-05T00:19:30.480708Z
f9b7566f-b201-4329-bf37-246edc3f8f64,run1_rep2,G,CLOSED,CLOSED,request,PROVIDER,N/A,,4183.445044000109,INFO,adaptador.request,true,exitoso,,,10267.37467381,10263.191228766,,,2026-09-05T00:19:30.577978Z
a2b6e03c-1bab-494d-bbdf-6339d4539707,run1_rep2,G,CLOSED,CLOSED,request,PROVIDER,N/A,,3911.1133770002198,INFO,adaptador.request,true,exitoso,,,10267.463224435,10263.552111058,,,2026-09-05T00:19:30.666520Z
ba819617-778b-4d2a-a39e-6e9cb8172396,run1_rep2,G,CLOSED,CLOSED,request,PROVIDER,N/A,,3975.081627000691,INFO,adaptador.request,true,exitoso,,,10267.538105268,10263.563023641,,,2026-09-05T00:19:30.741386Z
c63db862-7ac1-41a2-96f4-5a831282f5f9,run1_rep2,G,CLOSED,CLOSED,request,PROVIDER,N/A,,3991.064585999993,INFO,adaptador.request,true,exitoso,,,10267.626321352,10263.635256766,,,2026-09-05T00:19:30.829622Z
f4c5f6a7-b608-42ec-805f-db9f711e82be,run1_rep2,G,CLOSED,CLOSED,request,PROVIDER,N/A,,4007.5650849994418,INFO,adaptador.request,true,exitoso,,,10267.692458185,10263.6848931,,,2026-09-05T00:19:30.895747Z
05bf1bd2-7323-41fc-8d15-6e2e63180089,run1_rep2,G,CLOSED,CLOSED,request,PROVIDER,N/A,,3948.0637520009623,INFO,adaptador.request,true,exitoso,,,10267.756981602,10263.80891785,,,2026-09-05T00:19:30.960309Z
321a1b3f-4e27-4040-b95c-55f72ec0e33d,run1_rep2,G,CLOSED,CLOSED,request,PROVIDER,N/A,,3870.0249190005707,INFO,adaptador.request,true,exitoso,,,10267.85946006,10263.989435141,,,2026-09-05T00:19:31.062749Z
1d0164a5-a6aa-4df7-af56-dc0385980ab7,run1_rep2,G,CLOSED,CLOSED,request,PROVIDER,N/A,,3948.9275440009806,INFO,adaptador.request,true,exitoso,,,10267.939028602,10263.990101058,,,2026-09-05T00:19:31.142355Z
fbc0342c-4ceb-4264-b2a7-a87c6af0fb47,run1_rep2,G,CLOSED,CLOSED,request,PROVIDER,N/A,,3979.0999189990544,INFO,adaptador.request,true,exitoso,,,10268.000755227,10264.021655308,,,2026-09-05T00:19:31.204032Z
e369e8c4-c056-4a58-ab59-6cc15af74c63,run1_rep2,G,CLOSED,CLOSED,request,PROVIDER,N/A,,3964.194960999521,INFO,adaptador.request,true,exitoso,,,10268.071510102,10264.107315141,,,2026-09-05T00:19:31.274798Z
f03640a5-51d1-4ad3-ae8f-ebc91d0a386b,run1_rep2,G,CLOSED,CLOSED,request,PROVIDER,N/A,,3960.2086679988133,INFO,adaptador.request,true,exitoso,,,10268.160144643,10264.199935975,,,2026-09-05T00:19:31.363424Z
95166a8b-fce3-4ddd-a74e-18d52e357322,run1_rep2,G,CLOSED,CLOSED,request,PROVIDER,N/A,,4063.165918998493,INFO,adaptador.request,true,exitoso,,,10268.263509227,10264.200343308,,,2026-09-05T00:19:31.466789Z
ac8943bc-bbc6-40ff-ae0e-462b54b3b734,run1_rep2,G,CLOSED,CLOSED,request,PROVIDER,N/A,,3912.5721270011127,INFO,adaptador.request,true,exitoso,,,10268.350300894,10264.437728767,,,2026-09-05T00:19:31.553599Z
a2394b9a-ca69-4111-a782-2ce5d1853873,run1_rep2,G,CLOSED,CLOSED,request,PROVIDER,N/A,,3793.5050439991755,INFO,adaptador.request,true,exitoso,,,10268.414946727,10264.621441683,,,2026-09-05T00:19:31.618240Z
a9823246-5564-4d51-b4b4-3c52382c689c,run1_rep2,G,CLOSED,CLOSED,request,PROVIDER,N/A,,3819.1455850010243,INFO,adaptador.request,true,exitoso,,,10268.494221102,10264.675075517,,,2026-09-05T00:19:31.697524Z
bb5363b9-2a7a-48f3-b790-73c21820ccfa,run1_rep2,G,CLOSED,CLOSED,request,PROVIDER,N/A,,3828.8565860002564,INFO,adaptador.request,true,exitoso,,,10268.558115144,10264.729258558,,,2026-09-05T00:19:31.761393Z
22297122-be86-46e4-b755-d218de0aefa7,run1_rep2,G,CLOSED,CLOSED,request,PROVIDER,N/A,,3899.081876999844,INFO,adaptador.request,true,exitoso,,,10268.628818644,10264.729736767,,,2026-09-05T00:19:31.832139Z
7c4d3f86-bd09-4180-8185-a7a1cd1f8230,run1_rep2,G,CLOSED,CLOSED,request,PROVIDER,N/A,,3948.9558770001167,INFO,adaptador.request,true,exitoso,,,10268.729097019,10264.780141142,,,2026-09-05T00:19:31.932371Z
d327d697-b242-4ae9-bd92-f997ebd354e2,run1_rep2,G,CLOSED,CLOSED,request,PROVIDER,N/A,,3993.227000999468,INFO,adaptador.request,true,exitoso,,,10268.82014831,10264.826921309,,,2026-09-05T00:19:32.023449Z
374d3ee1-4543-4242-ad85-7d41f4afa494,run1_rep2,G,CLOSED,CLOSED,request,PROVIDER,N/A,,3845.041835000302,INFO,adaptador.request,true,exitoso,,,10268.908374727,10265.063332892,,,2026-09-05T00:19:32.111675Z
e4116c34-b18b-4487-8383-efe0d1e0c5ab,run1_rep2,G,CLOSED,CLOSED,request,PROVIDER,N/A,,3872.766460001003,INFO,adaptador.request,true,exitoso,,,10269.010334394,10265.137567934,,,2026-09-05T00:19:32.213626Z
7beaea2f-216b-4575-8867-beca6012277f,run1_rep2,G,CLOSED,CLOSED,request,PROVIDER,N/A,,3939.9195430014515,INFO,adaptador.request,true,exitoso,,,10269.083221352,10265.143301809,,,2026-09-05T00:19:32.286489Z
0588b8dd-e504-4d27-a730-c98204a113de,run1_rep2,G,CLOSED,CLOSED,request,PROVIDER,N/A,,4019.4806270010304,INFO,adaptador.request,true,exitoso,,,10269.163563186,10265.144082559,,,2026-09-05T00:19:32.366847Z
5f008bc5-a00a-42d5-8337-63a850a6bdc2,run1_rep2,G,CLOSED,CLOSED,request,PROVIDER,N/A,,4053.7829599998076,INFO,adaptador.request,true,exitoso,,,10269.236259352,10265.182476392,,,2026-09-05T00:19:32.439561Z
cb17cf9d-d349-4262-b187-37f5e2178370,run1_rep2,G,CLOSED,CLOSED,request,PROVIDER,N/A,,3912.092919001225,INFO,adaptador.request,true,exitoso,,,10269.335772644,10265.423679725,,,2026-09-05T00:19:32.539070Z
9cd546c2-0c74-4ace-9a3d-2de47219264f,run1_rep2,G,CLOSED,CLOSED,request,PROVIDER,N/A,,3768.200292999609,INFO,adaptador.request,true,exitoso,,,10269.391926477,10265.623726184,,,2026-09-05T00:19:32.595230Z
3cd7b921-a314-4b53-ae9b-accb7445a124,run1_rep2,G,CLOSED,CLOSED,request,PROVIDER,N/A,,3778.161250998892,INFO,adaptador.request,true,exitoso,,,10269.447442477,10265.669281226,,,2026-09-05T00:19:32.650744Z
36425f68-13d6-47e3-ab35-563bc629dac0,run1_rep2,G,CLOSED,CLOSED,request,PROVIDER,N/A,,3826.0628349999024,INFO,adaptador.request,true,exitoso,,,10269.551626686,10265.725563851,,,2026-09-05T00:19:32.754940Z
d2f157c4-c505-4d83-ac6a-45deb3558c89,run1_rep2,G,CLOSED,CLOSED,request,PROVIDER,N/A,,3927.896459999829,INFO,adaptador.request,true,exitoso,,,10269.654942519,10265.727046059,,,2026-09-05T00:19:32.858244Z
9cfeea86-83c2-4092-90df-a7a2629d588e,run1_rep2,G,CLOSED,CLOSED,request,PROVIDER,N/A,,3827.676751998297,INFO,adaptador.request,true,exitoso,,,10269.725891686,10265.898214934,,,2026-09-05T00:19:32.929213Z
2bb444ce-f2d8-435c-8f69-b4427ac748cf,run1_rep2,G,CLOSED,CLOSED,request,PROVIDER,N/A,,3860.9806679996836,INFO,adaptador.request,true,exitoso,,,10269.788225144,10265.927244476,,,2026-09-05T00:19:32.991552Z
7b8b8b03-ed38-452a-856a-3edf7bedc173,run1_rep2,G,CLOSED,CLOSED,request,PROVIDER,N/A,,3898.4253350008657,INFO,adaptador.request,true,exitoso,,,10269.847131769,10265.948706434,,,2026-09-05T00:19:33.050507Z
7019e813-41e0-4d5b-9dd6-13b8aed0cd62,run1_rep2,G,CLOSED,CLOSED,request,PROVIDER,N/A,,3805.6704600003286,INFO,adaptador.request,true,exitoso,,,10269.925081186,10266.119410726,,,2026-09-05T00:19:33.128392Z
bb3dff77-1afc-4248-9d7d-c7ed06e836df,run1_rep2,G,CLOSED,CLOSED,request,PROVIDER,N/A,,3807.3778770012723,INFO,adaptador.request,true,exitoso,,,10269.991255561,10266.183877684,,,2026-09-05T00:19:33.194569Z
63f3ae3e-e56e-493d-99b8-96b5b793cc36,run1_rep2,G,CLOSED,CLOSED,request,PROVIDER,N/A,,3866.762502000711,INFO,adaptador.request,true,exitoso,,,10270.072981269,10266.206218767,,,2026-09-05T00:19:33.276244Z
56c80e70-9c73-4248-8140-dc6a8737c633,run1_rep2,G,CLOSED,CLOSED,request,PROVIDER,N/A,,3796.17379299998,INFO,adaptador.request,true,exitoso,,,10270.166927686,10266.370753893,,,2026-09-05T00:19:33.370226Z
5cf196c1-8faa-4d0a-9cc9-eb789bc9a802,run1_rep2,G,CLOSED,CLOSED,request,PROVIDER,N/A,,3871.899375999419,INFO,adaptador.request,true,exitoso,,,10270.268971644,10266.397072268,,,2026-09-05T00:19:33.472285Z
363229e5-5880-4090-b2a7-a3fa073c1232,run1_rep2,G,CLOSED,CLOSED,request,PROVIDER,N/A,,3839.717085000302,INFO,adaptador.request,true,exitoso,,,10270.348678311,10266.508961226,,,2026-09-05T00:19:33.552101Z
e1c2e556-d4e4-4711-b315-f7551583bd0f,run1_rep2,G,CLOSED,CLOSED,request,PROVIDER,N/A,,3814.6114189985383,INFO,adaptador.request,true,exitoso,,,10270.421173853,10266.606562434,,,2026-09-05T00:19:33.624481Z
1c4a292f-88d2-4366-9ffe-1d16d26dab65,run1_rep2,G,CLOSED,CLOSED,request,PROVIDER,N/A,,3812.099793000016,INFO,adaptador.request,true,exitoso,,,10270.479732311,10266.667632518,,,2026-09-05T00:19:33.683215Z
4f48cc2c-533a-4012-b345-ef930961b752,run1_rep2,G,CLOSED,CLOSED,request,PROVIDER,N/A,,3797.136376999333,INFO,adaptador.request,true,exitoso,,,10270.569559353,10266.772422976,,,2026-09-05T00:19:33.772848Z
fa3467a6-8f6b-4a46-9c95-ef2cb0c64350,run1_rep2,G,CLOSED,CLOSED,request,PROVIDER,N/A,,3727.8590010009793,INFO,adaptador.request,true,exitoso,,,10270.678165186,10266.950306185,,,2026-09-05T00:19:33.881488Z
a49f654f-bdba-44ba-8719-97f5a1c8619d,run1_rep2,G,CLOSED,CLOSED,request,PROVIDER,N/A,,3744.242500999462,INFO,adaptador.request,true,exitoso,,,10270.744085811,10266.99984331,,,2026-09-05T00:19:33.947365Z
328fa5d1-a577-4a14-9222-31573c8a171b,run1_rep2,G,CLOSED,CLOSED,request,PROVIDER,N/A,,3700.7680850001634,INFO,adaptador.request,true,exitoso,,,10270.834543561,10267.133775476,,,2026-09-05T00:19:34.037831Z
831ec580-bca6-4eb6-bf4c-2effd2e67766,run1_rep2,G,CLOSED,CLOSED,request,PROVIDER,N/A,,3737.0039599991287,INFO,adaptador.request,true,exitoso,,,10270.933350603,10267.196346643,,,2026-09-05T00:19:34.136649Z
acf871bd-c663-4909-86c0-758181a77956,run1_rep2,G,CLOSED,CLOSED,request,PROVIDER,N/A,,3815.2653349989123,INFO,adaptador.request,true,exitoso,,,10271.024148853,10267.208883518,,,2026-09-05T00:19:34.227439Z
1ea55d32-8d44-4020-a158-121fd6e792af,run1_rep2,G,CLOSED,CLOSED,request,PROVIDER,N/A,,3873.3472929998243,INFO,adaptador.request,true,exitoso,,,10271.092836478,10267.219489185,,,2026-09-05T00:19:34.296157Z
1d8c0664-1154-4ff4-8d54-02298f728e6b,run1_rep2,G,CLOSED,CLOSED,request,PROVIDER,N/A,,3788.936127000852,INFO,adaptador.request,true,exitoso,,,10271.189352895,10267.400416768,,,2026-09-05T00:19:34.392693Z
dfec4557-adde-4a1a-ab51-cdced3f3762a,run1_rep2,G,CLOSED,CLOSED,request,PROVIDER,N/A,,3872.962043998996,INFO,adaptador.request,true,exitoso,,,10271.28142177,10267.408459726,,,2026-09-05T00:19:34.484715Z
454a7a3a-fe9b-45e7-ac5f-061d0a194def,run1_rep2,G,CLOSED,CLOSED,request,PROVIDER,N/A,,3827.7417099998274,INFO,adaptador.request,true,exitoso,,,10271.354483895,10267.526742185,,,2026-09-05T00:19:34.557773Z
e83633c9-6413-41dc-89c5-78a01e1fe885,run1_rep2,G,CLOSED,CLOSED,request,PROVIDER,N/A,,3794.381751999026,INFO,adaptador.request,true,exitoso,,,10271.413243395,10267.618861643,,,2026-09-05T00:19:34.616535Z
86e50197-f79f-4923-8b23-802ef0a0bf77,run1_rep2,G,CLOSED,CLOSED,request,PROVIDER,N/A,,3780.546210000466,INFO,adaptador.request,true,exitoso,,,10271.497134145,10267.716587935,,,2026-09-05T00:19:34.700427Z
54692d8f-dbf8-443a-b318-a22d8d24466f,run1_rep2,G,CLOSED,CLOSED,request,PROVIDER,N/A,,3782.492168000317,INFO,adaptador.request,true,exitoso,,,10271.570724895,10267.788232727,,,2026-09-05T00:19:34.774017Z
3d91b0a4-bed3-4e6b-b5ef-9f30a32cf8ca,run1_rep2,G,CLOSED,CLOSED,request,PROVIDER,N/A,,3857.8507940001145,INFO,adaptador.request,true,exitoso,,,10271.668388062,10267.810537268,,,2026-09-05T00:19:34.871678Z
f7ef6d9d-9ddb-42ce-b7d4-0cb795acc658,run1_rep2,G,CLOSED,CLOSED,request,PROVIDER,N/A,,3847.9793759997847,INFO,adaptador.request,true,exitoso,,,10271.735262603,10267.887283227,,,2026-09-05T00:19:34.938568Z
9d1f5c28-cf7f-4d58-8a01-8300150e74da,run1_rep2,G,CLOSED,CLOSED,request,PROVIDER,N/A,,3808.521502000076,INFO,adaptador.request,true,exitoso,,,10271.82936677,10268.020845268,,,2026-09-05T00:19:35.032651Z
8da34afe-e696-457f-a3e3-243c428accc5,run1_rep2,G,CLOSED,CLOSED,request,PROVIDER,N/A,,3769.9416690011276,INFO,adaptador.request,true,exitoso,,,10271.916787812,10268.146846143,,,2026-09-05T00:19:35.120077Z
37179d78-25a3-44a7-bd8b-973cb1a62f82,run1_rep2,G,CLOSED,CLOSED,request,PROVIDER,N/A,,3643.9501690001634,INFO,adaptador.request,true,exitoso,,,10272.003933229,10268.35998306,,,2026-09-05T00:19:35.207243Z
e40d9cbd-4d32-4599-a576-ff59a7a4f9a8,run1_rep2,G,CLOSED,CLOSED,request,PROVIDER,N/A,,3669.7855020011048,INFO,adaptador.request,true,exitoso,,,10272.072904062,10268.40311856,,,2026-09-05T00:19:35.276126Z
50165327-9fcf-4a29-95ef-182b0b893d83,run1_rep2,G,CLOSED,CLOSED,request,PROVIDER,N/A,,3754.0965429998323,INFO,adaptador.request,true,exitoso,,,10272.160718187,10268.406621644,,,2026-09-05T00:19:35.363942Z
f29ac897-6c5f-437e-991c-ded28b7a5a8f,run1_rep2,G,CLOSED,CLOSED,request,PROVIDER,N/A,,3820.746834999227,INFO,adaptador.request,true,exitoso,,,10272.227669687,10268.406922852,,,2026-09-05T00:19:35.430971Z
b40e460a-d1b5-492d-8c32-f89e6dcbb175,run1_rep2,G,CLOSED,CLOSED,request,PROVIDER,N/A,,3800.840710000557,INFO,adaptador.request,true,exitoso,,,10272.333959187,10268.533118477,,,2026-09-05T00:19:35.537290Z
96df8cd9-e896-4cd4-849d-40857e5288e4,run1_rep2,G,CLOSED,CLOSED,request,PROVIDER,N/A,,3723.222460001125,INFO,adaptador.request,true,exitoso,,,10272.427014729,10268.703792269,,,2026-09-05T00:19:35.630344Z
4c21496d-448e-43cf-82eb-3dec0434fb40,run1_rep2,G,CLOSED,CLOSED,request,PROVIDER,N/A,,3779.201710000052,INFO,adaptador.request,true,exitoso,,,10272.50606827,10268.72686656,,,2026-09-05T00:19:35.709377Z
6efba45f-00d8-4c3e-a566-af7f9b45e2e2,run1_rep2,G,CLOSED,CLOSED,request,PROVIDER,N/A,,3840.3385850015184,INFO,adaptador.request,true,exitoso,,,10272.588226854,10268.747888269,,,2026-09-05T00:19:35.791529Z
3e987ebc-cbba-48d0-a3b3-64d8fa22aab5,run1_rep2,G,CLOSED,CLOSED,request,PROVIDER,N/A,,3914.128043999881,INFO,adaptador.request,true,exitoso,,,10272.683983896,10268.769855852,,,2026-09-05T00:19:35.887301Z
c3623534-ec76-4e59-bb21-977a45620310,run1_rep2,G,CLOSED,CLOSED,request,PROVIDER,N/A,,3903.012459999445,INFO,adaptador.request,true,exitoso,,,10272.753626437,10268.850613977,,,2026-09-05T00:19:35.956895Z
a11966fc-b4d7-458f-8488-a7c64092b385,run1_rep2,G,CLOSED,CLOSED,request,PROVIDER,N/A,,3658.5759600002348,INFO,adaptador.request,true,exitoso,,,10272.818181021,10269.159605061,,,2026-09-05T00:19:36.021492Z
4b911c85-4b7f-4eb1-988d-bc23869b1125,run1_rep2,G,CLOSED,CLOSED,request,PROVIDER,N/A,,3743.5843349994684,INFO,adaptador.request,true,exitoso,,,10272.922927479,10269.179343144,,,2026-09-05T00:19:36.126353Z
30f5ddbb-67da-4ab5-ba73-0deae7e5c8a5,run1_rep2,G,CLOSED,CLOSED,request,PROVIDER,N/A,,3808.1680850009434,INFO,adaptador.request,true,exitoso,,,10272.996306187,10269.188138102,,,2026-09-05T00:19:36.199530Z
a4365a35-2cd6-4509-919b-18c80d336aaa,run1_rep2,G,CLOSED,CLOSED,request,PROVIDER,N/A,,3800.977917999262,INFO,adaptador.request,true,exitoso,,,10273.099969187,10269.298991269,,,2026-09-05T00:19:36.303273Z
2812cd54-e627-488d-89f3-4f80c636e0d3,run1_rep2,G,CLOSED,CLOSED,request,PROVIDER,N/A,,3820.0430430006236,INFO,adaptador.request,true,exitoso,,,10273.166998479,10269.346955436,,,2026-09-05T00:19:36.370325Z
ef2bb094-393b-43d3-ad4e-11a3facb4d7b,run1_rep2,G,CLOSED,CLOSED,request,PROVIDER,N/A,,3830.7048349997785,INFO,adaptador.request,true,exitoso,,,10273.240032229,10269.409327394,,,2026-09-05T00:19:36.443345Z
0f8f25b3-19c9-40c5-acb8-69f055ccb264,run1_rep2,G,CLOSED,CLOSED,request,PROVIDER,N/A,,3873.2364600000437,INFO,adaptador.request,true,exitoso,,,10273.325115354,10269.451878894,,,2026-09-05T00:19:36.528428Z
1016b58f-a8d7-4165-83fc-a51093deb14b,run1_rep2,G,CLOSED,CLOSED,request,PROVIDER,N/A,,3728.4229600008985,INFO,adaptador.request,true,exitoso,,,10273.420220729,10269.691797769,,,2026-09-05T00:19:36.623519Z
47ba615f-269c-4733-a5db-9b8ae88103c4,run1_rep2,G,CLOSED,CLOSED,request,PROVIDER,N/A,,3761.709377000443,INFO,adaptador.request,true,exitoso,,,10273.493733896,10269.732024519,,,2026-09-05T00:19:36.697046Z
43cb7f0d-bc98-4e18-b3c8-734c532b74e3,run1_rep2,G,CLOSED,CLOSED,request,PROVIDER,N/A,,3737.44329299916,INFO,adaptador.request,true,exitoso,,,10273.568578146,10269.831134853,,,2026-09-05T00:19:36.771869Z
a00ffce2-eb24-4df5-bdf5-a4006d4742b1,run1_rep2,G,CLOSED,CLOSED,request,PROVIDER,N/A,,3792.024501999549,INFO,adaptador.request,true,exitoso,,,10273.657675438,10269.865650936,,,2026-09-05T00:19:36.860944Z
78ca5f81-84a8-4944-b7e9-b460ec3ce406,run1_rep2,G,CLOSED,CLOSED,request,PROVIDER,N/A,,3798.0610439990414,INFO,adaptador.request,true,exitoso,,,10273.754955063,10269.956894019,,,2026-09-05T00:19:36.958278Z
3df41f62-6f22-4c46-b401-2d3e980e7304,run1_rep2,G,CLOSED,CLOSED,request,PROVIDER,N/A,,3826.491502000863,INFO,adaptador.request,true,exitoso,,,10273.843106188,10270.016614686,,,2026-09-05T00:19:37.046402Z
74cc0afb-b774-4abd-b228-e93071e00544,run1_rep2,G,CLOSED,CLOSED,request,PROVIDER,N/A,,3769.565335000152,INFO,adaptador.request,true,exitoso,,,10273.910537604,10270.140972269,,,2026-09-05T00:19:37.113830Z
1f0429cf-b8c2-4aa6-bf76-4df4ea257b09,run1_rep2,G,CLOSED,CLOSED,request,PROVIDER,N/A,,3797.0700440000655,INFO,adaptador.request,true,exitoso,,,10273.996639063,10270.199569019,,,2026-09-05T00:19:37.199950Z
b11246b0-415d-40d1-8fb0-c4c9530d3952,run1_rep2,G,CLOSED,CLOSED,request,PROVIDER,N/A,,3823.058793999735,INFO,adaptador.request,true,exitoso,,,10274.102764813,10270.279706019,,,2026-09-05T00:19:37.306066Z
7e14b79a-580c-4175-a603-fc239fa52d53,run1_rep2,G,CLOSED,CLOSED,request,PROVIDER,N/A,,3904.10150200114,INFO,adaptador.request,true,exitoso,,,10274.204785771,10270.300684269,,,2026-09-05T00:19:37.408191Z
7ec99a26-f1ce-4e2f-bb8d-146ed7462f39,run1_rep2,G,CLOSED,CLOSED,request,PROVIDER,N/A,,3798.130585000763,INFO,adaptador.request,true,exitoso,,,10274.281526146,10270.483395561,,,2026-09-05T00:19:37.484817Z
4f72ba9d-51ec-4359-9352-4cdd91fd4ff5,run1_rep2,G,CLOSED,CLOSED,request,PROVIDER,N/A,,3888.180710000597,INFO,adaptador.request,true,exitoso,,,10274.373309896,10270.485129186,,,2026-09-05T00:19:37.576619Z
058c5663-0f18-4992-845c-8d17142abb97,run1_rep2,G,CLOSED,CLOSED,request,PROVIDER,N/A,,3944.6980850007094,INFO,adaptador.request,true,exitoso,,,10274.477044355,10270.53234627,,,2026-09-05T00:19:37.680357Z
2d895609-bea0-4386-82ed-93b9b4b514cc,run1_rep2,G,CLOSED,CLOSED,request,PROVIDER,N/A,,3882.851627000491,INFO,adaptador.request,true,exitoso,,,10274.535422438,10270.652570811,,,2026-09-05T00:19:37.738715Z
671cb5fc-3f75-453f-8637-26cabe2c1971,run1_rep2,G,CLOSED,CLOSED,request,PROVIDER,N/A,,3958.361752000201,INFO,adaptador.request,true,exitoso,,,10274.624497022,10270.66613527,,,2026-09-05T00:19:37.827784Z
7128cddb-5d6b-4a9a-84b8-98380857b10d,run1_rep2,G,CLOSED,CLOSED,request,PROVIDER,N/A,,3943.503418000546,INFO,adaptador.request,true,exitoso,,,10274.703916688,10270.76041327,,,2026-09-05T00:19:37.907189Z
19fac4a6-9277-4ed0-80ca-90cd71b73de3,run1_rep2,G,CLOSED,CLOSED,request,PROVIDER,N/A,,3815.312960998199,INFO,adaptador.request,true,exitoso,,,10274.776014647,10270.960701686,,,2026-09-05T00:19:37.979314Z
e5d8dfdf-5ac3-472f-9ed3-d3c62a1f4802,run1_rep2,G,CLOSED,CLOSED,request,PROVIDER,N/A,,3863.154710999879,INFO,adaptador.request,true,exitoso,,,10274.841202022,10270.978047311,,,2026-09-05T00:19:38.044461Z
c82c0dfd-72c2-443f-915b-4e0493b55e8d,run1_rep2,G,CLOSED,CLOSED,request,PROVIDER,N/A,,3833.494585000153,INFO,adaptador.request,true,exitoso,,,10274.93930623,10271.105811645,,,2026-09-05T00:19:38.142624Z
3a3e0fab-89d3-48b3-9a47-ed24d19deea0,run1_rep2,G,CLOSED,CLOSED,request,PROVIDER,N/A,,3812.9679600006057,INFO,adaptador.request,true,exitoso,,,10275.005991147,10271.193023187,,,2026-09-05T00:19:38.209299Z
ca67d3df-aa79-4fcf-9794-7e6405126b22,run1_rep2,G,CLOSED,CLOSED,request,PROVIDER,N/A,,3860.8778349989734,INFO,adaptador.request,true,exitoso,,,10275.07483523,10271.213957395,,,2026-09-05T00:19:38.278146Z
373b9911-8f45-4ae0-87b6-27fdfa9fcafd,run1_rep2,G,CLOSED,CLOSED,request,PROVIDER,N/A,,3832.2025439993013,INFO,adaptador.request,true,exitoso,,,10275.162601397,10271.330398853,,,2026-09-05T00:19:38.365840Z
851f310c-48f6-491e-b4d0-c65f4a17e794,run1_rep2,G,CLOSED,CLOSED,request,PROVIDER,N/A,,3847.188335001192,INFO,adaptador.request,true,exitoso,,,10275.262029522,10271.414841187,,,2026-09-05T00:19:38.465336Z
3c09b2ec-1eab-4c62-a6eb-6d1676ae97ca,run1_rep2,G,CLOSED,CLOSED,request,PROVIDER,N/A,,3813.122793999355,INFO,adaptador.request,true,exitoso,,,10275.326062814,10271.51294002,,,2026-09-05T00:19:38.529375Z
197534ec-76cd-4ce1-a8b9-e0fa6a0741a0,run1_rep2,G,CLOSED,CLOSED,request,PROVIDER,N/A,,3844.415792998916,INFO,adaptador.request,true,exitoso,,,10275.386605605,10271.542189812,,,2026-09-05T00:19:38.589897Z
4bbb4a8d-babd-4a86-9768-87359abef4e5,run1_rep2,G,CLOSED,CLOSED,request,PROVIDER,N/A,,3743.566209999699,INFO,adaptador.request,true,exitoso,,,10275.454108355,10271.710542145,,,2026-09-05T00:19:38.657360Z
a304fa2f-bb71-42d8-8f1a-ff41ebfe1fcd,run1_rep2,G,CLOSED,CLOSED,request,PROVIDER,N/A,,3639.1612509996776,INFO,adaptador.request,true,exitoso,,,10275.522687105,10271.883525854,,,2026-09-05T00:19:38.725996Z
ce812dd4-030b-4ce6-a9ef-c3959f4a2d72,run1_rep2,G,CLOSED,CLOSED,request,PROVIDER,N/A,,3697.5293350005813,INFO,adaptador.request,true,exitoso,,,10275.630121689,10271.932592354,,,2026-09-05T00:19:38.833412Z
1cce41cb-1e14-4533-8bce-a19b406fcc37,run1_rep2,G,CLOSED,CLOSED,request,PROVIDER,N/A,,3727.440460001162,INFO,adaptador.request,true,exitoso,,,10275.700761522,10271.973321062,,,2026-09-05T00:19:38.904052Z
522163a4-6272-43c8-922c-70f925839473,run1_rep2,G,CLOSED,CLOSED,request,PROVIDER,N/A,,3730.1611689999845,INFO,adaptador.request,true,exitoso,,,10275.778517189,10272.04835602,,,2026-09-05T00:19:38.981819Z
e0dc8823-b155-4043-94b8-71d5733f42fa,run1_rep2,G,CLOSED,CLOSED,request,PROVIDER,N/A,,3766.535250999368,INFO,adaptador.request,true,exitoso,,,10275.838108105,10272.071572854,,,2026-09-05T00:19:39.041393Z
98bdea44-13cc-491a-8313-189307f428f6,run1_rep2,G,CLOSED,CLOSED,request,PROVIDER,N/A,,3788.5351269997045,INFO,adaptador.request,true,exitoso,,,10275.897193064,10272.108657937,,,2026-09-05T00:19:39.100471Z
8f8cd6b4-64f6-4596-b100-5b1af3eac25c,run1_rep2,G,CLOSED,CLOSED,request,PROVIDER,N/A,,3844.066917999953,INFO,adaptador.request,true,exitoso,,,10275.999734855,10272.155667937,,,2026-09-05T00:19:39.203037Z
0f69a6d9-e15e-44ab-9ee6-ebcb9c1e4e9b,run1_rep2,G,CLOSED,CLOSED,request,PROVIDER,N/A,,3788.3096690002276,INFO,adaptador.request,true,exitoso,,,10276.065861564,10272.277551895,,,2026-09-05T00:19:39.269136Z
12a15bae-663c-4a17-9393-c514b94286e0,run1_rep2,G,CLOSED,CLOSED,request,PROVIDER,N/A,,3873.3725440015405,INFO,adaptador.request,true,exitoso,,,10276.151406856,10272.278034312,,,2026-09-05T00:19:39.354713Z
ac5ad935-8cc3-4463-84eb-71effd579f07,run1_rep2,G,CLOSED,CLOSED,request,PROVIDER,N/A,,3830.366084999696,INFO,adaptador.request,true,exitoso,,,10276.213234564,10272.382868479,,,2026-09-05T00:19:39.416509Z
5a887f74-13e3-4754-9f6f-97ee7a6aba7d,run1_rep2,G,CLOSED,CLOSED,request,PROVIDER,N/A,,3842.17370999977,INFO,adaptador.request,true,exitoso,,,10276.268656272,10272.426482562,,,2026-09-05T00:19:39.471941Z
9ef46cbd-5782-4c3b-9121-f6a8e3f3748f,run1_rep2,G,CLOSED,CLOSED,request,PROVIDER,N/A,,3726.2451259994123,INFO,adaptador.request,true,exitoso,,,10276.372837272,10272.646592146,,,2026-09-05T00:19:39.576146Z
1d591e14-39dd-4bea-b797-ecead1fbf484,run1_rep2,G,CLOSED,CLOSED,request,PROVIDER,N/A,,3698.1794599996647,INFO,adaptador.request,true,exitoso,,,10276.442021481,10272.743842021,,,2026-09-05T00:19:39.645336Z
d2d6cdaa-8317-4778-a098-994b0a12a188,run1_rep2,G,CLOSED,CLOSED,request,PROVIDER,N/A,,3784.1617100002622,INFO,adaptador.request,true,exitoso,,,10276.528448731,10272.744287021,,,2026-09-05T00:19:39.731730Z
0896682c-dc2d-48a8-ad46-7a345b2e7f33,run1_rep2,G,CLOSED,CLOSED,request,PROVIDER,N/A,,3878.289293999842,INFO,adaptador.request,true,exitoso,,,10276.629411356,10272.751122062,,,2026-09-05T00:19:39.832710Z
0fd81305-47e6-44c8-8525-0fcfd6aa5caf,run1_rep2,G,CLOSED,CLOSED,request,PROVIDER,N/A,,3813.284752000982,INFO,adaptador.request,true,exitoso,,,10276.710563814,10272.897279062,,,2026-09-05T00:19:39.913860Z
11476983-45a3-4249-a8fe-aaea62c23d09,run1_rep2,G,CLOSED,CLOSED,request,PROVIDER,N/A,,3757.0875019991945,INFO,adaptador.request,true,exitoso,,,10276.805691856,10273.048604354,,,2026-09-05T00:19:40.009008Z
eb72a0bb-7671-45f1-9afd-2c1e0f17f6c6,run1_rep2,G,CLOSED,CLOSED,request,PROVIDER,N/A,,3816.7372939988127,INFO,adaptador.request,true,exitoso,,,10276.889545273,10273.072807979,,,2026-09-05T00:19:40.092843Z
381aa8c6-14fc-4563-ba74-8106d032f42b,run1_rep2,G,CLOSED,CLOSED,request,PROVIDER,N/A,,3909.2400440003985,INFO,adaptador.request,true,exitoso,,,10276.995376773,10273.086136729,,,2026-09-05T00:19:40.198671Z
84833665-4de9-40ce-b133-c1b41a5b2580,run1_rep2,G,CLOSED,CLOSED,request,PROVIDER,N/A,,3863.0651679995935,INFO,adaptador.request,true,exitoso,,,10277.099752064,10273.236686896,,,2026-09-05T00:19:40.303041Z
52db816f-3fa5-4990-b54e-d62220515c7b,run1_rep2,G,CLOSED,CLOSED,request,PROVIDER,N/A,,3951.943502001086,INFO,adaptador.request,true,exitoso,,,10277.189046523,10273.237103021,,,2026-09-05T00:19:40.392348Z
f5b72927-3c80-426b-b776-f550a3895924,run1_rep2,G,CLOSED,CLOSED,request,PROVIDER,N/A,,3767.703043999063,INFO,adaptador.request,true,exitoso,,,10277.267952523,10273.500249479,,,2026-09-05T00:19:40.471319Z
bee97c9f-36a8-4399-8ca5-d02b397bd9c8,run1_rep2,G,CLOSED,CLOSED,request,PROVIDER,N/A,,3810.9499189995404,INFO,adaptador.request,true,exitoso,,,10277.333855023,10273.522905104,,,2026-09-05T00:19:40.537149Z
cb3d8b25-08e4-49cf-bffa-170979699cc9,run1_rep2,G,CLOSED,CLOSED,request,PROVIDER,N/A,,3781.8505849991197,INFO,adaptador.request,true,exitoso,,,10277.395621814,10273.613771229,,,2026-09-05T00:19:40.598932Z
22f11457-8b6c-4c39-91d3-dd1d4300e737,run1_rep2,G,CLOSED,CLOSED,request,PROVIDER,N/A,,3709.762168000452,INFO,adaptador.request,true,exitoso,,,10277.458728231,10273.748966063,,,2026-09-05T00:19:40.662091Z
954c89b9-3813-4454-a45b-5397c6475e90,run1_rep2,G,CLOSED,CLOSED,request,PROVIDER,N/A,,3780.0893769999675,INFO,adaptador.request,true,exitoso,,,10277.560332106,10273.780242729,,,2026-09-05T00:19:40.763661Z
b86e3bdb-1265-463f-ae76-30e1d4d99af2,run1_rep2,G,CLOSED,CLOSED,request,PROVIDER,N/A,,3834.8323770005663,INFO,adaptador.request,true,exitoso,,,10277.629792148,10273.794959771,,,2026-09-05T00:19:40.833078Z
d25a181b-f6be-4787-9370-913ac42694b1,run1_rep2,G,CLOSED,CLOSED,request,PROVIDER,N/A,,3805.416126999262,INFO,adaptador.request,true,exitoso,,,10277.71838794,10273.912971813,,,2026-09-05T00:19:40.921678Z
51c30e90-6894-46d4-a2b5-3aa89c783219,run1_rep2,G,CLOSED,CLOSED,request,PROVIDER,N/A,,3898.5747099995933,INFO,adaptador.request,true,exitoso,,,10277.822724481,10273.924149771,,,2026-09-05T00:19:41.026058Z
e8a3e510-4b68-40db-918a-e7e09ad87dd0,run1_rep2,G,CLOSED,CLOSED,request,PROVIDER,N/A,,3771.7097099994135,INFO,adaptador.request,true,exitoso,,,10277.925131565,10274.153421855,,,2026-09-05T00:19:41.128439Z
1596741b-a603-4f6e-85d3-a163e85350d3,run1_rep2,G,CLOSED,CLOSED,request,PROVIDER,N/A,,3737.021251999977,INFO,adaptador.request,true,exitoso,,,10278.028596273,10274.291575021,,,2026-09-05T00:19:41.231898Z
e81c9136-b6d2-4331-8d65-41a65e12145e,run1_rep2,G,CLOSED,CLOSED,request,PROVIDER,N/A,,3824.0787939994334,INFO,adaptador.request,true,exitoso,,,10278.133682065,10274.309603271,,,2026-09-05T00:19:41.336963Z
6873e565-fed0-4b92-b425-0135d2029f28,run1_rep2,G,CLOSED,CLOSED,request,PROVIDER,N/A,,3898.1290020001325,INFO,adaptador.request,true,exitoso,,,10278.239127565,10274.340998563,,,2026-09-05T00:19:41.442409Z
f25dbd73-95d1-4ddc-9430-b5de2210a2a5,run1_rep2,G,CLOSED,CLOSED,request,PROVIDER,N/A,,3908.555919000719,INFO,adaptador.request,true,exitoso,,,10278.322744232,10274.414188313,,,2026-09-05T00:19:41.526091Z
0b39eb52-f127-4eec-ae47-9b4e72f4e62b,run1_rep2,G,CLOSED,CLOSED,request,PROVIDER,N/A,,3937.910959999499,INFO,adaptador.request,true,exitoso,,,10278.389232773,10274.451321813,,,2026-09-05T00:19:41.592530Z
357ede77-4a94-4506-8505-300887483625,run1_rep2,G,CLOSED,CLOSED,request,PROVIDER,N/A,,3819.1825009998865,INFO,adaptador.request,true,exitoso,,,10278.476461898,10274.657279397,,,2026-09-05T00:19:41.679781Z
f628756d-07d7-4903-b07c-f96ad9bf8913,run1_rep2,G,CLOSED,CLOSED,request,PROVIDER,N/A,,3801.2510019998444,INFO,adaptador.request,true,exitoso,,,10278.538444857,10274.737193855,,,2026-09-05T00:19:41.741744Z
98462292-90da-4a77-bea1-4d31291d5eb3,run1_rep2,G,CLOSED,CLOSED,request,PROVIDER,N/A,,3892.8606270001183,INFO,adaptador.request,true,exitoso,,,10278.64194494,10274.749084313,,,2026-09-05T00:19:41.845272Z
02efa3dd-89c8-4d0e-abfd-bccf524933be,run1_rep2,G,CLOSED,CLOSED,request,PROVIDER,N/A,,3901.1225850008486,INFO,adaptador.request,true,exitoso,,,10278.733212315,10274.83208973,,,2026-09-05T00:19:41.936492Z
7a62b2b4-29a4-4842-ad7a-77b5061ae442,run1_rep2,G,CLOSED,CLOSED,request,PROVIDER,N/A,,3883.8670019995334,INFO,adaptador.request,true,exitoso,,,10278.827044982,10274.94317798,,,2026-09-05T00:19:42.030328Z
27b08336-be98-4a42-a5b2-18aad766fa11,run1_rep2,G,CLOSED,CLOSED,request,PROVIDER,N/A,,3795.454585999323,INFO,adaptador.request,true,exitoso,,,10278.918159649,10275.122705063,,,2026-09-05T00:19:42.121442Z
55d33c53-dac4-4d2d-97e1-98a518f14856,run1_rep2,G,CLOSED,CLOSED,request,PROVIDER,N/A,,3855.3738350001368,INFO,adaptador.request,true,exitoso,,,10278.978816607,10275.123442772,,,2026-09-05T00:19:42.182092Z
8799c906-0df9-4f8c-b41a-3023c856dbc8,run1_rep2,G,CLOSED,CLOSED,request,PROVIDER,N/A,,3879.2453770001885,INFO,adaptador.request,true,exitoso,,,10279.071050274,10275.191804897,,,2026-09-05T00:19:42.274347Z
3de8a2a8-a132-4573-bbab-5bc3520c9bd2,run1_rep2,G,CLOSED,CLOSED,request,PROVIDER,N/A,,3956.4992520008673,INFO,adaptador.request,true,exitoso,,,10279.148573315,10275.192074063,,,2026-09-05T00:19:42.351866Z
14350aa9-4a5a-4f14-b46d-f8b5b63e8aeb,run1_rep2,G,CLOSED,CLOSED,request,PROVIDER,N/A,,3890.960834998623,INFO,adaptador.request,true,exitoso,,,10279.218410024,10275.327449189,,,2026-09-05T00:19:42.421714Z
16bf3ffa-3cbd-43fe-8df3-c4740461f41e,run1_rep2,G,CLOSED,CLOSED,request,PROVIDER,N/A,,3853.229835000093,INFO,adaptador.request,true,exitoso,,,10279.297592774,10275.444362939,,,2026-09-05T00:19:42.500890Z
b1f6adde-4e58-4e5e-a6fa-24b76a3277b2,run1_rep2,G,CLOSED,CLOSED,request,PROVIDER,N/A,,3776.259835000019,INFO,adaptador.request,true,exitoso,,,10279.405700732,10275.629440897,,,2026-09-05T00:19:42.608994Z
5d3b7929-999b-49dd-8cf2-bf512cd8a00d,run1_rep2,G,CLOSED,CLOSED,request,PROVIDER,N/A,,3791.6937110003346,INFO,adaptador.request,true,exitoso,,,10279.506529316,10275.714835605,,,2026-09-05T00:19:42.709821Z
7f54e23e-3f9a-4e94-af57-9931db42b4ee,run1_rep2,G,CLOSED,CLOSED,request,PROVIDER,N/A,,3713.7185850006063,INFO,adaptador.request,true,exitoso,,,10279.566995024,10275.853276439,,,2026-09-05T00:19:42.770304Z
7b7918b3-db13-4f58-b168-bba26860bcd5,run1_rep2,G,CLOSED,CLOSED,request,PROVIDER,N/A,,3697.6080019994697,INFO,adaptador.request,true,exitoso,,,10279.632946066,10275.935338064,,,2026-09-05T00:19:42.836231Z
430b0028-14b5-40cd-8eab-5ffc3f35c3cf,run1_rep2,G,CLOSED,CLOSED,request,PROVIDER,N/A,,3744.694126999093,INFO,adaptador.request,true,exitoso,,,10279.713756816,10275.969062689,,,2026-09-05T00:19:42.917045Z
8acfbb11-50a4-42fe-bc26-cad9d963d11f,run1_rep2,G,CLOSED,CLOSED,request,PROVIDER,N/A,,3784.941751999213,INFO,adaptador.request,true,exitoso,,,10279.771146399,10275.986204647,,,2026-09-05T00:19:42.974446Z
28139868-df71-4e62-8e26-6d016d137a0d,run1_rep2,G,CLOSED,CLOSED,request,PROVIDER,N/A,,3817.7377520005393,INFO,adaptador.request,true,exitoso,,,10279.828595691,10276.010857939,,,2026-09-05T00:19:43.031894Z
c5e69d5e-00a8-4221-82db-5b49715c3345,run1_rep2,G,CLOSED,CLOSED,request,PROVIDER,N/A,,3905.731127000763,INFO,adaptador.request,true,exitoso,,,10279.924883399,10276.019152272,,,2026-09-05T00:19:43.128256Z
1d35d5b0-5951-474f-90eb-476fc2aed240,run1_rep2,G,CLOSED,CLOSED,request,PROVIDER,N/A,,3923.230960001092,INFO,adaptador.request,true,exitoso,,,10279.981660441,10276.058429481,,,2026-09-05T00:19:43.184951Z
bcbc9730-9c46-492d-9fbb-0740f12c0ccb,run1_rep2,G,CLOSED,CLOSED,request,PROVIDER,N/A,,3904.764709999654,INFO,adaptador.request,true,exitoso,,,10280.068525899,10276.163761189,,,2026-09-05T00:19:43.271775Z
2a55c359-e384-4d10-bc96-79b8081cc9e5,run1_rep2,G,CLOSED,CLOSED,request,PROVIDER,N/A,,3954.182834999301,INFO,adaptador.request,true,exitoso,,,10280.151964732,10276.197781897,,,2026-09-05T00:19:43.355286Z
e06838dc-de3b-497c-9f1f-d839e72fea79,run1_rep2,G,CLOSED,CLOSED,request,PROVIDER,N/A,,3964.35241799918,INFO,adaptador.request,true,exitoso,,,10280.219496524,10276.255144106,,,2026-09-05T00:19:43.422801Z
a357a72a-3182-46df-bca8-a89371503d14,run1_rep2,G,CLOSED,CLOSED,request,PROVIDER,N/A,,3970.6093770000734,INFO,adaptador.request,true,exitoso,,,10280.282734316,10276.312124939,,,2026-09-05T00:19:43.486026Z
024719bc-6839-4355-9902-7d0643aba258,run1_rep2,G,CLOSED,CLOSED,request,PROVIDER,N/A,,3693.8526679987262,INFO,adaptador.request,true,exitoso,,,10280.362656524,10276.668803856,,,2026-09-05T00:19:43.566029Z
92dfa772-4094-4700-bcd4-7d257122e0c5,run1_rep2,G,CLOSED,CLOSED,request,PROVIDER,N/A,,3766.3138349998917,INFO,adaptador.request,true,exitoso,,,10280.435483316,10276.669169481,,,2026-09-05T00:19:43.638750Z
1fc76c1c-21dd-4c61-8aac-bb5f2290b664,run1_rep2,G,CLOSED,CLOSED,request,PROVIDER,N/A,,3776.6860440005985,INFO,adaptador.request,true,exitoso,,,10280.502091983,10276.725405939,,,2026-09-05T00:19:43.705389Z
71a9bc27-0455-4f18-a8c3-d6f98bfffc02,run1_rep2,G,CLOSED,CLOSED,request,PROVIDER,N/A,,3828.894625999965,INFO,adaptador.request,true,exitoso,,,10280.566531899,10276.737637273,,,2026-09-05T00:19:43.769831Z
415a5c6d-5c3b-4290-a0ee-8f45614fea49,run1_rep2,G,CLOSED,CLOSED,request,PROVIDER,N/A,,3788.5327100011637,INFO,adaptador.request,true,exitoso,,,10280.638595774,10276.850063064,,,2026-09-05T00:19:43.841902Z
8fd4fe44-2fea-4b93-ac44-8dce708e75e7,run1_rep2,G,CLOSED,CLOSED,request,PROVIDER,N/A,,3758.535335000488,INFO,adaptador.request,true,exitoso,,,10280.743243191,10276.984707856,,,2026-09-05T00:19:43.946538Z
1dfc227a-db27-4d3c-9497-021b522227fb,run1_rep2,G,CLOSED,CLOSED,request,PROVIDER,N/A,,3836.197959999481,INFO,adaptador.request,true,exitoso,,,10280.821492983,10276.985295023,,,2026-09-05T00:19:44.024778Z
894cb293-286e-4f06-8daa-f7e382af7fa8,run1_rep2,G,CLOSED,CLOSED,request,PROVIDER,N/A,,3764.8004180009593,INFO,adaptador.request,true,exitoso,,,10280.883972441,10277.119172023,,,2026-09-05T00:19:44.087279Z
3dbd98eb-766e-48fd-bebf-fc5c010411b4,run1_rep2,G,CLOSED,CLOSED,request,PROVIDER,N/A,,3656.4142930001253,INFO,adaptador.request,true,exitoso,,,10280.944474441,10277.288060148,,,2026-09-05T00:19:44.147771Z
a1e6430f-c819-4e28-94ee-11fd4742c9c6,run1_rep2,G,CLOSED,CLOSED,request,PROVIDER,N/A,,3662.729126999693,INFO,adaptador.request,true,exitoso,,,10281.027117566,10277.364388439,,,2026-09-05T00:19:44.230379Z
5bcf2f1b-35a1-4c0b-a820-9a74fa44b2e9,run1_rep2,G,CLOSED,CLOSED,request,PROVIDER,N/A,,3713.2693769999605,INFO,adaptador.request,true,exitoso,,,10281.083391566,10277.370122189,,,2026-09-05T00:19:44.286658Z
8104d186-1115-4e7e-94e0-eec6a02b6380,run1_rep2,G,CLOSED,CLOSED,request,PROVIDER,N/A,,3762.933626998347,INFO,adaptador.request,true,exitoso,,,10281.147301025,10277.384367398,,,2026-09-05T00:19:44.350582Z
d5137621-1bab-4e4a-ae3d-44919a36661b,run1_rep2,G,CLOSED,CLOSED,request,PROVIDER,N/A,,3769.2674190002435,INFO,adaptador.request,true,exitoso,,,10281.206531275,10277.437263856,,,2026-09-05T00:19:44.409814Z
b6e8bc20-8b99-4c9a-8ce5-e4185b384c98,run1_rep2,G,CLOSED,CLOSED,request,PROVIDER,N/A,,3665.442625999276,INFO,adaptador.request,true,exitoso,,,10281.285523941,10277.620081315,,,2026-09-05T00:19:44.488827Z
c57f3fa7-13d1-4579-8dea-7dafb16c3ba7,run1_rep2,G,CLOSED,CLOSED,request,PROVIDER,N/A,,3583.9400439999736,INFO,adaptador.request,true,exitoso,,,10281.358830275,10277.774890231,,,2026-09-05T00:19:44.562115Z
86055360-e600-45d7-90a8-1366cdb8e128,run1_rep2,G,CLOSED,CLOSED,request,PROVIDER,N/A,,3611.8633759997465,INFO,adaptador.request,true,exitoso,,,10281.438627566,10277.82676419,,,2026-09-05T00:19:44.641913Z
1f9f513a-8a03-45aa-bfa5-81929b6d50be,run1_rep2,G,CLOSED,CLOSED,request,PROVIDER,N/A,,3677.8134600008343,INFO,adaptador.request,true,exitoso,,,10281.505325066,10277.827511606,,,2026-09-05T00:19:44.708625Z
03adfe48-f479-49d8-83f0-30a6a480ecee,run1_rep2,G,CLOSED,CLOSED,request,PROVIDER,N/A,,3633.9222930000687,INFO,adaptador.request,true,exitoso,,,10281.601030108,10277.967107815,,,2026-09-05T00:19:44.804393Z
675e8df8-debf-4ede-8f24-aeab0fbf78ad,run1_rep2,G,CLOSED,CLOSED,request,PROVIDER,N/A,,3708.781793000526,INFO,adaptador.request,true,exitoso,,,10281.702709108,10277.993927315,,,2026-09-05T00:19:44.905990Z
fc4da2c7-a45e-4055-816d-e1128796496d,run1_rep2,G,CLOSED,CLOSED,request,PROVIDER,N/A,,3701.504460999786,INFO,adaptador.request,true,exitoso,,,10281.793169942,10278.091665481,,,2026-09-05T00:19:44.996731Z
cbe877ae-6c32-4db9-961a-8eabcef17ebf,run1_rep2,G,CLOSED,CLOSED,request,PROVIDER,N/A,,3713.528584999949,INFO,adaptador.request,true,exitoso,,,10281.854587692,10278.141059107,,,2026-09-05T00:19:45.057847Z
45217de2-7f96-4f9a-929d-d3caf81efe33,run1_rep2,G,CLOSED,CLOSED,request,PROVIDER,N/A,,3491.8776270005765,INFO,adaptador.request,true,exitoso,,,10281.920233942,10278.428356315,,,2026-09-05T00:19:45.123532Z
368eb8c6-67e1-422e-9826-8c204ed289c4,run1_rep2,G,CLOSED,CLOSED,request,PROVIDER,N/A,,3519.8567930001445,INFO,adaptador.request,true,exitoso,,,10282.021243025,10278.501386232,,,2026-09-05T00:19:45.224540Z
7392a56a-e769-4ecb-a06f-1a2e07918470,run1_rep2,G,CLOSED,CLOSED,request,PROVIDER,N/A,,3501.4332509999804,INFO,adaptador.request,true,exitoso,,,10282.085838233,10278.584404982,,,2026-09-05T00:19:45.289064Z
ed8fe43b-a700-4e98-94dd-c98134b94854,run1_rep2,G,CLOSED,CLOSED,request,PROVIDER,N/A,,3561.641835000046,INFO,adaptador.request,true,exitoso,,,10282.181580275,10278.61993844,,,2026-09-05T00:19:45.384817Z
0ea188f3-08e5-4bdf-aeb4-efdc9f46c829,run1_rep2,G,CLOSED,CLOSED,request,PROVIDER,N/A,,3539.9013759997615,INFO,adaptador.request,true,exitoso,,,10282.265368358,10278.725466982,,,2026-09-05T00:19:45.468659Z
93f4392e-19ed-40af-92b9-4bf250b1d0c1,run1_rep2,G,CLOSED,CLOSED,request,PROVIDER,N/A,,3537.7652520000993,INFO,adaptador.request,true,exitoso,,,10282.328150067,10278.790384815,,,2026-09-05T00:19:45.531443Z
248efe19-2943-46bc-a77d-ec96c01d5c41,run1_rep2,G,CLOSED,CLOSED,request,PROVIDER,N/A,,3545.2820850005082,INFO,adaptador.request,true,exitoso,,,10282.397169067,10278.851886982,,,2026-09-05T00:19:45.600457Z
3828cddb-d3de-401c-9f2b-ccb1c4c1b101,run1_rep2,G,CLOSED,CLOSED,request,PROVIDER,N/A,,3524.8943349997717,INFO,adaptador.request,true,exitoso,,,10282.467687567,10278.942793232,,,2026-09-05T00:19:45.670993Z
441df25f-ed42-4689-a7cf-03efdfe3c489,run1_rep2,G,CLOSED,CLOSED,request,PROVIDER,N/A,,3575.1217940014612,INFO,adaptador.request,true,exitoso,,,10282.535563109,10278.960441315,,,2026-09-05T00:19:45.738854Z
4c7658ab-00c7-47fb-b0d2-f2a9d056aadb,run1_rep2,G,CLOSED,CLOSED,request,PROVIDER,N/A,,3662.0572100000572,INFO,adaptador.request,true,exitoso,,,10282.625962109,10278.963904899,,,2026-09-05T00:19:45.829288Z
f0264c7c-969b-44d7-8d1a-2d3dd77f81e1,run1_rep2,G,CLOSED,CLOSED,request,PROVIDER,N/A,,3458.8732100000925,INFO,adaptador.request,true,exitoso,,,10282.694735442,10279.235862232,,,2026-09-05T00:19:45.898055Z
2d730b60-c022-4624-ad5d-636e831bd1ee,run1_rep2,G,CLOSED,CLOSED,request,PROVIDER,N/A,,3346.2507519998326,INFO,adaptador.request,true,exitoso,,,10282.796222067,10279.449971315,,,2026-09-05T00:19:45.999518Z
41570e16-2a98-4e7d-a053-15c5f308c005,run1_rep2,G,CLOSED,CLOSED,request,PROVIDER,N/A,,3407.23116800109,INFO,adaptador.request,true,exitoso,,,10282.879681442,10279.472450274,,,2026-09-05T00:19:46.082963Z
77dc44f5-c5f7-49ab-a44c-4de61979f710,run1_rep2,G,CLOSED,CLOSED,request,PROVIDER,N/A,,3440.038168000683,INFO,adaptador.request,true,exitoso,,,10282.958029775,10279.517991607,,,2026-09-05T00:19:46.161333Z
5888388a-7e52-4460-8547-9b48d95a86ff,run1_rep2,G,CLOSED,CLOSED,request,PROVIDER,N/A,,3528.9147940002294,INFO,adaptador.request,true,exitoso,,,10283.047259276,10279.518344482,,,2026-09-05T00:19:46.250552Z
eddcd8d5-407e-4776-b158-1dedcac0d35f,run1_rep2,G,CLOSED,CLOSED,request,PROVIDER,N/A,,3497.5989179984026,INFO,adaptador.request,true,exitoso,,,10283.127359817,10279.629760899,,,2026-09-05T00:19:46.330661Z
f0dc0829-21e6-404f-a757-e7011f0d5e8a,run1_rep2,G,CLOSED,CLOSED,request,PROVIDER,N/A,,3476.016876998983,INFO,adaptador.request,true,exitoso,,,10283.216578401,10279.740561524,,,2026-09-05T00:19:46.419896Z
3865b700-0fd7-4792-90b3-9e06b251c161,run1_rep2,G,CLOSED,CLOSED,request,PROVIDER,N/A,,3409.7290850004356,INFO,adaptador.request,true,exitoso,,,10283.284624651,10279.874895566,,,2026-09-05T00:19:46.487919Z
214e3166-a459-404e-91e2-29cb1bc0b6b1,run1_rep2,G,CLOSED,CLOSED,request,PROVIDER,N/A,,3503.4905430002254,INFO,adaptador.request,true,exitoso,,,10283.378845234,10279.875354691,,,2026-09-05T00:19:46.582143Z
fb9fc6d6-e14d-42b0-a9c9-7a2c131904b1,run1_rep2,G,CLOSED,CLOSED,request,PROVIDER,N/A,,3463.260751999769,INFO,adaptador.request,true,exitoso,,,10283.487824609,10280.024563857,,,2026-09-05T00:19:46.691106Z
3c92dd80-c830-4d2c-ba16-3bb76dc46bac,run1_rep2,G,CLOSED,CLOSED,request,PROVIDER,N/A,,3455.6024600005912,INFO,adaptador.request,true,exitoso,,,10283.570174234,10280.114571774,,,2026-09-05T00:19:46.773444Z
26755198-c261-4522-9b27-1384c4535593,run1_rep2,G,CLOSED,CLOSED,request,PROVIDER,N/A,,3490.2504600013344,INFO,adaptador.request,true,exitoso,,,10283.670776401,10280.180525941,,,2026-09-05T00:19:46.874081Z
54717736-3618-4aa6-8157-c413ad775957,run1_rep2,G,CLOSED,CLOSED,request,PROVIDER,N/A,,3558.9655019994098,INFO,adaptador.request,true,exitoso,,,10283.743092276,10280.184126774,,,2026-09-05T00:19:46.946393Z
d183ff9c-b602-403f-a9d3-5e6a4dc1ae43,run1_rep2,G,CLOSED,CLOSED,request,PROVIDER,N/A,,3530.922334999559,INFO,adaptador.request,true,exitoso,,,10283.843556318,10280.312633983,,,2026-09-05T00:19:47.046856Z
cd5109b5-a37e-4cc6-b0d1-f066991bd4ca,run1_rep2,G,CLOSED,CLOSED,request,PROVIDER,N/A,,3495.5773759993463,INFO,adaptador.request,true,exitoso,,,10283.928593359,10280.433015983,,,2026-09-05T00:19:47.131896Z
efdc6299-a182-44b7-8485-6bff14e0c8af,run1_rep2,G,CLOSED,CLOSED,request,PROVIDER,N/A,,3554.6668770002725,INFO,adaptador.request,true,exitoso,,,10283.988202318,10280.433535441,,,2026-09-05T00:19:47.191489Z
fced1469-c141-41e7-9ba5-fc128681cc5e,run1_rep2,G,CLOSED,CLOSED,request,PROVIDER,N/A,,3626.0582100003376,INFO,adaptador.request,true,exitoso,,,10284.097113734,10280.471055524,,,2026-09-05T00:19:47.300406Z
6694b4a7-2656-42fb-b825-c304d463b226,run1_rep2,G,CLOSED,CLOSED,request,PROVIDER,N/A,,3536.492750999969,INFO,adaptador.request,true,exitoso,,,10284.176643609,10280.640150858,,,2026-09-05T00:19:47.379956Z
5de122d8-0625-41cf-84e3-dac87e163d77,run1_rep2,G,CLOSED,CLOSED,request,PROVIDER,N/A,,3585.286042998632,INFO,adaptador.request,true,exitoso,,,10284.248546234,10280.663260191,,,2026-09-05T00:19:47.451856Z
1e66218c-c399-4bbf-b6a9-a341bda806ac,run1_rep2,G,CLOSED,CLOSED,request,PROVIDER,N/A,,3682.733335001103,INFO,adaptador.request,true,exitoso,,,10284.354846984,10280.672113649,,,2026-09-05T00:19:47.558145Z
b6a62b4c-e071-49a1-bc05-8d48039ad0d1,run1_rep2,G,CLOSED,CLOSED,request,PROVIDER,N/A,,3652.771085000495,INFO,adaptador.request,true,exitoso,,,10284.451641693,10280.798870608,,,2026-09-05T00:19:47.654933Z
b2e000a9-408e-4607-b895-90f71266cac7,run1_rep2,G,CLOSED,CLOSED,request,PROVIDER,N/A,,3640.550169000562,INFO,adaptador.request,true,exitoso,,,10284.536122068,10280.895571899,,,2026-09-05T00:19:47.739411Z
4b8f9efd-3cb9-4408-80e4-57e46b605d21,run1_rep2,G,CLOSED,CLOSED,request,PROVIDER,N/A,,3606.2802099986584,INFO,adaptador.request,true,exitoso,,,10284.631601193,10281.025320983,,,2026-09-05T00:19:47.834900Z
1929884b-ff6c-4cf5-822f-3b69245f709a,run1_rep2,G,CLOSED,CLOSED,request,PROVIDER,N/A,,3641.7870850000327,INFO,adaptador.request,true,exitoso,,,10284.71661236,10281.074825275,,,2026-09-05T00:19:47.919914Z
18b0fdaf-e640-4f10-8159-bbc7490970f0,run1_rep2,G,CLOSED,CLOSED,request,PROVIDER,N/A,,3698.668543000167,INFO,adaptador.request,true,exitoso,,,10284.778569193,10281.07990065,,,2026-09-05T00:19:47.981876Z
bf95e332-1887-44ac-8297-66816cbf5679,run1_rep2,G,CLOSED,CLOSED,request,PROVIDER,N/A,,3655.4124179983774,INFO,adaptador.request,true,exitoso,,,10284.855284401,10281.199871983,,,2026-09-05T00:19:48.058583Z
8a2989ab-8016-4d5f-8581-7b2ffe16ad5c,run1_rep2,G,CLOSED,CLOSED,request,PROVIDER,N/A,,3749.1210019998107,INFO,adaptador.request,true,exitoso,,,10284.949411693,10281.200290691,,,2026-09-05T00:19:48.152707Z
acb65a07-06bf-4086-a911-7d9e9ae38e27,run1_rep2,G,CLOSED,CLOSED,request,PROVIDER,N/A,,3726.3136270012183,INFO,adaptador.request,true,exitoso,,,10285.021917485,10281.295603858,,,2026-09-05T00:19:48.225227Z
5e508823-d989-4ba6-b9b0-bf3b5201953c,run1_rep2,G,CLOSED,CLOSED,request,PROVIDER,N/A,,3739.5716679984616,INFO,adaptador.request,true,exitoso,,,10285.085847776,10281.346276108,,,2026-09-05T00:19:48.289151Z
d1c7a42c-6a78-474f-80a9-059db83a468c,run1_rep2,G,CLOSED,CLOSED,request,PROVIDER,N/A,,3761.860501999763,INFO,adaptador.request,true,exitoso,,,10285.145468068,10281.383607566,,,2026-09-05T00:19:48.348802Z
caf7f454-1d3a-4662-8085-eca5ca4f467e,run1_rep2,G,CLOSED,CLOSED,request,PROVIDER,N/A,,3800.3658350007754,INFO,adaptador.request,true,exitoso,,,10285.209093485,10281.40872765,,,2026-09-05T00:19:48.412383Z
2143b087-165b-4d27-b89e-d43cd40d59ab,run1_rep2,G,CLOSED,CLOSED,request,PROVIDER,N/A,,3881.313334999504,INFO,adaptador.request,true,exitoso,,,10285.307461818,10281.426148483,,,2026-09-05T00:19:48.510808Z
61d0ef1a-0967-4340-98a8-65fd376cf137,run1_rep2,G,CLOSED,CLOSED,request,PROVIDER,N/A,,3744.502626001122,INFO,adaptador.request,true,exitoso,,,10285.406237818,10281.661735192,,,2026-09-05T00:19:48.609562Z
074fcb4c-be24-46e5-8ef7-363d443460b9,run1_rep2,G,CLOSED,CLOSED,request,PROVIDER,N/A,,3706.181210000068,INFO,adaptador.request,true,exitoso,,,10285.463539652,10281.757358442,,,2026-09-05T00:19:48.666809Z
72be70f1-2adc-4356-89bb-56a8eb1f1857,run1_rep2,G,CLOSED,CLOSED,request,PROVIDER,N/A,,3736.1368349993427,INFO,adaptador.request,true,exitoso,,,10285.533318568,10281.797181733,,,2026-09-05T00:19:48.736627Z
137413e0-64c8-4d2f-938b-cb63691163b4,run1_rep2,G,CLOSED,CLOSED,request,PROVIDER,N/A,,3835.0963770008093,INFO,adaptador.request,true,exitoso,,,10285.63247486,10281.797378483,,,2026-09-05T00:19:48.835764Z
e5e91ce1-7823-4f1c-8a06-d8e5158385e0,run1_rep2,G,CLOSED,CLOSED,request,PROVIDER,N/A,,3877.663709999979,INFO,adaptador.request,true,exitoso,,,10285.716530027,10281.838866317,,,2026-09-05T00:19:48.919878Z
46fb9743-0d0c-46e7-8ad3-739d013a5d6c,run1_rep2,G,CLOSED,CLOSED,request,PROVIDER,N/A,,3760.3751679998823,INFO,adaptador.request,true,exitoso,,,10285.779532985,10282.019157817,,,2026-09-05T00:19:48.982833Z
4d7faef5-d91f-4cb3-a1ff-60ee3f9b5a5e,run1_rep2,G,CLOSED,CLOSED,request,PROVIDER,N/A,,3833.16675199967,INFO,adaptador.request,true,exitoso,,,10285.862809777,10282.029643025,,,2026-09-05T00:19:49.066213Z
cd9c6005-110c-4ef4-8a80-cf20a7b73d2a,run1_rep2,G,CLOSED,CLOSED,request,PROVIDER,N/A,,3885.8753350014013,INFO,adaptador.request,true,exitoso,,,10285.943909527,10282.058034192,,,2026-09-05T00:19:49.147219Z
df32fde9-4004-4f0a-9f3d-42015f73d8ad,run1_rep2,G,CLOSED,CLOSED,request,PROVIDER,N/A,,3810.5540849992394,INFO,adaptador.request,true,exitoso,,,10286.04578961,10282.235235525,,,2026-09-05T00:19:49.249074Z
47478bc3-37f5-497c-b4f1-99528b77b992,run1_rep2,G,CLOSED,CLOSED,request,PROVIDER,N/A,,3843.3362940013467,INFO,adaptador.request,true,exitoso,,,10286.114176777,10282.270840483,,,2026-09-05T00:19:49.317487Z
16170c3b-59de-4792-96f6-fc3337d5b628,run1_rep2,G,CLOSED,CLOSED,request,PROVIDER,N/A,,3873.9449180011434,INFO,adaptador.request,true,exitoso,,,10286.189196777,10282.315251859,,,2026-09-05T00:19:49.392486Z
85e94819-b3d3-4dc5-b2db-b6e2dac89ac2,run1_rep2,G,CLOSED,CLOSED,request,PROVIDER,N/A,,3843.69746000084,INFO,adaptador.request,true,exitoso,,,10286.248406527,10282.404709067,,,2026-09-05T00:19:49.451690Z
0c8bab3c-0016-4d87-9ad1-c60b11398531,run1_rep2,G,CLOSED,CLOSED,request,PROVIDER,N/A,,3856.441543000983,INFO,adaptador.request,true,exitoso,,,10286.329741777,10282.473300234,,,2026-09-05T00:19:49.533051Z
fcce077f-10da-43d7-8686-78b028f572db,run1_rep2,G,CLOSED,CLOSED,request,PROVIDER,N/A,,3862.32366799959,INFO,adaptador.request,true,exitoso,,,10286.426492027,10282.564168359,,,2026-09-05T00:19:49.629797Z
c0e8a9f3-bd0c-40ed-bc95-6dbf68e6561a,run1_rep2,G,CLOSED,CLOSED,request,PROVIDER,N/A,,3878.6189610000292,INFO,adaptador.request,true,exitoso,,,10286.511240486,10282.632621525,,,2026-09-05T00:19:49.714544Z
e9c2eeb1-bfb1-49ea-8813-6b95922203b8,run1_rep2,G,CLOSED,CLOSED,request,PROVIDER,N/A,,3795.9500440010743,INFO,adaptador.request,true,exitoso,,,10286.579594569,10282.783644525,,,2026-09-05T00:19:49.782881Z
36040f15-3003-4689-8ed8-61cb2c0e0a06,run1_rep2,G,CLOSED,CLOSED,request,PROVIDER,N/A,,3837.803043999884,INFO,adaptador.request,true,exitoso,,,10286.668690194,10282.83088715,,,2026-09-05T00:19:49.871972Z
6770cf5a-f6f4-4334-882f-c8a9bcb3a734,run1_rep2,G,CLOSED,CLOSED,request,PROVIDER,N/A,,3823.9060019986937,INFO,adaptador.request,true,exitoso,,,10286.750852361,10282.926946359,,,2026-09-05T00:19:49.954148Z
baf549a1-1899-4367-8464-18d398491e77,run1_rep2,G,CLOSED,CLOSED,request,PROVIDER,N/A,,3778.2167509994906,INFO,adaptador.request,true,exitoso,,,10286.838977902,10283.060761151,,,2026-09-05T00:19:50.042276Z
67f6dfb3-295c-4f66-bf9e-809e149a486f,run1_rep2,G,CLOSED,CLOSED,request,PROVIDER,N/A,,3863.5699179994845,INFO,adaptador.request,true,exitoso,,,10286.934358277,10283.070788359,,,2026-09-05T00:19:50.137661Z
7e69897f-ce40-4357-8342-0d0687218eb7,run1_rep2,G,CLOSED,CLOSED,request,PROVIDER,N/A,,3923.516834998736,INFO,adaptador.request,true,exitoso,,,10287.021670777,10283.098153942,,,2026-09-05T00:19:50.224965Z
5833b7d6-27d8-4ce4-8849-8079488ab12e,run1_rep2,G,CLOSED,CLOSED,request,PROVIDER,N/A,,3945.6727929991757,INFO,adaptador.request,true,exitoso,,,10287.096734444,10283.151061651,,,2026-09-05T00:19:50.300008Z
ef0db8cf-5d8b-4176-ac12-7b4ca1285910,run1_rep2,G,CLOSED,CLOSED,request,PROVIDER,N/A,,3731.1154599992733,INFO,adaptador.request,true,exitoso,,,10287.172510069,10283.441394609,,,2026-09-05T00:19:50.375799Z
a3353920-4350-4eb6-907c-3afa8ae96f5a,run1_rep2,G,CLOSED,CLOSED,request,PROVIDER,N/A,,3724.105960000088,INFO,adaptador.request,true,exitoso,,,10287.281351319,10283.557245359,,,2026-09-05T00:19:50.484644Z
17b809d9-1a6e-47ff-b557-45d83c81cf57,run1_rep2,G,CLOSED,CLOSED,request,PROVIDER,N/A,,3776.6787519994978,INFO,adaptador.request,true,exitoso,,,10287.371262319,10283.594583567,,,2026-09-05T00:19:50.574570Z
4ef7f6c5-0cd4-4cdd-a823-edb5bfd60d6a,run1_rep2,G,CLOSED,CLOSED,request,PROVIDER,N/A,,3724.503501998697,INFO,adaptador.request,true,exitoso,,,10287.470834028,10283.746330526,,,2026-09-05T00:19:50.674130Z
fb07e6f2-58fb-4c00-9ac5-60ef04fe7f62,run1_rep2,G,CLOSED,CLOSED,request,PROVIDER,N/A,,3759.7527929992793,INFO,adaptador.request,true,exitoso,,,10287.563414819,10283.803662026,,,2026-09-05T00:19:50.766696Z
fd51a469-d353-4cf6-b731-be26ef3df5ed,run1_rep2,G,CLOSED,CLOSED,request,PROVIDER,N/A,,3787.784960000863,INFO,adaptador.request,true,exitoso,,,10287.644734444,10283.856949484,,,2026-09-05T00:19:50.848066Z
15d556cb-e604-4b97-bf42-87da841243f9,run1_rep2,G,CLOSED,CLOSED,request,PROVIDER,N/A,,3848.3055850010714,INFO,adaptador.request,true,exitoso,,,10287.705659278,10283.857353693,,,2026-09-05T00:19:50.908952Z
3b9ef76f-70ce-4b9f-aaaf-f7a107405630,run1_rep2,G,CLOSED,CLOSED,request,PROVIDER,N/A,,3876.4511680001306,INFO,adaptador.request,true,exitoso,,,10287.813320986,10283.936869818,,,2026-09-05T00:19:51.016604Z
a9938e02-0e4a-46a9-bd32-5dea98987fe9,run1_rep2,G,CLOSED,CLOSED,request,PROVIDER,N/A,,3911.8165430008958,INFO,adaptador.request,true,exitoso,,,10287.901104611,10283.989288068,,,2026-09-05T00:19:51.104406Z
5c98bae0-d330-4a72-95e0-19afea4b61f2,run1_rep2,G,CLOSED,CLOSED,request,PROVIDER,N/A,,3785.549002001062,INFO,adaptador.request,true,exitoso,,,10288.005198945,10284.219649943,,,2026-09-05T00:19:51.208488Z
9d3f3527-408b-427a-8ecd-c8fd401d105d,run1_rep2,G,CLOSED,CLOSED,request,PROVIDER,N/A,,3823.7837520009634,INFO,adaptador.request,true,exitoso,,,10288.097145903,10284.273362151,,,2026-09-05T00:19:51.300439Z
b491a884-745f-4c6f-9c28-2543e8b4b330,run1_rep2,G,CLOSED,CLOSED,request,PROVIDER,N/A,,3783.47045999908,INFO,adaptador.request,true,exitoso,,,10288.177885403,10284.394414943,,,2026-09-05T00:19:51.381154Z
ea2f5272-619e-44ae-aa9f-214e2e2d33f8,run1_rep2,G,CLOSED,CLOSED,request,PROVIDER,N/A,,3843.8535850000335,INFO,adaptador.request,true,exitoso,,,10288.252746695,10284.40889311,,,2026-09-05T00:19:51.456026Z
1de295a3-f173-4f3a-a9dd-009b9f0e66c9,run1_rep2,G,CLOSED,CLOSED,request,PROVIDER,N/A,,3817.9795010000817,INFO,adaptador.request,true,exitoso,,,10288.328614986,10284.510635485,,,2026-09-05T00:19:51.531904Z
f293f080-0408-4bac-bb2b-af592cf7538d,run1_rep2,G,CLOSED,CLOSED,request,PROVIDER,N/A,,3800.736876000883,INFO,adaptador.request,true,exitoso,,,10288.401241236,10284.60050436,,,2026-09-05T00:19:51.604516Z
1c780a2c-99bc-48ee-b1b4-6710adea7ccd,run1_rep2,G,CLOSED,CLOSED,request,PROVIDER,N/A,,3847.9949599986867,INFO,adaptador.request,true,exitoso,,,10288.480393986,10284.632399026,,,2026-09-05T00:19:51.683703Z
9d2d72e5-edf7-45d7-88e9-e5adc05522a3,run1_rep2,G,CLOSED,CLOSED,request,PROVIDER,N/A,,3895.384669000123,INFO,adaptador.request,true,exitoso,,,10288.556762945,10284.661378276,,,2026-09-05T00:19:51.760052Z
cac5f1fd-42e3-4bbb-a6a3-db639628f50c,run1_rep2,G,CLOSED,CLOSED,request,PROVIDER,N/A,,3888.693085000341,INFO,adaptador.request,true,exitoso,,,10288.62923982,10284.740546735,,,2026-09-05T00:19:51.832525Z
cdb686f2-f7a2-4bcd-8d28-fe9cc892b4c9,run1_rep2,G,CLOSED,CLOSED,request,PROVIDER,N/A,,3846.3842519995524,INFO,adaptador.request,true,exitoso,,,10288.737986487,10284.891602235,,,2026-09-05T00:19:51.941305Z
bf82f031-566e-4cb9-96de-3bbebbe03159,run1_rep2,G,CLOSED,CLOSED,request,PROVIDER,N/A,,3837.18971000053,INFO,adaptador.request,true,exitoso,,,10288.81707932,10284.97988961,,,2026-09-05T00:19:52.020482Z
a823f9f5-2c51-406f-93f8-24b71fa3b67d,run1_rep2,G,CLOSED,CLOSED,request,PROVIDER,N/A,,3848.764376998588,INFO,adaptador.request,true,exitoso,,,10288.888544487,10285.03978011,,,2026-09-05T00:19:52.091831Z
b5b7f5d7-90ee-4a04-a4c3-277a69fcf331,run1_rep2,G,CLOSED,CLOSED,request,PROVIDER,N/A,,3894.557835001251,INFO,adaptador.request,true,exitoso,,,10288.960392528,10285.065834693,,,2026-09-05T00:19:52.163684Z
2f8df4a2-cb84-4a89-8542-a397ad443034,run1_rep2,G,CLOSED,CLOSED,request,PROVIDER,N/A,,3751.4641270008724,INFO,adaptador.request,true,exitoso,,,10289.05988982,10285.308425693,,,2026-09-05T00:19:52.263199Z
47bb9a72-14b3-4d47-af4d-db5920994315,run1_rep2,G,CLOSED,CLOSED,request,PROVIDER,N/A,,3841.861418000917,INFO,adaptador.request,true,exitoso,,,10289.15103457,10285.309173152,,,2026-09-05T00:19:52.354395Z
cb1a4222-c8d0-419b-855c-c936cda8c3ca,run1_rep2,G,CLOSED,CLOSED,request,PROVIDER,N/A,,3816.8858349999937,INFO,adaptador.request,true,exitoso,,,10289.229274278,10285.412388443,,,2026-09-05T00:19:52.432545Z
7a87a498-ae08-4ac4-b2c0-4567f7dd550f,run1_rep2,G,CLOSED,CLOSED,request,PROVIDER,N/A,,3917.0426679993398,INFO,adaptador.request,true,exitoso,,,10289.32978257,10285.412739902,,,2026-09-05T00:19:52.533092Z
af8a52a1-1b23-4ba0-abfb-ee1645be54ba,run1_rep2,G,CLOSED,CLOSED,request,PROVIDER,N/A,,3919.882335998409,INFO,adaptador.request,true,exitoso,,,10289.438034529,10285.518152193,,,2026-09-05T00:19:52.641342Z
e3d1e99d-9710-4b86-b20b-1852ad0c49fd,run1_rep2,G,CLOSED,CLOSED,request,PROVIDER,N/A,,3874.008626999057,INFO,adaptador.request,true,exitoso,,,10289.530088987,10285.65608036,,,2026-09-05T00:19:52.733398Z
b81511f0-92db-48ff-b99e-ac5bb68395dc,run1_rep2,G,CLOSED,CLOSED,request,PROVIDER,N/A,,3931.9309190013882,INFO,adaptador.request,true,exitoso,,,10289.631142362,10285.699211443,,,2026-09-05T00:19:52.834442Z
7ce41e63-a75d-47f8-84d6-57e7419d14e6,run1_rep2,G,CLOSED,CLOSED,request,PROVIDER,N/A,,3979.077043999496,INFO,adaptador.request,true,exitoso,,,10289.710822154,10285.73174511,,,2026-09-05T00:19:52.914109Z
f7618f03-2e4c-4e3b-8cb0-5d1ae3e5ae9d,run1_rep2,G,CLOSED,CLOSED,request,PROVIDER,N/A,,3867.2125850007433,INFO,adaptador.request,true,exitoso,,,10289.777259737,10285.910047152,,,2026-09-05T00:19:52.980568Z
2fdede1d-a95e-4e0a-84e8-072c33374c38,run1_rep2,G,CLOSED,CLOSED,request,PROVIDER,N/A,,3896.9948350004415,INFO,adaptador.request,true,exitoso,,,10289.847210737,10285.950215902,,,2026-09-05T00:19:53.050526Z
e58a586a-dc58-4d8a-aa68-178f6f99aec6,run1_rep2,G,CLOSED,CLOSED,request,PROVIDER,N/A,,3822.0867100008036,INFO,adaptador.request,true,exitoso,,,10289.923016445,10286.100929735,,,2026-09-05T00:19:53.126319Z
29e2b3a8-127f-4903-810f-41fa3c6a6d0b,run1_rep2,G,CLOSED,CLOSED,request,PROVIDER,N/A,,3894.6941689991945,INFO,adaptador.request,true,exitoso,,,10290.009632279,10286.11493811,,,2026-09-05T00:19:53.212861Z
e4b3d13f-2540-4459-be8d-3cb5c43edec1,run1_rep2,G,CLOSED,CLOSED,request,PROVIDER,N/A,,3853.9397940003255,INFO,adaptador.request,true,exitoso,,,10290.076864196,10286.222924402,,,2026-09-05T00:19:53.280124Z
22cf2d4a-2714-4f71-84ac-0621980259f9,run1_rep2,G,CLOSED,CLOSED,request,PROVIDER,N/A,,3850.16729400013,INFO,adaptador.request,true,exitoso,,,10290.137770821,10286.287603527,,,2026-09-05T00:19:53.341042Z
61989c6c-8fa1-4e90-88a8-ef2d050bd0db,run1_rep2,G,CLOSED,CLOSED,request,PROVIDER,N/A,,3938.604293000026,INFO,adaptador.request,true,exitoso,,,10290.246162487,10286.307558194,,,2026-09-05T00:19:53.449502Z
d4f9e171-c1e6-4df8-99be-a612df0c557b,run1_rep2,G,CLOSED,CLOSED,request,PROVIDER,N/A,,3877.3419610006385,INFO,adaptador.request,true,exitoso,,,10290.346976946,10286.469634985,,,2026-09-05T00:19:53.550331Z
c479aebc-415a-453f-a226-ac3676cdd5ce,run1_rep2,G,CLOSED,CLOSED,request,PROVIDER,N/A,,3853.448167999886,INFO,adaptador.request,true,exitoso,,,10290.419092529,10286.565644361,,,2026-09-05T00:19:53.622380Z
fbb5e4fa-5441-49d2-9e10-6e1591225dc0,run1_rep2,G,CLOSED,CLOSED,request,PROVIDER,N/A,,3900.457084999289,INFO,adaptador.request,true,exitoso,,,10290.521963821,10286.621506736,,,2026-09-05T00:19:53.725270Z
8f8415d0-2451-413f-b158-9b87333d5797,run1_rep2,G,CLOSED,CLOSED,request,PROVIDER,N/A,,3946.9770020004944,INFO,adaptador.request,true,exitoso,,,10290.608525321,10286.661548319,,,2026-09-05T00:19:53.811811Z
0afe8621-9c56-4a9a-a6d7-92e53b6469b4,run1_rep2,G,CLOSED,CLOSED,request,PROVIDER,N/A,,4024.3528360006167,INFO,adaptador.request,true,exitoso,,,10290.697687988,10286.673335152,,,2026-09-05T00:19:53.900981Z
c585b7bd-a6da-46e2-8bd4-810ea91233fa,run1_rep2,G,CLOSED,CLOSED,request,PROVIDER,N/A,,3862.4934180006676,INFO,adaptador.request,true,exitoso,,,10290.761134529,10286.898641111,,,2026-09-05T00:19:53.964425Z
95be22ee-3d21-49cf-ace7-b8e7480d1929,run1_rep2,G,CLOSED,CLOSED,request,PROVIDER,N/A,,3934.497501999431,INFO,adaptador.request,true,exitoso,,,10290.854365946,10286.919868444,,,2026-09-05T00:19:54.057659Z
04b75ea2-13ac-4018-bd93-316edd176a42,run1_rep2,G,CLOSED,CLOSED,request,PROVIDER,N/A,,3854.0231269998912,INFO,adaptador.request,true,exitoso,,,10290.928536863,10287.074513736,,,2026-09-05T00:19:54.131853Z
8a7ab318-8cef-4ba1-a154-9640d0d6be2f,run1_rep2,G,CLOSED,CLOSED,request,PROVIDER,N/A,,3850.892501999624,INFO,adaptador.request,true,exitoso,,,10290.996817029,10287.145924527,,,2026-09-05T00:19:54.200109Z
e0b8620b-7d19-4de2-bff6-a6be9f8b4c81,run1_rep2,G,CLOSED,CLOSED,request,PROVIDER,N/A,,3894.5010429997637,INFO,adaptador.request,true,exitoso,,,10291.058326029,10287.163824986,,,2026-09-05T00:19:54.261600Z
e75df8e2-1ac8-4864-b2c9-76c6f071f102,run1_rep2,G,CLOSED,CLOSED,request,PROVIDER,N/A,,3951.309919000778,INFO,adaptador.request,true,exitoso,,,10291.149202238,10287.197892319,,,2026-09-05T00:19:54.352488Z
5fb45d0b-77cc-4958-97b6-94f940e9f9bb,run1_rep2,G,CLOSED,CLOSED,request,PROVIDER,N/A,,3972.121001999767,INFO,adaptador.request,true,exitoso,,,10291.230586071,10287.258465069,,,2026-09-05T00:19:54.433878Z
04feee77-22ba-4543-b0c8-5c4ef543e5c7,run1_rep2,G,CLOSED,CLOSED,request,PROVIDER,N/A,,3837.4112940000487,INFO,adaptador.request,true,exitoso,,,10291.311485113,10287.474073819,,,2026-09-05T00:19:54.514769Z
0fe51334-741f-498f-b18e-3af376d9fece,run1_rep2,G,CLOSED,CLOSED,request,PROVIDER,N/A,,3897.74700199996,INFO,adaptador.request,true,exitoso,,,10291.413179196,10287.515432194,,,2026-09-05T00:19:54.616471Z
cf728fc8-39a8-4ed9-9bdf-2f9b2745c29c,run1_rep2,G,CLOSED,CLOSED,request,PROVIDER,N/A,,3904.8589180001727,INFO,adaptador.request,true,exitoso,,,10291.480425946,10287.575567028,,,2026-09-05T00:19:54.683701Z
2b1b9d80-4faf-4005-9aeb-63e75e60bb3e,run1_rep2,G,CLOSED,CLOSED,request,PROVIDER,N/A,,3928.7266690007527,INFO,adaptador.request,true,exitoso,,,10291.57846203,10287.649735361,,,2026-09-05T00:19:54.781744Z
e69c8568-f745-47c7-a824-43f05dc117a3,run1_rep2,G,CLOSED,CLOSED,request,PROVIDER,N/A,,3865.685669001323,INFO,adaptador.request,true,exitoso,,,10291.644179905,10287.778494236,,,2026-09-05T00:19:54.847474Z
eb955929-20ae-4481-8612-973c1be88e24,run1_rep2,G,CLOSED,CLOSED,request,PROVIDER,N/A,,3921.383044000322,INFO,adaptador.request,true,exitoso,,,10291.751086905,10287.829703861,,,2026-09-05T00:19:54.954378Z
d114b83e-009a-4993-8bcd-002c548c9165,run1_rep2,G,CLOSED,CLOSED,request,PROVIDER,N/A,,3910.205877000408,INFO,adaptador.request,true,exitoso,,,10291.816092363,10287.905886486,,,2026-09-05T00:19:55.019400Z
663d39b2-c66a-4c30-a8a1-9433bb802d58,run1_rep2,G,CLOSED,CLOSED,request,PROVIDER,N/A,,3790.386126998783,INFO,adaptador.request,true,exitoso,,,10291.913574113,10288.123187986,,,2026-09-05T00:19:55.116886Z
2c60599e-1a26-4fbb-bf34-cf0f078086cb,run1_rep2,G,CLOSED,CLOSED,request,PROVIDER,N/A,,3827.91141800044,INFO,adaptador.request,true,exitoso,,,10292.002709613,10288.174798195,,,2026-09-05T00:19:55.206006Z
8bcc6ded-0a91-4d56-a307-44ebc2fa6af1,run1_rep2,G,CLOSED,CLOSED,request,PROVIDER,N/A,,3895.533835000606,INFO,adaptador.request,true,exitoso,,,10292.072864988,10288.177331153,,,2026-09-05T00:19:55.276563Z
4d8c314e-9a14-404c-b860-839464769a26,run1_rep2,G,CLOSED,CLOSED,request,PROVIDER,N/A,,3852.2792930016294,INFO,adaptador.request,true,exitoso,,,10292.169544988,10288.317265695,,,2026-09-05T00:19:55.373214Z
ca939712-d690-4555-b324-d0498c34d230,run1_rep2,G,CLOSED,CLOSED,request,PROVIDER,N/A,,3869.88275099975,INFO,adaptador.request,true,exitoso,,,10292.262769571,10288.39288682,,,2026-09-05T00:19:55.466533Z
5a764bed-7f95-43b2-bbc4-dc69aa566883,run1_rep2,G,CLOSED,CLOSED,request,PROVIDER,N/A,,3963.5589179997623,INFO,adaptador.request,true,exitoso,,,10292.361461446,10288.397902528,,,2026-09-05T00:19:55.565192Z
8e323174-ca1e-4744-ad6f-502fe2464a7b,run1_rep2,G,CLOSED,CLOSED,request,PROVIDER,N/A,,4041.1470850012847,INFO,adaptador.request,true,exitoso,,,10292.449248696,10288.408101611,,,2026-09-05T00:19:55.652975Z
0719996a-36b9-4e09-b23a-1caa09fa2457,run1_rep2,G,CLOSED,CLOSED,request,PROVIDER,N/A,,3887.5876260008226,INFO,adaptador.request,true,exitoso,,,10292.512944571,10288.625356945,,,2026-09-05T00:19:55.716706Z
c5927a21-f16a-444f-8aaf-b260162a8511,run1_rep2,G,CLOSED,CLOSED,request,PROVIDER,N/A,,3800.997960001041,INFO,adaptador.request,true,exitoso,,,10292.604439155,10288.803441195,,,2026-09-05T00:19:55.808166Z
48a5b851-3848-4e42-8bfe-723031f7e9b0,run1_rep2,G,CLOSED,CLOSED,request,PROVIDER,N/A,,3731.3982089999627,INFO,adaptador.request,true,exitoso,,,10292.709991821,10288.978593612,,,2026-09-05T00:19:55.913724Z
cc0dde21-1cba-44c9-9ab4-6229b88f6948,run1_rep2,G,CLOSED,CLOSED,request,PROVIDER,N/A,,3766.174084999875,INFO,adaptador.request,true,exitoso,,,10292.777588322,10289.011414237,,,2026-09-05T00:19:55.981337Z
8049253e-b44f-49de-a37c-86e43a4f6538,run1_rep2,G,CLOSED,CLOSED,request,PROVIDER,N/A,,3803.366168998764,INFO,adaptador.request,true,exitoso,,,10292.882250947,10289.078884778,,,2026-09-05T00:19:56.085991Z
e565fd70-7791-4b6b-ba40-13baa475f856,run1_rep2,G,CLOSED,CLOSED,request,PROVIDER,N/A,,3899.537667999539,INFO,adaptador.request,true,exitoso,,,10292.981728155,10289.082190487,,,2026-09-05T00:19:56.185444Z
f99deab3-8ec1-42a7-91cc-44bf585d6545,run1_rep2,G,CLOSED,CLOSED,request,PROVIDER,N/A,,3945.6067930004792,INFO,adaptador.request,true,exitoso,,,10293.04490903,10289.099302237,,,2026-09-05T00:19:56.248685Z
dddd8e5a-d4fe-4c19-9400-148b3192dc6f,run1_rep2,G,CLOSED,CLOSED,request,PROVIDER,N/A,,3851.4435019988014,INFO,adaptador.request,true,exitoso,,,10293.103660947,10289.252217445,,,2026-09-05T00:19:56.307398Z
aa2f47fc-85d4-417d-979c-4659cdee82a1,run1_rep2,G,CLOSED,CLOSED,request,PROVIDER,N/A,,3864.748668000175,INFO,adaptador.request,true,exitoso,,,10293.210666822,10289.345918154,,,2026-09-05T00:19:56.414393Z
dd0833f4-7aae-490a-a518-5cfb568b7e2c,run1_rep2,G,CLOSED,CLOSED,request,PROVIDER,N/A,,3848.0555429996457,INFO,adaptador.request,true,exitoso,,,10293.313314697,10289.465259154,,,2026-09-05T00:19:56.517043Z
d4049dd3-d54b-464e-924b-0f5d0da9514e,run1_rep2,G,CLOSED,CLOSED,request,PROVIDER,N/A,,3914.067543000783,INFO,adaptador.request,true,exitoso,,,10293.416538947,10289.502471404,,,2026-09-05T00:19:56.620347Z
7b308024-1dd5-47f9-a941-cc3944c78f6f,run1_rep2,G,CLOSED,CLOSED,request,PROVIDER,N/A,,3918.4825430002093,INFO,adaptador.request,true,exitoso,,,10293.479253822,10289.560771279,,,2026-09-05T00:19:56.682984Z
659e0281-1f51-4fe8-8bce-578ca8af2adb,run1_rep2,G,CLOSED,CLOSED,request,PROVIDER,N/A,,4005.789876999188,INFO,adaptador.request,true,exitoso,,,10293.577217114,10289.571427237,,,2026-09-05T00:19:56.780948Z
189114c2-8175-47de-bccb-ca29ed911cfa,run1_rep2,G,CLOSED,CLOSED,request,PROVIDER,N/A,,4017.2435019994737,INFO,adaptador.request,true,exitoso,,,10293.667942072,10289.65069857,,,2026-09-05T00:19:56.871684Z
02bcd2d2-946b-4bdf-9406-c80b39ad5cc4,run1_rep2,G,CLOSED,CLOSED,request,PROVIDER,N/A,,4064.8563350005134,INFO,adaptador.request,true,exitoso,,,10293.723212114,10289.658355779,,,2026-09-05T00:19:56.926936Z
2e73ece7-dc4a-4130-bc92-f7e330e67199,run1_rep2,G,CLOSED,CLOSED,request,PROVIDER,N/A,,4017.8697940009442,INFO,adaptador.request,true,exitoso,,,10293.823686489,10289.805816695,,,2026-09-05T00:19:57.027396Z
1e5fab5f-15af-4f92-9702-89a580fb101e,run1_rep2,G,CLOSED,CLOSED,request,PROVIDER,N/A,,3993.1267100000696,INFO,adaptador.request,true,exitoso,,,10293.924740447,10289.931613737,,,2026-09-05T00:19:57.128481Z
79ca3698-ad13-4431-b4d6-f424fc20ee4d,run1_rep2,G,CLOSED,CLOSED,request,PROVIDER,N/A,,3829.17775200076,INFO,adaptador.request,true,exitoso,,,10294.030447614,10290.201269862,,,2026-09-05T00:19:57.234175Z
755ecf4d-1aa4-4388-a55a-16a56cc56234,run1_rep2,G,CLOSED,CLOSED,request,PROVIDER,N/A,,3900.1736259997415,INFO,adaptador.request,true,exitoso,,,10294.101904822,10290.201731196,,,2026-09-05T00:19:57.305636Z
20f8123f-fa73-4331-a55b-20bf979233d0,run1_rep2,G,CLOSED,CLOSED,request,PROVIDER,N/A,,3932.1709600008035,INFO,adaptador.request,true,exitoso,,,10294.181472447,10290.249301487,,,2026-09-05T00:19:57.385199Z
d310708b-3a36-4e7b-bcf8-65075aaab416,run1_rep2,G,CLOSED,CLOSED,request,PROVIDER,N/A,,3973.273084999164,INFO,adaptador.request,true,exitoso,,,10294.283784406,10290.310511321,,,2026-09-05T00:19:57.487512Z
010c3c12-e93e-403c-ad8d-2c05e39d5c67,run1_rep2,G,CLOSED,CLOSED,request,PROVIDER,N/A,,4027.1966680011246,INFO,adaptador.request,true,exitoso,,,10294.338157239,10290.310960571,,,2026-09-05T00:19:57.541892Z
131c9921-4659-4421-9034-3a92914b87b6,run1_rep2,G,CLOSED,CLOSED,request,PROVIDER,N/A,,3883.0338349998783,INFO,adaptador.request,true,exitoso,,,10294.416463947,10290.533430112,,,2026-09-05T00:19:57.620215Z
1ae82a85-a508-47e5-ab72-0b879b2c5b63,run1_rep2,G,CLOSED,CLOSED,request,PROVIDER,N/A,,3874.288417999196,INFO,adaptador.request,true,exitoso,,,10294.474464947,10290.600176529,,,2026-09-05T00:19:57.678178Z
72a9a1c6-5160-4a78-8687-b0f61851811a,run1_rep2,G,CLOSED,CLOSED,request,PROVIDER,N/A,,3970.079460001216,INFO,adaptador.request,true,exitoso,,,10294.570697822,10290.600618362,,,2026-09-05T00:19:57.774416Z
22364257-bb1b-4cab-8782-0f25aae19e4e,run1_rep2,G,CLOSED,CLOSED,request,PROVIDER,N/A,,4026.914375999695,INFO,adaptador.request,true,exitoso,,,10294.676826822,10290.649912446,,,2026-09-05T00:19:57.880570Z
1c225e19-015b-4b79-b49b-b411f49dd7ea,run1_rep2,G,CLOSED,CLOSED,request,PROVIDER,N/A,,3971.953375999874,INFO,adaptador.request,true,exitoso,,,10294.766390239,10290.794436863,,,2026-09-05T00:19:57.970117Z
316c7de4-91cc-4be3-89ef-9b971aa16766,run1_rep2,G,CLOSED,CLOSED,request,PROVIDER,N/A,,3914.339168000879,INFO,adaptador.request,true,exitoso,,,10294.843790781,10290.929451613,,,2026-09-05T00:19:58.047537Z
87a95087-f0b2-45d4-af37-3ff54b1019d0,run1_rep2,G,CLOSED,CLOSED,request,PROVIDER,N/A,,4006.396044000212,INFO,adaptador.request,true,exitoso,,,10294.946625948,10290.940229904,,,2026-09-05T00:19:58.150365Z
dcb6b847-c5fd-4357-ab53-d73d2a2f2782,run1_rep2,G,CLOSED,CLOSED,request,PROVIDER,N/A,,3934.1263759997673,INFO,adaptador.request,true,exitoso,,,10295.049896364,10291.115769988,,,2026-09-05T00:19:58.253663Z
3a044856-f8f6-4ac2-8b45-12d16d5803ed,run1_rep2,G,CLOSED,CLOSED,request,PROVIDER,N/A,,3844.872376999774,INFO,adaptador.request,true,exitoso,,,10295.144949323,10291.300076946,,,2026-09-05T00:19:58.348711Z
493154cf-9c1b-4ed5-bc12-a42dc8648b37,run1_rep2,G,CLOSED,CLOSED,request,PROVIDER,N/A,,3908.4344599996257,INFO,adaptador.request,true,exitoso,,,10295.216639698,10291.308205238,,,2026-09-05T00:19:58.420365Z
5cab5a5b-a1f8-4612-a9f6-4c3fe239c420,run1_rep2,G,CLOSED,CLOSED,request,PROVIDER,N/A,,3972.704542999054,INFO,adaptador.request,true,exitoso,,,10295.318244281,10291.345539738,,,2026-09-05T00:19:58.521957Z
2376b2af-9f0c-4268-8f74-79220a45724d,run1_rep2,G,CLOSED,CLOSED,request,PROVIDER,N/A,,4036.965710000004,INFO,adaptador.request,true,exitoso,,,10295.421398989,10291.384433279,,,2026-09-05T00:19:58.625121Z
dc530d33-e26b-4f73-9692-dfa1896bf250,run1_rep2,G,CLOSED,CLOSED,request,PROVIDER,N/A,,3951.170958998773,INFO,adaptador.request,true,exitoso,,,10295.497018989,10291.54584803,,,2026-09-05T00:19:58.700757Z
f9f166bd-db45-42aa-a8ce-76a2b6a7c82f,run1_rep2,G,CLOSED,CLOSED,request,PROVIDER,N/A,,4036.7808349983534,INFO,adaptador.request,true,exitoso,,,10295.593854656,10291.557073821,,,2026-09-05T00:19:58.797578Z
f4234ab4-5d43-46e2-ae5e-c205ae7b9d8e,run1_rep2,G,CLOSED,CLOSED,request,PROVIDER,N/A,,4016.848043000209,INFO,adaptador.request,true,exitoso,,,10295.660491031,10291.643642988,,,2026-09-05T00:19:58.864220Z
b9fb28d9-e341-458c-9927-f81b9c8fcc62,run1_rep2,G,CLOSED,CLOSED,request,PROVIDER,N/A,,4114.547876999495,INFO,adaptador.request,true,exitoso,,,10295.76269699,10291.648149113,,,2026-09-05T00:19:58.966428Z
7609f6cf-efed-44a8-a51d-0f28f082c9db,run1_rep2,G,CLOSED,CLOSED,request,PROVIDER,N/A,,4064.347126000939,INFO,adaptador.request,true,exitoso,,,10295.841822656,10291.77747553,,,2026-09-05T00:19:59.045559Z
51f35587-276a-48c2-8514-b6743d8da8fa,run1_rep2,G,CLOSED,CLOSED,request,PROVIDER,N/A,,4048.1406269991567,INFO,adaptador.request,true,exitoso,,,10295.924265323,10291.876124696,,,2026-09-05T00:19:59.127973Z
a833ccfc-d829-420a-a7fe-d261dda9fe7b,run1_rep2,G,CLOSED,CLOSED,request,PROVIDER,N/A,,4020.331627001724,INFO,adaptador.request,true,exitoso,,,10296.029448073,10292.009116446,,,2026-09-05T00:19:59.233169Z
374209a4-1c1b-4b01-8d9a-5108a81781ee,run1_rep2,G,CLOSED,CLOSED,request,PROVIDER,N/A,,4022.7218349991745,INFO,adaptador.request,true,exitoso,,,10296.098322156,10292.075600321,,,2026-09-05T00:19:59.302036Z
57cc1059-7fb8-4d9c-a642-6907a73678a9,run1_rep2,G,CLOSED,CLOSED,request,PROVIDER,N/A,,4042.719044000478,INFO,adaptador.request,true,exitoso,,,10296.190561365,10292.147842321,,,2026-09-05T00:19:59.394290Z
8c273454-11fa-4841-ba90-4f1fd009b17b,run1_rep2,G,CLOSED,CLOSED,request,PROVIDER,N/A,,4101.980294000896,INFO,adaptador.request,true,exitoso,,,10296.274378865,10292.172398571,,,2026-09-05T00:19:59.478094Z
e8cc485c-f7ff-4651-a25e-1fb10f47429a,run1_rep2,G,CLOSED,CLOSED,request,PROVIDER,N/A,,4139.929502000086,INFO,adaptador.request,true,exitoso,,,10296.342237865,10292.202308363,,,2026-09-05T00:19:59.545998Z
7e9fdb76-319e-4e40-a4f2-ef6eaa15ea00,run1_rep2,G,CLOSED,CLOSED,request,PROVIDER,N/A,,4132.820127000741,INFO,adaptador.request,true,exitoso,,,10296.448760157,10292.31594003,,,2026-09-05T00:19:59.652476Z
ee4158ce-9c16-43f8-85bc-071b30250654,run1_rep2,G,CLOSED,CLOSED,request,PROVIDER,N/A,,4054.2371689989523,INFO,adaptador.request,true,exitoso,,,10296.514691157,10292.460453988,,,2026-09-05T00:19:59.718414Z
f67f5cbf-52ae-46ba-9b82-268bb7a1565c,run1_rep2,G,CLOSED,CLOSED,request,PROVIDER,N/A,,4042.480919000809,INFO,adaptador.request,true,exitoso,,,10296.600923657,10292.558442738,,,2026-09-05T00:19:59.804688Z
026e5cb9-7e3d-4d10-b0d0-673c7aa92568,run1_rep2,G,CLOSED,CLOSED,request,PROVIDER,N/A,,4054.736584999773,INFO,adaptador.request,true,exitoso,,,10296.703905198,10292.649168613,,,2026-09-05T00:19:59.907718Z
ed5c3b0d-0c49-41d7-8796-8612a00f7f80,run1_rep2,G,CLOSED,CLOSED,request,PROVIDER,N/A,,4023.0451689985784,INFO,adaptador.request,true,exitoso,,,10296.808380157,10292.785334988,,,2026-09-05T00:20:00.012142Z
239b480c-3131-49e7-b988-b8d2f03fbc33,run1_rep2,G,CLOSED,CLOSED,request,PROVIDER,N/A,,3929.662377000568,INFO,adaptador.request,true,exitoso,,,10296.897224157,10292.96756178,,,2026-09-05T00:20:00.100962Z
ac76ff25-5685-4ca6-931a-e851029dcd2a,run1_rep2,G,CLOSED,CLOSED,request,PROVIDER,N/A,,3998.7359610004205,INFO,adaptador.request,true,exitoso,,,10296.966726699,10292.967990738,,,2026-09-05T00:20:00.170446Z
18e8ca10-459e-4507-af51-296ba7a09017,run1_rep2,G,CLOSED,CLOSED,request,PROVIDER,N/A,,4075.610668000081,INFO,adaptador.request,true,exitoso,,,10297.07198574,10292.996375072,,,2026-09-05T00:20:00.275725Z
646765ea-5dbf-4f3c-b23c-010b339a2eec,run1_rep2,G,CLOSED,CLOSED,request,PROVIDER,N/A,,4109.490959999675,INFO,adaptador.request,true,exitoso,,,10297.164104615,10293.054613655,,,2026-09-05T00:20:00.367818Z
c99411b7-5bed-4e84-a457-449290b0ff50,run1_rep2,G,CLOSED,CLOSED,request,PROVIDER,N/A,,3924.8841680000623,INFO,adaptador.request,true,exitoso,,,10297.248954865,10293.324070697,,,2026-09-05T00:20:00.452694Z
e437f2dd-3ffc-4815-a926-b50339e1939d,run1_rep2,G,CLOSED,CLOSED,request,PROVIDER,N/A,,3958.215251999718,INFO,adaptador.request,true,exitoso,,,10297.31604774,10293.357832488,,,2026-09-05T00:20:00.519752Z
24ff5f43-6be4-4af8-8f75-7cd8b41a2dcf,run1_rep2,G,CLOSED,CLOSED,request,PROVIDER,N/A,,4008.893876998627,INFO,adaptador.request,true,exitoso,,,10297.413550782,10293.404656905,,,2026-09-05T00:20:00.617269Z
0c6593f4-158f-4fac-8670-a6821dafb17c,run1_rep2,G,CLOSED,CLOSED,request,PROVIDER,N/A,,4075.128209999093,INFO,adaptador.request,true,exitoso,,,10297.510944782,10293.435816572,,,2026-09-05T00:20:00.714679Z
4155f03d-3997-4574-81e0-10d7e032b3f5,run1_rep2,G,CLOSED,CLOSED,request,PROVIDER,N/A,,3992.1990020011435,INFO,adaptador.request,true,exitoso,,,10297.578376949,10293.586177947,,,2026-09-05T00:20:00.782086Z
a87950cb-35d4-442a-b34a-6eaec463edb2,run1_rep2,G,CLOSED,CLOSED,request,PROVIDER,N/A,,4045.2090429989767,INFO,adaptador.request,true,exitoso,,,10297.668340907,10293.623131864,,,2026-09-05T00:20:00.872067Z
6fd31acf-0ed8-411f-9caa-afadf33c1f25,run1_rep2,G,CLOSED,CLOSED,request,PROVIDER,N/A,,4034.146960999351,INFO,adaptador.request,true,exitoso,,,10297.758468491,10293.72432153,,,2026-09-05T00:20:00.962200Z
6a83cfcb-a303-4afa-9e08-8cc68b3caa9e,run1_rep2,G,CLOSED,CLOSED,request,PROVIDER,N/A,,4033.1526690006285,INFO,adaptador.request,true,exitoso,,,10297.824851366,10293.791698697,,,2026-09-05T00:20:01.028638Z
9d1d92e3-1fa7-4838-b7d8-b87fdfc15df6,run1_rep2,G,CLOSED,CLOSED,request,PROVIDER,N/A,,4105.62829400078,INFO,adaptador.request,true,exitoso,,,10297.928655449,10293.823027155,,,2026-09-05T00:20:01.132407Z
601df4b5-b1ad-42e7-97a8-eee90a329e16,run1_rep2,G,CLOSED,CLOSED,request,PROVIDER,N/A,,4051.5699600000517,INFO,adaptador.request,true,exitoso,,,10297.988738782,10293.937168822,,,2026-09-05T00:20:01.192456Z
d603aa3a-4902-4e2c-bc8a-d39f2d58a7a1,run1_rep2,G,CLOSED,CLOSED,request,PROVIDER,N/A,,3971.4150019990484,INFO,adaptador.request,true,exitoso,,,10298.084702199,10294.113287197,,,2026-09-05T00:20:01.288440Z
79727c6c-91a6-4f8d-b9bf-948a3a3b72ac,run1_rep2,G,CLOSED,CLOSED,request,PROVIDER,N/A,,3938.621126000726,INFO,adaptador.request,true,exitoso,,,10298.187215907,10294.248594781,,,2026-09-05T00:20:01.390946Z
6d5dcb27-6f4e-4920-a05e-9212f2a65641,run1_rep2,G,CLOSED,CLOSED,request,PROVIDER,N/A,,4011.0607930000697,INFO,adaptador.request,true,exitoso,,,10298.284255449,10294.273194656,,,2026-09-05T00:20:01.487976Z
2cc32fd1-b2c7-4186-89bd-d0bd72b534fe,run1_rep2,G,CLOSED,CLOSED,request,PROVIDER,N/A,,4038.6717099991074,INFO,adaptador.request,true,exitoso,,,10298.353654116,10294.314982406,,,2026-09-05T00:20:01.557358Z
29d8efaf-53c4-45f9-8f57-30de7f9eb083,run1_rep2,G,CLOSED,CLOSED,request,PROVIDER,N/A,,4115.316584999164,INFO,adaptador.request,true,exitoso,,,10298.458374949,10294.343058364,,,2026-09-05T00:20:01.662104Z
60d8616f-62a1-4a66-a725-bb8803f2cebc,run1_rep2,G,CLOSED,CLOSED,request,PROVIDER,N/A,,4097.607376999804,INFO,adaptador.request,true,exitoso,,,10298.552394658,10294.454787281,,,2026-09-05T00:20:01.756099Z
858ca2b6-6946-4816-a30e-94f6fd80826d,run1_rep2,G,CLOSED,CLOSED,request,PROVIDER,N/A,,4170.63096000129,INFO,adaptador.request,true,exitoso,,,10298.625839824,10294.455208864,,,2026-09-05T00:20:01.829632Z
82b9c7d6-791b-498a-b214-6785d00e8093,run1_rep2,G,CLOSED,CLOSED,request,PROVIDER,N/A,,4204.585876999772,INFO,adaptador.request,true,exitoso,,,10298.687120949,10294.482535072,,,2026-09-05T00:20:01.890857Z
ad18a84e-9503-41f8-9025-aea0964114e6,run1_rep2,G,CLOSED,CLOSED,request,PROVIDER,N/A,,4152.926542999921,INFO,adaptador.request,true,exitoso,,,10298.764164449,10294.611237906,,,2026-09-05T00:20:01.967886Z
a0e52f64-2b48-4cc7-84f3-c20df3183a42,run1_rep2,G,CLOSED,CLOSED,request,PROVIDER,N/A,,4047.9512099991553,INFO,adaptador.request,true,exitoso,,,10298.865853324,10294.817902114,,,2026-09-05T00:20:02.069578Z
a59a1eb6-40b5-4087-b452-20f2cc8d05e2,run1_rep2,G,CLOSED,CLOSED,request,PROVIDER,N/A,,4057.430168000792,INFO,adaptador.request,true,exitoso,,,10298.951614699,10294.894184531,,,2026-09-05T00:20:02.155343Z
4381a0bf-ed14-4d81-9058-67887249c175,run1_rep2,G,CLOSED,CLOSED,request,PROVIDER,N/A,,3967.5509610005975,INFO,adaptador.request,true,exitoso,,,10299.025426325,10295.057875364,,,2026-09-05T00:20:02.229191Z
7e5926d2-ccbd-41a2-820d-62dbce253bba,run1_rep2,G,CLOSED,CLOSED,request,PROVIDER,N/A,,4060.0890850000724,INFO,adaptador.request,true,exitoso,,,10299.120804283,10295.060715198,,,2026-09-05T00:20:02.324516Z
4bb23dfa-79b6-437f-8979-4b345c6bbd2a,run1_rep2,G,CLOSED,CLOSED,request,PROVIDER,N/A,,4136.786460001531,INFO,adaptador.request,true,exitoso,,,10299.212656408,10295.075869948,,,2026-09-05T00:20:02.416412Z
c72f2d11-9589-46b7-a31c-00b2644f8f2d,run1_rep2,G,CLOSED,CLOSED,request,PROVIDER,N/A,,4141.4933770010975,INFO,adaptador.request,true,exitoso,,,10299.293249116,10295.151755739,,,2026-09-05T00:20:02.496982Z
eca9876f-2163-4ec4-a2c5-dd898052c025,run1_rep2,G,CLOSED,CLOSED,request,PROVIDER,N/A,,4176.751043998593,INFO,adaptador.request,true,exitoso,,,10299.359028533,10295.182277489,,,2026-09-05T00:20:02.562739Z
3403de0c-02fe-4660-8c03-449027afcbfb,run1_rep2,G,CLOSED,CLOSED,request,PROVIDER,N/A,,4197.453835000488,INFO,adaptador.request,true,exitoso,,,10299.454977158,10295.257523323,,,2026-09-05T00:20:02.658701Z
5e95f254-6b92-4bcb-848b-fe2788f4b920,run1_rep2,G,CLOSED,CLOSED,request,PROVIDER,N/A,,4040.118667999195,INFO,adaptador.request,true,exitoso,,,10299.548618866,10295.508500198,,,2026-09-05T00:20:02.752339Z
1324fbc4-d902-49f6-b055-2f25fa2eee08,run1_rep2,G,CLOSED,CLOSED,request,PROVIDER,N/A,,3990.2492519995576,INFO,adaptador.request,true,exitoso,,,10299.621920325,10295.631671073,,,2026-09-05T00:20:02.825715Z
57c3dc85-cf20-49e0-ae6e-d24f22fadf19,run1_rep2,G,CLOSED,CLOSED,request,PROVIDER,N/A,,4001.3625849987875,INFO,adaptador.request,true,exitoso,,,10299.718902116,10295.717539531,,,2026-09-05T00:20:02.922655Z
7ef4fc9f-4877-49f0-9132-34b3e472b591,run1_rep2,G,CLOSED,CLOSED,request,PROVIDER,N/A,,3983.3150020003814,INFO,adaptador.request,true,exitoso,,,10299.80370195,10295.820386948,,,2026-09-05T00:20:03.007437Z
c7f9e907-412b-4bf0-8400-8d2d426dbc8f,run1_rep2,G,CLOSED,CLOSED,request,PROVIDER,N/A,,4018.366751999565,INFO,adaptador.request,true,exitoso,,,10299.868599783,10295.850233031,,,2026-09-05T00:20:03.072319Z
80a6c499-4045-44d8-9766-e680378dfde6,run1_rep2,G,CLOSED,CLOSED,request,PROVIDER,N/A,,3998.6203770004067,INFO,adaptador.request,true,exitoso,,,10299.922656867,10295.92403649,,,2026-09-05T00:20:03.126378Z
f57befcf-ea0a-452c-b629-95eaa61fed61,run1_rep2,G,CLOSED,CLOSED,request,PROVIDER,N/A,,3940.291001999867,INFO,adaptador.request,true,exitoso,,,10299.997279825,10296.056988823,,,2026-09-05T00:20:03.201128Z
8d01d528-3a06-4453-aa6b-03b5e75921c9,run1_rep2,G,CLOSED,CLOSED,request,PROVIDER,N/A,,4025.741002000359,INFO,adaptador.request,true,exitoso,,,10300.096447242,10296.07070624,,,2026-09-05T00:20:03.300119Z
15081bc8-8bb3-47ad-8f97-bc027ffd532b,run1_rep2,G,CLOSED,CLOSED,request,PROVIDER,N/A,,4097.0319179996295,INFO,adaptador.request,true,exitoso,,,10300.198094783,10296.101062865,,,2026-09-05T00:20:03.401826Z
66276d8e-f7e7-4c79-862c-199e9afb8886,run1_rep2,G,CLOSED,CLOSED,request,PROVIDER,N/A,,4093.7630019998323,INFO,adaptador.request,true,exitoso,,,10300.279618617,10296.185855615,,,2026-09-05T00:20:03.483348Z
13f91593-3f28-40c0-9444-47991cc7a2b9,run1_rep2,G,CLOSED,CLOSED,request,PROVIDER,N/A,,3989.6837520009285,INFO,adaptador.request,true,exitoso,,,10300.377517867,10296.387834115,,,2026-09-05T00:20:03.581235Z
557eb1c8-e443-47bb-9a8b-eb576143e2f7,run1_rep2,G,CLOSED,CLOSED,request,PROVIDER,N/A,,3986.530877000405,INFO,adaptador.request,true,exitoso,,,10300.46047845,10296.473947573,,,2026-09-05T00:20:03.664203Z
d5120b36-1902-4f52-9950-220bf886182f,run1_rep2,G,CLOSED,CLOSED,request,PROVIDER,N/A,,4081.080877000204,INFO,adaptador.request,true,exitoso,,,10300.555489242,10296.474408365,,,2026-09-05T00:20:03.759212Z
b4fd208a-787e-42d7-bf91-2c09b6fdfff8,run1_rep2,G,CLOSED,CLOSED,request,PROVIDER,N/A,,3990.612292998776,INFO,adaptador.request,true,exitoso,,,10300.6402112,10296.649598907,,,2026-09-05T00:20:03.843930Z
ecf71e79-cf13-4cf8-abe5-b1e084c7be14,run1_rep2,G,CLOSED,CLOSED,request,PROVIDER,N/A,,4056.998043999556,INFO,adaptador.request,true,exitoso,,,10300.729118534,10296.67212049,,,2026-09-05T00:20:03.932892Z
05e83aa8-b186-4c96-8d8a-c0fcc5c8b937,run1_rep2,G,CLOSED,CLOSED,request,PROVIDER,N/A,,4126.291627000683,INFO,adaptador.request,true,exitoso,,,10300.802255617,10296.67596399,,,2026-09-05T00:20:04.005986Z
e5630e83-3231-4347-b25e-4412dd7c75e3,run1_rep2,G,CLOSED,CLOSED,request,PROVIDER,N/A,,4010.067169001559,INFO,adaptador.request,true,exitoso,,,10300.858553534,10296.848486365,,,2026-09-05T00:20:04.062270Z
f103eaec-feaf-4ae4-bfba-717836acf7bf,run1_rep2,G,CLOSED,CLOSED,request,PROVIDER,N/A,,4026.6822100002173,INFO,adaptador.request,true,exitoso,,,10300.932349075,10296.905666865,,,2026-09-05T00:20:04.136056Z
c67303a1-10b4-41f9-ace5-ed939942859f,run1_rep2,G,CLOSED,CLOSED,request,PROVIDER,N/A,,4069.5125439997355,INFO,adaptador.request,true,exitoso,,,10301.027192784,10296.95768024,,,2026-09-05T00:20:04.230895Z
c6c8eebc-f016-40cf-93df-cc990fc2907c,run1_rep2,G,CLOSED,CLOSED,request,PROVIDER,N/A,,3931.9437100002688,INFO,adaptador.request,true,exitoso,,,10301.082931075,10297.150987365,,,2026-09-05T00:20:04.286713Z
b7103499-c8f0-42bc-93c6-860bd2a91127,run1_rep2,G,CLOSED,CLOSED,request,PROVIDER,N/A,,3855.6672939994314,INFO,adaptador.request,true,exitoso,,,10301.138128159,10297.282460865,,,2026-09-05T00:20:04.341844Z
6ba0b60c-a8df-4cdc-946a-5f62c896a86b,run1_rep2,G,CLOSED,CLOSED,request,PROVIDER,N/A,,3894.109209999442,INFO,adaptador.request,true,exitoso,,,10301.205580742,10297.311471532,,,2026-09-05T00:20:04.409299Z
20a8d7a6-23e6-43f8-a257-a50ea469a1ea,run1_rep2,G,CLOSED,CLOSED,request,PROVIDER,N/A,,3694.898585001283,INFO,adaptador.request,true,exitoso,,,10301.288328742,10297.593430157,,,2026-09-05T00:20:04.492062Z
e6954ba1-594d-410d-8a63-9d90db5ba0a6,run1_rep2,G,CLOSED,CLOSED,request,PROVIDER,N/A,,3754.780960000062,INFO,adaptador.request,true,exitoso,,,10301.377363034,10297.622582074,,,2026-09-05T00:20:04.581072Z
1175bf56-37d8-482c-899a-cfaffcb30df2,run1_rep2,G,CLOSED,CLOSED,request,PROVIDER,N/A,,3845.862042999215,INFO,adaptador.request,true,exitoso,,,10301.471898492,10297.626036449,,,2026-09-05T00:20:04.675636Z
a3097e0a-b724-4c73-82ed-0317f096b850,run1_rep2,G,CLOSED,CLOSED,request,PROVIDER,N/A,,3814.338334999775,INFO,adaptador.request,true,exitoso,,,10301.559868534,10297.745530199,,,2026-09-05T00:20:04.763562Z
fb7b7f1c-4d9f-45f9-8270-e1377bc78622,run1_rep2,G,CLOSED,CLOSED,request,PROVIDER,N/A,,3860.124335000364,INFO,adaptador.request,true,exitoso,,,10301.660575159,10297.800450824,,,2026-09-05T00:20:04.864304Z
5a18ddca-aac9-4e35-a644-f0e9ad23bcca,run1_rep2,G,CLOSED,CLOSED,request,PROVIDER,N/A,,3764.9872100009816,INFO,adaptador.request,true,exitoso,,,10301.751418742,10297.986431532,,,2026-09-05T00:20:04.955148Z
47c49996-3490-43f2-afa6-21e0d2ade0d3,run1_rep2,G,CLOSED,CLOSED,request,PROVIDER,N/A,,3854.1800860002695,INFO,adaptador.request,true,exitoso,,,10301.855172243,10298.000992157,,,2026-09-05T00:20:05.058894Z
7f772907-593d-4240-a016-c226be51f94a,run1_rep2,G,CLOSED,CLOSED,request,PROVIDER,N/A,,3854.984460000196,INFO,adaptador.request,true,exitoso,,,10301.920923451,10298.065938991,,,2026-09-05T00:20:05.124672Z
24935301-2a1e-4d40-9768-8505c693f6ec,run1_rep2,G,CLOSED,CLOSED,request,PROVIDER,N/A,,3881.9142100001045,INFO,adaptador.request,true,exitoso,,,10301.996570826,10298.114656616,,,2026-09-05T00:20:05.200300Z
8edc1ca3-6f06-401d-b265-2dad0a31afad,run1_rep2,G,CLOSED,CLOSED,request,PROVIDER,N/A,,3916.5435020004224,INFO,adaptador.request,true,exitoso,,,10302.083666326,10298.167122824,,,2026-09-05T00:20:05.287315Z
82b4375f-51a3-4682-8f13-dbaed0b21805,run1_rep2,G,CLOSED,CLOSED,request,PROVIDER,N/A,,3902.413918998718,INFO,adaptador.request,true,exitoso,,,10302.188027743,10298.285613824,,,2026-09-05T00:20:05.391713Z
1318a062-7f98-4d04-b867-8468cd3f7bfd,run1_rep2,G,CLOSED,CLOSED,request,PROVIDER,N/A,,3774.7836260004988,INFO,adaptador.request,true,exitoso,,,10302.264876034,10298.490092408,,,2026-09-05T00:20:05.468623Z
2286df16-6d20-4001-990c-32e64023df5d,run1_rep2,G,CLOSED,CLOSED,request,PROVIDER,N/A,,3782.488752000063,INFO,adaptador.request,true,exitoso,,,10302.330565451,10298.548076699,,,2026-09-05T00:20:05.534276Z
080e6ca0-4e3c-40bc-a1ae-b35e80b99bde,run1_rep2,G,CLOSED,CLOSED,request,PROVIDER,N/A,,3788.199960001293,INFO,adaptador.request,true,exitoso,,,10302.417629326,10298.629429366,,,2026-09-05T00:20:05.621352Z
d0cc9e51-e95c-4782-98b9-ced886a4dca6,run1_rep2,G,CLOSED,CLOSED,request,PROVIDER,N/A,,3726.9556270002795,INFO,adaptador.request,true,exitoso,,,10302.501587993,10298.774632366,,,2026-09-05T00:20:05.705281Z
cf593985-de51-49cf-a84d-d27b88e4a8a3,run1_rep2,G,CLOSED,CLOSED,request,PROVIDER,N/A,,3790.1877099993726,INFO,adaptador.request,true,exitoso,,,10302.589051076,10298.798863366,,,2026-09-05T00:20:05.792810Z
a18fcd77-5185-49c8-bc2e-8b23b5ca12ac,run1_rep2,G,CLOSED,CLOSED,request,PROVIDER,N/A,,3875.1307929996983,INFO,adaptador.request,true,exitoso,,,10302.674368201,10298.799237408,,,2026-09-05T00:20:05.878080Z
4dbf5cb0-a938-4a3c-b465-5ae771a168fa,run1_rep2,G,CLOSED,CLOSED,request,PROVIDER,N/A,,3916.545418000169,INFO,adaptador.request,true,exitoso,,,10302.739912326,10298.823366908,,,2026-09-05T00:20:05.943674Z
56f17580-7175-4d9f-b4ae-7acddd92cbd2,run1_rep2,G,CLOSED,CLOSED,request,PROVIDER,N/A,,3830.547169000056,INFO,adaptador.request,true,exitoso,,,10302.821840243,10298.991293074,,,2026-09-05T00:20:06.025550Z
7946b601-769d-4c8f-bc0b-6f054ef26673,run1_rep2,G,CLOSED,CLOSED,request,PROVIDER,N/A,,3813.413710000532,INFO,adaptador.request,true,exitoso,,,10302.895317368,10299.081903658,,,2026-09-05T00:20:06.099026Z
af4d3d32-03bc-4351-85d3-d309b3110d11,run1_rep2,G,CLOSED,CLOSED,request,PROVIDER,N/A,,3849.898251999548,INFO,adaptador.request,true,exitoso,,,10302.957881868,10299.107983616,,,2026-09-05T00:20:06.161617Z
1115e52c-27f9-43ec-8d84-b23b5c88a6ac,run1_rep2,G,CLOSED,CLOSED,request,PROVIDER,N/A,,3862.742502000401,INFO,adaptador.request,true,exitoso,,,10303.059880993,10299.197138491,,,2026-09-05T00:20:06.263643Z
9bb010dd-d03d-4477-b365-b409e725a2f1,run1_rep2,G,CLOSED,CLOSED,request,PROVIDER,N/A,,3756.048085000657,INFO,adaptador.request,true,exitoso,,,10303.120311201,10299.364263116,,,2026-09-05T00:20:06.324053Z
b0eb02f9-65d5-4e6e-829c-b5367460b36e,run1_rep2,G,CLOSED,CLOSED,request,PROVIDER,N/A,,3732.710500999019,INFO,adaptador.request,true,exitoso,,,10303.202411076,10299.469700575,,,2026-09-05T00:20:06.406142Z
b7099bf4-a0fb-4e50-96e1-0417a6e387e8,run1_rep2,G,CLOSED,CLOSED,request,PROVIDER,N/A,,3677.415669000766,INFO,adaptador.request,true,exitoso,,,10303.258870535,10299.581454866,,,2026-09-05T00:20:06.462592Z
8e3e7317-4de6-4d4d-86a4-5a1315b7c971,run1_rep2,G,CLOSED,CLOSED,request,PROVIDER,N/A,,3744.920501998422,INFO,adaptador.request,true,exitoso,,,10303.344651618,10299.599731116,,,2026-09-05T00:20:06.548382Z
82badc49-75ba-4e75-9447-f6e076967c6e,run1_rep2,G,CLOSED,CLOSED,request,PROVIDER,N/A,,3823.3643769999617,INFO,adaptador.request,true,exitoso,,,10303.455326743,10299.631962366,,,2026-09-05T00:20:06.659054Z
41b11191-c283-48d5-a79d-633b89f1e9e8,run1_rep2,G,CLOSED,CLOSED,request,PROVIDER,N/A,,3846.318251999037,INFO,adaptador.request,true,exitoso,,,10303.544685952,10299.6983677,,,2026-09-05T00:20:06.748423Z
0524bdec-549e-472d-8999-a562580f8741,run1_rep2,G,CLOSED,CLOSED,request,PROVIDER,N/A,,3894.4027930010634,INFO,adaptador.request,true,exitoso,,,10303.65167916,10299.757276367,,,2026-09-05T00:20:06.855393Z
dedb1fa5-b28a-451f-aedc-ff1154196f1d,run1_rep2,G,CLOSED,CLOSED,request,PROVIDER,N/A,,3891.568085000472,INFO,adaptador.request,true,exitoso,,,10303.754806243,10299.863238158,,,2026-09-05T00:20:06.958525Z
c5c8cfa2-2d45-4bcf-abf3-b306502f3644,run1_rep2,G,CLOSED,CLOSED,request,PROVIDER,N/A,,3979.2207930004224,INFO,adaptador.request,true,exitoso,,,10303.844017285,10299.864796492,,,2026-09-05T00:20:07.047772Z
16d0d116-81a1-4256-9715-4e97a4e36f9b,run1_rep2,G,CLOSED,CLOSED,request,PROVIDER,N/A,,3839.96420999938,INFO,adaptador.request,true,exitoso,,,10303.949216952,10300.109252742,,,2026-09-05T00:20:07.152916Z
541b7296-5baf-4174-b3ea-5d9f26710de4,run1_rep2,G,CLOSED,CLOSED,request,PROVIDER,N/A,,3882.9643769986433,INFO,adaptador.request,true,exitoso,,,10304.029051327,10300.14608695,,,2026-09-05T00:20:07.232755Z
66a937de-0db2-49bf-8a5d-9f4aa502b545,run1_rep2,G,CLOSED,CLOSED,request,PROVIDER,N/A,,3886.0148769999796,INFO,adaptador.request,true,exitoso,,,10304.091298494,10300.205283617,,,2026-09-05T00:20:07.295013Z
bdb31f0b-6acb-428d-89be-aca5e5a534d1,run1_rep2,G,CLOSED,CLOSED,request,PROVIDER,N/A,,3852.9466690015397,INFO,adaptador.request,true,exitoso,,,10304.183878952,10300.330932283,,,2026-09-05T00:20:07.387622Z
2e2a1a40-8ff4-425a-9ef5-2872863e5cf3,run1_rep2,G,CLOSED,CLOSED,request,PROVIDER,N/A,,3837.3727520011016,INFO,adaptador.request,true,exitoso,,,10304.252443744,10300.415070992,,,2026-09-05T00:20:07.456175Z
b5b5baaa-78f6-4ad9-9347-3ff6334636fb,run1_rep2,G,CLOSED,CLOSED,request,PROVIDER,N/A,,3774.7902940009226,INFO,adaptador.request,true,exitoso,,,10304.331495869,10300.556705575,,,2026-09-05T00:20:07.535217Z
d0045bed-0d99-415b-99c6-d7b2018f3bd7,run1_rep2,G,CLOSED,CLOSED,request,PROVIDER,N/A,,3798.236460001135,INFO,adaptador.request,true,exitoso,,,10304.43017216,10300.6319357,,,2026-09-05T00:20:07.633937Z
0e4d43bd-c491-4d4b-8fb5-4a8767167651,run1_rep2,G,CLOSED,CLOSED,request,PROVIDER,N/A,,3839.429960000416,INFO,adaptador.request,true,exitoso,,,10304.517456994,10300.678027034,,,2026-09-05T00:20:07.721176Z
0f46e2ab-ba1b-4780-b1b9-6228ec4a800d,run1_rep2,G,CLOSED,CLOSED,request,PROVIDER,N/A,,3740.863626000646,INFO,adaptador.request,true,exitoso,,,10304.601103035,10300.860239409,,,2026-09-05T00:20:07.804834Z
a5c1004d-60a2-483c-9f7e-a8dd050ba1ed,run1_rep2,G,CLOSED,CLOSED,request,PROVIDER,N/A,,3832.931335000467,INFO,adaptador.request,true,exitoso,,,10304.693678244,10300.860746909,,,2026-09-05T00:20:07.897401Z
0669f922-47d4-417e-aa4c-ce94d0fd9f25,run1_rep2,G,CLOSED,CLOSED,request,PROVIDER,N/A,,3885.871627000597,INFO,adaptador.request,true,exitoso,,,10304.776176702,10300.890305075,,,2026-09-05T00:20:07.979926Z
538074fa-4bb1-45c2-b6bb-c068aa627e84,run1_rep2,G,CLOSED,CLOSED,request,PROVIDER,N/A,,3900.8787520015176,INFO,adaptador.request,true,exitoso,,,10304.840166452,10300.9392877,,,2026-09-05T00:20:08.043887Z
96ff7e93-f234-4bda-bd18-71b62cd0a10b,run1_rep2,G,CLOSED,CLOSED,request,PROVIDER,N/A,,3835.9827939984825,INFO,adaptador.request,true,exitoso,,,10304.900564536,10301.064581742,,,2026-09-05T00:20:08.104262Z
1dd0a7cc-f67a-427a-804f-a18fb3e9e01e,run1_rep2,G,CLOSED,CLOSED,request,PROVIDER,N/A,,3868.080877000466,INFO,adaptador.request,true,exitoso,,,10304.991606161,10301.123525284,,,2026-09-05T00:20:08.195316Z
0b060337-9b22-42fa-88a5-3c9a8329b48e,run1_rep2,G,CLOSED,CLOSED,request,PROVIDER,N/A,,3921.654710000439,INFO,adaptador.request,true,exitoso,,,10305.092387827,10301.170733117,,,2026-09-05T00:20:08.296106Z
e228a1f3-2c0b-4279-bd8a-c9f675b676b8,run1_rep2,G,CLOSED,CLOSED,request,PROVIDER,N/A,,3899.4897100001253,INFO,adaptador.request,true,exitoso,,,10305.197337494,10301.297847784,,,2026-09-05T00:20:08.401059Z
f01a8bb7-c15e-40ce-99c8-d90e66d3ffe0,run1_rep2,G,CLOSED,CLOSED,request,PROVIDER,N/A,,3911.286085000029,INFO,adaptador.request,true,exitoso,,,10305.269517119,10301.358231034,,,2026-09-05T00:20:08.473250Z
b8fc330c-501e-48f4-b00e-12bb77620842,run1_rep2,G,CLOSED,CLOSED,request,PROVIDER,N/A,,3876.6194189993257,INFO,adaptador.request,true,exitoso,,,10305.361416828,10301.484797409,,,2026-09-05T00:20:08.565202Z
be0f4fc4-1678-4aae-ac97-1cfab96e0ea7,run1_rep2,G,CLOSED,CLOSED,request,PROVIDER,N/A,,3932.4899179991917,INFO,adaptador.request,true,exitoso,,,10305.434146619,10301.501656701,,,2026-09-05T00:20:08.637897Z
317293c8-61b2-4c63-a5b2-f85f6e081b9a,run1_rep2,G,CLOSED,CLOSED,request,PROVIDER,N/A,,3895.1900849988306,INFO,adaptador.request,true,exitoso,,,10305.496163744,10301.600973659,,,2026-09-05T00:20:08.699895Z
ff5a41aa-28cd-420b-a466-3aa164081c6f,run1_rep2,G,CLOSED,CLOSED,request,PROVIDER,N/A,,3889.7302519999357,INFO,adaptador.request,true,exitoso,,,10305.596837869,10301.707107617,,,2026-09-05T00:20:08.800542Z
b50f3f05-31ec-4452-91c5-6bfc4e85c715,run1_rep2,G,CLOSED,CLOSED,request,PROVIDER,N/A,,3992.4432929983595,INFO,adaptador.request,true,exitoso,,,10305.702969494,10301.710526201,,,2026-09-05T00:20:08.906733Z
252b13be-7e23-4537-8f50-5737d19880d2,run1_rep2,G,CLOSED,CLOSED,request,PROVIDER,N/A,,3900.57491799962,INFO,adaptador.request,true,exitoso,,,10305.763121619,10301.862546701,,,2026-09-05T00:20:08.966832Z
87ef886f-b57e-42c0-bf1f-b2d45608e633,run1_rep2,G,CLOSED,CLOSED,request,PROVIDER,N/A,,3981.3804189998336,INFO,adaptador.request,true,exitoso,,,10305.872162078,10301.890781659,,,2026-09-05T00:20:09.075886Z
9d43dd17-abc2-473e-a1a7-363650b7aebb,run1_rep2,G,CLOSED,CLOSED,request,PROVIDER,N/A,,3744.287293000525,INFO,adaptador.request,true,exitoso,,,10305.952576744,10302.208289451,,,2026-09-05T00:20:09.156282Z
03e2847b-c25c-4686-b800-f2de6ff344aa,run1_rep2,G,CLOSED,CLOSED,request,PROVIDER,N/A,,3743.366418999358,INFO,adaptador.request,true,exitoso,,,10306.024442245,10302.281075826,,,2026-09-05T00:20:09.228173Z
3fba7608-c19b-4c59-a3de-72e053dc90fe,run1_rep2,G,CLOSED,CLOSED,request,PROVIDER,N/A,,3753.6490020011115,INFO,adaptador.request,true,exitoso,,,10306.089057495,10302.335408493,,,2026-09-05T00:20:09.292770Z
0cd6c51f-231e-4724-a282-76295bcfc3d6,run1_rep2,G,CLOSED,CLOSED,request,PROVIDER,N/A,,3821.64775199999,INFO,adaptador.request,true,exitoso,,,10306.191482078,10302.369834326,,,2026-09-05T00:20:09.395196Z
9dd73492-c740-4dc6-aeb4-934ef94d36a3,run1_rep2,G,CLOSED,CLOSED,request,PROVIDER,N/A,,3828.5522100013623,INFO,adaptador.request,true,exitoso,,,10306.284954786,10302.456402576,,,2026-09-05T00:20:09.488687Z
0348f292-c698-488d-a174-9c13be0ade2b,run1_rep2,G,CLOSED,CLOSED,request,PROVIDER,N/A,,3821.2850850013638,INFO,adaptador.request,true,exitoso,,,10306.37868137,10302.557396285,,,2026-09-05T00:20:09.582401Z
f0abc58d-8586-414d-91ac-2445d5c70cd6,run1_rep2,G,CLOSED,CLOSED,request,PROVIDER,N/A,,3845.4426680000324,INFO,adaptador.request,true,exitoso,,,10306.438221078,10302.59277841,,,2026-09-05T00:20:09.641955Z
97193bfa-ff36-4a63-b21b-7e0e2fc79f38,run1_rep2,G,CLOSED,CLOSED,request,PROVIDER,N/A,,3893.069709998599,INFO,adaptador.request,true,exitoso,,,10306.531468995,10302.638399285,,,2026-09-05T00:20:09.735188Z
97f169e2-5c22-4b55-8160-f5cbad0d41ef,run1_rep2,G,CLOSED,CLOSED,request,PROVIDER,N/A,,3976.2812509998184,INFO,adaptador.request,true,exitoso,,,10306.615071911,10302.63879066,,,2026-09-05T00:20:09.818877Z
2b22b910-bada-4700-9347-ff53fce8657a,run1_rep2,G,CLOSED,CLOSED,request,PROVIDER,N/A,,3996.627085,INFO,adaptador.request,true,exitoso,,,10306.675595078,10302.678967993,,,2026-09-05T00:20:09.879314Z
ee641211-657e-4dc8-9dc8-f3ea5e14031c,run1_rep2,G,CLOSED,CLOSED,request,PROVIDER,N/A,,3846.069376999367,INFO,adaptador.request,true,exitoso,,,10306.739401578,10302.893332201,,,2026-09-05T00:20:09.943141Z
10ffe74b-a114-4df2-838c-00ec3807c4b1,run1_rep2,G,CLOSED,CLOSED,request,PROVIDER,N/A,,3897.1065860005183,INFO,adaptador.request,true,exitoso,,,10306.809581662,10302.912475076,,,2026-09-05T00:20:10.013452Z
e179d50d-f5fd-42fe-a24c-f98086102eee,run1_rep2,G,CLOSED,CLOSED,request,PROVIDER,N/A,,3903.6871690004773,INFO,adaptador.request,true,exitoso,,,10306.908125537,10303.004438368,,,2026-09-05T00:20:10.111843Z
00b8a81c-5dd3-4775-8c39-4790ddb1b2f5,run1_rep2,G,CLOSED,CLOSED,request,PROVIDER,N/A,,3760.3056269999797,INFO,adaptador.request,true,exitoso,,,10306.988633537,10303.22832791,,,2026-09-05T00:20:10.192582Z
5395e655-0e2e-4154-8512-f4e2f7d48260,run1_rep2,G,CLOSED,CLOSED,request,PROVIDER,N/A,,3854.522210000141,INFO,adaptador.request,true,exitoso,,,10307.084901412,10303.230379202,,,2026-09-05T00:20:10.288669Z
4a141476-f1b5-425f-bf59-93d37e67563c,run1_rep2,G,CLOSED,CLOSED,request,PROVIDER,N/A,,3922.183001001031,INFO,adaptador.request,true,exitoso,,,10307.168651578,10303.246468577,,,2026-09-05T00:20:10.372381Z
7930f6fd-dc67-4fb0-b6d0-285c14ac313f,run1_rep2,G,CLOSED,CLOSED,request,PROVIDER,N/A,,3911.6704600000958,INFO,adaptador.request,true,exitoso,,,10307.256142828,10303.344472368,,,2026-09-05T00:20:10.459884Z
023b209c-ccdb-4abd-89ca-1357f25e35f1,run1_rep2,G,CLOSED,CLOSED,request,PROVIDER,N/A,,3999.6284600001673,INFO,adaptador.request,true,exitoso,,,10307.359696578,10303.360068118,,,2026-09-05T00:20:10.563426Z
5f8cd0b0-1872-4047-9638-8a6e99b00614,run1_rep2,G,CLOSED,CLOSED,request,PROVIDER,N/A,,3956.1901269989903,INFO,adaptador.request,true,exitoso,,,10307.43041037,10303.474220243,,,2026-09-05T00:20:10.634133Z
f4ad1e8c-9504-4393-a855-40a7f7f9e202,run1_rep2,G,CLOSED,CLOSED,request,PROVIDER,N/A,,3959.612376998848,INFO,adaptador.request,true,exitoso,,,10307.528478162,10303.568865785,,,2026-09-05T00:20:10.732194Z
8fe5a79d-6886-44e6-b978-b64a7835e90f,run1_rep2,G,CLOSED,CLOSED,request,PROVIDER,N/A,,3867.5371680001263,INFO,adaptador.request,true,exitoso,,,10307.622099245,10303.754562077,,,2026-09-05T00:20:10.825840Z
717cc7e8-1cb8-468e-b1e9-fe4b72d969c5,run1_rep2,G,CLOSED,CLOSED,request,PROVIDER,N/A,,3812.047960998825,INFO,adaptador.request,true,exitoso,,,10307.714536704,10303.902488743,,,2026-09-05T00:20:10.918243Z
21356e45-6433-43d5-b47e-f2de0b064be0,run1_rep2,G,CLOSED,CLOSED,request,PROVIDER,N/A,,3860.9134599992103,INFO,adaptador.request,true,exitoso,,,10307.79175237,10303.93083891,,,2026-09-05T00:20:10.995468Z
caed2be0-535e-499c-b8a2-ba3870f032f8,run1_rep2,G,CLOSED,CLOSED,request,PROVIDER,N/A,,3880.566084999373,INFO,adaptador.request,true,exitoso,,,10307.878355412,10303.997789327,,,2026-09-05T00:20:11.082082Z
5b8972cf-2d5e-48d4-8a2a-cd7ad1d18cbd,run1_rep2,G,CLOSED,CLOSED,request,PROVIDER,N/A,,3983.6795440005517,INFO,adaptador.request,true,exitoso,,,10307.986801204,10304.00312166,,,2026-09-05T00:20:11.190515Z
b61ae7cb-ab1b-419f-ac32-4df5046cc6e6,run1_rep2,G,CLOSED,CLOSED,request,PROVIDER,N/A,,3936.2421269997867,INFO,adaptador.request,true,exitoso,,,10308.063112329,10304.126870202,,,2026-09-05T00:20:11.266839Z
5da3f8a8-2ef9-4595-a8a9-8a8237e8fe24,run1_rep2,G,CLOSED,CLOSED,request,PROVIDER,N/A,,3789.795086000595,INFO,adaptador.request,true,exitoso,,,10308.129547246,10304.33975216,,,2026-09-05T00:20:11.333268Z
f3a1885a-d53d-4fa2-98c6-6980c53770f7,run1_rep2,G,CLOSED,CLOSED,request,PROVIDER,N/A,,3872.989918998428,INFO,adaptador.request,true,exitoso,,,10308.213105996,10304.340116077,,,2026-09-05T00:20:11.416832Z
84d329f5-4431-413e-984b-16a13b1f8d2a,run1_rep2,G,CLOSED,CLOSED,request,PROVIDER,N/A,,3931.26416800078,INFO,adaptador.request,true,exitoso,,,10308.314626162,10304.383361994,,,2026-09-05T00:20:11.518345Z
47d36170-7605-409b-a2d1-5694c6a2594a,run1_rep2,G,CLOSED,CLOSED,request,PROVIDER,N/A,,4037.1617520013388,INFO,adaptador.request,true,exitoso,,,10308.421955412,10304.38479366,,,2026-09-05T00:20:11.625720Z
a741ad66-b723-447f-be24-2bcadca89536,run1_rep2,G,CLOSED,CLOSED,request,PROVIDER,N/A,,4090.540294000675,INFO,adaptador.request,true,exitoso,,,10308.479981954,10304.38944166,,,2026-09-05T00:20:11.683731Z
9bf022a3-0c26-4a43-ba32-61d3bde97820,run1_rep2,G,CLOSED,CLOSED,request,PROVIDER,N/A,,3796.2724180015357,INFO,adaptador.request,true,exitoso,,,10308.541200412,10304.744927994,,,2026-09-05T00:20:11.744942Z
cf76c250-b7b4-4ddb-8575-b669bdc28e46,run1_rep2,G,CLOSED,CLOSED,request,PROVIDER,N/A,,3783.429043000069,INFO,adaptador.request,true,exitoso,,,10308.615506954,10304.832077911,,,2026-09-05T00:20:11.819227Z
1722489b-3d55-44d9-89df-2b85cf862134,run1_rep2,G,CLOSED,CLOSED,request,PROVIDER,N/A,,3772.82866799942,INFO,adaptador.request,true,exitoso,,,10308.671806912,10304.898978244,,,2026-09-05T00:20:11.875550Z
ad1d5549-d189-4ac1-abd1-d65471628ba1,run1_rep2,G,CLOSED,CLOSED,request,PROVIDER,N/A,,3857.7885430004244,INFO,adaptador.request,true,exitoso,,,10308.764662412,10304.906873869,,,2026-09-05T00:20:11.968372Z
bce7eb68-ab57-40dd-99f2-23da3d6f3502,run1_rep2,G,CLOSED,CLOSED,request,PROVIDER,N/A,,3856.8950850003603,INFO,adaptador.request,true,exitoso,,,10308.835356996,10304.978461911,,,2026-09-05T00:20:12.039104Z
7ac23bc1-bdb6-44db-9539-30ac1e1f3926,run1_rep2,G,CLOSED,CLOSED,request,PROVIDER,N/A,,3944.138667999141,INFO,adaptador.request,true,exitoso,,,10308.924956829,10304.980818161,,,2026-09-05T00:20:12.128706Z
221dda1f-c3c1-4c2b-b0a3-463deef4b191,run1_rep2,G,CLOSED,CLOSED,request,PROVIDER,N/A,,3888.658960000612,INFO,adaptador.request,true,exitoso,,,10309.014590246,10305.125931286,,,2026-09-05T00:20:12.218317Z
12f1da71-3d10-4326-b5f1-d8de3630f4ae,run1_rep2,G,CLOSED,CLOSED,request,PROVIDER,N/A,,3869.9983350015827,INFO,adaptador.request,true,exitoso,,,10309.084417579,10305.214419244,,,2026-09-05T00:20:12.288128Z
9f06df97-5080-48ae-8cfa-ae4b6f93b196,run1_rep2,G,CLOSED,CLOSED,request,PROVIDER,N/A,,3927.414210000279,INFO,adaptador.request,true,exitoso,,,10309.142242996,10305.214828786,,,2026-09-05T00:20:12.345993Z
22bcf05b-f207-4813-a9cd-db8b479f0b0c,run1_rep2,G,CLOSED,CLOSED,request,PROVIDER,N/A,,3885.0114599990775,INFO,adaptador.request,true,exitoso,,,10309.223524038,10305.338512578,,,2026-09-05T00:20:12.427235Z
ce7f591d-990e-40b1-9e08-359d20881555,run1_rep2,G,CLOSED,CLOSED,request,PROVIDER,N/A,,3766.7439599990757,INFO,adaptador.request,true,exitoso,,,10309.298900704,10305.532156744,,,2026-09-05T00:20:12.502664Z
49545c1d-1dab-481b-8f72-1194ce4c6c2a,run1_rep2,G,CLOSED,CLOSED,request,PROVIDER,N/A,,3755.905959998927,INFO,adaptador.request,true,exitoso,,,10309.380284829,10305.624378869,,,2026-09-05T00:20:12.584015Z
919aef6f-9c70-42ac-89ff-efbfb09888f2,run1_rep2,G,CLOSED,CLOSED,request,PROVIDER,N/A,,3723.2715019999887,INFO,adaptador.request,true,exitoso,,,10309.441806621,10305.718535119,,,2026-09-05T00:20:12.645537Z
cf132164-6762-4238-9d3c-ca9ec5a655f8,run1_rep2,G,CLOSED,CLOSED,request,PROVIDER,N/A,,3776.6310859988153,INFO,adaptador.request,true,exitoso,,,10309.53776758,10305.761136494,,,2026-09-05T00:20:12.741485Z
1cb6a98f-89da-42c9-bc98-04a868e295ed,run1_rep2,G,CLOSED,CLOSED,request,PROVIDER,N/A,,3668.335918999219,INFO,adaptador.request,true,exitoso,,,10309.619084413,10305.950748494,,,2026-09-05T00:20:12.822848Z
afa2b27c-9490-4109-a14a-b46ee54f4866,run1_rep2,G,CLOSED,CLOSED,request,PROVIDER,N/A,,3680.4452520009363,INFO,adaptador.request,true,exitoso,,,10309.687801205,10306.007355953,,,2026-09-05T00:20:12.891695Z
1b294b97-4488-4f4d-9531-c4698ac31ebe,run1_rep2,G,CLOSED,CLOSED,request,PROVIDER,N/A,,3724.9934599985863,INFO,adaptador.request,true,exitoso,,,10309.761585121,10306.036591661,,,2026-09-05T00:20:12.965304Z
ae5af924-4738-41cd-946a-8e8952218250,run1_rep2,G,CLOSED,CLOSED,request,PROVIDER,N/A,,3738.55366799944,INFO,adaptador.request,true,exitoso,,,10309.829191371,10306.090637703,,,2026-09-05T00:20:13.032962Z
0c3ff5c1-0281-4296-bdac-6b693219b416,run1_rep2,G,CLOSED,CLOSED,request,PROVIDER,N/A,,3795.6302519996825,INFO,adaptador.request,true,exitoso,,,10309.903335205,10306.107704953,,,2026-09-05T00:20:13.107078Z
a5b0c5f4-90d2-4eaf-b32d-5633dba24fe1,run1_rep2,G,CLOSED,CLOSED,request,PROVIDER,N/A,,3792.3676270002034,INFO,adaptador.request,true,exitoso,,,10309.983652038,10306.191284411,,,2026-09-05T00:20:13.187410Z
d6a37151-60ea-49a3-84b6-20be9a87623f,run1_rep2,G,CLOSED,CLOSED,request,PROVIDER,N/A,,3826.6694600006304,INFO,adaptador.request,true,exitoso,,,10310.084302413,10306.257632953,,,2026-09-05T00:20:13.287994Z
ceb3f537-503a-4774-b474-0de2b79192d2,run1_rep2,G,CLOSED,CLOSED,request,PROVIDER,N/A,,3879.1817929995887,INFO,adaptador.request,true,exitoso,,,10310.161141413,10306.28195962,,,2026-09-05T00:20:13.364852Z
5cf4d6f5-2305-4e11-b96b-742c7fc82486,run1_rep2,G,CLOSED,CLOSED,request,PROVIDER,N/A,,3925.6395020001946,INFO,adaptador.request,true,exitoso,,,10310.252696288,10306.327056786,,,2026-09-05T00:20:13.456400Z
8f2ec810-2ca3-4b90-b923-be6dfdacbc5a,run1_rep2,G,CLOSED,CLOSED,request,PROVIDER,N/A,,3779.1953350006224,INFO,adaptador.request,true,exitoso,,,10310.35620958,10306.577014245,,,2026-09-05T00:20:13.560005Z
deccc13c-e04e-4de6-a097-b212061e3de1,run1_rep2,G,CLOSED,CLOSED,request,PROVIDER,N/A,,3737.326752001536,INFO,adaptador.request,true,exitoso,,,10310.453045497,10306.715718745,,,2026-09-05T00:20:13.656747Z
c7713c55-8e5d-4c69-862b-fb940cfd1f5b,run1_rep2,G,CLOSED,CLOSED,request,PROVIDER,N/A,,3732.2013350003544,INFO,adaptador.request,true,exitoso,,,10310.546080872,10306.813879537,,,2026-09-05T00:20:13.749885Z
697e929a-ed11-411c-9b6c-54f8b01381d7,run1_rep2,G,CLOSED,CLOSED,request,PROVIDER,N/A,,3787.6569599993672,INFO,adaptador.request,true,exitoso,,,10310.634514497,10306.846857537,,,2026-09-05T00:20:13.838253Z
1ff82763-3615-46b1-83f8-5b5dcb84d6ba,run1_rep2,G,CLOSED,CLOSED,request,PROVIDER,N/A,,3803.5788759989373,INFO,adaptador.request,true,exitoso,,,10310.733273663,10306.929694787,,,2026-09-05T00:20:13.937013Z
f75c79f5-c516-4cd6-b5e3-f8ebbcf1b23c,run1_rep2,G,CLOSED,CLOSED,request,PROVIDER,N/A,,3892.923002000316,INFO,adaptador.request,true,exitoso,,,10310.833528955,10306.940605953,,,2026-09-05T00:20:14.037238Z
6db63852-96ed-4d2e-8ed4-87a9bcdbfe92,run1_rep2,G,CLOSED,CLOSED,request,PROVIDER,N/A,,3934.8656679994747,INFO,adaptador.request,true,exitoso,,,10310.927048205,10306.992182537,,,2026-09-05T00:20:14.130852Z
86ec763b-bb51-4900-8b7d-24cd7e4f4828,run1_rep2,G,CLOSED,CLOSED,request,PROVIDER,N/A,,3743.780501999936,INFO,adaptador.request,true,exitoso,,,10310.99683733,10307.253056828,,,2026-09-05T00:20:14.200553Z
45389255-ed3c-4dc6-9782-4ad282b208b8,run1_rep2,G,CLOSED,CLOSED,request,PROVIDER,N/A,,3755.2911689999746,INFO,adaptador.request,true,exitoso,,,10311.067198164,10307.311906995,,,2026-09-05T00:20:14.270925Z
153f1c6d-878e-4194-a364-8b96da5b05e9,run1_rep2,G,CLOSED,CLOSED,request,PROVIDER,N/A,,3677.966709999964,INFO,adaptador.request,true,exitoso,,,10311.135480664,10307.457513954,,,2026-09-05T00:20:14.339198Z
181f8392-d7a5-4c09-9177-2c36d196cfd6,run1_rep2,G,CLOSED,CLOSED,request,PROVIDER,N/A,,3768.7902939997,INFO,adaptador.request,true,exitoso,,,10311.226730414,10307.45794012,,,2026-09-05T00:20:14.430444Z
31e8888e-ac32-4078-9a43-d82630caa78d,run1_rep2,G,CLOSED,CLOSED,request,PROVIDER,N/A,,3818.0025429992384,INFO,adaptador.request,true,exitoso,,,10311.322892372,10307.504889829,,,2026-09-05T00:20:14.526695Z
0b888f13-d2fb-4a9b-8e91-e1ae58cb2db9,run1_rep2,G,CLOSED,CLOSED,request,PROVIDER,N/A,,3781.127418000324,INFO,adaptador.request,true,exitoso,,,10311.380483872,10307.599356454,,,2026-09-05T00:20:14.584205Z
5cb3a495-9e98-4be6-bbab-64f487e73a2c,run1_rep2,G,CLOSED,CLOSED,request,PROVIDER,N/A,,3669.5347519998904,INFO,adaptador.request,true,exitoso,,,10311.453337414,10307.783802662,,,2026-09-05T00:20:14.657047Z
7d848283-4b0e-4fe7-9a63-253033e09744,run1_rep2,G,CLOSED,CLOSED,request,PROVIDER,N/A,,3734.3407520002074,INFO,adaptador.request,true,exitoso,,,10311.545209914,10307.810869162,,,2026-09-05T00:20:14.748928Z
c12908ea-556d-40a5-80cb-e08bde3e483a,run1_rep2,G,CLOSED,CLOSED,request,PROVIDER,N/A,,3752.3567940006615,INFO,adaptador.request,true,exitoso,,,10311.619048331,10307.866691537,,,2026-09-05T00:20:14.822776Z
c74a55ee-f028-430f-be6b-a731e9f2de8d,run1_rep2,G,CLOSED,CLOSED,request,PROVIDER,N/A,,3692.5802519999706,INFO,adaptador.request,true,exitoso,,,10311.694663497,10308.002083245,,,2026-09-05T00:20:14.898379Z
af37a84f-9bd9-4cb2-92a7-29cbee715dbb,run1_rep2,G,CLOSED,CLOSED,request,PROVIDER,N/A,,3711.982460001309,INFO,adaptador.request,true,exitoso,,,10311.782370122,10308.070387662,,,2026-09-05T00:20:14.986082Z
87687408-0dc5-4d80-9d4b-7ef492615e3a,run1_rep2,G,CLOSED,CLOSED,request,PROVIDER,N/A,,3745.3089190003084,INFO,adaptador.request,true,exitoso,,,10311.856214456,10308.110905537,,,2026-09-05T00:20:15.059930Z
d16a7683-a07a-4f26-b060-e6c0270733cf,run1_rep2,G,CLOSED,CLOSED,request,PROVIDER,N/A,,3672.6357099996676,INFO,adaptador.request,true,exitoso,,,10311.952272497,10308.279636787,,,2026-09-05T00:20:15.155995Z
822f2d2d-0d9a-4156-acd5-82b48bc0e016,run1_rep2,G,CLOSED,CLOSED,request,PROVIDER,N/A,,3650.323167999886,INFO,adaptador.request,true,exitoso,,,10312.023132622,10308.372809454,,,2026-09-05T00:20:15.226845Z
a38a8afa-fd81-41a8-80b1-d0b41d15b666,run1_rep2,G,CLOSED,CLOSED,request,PROVIDER,N/A,,3716.1327930007246,INFO,adaptador.request,true,exitoso,,,10312.089409414,10308.373276621,,,2026-09-05T00:20:15.293065Z
098f34cf-8efa-4568-b4e0-d4e1eeb6e690,run1_rep2,G,CLOSED,CLOSED,request,PROVIDER,N/A,,3731.3966680012527,INFO,adaptador.request,true,exitoso,,,10312.154269914,10308.422873246,,,2026-09-05T00:20:15.357946Z
eb17e311-1367-4b29-9deb-4aee5407e7fc,run1_rep2,G,CLOSED,CLOSED,request,PROVIDER,N/A,,3769.3510440003593,INFO,adaptador.request,true,exitoso,,,10312.254640456,10308.485289412,,,2026-09-05T00:20:15.458333Z
859911a0-549d-45f4-8ada-577a4d23524f,run1_rep2,G,CLOSED,CLOSED,request,PROVIDER,N/A,,3815.124418999403,INFO,adaptador.request,true,exitoso,,,10312.336087831,10308.520963412,,,2026-09-05T00:20:15.539826Z
156401c9-9fa4-4a6a-aaec-f6797b27c77a,run1_rep2,G,CLOSED,CLOSED,request,PROVIDER,N/A,,3767.464584998379,INFO,adaptador.request,true,exitoso,,,10312.404368331,10308.636903746,,,2026-09-05T00:20:15.609235Z
cd1b510b-2cac-408b-a80a-1193fe639745,run1_rep2,G,CLOSED,CLOSED,request,PROVIDER,N/A,,3729.0213359992777,INFO,adaptador.request,true,exitoso,,,10312.484679623,10308.755658287,,,2026-09-05T00:20:15.688420Z
1f5969c4-ee24-4b8f-8723-77ca115df159,run1_rep2,G,CLOSED,CLOSED,request,PROVIDER,N/A,,3746.2577930000407,INFO,adaptador.request,true,exitoso,,,10312.571527664,10308.825269871,,,2026-09-05T00:20:15.775241Z
694430b2-7159-4110-b6ab-54320026a5a7,run1_rep2,G,CLOSED,CLOSED,request,PROVIDER,N/A,,3763.4714179985167,INFO,adaptador.request,true,exitoso,,,10312.663266831,10308.899795413,,,2026-09-05T00:20:15.866988Z
28396609-401b-4565-a3d3-1c73cb0e6c2c,run1_rep2,G,CLOSED,CLOSED,request,PROVIDER,N/A,,3694.228125999871,INFO,adaptador.request,true,exitoso,,,10312.748193789,10309.053965663,,,2026-09-05T00:20:15.951910Z
d38c6708-c30e-4e30-84d9-0723d9e16e86,run1_rep2,G,CLOSED,CLOSED,request,PROVIDER,N/A,,3604.0363350002735,INFO,adaptador.request,true,exitoso,,,10312.820104081,10309.216067746,,,2026-09-05T00:20:16.023860Z
902f5541-6660-4bb6-9c4f-fad997c9a53c,run1_rep2,G,CLOSED,CLOSED,request,PROVIDER,N/A,,3625.2161270003853,INFO,adaptador.request,true,exitoso,,,10312.892810623,10309.267594496,,,2026-09-05T00:20:16.096538Z
81327b6e-cefa-4243-a9c2-289fb8c4eda7,run1_rep2,G,CLOSED,CLOSED,request,PROVIDER,N/A,,3675.189751000289,INFO,adaptador.request,true,exitoso,,,10312.992218039,10309.317028288,,,2026-09-05T00:20:16.195910Z
9c67680e-f86d-42c6-b622-42d901e5e12d,run1_rep2,G,CLOSED,CLOSED,request,PROVIDER,N/A,,3726.036584999747,INFO,adaptador.request,true,exitoso,,,10313.047759623,10309.321723038,,,2026-09-05T00:20:16.251466Z
b57bca1f-81cc-463d-bbe4-145d76f2ae68,run1_rep2,G,CLOSED,CLOSED,request,PROVIDER,N/A,,3681.9734599994263,INFO,adaptador.request,true,exitoso,,,10313.117821081,10309.435847621,,,2026-09-05T00:20:16.321559Z
6c7580cf-96a2-404c-bbb0-ada4f08f2493,run1_rep2,G,CLOSED,CLOSED,request,PROVIDER,N/A,,3691.450251999413,INFO,adaptador.request,true,exitoso,,,10313.182312206,10309.490861954,,,2026-09-05T00:20:16.386031Z
81467bc5-1c72-4eb3-b673-edfc3c9ae772,run1_rep2,G,CLOSED,CLOSED,request,PROVIDER,N/A,,3604.518043999633,INFO,adaptador.request,true,exitoso,,,10313.260836915,10309.656318871,,,2026-09-05T00:20:16.464562Z
27f0631c-d544-41c3-951c-131b1ccfbb98,run1_rep2,G,CLOSED,CLOSED,request,PROVIDER,N/A,,3651.759292999486,INFO,adaptador.request,true,exitoso,,,10313.326557831,10309.674798538,,,2026-09-05T00:20:16.530284Z
654d6d60-2e52-4044-8ff6-a998ec2d3ec8,run1_rep2,G,CLOSED,CLOSED,request,PROVIDER,N/A,,3697.560959999464,INFO,adaptador.request,true,exitoso,,,10313.391286498,10309.693725538,,,2026-09-05T00:20:16.594987Z
58885781-7d13-4539-9b90-76e0a3b669ef,run1_rep2,G,CLOSED,CLOSED,request,PROVIDER,N/A,,3779.481626999768,INFO,adaptador.request,true,exitoso,,,10313.486747665,10309.707266038,,,2026-09-05T00:20:16.690465Z
d9497ca5-39d3-4092-a82b-77f707c5e01b,run1_rep2,G,CLOSED,CLOSED,request,PROVIDER,N/A,,3825.4389180001453,INFO,adaptador.request,true,exitoso,,,10313.572286706,10309.746847788,,,2026-09-05T00:20:16.776001Z
156a0880-7a0b-470f-976a-b9a5380a052c,run1_rep2,G,CLOSED,CLOSED,request,PROVIDER,N/A,,3751.626960000067,INFO,adaptador.request,true,exitoso,,,10313.633683581,10309.882056621,,,2026-09-05T00:20:16.837418Z
33f3a16a-422f-404a-8f81-bd453f2a13a1,run1_rep2,G,CLOSED,CLOSED,request,PROVIDER,N/A,,3605.354086001171,INFO,adaptador.request,true,exitoso,,,10313.708752082,10310.103397996,,,2026-09-05T00:20:16.912490Z
56f789ff-8d4f-4539-93cf-9852afa410b4,run1_rep2,G,CLOSED,CLOSED,request,PROVIDER,N/A,,3623.3010020005167,INFO,adaptador.request,true,exitoso,,,10313.793448832,10310.17014783,,,2026-09-05T00:20:16.997182Z
67567586-75c1-443f-b3cd-30d1b8451d34,run1_rep2,G,CLOSED,CLOSED,request,PROVIDER,N/A,,3655.438085001151,INFO,adaptador.request,true,exitoso,,,10313.861390665,10310.20595258,,,2026-09-05T00:20:17.065093Z
63727aa3-f6b4-4e4a-a4d2-cf11efc65365,run1_rep2,G,CLOSED,CLOSED,request,PROVIDER,N/A,,3702.15991799887,INFO,adaptador.request,true,exitoso,,,10313.930105373,10310.227945455,,,2026-09-05T00:20:17.133862Z
d78d84ad-f435-4956-81f7-7aadb682452e,run1_rep2,G,CLOSED,CLOSED,request,PROVIDER,N/A,,3741.172084999562,INFO,adaptador.request,true,exitoso,,,10313.99163629,10310.250464205,,,2026-09-05T00:20:17.195332Z
93aa0d0f-fcd6-4ced-89b7-4cc7118d9207,run1_rep2,G,CLOSED,CLOSED,request,PROVIDER,N/A,,3744.168418999834,INFO,adaptador.request,true,exitoso,,,10314.063539082,10310.319370663,,,2026-09-05T00:20:17.267258Z
cdaef2bf-b073-4c2f-89e8-b5311683834e,run1_rep2,G,CLOSED,CLOSED,request,PROVIDER,N/A,,3780.003210000359,INFO,adaptador.request,true,exitoso,,,10314.154979457,10310.374976247,,,2026-09-05T00:20:17.358718Z
0b7e2d94-35e8-47a5-815e-68c397440955,run1_rep2,G,CLOSED,CLOSED,request,PROVIDER,N/A,,3787.635044000126,INFO,adaptador.request,true,exitoso,,,10314.237543707,10310.449908663,,,2026-09-05T00:20:17.441330Z
09d4ee1e-69cb-42cc-aeb4-b4c884528caf,run1_rep2,G,CLOSED,CLOSED,request,PROVIDER,N/A,,3750.867501999892,INFO,adaptador.request,true,exitoso,,,10314.309170165,10310.558302663,,,2026-09-05T00:20:17.512891Z
10b426b9-0e60-4317-a44e-9724facf3c83,run1_rep2,G,CLOSED,CLOSED,request,PROVIDER,N/A,,3838.3195440001145,INFO,adaptador.request,true,exitoso,,,10314.412871832,10310.574552288,,,2026-09-05T00:20:17.616593Z
9a02da96-d1d7-4396-b79a-c241883bb374,run1_rep2,G,CLOSED,CLOSED,request,PROVIDER,N/A,,3757.294543000171,INFO,adaptador.request,true,exitoso,,,10314.520386165,10310.763091622,,,2026-09-05T00:20:17.724128Z
90a6366b-c25a-4f2b-942a-575073b6e159,run1_rep2,G,CLOSED,CLOSED,request,PROVIDER,N/A,,3642.8178349997324,INFO,adaptador.request,true,exitoso,,,10314.611435124,10310.968617289,,,2026-09-05T00:20:17.815155Z
7986e0af-fb39-4068-98e3-65eae37c8a47,run1_rep2,G,CLOSED,CLOSED,request,PROVIDER,N/A,,3542.4805429993285,INFO,adaptador.request,true,exitoso,,,10314.691521457,10311.149040914,,,2026-09-05T00:20:17.895241Z
70829d1d-4bc9-469f-a944-cddbff9187f8,run1_rep2,G,CLOSED,CLOSED,request,PROVIDER,N/A,,3513.0640850002237,INFO,adaptador.request,true,exitoso,,,10314.753957457,10311.240893372,,,2026-09-05T00:20:17.957688Z
48be041e-ff9e-4edc-9ab5-ab8bbb3eafd0,run1_rep2,G,CLOSED,CLOSED,request,PROVIDER,N/A,,3589.290792999236,INFO,adaptador.request,true,exitoso,,,10314.854076832,10311.264786039,,,2026-09-05T00:20:18.057843Z
bba3d1dc-fab4-43c9-af20-c0ddb3a4b928,run1_rep2,G,CLOSED,CLOSED,request,PROVIDER,N/A,,3555.035710000084,INFO,adaptador.request,true,exitoso,,,10314.92958279,10311.37454708,,,2026-09-05T00:20:18.133318Z
5aaf6bb4-cc83-4f95-ba9b-1a2b85527a67,run1_rep2,G,CLOSED,CLOSED,request,PROVIDER,N/A,,3613.16679400079,INFO,adaptador.request,true,exitoso,,,10315.012496374,10311.39932958,,,2026-09-05T00:20:18.216220Z
61b2e293-3b00-4795-a0e0-406ded116df3,run1_rep2,G,CLOSED,CLOSED,request,PROVIDER,N/A,,3702.372251998895,INFO,adaptador.request,true,exitoso,,,10315.116915874,10311.414543622,,,2026-09-05T00:20:18.320685Z
4e8c3e4e-802f-4b90-ac45-3139ae9baf4f,run1_rep2,G,CLOSED,CLOSED,request,PROVIDER,N/A,,3698.9572519996727,INFO,adaptador.request,true,exitoso,,,10315.222376249,10311.523418997,,,2026-09-05T00:20:18.426136Z
6c13beac-e90a-4895-a36f-5b242a8773bc,run1_rep2,G,CLOSED,CLOSED,request,PROVIDER,N/A,,3561.553002000437,INFO,adaptador.request,true,exitoso,,,10315.297529416,10311.735976414,,,2026-09-05T00:20:18.501265Z
3bc16333-57de-47cb-943e-59aba901c944,run1_rep2,G,CLOSED,CLOSED,request,PROVIDER,N/A,,3600.496500999725,INFO,adaptador.request,true,exitoso,,,10315.389172957,10311.788676456,,,2026-09-05T00:20:18.592960Z
757dee23-5dee-4a91-a63e-48a880b57707,run1_rep2,G,CLOSED,CLOSED,request,PROVIDER,N/A,,3655.3049190006277,INFO,adaptador.request,true,exitoso,,,10315.447627916,10311.792322997,,,2026-09-05T00:20:18.651357Z
fd0ce2c6-689d-466e-aacf-3bcf651d4460,run1_rep2,G,CLOSED,CLOSED,request,PROVIDER,N/A,,3741.2110850000317,INFO,adaptador.request,true,exitoso,,,10315.549353249,10311.808142164,,,2026-09-05T00:20:18.753104Z
36c4069f-38f9-443c-b41c-cbccfbb2af7b,run1_rep2,G,CLOSED,CLOSED,request,PROVIDER,N/A,,3748.276419000831,INFO,adaptador.request,true,exitoso,,,10315.607612791,10311.859336372,,,2026-09-05T00:20:18.811336Z
ab47131c-6e30-4ab9-a8d3-2e1cc027c13a,run1_rep2,G,CLOSED,CLOSED,request,PROVIDER,N/A,,3681.4609180000843,INFO,adaptador.request,true,exitoso,,,10315.712340874,10312.030879956,,,2026-09-05T00:20:18.916075Z
d9010073-dbc7-4ba2-8ec7-b83ed61c9324,run1_rep2,G,CLOSED,CLOSED,request,PROVIDER,N/A,,3671.904793000067,INFO,adaptador.request,true,exitoso,,,10315.797422499,10312.125517706,,,2026-09-05T00:20:19.001162Z
eca544c8-23f4-4278-971b-02b160bc821e,run1_rep2,G,CLOSED,CLOSED,request,PROVIDER,N/A,,3738.108335001016,INFO,adaptador.request,true,exitoso,,,10315.863831541,10312.125723206,,,2026-09-05T00:20:19.067571Z
b9fae4ed-fa55-49ad-bdb6-957d5d97ca1e,run1_rep2,G,CLOSED,CLOSED,request,PROVIDER,N/A,,3799.777001999246,INFO,adaptador.request,true,exitoso,,,10315.971469166,10312.171692164,,,2026-09-05T00:20:19.175179Z
a083b807-eecb-40da-9b5d-bbf432e43d19,run1_rep2,G,CLOSED,CLOSED,request,PROVIDER,N/A,,3751.290751999477,INFO,adaptador.request,true,exitoso,,,10316.032333541,10312.281042789,,,2026-09-05T00:20:19.236056Z
6bc98cad-667a-4b37-a639-8ff69bda3ac4,run1_rep2,G,CLOSED,CLOSED,request,PROVIDER,N/A,,3757.4604600013117,INFO,adaptador.request,true,exitoso,,,10316.119730291,10312.362269831,,,2026-09-05T00:20:19.323454Z
b5119bc4-4714-4028-b8dd-ba91f476e331,run1_rep2,G,CLOSED,CLOSED,request,PROVIDER,N/A,,3790.768835000563,INFO,adaptador.request,true,exitoso,,,10316.181315874,10312.390547039,,,2026-09-05T00:20:19.385024Z
43dc8dde-8b05-4d72-ae87-63e410af6cdb,run1_rep2,G,CLOSED,CLOSED,request,PROVIDER,N/A,,3799.117460001071,INFO,adaptador.request,true,exitoso,,,10316.259276541,10312.460159081,,,2026-09-05T00:20:19.463026Z
0acaaa6b-2712-4ddc-94a3-9f9c1874ef2b,run1_rep2,G,CLOSED,CLOSED,request,PROVIDER,N/A,,3713.4737510004925,INFO,adaptador.request,true,exitoso,,,10316.329774874,10312.616301123,,,2026-09-05T00:20:19.533494Z
713d4aae-6033-437e-84c2-526e754264ac,run1_rep2,G,CLOSED,CLOSED,request,PROVIDER,N/A,,3781.8605020001996,INFO,adaptador.request,true,exitoso,,,10316.432765791,10312.650905289,,,2026-09-05T00:20:19.636487Z
e69320be-8249-4d26-8e06-0fe98349c119,run1_rep2,G,CLOSED,CLOSED,request,PROVIDER,N/A,,3600.75025200058,INFO,adaptador.request,true,exitoso,,,10316.540730291,10312.939980039,,,2026-09-05T00:20:19.744473Z
8165bd4e-3682-48b1-ae62-a35811cd1a33,run1_rep2,G,CLOSED,CLOSED,request,PROVIDER,N/A,,3673.638419000781,INFO,adaptador.request,true,exitoso,,,10316.620622208,10312.946983789,,,2026-09-05T00:20:19.824346Z
c6a06bf8-ac6e-461f-9add-40870908ac45,run1_rep2,G,CLOSED,CLOSED,request,PROVIDER,N/A,,3714.450127001328,INFO,adaptador.request,true,exitoso,,,10316.704825041,10312.990374914,,,2026-09-05T00:20:19.908554Z
729105b4-4fe3-4217-83c7-6bc29f7b7992,run1_rep2,G,CLOSED,CLOSED,request,PROVIDER,N/A,,3736.4970439994067,INFO,adaptador.request,true,exitoso,,,10316.778959125,10313.042462081,,,2026-09-05T00:20:19.982733Z
b784402a-c0b8-4aca-8680-ac24b86a33af,run1_rep2,G,CLOSED,CLOSED,request,PROVIDER,N/A,,3694.9116260002484,INFO,adaptador.request,true,exitoso,,,10316.874410416,10313.17949879,,,2026-09-05T00:20:20.078156Z
ba887d86-6632-4e3f-b0f6-ea857bf03d72,run1_rep2,G,CLOSED,CLOSED,request,PROVIDER,N/A,,3632.80587600093,INFO,adaptador.request,true,exitoso,,,10316.932863541,10313.300057665,,,2026-09-05T00:20:20.136577Z
0325e129-54e2-4f17-8cfb-902ef2dad362,run1_rep2,G,CLOSED,CLOSED,request,PROVIDER,N/A,,3675.1404180013196,INFO,adaptador.request,true,exitoso,,,10317.003227708,10313.32808729,,,2026-09-05T00:20:20.206956Z
46b850a1-ef1e-4506-b37b-0bbcdefd44b4,run1_rep2,G,CLOSED,CLOSED,request,PROVIDER,N/A,,3722.068668999782,INFO,adaptador.request,true,exitoso,,,10317.0966585,10313.374589831,,,2026-09-05T00:20:20.300403Z
1b68a178-968a-4580-ab4d-19d8123e90c2,run1_rep2,G,CLOSED,CLOSED,request,PROVIDER,N/A,,3821.6914599997835,INFO,adaptador.request,true,exitoso,,,10317.19674625,10313.37505479,,,2026-09-05T00:20:20.400473Z
985a6667-2319-4788-b6f9-07daced68764,run1_rep2,G,CLOSED,CLOSED,request,PROVIDER,N/A,,3839.2445019999286,INFO,adaptador.request,true,exitoso,,,10317.285959167,10313.446714665,,,2026-09-05T00:20:20.489699Z
d080c3dc-b1b8-4eff-8e36-ebd20663857c,run1_rep2,G,CLOSED,CLOSED,request,PROVIDER,N/A,,3799.4106269998156,INFO,adaptador.request,true,exitoso,,,10317.365107,10313.565696373,,,2026-09-05T00:20:20.568824Z
f27685b9-d4be-44d6-949e-bbcc0e81c794,run1_rep2,G,CLOSED,CLOSED,request,PROVIDER,N/A,,3772.869209999044,INFO,adaptador.request,true,exitoso,,,10317.421503708,10313.648634498,,,2026-09-05T00:20:20.625209Z
0546ed31-6a0e-4429-8af1-2795c4f98a24,run1_rep2,G,CLOSED,CLOSED,request,PROVIDER,N/A,,3828.6108350002905,INFO,adaptador.request,true,exitoso,,,10317.52962675,10313.701015915,,,2026-09-05T00:20:20.733359Z
93d1b944-0f41-4517-9574-68a620e38f64,run1_rep2,G,CLOSED,CLOSED,request,PROVIDER,N/A,,3875.9650020001573,INFO,adaptador.request,true,exitoso,,,10317.623715625,10313.747750623,,,2026-09-05T00:20:20.827439Z
f1ff80dd-1788-4405-98aa-86e0f53f4a3b,run1_rep2,G,CLOSED,CLOSED,request,PROVIDER,N/A,,3740.015002000291,INFO,adaptador.request,true,exitoso,,,10317.702843125,10313.962828123,,,2026-09-05T00:20:20.906565Z
79e22ef0-4d5f-4283-a4b2-f2629c45b7f3,run1_rep2,G,CLOSED,CLOSED,request,PROVIDER,N/A,,3793.1145849997847,INFO,adaptador.request,true,exitoso,,,10317.778043792,10313.984929207,,,2026-09-05T00:20:20.981777Z
6faec399-2486-4b96-876f-bdd42a65c596,run1_rep2,G,CLOSED,CLOSED,request,PROVIDER,N/A,,3861.882584998966,INFO,adaptador.request,true,exitoso,,,10317.854515333,10313.992632748,,,2026-09-05T00:20:21.058234Z
557765d4-2e2d-4029-87b2-0ea06645b78a,run1_rep2,G,CLOSED,CLOSED,request,PROVIDER,N/A,,3948.825585999657,INFO,adaptador.request,true,exitoso,,,10317.954259834,10314.005434248,,,2026-09-05T00:20:21.157954Z
d8ef4a13-8144-47ba-8037-5c455e3f5a6f,run1_rep2,G,CLOSED,CLOSED,request,PROVIDER,N/A,,4037.396460000309,INFO,adaptador.request,true,exitoso,,,10318.052681167,10314.015284707,,,2026-09-05T00:20:21.256467Z
a76ca7e0-9aaa-4894-8f5c-b59c17a0d8f1,run1_rep2,G,CLOSED,CLOSED,request,PROVIDER,N/A,,3865.706627000691,INFO,adaptador.request,true,exitoso,,,10318.151439375,10314.285732748,,,2026-09-05T00:20:21.355216Z
807c301c-54d4-450e-a0bf-0c9071d51cc3,run1_rep2,G,CLOSED,CLOSED,request,PROVIDER,N/A,,3889.085126998907,INFO,adaptador.request,true,exitoso,,,10318.237300959,10314.348215832,,,2026-09-05T00:20:21.441020Z
51ba8b7d-2b70-47c1-a1cc-45426dd7d8fe,run1_rep2,G,CLOSED,CLOSED,request,PROVIDER,N/A,,3968.4722519996285,INFO,adaptador.request,true,exitoso,,,10318.338410917,10314.369938665,,,2026-09-05T00:20:21.542170Z
28f0b938-4565-46d6-9b35-5acee406a990,run1_rep2,G,CLOSED,CLOSED,request,PROVIDER,N/A,,4039.7082939998654,INFO,adaptador.request,true,exitoso,,,10318.438468667,10314.398760373,,,2026-09-05T00:20:21.642210Z
5a27f9d3-e676-496f-9c5f-a517e102060a,run1_rep2,G,CLOSED,CLOSED,request,PROVIDER,N/A,,4038.682668000547,INFO,adaptador.request,true,exitoso,,,10318.513191,10314.474508332,,,2026-09-05T00:20:21.716928Z
5b8cc565-4e2a-4eb3-a4f3-7eabb5d34b53,run1_rep2,G,CLOSED,CLOSED,request,PROVIDER,N/A,,3929.995794000206,INFO,adaptador.request,true,exitoso,,,10318.601689959,10314.671694165,,,2026-09-05T00:20:21.805440Z
a7728256-9e77-470a-91ca-24009eda77d9,run1_rep2,G,CLOSED,CLOSED,request,PROVIDER,N/A,,3967.734167999879,INFO,adaptador.request,true,exitoso,,,10318.666432917,10314.698698749,,,2026-09-05T00:20:21.870172Z
54b6cee2-0967-452e-a2e2-7de673ea278f,run1_rep2,G,CLOSED,CLOSED,request,PROVIDER,N/A,,3960.595085998648,INFO,adaptador.request,true,exitoso,,,10318.758454251,10314.797859165,,,2026-09-05T00:20:21.962192Z
32e54b03-89d1-416f-ac0a-6f45dd24a4a9,run1_rep2,G,CLOSED,CLOSED,request,PROVIDER,N/A,,3964.829502001521,INFO,adaptador.request,true,exitoso,,,10318.847388292,10314.88255879,,,2026-09-05T00:20:22.051122Z
008b2b78-4033-4a27-8852-39fd12513cdd,run1_rep2,G,CLOSED,CLOSED,request,PROVIDER,N/A,,4002.975460000016,INFO,adaptador.request,true,exitoso,,,10318.954509459,10314.951533999,,,2026-09-05T00:20:22.158237Z
371da22b-0f33-42db-8bc6-cd81f885e816,run1_rep2,G,CLOSED,CLOSED,request,PROVIDER,N/A,,3895.5319189990405,INFO,adaptador.request,true,exitoso,,,10319.019194251,10315.123662332,,,2026-09-05T00:20:22.222895Z
7a55cea6-5f8f-4146-8c56-42b3b5d3c5c4,run1_rep2,G,CLOSED,CLOSED,request,PROVIDER,N/A,,3870.0013350007794,INFO,adaptador.request,true,exitoso,,,10319.111910001,10315.241908666,,,2026-09-05T00:20:22.315664Z
d1867066-3e5c-4d6a-b51e-6197d70e53b6,run1_rep2,G,CLOSED,CLOSED,request,PROVIDER,N/A,,3902.917002000322,INFO,adaptador.request,true,exitoso,,,10319.216032501,10315.313115499,,,2026-09-05T00:20:22.419769Z
28071bae-38eb-4096-8cd7-9cc7fee38e9d,run1_rep2,G,CLOSED,CLOSED,request,PROVIDER,N/A,,3973.6952940002084,INFO,adaptador.request,true,exitoso,,,10319.318262126,10315.344566832,,,2026-09-05T00:20:22.521988Z
35c1763b-1c68-4811-b478-912f22093bb8,run1_rep2,G,CLOSED,CLOSED,request,PROVIDER,N/A,,3835.1789190001,INFO,adaptador.request,true,exitoso,,,10319.388757751,10315.553578832,,,2026-09-05T00:20:22.592504Z
f7e96f93-ef01-416d-8026-9cab6c29935f,run1_rep2,G,CLOSED,CLOSED,request,PROVIDER,N/A,,3882.597669000461,INFO,adaptador.request,true,exitoso,,,10319.488307168,10315.605709499,,,2026-09-05T00:20:22.692034Z
b5c02c0d-5bd7-4034-a799-54a64ce74604,run1_rep2,G,CLOSED,CLOSED,request,PROVIDER,N/A,,3962.599001999479,INFO,adaptador.request,true,exitoso,,,10319.593263084,10315.630664082,,,2026-09-05T00:20:22.796995Z
f8bf4853-449f-4fa0-a65d-3f2e20ac08b5,run1_rep2,G,CLOSED,CLOSED,request,PROVIDER,N/A,,4049.5201270005055,INFO,adaptador.request,true,exitoso,,,10319.680561793,10315.631041666,,,2026-09-05T00:20:22.884283Z
0954c3d9-d666-479a-83f1-742f26da3abf,run1_rep2,G,CLOSED,CLOSED,request,PROVIDER,N/A,,4068.299044000014,INFO,adaptador.request,true,exitoso,,,10319.788166668,10315.719867624,,,2026-09-05T00:20:22.991897Z
46519a5c-6197-4514-98ec-502019283a7a,run1_rep2,G,CLOSED,CLOSED,request,PROVIDER,N/A,,4092.2500849992502,INFO,adaptador.request,true,exitoso,,,10319.892728751,10315.800478666,,,2026-09-05T00:20:23.096435Z
a5119cb5-da8d-4ffe-b216-ca12abad37a4,run1_rep2,G,CLOSED,CLOSED,request,PROVIDER,N/A,,3917.3164189996896,INFO,adaptador.request,true,exitoso,,,10319.957747668,10316.040431249,,,2026-09-05T00:20:23.161468Z
fd87bfa4-c697-40b8-8993-7b3e60b8e729,run1_rep2,G,CLOSED,CLOSED,request,PROVIDER,N/A,,3996.275085000889,INFO,adaptador.request,true,exitoso,,,10320.037058668,10316.040783583,,,2026-09-05T00:20:23.240725Z
cfac4274-2e97-4097-9243-5f540991353c,run1_rep2,G,CLOSED,CLOSED,request,PROVIDER,N/A,,4054.89483600104,INFO,adaptador.request,true,exitoso,,,10320.136823335,10316.081928499,,,2026-09-05T00:20:23.340528Z
85d99bd7-1f79-4b02-8f64-8265da3e6d8f,run1_rep2,G,CLOSED,CLOSED,request,PROVIDER,N/A,,4128.576294000595,INFO,adaptador.request,true,exitoso,,,10320.236409335,10316.107833041,,,2026-09-05T00:20:23.440125Z
82fbddfb-f7d0-4bdc-828b-9dd61c000a0f,run1_rep2,G,CLOSED,CLOSED,request,PROVIDER,N/A,,4190.585751999606,INFO,adaptador.request,true,exitoso,,,10320.33742271,10316.146836958,,,2026-09-05T00:20:23.541184Z
b7039268-be99-4688-9e41-cfc7c89fc0f5,run1_rep2,G,CLOSED,CLOSED,request,PROVIDER,N/A,,4039.1228349999437,INFO,adaptador.request,true,exitoso,,,10320.431929626,10316.392806791,,,2026-09-05T00:20:23.635669Z
b6bbc4ce-c135-4c56-b9a1-b5616da9095a,run1_rep2,G,CLOSED,CLOSED,request,PROVIDER,N/A,,4121.486501999243,INFO,adaptador.request,true,exitoso,,,10320.521621543,10316.400135041,,,2026-09-05T00:20:23.725378Z
8f096d18-96ed-4e78-af53-0da2b6deb2de,run1_rep2,G,CLOSED,CLOSED,request,PROVIDER,N/A,,4174.399292998714,INFO,adaptador.request,true,exitoso,,,10320.617909001,10316.443509708,,,2026-09-05T00:20:23.821581Z
125a9c0f-085b-4cc7-b31e-62f367195366,run1_rep2,G,CLOSED,CLOSED,request,PROVIDER,N/A,,4219.670627000596,INFO,adaptador.request,true,exitoso,,,10320.689830376,10316.470159749,,,2026-09-05T00:20:23.893554Z
0382ab69-4e91-4396-8ae4-7b7384467097,run1_rep2,G,CLOSED,CLOSED,request,PROVIDER,N/A,,4080.393919000926,INFO,adaptador.request,true,exitoso,,,10320.784989877,10316.704595958,,,2026-09-05T00:20:23.988781Z
7540ab64-ddc7-419b-a5ff-2abd0fe9903f,run1_rep2,G,CLOSED,CLOSED,request,PROVIDER,N/A,,3980.1726269997744,INFO,adaptador.request,true,exitoso,,,10320.874496502,10316.894323875,,,2026-09-05T00:20:24.078215Z
c0fb20b8-8273-4a53-a8f5-1f15c9b7e56e,run1_rep2,G,CLOSED,CLOSED,request,PROVIDER,N/A,,4071.385460998499,INFO,adaptador.request,true,exitoso,,,10320.966859252,10316.895473791,,,2026-09-05T00:20:24.170577Z
5e279c85-d0f3-4be4-8aa0-260b8c1e5d10,run1_rep2,G,CLOSED,CLOSED,request,PROVIDER,N/A,,4141.578669001319,INFO,adaptador.request,true,exitoso,,,10321.07296821,10316.931389541,,,2026-09-05T00:20:24.276716Z
bdddf191-4d34-4dec-bf41-ae79a330808d,run1_rep2,G,CLOSED,CLOSED,request,PROVIDER,N/A,,4111.322251999809,INFO,adaptador.request,true,exitoso,,,10321.159252502,10317.04793025,,,2026-09-05T00:20:24.362975Z
de391a52-f567-4bfe-9780-7697d490e393,run1_rep2,G,CLOSED,CLOSED,request,PROVIDER,N/A,,4128.665085001558,INFO,adaptador.request,true,exitoso,,,10321.23232321,10317.103658125,,,2026-09-05T00:20:24.436065Z
c46d2e5c-69c9-4df6-ba95-089e318fde30,run1_rep2,G,CLOSED,CLOSED,request,PROVIDER,N/A,,4213.805044000765,INFO,adaptador.request,true,exitoso,,,10321.32511671,10317.111311666,,,2026-09-05T00:20:24.528848Z
300031d6-09cb-41af-a9e2-cd35bd163c39,run1_rep2,G,CLOSED,CLOSED,request,PROVIDER,N/A,,4243.802835999304,INFO,adaptador.request,true,exitoso,,,10321.419538377,10317.175735541,,,2026-09-05T00:20:24.623298Z
8a41e9e4-9359-47c9-9753-9d223782d5c7,run1_rep2,G,CLOSED,CLOSED,request,PROVIDER,N/A,,4291.286335001132,INFO,adaptador.request,true,exitoso,,,10321.512676127,10317.221389792,,,2026-09-05T00:20:24.716416Z
d2bf80d4-ab1c-4ac0-b2e8-90df19b034c5,run1_rep2,G,CLOSED,CLOSED,request,PROVIDER,N/A,,4227.16662700077,INFO,adaptador.request,true,exitoso,,,10321.568785669,10317.341619042,,,2026-09-05T00:20:24.772512Z
941ba413-f861-47ae-81e8-9280c12066ba,run1_rep2,G,CLOSED,CLOSED,request,PROVIDER,N/A,,4193.132960999719,INFO,adaptador.request,true,exitoso,,,10321.671688919,10317.478555958,,,2026-09-05T00:20:24.875404Z
4bde8f54-0247-4bfe-ad02-30e27650396a,run1_rep2,G,CLOSED,CLOSED,request,PROVIDER,N/A,,4121.329126999626,INFO,adaptador.request,true,exitoso,,,10321.745793044,10317.624463917,,,2026-09-05T00:20:24.949527Z
44490d52-38db-42eb-a1c6-3caf2411c80a,run1_rep2,G,CLOSED,CLOSED,request,PROVIDER,N/A,,4056.86846000026,INFO,adaptador.request,true,exitoso,,,10321.802967877,10317.746099417,,,2026-09-05T00:20:25.006722Z
8c892405-7fc6-4ad7-ad31-4b2ab3a86ea0,run1_rep2,G,CLOSED,CLOSED,request,PROVIDER,N/A,,4114.753836000091,INFO,adaptador.request,true,exitoso,,,10321.888829169,10317.774075333,,,2026-09-05T00:20:25.092546Z
1723d04c-635f-4e46-adb0-5d0978c7e59c,run1_rep2,G,CLOSED,CLOSED,request,PROVIDER,N/A,,4116.982002000441,INFO,adaptador.request,true,exitoso,,,10321.954252127,10317.837270125,,,2026-09-05T00:20:25.157997Z
61590998-417f-4b06-9215-d0124f17fa16,run1_rep2,G,CLOSED,CLOSED,request,PROVIDER,N/A,,4151.919918000203,INFO,adaptador.request,true,exitoso,,,10322.052171335,10317.900251417,,,2026-09-05T00:20:25.255380Z
54a6bb28-b018-4d96-99ca-45bb072c743a,run1_rep2,G,CLOSED,CLOSED,request,PROVIDER,N/A,,4226.218709998648,INFO,adaptador.request,true,exitoso,,,10322.128216877,10317.901998167,,,2026-09-05T00:20:25.331413Z
cabad4c7-c1c7-4bf7-9f72-6eb230b19a98,run1_rep2,G,CLOSED,CLOSED,request,PROVIDER,N/A,,4253.950501999498,INFO,adaptador.request,true,exitoso,,,10322.206205502,10317.952255,,,2026-09-05T00:20:25.409414Z
e3f2beee-d27a-4653-9ca5-7c783e8233cf,run1_rep2,G,CLOSED,CLOSED,request,PROVIDER,N/A,,4224.7685010006535,INFO,adaptador.request,true,exitoso,,,10322.28314021,10318.058371709,,,2026-09-05T00:20:25.486415Z
4e7794ab-b311-4c0f-9bb9-a0b4d67547a5,run1_rep2,G,CLOSED,CLOSED,request,PROVIDER,N/A,,4202.387417999489,INFO,adaptador.request,true,exitoso,,,10322.37373696,10318.171349542,,,2026-09-05T00:20:25.577003Z
c8f49dbb-9d1d-4923-8c02-627fa69494bf,run1_rep2,G,CLOSED,CLOSED,request,PROVIDER,N/A,,4065.7835849997355,INFO,adaptador.request,true,exitoso,,,10322.442351002,10318.376567417,,,2026-09-05T00:20:25.645608Z
9792fe17-54be-4bf4-961d-0de768161ce8,run1_rep2,G,CLOSED,CLOSED,request,PROVIDER,N/A,,4093.3982100013964,INFO,adaptador.request,true,exitoso,,,10322.534668419,10318.441270209,,,2026-09-05T00:20:25.738005Z
3dbfe95f-674c-4b57-b5d5-e137d190bc80,run1_rep2,G,CLOSED,CLOSED,request,PROVIDER,N/A,,4017.5805010003387,INFO,adaptador.request,true,exitoso,,,10322.626085085,10318.608504584,,,2026-09-05T00:20:25.829350Z
66125e87-556d-4d4d-822a-9d49cd7a3172,run1_rep2,G,CLOSED,CLOSED,request,PROVIDER,N/A,,3957.8177519997553,INFO,adaptador.request,true,exitoso,,,10322.692214044,10318.734396292,,,2026-09-05T00:20:25.895501Z
948bf19c-5ca6-4025-ac33-c4f31acec6ac,run1_rep2,G,CLOSED,CLOSED,request,PROVIDER,N/A,,3946.937001999686,INFO,adaptador.request,true,exitoso,,,10322.768330419,10318.821393417,,,2026-09-05T00:20:25.971587Z
77145f4a-22d8-4f8f-b272-2923a792a16f,run1_rep2,G,CLOSED,CLOSED,request,PROVIDER,N/A,,4043.624918000205,INFO,adaptador.request,true,exitoso,,,10322.865570127,10318.821945209,,,2026-09-05T00:20:26.068851Z
584c95fe-8205-4516-8d57-fc43e54054a3,run1_rep2,G,CLOSED,CLOSED,request,PROVIDER,N/A,,4097.370543000579,INFO,adaptador.request,true,exitoso,,,10322.945935419,10318.848564876,,,2026-09-05T00:20:26.149240Z
8cad9a4e-f761-4d61-9a20-92edb0706721,run1_rep2,G,CLOSED,CLOSED,request,PROVIDER,N/A,,3986.669501999131,INFO,adaptador.request,true,exitoso,,,10323.038310961,10319.051641459,,,2026-09-05T00:20:26.241578Z
9cdf0d74-aa05-46e0-b974-48b7d6993096,run1_rep2,G,CLOSED,CLOSED,request,PROVIDER,N/A,,4085.21471000131,INFO,adaptador.request,true,exitoso,,,10323.139107794,10319.053893084,,,2026-09-05T00:20:26.342370Z
179babb0-bcb8-48bf-b868-8df7135e4ca9,run1_rep2,G,CLOSED,CLOSED,request,PROVIDER,N/A,,4087.8270430002885,INFO,adaptador.request,true,exitoso,,,10323.206465377,10319.118638334,,,2026-09-05T00:20:26.409732Z
0d9af951-3c77-4c57-a741-1866288a7a06,run1_rep2,G,CLOSED,CLOSED,request,PROVIDER,N/A,,4048.684334999052,INFO,adaptador.request,true,exitoso,,,10323.270112252,10319.221427917,,,2026-09-05T00:20:26.473371Z
3270b4b0-4d1b-4cd0-adc5-58873930633a,run1_rep2,G,CLOSED,CLOSED,request,PROVIDER,N/A,,4117.617750998761,INFO,adaptador.request,true,exitoso,,,10323.371767002,10319.254149251,,,2026-09-05T00:20:26.575057Z
cec2d134-a58a-4bdf-a574-18beecc1815c,run1_rep2,G,CLOSED,CLOSED,request,PROVIDER,N/A,,4046.6624600012437,INFO,adaptador.request,true,exitoso,,,10323.479571919,10319.432909459,,,2026-09-05T00:20:26.682835Z
486d03df-a73d-4878-a095-5f4f3789e66f,run1_rep2,G,CLOSED,CLOSED,request,PROVIDER,N/A,,3908.639500999925,INFO,adaptador.request,true,exitoso,,,10323.567199544,10319.658560043,,,2026-09-05T00:20:26.770476Z
e8206e2a-215b-4a11-a435-9948abee7ecf,run1_rep2,G,CLOSED,CLOSED,request,PROVIDER,N/A,,3879.588376999891,INFO,adaptador.request,true,exitoso,,,10323.670867503,10319.791279126,,,2026-09-05T00:20:26.874098Z
473a58d5-1893-4b6f-8b9c-0fa4f9f130cd,run1_rep2,G,CLOSED,CLOSED,request,PROVIDER,N/A,,3930.212376999407,INFO,adaptador.request,true,exitoso,,,10323.778971128,10319.848758751,,,2026-09-05T00:20:26.982236Z
333735e9-e77a-4b7f-99e1-806bb1435c16,run1_rep2,G,CLOSED,CLOSED,request,PROVIDER,N/A,,3990.0898349987983,INFO,adaptador.request,true,exitoso,,,10323.879455461,10319.889365626,,,2026-09-05T00:20:27.082709Z
ec99864b-0029-4559-9d9d-c942a462fbbc,run1_rep2,G,CLOSED,CLOSED,request,PROVIDER,N/A,,4020.083710000108,INFO,adaptador.request,true,exitoso,,,10323.979154628,10319.959070918,,,2026-09-05T00:20:27.182418Z
0ad4472e-c5ea-4545-b49a-5bf9e25ff436,run1_rep2,G,CLOSED,CLOSED,request,PROVIDER,N/A,,4051.334626001335,INFO,adaptador.request,true,exitoso,,,10324.065474544,10320.014139918,,,2026-09-05T00:20:27.268775Z
386d46e8-b8de-469a-a1a9-1f94e0e9d214,run1_rep2,G,CLOSED,CLOSED,request,PROVIDER,N/A,,4034.9981680010387,INFO,adaptador.request,true,exitoso,,,10324.136373961,10320.101375793,,,2026-09-05T00:20:27.339666Z
01a947a3-1aa2-4a18-917c-daf2e29c1195,run1_rep2,G,CLOSED,CLOSED,request,PROVIDER,N/A,,3927.703168001244,INFO,adaptador.request,true,exitoso,,,10324.210498836,10320.282795668,,,2026-09-05T00:20:27.413755Z
bfd18af9-6914-4d00-b77f-4e3edf54151b,run1_rep2,G,CLOSED,CLOSED,request,PROVIDER,N/A,,3941.6517929985275,INFO,adaptador.request,true,exitoso,,,10324.289247628,10320.347595835,,,2026-09-05T00:20:27.492515Z
069e16e6-2abe-4ab2-8998-b6f3b51add45,run1_rep2,G,CLOSED,CLOSED,request,PROVIDER,N/A,,3932.9248769990954,INFO,adaptador.request,true,exitoso,,,10324.381763545,10320.448838668,,,2026-09-05T00:20:27.585013Z
fefd39f8-ccb2-48f2-a027-7849c88b3811,run1_rep2,G,CLOSED,CLOSED,request,PROVIDER,N/A,,3953.73096000003,INFO,adaptador.request,true,exitoso,,,10324.454158003,10320.500427043,,,2026-09-05T00:20:27.657402Z
66f419ec-e5cf-434a-86e9-94d2526aa4aa,run1_rep2,G,CLOSED,CLOSED,request,PROVIDER,N/A,,3924.304252001093,INFO,adaptador.request,true,exitoso,,,10324.547624545,10320.623320293,,,2026-09-05T00:20:27.750885Z
6dc22a49-e817-4d29-82e1-6719c074ece1,run1_rep2,G,CLOSED,CLOSED,request,PROVIDER,N/A,,3929.9310020014673,INFO,adaptador.request,true,exitoso,,,10324.612192795,10320.682261793,,,2026-09-05T00:20:27.815428Z
d104a28e-dcf6-4e1d-b7f2-9132e3c20d7b,run1_rep2,G,CLOSED,CLOSED,request,PROVIDER,N/A,,3951.146626000991,INFO,adaptador.request,true,exitoso,,,10324.714115503,10320.762968877,,,2026-09-05T00:20:27.917444Z
99f44546-7518-4964-abfc-80f5bd47576d,run1_rep2,G,CLOSED,CLOSED,request,PROVIDER,N/A,,4044.442042999435,INFO,adaptador.request,true,exitoso,,,10324.813854836,10320.769412793,,,2026-09-05T00:20:28.017111Z
d8170244-fe88-4dc4-bc2f-62471f811fc7,run1_rep2,G,CLOSED,CLOSED,request,PROVIDER,N/A,,3972.881376999794,INFO,adaptador.request,true,exitoso,,,10324.872853837,10320.89997246,,,2026-09-05T00:20:28.076109Z
179f093d-f896-46e7-a47c-6a5f36c58dff,run1_rep2,G,CLOSED,CLOSED,request,PROVIDER,N/A,,3982.401043000209,INFO,adaptador.request,true,exitoso,,,10324.94567992,10320.963278877,,,2026-09-05T00:20:28.148967Z
6367c239-955f-44be-8227-30f6dd097f92,run1_rep2,G,CLOSED,CLOSED,request,PROVIDER,N/A,,4023.85012600098,INFO,adaptador.request,true,exitoso,,,10325.045526628,10321.021676502,,,2026-09-05T00:20:28.248800Z
29fb80cf-7e03-4bc3-b820-ce006ac1cd29,run1_rep2,G,CLOSED,CLOSED,request,PROVIDER,N/A,,3870.8814599995094,INFO,adaptador.request,true,exitoso,,,10325.109282837,10321.238401377,,,2026-09-05T00:20:28.312543Z
50e7b64d-331b-4af6-982a-98676db29f5b,run1_rep2,G,CLOSED,CLOSED,request,PROVIDER,N/A,,3809.025209999163,INFO,adaptador.request,true,exitoso,,,10325.187419045,10321.378393835,,,2026-09-05T00:20:28.390673Z
2cba7338-9391-44e6-a876-47c8bd0efa0d,run1_rep2,G,CLOSED,CLOSED,request,PROVIDER,N/A,,3828.296126001078,INFO,adaptador.request,true,exitoso,,,10325.24871392,10321.420417794,,,2026-09-05T00:20:28.452022Z
43f3e792-2979-4c2c-bea4-83fdc1f28a1f,run1_rep2,G,CLOSED,CLOSED,request,PROVIDER,N/A,,3892.137292999905,INFO,adaptador.request,true,exitoso,,,10325.349232628,10321.457095335,,,2026-09-05T00:20:28.552492Z
74416a77-4817-4b0b-8a5d-194093c5a37b,run1_rep2,G,CLOSED,CLOSED,request,PROVIDER,N/A,,3856.441834999714,INFO,adaptador.request,true,exitoso,,,10325.42809267,10321.571650835,,,2026-09-05T00:20:28.631349Z
e2f2c165-6411-4883-8b34-6756ee00a4ef,run1_rep2,G,CLOSED,CLOSED,request,PROVIDER,N/A,,3903.525335001177,INFO,adaptador.request,true,exitoso,,,10325.528387295,10321.62486196,,,2026-09-05T00:20:28.731636Z
7d6fc49d-05b5-4972-ac57-9294722c2310,run1_rep2,G,CLOSED,CLOSED,request,PROVIDER,N/A,,3904.6485430008033,INFO,adaptador.request,true,exitoso,,,10325.636341337,10321.731692794,,,2026-09-05T00:20:28.839587Z
d00f3ca8-2ba7-465b-ab5e-1564ab60f5be,run1_rep2,G,CLOSED,CLOSED,request,PROVIDER,N/A,,3915.9244599995873,INFO,adaptador.request,true,exitoso,,,10325.707239504,10321.791315044,,,2026-09-05T00:20:28.910509Z
08501bbd-dabd-4481-86d5-f97e32d17f53,run1_rep2,G,CLOSED,CLOSED,request,PROVIDER,N/A,,3858.357751998483,INFO,adaptador.request,true,exitoso,,,10325.761720587,10321.903362835,,,2026-09-05T00:20:28.964973Z
12d25b89-b376-431d-bf9b-1734e864a047,run1_rep2,G,CLOSED,CLOSED,request,PROVIDER,N/A,,3924.44341800001,INFO,adaptador.request,true,exitoso,,,10325.842936212,10321.918492794,,,2026-09-05T00:20:29.046233Z
9193b044-16cf-4441-be84-2ff006a76cb7,run1_rep2,G,CLOSED,CLOSED,request,PROVIDER,N/A,,3873.9236679994065,INFO,adaptador.request,true,exitoso,,,10325.914603545,10322.040679877,,,2026-09-05T00:20:29.117847Z
2d626eb2-ad31-40ca-b29f-b089ac083e51,run1_rep2,G,CLOSED,CLOSED,request,PROVIDER,N/A,,3851.59270999975,INFO,adaptador.request,true,exitoso,,,10325.973550087,10322.121957377,,,2026-09-05T00:20:29.176807Z
9d3ff734-6d4f-4f2d-b664-85d5f6d13e09,run1_rep2,G,CLOSED,CLOSED,request,PROVIDER,N/A,,3892.9867099996045,INFO,adaptador.request,true,exitoso,,,10326.071649004,10322.178662294,,,2026-09-05T00:20:29.274932Z
ee17b7b5-50e0-42b6-b8f9-35d2b83c6491,run1_rep2,G,CLOSED,CLOSED,request,PROVIDER,N/A,,3808.9155850011593,INFO,adaptador.request,true,exitoso,,,10326.14186542,10322.332949835,,,2026-09-05T00:20:29.345291Z
b2f6d278-e38d-4984-b01d-b1f9160268d9,run1_rep2,G,CLOSED,CLOSED,request,PROVIDER,N/A,,3870.1509610000357,INFO,adaptador.request,true,exitoso,,,10326.243693671,10322.37354271,,,2026-09-05T00:20:29.446956Z
84bd9a99-468a-4b7e-be18-395b370967bb,run1_rep2,G,CLOSED,CLOSED,request,PROVIDER,N/A,,3921.098544000415,INFO,adaptador.request,true,exitoso,,,10326.329132171,10322.408033627,,,2026-09-05T00:20:29.532369Z
e036db38-69cb-4fde-b38d-6b4c4a453f3d,run1_rep2,G,CLOSED,CLOSED,request,PROVIDER,N/A,,3917.933836000884,INFO,adaptador.request,true,exitoso,,,10326.387612421,10322.469678585,,,2026-09-05T00:20:29.590845Z
1d15300e-6235-4df7-b819-cb0f6d816cb9,run1_rep2,G,CLOSED,CLOSED,request,PROVIDER,N/A,,3820.0748350009235,INFO,adaptador.request,true,exitoso,,,10326.463037837,10322.642963002,,,2026-09-05T00:20:29.666293Z
565d4b90-0df8-4b6d-8a40-530e26de8812,run1_rep2,G,CLOSED,CLOSED,request,PROVIDER,N/A,,3906.017334998978,INFO,adaptador.request,true,exitoso,,,10326.551902254,10322.645884919,,,2026-09-05T00:20:29.755220Z
6df42c11-c2b0-4402-8bfb-f42897bdc240,run1_rep2,G,CLOSED,CLOSED,request,PROVIDER,N/A,,3914.5162109998637,INFO,adaptador.request,true,exitoso,,,10326.611352921,10322.69683671,,,2026-09-05T00:20:29.814613Z
266f4a34-d798-4364-804b-9e462264f14d,run1_rep2,G,CLOSED,CLOSED,request,PROVIDER,N/A,,3799.987043001238,INFO,adaptador.request,true,exitoso,,,10326.672743879,10322.872756836,,,2026-09-05T00:20:29.875982Z
c6793630-71dc-4b90-83fa-b5a2dde3be99,run1_rep2,G,CLOSED,CLOSED,request,PROVIDER,N/A,,3873.804292999921,INFO,adaptador.request,true,exitoso,,,10326.771094712,10322.897290419,,,2026-09-05T00:20:29.974360Z
ac305274-b02e-45b5-be81-f070756fa4fe,run1_rep2,G,CLOSED,CLOSED,request,PROVIDER,N/A,,3930.3243350004777,INFO,adaptador.request,true,exitoso,,,10326.848434337,10322.918110002,,,2026-09-05T00:20:30.051699Z
149a2d23-c199-4aaa-855e-8d5d667c2da1,run1_rep2,G,CLOSED,CLOSED,request,PROVIDER,N/A,,3863.8816689999658,INFO,adaptador.request,true,exitoso,,,10326.932861088,10323.068979419,,,2026-09-05T00:20:30.136117Z
c58620ce-6b4a-44c8-a1c4-fc032876fcec,run1_rep2,G,CLOSED,CLOSED,request,PROVIDER,N/A,,3849.890627001514,INFO,adaptador.request,true,exitoso,,,10327.029781171,10323.179890544,,,2026-09-05T00:20:30.233084Z
dc6521b9-8d1e-4699-a423-bbef9d478209,run1_rep2,G,CLOSED,CLOSED,request,PROVIDER,N/A,,3942.725626999163,INFO,adaptador.request,true,exitoso,,,10327.123020754,10323.180295127,,,2026-09-05T00:20:30.326281Z
27646da2-872d-48f3-ac4c-5519b35c2849,run1_rep2,G,CLOSED,CLOSED,request,PROVIDER,N/A,,3831.1864600000263,INFO,adaptador.request,true,exitoso,,,10327.180994254,10323.349807794,,,2026-09-05T00:20:30.384307Z
afba84bd-89a1-48ff-88c1-de1f9bcf1356,run1_rep2,G,CLOSED,CLOSED,request,PROVIDER,N/A,,3891.1138769999525,INFO,adaptador.request,true,exitoso,,,10327.241349754,10323.350235877,,,2026-09-05T00:20:30.444600Z
6c67acb5-4ffc-4ce3-89c4-2fbb56345881,run1_rep2,G,CLOSED,CLOSED,request,PROVIDER,N/A,,3982.869710000159,INFO,adaptador.request,true,exitoso,,,10327.336682921,10323.353813211,,,2026-09-05T00:20:30.539928Z
5d21ec1a-2163-4354-b542-71bcb038e488,run1_rep2,G,CLOSED,CLOSED,request,PROVIDER,N/A,,3794.523376000143,INFO,adaptador.request,true,exitoso,,,10327.407857504,10323.613334128,,,2026-09-05T00:20:30.611116Z
492f35ff-f1de-4c19-8f1a-d3ab82e05699,run1_rep2,G,CLOSED,CLOSED,request,PROVIDER,N/A,,3829.6677519992954,INFO,adaptador.request,true,exitoso,,,10327.470238171,10323.640570419,,,2026-09-05T00:20:30.673540Z
894f599a-4c6a-47d5-bed3-827c1748fd53,run1_rep2,G,CLOSED,CLOSED,request,PROVIDER,N/A,,3892.6274179993925,INFO,adaptador.request,true,exitoso,,,10327.561496421,10323.668869003,,,2026-09-05T00:20:30.764769Z
6f8d224d-5411-4cb5-bdf9-234bcd34b23c,run1_rep2,G,CLOSED,CLOSED,request,PROVIDER,N/A,,3673.581209999611,INFO,adaptador.request,true,exitoso,,,10327.638336046,10323.964754836,,,2026-09-05T00:20:30.841596Z
54d14cf4-c8e5-46c8-9aa5-9da49a16cba5,run1_rep2,G,CLOSED,CLOSED,request,PROVIDER,N/A,,3659.0671690009913,INFO,adaptador.request,true,exitoso,,,10327.728152088,10324.069084919,,,2026-09-05T00:20:30.931428Z
35a77b81-0888-4e8f-8401-792661690f0a,run1_rep2,G,CLOSED,CLOSED,request,PROVIDER,N/A,,3733.168085000216,INFO,adaptador.request,true,exitoso,,,10327.802740171,10324.069572086,,,2026-09-05T00:20:31.005992Z
d02f05b9-4024-496a-90e4-b29b634f0816,run1_rep2,G,CLOSED,CLOSED,request,PROVIDER,N/A,,3755.5908349986566,INFO,adaptador.request,true,exitoso,,,10327.874534796,10324.118943961,,,2026-09-05T00:20:31.077787Z
b808228b-61dd-4db4-a138-be43cc6665f7,run1_rep2,G,CLOSED,CLOSED,request,PROVIDER,N/A,,3597.251168001094,INFO,adaptador.request,true,exitoso,,,10327.963332088,10324.36608092,,,2026-09-05T00:20:31.166595Z
72553e72-e443-41ed-a82a-1e275340350a,run1_rep2,G,CLOSED,CLOSED,request,PROVIDER,N/A,,3668.0731270007527,INFO,adaptador.request,true,exitoso,,,10328.03465463,10324.366581503,,,2026-09-05T00:20:31.237924Z
19c6812a-d282-4ad3-933c-a7901cd3c0f1,run1_rep2,G,CLOSED,CLOSED,request,PROVIDER,N/A,,3615.130293999755,INFO,adaptador.request,true,exitoso,,,10328.09640363,10324.481273336,,,2026-09-05T00:20:31.299686Z
162028ce-99a5-43d3-ba15-a1faf1b7205c,run1_rep2,G,CLOSED,CLOSED,request,PROVIDER,N/A,,3659.6769179996045,INFO,adaptador.request,true,exitoso,,,10328.166211796,10324.506534878,,,2026-09-05T00:20:31.369483Z
2eae042f-6565-4d06-bf2d-a66f318d3e39,run1_rep2,G,CLOSED,CLOSED,request,PROVIDER,N/A,,3681.0071260006225,INFO,adaptador.request,true,exitoso,,,10328.233094171,10324.552087045,,,2026-09-05T00:20:31.436360Z
17337ae6-42fe-4d68-abef-065b9d004b83,run1_rep2,G,CLOSED,CLOSED,request,PROVIDER,N/A,,3739.8409599991282,INFO,adaptador.request,true,exitoso,,,10328.293884546,10324.554043586,,,2026-09-05T00:20:31.497154Z
ee5c7a2a-3e83-496b-8382-0446f29e7c44,run1_rep2,G,CLOSED,CLOSED,request,PROVIDER,N/A,,3732.6660439994157,INFO,adaptador.request,true,exitoso,,,10328.389225672,10324.656559628,,,2026-09-05T00:20:31.592474Z
a29971ce-b44c-489d-b323-b2fa8fe83410,run1_rep2,G,CLOSED,CLOSED,request,PROVIDER,N/A,,3768.927460001578,INFO,adaptador.request,true,exitoso,,,10328.487528838,10324.718601378,,,2026-09-05T00:20:31.690788Z
8dd4058a-311f-4afa-a1cb-04fa38a14a89,run1_rep2,G,CLOSED,CLOSED,request,PROVIDER,N/A,,3821.0146270012046,INFO,adaptador.request,true,exitoso,,,10328.550965713,10324.729951086,,,2026-09-05T00:20:31.754245Z
42714463-336f-41fb-b4c4-41c8acf67fb9,run1_rep2,G,CLOSED,CLOSED,request,PROVIDER,N/A,,3574.843418000455,INFO,adaptador.request,true,exitoso,,,10328.61159588,10325.036752462,,,2026-09-05T00:20:31.814879Z
86dc5407-aaf5-4864-9955-e20f615dc82d,run1_rep2,G,CLOSED,CLOSED,request,PROVIDER,N/A,,3674.6599180005433,INFO,adaptador.request,true,exitoso,,,10328.71186563,10325.037205712,,,2026-09-05T00:20:31.915120Z
1b87bcdd-dbe1-4dc7-a398-be40bde2b5dc,run1_rep2,G,CLOSED,CLOSED,request,PROVIDER,N/A,,3591.136043000006,INFO,adaptador.request,true,exitoso,,,10328.77298188,10325.181845837,,,2026-09-05T00:20:31.976256Z
95ef706b-7924-4d79-b785-20298b818dcf,run1_rep2,G,CLOSED,CLOSED,request,PROVIDER,N/A,,3531.643501999497,INFO,adaptador.request,true,exitoso,,,10328.867579922,10325.33593642,,,2026-09-05T00:20:32.070816Z
edd7c01e-f0c1-447f-97f8-f1500ffd743b,run1_rep2,G,CLOSED,CLOSED,request,PROVIDER,N/A,,3551.2898350007163,INFO,adaptador.request,true,exitoso,,,10328.95325788,10325.401968045,,,2026-09-05T00:20:32.156537Z
9fc3d098-0bd6-4726-9554-d748390e2fac,run1_rep2,G,CLOSED,CLOSED,request,PROVIDER,N/A,,3614.3947930013383,INFO,adaptador.request,true,exitoso,,,10329.06217538,10325.447780587,,,2026-09-05T00:20:32.265436Z
f751df4d-9deb-49db-9135-a820af26e105,run1_rep2,G,CLOSED,CLOSED,request,PROVIDER,N/A,,3669.82100200039,INFO,adaptador.request,true,exitoso,,,10329.151561964,10325.481740962,,,2026-09-05T00:20:32.354803Z
641e87b3-c47e-4c4e-b525-7eed2f136eab,run1_rep2,G,CLOSED,CLOSED,request,PROVIDER,N/A,,3636.6045430004306,INFO,adaptador.request,true,exitoso,,,10329.221241547,10325.584637004,,,2026-09-05T00:20:32.424523Z
101c9b42-8f69-4f9b-a5f0-3440a82daa8c,run1_rep2,G,CLOSED,CLOSED,request,PROVIDER,N/A,,3651.841877001061,INFO,adaptador.request,true,exitoso,,,10329.295182964,10325.643341087,,,2026-09-05T00:20:32.498463Z
6735ca16-d4c9-457d-b88d-3ea2fc95717d,run1_rep2,G,CLOSED,CLOSED,request,PROVIDER,N/A,,3601.4899179990607,INFO,adaptador.request,true,exitoso,,,10329.358312797,10325.756822879,,,2026-09-05T00:20:32.561552Z
3994f332-db9f-432a-bbb9-93fe55861e91,run1_rep2,G,CLOSED,CLOSED,request,PROVIDER,N/A,,3604.9135430002934,INFO,adaptador.request,true,exitoso,,,10329.45440588,10325.849492337,,,2026-09-05T00:20:32.657676Z
3d17ab2f-fd59-4be0-8960-454c307409dc,run1_rep2,G,CLOSED,CLOSED,request,PROVIDER,N/A,,3583.8821260003897,INFO,adaptador.request,true,exitoso,,,10329.547707005,10325.963824879,,,2026-09-05T00:20:32.750972Z
69d69895-95e3-48ab-b934-4c2ad76d8562,run1_rep2,G,CLOSED,CLOSED,request,PROVIDER,N/A,,3665.7681270007743,INFO,adaptador.request,true,exitoso,,,10329.630078714,10325.964310587,,,2026-09-05T00:20:32.833360Z
8fcfa141-c56f-4416-b6fc-16e20dc60c75,run1_rep2,G,CLOSED,CLOSED,request,PROVIDER,N/A,,3677.4850850015355,INFO,adaptador.request,true,exitoso,,,10329.718793964,10326.041308879,,,2026-09-05T00:20:32.922063Z
5cd11cc6-1a9e-43d8-a5b5-78c9ec0ec9b8,run1_rep2,G,CLOSED,CLOSED,request,PROVIDER,N/A,,3720.8267519999936,INFO,adaptador.request,true,exitoso,,,10329.812387297,10326.091560545,,,2026-09-05T00:20:33.015662Z
450dcd80-63ff-465a-91b3-2b140f558552,run1_rep2,G,CLOSED,CLOSED,request,PROVIDER,N/A,,3824.15687700086,INFO,adaptador.request,true,exitoso,,,10329.920248672,10326.096091795,,,2026-09-05T00:20:33.123510Z
92fe6f46-a2c6-45e0-9e33-1060836235cc,run1_rep2,G,CLOSED,CLOSED,request,PROVIDER,N/A,,3780.348210999364,INFO,adaptador.request,true,exitoso,,,10329.979596631,10326.19924842,,,2026-09-05T00:20:33.182886Z
302077f8-323f-45fc-a71b-d024d4f2de14,run1_rep2,G,CLOSED,CLOSED,request,PROVIDER,N/A,,3695.0056679997942,INFO,adaptador.request,true,exitoso,,,10330.075034547,10326.380028879,,,2026-09-05T00:20:33.278261Z
5c596c98-0039-43bf-b188-3fe69dbd211d,run1_rep2,G,CLOSED,CLOSED,request,PROVIDER,N/A,,3679.3020850000175,INFO,adaptador.request,true,exitoso,,,10330.158748006,10326.479445921,,,2026-09-05T00:20:33.361980Z
efba1316-e7c5-464a-80e4-dfbd389c2c12,run1_rep2,G,CLOSED,CLOSED,request,PROVIDER,N/A,,3662.522335000176,INFO,adaptador.request,true,exitoso,,,10330.259581381,10326.597059046,,,2026-09-05T00:20:33.462858Z
dea7c928-47bd-4e4a-86ba-1eab627edacf,run1_rep2,G,CLOSED,CLOSED,request,PROVIDER,N/A,,3721.111918001043,INFO,adaptador.request,true,exitoso,,,10330.354577214,10326.633465296,,,2026-09-05T00:20:33.558029Z
c5b774ad-37ee-4d8d-9324-f91de201aff2,run1_rep2,G,CLOSED,CLOSED,request,PROVIDER,N/A,,3728.2468769990373,INFO,adaptador.request,true,exitoso,,,10330.416631589,10326.688384712,,,2026-09-05T00:20:33.619932Z
e3ba5491-0a85-4385-84e4-2f0490bb3c6e,run1_rep2,G,CLOSED,CLOSED,request,PROVIDER,N/A,,3755.2019610011484,INFO,adaptador.request,true,exitoso,,,10330.482385048,10326.727183087,,,2026-09-05T00:20:33.685655Z
01d2d005-babb-47ed-aaa4-23f1a8834971,run1_rep2,G,CLOSED,CLOSED,request,PROVIDER,N/A,,3819.326294000348,INFO,adaptador.request,true,exitoso,,,10330.546979673,10326.727653379,,,2026-09-05T00:20:33.750262Z
400a6ee3-8818-4048-b6ba-ef54ffad4558,run1_rep2,G,CLOSED,CLOSED,request,PROVIDER,N/A,,3767.032667999956,INFO,adaptador.request,true,exitoso,,,10330.642681339,10326.875648671,,,2026-09-05T00:20:33.846027Z
68110de0-9c03-4c5a-bd44-833f30ad0f37,run1_rep2,G,CLOSED,CLOSED,request,PROVIDER,N/A,,3802.963751999414,INFO,adaptador.request,true,exitoso,,,10330.726072673,10326.923108921,,,2026-09-05T00:20:33.929322Z
9cb07895-58ce-4060-ac38-d512eefc663c,run1_rep2,G,CLOSED,CLOSED,request,PROVIDER,N/A,,3842.7614600004745,INFO,adaptador.request,true,exitoso,,,10330.809214131,10326.966452671,,,2026-09-05T00:20:34.012506Z
97988738-8f3d-442e-9a20-94d3bcb11e84,run1_rep2,G,CLOSED,CLOSED,request,PROVIDER,N/A,,3743.9880429992627,INFO,adaptador.request,true,exitoso,,,10330.867774964,10327.123786921,,,2026-09-05T00:20:34.071069Z
7a86ad81-4863-4566-8235-28fe964e1505,run1_rep2,G,CLOSED,CLOSED,request,PROVIDER,N/A,,3790.497084999515,INFO,adaptador.request,true,exitoso,,,10330.928365381,10327.137868296,,,2026-09-05T00:20:34.131716Z
d3b3d26e-c146-4bcc-ae1f-90626465ae3d,run1_rep2,G,CLOSED,CLOSED,request,PROVIDER,N/A,,3660.511084999598,INFO,adaptador.request,true,exitoso,,,10331.002628048,10327.342116963,,,2026-09-05T00:20:34.205873Z
c977ca7a-071d-487e-9a75-c450ee0ecb26,run1_rep2,G,CLOSED,CLOSED,request,PROVIDER,N/A,,3701.7210439989867,INFO,adaptador.request,true,exitoso,,,10331.066087423,10327.364366379,,,2026-09-05T00:20:34.269330Z
caec4415-8b9b-46bf-9a88-a3916da8ad35,run1_rep2,G,CLOSED,CLOSED,request,PROVIDER,N/A,,3782.784459999675,INFO,adaptador.request,true,exitoso,,,10331.174740506,10327.391956046,,,2026-09-05T00:20:34.378030Z
ae4e0a53-33df-4b9a-8ef4-52cae1d970fe,run1_rep2,G,CLOSED,CLOSED,request,PROVIDER,N/A,,3854.448793001211,INFO,adaptador.request,true,exitoso,,,10331.246679006,10327.392230213,,,2026-09-05T00:20:34.449945Z
2bafd701-27c2-4af9-a104-628756eb3ff3,run1_rep2,G,CLOSED,CLOSED,request,PROVIDER,N/A,,3759.053960999154,INFO,adaptador.request,true,exitoso,,,10331.321324215,10327.562270254,,,2026-09-05T00:20:34.524584Z
cc459311-1c75-4803-9eba-909b90c66aec,run1_rep2,G,CLOSED,CLOSED,request,PROVIDER,N/A,,3704.2876270006673,INFO,adaptador.request,true,exitoso,,,10331.40543309,10327.701145463,,,2026-09-05T00:20:34.608709Z
621d9750-51f5-4385-8d8e-95c35b79999d,run1_rep2,G,CLOSED,CLOSED,request,PROVIDER,N/A,,3689.6534180013987,INFO,adaptador.request,true,exitoso,,,10331.471832798,10327.78217938,,,2026-09-05T00:20:34.675101Z
6eadd247-6d06-4afb-929b-9cf28ad3e96c,run1_rep2,G,CLOSED,CLOSED,request,PROVIDER,N/A,,3743.046335001054,INFO,adaptador.request,true,exitoso,,,10331.556714381,10327.813668046,,,2026-09-05T00:20:34.759977Z
bd1b0450-79e6-45f5-939d-109b87ebd563,run1_rep2,G,CLOSED,CLOSED,request,PROVIDER,N/A,,3607.346626000435,INFO,adaptador.request,true,exitoso,,,10331.614582131,10328.007235505,,,2026-09-05T00:20:34.817832Z
2a44832c-c22c-4742-a9f7-008711e1daf5,run1_rep2,G,CLOSED,CLOSED,request,PROVIDER,N/A,,3618.6666680005146,INFO,adaptador.request,true,exitoso,,,10331.687697423,10328.069030755,,,2026-09-05T00:20:34.890956Z
a07b68fe-2191-4722-932b-9969c46c73e8,run1_rep2,G,CLOSED,CLOSED,request,PROVIDER,N/A,,3571.2787930006016,INFO,adaptador.request,true,exitoso,,,10331.753959423,10328.18268063,,,2026-09-05T00:20:34.957216Z
11abd201-75e3-4240-bc84-de4c3ba35fe7,run1_rep2,G,CLOSED,CLOSED,request,PROVIDER,N/A,,3537.918959998933,INFO,adaptador.request,true,exitoso,,,10331.816182173,10328.278263213,,,2026-09-05T00:20:35.019448Z
c0440e3b-3c4f-4d74-bcb8-b24b283976ca,run1_rep2,G,CLOSED,CLOSED,request,PROVIDER,N/A,,3629.9275849996775,INFO,adaptador.request,true,exitoso,,,10331.90864034,10328.278712755,,,2026-09-05T00:20:35.111885Z
d172e71f-4f93-4367-8901-b8c8b5697a30,run1_rep2,G,CLOSED,CLOSED,request,PROVIDER,N/A,,3602.26196000076,INFO,adaptador.request,true,exitoso,,,10331.970793048,10328.368531088,,,2026-09-05T00:20:35.174053Z
f2534370-0ab3-4cc9-a501-ee5749f2818f,run1_rep2,G,CLOSED,CLOSED,request,PROVIDER,N/A,,3662.957500999255,INFO,adaptador.request,true,exitoso,,,10332.041151923,10328.378194422,,,2026-09-05T00:20:35.244380Z
50cbdf4c-7d18-4c66-b517-baffdf1445dc,run1_rep2,G,CLOSED,CLOSED,request,PROVIDER,N/A,,3681.5100849999,INFO,adaptador.request,true,exitoso,,,10332.135969007,10328.454458922,,,2026-09-05T00:20:35.339167Z
4b63d000-e94c-474a-87fd-98c16268052e,run1_rep2,G,CLOSED,CLOSED,request,PROVIDER,N/A,,3737.388210000063,INFO,adaptador.request,true,exitoso,,,10332.238125673,10328.500737463,,,2026-09-05T00:20:35.441367Z
fc01930c-2091-431a-85ca-bff227f0a7c2,run1_rep2,G,CLOSED,CLOSED,request,PROVIDER,N/A,,3743.092042999706,INFO,adaptador.request,true,exitoso,,,10332.31245209,10328.569360047,,,2026-09-05T00:20:35.515699Z
01a48bbf-14c1-4b11-8d9c-63abd8249431,run1_rep2,G,CLOSED,CLOSED,request,PROVIDER,N/A,,3708.6768350000057,INFO,adaptador.request,true,exitoso,,,10332.388258132,10328.679581297,,,2026-09-05T00:20:35.591510Z
655a6da2-79e8-4025-8af5-aa10f5bef920,run1_rep2,G,CLOSED,CLOSED,request,PROVIDER,N/A,,3653.222001999893,INFO,adaptador.request,true,exitoso,,,10332.477732007,10328.824510005,,,2026-09-05T00:20:35.680988Z
92dc568a-88c9-4c82-8d97-b52e4f498197,run1_rep2,G,CLOSED,CLOSED,request,PROVIDER,N/A,,3672.5208349998866,INFO,adaptador.request,true,exitoso,,,10332.535964632,10328.863443797,,,2026-09-05T00:20:35.739235Z
3072dc72-13d6-48a0-9fb4-5da490556201,run1_rep2,G,CLOSED,CLOSED,request,PROVIDER,N/A,,3667.3653769994417,INFO,adaptador.request,true,exitoso,,,10332.608247507,10328.94088213,,,2026-09-05T00:20:35.811524Z
d1629305-710f-46d7-afcb-8867a2e317c0,run1_rep2,G,CLOSED,CLOSED,request,PROVIDER,N/A,,3710.1087929986534,INFO,adaptador.request,true,exitoso,,,10332.678689215,10328.968580422,,,2026-09-05T00:20:35.882012Z
89284c7e-0127-4c2e-bea9-56cc9dd05f0c,run1_rep2,G,CLOSED,CLOSED,request,PROVIDER,N/A,,3726.4890849983203,INFO,adaptador.request,true,exitoso,,,10332.755083465,10329.02859438,,,2026-09-05T00:20:35.958345Z
51b150ed-18de-45e1-bb08-8f498ad0c6ee,run1_rep2,G,CLOSED,CLOSED,request,PROVIDER,N/A,,3676.0022939997725,INFO,adaptador.request,true,exitoso,,,10332.820494299,10329.144492005,,,2026-09-05T00:20:36.023760Z
1101c623-dd2f-4ff3-bd35-bf792ac801c4,run1_rep2,G,CLOSED,CLOSED,request,PROVIDER,N/A,,3705.561417998979,INFO,adaptador.request,true,exitoso,,,10332.883434132,10329.177872714,,,2026-09-05T00:20:36.086690Z
29886d6e-9ff0-4d3d-a3bf-f5994a0a1a5f,run1_rep2,G,CLOSED,CLOSED,request,PROVIDER,N/A,,3591.961877000358,INFO,adaptador.request,true,exitoso,,,10332.970164299,10329.378202422,,,2026-09-05T00:20:36.173428Z
2f87e0d6-ebfd-4f10-bc28-cfd96b25d21b,run1_rep2,G,CLOSED,CLOSED,request,PROVIDER,N/A,,3469.322918001126,INFO,adaptador.request,true,exitoso,,,10333.054704882,10329.585381964,,,2026-09-05T00:20:36.257947Z
044beb93-4d03-46d8-bccd-1b86005cc60a,run1_rep2,G,CLOSED,CLOSED,request,PROVIDER,N/A,,3490.2247520003584,INFO,adaptador.request,true,exitoso,,,10333.116210382,10329.62598563,,,2026-09-05T00:20:36.319478Z
faa8fce2-b878-4f0c-b41d-5befe8569f2f,run1_rep2,G,CLOSED,CLOSED,request,PROVIDER,N/A,,3550.4114600007597,INFO,adaptador.request,true,exitoso,,,10333.21502734,10329.66461588,,,2026-09-05T00:20:36.418291Z
27cc7841-314d-472e-b102-0f0cf8f15173,run1_rep2,G,CLOSED,CLOSED,request,PROVIDER,N/A,,3608.775959999548,INFO,adaptador.request,true,exitoso,,,10333.298045299,10329.689269339,,,2026-09-05T00:20:36.501377Z
2823e51f-d46a-475a-b7e3-fece85e274e5,run1_rep2,G,CLOSED,CLOSED,request,PROVIDER,N/A,,3568.7800849991618,INFO,adaptador.request,true,exitoso,,,10333.354152716,10329.785372631,,,2026-09-05T00:20:36.557432Z
150ff377-954f-4f3d-9a73-7f7f2fe91af5,run1_rep2,G,CLOSED,CLOSED,request,PROVIDER,N/A,,3547.604584999135,INFO,adaptador.request,true,exitoso,,,10333.432550757,10329.884946172,,,2026-09-05T00:20:36.635792Z
4328caf2-75ca-403a-bf91-cbede51db23d,run1_rep2,G,CLOSED,CLOSED,request,PROVIDER,N/A,,3571.3656679999985,INFO,adaptador.request,true,exitoso,,,10333.521136382,10329.949770714,,,2026-09-05T00:20:36.724378Z
9bea63f5-704c-418f-8916-170ed72e7c1b,run1_rep2,G,CLOSED,CLOSED,request,PROVIDER,N/A,,3580.8971259993996,INFO,adaptador.request,true,exitoso,,,10333.621504632,10330.040607506,,,2026-09-05T00:20:36.824738Z
8d0aab89-e2ba-48d2-bfcf-fdfa3651c52d,run1_rep2,G,CLOSED,CLOSED,request,PROVIDER,N/A,,3621.991377000086,INFO,adaptador.request,true,exitoso,,,10333.728585591,10330.106594214,,,2026-09-05T00:20:36.931831Z
c48a4d86-63c8-40f4-b149-751313c690db,run1_rep2,G,CLOSED,CLOSED,request,PROVIDER,N/A,,3632.291375999557,INFO,adaptador.request,true,exitoso,,,10333.786640257,10330.154348881,,,2026-09-05T00:20:36.989895Z
c72d454d-69f0-4ab3-9bed-eedd19d9b729,run1_rep2,G,CLOSED,CLOSED,request,PROVIDER,N/A,,3503.6112100005994,INFO,adaptador.request,true,exitoso,,,10333.867683132,10330.364071922,,,2026-09-05T00:20:37.070929Z
67d0ec8a-8b78-43e9-aac2-419f3ea64818,run1_rep2,G,CLOSED,CLOSED,request,PROVIDER,N/A,,3528.181335001136,INFO,adaptador.request,true,exitoso,,,10333.948982591,10330.420801256,,,2026-09-05T00:20:37.152288Z
2a853c7a-de3a-40d2-bd1f-9a5adc1873b8,run1_rep2,G,CLOSED,CLOSED,request,PROVIDER,N/A,,3619.0836260011565,INFO,adaptador.request,true,exitoso,,,10334.043309299,10330.424225673,,,2026-09-05T00:20:37.246550Z
01d47cdf-c096-45ec-91db-2446ac7f295f,run1_rep2,G,CLOSED,CLOSED,request,PROVIDER,N/A,,3664.6006259998103,INFO,adaptador.request,true,exitoso,,,10334.147917924,10330.483317298,,,2026-09-05T00:20:37.351218Z
a45d366d-3934-4906-97a0-9e13b87805cc,run1_rep2,G,CLOSED,CLOSED,request,PROVIDER,N/A,,3524.7754599986365,INFO,adaptador.request,true,exitoso,,,10334.244699091,10330.719923631,,,2026-09-05T00:20:37.447958Z
1b48147e-9386-4299-9971-1271092a3220,run1_rep2,G,CLOSED,CLOSED,request,PROVIDER,N/A,,3603.1834180012083,INFO,adaptador.request,true,exitoso,,,10334.351729591,10330.748546173,,,2026-09-05T00:20:37.555003Z
6e3017df-c933-4873-b10f-4b471786c50b,run1_rep2,G,CLOSED,CLOSED,request,PROVIDER,N/A,,3634.792959999686,INFO,adaptador.request,true,exitoso,,,10334.458291091,10330.823498131,,,2026-09-05T00:20:37.661564Z
1b5bf9e2-30d0-4dd4-94b7-e58731e498bc,run1_rep2,G,CLOSED,CLOSED,request,PROVIDER,N/A,,3611.5852929997345,INFO,adaptador.request,true,exitoso,,,10334.541475924,10330.929890631,,,2026-09-05T00:20:37.744739Z
3f4b68cd-0328-40fc-9985-21a787ee2352,run1_rep2,G,CLOSED,CLOSED,request,PROVIDER,N/A,,3623.207127000569,INFO,adaptador.request,true,exitoso,,,10334.6235428,10331.000335673,,,2026-09-05T00:20:37.826868Z
c4eed148-3401-49d3-9bf7-fc0d6382ffea,run1_rep2,G,CLOSED,CLOSED,request,PROVIDER,N/A,,3616.45800199949,INFO,adaptador.request,true,exitoso,,,10334.679544216,10331.063086214,,,2026-09-05T00:20:37.882808Z
d9556c23-6a85-4743-b00e-b554dc7f6f79,run1_rep2,G,CLOSED,CLOSED,request,PROVIDER,N/A,,3556.905793999249,INFO,adaptador.request,true,exitoso,,,10334.759338425,10331.202432631,,,2026-09-05T00:20:37.962598Z
c99024c6-9e82-4395-a118-bb1207cd70c1,run1_rep2,G,CLOSED,CLOSED,request,PROVIDER,N/A,,3553.4709179992205,INFO,adaptador.request,true,exitoso,,,10334.834786008,10331.28131509,,,2026-09-05T00:20:38.038061Z
185545d5-cd01-4ef2-bf9d-42559af95c12,run1_rep2,G,CLOSED,CLOSED,request,PROVIDER,N/A,,3567.9754600005253,INFO,adaptador.request,true,exitoso,,,10334.928201716,10331.360226256,,,2026-09-05T00:20:38.131456Z
df657a96-a531-44a5-9229-bc69abf36481,run1_rep2,G,CLOSED,CLOSED,request,PROVIDER,N/A,,3635.366668999268,INFO,adaptador.request,true,exitoso,,,10335.009187925,10331.373821256,,,2026-09-05T00:20:38.212459Z
1a73ed4a-ab71-4c99-82e2-ad46c1f5cde5,run1_rep2,G,CLOSED,CLOSED,request,PROVIDER,N/A,,3734.717293000358,INFO,adaptador.request,true,exitoso,,,10335.108978091,10331.374260798,,,2026-09-05T00:20:38.312273Z
7d380100-a2cb-4e35-8969-79a909ed9421,run1_rep2,G,CLOSED,CLOSED,request,PROVIDER,N/A,,3703.518334999899,INFO,adaptador.request,true,exitoso,,,10335.179846716,10331.476328381,,,2026-09-05T00:20:38.383050Z
25104931-498a-473c-9959-75b051ac7dc0,run1_rep2,G,CLOSED,CLOSED,request,PROVIDER,N/A,,3766.2298350005585,INFO,adaptador.request,true,exitoso,,,10335.272600175,10331.50637034,,,2026-09-05T00:20:38.475829Z
d9456fb4-c752-47eb-96e9-6b9876ea537c,run1_rep2,G,CLOSED,CLOSED,request,PROVIDER,N/A,,3766.87296000091,INFO,adaptador.request,true,exitoso,,,10335.339780508,10331.572907548,,,2026-09-05T00:20:38.542999Z
a2cc2944-5a97-4747-92ef-a8095f220486,run1_rep2,G,CLOSED,CLOSED,request,PROVIDER,N/A,,3795.7036690004315,INFO,adaptador.request,true,exitoso,,,10335.421016217,10331.625312548,,,2026-09-05T00:20:38.624280Z
37a0d7ad-fce6-486d-be86-9ee047243266,run1_rep2,G,CLOSED,CLOSED,request,PROVIDER,N/A,,3768.2405849991483,INFO,adaptador.request,true,exitoso,,,10335.503735425,10331.73549484,,,2026-09-05T00:20:38.706960Z
2021c2a0-f119-459b-bfae-276329a2590b,run1_rep2,G,CLOSED,CLOSED,request,PROVIDER,N/A,,3822.7852110012464,INFO,adaptador.request,true,exitoso,,,10335.603842717,10331.781057506,,,2026-09-05T00:20:38.807093Z
09f34898-cdb5-47ad-aaba-1ee853206caa,run1_rep2,G,CLOSED,CLOSED,request,PROVIDER,N/A,,3813.4661269996286,INFO,adaptador.request,true,exitoso,,,10335.666741342,10331.853275215,,,2026-09-05T00:20:38.870055Z
2e23f1e5-b1de-41cc-8cab-483e7a282cc3,run1_rep2,G,CLOSED,CLOSED,request,PROVIDER,N/A,,3885.054835000119,INFO,adaptador.request,true,exitoso,,,10335.747273175,10331.86221834,,,2026-09-05T00:20:38.950557Z
da540ace-5216-4dc4-98af-fceea6e3d8ee,run1_rep2,G,CLOSED,CLOSED,request,PROVIDER,N/A,,3775.2580020005553,INFO,adaptador.request,true,exitoso,,,10335.827577675,10332.052319673,,,2026-09-05T00:20:39.030865Z
af21f85e-6064-4077-92a8-3b92ed536bec,run1_rep2,G,CLOSED,CLOSED,request,PROVIDER,N/A,,3831.6889599991555,INFO,adaptador.request,true,exitoso,,,10335.903353925,10332.071664965,,,2026-09-05T00:20:39.106652Z
a038d9e7-b106-4723-bb18-d74b65c5ca6f,run1_rep2,G,CLOSED,CLOSED,request,PROVIDER,N/A,,3863.8447939993057,INFO,adaptador.request,true,exitoso,,,10335.967151967,10332.103307173,,,2026-09-05T00:20:39.170427Z
7536c27b-8399-4ea5-a4d9-7057a44ef79f,run1_rep2,G,CLOSED,CLOSED,request,PROVIDER,N/A,,3910.5365020004683,INFO,adaptador.request,true,exitoso,,,10336.0711353,10332.160598798,,,2026-09-05T00:20:39.274422Z
6c93c50e-5220-44a6-a4fd-c701916cd845,run1_rep2,G,CLOSED,CLOSED,request,PROVIDER,N/A,,3807.665084999826,INFO,adaptador.request,true,exitoso,,,10336.169588925,10332.36192384,,,2026-09-05T00:20:39.372863Z
fe2c7ff0-3217-424c-b807-3fb69ef9496b,run1_rep2,G,CLOSED,CLOSED,request,PROVIDER,N/A,,3844.042544000331,INFO,adaptador.request,true,exitoso,,,10336.277171759,10332.433129215,,,2026-09-05T00:20:39.480441Z
90b595ae-f9f6-4ae9-b485-08ec6c97b751,run1_rep2,G,CLOSED,CLOSED,request,PROVIDER,N/A,,3922.62004299846,INFO,adaptador.request,true,exitoso,,,10336.3562448,10332.433624757,,,2026-09-05T00:20:39.559502Z
fe4bd310-27dc-45a4-bbed-c31330ca6456,run1_rep2,G,CLOSED,CLOSED,request,PROVIDER,N/A,,3981.6398349994415,INFO,adaptador.request,true,exitoso,,,10336.453852342,10332.472212507,,,2026-09-05T00:20:39.657115Z
dbd5b101-a6c6-4dec-8c31-396f7318e6b8,run1_rep2,G,CLOSED,CLOSED,request,PROVIDER,N/A,,3935.6709600015165,INFO,adaptador.request,true,exitoso,,,10336.527869175,10332.592198215,,,2026-09-05T00:20:39.731119Z
7c7d49b1-8fbe-40fe-837c-1605d223d027,run1_rep2,G,CLOSED,CLOSED,request,PROVIDER,N/A,,4003.5916270007874,INFO,adaptador.request,true,exitoso,,,10336.620588009,10332.616996382,,,2026-09-05T00:20:39.823850Z
4be321cd-7923-4e79-b0ef-eef86addc4b9,run1_rep2,G,CLOSED,CLOSED,request,PROVIDER,N/A,,3897.567752001123,INFO,adaptador.request,true,exitoso,,,10336.723249634,10332.825681882,,,2026-09-05T00:20:39.926512Z
158e204f-7f75-4136-b501-f6442d841b44,run1_rep2,G,CLOSED,CLOSED,request,PROVIDER,N/A,,3945.844710999154,INFO,adaptador.request,true,exitoso,,,10336.785475551,10332.83963084,,,2026-09-05T00:20:39.988745Z
8e8e8b03-a7d3-45d4-b7a9-cee176419538,run1_rep2,G,CLOSED,CLOSED,request,PROVIDER,N/A,,3918.6905440001283,INFO,adaptador.request,true,exitoso,,,10336.843156134,10332.92446559,,,2026-09-05T00:20:40.046396Z
f2254abd-a708-4901-a528-890b0e930027,run1_rep2,G,CLOSED,CLOSED,request,PROVIDER,N/A,,3924.6048360000714,INFO,adaptador.request,true,exitoso,,,10336.903985051,10332.979380215,,,2026-09-05T00:20:40.107251Z
84b9b0b3-77c2-475c-a7af-f73729129141,run1_rep2,G,CLOSED,CLOSED,request,PROVIDER,N/A,,3798.611501999403,INFO,adaptador.request,true,exitoso,,,10336.970721134,10333.172109632,,,2026-09-05T00:20:40.173971Z
1340bb5e-ef0f-464a-96c2-f875b637d1ab,run1_rep2,G,CLOSED,CLOSED,request,PROVIDER,N/A,,3860.403419001159,INFO,adaptador.request,true,exitoso,,,10337.032978384,10333.172574965,,,2026-09-05T00:20:40.236242Z
e4a6279f-d62d-49ce-b002-54eac29457fa,run1_rep2,G,CLOSED,CLOSED,request,PROVIDER,N/A,,3829.6691679988726,INFO,adaptador.request,true,exitoso,,,10337.095432342,10333.265763174,,,2026-09-05T00:20:40.298683Z
169e2ec6-7cb1-4b4c-bd02-14837f605737,run1_rep2,G,CLOSED,CLOSED,request,PROVIDER,N/A,,3741.4906680005515,INFO,adaptador.request,true,exitoso,,,10337.155405134,10333.413914466,,,2026-09-05T00:20:40.358679Z
8db6668c-f790-4ce0-8d87-8621b64c1c08,run1_rep2,G,CLOSED,CLOSED,request,PROVIDER,N/A,,3818.370043998584,INFO,adaptador.request,true,exitoso,,,10337.239585676,10333.421215632,,,2026-09-05T00:20:40.442859Z
87c8e4d0-caec-4042-8bac-ae78f378b8e7,run1_rep2,G,CLOSED,CLOSED,request,PROVIDER,N/A,,3750.5631259991787,INFO,adaptador.request,true,exitoso,,,10337.325329467,10333.574766341,,,2026-09-05T00:20:40.528622Z
0f0df329-e0c2-477f-8b0c-5adddee57f87,run1_rep2,G,CLOSED,CLOSED,request,PROVIDER,N/A,,3701.2566689991218,INFO,adaptador.request,true,exitoso,,,10337.426320218,10333.725063549,,,2026-09-05T00:20:40.629578Z
1f771539-94d3-4ccc-a2b7-879b44620c5a,run1_rep2,G,CLOSED,CLOSED,request,PROVIDER,N/A,,3746.704334998867,INFO,adaptador.request,true,exitoso,,,10337.522525801,10333.775821466,,,2026-09-05T00:20:40.725777Z
a337e20a-3a86-41c5-9635-6cd58a4ffe33,run1_rep2,G,CLOSED,CLOSED,request,PROVIDER,N/A,,3733.237960999759,INFO,adaptador.request,true,exitoso,,,10337.595569218,10333.862331257,,,2026-09-05T00:20:40.798816Z
cbe32df9-92eb-44ea-9978-dc263ce9f73e,run1_rep2,G,CLOSED,CLOSED,request,PROVIDER,N/A,,3800.702709999314,INFO,adaptador.request,true,exitoso,,,10337.663482384,10333.862779674,,,2026-09-05T00:20:40.866745Z
d6ef72d8-72f1-4eae-90de-16f5d5074421,run1_rep2,G,CLOSED,CLOSED,request,PROVIDER,N/A,,3855.6572519992187,INFO,adaptador.request,true,exitoso,,,10337.751178968,10333.895521716,,,2026-09-05T00:20:40.954425Z
b1526fb7-15da-4983-952b-0e2a2d6141e9,run1_rep2,G,CLOSED,CLOSED,request,PROVIDER,N/A,,3757.4310850013717,INFO,adaptador.request,true,exitoso,,,10337.815563509,10334.058132424,,,2026-09-05T00:20:41.018811Z
3f2fc27e-6cfc-4ab7-97df-017c9e8ad923,run1_rep2,G,CLOSED,CLOSED,request,PROVIDER,N/A,,3823.246501999165,INFO,adaptador.request,true,exitoso,,,10337.897148593,10334.073902091,,,2026-09-05T00:20:41.100431Z
6d6fef35-6038-4dc7-bb7c-ee185d12b7d7,run1_rep2,G,CLOSED,CLOSED,request,PROVIDER,N/A,,3794.7005440000794,INFO,adaptador.request,true,exitoso,,,10337.993146093,10334.198445549,,,2026-09-05T00:20:41.196412Z
cc6fe60c-2b59-4d1d-8124-e2ff8cce9949,run1_rep2,G,CLOSED,CLOSED,request,PROVIDER,N/A,,3844.69295999952,INFO,adaptador.request,true,exitoso,,,10338.054100926,10334.209407966,,,2026-09-05T00:20:41.257345Z
05230905-17fe-435f-bfca-8c7cb8fcbd34,run1_rep2,G,CLOSED,CLOSED,request,PROVIDER,N/A,,3814.653585000997,INFO,adaptador.request,true,exitoso,,,10338.121559093,10334.306905508,,,2026-09-05T00:20:41.324840Z
4fe262b7-22a5-47a9-a78c-c872247de583,run1_rep2,G,CLOSED,CLOSED,request,PROVIDER,N/A,,3739.622626999335,INFO,adaptador.request,true,exitoso,,,10338.196507801,10334.456885174,,,2026-09-05T00:20:41.399748Z
a0a80aa0-1425-4fb2-9257-bb934be6ba5b,run1_rep2,G,CLOSED,CLOSED,request,PROVIDER,N/A,,3660.423293000349,INFO,adaptador.request,true,exitoso,,,10338.302615801,10334.642192508,,,2026-09-05T00:20:41.505856Z
f9ccd861-82d0-4512-a38e-5395182b7056,run1_rep2,G,CLOSED,CLOSED,request,PROVIDER,N/A,,3666.4101269998355,INFO,adaptador.request,true,exitoso,,,10338.394793468,10334.728383341,,,2026-09-05T00:20:41.598043Z
53efb0cd-238c-473d-9393-e01282b12493,run1_rep2,G,CLOSED,CLOSED,request,PROVIDER,N/A,,3726.8654179988516,INFO,adaptador.request,true,exitoso,,,10338.499090176,10334.772224758,,,2026-09-05T00:20:41.702339Z
96c26538-ff91-4d2e-b356-1f943ad769aa,run1_rep2,G,CLOSED,CLOSED,request,PROVIDER,N/A,,3738.323125999159,INFO,adaptador.request,true,exitoso,,,10338.578430676,10334.84010755,,,2026-09-05T00:20:41.781743Z
6db3cf73-538b-4f62-953c-d524fedfe8fe,run1_rep2,G,CLOSED,CLOSED,request,PROVIDER,N/A,,3773.1992099998024,INFO,adaptador.request,true,exitoso,,,10338.653646093,10334.880446883,,,2026-09-05T00:20:41.856971Z
514d4354-2ad3-4266-a7f4-5784379046ab,run1_rep2,G,CLOSED,CLOSED,request,PROVIDER,N/A,,3805.7915850004065,INFO,adaptador.request,true,exitoso,,,10338.729157968,10334.923366383,,,2026-09-05T00:20:41.932413Z
a6fe7c03-3a93-47f1-ac34-de0ec6ba2e28,run1_rep2,G,CLOSED,CLOSED,request,PROVIDER,N/A,,3711.5874600003735,INFO,adaptador.request,true,exitoso,,,10338.832633135,10335.121045675,,,2026-09-05T00:20:42.035885Z
ddaa091d-ea77-4c4a-94a1-10c283d3d851,run1_rep2,G,CLOSED,CLOSED,request,PROVIDER,N/A,,3751.546335000967,INFO,adaptador.request,true,exitoso,,,10338.889600843,10335.138054508,,,2026-09-05T00:20:42.092862Z
3dffa772-143d-4d1a-a582-d5f524f5cf51,run1_rep2,G,CLOSED,CLOSED,request,PROVIDER,N/A,,3698.4053360010876,INFO,adaptador.request,true,exitoso,,,10338.975727052,10335.277321716,,,2026-09-05T00:20:42.178969Z
59e2b353-c524-4b8c-ab1c-b2c009d00598,run1_rep2,G,CLOSED,CLOSED,request,PROVIDER,N/A,,3753.0454600000667,INFO,adaptador.request,true,exitoso,,,10339.048439635,10335.295394175,,,2026-09-05T00:20:42.251767Z
21f1a863-b22e-455f-b58e-1be27a794f7a,run1_rep2,G,CLOSED,CLOSED,request,PROVIDER,N/A,,3763.443293999444,INFO,adaptador.request,true,exitoso,,,10339.151141802,10335.387698508,,,2026-09-05T00:20:42.354390Z
57373306-ce65-4ffd-83e6-0f3dfdea49f2,run1_rep2,G,CLOSED,CLOSED,request,PROVIDER,N/A,,3719.4900850008707,INFO,adaptador.request,true,exitoso,,,10339.212813718,10335.493323633,,,2026-09-05T00:20:42.416063Z
f037e7dd-76f0-48d3-bd06-03bfb6590c21,run1_rep2,G,CLOSED,CLOSED,request,PROVIDER,N/A,,3730.1448349990096,INFO,adaptador.request,true,exitoso,,,10339.303352177,10335.573207342,,,2026-09-05T00:20:42.506596Z
f04cf7be-96ef-4ccb-8011-3a8ccd6763f8,run1_rep2,G,CLOSED,CLOSED,request,PROVIDER,N/A,,3651.1760849989514,INFO,adaptador.request,true,exitoso,,,10339.367250427,10335.716074342,,,2026-09-05T00:20:42.570481Z
7e2ed00e-7143-436b-9e27-2db228df3d92,run1_rep2,G,CLOSED,CLOSED,request,PROVIDER,N/A,,3708.5055019997526,INFO,adaptador.request,true,exitoso,,,10339.450041885,10335.741536383,,,2026-09-05T00:20:42.653288Z
7bb7a0d8-09a7-42f9-8fb7-e909a15bf46c,run1_rep2,G,CLOSED,CLOSED,request,PROVIDER,N/A,,3754.011126999103,INFO,adaptador.request,true,exitoso,,,10339.554399219,10335.800388092,,,2026-09-05T00:20:42.757643Z
95d9e9b2-87ae-4885-b768-07064006c50d,run1_rep2,G,CLOSED,CLOSED,request,PROVIDER,N/A,,3771.163460000025,INFO,adaptador.request,true,exitoso,,,10339.614520177,10335.843356717,,,2026-09-05T00:20:42.817837Z
68b0504a-74e1-45cf-9503-6b6463b245d0,run1_rep2,G,CLOSED,CLOSED,request,PROVIDER,N/A,,3812.5206690001505,INFO,adaptador.request,true,exitoso,,,10339.719118427,10335.906597758,,,2026-09-05T00:20:42.922422Z
a58c6474-f5f7-4d9e-ad6a-3c833c3b98bf,run1_rep2,G,CLOSED,CLOSED,request,PROVIDER,N/A,,3649.1905849998147,INFO,adaptador.request,true,exitoso,,,10339.778212094,10336.129021509,,,2026-09-05T00:20:42.981464Z
5a77b4c5-0aae-4cef-a258-3a6843428337,run1_rep2,G,CLOSED,CLOSED,request,PROVIDER,N/A,,3711.1830019985064,INFO,adaptador.request,true,exitoso,,,10339.858334677,10336.147151675,,,2026-09-05T00:20:43.061576Z
7d78d78d-2c15-47b8-a394-f2a02683e1a6,run1_rep2,G,CLOSED,CLOSED,request,PROVIDER,N/A,,3606.606085000749,INFO,adaptador.request,true,exitoso,,,10339.922766719,10336.316160634,,,2026-09-05T00:20:43.126011Z
5f9da181-b3f5-40a8-8c6b-bf058ef2e46d,run1_rep2,G,CLOSED,CLOSED,request,PROVIDER,N/A,,3619.0166269989277,INFO,adaptador.request,true,exitoso,,,10339.976832969,10336.357816342,,,2026-09-05T00:20:43.180072Z
edb972eb-3a79-4a79-beb7-f7deeb67c62d,run1_rep2,G,CLOSED,CLOSED,request,PROVIDER,N/A,,3713.4860850001132,INFO,adaptador.request,true,exitoso,,,10340.075088552,10336.361602467,,,2026-09-05T00:20:43.278306Z
39bdf043-29bd-4466-addb-bf56072d1c8e,run1_rep2,G,CLOSED,CLOSED,request,PROVIDER,N/A,,3601.7938349996257,INFO,adaptador.request,true,exitoso,,,10340.153229594,10336.551435759,,,2026-09-05T00:20:43.356464Z
f71d9e54-e315-40d4-a14c-1e9e4dae375f,run1_rep2,G,CLOSED,CLOSED,request,PROVIDER,N/A,,3625.775876998887,INFO,adaptador.request,true,exitoso,,,10340.228050302,10336.602274425,,,2026-09-05T00:20:43.431289Z
857e8922-aa92-467b-ae8c-e31b68c57403,run1_rep2,G,CLOSED,CLOSED,request,PROVIDER,N/A,,3665.8761679991585,INFO,adaptador.request,true,exitoso,,,10340.314254677,10336.648378509,,,2026-09-05T00:20:43.517573Z
ad44263e-e363-48a3-9bd6-8dc13e2c1ffa,run1_rep2,G,CLOSED,CLOSED,request,PROVIDER,N/A,,3668.61987700031,INFO,adaptador.request,true,exitoso,,,10340.384864636,10336.716244759,,,2026-09-05T00:20:43.588113Z
988a891e-afa6-4b28-9c78-ca4018d84d9a,run1_rep2,G,CLOSED,CLOSED,request,PROVIDER,N/A,,3748.779543000637,INFO,adaptador.request,true,exitoso,,,10340.472763594,10336.723984051,,,2026-09-05T00:20:43.676086Z
f55b2f4e-bd97-463c-9b08-a9cd509e9502,run1_rep2,G,CLOSED,CLOSED,request,PROVIDER,N/A,,3724.0652100008447,INFO,adaptador.request,true,exitoso,,,10340.561897636,10336.837832426,,,2026-09-05T00:20:43.765234Z
8a53b0dc-9f93-450f-a69b-755242a544df,run1_rep2,G,CLOSED,CLOSED,request,PROVIDER,N/A,,3542.2572520001268,INFO,adaptador.request,true,exitoso,,,10340.631697636,10337.089440384,,,2026-09-05T00:20:43.834968Z
d3b5bc4e-f36d-4771-8361-e1884419c4c4,run1_rep2,G,CLOSED,CLOSED,request,PROVIDER,N/A,,3551.125501999195,INFO,adaptador.request,true,exitoso,,,10340.709210844,10337.158085342,,,2026-09-05T00:20:43.912459Z
17ecaed1-3c86-4200-b83d-6d24b46b010c,run1_rep2,G,CLOSED,CLOSED,request,PROVIDER,N/A,,3560.0483769994753,INFO,adaptador.request,true,exitoso,,,10340.793387511,10337.233339134,,,2026-09-05T00:20:43.996638Z
3bb8e94c-4164-4866-b23e-45f245caee1c,run1_rep2,G,CLOSED,CLOSED,request,PROVIDER,N/A,,3639.6245430005365,INFO,adaptador.request,true,exitoso,,,10340.883580677,10337.243956134,,,2026-09-05T00:20:44.086849Z
789882a9-3e76-4ae2-b203-70702eefdde6,run1_rep2,G,CLOSED,CLOSED,request,PROVIDER,N/A,,3639.3660430003365,INFO,adaptador.request,true,exitoso,,,10340.967999844,10337.328633801,,,2026-09-05T00:20:44.171259Z
38848e64-3340-4eb6-a3ba-5196944b1e0a,run1_rep2,G,CLOSED,CLOSED,request,PROVIDER,N/A,,3721.450709999772,INFO,adaptador.request,true,exitoso,,,10341.071107844,10337.349657134,,,2026-09-05T00:20:44.274344Z
ed13a23b-90f2-4f43-a8af-01ee3445110c,run1_rep2,G,CLOSED,CLOSED,request,PROVIDER,N/A,,3784.3272520003666,INFO,adaptador.request,true,exitoso,,,10341.174774053,10337.390446801,,,2026-09-05T00:20:44.378031Z
31f893e9-ab40-4e6c-81ec-dac50b630ac8,run1_rep2,G,CLOSED,CLOSED,request,PROVIDER,N/A,,3695.6158350003534,INFO,adaptador.request,true,exitoso,,,10341.247835261,10337.552219426,,,2026-09-05T00:20:44.451091Z
2c426af9-65ab-4b7d-b23a-7e096ecdb67c,run1_rep2,G,CLOSED,CLOSED,request,PROVIDER,N/A,,3752.8704600008496,INFO,adaptador.request,true,exitoso,,,10341.326075344,10337.573204884,,,2026-09-05T00:20:44.529332Z
2264583e-3e07-4c17-95ac-f0d611bfc231,run1_rep2,G,CLOSED,CLOSED,request,PROVIDER,N/A,,3843.6669599996094,INFO,adaptador.request,true,exitoso,,,10341.434574636,10337.590907676,,,2026-09-05T00:20:44.637836Z
e94ca6f6-7592-4b60-998f-d005e64223a4,run1_rep2,G,CLOSED,CLOSED,request,PROVIDER,N/A,,3932.9225010005757,INFO,adaptador.request,true,exitoso,,,10341.532175344,10337.599252843,,,2026-09-05T00:20:44.735469Z
600b7ca3-2174-4e60-a7f4-4085864fe461,run1_rep2,G,CLOSED,CLOSED,request,PROVIDER,N/A,,3794.7156689988333,INFO,adaptador.request,true,exitoso,,,10341.628322595,10337.833606926,,,2026-09-05T00:20:44.831597Z
30dd9671-8705-4f3f-8b36-9fa36fe5bbbe,run1_rep2,G,CLOSED,CLOSED,request,PROVIDER,N/A,,3831.0583350012166,INFO,adaptador.request,true,exitoso,,,10341.698682136,10337.867623801,,,2026-09-05T00:20:44.901950Z
e7bfea63-03e7-4d3b-806d-c6b5e9412c95,run1_rep2,G,CLOSED,CLOSED,request,PROVIDER,N/A,,3834.934627000621,INFO,adaptador.request,true,exitoso,,,10341.765243386,10337.930308759,,,2026-09-05T00:20:44.968474Z
d22e1722-23df-41be-99a9-210b7f022259,run1_rep2,G,CLOSED,CLOSED,request,PROVIDER,N/A,,3896.311460999641,INFO,adaptador.request,true,exitoso,,,10341.855291095,10337.958979634,,,2026-09-05T00:20:45.058548Z
5eaa5862-aceb-4fa6-b653-5df64de51b2f,run1_rep2,G,CLOSED,CLOSED,request,PROVIDER,N/A,,3722.1865020001133,INFO,adaptador.request,true,exitoso,,,10341.911148553,10338.188962051,,,2026-09-05T00:20:45.114393Z
1c008801-d676-4123-9567-62c70b9ad47e,run1_rep2,G,CLOSED,CLOSED,request,PROVIDER,N/A,,3727.692210000896,INFO,adaptador.request,true,exitoso,,,10341.982612345,10338.254920135,,,2026-09-05T00:20:45.185849Z
17edbf5e-8c87-482c-9ef7-1255cabfebfc,run1_rep2,G,CLOSED,CLOSED,request,PROVIDER,N/A,,3653.0819599993265,INFO,adaptador.request,true,exitoso,,,10342.040495636,10338.387413676,,,2026-09-05T00:20:45.243735Z
2b99873e-a907-4a2c-85a9-8e52a90ef671,run1_rep2,G,CLOSED,CLOSED,request,PROVIDER,N/A,,3714.8368769994704,INFO,adaptador.request,true,exitoso,,,10342.10264972,10338.387812843,,,2026-09-05T00:20:45.305835Z
79181ef6-0e4e-4e2c-92e1-34729506950b,run1_rep2,G,CLOSED,CLOSED,request,PROVIDER,N/A,,3593.800292999731,INFO,adaptador.request,true,exitoso,,,10342.187378136,10338.593577843,,,2026-09-05T00:20:45.390589Z
1bde8356-7404-4244-b022-c73b91d18322,run1_rep2,G,CLOSED,CLOSED,request,PROVIDER,N/A,,3619.022500999563,INFO,adaptador.request,true,exitoso,,,10342.249546636,10338.630524135,,,2026-09-05T00:20:45.452784Z
de82884a-2a90-44c0-a816-6d5b848dacda,run1_rep2,G,CLOSED,CLOSED,request,PROVIDER,N/A,,3663.4506680002232,INFO,adaptador.request,true,exitoso,,,10342.331929553,10338.668478885,,,2026-09-05T00:20:45.535211Z
530fc2bc-b0f4-46b3-b56c-79e85562f26a,run1_rep2,G,CLOSED,CLOSED,request,PROVIDER,N/A,,3685.6744599990634,INFO,adaptador.request,true,exitoso,,,10342.39195872,10338.70628426,,,2026-09-05T00:20:45.595253Z
a57c21e3-b1a5-4299-a724-726102241fc3,run1_rep2,G,CLOSED,CLOSED,request,PROVIDER,N/A,,3695.926709999185,INFO,adaptador.request,true,exitoso,,,10342.483901053,10338.787974343,,,2026-09-05T00:20:45.687156Z
152d18db-69bc-4fdd-b7c7-1bf23b1b3a71,run1_rep2,G,CLOSED,CLOSED,request,PROVIDER,N/A,,3744.0880020003533,INFO,adaptador.request,true,exitoso,,,10342.545487845,10338.801399843,,,2026-09-05T00:20:45.748803Z
239bdce2-7138-4325-aa50-4684e438bfc5,run1_rep2,G,CLOSED,CLOSED,request,PROVIDER,N/A,,3816.4220429989655,INFO,adaptador.request,true,exitoso,,,10342.636577303,10338.82015526,,,2026-09-05T00:20:45.839824Z
ba166fe3-9510-4f64-bad3-f5005e3c0b25,run1_rep2,G,CLOSED,CLOSED,request,PROVIDER,N/A,,3597.4863760002336,INFO,adaptador.request,true,exitoso,,,10342.700962553,10339.103476177,,,2026-09-05T00:20:45.904225Z
43a9a920-abab-4a54-8f57-287bc20b8c16,run1_rep2,G,CLOSED,CLOSED,request,PROVIDER,N/A,,3616.7052930013597,INFO,adaptador.request,true,exitoso,,,10342.78772322,10339.171017927,,,2026-09-05T00:20:45.991033Z
b19c5b5a-df11-41ee-81e3-4bc1bca19487,run1_rep2,G,CLOSED,CLOSED,request,PROVIDER,N/A,,3653.3667509993393,INFO,adaptador.request,true,exitoso,,,10342.845181928,10339.191815177,,,2026-09-05T00:20:46.048426Z
3bd9e163-be33-4391-8d06-af68c455dcd6,run1_rep2,G,CLOSED,CLOSED,request,PROVIDER,N/A,,3634.020710000186,INFO,adaptador.request,true,exitoso,,,10342.93258122,10339.29856051,,,2026-09-05T00:20:46.135870Z
2ac3513f-71db-4afd-95e1-e8f93bd74e84,run1_rep2,G,CLOSED,CLOSED,request,PROVIDER,N/A,,3569.9435850001464,INFO,adaptador.request,true,exitoso,,,10343.027411012,10339.457467427,,,2026-09-05T00:20:46.230671Z
e02baa52-bd70-4401-8921-eed838705d9a,run1_rep2,G,CLOSED,CLOSED,request,PROVIDER,N/A,,3628.2363350001106,INFO,adaptador.request,true,exitoso,,,10343.09506522,10339.466828885,,,2026-09-05T00:20:46.298317Z
571e1458-f171-4152-9be3-114fa2d76b08,run1_rep2,G,CLOSED,CLOSED,request,PROVIDER,N/A,,3727.0517099987046,INFO,adaptador.request,true,exitoso,,,10343.20017447,10339.47312276,,,2026-09-05T00:20:46.403433Z
e0e938f0-cf79-4b48-9b84-e7c79f210c4f,run1_rep2,G,CLOSED,CLOSED,request,PROVIDER,N/A,,3584.4824189989595,INFO,adaptador.request,true,exitoso,,,10343.308069554,10339.723587135,,,2026-09-05T00:20:46.511306Z
426583aa-ec4a-40f8-bb5b-6b1c29a8e452,run1_rep2,G,CLOSED,CLOSED,request,PROVIDER,N/A,,3660.800460000246,INFO,adaptador.request,true,exitoso,,,10343.407834595,10339.747034135,,,2026-09-05T00:20:46.611088Z
6b81d4d5-207f-411f-8d03-4a5b4a90b0f6,run1_rep2,G,CLOSED,CLOSED,request,PROVIDER,N/A,,3675.22395999913,INFO,adaptador.request,true,exitoso,,,10343.491674762,10339.816450802,,,2026-09-05T00:20:46.694974Z
f052e5c7-3fae-4d2f-af1c-90d3822a0fa3,run1_rep2,G,CLOSED,CLOSED,request,PROVIDER,N/A,,3654.3512509997527,INFO,adaptador.request,true,exitoso,,,10343.587519845,10339.933168594,,,2026-09-05T00:20:46.790799Z
d71a7452-d88d-4458-8ab5-7eaba8cd3a33,run1_rep2,G,CLOSED,CLOSED,request,PROVIDER,N/A,,3690.303960000165,INFO,adaptador.request,true,exitoso,,,10343.666654262,10339.976350302,,,2026-09-05T00:20:46.869915Z
92ccb69c-170b-4c1a-a9a7-de10547090aa,run1_rep2,G,CLOSED,CLOSED,request,PROVIDER,N/A,,3768.2434180005657,INFO,adaptador.request,true,exitoso,,,10343.745545262,10339.977301844,,,2026-09-05T00:20:46.948871Z
cd885ac0-27f2-4eb8-a554-c35a49755928,run1_rep2,G,CLOSED,CLOSED,request,PROVIDER,N/A,,3790.7811269997183,INFO,adaptador.request,true,exitoso,,,10343.834820512,10340.044039385,,,2026-09-05T00:20:47.038058Z
b716ba8f-5f3b-49fe-bfda-ac2f99bcde83,run1_rep2,G,CLOSED,CLOSED,request,PROVIDER,N/A,,3846.973710000384,INFO,adaptador.request,true,exitoso,,,10343.894804512,10340.047830802,,,2026-09-05T00:20:47.098044Z
dc35f2ff-7994-43b4-8bc1-3e6de6d3c192,run1_rep2,G,CLOSED,CLOSED,request,PROVIDER,N/A,,3719.339293000303,INFO,adaptador.request,true,exitoso,,,10343.977028887,10340.257689594,,,2026-09-05T00:20:47.180294Z
e82da63a-0d27-4563-ba35-11eeadff813f,run1_rep2,G,CLOSED,CLOSED,request,PROVIDER,N/A,,3694.2916680000053,INFO,adaptador.request,true,exitoso,,,10344.030986887,10340.336695219,,,2026-09-05T00:20:47.234226Z
67749792-19d3-4476-912f-ae86fa5583b9,run1_rep2,G,CLOSED,CLOSED,request,PROVIDER,N/A,,3726.506667999274,INFO,adaptador.request,true,exitoso,,,10344.113643179,10340.387136511,,,2026-09-05T00:20:47.316872Z
af9104aa-281e-40f9-bd61-b8dfde170ee5,run1_rep2,G,CLOSED,CLOSED,request,PROVIDER,N/A,,3786.0072100011166,INFO,adaptador.request,true,exitoso,,,10344.173694887,10340.387687677,,,2026-09-05T00:20:47.376925Z
aa27a25a-f2f7-4ed1-b376-32edd2f83d2c,run1_rep2,G,CLOSED,CLOSED,request,PROVIDER,N/A,,3598.360875999788,INFO,adaptador.request,true,exitoso,,,10344.234583887,10340.636223011,,,2026-09-05T00:20:47.437833Z
7b2ab8d6-9966-41b9-b02b-0f965fb917f2,run1_rep2,G,CLOSED,CLOSED,request,PROVIDER,N/A,,3584.137918000124,INFO,adaptador.request,true,exitoso,,,10344.321735887,10340.737597969,,,2026-09-05T00:20:47.524980Z
d16a24f5-c3fa-4857-bba3-33783624d130,run1_rep2,G,CLOSED,CLOSED,request,PROVIDER,N/A,,3619.7825020008167,INFO,adaptador.request,true,exitoso,,,10344.419740388,10340.799957886,,,2026-09-05T00:20:47.622999Z
62414ba8-9abd-40c2-a6e4-f6f321ce9613,run1_rep2,G,CLOSED,CLOSED,request,PROVIDER,N/A,,3677.3572100009915,INFO,adaptador.request,true,exitoso,,,10344.496916971,10340.819559761,,,2026-09-05T00:20:47.700187Z
e36b1d16-7d9e-4c98-b92b-b4fbb1934241,run1_rep2,G,CLOSED,CLOSED,request,PROVIDER,N/A,,3524.30350099894,INFO,adaptador.request,true,exitoso,,,10344.553339679,10341.029036178,,,2026-09-05T00:20:47.756575Z
240a204b-7f08-44aa-aef1-32c564b5c90f,run1_rep2,G,CLOSED,CLOSED,request,PROVIDER,N/A,,3552.38541899962,INFO,adaptador.request,true,exitoso,,,10344.629655513,10341.077270094,,,2026-09-05T00:20:47.832912Z
845d9bd6-8fe3-4d23-8b9f-8805a4523e80,run1_rep2,G,CLOSED,CLOSED,request,PROVIDER,N/A,,3592.0896689985966,INFO,adaptador.request,true,exitoso,,,10344.728031763,10341.135942094,,,2026-09-05T00:20:47.931291Z
a42fa3f6-c837-41e8-909b-80a2bb584ca9,run1_rep2,G,CLOSED,CLOSED,request,PROVIDER,N/A,,3588.5008350014687,INFO,adaptador.request,true,exitoso,,,10344.794386846,10341.205886011,,,2026-09-05T00:20:47.997633Z
8e216dc0-4701-47d1-8e73-928e4223c987,run1_rep2,G,CLOSED,CLOSED,request,PROVIDER,N/A,,3641.066251999291,INFO,adaptador.request,true,exitoso,,,10344.886799013,10341.245732761,,,2026-09-05T00:20:48.090067Z
eb54e69f-325f-4c56-8ae5-0ac33106cd77,run1_rep2,G,CLOSED,CLOSED,request,PROVIDER,N/A,,3739.6843349997653,INFO,adaptador.request,true,exitoso,,,10344.989623929,10341.249939594,,,2026-09-05T00:20:48.192894Z
694935c7-03a4-4404-832a-19f1b869ce7a,run1_rep2,G,CLOSED,CLOSED,request,PROVIDER,N/A,,3745.7932520010218,INFO,adaptador.request,true,exitoso,,,10345.078111388,10341.332318136,,,2026-09-05T00:20:48.281328Z
e988051a-a2d9-427d-bfe2-eefa78d68656,run1_rep2,G,CLOSED,CLOSED,request,PROVIDER,N/A,,3821.385126999303,INFO,adaptador.request,true,exitoso,,,10345.17573643,10341.354351303,,,2026-09-05T00:20:48.378992Z
6531afcc-faa6-407d-beec-af7b2911dfe9,run1_rep2,G,CLOSED,CLOSED,request,PROVIDER,N/A,,3883.6718349994044,INFO,adaptador.request,true,exitoso,,,10345.243594013,10341.359922178,,,2026-09-05T00:20:48.446862Z
03ff17ed-3363-4fb2-a4e5-6fa68c593bb5,run1_rep2,G,CLOSED,CLOSED,request,PROVIDER,N/A,,3783.8934610008437,INFO,adaptador.request,true,exitoso,,,10345.303768555,10341.519875094,,,2026-09-05T00:20:48.507091Z
b4d4851a-d2dd-4cbd-a833-cac2aa765440,run1_rep2,G,CLOSED,CLOSED,request,PROVIDER,N/A,,3736.031001999436,INFO,adaptador.request,true,exitoso,,,10345.388319638,10341.652288636,,,2026-09-05T00:20:48.591686Z
7d9f8e31-be45-4d26-a6ed-d480d48d1bbe,run1_rep2,G,CLOSED,CLOSED,request,PROVIDER,N/A,,3452.6734599985502,INFO,adaptador.request,true,exitoso,,,10345.466604221,10342.013930761,,,2026-09-05T00:20:48.669872Z
b65dfdec-37e7-410d-8e1c-44f74b69a2d5,run1_rep2,G,CLOSED,CLOSED,request,PROVIDER,N/A,,3548.1013349999557,INFO,adaptador.request,true,exitoso,,,10345.574667596,10342.026566261,,,2026-09-05T00:20:48.777909Z
0fb6ad95-ee19-4790-b2b1-0313c1f5be30,run1_rep2,G,CLOSED,CLOSED,request,PROVIDER,N/A,,3609.454209999967,INFO,adaptador.request,true,exitoso,,,10345.66530043,10342.05584622,,,2026-09-05T00:20:48.868552Z
ffc99c97-d888-477c-8a91-da0f162c3bf0,run1_rep2,G,CLOSED,CLOSED,request,PROVIDER,N/A,,3668.017835001592,INFO,adaptador.request,true,exitoso,,,10345.733076263,10342.065058428,,,2026-09-05T00:20:48.936386Z
e24038b0-d147-426b-9ac6-8f34e3d0858f,run1_rep2,G,CLOSED,CLOSED,request,PROVIDER,N/A,,3724.901460000183,INFO,adaptador.request,true,exitoso,,,10345.802882388,10342.077980928,,,2026-09-05T00:20:49.006157Z
5b52d905-06ab-41f1-ae53-d30975d1877c,run1_rep2,G,CLOSED,CLOSED,request,PROVIDER,N/A,,3611.199793000196,INFO,adaptador.request,true,exitoso,,,10345.861558138,10342.250358345,,,2026-09-05T00:20:49.064808Z
17155ac8-7903-4818-909b-708c49c8f4d8,run1_rep2,G,CLOSED,CLOSED,request,PROVIDER,N/A,,3624.870376999752,INFO,adaptador.request,true,exitoso,,,10345.959098722,10342.334228345,,,2026-09-05T00:20:49.162332Z
ae41a6ee-1201-414b-8d75-50be9a9a2ff5,run1_rep2,G,CLOSED,CLOSED,request,PROVIDER,N/A,,3632.9803349999565,INFO,adaptador.request,true,exitoso,,,10346.027858097,10342.394877762,,,2026-09-05T00:20:49.231089Z
5a2a0ee4-1e4e-4504-8cbd-42ddf4f950a2,run1_rep2,G,CLOSED,CLOSED,request,PROVIDER,N/A,,3641.3029600007576,INFO,adaptador.request,true,exitoso,,,10346.122953722,10342.481650762,,,2026-09-05T00:20:49.326263Z
d2f6aa2b-2a4a-4192-9902-09a0b73132f3,run1_rep2,G,CLOSED,CLOSED,request,PROVIDER,N/A,,3684.215752000455,INFO,adaptador.request,true,exitoso,,,10346.19280868,10342.508592928,,,2026-09-05T00:20:49.396084Z
b03e4e6e-1a2b-465c-87e4-319264c5b4cf,run1_rep2,G,CLOSED,CLOSED,request,PROVIDER,N/A,,3735.990502000277,INFO,adaptador.request,true,exitoso,,,10346.252610222,10342.51661972,,,2026-09-05T00:20:49.455855Z
9eb91396-6d3d-4577-832f-42bee05bacf5,run1_rep2,G,CLOSED,CLOSED,request,PROVIDER,N/A,,3767.56508499966,INFO,adaptador.request,true,exitoso,,,10346.319150305,10342.55158522,,,2026-09-05T00:20:49.522405Z
05b413f5-41a1-4d15-a0a9-3d1d16e1a1b2,run1_rep2,G,CLOSED,CLOSED,request,PROVIDER,N/A,,3659.3873769998027,INFO,adaptador.request,true,exitoso,,,10346.39285068,10342.733463303,,,2026-09-05T00:20:49.596103Z
7961f3ed-e176-4cce-bbc1-c426097dc2d3,run1_rep2,G,CLOSED,CLOSED,request,PROVIDER,N/A,,3722.6430020000407,INFO,adaptador.request,true,exitoso,,,10346.45767743,10342.735034428,,,2026-09-05T00:20:49.660922Z
a4de9307-4a3b-480c-b38e-52766faf2de7,run1_rep2,G,CLOSED,CLOSED,request,PROVIDER,N/A,,3754.06408499839,INFO,adaptador.request,true,exitoso,,,10346.55586743,10342.801803345,,,2026-09-05T00:20:49.759161Z
79c78586-1d5f-4267-9ce8-3da24453f957,run1_rep2,G,CLOSED,CLOSED,request,PROVIDER,N/A,,3652.6836270004424,INFO,adaptador.request,true,exitoso,,,10346.661604722,10343.008921095,,,2026-09-05T00:20:49.864861Z
b436f8ee-c7e3-42f9-9b1b-a40efcdbfe41,run1_rep2,G,CLOSED,CLOSED,request,PROVIDER,N/A,,3645.602959999451,INFO,adaptador.request,true,exitoso,,,10346.766919639,10343.121316679,,,2026-09-05T00:20:49.970262Z
9dffa1a8-4950-43c1-a559-dbd01e43bbb0,run1_rep2,G,CLOSED,CLOSED,request,PROVIDER,N/A,,3686.882001999038,INFO,adaptador.request,true,exitoso,,,10346.854241889,10343.167359887,,,2026-09-05T00:20:50.057532Z
a260feea-7050-4a3f-8032-c79775b61399,run1_rep2,G,CLOSED,CLOSED,request,PROVIDER,N/A,,3727.4759599986282,INFO,adaptador.request,true,exitoso,,,10346.915203305,10343.187727345,,,2026-09-05T00:20:50.118469Z
91986edc-b414-4247-a4cc-3d9926fdf4a4,run1_rep2,G,CLOSED,CLOSED,request,PROVIDER,N/A,,3618.2256680003775,INFO,adaptador.request,true,exitoso,,,10347.012758805,10343.394533137,,,2026-09-05T00:20:50.216011Z
ea7039a2-5190-4381-ab43-35b64b391d50,run1_rep2,G,CLOSED,CLOSED,request,PROVIDER,N/A,,3688.0942930001765,INFO,adaptador.request,true,exitoso,,,10347.11150818,10343.423413887,,,2026-09-05T00:20:50.314779Z
7c249274-ac2c-450d-b242-7030b124dc93,run1_rep2,G,CLOSED,CLOSED,request,PROVIDER,N/A,,3686.557252000057,INFO,adaptador.request,true,exitoso,,,10347.199999306,10343.513442054,,,2026-09-05T00:20:50.403272Z
900c23c1-846a-493a-aa8d-6faa7bbe30e4,run1_rep2,G,CLOSED,CLOSED,request,PROVIDER,N/A,,3695.4056690010475,INFO,adaptador.request,true,exitoso,,,10347.290267681,10343.594862012,,,2026-09-05T00:20:50.493520Z
12aca8c2-8f4f-4c1b-9259-f141d9fe50ca,run1_rep2,G,CLOSED,CLOSED,request,PROVIDER,N/A,,3793.179210000744,INFO,adaptador.request,true,exitoso,,,10347.392883472,10343.599704262,,,2026-09-05T00:20:50.596247Z
db472d30-32a6-4d66-af3e-6130f020fed3,run1_rep2,G,CLOSED,CLOSED,request,PROVIDER,N/A,,3826.51933499983,INFO,adaptador.request,true,exitoso,,,10347.490260847,10343.663741512,,,2026-09-05T00:20:50.693522Z
81eb00d7-a523-4709-8294-aa94967add4a,run1_rep2,G,CLOSED,CLOSED,request,PROVIDER,N/A,,3805.0511270012066,INFO,adaptador.request,true,exitoso,,,10347.582582389,10343.777531262,,,2026-09-05T00:20:50.785821Z
390eb566-0a8c-49f3-8502-ee9a15026728,run1_rep2,G,CLOSED,CLOSED,request,PROVIDER,N/A,,3839.604169001177,INFO,adaptador.request,true,exitoso,,,10347.659120931,10343.819516762,,,2026-09-05T00:20:50.862364Z
9439d3fb-2de9-4466-bccc-4d598f7f1224,run1_rep2,G,CLOSED,CLOSED,request,PROVIDER,N/A,,3818.069752000156,INFO,adaptador.request,true,exitoso,,,10347.735789681,10343.917719929,,,2026-09-05T00:20:50.939026Z
6bd95635-351b-4593-8d18-e8b7fa75fe25,run1_rep2,G,CLOSED,CLOSED,request,PROVIDER,N/A,,3768.106043999069,INFO,adaptador.request,true,exitoso,,,10347.810326181,10344.042220137,,,2026-09-05T00:20:51.013579Z
1358fc00-1b88-4151-9c69-2a569968a96c,run1_rep2,G,CLOSED,CLOSED,request,PROVIDER,N/A,,3799.4086679991597,INFO,adaptador.request,true,exitoso,,,10347.900998889,10344.101590221,,,2026-09-05T00:20:51.104288Z
3cf5f301-7f38-4c3a-8bcd-78e0acbdfbc3,run1_rep2,G,CLOSED,CLOSED,request,PROVIDER,N/A,,3782.995335001033,INFO,adaptador.request,true,exitoso,,,10348.000767014,10344.217771679,,,2026-09-05T00:20:51.204023Z
818808a7-7938-410b-bac9-f588a466733b,run1_rep2,G,CLOSED,CLOSED,request,PROVIDER,N/A,,3724.309335999351,INFO,adaptador.request,true,exitoso,,,10348.066835348,10344.342526012,,,2026-09-05T00:20:51.270084Z
122fd454-51d6-4e9a-833f-5be8e20e94da,run1_rep2,G,CLOSED,CLOSED,request,PROVIDER,N/A,,3767.7041689985344,INFO,adaptador.request,true,exitoso,,,10348.163779223,10344.396075054,,,2026-09-05T00:20:51.367026Z
75f3be1b-db7c-4bb4-a442-cc8d6f9552c1,run1_rep2,G,CLOSED,CLOSED,request,PROVIDER,N/A,,3782.3398350010393,INFO,adaptador.request,true,exitoso,,,10348.228379681,10344.446039846,,,2026-09-05T00:20:51.431634Z
0141c625-20b2-46d8-a778-6127afd08fb8,run1_rep2,G,CLOSED,CLOSED,request,PROVIDER,N/A,,3826.831418000438,INFO,adaptador.request,true,exitoso,,,10348.286597306,10344.459765888,,,2026-09-05T00:20:51.489845Z
1606e733-5227-44ac-bcc0-d6b13716e8b4,run1_rep2,G,CLOSED,CLOSED,request,PROVIDER,N/A,,3858.050668000942,INFO,adaptador.request,true,exitoso,,,10348.358355389,10344.500304721,,,2026-09-05T00:20:51.561626Z
7d7b309e-dfa0-4c76-8e53-c07323a3a697,run1_rep2,G,CLOSED,CLOSED,request,PROVIDER,N/A,,3886.6165010003897,INFO,adaptador.request,true,exitoso,,,10348.464331014,10344.577714513,,,2026-09-05T00:20:51.667581Z
c98711e3-9471-4a08-9482-e66f0c315312,run1_rep2,G,CLOSED,CLOSED,request,PROVIDER,N/A,,3888.1389599991962,INFO,adaptador.request,true,exitoso,,,10348.556932389,10344.668793429,,,2026-09-05T00:20:51.760207Z
a6e964d0-1dcd-42ce-9107-9a58f081dc7e,run1_rep2,G,CLOSED,CLOSED,request,PROVIDER,N/A,,3718.0221270009497,INFO,adaptador.request,true,exitoso,,,10348.638077015,10344.920054888,,,2026-09-05T00:20:51.841329Z
1e44d5bf-62a1-477f-9cfb-8098f2ad12b3,run1_rep2,G,CLOSED,CLOSED,request,PROVIDER,N/A,,3746.206460000394,INFO,adaptador.request,true,exitoso,,,10348.699471931,10344.953265471,,,2026-09-05T00:20:51.902729Z
3ea71ee4-291a-4355-a835-bfe9773c3cf2,run1_rep2,G,CLOSED,CLOSED,request,PROVIDER,N/A,,3770.065959999556,INFO,adaptador.request,true,exitoso,,,10348.769776348,10344.999710388,,,2026-09-05T00:20:51.973012Z
162aa7f4-3cb7-4ba4-af8d-d5fbef7f6337,run1_rep2,G,CLOSED,CLOSED,request,PROVIDER,N/A,,3837.8002519984875,INFO,adaptador.request,true,exitoso,,,10348.858661473,10345.020861221,,,2026-09-05T00:20:52.061942Z
684becc2-28a3-4f9c-8dd0-cb1937c5bfae,run1_rep2,G,CLOSED,CLOSED,request,PROVIDER,N/A,,3884.695376998934,INFO,adaptador.request,true,exitoso,,,10348.957386723,10345.072691346,,,2026-09-05T00:20:52.160630Z
0a47ab3c-0d7c-4fc7-829c-2a242e85333f,run1_rep2,G,CLOSED,CLOSED,request,PROVIDER,N/A,,3963.5450019995915,INFO,adaptador.request,true,exitoso,,,10349.03662164,10345.073076638,,,2026-09-05T00:20:52.239869Z
1835127e-53e0-4145-8090-19667b64c745,run1_rep2,G,CLOSED,CLOSED,request,PROVIDER,N/A,,3870.57654399905,INFO,adaptador.request,true,exitoso,,,10349.12765164,10345.257075096,,,2026-09-05T00:20:52.330905Z
ff63c5ca-e655-4ff5-b682-96fc75ee673f,run1_rep2,G,CLOSED,CLOSED,request,PROVIDER,N/A,,3861.67529299928,INFO,adaptador.request,true,exitoso,,,10349.198381473,10345.33670618,,,2026-09-05T00:20:52.401637Z
3921e406-3f64-4dac-b5e4-c850476d38b2,run1_rep2,G,CLOSED,CLOSED,request,PROVIDER,N/A,,3860.732127001029,INFO,adaptador.request,true,exitoso,,,10349.262775473,10345.402043346,,,2026-09-05T00:20:52.466038Z
0a824719-4306-4a08-93f1-0d98489d0955,run1_rep2,G,CLOSED,CLOSED,request,PROVIDER,N/A,,3797.3744190003345,INFO,adaptador.request,true,exitoso,,,10349.359493515,10345.562119096,,,2026-09-05T00:20:52.562760Z
a7b09e8e-887a-4d81-929c-289e5206a2bb,run1_rep2,G,CLOSED,CLOSED,request,PROVIDER,N/A,,3771.0786269999517,INFO,adaptador.request,true,exitoso,,,10349.451313723,10345.680235096,,,2026-09-05T00:20:52.654553Z
bf9b6614-5435-4843-81e2-6a3b3550d1b0,run1_rep2,G,CLOSED,CLOSED,request,PROVIDER,N/A,,3790.0443359994824,INFO,adaptador.request,true,exitoso,,,10349.543023932,10345.752979596,,,2026-09-05T00:20:52.746288Z
34e4c865-c6f1-4730-a42a-e498c9cbe1fc,run1_rep2,G,CLOSED,CLOSED,request,PROVIDER,N/A,,3715.186460000041,INFO,adaptador.request,true,exitoso,,,10349.60377864,10345.88859218,,,2026-09-05T00:20:52.807030Z
40ce61b1-f4e9-47a5-8dc9-893aa63197a3,run1_rep2,G,CLOSED,CLOSED,request,PROVIDER,N/A,,3810.4996269994444,INFO,adaptador.request,true,exitoso,,,10349.699542307,10345.88904268,,,2026-09-05T00:20:52.902819Z
abb8760c-722a-482e-bc14-95753849830d,run1_rep2,G,CLOSED,CLOSED,request,PROVIDER,N/A,,3755.7887099992513,INFO,adaptador.request,true,exitoso,,,10349.766229973,10346.010441263,,,2026-09-05T00:20:52.969476Z
c942bcaa-b613-49d9-b43e-663a86870caa,run1_rep2,G,CLOSED,CLOSED,request,PROVIDER,N/A,,3829.4340430002194,INFO,adaptador.request,true,exitoso,,,10349.861539015,10346.032104972,,,2026-09-05T00:20:53.064799Z
d8634840-e2dd-44ab-9a82-d01c42f3ce66,run1_rep2,G,CLOSED,CLOSED,request,PROVIDER,N/A,,3779.6809600004053,INFO,adaptador.request,true,exitoso,,,10349.931056765,10346.151375805,,,2026-09-05T00:20:53.134304Z
485393b7-f795-4c95-9006-54c2349c7dfb,run1_rep2,G,CLOSED,CLOSED,request,PROVIDER,N/A,,3818.5216689998924,INFO,adaptador.request,true,exitoso,,,10350.013669182,10346.195147513,,,2026-09-05T00:20:53.216882Z
108b0c8f-efdb-4182-835e-ba1666cf90cd,run1_rep2,G,CLOSED,CLOSED,request,PROVIDER,N/A,,3908.9058770005067,INFO,adaptador.request,true,exitoso,,,10350.104594224,10346.195688347,,,2026-09-05T00:20:53.307828Z
14bb4676-5ace-4f45-b454-20d10eaef03c,run1_rep2,G,CLOSED,CLOSED,request,PROVIDER,N/A,,3892.2511679993477,INFO,adaptador.request,true,exitoso,,,10350.16439939,10346.272148222,,,2026-09-05T00:20:53.367679Z
2fc40123-955c-42f5-b0ca-160cba575447,run1_rep2,G,CLOSED,CLOSED,request,PROVIDER,N/A,,3902.1401680001873,INFO,adaptador.request,true,exitoso,,,10350.27153689,10346.369396722,,,2026-09-05T00:20:53.474797Z
33e620c3-5db6-4fc5-9bd1-f40462cf572b,run1_rep2,G,CLOSED,CLOSED,request,PROVIDER,N/A,,3966.225377000228,INFO,adaptador.request,true,exitoso,,,10350.35683389,10346.390608513,,,2026-09-05T00:20:53.560077Z
efbbe63d-6331-4bc5-b866-e5bd0dd09cf6,run1_rep2,G,CLOSED,CLOSED,request,PROVIDER,N/A,,3922.6887929999066,INFO,adaptador.request,true,exitoso,,,10350.41488589,10346.492197097,,,2026-09-05T00:20:53.618135Z
da02a578-a467-4909-ac62-cd7d1bf90e21,run1_rep2,G,CLOSED,CLOSED,request,PROVIDER,N/A,,3851.2113760007196,INFO,adaptador.request,true,exitoso,,,10350.47085239,10346.619641014,,,2026-09-05T00:20:53.674100Z
0cb488dc-c2ea-411a-b7fa-6b150fcae24c,run1_rep2,G,CLOSED,CLOSED,request,PROVIDER,N/A,,3891.0147930000676,INFO,adaptador.request,true,exitoso,,,10350.536402557,10346.645387764,,,2026-09-05T00:20:53.739653Z
0a59bdf2-f311-438b-be88-a000848de23e,run1_rep2,G,CLOSED,CLOSED,request,PROVIDER,N/A,,3944.3822100001853,INFO,adaptador.request,true,exitoso,,,10350.638544932,10346.694162722,,,2026-09-05T00:20:53.841804Z
49d6f769-518c-444a-ad16-0dd2ae0fdd8c,run1_rep2,G,CLOSED,CLOSED,request,PROVIDER,N/A,,3934.9065859987604,INFO,adaptador.request,true,exitoso,,,10350.705762516,10346.77085593,,,2026-09-05T00:20:53.909010Z
36ec756b-017f-4ad1-95f8-a9fc15a3bc39,run1_rep2,G,CLOSED,CLOSED,request,PROVIDER,N/A,,3926.935293999122,INFO,adaptador.request,true,exitoso,,,10350.774317016,10346.847381722,,,2026-09-05T00:20:53.977613Z
781ba247-4e33-4346-af93-043f419f9770,run1_rep2,G,CLOSED,CLOSED,request,PROVIDER,N/A,,3706.879126999411,INFO,adaptador.request,true,exitoso,,,10350.878963682,10347.172084555,,,2026-09-05T00:20:54.082244Z
09425dcf-be7b-40bd-8ff9-325ed8766b3a,run1_rep2,G,CLOSED,CLOSED,request,PROVIDER,N/A,,3810.1484600010735,INFO,adaptador.request,true,exitoso,,,10350.982583974,10347.172435514,,,2026-09-05T00:20:54.185820Z
dcca96a6-02d3-400f-aa48-df4133df45a7,run1_rep2,G,CLOSED,CLOSED,request,PROVIDER,N/A,,3753.3257939994655,INFO,adaptador.request,true,exitoso,,,10351.087232766,10347.333906972,,,2026-09-05T00:20:54.290505Z
3bfe3abd-7ce0-4fb9-a747-b1b55da3cfdc,run1_rep2,G,CLOSED,CLOSED,request,PROVIDER,N/A,,3756.816835000791,INFO,adaptador.request,true,exitoso,,,10351.184401766,10347.427584931,,,2026-09-05T00:20:54.387671Z
d8121490-d5e8-4d6c-b44b-9b5e833852f8,run1_rep2,G,CLOSED,CLOSED,request,PROVIDER,N/A,,3814.101126999958,INFO,adaptador.request,true,exitoso,,,10351.250647974,10347.436546847,,,2026-09-05T00:20:54.453913Z
1fe21da9-3911-495a-90c9-cb08581e590d,run1_rep2,G,CLOSED,CLOSED,request,PROVIDER,N/A,,3747.499251998306,INFO,adaptador.request,true,exitoso,,,10351.348482974,10347.600983722,,,2026-09-05T00:20:54.551779Z
409b2c5b-81d7-48f9-8b63-dfbb17601dea,run1_rep2,G,CLOSED,CLOSED,request,PROVIDER,N/A,,3802.6469190008356,INFO,adaptador.request,true,exitoso,,,10351.424614433,10347.621967514,,,2026-09-05T00:20:54.627827Z
e738deef-786d-414d-a150-e032ce9d5592,run1_rep2,G,CLOSED,CLOSED,request,PROVIDER,N/A,,3747.435877001408,INFO,adaptador.request,true,exitoso,,,10351.519933891,10347.772498014,,,2026-09-05T00:20:54.723247Z
227a924c-05c9-4f32-bf5c-724e31858b05,run1_rep2,G,CLOSED,CLOSED,request,PROVIDER,N/A,,3712.782751999839,INFO,adaptador.request,true,exitoso,,,10351.594778516,10347.881995764,,,2026-09-05T00:20:54.798037Z
1343cbfd-0236-44e9-b17b-d87b6417007b,run1_rep2,G,CLOSED,CLOSED,request,PROVIDER,N/A,,3813.1381269995472,INFO,adaptador.request,true,exitoso,,,10351.695602183,10347.882464056,,,2026-09-05T00:20:54.898882Z
88dbf141-9564-425b-a63e-38b285370e14,run1_rep2,G,CLOSED,CLOSED,request,PROVIDER,N/A,,3735.1298769990535,INFO,adaptador.request,true,exitoso,,,10351.769584683,10348.034454806,,,2026-09-05T00:20:54.972875Z
ba05a71e-b2b0-47c9-8f01-74946b737383,run1_rep2,G,CLOSED,CLOSED,request,PROVIDER,N/A,,3772.485752000648,INFO,adaptador.request,true,exitoso,,,10351.862364266,10348.089878514,,,2026-09-05T00:20:55.065618Z
fe6e5518-b55b-41b0-a335-5cdb1cb086d0,run1_rep2,G,CLOSED,CLOSED,request,PROVIDER,N/A,,3821.450460000051,INFO,adaptador.request,true,exitoso,,,10351.935575808,10348.114125348,,,2026-09-05T00:20:55.138817Z
ce678a96-0e4f-4aa8-8ae4-285843df3949,run1_rep2,G,CLOSED,CLOSED,request,PROVIDER,N/A,,3889.7470850006357,INFO,adaptador.request,true,exitoso,,,10352.033632433,10348.143885348,,,2026-09-05T00:20:55.236878Z
b2994d0a-10fa-4d80-b062-54628a8aad3e,run1_rep2,G,CLOSED,CLOSED,request,PROVIDER,N/A,,3815.9217510001326,INFO,adaptador.request,true,exitoso,,,10352.096908307,10348.280986556,,,2026-09-05T00:20:55.300030Z
97605026-0079-4edb-8fdd-af0c9b4d7c5e,run1_rep2,G,CLOSED,CLOSED,request,PROVIDER,N/A,,3854.7955009998986,INFO,adaptador.request,true,exitoso,,,10352.15105364,10348.296258139,,,2026-09-05T00:20:55.354151Z
65ea7f42-25bc-4f43-a0e4-7c90dd035657,run1_rep2,G,CLOSED,CLOSED,request,PROVIDER,N/A,,3712.0200009994733,INFO,adaptador.request,true,exitoso,,,10352.24080364,10348.528783639,,,2026-09-05T00:20:55.443905Z
9f5123f1-cbd5-46d5-9103-81fb4273d572,run1_rep2,G,CLOSED,CLOSED,request,PROVIDER,N/A,,3640.9667509997234,INFO,adaptador.request,true,exitoso,,,10352.346932307,10348.705965556,,,2026-09-05T00:20:55.550111Z
2803bd4e-fb20-4956-9623-7f96b8376bd8,run1_rep2,G,CLOSED,CLOSED,request,PROVIDER,N/A,,3715.4093339995597,INFO,adaptador.request,true,exitoso,,,10352.430377057,10348.714967723,,,2026-09-05T00:20:55.633536Z
a1fc84c3-8b52-4501-8379-bb48ebaf96fa,run1_rep2,G,CLOSED,CLOSED,request,PROVIDER,N/A,,3808.7025839995476,INFO,adaptador.request,true,exitoso,,,10352.534868599,10348.726166015,,,2026-09-05T00:20:55.738022Z
ecb7925a-a47a-4598-a82d-062f9f51b627,run1_rep2,G,CLOSED,CLOSED,request,PROVIDER,N/A,,3900.8135000003676,INFO,adaptador.request,true,exitoso,,,10352.62764414,10348.72683064,,,2026-09-05T00:20:55.830788Z
da597e3c-6fb0-4db7-b2b9-dca23c9c588d,run1_rep2,G,CLOSED,CLOSED,request,PROVIDER,N/A,,3827.6209169998765,INFO,adaptador.request,true,exitoso,,,10352.713340307,10348.88571939,,,2026-09-05T00:20:55.916517Z
7358ed4d-f701-42d3-a7ba-b3c7714d2a03,run1_rep2,G,CLOSED,CLOSED,request,PROVIDER,N/A,,3853.9834589992097,INFO,adaptador.request,true,exitoso,,,10352.814713974,10348.960730515,,,2026-09-05T00:20:56.017883Z
c058f46a-51c2-4ec3-b30b-1cdfd2efdc1f,run1_rep2,G,CLOSED,CLOSED,request,PROVIDER,N/A,,3940.310125999531,INFO,adaptador.request,true,exitoso,,,10352.901848141,10348.961538015,,,2026-09-05T00:20:56.105005Z
6958b8dd-b780-4c9b-b9c4-6a174c48a482,run1_rep2,G,CLOSED,CLOSED,request,PROVIDER,N/A,,3769.0058759999374,INFO,adaptador.request,true,exitoso,,,10352.961733391,10349.192727515,,,2026-09-05T00:20:56.164907Z
6b43359c-0deb-409e-a5de-553814c36e2d,run1_rep2,G,CLOSED,CLOSED,request,PROVIDER,N/A,,3818.4684600000764,INFO,adaptador.request,true,exitoso,,,10353.023199891,10349.204731431,,,2026-09-05T00:20:56.226344Z
ec7f912e-a093-4ab6-afc8-50d117c1abaa,run1_rep2,G,CLOSED,CLOSED,request,PROVIDER,N/A,,3826.7222930007847,INFO,adaptador.request,true,exitoso,,,10353.086090474,10349.259368181,,,2026-09-05T00:20:56.289234Z
b08d9991-ec81-4d9e-b36b-56b96846e058,run1_rep2,G,CLOSED,CLOSED,request,PROVIDER,N/A,,3805.178459000672,INFO,adaptador.request,true,exitoso,,,10353.192239391,10349.387060932,,,2026-09-05T00:20:56.395396Z
f6a43788-d98d-4325-bc7f-6a9d2235a3c5,run1_rep2,G,CLOSED,CLOSED,request,PROVIDER,N/A,,3814.6786679990328,INFO,adaptador.request,true,exitoso,,,10353.272476016,10349.457797348,,,2026-09-05T00:20:56.475628Z
595be7a9-28ab-45f7-8d35-a851dc4883cd,run1_rep2,G,CLOSED,CLOSED,request,PROVIDER,N/A,,3878.1239589989127,INFO,adaptador.request,true,exitoso,,,10353.378168557,10349.500044598,,,2026-09-05T00:20:56.581338Z
7ee91858-2cb8-40c6-8993-0f79e00c6b12,run1_rep2,G,CLOSED,CLOSED,request,PROVIDER,N/A,,3829.143042999931,INFO,adaptador.request,true,exitoso,,,10353.445340391,10349.616197348,,,2026-09-05T00:20:56.648501Z
5e5eed51-7923-4f95-98a4-ce9b8971769b,run1_rep2,G,CLOSED,CLOSED,request,PROVIDER,N/A,,3777.8045430004568,INFO,adaptador.request,true,exitoso,,,10353.550634058,10349.772829515,,,2026-09-05T00:20:56.753788Z
8fc507f1-89c4-4f81-9409-335f9cd790ae,run1_rep2,G,CLOSED,CLOSED,request,PROVIDER,N/A,,3838.0487089998496,INFO,adaptador.request,true,exitoso,,,10353.617446641,10349.779397932,,,2026-09-05T00:20:56.820651Z
afd06f65-f9e5-4cbe-a441-890d26635229,run1_rep2,G,CLOSED,CLOSED,request,PROVIDER,N/A,,3758.0415430002176,INFO,adaptador.request,true,exitoso,,,10353.686885933,10349.92884439,,,2026-09-05T00:20:56.890057Z
9d586a44-abdc-4e2d-804f-8b0c3bc8638e,run1_rep2,G,CLOSED,CLOSED,request,PROVIDER,N/A,,3752.9717090001213,INFO,adaptador.request,true,exitoso,,,10353.754873016,10350.001901307,,,2026-09-05T00:20:56.958027Z
b97d7d94-6cbf-4ac6-a305-68af22e0287a,run1_rep2,G,CLOSED,CLOSED,request,PROVIDER,N/A,,3793.9207090003038,INFO,adaptador.request,true,exitoso,,,10353.847672683,10350.053751974,,,2026-09-05T00:20:57.050832Z
55abf1d8-8943-4c80-9e87-9e6c7ac0b49a,run1_rep2,G,CLOSED,CLOSED,request,PROVIDER,N/A,,3799.8395419999724,INFO,adaptador.request,true,exitoso,,,10353.910558766,10350.110719224,,,2026-09-05T00:20:57.113724Z
d99d90e1-c422-4e60-b7f6-ac5695cb7696,run1_rep2,G,CLOSED,CLOSED,request,PROVIDER,N/A,,3799.342625999998,INFO,adaptador.request,true,exitoso,,,10353.996971391,10350.197628765,,,2026-09-05T00:20:57.200156Z
31c0309f-31fc-42bd-9ab0-b3fad8664086,run1_rep2,G,CLOSED,CLOSED,request,PROVIDER,N/A,,3858.6432920001243,INFO,adaptador.request,true,exitoso,,,10354.078964599,10350.220321307,,,2026-09-05T00:20:57.282133Z
233fb479-74c9-4b91-9590-aca45a2c5965,run1_rep2,G,CLOSED,CLOSED,request,PROVIDER,N/A,,3825.253042999975,INFO,adaptador.request,true,exitoso,,,10354.140947433,10350.31569439,,,2026-09-05T00:20:57.344115Z
713230b9-e382-4b1c-ba9a-3e553f00ae61,run1_rep2,G,CLOSED,CLOSED,request,PROVIDER,N/A,,3609.611751000557,INFO,adaptador.request,true,exitoso,,,10354.217444516,10350.607832765,,,2026-09-05T00:20:57.420617Z
a866726a-49e6-42eb-8182-23bbca4204f1,run1_rep2,G,CLOSED,CLOSED,request,PROVIDER,N/A,,3641.3439589996415,INFO,adaptador.request,true,exitoso,,,10354.286961016,10350.645617057,,,2026-09-05T00:20:57.490122Z
b778c0be-512c-4d98-bb05-79fcbfec6261,run1_rep2,G,CLOSED,CLOSED,request,PROVIDER,N/A,,3732.7853340011643,INFO,adaptador.request,true,exitoso,,,10354.386110183,10350.653324849,,,2026-09-05T00:20:57.589267Z
5331fa14-4195-4370-89df-e7b2ddfed169,run1_rep2,G,CLOSED,CLOSED,request,PROVIDER,N/A,,3809.368334001192,INFO,adaptador.request,true,exitoso,,,10354.466439891,10350.657071557,,,2026-09-05T00:20:57.669583Z
dc91797f-dafa-4103-b238-56afbe8d4b02,run1_rep2,G,CLOSED,CLOSED,request,PROVIDER,N/A,,3841.6273339989857,INFO,adaptador.request,true,exitoso,,,10354.552850641,10350.711223307,,,2026-09-05T00:20:57.756080Z
3d94f250-96ac-40c9-be81-81d45218ab33,run1_rep2,G,CLOSED,CLOSED,request,PROVIDER,N/A,,3785.2183760005573,INFO,adaptador.request,true,exitoso,,,10354.619912058,10350.834693682,,,2026-09-05T00:20:57.823104Z
86b6473e-3cfd-4b7f-8166-b3af000e3296,run1_rep2,G,CLOSED,CLOSED,request,PROVIDER,N/A,,3739.874250999492,INFO,adaptador.request,true,exitoso,,,10354.7177976,10350.977923349,,,2026-09-05T00:20:57.920942Z
35d41a24-a4fb-42f6-91b0-b83e7c50497b,run1_rep2,G,CLOSED,CLOSED,request,PROVIDER,N/A,,3669.983043000684,INFO,adaptador.request,true,exitoso,,,10354.789924725,10351.119941682,,,2026-09-05T00:20:57.993115Z
ea76bdf8-fcbb-4b9c-bdaf-380ac3687ab7,run1_rep2,G,CLOSED,CLOSED,request,PROVIDER,N/A,,3747.0589599997766,INFO,adaptador.request,true,exitoso,,,10354.890589142,10351.143530182,,,2026-09-05T00:20:58.093742Z
ee7b3c61-83d4-4314-821b-f5776a7b4e94,run1_rep2,G,CLOSED,CLOSED,request,PROVIDER,N/A,,3833.9341259998037,INFO,adaptador.request,true,exitoso,,,10354.992087725,10351.158153599,,,2026-09-05T00:20:58.195261Z
f31ec627-6b4f-49a3-8cb1-0d7ad9cb2cc8,run1_rep2,G,CLOSED,CLOSED,request,PROVIDER,N/A,,3715.4117089994543,INFO,adaptador.request,true,exitoso,,,10355.083846225,10351.368434516,,,2026-09-05T00:20:58.286995Z
afc41ffe-4afa-488e-9e9d-a4b1f2cb8436,run1_rep2,G,CLOSED,CLOSED,request,PROVIDER,N/A,,3778.3061249992898,INFO,adaptador.request,true,exitoso,,,10355.184568183,10351.406262058,,,2026-09-05T00:20:58.387725Z
1cf15c57-4f35-4b7b-ad1e-1811c845a0f8,run1_rep2,G,CLOSED,CLOSED,request,PROVIDER,N/A,,3784.003834000032,INFO,adaptador.request,true,exitoso,,,10355.274134725,10351.490130891,,,2026-09-05T00:20:58.477316Z
6a2fd7e6-9119-442f-8c02-0f39f5b7393a,run1_rep2,G,CLOSED,CLOSED,request,PROVIDER,N/A,,3787.1585009997943,INFO,adaptador.request,true,exitoso,,,10355.336932975,10351.549774474,,,2026-09-05T00:20:58.540111Z
4a2cc72b-b6be-4285-b253-7d1af33ce956,run1_rep2,G,CLOSED,CLOSED,request,PROVIDER,N/A,,3867.345001001013,INFO,adaptador.request,true,exitoso,,,10355.436621725,10351.569276724,,,2026-09-05T00:20:58.639812Z
c901c6d4-2000-4bc0-a7b3-b8537817ec0d,run1_rep2,G,CLOSED,CLOSED,request,PROVIDER,N/A,,3828.827084000295,INFO,adaptador.request,true,exitoso,,,10355.510743808,10351.681916724,,,2026-09-05T00:20:58.713930Z
1ea2b081-cd34-40b3-a1f5-5fa73d139130,run1_rep2,G,CLOSED,CLOSED,request,PROVIDER,N/A,,3814.225793001242,INFO,adaptador.request,true,exitoso,,,10355.586807059,10351.772581266,,,2026-09-05T00:20:58.789991Z
087a239e-8786-4bb1-9727-53f76d1e0017,run1_rep2,G,CLOSED,CLOSED,request,PROVIDER,N/A,,3842.9785010011983,INFO,adaptador.request,true,exitoso,,,10355.645882184,10351.802903683,,,2026-09-05T00:20:58.849084Z
814e8e93-9773-4a1c-b8a1-d6b621a50c65,run1_rep2,G,CLOSED,CLOSED,request,PROVIDER,N/A,,3757.9538760001014,INFO,adaptador.request,true,exitoso,,,10355.712647309,10351.954693433,,,2026-09-05T00:20:58.915842Z
bb81a45b-027d-4284-ac52-5a32e511b380,run1_rep2,G,CLOSED,CLOSED,request,PROVIDER,N/A,,3838.621584000066,INFO,adaptador.request,true,exitoso,,,10355.8125716,10351.973950016,,,2026-09-05T00:20:59.015747Z
da311b78-046c-438f-90e2-589316cebf92,run1_rep2,G,CLOSED,CLOSED,request,PROVIDER,N/A,,3926.3163340001483,INFO,adaptador.request,true,exitoso,,,10355.9006646,10351.974348266,,,2026-09-05T00:20:59.103855Z
c1e21db8-e38e-44c5-9342-5b254af46396,run1_rep2,G,CLOSED,CLOSED,request,PROVIDER,N/A,,3821.6316269990784,INFO,adaptador.request,true,exitoso,,,10355.971576434,10352.149944807,,,2026-09-05T00:20:59.174787Z
f27d56ad-ee4c-4884-a2ee-de7bf1d70d3e,run1_rep2,G,CLOSED,CLOSED,request,PROVIDER,N/A,,3923.395793999589,INFO,adaptador.request,true,exitoso,,,10356.073615434,10352.15021964,,,2026-09-05T00:20:59.276820Z
56da1eac-05a6-464f-a52f-1ab1683ae905,run1_rep2,G,CLOSED,CLOSED,request,PROVIDER,N/A,,3978.4954599999764,INFO,adaptador.request,true,exitoso,,,10356.16947685,10352.19098139,,,2026-09-05T00:20:59.372631Z
dda43e14-67cb-4af2-89e9-fe2def725abb,run1_rep2,G,CLOSED,CLOSED,request,PROVIDER,N/A,,3753.7462519994733,INFO,adaptador.request,true,exitoso,,,10356.227087684,10352.473341432,,,2026-09-05T00:20:59.430264Z
932de2fe-8c20-413d-958f-73712659f397,run1_rep2,G,CLOSED,CLOSED,request,PROVIDER,N/A,,3798.9562099992327,INFO,adaptador.request,true,exitoso,,,10356.304671142,10352.505714932,,,2026-09-05T00:20:59.507905Z
d43a215d-f105-432c-a26b-f4cd6aa882f3,run1_rep2,G,CLOSED,CLOSED,request,PROVIDER,N/A,,3843.3610430001863,INFO,adaptador.request,true,exitoso,,,10356.374300642,10352.530939599,,,2026-09-05T00:20:59.577542Z
fed41eb6-279e-4a67-b9b5-abfdfdfb6afb,run1_rep2,G,CLOSED,CLOSED,request,PROVIDER,N/A,,3711.536418999458,INFO,adaptador.request,true,exitoso,,,10356.441491184,10352.729954765,,,2026-09-05T00:20:59.644656Z
86507026-99fe-4ab3-a8f6-3496081bd591,run1_rep2,G,CLOSED,CLOSED,request,PROVIDER,N/A,,3795.167168000262,INFO,adaptador.request,true,exitoso,,,10356.542945517,10352.747778349,,,2026-09-05T00:20:59.746188Z
ad756855-cdd1-4ec9-bfa3-476c0d13de58,run1_rep2,G,CLOSED,CLOSED,request,PROVIDER,N/A,,3728.2796680010506,INFO,adaptador.request,true,exitoso,,,10356.606311559,10352.878031891,,,2026-09-05T00:20:59.809629Z
89d5f532-df39-4830-9f6f-fd66544b0868,run1_rep2,G,CLOSED,CLOSED,request,PROVIDER,N/A,,3801.9815019997623,INFO,adaptador.request,true,exitoso,,,10356.685479601,10352.883498099,,,2026-09-05T00:20:59.888627Z
55544f4d-9622-4a0a-a395-84abbe9393a3,run1_rep2,G,CLOSED,CLOSED,request,PROVIDER,N/A,,3850.00333500102,INFO,adaptador.request,true,exitoso,,,10356.762969101,10352.912965766,,,2026-09-05T00:20:59.966149Z
6487a940-32d4-4f50-9dd6-a76147543f67,run1_rep2,G,CLOSED,CLOSED,request,PROVIDER,N/A,,3883.3594179996,INFO,adaptador.request,true,exitoso,,,10356.841852059,10352.958492641,,,2026-09-05T00:21:00.045112Z
f9f583db-005b-464f-8674-ada8476a5826,run1_rep2,G,CLOSED,CLOSED,request,PROVIDER,N/A,,3564.4447510003374,INFO,adaptador.request,true,exitoso,,,10356.916938017,10353.352493266,,,2026-09-05T00:21:00.120117Z
df887402-3967-468c-852e-9c7444c687b3,run1_rep2,G,CLOSED,CLOSED,request,PROVIDER,N/A,,3547.2467100007634,INFO,adaptador.request,true,exitoso,,,10356.974475309,10353.427228599,,,2026-09-05T00:21:00.177618Z
09954bb1-e76d-40c3-84e8-756bc4a0e827,run1_rep2,G,CLOSED,CLOSED,request,PROVIDER,N/A,,3613.7174180003058,INFO,adaptador.request,true,exitoso,,,10357.065219976,10353.451502558,,,2026-09-05T00:21:00.268371Z
c08786b7-d7e3-4627-8ca9-f9fe8f1cc743,run1_rep2,G,CLOSED,CLOSED,request,PROVIDER,N/A,,3675.637709999137,INFO,adaptador.request,true,exitoso,,,10357.165677518,10353.490039808,,,2026-09-05T00:21:00.368855Z
beb2612f-0084-431c-ad86-2414d1931c59,run1_rep2,G,CLOSED,CLOSED,request,PROVIDER,N/A,,3702.506085001005,INFO,adaptador.request,true,exitoso,,,10357.233230976,10353.530724891,,,2026-09-05T00:21:00.436370Z
1b1ac34d-40b2-4c5e-8e6e-127b0708c899,run1_rep2,G,CLOSED,CLOSED,request,PROVIDER,N/A,,3648.439877000783,INFO,adaptador.request,true,exitoso,,,10357.308127976,10353.659688099,,,2026-09-05T00:21:00.511285Z
57b77b40-fcf7-4394-9632-be50a443c1f6,run1_rep2,G,CLOSED,CLOSED,request,PROVIDER,N/A,,3715.744043000086,INFO,adaptador.request,true,exitoso,,,10357.408957851,10353.693213808,,,2026-09-05T00:21:00.612138Z
86a92a34-1444-443a-a6ff-e62dbb8e9a74,run1_rep2,G,CLOSED,CLOSED,request,PROVIDER,N/A,,3676.199542998802,INFO,adaptador.request,true,exitoso,,,10357.474979059,10353.798779516,,,2026-09-05T00:21:00.678174Z
3783bc77-e0c2-4461-94bd-b26c57f93d41,run1_rep2,G,CLOSED,CLOSED,request,PROVIDER,N/A,,3661.7467100004433,INFO,adaptador.request,true,exitoso,,,10357.535847143,10353.874100433,,,2026-09-05T00:21:00.739039Z
f53b51f5-e8f9-49da-8418-9e72d1a166a8,run1_rep2,G,CLOSED,CLOSED,request,PROVIDER,N/A,,3730.713876999289,INFO,adaptador.request,true,exitoso,,,10357.64113706,10353.910423183,,,2026-09-05T00:21:00.844343Z
cf4d9dc7-d739-481f-a126-5d116615847e,run1_rep2,G,CLOSED,CLOSED,request,PROVIDER,N/A,,3774.9610860009852,INFO,adaptador.request,true,exitoso,,,10357.746814185,10353.971853099,,,2026-09-05T00:21:00.949975Z
9186bf19-b1ba-4e53-a0b1-4a8880889211,run1_rep2,G,CLOSED,CLOSED,request,PROVIDER,N/A,,3775.838460000159,INFO,adaptador.request,true,exitoso,,,10357.852985476,10354.077147016,,,2026-09-05T00:21:01.056197Z
4c66143d-0b68-4aac-a230-e6cccdd88a8e,run1_rep2,G,CLOSED,CLOSED,request,PROVIDER,N/A,,3815.738543999032,INFO,adaptador.request,true,exitoso,,,10357.922164643,10354.106426099,,,2026-09-05T00:21:01.125316Z
39e3c1d0-f76e-4e69-831e-a36b8e3f2b8f,run1_rep2,G,CLOSED,CLOSED,request,PROVIDER,N/A,,3775.7600439999806,INFO,adaptador.request,true,exitoso,,,10358.01180081,10354.236040766,,,2026-09-05T00:21:01.215038Z
ca6f1d04-e2d8-4363-bab5-9daac8984abb,run1_rep2,G,CLOSED,CLOSED,request,PROVIDER,N/A,,3652.766459999839,INFO,adaptador.request,true,exitoso,,,10358.094731935,10354.441965475,,,2026-09-05T00:21:01.297925Z
1996f79d-6249-479c-9d04-0a0c4c7fa912,run1_rep2,G,CLOSED,CLOSED,request,PROVIDER,N/A,,3731.6912099995534,INFO,adaptador.request,true,exitoso,,,10358.173980935,10354.442289725,,,2026-09-05T00:21:01.377149Z
c0a5f5f2-0c9b-4a36-a1ac-02f65af536a3,run1_rep2,G,CLOSED,CLOSED,request,PROVIDER,N/A,,3808.5652099998697,INFO,adaptador.request,true,exitoso,,,10358.261849226,10354.453284016,,,2026-09-05T00:21:01.465012Z
a9ba3a99-346a-4ca1-a2a8-01c4bdec1de5,run1_rep2,G,CLOSED,CLOSED,request,PROVIDER,N/A,,3837.981251999736,INFO,adaptador.request,true,exitoso,,,10358.346722185,10354.508740933,,,2026-09-05T00:21:01.549887Z
f51e05b1-a2cd-45e5-b516-1060aa3887a3,run1_rep2,G,CLOSED,CLOSED,request,PROVIDER,N/A,,3665.7570429997577,INFO,adaptador.request,true,exitoso,,,10358.427673393,10354.76191635,,,2026-09-05T00:21:01.630875Z
fe02e05a-1a22-4376-906c-3fd6f525b7f2,run1_rep2,G,CLOSED,CLOSED,request,PROVIDER,N/A,,3760.7144190005783,INFO,adaptador.request,true,exitoso,,,10358.525090935,10354.764376516,,,2026-09-05T00:21:01.728268Z
e541f1d9-5a52-4524-a8df-776fb1feebb2,run1_rep2,G,CLOSED,CLOSED,request,PROVIDER,N/A,,3727.51266799969,INFO,adaptador.request,true,exitoso,,,10358.586212185,10354.858699517,,,2026-09-05T00:21:01.789364Z
8271abef-3b06-4ab5-a707-9a9195200d1a,run1_rep2,G,CLOSED,CLOSED,request,PROVIDER,N/A,,3793.981752000036,INFO,adaptador.request,true,exitoso,,,10358.667020852,10354.8730391,,,2026-09-05T00:21:01.870183Z
6c917553-1e29-4263-89b3-b357e255e771,run1_rep2,G,CLOSED,CLOSED,request,PROVIDER,N/A,,3816.158251000161,INFO,adaptador.request,true,exitoso,,,10358.744682143,10354.928523892,,,2026-09-05T00:21:01.947887Z
d6afe250-8db8-4fdc-950f-bd49aa2c23c8,run1_rep2,G,CLOSED,CLOSED,request,PROVIDER,N/A,,3760.4997099988395,INFO,adaptador.request,true,exitoso,,,10358.827644935,10355.067145225,,,2026-09-05T00:21:02.030878Z
e193c887-de2b-4670-a957-789803d280a2,run1_rep2,G,CLOSED,CLOSED,request,PROVIDER,N/A,,3839.9109599995427,INFO,adaptador.request,true,exitoso,,,10358.92923606,10355.0893251,,,2026-09-05T00:21:02.132420Z
c986e0b7-d4ae-43f4-9eca-c50e3190825b,run1_rep2,G,CLOSED,CLOSED,request,PROVIDER,N/A,,3830.885544000921,INFO,adaptador.request,true,exitoso,,,10359.027750977,10355.196865433,,,2026-09-05T00:21:02.230919Z
d355880b-cee5-452b-86ca-7a657af75bff,run1_rep2,G,CLOSED,CLOSED,request,PROVIDER,N/A,,3910.1239609990444,INFO,adaptador.request,true,exitoso,,,10359.108271644,10355.198147683,,,2026-09-05T00:21:02.311481Z
f21638dd-e838-4196-8ede-34f3631f156d,run1_rep2,G,CLOSED,CLOSED,request,PROVIDER,N/A,,3891.1525849998725,INFO,adaptador.request,true,exitoso,,,10359.176554935,10355.28540235,,,2026-09-05T00:21:02.379706Z
5b6a485b-c637-4188-933d-2612771ae322,run1_rep2,G,CLOSED,CLOSED,request,PROVIDER,N/A,,3720.5157519983914,INFO,adaptador.request,true,exitoso,,,10359.261236227,10355.540720475,,,2026-09-05T00:21:02.464393Z
082bf23f-2495-4b5e-904a-ca852e3e2274,run1_rep2,G,CLOSED,CLOSED,request,PROVIDER,N/A,,3742.090960000496,INFO,adaptador.request,true,exitoso,,,10359.336492269,10355.594401309,,,2026-09-05T00:21:02.539716Z
e3f289d4-db06-4126-9c05-cf540015df4c,run1_rep2,G,CLOSED,CLOSED,request,PROVIDER,N/A,,3721.4645849999215,INFO,adaptador.request,true,exitoso,,,10359.403058644,10355.681594059,,,2026-09-05T00:21:02.606229Z
bb35e917-beef-43eb-93ea-db868abab746,run1_rep2,G,CLOSED,CLOSED,request,PROVIDER,N/A,,3790.438334999635,INFO,adaptador.request,true,exitoso,,,10359.490118685,10355.69968035,,,2026-09-05T00:21:02.693282Z
98aa5dab-0dcb-4cb7-814c-cf9a5ae5181f,run1_rep2,G,CLOSED,CLOSED,request,PROVIDER,N/A,,3832.956459998968,INFO,adaptador.request,true,exitoso,,,10359.570604644,10355.737648184,,,2026-09-05T00:21:02.773801Z
568ebc89-ea90-44df-a02d-77eda7336472,run1_rep2,G,CLOSED,CLOSED,request,PROVIDER,N/A,,3733.9268770010676,INFO,adaptador.request,true,exitoso,,,10359.645493894,10355.911567017,,,2026-09-05T00:21:02.848656Z
579e9e94-d486-44ec-b180-41e7550fde2b,run1_rep2,G,CLOSED,CLOSED,request,PROVIDER,N/A,,3759.3305020000116,INFO,adaptador.request,true,exitoso,,,10359.737733477,10355.978402975,,,2026-09-05T00:21:02.940892Z
d1df73a6-fe09-4379-b68d-0d7212c5ea19,run1_rep2,G,CLOSED,CLOSED,request,PROVIDER,N/A,,3776.3259599996672,INFO,adaptador.request,true,exitoso,,,10359.801669019,10356.025343059,,,2026-09-05T00:21:03.004902Z
95542210-3073-459d-abc9-a39b33979d7b,run1_rep2,G,CLOSED,CLOSED,request,PROVIDER,N/A,,3807.269544000519,INFO,adaptador.request,true,exitoso,,,10359.905127436,10356.097857892,,,2026-09-05T00:21:03.108375Z
1f52dfa1-1ef1-4816-b608-0f0681488d87,run1_rep2,G,CLOSED,CLOSED,request,PROVIDER,N/A,,3805.283502000748,INFO,adaptador.request,true,exitoso,,,10359.972505936,10356.167222434,,,2026-09-05T00:21:03.175658Z
9ce6e89f-5837-4916-8e0b-df0d2f53fa66,run1_rep2,G,CLOSED,CLOSED,request,PROVIDER,N/A,,3797.6052510002773,INFO,adaptador.request,true,exitoso,,,10360.031730352,10356.234125101,,,2026-09-05T00:21:03.234841Z
b314902b-10f4-4c6a-9b91-121baa4fe776,run1_rep2,G,CLOSED,CLOSED,request,PROVIDER,N/A,,3614.876251998794,INFO,adaptador.request,true,exitoso,,,10360.129579436,10356.514703184,,,2026-09-05T00:21:03.332695Z
39fa5bc5-2e70-43e3-8e4c-7b585d7eb74b,run1_rep2,G,CLOSED,CLOSED,request,PROVIDER,N/A,,3631.4931269989756,INFO,adaptador.request,true,exitoso,,,10360.191216811,10356.559723684,,,2026-09-05T00:21:03.394394Z
a45982ff-ea53-465e-b4ec-08620f868619,run1_rep2,G,CLOSED,CLOSED,request,PROVIDER,N/A,,3691.2163350007177,INFO,adaptador.request,true,exitoso,,,10360.295178311,10356.603961976,,,2026-09-05T00:21:03.498350Z
ebf25406-54df-48cc-8bb9-0d95888991a8,run1_rep2,G,CLOSED,CLOSED,request,PROVIDER,N/A,,3765.113419000045,INFO,adaptador.request,true,exitoso,,,10360.369453811,10356.604340392,,,2026-09-05T00:21:03.572620Z
939abaf5-9c2e-44e0-9565-ed18fe953a3a,run1_rep2,G,CLOSED,CLOSED,request,PROVIDER,N/A,,3761.516210000991,INFO,adaptador.request,true,exitoso,,,10360.437561561,10356.676045351,,,2026-09-05T00:21:03.640760Z
308a7da8-964f-4afc-8055-d0b64b8ba090,run1_rep2,G,CLOSED,CLOSED,request,PROVIDER,N/A,,3839.0830859989364,INFO,adaptador.request,true,exitoso,,,10360.522315978,10356.683232892,,,2026-09-05T00:21:03.725480Z
3d094fa5-0ffb-4a89-b723-5f345e6ceb8e,run1_rep2,G,CLOSED,CLOSED,request,PROVIDER,N/A,,3748.7130019999313,INFO,adaptador.request,true,exitoso,,,10360.599741769,10356.851028767,,,2026-09-05T00:21:03.802924Z
34ecc0a7-0fd6-4810-8194-d6cc65d2c09c,run1_rep2,G,CLOSED,CLOSED,request,PROVIDER,N/A,,3768.8733770010003,INFO,adaptador.request,true,exitoso,,,10360.704433811,10356.935560434,,,2026-09-05T00:21:03.907621Z
05502c2b-ba6b-4760-b8b3-6fa9acfa9685,run1_rep2,G,CLOSED,CLOSED,request,PROVIDER,N/A,,3798.7225849992683,INFO,adaptador.request,true,exitoso,,,10360.765446644,10356.966724059,,,2026-09-05T00:21:03.968615Z
52b89745-ae23-4e54-8b7b-368d1dfad05f,run1_rep2,G,CLOSED,CLOSED,request,PROVIDER,N/A,,3890.7668350002496,INFO,adaptador.request,true,exitoso,,,10360.857894978,10356.967128143,,,2026-09-05T00:21:04.061074Z
af7fbd43-a89e-4789-b27a-fdb787408e8d,run1_rep2,G,CLOSED,CLOSED,request,PROVIDER,N/A,,3902.995168000416,INFO,adaptador.request,true,exitoso,,,10360.925784894,10357.022789726,,,2026-09-05T00:21:04.129011Z
0d49f1f2-5f7b-4244-9e31-42b90d5f3106,run1_rep2,G,CLOSED,CLOSED,request,PROVIDER,N/A,,3805.341543000395,INFO,adaptador.request,true,exitoso,,,10360.988866311,10357.183524768,,,2026-09-05T00:21:04.192016Z
3843ff2e-b881-4258-b92c-5ea04030280a,run1_rep2,G,CLOSED,CLOSED,request,PROVIDER,N/A,,3787.972793001245,INFO,adaptador.request,true,exitoso,,,10361.051613019,10357.263640226,,,2026-09-05T00:21:04.254773Z
2d2971c8-5784-484f-9419-981096118fc1,run1_rep2,G,CLOSED,CLOSED,request,PROVIDER,N/A,,3695.584126999165,INFO,adaptador.request,true,exitoso,,,10361.140102103,10357.444517976,,,2026-09-05T00:21:04.343257Z
6d5a7c05-25c2-4fb4-a1fb-09ca9e16e165,run1_rep2,G,CLOSED,CLOSED,request,PROVIDER,N/A,,3639.671585000542,INFO,adaptador.request,true,exitoso,,,10361.221396811,10357.581725226,,,2026-09-05T00:21:04.424564Z
d4164222-ba07-4779-a7c2-0d3a844846c9,run1_rep2,G,CLOSED,CLOSED,request,PROVIDER,N/A,,3732.5559180007986,INFO,adaptador.request,true,exitoso,,,10361.314635061,10357.582079143,,,2026-09-05T00:21:04.517796Z
6b05ad8a-23b6-4444-9610-f8f73e0d4a96,run1_rep2,G,CLOSED,CLOSED,request,PROVIDER,N/A,,3758.1025440013036,INFO,adaptador.request,true,exitoso,,,10361.37783952,10357.619736976,,,2026-09-05T00:21:04.581004Z
08ee1604-48a1-4c31-bb37-717a5796984d,run1_rep2,G,CLOSED,CLOSED,request,PROVIDER,N/A,,3833.926043000247,INFO,adaptador.request,true,exitoso,,,10361.480265478,10357.646339435,,,2026-09-05T00:21:04.683427Z
7d270483-3971-4821-b720-80c96755f52a,run1_rep2,G,CLOSED,CLOSED,request,PROVIDER,N/A,,3843.315377000181,INFO,adaptador.request,true,exitoso,,,10361.560233145,10357.716917768,,,2026-09-05T00:21:04.763413Z
c175bf10-39b4-4c32-b701-871f6b0b571f,run1_rep2,G,CLOSED,CLOSED,request,PROVIDER,N/A,,3847.294292998413,INFO,adaptador.request,true,exitoso,,,10361.619434686,10357.772140393,,,2026-09-05T00:21:04.822620Z
2660cde0-a933-4581-922c-8fba6c548f48,run1_rep2,G,CLOSED,CLOSED,request,PROVIDER,N/A,,3793.8657510003395,INFO,adaptador.request,true,exitoso,,,10361.702152436,10357.908286685,,,2026-09-05T00:21:04.905307Z
557ab2fe-fac1-47c8-a375-2a61a346b226,run1_rep2,G,CLOSED,CLOSED,request,PROVIDER,N/A,,3841.2860439984797,INFO,adaptador.request,true,exitoso,,,10361.76160427,10357.920318226,,,2026-09-05T00:21:04.964756Z
ac66ab80-f63a-4586-8801-cf17e385872d,run1_rep2,G,CLOSED,CLOSED,request,PROVIDER,N/A,,3692.761127000267,INFO,adaptador.request,true,exitoso,,,10361.840595562,10358.147834435,,,2026-09-05T00:21:05.043776Z
afb902df-4a9c-422e-a941-60cf5936e42d,run1_rep2,G,CLOSED,CLOSED,request,PROVIDER,N/A,,3728.3949190004932,INFO,adaptador.request,true,exitoso,,,10361.92409177,10358.195696851,,,2026-09-05T00:21:05.127274Z
3624f9df-b22f-4dc2-b962-9aed327a5b85,run1_rep2,G,CLOSED,CLOSED,request,PROVIDER,N/A,,3678.7379599991255,INFO,adaptador.request,true,exitoso,,,10361.984703228,10358.305965268,,,2026-09-05T00:21:05.187905Z
4efda4c8-d1cf-4b00-985a-af158a87957b,run1_rep2,G,CLOSED,CLOSED,request,PROVIDER,N/A,,3730.7272939997347,INFO,adaptador.request,true,exitoso,,,10362.081944937,10358.351217643,,,2026-09-05T00:21:05.285061Z
f70da7f6-6a9c-40cc-832d-73b2bbd81ede,run1_rep2,G,CLOSED,CLOSED,request,PROVIDER,N/A,,3816.8993769995723,INFO,adaptador.request,true,exitoso,,,10362.168846145,10358.351946768,,,2026-09-05T00:21:05.371960Z
9c8bd37e-930c-4602-8c0a-c6ccd82e2cb8,run1_rep2,G,CLOSED,CLOSED,request,PROVIDER,N/A,,3844.947751998916,INFO,adaptador.request,true,exitoso,,,10362.253509437,10358.408561685,,,2026-09-05T00:21:05.456646Z
e4cc4600-8b39-45c6-a8b1-3a7bbb72db1f,run1_rep2,G,CLOSED,CLOSED,request,PROVIDER,N/A,,3704.8276269997586,INFO,adaptador.request,true,exitoso,,,10362.319621395,10358.614793768,,,2026-09-05T00:21:05.522784Z
0ebc85d0-c602-47f7-b6d0-b73da9eec8d3,run1_rep2,G,CLOSED,CLOSED,request,PROVIDER,N/A,,3779.2015009999886,INFO,adaptador.request,true,exitoso,,,10362.394407353,10358.615205852,,,2026-09-05T00:21:05.597581Z
71e36e79-d7f7-41c9-8fcf-a7947ece8468,run1_rep2,G,CLOSED,CLOSED,request,PROVIDER,N/A,,3754.961918000845,INFO,adaptador.request,true,exitoso,,,10362.457363145,10358.702401227,,,2026-09-05T00:21:05.660586Z
6ab13710-22ce-45dd-9171-b8b4e7afcb5a,run1_rep2,G,CLOSED,CLOSED,request,PROVIDER,N/A,,3767.0962100000907,INFO,adaptador.request,true,exitoso,,,10362.519572687,10358.752476477,,,2026-09-05T00:21:05.722723Z
ddf69323-ec3b-4323-a337-2dab2723d355,run1_rep2,G,CLOSED,CLOSED,request,PROVIDER,N/A,,3558.9998770010425,INFO,adaptador.request,true,exitoso,,,10362.577454062,10359.018454185,,,2026-09-05T00:21:05.780607Z
0cf9e728-e780-4abe-8e6d-f7596b508f3b,run1_rep2,G,CLOSED,CLOSED,request,PROVIDER,N/A,,3423.138834999918,INFO,adaptador.request,true,exitoso,,,10362.666648979,10359.243510144,,,2026-09-05T00:21:05.869843Z
23d33e77-0951-48ae-972d-5fca1d9bef83,run1_rep2,G,CLOSED,CLOSED,request,PROVIDER,N/A,,3498.3789599991724,INFO,adaptador.request,true,exitoso,,,10362.758997145,10359.260618185,,,2026-09-05T00:21:05.962177Z
f2352436-d786-426d-9060-5a61d95b2c8a,run1_rep2,G,CLOSED,CLOSED,request,PROVIDER,N/A,,3566.028126000674,INFO,adaptador.request,true,exitoso,,,10362.82713902,10359.261110894,,,2026-09-05T00:21:06.030301Z
80528740-5658-4257-beb9-366d6852a1dd,run1_rep2,G,CLOSED,CLOSED,request,PROVIDER,N/A,,3617.9518770004506,INFO,adaptador.request,true,exitoso,,,10362.897721562,10359.279769685,,,2026-09-05T00:21:06.100928Z
91422da3-04a4-48ba-a099-99884c5edb67,run1_rep2,G,CLOSED,CLOSED,request,PROVIDER,N/A,,3524.9464600001374,INFO,adaptador.request,true,exitoso,,,10362.97170152,10359.44675506,,,2026-09-05T00:21:06.174907Z
be0c9f7f-b91d-4447-a388-9895bf9e8e55,run1_rep2,G,CLOSED,CLOSED,request,PROVIDER,N/A,,3474.401792998833,INFO,adaptador.request,true,exitoso,,,10363.047834062,10359.573432269,,,2026-09-05T00:21:06.251029Z
9d724fb6-2816-41d3-b362-70ccd0122cd2,run1_rep2,G,CLOSED,CLOSED,request,PROVIDER,N/A,,3538.038251999751,INFO,adaptador.request,true,exitoso,,,10363.111873812,10359.57383556,,,2026-09-05T00:21:06.315039Z
69e505f3-b988-4653-9636-cc1d0fc95b48,run1_rep2,G,CLOSED,CLOSED,request,PROVIDER,N/A,,3589.223001999926,INFO,adaptador.request,true,exitoso,,,10363.198644812,10359.60942181,,,2026-09-05T00:21:06.401790Z
bac72259-4ff0-4bc1-bff1-214cc8e75b66,run1_rep2,G,CLOSED,CLOSED,request,PROVIDER,N/A,,3654.229669000415,INFO,adaptador.request,true,exitoso,,,10363.286834646,10359.632604977,,,2026-09-05T00:21:06.489994Z
6742fdb1-ed4a-4d09-ab57-6b59298afb6e,run1_rep2,G,CLOSED,CLOSED,request,PROVIDER,N/A,,3608.301502001268,INFO,adaptador.request,true,exitoso,,,10363.390188896,10359.781887394,,,2026-09-05T00:21:06.593337Z
08d0fe6e-0375-4c25-ad8a-f9c64f914e36,run1_rep2,G,CLOSED,CLOSED,request,PROVIDER,N/A,,3604.309460000877,INFO,adaptador.request,true,exitoso,,,10363.463650854,10359.859341394,,,2026-09-05T00:21:06.666839Z
518ac574-5b51-4a7a-aa04-1fcd7a265152,run1_rep2,G,CLOSED,CLOSED,request,PROVIDER,N/A,,3580.8690009998827,INFO,adaptador.request,true,exitoso,,,10363.519436937,10359.938567936,,,2026-09-05T00:21:06.722617Z
b8587ec2-5797-408f-aa85-9ec038df682b,run1_rep2,G,CLOSED,CLOSED,request,PROVIDER,N/A,,3568.1938769994304,INFO,adaptador.request,true,exitoso,,,10363.599118896,10360.030925019,,,2026-09-05T00:21:06.802264Z
aed2d8f7-6121-47b2-bcb8-b689ea0af953,run1_rep2,G,CLOSED,CLOSED,request,PROVIDER,N/A,,3631.9769599995197,INFO,adaptador.request,true,exitoso,,,10363.671963187,10360.039986227,,,2026-09-05T00:21:06.875118Z
71f98067-2256-40e5-80fe-d359c1d2211b,run1_rep2,G,CLOSED,CLOSED,request,PROVIDER,N/A,,3635.564459998932,INFO,adaptador.request,true,exitoso,,,10363.768999146,10360.133434686,,,2026-09-05T00:21:06.972182Z
03264e8a-d18e-4451-be36-abfa6129a5bf,run1_rep2,G,CLOSED,CLOSED,request,PROVIDER,N/A,,3527.3032099994452,INFO,adaptador.request,true,exitoso,,,10363.876203729,10360.348900519,,,2026-09-05T00:21:07.079437Z
f2eb4bcc-b17e-4d51-9c4c-1cc48cbfd34c,run1_rep2,G,CLOSED,CLOSED,request,PROVIDER,N/A,,3545.709544001511,INFO,adaptador.request,true,exitoso,,,10363.954031896,10360.408322352,,,2026-09-05T00:21:07.157244Z
b94bf041-a506-4da3-a4b8-2b74486a6ab8,run1_rep2,G,CLOSED,CLOSED,request,PROVIDER,N/A,,3567.5926679996337,INFO,adaptador.request,true,exitoso,,,10364.011569854,10360.443977186,,,2026-09-05T00:21:07.214770Z
755350e4-afd5-42c4-b90c-af13a5142cc2,run1_rep2,G,CLOSED,CLOSED,request,PROVIDER,N/A,,3598.9978769994195,INFO,adaptador.request,true,exitoso,,,10364.090219188,10360.491221311,,,2026-09-05T00:21:07.293386Z
9dbb31a4-c988-41ca-a6e7-1bc0480e3712,run1_rep2,G,CLOSED,CLOSED,request,PROVIDER,N/A,,3554.93987599948,INFO,adaptador.request,true,exitoso,,,10364.190517104,10360.635577228,,,2026-09-05T00:21:07.393691Z
2f2d059b-95c6-4fca-a3d5-3cb12ea641a8,run1_rep2,G,CLOSED,CLOSED,request,PROVIDER,N/A,,3630.4930850001256,INFO,adaptador.request,true,exitoso,,,10364.290742646,10360.660249561,,,2026-09-05T00:21:07.493904Z
2a56d91e-f074-4962-b636-6a80c340314d,run1_rep2,G,CLOSED,CLOSED,request,PROVIDER,N/A,,3709.2212100014876,INFO,adaptador.request,true,exitoso,,,10364.390918229,10360.681697019,,,2026-09-05T00:21:07.594100Z
48f89c8f-6ab2-4733-abe0-2473ff6d6caa,run1_rep2,G,CLOSED,CLOSED,request,PROVIDER,N/A,,3772.1137099997577,INFO,adaptador.request,true,exitoso,,,10364.484958688,10360.712844978,,,2026-09-05T00:21:07.688145Z
321a8d58-8119-4ba0-9e37-bd9167466242,run1_rep2,G,CLOSED,CLOSED,request,PROVIDER,N/A,,3727.4157100000593,INFO,adaptador.request,true,exitoso,,,10364.572437521,10360.845021811,,,2026-09-05T00:21:07.775595Z
fed187a6-046f-43a4-bcad-bb7376ea8bd0,run1_rep2,G,CLOSED,CLOSED,request,PROVIDER,N/A,,3693.754710000576,INFO,adaptador.request,true,exitoso,,,10364.652270896,10360.958516186,,,2026-09-05T00:21:07.855438Z
49029b50-c4a7-4a65-ad78-c77832386396,run1_rep2,G,CLOSED,CLOSED,request,PROVIDER,N/A,,3664.6309179996024,INFO,adaptador.request,true,exitoso,,,10364.736322146,10361.071691228,,,2026-09-05T00:21:07.939503Z
55d1d51e-5b85-4802-b1ef-a375da346e4e,run1_rep2,G,CLOSED,CLOSED,request,PROVIDER,N/A,,3642.536751998705,INFO,adaptador.request,true,exitoso,,,10364.827962688,10361.185425936,,,2026-09-05T00:21:08.031181Z
54717898-507f-4de3-979b-ed0e327cfd87,run1_rep2,G,CLOSED,CLOSED,request,PROVIDER,N/A,,3651.190585000222,INFO,adaptador.request,true,exitoso,,,10364.91777398,10361.266583395,,,2026-09-05T00:21:08.120958Z
98cb8508-3321-4721-8d00-e12498e071f4,run1_rep2,G,CLOSED,CLOSED,request,PROVIDER,N/A,,3719.2760429988994,INFO,adaptador.request,true,exitoso,,,10365.017314521,10361.298038478,,,2026-09-05T00:21:08.220475Z
6f7b0cc9-524a-47f7-a417-ebd812454930,run1_rep2,G,CLOSED,CLOSED,request,PROVIDER,N/A,,3808.055876999788,INFO,adaptador.request,true,exitoso,,,10365.109871605,10361.301815728,,,2026-09-05T00:21:08.313069Z
72682136-3711-4764-8cd7-f5774509e307,run1_rep2,G,CLOSED,CLOSED,request,PROVIDER,N/A,,3838.5834179989615,INFO,adaptador.request,true,exitoso,,,10365.213490146,10361.374906728,,,2026-09-05T00:21:08.416701Z
b1d9bd20-19f6-43dc-b7ae-3f4da6f1bb39,run1_rep2,G,CLOSED,CLOSED,request,PROVIDER,N/A,,3748.121917999015,INFO,adaptador.request,true,exitoso,,,10365.271410688,10361.52328877,,,2026-09-05T00:21:08.474655Z
e00bc5bc-8ae3-4d53-a58f-341d835b55b9,run1_rep2,G,CLOSED,CLOSED,request,PROVIDER,N/A,,3715.450168998359,INFO,adaptador.request,true,exitoso,,,10365.338462605,10361.623012436,,,2026-09-05T00:21:08.541647Z
05949b9b-f532-43a5-888b-dd92ced2d851,run1_rep2,G,CLOSED,CLOSED,request,PROVIDER,N/A,,3683.267127000363,INFO,adaptador.request,true,exitoso,,,10365.419961813,10361.736694686,,,2026-09-05T00:21:08.623200Z
8c1e4c0f-ba39-4905-a7a0-8f32ba4ea4d4,run1_rep2,G,CLOSED,CLOSED,request,PROVIDER,N/A,,3752.258544000142,INFO,adaptador.request,true,exitoso,,,10365.49747898,10361.745220436,,,2026-09-05T00:21:08.700670Z
55664899-db18-4bd6-8e65-8197b3b2c233,run1_rep2,G,CLOSED,CLOSED,request,PROVIDER,N/A,,3735.3070019998995,INFO,adaptador.request,true,exitoso,,,10365.56069048,10361.825383478,,,2026-09-05T00:21:08.763883Z
cb9035bb-6854-41e0-8893-209b61127f27,run1_rep2,G,CLOSED,CLOSED,request,PROVIDER,N/A,,3653.5705019996385,INFO,adaptador.request,true,exitoso,,,10365.64177223,10361.988201728,,,2026-09-05T00:21:08.845065Z
f1e338ec-2990-402a-9bfc-f3debe1462a9,run1_rep2,G,CLOSED,CLOSED,request,PROVIDER,N/A,,3741.4127929987444,INFO,adaptador.request,true,exitoso,,,10365.730248855,10361.988836062,,,2026-09-05T00:21:08.933432Z
70f4c8ea-beec-436b-ba72-47a995d363dd,run1_rep2,G,CLOSED,CLOSED,request,PROVIDER,N/A,,3768.459544000507,INFO,adaptador.request,true,exitoso,,,10365.815623647,10362.047164103,,,2026-09-05T00:21:09.018760Z
29f3f542-eafc-4ab4-ba03-3cfc3834df6b,run1_rep2,G,CLOSED,CLOSED,request,PROVIDER,N/A,,3819.344669000202,INFO,adaptador.request,true,exitoso,,,10365.893514522,10362.074169853,,,2026-09-05T00:21:09.096698Z
ed4c3494-83b9-4ec7-a3d4-cac479f4c0be,run1_rep2,G,CLOSED,CLOSED,request,PROVIDER,N/A,,3875.4640850002033,INFO,adaptador.request,true,exitoso,,,10365.993546855,10362.11808277,,,2026-09-05T00:21:09.196858Z
d10b001e-3eb6-4138-a230-05b8b7da89b0,run1_rep2,G,CLOSED,CLOSED,request,PROVIDER,N/A,,3812.7660019999894,INFO,adaptador.request,true,exitoso,,,10366.060139814,10362.247373812,,,2026-09-05T00:21:09.263282Z
ceeabc4c-91cd-42e4-a1da-4ed867898e8d,run1_rep2,G,CLOSED,CLOSED,request,PROVIDER,N/A,,3890.795960000105,INFO,adaptador.request,true,exitoso,,,10366.145472397,10362.254676437,,,2026-09-05T00:21:09.348651Z
72009046-1271-4b1d-94fa-431625793e70,run1_rep2,G,CLOSED,CLOSED,request,PROVIDER,N/A,,3812.5570849988435,INFO,adaptador.request,true,exitoso,,,10366.21328298,10362.400725895,,,2026-09-05T00:21:09.416454Z
913cd61c-6fdc-4f51-a55c-fcd4e527447e,run1_rep2,G,CLOSED,CLOSED,request,PROVIDER,N/A,,3653.3407929982786,INFO,adaptador.request,true,exitoso,,,10366.312457772,10362.659116979,,,2026-09-05T00:21:09.515620Z
b39701df-20dd-4e7e-8bfc-442b41eaeb6d,run1_rep2,G,CLOSED,CLOSED,request,PROVIDER,N/A,,3691.51175099978,INFO,adaptador.request,true,exitoso,,,10366.40510798,10362.713596229,,,2026-09-05T00:21:09.608281Z
f20c552a-9b7c-4725-a91d-f51cc575345c,run1_rep2,G,CLOSED,CLOSED,request,PROVIDER,N/A,,3755.2785849984502,INFO,adaptador.request,true,exitoso,,,10366.474767355,10362.71948877,,,2026-09-05T00:21:09.677904Z
408913b8-5107-46cd-92df-0f4ef4afb1b1,run1_rep2,G,CLOSED,CLOSED,request,PROVIDER,N/A,,3728.110418000142,INFO,adaptador.request,true,exitoso,,,10366.537362105,10362.809251687,,,2026-09-05T00:21:09.740521Z
ba73121c-8053-41bd-b82e-c17532f03a20,run1_rep2,G,CLOSED,CLOSED,request,PROVIDER,N/A,,3786.7781269997067,INFO,adaptador.request,true,exitoso,,,10366.596482189,10362.809704062,,,2026-09-05T00:21:09.799650Z
d3ef3b40-1d48-4ea3-bcc6-e9e8331cd455,run1_rep2,G,CLOSED,CLOSED,request,PROVIDER,N/A,,3788.528043000042,INFO,adaptador.request,true,exitoso,,,10366.65708273,10362.868554687,,,2026-09-05T00:21:09.860245Z
9a457df3-4daa-4cd8-a75f-b54db3c3b5d5,run1_rep2,G,CLOSED,CLOSED,request,PROVIDER,N/A,,3856.9477519995417,INFO,adaptador.request,true,exitoso,,,10366.756589522,10362.89964177,,,2026-09-05T00:21:09.959728Z
45e38739-44af-4867-9f6f-92f91d91ab1d,run1_rep2,G,CLOSED,CLOSED,request,PROVIDER,N/A,,3925.658543999816,INFO,adaptador.request,true,exitoso,,,10366.845654106,10362.919995562,,,2026-09-05T00:21:10.048846Z
a4c51d81-fa13-428a-8f05-5326e9ee114f,run1_rep2,G,CLOSED,CLOSED,request,PROVIDER,N/A,,3834.310001999256,INFO,adaptador.request,true,exitoso,,,10366.911096897,10363.076786895,,,2026-09-05T00:21:10.114257Z
494a243e-ea96-4ed6-97af-182e148e3698,run1_rep2,G,CLOSED,CLOSED,request,PROVIDER,N/A,,3833.4692520002136,INFO,adaptador.request,true,exitoso,,,10367.016095731,10363.182626479,,,2026-09-05T00:21:10.219338Z
16c1e01b-7efe-4be5-ba55-094729bb874d,run1_rep2,G,CLOSED,CLOSED,request,PROVIDER,N/A,,3720.4390010010684,INFO,adaptador.request,true,exitoso,,,10367.111564397,10363.391125396,,,2026-09-05T00:21:10.314763Z
80ff4dc3-3311-4265-bc6c-7c8e30f2f9e7,run1_rep2,G,CLOSED,CLOSED,request,PROVIDER,N/A,,3759.058168001502,INFO,adaptador.request,true,exitoso,,,10367.206718814,10363.447660646,,,2026-09-05T00:21:10.409947Z
6e03e2ae-e672-4eb6-b132-e6a2e124feaa,run1_rep2,G,CLOSED,CLOSED,request,PROVIDER,N/A,,3767.590752000615,INFO,adaptador.request,true,exitoso,,,10367.286874189,10363.519283437,,,2026-09-05T00:21:10.490038Z
a78bb6da-08f4-474d-aa87-f8b824dff8fb,run1_rep2,G,CLOSED,CLOSED,request,PROVIDER,N/A,,3782.3106270006974,INFO,adaptador.request,true,exitoso,,,10367.343035231,10363.560724604,,,2026-09-05T00:21:10.546204Z
b9cf8f70-a194-4b81-819c-fe757d885fb8,run1_rep2,G,CLOSED,CLOSED,request,PROVIDER,N/A,,3795.3647510003066,INFO,adaptador.request,true,exitoso,,,10367.414354647,10363.618989896,,,2026-09-05T00:21:10.617515Z
9f5ddfba-2b3e-41a1-ae32-80afe168883c,run1_rep2,G,CLOSED,CLOSED,request,PROVIDER,N/A,,3829.011336001713,INFO,adaptador.request,true,exitoso,,,10367.513313773,10363.684302437,,,2026-09-05T00:21:10.716512Z
24fad58b-e95b-4c1e-8965-90341ff2697d,run1_rep2,G,CLOSED,CLOSED,request,PROVIDER,N/A,,3856.7863359985495,INFO,adaptador.request,true,exitoso,,,10367.614481648,10363.757695312,,,2026-09-05T00:21:10.817667Z
94053972-2e8d-4eb8-866c-246f381f218e,run1_rep2,G,CLOSED,CLOSED,request,PROVIDER,N/A,,3743.5605009995925,INFO,adaptador.request,true,exitoso,,,10367.673703314,10363.930142813,,,2026-09-05T00:21:10.876866Z
15fb9685-782d-4188-8e97-80fe29d8260f,run1_rep2,G,CLOSED,CLOSED,request,PROVIDER,N/A,,3824.2565849996026,INFO,adaptador.request,true,exitoso,,,10367.755028356,10363.930771771,,,2026-09-05T00:21:10.958275Z
1bb089df-d095-447d-bee7-6c4741d3342e,run1_rep2,G,CLOSED,CLOSED,request,PROVIDER,N/A,,3807.791418001216,INFO,adaptador.request,true,exitoso,,,10367.824490606,10364.016699188,,,2026-09-05T00:21:11.027682Z
1c7f6780-3a71-44bf-be3d-8b9aeb36540d,run1_rep2,G,CLOSED,CLOSED,request,PROVIDER,N/A,,3826.1825850004243,INFO,adaptador.request,true,exitoso,,,10367.911703981,10364.085521396,,,2026-09-05T00:21:11.114859Z
04c4b77c-e7ed-4ce6-b06a-c739ff01c2d3,run1_rep2,G,CLOSED,CLOSED,request,PROVIDER,N/A,,3852.0723350011394,INFO,adaptador.request,true,exitoso,,,10367.999146939,10364.147074604,,,2026-09-05T00:21:11.203520Z
39519842-e5b1-4102-a58a-a41b5f39731e,run1_rep2,G,CLOSED,CLOSED,request,PROVIDER,N/A,,3836.677459999919,INFO,adaptador.request,true,exitoso,,,10368.106414689,10364.269737229,,,2026-09-05T00:21:11.309599Z
d5f8f079-40be-4fef-9e09-0a98940b1b22,run1_rep2,G,CLOSED,CLOSED,request,PROVIDER,N/A,,3794.4059600013134,INFO,adaptador.request,true,exitoso,,,10368.198752398,10364.404346438,,,2026-09-05T00:21:11.401941Z
2b60a4a9-500f-45ac-a211-c2d9443f716f,run1_rep2,G,CLOSED,CLOSED,request,PROVIDER,N/A,,3891.358544000468,INFO,adaptador.request,true,exitoso,,,10368.296181148,10364.404822604,,,2026-09-05T00:21:11.499420Z
d25a8b9a-49a8-47a7-99ec-595c3969fbe3,run1_rep2,G,CLOSED,CLOSED,request,PROVIDER,N/A,,3925.7183770005213,INFO,adaptador.request,true,exitoso,,,10368.396086481,10364.470368104,,,2026-09-05T00:21:11.599268Z
e5546271-5c38-4d86-af0b-2a767147be95,run1_rep2,G,CLOSED,CLOSED,request,PROVIDER,N/A,,4022.5824600001943,INFO,adaptador.request,true,exitoso,,,10368.505778231,10364.483195771,,,2026-09-05T00:21:11.708968Z
0c431d9e-3e9c-4f4f-8cc5-acee1c20702d,run1_rep2,G,CLOSED,CLOSED,request,PROVIDER,N/A,,3856.2537520010665,INFO,adaptador.request,true,exitoso,,,10368.611903315,10364.755649563,,,2026-09-05T00:21:11.815089Z
b67d8fcc-d5c5-4685-a41e-818b2628171c,run1_rep2,G,CLOSED,CLOSED,request,PROVIDER,N/A,,3862.7352509993216,INFO,adaptador.request,true,exitoso,,,10368.675689106,10364.812953855,,,2026-09-05T00:21:11.878901Z
b6797209-de77-4012-a019-9d4878183c6e,run1_rep2,G,CLOSED,CLOSED,request,PROVIDER,N/A,,3932.208667998566,INFO,adaptador.request,true,exitoso,,,10368.778747731,10364.846539063,,,2026-09-05T00:21:11.981915Z
1a30bdae-c5fc-4fac-be50-aad4a0ac4b03,run1_rep2,G,CLOSED,CLOSED,request,PROVIDER,N/A,,3990.5257940008596,INFO,adaptador.request,true,exitoso,,,10368.879251857,10364.888726063,,,2026-09-05T00:21:12.082436Z
43948323-9a5f-4d7f-888b-cbd1c05af550,run1_rep2,G,CLOSED,CLOSED,request,PROVIDER,N/A,,3892.407793999155,INFO,adaptador.request,true,exitoso,,,10368.946960815,10365.054553021,,,2026-09-05T00:21:12.150129Z
4aa4dd14-5258-4a94-ac49-18794ccfc2fb,run1_rep2,G,CLOSED,CLOSED,request,PROVIDER,N/A,,3913.354085001629,INFO,adaptador.request,true,exitoso,,,10369.029580648,10365.116226563,,,2026-09-05T00:21:12.232777Z
b41e1181-a631-4a06-9ad3-8ff11de42f6c,run1_rep2,G,CLOSED,CLOSED,request,PROVIDER,N/A,,3909.9257519992534,INFO,adaptador.request,true,exitoso,,,10369.127725273,10365.217799521,,,2026-09-05T00:21:12.330907Z
9ec3e02e-3ab7-4e45-84b5-55b9dadf521a,run1_rep2,G,CLOSED,CLOSED,request,PROVIDER,N/A,,3957.0472099985636,INFO,adaptador.request,true,exitoso,,,10369.232370523,10365.275323313,,,2026-09-05T00:21:12.435543Z
a48e5fe1-2388-4c9c-bb9e-e7c6fdc658af,run1_rep2,G,CLOSED,CLOSED,request,PROVIDER,N/A,,3803.3520429999044,INFO,adaptador.request,true,exitoso,,,10369.291420815,10365.488068772,,,2026-09-05T00:21:12.494619Z
6a0fa84a-3cf1-44f8-9abc-fa5e7a54b474,run1_rep2,G,CLOSED,CLOSED,request,PROVIDER,N/A,,3854.0552519989433,INFO,adaptador.request,true,exitoso,,,10369.368771107,10365.514715855,,,2026-09-05T00:21:12.571934Z
555b7507-af44-4ad8-ae62-f8e3e740c80f,run1_rep2,G,CLOSED,CLOSED,request,PROVIDER,N/A,,3893.9740440000605,INFO,adaptador.request,true,exitoso,,,10369.445715482,10365.551741438,,,2026-09-05T00:21:12.648877Z
c1212034-40b9-43d2-a19c-eb0baaec2889,run1_rep2,G,CLOSED,CLOSED,request,PROVIDER,N/A,,3948.723584999243,INFO,adaptador.request,true,exitoso,,,10369.545412857,10365.596689272,,,2026-09-05T00:21:12.748569Z
76f01271-e95e-44e3-8343-0abc65a69eec,run1_rep2,G,CLOSED,CLOSED,request,PROVIDER,N/A,,3942.1449180008494,INFO,adaptador.request,true,exitoso,,,10369.643942565,10365.701797647,,,2026-09-05T00:21:12.847063Z
250377a2-0f0b-4b5e-afae-685e77125291,run1_rep2,G,CLOSED,CLOSED,request,PROVIDER,N/A,,3895.3447109997796,INFO,adaptador.request,true,exitoso,,,10369.706078774,10365.810734063,,,2026-09-05T00:21:12.909239Z
a98907cb-a98f-4105-ad85-9963a2ba7023,run1_rep2,G,CLOSED,CLOSED,request,PROVIDER,N/A,,3960.1382100008777,INFO,adaptador.request,true,exitoso,,,10369.78271019,10365.82257198,,,2026-09-05T00:21:12.985890Z
16a77f54-3546-4fd7-8dbb-a4d23b81850d,run1_rep2,G,CLOSED,CLOSED,request,PROVIDER,N/A,,3840.2727100001357,INFO,adaptador.request,true,exitoso,,,10369.837576357,10365.997303647,,,2026-09-05T00:21:13.040734Z
ce07a68c-8722-4682-968e-39d8f9e92036,run1_rep2,G,CLOSED,CLOSED,request,PROVIDER,N/A,,3819.165585000519,INFO,adaptador.request,true,exitoso,,,10369.941067399,10366.121901814,,,2026-09-05T00:21:13.144240Z
42828e7a-b13a-4912-9b88-43a634bb282b,run1_rep2,G,CLOSED,CLOSED,request,PROVIDER,N/A,,3828.6767929985217,INFO,adaptador.request,true,exitoso,,,10370.002790857,10366.174114064,,,2026-09-05T00:21:13.205930Z
8898d7bf-2f76-4f44-83c7-bb50934678f3,run1_rep2,G,CLOSED,CLOSED,request,PROVIDER,N/A,,3899.076960000457,INFO,adaptador.request,true,exitoso,,,10370.110337774,10366.211260814,,,2026-09-05T00:21:13.313467Z
9e1dc966-3bcf-4562-a6d3-44dfbc4e22b6,run1_rep2,G,CLOSED,CLOSED,request,PROVIDER,N/A,,3922.198127000229,INFO,adaptador.request,true,exitoso,,,10370.201772899,10366.279574772,,,2026-09-05T00:21:13.404952Z
683b6ba9-01ba-4dca-94b5-4279c351f823,run1_rep2,G,CLOSED,CLOSED,request,PROVIDER,N/A,,3955.4940429989074,INFO,adaptador.request,true,exitoso,,,10370.261998732,10366.306504689,,,2026-09-05T00:21:13.465270Z
ef857ca9-6183-46a1-8b18-2e8a30d56503,run1_rep2,G,CLOSED,CLOSED,request,PROVIDER,N/A,,4026.305084998967,INFO,adaptador.request,true,exitoso,,,10370.369390774,10366.343085689,,,2026-09-05T00:21:13.572557Z
3429bbbe-2517-414a-827d-629208f68b3a,run1_rep2,G,CLOSED,CLOSED,request,PROVIDER,N/A,,3856.466876999548,INFO,adaptador.request,true,exitoso,,,10370.474333482,10366.617866605,,,2026-09-05T00:21:13.677505Z
1680746a-2ab9-49db-8945-0c72cdf14c5f,run1_rep2,G,CLOSED,CLOSED,request,PROVIDER,N/A,,3917.002751999462,INFO,adaptador.request,true,exitoso,,,10370.571711691,10366.654708939,,,2026-09-05T00:21:13.774861Z
40cfbc50-39b5-463a-a040-aea1349a5297,run1_rep2,G,CLOSED,CLOSED,request,PROVIDER,N/A,,3946.7401270012488,INFO,adaptador.request,true,exitoso,,,10370.649809357,10366.70306923,,,2026-09-05T00:21:13.852999Z
d0eaeaa6-8931-4f90-9108-7cb58089c9e4,run1_rep2,G,CLOSED,CLOSED,request,PROVIDER,N/A,,3916.367084999365,INFO,adaptador.request,true,exitoso,,,10370.717367066,10366.800999981,,,2026-09-05T00:21:13.920547Z
a60902b2-d689-43ed-9557-c63e01d2a5a6,run1_rep2,G,CLOSED,CLOSED,request,PROVIDER,N/A,,3914.529585001219,INFO,adaptador.request,true,exitoso,,,10370.815518732,10366.900989147,,,2026-09-05T00:21:14.018682Z
78f436d8-2b1e-4416-af85-6ef6e6fba84d,run1_rep2,G,CLOSED,CLOSED,request,PROVIDER,N/A,,3977.0674179999332,INFO,adaptador.request,true,exitoso,,,10370.912058524,10366.934991106,,,2026-09-05T00:21:14.115204Z
efb41554-ea43-4486-8274-85dd82a01dd6,run1_rep2,G,CLOSED,CLOSED,request,PROVIDER,N/A,,3977.7367940005206,INFO,adaptador.request,true,exitoso,,,10370.994485816,10367.016749022,,,2026-09-05T00:21:14.197657Z
a039072a-63cf-4375-b0a0-c1bff380c583,run1_rep2,G,CLOSED,CLOSED,request,PROVIDER,N/A,,4007.6901270003873,INFO,adaptador.request,true,exitoso,,,10371.066959899,10367.059269772,,,2026-09-05T00:21:14.270161Z
0f849025-dc1c-4707-8258-940abbabb63b,run1_rep2,G,CLOSED,CLOSED,request,PROVIDER,N/A,,4024.7353359991394,INFO,adaptador.request,true,exitoso,,,10371.143343233,10367.118607897,,,2026-09-05T00:21:14.346528Z
5b31b903-bdff-4738-bd42-69c25a5bb626,run1_rep2,G,CLOSED,CLOSED,request,PROVIDER,N/A,,3865.090543999031,INFO,adaptador.request,true,exitoso,,,10371.207371191,10367.342280647,,,2026-09-05T00:21:14.410549Z
f53f980a-bc7d-45d0-a918-29441371675a,run1_rep2,G,CLOSED,CLOSED,request,PROVIDER,N/A,,3954.3782099990494,INFO,adaptador.request,true,exitoso,,,10371.309814649,10367.355436439,,,2026-09-05T00:21:14.512986Z
e7aa0710-fc54-48fe-86da-2a75538cda68,run1_rep2,G,CLOSED,CLOSED,request,PROVIDER,N/A,,4028.664336001384,INFO,adaptador.request,true,exitoso,,,10371.400191983,10367.371527647,,,2026-09-05T00:21:14.603374Z
b897cc6e-28d3-4498-ba42-c662b81f7516,run1_rep2,G,CLOSED,CLOSED,request,PROVIDER,N/A,,4048.05671000031,INFO,adaptador.request,true,exitoso,,,10371.482801774,10367.434745064,,,2026-09-05T00:21:14.685977Z
b6175ab9-a6c9-4e5f-96a8-4e3e527089e6,run1_rep2,G,CLOSED,CLOSED,request,PROVIDER,N/A,,4016.2710020013037,INFO,adaptador.request,true,exitoso,,,10371.556981608,10367.540710606,,,2026-09-05T00:21:14.760156Z
ca81752b-2570-42f6-8dd6-e0636a900f88,run1_rep2,G,CLOSED,CLOSED,request,PROVIDER,N/A,,4074.640876999183,INFO,adaptador.request,true,exitoso,,,10371.648714025,10367.574073148,,,2026-09-05T00:21:14.851893Z
3d26f3f9-7947-4095-b666-3bd09e8dfae1,run1_rep2,G,CLOSED,CLOSED,request,PROVIDER,N/A,,4090.23421099846,INFO,adaptador.request,true,exitoso,,,10371.739476275,10367.649242064,,,2026-09-05T00:21:14.942634Z
746e04c6-fd49-4ae6-b243-171e8a79c85d,run1_rep2,G,CLOSED,CLOSED,request,PROVIDER,N/A,,4018.714376999924,INFO,adaptador.request,true,exitoso,,,10371.804295275,10367.785580898,,,2026-09-05T00:21:15.007520Z
50fa646f-e41e-49b3-999b-52518d14a1bb,run1_rep2,G,CLOSED,CLOSED,request,PROVIDER,N/A,,3905.877834999046,INFO,adaptador.request,true,exitoso,,,10371.904851066,10367.998973231,,,2026-09-05T00:21:15.108022Z
371ea552-d5eb-48e6-9579-86742e254dbb,run1_rep2,G,CLOSED,CLOSED,request,PROVIDER,N/A,,3875.988667999991,INFO,adaptador.request,true,exitoso,,,10371.982182441,10368.106193773,,,2026-09-05T00:21:15.185351Z
6506c020-4b03-47ce-a86e-399649d94cbd,run1_rep2,G,CLOSED,CLOSED,request,PROVIDER,N/A,,3967.01537700028,INFO,adaptador.request,true,exitoso,,,10372.07979215,10368.112776773,,,2026-09-05T00:21:15.282926Z
d2702668-e57c-4036-ae5f-c23654c3046b,run1_rep2,G,CLOSED,CLOSED,request,PROVIDER,N/A,,4040.5525019996276,INFO,adaptador.request,true,exitoso,,,10372.155643066,10368.115090564,,,2026-09-05T00:21:15.358744Z
10fcdd77-0ea2-48b2-b5d3-384fcff4a6c0,run1_rep2,G,CLOSED,CLOSED,request,PROVIDER,N/A,,3918.4444599995913,INFO,adaptador.request,true,exitoso,,,10372.2352699,10368.31682544,,,2026-09-05T00:21:15.438392Z
2fa3c423-1dcc-428c-acff-b2905faa57ff,run1_rep2,G,CLOSED,CLOSED,request,PROVIDER,N/A,,3914.8155850016337,INFO,adaptador.request,true,exitoso,,,10372.299800066,10368.384984481,,,2026-09-05T00:21:15.502963Z
635184c3-9e55-4257-9e95-29e6d607c100,run1_rep2,G,CLOSED,CLOSED,request,PROVIDER,N/A,,3976.2935019989527,INFO,adaptador.request,true,exitoso,,,10372.362742525,10368.386449023,,,2026-09-05T00:21:15.565936Z
963935a5-6134-45a6-b774-861245ae4c30,run1_rep2,G,CLOSED,CLOSED,request,PROVIDER,N/A,,3839.2180020000524,INFO,adaptador.request,true,exitoso,,,10372.44758215,10368.608364148,,,2026-09-05T00:21:15.650781Z
dd4893bc-6ee6-428b-8c00-4181d50aa7c2,run1_rep2,G,CLOSED,CLOSED,request,PROVIDER,N/A,,3927.8605859999516,INFO,adaptador.request,true,exitoso,,,10372.536802817,10368.608942231,,,2026-09-05T00:21:15.739982Z
ca8f13cd-ad10-48c3-b3bd-1461b7a45d2f,run1_rep2,G,CLOSED,CLOSED,request,PROVIDER,N/A,,3861.5445439991163,INFO,adaptador.request,true,exitoso,,,10372.595326067,10368.733781523,,,2026-09-05T00:21:15.798490Z
f35dc9ad-e76e-4662-ac3f-d6b526938e2d,run1_rep2,G,CLOSED,CLOSED,request,PROVIDER,N/A,,3889.3104609996954,INFO,adaptador.request,true,exitoso,,,10372.682943442,10368.793632981,,,2026-09-05T00:21:15.886263Z
62115113-f5fe-4554-ace6-a2779c31d27a,run1_rep2,G,CLOSED,CLOSED,request,PROVIDER,N/A,,3981.6078359999665,INFO,adaptador.request,true,exitoso,,,10372.777360692,10368.795752856,,,2026-09-05T00:21:15.980539Z
f1a7414c-e3dd-48a0-9c78-66a66cb677a9,run1_rep2,G,CLOSED,CLOSED,request,PROVIDER,N/A,,3924.4280849998177,INFO,adaptador.request,true,exitoso,,,10372.869287358,10368.944859273,,,2026-09-05T00:21:16.072471Z
97b1c38f-22c6-48c0-85b3-e84665dcf518,run1_rep2,G,CLOSED,CLOSED,request,PROVIDER,N/A,,3799.593334999372,INFO,adaptador.request,true,exitoso,,,10372.959661817,10369.160068482,,,2026-09-05T00:21:16.162819Z
27ddc59e-ac68-48fc-9f30-2bec1d52066c,run1_rep2,G,CLOSED,CLOSED,request,PROVIDER,N/A,,3855.020669001533,INFO,adaptador.request,true,exitoso,,,10373.025173067,10369.170152398,,,2026-09-05T00:21:16.228327Z
0016e0ed-d4c2-4fc2-8921-3cb504593389,run1_rep2,G,CLOSED,CLOSED,request,PROVIDER,N/A,,3724.318585000219,INFO,adaptador.request,true,exitoso,,,10373.096866567,10369.372547982,,,2026-09-05T00:21:16.300039Z
f369c27b-1e67-4b6c-ab68-0c380845a0f6,run1_rep2,G,CLOSED,CLOSED,request,PROVIDER,N/A,,3696.994252000877,INFO,adaptador.request,true,exitoso,,,10373.183068775,10369.486074523,,,2026-09-05T00:21:16.386284Z
7aac344c-3172-4667-aafd-88b2e78ff279,run1_rep2,G,CLOSED,CLOSED,request,PROVIDER,N/A,,3757.1377100011887,INFO,adaptador.request,true,exitoso,,,10373.291234775,10369.534097065,,,2026-09-05T00:21:16.494417Z
cfcf7b6a-74c0-4d63-aaee-12b5c77642a9,run1_rep2,G,CLOSED,CLOSED,request,PROVIDER,N/A,,3666.4990019999095,INFO,adaptador.request,true,exitoso,,,10373.366923567,10369.700424565,,,2026-09-05T00:21:16.570103Z
a9c6c09e-ecb4-4dbf-8b71-5c18d413c2d0,run1_rep2,G,CLOSED,CLOSED,request,PROVIDER,N/A,,3672.467334999965,INFO,adaptador.request,true,exitoso,,,10373.4346264,10369.762159065,,,2026-09-05T00:21:16.637792Z
39fdbd53-79cd-4a88-a27f-760fbc504404,run1_rep2,G,CLOSED,CLOSED,request,PROVIDER,N/A,,3687.7507509998395,INFO,adaptador.request,true,exitoso,,,10373.521146775,10369.833396024,,,2026-09-05T00:21:16.724335Z
e90ee998-fe02-4127-bb46-cf4e0457cfda,run1_rep2,G,CLOSED,CLOSED,request,PROVIDER,N/A,,3791.5011269997194,INFO,adaptador.request,true,exitoso,,,10373.625825067,10369.83432394,,,2026-09-05T00:21:16.828984Z
4e017b66-f97d-4f33-8bb8-5b26865b72f9,run1_rep2,G,CLOSED,CLOSED,request,PROVIDER,N/A,,3780.73521099941,INFO,adaptador.request,true,exitoso,,,10373.713030026,10369.932294815,,,2026-09-05T00:21:16.916264Z
e438f9c2-4ad0-4aca-b660-925c79a65f9b,run1_rep2,G,CLOSED,CLOSED,request,PROVIDER,N/A,,3822.0504179989803,INFO,adaptador.request,true,exitoso,,,10373.811406817,10369.989356399,,,2026-09-05T00:21:17.014564Z
149074ef-e03e-41fb-91af-d67949ab0663,run1_rep2,G,CLOSED,CLOSED,request,PROVIDER,N/A,,3817.584251999506,INFO,adaptador.request,true,exitoso,,,10373.887731234,10370.070146982,,,2026-09-05T00:21:17.090903Z
b29426bf-9834-4cc0-a996-245b0aad1a13,run1_rep2,G,CLOSED,CLOSED,request,PROVIDER,N/A,,3839.753792999545,INFO,adaptador.request,true,exitoso,,,10373.962576942,10370.122823149,,,2026-09-05T00:21:17.165800Z
c1360231-e4ad-4974-a1e2-2e4bac37acb1,run1_rep2,G,CLOSED,CLOSED,request,PROVIDER,N/A,,3769.873085000654,INFO,adaptador.request,true,exitoso,,,10374.020985401,10370.251112316,,,2026-09-05T00:21:17.224177Z
46e00974-f2e4-4ee1-a17d-020c41e8bf93,run1_rep2,G,CLOSED,CLOSED,request,PROVIDER,N/A,,3776.118501999008,INFO,adaptador.request,true,exitoso,,,10374.116942026,10370.340823524,,,2026-09-05T00:21:17.320095Z
67618157-8962-4122-9079-9e1e6a69619d,run1_rep2,G,CLOSED,CLOSED,request,PROVIDER,N/A,,3808.74541799858,INFO,adaptador.request,true,exitoso,,,10374.203379734,10370.394634316,,,2026-09-05T00:21:17.406538Z
aa6586ed-e4b6-4663-a4de-8db4f2d30090,run1_rep2,G,CLOSED,CLOSED,request,PROVIDER,N/A,,3858.6659600005078,INFO,adaptador.request,true,exitoso,,,10374.288058026,10370.429392066,,,2026-09-05T00:21:17.491224Z
2cdb739f-fe63-4676-8ee4-aa0f5a0aba66,run1_rep2,G,CLOSED,CLOSED,request,PROVIDER,N/A,,3817.5215009996464,INFO,adaptador.request,true,exitoso,,,10374.349506817,10370.531985316,,,2026-09-05T00:21:17.552693Z
a4da3887-569e-4743-8a14-5add872d9fdf,run1_rep2,G,CLOSED,CLOSED,request,PROVIDER,N/A,,3887.524502000815,INFO,adaptador.request,true,exitoso,,,10374.429133734,10370.541609232,,,2026-09-05T00:21:17.632331Z
f30c9657-833a-4bf3-af34-964bdcb7419c,run1_rep2,G,CLOSED,CLOSED,request,PROVIDER,N/A,,3825.5513350013644,INFO,adaptador.request,true,exitoso,,,10374.514313776,10370.688762441,,,2026-09-05T00:21:17.717500Z
fcc77af6-ffa4-4e29-a100-26d9d7c53815,run1_rep2,G,CLOSED,CLOSED,request,PROVIDER,N/A,,3790.94708500088,INFO,adaptador.request,true,exitoso,,,10374.607739151,10370.816792066,,,2026-09-05T00:21:17.810920Z
ff216a1d-1c5a-4e7a-be45-efb613d09ce6,run1_rep2,G,CLOSED,CLOSED,request,PROVIDER,N/A,,3764.065252000364,INFO,adaptador.request,true,exitoso,,,10374.672544734,10370.908479482,,,2026-09-05T00:21:17.875730Z
d095d996-7706-47e9-9a48-e61cd363b66c,run1_rep2,G,CLOSED,CLOSED,request,PROVIDER,N/A,,3693.8842509989627,INFO,adaptador.request,true,exitoso,,,10374.774641359,10371.080757108,,,2026-09-05T00:21:17.977804Z
a7b43cfa-c964-4c44-ab2f-d821c475e37f,run1_rep2,G,CLOSED,CLOSED,request,PROVIDER,N/A,,3748.1651680009236,INFO,adaptador.request,true,exitoso,,,10374.858977526,10371.110812358,,,2026-09-05T00:21:18.062184Z
34902936-c684-4fe2-b974-562793501424,run1_rep2,G,CLOSED,CLOSED,request,PROVIDER,N/A,,3677.8930430009495,INFO,adaptador.request,true,exitoso,,,10374.934797234,10371.256904191,,,2026-09-05T00:21:18.137982Z
9e3ce389-1e8f-40e9-b893-c0b86412f42f,run1_rep2,G,CLOSED,CLOSED,request,PROVIDER,N/A,,3677.868667999064,INFO,adaptador.request,true,exitoso,,,10374.995727651,10371.317858983,,,2026-09-05T00:21:18.198914Z
e47b3ba2-ee69-4932-b179-2628a708d3d8,run1_rep2,G,CLOSED,CLOSED,request,PROVIDER,N/A,,3781.37158500067,INFO,adaptador.request,true,exitoso,,,10375.100759151,10371.319387566,,,2026-09-05T00:21:18.303918Z
ca788691-97ea-4539-893f-61120b1860df,run1_rep2,G,CLOSED,CLOSED,request,PROVIDER,N/A,,3848.491044000184,INFO,adaptador.request,true,exitoso,,,10375.199627443,10371.351136399,,,2026-09-05T00:21:18.402806Z
d1b5026e-7152-481e-88ed-2e27bed8a07e,run1_rep2,G,CLOSED,CLOSED,request,PROVIDER,N/A,,3782.5017940012913,INFO,adaptador.request,true,exitoso,,,10375.306456693,10371.523954899,,,2026-09-05T00:21:18.509649Z
25a412d8-dec3-47d1-8cfe-5a1868026b06,run1_rep2,G,CLOSED,CLOSED,request,PROVIDER,N/A,,3773.0574179986434,INFO,adaptador.request,true,exitoso,,,10375.395832776,10371.622775358,,,2026-09-05T00:21:18.599024Z
6b37ef5d-00aa-43c0-8b86-2d5234ef1edc,run1_rep2,G,CLOSED,CLOSED,request,PROVIDER,N/A,,3792.0795019999787,INFO,adaptador.request,true,exitoso,,,10375.487671735,10371.695592233,,,2026-09-05T00:21:18.690862Z
8e534ea8-cb8f-4780-8d7c-3c4f4cbece24,run1_rep2,G,CLOSED,CLOSED,request,PROVIDER,N/A,,3876.7957929994736,INFO,adaptador.request,true,exitoso,,,10375.584583693,10371.7077879,,,2026-09-05T00:21:18.787748Z
9ab6277f-92ac-422e-8085-d3b841d35bd1,run1_rep2,G,CLOSED,CLOSED,request,PROVIDER,N/A,,3954.8436269997183,INFO,adaptador.request,true,exitoso,,,10375.678768193,10371.723924566,,,2026-09-05T00:21:18.881956Z
4b109ca4-e37c-4787-aed3-bf4e95170715,run1_rep2,G,CLOSED,CLOSED,request,PROVIDER,N/A,,3924.1308769996976,INFO,adaptador.request,true,exitoso,,,10375.781436318,10371.857305441,,,2026-09-05T00:21:18.984613Z
6e9a7db9-fedc-4553-811f-f26799a1be5d,run1_rep2,G,CLOSED,CLOSED,request,PROVIDER,N/A,,3829.815711000265,INFO,adaptador.request,true,exitoso,,,10375.880340902,10372.050525191,,,2026-09-05T00:21:19.083508Z
8b77e86d-7555-4836-97d5-443875d10d93,run1_rep2,G,CLOSED,CLOSED,request,PROVIDER,N/A,,3858.0390440001793,INFO,adaptador.request,true,exitoso,,,10375.936773485,10372.078734441,,,2026-09-05T00:21:19.139941Z
6d5234f6-c452-455a-8e2f-9b8321dcdf3d,run1_rep2,G,CLOSED,CLOSED,request,PROVIDER,N/A,,3935.9438350002165,INFO,adaptador.request,true,exitoso,,,10376.021153318,10372.085209483,,,2026-09-05T00:21:19.224330Z
402f0e1e-c537-4f5b-8096-3f5c8aceb98e,run1_rep2,G,CLOSED,CLOSED,request,PROVIDER,N/A,,3982.293461000154,INFO,adaptador.request,true,exitoso,,,10376.088748027,10372.106454566,,,2026-09-05T00:21:19.291915Z
316de317-b693-401e-a824-cbe59419a831,run1_rep2,G,CLOSED,CLOSED,request,PROVIDER,N/A,,3968.05200199924,INFO,adaptador.request,true,exitoso,,,10376.166937985,10372.198885983,,,2026-09-05T00:21:19.370147Z
ae949104-0e3d-43d9-8a32-cd9bb1bef6e6,run1_rep2,G,CLOSED,CLOSED,request,PROVIDER,N/A,,3843.936543000382,INFO,adaptador.request,true,exitoso,,,10376.23332311,10372.389386567,,,2026-09-05T00:21:19.436533Z
b6c92e28-9920-450b-a4fd-a506c63dee94,run1_rep2,G,CLOSED,CLOSED,request,PROVIDER,N/A,,3881.9126680009504,INFO,adaptador.request,true,exitoso,,,10376.33103511,10372.449122442,,,2026-09-05T00:21:19.534221Z
583312be-d34c-435e-bdfa-82feab8c99d2,run1_rep2,G,CLOSED,CLOSED,request,PROVIDER,N/A,,3912.7398769996944,INFO,adaptador.request,true,exitoso,,,10376.429431027,10372.51669115,,,2026-09-05T00:21:19.632587Z
72767676-30f3-4672-8990-f8cc324344cb,run1_rep2,G,CLOSED,CLOSED,request,PROVIDER,N/A,,3972.8468769990286,INFO,adaptador.request,true,exitoso,,,10376.534251152,10372.561404275,,,2026-09-05T00:21:19.737445Z
bf3b694b-a7be-4b02-adb6-746ef9213d52,run1_rep2,G,CLOSED,CLOSED,request,PROVIDER,N/A,,3867.189002001396,INFO,adaptador.request,true,exitoso,,,10376.637920319,10372.770731317,,,2026-09-05T00:21:19.841088Z
947ff4da-4d5b-4ed5-8b10-33ad3fa047c8,run1_rep2,G,CLOSED,CLOSED,request,PROVIDER,N/A,,3922.2731689987995,INFO,adaptador.request,true,exitoso,,,10376.710082069,10372.7878089,,,2026-09-05T00:21:19.913267Z
5a0a66aa-bfd9-41a2-a6f6-553358ce6b01,run1_rep2,G,CLOSED,CLOSED,request,PROVIDER,N/A,,3935.6946690004406,INFO,adaptador.request,true,exitoso,,,10376.781732527,10372.846037858,,,2026-09-05T00:21:19.984891Z
589bf362-a25b-4618-9cf5-9f79b7f9afd7,run1_rep2,G,CLOSED,CLOSED,request,PROVIDER,N/A,,3981.6219190015545,INFO,adaptador.request,true,exitoso,,,10376.853455902,10372.871833983,,,2026-09-05T00:21:20.056630Z
7fb5acc7-a329-47d5-8c1d-3d4dac0ef9a3,run1_rep2,G,CLOSED,CLOSED,request,PROVIDER,N/A,,4031.8202519993065,INFO,adaptador.request,true,exitoso,,,10376.945696402,10372.91387615,,,2026-09-05T00:21:20.148861Z
086d4684-228a-4895-bcdf-435f76f0cef7,run1_rep2,G,CLOSED,CLOSED,request,PROVIDER,N/A,,3998.934750999979,INFO,adaptador.request,true,exitoso,,,10377.030076985,10373.031142234,,,2026-09-05T00:21:20.233717Z
1100ed5d-c739-41e8-a8ce-4a8c0552968d,run1_rep2,G,CLOSED,CLOSED,request,PROVIDER,N/A,,3944.797292999283,INFO,adaptador.request,true,exitoso,,,10377.088502985,10373.143705692,,,2026-09-05T00:21:20.291653Z
1cdd4a91-268f-4f0e-9d7f-4dac5deecedd,run1_rep2,G,CLOSED,CLOSED,request,PROVIDER,N/A,,3966.8455020000692,INFO,adaptador.request,true,exitoso,,,10377.154548902,10373.1877034,,,2026-09-05T00:21:20.357713Z
1de41bd9-e4ee-4e3a-996a-a40bb7ea6fc5,run1_rep2,G,CLOSED,CLOSED,request,PROVIDER,N/A,,3909.9204600006487,INFO,adaptador.request,true,exitoso,,,10377.231830027,10373.321909567,,,2026-09-05T00:21:20.434991Z
2235a738-9ecf-4dee-9d56-3bf2be1a7d17,run1_rep2,G,CLOSED,CLOSED,request,PROVIDER,N/A,,3985.4955859991605,INFO,adaptador.request,true,exitoso,,,10377.329337861,10373.343842275,,,2026-09-05T00:21:20.532510Z
6cbdd1db-990b-47e3-be51-69dd7c8cbfd6,run1_rep2,G,CLOSED,CLOSED,request,PROVIDER,N/A,,3980.252752000524,INFO,adaptador.request,true,exitoso,,,10377.421988611,10373.441735859,,,2026-09-05T00:21:20.625206Z
6f317ae3-658b-447f-9967-ea54e96f2451,run1_rep2,G,CLOSED,CLOSED,request,PROVIDER,N/A,,3985.6572519984184,INFO,adaptador.request,true,exitoso,,,10377.517771111,10373.532113859,,,2026-09-05T00:21:20.720944Z
f8313447-4476-4a53-962f-be9c39baf094,run1_rep2,G,CLOSED,CLOSED,request,PROVIDER,N/A,,3878.9037099995767,INFO,adaptador.request,true,exitoso,,,10377.596466027,10373.717562317,,,2026-09-05T00:21:20.799653Z
2590651c-5bbe-4946-83ba-b2745a77c9b4,run1_rep2,G,CLOSED,CLOSED,request,PROVIDER,N/A,,3869.9434179998207,INFO,adaptador.request,true,exitoso,,,10377.678971902,10373.809028484,,,2026-09-05T00:21:20.882409Z
b4fa7ba3-f5bb-452a-a506-2a3e4b78c9c7,run1_rep2,G,CLOSED,CLOSED,request,PROVIDER,N/A,,3962.9135850009334,INFO,adaptador.request,true,exitoso,,,10377.780175402,10373.817261817,,,2026-09-05T00:21:20.983353Z
e9187431-bdc0-44be-9a80-52cf9e781e24,run1_rep2,G,CLOSED,CLOSED,request,PROVIDER,N/A,,3967.1078350002063,INFO,adaptador.request,true,exitoso,,,10377.865426611,10373.898318776,,,2026-09-05T00:21:21.068616Z
7bdcab05-73e4-4f47-b3d8-f3070f69f28e,run1_rep2,G,CLOSED,CLOSED,request,PROVIDER,N/A,,3991.951126999993,INFO,adaptador.request,true,exitoso,,,10377.948750278,10373.956799151,,,2026-09-05T00:21:21.151844Z
8a0df842-2807-4b64-b808-211e064b3020,run1_rep2,G,CLOSED,CLOSED,request,PROVIDER,N/A,,3883.8387100004184,INFO,adaptador.request,true,exitoso,,,10378.016597861,10374.132759151,,,2026-09-05T00:21:21.219700Z
6ca07795-64b4-45da-8485-0c20db33a597,run1_rep2,G,CLOSED,CLOSED,request,PROVIDER,N/A,,3834.564961000069,INFO,adaptador.request,true,exitoso,,,10378.078721028,10374.244156067,,,2026-09-05T00:21:21.281826Z
24fca03f-0e37-40ee-afff-1bb04f0c3ece,run1_rep2,G,CLOSED,CLOSED,request,PROVIDER,N/A,,3916.750960999707,INFO,adaptador.request,true,exitoso,,,10378.180205778,10374.263454817,,,2026-09-05T00:21:21.383359Z
a0e44c33-2c42-4ce5-9c6e-0b57f5d26d24,run1_rep2,G,CLOSED,CLOSED,request,PROVIDER,N/A,,3881.5353350000805,INFO,adaptador.request,true,exitoso,,,10378.241244819,10374.359709484,,,2026-09-05T00:21:21.444425Z
709b3329-d274-4ad5-bbb7-ed3d61fe03a1,run1_rep2,G,CLOSED,CLOSED,request,PROVIDER,N/A,,3910.05266799948,INFO,adaptador.request,true,exitoso,,,10378.325534736,10374.415482068,,,2026-09-05T00:21:21.528716Z
ee5b0234-5461-4e97-93b0-927824666a89,run1_rep2,G,CLOSED,CLOSED,request,PROVIDER,N/A,,3817.719626998951,INFO,adaptador.request,true,exitoso,,,10378.433078736,10374.615359109,,,2026-09-05T00:21:21.636300Z
0ce59e32-db52-4695-9b02-fdacff86cd95,run1_rep2,G,CLOSED,CLOSED,request,PROVIDER,N/A,,3921.320668001499,INFO,adaptador.request,true,exitoso,,,10378.541846194,10374.620525526,,,2026-09-05T00:21:21.745038Z
e13c6134-757b-4cb2-a8b1-658ad14ffa69,run1_rep2,G,CLOSED,CLOSED,request,PROVIDER,N/A,,3961.310044000129,INFO,adaptador.request,true,exitoso,,,10378.644108903,10374.682798859,,,2026-09-05T00:21:21.847314Z
840bcb0a-342f-430f-8e72-144496a84a10,run1_rep2,G,CLOSED,CLOSED,request,PROVIDER,N/A,,3938.595126999644,INFO,adaptador.request,true,exitoso,,,10378.704707945,10374.766112818,,,2026-09-05T00:21:21.907881Z
519afe7a-a3d1-4530-91e2-99c97e824eec,run1_rep2,G,CLOSED,CLOSED,request,PROVIDER,N/A,,3928.863042998273,INFO,adaptador.request,true,exitoso,,,10378.779350361,10374.850487318,,,2026-09-05T00:21:21.982568Z
e9714427-5df8-4ac3-9981-0182c14f3015,run1_rep2,G,CLOSED,CLOSED,request,PROVIDER,N/A,,3826.571835001232,INFO,adaptador.request,true,exitoso,,,10378.835892486,10375.009320651,,,2026-09-05T00:21:22.039091Z
a9e332a8-63bb-40cd-869b-f155d8c1d41d,run1_rep2,G,CLOSED,CLOSED,request,PROVIDER,N/A,,3899.850210000295,INFO,adaptador.request,true,exitoso,,,10378.923850028,10375.023999818,,,2026-09-05T00:21:22.128282Z
c7fb8811-1be7-4272-9625-f56e82fcd04b,run1_rep2,G,CLOSED,CLOSED,request,PROVIDER,N/A,,3987.890710999636,INFO,adaptador.request,true,exitoso,,,10379.014503195,10375.026612484,,,2026-09-05T00:21:22.217685Z
879e6ab0-6b7a-439a-84d0-4297c416666a,run1_rep2,G,CLOSED,CLOSED,request,PROVIDER,N/A,,3945.0895019999734,INFO,adaptador.request,true,exitoso,,,10379.08420582,10375.139116318,,,2026-09-05T00:21:22.287411Z
b00e1836-5cee-456f-9353-715caf7e614c,run1_rep2,G,CLOSED,CLOSED,request,PROVIDER,N/A,,3940.533293000044,INFO,adaptador.request,true,exitoso,,,10379.172130611,10375.231597318,,,2026-09-05T00:21:22.375295Z
2cb3ba12-ab17-4fd5-8bf6-cf5c788a8385,run1_rep2,G,CLOSED,CLOSED,request,PROVIDER,N/A,,3933.5790010009077,INFO,adaptador.request,true,exitoso,,,10379.253925986,10375.320346985,,,2026-09-05T00:21:22.457095Z
f3424080-34a3-4d00-a142-50c30ce9796a,run1_rep2,G,CLOSED,CLOSED,request,PROVIDER,N/A,,3839.5008770003187,INFO,adaptador.request,true,exitoso,,,10379.353215153,10375.513714276,,,2026-09-05T00:21:22.556375Z
9ba5b281-2581-47c6-bdc9-0d66019563d2,run1_rep2,G,CLOSED,CLOSED,request,PROVIDER,N/A,,3816.5075430006254,INFO,adaptador.request,true,exitoso,,,10379.434337028,10375.617829485,,,2026-09-05T00:21:22.637530Z
e7a00c2b-2efd-4174-be34-b5ff9cea087f,run1_rep2,G,CLOSED,CLOSED,request,PROVIDER,N/A,,3825.3388769990124,INFO,adaptador.request,true,exitoso,,,10379.542617362,10375.717278485,,,2026-09-05T00:21:22.745808Z
5667cc83-6b18-458e-8cd5-ffabd39ab89d,run1_rep2,G,CLOSED,CLOSED,request,PROVIDER,N/A,,3891.1146690006717,INFO,adaptador.request,true,exitoso,,,10379.616373237,10375.725258568,,,2026-09-05T00:21:22.819586Z
f67e3a93-7b45-4cba-902b-1bff5ff8ff3f,run1_rep2,G,CLOSED,CLOSED,request,PROVIDER,N/A,,3904.0910439998697,INFO,adaptador.request,true,exitoso,,,10379.691411487,10375.787320443,,,2026-09-05T00:21:22.894640Z
84937f8a-ab36-4fae-9bbe-69cf4c974c8e,run1_rep2,G,CLOSED,CLOSED,request,PROVIDER,N/A,,3974.7439610000583,INFO,adaptador.request,true,exitoso,,,10379.762525862,10375.787781901,,,2026-09-05T00:21:22.965746Z
39ebc0f4-0468-4738-b060-d7d30adb695e,run1_rep2,G,CLOSED,CLOSED,request,PROVIDER,N/A,,3954.6031689988013,INFO,adaptador.request,true,exitoso,,,10379.866544112,10375.911940943,,,2026-09-05T00:21:23.069711Z
90c910b7-0359-454b-b4f6-f76cc1baa118,run1_rep2,G,CLOSED,CLOSED,request,PROVIDER,N/A,,4017.1107099995425,INFO,adaptador.request,true,exitoso,,,10379.941621278,10375.924510568,,,2026-09-05T00:21:23.144812Z
78ed4ecf-2f99-4346-886e-c4fa1e7cb840,run1_rep2,G,CLOSED,CLOSED,request,PROVIDER,N/A,,3939.642294000805,INFO,adaptador.request,true,exitoso,,,10380.030574487,10376.090932193,,,2026-09-05T00:21:23.233687Z
90b65b53-4b02-45b1-9308-2272fd54a6d0,run1_rep2,G,CLOSED,CLOSED,request,PROVIDER,N/A,,3892.7962939997087,INFO,adaptador.request,true,exitoso,,,10380.129087154,10376.23629086,,,2026-09-05T00:21:23.332212Z
2767c7ba-7138-42ab-b86a-5e56c87cd34a,run1_rep2,G,CLOSED,CLOSED,request,PROVIDER,N/A,,3938.354668998727,INFO,adaptador.request,true,exitoso,,,10380.202732487,10376.264377818,,,2026-09-05T00:21:23.405899Z
34bd8b7d-a648-4b7a-b04e-a87dd479dce9,run1_rep2,G,CLOSED,CLOSED,request,PROVIDER,N/A,,3886.413251999329,INFO,adaptador.request,true,exitoso,,,10380.283926404,10376.397513152,,,2026-09-05T00:21:23.487116Z
ad4385bf-90e9-45f0-b9c9-0c431a18ecee,run1_rep2,G,CLOSED,CLOSED,request,PROVIDER,N/A,,3859.8390849983844,INFO,adaptador.request,true,exitoso,,,10380.358065112,10376.498226027,,,2026-09-05T00:21:23.561407Z
3b7494c8-e442-4b0c-b4b3-77d595d0a81a,run1_rep2,G,CLOSED,CLOSED,request,PROVIDER,N/A,,3861.0319180006627,INFO,adaptador.request,true,exitoso,,,10380.422557362,10376.561525444,,,2026-09-05T00:21:23.625734Z
3f7f33d5-1cee-4181-a115-db5d2caac559,run1_rep2,G,CLOSED,CLOSED,request,PROVIDER,N/A,,3920.494377000068,INFO,adaptador.request,true,exitoso,,,10380.515317362,10376.594822985,,,2026-09-05T00:21:23.718507Z
de332293-104d-4d66-b8fd-b5e53a30ef0f,run1_rep2,G,CLOSED,CLOSED,request,PROVIDER,N/A,,3948.8665019998734,INFO,adaptador.request,true,exitoso,,,10380.584018112,10376.63515161,,,2026-09-05T00:21:23.787289Z
dd798820-1e60-4347-a102-d02a65a3e014,run1_rep2,G,CLOSED,CLOSED,request,PROVIDER,N/A,,3862.5415440001234,INFO,adaptador.request,true,exitoso,,,10380.645630779,10376.783089235,,,2026-09-05T00:21:23.848820Z
002c605a-f2fa-45ab-8a42-41c045f76ba7,run1_rep2,G,CLOSED,CLOSED,request,PROVIDER,N/A,,3717.5335849988187,INFO,adaptador.request,true,exitoso,,,10380.750057987,10377.032524402,,,2026-09-05T00:21:23.953306Z
7c039018-9d1a-4f26-8d6e-3d2da33a015b,run1_rep2,G,CLOSED,CLOSED,request,PROVIDER,N/A,,3766.950293998889,INFO,adaptador.request,true,exitoso,,,10380.855287071,10377.088336777,,,2026-09-05T00:21:24.058454Z
